CompanyId,Guid,Name,Description
24,131ab332-3629-4dd9-bc8e-625108a40903,Film Tonic,null
26,7bd7efcc-da3c-444c-bcc5-682eee8daaca,Walt Disney Productions,null
30,b15ffbfc-e515-4d44-867a-d6255813ff9c,Soyuzmultfilm,null
31,318fcd0c-27b8-4cb8-a4d0-be1be82829eb,Bakshi Productions,null
32,88f6ae7e-222b-4593-9608-4dba38538c82,Bandai Visual Company,null
33,bc4063df-8534-417a-a043-9ef7af7211e0,Bevanfield Films,null
34,24bdeb00-f639-478c-ac29-90bfd2fcb824,Blessed Elysium,null
35,b4dd7375-2c48-4035-92f3-7984328b14ec,Cartwn Cymru,null
36,1e31522e-e888-4cdd-a736-b8bb7bd33caf,Ceskoslovenský Státní Film,null
37,54501741-f87c-4ea3-a326-ac4a11c066cc,Col.Ima.Son,null
38,4a1a7dd7-a9ec-40e8-a287-df86a23f4476,Films A2,null
39,bf3141d6-bbc4-4d09-818f-b379c4c58d82,Columbia,null
40,a27443fb-e339-4fdd-985d-cea5e8293574,Screen Gems,null
41,9e205b42-abc3-4578-ac0a-969257fec358,Daewoo Entertainment,null
42,da4e9d67-6652-4a9a-bca3-8269e721138f,Dreamworks,null
43,7e30cf9d-f11f-441a-bfc6-8c9fbc572486,Filmové Studio Gottwaldov,null
44,fbf5b850-ec58-4c75-848d-036036ec276b,Golden Films,null
45,d4fcf17a-11b0-4f82-ad54-8084a9e6b96c,Korty Films,null
46,7b36e118-1535-460d-8946-b18d907b545a,Lucasfilm,null
47,3d9c0eb4-41ae-438b-bf92-32de86b03ecf,Lionsgate,null
48,e6ab2dec-f394-4374-a58b-555ad11b2ade,Longreturn,null
49,645caa6b-0c02-45d3-9a2e-334562c27d4e,Solaris,null
50,8baee881-d23c-4899-be1a-ac5754c4d8de,Roissy Films,null
51,5cc4d104-ffbf-451f-b75d-f670d608ff28,Prima,null
52,ad6c4127-246d-4446-961f-7d861848ce33,Teva,null
53,95ee588f-9466-42d1-b387-5ab2522210d5,Gam Films,null
54,c0fdfab6-dcc5-4016-9177-55b0eedc95cd,Toei Animation,null
55,773875df-e2ac-4a67-a444-a8b1af86dec8,United Productions of America,null
56,9c876573-7897-4794-b7b5-4ba2c644e832,Walt Disney Animation Canada,null
57,7c999646-3870-4bc4-bc61-ffd6c382095e,Yerevan Film Studio,null
58,c68c0783-19bc-4596-9df5-a5d0ec54fd4b,Red Czarina Productions,null
59,497b5c5e-4ebb-4f2c-96f9-c5a5ab95622a,"Koshka Productions ",null
60,7bb760a7-dca8-43f3-8ba9-e1f0ec1fb895,Samuel Goldwyn Company,null
61,d81ae5a9-8be4-4713-8e18-bdf48492ed48,Klas Film,null
62,45f25378-da1b-442c-868b-d7556460aee2,Hallmark Entertainment,null
63,71b2a26c-27fa-4eeb-abb5-cd28e62ce0e0,Lenfilm Studio,null
64,54777554-8136-42e9-989b-1381c68467e0,SQ Productions,null
65,a644861b-ea80-4e48-90d8-2124138db3a7,Amberwood Productions,null
66,09bbe0bf-90f5-4417-bcfb-0253966caec8,Neofilmi,null
67,2eeb2fbd-a6c0-4768-955e-b168b8532938,Paramount Pictures,null
68,754b9798-bdda-4440-8c32-1815bba3a64b,Fleischer Studios,null
72,43f5f984-3cbe-4410-a015-9df4c6162dd8,Celebrity Productions,null
80,2a56ceb2-66ed-4225-a95e-8973f40ee6a7,DisCina,null
81,d8d54d9d-53fa-4d88-9fd0-31d7bff49045,Laugh-O-Gram,null
82,a3213642-ef08-4c2b-ac5b-e11d375c850c,Star Film,null
83,ae471d83-07f7-433b-9d47-ac874608dc28,PRC Pictures Inc.,null
84,f6938ac6-f0d1-4392-9938-170aa15ba383,Compagnia Cinematografica Champion,null
85,d6354d8a-451b-4b60-ad38-158296b98807,Rome Paris Films,null
86,8b4613be-9998-4bc0-a525-8b76d5dc0a11,Gloria Film,null
87,5fb748bc-a5fd-4018-98b0-cd0d3c934d81,Barnabe,null
88,e5b62913-4fcd-4b6b-b65a-0d37cfd1db58,Geiselgasteig Film,null
89,0696d6fd-e58f-4e4f-92ea-2dfffbcd4bd3,James Livingston,null
90,3a740bf2-1736-4e2f-a174-cb53b85e39c1,Nippon Animation,"A Japanese animation studio, headquartered in Tokyo."
92,bba0e9e9-e7df-4447-8d12-a4af1e5b90a8,Sakura Motion Picture Co.,null
93,be192c34-23af-4033-bc79-8db691c9d417,Dansk Tegnefilm,null
94,614dde38-1e43-4c14-8f99-af10487c8141,"Studio Ghibli, Inc.","A Japanese animation film studio based in Koganei, Tokyo, Japan, best known for its anime feature films."
95,7d94cb1f-96f9-4c8e-9964-49d1e5cdc431,Tokyo Movie Shinsha,null
96,c1a29c3a-0f99-450a-8400-c750fd22538e,Ego Film Arts,null
97,3cc2c26e-c149-45f5-b6b4-f180330504d3,Telefilm Canada,null
98,eb5a89b0-fdd8-4b6d-b22b-844d88192056,Alliance Atlantis,null
99,0b032705-2738-4df6-92e0-bb6f45a2ca42,Cité-Amérique,null
100,72e8eec7-7fb9-4164-9a05-a1a62e188582,National Film Board of Canada (NFB),null
101,931198ba-a4b7-47db-b47c-5b5b299ed910,KYPU Films,null
102,4d16f21a-bc37-4fd0-8de0-70245e533bed,BBC,British Broadcasting Company
103,ea4def39-c080-4855-8e10-673347f8b9e3,CBC,Canadian Broadcasting Corporation
104,594aeaf2-8aab-46a1-8386-910e31478bce,Gulkin Productions,null
105,161159ac-9c38-488f-ad4c-839e87d6179c,Odeon Films,null
106,2a95deb2-5b9f-4cf1-a60a-f1239442c220,TiMe Film- und TV-Produktions GmbH,null
107,31993e18-3439-4dbf-949f-bbce2cc49a79,Kushner-Locke Company,null
108,dbbb65ef-541a-4921-afc4-cb62fd3620b2,Warner Bros,null
109,3253b1dd-a585-4957-b3dd-25d5ec0ed4a0,Croatia Film,null
110,84f7be74-c01a-47f3-bbd1-900f20b40271,Imagiquest Entertainment,null
111,91767a07-638f-411f-a8dd-bb333274ba2c,Reunion Pictures,null
112,6342fc75-020f-405d-abeb-069b7a100467,Norstar Filmed Entertainment,null
113,e061e6f9-bf42-41cb-868e-f32890c2d052,Kingsgate Films,null
114,51bb47c8-e3d5-4311-a739-be2fe0821bd1,Recorded Picture Company,null
115,5a195b9d-a25f-4f89-90ad-0d7bc425fc17,Persistence Pictures,null
116,c1be6fb7-2376-4074-a9bc-4e06a3600a24,Blackie Films,null
117,036fef29-521e-4da4-8a0e-da0c4b297851,Jim Henson Television,null
118,00e42cfc-7a50-4334-8c97-ef2aad005410,Relativity Media,null
119,436b99fa-3cab-4cae-9af1-58e9adc3f927,BRC Imagination Arts,null
120,ebf4b313-6197-4f5b-aaf2-82c9e942d889,Aileron Media,null
121,f5169425-0215-4311-8d31-29a26f6c1822,Dansk Kulturfilm,null
122,c6bd4468-9ba4-400e-87ba-599bddab5d6a,Potterton Productions,null
123,98e7984d-2eb8-41d7-a198-07ff0fd595df,Metro-Goldwyn-Mayer,null
124,534ec39a-92e5-472f-9f4a-0fb8a755670c,American International Productions,null
125,619ccf29-3f27-4d05-810e-05d1ad68c31a,Touchstone Pictures,null
126,286076a3-0b75-45a6-b9d6-cd5952d46af8,HandMade Films,null
127,4dd02ec8-d7d0-4e8e-a18e-fee50f2f88cf,Canal+,null
128,164030f5-0389-42dc-b44b-f8f334548ba3,Belarusfilm,null
129,56f7a257-cbb8-49a3-b00f-d147084d65a1,BAF Berlin Animation Film,null
130,2b590a36-41ba-4d72-8326-1af7bef3c5e3,Barnholtz Entertainment,null
131,8febbfe3-aa22-450e-9e3d-860b268716ef,Island Jamaica Films,null
132,075ebae4-682c-41a8-bbd8-060a7a50cac6,Focus Features,null
133,c7f466d3-9192-44de-a058-dcfabb63bbc7,CBS Films,null
134,5179395b-dcaa-4030-baa9-4fa1715cd1b2,Mini Film Productions,null
135,e58d2749-f773-44bc-b6be-720dedcb46b2,Flach Film,null
136,2571a5a2-cafb-47f4-af8d-564b1a5850d7,Channel Four Films,null
137,9b990f6d-f1ac-40e4-98b7-eae6d6e316e0,Misr Cinema Company,null
138,37b7a26b-3c9c-494e-885e-3a9b206512d3,Cine Image,null
139,92340ed9-7b13-46fe-8480-e698233a6d91,Limelight International Media Entertainment,null
140,ad960f2a-efb3-4c73-af87-d1cac2c22daa,Broomstick Entertainment,null
141,4dc44601-42f5-452a-a50c-d445a8ae11cd,Asylum,null
142,58000bfe-0738-4d3d-9e41-fa3d455eff84,Davenport Films,null
143,380c783f-441f-4983-8a6a-bba825165d64,Platypus Productions,null
144,fdfb9d92-424f-4ebb-8f8d-50f8dd873efc,Metropolitan Films,null
145,db3118a5-a9f9-4c59-9409-858f1a97fd6f,Literarisches Colloquium,null
146,c3ccdc76-752e-4159-bfd9-862afcbcc42b,Bungei,null
147,4d289f94-6566-4a8d-b565-7b233934018a,Sagittarius Productions,null
148,77edf240-a62f-40ae-805f-10d961e56150,Barunson Film,null
149,9dad11ac-5571-4695-b186-e8da5f186965,Graniet Film BV,null
150,35d09284-3ffc-4e20-9a9f-ea6973531def,Graniet Film BV,null
152,5578fb6a-1a51-4a19-9c32-ae9406c0a7a3,Le Vision Pictures,null
153,a55c8e2c-334e-4794-bf23-10f79c7fa836,Marianne Productions,null
154,b9f70533-6a3c-49b6-901f-a34d12b180a9,Brandman Productions,null
155,e26a1743-7813-4025-b80e-25dd728ea27c,Twentieth Century Fox,null
156,6ed4b9d8-af0a-49f2-b230-896286a9c054,Weinstein Company,null
157,afc5e0b8-07cb-4db1-8e7c-e3519efd8dd3,Parallel Film Productions,null
158,4e9187b6-52c1-421c-a078-4920dc0637c0,Central Partnership,null
159,c5b6e204-cfba-40b6-ae8e-8b6cd4d1f438,Athanor,null
160,4901fecd-ca25-4b51-870a-39c4163a898d,Northern Lights,null
161,89c3f3e6-8006-4c2a-bb93-4a9b892581e0,CinéGroupe,null
162,532a9024-c2a8-4e10-90e6-bfce82b1707a,Estudios Picasso,null
163,01467df6-d059-4a0e-ba8a-32c66811577e,Tequila Gang,null
164,98febd07-e96b-4553-bf20-82c3fc0ff1e3,Wayfare Entertainment,null
165,cfa8dc9d-968d-4749-8de8-90bcc23b7308,Celador Films,null
166,091ed0a1-460d-4869-9371-0e77fd98676a,Morgan Creek Productions,null
167,b87a1d69-29f3-47cf-a8d4-2f445c0cf154,J.C. Staff,null
168,d9b7765b-47ea-4709-b505-e6ceb6a50803,Republic Pictures,null
169,36e6fe6f-153c-4372-8a92-9a4d95fa079f,Sparks Entertainment,null
170,2c84780d-e0ca-4cc1-b146-68f0eede553a,KOA Films Entertainment,null
171,d28fd00a-5ac4-4644-a685-6572aec39977,Three Stone Pictures,null
172,dcb953ed-fe7b-47bc-a638-a11b0fd4bec8,Three Stone Pictures,null
173,8de4b15b-5338-4483-ba87-90168495afbc,Selznick International Pictures,null
174,d9e92723-8aed-4519-9107-a6ac4cfe0eb7,SPEAKproductions,null
175,8aaf2d15-b0db-4ca6-b638-80adce481dc5,Inri Studios,null
176,81ecbe93-e5c8-4e39-9d80-d161984295eb,Kitty Films,null
177,158253b9-fed1-4354-86bd-997e0bbe49fc,Kamera Film Unit,null
178,db6b27a2-a0b8-403c-ae6b-41213323a6a1,Olive Films,null
179,6f8471a3-78ee-4ff9-8820-9915a3b74963,Borough Films,null
180,a44966ab-dc99-474e-88ac-cea4afc5d04d,Parts and Labor,null
181,b247f5b5-1226-4a57-9445-4fd82cbaa97e,Funny Cry Happy,null
182,ba7909fb-11b4-465f-9548-538e1417695f,Dash Films,null
183,ac126602-7e8f-412e-90df-65d14e21cfcb,Discodog,null
184,4575cdfd-0d45-49b9-b560-cc4ab7049ca2,Nonpareil Feature Film Corp.,null
185,e22dcbe7-e159-4043-80f7-775bacc89bf2,Metropolitan Studios,null
186,2085fd31-0f9c-4cdd-a4e3-06c71fe299aa,British Broadcasting Corporation,null
187,bdd96524-22ff-4ccb-ba1e-ba94ff60c32b,Lou Bunin Productions,null
188,c25e6086-de47-4cb5-9d94-b0c0f0880b55,Hanna-Barbera Productions,null
189,10263cd7-7063-44c6-838e-61a255150ae1,Cibelco,null
190,1cf419b3-46ad-4c31-acc8-ae0edffda97d,General Film Company,null
191,e20ee8c4-8519-43ce-8f90-0e4304300fd4,Irwin Allen Productions,null
192,072c74df-d130-4436-a7a7-3645a67f40ec,Columbia Pictures Television,null
193,1edd60d4-5e12-4f08-85c5-7c8720b0cbb1,Burbank Films Australia,null
194,163e6159-8681-47a3-882b-ab295322b212,Goodtimes Entertainment,null
195,67d91365-b89e-4027-80af-2906af3ebfa7,Babelsberg International Film Produktion,null
196,9a8263ba-48bd-4198-8b61-f6c89b85dc49,Roth Films,null
197,dc3b803e-3831-46dd-a860-4d0ff4fc50e6,Pathé Frères,null
198,cb7b694a-c494-4810-a66f-510ce3adc0df,Leon Schlesinger Studios,null
199,0c9e34f3-5bdd-4e81-9379-28e5e32eaccf,Gorky Film Studios,null
200,d9dab8fa-10bf-46a1-8c31-ea138346c477,Films Jean Image,null
201,3cf58554-86ba-4034-8738-c2dbbdbfa64f,Fox Film Corporation,null
202,fe144d85-a676-46fd-bf9a-d460cecd18aa,Henson Associates,null
203,db0de4bc-7616-40ff-a064-6c3f5030f729,Henson Associates,null
204,772c9b31-601f-4d24-b6e6-0352752bc840,14 Luglio Cinematografica,null
205,bda43468-2730-4982-be3b-45bf8d76646e,Great American Films Limited Partnership,null
206,73624c99-edf4-48c5-b9fd-44568b4b3186,New York Motion Pictures,"Production and distribution company, formed in 1909 by Adam Kessel and Charles O. Baumann"
207,90197424-618e-4083-9733-04fc3729c505,Förster Film,"German production company responsible for such films as Scandal in Fairyland (1957) and Rumpelstiltskin (1955) "
208,559dd042-9ff9-4f44-adf0-2d27cdd5d88c,universal,null
209,3a24facb-22d9-4571-921d-038444d07027,DEFA (Deutsche Film-Aktiengesellschaft),"Founded in 1946 (dissolved in 1992), DEFA was the first film production company in post-war Germany. "
210,d074b633-f6ef-414f-85fe-4e37237f344b,Summit Entertainment,null
211,9966f3fa-8fb6-4440-81fa-72ab96ffcd8e,Universal Pictures,null
212,9c2569b6-063c-4ec8-9e29-57207678a937,Universal International Pictures,null
213,dd5edb3f-8453-4e7c-9955-7c28006f38c0,Les Films du Cyclope,null
214,ceb1d77f-2511-49c1-9176-6272d9632385,Avis Film,null
215,66aa29a6-df9d-4e11-b236-3a9e447c50a4,Telexport,null
216,c50852c8-ef45-459c-9aaf-351aa4ce3070,Act III Communications,null
217,5c7d3ed5-f230-4e71-9190-92364ed44095,Projektions-AG Union,null
218,84b5f885-c7ca-4a88-82b9-cd44360d1962,Societe de Films Albatros,null
219,350bc57c-71d4-48c1-8bb6-b93de0c9006d,The Caddo Company,null
220,21258fbe-6939-44ce-b90d-e816b01034bb,Walter Wanger Productions,null
221,2c2a31ea-89ef-4648-bea7-0674d244b72f,Diana Films,null
222,da99308c-4a13-4ebb-b011-937a68ccb849,Oro Films,null
223,5887c4a3-76a7-4116-8e7c-e5addbc0113e,Compagnie Cinématographique de France,null
224,fa9464b0-64fc-4225-982d-ca95f084f92f,Embassy Pictures,null
225,df1e8752-bbc9-4bed-9eb7-ae8c494a27cb,Lux Film,null
227,1072c072-e74f-4e68-8fe5-5380fd064e15,Mushi Productions,null
228,5b3fcb7d-db81-4c80-9f80-85a7d8cf3104,"Rankin/Bass Productions, Inc.",null
229,f8b22074-c1ac-4769-aa4b-2ddd3bb47e7e,Produzioni Europee Associati,null
230,a1d84e26-8c66-4d33-ab06-cc28bee78b65,"Les Productions Artistes Associés ",null
231,eaa03997-aa67-4c87-827a-4a5dabe51e23,Albatros Filmproduktion,null
232,a5c4e5db-88e2-49df-8189-7be89c6fb9a8,Popular Filmproduktion,null
233,88db15e8-c701-4ec9-bb63-e413565f902e,Trio Film,null
234,9230aaa4-312c-4937-969d-e50c4dd926a7,EMI Films,null
235,8c9c56f3-70de-43e9-8911-3da41f876e28,British Lion Film Corporation,null
236,dab1c6b6-d084-402b-b0dc-a9222d0ab7b0,Investissement et Commerce,null
237,45bdfe21-ad6d-437e-86f0-a64e85f64536,Télémax,null
238,e41378e6-fcf4-4e5f-8e7b-7013b928f5ad,Rai Due,null
239,7cacd7bc-c827-4e88-84c9-d3128d146715,BS24,null
240,e7e09168-eae4-4ad8-b853-919edf62009b,Studio Babelsberg,null
241,e04a1df1-5480-49af-bad8-c3d67a02b6c8,RTL Television,null
242,b73c5a37-3ad7-4fae-8626-418ee2a66a68,Atlantic-Film Aarhus GmbH,null
243,b346d3a9-0b75-4631-9228-91971ced0062,Waldorf Photoplays Inc.,null
244,fa2cb5c4-83e4-48bf-a7db-97661ed4b6a4,First National Pictures,null
245,63b611f2-1c51-4ba4-ab1e-15ac36abf8b2,Vitagraph Company of America,null
246,65277353-2152-4cf1-9b0e-2e2ca9e531b8,Egyptian Films Company,null
247,832f1b53-82ac-4fe4-9d5e-b6743d1aceb3,Ciné-Alliance,null
248,ff31eabe-6382-4b16-b0e3-e1a4ac8b2a79,Dear Film Produzione,null
249,4f8db2a4-901c-44d2-af56-7111b4dbc037,Filmsonor,null
250,b91e94d6-0c0c-4c91-bd93-81fae99bdd2c,Al-Ghanem for Cinema,null
251,28f91693-4bf1-4b49-a3af-69fe499b069a,Paris Plage Productions,null
252,3c8ff9d6-2682-41d8-bc22-68acf9a47004,RKO Radio Pictures,null
253,c6be36b3-77d6-4745-9a26-2518c78a5409,Mier y Brooks,null
254,33ad29e0-cbe0-4a39-8f46-6f2800d4a166,Mosfilm,null
255,6626282f-880c-460d-a248-c2826b9d1437,King Brothers Productions,null
256,7517dda4-1e8a-4e31-8ede-d6ad84165913,Ameran Films,null
257,87da642d-674d-42d6-9a22-7492de05fe6a,Morningside Productions,null
258,7d69a8d6-8eac-40ad-8a62-5abdc90b226f,Buton Film,null
259,8363dd12-2435-4999-b744-0cef6e01b955,Roas Produzioni,null
260,ee6b2076-7e0b-4099-890a-a6a68d197d78,Andor Films,null
261,4b1bb4ea-2b84-44e8-b87b-9f5a9ea3789a,Cannon Films,null
262,a5b6a58d-4189-4157-b2a6-2f2af3f00cb8,Douglas Fairbanks Pictures,null
263,83516009-4904-4752-bcaf-bbea56a7724f,"London Film Productions ",null
264,71862151-6f42-4fe4-9f7e-dbc0fd4beb7e,Pontus Film,null
265,63ce99c7-511b-4920-877f-aadd8d3f0e74,Esskay Pictures Corporation,null
266,b26cb2de-e774-4d3c-bd26-a7632ea3e86d,Jet Films,null
267,8f4dd74f-c519-48b1-b357-83e6ca7a637a,La Société des Films Sirius,null
268,98aa6f1b-ca77-4611-aa5d-e4226bed4bbf,Les Nouvelles Editions,null
269,19ae3db5-54fd-4927-8ef6-45810a630732,Titanus,null
270,30fa2cee-f545-4e7d-ab78-6b05ed7b412a,Lux Compagnie Cinématographique de France,null
271,8e95ae7b-ca06-45dd-bbe8-d428d542f61a,DePatie-Freleng Enterprises,null
272,03862866-9c06-493f-85be-05bc087c18b3,Selig Polyscope Company,null
273,df204b6e-3753-4729-a87c-e53aa174bedf,Tiber-film,null
274,69b9ce8e-ff0d-4140-a6c2-05e6d8096241,Feature Productions,null
275,1686e439-8f9a-42c7-81de-d8ca7cfae8b8,Oriental,null
276,0b164396-43d6-480c-af73-661e84024cc4,Ima Film,null
277,43ce75d3-abdd-4f2f-b37b-bfb63a218f41,Trans-National,null
278,2ee26e68-ef20-4336-bc96-a69542022df9,Allied Artists Pictures,null
279,7f85e715-bf40-4b28-8042-9bc5370d0758,Société des Etablissements L. Gaumont,null
280,d101f240-f0d9-4ec7-ad06-1be940ba91b5,Psiche Films,null
281,36558987-c849-4a85-acc4-cdff5e97d87c,Prominent Features,null
282,5035fc68-ae09-433f-8c7c-969127ab67f9,Laura Film,null
283,3dc98892-0963-45a9-9561-0f20e86700d9,British Screen,null
284,196b40c2-5916-4b7a-880c-3a3c0ef493ef,Cinema Action,null
285,83e0a6f5-9393-45a6-9722-3e50224c8d33,Film Four International,null
286,c63e8708-b899-4f16-85a6-17d561647bd5,S. Lubin,null
287,199dca8f-ebe3-410c-89f6-977e829bbe9b,Clarendon,null
288,9c2c47fd-0b10-4e76-a627-a18b22e17ef2,Rex Motion Picture Company,null
289,073f6c19-ff6d-44bd-bd73-e80fbd18c950,George Clark,null
290,ff5775c0-6933-4024-912c-5f670fb5e87f,Herbert M. Dawley Production,null
291,1751e2b6-61ab-49e9-a41f-c053ff8741ef,The Vitaphone Corporation,null
292,73f24729-8705-4667-8b7a-9de7a74f5cc5,Robert E. Kent Productions,null
293,207d4aab-02e9-4a36-80e1-907602534bec,DEFA-Studio für Trickfilme,null
294,941106fd-4c7e-4063-a940-3baab18db26c,Filmové studio Barrandov,null
295,a9536a8b-b84a-4de1-bcdf-c743e8fc67ba,Thames Television,null
296,b570ed55-ba0d-4238-a7b8-de0662f1f29a,Ruby-Spears Productions,null
297,183c60ac-135b-4ea1-8e22-a7cb7957c3db,Triple Seven Concepts,null
298,6cd4ce17-cead-40c4-a95f-844bc6590ba4,Golan-Globus Productions,null
299,a9bbf022-b070-46d8-a599-16c80fd68705,De Laurentiis Entertainment Group (DEG),null
300,bf527c9e-7939-4a22-8e31-630b9a7abf44,Witt/Thomas Productions,null
301,10914b3c-55ca-4086-8c59-0bb6cf2dff9c,Republic Pictures (II),null
302,d008aef0-3b7f-4af2-a237-6e38050d9afe,American Film Investment II,null
303,7cb8cafe-442e-4d31-8556-c2c6c38a2e0b,Gaylord Productions,null
304,4e56b465-9412-4c34-8fc6-59db77cd6b27,Lion's Gate Films,null
305,6f9d0a6f-8505-465b-9a42-f2dc04bae918,Polygram Filmed Entertainment,null
306,776d000c-861e-46a7-b6dd-afb45c2afaff,Little Red Movie Productions,null
307,5e315549-ecf3-4921-a12a-81dd79a922db,Googly Films,null
308,9dfb7098-b76e-4da7-bb21-3025436cd2a8,American Zoetrope,null
309,83709af2-4308-4b11-9703-6c0bd00200ba,Icelandic Film,null
310,b6d5a65a-f2a3-48fb-b66c-f023de6432d5,True Fiction Pictures,null
311,e75e7b0b-41c4-457b-9454-2049c72054b9,Crimson Knight,null
312,2cc22dfd-ee61-4442-91c1-6766b0898d07,Peakviewing Transatlantic PLC,null
313,21e1ff3d-a138-4ce7-bf47-1329ba02dc31,WisenQuest,null
314,d3c02986-425d-418d-a445-c67b1199c644,Light Quest Films,null
315,39bb4767-9502-4a1f-b2d7-0b8d7e6a7361,Candlelight Media Group,null
316,cdcd973d-d874-4324-9f21-a1d156731c89,Warwick Trading Company,null
317,de32293c-8b91-48b7-af48-64e2089ab197,Edison Manufacturing Company,null
318,7e158cb1-5dd9-434c-adf6-4e83473a706b,Bison Motion Pictures,null
319,20fee3e6-8c64-44d8-8439-04266ed626d2,0ttol,null
320,72913d12-5b35-4310-a717-4bb4aa6dc322,Terrytoons,null
321,9aaa3c95-6453-449e-a6aa-57b5d92c7372,Trafalgar Film Productions Ltd.,null
322,85919c04-98c7-4bc5-bd34-84d8fd2aaaf8,British National Films,null
323,e1562a16-d1d4-4cca-9267-ab8c01a66570,Alsa Film,null
324,1d49505c-c64e-44e7-8692-a6b014831210,Charles Chaplin Productions,null
325,c8b54ca4-f475-444b-833d-0d9eafc85f66,Diana Production Company,null
326,2e8f81dc-33b7-4542-8aab-7af916e1a18a,Alcina,null
327,3d89c838-9bd7-486a-be4a-f847f91537c2,Como Film,null
328,3a8d7797-18e1-4d43-bcc3-c91b7a033a15,Union-Film,null
329,c9599f3d-5fee-4d16-838a-208baca43a52,Producciones Cinematográficas Valdés,null
330,775ecd3e-175b-469a-bd87-86eab717c45d,Anglo Allied,null
331,4840f2b5-cc8d-4a61-8ef8-bd6360733beb,Foro 70,null
332,157e2a5f-40eb-4c71-a249-b56c03c14d48,Trecevision Activa,null
333,3c12ab37-6d1c-4933-8a59-464d54737679,Talent Associates-Norton Simon,null
334,996730ef-845e-4891-85d8-501d56a217f6,Universal TV,null
335,04c7de33-07e4-429f-8302-7772c5a43cb2,ECRAN,null
336,b4d0e983-61cc-41b5-adbe-b6230121a75d,Pont Royal Film TV,null
337,fa7c78ee-720f-480d-91bf-d2a741cfb998,Progéfi,null
338,6d465168-ce1f-4398-b541-29c8d7b3c22b,Westdeutscher Rundfunk (WDR),null
339,2adf079d-0c03-4ec1-8192-2b3c9a185032,Borisfen-Lutece,null
340,9e5a79e5-a1b3-4827-ab22-a9cc291c6c5b,Millimages,null
341,3f044b34-ded7-4c5b-b9e2-d6b05fd57670,Septembre Productions,null
342,adeb3b86-b9bf-414f-91ee-c4fc1f7bc25a,George Albert Smith Films,null
343,6167a42f-0dff-4bda-99e9-807dc6917daf,Hepworth,null
344,e44e1335-4ed3-48a7-80b5-524ab5aeb378,Edison Company,null
345,b2151d09-d125-4b97-8b25-c8f9c0700f1e,Thanhouser Film Corporation,null
346,ffdb699c-b7cd-4329-a065-5d2fb38b7130,Nestor Film Company,null
347,981fe0e4-c5da-4929-8117-df90b47273bc,Empire Film Manufacturing Company,null
348,9b9de0cd-f809-48cb-9037-3a48fe03aae4,Società Anonima Ambrosio,null
349,d90ee47f-b26e-43fa-9e29-317c591ea3b0,Broncho Film Company,null
350,231653b2-262c-46a5-a2bd-51b44617ae55,The Essanay Film Manufacturing Company,null
351,ff4ff4f3-cd07-45ef-9a87-99b5c98c0f1c,Biograph Company,null
352,79237219-a87b-4417-b987-0ce5fa0b0e10,Famous Players Film Company,null
353,4a471923-57d2-46df-b955-0b2414d20d1e,Goldwyn Pictures Corporation,null
354,e144a081-84bc-4d79-8169-bc7d4d17836b,Universal Film Manufacturing Company,null
355,c6dc4517-fefd-401f-a109-f98598a8ed58,Cinémaginaire Inc.,null
356,c9d805fc-af2a-4b6a-bb3f-a561f8f13e90,Film du Boulevard,null
357,aa8d6705-0d59-4ec2-b9e8-801262bf1c99,Kerry Kimmel & Pollack,null
358,df25f0ba-b04c-4a9f-851d-b9d78bbdb13d,The Weinstein Company,null
359,a070fd8e-db76-4a2b-861c-63f95a7fb491,Vulcan Productions,null
360,ed05f78b-45af-45ea-afeb-4d7c5f8217ca,Vulcan Productions,null
361,2dd88b07-6406-4b2b-8b96-55f1d5eedf58,Bionaut Films,null
362,b7197bba-3d1e-4d9d-8109-5aa5957815ab,Majestic Motion Picture Company,"A production company formed November 1911 through circa 1917 in Jacksonvill, Florida; company principals included Roy and Harry E. Aitken."
363,62e43a06-ed88-443b-844a-fdee3f924627,United Channel Movies,"United Channels Movies (UCM) is a young and dynamic international production and marketing company. We handle feature films, TV dramas and series, as well as documentaries."
364,a417de0f-426c-49db-9876-c963c4295c15,Afterglow Films,null
365,9f02b5bc-1105-4c38-a89f-a6faf685db18,Awfully Grimm Productions,null
366,4184042a-c666-4fad-9b08-a277de1da7b3,Roadside Attractions,"Roadside Attractions is a US film distributor based in Los Angeles, California, founded in 2003, specializing largely in independent films."
367,191422da-dd00-4097-aae3-89e16c279757,Wholesome Films Corp.,null
368,82b5363b-fbfe-40a1-9bf4-77e585203ab6,Reelcraft Pictures,null
369,decb9ac9-7e34-451d-af54-1da6e26093b2,Mary Pickford Company,null
370,bb3b6517-9f40-41a2-9edf-070ff8b61af6,Mack Sennett Comedies,null
371,ff9e0ee6-93e1-4b07-a1f6-c5ddffdebbff,California Producers Corporation,null
372,0660dead-6ea5-4dbb-81d4-632868f6bbe9,Fritz Genschow Films,null
373,a5ec9560-f81b-411f-b163-74c5c2a14b0a,Metro Pictures Corporation,null
374,697881cc-4c00-4420-accd-a7302237f579,Progress,null
375,754e9f89-e8c6-4516-b3e5-808c8646fbfe,Institut für Kulturforschung,null
376,b0caca7c-303d-4ba0-82c8-4a1d285856b8,Bud Fisher Film Corporation,null
377,b14e8ba1-64fa-4a3d-84c7-ab12b3893099,Decla-Bioscop AG,null
378,7c6a112b-4c28-4955-835b-85310343634b,Universum Film (UFA),null
379,5a3d384d-3cd4-4721-bb28-ceef964dcc2c,Famous Players-Lasky Corporation,null
380,bf9f76ec-3d16-420b-b963-676b04f5d07b,J.R. Bray Studios,null
381,bf6c3e1c-064e-48ff-b4f5-7c34fb078a61,John McCormick Productions,null
382,ae8bc108-dbc1-40cf-b66e-f1789ce776a5,Goodwill Productions,null
383,014aca52-ddfc-46ee-a28d-ab50fb472e1f,Excellent Pictures,null
384,95833e26-decd-40e3-b1f9-2cb511517277,Cosmopolitan Productions,null
385,29914eb0-44cf-47bd-aba6-434292ec7c53,Van Beuren Studios,null
386,5be6e8ab-055b-4e6c-82f6-36006e48f884,Pathé Film Exchange,Pathé Film Exchange was an independent American film production and distribution company from 1921 through 1927.
387,0a480930-52bf-43ec-9679-236df1277e72,Chesterfield Motion Pictures Corporation,null
388,7e0c86e9-136d-42ab-ac3e-2c3e976b6b42,Società Italiana Cines,The Italian Society Cines is a film company specializing in the production and distribution of films.
389,e47e67e2-6bfa-4a54-acbb-99737726f88e,Columbia Pictures Corporation,null
390,d52542ff-8500-46bf-8c43-3ad1a8c69d83,Primrose Productions,null
391,c93ad780-0c33-4727-bc54-59d516298888,Omnia Film München,null
393,7586ce44-8216-41cf-9836-7a4b43aa9517,Slovenská filmová tvorba Koliba (SFT),null
394,6390208a-4728-43b1-ae60-fe695c65e299,Jetlag Productions,Jetlag Productions was an American-Japanese animation studio.
395,76bda4d1-9e94-41ea-9275-0abaf5a3d6f1,Canarom Productions,null
396,adf45d73-2855-4be1-b0e2-013166b08ecf,Castel Film Romania,null
397,2f08b277-a1a4-44a3-b6c3-e40de6c65c8d,Brown Bag Films,null
398,7a1a2a08-f53d-4e6d-9d4c-6a7af7cacf82,Irish Film Board,null
399,3e8e1fa2-2bd8-41e0-a8e5-37744b96e3a7,Williamson Kinematograph Company,null
400,b1342741-fb20-4211-aca6-97e1b36dc0e2,Life Photoplay Corp.,null
401,fe8f61f3-922b-44b1-a8b0-073d42e1da7c,Hal Roach Studios,null
402,efe8463a-42e4-47fb-963a-94837675c8ac,Forrester-Parant Productions,null
403,7940993a-fbbc-49e2-8cb4-d8ef6597af7f,Jam Handy Organization (JHO),null
404,42175503-3940-494a-9b7f-f52d5a03c995,Chevrolet,null
405,f00aad78-55f0-41df-b79e-2ded1ca5993a,George Smith Productions,null
406,baf14a71-acb9-4550-9ef4-c0f2e751a558,PWT Produzione,null
407,4b2de123-61e1-4555-b43b-2d6349dffe37,Schongerfilm GmbH,null
408,c2f76ee4-0c48-4792-b56b-00ce2e02fcb6,Chanford,null
409,adac8ed1-a93d-4446-9132-4fb86a6f503c,Independent Film,null
410,4ed6345c-a829-461d-9a37-3125905cbb17,Praesens-Film,null
411,42937ae3-b79e-4358-bbba-fd692283d218,Soyuzdetfilm,null
412,4568e61c-2ad3-4311-a054-a8a121e19bcf,Arno Film,null
413,de994323-177c-4893-b8b9-88ae5f5a8ce7,Hisar Film,null
414,556c5c6a-2405-41c0-afdd-95288e0693be,Oppidan Film Productions,null
415,02933248-b64c-4452-96c7-07311369ce9f,Cinedistri,null
416,b0e52189-535f-4d95-a8a2-17f0a0cd9a84,Películas Rodríguez,null
417,81027ed8-f2f9-4b5e-9ad4-d3747a996b25,Valiant,null
418,f03f6d10-4c86-4f76-bf0e-68e102e1438a,Herald Pictures,null
419,17ab0185-1c34-458c-9682-c4c9f3a7348c,Artisti Associati,null
420,1dd3cf94-cd07-4465-acc1-75a63be0b233,Opera Film Produzione,null
421,90998f03-93fa-4c58-8ed0-c0f8e549ef03,Produzioni Associate,null
422,46e1a41b-b309-4fa3-94dc-008e178200df,Columbia Broadcasting System,null
423,92b4f0fb-7374-494a-ba03-2602c93785c4,Jerry Lewis Productions,null
424,003da97c-883d-46a2-a1fb-2d2870fa594f,Jay Ward Productions,null
425,e3abd6ac-0552-48e5-b7c9-c58865493f5d,Bolshoi Ballet,null
427,7b623f66-47e7-4562-b4df-4e02f3b263df,Guión Producciones Cinematográficas,null
428,57440cd1-bccc-495b-a843-45eb22dc0869,Paul Mart Productions,null
429,d4c0f651-4d62-425d-8b67-6d3eeacc6301,BBC Enterprises,null
430,d70fc999-93af-42fe-9e14-3e93d892fccc,Covent Garden Films Ltd.,null
431,8a5a2228-c203-430f-89f8-dd6b18edcb92,Deutsche Film (DEFA),null
432,3a47004b-89fa-423a-9ff2-e9be0ba7f9e9,Paradine Co-Productions,null
433,2408608f-40ed-4097-bca9-fcb77465a8aa,Independent-International Pictures,null
434,f241298a-8fad-499f-ba34-dda09e3d51f2,John-Charles-Walters Productions,null
435,edde9cb7-e972-490e-b296-9695d41c0c97,Paramount Television,null
436,2a30cdba-7e37-4488-935c-ff4194bb9475,Cosgrove Hall Films,null
437,68b0ddc4-c6e3-4ea2-8da0-4dfcd26be1ef,Koch Vision,null
438,ecfef1f7-8b76-4d9c-b8db-debf51b1f1ff,Marvel Productions,null
439,143582db-c1f3-4d59-b961-88347d2bc60a,Eurokim,null
440,77808252-feb0-418c-ad26-2ba7ef50b89c,Cayre Brothers,null
441,b2250856-3495-4e22-9186-1e3e7e408763,Interscope Communications,null
442,46c6425f-ef1b-41b7-ad9e-4bef0ae60e5a,UPA Productions,null
443,cbe8a6fe-e5e5-4e60-8bd0-15df99882fa2,Gold Pictures,null
444,db6d61f1-0ca8-4474-a3c5-09f54b73559e,Multi-Media-Verlag (MMV),null
446,33dc9788-654e-4ebf-9a75-407d9df9f237,Sextant Entertainment Group,null
447,603b09fc-3770-4618-9aae-54a31e050446,Madragoa Filmes,null
448,4e00fa3d-ab94-44f8-ad2f-90636deb09f7,Radiotelevisão Portuguesa (RTP),null
449,a4556692-6e9a-4161-8df9-7e385a5031e8,Television Center,null
450,399c9e80-e444-46d4-84a8-117d28ba8008,Radiotelevisione Italiana,null
451,214a9b70-1457-4eb4-b0e4-ebe11a3b1d04,Stand Art,null
452,49f4110c-d4a2-406f-bd56-4842fd3d2afd,NVC Arts,null
453,24e471ab-3c1e-4365-9c55-3f8edfb1ba08,BBC tv,null
454,5a837b6e-6849-4d7b-9d04-16d8b1f751e1,Glyndebourne,null
455,e32ae09e-02e8-41ad-9f7d-e2310cfa378e,Shaw Brothers,null
456,6c352333-d9bc-4ed8-9b9f-840e8bf41d2d,Canyon Cinema,null
457,8f1c2eee-fc63-418a-bcf1-08770036402a,NY Filmakers Coop,null
458,56e070b9-aa55-4d6b-ae7c-db11dc70d9c3,Vista Organization,null
459,85480bd0-a37f-400c-8921-caa4a69acd7b,Twentieth Century Fox Film Corporation,null
460,438236ad-c263-491b-a070-73b2eefeb9be,TORO-Film GmbH Berlin,null
461,567c4eea-1940-40e4-af95-2363de751f4c,Zweites Deutsches Fernsehen,null
462,c7c6c227-7914-4bbd-86b7-576934049c9b,Silver Screen Partners IV,null
463,b69fb672-e2f7-4b69-ad51-b3b9dd7c884a,Yoram Gross Films,null
464,8f3e42c6-db12-4253-920c-af49a1f20070,BrownHouse Productions,null
465,ad0afb37-9e51-498e-8c0c-7278add27a11,Citadel Entertainment,null
466,cffe10bc-8202-46b4-aa98-9af79bc18dd7,Storyline Entertainment,null
467,7d64731b-f08d-4e16-ad89-e1eeca8ed1ce,Arte,null
468,fb6a3580-3ad1-4f60-ac07-ecc0a8ec6919,Black Forest Films,null
469,dece10a3-6fb5-4d11-915b-30c7aec940f4,Schlemmer Film,null
470,e845e248-7ad7-45cb-a909-641eecae9cc4,Children's Television Workshop,null
471,082d0761-7a71-448a-9b1b-27e320a999e5,Kick Start,null
472,7dd5a6ee-a034-45b1-911a-2fb3baa79af1,NFB Pacific,null
473,75224c2a-6d68-4177-a716-6fb23862f903,Shocking Buckwheat Pictures,null
474,bea9d2f4-0afc-4d8f-989b-a14b049ff21b,Isle of Man Film Commission,null
475,e95332ee-083b-4c6d-98e4-ca6782670dc7,Projector Productions,null
476,1cdc783a-2dc2-49a9-849b-2f7f9eb2aef1,BBC Children's Drama,null
477,ab15b6c9-440c-4a18-9793-8bfa8d659732,Catalyst Entertainment Production,null
478,8b4f0ebf-d744-4988-acff-ff4c43c493e2,Walt Disney Television Animation,null
479,7a270ae0-6dfd-479f-8b40-c07525225877,Miramax Films,null
480,0b2c4d48-6b86-4991-a7c3-37daa7862086,Jane Startz Productions,null
481,6366b9f3-c396-49f0-93fb-209d32c4cfe1,Blessington Film Productions,null
482,f73735a0-a767-4ea6-9e53-a4f19e9e0a30,Noah's Art Pictures,null
483,74024760-f8ca-4d29-8744-d11eb0faf6f7,Tag Entertainment,null
484,e664f278-3179-451f-bba9-16f9b5136397,Partizan,null
485,59e510e4-f1bc-4657-b961-666e37104c18,Tawak Pictures,null
486,066a6f48-f0a5-48eb-b9b1-18a631a319c7,Two Oceans Entertainment,null
487,e8fa3876-e72b-42c8-b9ee-ac9ac5ea52e6,Frederic Golchan Productions,null
488,e23032bb-3f9e-4b1c-a6a6-40a138dd6a8b,Les Productions La Fête Inc.,null
489,f38f6ca5-f0f9-4a3b-a3e0-c95b8f4c5594,Incorporated Television Company,null
490,4082fe62-2f86-4c69-90fb-74746144a0d7,Toho Company,null
491,e3b0c988-4857-422f-b7b8-8ce1f266ac61,Clifford Werber Productions,null
492,5c8e5b66-4278-428b-baf3-28f9f070e26c,DisneyToon Studios,null
493,3c983b0b-ab62-44d5-bc64-0e57718cea6f,Amuse Entertainment,null
494,677afcff-16bc-4cec-9beb-d2f2f7569621,Warner Premiere,null
495,78c7d569-e87f-47e7-94bf-2dce327b1430,CS2 Films,null
496,750cb1f0-4dcf-44dc-9810-73819ceefbc3,Dylan Sellers Productions,null
497,a170dbef-5fec-4295-86fa-c616763046ea,Halas and Batchelor Cartoon Films,null
498,0e6de415-903c-4b2f-8fcd-1b9e00a34779,Jim Henson Productions,null
499,1b93e567-3c27-4667-a48e-1802c777b789,Cannon Group,null
500,a80bd31d-e9a7-4247-aa80-d2418961f61c,Enigma Productions,null
501,d0fdf6b6-255a-4ba7-bd26-22e8c73848ee,Goldcrest Films International,null
502,41240daa-3121-4c3a-9ab0-8383afa1d649,KIM Euromedia,null
503,c0a21ffc-a4eb-44d4-bfed-6de151d3d0c1,Zweites Deutsches Fernsehen (ZDF),null
504,f668df90-0c20-405f-a78e-cfaff786ca22,Figaro,null
505,133956b8-a33d-4b47-907b-17e100e8db07,Astra Film,null
506,1aaa0f69-18d2-49a9-9098-4d079e286c4c,Cinecittà,null
507,dafbc1d0-6494-4f8e-93a4-b146be52cd2d,Caro-Film GmbH,null
508,e99b8865-bcdf-4661-a64a-38a872f7abeb,United Artists,null
509,24018dc3-4f60-4171-b5af-8913a01dbece,Enterprise Productions,null
510,fe3f9164-b85d-4a27-a044-952cab5acb0c,Sanford,null
511,ab4b0219-73a3-4e50-8404-49e853c9c4bd,Klasky Csupo,null
512,011b2848-20e2-409b-8e5d-3f633c35fcf4,Nickelodeon Animation Studio,null
513,d1226470-da59-40da-8936-ab4cfc337081,YC Alligator Film,null
514,c0d8621f-fa2e-49e1-85f4-221f2ea1c957,Tchin Tchin Productions,null
515,258c6780-7944-4b78-9fa6-472de5f66da6,Steve Walsh Productions,null
516,24f298ac-6b76-4d3f-b1b3-93938a8ab71a,SW7D Productions,null
517,ec5b7348-868a-43e8-b7e4-ec623f0def13,Wish You Luck Productions,null
518,d6e04f6b-3b65-4a26-804e-e264df584318,Kickstart Productions,null
519,00715828-6b9a-415e-96ba-122908e36222,Films Abel Gance,null
520,683e9323-2c1f-4a0d-866c-37a5c4fb5c74,Walter Lantz Productions,null
521,11fb44b6-2951-4b4a-9abd-31121746c683,Famous Studios,null
522,6cdd67dd-c435-49c1-966b-44f8d7d374c8,Clasa Films Mundiales,null
523,9fd9ae4b-2afb-406d-881d-e2eed85ae57a,Galaxy Pictures Limited,null
524,37767bf6-75e5-422a-9a4b-e05fcf203159,Cinematográfica Filmex S.A.,null
525,4ba1a0f0-0c51-46a9-8645-f78d32d67b14,Suevia Films - Cesáreo González,null
526,b00716ca-75d7-459b-a526-b547cda8d853,American Broadcast Corporation - Television,null
527,00d1479b-ccd8-4d6c-ac25-1e7585ffc57e,Francos Films,null
528,431886eb-31d9-4098-9d59-64620917f15b,Mannic Film,null
529,83cc779b-ca00-4f5a-91c2-28d55a203cf3,Mannic Films,null
530,aec32273-95f5-44d4-9be1-060c61073fc5,Parc Film,null
531,2b131d15-2a8a-4fec-825d-772bce663c4a,Granada Television,null
532,02a22f4d-f62b-4c63-ab98-1cf77fe86c85,Procter & Gamble Productions (PGP),null
533,d642fa52-913a-4fad-893e-501830f95c73,Stan Margolies Company,null
534,22977c2f-c824-4e5b-bac8-9be22638d2d6,BBC Bristol,null
535,1dc129ff-f563-4b56-95be-e7f0e7e2430d,Bolex Brothers,null
536,200394ba-5ac3-403c-9024-fcde2b039444,La Sept,null
537,462baf9b-a5ca-427c-9ca0-058e6545321d,Honeycomb Animation,null
538,783e708f-125b-4521-a826-5e1957dd9f85,Wolfgang Cartoons for Carlton TV,null
539,ac745da2-0972-4ea2-bf9e-5daa84cef6cc,Hyperion Pictures,null
540,9d7ac3b6-4d92-4778-aa57-6eddd2f2b037,Philippine Animation Studio Inc.,null
541,52519cc7-5b01-43bc-9fe8-9d9932de787a,Bac Films,null
542,b390e7bc-8ea0-4548-b854-d707c447743b,Centre National de la Cinématographie (CNC),null
543,d64d615e-7956-451a-9499-375de790b797,The Oz Film Manufacturing Company,null
544,1350f16a-002d-47a9-ab1b-891008c5505e,Chadwick Pictures Corporation,null
545,ff7dd048-e2ee-43ff-98dc-0598634057bc,The Meglin Kiddies,null
546,00a08c20-414e-4c34-99fe-d683e5db2ee2,United Productions,null
547,0aad01ca-d49b-4255-9873-030680bb57d2,Film Laboratories of Canada,null
548,11e6c352-e4fa-4b21-857f-a9ce1b1b5f5b,Henry Jaffe Enterprises Inc.,null
549,452f3fce-bf53-437c-9e1a-2369939a49c0,Childhood Productions,null
550,458ba72a-578f-41ff-9822-1a9dbb2252b0,Cinetron,null
551,2e2605fd-f3a2-4d4d-a6ad-69922789533b,"Classic, A Division of Cinecom Corp",null
552,40e44de6-89c1-465b-b173-93726a21c096,Ekran,null
553,0e9056ed-2289-4369-b8c8-6cf2fd3bcb39,Filmation Associates,null
554,ffe5dcf0-45d4-47c2-8d31-fa49acfb805e,Australian Film Commission,null
555,664be9f3-dc25-4165-8b73-929e3a3cceb9,The Australian Film Commission,null
556,f3a20d16-7108-472d-a34f-97e170fda168,Count Features,null
557,4e323c42-0054-4323-9b33-bf0c64983b5d,Davis Equities Corporation Investment Partnerships,null
558,a8106523-7d9c-46d2-a696-c098909e37ad,Motown Productions,null
559,c635d9f0-9c81-4a2c-a4e6-cfcdfdcb6516,Muller-Rosen Productions,null
560,0270d289-f2cc-474c-96f9-754eab8a180f,Murakami Wolf Swenson,null
561,9d282b9d-f0b4-49f8-9183-0c3a464c5f63,Alan Enterprises,null
562,db49543b-ead2-4ece-98fc-a0ac3aa2e065,BMI (No. 9) Ltd.,null
563,cd5c752e-9e6c-4388-8330-f33c5dcf1e31,Oz Productions Ltd.,null
564,8d3133c7-7462-4032-8cb0-de0d73d30dfd,Silver Screen Partners II,null
565,7d03cebd-c285-4ae2-ba44-342101d10597,CINAR,null
566,d310ab22-7133-485f-ac84-5bce112afbcf,Walker Co.,null
567,46799e21-c61d-4c9d-8152-af56fa51d157,American Film Investment Corporation,null
568,973e040a-6347-4d6d-841d-6c1fcc08606b,Lions Gate Films,null
569,4b76854d-da81-4bc9-9f4f-cef2ef78e434,Sony Wonder,null
570,22edb886-0adc-4551-bc95-1d8fe55f3058,The Jim Henson Company,null
571,9f4a29a0-7dfc-486c-99bd-860c00affde8,Fox Television Studios,null
572,4f443502-e483-4ff0-98ab-5dd2513d7f80,Imperadio Pictures Ltd.,null
573,1c2b6cea-713c-4719-a609-ec0113df1229,Arau Films International,null
574,0a6a0915-a2be-47c6-a550-58d808bd2dcf,Lifetime Productions,null
575,e65d44bc-9d8b-4e34-9224-658e781bdb7f,Revolution Studies,null
576,feab7976-11d2-45f9-98f9-11a35c996288,Gladden Entertainment,null
577,ff3e69fe-40d6-44ab-ae57-b9bacdcc7577,Kuys Entertainment Group,null
578,e9507772-95b5-4e63-bec3-8088a60a8988,Dreamland,null
579,129859ec-4bc9-4e71-be49-773339ce7516,CiBy 2000,null
580,fa2c139f-5b50-45eb-aa88-5fb13edd1833,Lorimar Film Entertainment,null
581,a4eddad0-340f-41d0-b499-3565f7ad0c29,Productions Arys,null
582,7b984659-343e-4699-b02f-862090332bb7,Nix Films,null
583,fd3c24b2-7bfd-476c-85cb-864b5d15f648,Boyana Film,null
584,41ad39cf-0799-4486-ad3f-6b82b953c37d,Lynchpin,null
585,41a352d1-4e8a-4367-a737-7a44d2291263,Gabriel Pascal Productions,null
586,ec51d18d-406a-4a71-a3b5-e70daa76a5d5,Constellation Entertainment,null
587,36599ae9-f55f-4597-b314-529a53496747,Lazennec Films,null
588,04cf89bf-cc59-452f-98c5-d0a4c1b130ec,Strong Heart/Demme Production,null
589,2bffd2e6-4e4e-4e03-a3ea-95ba3532ef29,Dimension Films,null
590,387580df-c2b5-491d-a9cd-1f2e71eeba78,William Castle Productions,null
591,da1ddcd3-d780-4538-922f-7be6b1c1fe77,Castle Rock Entertainment,null
592,a78a3756-6e74-455e-b2bd-ecafd94bb15d,Rapid Hearts Pictures,null
593,b3c6fe73-f1c5-448f-8ab1-45eeddc02f4e,American Playhouse,null
594,de34e6eb-9ea3-4188-b890-84eb68525419,Robert Wise Productions,null
595,27106316-41fa-4a0e-9e87-23054e12acab,M & A,null
596,792d7d56-a670-44ce-a1b6-e577f3450a9d,Tannhauser Pictures,null
597,6ebd4c8a-f4ee-4b53-88a9-ec9a1e3ca2a3,Pyramid Productions,null
598,5aaa2f5d-7b6d-498b-bfa3-734d58fa340f,Industrial Motion Pictures,null
599,0f500dbb-8227-49a9-955c-b44f9da459a7,Lantana,null
600,d9aab98a-8f90-47f7-a998-a7d80fa54a89,Elkins Productions International Corporation,null
601,b00864d0-e276-404b-9f5d-5a39184b73c8,Suffolk Productions,null
602,77458586-4341-4d38-870a-45ca1f40927e,Charming Productions Inc.,null
603,878d8b6f-9af8-43f2-9962-5865a1f1ec2e,Fuzzy Door Productions,null
604,894982cd-3f4a-46db-b56c-a4b7eab24ef2,Media Rights Capital,null
605,da225f70-df5a-4daa-8c0e-a160554c9aa2,Main Street Pictures,null
606,b0f1aa9a-4d69-45ac-9db4-b8fae566827b,Century Film,null
607,1e3eb42d-9622-4fdc-98f3-f5e1f5316ed9,Pied Piper Films of Toronto,null
608,234da0b3-c200-4b95-9645-bc9d1fd585cf,Hanna-Barbera Studios,null
609,43d6fd5c-ab59-4524-b10a-29dc0f57e87c,Pohland Produktion,null
610,dfcba7ba-4251-4b84-9cb6-a77326561ae5,Burton & Heinrichs Productions,null
611,3e432f22-d7e9-4db5-856f-cf5855be4abd,DiC Enterprises,null
612,cfee13d2-b7a3-4058-8941-f4d37bbcb0f2,Saban Productions,null
613,dffbe342-b344-4e99-9945-9df944961214,Film Roman Productions,null
614,408b85c0-7740-4c1d-899d-296a862a950d,United Media,null
615,07929765-b0b0-4903-bdb9-12f8a4b8369b,Lee Mendelson Productions,null
616,e2147aab-59e8-49e6-8e93-825efe04d7ec,Greenlight Media AG,null
617,9b971840-9070-429f-947e-e91cf3e505c5,Hahn Film AG,null
618,ec7e3ee4-4056-44a7-b07c-986200f861ad,Norddeutscher Rundfunk (NDR),null
619,7fb8d6b9-33c4-4ed8-8bcc-ddfaa353a246,HIT Entertainment Plc,null
620,1089b173-dfdf-4f76-ac4d-99983855a685,Collingwood O'Hare Entertainment,null
621,5b3209a4-d89c-44a4-95ed-7666406e0b66,Oxford Publishing Limited,null
622,5504dce5-c7ca-4b4b-9e08-623cf1fb5de9,Fidélité Productions,null
623,a4e8f7d8-dd8f-484e-b937-67d9fcc97c8c,arte France Cinéma,null
624,6983804a-b2f4-4481-b835-a865b877949a,StudioCanal,null
625,b37d0b84-a092-4bca-a2d3-393ce6bcaf77,Majestic Film Partners,null
626,256eb8c6-8a5c-4c28-817a-d7a969840623,Rough Draft Studios,null
627,c31a161f-0ab6-413f-b99b-e1ed999423bf,College of Art and Design,null
628,4578ccdb-2dae-4dc6-86a8-4913520c0e02,Kids Klassics,null
629,8e1da8f6-d1de-4819-8efe-c14ae0e59089,GoodTimes Home Video,null
630,4a961786-6c79-4207-a216-c0f79b63f971,Standard Photoplay Company,null
631,43f9538e-10a6-428f-bd69-7e6763fe4a54,Exclusive Productions Inc.,null
632,bb7a6a32-6da4-42a8-8646-15cbd670919c,King Features Syndicate,null
633,3804952a-75fe-409e-8a00-63a772460a78,Gene Deitch Associates (GDA),null
634,69abb045-6a8b-4d4c-bd7d-c9c998449888,Edward Small Productions,null
635,f27188e8-7989-4fe2-858f-89e4aebd9250,Film-Rite Inc.,null
636,c615a3b0-2034-4ec1-a5df-6646b9650597,Filmrite Productions,null
637,e4c4abb2-6739-47af-b01e-37869eae20f7,Group TAC,null
638,fbcd9b5d-c710-4b69-9530-9a61c793f990,London Weekend Television,null
639,cb2cdd2e-bc90-48e5-bd2d-47e3e2322cc0,Wishbone Productions,null
640,9e094bf4-dcc3-45fc-96ea-7ad72a7fadf8,Martin Gates Productions,null
641,ed58e43b-9341-4b96-8938-cd42432fc098,Carrington Productions International,null
642,ddfcff95-a8eb-415a-9fa3-07447417c002,Rolf Kauka Film,null
643,19f8cecc-a934-446e-86fa-8d70af9ec8f6,Avalon Family Entertainment,null
644,bff03aac-2c02-45f8-a8e8-0f450a8f115c,National Broadcasting Company,null
645,1e54a587-8624-4990-ae67-2d407f9c163d,Fox Children's Productions,null
646,2071c843-a444-49f1-8af2-bc0520a9fe89,Southern Star Productions,null
647,ba37ac43-3e33-4e04-9aa8-8384048bb3a7,TMS Entertainment,null
648,f06a2be6-29ee-4ed3-9a74-1831ec76c5fb,Amblin Entertainment,null
649,b3471265-1758-4aa5-9d84-c90fdf4e5ee2,TriStar Pictures,null
650,b7c9f019-2627-42a4-a70f-5a53ab27ac70,Shoot Productions,null
651,26efcaeb-f0d0-4549-b48b-5417fe93e3ff,El Deseo S.A.,null
652,9940bbdb-3d3d-4b99-b62f-479bb5efba85,Egmont Imagination,null
653,4e4bd2fd-aa96-4d00-b009-3fe7dba04292,A. Film,null
654,2db978ad-ec7d-4953-83f2-127dbc48f68c,Magma Films Ltd. (I),null
655,2ca41b13-8f2e-43c0-808d-3ec78d3fbee4,Banana MedieEvent,null
656,ec676223-9328-49d3-943f-1b0a24ef6163,Infa Filmproduktion,null
657,241ac549-a2d7-4ef9-8289-3b154e53665b,Clarge Distributors,null
658,bc9b2ad3-02a8-4d39-b2b9-3e00dc4590af,Le Gemeaux S.A.,null
659,3f63c29c-1493-42b1-8756-2510bdaf4614,Les Films Paul Grimault,null
660,b0145b98-a454-4dec-955e-a83d27d90b9e,Les Films Gibé,null
661,341dc6a4-244b-4596-9f0e-af0c67646aed,Antenne-2,null
662,799c7e75-cb2f-47bc-b4cc-1585aa36f839,Ceskoslovenská televize Praha,null
663,61694f7b-1eba-4413-a7f6-5a0729f0ac02,Rai 2,null
664,b49f4728-eba6-4494-be33-9a0dfa434022,Konsortiet H.C. Andersens Lange Skygge,null
665,f8f6eaa7-ccb9-40ad-9314-bbef5ee6c2bc,Confetti Entertainment Company,null
666,e199c397-d1c6-43f0-a175-9b08ce5b4a3b,Hyperion Animation,null
667,b0622706-3609-4eb3-b31f-f8e43fb9ccf0,Two Oceans Entertainment Group,null
668,37dca678-9ea0-405f-9d8c-e9bac4b8ea51,Torgovy dom Rus',null
669,ee16f305-0d13-4c10-af0f-168850905cb8,United Productions of America (UPA),null
670,a2abaa3c-aeb5-4631-936c-2f8516c31525,Razz Ma Tazz Entertainment,null
671,495f013a-698b-4e17-ba19-f158e7533f9d,Michael Sporn Animation,null
672,01c3e698-00ea-4f43-aa94-782dae666f22,Italtoons Corporation,null
673,a9a41c9d-213b-40ad-9533-5ce03228a827,WGBH,null
674,b68b73d4-0a40-4560-b3e2-a90e70a46674,Mirofilm,null
675,e369d8f0-ca62-41a6-a702-1701c4e04f28,Self Productions,null
676,adec4f93-6f83-4734-bcdd-ceacfc6db7ad,Vieux Colombier Studios,null
677,b7573746-32a1-4ec5-b15b-e727fbc166ab,Vivatoon,null
678,73f63108-62a2-4e2d-8c6d-90285311df76,Walt Disney Animation Australia,null
679,4af3e03e-f391-47d7-b9c3-793a1a4e21cb,New Media Entertainment LLC,null
680,589c5e70-df7d-4860-83d3-5212b0b46df9,Revolution Studios,null
681,49a3cdf8-9397-4355-84d8-aa49cb878340,Melampo,Cinematografica
682,e4015da6-78f9-45f0-b88f-dce2bc88f92d,Melampo Cinematografica,null
683,6a4d16fe-1eb7-4708-a29f-0d77280b81e2,Fries Film Group,null
684,4338a0b0-166a-4517-b11e-c0d9b8554ad5,Blue Ridge Entertainment,null
685,5931bc6f-70d0-427d-b660-5ebccd881e66,The Archers,null
686,43a7274b-4480-410c-ac43-d38cdea46c14,Fadsin Cinema Associates,null
687,150d044d-02b5-443d-8ea9-3bbb09087ac8,Brown Fox Film,null
688,38ca77e7-46fc-4f06-ad95-a085b7cc5fff,Bulgarian State Films,null
689,8c9889b9-d78d-48ef-af9d-d6683190d0da,Argo Records,null
690,64cc9c88-8cd5-4915-bce8-12481525d2df,Kent Productions,null
691,b91f4825-2be6-4f00-b1c9-3fe5889a6421,20th Century Fox Television,null
692,6dd2f6bc-d52a-4ca8-b3d1-7ce7bb77070c,FilmFair London Productions,null
693,bd7bfb93-1696-4535-8245-19420b8c37d5,Metro-Goldwyn-Mayer Television,null
694,ca52ff29-cda9-4fce-b054-2ee1a9ad3d36,Krátký Film Praha,null
695,ccccf3a7-76a7-457a-b35e-3c72c4c7af90,Studio Jirího Trnky,null
696,43055a9f-f66c-4599-9988-ed941b0d2ebe,TV 2000 Film- und Fernsehproduktions,null
697,080f4a97-6769-40d4-ad30-dcb1ab5d4469,Burbank Animation Studios,null
698,8e39e27f-4cc2-416d-8163-c2c223638414,Holric Entertainment Group,null
699,f7987a81-d74a-48b8-b92f-dfb5655f9c43,INI Entertainment Group Inc.,null
700,f998630c-5824-4cbf-82dc-c32ff53f77af,Benedict Bogeaus Production,null
701,d5f1a13f-68bc-4599-aed6-47a155580d58,ERA International,null
702,cfbf125d-471e-450b-a9ac-563bf31e4f00,Film Fair,null
703,8932382f-c141-47ed-896a-85fc76d0523e,Adelaide Productions,null
704,e600ec11-880d-4e32-9b0b-d860632dd6b0,Columbia Tri-Star Television Animation,null
705,635b64e9-3fba-4ed9-928c-9cb8506482ac,Mainframe Entertainment,null
706,7cede1ce-2d03-4c6f-86c6-c309f1f64f89,Lee Mendelson Film Productions,null
707,4d68cfd7-cce8-43ce-9156-40cd29adb3b2,Charles M. Schulz Creative Associates,null
708,3b3f28ed-43c7-4f85-9d71-0fe31fefc0fe,United Media Productions,null
709,b5c580cd-c09c-448e-b6b3-62e5c2b26d8f,Animation Services,null
710,d656bc24-6b47-4af0-a3f6-b1c3a31b83fc,Gaumont-Alphanim,null
711,22833ae1-4296-48bd-b648-c39b3a0c9b50,Flying Women Films,null
712,3595536a-bd8a-4c95-869a-f538998d9f28,DC Comics,null
713,22cffb55-44f2-4bf5-87fd-a5294732fb86,Voice Box Productions,null
714,5c8ab162-e3c1-4eeb-8fa2-a5d5267cc4d4,Kinostudiya ''Mosfilm'',null
715,a4f3da25-ce7f-4233-9755-233e45c85a66,Apple,null
716,91457320-702d-4b40-9ccb-62165e4d0b1e,France 3 (FR 3),null
717,3debcd90-5a9b-45ae-ae5a-fb412f0b79bf,Les Productions Jacques Roitfeld,null
718,eb570cb4-d877-4574-8765-8b9859b64e55,Playhouse Video,null
719,6d67b54f-5456-44dc-8f21-d873143ce3c0,CBS/Fox,null
720,df75a768-57b7-4692-924c-b7297abd5485,Loutkovy Film Praha,null
721,a1c1dfcb-3eb2-4844-b43e-78a7fbc28152,RUSCICO (Russian Cinema Council),null
722,3f30c7b3-058e-41d0-8cb6-c583411212f1,Feature Films for Families,null
723,38940027-8771-4413-a023-fa99880722e4,Pannónia Filmstúdió,null
724,4a88c346-2b34-4d7f-80fb-c04e24fe27ed,Swan Animation,null
725,d3b1738e-7a8d-44fa-b14d-e56fee26658d,Deutscher Fernsehfunk (DFF),null
726,17dcf746-4236-42ca-80de-b8a20d68627e,ABC Video,null
727,2a5686f7-731b-412c-8d6a-408debdda3f9,Mattress Productions Ltd.,null
728,6000820a-4449-4679-b0c1-7af39015c7cd,Touchstone Television,null
729,dd460d4a-9f0a-41b9-8afa-74eb6edb20f8,Independent Producers,null
730,5fe089b4-5bf4-4eef-83a8-c04e17027570,Televison Theatre Company,null
731,dd909786-5033-47f6-baa9-a0bc83d93517,Wright Walker Productions,null
732,e2d7d492-e31d-43af-a811-e22c8b196f2d,British Broadcasting Corporation (BBC),null
733,9d27168f-59e1-4409-9cc8-bd6f88df2bac,Lightyear Entertainment,null
734,49fc764c-ae0d-4a1c-94d6-899043d76917,Ventureworld Films,null
735,99d78c9c-ef50-4b7a-b22c-60ff5ceaed38,Jacob Jørgensen Film,null
736,279ef9f0-f9e0-435b-b09c-3b943acc07d9,Mat 1 Productions,null
737,e178db6b-dcb0-4dbf-9584-a88d7be5cf7d,Amberwood Entertainment,null
738,7dc2a98a-0823-4a91-94fa-60bb57c2e38a,Intro,null
739,3fd2c212-d473-4ce9-a4af-d45a7b359226,iDiC Entertainment,null
740,fadb44b2-4b54-4188-908a-1e30df859b97,Wizart Animation,null
741,60e8cbde-ec18-4b95-b3fa-3432a9429c92,Inlay Film,null
742,32e98b54-de52-48b2-870c-234586364202,Fine Arts Films,null
743,5c41c791-4e1c-4205-a822-7b8a0acf3272,Det Danske Filminstitut,null
744,7166a3c0-2efe-465a-b39b-0672fa931254,Disney Television France,null
745,a2f1a572-2824-4148-b817-d4836043a4ab,Studio Umeleckých Filmu Praha,null
746,323e6d32-a643-424e-ad3c-c1d54dfd7193,Zlatá kolekce českých filmů,null
747,4efbe8d5-8741-47a0-b558-877cc6c6a478,Studio Hraných Filmov Bratislava,null
748,89ac5f22-1a77-4006-90bd-823576764507,Omnia-Film,null
749,b48d7dfb-bd4b-4419-81e5-edd84c7bf041,RAI Radiotelevisione Italiana,null
750,260e1b66-4303-4d3e-829f-eaa629c33285,R.S.-Media,null
751,9c3b4bef-ae94-41b9-a15e-33a58a478a7b,Ceská Televize,null
752,7aea910b-fc5a-4887-9657-9a904367a019,Artoko Filmproduction GmbH,null
753,5b7b12c7-fe14-4a22-bd16-b5e1fdf12dd3,Focusfilm Kft.,null
754,faa785f5-a1ce-44f6-b05d-5e53e5ed1090,Komitet Kinematografii,null
755,2555bd00-0099-47d6-857b-957394e7412d,Studio Filmowe Oko,null
756,58a7044c-f1af-402b-9ae5-b150c3a59878,VEB DEFA-Studio für Spielfilme,null
757,050959b9-38de-4f54-a310-7af353710601,"Künstlerische Arbeitsgruppe ""Johannisthal""",null
758,aed82426-57d2-4aff-bd12-df68564162fa,Mongolkino,null
759,27bc63f9-62c0-4066-9929-f3dab3572157,Belvision,null
760,1da324c2-00f9-406e-b440-874c31fa1b76,Swallow,null
761,9e2b778e-e6ec-4866-bc1f-b17a3f634883,Omega Productions,null
762,5e9a9652-b6c1-4812-8ae0-26ab4b8d1d3c,Bavaria Film TV,null
763,f2b40291-f460-4689-970c-3b70cded2210,Bavaria Film,null
764,12275635-45b2-4eee-b7ed-e729043ad94d,International Film Company,null
765,7f8a641c-844f-48df-ab22-532d0d44cb23,Künstlerische Arbeitsgruppe ''Berlin'',null
766,6dd9c5ad-2315-4788-9bca-19954fce285d,Cartoons Cinematografica Italiana,null
767,ab22caaa-e96a-4bcd-8266-af0f96f73539,Delta-Film Berlin,null
768,cc42cd4b-1f02-4615-a31f-c0ada656901b,Münchner Marionettentheater,null
769,f343962b-e82e-4103-8b3a-67f64770dcf5,Sovexportfilm,null
770,58cd60d8-9d93-46a3-b60a-81c6376a566f,Vidtronics,null
771,f19c2a7c-cfa6-47f2-b2d7-9258b2e86d7a,Apollo Film,null
772,611de107-9239-43f2-a583-1bbb1c24aa67,James Pentecost Productions,null
773,3b6a8d3e-7938-4e21-af7e-35350da3e30b,Karz Entertainment,null
774,3b5596fc-78d9-4d95-888c-7fdf31ce338d,Walt Disney Television,null
775,0a5fb439-657a-42f1-b061-4cd67505c877,Rai Fiction,null
776,9d0952e5-f3f3-4a27-bd9e-a008ba26c3bc,Peter Pan Film Corp.,null
777,3423da21-17f8-4355-8940-93bca4b7f679,Stayer Studio,null
778,6cacc9a0-b0bc-4b82-8e9b-3a14f3da607d,Roskomkino,null
779,d133f28d-4738-41cd-9684-a6090a6b209f,Phil Nibbelink Productions,null
780,b45b9934-e58d-420c-868b-84f73ce2d7f6,Herold and Family,null
781,be5dab22-38a7-452d-a1fb-43295b7cce3c,MK2 Productions,null
782,52b0d34e-0268-4ab5-9a3c-76fa0b821b72,France 3 Cinéma,null
783,ba542b08-3eed-4280-9de6-5690ce68c754,Image Garden Productions,null
784,2292d7ca-8698-4fae-89af-c1fb0970d806,Mattel,null
785,b8535cac-61dc-4b32-a7bf-f0a0a1644be7,Georges Méliès,null
786,cc574a07-7d52-4d78-8269-7dcb802df03a,Ashe Productions,null
787,60a51d3d-19c5-4c19-ab4c-02b7576648e7,Just Write,null
788,397331aa-fc7d-4684-9727-484a1a240946,Rundfunk Berlin-Brandenburg,null
789,bc7bdcf6-f221-4345-9bb6-f5c27add73dd,ANTAEUS Film und TV Produktion,null
790,e027390b-be35-4292-9f64-3d6f0694846d,Walt Disney Animation Studios,null
791,e16924d7-7d49-4909-aaeb-d4d31487968a,Walt Disney Pictures,null
792,ef70f0a3-3e5b-4368-806f-6e537453b1e2,Cricks & Martin Films,null
793,c05ee3a2-145d-47a5-aec2-9b70e99311c9,Poja Film,null
794,735c812d-1b15-4fb5-9bf2-64a0327d3d55,Les Films Marceau,null
795,4991a410-e6a9-45b3-a816-d7c619b1e33b,CATIC,null
796,5f843f72-e9cf-43e3-b344-d43b65cd8236,Schonger Film-Produktion,null
797,b46282b6-8aa7-4fe4-869f-45851e673a8a,American Broadcasting Company,null
798,136bc99c-758e-4fd8-b12d-40ff815dbebe,Screen Gems Television,null
799,77db12d7-a52f-4a59-9e46-fa43c6b390d0,Gosteleradio,null
800,b279aa8f-9aa3-47a4-8e2f-6d57c927ea99,Bullwinkle Studios,null
801,6d8670eb-de24-469f-83a1-d53bc6d81650,Star-Film,null
802,c0dfc1b6-5275-499d-8ffd-1cddaca8137f,Messters Projektion GmbH,null
803,353c0af0-0fcd-4f01-89d6-c8bfc0ef8b2c,Deutsche Bioscop GmbH,null
804,39f6eb0a-6dcc-44e5-b10c-4fb93c20bb8b,Helen Gardner Picture Players,null
805,778b3279-973d-4a00-ad74-2402b0ba33ee,Lothar Stark-Film,null
806,512ffd37-8405-4e9d-8ee5-7f532fda150f,Educational Pictures,null
807,32f0cb70-b2f8-4ffd-8a9e-e6c48eb26af2,Little Players' Film Company,null
808,973b47fd-93aa-49b0-a0f2-05fcc70ce80c,Moser & Terry,null
809,aeb7bea5-3cd0-4bcf-a64d-1a881a6e9938,Educational Films Corporation of America,null
810,e7c69909-0f7b-4b02-ba3f-e97565a37e07,Sokal-Film GmbH,null
811,a4284f66-b171-4c01-8877-9d8b506de458,Siriol Productions,null
812,fd13a49f-f7e3-46d4-8cd0-ebab928989da,Sianel 4 Cymru,null
813,98d9def4-c7e0-47eb-af92-e2972f14cf94,Aboriginal Peoples Television Network,null
814,478b4f1f-e176-4906-96c5-e5cd5df29d4c,Igloolik Isuma Productions Inc.,null
815,6a9cd27f-7277-49ad-8749-349a5ad4a42c,Vicomte de Noailles,null
816,02d75ad4-5aa5-4f84-966a-09aaca5fb53c,Ente Nazionale Industrie Cinematografiche,null
817,36360128-211b-42b2-a079-85f0745ac381,Produzioni De Sica,null
818,54a10658-6382-4ddd-8f11-79cb72d3affa,Koninck Studios,null
819,8845aea6-0961-40af-8570-7369b37c5d33,Lumen Films,null
820,24d3752a-a4eb-4efc-982e-264d96452761,21 Century Shengkai Film,null
821,b41dd2ea-e56f-451b-a51f-9f0fb1e276a4,Capgen Investment Group,null
822,85e2d747-d91f-4c1f-ab83-551dc8207dd4,China Film Group,null
823,5acd4c01-0251-4d43-9971-a0a49f2e8399,Tanmarsh Communications Limited,null
824,97b0d700-4acb-4a33-b0fa-095bd3c65628,Lions Gate Entertainment,null
825,9bd3aa31-4cee-482c-8a5c-cb528d2bdd01,ABC Video Enterprises,null
826,bff13bc9-0d44-4f5b-83cb-d7ad4937f953,Topcraft,null
827,1cd64a96-1350-46cb-9d14-c63db3260b7d,Les Armateurs,null
828,1062a733-be56-4f15-a45c-c1123488628a,Odec Kid Cartoons,null
829,aa52696b-62d3-4ca2-af6a-02a81ce133ba,Monipoly Productions,null
830,dccf768a-748e-4cd2-bd3f-997cc8b8ed30,Jet Media,null
831,a19bf813-ac72-4061-a392-f1bbe540be79,Armada,null
833,b2a39120-ef57-4af3-a207-0fe9f1d89dc7,"Production Co: Toei Animation Company, ",null
834,301c6fc5-d822-45bd-9745-f509cf3d2cca,Production Co: Toei Animation Company,null
835,2328acdb-c45c-4e48-a904-314fcb69cebf,Cecchi Gori Group Tiger Cinematografica,null
836,4511c8a0-4031-45fb-be27-36c37c593bf3,Taurus Produktion,null
837,2d8c13fc-b306-474d-87e8-f3894dfc3f12,Vivi Film,null
838,a9e33e76-90e2-48fa-95aa-ad3bf5a26249,Cartoon Saloon,null
839,2062e9c1-2b85-4855-8041-f796ab2f60f4,DreamWorks Animation,null
840,0f486418-0d68-4120-9459-2f94d1044c32,Pacific Data Images (PDI),null
841,8ae4f64d-f95c-496c-93e0-25c17b23c5c0,Société Radio-Canada,null
842,9fff01d4-bb8f-4920-a876-23912a48d77c,Canadian Broadcasting Corporation,null
843,3822db67-31bb-4dea-9080-98a043f03cf1,Bio Illusion,null
844,24e38567-2590-40f4-b7b3-044d4444311d,At Armz,null
845,3a521013-7fb9-4b20-8acb-e099c42e7454,Nita Paley Productions LLC,null
846,b9bf1384-3d58-4aff-8dee-142f3fa58359,Laugh-O-Gram Films,null
847,8925dd19-a9e4-4427-b14f-685bb4927ad8,Comenius-Film GmbH,null
848,04aef3f2-33f1-46a6-a708-f62ddcb23046,B.A. Filmproduktion,null
849,4eee200b-0691-4a27-b8da-2bdbcb38e2f3,Brass Hat Films,null
850,56213c7e-b24b-4dfb-b89e-b16afecff37c,Jerry Bruckheimer Films,null
851,ffab5124-c202-4d82-a67c-be848d649581,Saturn Films,null
852,56e1b180-1a7c-444a-b0a8-45c9ebf88544,Diehl Brothers,null
853,731d6cc8-f62a-4297-84f3-a392408964bf,Walt Disney Feature Animation,null
854,83110cba-8493-4633-9749-c0d23ba976ea,Pixar Animation Studios,null
855,4526fb17-21c3-4c35-a02d-9f71690f097b,Screen Novelties International,null
856,3144d383-7eb0-45fc-a8b7-d30cd9696c8b,Screen Novelties,null
857,1550e8f1-b23b-404b-aa24-5fe807b68f68,Hakuhodo,null
858,aa06818b-00c8-4341-bd3c-c98d277e0ad4,Nibariki,null
859,36cfbfc5-01cb-413c-869c-5480af590601,Tokuma Shoten,null
860,1d78c187-6bec-4b65-9496-6aa4d1bca587,Nippon Television Network,null
861,d9a3b750-7b79-4f26-a1f6-a2953191b83b,Japan Airlines,null
862,85d9841f-da61-4d9d-967e-a3e128659531,La Fabrique,null
863,fcb3ebfc-97cc-4d4b-9003-4fd9860a41b7,Studio O,null
864,65d3f2b1-1594-4dbc-9907-14c448055b1f,Philips,null
865,de66e6fa-b04b-4d41-9b9d-b37be33e8db3,George Pal Productions,null
866,792a41ea-e8e5-4ff2-a431-e4b0d04b4b43,Suomi-Filmi,null
867,68e32c39-790e-4224-acf6-a83c30d21674,Blinding Edge Pictures,null
868,05205310-3a4b-4d43-b30d-45d750d14d97,Scott Rudin Productions,null
869,73b2c599-418b-4dda-81d5-22e00e642c12,Universal Film S.A.,null
870,d2a62f35-3dde-440a-8c76-005f5ccc06ea,Gelma-Films,null
871,2c335af9-9d36-4b9c-a98c-03f1ffc63421,Alkam,null
872,d2165e20-d33c-496c-a095-fe300c93ce10,Studio A,null
873,a1ce66e3-e52c-4e7f-9256-ac69edd841ce,MTV Productions,null
874,f4502279-71fe-4e58-a38a-6191911b0643,Nomad,null
875,67ef6ff9-fa16-43c4-b507-75a333ddc100,Nomad Films,null
876,b316c677-e257-4176-84cf-6fb647921a69,CNCAIMC,null
877,03ef374e-44ba-4d6f-9fde-8ea35c31b5d1,Fondo de Fomento a la Calidad Cinematográfica,null
878,d751ae1d-8aab-4362-993b-2b5cd0da6e82,Grupo Del Toro,null
879,387910d9-ba4e-4be8-bef0-437830bb12c8,Sogepaq,null
880,6422f310-4823-4530-89cf-3c4f7735ccc3,Pat Sullivan Cartoons,null
881,96d5f544-e0e2-4173-9885-b5678daaa3c9,DEFA-Studio für populärwissenschaftliche Filme,null
882,03941272-81d4-4a3a-b065-ebed52a61802,Bosustow Entertainment,null
883,c9f461d1-ba94-4ae1-ab69-fa3f2a91db85,American Mutoscope & Biograph,null
884,c1ff71f5-df93-489f-b881-20d65155f3d1,American Mutoscope Company,null
885,e031a784-ea27-4bac-8278-430bc9694023,Kalem Company,null
886,04091c5c-ddcb-437b-9e84-e170394ccee4,Solax Film Company,null
887,0061d1c5-38d5-4041-9643-df0d5df75633,Lubin Manufacturing Company,null
888,0280ebe6-f47b-42a7-abca-1fae05cdc039,Keystone Film Company,null
889,707be145-fb9e-49a3-93ac-20a90519c2e2,Weiss Brothers Artclass Pictures,null
890,d64bb49b-6be5-4cda-b757-9d60f68554e3,Robert Winkler Productions,null
891,092a3320-3011-4940-a65c-d92a189aae0d,Inkwell Studios,null
892,f62a81db-625d-4566-9baf-801adf614f42,Danziger Productions Ltd.,null
893,7aa2e915-b816-4484-a77a-ccb0f59d18bf,Orphea Film,null
894,fb3f76e4-159d-4fa6-ab54-8beb1a396765,Misr Universal Cairo,null
895,e8b05c4f-c059-4c5a-8892-e4e0e7894fcd,Sphinx Films,null
896,03942c7d-5c42-4b9f-9e92-4f7d967a3433,Four-Leaf Productions,null
897,036e0d3c-f1e8-4cd2-b9f8-4c7a75b212b5,Mount Everest Enterprises Ltd.,null
898,6710eeba-5b87-4702-8f8a-e6d8b60237d3,Argosy Pictures,null
899,3b100610-5b16-4c0d-8638-ec316849437d,Armenfilm Studios,null
900,f3430831-59f8-4bb9-86cc-6af508675823,Excelsa Film,null
901,08e3e3d6-75c4-49de-8601-6d136fa5f477,Fiaba Film,null
902,449a223d-ccdc-4369-9071-1949bac6f736,Playhouse International Pictures,null
903,c0885933-c55b-4e5d-a60c-adac8c68b374,Edward Lewis Productions,null
904,6eb707a4-1d7b-4b8a-a0eb-da856bba185d,Les Films d'Ici,null
905,351e875a-7924-40ad-9628-0e9e900132ae,Uzbekkino,null
906,ad83d250-4079-4d95-8c86-0cb214f14590,Telewizja Polska (TVP),null
907,2c52e00b-a848-4b3b-9c48-b5bcaf2f7afa,Village Roadshow Pictures,null
908,4a3081a4-5860-4c23-950c-dfdcd124cc05,The Zanuck Company,null
909,f8c0a57d-e237-4683-b1fb-7a866ce1a92a,Little Bird,null
910,2493fd98-a64d-4eef-8044-71967ead2338,Majestic Films International,null
911,32f84cf6-5e36-4bf0-beb8-073694eb1be9,Te Maka Productions Inc.,null
912,4be132d1-d314-4c18-9a23-9227fcadf9dc,Bear Island,null
913,ff8f6f02-b15d-4d1a-985e-770c429f39d6,Bert I. Gordon Productions,null
914,7219d72f-b55c-496d-9ab9-c37cbac72433,Baltimore Spring Creek Productions,null
915,d950c72b-0696-460f-85ba-468201b98809,Image Organization,null
916,343feec5-88a7-4610-84d2-91d1fec21644,Lance Entertainment,null
917,d7c3057d-e889-4cdd-8c57-d33f7fff9acf,Malofilm Communications Inc.,null
918,909f8304-f034-4d50-aac0-7f01f598172e,Mainichi Broadcasting System,null
919,859811b0-1fa2-44cc-b0f6-e59170345ef5,Nikkatsu,null
920,d58870f1-aa0e-4d8d-95ea-ea2142765c5b,Taurus Film,null
921,46698e9b-ef11-499d-bad0-52a852df8de6,Lacewood Productions,null
922,6b868063-1128-4bff-bcb7-96e12b1b028f,Hinton Animation Studios,null
923,eb1d1558-2502-4793-a156-adeec144a7e9,Ontario Film Development Corporation,null
924,65681623-215b-4cc4-a521-a846a0f44ec0,Maksim Gorki Studio,null
925,5ad9309a-9c7c-4944-8ebb-eb58058300f5,Cine-Allianz Tonfilmproduktions GmbH,null
926,55a3e091-133a-4e01-8d1c-44cebc9b152b,Kawamoto Productions Ltd.,null
927,57bacefc-39cc-4758-bd8a-29d7c632922d,Kyo Ltd.,null
928,414dfbfd-87c5-4ea1-865c-6a9b53f4d132,Jean Image Films,null
929,1fea91cb-c3cd-46c9-8c2a-bae893ded690,Futurikon,null
930,1e98b30c-6890-446a-b841-76608d798404,Luxanimation,null
931,983e2527-8075-4ca0-b478-97b5c10b3811,Trixter Productions,null
932,8842a878-db5e-4f65-80f2-591603decb53,Falco Film,null
933,27d5c183-a38b-4a9b-aa93-f0506cad6994,Chamartín Producciones y Distribuciones,null
934,0e103140-8430-4733-bf58-f8d286f2aa19,Copperheart Entertainment,null
935,f2bb9b2e-1524-4414-bc6c-e297c13c8c31,Water Pictures,null
936,d3bac9fb-6c2d-4bd3-a1ee-20100018d310,Motion International,null
937,d80046c6-659a-4a21-adb4-0c6c9da11dd6,Barry Mendel Productions,null
938,af88038d-9054-4d22-8872-f83ecce127a7,Bayerischer Banken-Fonds,null
939,a273c636-b06f-4a4a-8751-304c98a56c09,Constantin Film Produktion,null
940,3c28e8fa-ff35-4c9d-b324-95c5e50e44a2,Fanes Film,null
941,b3d3c337-b904-4a8c-a5ed-04e572ae87c8,Helgeland Film,null
942,0a5d78ac-b136-4541-9ddb-f8f5c6b472c2,Tradewind Pictures,null
943,8109d00e-d0c7-42fa-a34c-b209d8c501e5,Jaleo Films,null
944,0fc3026c-f523-4d56-b6b9-03235c1c240b,Filmkameratene A/S,null
945,c8d95b75-020b-41f8-972c-c863717eaad0,Film Fund FUZZ,null
946,4bb577b2-45e0-484a-ba77-e5c9c338b6d6,SF Norge A/S,null
947,c0bc510b-68a3-4c37-80f6-8873e9826f2e,Courage Mon Amour,null
948,bf9bd7b7-9bc3-44b1-b244-6c207737e757,Rembrandt Films,null
949,4811d28a-c8ef-48be-8dd5-2105247854ae,Sterling Entertainment,null
950,e70ecb36-70f2-4a03-abb6-34da524d106d,Tom Cat Films,null
951,9f297bb4-9685-433d-a83f-352348f72c46,Screen Australia,null
952,4e2c1ff7-259b-470c-b17a-d1e874977336,Magic Films,null
953,73206d33-7cf7-4840-89e3-8253afc21670,Screen NSW,null
954,bce52489-53e2-40e3-a7b5-e7d6b7749414,Points North Films,null
955,655be54b-4c10-46fd-b89a-cc3193b888d5,Norsk Film,null
956,a4758682-00a1-4fe4-9501-772bbcd73d8a,Caprino Film,null
957,7003711f-6064-455d-95bf-e8c4e3c38590,Jones Entertainment Group,null
958,9ed22ae3-21fc-4c18-89ff-51c1243db3d1,Skerry Productions,null
959,bfab7f0d-719d-4c92-aaea-d36dd0264baf,B.O.M. Film Productions Co.,null
960,053dfdb2-4de5-4273-85cb-4766eafc0c6f,Masulpiri Films,null
961,88fea270-7355-4ffe-9308-19e4436fadfd,Vega Film Productions,null
962,97616187-3f6e-4012-9e6f-174f24b979e4,South Pacific Pictures,null
963,3fa3681e-5917-41c3-b42a-f52421eb8dc0,ApolloMedia Distribution,null
964,35f316be-b90d-4507-8a73-5bba0c9e7e89,Pandora Filmproduktion,null
965,3fb00a39-40d6-40c7-a999-275b562fcfdc,Mandalay Pictures,null
966,3eac2493-9ed9-47c9-95c5-3c93700a43fa,Python Films,null
967,62d49625-b569-4bf9-a33e-05a6468b2d0c,Umbrella Films,null
968,44e5da72-fb8f-4fc5-a4e8-2019d8bb80e7,Projektions-AG Union (PAGU),null
969,ac79bd49-5c85-4fe2-bfcc-50b6c6d31835,Atlantique Productions,null
970,d6775f46-3ce0-4642-82c0-d43b998f3da7,Cinematográfica Calderón S.A.,null
971,8e6abefb-cc17-47a6-8d81-5186e4e6d948,Put Down The Plow Productions Inc.,null
972,a47d9794-dc12-4677-9da8-a32dc69f7d28,Wolper Pictures Ltd.,null
973,16e8a8a9-6596-4b97-8aec-724c9502fec5,Legendary Pictures,null
974,f0702f47-fd90-4fb2-9eb5-610b0d0315ff,Cinereach,null
975,b92e4b41-6309-4ae3-80e5-6fb6cefe1242,Court 13 Pictures,null
976,f605c139-71ac-42ea-8fd9-5ff01ff4319d,Journeyman Pictures,null
977,898a19a0-6b85-4443-8b8c-305ff9f06db6,Jinks/Cohen Company,null
978,bf3c671a-39bc-469f-9db4-37b9e1c91bab,Cinet,null
979,9016cc53-ec0e-403d-b5c0-82e3fc19c654,Pomor Film,null
980,8e1f2634-7a18-4407-b88a-05bb2ac803d7,Love Streams Productions,null
981,9884968f-dfbd-454d-83fb-933e060b9126,Wladyslaw Starewicz Production,null
982,68a1ef02-1bcc-44d1-a6de-8bdc28c2452e,Kennedy Miller Productions,null
983,1bf79963-ca5b-4049-84bb-0794c614efd0,Louisa Productions,null
984,89712284-8523-44aa-90d9-5657e41997cb,Seda Spettacoli,null
985,44dcd986-6759-41b9-9601-6e9fefa6df8e,Fox Animation Studios,null
986,7291276d-fa11-4242-835e-1f9de712cb31,Bryan Foy Productions,null
987,88698ef7-ce53-4678-b10f-7b66403c89d1,City Light Films,null
988,eb89af90-d377-495c-bdec-4b911c8e9f06,Hugh Harman Productions,null
989,922e0065-7e0b-4e8b-aaca-bdca8bfbf8f4,Jesse L. Lasky Feature Play Company,null
990,980110a1-58b8-426c-8958-688420eea417,Echo Pictures,null
991,2e96fe33-2a55-49df-a30a-2f269f8aa9a8,Royal Films International,null
992,df763a7c-832b-4968-bbc6-258f1c4edfac,F.A.I.,null
993,a8fa6be7-494a-4b00-bcc3-f7bad06eadc2,Elton Corporation,null
994,a2c0e810-e022-4eb8-9213-d0a03f68b68d,Pickford Corporation,null
995,9f9a8638-46ce-4c91-ab5f-1cbf3f9eed30,Nikola Film,null
996,8725d775-96b8-4e61-8290-a13ac1fb9862,Prior,null
997,e2ba1b17-6b0e-44b7-b3b1-3df78a4305ed,Crayons S.r.l.,null
998,cdde36ad-066e-4789-ae58-f9e67f2960da,Pyramid Films,null
999,fc893a14-9a64-4cb2-b59a-b50529f76df4,British & Colonial Kinematograph Company,null
1000,fda798b8-c1ea-426e-a3fe-1319e5e45356,Voxograph,null
1001,71087298-dd96-4f6b-a48c-85de464ca889,Delos-Film,null
1002,1f039cab-bbc4-451e-a92d-32e29ded63dd,USA Films,null
1003,96830a3c-3d30-43d3-900e-8b5336bfb23d,Sean Productions Inc.,null
1004,15d7a8bf-0bb8-4006-affd-2dad0e62d8da,Children's Theater,null
1005,6b3e1a44-672c-4c84-a923-34795dde8b9e,Producciones Filmamento,null
1006,4cfdd488-7321-4f64-a19b-bf111469b287,Kihwik Cine,null
1007,f9ed13ae-fe2c-4488-8eb0-580bf077159f,Blackspot Films,null
1008,601ab566-3979-417c-90aa-bd90dce3e676,Mithra Productions,null
1009,745da7dc-7de2-4761-a1bd-e7d86c9328e9,Boundscript Motion Pictures,null
1010,fb01fea9-933c-4b33-87e0-7e960855edd6,Eros International,null
1011,fe5fc4fd-8d4f-4afa-a82e-61640b96d037,Eagle Films,null
1012,0714021b-e817-46b0-bc2e-fbc399daee92,Uzbekfilm,null
1013,76d750bf-edfc-4764-ac06-75dac2adce0d,Brand Value Communications,null
1014,b330b9b8-55ed-4052-ab61-97c119298982,Muqarnas Film,null
1015,b3c247a8-9301-4ccc-b65d-4013aa185fa0,Shin Ei Animation,null
1016,5dc83754-63bf-47ad-b859-0ccb51a33748,Shogakukan,null
1017,72904e0a-aae0-4654-8fb6-d04dd4b22b56,TV Asahi,null
1018,58a81144-233c-489f-b347-15dac40ec51a,Compagnia Generale R.T.s.r.l.,null
1019,6792bda1-b3c3-4022-9ff5-6d33ce452035,Italian International Film,null
1020,87e6e569-709a-42f4-9f3e-f267eb227df6,Linton Films,null
1021,ef8a9124-6f55-4b07-8a6b-cd28b6648b70,Matterworks,null
1022,cd169c55-51c8-4a40-898f-4dfb9097a387,University of Southern California,null
1023,78d211dd-c08a-4ba6-b95c-acf3fded5eef,James B. Harris Productions,null
1024,3d421025-d10d-4794-8fd8-c0e77fb1bf9d,Two World Film,null
1025,26eaec93-a601-4ffb-ba91-3cfb3193d5ba,Kel Air Productions,null
1026,77838556-f50d-463a-8d76-7263b47a719a,CinéTé Filmproductie BV,null
1027,ed948a03-dbb8-46fb-ae3d-c5e958433f62,Channel 4 Television Corporation,null
1028,c65de088-e848-4796-ac6a-8c09ab797487,La Sept-Arte,null
1029,2ac3f483-0154-4e1a-af2a-8c2598dd0f3c,Corrino Media Corporation,null
1030,c9d8eb22-319d-49eb-97a5-92c7fbccd979,Pirate's World,null
1031,ea5326f1-e68d-4eed-ba70-d2161510ab2a,Don Bluth,null
1032,635108ae-954c-4fc3-a22c-c67024f5ea35,Padma Gowri Pictures,null
1033,93200947-a1c2-4abc-8c2e-a4d8060f0ea2,Mosaic Media Group,null
1034,6d0ad600-f4b5-49b4-93d3-61c16d498071,Melnitsa Animation Studio,null
1035,88695724-69c8-4140-8d54-819f5974f378,Jingle.ru,null
1036,71088647-75d3-40fe-81c8-4354165ccd05,Mac Guff Ligne,null
1037,7ec8ff8e-1d73-4515-8201-f1773c580414,Walt Disney Animation France S.A.,null
1038,35355b1d-c0ad-4667-9b01-742112365eee,KM Culture Co,null
1039,e69d5619-8226-4cf1-bbc5-95fca2ad4cd4,CTB Film Company,null
1040,87066d1c-0183-4e9f-9360-cc4a36bbaa81,Metronome Films,null
1041,2167e4cd-69ba-44aa-b027-c35848622395,Zvezda Film,null
1042,2d854915-187c-42d3-8a9b-92041cd96d1c,Bontonfilm,null
1043,133a5dd0-d842-474d-aae8-da7c9acc337b,Concelation a Girl Ltd.,null
1044,dd0e78a2-3d6a-4840-93f1-30d30fef76b5,Tommy J. Productions,null
1045,3395cc05-7ad4-496d-9542-1188f5f17b0a,Fuji Television Network,null
1046,b533a14c-c2f9-40be-8fae-fdfd9ccb748e,Toho Pictures,null
1047,b0fbf4ba-98f4-4fa1-a856-99672bc36b5a,Dago Productions,null
1048,1bb4439c-dffb-4cf6-aebb-67105d73820e,Hopeful Monster,null
1049,9bf9f85c-6322-465a-b2ce-5abe228c4c80,Chaos Productions,null
1050,c18ed9c8-c7a2-4e63-8f0b-411e6008df3c,String And A Can Productions,null
1051,1ba2cd4c-0bb4-4b04-ac6d-d41b28958b2e,Nest Family Entertainment,null
1052,3bdb3db1-c8b5-422e-9c29-126ce2589a75,Rich Animation Studios,null
1053,ee97164b-aab2-4cdd-b53e-c75513f0564d,Swan II LLC,null
1054,3354bd10-0101-4fdd-808b-a9a9e24c1b7b,Soviet Cinema,null
1055,ec0ac809-0610-48a0-bdd8-69fc2c11005d,Leningrad Factory Sovkino,null
1056,7acd806d-e461-4c54-a0b1-3f19e09d5bb8,Les Films A4,null
1057,50f922d0-2ca1-4168-8dc4-e5a369ffddd6,France 2 Cinéma,null
1058,d0c90c0f-fe42-4d8f-b610-e0d1aabaad44,Memento Films Production,null
1059,64b9718f-0ab7-4ffc-aa46-8519c342aeaa,Flame Ventures,null
1060,4fcea3ee-0b11-4d4a-919c-af8e733daa93,Prana Studios,null
1061,02b99899-54d1-45b1-a78b-b758e474b51c,Crest Animation Productions,null
1062,dffc662a-431c-4123-b6fa-985fd760c287,Sony Pictures,null
1063,9d00f07e-e7c3-483d-93ce-43a4b2796813,Motion Makers Animation Studio Pvt. Ltd.,null
1064,5fa905c6-20ef-43e3-af41-75b24068a62e,Kazakhfilm Studios,null
1065,0edaa607-39cb-4e3d-b92b-a94485eb5d45,Legend Production Company,null
1066,0998f366-73ad-4078-8ae9-1834909e80f6,Imagine Films Entertainment,null
1067,7dd995c0-7545-4173-8aba-1d70069d480c,Club d'Investissement Média,null
1068,615a12a6-942e-438f-9505-7f464e643b11,Eurimages,null
1069,417920b2-85b8-42f3-b143-57c3284ee186,Studio Image,null
1070,79fd48a0-8de1-4ce1-8f11-a4e44b6544f2,Bombay Talkies,null
1071,e2aeb002-f9df-4b8f-be2c-893ead3df470,Coronet Instructional Media,null
1072,5958b794-f308-4275-bd82-532a22f6b425,Herschell Gordon Lewis Productions,null
1074,c1c524c4-0ca5-444c-ba44-5af7c496dd94,Fox Searchlight Pictures,null
1075,b1fa4b69-ff62-4b70-a92a-b9b4dc815465,Cross Creek Pictures,null
1076,21acf28b-dda7-436f-a1c1-bbe77021c892,Protozoa Pictures,null
1077,bd754918-f1fa-4702-8da2-d3b48d027df2,Tokuma Japan Communications Co. Ltd.,null
1078,ee468516-6e6a-4af6-8588-c3c1bbef0994,Heyday Films,null
1079,0a501e73-7762-4518-a229-53626bdde7f0,1492 Pictures,null
1080,044a7c05-9a32-478f-af70-cacedad72c37,MIRACLE Productions GmbH & Co. KG,null
1081,61f70579-b103-4096-89a4-5be6637e1984,Patalex IV Productions Limited,null
1082,17d9a998-5ce2-4257-a174-a59d8b750ec4,Cool Music,null
1083,eb7ffc61-6cd8-4964-ba9e-222739780e38,Moving Picture Company,null
1084,ef433b55-aa4b-4e87-adf1-49225ad7c4f4,Claudie Ossard Productions,null
1085,7d0df3e6-9fe2-4e1c-8ad7-913bdd5f1589,Union Générale Cinématographique,null
1086,647746bf-4268-49e3-b34e-2787c5969983,Victoires Productions,null
1087,e4a923bb-0c19-45e5-a716-426836346b9e,Distant Corners Entertainment Group Inc.,null
1088,9ad2f5b4-1e2b-4358-b9bc-71ae0f151103,Blue Star Productions,null
1089,b62dfee8-aa76-4905-8ac4-1aa9d8bd8978,Filmirage,null
1090,ecf3410c-dcae-4012-8291-fa8fe0ccb279,Empire Pictures,null
1091,eb5f3d18-7331-41d8-8b32-f7bcf167fd0a,Altar Productions,null
1092,53c5cfc3-7c5f-488c-967c-b701b0bfbc84,Larger Than Life Productions,null
1093,912939d9-6103-49ee-acce-03a38233a5eb,Enchanter Entertainment,null
1094,64272de1-662d-4f75-b76c-8012ff303d5e,Island Pictures,null
1095,7298de33-0a97-4be6-aed4-ce63544f43ec,Icon Entertainment International,null
1096,a6af0c81-5b4c-4ebe-809c-e4b47673410c,Wendy Finerman Productions,null
1097,f7f5cac7-9e78-44ec-9681-e0cec30d32bb,Nordisk Tonefilm International,null
1098,93c19232-2612-48be-a195-12d7592cf838,Norway Film Development,null
1099,237fc6fb-df0b-4980-8a0b-b5f2f05441b9,The Bubble Factory,null
1100,9ad0eb9b-2242-4c53-ba72-a4e63c192108,Sheinberg Productions,null
1101,29835d49-bc6a-45df-ab2b-21a450ed7fb2,The Rank Organisation,null
1102,2749ca58-beb3-4d25-bcd7-a31d69b404e4,Toledo Pictures,null
1103,d0072228-f604-43e2-8f96-8d5a25d0702c,Zipfelmützen GmbH & Co. KG,null
1104,7f884ad0-f514-4fa1-a8a1-f4bb3918a584,VIP 2 Medienfonds,null
1105,6fbd3b3b-9c06-447a-9500-0a490b6d655f,Red Chillies Entertainment,null
1106,f7ab7d45-1bab-4f50-829d-6dccb37b8995,Groucho II Film Partnership,null
1107,09014723-25cf-4193-963a-f5ef3184654d,Puck Film Productions,null
1108,6a77cd94-a355-4d97-9b70-098194303495,Cinémathèque Française,null
1109,49b8518f-499c-4184-ba8c-191c39e9ec71,Perugia Cinematografica,null
1110,b9881359-555a-4c6b-85eb-c008c43b4791,Dovzhenko Film Studios,null
1111,c0c6be06-1be5-46b6-adba-e47d215fe8fc,Bill Plympton Studios,null
1112,a8af7ef1-1fe8-4c83-bc8d-b99a10df1cf2,Inter-Allied,null
1113,b72a6c8c-14b7-46cb-90b0-fdac5e17a8e1,Prana Animation Studios,null
1114,87201c87-d864-40e8-9034-82a8ab9c4954,FilmColony,null
1115,4358eafa-11bb-4ba2-9acb-337e8cecf2fb,Venus Features,null
1116,28b014eb-89f7-4273-8a64-ff814970db5f,Basant Pictures,null
1117,2ce8d924-b2f0-425b-93ef-caac6a18789b,Cardinal Productions,null
1118,ca75edf2-2211-467b-b126-dc9312fba75f,Joe Rock Comedies (I),null
1119,028bee1e-b691-4d64-8d10-ddf2eb81fe48,Metro-Goldwyn-Mayer (MGM),null
1120,3d0f9c7a-a14f-42d0-a0f1-c2e082813f26,Classic Theatre,null
1121,f595a618-87db-4073-bb65-be507baaf294,Wadia Movietone,null
1122,c6a7dedf-faab-49c0-a357-447a829e1e41,Madan Theatres,null
1123,25cd6d5f-9423-44ff-919e-cfa49e53840f,Krishna Films,null
1124,7623256c-0929-4b4a-9dee-f01e939032cb,K. Amarnath Productions,null
1125,547630ed-688c-42ae-8924-888b3648d51e,Bharat Lakhsmi Pictures,null
1126,e22b9415-a5e1-4749-b998-a53169a6bb00,Shri Bharatlaxmi Pictures,null
1127,4c6a42ea-4b87-4a3b-ab0a-e1aca61920c4,Wadia Brothers Production,null
1128,dee932a6-c024-4fa9-ba71-7160633af847,Eskwad,null
1129,602e3ff0-5eef-447f-a0a3-a6cd322bb437,Pathé,null
1130,d37c4898-ae9b-48fc-a24c-4b179ef2ffa3,TF1 Films Production,null
1131,b951e47d-8a21-4d35-a4ba-5f5eb7f1315b,Catch One Productions LLC,null
1132,3629fcb9-f627-4d3d-8223-79f7e85c278c,Darius Films,null
1133,fa5e5325-e576-4fad-a0ee-8cb776c360c5,Massey Stalmaster Films Inc.,null
1134,d6b18c01-7164-4ec7-9bb6-495e2c02c8f5,Allied Filmmakers,null
1135,096cede5-f63e-4d28-a975-d8d5bcc64094,Caravan Pictures,null
1136,5b047de5-744e-499a-8823-52ea193b1b21,Rysher Entertainment,null
1137,02e282c9-28b5-4c55-ac75-ab486088cd59,Monsterfoot Productions,null
1138,fc2dab2e-8ff9-4b9a-a327-cad814e01681,Scott Sanders Productions,null
1139,628eb83d-712d-438c-8ce2-27d834d9cb63,Thema Production,null
1140,13c9ce45-c1b2-4461-97f2-81f7a6da6a04,Comet Film Produktion GmbH,null
1141,589e5828-a829-4f5e-bea3-04b16a8cf394,Delux Productions,null
1142,2213517b-ef8e-402e-b84b-a5a59d0efd80,Jersey Films,null
1143,8f42f389-31ac-415e-a7b6-a517b4b35f61,Mandate Pictures,null
1144,e1c1d419-477d-4ce4-81e8-ab2728749f76,Walden Media,null
1145,ac84197d-d1b2-4d3e-8176-d59b12de8d9f,Forgan-Smith Entertainment,null
1146,5cb97d66-c5d7-4a53-be9b-3e298816cd6f,Eurofilm Stúdió,null
1147,62abda90-c52c-4971-8b31-3d4708a55823,New Line Cinema,null
1148,8af2630b-4098-478b-a70b-f453f8c0dac8,Internationale Filmproduktion Blackbird Erste,null
1149,ddd26d9f-d3bc-48ea-a169-16a42e90aca9,Happy Madison Productions,null
1150,fd040800-b907-45d2-bbf3-bda0e16c7165,Gunn Films,null
1151,c52a73d5-72f7-41e3-b9ca-97438bd682f7,Ozumi Films,null
1152,fbafbabf-b912-40db-aa89-17729a08de1e,Fox 2000 Pictures,null
1153,d48eede7-8919-41c4-b4c7-29bfeafded6b,Dune Entertainment,null
1154,bdae35e0-5d99-4f15-9ea9-afb42d133ab6,Orion Pictures,null
1155,86e94623-12d9-4e3b-bcae-8c4c33b5cfab,Darkwoods Productions,null
1156,372f233c-8554-49be-a50d-cf317910dd8a,Scene Nation,null
1157,c106a395-271f-4f85-9c00-e2e928aa784b,Solar Films,null
1158,ec03f6d0-db5c-4141-9b31-50f8b1077cec,Caramel Film,null
1159,cfbcde74-f5c0-4ff1-994f-23f091b3967d,Anil Kapoor Film Company,null
1160,31b02e9d-1893-4a53-a590-5c941ce593b4,Atlantic Pictures,null
1161,db8828cb-215a-46dd-8cbf-a01e04282d89,GH Pictures,null
1162,72693e6b-8b87-4577-8ce6-1b034bf61822,Golden Harvest Company,null
1163,1cc27830-e61a-4805-bd6b-09f80ada640b,Golden Harvest Pictures,null
1164,037e25c9-5ac1-4626-b8f9-5eac9038c14b,Lucamar Productions,null
1165,4b3ec9a3-99a5-40e5-a9d6-9283d2a76690,Marc Platt Productions,null
1166,980fe9a1-45df-4ce8-a367-71e40ceff7af,Archimede,null
1167,a54d5279-ec9c-42fb-98d7-413afe136847,Le Pacte,null
1168,4b3a54fb-98aa-42f3-97f0-4966bcccd8b9,Berlanti Productions,null
1169,b4d8cd2c-72cd-46ea-b176-f2d164ecd14f,Forthcoming Productions,null
1170,09c53cae-96cf-4c5c-ab99-1560e2dc187b,Yesbox Productions,null
1171,8ea79f33-d12e-43f7-9b56-92eab4a9fce3,Lucky Studio,null
1172,c173d6bb-c8e0-4c49-a325-a0e10d47f838,Sanchar Film Cooperative,null
1173,16397897-59e6-4d2e-8325-59b72722f289,Art And Animation Studio,null
1174,da22284e-bbfa-40b7-91c8-975e7c062cf8,Visions In Technology,null
1175,4d45bc93-a5cd-4e5e-bdc4-498c0329c188,D Production,null
1176,2ac5248f-c504-4c6b-bad9-a38bb5972b35,Biograf Jan Sverak,null
1177,c928b493-86df-4828-87cc-3806bbb1228e,Phoenix Film Investments,null
1178,6724a5f5-e12e-4216-b68c-6fd758fcdaed,Next Production,null
1179,53890dcd-5ee4-4a42-abcc-cf1b0a5ec59f,Ceskoslovenský Filmexport,null
1180,a9c7c68d-17a9-4ea6-9b11-2fb008adbe05,ACE,null
1181,1987f833-0fbf-4f52-bd36-188adaa36f60,HBO,null
1182,c2b2bee1-645f-4ffc-8d8d-284dd21a7741,NERO s.r.o.,null
1183,3eca8ca5-ed75-4d28-822f-c9fa52b4559d,Aurel Klimt & Martin Vandas,null
1184,9956fff7-7ece-40fe-b445-d59638f9dc85,MAUR Film,null
1185,5798b317-17c1-4e47-90c1-3a6838086cea,Hoo Doo Production s.r.o,null
1186,0e546ff1-390e-4a3b-8b15-94c0ea98966f,Universal Production Partners,null
1187,dd3b3542-8ad3-4676-b9a7-82916194f36e,Fronda Film,null
1188,2daaa998-02d6-4484-a528-aee9f4a4da92,Whisconti S.r.o.,null
1189,c05cb2ac-57c9-4dbe-88c9-cf85377f94b0,Golem Films,null
1190,99337fe1-79d7-4297-aa0b-4b193254f496,Media Pro Pictures,null
1191,9ed16dd8-6690-4f1c-a5ed-2cec19025f0e,FV Plast,null
1192,58fb6e2f-b23b-42e1-b9ae-64d5b696e410,"Zespól Filmowy ""Profil""",null
1193,43b2b6e8-8237-495a-91a7-4f402c2dab0f,Studio Kresleného a Loutkového Filmu,null
1194,efee504a-7246-401e-8490-b79bf76956fc,Three Brothers Production,null
1195,822c6f1b-2ac5-4806-a6cc-2dde0ddc1bc4,Oldrich Kmínek,null
1196,95df9c42-3fca-40ea-ada7-f8c2e65a5a8d,Flamesite,null
1197,7c14a099-f40c-44ca-98b3-ab5f58fd15e7,Happy Celluloid,null
1198,8e4eddd4-ec5d-40f1-a893-17cb70de440c,Pilot Moscow Animation Studio,null
1199,b0632881-e8ed-46c4-a098-35b50a28b51f,Paradise Group,null
1200,ec3f23ff-c4a2-4ead-93cb-bca66b6ecae5,United Multimedia Projects,null
1201,8da6a90f-6f88-495e-b5b1-ff0922170661,South West Screen,null
1202,54cbdbed-fc63-48f6-819b-f4fb5a1e39c6,Archer Entertainment Group,null
1203,d7dc58c0-3371-4596-a582-7449715b5eb3,Improvision Corporation,null
1204,eb06e63f-bd97-45a0-84d1-e5769459390e,Media Cooperation One,null
1205,65c8c448-c930-4f14-82ba-ed699db4b109,I.F.A. Infine,null
1206,d892b1b7-c2cf-4adb-815e-b11bc2b9d540,Telemagination,null
1207,8380c607-4ade-46b5-b835-0bff4ed02e67,Galaxy Vision,null
1208,50d86405-ef0d-4406-9600-a5259b6ef1e1,Parachute Pictures,null
1209,ea0a3590-91ba-4669-9eed-6ccf21371179,Oman TV,null
1210,809e17c1-73dd-43ca-a6dc-c6c45b7b570d,Bruno Bozzetto Film,null
1211,55723d89-9b28-41e6-a3c8-1fdf5b756991,Ministero del Turismo e dello Spettacolo,null
1212,6efd0298-612b-4fce-8b7d-a27ede0141cd,Istituto Luce,null
1213,01cbfcbf-a19b-48e2-9453-2af664e39a97,2d3D Animations,null
1214,21f29c51-0b16-4bd3-af0d-b6f10556e102,Cometa Film,null
1215,273aff96-6239-431b-b242-f11fe3b66bb2,Iris Productions,null
1216,e9a1447f-9169-4d7c-8522-fc5af6f51d63,ANFRI S.r.l.,null
1217,6f1c44ee-8120-4f5f-9e0d-512732f27a81,Reteitalia,null
1218,4c690a41-9d7e-4405-824e-8eb92407b037,Harmaa Media,null
1219,1a80da31-15b1-4243-a11d-d743c2305e91,Old Trace Road Productions,null
1220,1edeea39-5f64-4a7c-9982-1521ab436d02,Luzzati-Gianini Productions,null
1221,e19f91c4-1c50-4b80-aec3-071b6dedccc4,F-Seitse,null
1222,b8462b0a-b204-4537-afd9-3e279762cc89,M6 Métropole Télévision,null
1223,756ccd67-a8c7-44f3-b4b6-e677fb2dc5b9,Mediaset,null
1224,71259603-97b5-4ee5-8416-c8b350d56c78,Jambre Productions,null
1225,d3837606-60f4-4687-9f0d-cdad05b2d4a0,"Australian Film, Television and Radio School",null
1226,1d0ea2d1-969f-4f1a-ace2-4447a15574cf,TBC Media,null
1227,14afd381-9219-4045-a3e1-7446751a921f,Warwick Burton,null
1228,a6887726-b89a-4565-967f-d6ae25a8aafb,FilmDistrict,null
1229,18fa9895-b7f3-4ff0-b5b1-fe03d67ff9bb,Necropia,null
1230,9562149e-3f08-4e27-9498-7ccb3947b305,FAI Films,null
1231,224105e2-7b30-4509-8033-cb346e614ad8,Kroyer Films,null
1232,80af25b1-2935-463f-8f1a-a7f4284702e5,Youngheart Productions,null
1233,a17a079d-7a41-428a-a7e3-069532277d30,Melodrama Pictures,null
1234,89d3f4e9-69a7-4dd2-b06e-d1ab3df1dc13,SBS Independent,null
1235,c503133a-f78d-49e5-95fb-ed1cb8438c8e,Thaumatrope,null
1236,20d00758-97d7-40f3-82bf-c2d3593f717d,Passion Pictures,null
1237,34165ac6-a1d2-4455-bb9c-eda1de89108b,Zealous Creative,null
1238,d071e06c-f5ac-4b9b-a283-ddcf214ff75e,Hal Lieberman Company,null
1239,4a58d33b-ef36-47e1-980d-71801925d6a2,Lauren Levine Productions Inc.,null
1240,91651051-02ea-4e5a-ba1c-c939779ff37a,Nickelodeon Movies,null
1241,822e973c-24fd-4d59-8a27-46ea1875dbbe,The Kennedy/Marshall Company,null
1242,7d00de59-c9e2-4a50-b3da-a759f00d5626,Asia Bright Investment,null
1243,28a65bbd-3916-4c60-8dd3-4cc80097be43,Beijing Forbidden City Film Co.,null
1244,79c5ee10-dec3-4579-8eb9-1ac64349c0ed,CHS Media,null
1245,a69d9aa2-b8a5-43b2-8c01-a8586ba757e6,Edgar Neville Producción,null
1246,bd5d3de9-b47c-4407-a3ec-a4ed660619c6,Sagitario Films,null
1247,dc0c0041-efc9-49f9-8b75-81a2b3b69630,Beantown Ranch Entertainment,null
1248,2c1ad9a1-ae0d-476e-81f8-0e564f6c4a2a,Silver Screen Pictures,null
1249,4fe49274-df02-4387-b35b-bca0a31eedf9,Qartuli Pilmi,null
1250,929867cb-321a-470e-bb98-6b7429a1b6af,Atriascop Paris,null
1251,629cea19-231a-4c1a-886a-4225928ec920,Burkina Faso Ministry of Life and Culture,null
1252,d4d28942-4f35-48d2-8aec-79b875cc480b,Adelaide Film Festival,null
1253,73570d56-a2f8-4c57-b372-3f82e6008566,Fandango Australia,null
1254,f431a5ee-4f60-4cb1-94cb-c53fdc72370e,Fandango,null
1255,c7bc00ec-8ac2-45e7-a40e-afdc6545f094,GDC Productions,null
1256,cefa3fa1-1992-4630-b517-27aa3cfc6c79,Carthago Films S.a.r.l.,null
1257,76e9feda-636f-4beb-a76f-7a8c48f31839,La Sept Cinéma,null
1258,860bd5c0-7925-428d-94a3-2591a45d8614,Behnegar,null
1259,0a5c2dd5-7bab-44f7-81d5-f4fc86317296,Farabi Cinema Foundation,null
1260,f632ce91-874e-49fa-a7bf-74c0b426e15a,Hannibal Films,null
1261,49fde73c-a93c-4003-94d9-f1b481429bc8,Causeway Films,null
1262,30933b4d-69ce-4d62-a4c7-9a97031d65c4,Smoking Gun Productions,null
1263,2c9a0ed4-0cfb-4636-89e0-a467ae62e7a0,Agencja Produkcji Filmowej,null
1264,39814fe4-1552-4d8a-9b35-c8bc48c60bfb,Fundacja Kultury,null
1265,85087881-8bc8-4c11-883d-db90e1330b0b,Studio Filmowe Anima-Pol,null
1266,4a1fa132-b41c-415c-aa4b-9b7ea1c21343,Studio Filmowe im. Karola Irzykowskiego,null
1267,0184aab9-fbb6-486f-9b94-14631a423783,Chesler/Perlmutter Productions,null
1268,573b2ba8-20fd-4046-8074-433035f40fe4,Film Polski,null
1269,56f9d308-cf33-4652-8995-28a37add5d29,"Zespol Filmowy ""Perspektywa""",null
1270,9c617f16-9cad-4675-9c54-149a4f9f41ca,MS Films,null
1271,adc440d1-07ad-4cad-8af6-891cbec5473f,Vacek Film,null
1272,b64e80e7-bb39-4ff1-8788-32dc81742632,Se-ma-for Studios,null
1273,f7bb7e97-25e6-48f7-8b96-392e326a62a6,P.P. Film Polski,null
1274,e2a800af-da44-43df-bb42-4496430ff139,Gulliver,null
1275,dac39480-34ae-46e7-bbe4-cad64711c51b,Ray,null
1276,9e4dd6ab-6a3b-48e8-ba38-fc077545f1bf,Amartian,null
1277,d06dc2a7-4108-46e2-b811-41c4d45b95be,MEI Travel,null
1278,d52f3043-2144-4fe5-b1df-a764fc7109ea,Mouse Fan Travel,null
1279,51d17e6a-6e0f-4f47-a705-804627e901bf,Armor Films,null
1280,f4e8dd77-33a7-43c0-ba3a-fa0f02e7c54d,GK Films,null
1281,a2726980-ce11-41cd-9471-1a74738db3f9,Infinitum Nihil,null
1282,e709fb93-7a05-496c-a198-5b546cd7ff34,Amy Belling Production,null
1283,99944217-9c8a-41f2-adbc-5dddbd3152e6,Ruby Films,null
1284,1f9fd223-15a8-4e1e-917a-342a7aa5d6cc,Essential Media & Entertainment,null
1285,444a37d3-41f5-48f4-9f53-1be192a6927c,Nordisk Film,null
1286,dbaa783f-afa2-49c2-a416-f0658fc8ed6d,Sveriges Television (SVT),null
1287,25e3556c-0900-4027-a16b-e9abc192f03a,Norsk Rikskringkasting (NRK),null
1288,0d12b63a-017d-45df-84c1-03267ef68283,Conglomerate Media,null
1289,b542b6db-d528-4e0e-9948-6c14c4cbb8c6,Voltage Pictures,null
1290,e6dbaaf2-5721-42aa-a195-d557d19972b5,Film Futures,null
1291,3f3ca14b-67ab-475c-abe0-80f7ae9ec3fb,Applaus Pictures Limited,null
1292,815d2612-0189-440b-8726-7ed89cbc44f8,Medusa Distribuzione,null
1293,6a5e72e1-090d-4961-a263-f645cfd15e5b,Night and Day Pictures,null
1294,615b31d8-8b2e-4739-b54d-2fa1a59ed68c,"Zespól Filmowy ""Kadr""",null
1295,8dea8dbd-da00-48eb-8bf5-2e36868be6d6,Studio Malych Form Filmowych Se-Ma-For,null
1296,e39acf26-8b01-427a-acb2-7d52400b142e,Les Films Louis Nalpas,null
1297,5886ff1c-3b29-476e-a7e7-b39f90928058,Archangel,null
1298,c7d79d02-02f5-4796-8236-2d1d09bda976,Live Entertainment,null
1299,72caeedf-8d4b-47b0-9057-f4ef7872bdaf,ContentFilm,null
1300,a86ec945-41e6-4590-8496-97e4701805cc,"ZRF ""Rytm""",null
1301,b481e958-e1ee-4122-a4be-2d71ebab2c87,Ultra Film,null
1302,e6c42f39-fefe-4c20-a4eb-084eaebbd01d,Oy Filmkompaniet Alpha Ab,null
1303,c08bfbe9-34bd-47bd-a6dc-e9c3000d0ab0,FST5,null
1304,069588c7-1be6-49fe-82a4-17b3996f8e95,Filmkompaniet Distribution,null
1305,669ef104-6619-4210-9935-85480dc166e9,Sovinfilm,null
1306,67acbf63-4413-4efa-ac63-cf524bed770a,"Zespol Filmowy ""Zodiak""",null
1307,bce2bc93-b7bd-4f8c-92af-28b96027d41b,Triggerfish Animation,null
1308,b529776e-10a1-4371-8185-0e38bd27824c,Banfilm,null
1309,b6ec0711-852d-45da-bb6e-771c6e330535,Canal Horizons,null
1310,85c8c431-75d6-482e-b1c2-81051af2a80f,Hubert Bals Fund,null
1311,b44ad25a-f3e8-4a4e-a52c-b2af469379b4,Films Domireew,null
1312,eaf46227-93c1-4aa6-831a-62d7ca6aa916,Ste. Me. Production du Senegal,null
1313,928ba070-44c6-4943-af3c-f3c7441ed8eb,Arcadia Films,null
1314,b2a1e81d-c067-432b-be75-3ef42007c324,Les Films de l'Avenir,null
1315,6dfd8dd2-399a-4419-8be1-7d5af1d2efaf,Thelma Film AG,null
1316,7a35870b-cb29-4bf9-9d4e-a915b9a4214f,Wytwórnia Filmów Fabularnych,null
1317,a4866f2e-2cd6-42c9-91ae-ab4d598027e7,Studio Miniatur Filmowych,null
1318,32415ef5-4369-4ab0-a86f-85c55deff09e,HBO Polska,null
1319,a24bafa3-c2d2-4524-aae5-7a2cfc4f6a4f,Monolith Films,null
1320,13330260-bc1b-4f66-9162-5e35553117bc,Studio Filmowe Se-Ma-For,null
1321,81e82f88-1b97-4a1c-9494-eab2de8c8619,"Zespól Filmowy ""Studio""",null
1322,3fa02438-a09f-44d2-bfcf-e57891478eac,Georg Gruber Filmproduktion,null
1323,a31e3763-c797-4659-bd5e-ad8f5426a891,Syrena Film,null
1324,4514962f-f184-448d-abb9-872c1688bd9e,Pathé Consortium Cinéma,null
1325,86bc4be0-73c5-4479-b390-e0301fdfbcbf,Studio Se-Ma-For,null
1326,2823ffbf-6425-41ff-bf4d-e01ff9146caf,Esta Vivo! Laboratorio de Nuevos Talentos,null
1327,4e456dc1-d8a0-4d5a-ac44-8b07e09a064e,Kadokawa Pictures,null
1328,75bed576-7559-4721-90f5-028e23a39b2b,Dino De Laurentiis Company,null
1329,2de03345-d709-470a-a51a-eaaadf04dc16,DNA Films,null
1330,0e3dffd2-d637-457c-96d7-7fa69080af04,Shamley Productions,null
1331,1714058e-767c-404c-8957-74a664b78231,Newmarket Capital Group,null
1332,bc6410f0-01eb-4b91-b8d3-abddb758fec1,Haxan Films,null
1333,5ce773b7-4ff2-4fa0-83cc-cdd6a49250a6,Dream City Films,null
1334,8cb363d1-b8ff-4a1b-a171-c5e9c49df663,Mike Jacobs Jr. Productions,null
1335,9f4d0bab-4af3-4257-9026-9019b3eb9cbd,Utica Productions Inc.,null
1336,885eb8e5-ca55-4eb1-b27e-45cd7202d50f,Palace / Imaginarium,null
1337,8b8285d2-6cda-4876-b3b6-1efa9f78b101,Mad Hatter Entertainment,null
1338,d7070efa-1c07-4e5a-8b31-a3df2f3ca1a3,WingNut Films,null
1339,3ac66a3f-9cb5-4cb4-be6d-32c0e3831165,Dream & Pictures,null
1340,874171f8-00f4-4bf2-ad7b-516bb7c642ff,The Dream & Pictures,null
1341,a4293f48-e733-49e0-b973-13028b3deafe,CO Films,null
1342,b6d91d67-6e97-4110-af64-75f25199c287,Sio Film,null
1343,0f8d9519-9444-424c-a04c-b2d16e7b7263,Shin Films,null
1344,375e9946-7485-48e1-9bad-87fd5825d1cd,CJ Entertainment,null
1345,1098bd6f-d92e-4b4b-a5ac-3bd68c14fffc,Mirae Asset Capital,null
1346,547e60da-bd6d-4026-bc54-855a16236f37,Saehan Industries,null
1347,2d3c2f2d-31b9-4259-b16d-95014c6908b0,KOAA Films,null
1348,41977ca5-1cc5-4334-8afb-fe2f06c8d65f,Akom Production Company,null
1349,6856de00-2600-43ad-bdcf-7018d7873025,SEK Animation Studio,null
1350,881ba701-1ea4-476b-8bbf-37793cad4423,Shin-mi,null
1351,f414238a-81d9-444e-afc2-8e6a14aa0d09,Hwaseong Co.,null
1352,29321aee-634a-4942-9908-0062d38fab94,Shin Cine Communications,null
1353,e9de9c5d-109a-468d-8e6b-1da195141841,MK Pictures,null
1354,ff9c884b-2f7e-47a1-b803-6fae2ab13fb0,Shinsaeng Movies,null
1355,3c444739-6a41-433d-9a45-b211a49fc24f,Taechang Productions,null
1356,436b4e81-c3fe-4fc8-a10d-c50148c8025e,Sinabro Entertainment,null
1357,721fad2c-7ef2-44fb-ac8e-8ba4280e3d09,Taeheung Pictures,null
1358,0e140193-54ad-4b5c-9377-b6cc170f417d,Anyang Films,null
1359,369acdfe-d06e-4f76-b56f-1c8e9a59a3e0,Trinity Entertainment,null
1360,5823795d-d8c2-4eab-9a17-72858c71bc98,Sunwoo Entertainment,null
1361,2f46ca96-729d-4fc3-8225-048e30850656,Sociedad Impresora de Discos Eletrofónicos (SIDE),null
1362,6409dee9-3d10-45f5-93fa-501256ec08b1,Brasiliense Filmes,null
1363,d98e6115-1abe-4ec2-b6da-be6f4738f5de,Cinétéléfilms,null
1364,a581d449-6478-4585-9d46-86e35336ca9c,Mat Films,null
1365,d55cef04-fb1b-4939-9609-59eedcc2da80,Jiyu Eiga Kenkyu-jo,null
1366,17dc72e9-8e8c-442d-acaa-8a069842b343,Neptune-Film A.G.,null
1367,aae358f6-8afd-4c11-ad4d-e163069d8dfb,Cinémax,null
1368,0a6859de-05bd-4b46-a189-ca9be7eae792,Antenne-2 (A2),null
1369,abff483a-1b64-470a-8777-78ecf002bfea,Nexus Factory,null
1370,9001a414-b7a8-4210-a2dc-08965ef03db1,uFilm,null
1371,7d4ba072-25cf-41ea-b6dd-f78b3df8534d,Vertigo,null
1372,9a514444-96ad-4a97-901e-012afe8364d9,TF1 International,null
1373,226cea3a-a6e5-44fb-9158-a7dd18814905,L'Arbre et la Colombe,null
1374,e5a59b36-d188-40c9-bcc4-f6dbc16135e1,J&J Jakubisko Film,null
1375,3924856c-d93f-4836-8703-8d2b072ea68b,Esselte Video,null
1376,548aa1b3-8856-41cb-818b-2db64f234586,Finnkino,null
1377,b2c96629-267f-4ff8-a5c6-ec752446032a,Svenska Filminstitutet (SFI),null
1378,7a776235-b2b8-41b0-9fe6-1c82b42ccdd7,Shanghai Animation Film Studio,null
1379,ff94edc6-fc2a-4347-a55c-1be30d7d2d14,China Central Television,null
1380,fa257514-3b12-4d75-8055-78b61976f140,J Dream,null
1381,8cf20377-5dd6-4afd-a1b8-551dcf958ee5,Casey Silver Productions,null
1382,c90f41da-d28f-4e97-ae33-e20220c8970a,China Film Co-Production Corporation,null
1383,b9377159-50f6-479b-bba1-d7f0e7a68464,Huayi Brothers Media,null
1384,3bcf3559-adc8-4c61-9d49-8ebd2dd78e0c,Bingo Movie Development,null
1385,7a912dd0-4631-46ff-b2a5-cdfd021aa0a1,Global Star Productions,null
1386,4bcf786c-a0a6-435e-9fa7-1c298f14d29b,Mandarin Films Distribution,null
1387,3af5da63-6f60-40bb-8fba-2bf95c0a5d03,Filmko Pictures,null
1388,7a7f16a5-ec33-43b2-86b9-20c4353208cc,Gaumont British Animation,null
1389,a3ce0193-204f-423f-bb1f-62b499ac6c05,Alpha Trading Company,null
1390,dd03fed9-ff9d-4014-bc32-c05145be88c4,Universal Production Partners (UPP),null
1391,08c030ac-e87a-4fa1-91a7-1573443ecb55,Studio Loutkového filmu Gottwaldov,null
1392,b7594f4d-2ff9-4b2c-be16-9b157e2199f2,Et cetera Group,null
1393,11b80d5e-d29f-4eee-ae1b-f0b1227d859d,Honys Motion,null
1394,12b37274-cc4c-4615-b19e-a4ebf330985c,TV Miracle Film,null
1395,12273092-7896-46c8-9433-f2dc8a0ec144,Barrandov Studios,null
2390,efa9045f-9e53-4ccc-a60d-6b7a155149b0,Jugendfilm-Verleih,null
2391,d9e840e0-fdbd-41eb-a800-701b1df2aec6,Rolandfilm,null
2392,9356c8d8-8a31-444c-94b8-7df1b5e6c122,Czerny-Produktion GmbH,null
2393,1c0be1a1-c180-458d-b113-0fd88addb509,Zengerling,null
2394,7280afe0-5bed-40fa-acad-9dc3f05963e1,FR Entertainment Film & Fernsehproduktion,null
2395,d874aaa2-2e7c-4a03-b544-836b40702af5,Bayerischer Rundfunk (BR),null
2396,cef63243-a8ac-4956-bc04-065898e81847,Hochschule für Fernsehen und Film München (HFF),null
2397,a9bfe1ee-19e3-4661-80d7-4bb5dc69e20e,Schongerfilm Hubert Schonger,null
2398,f4434019-453c-40e1-8273-2c5d0113bbeb,Kinderfilm,null
2399,4324c3c8-7ab5-46a7-b1ff-f20a6e7c31df,Bavaria Filmverleih- und Produktions GmbH,null
2400,c3d35085-4903-4875-8e65-9bae17a8da8e,Südwestrundfunk (SWR),null
2401,1f4d56cf-e01a-45f8-945a-86a1e319cb46,Bremedia Produktion,null
2402,06046de9-03f1-42af-9211-2855417935d2,Das Erste (ARD),null
2403,edb9c519-39f5-4821-a6eb-7babe86815e8,Nordmedia Fonds,null
2404,6cb2522a-7c45-4356-a5ef-21fc79b2ecff,Märchen-Film Produktion (Berlin),null
2405,f7e47961-cd55-470d-8789-f40dab5eaeb7,Märchen-Film Produktion Alfons Zengerling (Berlin),null
2406,384c868e-5644-432e-8340-aeab013063d5,Studio-TV-Film GmbH,null
2407,fe97e68e-1e34-4fad-83d1-fe25d1001113,Mitteldeutscher Rundfunk (MDR),null
2408,8dc01728-0736-4ea8-a7d8-477771b560aa,Sonne-Film,null
2409,0f22c1f8-9901-463e-a44a-ed60942b006a,Österreichischer Rundfunk (ORF),null
2410,92dafa9d-e2fe-4de7-931b-f0ce9fd03ee1,Iduna Film Produktiongesellschaft,null
2411,b369baf6-b68d-4300-9b60-e18944066724,Rialto Film,null
2412,440a13e6-c450-4b72-81cc-69b977f0c994,Facts and Fantasies,null
2413,6e1bbf22-6cc2-44fa-b70d-2aa8c851d721,Wegener-Film,null
2414,a312f9dd-b37b-4766-8fe7-0bada884e030,Erfttal Film,null
2415,62d7c395-3e3c-4cc6-8fbd-d8cc229111fc,Animationsfabrik,null
2416,783a61d8-b738-470e-b6fd-c7eadc444aa6,Animate!,null
2417,51eedfe8-dc29-4b68-b98f-bb768d09a315,American-International Television (AIP-TV),null
2418,401ac256-7992-44bf-b666-f988c477f436,Grand Slamm Animation,null
2419,1efbf9af-d616-459d-9eb1-6ec7fe58723e,SGC Entertainment Inc.,null
2420,ef95ddae-8473-448d-b1e2-e9e048d01fc7,Nietzchka Keene Production,null
2421,3b31b15b-ddeb-4b10-b1dc-c8df4f67744c,Snowman Enterprises,null
2422,f12e22a0-f8c0-4aeb-924b-d9c18aa1ed16,TVC London,null
2423,f1989e4d-5eb9-4671-926a-d852ce99c09f,Smoothcloud Production,null
2424,bacca134-7baf-4bab-b4af-1a86433eecab,High Eagle Productions,null
2425,8a5e3631-0f49-4e7f-8794-34371de30d0d,MPL Communications,null
2426,5468a3a7-cb7e-4246-a3b0-e466d8c3f863,Ariadne,null
2427,e9af616d-7cbc-48ac-9e1f-1e9ce5c62e0d,Apple Corps,null
2428,f6df86f4-e7cf-4cd0-860e-0e8954c5ba05,King Features Production,null
2429,2d87fd52-6f3c-4b90-b1ac-13df5abe4451,Splash Animations,null
2430,37366eca-f1ca-45fa-aca7-69fde21ef66a,Sianel 4 Cymru (S4C),null
2431,1da49b68-b18a-4221-a883-b499bf062ce6,NHK,null
2432,bc6088a8-c438-4fc9-abd0-50722df93999,J&M Entertainment,null
2433,c298dc10-0323-4e13-8313-b1f8a4a9748c,Incorporated Television Company (ITC),null
2434,0f60c37c-4ab2-4e0d-ab38-2214d9f81388,Haiyan Film Studio,null
2435,a6ef0bfe-299e-43cc-8fa7-0a70c389acd0,Filmax,null
2436,e56791d9-c021-4771-aea3-5f3b513d7e95,Capri Films,null
2437,089f572e-3fca-4bf5-ba94-c13047a0218d,HanWay Films,null
2438,94f55e32-8a85-4df8-ae8d-5e1d15b049de,La Compagnie des Indes,null
2439,992244b1-1955-46fa-b5bb-343577275a26,Warner Vision France,null
2440,42e5cb9d-cf73-442f-86e5-e581a78ec8c7,Pipo et Mario,null
2441,87a9ef1b-13c3-4558-a0c8-3ba73c805a3c,Juste Pour Rire,null
2442,fca1b77b-ec14-4534-a0fe-fe7035d2f243,La Société Nouvelle du Thêatre Marigny,null
2443,cb481b8d-3d36-4cfe-ac03-d37f910bd7bb,DreamWorks SKG,null
2444,ff29c91f-944b-4ed3-8c8e-3ff14f8ed4e2,CITV New Media Group,null
2445,fb4c1408-cf96-4892-afe3-dc2995c905f4,Xi'an Film Studio,null
2446,af9895f7-a4ab-42ce-adec-913d955ee0f9,Shanghai Film Studio,null
2447,38affbbc-9168-4623-bf35-7f4ab978fa88,Shanghai Television,null
2448,f97e3fda-f5fa-4082-8d9c-f55d5a0c2d56,Starlight International Media Group,null
2449,d0580f78-8bae-429f-8aff-7100eea48e0a,Hunan TV & Broadcast Intermediary,null
2450,b47ec136-6de3-45a5-abd0-3381887dbe11,PKU Starlight Group,null
2451,e3b3b37e-bf6c-4f0c-bc55-ef2920ed6107,EuroVideo,null
2452,4c9adb89-67ff-4c05-adbd-b9c02048a47b,Echolands Creative Group,null
2453,918a6565-4218-4dba-92c4-6f9c07884051,Ripley's Home Video,null
2454,cdbc4b40-4ba7-4b04-9903-f84435064b2c,Unearthed Films,null
2455,b9415000-5c2d-4038-a16c-3eeb33e592c1,Violet Films,null
2456,824cb878-4f6c-4ae0-bd16-66f49f0addbb,Ningxia Film Studio,null
2457,54df3664-4b76-4981-a414-b69007f8d21f,Shanghai Film Group,null
2458,497b150d-c5ef-4fb3-96ec-ff13245fe1f6,Mediacorp Raintree Pictures,null
2459,e3cd3a6f-5316-4a12-8f0c-09f55e327f18,Chiyogami Eiga-sha,null
2460,5e9246c7-ed88-4bc0-adf9-405212421009,Nihon Manga Film Kenkyu-jo,null
2461,59d5a6f0-b6f5-4c51-9539-af85a79ec638,Akira Kurosawa USA,null
2462,85e7276a-d191-4d90-bef0-c98cf45a02b1,Kadokawa Eiga K.K.,null
2463,c2fc2fc3-6266-4813-b433-73231c824fd8,Shôchiku Dôga Kenkyûjo,null
2464,b879f5f0-25d6-4d15-ab1c-8abcfb71b76e,Geijutsu Eiga-sha,null
2465,5d390a66-0c4f-4342-9150-62819a8aa092,Daiei Motion Picture Company,null
2466,28ca01a6-31d2-4f6b-9ab9-a81363ec950d,Pierrot,null
2467,cf6b4e99-4989-43e1-b483-0629b1e7eadb,Film and Music Entertainment (F&ME),null
2468,89691c68-3088-434d-891a-789191aea18e,Springfilm,null
2469,ade0ad0a-03fb-47eb-bce9-8f71131fc96c,Vnesheconombank,null
2470,02219041-c922-41ff-a262-353afb6d32bb,Nutcracker Holdings,null
2471,2b300ba7-507a-4270-9679-e306a7bfabc0,HCC Media Group,null
2472,ea60697f-6df7-4fcf-b081-b8b7061a5053,British Film Institute,null
2473,e308826b-b7fa-435d-bd5a-a0ace3dbe878,Nord-Ouest Productions,null
2474,cece4df4-d05a-42a3-8f98-da440516a629,Svensk Filmindustri,null
2475,beca0319-52fb-4eff-be66-9955d6944915,Artfilm,null
2476,2f47ae4c-c2bd-4f34-9bb0-0b1cc5189d5b,Storm Rosenberg,null
2477,85b4e44e-d682-4593-a77a-4436ca003dcb,Filmforsyningen ApS,null
2478,23824226-1d12-4e05-b5f1-a260c69f83b8,TV2 Danmark,null
2479,7f1c8e0d-1f8e-4df9-ba6a-459b502da03b,Sandrews,null
2480,cffcba30-54c9-48de-af14-fb8c3bac03b0,Studio ABC,null
2481,c61dfd5e-cc43-41d4-a504-d9c865e42af6,Warner Music Group Inc,null
2482,8fd9bc52-6dbc-4bfb-9bac-290a668018a4,New York State Theatre Institute,null
2483,5de70815-b2bf-4dca-8cd1-38a365b7fc45,Special Monkey Pictures,null
2484,5bb53fa9-bb23-4e6f-bfc0-d947e242b13e,Moskus Film,null
2485,be1b4857-fe7c-400b-bb1e-8141d6eb59ad,FilmTeknik,null
2486,1f618fa2-8b84-41ea-8fcc-461447f3c6f0,Dansk Farve- og Tegnefilm,null
2487,1d1ead75-17aa-4333-9d76-78128e9df395,Herremagasinet Film & TV,null
2488,a742ffd1-2422-4e07-aef7-4765564846c8,Nordisk Film- & TV-Fond,null
2489,3a764cb1-bcd0-4a70-a0c1-56bbde4a8b26,Statens Filmcentral,null
2490,fb6f7a2a-f93d-45dc-8f52-372e57676492,JJ Film,null
2491,cdbb26dc-e7f1-4002-95ad-3f1274d530bd,Fladenfilm,null
2492,7ca1db98-4b24-4b39-93a1-c63bc52f4b90,Century Video Corporation,null
2493,20d02ee4-9abd-4597-bf93-b22e1790c707,American Way,null
2494,18a023c8-d30b-4a0f-8b09-8d80ff329047,Harmony Gold,null
2495,9e70a650-b990-4012-b704-cf73cc180d36,Tajikfilm,null
2496,292c0c54-9870-4cef-ac57-e425246d318e,Tallinnfilm,null
2497,b9d53346-95f9-430d-af45-ddd92de528ad,Télécip,null
2498,6400095f-ecf7-4274-9afc-ca5df15e66ed,Delta Entertainment Corporation,null
2499,c349d629-677b-4018-a1fb-890d9985e756,Killer,Films
2500,389bb34b-c1f6-40a7-8660-f8b9b3d97676,Killer Films,null
2501,e5db3926-5b53-4da7-80b3-d530636d2cd4,Good,Machine
2502,d931e4e5-4eed-40ef-bfcb-87e4c2be7d25,Good Machine,null
2503,7741cf50-c03f-48c4-9d8c-8ba1668c4727,Film Workshop,null
2504,2d19bf9c-1446-4d99-aeed-6d19a5df7a85,Seasonal Film Corporation,null
2505,4295c5d4-500b-41d8-8cd7-bebd2762aba9,Disney Television Animation,null
2506,15870a75-fc61-42b7-a517-f72f5cdd9044,Walt Disney Home Video,null
2507,faa92fdf-ab42-45b0-8c9b-0157eb28d04d,Golden Entertainment (II),null
2508,efadcb29-7b79-494c-9d32-bd3d55d3eae6,Domino Films,null
2509,14cb56e3-98e2-4f21-a870-31d834acfee6,LM Films,null
2510,5b5f7012-1fc9-45e4-b73f-80f09719c7c2,Animation X,null
2511,1e2d1216-aa82-4821-86f2-8a66213f3e7a,Medienfonds GFP,null
2512,9450a5d4-045a-4ffc-b641-51e5c4932b2f,Reelworks Animation Studio,null
2513,85336264-6730-4eb7-a4c0-d4ac35a83c10,Trimark Pictures,null
2514,3628e06c-ecc4-40d2-a0ed-90ee982f2e47,Tapestry Films,null
2515,ee9ae32b-1f81-43ac-bdc7-1917edb190fe,DENTSU Music And Entertainment,null
2516,f6f3be3b-fb70-47be-8ca8-ef9b59d34b15,Genco,null
2517,56d5bb27-e31f-4a9c-8658-765957baea70,Imagica Corp.,null
2518,7a4d2f06-3c0f-4e95-aad5-fa7bc0bbcdcf,Cartoon Network,null
2519,87932268-a201-47fe-9f43-2fa23ea193ce,Filmalbatros,null
2520,11068724-b980-4d8f-945a-a78a6dda3ec7,APT Films,null
2521,1babeff5-dd0b-47a1-b885-0b2c85c99168,Met Film Production,null
2522,529284cf-2be0-4e28-baa1-0325927d225d,Met Film,null
2523,f1986c7b-2ff3-47f5-b11c-5735923acbad,Kievnauchfilm,null
2524,72bdb8b8-9f4e-453c-98a6-d66d28986c8e,Compagnia Rancia,null
2525,6029f14a-4634-4094-a589-87d107035b89,Joseph Shaftel Productions,null
2526,96e63b53-f8c9-42fe-91e8-16488dc29437,Mitsubishi,null
2527,61af9d36-8e83-4c22-9518-4953d22deaf9,Shochiku Company,null
2528,6bcfb9be-74b0-4030-8de6-83d7f258a5ba,Dentsu,null
2529,b65112c7-e4ff-45d2-acec-beccbfb74bb1,Pegasus Entertainment,null
2530,c7d4f1ec-2b13-4ba4-957d-9bf9ef16a389,Encyclopedia Britannica,null
2531,e8739100-1819-4c54-bd7b-bf477d36f4a1,Argos Films,null
2532,fff2bf5b-e586-4e40-97ce-9e1480cda52d,Rob Houwer Productions,null
2533,126ab065-b36c-483a-a29e-e9826f54ef71,ADK,null
2534,9ed915fb-6c64-46c2-8479-569431580fb2,Wizard Productions,null
2535,2c97c42e-a4a2-4439-91f5-7a4a77c984d1,Cecchi Gori Home Video,null
2536,4273c267-61af-49f3-b2a6-609e29f99b2d,Filmways Pictures,null
2537,8121332f-7d6c-4aab-bf81-6429f1c904fa,Raymax Productions,null
2538,94ab6f48-6c3e-4326-8175-b1c6838edbc7,Charles Band Productions,null
2539,1e8f9031-0990-4692-b5e1-10b686329669,G.G.-Film,null
2540,b6bc1aa1-6f98-4ae5-82e6-60c869bc7017,Bioskop Film,null
2541,4c878021-8cc0-468c-b1ce-da9b97358055,Leni Riefenstahl-Produktion,null
2542,a9057124-a9bc-4f53-8eb3-2d9480d238fa,Fernsehen der DDR,null
2543,2438b10a-3d35-481b-9116-c86379bedcdb,Berolina,null
2544,72c5f496-fef4-4fe6-b412-023d5a0153cb,Tashkent Studios,null
2545,670f5ab6-4efb-4e5c-9c71-7fdc338a00e9,Walt Disney British Films,null
2546,11b67f4f-ed1a-44a5-8c49-c3e8d5507625,Ullstein AV,null
2547,a57701bf-8d8c-46df-af63-5459e42c0420,Satpec,null
2548,3dc08784-d3c2-4f99-b203-a9aa03549b19,Hermes-Film GmbH,null
2549,1354d3d5-4481-48f8-b49a-4789657be30c,Naturfilm Hubert Schonger,null
2550,9a8f8e81-3b79-4445-b0d2-937f5cfac302,Domo,null
2551,92b227cd-8888-4666-93ce-e52599b2d884,Les Films du Veyrier,null
2552,2d7bd04b-3d34-4dca-b322-d87a4727ffd1,Integral Film,null
2553,b4fc5552-65be-409e-8ac6-7dada075b5a2,The Bureau,null
2554,f6037c5c-a7b8-464b-9ce8-6c23fbcdd61f,Rija Films,null
2555,b4bec228-3beb-404d-ace5-5f30589c78c4,Paul Thiltges Distributions,null
2556,df8e4a92-1439-4a3d-ad51-cb8fbe4d8b3f,Copenhagen Bombay,null
2557,415ca92c-681d-48f1-a39e-fbbfae1196b5,Dan Krech Productions,null
2558,bd04eb24-f69b-4c2f-a9fd-de3afce05703,Pacific Title/Mirage,null
2559,c765de7c-0bf3-4e1e-b36b-d1e0e0690beb,Marie Hoy Film & Television,null
2560,7bc1d465-bb18-4780-bc4a-139a61aa9ad1,Pulse Entertainment,null
2561,96dab4b0-893a-4159-a934-c17d2abe3570,RT Features,null
2562,e52b64f3-2038-4563-b009-3d6e6da10475,Rooks Nest Entertainment,null
2563,1c08edbc-ad29-454e-889d-2f39956438b2,Academy Productions,null
2564,923e9356-b691-49df-bea6-701ee3a6d675,Aries Cinematográfica Argentina,null
2565,0ebe587b-d8a7-4d67-b651-0f4a57539036,Palo Alto,null
2566,400fca71-bea4-43f4-8c66-6413b234c301,Franz Seitz Filmproduktion,null
2567,f67e20e6-b3ea-4112-8179-ae97053e987c,Artemis Film,null
2568,cd845961-ef67-467c-b821-935c4159db2f,Elías Querejeta Producciones Cinematográficas S.L.,null
2569,e2513914-9210-4225-a9a9-ed31d4e1e3fd,Jacel Desposito,null
2570,e7faae28-9ac8-460c-85eb-eef287e780ea,Davis Entertainment,null
2571,0b477ff0-2cda-4f3b-aa24-6923186b6ad2,Polyc International BV,null
2572,80fc53da-57ea-4d4f-a47a-38d2c4f47d5f,Producers Sales Organization (PSO),null
2573,e5fdb302-fbd1-483b-8023-ecbace80c70e,Buena Vista Home Entertainment,null
2574,626e29a5-617c-47ed-81a0-667b1af82273,GNDHDDT,null
2575,b24c2142-2068-47f3-9909-1c33d7e11dcf,Mara Films,null
2576,b2cb0ce5-03b1-4fea-89dc-774b6ab6317b,Laser Productions,null
2577,8be58a64-2145-4713-8813-9d5501865216,Office de Radiodiffusion-Télévision Française,null
2578,c70786ea-dd8c-4b9a-a22c-9ca6018664b1,Fantasy Films,null
2579,51003f68-9255-4ead-b0ca-95bc798bd34f,Saul Zaentz Film Productions,null
2580,38b82198-bc8b-4eed-8b49-a126556cd0ae,Michael White Productions,null
2581,48de3424-e5f9-44b8-93dc-4fca971bb87e,National Film Trustee Company,null
2582,5f6f9497-e209-4c6c-b2fb-ca87f7d20e40,Python (Monty) Pictures,null
2583,d81bf8ac-c47c-4122-9b29-fd9888d27283,Sorcerer Productions,null
2584,0fde3e8a-3172-4246-856a-0ebe73a13b8a,Kindai Eiga Kyokai,null
2585,cc4b92cf-0493-4744-a059-89b619e50fa7,Tokyo Eiga Co Ltd.,null
2586,2f0c00f3-4570-4eb6-a212-4be36bbf91ac,Alfred J. Hitchcock Productions,null
2587,aea2691f-5d54-47ba-95dd-40c358c9299d,PfH Ltd.,null
2588,2531cf3c-cc06-4361-9ccd-3a844c888365,Thorn EMI,null
2589,00548732-9c1d-437a-b258-bee1883aafdf,Cruiser Productions,null
2590,bfde0622-7a3a-47e2-a74a-fedea727875f,General National Enterprises,null
2591,91fafe78-24ff-40cd-95bc-4737fe60011e,Sandermation,null
2592,df924cda-f4a1-4e40-87f9-06570f3d1461,Robertsco of Connecticut,null
2593,c51b06d2-9a23-4d46-8f74-bafbe8a63d06,Aeicor Entertainment,null
2594,26d6b436-dd37-4087-bd44-6599fce77086,Cinema Management Group,null
2595,94e89206-9be1-46cd-a7db-c29b0f5ea5ca,Department of Trade and Industry of South Africa,null
2596,64624428-1933-46fb-ac1b-d9d08ee81e52,The National Film and Video Foundation of SA,null
2597,c4ba687c-5415-49d8-9ea6-b37c3d6c1419,Banco Nacional de Minas Gerais,null
2598,0d8b5a0d-ed87-4169-a2dd-2751d9a81d52,Copacabana Filmes,null
2599,8a188c31-cce8-4583-92a8-0602acb7afc3,Luiz Augusto Mendes Produções Cinematográficas,null
2600,0ab88158-d442-47e8-8b31-604a07b2fa0d,Laika Entertainment,null
2601,f622fe61-52c5-495f-a775-30c681924bac,Estudios Macián,null
2602,0ab98a2b-fec2-42e7-ae20-009841fbba8d,Global Television Network,null
2603,35625af5-7b93-4b94-b8a4-efe70d61a16a,Nelvana,null
2604,2a4bb2e9-882a-427c-a25a-9f0e4a18cd18,Twentieth Century Fox Animation,null
2605,b6d22f00-f625-45b4-b902-94a1b2c5a119,Blue Sky Studios,null
2606,eecd331e-e0eb-40eb-badb-faee81d90822,House of Cool Studios,null
2607,6a5e3479-39b8-4416-87fd-4518dcf06625,Dark Horse Entertainment,null
2608,dacf3060-d5a0-4afa-92cc-3bfde0cf7116,Giai Phong Film Studio,null
2609,3c366fca-db90-4954-a2a3-eda7c76d3bc7,EuropaCorp,null
2610,8df0cf56-03d6-473f-9822-db71c596c9a9,Duran,null
2611,4cdc35c5-e089-4b39-ade4-0e9d0dfebf3c,Portara Pictures,null
2612,94f1f346-1856-4dc7-baea-c5a959fbf19b,Polish Film Institute,null
2613,d20b5367-4d57-44b0-8488-45d4065e7bcd,Studio Lunapark,null
2614,48128405-6c42-404e-b819-bf7853128553,Telewizja Polska - Agencja Filmowa,null
2615,a89a0de6-8162-4be5-b0e7-6f3a3099fa81,Bold Films,null
2616,bf69279c-67df-42ba-9fba-4d5973264a8c,OddLot Entertainment,null
2617,e0819479-6238-47eb-b1fc-a627522cb704,HBO Films,null
2618,e9238898-94bd-464c-837c-d78da4fd9d91,Fine Line Features,null
2619,5e9083ac-acd4-4644-ad16-7255045c5446,Cologne Cartoon,null
2620,322f6da4-fde2-43b6-b42f-f6167e06e5a4,Les Films du Triangle,null
2621,96b5f923-f192-42ef-b266-ba1b1592f483,Bandits Longs,null
2622,2c8f4ad7-48fa-40a2-ba8e-d146ab76c113,ARP Sélection,null
2623,f1829678-9b44-4ded-b875-5b6542423150,BE-FILMS,null
2624,e7638dcd-bb0f-430b-9cbd-9a6b32cc5be0,Blue Spirit Animation,null
2625,cd7d6a12-5ccc-4c45-9b8a-5a3e04a93db0,Phalke Films,null
2626,58c01b46-6017-4bca-b848-fa05ed50a96d,True3D,null
2627,c99a9245-dd7e-4c64-a0b0-58167d69f3d5,Valdemar,null
2628,5fad951d-a2dc-4166-95e2-999407018855,Cinematic Revolution,null
2629,c41850a1-50b7-4262-8f8d-f24969d0b08e,Czech Television,null
2630,02502075-f02f-4da9-b59f-b675de6faac0,Ivan Hronec,null
2631,098b33a3-50a0-4bac-973f-83882df1eac0,Pragofilm,null
2632,4fba094c-2b92-43d2-83bf-2b0a1c8ee3b7,Filmbox,null
2633,6b861bd4-5034-41e7-b3c2-312eed617136,Industrial Light & Magic (ILM),null
2634,ba2aa88b-d468-4640-888e-f150ff3fbaab,Lucasfilm Animation Singapore,null
2635,6639852a-f272-404a-ae3e-b5e73adaf957,Atelier Koninck,null
2636,2c96e112-617f-4070-b5bd-706e5e2e1367,Occupant Entertainment,null
2637,86df94d5-0e90-4ab1-a9a3-6ca3fb3fb187,Hyperion Media Group,null
2638,63229fde-0d24-4fa9-986b-20e778d4390a,Prescience,null
2639,ace05233-54f3-4f47-9eb5-a340415dcf67,Lippsync,null
2640,4eeb7620-5a46-421f-bd0c-e5ce75ef5970,Sanrio Communications,null
2641,f47959ac-5731-4375-9710-ac655b585bed,Sanrio Company,null
2642,d6101ac1-bdcc-4029-96c3-91aa7fdb5674,Arena Films,null
2643,c29554f8-4f36-494d-8258-9c5cd48ce52c,"Animation, Art Graphique, Audiovisuel (AAA)",null
2644,37528c70-b83d-494f-91df-3805685f9060,Trans Europe Film,null
2645,292b20b3-c778-4d93-a5a4-ee3a93aef4b3,Centre National du Cinéma,null
2646,5e051990-33a5-4f52-8035-dc856b3fe3b1,Commission Télévision de la Procirep,null
2647,1fc7a4dc-7058-4ca2-9fc5-35f598abb704,Upstart Productions,null
2648,5f9c4e77-bc9e-44a4-bb09-2ccc74c512a4,Chagford Filmmaking Group,null
2649,e6f3d118-6727-428f-8107-15f59b8220c1,Film Art Media,null
2650,757bdadf-1c3f-4328-abd5-9dbbbe522033,Inside Out Productions,null
2651,0297a821-430a-4529-9204-82d51d713527,Silverwood Films,null
2652,2aa525ad-36f9-4b29-bca1-78ea91965e67,Prayer Flag Pictures,null
2653,0aef53b9-add0-4276-86b5-f1a1a8d379ea,Hubley Studios,null
2654,d7c8454e-163a-4a7f-aa4b-f7d2258c7cb8,Gold Circle Films,null
2655,191aa060-bf61-45d5-98d6-6c178c7db476,New Daughter Productions,null
2656,282e3bc5-1e2c-4e9d-b881-7db522b87e29,Internationale Filmproduktion Eagle,null
2657,3d04b669-deb4-4781-9819-5488dbd795a6,Chukyo TV Broadcasting Company (CTV),null
2658,c3520cfc-d5a3-4625-93dc-c1355c24391f,D.N. Dream Partners,null
2659,eb918e82-952a-4bf6-9873-34ece45f9c28,Skellington Productions Inc.,null
2660,452650db-89a4-4317-a3b5-804a5fd69982,Chloë Productions,null
2661,c6da3fdd-72e7-48ce-8c83-d2cc8a6911e3,Foch Production,null
2662,90727ad6-0001-4890-a419-bea055cef2ed,Element Pictures,null
2663,8c55829e-73bf-4aaf-9d13-44b9af621fe6,Centre National du Cinéma et de L'image Animée,null
2664,14ca6d6c-af01-4f57-b15a-7b533e7e0041,Daiei Studios,null
2665,2794015e-d89e-4fcb-b46b-04778e0ce463,ErgoArts,null
2666,3437be5a-5c20-442b-ad40-d934716b1de3,Rigas Entertainment,null
2667,dca5fc53-3cde-4b57-b6a0-b633875e336f,Sato Atsushi,null
2668,9ee9e21a-5f1e-4265-9e69-15deebf9bac6,Towani Corp.,null
2669,a9427bf4-cbca-466f-bfbe-f8d2c0331706,Twins Japan,null
2670,3ed46072-aaf0-4944-86e9-c8f36092a242,Shining Moon Productions,null
2671,af89545d-e4f5-4931-a8dd-eb2ddc771c80,Working Title Films,null
2672,84941f38-fc8b-4646-b229-60cfffcf3064,Lanterna Magica,null
2673,a63a5ecd-effc-4e46-8083-3f5cc15a4786,Hat Trick Productions,null
2674,16fb5eb7-dec7-4586-8bec-1e69a646cd31,Acorn Media UK,null
2675,2d7aaf29-e663-475e-978d-35a6d572ea7a,BBC Northern Ireland,null
2676,b60d6a28-e73b-445e-8596-fb12d0212a3c,Northern Ireland Screen,null
2677,18ef2470-bf25-4902-8e9d-20c76b9079a3,Hessischer Rundfunk (HR),null
2678,15598590-b81e-4ff2-b1c6-b10d55eaaa24,Casa de Filme Unu,null
2679,664c268e-e7e4-4098-bdfe-90c8793108ef,Centrul de Productie Cinematografica Bucuresti,null
2680,f825eb89-0948-47ee-a423-3f1c50aeb6e4,Filmstudio Bucuresti,null
2681,0e6926e0-8c59-4b31-8daf-4edfc26ce2a8,Askania Media Filmproduktion GmbH,null
2682,ce5d387e-7d9b-4e8a-9906-0d1d51c82c89,Ogura Jimusyo Co.,null
2683,4b4341a2-9f68-406d-8c03-e455cf7b629b,Eisei Gekijo,null
2684,6c57d17e-3447-47b5-9ee0-a90f9994c8b8,Blue Pen,null
2685,31fac206-76ae-4548-ae11-1e4d4a239fb7,Intermedia Network,null
2686,e1bbe477-fc52-4f34-bfd8-a64b4e4fb44e,MEGA1FILM,null
2687,ca26274b-b76b-477e-a47a-6e7d12426045,Moviepool,null
2688,f69a05c7-b27a-4b60-bfc5-d4c7b0edf8a3,Moonlake Entertainment,null
2689,18cf857e-67b6-427e-8b19-4235b7a95799,Provobis Film,null
2690,4331ea87-b33a-4bf9-89a6-916779157b19,Animist Films,null
2691,5d3959d2-19d6-42ca-b883-f3c5fe20060a,Mad Monkey Films,null
2692,cf028227-8bca-4e5b-9f9c-91f28a688f53,De Milo,null
2693,ac079e6d-b502-4d57-8f6b-23570ad33556,Toma 78,null
2694,695beb7e-5e04-48ca-89a5-b5929ac022a1,MGA Entertainment,null
2695,86efa546-aed6-4515-8de7-8c8f845f1ca4,Blumhouse Productions,null
2696,4c66da67-def2-42db-a134-09addec076b0,Finland-Swedish University of Applied Science,null
2697,340f10ab-6e80-47f6-85dc-23f5b41d96e3,Les Films Concordia,null
2698,09e76131-bdc7-449a-a639-ec0408ea07ca,Imagi Animation Studios,null
2699,10b85cc3-10d6-46cd-aeff-b9eba6afb932,Imagi Crystal,null
2700,2bee55b2-a312-4f74-ac2e-2866fc3c40e2,Tezuka Productions,null
2701,56ada51e-a0bc-4a72-807c-460bd9101382,Allison Shearmur Productions,null
2702,a09b3c3b-ac6e-4f79-b9ba-1eb6b5b16e6e,Beagle Pug Films,null
2703,717d4d31-2830-4e24-b5ef-b3ef44d3c6d8,Team Todd,null
2704,e40a0770-c2ed-4a66-997b-2d2b0905bd38,IAC Film,null
2705,e8e2b68f-85d6-4481-a3ed-1bac44ae8831,Cannon Pictures,null
2706,3906eef7-fc6d-4dc3-9ffa-b060b09039aa,UNICEF,null
2707,5565cf65-c88f-476a-9f1a-d881c2eca84f,Studio 180LA,null
2708,12a828e3-07a8-4b50-8608-9e2ff7395cc1,Part 3 Digital Art Design,null
2709,b642567d-fa77-4ec1-b048-489ac541cbe4,"Pajama Publishing, Inc",null
2710,c5f2e924-e231-425e-ab04-3f76170913cf,Mattel Entertainment,null
2711,5628d742-3f0c-4be2-9baf-7122dcdaabaa,Rainmaker Entertainment,null
2712,4bf05627-293c-4059-adbf-bed0ad2f6a9a,Sharpe Sound Studios,null
2713,a3993f89-5032-4dd6-b7f9-6d6a27116b1f,Family Home Entertainment (FHE),null
2714,9aa79aab-055a-4b3d-b5bb-485f5850f931,Ambient Digital Media,null
2715,e60fc86e-f887-42ff-ac3f-a0e8abcc0a72,Sparkhill,null
2716,a1bf128d-6928-4e06-9d65-44fc0b196737,Forum des Images,null
2717,cceb348c-a250-4991-896b-17b6e30518fe,"Foote, Cone and Belding Productions",null
2718,04a183c1-1de6-45b6-a8da-c793d35c9181,Trans World Entertainment (TWE),null
2719,fee7b265-423e-44fb-92b1-a4425c56cf8c,Pierre Cossette Enterprises,null
2720,273eec86-0200-4c9f-a87a-39d1fb88eca1,Max Appelboom Producties,null
2721,668a00bf-d04e-4510-8027-a29a5dead32b,Hubert Schonger-Filmproduktion,null
2722,863dafa6-64d2-4ed0-a2c3-ab6b732618f6,Stanley Kramer Productions,null
2723,02a05665-1186-46f7-bde1-bf42198271db,UNITEL,null
2724,564d1637-72c9-448f-914e-f93e9f6a882b,Sinderella Productions Ltd.,null
2725,5cdbfd94-db02-4eb0-b788-ec5268d905cf,C-Ga Film,null
2726,806f692c-40d7-451a-a9e6-2cd8a5aac491,Krasnow Productions,null
2727,a5598bbd-ad77-4967-aab7-eb98859af3e1,Arnon Milchan Productions,null
2728,3a62a0f1-2329-4857-86cb-32aa2f6ee429,Elektra Entertainment Group,null
2729,5685e8b4-675e-42c1-b126-5b5dbc225673,Corona Productions,null
2730,43f99f8f-6e88-4b6d-86db-ae93d0ea7a28,Sullivan Entertainment,null
2731,7657e714-c10c-4db3-b1b5-2d20bed7c9e5,Emiliano Piedra,null
2732,eb169935-5cce-4e11-8625-8b7882cbced0,Televisión Española (TVE),null
2733,6c816634-095d-4e60-ae59-e2b25463a6d2,Emblem Productions,null
2734,4d720c46-be07-4923-ab47-fa8f2bb1ec8f,Panda Film,null
2735,46bc5f9c-8a64-494f-a65d-36aedbe699fa,Saxonia Media Filmproduktion GmbH,null
2736,ccc35f5c-4d6a-49e4-8629-fef2b95333ac,Ziegler Film & Company,null
2737,d1ee95ca-06ec-44a8-8143-e519d8465062,FilmFour,null
2738,4c219ae5-297b-445d-93a8-193c26bad226,Senator Film Produktion,null
2739,95e10e4e-72ab-4623-b6c4-595a7142cc34,British Screen Productions,null
2740,cef7653d-0fb9-4e22-8554-90961254a34f,Ghost Productions Inc.,null
2741,6942d654-ff11-4f95-92ff-e2151491433f,Film Afrika Worldwide,null
2742,39fb6f60-a05e-474a-b99d-f353a5f285e1,Panorama Films,null
2743,b830be20-8702-46d9-afe1-19ab751caeab,Rothman/Wohl Productions,null
2744,eaaa0a2e-2687-45aa-9c58-b356ae70f3aa,La Compagnie Colette Roumanoff,null
2745,c19989bb-186f-4ab4-91d8-23e7f809fd48,British Empire Films Australia,null
2746,bca3d4f9-3acc-44a6-aa80-74381c759889,McElroy & McElroy,null
2747,5ccdd0cd-dc1c-489a-a27a-ae676b42baa4,Palomar Pictures,null
2748,14233708-bdf1-4185-8085-e4047ab1a635,Weston Woods Studios,null
2749,c08e461b-726e-4322-932d-4a301f7eadd1,Spellbound Productions Inc.,null
2750,1f633ef9-d7dd-4521-aa9e-3cc32938dd69,Nippon Herald Films,null
2751,dda4152a-d047-43c1-9f0b-275f36b3f4f1,Chez Eddy,null
2752,b4e265bb-ed61-410d-a6f5-74b3b0399dc1,2B Films,null
2753,ed4c6ae7-fb62-4efa-9ae9-ee3acaddaf1f,Briar Rose Productions,null
2754,7bf1777d-e3d7-4f35-ba5e-cd5bbac81d77,Nexus Motion Picture Company,null
2755,4c28289c-b10f-42da-ac61-d60aa725a861,Moldova Film,null
2756,cd936923-0927-4de0-87d1-f08d6c5435aa,FilmTeam,null
2757,3802aaee-184c-4154-85ae-aea38c5e23e3,FocusFox Studio,null
2758,1e25abab-450d-4b92-90c3-6cc6c2926a51,Origo Film Group,null
2759,5a00caa6-64f3-4558-99ca-27dbad0da937,Edward R. Pressman Film,null
2760,b91bf45b-02eb-4174-ab3b-278084600403,Media Max Productions,null
2761,9f2c3b3a-3ac3-466a-89e2-7ca828e20a1e,LDFS (Leningrad Documentary Film Studio),null
2762,856cdfce-a467-407f-a09e-c8acde00d7fb,Vtoroe Tvorcheskoe Obedinenie,null
2763,2297fdad-9519-4c02-9688-7f55b195aea3,Filmstallet,null
2764,5b66fa62-af51-4e2b-add1-21d55c8f3e20,Vortex,null
2765,cc33d3b9-4376-45d5-a5d1-28e39561fe31,Radar Pictures,null
2766,cb71a6ae-a2a3-45f8-bfe1-d8b2095ad6db,FilmNation Entertainment,null
2767,d091b604-93ca-46b3-ba00-162b09d8a2af,A Bigger Boat,null
2768,cdd97a08-43ff-47b5-9443-9e33d1408d01,Sterling Pictures Ltd.,null
2769,0c396c00-14e1-4596-ad64-8d7dbfee3778,Templeheart Films,null
2770,0b117793-c936-42f7-a68f-5122ff767d1f,Filmgate Films,null
2771,22e9c2e4-173e-4478-bb04-8e20ddec4a6b,Fitch Fort Films,null
2772,fd2a5117-9e03-4bcb-9e08-0854242dc543,ArtCastle,null
2773,9b7c985a-e7c6-428d-98be-d23357ae2817,Destroy All Entertainment,null
2774,acaea8cc-a80e-466d-9957-5913b3332eed,Meridian Content,null
2775,2c222908-ace7-4447-b97a-27396bca599c,Oberon Square Productions,null
2776,48bd6225-3dd9-40f8-8108-99436629262a,6 Sales,null
2777,176d3268-4cc0-4d28-ba1e-b13088194593,Mark Williams Films,null
2778,a957d6a0-bc18-43c5-baae-a0161e1d530a,2B Pictures,null
2779,7ec37e17-905b-4ade-9f29-6b3250f22d52,Indian Paintbrush,null
2780,090f2185-4ffc-46da-b9d9-fca7452ce51a,American Empirical Pictures,null
2781,46c2049b-a6d9-4fb8-bbbf-6413e5de0005,Moonrise,null
2782,53c7c75b-5187-4ef7-9b38-1be0f72592ec,Nostra Signora,null
2783,3555fa06-87d4-4861-af18-6667f3db47f6,De Efteling B.V.,null
2784,d626c239-dc50-40a2-a476-5efc616261d7,Motek Entertainment,null
2785,6140963a-85bd-498d-8576-7916e2415e85,Clever Image Studios,null
2786,f54e82f3-7ae3-49e3-be41-7dee0c472885,Start Desenhos Animados,null
2787,cb788253-a400-4b6e-b587-f13559faee2e,Schmidtz Katze Filmkollektiv,null
2788,69e35cb7-85c5-4e20-b8be-60669e31d075,Philipp Filmproduction,null
2789,8817947a-a3ca-4265-9762-27c6996fb18c,Cathay-Keris Film Productions,null
2790,fb3b579d-fdf7-4844-89ed-55268a7d7490,Alt 4F - Bulaja naklada,null
2791,3ac105af-3409-4e43-ac7d-2e460f5f675d,Studio Mobile,null
2792,4e9f8aa9-9c9b-45de-8f1c-b504463ba618,Maydi Film i Video,null
2793,cce76fcf-d16c-4d8f-b4a6-5455503d546a,Hrvatska radiotelevizija,null
2794,29464269-9f2f-4665-b9f0-f50e19dae624,Mad Entertainment,null
2795,a53585c6-42d5-4553-b647-292bc6ae9488,LStar Capital,null
2796,01262e95-93ac-48e6-b863-63cb75b4253f,CineFinance Italia,null
2797,e7bd65af-6728-4d11-91c8-7e8020d52161,Lotus Productions,null
2798,9fa0cac3-4308-449d-9814-d2baec916009,Marvin Worth Productions,null
2800,8c959d99-a1eb-4eda-9660-9cb90c6b046e,Hakuhodo DY Media Partners,null
2801,c2a9f5d8-bf60-4bc3-a488-9bd985c3305c,Bos Bros. Film & TV Productions,null
2802,6c479c3f-6508-4825-9248-438d615dfa95,AVRO Television,null
2803,4727d2c7-38fb-473d-b943-682546f89e27,Enterbrain,null
2804,446b91d3-a18e-4498-8fbb-d887158a4a92,Thunder Road Pictures,null
2805,35f5658c-eaf1-445a-ab04-d88b8570ff96,87Eleven,null
2806,e4e619ca-79e9-4fd6-98ed-18195df7fa05,MJW Films,null
2807,630fa4f5-8fac-4015-87f7-b76fe161ba95,ShadowLight Productions,null
2808,21d6604a-b5d5-48ed-8e2f-6842e69eaf48,Hawk Films,null
2809,12ca8f50-d214-44d6-a2ad-3b6555bc5f4e,Peregrine,null
2810,59e14200-1396-4219-aafd-88d5f32fa8ee,Gotta/Enk,null
2811,2d597a7b-c3b0-4b0f-b95e-04251336c0c7,Scary Stuff,null
2812,e7054d5c-606b-4558-8db0-a2a92936a4bb,Overseas FilmGroup,null
2813,7b200cee-a4aa-4601-999c-52865de080c7,Bazelevs Production,null
2814,3e6ff05c-b22c-4ba4-aa13-875a25489cbf,Lunapark Film Company,null
2815,ce8fe97f-453a-483e-b20c-2ce263d58b24,Grey Matter Productions,null
2816,bb0632cd-5d53-46a1-a3e4-1e90d6ea40e9,Atomic Monster,null
2817,706bc0fa-e51c-4c7d-b2e9-de1dc5fd9d74,Gracie Films,null
2818,a4191790-dac9-4dc9-8d97-8860af15a662,Perfect World Pictures,null
2819,cbe5055a-4d4b-47b7-82d0-794d53c6c580,Rag Doll Productions,null
2820,4fe07f59-71b6-422c-8e15-9192921ca74a,Agence Nationale de Promotion de l'Audiovisuel,null
2821,3b39cf84-8421-4164-845b-ab98853b7bc5,Nomadis Images,null
2822,cfbf1ac3-e80b-46ae-8668-f50326a96e8c,Akka Films,null
2823,9b86e6dc-f9d5-48df-91e7-f3610ee68606,Süddeutscher Rundfunk (SDR),null
2824,7e6482e8-6789-4169-85c5-90330cdb310e,Norman Foster Productions,null
2825,2929b863-2e12-4bfb-96d4-e7061aa0faa4,The Decca Record Company,null
2826,fd9c196b-3961-45d0-b9aa-2d503da067e6,Magyar Televízió Müvelödési Föszerkesztöség,null
2827,d266cbe0-bf3a-41f0-9b35-5a5ed00c51c7,Glavnaya Redaktsiya Literaturno-dramaturgicheskikh,null
2828,1476590c-2c91-4afe-9877-185f3bee9b7c,Bull Pictures,null
2829,94266880-1a29-4e11-a3c7-20dac90344e0,WithUs Films,null
2830,f8facfba-3478-4571-8d86-6bb4f9bff8ac,The Metropolitan Opera,null
2831,b41ea402-4b96-4c2d-b79a-5fa120db5e5a,Metropolitan Opera Association,null
2832,3476d56c-b9e0-43aa-afd9-a893d996e0fe,Les Films Sauvages,null
2833,35d2cc39-3af7-4824-9699-bee12a603b02,Les Films Pelléas,null
2834,3c43d606-1d22-425f-a66a-03245d2f0aca,Hahn Shin Corporation,null
2835,653ce096-57cc-4ba8-8e24-39b9a02b4e6c,Mondo TV,null
2836,7b53e014-f71d-4547-af53-7cf1f47753cf,Opera Australia,null
2837,29187b5e-cb38-493f-9ace-571c3df8e1e4,Knickerbocker Films,null
2838,e09c69e9-ddae-4d8f-834b-0ec0a313c830,Lightstorm Entertainment,null
2839,4060a73d-d863-415d-a2b9-3175e99b9b1c,Double Barrel Productions,null
2840,8eff627c-1f0b-4594-b4ca-9097153e49ce,Alfan Film,null
2841,74f091e7-a7ae-4578-bc07-05359cb63dae,Has Film,null
2842,bcecf42a-e785-4cd2-9f2b-875defa806e4,PolyGram,null
2843,5adcf881-ec23-42a7-a067-a5306d73cd7c,Win's Entertainment Ltd.,null
2844,35b3d25b-cbee-4e11-af8b-ede761b51c19,Cinema City Film Productions,null
2845,e5bff20e-0fb3-4838-aabf-639c0815f8c1,Golden Princess Film Production Limited,null
2846,494263c2-ded6-4aab-83cf-8457b9205877,Energy Prodüksiyon,null
2847,e5a8afb3-f6e2-40f6-a18c-cddb3c65f020,Özleyis Film,null
2848,d9c4d176-526e-4d96-b786-3896a858287e,Carpenter B,null
2849,577a03dd-b58d-401c-95f4-6c4e67824386,Bad Robot,null
2850,f6ef2cf9-c812-4144-86b2-e6b5c951363d,3B Productions,null
2851,3846d377-2274-4632-aef4-18206bdf5ed6,Anna Biller Productions,null
2852,8a6c7dbc-4f6c-488c-9bbf-1f7b3346702d,Christal Films,null
2853,f418eca1-b413-4e0c-9380-f827d120ee09,Sev-Ar Film,null
2854,58f3e77b-c8d7-4918-8b6f-f5b45d0b8885,Halk Film,null
2855,5b12c615-d1ee-4f3c-b60d-6f7050cda51b,4k Films,null
2856,2b83bfc5-939a-4b37-8bf9-e9f0e2821248,Wanda Visión S.A.,null
2857,aab7c1fa-1ab9-475d-a4c6-96c5aae134fd,Cuatro Cabezas,null
2858,b359a60f-0c50-4d65-8fdd-d68158292202,La Pasionaria S.r.l.,null
2859,e17d5ce5-1fc9-4d41-9c13-688cebff04f1,R&C Produzioni,null
2860,488b02a7-3bb9-4e1a-b1a3-38248ab08c01,Teodora Film,null
2861,1b57b8d3-ef21-4b87-9f4e-3c274db68308,Aquafilms,null
2862,8b959767-c359-4321-b9e3-f639a665eac2,British Film Institute (BFI) Production Board,null
2863,157c8bb1-3641-4022-98fa-d19b13c1b3a2,BroadwayHD,null
2864,5240101d-53df-4768-92df-b7dce6792263,Collective Development,null
2865,7bf0c3db-2ad6-4679-b1d2-de0b27186dde,Studio Chizu,null
2866,e668f662-cd4e-46f1-bb06-a7ec7fe9a627,Madhouse,null
2867,cec80e2e-d1f0-44f9-b2a6-923603d0c2ee,Mandeville Films,null
2868,485f31fb-5d38-46fe-a4b2-ef7bc622fd16,Chernin Entertainment,null
2869,39e56371-feef-4de9-a423-6562a116824b,TSG Entertainment,null
2870,5d8d9a53-65bf-4787-8f49-75ea93bcf979,Kuasatek Pictures SDN. BHD.,null
2871,cc11c8b4-161d-41d8-97ea-0706e6b7ffcf,Skop Productions SDN. BHD.,null
2872,dd416130-c382-4bcd-9760-1c475b4376d9,Color Force,null
2873,a2da5fc2-7e38-4a55-b2be-49650b4075d9,Temple Hill Entertainment,null
2874,ad7e7279-13df-4ffa-9af1-a36992da0d85,Maverick Films,null
2875,89ce3040-41b9-443b-89c1-6fa50bdb5539,Red Wagon Entertainment,null
2876,5bd3e4c6-b360-43de-97c8-ca4c8f68d73e,Soho VFX,null
2877,24538d4d-c082-4f1b-9f60-71ce5e825b02,Imprint Entertainment,null
2878,3ee06e60-5241-4c7e-bd72-7e04a208f6e0,Sunswept Entertainment,null
2879,c8dbd1d5-9a6b-414e-a585-bbe38ca982af,TSBD Canada Productions,null
2880,a729554e-e625-47a5-92ab-3c8a3eb2b2f6,il Luster Productions,null
2881,65218c1c-178a-4405-9bc7-699514c1d6eb,3QU Media,null
2882,8850f17f-c450-46ed-abd1-f99eae562b44,Cinesite,null
2883,6753de9c-2c01-488a-9edd-ed9b7e3ab09c,Vanguard Animation,null
2884,9290d08a-db1b-416b-afa7-7c44a5b3f6e4,Dunson Twin Films,null
2885,556dc979-99f6-491b-bb02-e3be40678b54,Frame Of Mind Entertainment,null
2886,dc3bfdfb-9fd4-447f-b273-4e1756d08a57,Split Vision Entertainment,null
2887,32acfb24-5e07-4a93-b470-4ab516308d3f,Off Hollywood Pictures,null
2888,37bb1626-487e-495c-bc5a-5144d1560900,Alien/Nitrate Pictures,null
2889,df0a56cc-5985-4c47-a57f-3da149df728c,Bigfoot Partners Ltd.,null
2890,e4198d67-88d2-45ff-bb90-afef063f1263,Chrysalide Film,null
2891,94178c38-a3fe-4442-9417-5de5d3b6ee57,Pacific Bay Entertainment,null
2892,8a664f54-104a-4303-b2f0-283414239496,Pacific Bay Entertainment Canada,null
2893,a4981b16-97a2-4ef7-a22c-8e632c3d115c,Nickelodeon Productions,null
2894,654d4136-b189-40b2-b2da-f1be40357d1e,Ballet Preljocaj,null
2895,3d7e482c-2d78-4291-89c0-234b47a9311d,Staatsballett,null
2896,0f6f9f1f-907e-4e5a-a6fb-471e51a1b2a2,Ceskoslovenská Televízia Bratislava (CST),null
2897,755c62d3-2b85-4ba4-a384-daed96e12286,Madrid-14,null
2898,9c45b598-6fba-44cb-a1d8-de0f07c4f692,Pan Latina Films,null
2899,3602ba32-c493-49fe-8e03-ce62e2202664,Kinomost,null
2900,0aa2146c-6265-4c65-8f00-c1b95b41243d,Conspiração Filmes,null
2901,60cee3b2-78ce-46b0-a842-bec8719d3fd0,Globo Filmes,null
2902,606623c2-b2ae-4c26-8096-4b847ac55871,Playarte Pictures,null
2903,af3ab367-e7a1-47fe-8928-f6a7dbc76a64,Atlantik Film,null
2904,fa09ee33-66b0-483c-af2f-76798e8034f1,Elmalma Marka Iletisim,null
2905,42c081be-962b-44e6-9118-32186930aeb7,Imaj,null
2906,7e924689-7ba6-4e6d-b49d-74cb3c948d4b,Double Dare You (DDY),null
2907,ce855990-61a8-41a7-8a36-12b483e7d761,Legendary Entertainment,null
2908,9dc5ef72-199d-4896-9830-f0f4ec6e9477,Hotshot Films,null
2909,35006005-d8a7-4559-a128-a9add40af9cc,Mediapro,null
2910,063464b8-cf9f-477e-b21c-c4459c767cee,Maya Film,null
2911,e38f8be4-2271-4a66-94c9-2998044a3770,Avalanche Productions,null
2912,e1de2661-b393-4118-8ffd-ad13904ee58d,Apipoulaï,null
2913,4255712e-6a6c-460f-996e-3b83c0aa559a,Stowarzyszenie Filmowcow Polskich,null
2914,43df0516-f6e7-48c5-870d-ebd59899ffc9,Dolnoslaski Konkurs Filmowy,null
2915,11fc396f-8221-4de1-8a35-5e040e9bd4f3,Odra Film,null
2916,3a2137fd-817a-4b67-a22a-0c6a87a35f9c,Filmadora Nacional,null
2917,1e015c0d-f4b7-4b00-90da-a80e0a43ca39,Peligrosa,null
2918,82bc91c8-90fc-4c5e-9ece-551f5bc0c61f,Paraïso Productions,null
2919,90565cf9-6dd4-4e12-8473-a7d1c51995ea,Pomme Hurlante Films,null
2920,013dd025-b0b5-4aef-8813-e3e4875f821e,Hellish Producciones,null
2921,ab659fd5-01c7-4e75-82ee-51d1a4c38567,High School Sweethearts,null
2922,77c0daab-28e9-45a6-aa33-6f3175521237,Koch Company,null
2923,8d2bf15e-304f-4757-9c49-0d96e3d353a4,Filmko Films Production Limited,null
2924,36a7a7e5-5795-4d44-8052-7289e4569dcd,Quidam Studios,null
2925,693b5fa5-0ef8-4154-bf58-23f29698751e,Beijing Weiyingshidai Culture & Media,null
2926,7832e799-9e39-4e1e-a5b2-7bf8478f1149,Hengdian Chinese Film Production Co.,null
2927,403a00ee-0a11-49f5-bfbd-14211986c510,October Animation Studio,null
2928,63be77e6-527a-4d56-9127-cd7f33237ab9,Edko Films,null
2929,a862a0a8-6488-4561-8843-239da14b142b,Desen International Media,null
2930,f45a9eb2-1f24-4cd6-9e5a-06dfa44232d8,Enlight Pictures,null
2931,d37b2560-05e3-479b-949e-9c8df4eab601,K Pictures Co.,null
2932,31c7c7b4-1672-4a44-acbe-a506344ac6da,Telus Storyhive,null
2933,4e9b5861-fb7b-4cc3-8adf-2ce898fdcf15,Mushroom Pictures,null
2934,d58acfa3-b764-4c35-92cb-e334f079b666,Best FX Adelaide,null
2935,944cc286-f58c-4cc8-8847-65b34f25acc3,White Hot Productions,null
2936,ec189a6e-c665-46a7-b599-b024ccd07d35,Goskino,null
2937,a4301934-4771-4af7-afc1-6243ccb42ce1,Bull Productions,null
2938,30459f07-e33d-454f-adf6-e833b0941016,CG Cinéma,null
2939,b18ad54b-8357-46bf-a6d0-9b9c28279b30,Vistamar Filmproduktion,null
2940,47ae76bc-6aaf-479b-9cfb-426418d86bd9,Uhlandfilm,null
2941,6867ff9e-36a3-46ea-b0c6-5e695a0caec4,WOWOW,null
2942,51fed340-61ba-44c9-8210-236f22248af8,Asmik Ace Entertainment,null
2943,22331c28-3fcc-4821-88f9-2d55081bc7ed,Parco Co. Ltd.,null
2944,d11a769f-facb-4ff1-bee9-4c5e4683d12c,Mutant Enemy,null
2945,1fe2a280-a462-49c9-a774-0d11d44a7519,Asi Film,null
2946,d9c19b03-2d85-42b3-b6e3-ce4c4db2df7b,Cine Plus Filmproduktion,null
2947,3db669c8-7fbd-47de-ad39-ccbb008f8484,EZ Films,null
2948,e785588c-ffee-4304-80f9-3596029cd25a,Content Media,null
2949,de49edc5-a7c3-4f41-80e0-858d0cc2042d,Arc Entertainment,null
2950,cc753108-37e4-459b-bb80-7e3d590f131a,Raindance Entertainment,null
2951,1139cddb-ebbf-4548-943e-0aad369381d2,Rosen Harper Entertainment,null
2952,da9b71dc-3829-4a65-beb4-151ad11d03c0,Art Pictures Studio,null
2953,0d59065f-6ffb-4134-ab13-8c71a005dd16,Glukoza,Production
2954,31b99d31-a490-42a0-bbcb-15c7fc297c27,Glukoza Production,null
2955,59e7d285-19ff-4fd4-b2e2-2ad6b879dbf3,Retromedia Entertainment,null
2956,7914f469-9961-4ec8-bcb2-55b4efaf0cb7,Off Films S.L.,null
2957,b3db323e-610c-4a86-b1cb-da79b1af4f5e,Robert Amstler Productions,null
2958,9b30c2e4-295a-4f75-acda-8ba78203eecd,SK-Film- & Fernsehproduktion,null
2959,a8f2dcf0-7051-43a3-ae71-6feb994a8e6e,Suomen Filmiteollisuus,null
2960,5875dd17-a885-408d-aad3-d1b442987a78,Kirov Ballet,null
2961,99363def-8277-4e70-b7b8-04e484cb25a2,Office de Radiodiffusion Télévision Française,null
2962,c32dbf99-029d-486a-acef-b29521602606,Opéra National de Paris,null
2963,d483e384-7645-4fba-9df7-609df30317c8,Alma Films,null
2964,36d8fff8-ad1d-4acf-8cef-b3efd7a925d6,Dutch National Ballet,null
2965,1f426231-3d21-4e6e-a8b9-df7c1820cd65,Reiner Moritz Productions,null
2966,7c479bd6-815e-4594-b473-0f456b3ad0e2,SVT Drama,null
2967,5f5aed37-7f01-4dda-8483-bd2e73e51d91,Anglia Television,null
2968,cb290be0-8585-4cea-be98-64e024642c70,Ivy Close Films,null
2969,e4f1af08-ccb3-4a89-b9a9-1668796d0fe3,Atossa Film Produktion GmbH,null
2970,c5c8eed5-f2b0-4dd5-ae10-218c7c383210,Impact Films,null
2971,e4ed4054-a7ac-4147-9434-4ee0ac0b4db5,Leopard Films,null
2972,2d9022d9-4b8d-4d92-848f-5bbefd648989,Argonon,null
2973,2f2e1ec9-5b45-4f98-8887-12531055476f,Cheek2Cheek Productions,null
2974,20b6c9e6-f278-415f-9532-358accfb6688,On Gossamer Wings Productions,null
2975,7f624b5b-c40e-4043-baaa-94a32bb36c4a,Bill Melendez Productions,null
2976,a6f41722-603d-4b69-8b08-78007dd41005,Miso Film,null
2977,d2c23e85-cccf-4f28-84cf-c08f39fceb8a,Bird Studios,null
2978,422b31d7-5722-466e-9e4c-8a9228277ab7,Motion Picture & General Investment,null
2979,d093085a-f72b-4cc3-ae07-63d5f1dace20,Apaches Entertainment,null
2980,dcef89c3-33d1-4e72-a637-615b9b49fb65,Participant Media,null
2981,61430139-a074-422f-9f2b-de2143a9ede3,Cruise/Wagner Productions,null
2982,8d2e016c-b55d-48c6-b30a-1cb3ec3ea0fc,Vinyl Films,null
2983,5d19a94b-0d10-4b9c-8429-55bebf35731e,Profilmes,null
2984,1bd59136-7422-47b3-bc8f-d81ba1832c90,Orbe Producciones,null
2985,128f4d56-6e7f-4560-9324-21f7d2c2a303,Ursa Major,null
2986,3d9adb3e-19de-4cff-9296-14082ea79227,Lewin-Matthews,null
2987,bd4519f9-b1c5-4728-a0cf-000d5a7749a1,Breakthru Films,null
2988,e4596ddd-a6d2-40a7-ab3e-348df8f19222,Cosgrove Hall Animation,null
2989,a3162bec-ff6e-4702-a853-22f1c0bfb9b0,Chuck Jones Film Productions,null
2990,0484ceb2-5b27-470e-ba15-932e0d372be1,ABC Capital Cities Television Network,null
2991,5e5e2f14-5dd3-4f53-82ac-96fa33398e30,Christopher Swann Associates,null
2992,f7a5aae9-4d06-4f10-8e8b-d92fbe5f41a2,The Royal Opera House,null
2993,462a88eb-726a-40bb-84f2-64fea7860de3,Carpenter Center for the Visual Arts,null
2994,f4590c13-c108-49e0-acbd-c3a97937ca5d,Lepixma Pictures,null
2995,970078ee-f4de-4e58-b778-967ea4e4826c,Startle Pictures,null
2996,69e44131-79a2-4a57-af61-bfd5cbed1b43,74 films,null
2997,96dbb011-9579-49ff-8ab4-490e506773bd,M6 Films,null
2998,90dea554-451a-4c12-bf32-824b0bacc51e,Leisure Investment Company,null
2999,0e2fc69d-27a2-4d73-a9a7-239adbcb5359,Beastmaster NV,null
3000,95aa869e-3850-4c41-b1af-a42f6d86ff83,ECTA Filmproduktion,null
3001,925af1ae-e032-4097-a737-02fbaa5c93c8,Les Films 21,null
3002,2d157d32-11b6-4cb1-b542-656ace8e7557,The Sci-Fi Channel,null
3003,8aff902b-455a-47d9-a58f-c0848d3e5263,Bender Brown Productions,null
3004,97909c22-79c8-413c-ba0c-3eccacc5599e,DiNovi Pictures,null
3005,7d187416-1c50-41f7-898f-7c0ee4bbf566,Fortis Films,null
3006,2d526dd5-9ea3-49b4-80c0-2b5c867f698f,Stargate Studios,null
3007,df55db86-b700-4a8b-9e4e-3c21a66354f5,Les Gastons,null
3008,834b87b6-868c-4224-9ab4-3584bc31bd11,Finger weg von unseren Kindern,null
3009,279454de-1b06-4172-b5bd-1aff6df299f0,Frames Filmproduktion,null
3010,6b947fc5-ca00-4df2-81c2-fef264dcd87b,Gaylene Preston Productions,null
3011,b9dc0396-4fe8-4901-864c-33aba5b5ad51,Huntaway Films,null
3012,134bc509-4fa7-4672-a2d0-93c3a82dc341,Studio Malembe Maa,null
3013,659ebdeb-bb7b-4d62-9364-e93559bc653b,University of Texas at Austin,null
3014,0aab6c11-2e98-4de9-93f1-54a79d657daa,Paper/Film,null
3015,ff0df3f9-9eae-4be8-a4dc-ea98a619196e,Powers Picture Plays,null
3016,354a547d-a776-409c-903c-bcd2823b3d6a,Sarauniya Films Production,null
3017,409c1b17-6b6d-4742-a52a-bb332e1b8190,Mansur Abba Sheriffs Company,null
3018,01e16c46-698c-4db0-a824-a514cc85a550,Ibrahimawa Film Production,null
3019,66ca2998-6527-44a1-a608-7634f072adc2,2 Effects Empire Films Kaduna,null
3020,bc05d771-752c-4d99-b3b3-a6fc70d5f0f8,"UNA Enterprises, Kano",null
3022,521e9d01-03bc-4b72-982d-aedba07843ac,"Juli Entertainment Media ",null
3023,a1d8c67b-ea41-44f8-a60e-7c5b483f0e9f,Seon Film Productions,null
3024,0389df22-22a1-469f-aae2-85799da11fbc,Centro Digital Pictures Ltd.,null
3025,547f71ff-bf73-43d8-a778-9ed33029c3b2,China Film Group Corporation,null
3026,870aee41-e297-41a3-8e45-7454b9877552,Talastar Productions,null
3027,fef52ea5-5f38-49b4-92ed-a46125bba5c0,Panama GrandPrix,null
3028,95a05a7d-1300-4cff-ba5c-b9045383992d,Diler & Associados,null
3029,2469b023-6ae6-4827-a01c-3edbd09ce03a,Labo Cine do Brasil Ltda.,null
3030,210d8178-b4f2-4bc3-b7e9-8a2b9583e4b5,Pinschewer Film AG,null
3031,94b74c27-902d-437a-99c1-67de25f19475,Bavaria-Filmkunst G.m.b.H.,null
3032,ce5049d3-f9c5-495c-8653-239cea72d76a,Hansa-Film-Produktion,null
3033,36b6fd8b-22c0-4e32-ae35-f4d7b67c9c99,I.G. Farbenindustrie A.G.,null
3034,b340e85f-13d1-4183-9c9d-c45a5b6428f7,Trickfilm-Atelier E. W. Stordel,null
3035,e73edfbc-ddb7-4b64-b6ef-7a4de25dd05d,Terra-Filmkunst A.G.,null
3036,436a6540-c78e-4553-9c8c-142755def30a,Ufa Kaskeline,null
3037,af743fb1-a3c8-4101-8fb0-8d8ade405bf7,Heinefilm,null
3038,17ffb96f-4cd4-4c65-ab1f-21c093d8563a,Kurt Stordel Zeichentrick-Atelier,null
3039,7fd4f020-3d0b-41c9-924e-e23e2dbd1e9d,Gebrüder Diehl Filmproduktion,null
3040,cceff4c8-b698-4cae-bd28-28982d7fb6a9,Lin Pictures,null
3041,dffc74dd-e63c-4781-8446-63b2a04d485b,Rideback,null
3042,bed10833-b623-4d5a-8580-583e5a3b5587,Ukranimafilm,null
3043,b1a3e518-c7e5-44f5-bfb4-06902a2140ec,Kylin Pictures,null
3044,10322e3d-a4c6-46bc-aeba-54683fdd6f0f,Ningxia Film Group,null
3045,83392e1a-deb0-4b95-96fe-3a757a8b1dbb,Dujass Film,null
3046,bc05cf86-5257-48d1-8b6f-49964481dc1c,Brain Zoo Studios,null
3047,65c0aadd-4f1c-4967-81ea-09f1cb3a761b,Rainbow S.p.A.,null
3048,1a5c62a3-ef54-4823-ae7a-ed200aa0a3f8,Rainbow CGI,null
3049,b9fb8209-9d3e-4c28-8b47-bf797a2f53b6,Medusa Film,null
3050,f06356f0-5b1b-4efd-b75e-47df5789ae0a,Mattel Playground Productions,null
3051,ecd998f9-941f-4d48-8b64-9f639eef80d8,Netflix,null
3052,73d5e976-cde0-45a6-92bf-139e8a920bbc,Guru Animation Studio,null
3053,43513e03-d427-40ba-9f5a-0755849492b0,RadicalMedia,null
3054,1d71d1d2-1d1f-413a-b2fc-51d16081fd2a,DreamWorks Theatricals,null
3055,ec2e7aa7-12ab-4744-8337-0209ce775b4b,Sverdlovskaya Kinostudiya,null
3056,bbe93231-a155-411a-9080-ac04ec421836,Simon Fields Productions,null
3057,dd6278c5-71e2-4eb3-ab96-bfd9664ec459,Cinergi Pictures Entertainment,null
3058,d759b4e8-0705-4488-997d-549fc1c6c092,Hollywood Pictures,null
3059,15a73100-cc5e-43f2-afb6-16cd0f8d01ff,Maipo Film,null
3060,890eecfd-76af-4e63-aa99-a45e5f7a68c8,Sirena Film,null
3061,03a4e253-e072-486c-9d36-31c8e4c28f30,Subotica Entertainment,null
3062,c9036bac-14a6-4bf9-8dee-badb70512664,Enrique Cerezo Producciones Cinematográficas S.A.,null
3063,0a6c15bd-a4cb-4be2-a4b9-a8ed15c5787f,La Ferme! Productions,null
3064,a64c1665-749a-4095-8e49-92d2295b0e68,Classic Films,null
3065,2f6b85e9-6f15-4b4c-94b7-dda31b58c808,Agile Films,null
3066,039636b8-1a39-42fe-9e1e-eb11b111a1b0,BFI Film Fund,null
3067,bca11db9-893c-4e7d-90be-740c63e93a9a,Rhombus Media,null
3068,c0ba02ea-dd58-44ff-b0cd-1c02c45901a1,BRON Studios,null
3069,1b5b1839-687e-4ef9-94c4-c9e107ae4767,Films Sacha Gordine,null
3070,96f00fe3-04fe-4806-8cdc-31ac061d3056,Aircraft Pictures,null
3071,7f62edb8-ff14-4f1f-9bf0-28c83a37b5a9,Mélusine Productions,null
3072,9e923503-7446-41ce-988f-1db908a5854f,Metafilms,null
3073,59bd9ee2-9d02-4361-8808-5cd200936187,SODEC Québec,null
3074,1616fe0e-f0ca-4b2e-8fa2-311784f92574,Silver Pictures,null
3075,c851ca91-6154-472c-a5f4-9416cc9c6a2b,NPV Entertainment,null
3076,c8eadc10-1a9f-4c00-bd48-0cec6fd1f969,Curiosa Films,null
3077,a524701f-439d-45ac-863e-a6ae10cfb8e7,FD Production,null
3078,b72285eb-bad2-4aaf-811a-f9bcdc5873df,Playtime,null
3079,c79365c4-83cb-4922-b104-c677ffa1c258,FJ-Filmi,null
3080,d3eafb72-2c7f-4ae5-9cf0-2bc0b69a6086,Jörn Donner Productions,null
3081,ee0d8038-2ab6-4440-a5ce-ec8821363515,Woosung Productions,null
3082,2d019cfa-f660-4a0f-91fc-e9f4e56a1af6,Cathay Organisation,null
3083,127ec295-54b7-45f7-ac0d-e6efb033a68c,"Toei Company, Ltd.",null
3084,9c573058-daa5-45fa-b203-c8dbb181bbc2,Star Overseas,null
3085,d9b643a5-4bd1-4d70-a460-5ea11939cc89,Alibaba Pictures Group,null
3086,8d6a066d-7a9a-48c9-9704-cfeddf9fce8a,Man Sang Film Company,null
3087,62448934-dc94-4f4e-a55f-a8cda0c8cb91,Double Exposure Studios,null
3088,03805b83-dc7a-4cd5-8da7-922af284db1e,First Film Production Company,null
3089,c18da1e7-99a2-4e3b-97a6-0a031f6e9f6c,Azerbaijanfilm,null
3090,53829809-d569-4450-9ebc-b08fee26ac56,Georgian-Film,null
3091,6eb7f569-beed-4ad0-afaf-6e6d8e23c356,Nicktoons Productions,null
3092,27cf6944-ea28-426c-876b-423ac6b0a0f8,Kyrgyzfilm,null
3093,25f4848e-fbeb-4fa3-9320-a7baff13813a,Odessa Film Studios,null
3094,7fa9c506-07e0-48ea-acdc-06913a1feb36,Omnibus Promotion,null
3095,093d69aa-fe0e-49ad-8e5d-b928ce993ad8,Reel FX Creative Studios,null
3096,de1dbf97-fcb7-4601-9fde-7e0e7105f272,France Télévisions,null
3097,0ea47a32-b17c-4b66-aa2f-64042d70aad6,CATCOM Home Video,null
3098,61fc07eb-27e5-4316-bb31-8d852b3eaa2f,D&R Pictures,null
3099,8700b769-a68b-4da1-b503-041a06ca3ec2,Alwynn Productions,null
3100,f5fd6c82-5af2-42fb-bd4f-9436de229686,Dum and Dee Productions,null
3101,b8eb3501-f774-4db4-990c-9937c4a42d11,Bibo Films,null
3102,7d1fc62b-074f-4f23-95c7-e6e18047aac6,X-Filme Creative Pool,null
3103,cba6b123-79a9-4773-a398-38f555e4b8a1,Autochenille Production,null
3104,51b08b5b-572d-43e9-9dd4-08a74e534864,TF1 Droits Audiovisuels,null
3105,6b41df81-e8c9-457d-9f10-50a178141fcd,Stribling Productions,null
3106,be9685f9-047e-4837-aa30-85b804afa152,Magic Light Pictures,null
3107,8716ddc5-605e-450d-920f-3d71c7f6d70d,Orange Eye,null
3108,7cf28811-9457-4ba8-8857-acb2ce1acb8a,Central Independent Television,null
3109,5aa9c8bf-2a47-420a-a8a6-cd45c154309b,Chungeorahm Film,null
3110,39b317cc-d8ab-4c0e-9b76-27fc72de7777,Studio Soi,null
3111,fadfc15d-43db-49a4-ab66-3892b7b7b36f,Prima Linea Productions,null
3112,9a2fb534-b374-4bc5-aa27-3dd1c6f7e196,Arokaria,null
3113,788880b7-cd21-4fe2-8102-6e6344b2f4bd,Full On Film Productions,null
3114,04abf96b-ccff-4b76-9b4a-4ecd3314d788,Films by Jove,null
3115,166b1b54-e326-415f-a313-6ff12e9c558f,Richard Williams Productions,null
3116,3a41729b-99aa-49aa-a805-061b2e04923f,Foothill Studios,null
3117,dcca6cfa-67f1-43fa-a57a-0fed438b62ea,Produzioni Europee Associate (PEA),null
3118,933151af-20f7-4c7d-8f5f-6ad00861de66,Blue Haze Entertainment,null
3119,3230deca-d24b-44cc-b157-71c907d2978d,Canal+ España,null
3120,a683ad52-8965-4ce2-8083-34b2e3be63ba,World Productions,null
3121,f9f3288f-3da3-4eba-be9b-75f98cfeb321,Automatik Entertainment,null
3122,15a6fd26-0502-406e-b14d-53eb412aca69,Warner Bros. Feature Animation,null
3123,3b2c6c4a-d7c6-41fe-9b56-6393e0391219,Turner Pictures,null
3124,97453a9a-ea08-413b-9b6c-89b55efabef9,Mindstream Productions,null
3125,91bd1916-91e4-48ce-b497-42ed21d4ac62,Splendid Film,null
3126,d79b28cd-3c0e-4da7-8b25-270538fe57b2,The Roberts Group,null
3127,9d7bdaba-798b-4a58-bec3-82956868887d,Face Your Beast,null
3128,6598226e-dcfe-40a4-b43e-b64dab178660,Bowers Comedy Corporation,null
3129,ed1f609a-f292-4fdd-ab1a-b65e08068021,Bailey Films,null
3130,aa80ef8a-daaa-4a84-bc01-dac3ab05e140,Les Gemeaux,null
3131,22cd09dc-c127-49ae-86b1-8dbbe73b7971,Pentamedia,null
3132,3e702eba-82d6-4d6b-9860-21b7b781188d,Supriya Creations,null
3133,08f375c0-84b4-46d7-b039-c7227b96eefd,Jai Sakthi Pictures,null
3134,3cc3ee36-3a10-483b-b1cb-fd430c95263d,Aladdin Green Productions,null
3135,0a8403aa-55de-4823-979b-b2e00f42a8dc,Motor Productions,null
3136,c04ce6b3-8631-4964-b63f-13a80e51c03c,Graham-Wilcox Productions,null
3137,c985369f-22d6-42bf-9a64-6c7c7781c360,Gainsborough Pictures,null
3138,fbbb16d6-21bb-419f-9d4c-58cffcc67691,Modern Theatres,null
3139,bbd84008-4f79-4b2b-9656-f83de049209f,Bolshaya Raznitsa,null
3140,c238d721-0232-41a0-bb74-146037fee07d,Channel One Russia,null
3141,2eefbe0b-1f7e-4414-8fdf-57111228d935,Telekanal INTER,null
3142,45d2738d-ac41-4e4e-ad27-c8ec35377deb,Melorama,null
3143,10cfdbbc-72d7-4a13-a7d1-d111dcd6c867,Epic Pictures Group,null
3144,5ea92e4f-d7aa-4391-99b4-91c7d4f687a0,Film Entertainment Services,null
3145,615118c4-9aa2-4c41-8572-620e43be76f2,Lodi Films,null
3146,8f82e0b4-a52a-4013-b57d-fa9b03a39b08,R & S Film Enterprises Inc.,null
3147,28e0e303-4187-4d53-b77b-a05b09805692,Flamingo,null
3148,e7ca317d-39ee-4c4c-b6dc-07c9a670e00e,Regal Films,null
3149,0f86fbaf-bbfe-403e-8fa8-f77cc3c405c8,The IdeaFirst Company,null
3150,fb276ad1-8f99-4445-9b11-daa98a9ec1c9,Kingsway Productions,null
3151,c3206159-0612-482b-bb3b-10f933951f74,Loew's,null
3152,bf7f03ea-b9a4-41b4-b9e5-8ebb78226dee,MGM Cartoon Studio,null
3153,cb0e3d47-239f-42ee-9aac-e40a6f9dd185,Quimby-Hanna/Barbera,null
3154,be2b2de9-202b-4784-b031-83ba2ead89c4,Zora Film,null
3155,e8133ef0-7e26-424c-9233-792a70c07e52,Jadran Film,null
3156,434281f3-25dc-469e-a7b3-bdb65eadd7eb,Det Danske Filmstudie,null
3157,8bc8b126-d93f-4e66-8f5b-436515226fcb,Locus Creative Studios,null
3158,91e3eeb5-7a82-4dd8-a565-c19084612223,Next Entertainment World,null
3159,0d82cc8a-b4d5-4887-8eac-df7900bd50f1,Sidus,null
3160,22b3e982-72d4-4cc4-86bb-3182024bbecd,Alfred P. Sloan Foundation,null
3161,db851604-5c32-40ca-9d5b-22c0f21d4eae,Central Partnership Productions,null
3162,8e5ea301-76b7-4ca9-8f81-495a8c2a1d6a,Non-Stop Productions,null
3163,0f456f35-2f57-465f-b605-6fbfc8bd7092,QS Films,null
3164,70dafa39-3f04-434c-b09b-5a53437ea10d,Turner Entertainment,null
3165,391aa988-ad7b-46fa-9906-aec09d277873,Warner Bros. Animation,null
3166,cdb4c7ba-fd02-4444-bbc7-45799b2f2ce0,Toei Doga,null
3167,af309a63-4d6e-4503-9ca8-78061faf1850,Bandai,null
3168,10392b2f-1961-4f8f-8bff-39dc87a8429c,Burning Productions,null
3169,84c69d0a-a5cb-4016-81eb-bc4a86e5a19b,Kôdansha,null
3170,70b004e2-6584-463c-8e30-f5c0b4cca4f3,Ecesa,null
3171,9e835b5f-8ae0-47f7-af2d-1676f8e1b988,Filmy Wiktora,null
3172,54b106a7-51b9-4fd3-9974-bed16041ec4d,Frutacine,null
3173,5f96b10f-0c00-4497-abc0-e241d7d94056,Vietnam Animation Studio,null
3174,7f686c0a-1883-4e9a-9643-911502251728,Warner Bros. Cartoon Studio,null
3175,8b9d3e13-2d4a-4f1e-8ef8-60143a00ebff,Shogun Films,null
3176,734ec5bd-c8d8-4ad7-83a0-49b1733ebeef,Streetlight Animation,null
3177,e21cf992-dd91-4228-93c2-a5df300703b6,Assemblage Entertainment,null
3178,e291f9e4-cc88-455e-886e-0307e7761934,Mezhrabpom-Rus,null
3179,0173bf7f-dbc9-42fb-8894-15c5cac8cf61,Kinostudiya imeni M. Gorkogo,null
3180,8eee4b17-7c41-42d8-82d0-9b752394ffef,"Yellow, Black & White",null
3181,3587c4dd-f811-44cb-b27e-4c1b10b7b049,Platige Image,null
3182,c135f273-1da3-4067-8d29-eaf29b30e510,Original Film,null
3183,357cf39b-1c95-4923-9486-3dd9a1869957,Sesame Workshop,null
3184,b337fd36-ad25-4940-9a83-ed3f4e25e41c,China Star Entertainment,null
3185,99a77df7-b27e-4258-b17c-8e465fe8b073,One Hundred Years of Film Company,null
3186,72c5cda5-61d6-41df-bc5e-43e4dd41fbb3,Silver Peak Productions,null
3187,40ab230f-4fb8-42af-b380-bf0ae2049dd3,Panorâmica,null
3188,694a75ab-dc98-4b15-bbdf-4583c1d8fd8d,Fat Salmon,null
3189,f72ac601-fe57-428f-9fd0-a9cd5514e3b6,Lantica Media,null
3190,49bbfe48-91f8-4321-869c-b094750c545d,Video Brinquedo,null
3191,a421085e-22eb-4f42-89b3-bafe140c55a2,Windsong Pictures Ft. Wayne,null
3192,df67840d-4275-41c1-9ccd-5a4585eeeaaf,LiveTribe Productions,null
3193,65a83607-0d63-4f2f-a509-26da7628ce97,Magic Entertainment,null
3194,61987ff8-3378-4824-bdf8-5f5401691b56,Super Audio,null
3195,81231276-b921-4dfc-86b2-d39946691628,S&S Productions,null
3196,9885ba30-e3d4-480e-8eee-1761f0aba807,Tatsunoko Production,null
3197,e01b1196-86b7-46f1-882e-ad92d8848d32,Ulzee Nigeria Ltd.,null
3198,5cb5ff24-d57a-41ec-b973-8d996bfadbd2,Dualistic,null
3199,b553b8c7-8881-48b7-8d52-c7d318c6fc11,Cinema Bijou,null
3200,066cc7ac-6ac3-42ed-85c4-3227d3141f74,SLM Filmproduktion,null
3201,74651dd6-274b-4075-bc1c-0dbf5d99870d,Rainbow Castle,null
3202,0a7cfc36-bbb4-4d26-b082-a2b07d31a2de,Wolf Productions UT,null
3203,c4c2059a-5223-4017-ae3e-73a95f35e738,Cheeky Monkey Productions,null
3204,89c9c2ba-8497-4c8b-8223-817ced9eeb3b,Candy Caramels Film,null
3205,5ddbba45-9687-4e43-af49-574af4377cea,Cinergia,null
3206,532e3b81-b3cf-42fe-b713-6dff8608abc1,Escuela Internacional de Cine y Televisión (EICTV),null
3207,e1b17085-b49e-48dc-97ef-543c2ded0137,White Rabbit Productions,null
3208,a699209e-2553-44ae-953e-0909715be481,Gen-Y Films,null
3209,e8de4ec0-2f6e-4987-b1ef-356d0e211d0c,MatisseFilms,null
3210,8f0ec865-5368-43a1-b8d0-c14661948901,EuroPacific Films,null
3211,90697c42-fb34-4817-8bf2-7060dabbc4a6,Land Productions,null
3212,85e629ae-7a26-449c-b6db-bc86bd3572d9,Sophia Films,null
3213,3d68f7be-1b27-49ab-9645-2b15100752d0,LegacyVerse Productions,null
3214,b76a4e7b-2311-4c65-8db0-ab65ebf27f24,Kristall Armatur,null
3215,4aa2806b-33a7-43d4-a959-600ca5cf811c,New York Film Academy,null
3216,49d253f9-3fa0-422b-b897-f67ff9b9c117,Naissance,null
3217,bc1bc1e1-9588-49d8-8205-8f95d6be4cce,Deviant Children Productions,null
3218,bd8006ba-dce4-49bb-b289-c6a80d37793d,Sabertooth Films,null
3219,303e0473-732d-41cf-b1f1-3a1abfc1df73,Appian Way,null
3220,52d2942f-35ed-45ef-b133-49c27a8ae2dc,Sequence Post,null
3221,8b1f97ba-13d2-43ec-9815-2971e11efa07,The Cimarron Group,null
3222,e0a5f5d5-a934-4a83-82d4-a3f451dfd3fb,"Studio Filmowe ""Tor""",null
3223,584aad42-dcfe-4f76-a1d8-089e3579deb2,Always Wrong Film,null
3224,3f53b1bf-c5e1-499a-a099-e073ccd5d417,Netherlands Institute for Animation Film,null
3225,a105c44c-01b6-4ff8-9fad-2689948bea1a,Bold Studio Zagreb,null
3226,e474c53f-1874-440f-8c49-ec8b7452a60e,Protected by Imagination,null
3227,4e589fcf-f61d-462b-a2c6-2a00e5a042de,Vian Productions,null
3228,2a8c11be-b76c-4661-9b02-3c5fd6c1e7d6,El Nevado Films,null
3229,7e380c54-8a34-4b28-aa52-8039b1431e23,Zander Entertainment,null
3230,2e9159ef-5b55-4e9c-84bd-ec04cfdce841,Rainbow Mountain Productions,null
3231,678e13b6-9d27-473e-94a1-2e4b79a7bf0c,Shots Studios,null
3232,fa850cd8-9661-4927-b661-5987ae51eeec,Mugsey Grant Productions,null
3233,b89d5852-0bde-478f-920f-0e7ed75dc683,How It Should Have Ended,null
3234,a034b0e2-5cd0-4b62-8955-02ef7e972c6b,KLOMP! Animation,null
3235,4ac2f725-ec72-4573-a879-8a0430e2b267,Zootroupe Productions,null
3236,ecdd7d7f-fa96-46c3-b9bb-ffbf03b96746,FullDawa Films,null
3237,d23323b1-a727-4221-922e-0b88d2a12bda,Orange Core Films,null
3238,448b9c49-003c-4653-8682-0689b3964344,Magic Owl Media,null
3239,7cd69c81-ce9d-4637-8fd0-453eec839a41,Contacontos P.C.,null
3240,03faf7cf-8810-4357-bbd1-46a81e858876,Feierblumm Productions,null
3241,9013b57a-586f-48c7-ac4c-6380fe3027df,Southern Methodist University,null
3242,58ba3a6c-2dc9-44d3-b884-ff5c71a0daad,Opiate of the People Films,null
3243,09a8eca2-2aa6-49cf-9838-35322bc6ad5d,Dancing Rose Productions,null
3244,ee6c7d69-9b19-48f0-9a48-3ed78649795b,Digital District Shanghai,null
3245,f3c9e86f-324e-4c8a-89e8-731202be37ab,Coven Productions,null
3246,4393d409-6846-45a9-9037-3da36011f655,Audiovisuellt Produksjonsfond,null
3247,fd296f36-09e1-4db3-a2d4-dfdffc01b896,Danmarks Radio (DR),null
3248,7b490055-9444-4a03-a63e-261dabe20311,Paul Video,null
3249,bb5d1ef6-145b-426f-962c-c30645555e8c,Pavilion Theatre,null
3250,0f19f99a-8eaa-4e76-918b-aa94cfc4a8c5,Mercedes-Film,null
3251,07bf5da5-41c3-4fae-b111-0ca04687326b,Poptori,null
3252,e7797d3c-a929-4ef1-9912-6a2279b37510,Tokyo Kogei,null
3253,cec495ec-f03d-4657-a45e-4e8b443d92ad,King Records,null
3254,c9697aab-5f6c-446c-94c5-b403cd5a61eb,Studio3,null
3255,c163ab17-26fb-4dd8-b835-f4dc5a6a1098,Akshaya Films,null
3256,5ac7a1af-b6ef-4baf-9aad-6998083560a9,Eldad Rom Productions,null
3257,06d5b6b6-7229-4969-9138-dd1e8cb281a1,Filmstube Hamburg e.V.,null
3258,ef4e43b4-3d77-4f29-9312-017c4969ae8b,Two for Twenty Films,null
3259,23bbfbb8-faa7-453b-8835-24d4db3c46dc,Hollywood Road Films,null
3260,18f58ee3-c8ca-43bc-9575-2232b7d81902,Motion Picture Investments,null
3261,9599eb3d-594e-45cb-ab80-605c4e7fea9f,A. G. S. Entertainment,null
3262,5e8fc5be-09e6-4a74-95ea-513c29587e4d,Red Giant Movies,null
3263,5f552952-f673-41ba-a7fc-2a8f61fe0337,Rabbit Ears Productions,null
3264,6c76189e-6c86-43b1-a86b-a989aa42c3ec,Sopogro,null
3265,bbb84330-27c9-4a99-96e2-6ea3d7dfd501,TLA Productions,null
3266,22a0c3ce-5083-4f19-8379-796d0b00e48d,Overlook Productions,null
3267,21f1c31d-ed36-4ff3-8fef-14ebbc0bb8ee,H.A.D.A. Productions,null
3268,e6fc1fc0-c190-458f-a3fd-c1877770cc1e,MarVista Entertainment,null
3269,6071a4bf-6482-4be4-81bf-2ea77230057c,Star Media,null
3270,33be14ef-92d9-426e-a6de-e65520d28963,Provobis Gesellschaft für Film und Fernsehen,null
3271,9ff3bacc-0422-4ae5-841b-9a1081a43640,Delta Productions,null
3272,6592a4b1-40cf-459a-b6af-c15d5ed692e3,Fribergs Filmbyrå AB,null
3273,db0638a4-ec50-49c6-b129-686a981dcba3,Big Atom Productions,null
3274,4b8b6ae0-9c84-4db8-987c-86f43707c95a,Gaumont International,null
3275,5c14bb39-f459-4eac-a90a-5c4b1dd91e2a,Jolly Film,null
3276,21804f40-642b-4a92-80db-7f91b90ade26,By the Glass Pictures,null
3277,9616705e-1aa7-43f8-917d-fb8773c1716c,Martini Boy Films,null
3278,ed9d173e-0e3e-4e4a-ada8-52a14fdd7a84,Shaw and Sons,null
3279,2aac45d2-1e37-4d93-bfc8-8dde3cbc621b,14 Pies,null
3280,37404d97-d7cd-4557-98b2-f829f442de05,Dreidel Films,null
3281,a7b2e7b9-a526-401d-98c8-a1a6de6efbfa,Elamedia Estudios,null
3282,07eb7b97-2a06-4f6f-a536-be83e6017265,KinoDosug,null
3283,25cd97e3-9cb1-401e-9233-24839c16e81c,Trandeth Productions,null
3284,ad8bbf0b-8b61-4e8d-a123-54ae4b8153aa,EMI,null
3285,3e2d79d6-801f-4ba8-9bcf-c8fcfdcb1358,Foxbridge Limited,null
3286,5522f4f7-77e4-4c7c-8c62-5966a1462a3e,Menning Films,null
3287,346517cc-b671-4e36-87fc-7deccaea71ed,VersaceEntertainment,null
3288,e95843dd-43ac-44b6-8afe-e03b75aa0fc4,Williams Films,null
3289,4687599f-f783-4540-bba7-78f42f92e2e3,Dingo Pictures,null
3290,9b42ec76-21e9-4d45-8f4b-a82e2e1bf9b9,Kadri Film,null
3291,c7f214d1-5f86-411a-9934-75a98593c32e,Piccadilly Film Productions,null
3292,a3e38470-8a4a-485e-9908-33b60e10a119,Premiere Entertainment Productions,null
3293,6eb00da1-ec74-4e82-a17b-a9e6465c8dee,Ebony Film Company,null
3294,3fc3715f-8d7c-4205-ad78-f9b4c6f13827,Rolin Films,null
3295,8c931011-217d-4867-a623-9a1a51a5f174,Honey Talkies Co,null
3296,9cea81a1-739d-4928-a04f-619a813f6c64,Ravindu Entertainment,null
3297,e6c30c81-d26a-479a-9778-08e72a7fef66,Ramkrishna Films,null
3298,b898e7b8-8724-4c7b-af81-66ff8c38912b,LVN Pictures,null
3299,6ba97a3c-f931-4651-8f75-42ae5e8f9b07,British Anglo-American,null
3300,0827e73b-f77d-4c08-a427-dd5390ac04d5,Rolfe Photoplays,null
3301,8c33248e-31e2-48b8-896f-5e7e6d425748,NBC Television Stations,null
3302,17299c16-b08e-4b5d-9e2f-a1877c25ba2a,Unicorn Tales Inc.,null
3303,aae06139-be57-4319-bd95-3c77987ec6f0,Gaumont British Picture Corporation,null
3304,1fb58bd6-6f4a-4467-8112-23e6db14f659,Vesuvius Productions,null
3305,154bc9b7-ea95-4f0f-b0a4-fe599507c24d,Filmex,null
3306,1797bd3b-def3-4790-8881-d063b2dc5e63,Welcome Pictures,null
3307,1416b0f6-7fbb-4dc3-92d7-0ced28e42b39,Hallmark Hall of Fame Productions,null
3308,b9fa3990-e401-49ca-aef2-625ad21efb04,Palm Films Ltd.,null
3309,309efb1a-c76d-4b5d-92c0-adeab376a0e3,The Sarajevo Film Academy,null
3310,80d38778-3b32-4e61-ba41-73a087394728,Fantasma Inc.,null
3311,5f3a7778-05e4-44ed-ab97-81e2793dceb4,WildFox Films,null
3312,28f68223-2e48-41ce-8bb5-b8524fcbf03c,Big Primate Pictures,null
3313,a472ad56-bb58-4398-92b1-1446e67d2dc2,Grand Productions,null
3314,2f1f86e3-d5f1-4efb-aed2-bc0ac96c49a2,Lowcarbcomedy.com Productions Inc.,null
3315,59a09a4a-b76b-4a68-9a4b-f9532d2abffc,Full Moon Entertainment,null
3316,05c68926-40e7-495e-bf91-1fffa8345c45,De-Kross Movie Production,null
3317,b37ed325-26fd-4cc3-82b9-026e894ab976,Minxin Film Company,null
3318,f321e73a-4f1d-4fee-97bc-cf1ab320a961,Per Holst Filmproduktion,null
3319,8e461f5c-ef4e-40ca-9c19-b57e8220a411,Nanyang Production Company,null
3320,cfeb5bc6-f1a1-4034-8b90-1ebe0d64773c,Team Red Pro,null
3321,a4e6fa11-7f44-4597-975b-8236dc2212fd,Jinghua Film Company,null
3322,a88d38bd-e51c-458a-8505-1b1822f0104d,Gold Valley Films,null
3323,7733d9f1-2100-4bc3-ba5d-ad0eb1f5e8eb,Mondo,null
3324,e09b0cdf-90cd-4ce5-84e3-2601e65a2542,Schwartz & Company,null
3325,2313d9d4-eb76-4d01-82ab-04d2dc390912,Django Studios Inc.,null
3326,00ad8877-3f74-4bf5-9754-4d8255077159,Springboard Communications Inc.,null
3327,6ab2e594-a3c4-42c9-9129-a8271d4d6ba0,Denzel Film Investment,null
3328,b2ed582f-b052-41b8-a959-acaee5ae34d9,Jason T. Reed Productions,null
3329,5b0b8f56-dfe5-4680-a7dc-09f0bdb38bcb,Good Fear Content,null
3330,4aa9aa99-7995-4ebe-a9f7-43cce07d2776,Studio of Leningrad Television,null
3331,6b2853d5-9c87-4604-b710-d086fe1b329d,TotalVision Video,null
3332,656a8649-f3c8-438b-a872-25019b3e0daa,Thalamus Pictures,null
3333,ad67918f-cc2b-4acd-97a3-f7c1cbe9fbf5,Dangerous Puppets,null
3334,8b7c063d-6234-42c8-837e-1a9d0aa57dc7,Red Road Media House,null
3335,800d424b-5ad9-4541-881f-8c14da6b0f51,Ecole Nationale Supérieure Louis Lumière (ENS),null
3336,b5791f2c-678d-483c-8749-a9f5ed53eeeb,Anarchy International Pictures,null
3337,6e9a9b37-21f1-46ae-aac0-9ca0b7b0cdfd,Red & Black Films,null
3338,b4e15c01-52c5-4383-825f-7e427dc4c70c,Seymour Films,null
3339,4598091c-6f58-431a-a8cc-16f7144a3db7,Anti / Type,null
3340,dbe253c2-72ec-44a7-9c6b-1fe6401dae21,Marvel Studios,null
3341,7abdc704-3874-4362-8c1d-10b62c344a03,Live Wire Productions & Visual FX,null
3342,5f136189-3ef0-48f8-918b-147f909b11c0,Claussen + Putz Filmproduktion,null
3343,ad13e43e-b2f1-4ddb-b64f-098a8a9c4242,Zodiac Pictures International,null
3344,4b63cf94-d5ca-4811-a9e9-61cadff0878a,EP Producciones,null
3345,ee8eb2c6-f41b-49a1-a2f4-5897c85013e8,Micro Bay Features,null
3346,88a80155-a46e-4260-883d-05901bc38394,Pinnovating Productions,null
3347,f6382446-c2de-484a-9098-81a1a9ce0b57,Zeroinside Films,null
3348,234ef9a1-027c-4fb3-bcac-465c06c98cdb,Studio 100 Media,null
3349,0b509a02-0caa-42bc-959d-8d9dff7f7e1f,W Media,null
3350,de73840b-c1c1-43ed-8a8b-1b40a0a56fbb,Fuji Project Ltd.,null
3351,477324ea-6d1c-48c2-b777-696464c0dba4,Fuso Publishing Inc.,null
3352,53cacd00-5c74-4eb2-9423-9eea00f75919,Pony Canyon,null
3353,eda45a67-a41c-46e3-80eb-8d206e379c69,OctoArts Films,null
3354,d13b6809-e4f8-45be-8a79-ba3b1e27219d,TheCartoonMan12 Productions,null
3355,76304556-fb61-452e-8371-4b84ce309a71,American Film Institute (AFI),null
3356,0c443741-4cd9-4eb5-ac59-e061a48cfe3e,Effectively Creative Group,null
3357,b0d8b415-980b-46c3-a01f-2ef651123e9c,Mad Hatter Productions,null
3358,28ad3926-0d1e-452c-a97f-83e56a6cb093,Crewless Productions,null
3359,5a9c02f9-803c-4d3a-b3c4-021078904bbb,Atrox Studios,null
3360,e6a97565-7341-48a3-ace0-81fa12d4e28d,"Dollicious Productions, LLC",null
3361,94da7275-5f92-48a8-8c4d-69d202cb0b74,Live Earth,null
3362,219b8039-d0cd-4f36-92ee-037b7c135ff0,Lake Swan Production,null
3363,2df7b347-a3ac-4d9e-977f-661e0e379d79,Electodist,null
3364,3ce96723-13a9-4750-996b-7a7cc27f7298,Shudder Films,null
3365,18851977-7343-4829-9980-3e2b6c84e6c1,Northern Film and Media,null
3366,4838c4d2-284f-4379-a519-4976e2516f75,BKN International,null
3367,56405e4a-e3b9-459f-9d26-e915f8cb0177,BFA Educational Media,null
3368,b740da8b-ff63-496b-9d45-a9d3977e1398,High Grove Entertainment,null
3369,b10abbd8-9e68-4c2f-af4a-d250c3be4281,Reaper Agency,null
3370,f5027783-0f93-4226-8c1f-c460de5e0ef9,Roda Cinematográfica Producciones,null
3371,a5e91d40-5c61-4739-89e4-d2021fa8d96d,Balance MHP,null
3372,1e0e9a0a-1f1e-4a5d-9208-1f6262673c18,Whisperstone,null
3373,854fa0ad-17ac-47ea-bd36-ca715d13909a,Antilles Artistes Associés,null
3374,babc5a60-f32a-4c21-9e66-63446412cdd2,Tic Tac Production,null
3375,e704f487-1df1-4945-85fc-e29fae698b65,Behind the Door Productions,null
3376,c64080fe-0e71-4ece-a1bb-d024a0769593,1406 Pictures,null
3377,1a50d302-7630-4e92-904e-22d0aeecfeb2,General Productions LLC,null
3378,a8dba276-9d5d-4e5e-8ee9-ce3e449818ef,Oval Films Productions,null
3379,e1c88d58-4ee1-4cd3-a1fb-9e92409f22fe,Asahi Production,null
3380,e2c6a013-3b1d-4da7-9cd1-05700313a29e,Multimedia Productions,null
3381,5b3e8980-9df5-4b3a-85ca-9d15f39e8677,Studio D/A,null
3382,3bac2914-25ac-48c7-938e-5a3eca8181f5,Videal GmbH,null
3383,6d288b9d-948a-4040-aab6-c7ed0f250148,Promark Entertainment Group,null
3384,f2eb2619-cca1-47b1-b083-44bc8867129c,ZN Productions,null
3385,80872ee0-1da3-4b88-b046-f7d962da6d53,Scarmiglione Films,null
3386,ca733698-c81b-4d1d-813a-b637c51f24d1,Lonely Pond Productions,null
3387,d9dcaad5-7bbd-42b9-9580-d58a28fcac65,Galitsin,null
3388,d7b37f4e-82dc-4ce5-b6c1-d64ffcf96da3,Guillaume Karoubi,null
3389,623a92a5-b797-43c2-bf0a-dd347c5d2279,Radix Troupe,null
3390,b6df7eb9-7a3f-46a2-bf7c-ecf468fec520,Dreamvision,null
3391,827aa3d9-329c-4422-97f4-2321f320cb00,Movie Rio,null
3392,d7fb52ad-f6fc-4494-92a7-f0cb5913d065,Matador Film,null
3393,cba79901-8223-4d30-b720-0ad72f425f7b,ABC Television,null
3394,e088cb88-eb7b-468c-97ba-3c31210748ce,Last Ronin Entertainment,null
3395,8cb963b6-f0c1-4044-baeb-055da06fc8f6,American World Pictures (AWP),null
3396,b2851c76-61b2-4fee-91e1-ebcc0a783217,The Safran Company,null
3397,b492816d-af56-4c25-9ebd-c78c9088824f,RVQ Productions,null
3398,b111ba75-99d1-4332-b00f-f4b19a9123fb,Phantasma Disques,null
3399,528ee6b9-b318-4714-8e1d-77ad47b67505,Diamond Entertainment Group (DEG),null
3400,a88d550e-c750-4435-9147-6a2ef660e1ae,The Great American Home Video Library,null
3401,41c81fed-12b5-476d-8b08-b219f42a7378,MacCool Productions,null
3402,0baf0047-1660-4ce6-a126-9060b61c9dea,Vermicious Productions,null
3403,542f9d01-af3f-40f3-bb01-13d9a8acfcf0,Xinzhong Film Company,null
3404,69d6926f-04fb-4909-8278-b2bd08ac05b9,Xinhua,null
3405,efa10174-2a79-4b37-89f4-ca8329618abf,ReKon Productions,null
3406,fa9aac17-f983-4b82-b25a-5bbdcbe64ea2,Joy Over Money Productions,null
3407,2e09e7fd-cf56-4ba3-8cd1-ad59a5ee639a,Alban Arena,null
3408,e18dfab8-316d-44a9-a612-ad81415e4708,Fred Wolf Films,null
3409,a680b367-a8b3-4879-aff9-f2185f55b76d,Independent,null
3410,54680d48-9ab6-4693-b48a-a017b50fac1e,Park Productions,null
3411,f6b54bb3-5930-4678-a2b9-e1915b32cf1c,London Film School,null
3412,3f410fe7-3ac7-438f-92c2-11632fbfadc5,Gazelle & Cie,null
3413,fc1063fc-4c7b-4c85-b2da-dccabf108864,France Télévision,null
3414,cffbf942-9c1c-449b-9c20-57325d00712b,Moody Independent,null
3415,108519b7-d3a2-401f-ace9-d774c3663f70,Dschoint Ventschr Filmproduktion AG,null
3416,d2f481fb-24ee-4a4e-aadf-b92f59b852cc,Filmhaus Films,null
3417,d9c5b053-ecf7-4c39-a2c1-195a87226cf8,Schweizer Fernsehen (FS),null
3418,a06379da-b8ef-450a-ad0e-d8be1bf7fbf5,Afoi Roussopoulloi,null
3419,f8c37b81-fe58-4013-b29c-72969c153043,www.HayleyO.com,null
3420,4b8eef08-31da-4046-80d8-4dfa659e179c,Fennada-Filmi,null
3421,f8ed4a56-d564-4f37-8061-c9d6a6ab5729,Sineast Filmproduction,null
3422,ce6eadd6-445e-4aa6-837e-4a76409a5dd0,Havasu Films,null
3423,664238df-f61b-496e-909f-31324edcab68,Sunman Productions,null
3424,90168bc3-e5b1-4100-9a86-489d5ef4fd62,Karagiannis-Karatzopoulos,null
3425,97ce0e6b-3308-4cde-b667-86fc534553fe,Royal College of Art,null
3426,a434407b-3858-4f13-8d31-6f609e5557f0,East Japan Marketing & Communications Inc.,null
3427,ce121143-2829-482d-8ee3-26b4d518d446,GyaO,null
3428,7a0017c3-5e79-4e47-b8ce-877886707a3d,Golden A Entertainment,null
3429,b68b796d-0154-4b60-b1f6-0b8ec4a92bc9,Umdoni Productions,null
3430,1ad8f199-6cbd-4cce-989d-d9f042419694,Film Media S.A.,null
3431,56a2e265-bf2b-4f83-85a1-3f0284150920,Castor Films,null
3432,60fc0f4a-9733-4726-b9bd-d30091a717fc,Trident Fantasy Films,null
3433,9ae19df9-8723-4318-adce-c2647913f9de,Rooster Teeth Productions,null
3434,8e193edd-d1d1-48eb-8765-8e806de0320d,More Films,null
3435,a5499948-8ca4-450c-a55d-99cac1b3b3cb,Palehorse Productions,null
3436,ce4f7d06-d40f-4f58-bbf1-6ce20910ec10,Cine Duck,null
3437,3ab2e677-10da-41b5-b488-7b28d268a09b,Balance Film GmbH,null
3438,5aa0e436-e87a-47f0-bee0-f1ec3f5c61c4,Studija A Propos,null
3439,ee5f0e6a-79c9-406a-8f87-e46be33d0f77,Everstar Productions,null
3440,1583a58e-89d0-4a2c-a60e-976b51ad9619,Makedonska Krepost Vladimir Komarov,null
3441,c8b5b7ce-134b-4a5e-905e-cc33588f9aad,Media Arts Production,null
3442,caa6c37f-a020-4d5c-a0cf-262c2566f08f,AvMediaSl,null
3443,aef69bfc-e97d-41c5-ba74-4f679937f527,JellowQuake Productions,null
3444,8ec228fd-f152-4069-b817-d2f38ee0ab7b,The Wanted Mind,null
3445,d5cefca8-6862-4fbb-a3eb-45a0d28d09a0,Maker Tales,null
3446,33e80d34-dc40-4df0-b256-bd76c45746b3,ProSaar Medienproduktion,null
3447,0d16498c-e65c-4eb3-86f6-698fa384e97e,ROAM Pictures,null
3448,3351a53c-1334-4e6f-932e-35c63503fe60,HSK Studio,null
3449,1ca250e3-345c-49c7-bf86-b8dc9edee214,Fama Film AG,null
3450,dcaa3159-1db5-4c41-8c3d-3e19c8e39ec1,Iris Group,null
3451,de66d2a1-1024-4d41-823a-7a49a5b933ec,Dragon Cine,null
3452,adb8752d-2a8e-4920-b886-632049d968b3,Studio Hamburg Filmproduktion,null
3453,3007e552-33bd-4b96-9108-598942a80331,Violet Pictures UG,null
3454,a0036d8d-efb8-435b-bb85-34a1949bc735,Shudder Stalkers,null
3455,373498ae-e14d-49fa-befc-7f28ae8e1160,Université de Marne-la-Vallée,null
3456,91f062fa-9858-4b7e-9da9-97259e813556,Bionnay Productions,null
3457,c6486250-d911-4001-8b3d-a7abc7b613b0,The Brothers Hicks,null
3458,f78e863d-bd92-43e3-a199-229b4c5a19b0,Escuela Oficial de Cinematografía (EOC),null
3459,14ee6745-41ad-4d53-a306-f4574e4c8b08,Interlochen Center for the Arts,null
3460,5d5f384c-9b89-4576-8286-93c5a4da8a67,Sweet Blindness Enterprises,null
3461,4e7ab9fd-f009-455c-9e07-555dd830ac14,Jesco Film Entertainment,null
3462,0324e5fe-59e9-4ea2-aa8d-0d282abc2b3e,Slaughterhouse Cinema,null
3463,4e2a59f6-d1e3-4dcf-8a4d-3b360cd71548,Cinema Factory,null
3464,85914a15-71f2-4962-9b5b-04c25b2cb3e7,Double Power Studios,null
3465,54c67a83-bb5f-4727-8fd7-f2bb82b0d1b9,VFX Fantastique,null
3466,06f07bca-21dd-4bdc-8109-14f1ba0131be,Drakfilm Produktion,null
3467,914ce675-fe5f-4032-845e-aba850c4da80,Filmbolaget/Ljudteknik,null
3468,c91204c9-bb59-439c-8e9d-8b4ce941ed45,Junior-Filmi,null
3469,988350fa-b18d-4d7c-b42f-5dbb87d535a4,Unico Entertainment,null
3470,c75c02a5-f0da-41ef-9446-884484ad38a6,Unitel Pictures,null
3471,990c8be5-3f14-44d4-8ca6-764118250fb1,Neue Schönhauser Filmproduktion,null
3472,555b19ac-45f0-456f-bdaa-bac8e91a5840,Bob Banner Associates,null
3473,705b62d9-d711-46ab-815c-857b8793ee64,Gorky Studio Moscow,null
3474,10fd3b45-d24e-4da5-b601-b0930fab8413,Huntingwood Films,null
3475,c2023556-b897-445e-a19e-456959cd35a8,Yleisradio (YLE),null
3476,c7e5e038-3f0c-411e-a0ef-ae152b0bc35f,Visual Norden,null
3477,e4715b32-bb22-43c4-a7d8-5cb9deba738a,Studio Dadashow,null
3478,abbbc0a2-e0b2-41d8-b1d0-de5598881793,Soyuztelefilm,null
3479,6ef31f5d-f1a9-4692-a749-68ee243d4fb0,Atkinson Film Arts,null
3480,fed73616-d640-4cf5-87d3-ae5e8362075d,Animated Investments,null
3481,4b18e6be-2fd2-4933-8725-73d61242885e,Crystal Sky Worldwide,null
3482,81e8e65e-74e8-4e77-8823-bb2dc5c98254,Harlech Television (HTV),null
3483,7f408724-9b2d-475a-b60c-9c571662809c,Picture Base International,null
3484,c54ac37d-4017-40e0-879f-038071bb8644,NBC Productions,null
3485,9ad9c8ba-b77c-4fa3-8912-4d8f6f441401,Quasar,null
3486,8f84f70c-e886-4e92-8d06-07bc4d415a36,Rundfunk Berlin-Brandenburg (RBB),null
3487,2c5ee6fb-cde4-4710-a83a-16f3598b8fcb,Saarländischer Rundfunk (SR),null
3488,13c444bb-48da-4adf-95a7-9e819735d67f,Horipro,null
3489,30cd88d7-3111-45fc-a566-0460fc13b9b2,Björne Larson Film,null
3490,ea00258c-d2ff-49d7-824c-98e62b1a9d68,Swiss International,null
3491,19125608-e375-47ed-a22d-2824666518db,Intergalactic Partners,null
3492,286cefd7-c810-4f9a-9e35-16015353fc90,Funny or Die,null
3493,501cb31a-60ed-4926-8786-082298e25ba2,Entertainment Marketing Communications,null
3494,4c8c4f2e-d240-4102-be02-a07152c7fa14,Thanatos Films,null
3495,3f6fd3fe-8b3b-40a9-94d7-1c38e2113cf2,Done Four Productions,null
3496,ca2a6005-238c-4815-b441-1907af8cf952,Tilt 9 Entertainment,null
3497,96afd96d-7637-480e-a9f2-f195dd9ef80b,ImageMovers,null
3498,1cfcdccb-0cda-4c90-a0b0-0a1ba4e01e10,Shorts México - International Film Festival,null
3499,bda39537-e23f-41d9-9786-a4f7e9ddbd23,The Basulto Company (TBCo.),null
3500,6c7071e0-e7d9-4602-a8a4-30be0f777bd6,Enoki Films USA,null
3501,c0981203-b73c-420a-806a-0a8c02c9a7ac,Tokyo Broadcasting System (TBS),null
3502,6aa7a0af-f515-48df-955a-0034230855e7,A-1 Kino Video,null
3503,e6ed7e44-c976-43fc-a6b1-60062af7a74d,Rigas Kinostudija,null
3504,933b178d-47e8-4db6-8cac-2bc544188fe5,Moonbeam Entertainment,null
3505,7defd2d5-49e0-498b-a44b-d6e422a0c06e,Private Screenings,null
3506,838f88c5-fe3f-469d-8303-92a7df32ef62,Bad Angels Productions,null
3507,e17a6833-23ad-41da-b6c6-4ae684751f78,Mad Hat Entertainment,null
3508,34148ca6-47e9-4aea-b7d4-d0c6695b9cb9,Pocket Man Entertainment,null
3509,7a4d3642-083f-4d3c-a24f-f36fb25d1f68,Vanguard Productions,null
3510,cd89b222-1ffb-4fb6-9704-d022159b7a31,NL Film,null
3511,82be7626-ed82-4dd9-a1dd-ddc1690518c9,Minds Meet,null
3512,c490a624-4580-495b-90c7-59c1b2e32642,Mollywood,null
3513,0b6e0434-9205-4d6c-93f5-35b5e065768f,Ceskoslovenská Televize,null
3514,b70f1575-c48b-4121-9a79-ad9b3b63f7b7,Golden Film,null
3515,fb5bef6b-5fde-4214-87e0-052364aa6d82,Pachamama Films,null
3516,84f4441a-c227-40e8-904a-9d6bbc767728,VermeerWorks,null
3517,751e5ec6-d6a3-42a3-9eaf-7b67f2a61a78,Kcraft & Co.,null
3518,1b5768f7-522e-45e6-abea-c9570924472c,WR Filmes,null
3519,9e09ac26-dc77-4b31-b7dd-d5da7e68984e,Gaiam Entertainment,null
3520,d916608a-d03c-4e99-b128-075a9ca80068,EYADE (España y América de Ediciones) S.A.,null
3521,7eb06dab-dcda-4730-84d7-900037fffb3d,Mediopolis Film- und Fernsehproduktion,null
3522,fbb39640-13e1-44f1-9faf-75ee712923c9,Leone,null
3523,4c64143c-e276-4a98-8adf-1f4db9c9bf29,The Klockworx,null
3524,5acaf4a2-0371-4a0a-a493-ddfd0a741bfa,Puddle Jumping Productions,null
3525,c8314f87-0e32-4d6c-a434-a1a7a3f21935,Super Film Location,null
3526,9dd48e88-8cbd-4c11-b5d8-8c61b6057842,British International Pictures (BIP),null
3527,964e3c4d-6ad9-4578-a259-7481be147390,Tempesta,null
3528,ad88361d-eeef-4df6-ba7a-d815a8fa9cb9,Amka Film Productions,null
3529,dcb45ad2-070d-4212-bb42-64aa1b366c14,Ad Vitam Production,null
3530,364e00eb-a4f2-4c69-a300-ec4c8e139102,Daiei Daini (Kyoto),null
3531,08c90813-4398-4fd4-a33e-e3c103d453be,Estela Films,null
3532,e2d67eec-2ee2-4162-b74f-e7d79cf59b09,Galatéia Produções,null
3533,af2ed11c-8ba4-4ef9-a387-a84549a60e18,Itanhandu Produções Cinema e Video,null
3534,5db49c28-062e-4a82-ab22-928da26f1654,Produções Cinematográficas Galante,null
3535,09451781-0c27-4716-b4a6-5d435a23effe,Seiko Films,null
3536,13d0707d-6557-4b71-bcd2-38e5ba2caa5c,Fridthjof Film,null
3537,0a7fe087-94ed-42f0-b849-db3f93ed64eb,Regner Grasten Film,null
3538,c59cf424-fa95-4e2e-afa0-abce60a34ad8,Studio GDS,null
3539,89a5f9f4-51c2-495f-b590-bcfca7764a9e,RTS Radio Télévision Suisse,null
3540,19bbb898-2683-4dee-9546-318717b9bc48,ARTE France,null
3541,39e4a332-0b38-43a1-909c-8a314eb80763,Blackmaria,null
3542,d0b6c29b-2a48-45fc-b765-165cfc31f81d,Vanishing Angle,null
3543,7bd14961-6ff5-4645-949c-97916fcc1255,New Form,null
3544,152c229c-f2de-4c8c-abb3-1d1e908de81c,AIFA Motion Pictures,null
3545,77798158-8ecd-4119-bbc3-27a6956bccb0,XCL-TV,null
3546,74c7c6a0-be8b-4920-ae05-d18a3df72ab8,MVP Original,null
3547,721d63c8-32f5-40a2-8bc5-d5288f94f00d," Kunsthochschule für Medien Köln (KHM)",null
3548,62290176-d1f2-4229-ba6b-dd0aa9212c59,Geidai Animation,null
3549,c7e2a3c7-142a-4259-b3ea-a158eeb02290,Tokyo University of the Arts,null
3550,629581b9-0ee4-4873-b13e-5b678b4239db,Radio Bremen (RB),null
3551,19781b64-34db-43a2-b76f-e4356fea244d,CNSMDL,null
3552,f3052af1-6bc7-4411-9a2f-a139c6a27ffa,Schmoore Filmworks,null
3553,adc3fd16-9bc0-4b67-a9b3-051caef4430c,FOREVERING FILMS,null
3554,854f2da8-2f32-4b91-842c-5cf340ddce33,Hot Metal Films,null
3555,67c51980-c220-4276-8ffd-001e6d9a8695,Pinkmovies,null
3556,6b641ad9-b85b-4501-a553-95f92e1fcd68,"Aar Film, Berlin",null
3558,6c096258-bc2e-4005-8f29-00fc31d4ae3a,AG Studios,null
3559,97042a74-d876-439a-be8c-7187426a9771,Motion Picture Capital,null
3560,41603ea3-e0e6-4002-bd19-c8d046424c59,Maven Pictures,null
3561,2a2d02a8-ec0f-498f-b1c4-58ebda92e1a7,Film i Väst,null
3562,87e9adac-37b8-4f34-aa91-b15decdb19fa,Buzzco Associates,null
3563,daa82f80-c8e5-4ee2-af84-0bee649e8d62,MIA Film,null
3564,367ab638-c70c-4a8d-9ad9-a8eb7555be2b,Ciné@,null
3565,9d23b1f5-3378-4978-8051-859073214783,Gaumont,null
3566,d26280e8-de6f-41b7-af9b-b5d646942b30,Mandarin Films,null
3567,6ea1765d-e683-4402-8bb4-b526cd1df7cf,R.N. Filmproduktion,null
3568,7a3dffcc-fed5-4fe9-a8fb-9d6777e81a49,Charles Mintz Productions,null
3569,1bf60182-c1d9-4355-9b73-87c794f02637,Vinson Films,null
3570,8cc8323b-186e-48a8-a17e-6d9699595edf,1 Production Film,null
3571,849e3b9c-f947-4cc1-9ef0-64a0a74a9e71,Etamp Film Production,null
3572,1c5c18bb-e0d2-4e51-8a80-e71e2f008a1f,J.B.J. Film,null
3574,a156d88e-62ca-42f5-b0ce-07c00a65b36a,Ragdoll Productions,null
3575,db5273d1-cf3e-472f-9ced-f44d4977ee5a,Kinderkanal (KiKA),null
3576,b549f387-9eec-44e8-bc7d-ffed918f9712,Sahamongkol Film International,null
3577,8965b0db-06a0-4881-9751-28ad2ff315c6,Acton Films,null
3578,f3426fe3-048d-453d-9bbc-32c2aaea210b,Georg Witt-Film,null
3579,2cf36197-e6bd-49e2-be1e-f8a24d590c18,Astoria-Film,null
3580,128ae601-fceb-494a-9490-6a7ff58f2657,Hogeschool v.d. Kunsten Utrecht,null
3581,66b47a36-5250-47ed-97ae-ca9acda9c863,Mina-Film,null
3582,27e7b650-8065-48b5-bdef-58063861b6a0,TIT Filmproduktion GmbH,null
3583,a345d6a5-e2e9-4525-9a0a-fe4ab2df68bb,Raphaela-Film GmbH,null
3584,cd6de6c3-492b-4f9a-b30c-ede38cb7cfb9,CTV 72 Film und Fernsehproduktion GmbH,null
3585,dffdb226-b410-4406-9333-b9052c51eb09,Schramm Film,null
3586,59e992ae-b22f-47d9-85d9-b61c41becee4,Les Films du Losange,null
3587,d1731656-ef1f-416a-aae8-9fff48632eaf,Vita-Max-Neufeld-Film,null
3588,dc885fa6-0f14-4d98-bfea-917c4d541d03,Helkon-Film,null
3589,8fbbb37e-954d-491b-b1a3-2f875b4ae9d1,Batty Berry Mackinnon Productions,null
3590,89f78bee-55b1-414a-a623-f4772d731e3f,Entertainment One,null
3591,71caa82f-7eda-4b11-aa70-837ba4b1fbc9,Family Entertainment Corporation,null
3592,ed13a34b-4148-4e46-b2a8-9e0c2121d5c1,Intercom Films,null
3593,4b067760-791a-481b-9e00-ba744c7aaaf6,Barry Crerar,null
3594,e618264c-eaac-42c2-b40e-0c345416fb13,Rai Cinema,null
3595,c9703929-71df-4dc9-a02b-63128730b6b4,Hargla Company,null
3596,129a0d32-408d-4a98-914d-43e35394dbae,Just a moment,null
3597,a5359e23-6493-4faa-a36b-106175e97794,Animose Studio,null
3598,41a702cd-e1b7-4b24-a025-00ae35ed6130,UMP Studio,null
3599,66decb93-dc49-4312-ba31-c6b2daf65974,Estinfilm,null
3600,38793068-4e86-40a0-82bb-7c8dab47dc95,Marvofilm,null
3601,81e7f134-d274-4326-b6db-6858b093a268,Planet Kino,null
3602,fa4f4d24-744f-4ded-9e0d-10d6e03fcfaa,Sverdlovsk Film Studio,null
3603,cfcce44a-97d0-4004-9e79-b590ae319c23,Studio ACDC,null
3604,c22d94a5-ab2c-4c35-a269-43d17a571b15,Proline Film,null
3605,b112922f-764f-47a3-97a3-1c5762fe4264,Baltic Film and Media School,null
3606,1f180fb0-234b-4dda-bdc9-9285059d7e52,Uga Buga Art Collective,null
3607,3fbcaf84-9b55-4d39-9f9a-bf653209b687,Animagrad Animation Studio,null
3608,6b382a40-cefa-4e9e-9b2f-7b5772df7a0c,Khanzhonkov,null
3609,7bc94060-b50f-4192-aa72-8c8ba17fe12b,Nord-Ouest Films,null
3610,1ac92fe2-0178-4cde-9b96-a1998b29c193,Ralux Film,null
3611,6227e2f3-c4f1-4af3-8ffd-75bc39d23e3c,Romania Film,null
3612,2f55de12-9756-4c88-9bce-f88c1898a4d7,Casa du Filme Noua,null
3613,2524ec97-3170-43c7-bcbd-2f5b5104b375,Casa de Filme 4,null
3614,f2f66859-9b89-4526-8812-031b8ada4676,Ganemfilm,null
3615,9b1cffcd-8dc6-4ee2-a1fe-1b4b88365380,Iran Nema Studio,null
3616,3884f4da-3ebd-4208-b45a-9ece8d71ac48,A Mutual Respect Productions,null
3617,d82ab4ca-406d-42f9-961f-be869d429c98,Les Films du Bélier,null
3618,6a48c630-5381-42d7-88dc-184177793a7d,Southern Movies,null
3619,f5065a9d-c210-447b-b540-422e649e8dc2,Victorine Studios,null
3620,2d09a486-7922-489b-b884-354949a9438f,The Orchard,null
3621,00385733-4873-4077-8621-0cc49dcb0838,Roy Andersson Filmproduktion AB,null
3622,482d43c4-717e-40ac-92ef-fa9ad42ad2aa,4 1/2 Film,null
3623,cba064c7-0c12-4ecb-9ac6-a458adba5593,Malay Film Productions Ltd.,null
3624,dabb0d1b-d8e0-43a6-9964-48634fd76ffb,Jarbas Barbosa Produções Cinematográficas,null
3625,5f8e67dc-b4a5-4cab-8ec2-8c7cea6819d1,Chin Ke Film Company,null
3626,7c4bab69-d172-4c9c-aec2-03a3e800d8a9,Scholar Films Company,null
3627,cc0ef62c-7295-4d77-a4fd-2d74c6bf1685,Shalimar International,null
3628,288470ab-7118-4833-87e0-06655be78d7b,FM Entertainment,null
3629,fbcf2e53-1fd3-4b54-ae91-dea675f7a3cc,Ficción Producciones,null
3630,6f21d11f-b0e7-4f8f-b0ed-30438452344e,Giant Flick Films,null
3631,b8ba9ea8-3227-47c0-854c-c3d25fd404c3,Slightly Distorted Productions,null
3632,2b5154d1-bbce-4baf-9241-e0224f765bb8,O Som e a Fúria,null
3633,eb536daf-29fa-4634-9f32-eb0ab9473dcb,Shellac Sud,null
3634,ea0a874d-1a8e-4a1c-b5ea-a998f34f9cef,Komplizen Film,null
3635,20cff0a7-995c-4d63-935f-f01795b0b630,R.M. Art Productions,null
3636,6f8a4c12-7f27-4014-9684-aaa71cfb5f05,Comédie-Française,null
3637,9a60593c-5481-423a-bf9e-0b570a9bafe1,RWS,null
3638,109c5879-3afb-4c39-b18e-2f81926a0797,Radiotelevizija Beograd,null
3639,b655e65d-7ee2-4eaa-b5bc-45fe4ecbe706,Overseas Chinese Films,null
3640,7955fcf7-d795-4d42-a505-ed91d975ffe9,Light Chaser Animation Studios,null
3641,d2449ef5-f240-4700-b3b5-f763bab6ab64,Beijing Joy Pictures,null
3642,5170af24-cd65-4bb2-9614-2390ffa8aeb5,Korean Film,null
3643,f114b146-4ab0-4b2e-b52c-85bfe77706f3,Gakken Co. Ltd.,null
3644,1e616586-98c0-49e9-8990-fc6436bd121b,International Film Foundation,null
3645,8faf146f-9eb9-486a-bf57-355240780ddc,Art Theatre Guild (ATG),null
3646,6e6cd902-5baa-4af0-a601-e1701a767426,Hoygensha,null
3647,bbfb7fc5-f236-4001-8edc-2ab2d3afcf82,Nikkatsu-Mukôjima,null
3648,bf2bceac-b4de-4efa-b754-7af9121c5c3a,Sakura Graph,null
3649,96d86727-4b6b-43ec-83f8-9ec22cc2c202,Takamasa Eigasha,null
3650,548a0320-b57c-47fc-b31d-6600186174d2,New Ship Film Enterprise,null
3651,d9f49e3b-2a23-401e-9bf5-3ddd6d8fae8d,BHD Vietnam Studio,null
3652,b1201593-f255-49de-a439-6c3dbc536cec,Endurance Media,null
3653,74970ca5-4288-4568-a585-4a73f996dc54,Hammerstone Studios,null
3654,28d221ef-a7d2-425f-9681-3594b2efe3cf,Lakeview Entertainment,null
3655,5e8f8ae7-c5fc-49d7-85a6-41c743198986,Metronome Productions,null
3656,337574b7-a584-478e-aaae-3ad4176469e3,M&M Productions,null
3657,ef4558ac-4c8f-4cb3-8e95-c831935c9bf2,Columbia Pictures,null
3658,d9e1ce16-67ee-4101-a7f5-ed564156c66c,Chuan Films,null
3659,3527fc9a-41f8-40a0-b8c6-e7ae2d62fd97,Beijing Ape Movie Co,null
3660,8456e9f5-cbb6-4a87-a24e-55d8ae741cd4,China Film Group Corporation (CFGC),null
3661,d2a1e163-803e-4bf3-b3c2-935aee401818,Films Félix Méric,null
3662,995b0191-e308-4526-82b2-a98b31b9c9eb,Murat Film,null
3663,f1c15eb7-88b0-41b7-8712-dc078550bcf9,Survival Media,null
3664,dfc3aba9-5c6c-4b53-bd1f-c52b8423b21d,Lietuvos Kinostudija,null
3665,ecc4ab4d-3a42-4685-bb26-4e1b6b8362d6,Lithuanian Film Studio,null
3666,a24ace6d-6dd5-429c-8f19-d527dfc6fcf8,Romfilm,null
3667,4cb32ff6-a972-4084-88b3-bfe978a08ba3,J.O. Talkie Manga-bu,null
3668,26f49307-13d5-464f-a6bc-7b12c296d99f,Backbone Theatre and Film,null
3669,0081b41f-33c4-4845-a243-127890c3570a,Sidney Lee Berthier Pictures,null
3670,6bc5345e-9571-43b4-9082-95bb8dae100d,KinoAtis,null
3671,aa7e4182-e5d2-4d1a-bd1b-0c7c617e846d,Mili Pictures,null
3672,581d7ac4-d893-4140-bb2b-620e3aa0c952,Akkord Film Produktion GmbH,null
3673,4241b6ca-c2e9-4f2e-9bf1-68fe52d02de7,TOBIS Film,null
3674,e6258c94-40cb-4dd5-960f-48668794c528,Central Motion Pictures,null
3675,f4143667-d931-4ece-9e9b-8b359f426a22,BIG Pictures,null
3676,3c7f804f-c2ee-411d-9f54-ce857036c985,Estudios Cruz Delgado,null
3677,e1cccc39-5619-459a-9d07-99f5189b01a4,Filmayer,null
3678,0e7a9196-3b52-4086-8019-f35a7ab5614b,Marchenfilm,null
3679,221f0b4c-bbef-4b1e-8711-6b6bbe80e926,Märchenhütte Berlin,null
3680,96e16daa-d9a8-4983-9ac9-f74d6c1511c2,Birlik Film,null
3681,2a30934a-0d6f-4290-9cf5-7f45a789d47b,Pink International Films,null
3682,d0159d72-0039-456f-9f56-50123ca022f5,Stoll Picture Productions,null
3683,6930d74a-7cb1-4390-8450-97c4fbafbac1,Associated-Rediffusion Television,null
3684,3bd309e9-b471-4f99-bf25-5e827bdcbd33,ITV Productions,null
3685,2be600bf-1631-4056-9860-3c6bfdc3b899,P. R. Productions,null
3686,9ea951b0-0a63-43a2-bd43-42742a17c5e3,Castle Communications,null
3687,47d81a35-b509-418c-8210-0ce07da7fa3b,Air de France,null
3688,9c8c18f4-d68f-40e2-a0ce-277b9325b1be,Nice,null
3689,caebafb1-836b-4e0c-94df-6eb1d39037e1,Ron Merk Productions,null
3690,21a2dc05-a178-41db-a3d6-b2cc7d3f605e,Cossette Media,null
3691,bb35395f-da2d-4b8d-8acf-634d5a6579da,Grayson Matthews,null
3692,a63a537c-505a-476a-9734-b8ad1c582bc0,Tonic DNA,null
3693,2f10cbe8-f391-4002-8534-158383bb6739,Genoma Films,null
3694,45f8afaf-829b-40bb-9852-cdd6fc47b2c0,Kismet Kiwi,null
3695,4d189f7c-b4a8-45ea-ac13-b496e9933b8c,Northern Film School,null
3696,da1452c1-bf86-45ef-91c9-3db3ff485b37,Alcibal Productions,null
3697,417c4814-b9f8-43ac-a899-619d24ddbd25,Penta Film,null
3698,01e94bb1-6501-465b-8463-4195da0a8561,Filmone,null
3699,0330f800-9f83-4817-9f67-f160b1360719,Alaz Cinematográfica,null
3700,df06a00a-9d86-4a77-b68e-56f02093bff3,Interplanetary Producciones,null
3701,05ff6e4f-979b-4785-8edf-a6ad13107830,Malofilm Group,null
3702,b6de4290-82aa-4abc-a6d8-1064521dc915,Calendula Films AIE,null
3703,c8d095bb-664e-4499-aad4-5e6dec3c0bbb,Golden Key Entertainment,null
3704,f071bce7-a1b5-401f-a8b2-8be63c98b098,Character Brigade,null
3705,1f2112c8-4640-4911-aaaa-52bb35847951,Dream Team Films,null
3706,18d01b65-14b4-4a8b-ac85-1dee6fce571f,Motion Picture Corporation of America (MPCA),null
3707,babc4dd9-8dd2-47c4-b6fd-017ce9785490,Ocean Blue Entertainment,null
3708,4fa08ab5-f9bd-4aae-8f3a-397b3e5312cb,XYZ Films,null
3709,87cf4f88-03ad-47f2-8fd4-d6a72b3d7052,Broad Green Pictures,null
3710,3e8b0bd6-38f3-4ddd-9d67-6892a5e7ac7d,Busted Shark Productions,null
3711,729eb153-ac81-4b38-b851-fa9fb6de18e3,Coco Cartoon,null
3712,4a09286b-c654-4434-a74b-a6492eb1d509,Horgos Coloroom Pictures,null
3713,b9e6cb40-4dce-4b1f-96d1-33b4bd7c03b6,October Media,null
3714,2ceda6f3-7f55-469e-a693-b520efd28cf8,BS Fuji,null
3715,a85ed86b-f5f0-4b4a-95a5-324486097c8c,Dentsu Meitetsu Communications,null
3716,9dfa04a3-de97-4fe1-831c-114148d7da62,Fuji Creative (FCC),null
3717,c78aec94-e800-497d-a70a-3ca318e94c08,Cinevox Filmproduktion GmbH,null
3718,efb1f1ad-125c-451e-809f-52e84a97f80a,Dieter Geissler Filmproduktion,null
3719,5c451f2c-bd42-43e6-a769-9c3caca063e6,Merry Film,null
3720,5b53b70b-c1ed-4abc-bcf6-656d16b4c117,Punk Film,null
3721,f40b9b8c-19e5-4bb9-9108-54eee25a98ea,Trigon Production,null
3722,d63193aa-7e5b-4acb-bd37-2b58d1380776,King Bert,null
3723,2aa414ee-1226-48a1-bfdc-2461aaf538ac,Interscope,null
3724,ffd84959-95b5-4992-a927-40e7d52d2460,Annuit Coeptis Entertainment II,null
3725,a815da18-0c84-4c8e-b1d3-fdd55421af95,Johnson Production Group,null
3726,925dae0d-c8b4-4e44-a6eb-f23b5106b124,Princessa Productions,null
3727,1591b88b-c2ab-477d-b483-435fdeff056f,Treehouse North Productions,null
3728,5b12015b-2178-4a98-ba63-0d41af8fb1d0,Riley Turner Productions,null
3729,6aca78d7-6b37-4dfa-ac6d-c99f78ee62bc,Surf School LLC,null
3730,7ba122a4-a449-4206-9a8a-fba523acac23,Big Screen Entertainment Group,null
3731,52a05cac-a5f2-4b60-b002-b1aa59b65bc2,Double Down Entertainment,null
3732,e112523e-7310-4148-990d-2481539e67dc,DEJ Entertainment,null
3733,9c375231-3efa-4c2e-b3b4-cc091f765af7,Mondial Cineproduzione,null
3734,7c6ab765-d886-43ec-a489-ecfe3a19b903,Procusa,null
3735,9978f2c4-2267-4eb8-95fa-fd1671bd0f84,Época Films S.A.,null
3736,734ee70d-46ba-419d-916c-bc2091392100,Collina Film,null
3737,a797c686-e8bb-45b4-bad7-f13c133eba64,Xinhua Studio,null
3738,e70cddf9-e5c3-4897-a119-c10657bb2c54,Keswick Road Productions,null
3739,23859a91-57f3-4e15-8ffa-861ff2bf366b,I-MAGE Nation,null
3740,c8f62c6d-f8ba-471b-bf0b-22b93b801d2f,Plenty O'Toole Films,null
3741,071378e3-ce6f-495f-ba5d-6bbfa32cef93,Pink Snake Films,null
3742,9d48fd5f-de08-4239-8ad9-da5e7c682a72,Anffas Onlus Sanremo,null
3743,c443f6c5-7f5e-430d-984d-7ede5c5d43bd,Sanremo Cinema,null
3744,ca0390b8-476b-4782-bd62-af9cb3ac2cc4,Kino Paname,null
3745,f7a906f6-0d02-456e-9764-092c84a11da1,Ottokar Runze Filmproduktion,null
3746,026a3de2-0fd9-4a91-8299-85fad485af7a,Audax Film,null
3747,eefa147f-e444-44e9-bbc1-1ada7d5edfaa,Alibaba Pictures,null
3748,5269f8fe-2ac2-45c7-8540-2cad29700702,Bilibili,null
3749,86967e83-1a3e-433e-a29d-1b604d23ebe1,Bona Film Group,null
3750,b342df4f-1537-4633-8e6f-f8c39f74bd00,Asretalaei Studio,null
3751,5bb6f5f1-a432-4234-bba6-43555bc953f7,Lentelefilm,null
3752,a42681f5-5d5a-48f4-94e1-fecc98296149,Pentamedia Graphics Ltd.,null
3753,91acb95a-2822-432b-b215-ad526a191157,Samuel Bischoff Productions,null
3754,5e01f95b-c3ff-4df9-882e-a4eb1e681386,Zagreb Film,null
3755,3ac2ad1c-5f53-4235-8be8-c983dc8d183e,Dipa Yaya Film,null
3756,6e8121f3-07e9-4529-985f-f1b7133268b0,Star Corporation,null
3757,96fc50c2-dd9e-4516-8331-d26335c807bd,Bening Studio,null
3758,e0410d9c-9d22-47ca-93db-2dd1e58fe3a3,Gabah Studio Yogayakarta,null
3759,5784067b-e868-4edf-81e0-8d39fbffabf6,IFD Films and Arts,null
3760,54697431-ad36-4f49-8610-c7ba64e252f9,Airone Cinematografica,null
3761,0e06c3d6-2356-4a3a-aed3-c4055dd0ead8,Talking Times,null
3762,aa1b43c1-92d3-4aa1-90ed-27a1dd971edc,LM Produzione Films,null
3763,e92b1a54-2c72-4a2f-af4b-48d7276e74ea,Productions Claude Capra,null
3764,db479546-e8d5-41d5-b3d1-bd53ad797d2c,Manuel Rodríguez Domínguez,null
3765,df1d76f8-e15b-4f84-acdf-767428b57a9b,M.P. Films,null
3766,864d280a-7884-4403-9af7-9d1f6f988461,Sarikaya Film,null
3767,08b82389-740c-40b8-822e-13550a3ccd70,UTV Motion Pictures,null
3768,5241e08e-edf7-4e74-8e18-9fe89b277188,Pakshiraja Films,null
3769,023bce4e-2ffb-41da-8099-55cca60144dd,Berg- und Sportfilm,null
3770,02984e93-8cb8-4bd5-8140-2103faf98768,Harry Sherman Productions,null
3771,d13e194f-4784-401e-81dc-eb569a9c9e92,Rajshri Productions,null
3772,583a1ab8-00fb-44a6-8deb-2b324ccd6039,CMYLMZ Fikirsanat,null
3773,0f63bdd5-d381-4259-8b10-da5b317778eb,Nulook Production,null
3774,299d1cc6-d610-4724-8a90-89cb505a7980,Laurel Productions,null
3775,7bf846ba-34c7-4586-b2d5-73cb72e46156,Darkside Movie,null
3776,e0fe48e8-8d7d-4c6e-9d61-c77776486c01,Video Pool,null
3777,cc1b90c6-f2b3-4cee-aaf5-33ebf2b3198e,Teensy Nun Productions,null
3778,4c87ac25-1a50-404c-96fe-76f5af126b2d,Lifeboat Productions,null
3779,b8a28f7e-316c-40f3-99d5-c2b3723747d4,Starburns Industries,null
3780,f0bad634-408d-4550-8bd4-110e7ba002c4,Progressive Video Productions,null
3781,10c81138-97d8-411e-b2ca-7c34a0d4af7b,Concept Film,null
3782,b9cbadd2-a8c4-4323-9b42-c7f50a56dd88,Some Brave Apollo Productions,null
3783,961d3fc6-e81e-4acb-be4a-0bdfb68fb461,Vancouver Film School,null
3784,4b4281b9-f261-42a9-b413-f89f86ae8c3a,Casam Pictures,null
3785,e6d14489-1280-4830-9b4d-745cd817baae,Critical Studios,null
3786,53c3015b-356d-4eed-85a7-2abb5c919765,Determined Productions,null
3787,39436f14-c20f-4b3c-8608-d35748c7636c,Now Films,null
3788,fb9454b3-6ade-4295-a1e2-65aed6407202,Moonlit Wings Productions,null
3789,1041f5c8-4769-4649-aae0-7635ddb55281,Fu Jian Heng ye Film Distribution CO.,null
3790,9ca7c859-7f8c-4c01-b11a-2dde256314c0,Burnt World,null
3791,0ff44bce-8d9e-4ade-bc97-ea12a5eb0002,Mini Mammoth Films,null
3792,12ea9fbe-3bdc-478c-9054-36acc8410670,Lilies Films,null
3793,6727f578-a91f-43b5-95a3-6a0ca8506a67,La Région Île-de-France,null
3794,cdc8495b-c13f-4c35-8994-ffb655315c77,Chapman University,null
3795,7916832a-2263-4732-9ee2-689fb4061f68,Boyd's Company,null
3796,14993a54-0259-4608-8add-770ff5ed06bf,Korean Broadcasting System (KBS),null
3797,3920906c-3d72-4642-b165-2a995c6c3e07,Dapper Films,null
3798,54b08ef3-94d8-44b4-bca1-3913169c9bd3,Mikado Film,null
3799,dee1bcc9-29a6-4a89-9a6a-87c23d1e7b73,Showtime Networks,null
3800,39ea4216-68bf-4590-b41e-6cebcbe9d663,Asatsu-DK,null
3801,171386aa-dcc8-4f3d-87ce-ff87c5cb7676,Fujiko Productions,null
3802,d5534eec-bcc3-43bf-9d5b-b88aec51687b,Aquarius Films,null
3803,3e33e015-2c2d-4779-9487-e6365406ee76,Guernica Films,null
3804,f49c2e36-87fb-4055-91d8-11fbdafb4254,Cream Animation,null
3805,b2eafdab-6ab2-4879-b1f1-b549291ca952,Lupus Films,null
3806,0e4e6b8c-5502-4722-8861-138c63d676b8,Blue Passport Pictures Film Production House,null
3807,09a2bfaf-38e8-4f21-a3cf-9a9cf9473cce,Grace Entertainment,null
3808,f051280c-9f49-4b18-9bf0-a62b486151c0,Babel Film and Television Production,null
3809,9f97cfac-3046-42cb-bae7-87e23cfde330,Jupiter Film,null
3810,c680e192-076b-422b-b6b7-e974137b293e,Spawn Ranch/StrangeDaze,null
3811,9354633f-1053-41ba-86c0-e3600db1edfa,Miravista,null
3812,2351bd4f-5ce9-472b-b8ab-1c9d6615e45e,Morning Light Media,null
3813,617e8a1b-58b6-4fd9-a1c4-103ee3b3db7e,Terraglyph Production,null
3814,d38cd513-bb1a-4d21-93bb-3d1e367b8164,Bórd Scannán na hÉireann,null
3815,06ca3fbb-ab16-422e-9ab2-925354f57f1c,Manellange,null
3816,a80a6546-a464-42c5-b946-4c8347897d71,New York University Tisch School of the Arts,null
3817,627b64ca-c363-4da0-820a-8791f4460175,Guggenheim Productions,null
3818,aa67ce44-6159-4b76-9967-92e21919bf8d,Billy Budd Films,null
3819,d5030f1f-f113-4614-8b2a-e906c75b3358,The Adelante Project,null
3820,f22a01af-39f2-4096-8f41-b1288c3d452a,Tiny Studio Films,null
3821,2934162d-07f2-4654-8561-ddf17355d1e9,Hauka Films,null
3822,f6fc88b9-aa80-4836-b164-680fe8be5756,Samuelson Productions,null
3823,a120639e-4fa6-424c-96dc-273ba14cf14e,Dove International,null
3824,ab1b4fd0-c5f3-4f37-993b-b8139699fa85,NDF International,null
3825,b6acac75-915c-4897-9754-79c4f44c6c18,Maze Pictures,null
3826,06370297-4914-4c35-a1c9-b45eb6174d82,Entre Chien et Loup,null
3827,cd7c4c5e-b03c-4043-8b44-43d52f9711ab,Gyldendal,null
3828,1b3a5bfa-e46e-4997-8ce2-789fe94c56e6,Rocabruno S.A.,null
3829,0c6645ee-69f1-424b-b154-68a5eeeba48e,Lolafilms,null
3830,b0a28bc1-2e7c-42b3-a813-fc091b36d0a0,Tor Film Studio,null
3831,390a600f-6854-4d9a-9d2a-b91281485182,Mira Motion Pictures,null
3832,36c2de89-11b0-4a29-9708-3663d856de8a,La Huit Production,null
3833,bd41156c-71d7-484e-b8bd-49eee7335844,Ciclic - Région Centre,null
3834,313cfdd3-4a36-477e-b130-62e3a5cbb874,Questhaven Films,null
3835,a52b328f-afa9-4d48-9898-cb73a00427e6,ESPM Sul,null
3836,be3a6af5-b021-4127-99a4-de743610b376,Les Films du Sud,null
3837,5df83196-6bdc-4843-b336-b3a119ef1162,Sol'oeil Films,null
3838,8f47ae5d-ebb9-417e-8016-5eca733b13c1,Take Five,null
3839,a74614ce-078f-4fd9-adb5-c728500dc558,Perennial Pictures Film Corporation,null
3840,9d7958a3-6cbd-46bb-92be-c013003a875a,FAMU,null
3841,6c2154ca-1e15-4fa6-8f33-aa8f952680b2,E Corp,null
3842,730a4884-6092-4416-9322-cf9b14e6ffcb,Kidpix,null
3843,644fb8a6-bb36-4df4-8358-09df70df82eb,Kinostudiya Telefilm,null
3844,b9539a90-32cb-448a-aa5a-dd9ea02aa995,L.M.G. Productions,null
3845,c5caca26-ba02-4b1c-82f5-1fc9ac887a1e,Moo Movies,null
3846,b91a061c-baa1-4769-99c6-d9b53881e961,Jørgen Vestergaard Film ApS,null
3847,f8ab9b78-bbb4-4a0e-861c-f67537d4bac8,Vrijzinnig Protestantse Radio Omroep (VPRO),null
3848,bb53bf1c-0089-4147-8f5c-10769649aed1,Sender Freies Berlin (SFB),null
3849,6936d17e-4ff5-4cc3-aefa-d62331f5c7c8,DR Fjernsynsteatret,null
3850,25b9635c-46b1-4e98-915f-6010a26a85b3,Nouvelle Equipe française Cinéma TV,null
3851,cd12608a-4124-4cbe-a4fa-00fdeb534194,Svensk Filmindustri (SF),null
3852,e16e538d-9bd5-4500-9fcb-e600dc109331,Louw Film,null
3853,0fd0bdf5-903f-4dcf-84dc-3856f0d637ca,Urania-Film,null
3854,9dcba50a-bb70-479c-97e5-fe9fd87c7d8b,Goodfellow Film Manufacturing Company,null
3855,ca1f11ef-67c0-4d75-8632-903f43fe0607,Svenska Biografteatern AB,null
3856,62cf35be-8e59-453f-9129-931749e2c003,Neptune Film Company,null
3857,48de850c-8270-4582-be77-2e3f5a63566f,Eiko-Film,null
3858,42d5b2ce-c80d-440a-8c86-244430b49a36,EMU Productions,null
3859,1ce991d4-5b6d-4961-821d-429b14d3455d,Abano Producions,null
3860,ac8d043b-ea00-433f-a4a9-5f3533577521,Atrevimiento Films,null
3861,0cf4789e-9e55-4ba4-ac60-c78445562368,Filmlounge,null
3862,2bc48ca2-e289-4264-8bfa-5788e8a8e690,Monogatari,null
3863,f7d5eaf7-bdd3-4790-8556-66f32c06d953,Verklangwelt,null
3864,50fb9907-009e-4e2d-8cca-a879ce268a05,Kollektiv Film,null
3865,f9db9566-f1e1-4de9-8f51-8f6c3cd922bc,Mosnauchfilm,null
3866,4c175050-29e6-4c0d-8952-f267692f23af,Gemonfilm,null
3867,d09eefc3-c943-4ac9-a8a2-d8ce48f52f38,Argentina Sono Film S.A.C.I.,null
3868,4333a71f-eeed-4572-a3bb-a4a7f31dd4ec,Compañía Industrial Film Español S.A. (CIFESA),null
3869,4ac3e427-fc81-417c-88eb-52d2525b6dd4,Dibsono,null
3870,a47691c8-9ce1-4ba8-9859-ec5ade6210f7,Magic Films Production,null
3871,e464856a-efb1-4b25-a45f-b97ce18cfcb3,Studio d'art Cinématographique,null
3872,541d9fb3-c979-4f48-9940-618aa3941035,Mundus Cinema Corporation,null
3873,bc753127-91cc-42e7-9226-c1daf1b04751,Abacas Films,null
3874,07650791-0ed6-49d9-ba3f-d6d649e00c97,NYU Graduate Film School,null
3875,79cf57a3-bc57-48f7-ace1-8579b48c6be3,Lumiton,null
3876,e3ead993-3492-42db-9c7e-14d39b37d0bf,Windchaser Pictures,null
3877,c66bb5b1-b02d-4eb8-a1e5-195a6cc72743,Atelier de Production de la Cambre ASBL,null
3878,c26ec767-20f8-41a6-b5d6-d827aba80947,Bolin Entertainment,null
3879,3745afa2-e1e1-4932-8734-3c1a5bc7fded,Neptuno Films,null
3880,183dbacd-47e7-41e6-b7fd-bade193b2eed,Paris-Brest Productions,null
3881,7976a712-52b1-4da9-8a08-3e5bdc866b46,Conrad Wiene Filmproduktion,null
3882,9cfd2414-0b24-41f3-8926-8b8360b40fae,Chester Films,null
3883,251dd796-0343-4eb6-acd7-3c10c56d0383,Habanero,null
3884,11edf3d1-97d5-456a-8e9d-715f37ac587c,Schmid Productions,null
3885,ce96c716-0efb-4fec-b3e2-0838b7c8bc9c,Busy Bee Dog Productions,null
3886,64a06ff7-79bb-43b0-88b3-ca0112df58a0,Matthews Productions,null
3887,f8188e7f-38cc-4a8f-9db9-aee8b5d7c824,AMP productions,null
3888,0a488d08-9d7f-4141-9406-53e827a5fb98,Starr Productions,null
3889,0942578a-32f7-4e66-9e2a-9fb174c0e16b,Gakken,null
3890,a4409662-967f-4c30-90d3-293100f23554,Artfeeders,null
3891,4a004f34-8422-4ca4-948f-052fe99f8bbd,Producciones Jaime Prades,null
3892,f75bb662-1cb2-4d66-9f24-3d0e8e708971,Paradox Film Company,null
3893,9a7c3aa9-9e06-4ff7-b889-cba0a3dce7cf,Bavaria Atelier,null
3894,9c1a5795-70ae-4787-891c-c1754b809333,Sonora Estudios,null
3895,6deb177a-bf88-46a3-a986-6a96e040942d,Hammerkatz,null
3896,93c24eb9-cbba-457d-8383-0b66fbef9585,DQ Entertainment,null
3897,c2a7a0f5-fccf-4fda-b890-84f0b45d706c,Method Animation,null
3898,433e1cc8-5147-48e4-800c-2c329bc7a3d3,Grupo Cine Arte,null
3899,5b220a91-4c97-4fba-a94a-688223734f7e,Fill in the Blank,null
3900,3fdc8232-8afc-43c6-b2fb-09535730c177,Catalyst Global Media,null
3901,ad584602-48ee-42a7-9a28-5c50147cdf02,Headline Pictures,null
3902,08ec04f0-6393-40d4-87de-f95061414068,Kinemacolor Company,null
3903,47832466-4bf0-4f48-8342-994cf3dadf0d,Out of the Inkwell Films,null
3904,7761e5ac-8da5-4dc8-9add-0d6cadfd1d9a,Nouvelles Éditions de Films (NEF),null
3905,9a2c9c47-c34b-4988-9d7e-65d51e446a02,Prisma Seven,null
3906,59ffd4fe-d6f4-47b8-9f87-60842d540543,LJ Film,null
3907,cee2ef1d-616f-425f-a1ff-2cdf1ef7b3d0,Pretentious Productions,null
3908,eefa9289-750c-42c4-a290-72fe78912823,Associated Television (ATV),null
3909,7bcb8591-7206-4dad-b939-dea08d10496a,National Broadcasting Company (NBC),null
3910,2898959b-b1fb-4b3d-8a56-4309ced625d7,Slavuta,null
3911,8ab7f263-f908-4950-af32-f33ae5a0bab9,Cube,null
3912,4cedb9dc-1ecd-44e8-a45c-578c74c87bd7,FBE,null
3913,56142d95-e469-4ab6-be11-f96a15aae1f3,Funnyordie.com,null
3914,e11a776c-6511-4531-8e41-053b332254d1,Kent Films,null
3915,9870d1b6-b079-4d88-aba7-1f0c4cf7e47f,Slavia Film,null
3916,fd3429c3-751e-499b-9769-b9183db9dd14,Production I.G.,null
3917,4f7d9fde-3768-4c6e-b788-acbfbff0745a,WOWNow Entertainment,null
3918,6fcbaae8-11b5-4373-ab2f-c33fcbc70c08,Peter Pandrew Production,null
3919,47568233-01fa-4353-b5fd-c7c4e69edf1b,Film Booking Offices of America (FBO),null
3920,a4a41fc4-311f-4c48-9ae5-bfc133137f93,Narumi Productions,null
3921,d91cd735-5fa1-4897-80f5-5337ecca5ad6,Millenium Films,null
3922,9587c75a-3e14-426d-95f6-726319042c14,Fine Brothers Films,null
3923,6b26cc34-1f39-4a57-ab5b-421ad7da16cd,RAWR Media,null
3924,ceaa6d42-50bd-48a1-af74-4f2bb891e7da,Hãng phim Hoạt hình Việt Nam,null
3925,3130221d-3cb4-4af9-a94c-aca823a78b4f,Hãng phim Phương Nam,null
3926,17cc98c4-dfda-444e-a85b-9fea4f9a29a1,Marconlee,null
3927,5433a25a-3202-4595-b6a5-fdbced95d085,Hi! Production,null
3928,97239e46-cf9c-4d7e-a071-7dca0ff8a3ee,Miu Miu,null
3929,613b5b71-08c1-40d7-99a2-24f26d03fb35,Film Miniature Studio,null
3930,dcdf9cd8-ed46-4ad5-9ef6-e3693130f998,Ranjit Films,null
3931,8e9be443-0977-4c09-92a3-58426a2a4a2e,Strand Releasing,null
3932,92a9f0b8-a7ad-48cf-bf75-574915d389f4,Studio Filmow Rysunkowych,null
3933,16e4ce90-3a3a-47ee-9713-d840777f9a5b,AFIT,null
3934,e3cd6ac2-da76-4c1a-993e-1bf67c72b4b2,Richard Dillenz Production,null
3935,8c9d519e-3edb-404c-bddf-f398a7dd3a50,Studio Filmów Lalkowych w Tuszynie,null
3936,99efa80b-a42f-4577-bf91-2e5a3c646f52,Yulin Film Co. Ltd. H.K.,null
3937,7eb2fecd-951f-4dc5-9f67-8a816441c228,MGM Television,null
3938,c607403e-e0ec-4117-a96b-a7087838275b,Dong Myeong Films,null
3939,b26d2408-387f-4455-9078-ae0ca6ba789f,Kyungsung Studio,null
3940,2e952345-a59f-43ea-b6b8-a2f19cce8db9,Secret Machine Entertainment,null
3941,1648067d-fd07-4b45-b9a1-549687d49f73,The Montecito Picture Company,null
3942,c93f524d-5ac3-44c1-8e93-784fa73c9a1d,Base Animation,null
3943,1459e5dd-73c9-4f43-9f72-1d2419ee1979,Sony Pictures Animation,null
3944,92b6c39a-5dd2-4832-9b04-9693a222ac32,Beijing Sparkle Roll Media Corporation,null
3945,adc91a8f-3142-489f-8929-ad699f555a5e,Juris Podnieks Studio,null
3946,e3f0ba08-fa45-47ff-b9cf-7c1ff39ba32f,SSI Production,null
3947,69d414b9-84d7-4f4b-a408-af5a9ce8fdc5,Krupa Sindhu Pictures,null
3948,9305aca4-386b-41ba-91be-d087a67718e9,Price Entertainment,null
3949,6236cc68-bbb5-4498-9c34-b9322ca2b623,Star Film Company,null
3950,e6b9523b-0c00-42fe-86aa-d7ca28c8f3c1,Wytwórnia Filmów Fabularnych (WFF) Wroclaw,null
3951,6646c0a6-d106-4af0-b652-0951db2f8213,Latvijas Nacionalais Kino Centrs,null
3952,6785d37e-e7ac-4e0b-baf6-3edf3b76d8b3,AwesomenessTV Production,null
3953,41c8ff16-1a3f-4109-966e-bb10508d5902,SB Films,null
3954,5f99753e-6447-4783-b2f0-6be2d97fe47c,George Hsin Production,null
3955,7b716147-c5de-48f9-9ae3-9f9229fcfd2d,Karl Ulrich Schnabel,null
3956,7b9f9689-fae8-4749-883e-63f2280052db,Schnabel Music Fundation,null
3957,dd6314cf-0c68-4766-81ae-718e4a95c684,Memoriav,null
3958,e098acff-c48f-455b-8634-ce6ae78e23ab,IUI Production,null
3959,2c9f9a80-4a8a-4d85-a97f-d3f9785a546a,Nautica Productions,null
3960,4be0155c-d1fb-4e2e-b79a-97a9aed02bcf,Studioului de Creatie Gama,null
3961,c1e2a612-ac44-4858-8092-960f88180cef,Eesti Joonisfilm,null
3962,179e1ae9-4973-4490-978e-2b95c7fdbfa0,Donga Cultural Society,null
3963,4cbc9086-177f-4f6b-8e40-e506360bcef5,Shin Film Productions,null
3964,ac86d17d-0ca6-4e92-9528-6d30b424d345,Barunson E&A,null
3965,7e3e9ff8-4dbc-4970-8fa8-22c6eb370898,Myung Bo Film Co.,null
3966,8fdb31b0-614f-42a4-a197-7154bfe450a1,Andy Warhol,null
3967,38960e60-3d0f-4bd6-ac4b-ae25c3c5580a,Whitaker Entertainment I,null
3968,2be229f2-97b6-41fe-92df-eea6496b7b4b,Alf Zengerling-Filmproduktion,null
3969,5336aa8e-2cc8-4129-b8e5-aeff1e15b061,Johannes Gutenberg-Universität Mainz,null
3970,b5eadb53-5687-4116-97c1-e6acec5998e0,Shanker Movies,null
3971,d03f4eee-f400-4dd9-899a-d8b5e700da8f,Mental Pictures,null
3972,0aaf56ef-3460-421b-9d47-4bb95fdcb41b,Private Lenders Group,null
3973,dd57f13a-9ec1-4106-8713-dbbef24ba4ba,Bedrock Productions,null
3974,89dcd12d-7e46-494b-858c-1d98ca0893c8,Adam Productions,null
3975,3c448c3b-ede6-445f-b492-a40099fe89a4,Spelling Entertainment,null
3976,f7e9db02-be46-4527-992f-2465c204fcf5,Television Theatre Company Inc.,null
3977,8ffcc754-3bcb-4d86-8476-57c7a518f1fb,Baobab Films,null
3978,43058a67-c2d9-46e9-84a5-8cb10764ddf7,MPA Productions,null
3979,ec408834-9889-4bc3-9e72-1c7e4f063fd8,Peakviewing Productions,null
3980,c6979510-c4f2-4dd8-884c-5d10ac28475c,Ufland Productions,null
3981,ca03314f-6312-40fe-a7f4-0373bb837747,Cailleach Productions,null
3982,bdea2df5-ab82-4f74-b7d1-c1c8f294d936,Daiei,null
3983,aae7776c-17d0-41de-b20b-000ba99273af,RKO Pictures,null
3984,e005d83b-7329-4e83-8c8b-00566a6faae4,DMG Entertainment,null
3985,2647d669-4804-4828-8b4b-6ffa49d18504,Fulwell 73,null
3986,3de108eb-628b-49e9-8aa1-b257d74d2c62,Summertime Entertainment,null
3987,3d1755a8-a48a-4e06-9b92-6667909f76fd,Beijing Film Studio,null
3988,ffbc281f-3f19-46df-9e95-90a0f89ff87a,Jayu Films,null
3989,71e66e36-c2e6-4df7-8243-cf103088bbd5,Pocketmoney Productions,null
3990,3d16b383-d7cd-4f75-99cf-44f0bae01f49,Yellowshed,null
3991,db11475f-ea56-4e7e-97fe-f1afb7156ef5,Guang Zhou Huo Sen Entertainment Co.,null
3992,bd217740-7271-49bc-bc85-765a8db5dcf2,New Treasurer Films Company,null
3993,34c5a843-fe59-45a6-9009-221d8e3a0ee0,Lian Bang,null
3994,190464fd-9693-43f2-ad6c-4691abdbb53a,Beijing Enlight Pictures,null
3995,d65d8333-b942-4ab7-bd02-936e31829a4a,Alcon Entertainment,null
3996,4991d2d1-5713-4a73-9c86-bddd49e6eec1,Belle Pictures,null
3997,be26ac5c-2894-4be0-8e21-a2a08a7ffc7e,"Último Mono Producciones, El",null
3998,16b28a1d-588d-4a10-832f-d91709678fc1,Frenesy Film Company,null
3999,50108412-91b0-4551-8963-c6cb58ea8b87,Videa,null
4000,83628167-723b-4d30-9236-8c61a381aa00,First Sun,null
4001,ee330afe-bab1-4779-a84b-31de2b37a438,Produzioni Intersound,null
4002,e90bc44c-b49c-41d5-a4e1-54178d3e323e,Opera Film (II),null
4003,28ad06cf-38f7-4023-9a95-18b19bfcf1ed,Myriad Pictures,null
4004,22461a8b-0a1f-41cd-95dd-eeb10c24f5dc,Kate Street Picture Company,null
4005,1d4f463f-9a44-477f-a8b3-813d2db7bdc1,Lewis Pictures,null
4006,552e3bfe-922d-413f-bd59-8cede5ab090a,Plan B Entertainment,null
4007,84a21a21-0e88-4910-9153-10cd4697eebc,J Storm,null
4008,fadf69be-65e3-4d70-a2c2-a5eaae3106e5,Sedic,null
4009,9522682c-5910-46c4-8711-f2661d2b05b3,Shueisha,null
4010,593f899c-0a58-45d5-b306-fb9e366942fd,Changchun Film Studio,null
4011,d432de8c-87f3-4233-84ea-e43e4545e455,Hwa Cheng Studio,null
4012,392fc5a2-166d-4e22-9fda-9ea09ea02bc2,Bharat Movies,null
4013,4ae95cfb-9d6e-41ab-ad67-a299430d4dcf,Ardèche Images Production,null
4014,aa48119b-9b9e-456e-b7ff-52010a34774d,Sony Pictures Entertainment (SPE),null
4015,158af68e-ce34-480f-bf15-1f994aed5d20,Kinoskopik s.l.,null
4016,86848b81-7fc0-4b3a-b9f1-d1340b6601b6,Pokeepsie Films,null
4017,39a41937-54be-443d-bfb0-55a64df1da10,Ikusgarri Films,null
4018,39b85b32-80ef-41a8-acaa-d18828f34f66,Danseongsa,null
4019,c7fc064f-db2e-4512-8ed7-be5260783f3b,Imperial Film Company,null
4020,646024c3-0cde-49f1-86e7-a344effb2d96,Pangolin Films,null
4021,1524cb20-dccc-45a6-b3e4-660d74fe0376,Nyerai Films,null
4022,c5d36086-80fe-4e66-bfeb-3b6574b76791,Maharashtra Film Co.,null
4023,9a9e0726-7535-4eb2-9c03-f8ec32802250,47 Ronin,null
4024,6aec2481-8066-4b57-a63b-0256544431e8,Inguma Films,null
4025,3a47c5fb-95f6-4c9f-b603-7da462397044,Ortizfilms,null
4026,1e8e75d4-047a-474d-a47e-fffa00199fb1,Camerado SE Asia,null
4027,65884779-f1ce-443f-9866-5e9b1862a65f,Pusat Perusahaan Film,null
4028,1e7cb34e-a875-4c63-b725-0078b6c0128a,Video Tape Corp.,null
4029,4ce86308-9eda-4128-b2e5-73e71f711966,Chia Yu Film Company,null
4030,048c9433-5698-451b-bfb6-d92ea5d150ec,Srisiam Production,null
4031,c4e0a885-f6e9-410d-ae5c-e0ffd0b3634a,Twin Pictures,null
4032,8a756e0a-240d-4a8c-bcf2-2e12591d695b,Nakid,null
4033,e70927a8-2234-47c5-b88f-5700898dcca9,CJ Major Entertainment,null
4034,8832df3e-4b7e-431e-89fe-7dcc521157d2,M Pictures,null
4035,ccd30bc6-7d66-40bc-8e83-293518e7b433,ProfesionalniVideo,null
4036,6b68eb7f-f242-4c66-b6cb-5840c050994c,QQ studio Ostrava s.r.o.,null
4037,75bfcb2e-4414-432d-bcdc-4c25dfb4150f,B&T,null
4038,8bab6942-e36e-49f6-830d-77cce16c4d8f,Huoerguosi ENLIGHT MEDIA,null
4039,30cd29e5-caeb-422d-8dfa-bfbf5770f307,Studio Mir,null
4040,efff31c4-9876-4655-9b02-7848f8da8799,A Band Apart,null
4041,55570d7b-1479-41e3-b6fa-482a8670a59c,Super Cool ManChu,null
4042,abda6f1f-40eb-4a7d-a1a3-7de20b4a602c,Filmgramm,null
4043,3e72e0d8-8171-4d17-aa51-03e2522b45f2,Porteña Film,null
4044,80222477-aa73-4445-a0ba-4b1eec86092b,El Pampero Cinema,null
4045,7179b907-83a5-4ad6-bd21-a6aa732be491,National Film,null
4046,88eaa6f1-ffcd-4839-a146-25bbacbd2c42,Alpha-Film (II),null
4047,93f58751-d2ce-47b5-895c-09de5c00e52d,Amachi Films,null
4048,1a5c4704-20a7-4846-9bb8-49cd0e196daa,Acónito Films,null
4049,1948a61e-cfc0-4aee-aeb6-a72fddfa6bd0,France Média,null
4050,3fd20eab-42d8-4e58-825f-35c7c8d8b6c1,LATIF,null
4051,3ee0215b-cba9-4c9f-88e9-67faf15a64a0,CASE Television Productions,null
4052,b04ccc4b-2393-4e5c-a3d6-94b5c702ad06,Intrepid Pictures,null
4053,a6be8e34-6d06-4401-9cb5-af2a75537b11,Vertigo Entertainment,null
4054,970b955a-934e-442d-b8b8-3df3ecbd2aa8,RatPac-Dune Entertainment,null
4055,9957baae-459c-426c-8540-3473862329a5,Double Dream,null
4056,2b82f943-ad6e-4c5b-b947-db75bad48eb4,QED International,null
4057,47c375b3-4136-413b-8efd-8046ee5094f7,Glen Keane Productions,null
4058,df4750f0-e197-4e33-b320-404c172f6184,Janet Yang Productions,null
4059,678aedc1-43dd-4394-a58b-69179e7e60d2,Netflix Animation,null
4060,35160c76-35d4-4506-bd6b-dae117cba2d1,Apple Original Films,null
4061,72c1189c-4c6c-4f8b-a309-68582586743e,Prélude,null
4062,1caf60e9-08f0-4c15-ac38-0aceb4bb3f85,Aliwood Mediterráneo Producciones,null
4063,78eee823-0517-4a50-a01c-2296a27b5760,Antena 3 Films,null
4064,12f437e7-4c19-4d7f-9db6-d48d7b9ac5f9,Audiovisual Aval SGR,null
4065,343c4913-e717-4345-bda0-00ecc2b5d972,Action Synthese,null
4066,bec4187a-c3b8-41c3-abbf-89557d5e0f97,UK Film Council,null
4067,e9dd3c5a-c326-4d72-988e-5ee17cf0c74d,AP Films (APF),null
4068,b29bd73d-f858-4575-8bad-0ad912657949,Anglo-EMI,null
4069,4fb6b881-fa25-4361-b81c-a90a58c9dc99,Danot Films,null
4070,439136d5-5c80-48b4-ac52-4dd2406267c3,Punkrobot Animation Studio,null
4071,8dfe46bf-6aa8-4596-aa24-bbb7cf787d56,Universal Family and Home Entertainment,null
4072,b8e7a151-4faa-4a1a-8792-802105654b4f,Raffaella Productions,null
4073,edffd4ba-9180-4269-ad25-c0b57b8cf24a,Universal 1440 Entertainment,null
4074,119042d4-bd0e-43e7-9a23-2dbf207c67b9,Raffaella De Laurentiis Productions,null
4075,0efb71f6-1eae-41d5-8d57-a29b26bf0b08,De Laurentiis,null
4076,f4ee0883-df31-476a-9c4b-17d02bcddd4c,Arrowstorm Entertainment,null
4077,5d8b7083-f7d4-44b0-839e-e67b0295f108,Camera 40 Productions,null
4078,011b3cbc-a02d-473c-99c2-d110cbe2ed3d,Bellpond Films,null
4079,dbdcfdd6-7264-47e9-9e49-2477b38f4c9f,Mainstay Productions,null
4080,866965bf-9ab6-45a5-891a-edb5355e6672,Amuse,null
4081,93384b99-194e-439d-80a1-97e2cbce19bf,Chukyo TV,null
4082,ac78efa3-6c2b-44dc-adc2-b9333ab114f5,Studio 4°C,null
4083,34271698-4a48-47e7-943e-83c950523190,NHK Enterprises,null
4084,45baf97d-6fb4-4e44-b8c8-4e295d70cb93,Constantin Film,null
4085,312ec2e7-cce2-4996-b7ee-707329e06c1f,Able & Baker,null
4086,e85cb1e4-b5c9-4bae-af43-23210408ca99,Cyborn,null
4087,d46967e2-2b56-4b67-9d76-dc82301c82d0,Catchlight Studios,null
4088,6c9d6184-4b35-4c83-87f0-eb53083f5af0,Ghost House Pictures,null
4089,58e4c264-77b6-4fbc-8b67-26626367206d,MXN Entertainment,null
4090,7ec4179a-e338-4f8e-ae89-fa4d4a74612e,Black Spark Film & TV,null
4091,e4299b17-0131-444f-b0af-f150e01b1e76,Chimney Poland,null
4092,024d513d-3a28-4a7c-9966-f04fc255500b,Chimney Sweden,null
4093,2dfb8a10-47ec-4917-829c-33ec9720316a,Gorgonaut,null
4094,a8a51f4e-9b9b-43bf-a309-3debc5d6f3be,Reno Productions,null
4095,e7ab2f42-e58b-4932-83da-ecc0686f34f8,Lakeshore Entertainment,null
4096,db3a1c36-621b-4795-928c-d37849624af8,STX Entertainment,null
4097,8dac2ff6-42c1-44ba-90cd-d8d35e593577,STX Films,null
4098,d7fe02c1-e431-48c7-bee2-582032b875d9,Found the Ribbon Films,null
4099,47c15f34-3428-4ca4-ae46-31fe3a6675c0,Alpha Pictures,null
4100,e303b3e3-6289-40a6-b533-f37fb7d66a12,Hehe (Shanghai) Pictures,null
4101,259aeb8f-26f2-42dd-9921-4abddf5059e7,Vverh,null
4102,e3e5e528-3427-46d7-8682-51a8fef29b5c,Broke N Heartless Productions,null
4103,7d87a65e-74e2-4b8c-8db3-4a14e291c0e7,Suspiric Noir,null
4104,1c79f12e-e4a7-49a7-b04c-05942de11d70,"    Sverdlovsk Animation Studio 'A-Film'",null
4105,acf5ab69-26b8-439a-b3e0-ae238f6c9ebd,Pandey Motion Pictures,null
4106,f4bc89a6-65b0-4e65-9851-3a7a82df1aef,True Calling Media,null
4107,f0ab093f-1f72-4486-bccd-97d12924f7d7,Barletta,null
4108,9aa3046b-40d5-4745-a075-ceb7c2272d3d,Aurum Film,null
4109,eca64a55-ed9a-4fd3-8931-109d8775595d,EchoWolf Productions,null
4110,06a4ad0e-68d4-4efc-91ab-e15b68bc84f4,Faliro House Productions,null
4111,7da226b6-df2b-4198-9e8d-5edebc9347f7,Gisela Productions,null
4112,f152f4b0-1629-43f8-a4de-70bf0eb47e91,Medieval Times,null
4113,ddd58827-ca4a-4b94-a33f-757508177cf3,Bluestone Pictures,null
4114,840fb402-d811-4a9f-86da-f3ec5cb5347f,Prospect Films,null
4115,151cd525-20c2-490f-8526-d97225d46475,Prospect Productions,null
4116,1de99eb8-a992-4d9f-9e48-7f85bc39dc15,Campro Production,null
4117,da03e8a3-8fe7-42e4-b0a4-7d5c3465c5d4,Kontraproduktion AG,null
4118,5fa9d8c0-b9be-4205-ac56-fb6284f9b94a,Superfilm,null
4119,b7bbb6ae-30f0-4724-9364-914bf343900a,Greyhound,null
4120,496edf64-56d0-4a05-8558-411023e20b22,Da Peng Film Company,null
4121,5cee55a4-7b12-4c7d-95fb-9e5d9f0a2f85,Hayman Film,null
4122,06c27100-947e-463c-ba48-b19017e67f49,Studio Haroun,null
4123,8de772c2-d594-4076-ab7c-95279f2073ca,The Bombay Talkies Studios,null
4124,82962631-2234-4104-a1f2-8cb6241fea5f,Televizni Studio Ostrava,null
4125,61755fbc-ad0b-45f4-9eb6-f4da7f4d3c5d,Yokohama Cinema Shokai,null
4126,9e39224f-3133-48be-91a6-b25595035fda,Henry Kotani Production,null
4127,db064376-0d8d-4eb2-9af0-4b432be328de,Shochiku Kinema,null
4128,46cfd89c-8fe0-4e29-a44d-32f47788ceb2,Nihon Tampen Eiga-sha,null
4129,11e17bd2-065e-4638-b35a-4a510b7e9575,Nihon Doga Kenkyu-jo,null
4130,93ebfa45-7a20-4a44-952e-c4814b415e9e,P.C.L. Eiga Seisaku-jo,null
4131,032f37ad-9057-4818-b2d8-edc4b11cdf21,Teikine Ashiya,null
4132,e3765ea1-2753-463d-adde-e72d43b1f435,Yokota Shokai,null
4133,47e6c7ca-4dd7-4255-a90d-6c3cb368729f,M Pate,null
4134,f2feea56-8691-47ce-bba5-a1a5e8b8911c,Nikkatsu Kyoto,null
4135,e550a636-3da5-46ea-ac7f-4bfa621f6893,Shochiku Mediaworx,null
4136,5759b6f0-08a5-40ad-936a-6a8196419460,Telekanal Rossiya,null
4137,7296f32d-6eb6-4d75-a420-e08142f99743,GotGot Productions,null
4138,dbf0a159-119b-4957-ae02-2f8b38700e41,BritsCloud,null
4139,1e6df13a-6fe4-439d-9e82-5e6915f405d6,Her Reflection Productions,null
4140,acb3aead-0330-48ea-81a6-7a36f2151113,Kenne Fant & Co,null
4141,25342895-e08a-4093-9cf1-adafbaa865d9,Kinology,null
4142,a40e0b35-cada-4fb0-b359-7bffcc2dedc1,Overdrive Productions,null
4143,22259f2c-0ca6-46fc-8e22-2f5f32d8a9ca,New Studio Media,null
4144,1da0fd43-9767-4556-9e5b-b21bc421a62e,MACT Productions,null
4145,2ee46ade-9407-47de-8e2b-9dc5e5b53b91,Paradis Films,null
4146,4e4b5c77-b56b-4403-be09-564ff432d96a,Aronnax Animation Studios,null
4147,ad88bcbe-4def-4760-a963-016d538b9a7a,Verité Entertainment,null
4148,f47a7a86-8325-4704-8e34-68a28e0fb1ab,Joe Media Group,null
4149,782782ea-b2a7-47c9-9254-fcd6150e876d,IMAX,null
4150,92c849b5-4a6b-41c2-a206-8c8e518f8afd,Sands Films,null
4151,d146ff95-e1c8-43c2-8353-774f828211b2,Katie's in the Shot Productions,null
4152,ee58bd34-723e-4863-a04f-ca617bcd2038,Tenkatsu,null
4153,6e86f099-63b1-4319-a6a7-30c7e5993489,Shinko Kinema Oizuni Company Ltd.,null
4154,822d4803-8bb7-4584-8a4d-24b822a9ae42,Elliniko Shedio,null
4155,109f1cf5-2361-4dc5-8b35-c0595d461aa7,Greek Film Center,null
4156,919b2c03-8c9c-4088-9f6e-41240b4c44e0,Nichido Eiga,null
4157,cc223682-9095-4429-bc04-e1fd195d16b8,Makino Mimuro,null
4158,d43e3640-2177-45b1-8c27-1ac3f1afb046,Rengo Eiga Geijutsuka,null
4159,4b976704-f9e0-4457-b4b6-a5a9ff4114a0,Tokyo Central Productions,null
4160,4f0b3d82-431c-435b-a92f-9f3a86911ae7,Shintoho Film Distribution Committee,null
4161,443d3645-0771-4716-b435-f31bedc5edaa,Asahi bussan Goshi gaisha Eiga-bu,null
4162,70a8786a-9da2-4dde-9e37-deb4e8755a31,J.O. Studios,null
4163,231e28b3-36c6-461a-97cb-69ebb9812c6b,Asahi Eiga-sha,null
4164,86eafb03-5f8e-4ce0-9610-8d20ef6af6cf,Dentsu Eiga-sha,null
4165,d65f4d3d-92ec-4b59-88d8-a848830e8764,Ningyo Eiga Seisaku-jo,null
4166,37d83f22-4bcf-4d17-9463-2f315a4fc288,Les Films du Nord,null
4167,940faf01-4c98-4daa-b769-1e7f3055b402,La Boîte Productions,null
4168,b57ebb4f-f118-4d05-ba9f-ccbde47a6bb5,Nadasdy Films,null
4169,004349e0-af31-47fe-b544-51d8ea67a5a0,Wa Entertainment,null
4170,a1e13c70-a300-4a57-9e5c-b7c1917560ea,Animation People Studio,null
4171,6cdd7df1-c5cd-46a3-850d-4e98b81b2dd9,Daicon Film,null
4172,8ccee52f-90da-4509-a882-ee28083d9fe6,General Productions Ltd.,null
4173,1fec0efc-cbc6-49bd-96a9-ce6e24cf2592,Goen Production,null
4174,4469dc25-688c-4c4a-8eec-ef92d006b6af,Sony Music Entertainment,null
4175,d32331e5-2369-4190-a0ad-8dc3b730b95d,Yoshizawa Shoten,null
4176,a7fb6afc-7052-472b-95e7-f5f24060866a,Sans Soucis Productions,null
4177,535ed187-790f-4670-a454-307b6351e649,Nihon Shikisai Eiga,null
4178,aea048d3-6a86-4ae0-be00-2ab69aa4d558,Nihon Shikaku Kyozai,null
4179,920f1753-a667-426c-bc21-1ec85199ce56,Bulgarian National Film Center,null
4180,e5e2f76f-5f6e-4a25-8475-7e03fb1ea782,Camera,null
4181,f6416e04-cd1c-47d5-92f7-028178923259,Kulev Film Production,null
4182,1990765c-5279-4bc6-9180-739acdd4be0e,Österreichisch-ungarische Kino-Industrie,null
4183,83fe81f3-ad12-4904-a67a-9d1269354fba,Neue Vitaskop Film,null
4184,93ec7a04-1218-4a8b-a42d-0ab3f7fe7552,INA,null
4185,5e936178-5d6c-4771-8807-8d63979f8808,Polfilma,null
4186,572d7350-9dee-4c00-9e9b-b044216638b4,Jam Productions,null
4187,2ccb79aa-fcdc-469d-92b5-b87ca8679eba,D.F.Q.M. Productions,null
4188,f243828b-e06c-4d5a-a7a8-b7268075571e,Sita Productions,null
4189,18060c98-42a5-4ea7-b2bc-6828e33e0089,Nourfilm Filmproduktion,null
4190,991ff7dd-0324-4c8b-ad7c-b0767b7a6e06,Pinno Film Company,null
4191,050a99d6-3b48-4690-915d-efb7f9c75fe7,Lima Productions,null
4192,efbbc53c-c0a9-4612-9b8f-c79709795744,Indigenous,null
4193,7c7b2799-6e5a-4333-ba3c-83d652a67626,Ghost Pictures,null
4194,73a8eb9c-362c-4644-9d17-f002e7f8350a,A24,null
4195,97cd039f-684c-44f3-910f-a10b2d2e8ea1,Elara Pictures,null
4196,f554582a-f13f-4e90-842c-fb79a7a51dc5,Pop Art Film Factory,null
4197,d0ce1821-5bfe-427d-88b4-ce8c0f70b047,Idéale Audience,null
4198,c71706c7-5eb3-4b0f-a0a6-9e8cb2651f1d,Peter Moores Foundation,null
4199,a8526722-ad57-482d-9352-9f5ba8037e9f,Flute Film,null
4200,2996d3bd-ed96-480b-b6f6-84756c10fe06,Centropolis Entertainment,null
4201,1e2054ae-9a9f-4590-bca2-c97edccb5fdf,Wit Studio,null
4202,ee89e39b-a4ff-43ae-a05d-39b2143fcf50,Beijing Culture,null
4203,9363bce6-409a-4ab9-942a-1a808a1f1eb4,CKF Pictures,null
4204,312909c8-8bec-46ce-98e5-fcc0cc55e55c,East Way Movie,null
4205,9e55ad33-13bc-4e41-8b01-d4bec521b85a,Magic Flute Films,null
4206,f170411a-cbfb-4599-b6be-4caf45133b66,In The Trench Productions,null
4207,e86b1a1f-c6cb-4280-bc28-aaa50e5ddaae,3Beep,null
4208,91b1fa11-95f0-43bb-8fad-298e21f10be1,CyberBrunk Productions,null
4209,f07c70fe-0c2c-4d1b-af5a-4bc3e575f82f,12th Battalion Productions,null
4210,fc403408-6146-4758-b45e-4234d599efed,3M Company,null
4211,eccf995d-0185-4f00-a878-0af837bc4b26,Riki Group,null
4212,2991c24b-fcb8-4033-944c-d16ee2f0f144,TAT Productions,null
4213,cff09abb-5ee4-49e0-9a39-f1941a373ebc,SND Groupe M6,null
4214,12dbc015-7676-47ad-aef9-7bb55620c41b,Donghae Film,null
4215,a63261ec-3ce3-42e9-a32a-7798ee3c37b4,Zam Pictures,null
4216,7f4737e9-204e-4b13-932a-18b58827ec41,Devil Bunny Productions,null
4217,079cc3e9-0091-4167-ab63-63968400c814,Tytin Productions,null
4218,2e27629c-a503-48c1-8e6f-a420e9645ac2,Rabid Rabbit Entertainment,null
4219,f0f2aea6-4854-42aa-a319-4d7a6a028901,Janson Media,null
4220,d58563b8-3ff1-4bf3-9f43-7b4a49d965a0,Horang Film,null
4221,3f230352-2afd-425f-a189-eba091d82852,Richardson Productions,null
4222,11267997-1fdf-401c-922c-2900c146f8d8,Moonlighting Films,null
4223,f1c8cf5f-3a42-41cf-8113-73cdfa5958aa,Working Title Television,null
4224,ea360e87-ac15-45ee-9457-14dfd886cd37,"China Film Co., Ltd.",null
4225,d375fff0-2fa8-45a5-80df-233a2b921d97,Transition Entertainment,null
4226,e151632e-483c-4998-a712-65eb34c148b3,Wizard Entertainment,null
4227,db47cff0-53be-4646-b349-17817b3e60fe,Full Moon Features,null
4228,a5228b8c-98a8-4096-a26b-4d94cc404ec4,Musical Motion Pictures,null
4229,1ef39634-4725-42c9-aa1c-e0acf5f0ae08,Venus Castina Productions,null
4230,417dc986-b0e2-41a8-9610-23487ca945be,New Classics Media,null
4231,2956bac8-a19d-436d-ae7e-10a3be8a7bd8,Hal Stanley Productions,null
4232,4240cfce-c6eb-477f-aa4a-a4003f87598f,British Projects,null
4233,99cf761e-0e10-4802-bb98-e24079fbc639,Capital Arts Entertainment,null
4234,cabb4edb-4552-450b-aabd-cc4792af1bb5,Sobini Films,null
4235,8459a739-c021-49a1-9cb0-bebb60121fd7,Stallion Productions,null
4236,f1dc462d-a717-400c-8de3-7103b869498b,Ross Hunter Productions Inc.,null
4237,86d03735-46c6-4463-bbfd-55a4a7b6cb16,Uni-Bet Productions,null
4238,511744ab-2b22-4fa9-86ef-fe70b3181675,Snapperhead Productions,null
4239,cde85dd5-8422-4f0d-8695-846b798975ee,Storm Films,null
4240,42645bde-cc05-4991-aeaa-39da84ede0b7,Friland Produksjon,null
4241,6d7c1973-8e4f-4f2f-8cf9-c3504c2bf2ca,Dlin Film Productions,null
4242,e77adb78-f93a-4bc7-abe2-38b2ebd3b8ad,Tel Ad,null
4243,fff368d9-9dc2-466b-87be-adc3667adee8,The New Foundation for Cinema & TV,null
4244,b94c4f78-b213-4da3-9cf0-612035355882,49 Films,null
4245,5678b35c-8811-4b7b-b694-268d667d2da9,Combustion,null
4246,15129b2a-676e-4c0e-afc6-ec0e5b5a6c73,Momentous Events,null
4247,6e319cbd-9efa-496e-9cef-e23e02f5d0f2,Ankama,null
4248,afc45836-1e19-4975-86e0-21186ff492cd,RDA Productions,null
4249,f760fcfc-b09a-4baf-b95f-382790dba0bd,Blue House Film & Media,null
4250,46f3e92c-8dc4-4904-9d56-8f8a7778b3cf,Huace Pictures,null
4251,fb8f7176-7bed-42a2-b0ea-f1f61c27fdc3,Ground Glass Entertainment,null
4252,97bed0db-f6b1-40a8-9f65-8dca41367c6d,Essence Entertainment,null
4253,d68c6b30-2d12-4c73-8331-fffcf24c9ae2,Dragon Hunter Films,null
4254,83fbc4c3-3876-4257-b83e-112f312d9cd8,Swen Studios,null
4255,306c4258-1135-4397-8b4e-aae85502c1d8,ChiaroScuro Productions,null
4256,09c7bcee-2bc3-460c-a6f0-b94668e0aabb,Impressive Productions,null
4257,ca08b179-f61d-4708-b259-a098f2644913,Licensing Brands,null
4258,0f586d54-a9d2-4cdd-9e3d-a14f94de783d,Parovoz Animation Studio,null
4259,12385841-6476-49f4-9e8c-fad8c9dd2bb6,C&I Entertainment,null
4260,2dab29cd-91ba-4fcd-9f04-bfc9ca5ad154,Culture Entertainment,null
4261,e79a5c99-8fd9-4392-9cfd-42ca14e9cf3a,Klockworx Company,null
4262,e0926373-c0fa-412a-b81c-bd1d6c81383c,Fairytale Films,null
4263,f12e98e9-b670-4fc4-9aab-c82ff39949dc,Chyo Tare Film Company,null
4264,208fd194-1450-40be-953c-a33c927310c4,Spring Film Company,null
4265,e7da602d-2448-41ed-af25-11d2d5c63425,Dongyang Hua'er Film & TV Co.,null
4266,25bb4021-cdc2-4b1f-b379-56daaf0a7780,Ub Iwerks Studio,null
4267,3d9ff0ad-7562-4e98-b9f2-4c734cac5de9,Brentwood Television Funnies,null
4268,f8b1d141-ae2e-4e6e-a317-dbd4583efd8a,Demuza Cinema,null
4269,8bd74c67-fa02-4113-ace1-d7de0e257a6f,Renato Aragão Produções Cinematográficas,null
4270,db46b5a2-b578-47f1-901a-7144322a6fce,Art Films,null
4271,8dded41d-30ae-41e5-bcaa-b87a3a8bf4cd,Ponto Filmes,null
4272,f9c17958-beb8-47a0-b5da-e38b695c17c7,Unity Pictures Group,null
4273,e0408f76-e2f4-4b1d-981c-e0614a5694fb,Edgar J. Scherick Associates,null
4274,562ea3b8-d991-4b64-b9bf-e474d847c164,Victor Television Productions Inc.,null
4275,8e3937ce-fa8c-4f45-8b9e-90ed6df2ff41,Taft Entertainment Television,null
4276,bbfdab99-4883-48c1-89f3-58fe0274a832,Ultra Muchos Productions,null
4277,190e56d4-699d-41e6-96a2-8681de204432,River City Films,null
4278,086a22e7-ef99-4e9a-ae55-115bc6399c5f,Genre Pictures,null
4279,cc52f71c-fd2c-4fed-8c75-22afab2e7172,Platinum Dunes,null
4280,b43d5198-9186-4e7e-b0fc-ecc02fa44fe9,Next Entertainment,null
4281,a3f06641-70cc-4710-9eec-6c862cf01059,Twin Engine,null
4283,28575274-48cc-488f-995e-9b11c8490f5e,Artémis Productions,null
4284,5899f3b7-497f-4e10-afb0-043fcfa8cc96,Ofuji Production,null
4285,e05036e5-302c-4116-8465-bebf6137ba27,Roland Davies Cartoon Films Ltd.,null
4286,de655413-3cb1-4906-a7ed-c0d4cffaa631,LuckyChap Entertainment,null
4287,2dfbb10a-5646-40be-945d-3ab86f796868,West Surrey College of Art and Design,null
4288,2c266ee8-a370-4b58-b6f5-ec144c5f841f,Ukrtelefilm,null
4289,7c479663-d60b-4890-9693-d0eb1d7df552,Inter,null
4290,fd249972-a26e-4a75-b47f-63cfaed84b6c,Aniplex,null
4291,0bb24f8b-21a0-4136-b1ff-41211060145c,Brains Base,null
4292,5d2f24ca-50ed-4b55-a911-e032ed457e67,Hakusensha,null
4293,a469dbe2-433a-4fd0-9884-3d3aaecd77e4,Shanghai Zui,null
4294,ee05250f-503e-4a18-8e95-e0ce5c235677,Original Force,null
4295,d62a17ce-5b86-4e37-ac71-c4b520c51ccb,Heli Chen'guang International Media,null
4296,7d66036b-c906-464b-b5e0-57395c483b60,Mike Young Productions,null
4297,bcf33430-4416-4de1-b192-7862c26ff0a4,4 Cats Pictures,null
4298,a80b454c-7167-4edc-9a55-297996722a3a,Generalitat de Catalunya - Departament de Cultura,null
4299,af7566b0-2154-45db-9dad-45c521774539,Gree Products,null
4300,f2a2b4ea-c25e-4128-a51c-8afa61674289,Better Day Pictures Inc.,null
4301,83473e96-b954-4f0f-9beb-bc4e756a0800,Kay-Bee Pictures,null
4302,a2c04bbb-1d72-4b01-8c1b-6fa3c862f23e,Ajja Film,null
4303,cc05508f-ffe7-4bd0-b529-191549622414,Schermerhorn Entertainment,null
4304,82ddb580-2076-4234-84b9-7436773e312d,Don Hill Studio,null
4305,dd6c06f8-ca6d-491e-98c4-b08331991a9c,"    Warner Brothers-First National Productions",null
4306,f90356e8-3128-4fad-a906-b5f6cc3d0d00,Malayerba Producciones,null
4307,b4a241b7-1549-4230-b46d-8278662ed437,F.T.B. Productions,null
4308,26970414-4f1a-4933-b8af-63d92f9327ce,Engine Film,null
4309,6b2b5a83-2f88-43cb-9522-afa2a6f54c7b,TV Man Union,null
4310,39ef8f20-3286-4a0d-b47f-0a3fdfd20fd0,Lotte Reiniger Film,null
4311,e8793a5b-3239-4342-9a27-a9ca82fcb47c,Amasia Entertainment,null
4312,6bd6bf55-0dbf-4161-8329-74e40a045774,Aperture Media Partners,null
4313,76bc231f-ab64-4bc8-89b1-f381b18b66ef,Likely Story,null
4314,b812c87a-5e5f-459f-8cdf-39483758a902,Wright & Co,null
4315,3e6fadcd-3b18-4b5a-bcf1-935a456169fd,Bacon OSL,null
4316,e8e3b7fc-6607-46da-beeb-79ace58cdd84,Entertainment Motion Pictures (E-MOTION),null
4317,9b74fd8f-1273-4d0f-9aaf-0722f1f8eb19,Arcadia Motion Pictures,null
4318,240f8f91-8d61-4994-90be-e7c08478ff94,Matador Pictures,null
4319,4dd15306-42a9-4575-8692-08007df7f78a,Pervoe Tvorcheskoe Obedinenie,null
4320,b89f1370-d082-4e6a-9311-ef657b50385d,Sreda,null
4321,d769aaf1-d39f-4db3-96a5-18b292e99c89,AB3,null
4322,15e7f6e9-bcaf-40d6-a287-6ac3d0795fea,Les Films du Fleuve,null
4323,4cb68b97-7ded-4f20-a952-ca5280daeba3,Annapurna Pictures,null
4324,8dea0643-6c06-4351-8c4d-7df33bb734eb,Aubeck,null
4325,b9cb8d92-5b92-4082-9317-f3a558d1dd2f,Flex Japan,null
4326,d8b4b788-9399-4677-bad2-99ec3520a1fd,Shochiku,null
4327,ec9f54e1-3f98-4035-a9c5-3120055b7d0d,Wyatt-Cattaneo Productions,null
4328,a1d60642-338a-451a-a3a2-a2ef5aa30106,HIT Entertainment,null
4329,ef753144-0e24-48fe-aff7-ed4c6801dca7,ModernAge Corporation,null
4330,5701d14b-04c9-4263-8df0-514a0def329a,Head Gear Films,null
4331,56e203cf-c68a-4cf6-8093-be51a9ecb338,Metrol Technology,null
4332,577a8583-6c0f-44cc-bab0-68653d51324c,Ars Animata Studio,null
4333,e492a053-2667-4d21-964e-086f7d5d19aa,Disney+,null
4334,01ded211-463c-4d00-b9d9-d9c5a1f4f695,Maple Plus Productions,null
4335,7a432a90-e35e-4a02-950f-424043d2f9a6,Depth of Field,null
4336,cb33fa56-a8ce-406c-ab6a-43be8dcb546b,ShadowMachine,null
4337,d757333e-3e5e-488f-90bd-8c2c4e4f03c6,Josephson Entertainment,null
4338,e9a0c394-04c6-45d9-b7bf-db261a09c958,Right Coast Productions,null
4339,1c80f33a-d94b-4ee5-9929-bd57b782c21a,Diluvio,null
4340,96b1732d-6d04-4f20-b9b6-ef2c5086e487,Globo Rojo Films,null
4341,59a0baf3-6615-4cb8-a8ef-8cb0e1129b52,87Eleven Entertainment,null
4342,bc5bbc0f-8e71-4998-9c68-d1ff411bfd20,BookWalker,null
4343,c0259d6d-7678-49d9-9a5c-d703bb06170c,M.I. Films Combine,null
4344,c5a2c3b8-8d97-47f7-92c5-a95612504450,Chandrakala Pictures,null
4345,1dc9fe8d-296c-412a-96f3-25dfb1497b36,Think Music,null
4346,462d5858-4948-4d70-a0b0-32616af299ae,Y Not Studios,null
4347,714bb854-a0a4-4f55-b45b-eff1188b689b,Friday Filmworks,null
4348,668689a5-f57f-474b-83b8-3822f6a34001,T-Series,null
4349,5bd813da-6aa4-449d-b1d4-3ed9da15f843,Kohinoor Film Company,null
4350,f81fcab5-847e-4dbe-a9d2-6b163dc2eac2,Imperial Films,null
4351,f630143c-daa0-4651-8801-d4a9e9a3c7a5,Pioneer Film Co.,null
4352,4524b465-ce34-459b-8cc5-697b02916b68,Shree Krishna Film Company of Bombay,null
4353,b61eeac5-666d-498f-b8f8-44c217fdb196,Pancholi Art Pictures,null
4354,bcbcd6b9-4197-418f-b97c-723f380b8be9,Central Studios,null
4355,6fceb364-5937-4ad2-863a-ff4470432b67,R.R. Pictures,null
4356,1d539d18-574d-46df-bf38-025981785d68,N.A.T. Pictures,null
4357,40363e06-796d-4681-a3a2-b0f3d39a6a75,Xinfeng,null
4358,b4f46b71-31b5-4317-b52b-50fc74093e75,SovInterFest,null
4359,e56c42d0-605c-419f-b698-407e9cea0c5c,Inflatable Film,null
4360,cf431b95-e6a4-4957-aa1f-541a377ca86e,Marchen-Sha,null
4361,9a957d76-4772-4c5d-9924-9b98cd6ad0f9,Alameda Films,null
4362,11a7f256-0530-4943-a678-878d56b33ed6,Editorial Novaro,null
4363,3377a626-ede8-42ec-83db-d55879636dd3,Penrose Studios,null
4364,a4280306-8f70-4626-8b40-20cdd4917edb,JV Film & TV,null
4365,fcd1b224-e477-4c77-acd0-e061b3e5c2a3,Three A,null
4366,611537a4-e05b-4f77-bba9-ca9f927770b4,Warner Bros. Home Entertainment,null
4367,c85b3711-f69a-4196-805f-557b092d4825,Dalisay Pictures,null
4368,d0611d92-49f3-47a3-ac93-0cacd9482919,Green-Film,null
4369,b9fef12e-215c-4eb7-9b57-a847ba2f55fd,Imperial Film of Bombay,null
4370,3dafe0f5-c316-4ec7-8f46-3b79ec65a2df,Akin Film,null
4371,a3643cec-2b03-4a78-9f72-695b3e2704f4,Bliss Picture Ltd.,null
4372,59fa64f5-b35b-4bd1-b661-081bff6642cb,MTJJ,null
4373,ab41eddd-034e-4934-a3cf-3fd18aa6fefb,Beijing Jiyin Yinghua,null
4374,4cd668f9-5946-4217-a5d7-afbbe5cde8a6,Beijing Han Mu Chun Hua Animation,null
4375,24178415-73ac-4a30-b102-c943abe14aae,Shanghai Ruyi Entertainment Co.,null
4376,9dbd801b-acab-4395-abbb-8ff3b325905e,China Star Movie,null
4377,42af9963-4179-435d-8685-ca2d587a7d93,Shanghai Alibaba Pictures,null
4378,d63fbf37-ade1-4016-9ea3-aa31b9415e6e,TWR Visual Effects,null
4379,89c87ee6-3af8-4582-ad9e-6f5f1acfbd39,Daeyang Movies,null
4380,13f2bb8d-9147-47de-a1de-cf82833aa960,Yun Bong-chun Production,null
4381,2fd0488d-407c-4637-bdea-9c39b16ae888,DJCAD MSC Animation and Visualization,null
4382,ac172a03-d91a-4439-9c41-64d8f4ca22ff,Axis Animation,null
4383,2d68b968-9712-47e3-b28c-82777f00dcd5,FallBack Plan Productions,null
4384,a1ffce76-efd8-40d3-9f5a-428002cb3818,Blue Dot Productions,null
4385,48ca43a1-c26f-49a9-886f-a68fd51ee851,Aasia Films Pvt. Ltd.,null
4386,d7a07d16-2c3c-40be-b6d6-565241fe204d,Handle Productions,null
4387,c2d4d8b9-4956-44fe-922f-fca48667598c,Pictak,null
4388,a028a617-07df-49a0-9249-b499680ba246,Moomin Characters,null
4389,eef3e2e8-6cf8-4965-bbf5-d18deace61d4,Animoon,null
4390,f6f5ddd3-78ae-48d8-805c-b2409e0e8cfc,Polski Instytut Sztuki Filmowej,null
4391,e65278f4-1555-4abd-850b-90300599f82e,Feigco Entertainment,null
4392,ed420200-b255-40c5-ab7b-7f6d9e29ba6b,Overbrook Entertainment,null
4393,2992325c-5faa-4663-9ad5-e707818bca50,Sony Pictures Releasing,null
4394,a0a95391-c401-40e4-9607-b664ffd85d9f,Loco Motion Pictures Inc.,null
4395,48327c6c-b4e8-40c0-b3e3-caaaf9e1f612,Bibi Productions,null
4396,1e17a303-6e7c-4737-8552-f1aa6671c72d,Milenia Films,null
4397,0b187fc7-b6ad-463b-94b6-0dda7396c3de,Calabrian Rhode Productions,null
4398,94ff868b-16db-4ff1-a42e-4654bb0f2450,Focus Features International (FFI),null
4399,02dd3c7b-54da-4dc0-84d1-609ffb6d4410,Avex Pictures,null
4400,e95863b5-9a8a-4148-a96e-f0a22f7295e5,Big Face,null
4401,45fb0beb-05b8-4cfd-bf91-5a34238c0f31,Level-5,null
4402,beaa84e3-a5a5-4bc0-a4b1-01d591b08d2f,Oriental Light and Magic (OLM),null
4403,1dc129fe-538a-43d1-a126-c3b4a47cc7ad,LMYWP2016,null
4404,f0e261cf-e826-489b-a490-e8e75622f5c0,Contents 3,null
4405,26653479-243a-4017-9bb2-e86405bf32db,C2C,null
4406,89f41dda-e29c-4f39-a403-04acb0a0bd6d,CJ E&M,null
4407,22f8d9c9-1253-4054-839c-c6ed54b52757,Dolphin Films,null
4408,ec7fa240-45ae-49d3-b98d-098164279837,Studio Art,null
4409,62573891-a773-4629-9c00-a1bb6f4b4559,26th Street Pictures,null
4410,52ccd0dd-5973-4cba-838d-426323e793a8,Pimienta Films,null
4411,f95339f9-a183-4658-9ab5-f2bfc2a09578,Niri Production,null
4412,b6b77d51-792f-4f89-ad68-b2e181e2a9db,Metanormal Motion Pictures,null
4413,ecc45091-e654-4153-8d9d-2d4119e901d7,Sola Digital Arts,null
4414,a30b30d0-eadc-4bc0-b2e0-85cadafa5130,Sola Entertainment,null
4415,30717ad3-5877-4a5b-9355-92be39693c2d,Stern Media,null
4416,27264a53-7f79-4a55-aa5b-5f639e6b77ac,Hello Princess,null
4417,62eb6d1d-3b2b-4be4-8a80-acb197bdcc0f,Lytton Bros. Pictures,null
4418,161d3c9e-4052-413e-9544-aeeb2398feb5,Asymmetric VFX,null
4419,0dcd4037-11e6-4839-8deb-251ec61f0605,Dark Universe Pictures,null
4420,86a7f0e7-2ccb-42e8-8eda-3930437b6ac1,Film Carnival,null
4421,f858fa1a-9446-4fc6-9ec3-5f1204c66c3e,Its Just Us Productions,null
4422,53aaf261-aa30-4209-b321-ea791a4f0006,Roth/Kirschenbaum Films,null
4423,f3bf5887-0940-4581-96ff-d85c4d2e0559,Allman Video Company,null
4424,1678fb44-8bf2-4be3-baa5-ebf6f21c7698,Werehaus Productions,null
4425,5a2842eb-bafb-4d26-8c25-d3bdaf671b6c,Gluk'oza Animation,null
4426,ac357918-3f62-47b9-b192-601454319a55,Pearl Studio,null
4427,c2196f82-d1d4-41fe-b6d4-a9e2c4e1f3b3,Sunrise,null
4428,f11b9202-6b0c-40d0-9fac-e0ef07f1214d,Shogakukan Production,null
4429,9f85e055-9c1d-4da4-9d44-5f6b65f38a49,Kyoto Animation,null
4430,7006c150-52b0-4a6b-be89-e07c2e62f36c,Inuyasha Production Company,null
4431,0dc39976-3e7b-4784-a425-ed9fd6eaaea2,Basant Studios,null
4432,9e47ec70-4de0-4355-9e58-ea49fbfd0ec8,Televersal,null
4433,35f02443-c5e3-4186-9c4a-e27ab607e655,Brave New Work,null
4434,ca83a461-15d8-4078-b819-e487380d0624,Coop99 Filmproduktion,null
4435,0679b198-ac2c-494f-bb32-7881f59096af,Little Dream Entertainment,null
4436,33d26263-f492-4255-a66e-3cc1ad043b6d,Nordwestdeutscher Rundfunk (NWDR),null
4437,96a48d1e-abf7-4075-b716-417e71f6c28d,Hecheng Film Company,null
4438,1ebc4580-f848-456c-b821-847b037ce3e0,Huayi Brothers Pictures,null
4439,845f3574-c57f-4e9f-898a-112c7d8d9be0,TED,null
4440,a9c9057f-8ae3-421a-a2c9-c4b4f2607cf4,Wow-How Studio,null
4441,0ceca5af-b1ab-4ba6-ba38-b392de5ef790,Eurofine,null
4442,40e5dd0d-f190-48a8-ae56-a5c3c3f283cd,Fine Animation,null
4443,cbd4f581-6fc0-4662-bc64-72dc5a906147,Good Harvest,null
4444,6dfd2941-e1a0-4c8b-9a99-df930b3d0116,Regal Entertainment,null
4445,6693547c-d4b1-4cf8-8392-888623ba90ba,Ignite Media,null
4446,a686277c-a0f3-4340-bec2-930f0a755748,Reality Entertainment,null
4447,077d3aa1-ae84-4e31-99cc-b0a6b3c2d484,APT Entertainment,null
4448,710307b0-7917-46cc-b63d-d8c51ba9a53c,MAQ Productions,null
4449,f9c2f5fe-2c4a-4f45-9344-841bc4a64617,Serafim Productions,null
4450,fedd51b0-7039-4a28-8130-94deba0a4798,Viva Films,null
4451,fd1ad2c6-31ce-4ad9-921d-3c0896501fc0,KIB Productions,null
4452,6022ce9b-229e-4cec-86cb-0cfc07472f77,Star Builders,null
4453,bb4aa0fa-c753-4b6f-8b24-20ab2e44e546,ABS-CBN Film Productions,null
4454,ce01e184-96c2-4b9a-b62f-cfb25541ace9,Skylight Films,null
4455,71bf68f7-9c34-4340-ad16-e761d5b30469,Silva Mysterium Oy,null
4456,969c5bea-fab8-4fcc-ac2a-21e6a0f47d16,Hobab,null
4457,ee6024aa-6353-4075-8af8-65e529fbd819,Umedia,null
4458,9ee7cc8f-b9e2-4b52-83cc-1d55860a1cbd,Eros Worldwide,null
4459,ce2aa775-3e46-403a-9af6-ae47b6022a0f,Prague-Punk Films,null
4460,dd6a13c1-c5a0-4668-ab07-5c86d80e26cd,Reel India Pictures,null
4461,1cf3200f-8686-42f2-9b94-d544d410bb73,Nostromo Pictures,null
4462,e1947f54-031b-4c81-b3bc-dd351171b189,Colina Paraiso AIE,null
4463,e73a5c38-379c-4887-9e24-b8c9248c2904,Radio Televisión Española (RTVE),null
4464,67f5f7ce-c9a0-4cec-a9d8-0740c320b4b6,Arts and Humanities Research Council (AHRC),null
4465,d6f59ba0-344e-48c4-be91-6dc864f4a1d1,Why Not Productions,null
4466,0d216f70-caa0-4dd0-a314-4c4a0423efb7,Wild Bunch,null
4467,aa728fdc-491d-4d26-8ce2-41d024aea48c,Silver Screen Partners III,null
4468,d2b4adae-9039-4ecd-9435-1d0e43aa75fa,Panasia Films,null
4469,01553066-3141-42d1-ba5e-1647048a2c79,Sil-Metropole Organisation,null
4470,6fc5d794-05ee-4e92-af7a-f48762cbee81,Clover Films,null
4471,00af469b-5c80-4264-a018-1680c95ef328,Epicmedia Productions,null
4472,37c839b7-2005-44c6-be9b-aedae6f014d1,Volos Films Co,null
4473,f3fd8df9-e1d4-4137-b17b-8ed514ee9d51,Silver Salt Films,null
4474,b3a7bf44-0800-4187-aeba-ee25d7b91227,Cinelab London,null
4475,f8ea63eb-b6a2-4b3a-82dd-0dcf8f15bc0c,Fabrique Entertainment,null
4476,bc30966e-1bcb-4ff8-b9ff-04829d8e132e,Moliwood Films srl,null
4477,b3ab9166-816c-4cb1-a949-605f920fe7f8,Lucky Red,null
4478,18ba12ef-054b-4a3a-bd73-6bea2b6f5bef,Morena Films,null
4479,592d9b71-7c87-4e21-b452-db946807b8c1,Bartlebyfilm,null
4480,04012e5f-89dd-4384-8917-72bed89136b6,Miyagi Entertainment,null
4481,b4ad7a03-b3d1-4312-a2e2-c6de8202b174,Propaganda Films,null
4482,7a40610f-4f73-4bef-bf9b-fbbb6e9f6bd1,The Radio Play Company of America,null
4483,6f616562-76ea-4e26-93a5-5bb4920a107b,Victor Film Company,null
4484,0ca6b45e-288d-4343-acef-42694d577876,Strange Quark Films,null
4485,b91ceea5-1e26-48e3-be30-10a6af056066,12th Street Entertainment,null
4486,f47812cf-ab66-4b8b-aefc-74b11ffe1224,Tips Films Pvt. Ltd.,null
4487,00a29ed0-a1ce-4ae6-9f77-3db29060b52c,Trete Tvorcheskoe Obedinenie,null
4488,4aa2ab15-0298-4c9b-a7fd-cbc9d7ff8b12,Rapi Films,null
4489,fa6a769c-3957-49c2-837d-2098ba03852a,Cantilever Group,null
4490,5e81c854-ed02-4f7d-807a-d9048f9ec44e,Moonshot Films,null
4491,b78a391c-9d16-432f-9efc-24cccb007ed0,Narrativia,null
4492,daefcdd0-2f2e-4aab-bb34-82cbe52e940d,Blind Hummingbird Productions,null
4493,11f6fcd3-d4e4-418b-8aec-05cccfca53aa,Teenager,null
4494,719b7b13-3b04-49fb-b113-42490ccd952f,Black Feather Creative,null
4495,732d8297-9b51-4591-9216-b8f5eaad57f6,Sydney Box Productions,null
4496,f1ef69f5-9292-477b-a2ae-937c3a738a55,Group Film Productions Limited,null
4497,0a431b6c-e2df-4bee-8b6a-df7e48a1d885,KIT Film Studio,null
4498,6d374a1b-df6b-4df1-80b9-9176ea4f7b6c,Central Cinema Company Film (CCC),null
4499,27f8f533-1989-4f24-abcf-9452499cf325,Galatea Film,null
4500,380545b1-15ad-4600-a6ad-b4ae04164258,Ankor-Film,null
4501,13f80761-cca3-4f8b-8356-73cb349493e2,Marins Group Entertainment,null
4502,60bcb538-ceb0-4a8c-acfc-6883e60938c2,Aldamisa Entertainment,null
4503,c0fc72cc-a11d-40cd-a9d9-b9ba85fe59f9,Buffalo 8 Productions,null
4504,aca7ba2c-f916-401f-b442-ad6a24c3d8f8,Fond Kino,null
4505,037e7595-5548-4548-bc8f-4e54b6bd38fa,Tagalog Pictures,null
4506,f6b576e0-65f9-4c0c-80d4-f630787a97fe,FLT Films International,null
4507,43be868b-baec-4fb6-8ee4-c907b2792a97,Guiding Light Productions,null
4508,ee4e59d1-6f12-45dc-881f-85fd7d65d74d,RTL Productions,null
4509,940ebf51-5ccc-46ee-ab7f-9cda41da3ac1,Roda Film Productions,null
4510,78d71665-6720-4dcd-81bc-43cc01fc815d,Gurion Entertainment,null
4511,454f1b2d-4be3-42a7-a054-b85ed9af51a1,Bankside Films,null
4512,022fee12-da52-4f02-b6fa-63ba5c872cb6,Fantastic Films,null
4513,c63c1815-1709-4197-9074-613e209bfb4e,Fís Éireann / Screen Ireland,null
4514,d34a24d9-4b6f-485a-ab72-bde1af2b6494,Savage Productions,null
4515,402167ba-aa69-4162-baee-cebe9aac64f4,Wild Atlantic Pictures,null
4516,91f37d5c-52e9-4de6-85aa-5f5d837239d3,Ascent Film,null
4517,1beecb42-07a2-4042-b8bb-a0fc51e5b755,Feline Films,null
4518,2d88e350-530f-4884-8260-42375f2c0d9e,Base Entertainment,null
4519,ce0aed67-6975-4ccb-9c94-9e2adc98da31,Ivanhoe Pictures,null
4520,217d4a55-b1bc-45e5-aad9-32fdbe3a1158,Cauzsuch Co.,null
4521,75f5df9e-011e-4399-b597-d4c1e4cfba41,Bhin Boom Business,null
4522,04d6bf2c-0f43-46fd-88e4-577678273aa2,Neramitnung Film,null
4523,3888336d-4969-4436-a608-95b6020f30d5,Transformation Films,null
4524,f338b318-9028-487f-b4ff-519df86c00ea,Kuman Pictures,null
4525,4b689ec7-84cc-4418-a500-3658dcbe870e,Shenzhen Global Digital Film,null
4526,2d9da21f-466b-49aa-a85e-85f81ebb8b0e,Television Culture Co. Ltd.,null
4527,31e46e1e-d882-45f2-8bd3-8a922c86c47a,Instituto Mexicano de Cinematografía (IMCINE),null
4528,af41dedb-b646-4546-b2ec-ef1df4c67526,Lucente Filmed Entertainment,null
4529,c763a15c-d23e-407b-b8b5-db563a9b4259,Beijing Haote Times Cultural Development,null
4530,56286530-4030-4192-8798-90d2c05c2561,Beijing Shuo Niu Culture Media,null
4531,c118b0a3-ae5d-40c6-97c0-884a2fc34f47,Defeng Films,null
4532,b406e8e7-b829-464b-8022-f5835d199931,The North Master Studio,null
4533,fa7dc761-c3fd-4eff-83b5-89d55a704033,Grand March Movie Production Company Ltd.,null
4534,57e2e032-5677-4b96-9eb8-8c81f414d472,Koji Productions,null
4535,626df422-a482-46b5-b5a1-c9cbc7199cf4,Hemisphere Motion Picture Partners,null
4536,4747bec1-b301-45c8-8f6e-aa45fbd8e30f,Toneplus Animation Studios,null
4537,cd81208b-6981-4c1e-9e44-f918f0b5d71b,Magnet Film Exchange,null
4538,1b516954-f9bf-4d9b-b4a3-795bcd5302fc,Artistic Pictures,null
4539,a02ed9ac-8ffa-4141-a2d3-905b253b113a,Butcher's Film Service,null
4540,53dd08b5-a5f0-4a26-b51a-53462c9a0a1b,K. Gordon Murray Productions,null
4541,21750ff4-8afc-4964-9fa5-59d19077ed5d,Young America Productions Inc.,null
4542,7734bcdb-2ea5-4024-bfe3-dc68e24b8499,Quest Entertainment,null
4543,50bd2c2c-224a-4b51-a269-a5a0da130fd9,Chiller Films,null
4544,e9417a03-cb19-44b1-9214-369469d6baf4,TMP Films,null
4545,83a0c7ef-5ae7-4937-a7c7-420c418b1d14,Jay-X Entertainment,null
4546,9cdb68d0-90d1-4788-98c9-2e257757a648,Di Bonaventura Pictures,null
4547,f1822c4f-a091-43c2-af9a-a841376ccc6d,Room 101,null
4548,040cf5ff-3ce5-43fb-828c-67a4edca7fb1,Fever Dreams,null
4549,eb1abc46-5323-4962-a1a7-cd27a4035e28,Masaoka Eiga Bijutsu Kenkyu-jo,null
4550,492befde-80fc-499f-a543-db9991d4dcd0,Patriot Pictures,null
4551,c144c015-5fbf-489f-9c76-7c6e25068812,Filmsquad,null
4552,5cee87f4-2f0c-43a4-9ca2-bd733bd2ceca,Greca Entertainment,null
4553,893ba8b9-743c-436b-8765-fc20f10b25e4,Arts Council of England,null
4554,505b2134-5db8-43b3-b4c8-39c5b8f90704,Sekans Filmcilik,null
4555,4afc1f99-c933-4bfa-9c03-47ba4e0726eb,Ulysses Filmproduktion,null
4556,cf6ca857-48d3-4e26-9ad1-623e79cdce05,Fabrique d'Images,null
4557,7ff24631-c0bd-4fa8-bc08-e6d8d4ab7648,Telepool,null
4558,ae233fe9-6f97-40cb-8ef6-b85374b329be,A Fairy Tale After All Enterprises,null
4559,335f9fee-4f4d-40e3-8676-b0ae57034a1d,Riding Hood Motion Pictures,null
4560,6f0d2278-cb84-4923-a79f-a11542532379,Syfy,null
4561,c4e64a01-5fc4-47e3-bdba-fb40d4b3896d,Desert Wind Films,null
4562,9e8ff42e-93eb-44d2-8f35-b1c3d47063ff,Watchmakers Entertainment,null
4563,f639165a-7b05-468c-a2e4-0bf94a54622d,Manhattan Company Entertainment,null
4564,300649bd-910f-4c11-9be1-8e7dcca47146,Sydney Film School,null
4565,0686be3e-9608-4031-af07-955c019c7feb,Apfel Production,null
4566,69547b03-6333-4d36-9cc5-fe8ec16b6293,Frame100r,null
4567,8a516eeb-e063-49a9-a06c-ec102641d8cd,Attack Films,null
4568,a3fd83b4-885c-480d-8cc2-7f9dbde1146f,Nijenhuis & de Levita Film & TV B.V.,null
4569,a1bc5fa8-4549-446d-93a2-ce12a1f0dd0a,Sophus Madsen Film,null
4570,caa3dfb9-2f60-4106-94ec-ba8b6a5858a6,La Fémis (F.E.M.I.S.),null
4571,5ea3aef7-a629-4696-ab1c-68559f8872a9,Local Films,null
4572,de876688-45e5-4565-807c-40af889014f2,Rabbit Hole,null
4573,9bf6aa8d-c220-4859-a22a-98ab98705052,Evolution Films,null
4574,d44ab387-229d-4d59-a5e2-75ab662dc0c4,PubRes,null
4575,92880c33-357f-4f2d-bd69-49111f2b1cb1,Gaïjin,null
4576,4a721a90-3c7e-4bc7-9c25-2235a796bb0d,Bedna Films,null
4577,5576c451-793f-4a79-9eec-ac150ccfd3c0,Kamera,null
4578,f612fd69-0c22-4326-b136-1c7a0b3685d1,Harman-Ising Productions,null
4579,3e9069e9-dc8b-4ef0-8aa4-03e12e55d670,Fénix Film,null
4580,a3a0e584-aa1d-4892-944c-d1a6f701b93d,Prima TV,null
4581,4099a040-e375-4fb0-b9f9-1a3ff789cc58,Cosmopolita Filmproducktion,null
4582,82cb759b-4c6e-4412-b34c-173bac9274b0,Wildcat Films,null
4583,74bf33ae-ed18-406d-809f-3a474eaba343,InByTheEye Films,null
4584,847ded16-0167-463e-b11b-3c386416f963,ArieScope Pictures,null
4585,14a3184e-4f72-4108-9ac3-2801c922391a,Filmpark,null
4586,8a6e40fb-8031-4c15-9e97-0910db75b915,Pohlmann Creatives,null
4587,67227917-e65b-4ee6-85dc-3ddedcd20794,Partanen & Rautoma,null
4588,02e182f6-31ce-4269-97c6-53d2177289af,One of Each Productions,null
4589,36a5930c-807e-4719-823a-b2b77d5c3137,Jih Mao Film Company,null
4590,5a878701-2938-4d30-8882-24865c89a246,Screen Denizen,null
4591,6b11a0ee-145e-48da-8466-52d8f37e18cc,Zürcher Hochschule der Künste,null
4592,6a007cfa-dae5-42f0-869a-3d8b7c704bd3,Breakwall Pictures,null
4593,e930b901-a855-4d41-9ab8-cabc42e6acb1,Tinycore Pictures,null
4594,2710733a-e1e4-447f-84d9-65e733a11bf7,"Studiya ""Slavuta""",null
4595,ca76581f-c07c-4a72-9378-a6e199f4b10e,Universal Cartoon Studios,null
4596,8c109d73-d5bb-4549-a710-20a7212fd392,A Buck Short Productions,null
4597,e0290e87-d21d-47a0-b5ce-5f8676a173f5,Cute Meat,null
4598,b7d4467d-f204-4a6c-a377-6932e72e1e18,Pollen Pictures,null
4599,932d97bd-ed33-4773-bf87-f27f7799019f,Together Magic Films,null
4600,ede4967e-22fe-467d-a600-01228c58cf44,CagedBird Productions,null
4601,02c09697-a16e-4ea1-9c9b-690e5f538594,Film Tank,null
4602,a567f1cc-d537-42ba-ac9d-4d0a69bc2aab,Cinépolis Distribución,null
4603,359ad33b-e6b6-4314-8efb-3d74979c4715,Cinema Maquina,null
4604,047ae141-6b38-4f50-a154-0670f86355fc,Inspiration Pictures,null
4605,99c7e8b7-2503-4303-84f0-b572c6bb0280,Art Institute of the Inland Empire,null
4606,ede069b9-df0b-43b1-ac0e-0b3e61801ffc,Theatrical Arts International,null
4607,7b2aeaca-143f-443d-ab9e-554346b8328e,Lumifilm Oy,null
4608,289ff141-0564-46f8-8f15-ddc6ba815fda,Migma Film AB,null
4609,c0acc9b8-f843-4cec-aa38-429a1fafbee8,Bloody Cuts,null
4610,4978ab7a-b6ae-43eb-90d4-c7db3d782159,Millenium FX,null
4611,ef68a79c-ba31-4219-beb9-de433616a838,Procam Take 2,null
4612,6cdbcddd-d3b9-4bb1-b625-8f3f755a93f7,The English Theatre of Rome,null
4613,a6c5f206-c384-4148-b50f-2f91e25f3e24,World Citizen Film,null
4614,28d911b7-c67a-483e-9050-7aabd7f71340,Stretch Films,null
4615,d9e3afa2-62f4-4dd8-a650-3a38203d65d8,Page Turner Productions,null
4616,39e13f40-29e6-466f-9784-14c8339d8279,"Hommage Pictures, Regan & Albert",null
4617,b84b8beb-ce2d-4354-b087-afce1ca8f032,David Allen Productions,null
4618,2d33c6dd-63fb-4a5f-bc60-3f02255eee27,National Cinema Agency Uzbekkino,null
4619,cc68345e-abb3-4e8a-a46e-b0ab805ec4cf,Youth Creation Union Studio-5,null
4620,c615cd82-4b6f-4b12-a29f-875879c38739,Opticnerve,null
4621,7a3b8d14-bfa7-45ac-86e7-6d72ab6d755d,Apeiron Films,null
4622,61d2d573-3b4b-4e1f-8177-28c7af17365a,Pierrot Productions,null
4623,0e5eb012-1e48-439e-abd5-6090607fd554,Krátký film Praha - Studio Bratri v triku,null
4624,85203b9a-2ede-4d19-853f-5ca0dfba4c50,7 Fluid Oz. Productions,null
4625,c3b3203f-b3e7-47f1-b2f2-145e54f44211,Todd Norwood Productions,null
4626,4cbf94fb-facc-4351-b585-20e1e22634c8,Kommunenes Filmcentral (KF),null
4627,91d54a69-4a90-4395-8943-bc34bd6a9728,Plate-O-Shrimp Productions,null
4628,3c884c8a-bedf-48f6-8920-c0c6e44f8c22,Rand Australia,null
4629,8addc522-bd47-42bb-a36d-df35317668d9,Telesis Productions,null
4630,697d49c4-3fcd-46b2-9b87-9fba325f5a26,Poison Films,null
4631,9d914738-b48b-48fc-a747-5d446d57bdb8,Poison Communication,null
4632,d9ca71f2-280c-4274-af53-5ccda7bb7948,Live Dreams,null
4633,38d57e25-00b8-427f-8137-0e2a2ae8682b,Loyola Marymount University,null
4634,2c9eb88a-53ff-43b7-83f4-bbe73010e69c,Kontakt,null
4635,0b8d9c62-7aeb-463c-9c9f-e1bafe7c168b,4 Lizard Productions,null
4636,7febcc83-1be3-411b-9e6a-5d54d82a931e,Bublenutz Productions,null
4637,19bae658-cb56-481b-87b8-ee72126eae5e,ZDF Enterprises,null
4638,c6c4da82-83a0-4161-a6df-b759c4e7c2f3,Credeus,null
4639,4150a38f-2171-4752-b45e-885c864c73c0,TV Asahi Productions,null
4640,33187a49-38c9-4ddc-9954-5a14afee7b43,Metropolis Group,null
4641,5d43a767-f5e6-448d-ac4d-159d38abbebd,Konik Studio,null
4642,124a5302-5da6-47b2-9f55-4097760b03fd,A1 Pictures,null
4643,92b9d762-8217-4730-b248-82a9bed7ef18,Workshop Productions,null
4644,31765fc9-0832-480a-9fec-770ab5ac328f,Polestar Films & Associated Arts,null
4645,ebf4e47a-671c-469c-bd41-873474f05152,Fazed Pictures,null
4646,1a32715d-ea94-451c-9a5f-82a38a8d4d23,Kvikmyndaskóli Íslands,null
4647,f7c5ba65-e1e1-41c0-bf7a-6f9e07da0bb1,Internationale Filmschule Köln (IFS),null
4648,9c867ceb-bfe7-4cc5-b8d8-dcf21b0f05da,High Indole,null
4649,7cc4a98a-f16c-40f3-8b6c-89dec2d6e4c7,Spider Creative,null
4650,48b7b891-c70a-4147-9233-64b81f42e9b3,Corona Cinematografica,null
4651,c5e097ef-d725-4724-919f-bce1a92052d2,I Pulcini,null
4652,64514363-9657-42b7-ba24-f95e31fca671,Azalé,null
4653,354ee4b2-136c-40f0-be87-9d12ced1a350,Streams of Consciousness,null
4654,5f6a7408-e826-4fb7-a6f8-8f994acd6b6a,Studioul Cinematografic Bucuresti,null
4655,fc1b2591-35ae-4e6d-88c5-6e5bf3f96978,Van Haney Villa Productions,null
4656,38fad95d-a321-4de2-9c55-2d684d9e103f,Spoilt Broth,null
4657,53ffb79e-b582-4c44-beb7-a8fd618c6103,Access Entertainment,null
4658,a25b134a-c577-4432-a574-be6be1bc8b6b,Film4,null
4659,027d4f3f-76fb-4a70-881e-7dec84ba0eb8,Hive Studios Australia,null
4660,c550cde3-98da-4523-9d6b-2790808cb496,Little Monster Productions,null
4661,97949190-51d9-4d64-9c35-b2f5ca6bd783,Ceská televize Brno,null
4662,d3495464-2546-4d52-92d5-6f1a58f65c29,Tsentralnuyu Obedinyonnuyu Kinostudiyu (TsOKS),null
4663,f3a47d0e-ab4b-402a-9149-5bc9e38bce40,Kievskaya Kinostudiya (Kiev Film Studio),null
4664,645c6c35-27c7-49b9-8f73-6432a6c3389a,Odeska Kinofabryka,null
4665,26088cca-1382-42f1-b0cf-4d69dc204040,Vseukrainske Foto Kino Upravlinnia (VUFKU),null
4666,735d4f0e-8f59-42a6-a444-7fb1d5f11490,Anima-Film,null
4667,33c0c1f6-e292-491f-a043-c197f3b2a54f,The Walt Disney Company,null
4668,b265e287-4888-4b39-bc67-e4c25197b11b,Scarus,null
4669,b95ed7b5-796b-45ba-aff4-18060f719358,Ilion Animation Studios,null
4670,3282c3e8-3237-4ba0-802d-df44864d40d8,Skydance Animation,null
4671,e8507203-8520-41ce-b49b-cfc61e3a6726,Skydance Media,null
4672,d40bf7ff-bd0a-4a5a-8619-57af0b57c1f4,A 5678 Production,null
4673,e4429208-99d5-4aad-81a3-1416ef5c1070,Disney Channel,null
4674,1da6c29e-f7a2-44bb-8800-79de76f58191,Suzanne Todd Productions,null
4675,443c88aa-19bb-4999-a275-8d082604c9f0,Inter-John Productions,null
4676,150ce6ad-6edc-4b97-9071-171875a2f583,Nunnally Johnson Productions,null
4677,1ed3b1db-a44f-4f52-8c02-bf2ee9325da7,Globus Films,null
