FilmId,CompanyId,FilmGuid,CompanyGuid
35,2420,59d0a760-9478-4986-9784-aeee96d950e0,df5b8699-3ba7-499d-b96f-66001367b557
35,4104,59d0a760-9478-4986-9784-aeee96d950e0,94b5076e-6d4e-4c6f-94d1-27fd615f384a
36,24,1e2e6fcf-fa81-4854-9544-b1a7d1b74158,633c4e7a-68d1-4ff0-9e2d-cc3cf205d42a
37,30,b0b53f85-1029-489c-a261-0ac423f8b684,bb7aae1f-3441-4535-9c63-08bdfb39f8f8
38,26,206b9084-79be-4d6c-9232-21449208c9eb,db34c8a2-a139-466e-9f33-e8fca9123462
39,33,284521b6-a4c5-46bd-b0a4-efa9a983e8d6,c79d466b-0c9d-4e8c-8065-468eb02c60d6
40,34,986efefd-27e0-4342-9951-26a300ef2347,d80ae1b0-cc29-42f0-90c6-e8e2a2f8dc60
47,56,47443563-14ca-458b-841f-9fe855b40276,c613b1bb-b9af-4e45-9c32-ac751a8d2f74
49,26,73f9c654-911c-4cd9-b210-f85a131bd391,db34c8a2-a139-466e-9f33-e8fca9123462
50,515,be804a68-93f5-40dc-81ae-bc3728b47f0c,0bb23acd-8b6b-4c2a-be44-2ae7692daad6
53,49,00c8f93a-61a2-46e1-903d-cf33723482e6,012ad198-7e10-46b0-981b-fe063401700f
53,50,00c8f93a-61a2-46e1-903d-cf33723482e6,5319848d-c051-4e43-babd-6fe06a41cfd0
53,51,00c8f93a-61a2-46e1-903d-cf33723482e6,3c5b84cc-c1fb-4189-9b0c-471c0b9d23e8
53,52,00c8f93a-61a2-46e1-903d-cf33723482e6,68cb3847-e132-4bb4-9fc4-82cb78b39c16
53,53,00c8f93a-61a2-46e1-903d-cf33723482e6,16fa2537-7035-4271-9399-8b3d132aa038
54,43,a8f37b36-e183-4db2-b3e8-a21610e10b10,cf19822a-34e1-4ce8-aee0-a7c8a32020a0
55,546,9e8a3d2e-5345-47fa-a101-b54f57d6181b,069ca85d-f6a4-40f0-b177-6d96c3bee4b0
55,4328,9e8a3d2e-5345-47fa-a101-b54f57d6181b,682c687a-6648-4150-91ad-9a7bac457880
56,37,549f7911-c558-4b2c-8a40-707eceb51f53,574398b5-f640-44cf-a099-6b34fa12830e
56,38,549f7911-c558-4b2c-8a40-707eceb51f53,af4b971e-7bcc-4feb-b202-3aae1c4e3325
57,30,0028dcd0-73f7-4cf3-88a6-4ac9a189c0b0,bb7aae1f-3441-4535-9c63-08bdfb39f8f8
58,30,7c4edce0-92d4-473f-b90f-ae5cdabca5dd,bb7aae1f-3441-4535-9c63-08bdfb39f8f8
59,47,05cda3a0-24cf-462b-a573-872a9e5ed5c2,d998dd61-a973-4192-b73d-f5961da87be9
60,30,d90754dc-df63-4d05-8f1b-08ae4a647b4f,bb7aae1f-3441-4535-9c63-08bdfb39f8f8
61,32,1146c65a-19a3-486b-892a-b7939f2bc90a,1c4e5840-224d-4d27-a30f-9373a594e8e6
62,30,762a8777-4330-485a-8ece-f6bf5a598258,bb7aae1f-3441-4535-9c63-08bdfb39f8f8
63,57,0cfe9950-3a44-4aa1-a9d7-38c8ca40c52b,1598e550-b8aa-4dec-bc55-e601a99eec75
64,30,de72e7fb-dc0f-4cb8-81fd-af3c64078ea2,bb7aae1f-3441-4535-9c63-08bdfb39f8f8
65,41,b73d68ec-85d8-4d4e-a66e-e3d8fcd7d6a2,1ac9f03a-c98d-4e56-945a-3deeadfc3947
66,4326,cd806db9-3133-4694-85fb-9f26a15de07b,f3fab943-0730-400f-a169-cce28ee81248
67,55,74ead0f9-5e88-490b-b2c2-4faf4e8449b5,0642f48b-e15b-4657-af88-6f0feaa28509
68,30,f015adb9-fba5-4d7d-8c5e-489b84c72ac5,bb7aae1f-3441-4535-9c63-08bdfb39f8f8
69,36,887ae44f-62e5-4467-b9ce-6e963005f926,fc519734-7041-4490-8c73-549a82f4f427
70,48,5c2e252e-6f0b-4e5b-8c00-2c11a137f089,f08db4ea-8025-494e-9d0e-aeff2e84b3f6
71,26,59965b26-c41b-44d6-860e-ce8b4582ca10,db34c8a2-a139-466e-9f33-e8fca9123462
72,30,9712beec-8c69-41f6-9379-a950723cdbb0,bb7aae1f-3441-4535-9c63-08bdfb39f8f8
73,42,f07940e6-e14b-4779-a4b1-561ca91f2a2d,cfa14c6c-9829-4453-a196-6fc21351ee4c
74,42,645f9847-ca68-483b-9ec3-b071610718f1,cfa14c6c-9829-4453-a196-6fc21351ee4c
75,26,354b05ba-553c-45e7-ba52-fd3b5d4b4052,db34c8a2-a139-466e-9f33-e8fca9123462
76,26,35384b21-2e78-467c-881d-d8273b9a8cff,db34c8a2-a139-466e-9f33-e8fca9123462
77,26,1e2244ef-18de-4f1c-8156-b333347e3cd7,db34c8a2-a139-466e-9f33-e8fca9123462
78,26,bc4fcd3e-de43-4b84-9c27-4bab3e5c34d2,db34c8a2-a139-466e-9f33-e8fca9123462
79,26,3684dc5b-13d6-451f-b0d1-4886d1670ba1,db34c8a2-a139-466e-9f33-e8fca9123462
80,26,bf214a17-ccda-4f79-81a6-bf2d62a6beb1,db34c8a2-a139-466e-9f33-e8fca9123462
81,26,32c70919-a69f-4ccf-a2bc-2f6d404a3c93,db34c8a2-a139-466e-9f33-e8fca9123462
82,26,b52d35fd-bef3-4394-9cee-ec9091c64b51,db34c8a2-a139-466e-9f33-e8fca9123462
83,42,c886aa01-5b98-4d3b-a157-f7a5a82935b0,cfa14c6c-9829-4453-a196-6fc21351ee4c
84,30,0f336ba5-ad14-48ce-afb9-13ff7dd3a344,bb7aae1f-3441-4535-9c63-08bdfb39f8f8
85,30,9e35bc40-8e99-4c74-ae92-8c00115868e8,bb7aae1f-3441-4535-9c63-08bdfb39f8f8
86,43,7219f819-2030-4f40-9112-1f132fd17aa1,cf19822a-34e1-4ce8-aee0-a7c8a32020a0
87,54,a724e617-9f53-4e3f-8b81-18f92e9f6d8b,6904f673-d13b-47a1-9f39-a111bc52e1f4
88,54,d8c7c3c5-a9ac-4580-82cb-da5f6cf3117e,6904f673-d13b-47a1-9f39-a111bc52e1f4
89,43,972840bc-26b2-4414-a945-0429480dadb5,cf19822a-34e1-4ce8-aee0-a7c8a32020a0
90,30,624a0115-a249-4fd5-9e44-07473bce506b,bb7aae1f-3441-4535-9c63-08bdfb39f8f8
91,45,fe9f82d3-6ac2-46e4-92b3-a81bf2d64e2d,9da59b43-bf30-4233-923a-cd25dda0c17c
91,46,fe9f82d3-6ac2-46e4-92b3-a81bf2d64e2d,6eef8dbc-40d7-47a9-bd24-f3cb7fffdb15
92,30,2318c009-9a5f-4068-a77a-c929d293fbad,bb7aae1f-3441-4535-9c63-08bdfb39f8f8
93,31,dab1e7cc-fe61-4b58-b386-0b0d27c13225,323a15fd-fb2c-49d2-8898-5a524612cfb5
94,39,cf81cfd6-c4d7-48f8-863c-385d24c20c9d,f93dcc2a-f02f-49e9-a9ff-ded015104d60
94,40,cf81cfd6-c4d7-48f8-863c-385d24c20c9d,4401261c-13d5-41e0-84c7-c38068ef54dc
95,39,80b7fbe1-49fc-4a16-8374-d7f92628e375,f93dcc2a-f02f-49e9-a9ff-ded015104d60
95,40,80b7fbe1-49fc-4a16-8374-d7f92628e375,4401261c-13d5-41e0-84c7-c38068ef54dc
96,40,3fd4c5ff-1e45-4ea4-b57a-4a02ef4a6cfc,4401261c-13d5-41e0-84c7-c38068ef54dc
96,389,3fd4c5ff-1e45-4ea4-b57a-4a02ef4a6cfc,11def3d7-51bf-4727-af9c-3ea43d29be95
97,39,bb205c28-deaa-4f3c-8bdc-2e2071f6adc2,f93dcc2a-f02f-49e9-a9ff-ded015104d60
97,40,bb205c28-deaa-4f3c-8bdc-2e2071f6adc2,4401261c-13d5-41e0-84c7-c38068ef54dc
98,39,3f695c09-5f80-4dbb-9287-4ddda12ef731,f93dcc2a-f02f-49e9-a9ff-ded015104d60
98,40,3f695c09-5f80-4dbb-9287-4ddda12ef731,4401261c-13d5-41e0-84c7-c38068ef54dc
99,39,893ece53-813e-4def-8090-a6cf7a8764e0,f93dcc2a-f02f-49e9-a9ff-ded015104d60
99,40,893ece53-813e-4def-8090-a6cf7a8764e0,4401261c-13d5-41e0-84c7-c38068ef54dc
100,39,a861409b-1539-452f-b179-2dd6fbf4d06a,f93dcc2a-f02f-49e9-a9ff-ded015104d60
100,40,a861409b-1539-452f-b179-2dd6fbf4d06a,4401261c-13d5-41e0-84c7-c38068ef54dc
101,39,7856aab8-d3f5-4f75-a044-d7c649c84e84,f93dcc2a-f02f-49e9-a9ff-ded015104d60
101,40,7856aab8-d3f5-4f75-a044-d7c649c84e84,4401261c-13d5-41e0-84c7-c38068ef54dc
102,39,90643b1b-fdf4-482a-8133-01d64f4f2ba0,f93dcc2a-f02f-49e9-a9ff-ded015104d60
102,40,90643b1b-fdf4-482a-8133-01d64f4f2ba0,4401261c-13d5-41e0-84c7-c38068ef54dc
103,81,ebd00867-520c-40ae-9b2a-0f008ab5da31,a35c7e84-5200-46ea-8261-a43f447149d1
104,81,127c9d35-2aa4-442d-bb39-4a369896c846,a35c7e84-5200-46ea-8261-a43f447149d1
105,81,11dd7cab-30ae-4cb4-a77c-d77c3abeaee2,a35c7e84-5200-46ea-8261-a43f447149d1
106,81,86361e73-138d-4d5d-9a8c-70af32840382,a35c7e84-5200-46ea-8261-a43f447149d1
107,81,5b609da7-af1c-4890-b259-afcb9f031457,a35c7e84-5200-46ea-8261-a43f447149d1
108,26,a939ef5e-6e12-43b0-8810-25d2b74699ba,db34c8a2-a139-466e-9f33-e8fca9123462
109,26,d57783d9-51c5-47a7-b911-1ba8235577ce,db34c8a2-a139-466e-9f33-e8fca9123462
110,26,cff85653-9f00-4878-9fc5-cb7bf2118567,db34c8a2-a139-466e-9f33-e8fca9123462
111,26,9c3446d1-8f65-4b3d-90f1-08f3d7b7b83c,db34c8a2-a139-466e-9f33-e8fca9123462
112,58,77a2f85f-6031-4f89-9cad-8dc229a989e5,188e1229-62e9-4733-9468-69264c9a55fc
113,59,23c1ec97-3e34-4ed5-8d3e-3c1956f15354,91092212-543a-4bcd-800b-e6b5c191621b
115,60,00e3c512-4dd1-4fac-8fc2-9e0ccd04e8bd,5bc7db7d-3d2e-4ccb-936a-3e8df168e278
116,61,8d7a9976-4a11-41eb-a051-701a19b01456,d3736744-5808-4bf3-a907-aa2fb40e37dc
117,62,8f8c71d2-61dd-46c1-b605-e143c8d69501,662f0503-8928-4394-b8c4-6ecdcefe0581
119,62,d1b4ac1d-6baf-47ae-91fe-e4530a426e50,662f0503-8928-4394-b8c4-6ecdcefe0581
120,64,87aa3841-3f1d-4836-887f-c1a4aa07c827,1fbfeb5e-a2f4-4963-ad49-ae9e1cd5e098
120,65,87aa3841-3f1d-4836-887f-c1a4aa07c827,ca7af8ad-2f02-4d2c-934f-e68e3e8e8069
121,66,dcc64d99-fbf1-448b-ad1f-950077d4b654,3641b314-aff9-432e-ba16-913a705a6774
123,67,34a1380f-2356-4c41-8009-8ea5e25fbebf,f2095865-bbc8-408c-a50e-3a3a62630f2e
123,68,34a1380f-2356-4c41-8009-8ea5e25fbebf,afd91b2b-3133-41c6-8ff0-960e940cc679
124,361,3a1f50fa-9774-403b-a278-981a169e8965,6f1c3a2d-88de-4eb1-be4f-ebab84b82e5d
126,67,847f46dc-9753-4457-b67e-bcda1850ec41,f2095865-bbc8-408c-a50e-3a3a62630f2e
126,68,847f46dc-9753-4457-b67e-bcda1850ec41,afd91b2b-3133-41c6-8ff0-960e940cc679
127,67,d0f6bc5b-597e-4dfc-8e79-0110dcfd1598,f2095865-bbc8-408c-a50e-3a3a62630f2e
127,68,d0f6bc5b-597e-4dfc-8e79-0110dcfd1598,afd91b2b-3133-41c6-8ff0-960e940cc679
128,67,88901939-862c-47b4-98cc-7227a0de92f2,f2095865-bbc8-408c-a50e-3a3a62630f2e
128,68,88901939-862c-47b4-98cc-7227a0de92f2,afd91b2b-3133-41c6-8ff0-960e940cc679
129,67,a52d7011-4b74-43b4-abf0-a1cb7356f05e,f2095865-bbc8-408c-a50e-3a3a62630f2e
129,68,a52d7011-4b74-43b4-abf0-a1cb7356f05e,afd91b2b-3133-41c6-8ff0-960e940cc679
130,67,fc69980a-4066-40c9-9e2f-ef0fe37a001f,f2095865-bbc8-408c-a50e-3a3a62630f2e
130,68,fc69980a-4066-40c9-9e2f-ef0fe37a001f,afd91b2b-3133-41c6-8ff0-960e940cc679
131,67,adb2598c-b442-489b-8204-d95b0371b814,f2095865-bbc8-408c-a50e-3a3a62630f2e
131,68,adb2598c-b442-489b-8204-d95b0371b814,afd91b2b-3133-41c6-8ff0-960e940cc679
132,67,ed445e78-3808-4cd4-ab80-75e5e0718adf,f2095865-bbc8-408c-a50e-3a3a62630f2e
132,68,ed445e78-3808-4cd4-ab80-75e5e0718adf,afd91b2b-3133-41c6-8ff0-960e940cc679
133,67,8f73a514-9c9b-4af0-abae-7a5c2b810a05,f2095865-bbc8-408c-a50e-3a3a62630f2e
133,68,8f73a514-9c9b-4af0-abae-7a5c2b810a05,afd91b2b-3133-41c6-8ff0-960e940cc679
134,72,4cc0c69c-809c-495c-a28a-e19bc58ef303,fe443097-9624-4f07-a603-4299cbc0422c
135,72,43c1e6ca-e888-4e30-b0ec-5a60a9ba61b6,fe443097-9624-4f07-a603-4299cbc0422c
136,72,62e2c47f-8b80-4a91-82cb-332136365eec,fe443097-9624-4f07-a603-4299cbc0422c
137,72,76f8e8a0-4acd-49fc-bcf8-e5eb66bb20d6,fe443097-9624-4f07-a603-4299cbc0422c
138,72,225f981a-25df-4711-af07-54d61ae1ad10,fe443097-9624-4f07-a603-4299cbc0422c
139,72,8dd4acc8-5698-4c7e-8bf5-d2c56ee7a341,fe443097-9624-4f07-a603-4299cbc0422c
140,72,2a13f0a9-dc06-4b51-9605-7e82be46fd40,fe443097-9624-4f07-a603-4299cbc0422c
141,4266,305f1b28-73e2-436c-9f12-55a6bdb93085,f199af3b-5814-43a2-b290-3de1ef7c2237
142,72,a4398cec-433d-4434-b242-31e2eec16067,fe443097-9624-4f07-a603-4299cbc0422c
143,72,7df86a17-e17e-45bb-8df7-f094a4284ef1,fe443097-9624-4f07-a603-4299cbc0422c
144,80,374022ec-948d-4785-a592-94d45bb9d164,263d580f-4de7-4fd5-a268-739e8cccdd6e
145,63,23fbf7d2-f4a6-4258-aaad-2888397e7f4e,0208d995-f6e9-4737-b0ac-a7a7fa78b756
147,82,d7d3458e-13e4-4219-802e-cc1213471b49,76e19039-ba7f-4bdd-984b-fb832e9401e0
149,83,eb59c420-694c-4ceb-ae68-5ed0e95a8cab,9754b42f-1f4d-468b-8fb9-4b240cf93b6c
150,85,6df45edb-7781-4ef2-b1b5-e158176d6fb3,4344c94b-914e-4cef-b6f2-bdca6f10f3ab
151,88,3748c3a3-e43e-439c-a780-69cb8f848ecc,0ff33a43-18d2-4156-8446-f796ce209bad
152,89,9af26eb6-2775-4e23-978b-c89a4e628866,beeeed42-d5f9-4ac1-9d2d-244347406a9b
153,82,bc25a744-7eb0-4cc9-a428-f2545820ef5b,76e19039-ba7f-4bdd-984b-fb832e9401e0
157,785,be03d317-0d60-48ea-a828-af2b6f1af895,1723c427-8c5c-4196-8045-2eeb29e39f86
157,801,be03d317-0d60-48ea-a828-af2b6f1af895,c8cc0102-131a-49e1-af41-160aee2437d8
158,785,51d0d5e9-ffd1-487b-96c5-e0fb447ba57e,1723c427-8c5c-4196-8045-2eeb29e39f86
158,801,51d0d5e9-ffd1-487b-96c5-e0fb447ba57e,c8cc0102-131a-49e1-af41-160aee2437d8
159,801,f83ccb6d-3f4b-47d5-825d-83b67fc7c905,c8cc0102-131a-49e1-af41-160aee2437d8
160,82,27640c46-9906-4079-964a-493ecf70cfba,76e19039-ba7f-4bdd-984b-fb832e9401e0
162,26,7cf57936-5799-4f68-ac05-a6c732b96af1,db34c8a2-a139-466e-9f33-e8fca9123462
163,54,8d60357b-48ed-4fef-9dd4-7d1cde36b49f,6904f673-d13b-47a1-9f39-a111bc52e1f4
164,54,31e44bc5-95b3-43db-919a-9970dd3c1b0f,6904f673-d13b-47a1-9f39-a111bc52e1f4
165,4283,2cb2725d-a5cb-49ed-92c2-cd7430aecc2b,001413a0-da70-4d3f-b120-965847826c55
167,92,0de81513-e2df-4777-b7c8-52f277eab33e,f2f95b74-46db-4f1b-9b20-093b0e6ca6a2
168,93,45a59784-97f8-47e1-add7-0c47e9874962,5203a0ea-66ad-4b04-a3f9-cd8e8fb5dc0c
169,26,17f2fce9-a95e-47d4-b82d-c6e5a7caceec,db34c8a2-a139-466e-9f33-e8fca9123462
169,94,17f2fce9-a95e-47d4-b82d-c6e5a7caceec,2569eeb7-5928-401e-a651-5136c314bc80
170,95,300f551e-e1ab-4b24-b706-37305ddda274,34c96ee4-6891-4b16-8714-e461ba535d4a
171,97,4d1d5947-35eb-4863-ad39-f753c1fa5407,0e3f1222-0818-418f-b20f-b5fa1ae1ef3c
172,98,d1544025-51c1-417f-9753-988695eaa43a,185d951c-1c8a-43a8-9fa2-98d09f361f91
173,99,8c0e52ec-9a69-4f06-a755-d9d656e6dbc6,0215bb7e-a524-457d-974d-82ce95c7b1a0
174,100,849e0291-82e7-4772-aea1-7b13332aa0af,a54f808a-9c32-47a2-bec6-95f79626d5a0
175,100,9de5efb9-994a-4017-9213-f93a7f21aa8b,a54f808a-9c32-47a2-bec6-95f79626d5a0
176,343,f36c5bc2-c94a-4b3a-a77d-1c16444ffad5,fcf2c827-6c55-468a-ab2b-f45fd5400b48
178,62,ce0e433f-e423-4aa5-a5ad-abb193380f41,662f0503-8928-4394-b8c4-6ecdcefe0581
178,195,ce0e433f-e423-4aa5-a5ad-abb193380f41,1723997f-daa9-4233-b693-184069ed7a2b
178,446,ce0e433f-e423-4aa5-a5ad-abb193380f41,3eb2958c-c1f4-476e-8f19-431d360d5e6a
179,101,2f3641d2-18c3-457e-814b-ffaf85c0416d,0201b507-85d5-433e-89db-01e6f81a8c17
180,102,c814d456-e225-4eb4-b67b-40f0587c8268,3f2c27ea-df6c-46ec-ac2b-c572a4cdaf21
181,97,749c8607-6b71-4065-a946-044cf0fd196d,0e3f1222-0818-418f-b20f-b5fa1ae1ef3c
181,103,749c8607-6b71-4065-a946-044cf0fd196d,3fa2dd13-168f-4c1f-bb4a-df0d462236af
182,104,8a3a969b-313e-423f-904a-19b259f54ab4,ed489260-15b0-44f2-a4db-bf9d7e33ff96
183,106,1617e688-dd66-4751-88c8-69d32e3519c4,b3134a85-80ca-4163-b83b-ac69fea761b7
184,107,d993485b-c0ac-4df0-8d35-c0508b8e0c81,9f160d1b-8749-4b57-993c-6dd44df4da32
185,108,208f2c79-697c-4f83-a4be-47e635215bae,5f7be770-3356-41fb-aaf4-fc7d50c2ee26
186,98,d771971c-5a2d-4322-aed7-605a2621a353,185d951c-1c8a-43a8-9fa2-98d09f361f91
188,109,3beb80c5-0309-42b6-921b-9f5754680711,00eac7cd-4275-4878-8b88-820536fb802b
189,110,2608ef52-6c7d-4b2c-9c34-5c0a20cb73bd,77f8ce83-db44-465a-850c-f131c54275ce
190,111,c9c06699-7d4f-43ff-b8bf-b93ae6fa5a8b,f446438c-9fe6-4600-b31e-7621ccdd2478
191,112,3ece9a15-38c1-4e28-8dc8-296b9a963609,0f2318d8-a7bd-46e8-93ac-fd545f05aa48
192,113,8b460ea1-2ae3-4220-a32f-2ff60cd9c53c,28973b92-c8d3-4fc9-970e-66f8fd92eae0
193,114,ca6ea4c3-394c-43e1-9b89-ee3541e6e387,1d1b459d-8a45-4f4d-8eb0-1839e43bf274
193,2436,ca6ea4c3-394c-43e1-9b89-ee3541e6e387,34971c14-af89-423c-8253-2f73070aae08
193,2437,ca6ea4c3-394c-43e1-9b89-ee3541e6e387,473f7513-5565-43e8-b90f-aaaf0c6e98a3
194,115,1862c376-4acd-4cbb-bad7-1abe9685a318,275ae79f-51df-4d7a-9ae1-58536a03ec96
195,116,92724331-9710-4632-ae56-a81e0b07afab,0caab551-d1dd-4f6a-970b-2682f3a41fa3
196,117,3be6efc0-23f2-4a11-a9f8-35b4dcdb6cd1,498f4b21-fe6f-4319-94c7-a5240b7c755b
198,118,32d04ba5-9f1b-45e4-8bc8-80946fe47ae6,b25c4be3-b3fd-4195-a7f4-0cd0cb0644aa
199,119,5abaa9dd-3182-4f1a-9169-69522f1545d5,6ea95082-4303-4088-baa5-c92adc9ad7b3
202,120,761dcd7c-021f-4a63-8ed8-0d560c1c7be0,805d2e69-1c36-4b92-8bdb-af73203c606a
204,100,361d300b-357b-47ad-8b4a-b464654b05ce,a54f808a-9c32-47a2-bec6-95f79626d5a0
204,121,361d300b-357b-47ad-8b4a-b464654b05ce,ecb75119-14b6-4f34-802f-95e3fccf2bf7
205,122,4d4b9532-590d-480c-bbbe-f6a8b33fac30,afaa0bfe-b495-48a4-97dc-09b212a903bc
206,100,a9be1a60-2b03-4e55-a606-7344534c15c4,a54f808a-9c32-47a2-bec6-95f79626d5a0
207,100,f6ce9c6b-784c-4118-8dbd-198ce5077693,a54f808a-9c32-47a2-bec6-95f79626d5a0
208,100,c28e2c6c-9243-4984-973a-6d69a22871c5,a54f808a-9c32-47a2-bec6-95f79626d5a0
209,100,32b33bef-56eb-40ca-b7a7-0473affde5e7,a54f808a-9c32-47a2-bec6-95f79626d5a0
210,100,97cc5a2f-7a1a-4241-bfb2-329d8a962a79,a54f808a-9c32-47a2-bec6-95f79626d5a0
211,100,0ad320e2-f0fe-429b-a8ce-55570fb9e316,a54f808a-9c32-47a2-bec6-95f79626d5a0
212,100,93b15e1e-ff7e-4087-83e7-c9f1990c9cf8,a54f808a-9c32-47a2-bec6-95f79626d5a0
213,123,a9ab32dc-e245-40b1-96f1-987c86ebfb1a,b58a7f4c-84b5-4026-b48c-23a0a896d9c3
214,124,06d13e2f-5c30-4fec-bf01-1c87b577cb47,424c57c3-5d42-401f-a9d0-05cb4cfbb740
215,125,e73a623f-777e-4b79-9b5e-7fdc57c183a5,bec5697f-ca15-4745-b590-04889f7aacf3
216,108,853699cf-df1e-4d84-83b5-e3198d37180f,5f7be770-3356-41fb-aaf4-fc7d50c2ee26
217,126,a65c8586-67fd-46d1-a8ea-f7ba8386cf97,373f77db-2f9f-4887-b9ed-3ff200cdd785
218,94,d4886a3f-d83a-4f88-b2e2-e958bf18090e,2569eeb7-5928-401e-a651-5136c314bc80
219,127,3cf286ac-86ae-4b47-83bf-905cbc9c5943,a4bfb22e-dd4f-479f-92cd-33d13908d1fd
221,518,361ce633-e08f-495c-b771-4bd57c32e5d4,14175431-8fc1-4796-a1c3-7fb239236218
222,130,feebcf08-9f9a-44db-97ca-fb9055047e31,980e34d0-1a66-437c-b414-44ef4321d21f
223,131,f7518237-d318-4e4e-93ac-7650b5f8cb83,300b521d-4105-4b08-b66c-3b0f22e0b410
224,108,9f9e58e1-5cf4-4f78-99d3-eb4a3571fc71,5f7be770-3356-41fb-aaf4-fc7d50c2ee26
224,2600,9f9e58e1-5cf4-4f78-99d3-eb4a3571fc71,cf91002e-354c-4082-ad81-15c76605d76e
225,132,a3cc119f-a250-4f1b-b262-4ae3c067a5bf,e7424383-94f4-4648-92e5-02ed08607a4a
225,2600,a3cc119f-a250-4f1b-b262-4ae3c067a5bf,cf91002e-354c-4082-ad81-15c76605d76e
226,133,5fd393eb-db6d-46d0-a966-854e633fc36d,59fe3e4e-8fbc-4e6d-a874-d24343efba07
227,134,78c877ad-99db-414a-ad9f-cbd56cf2bd81,84c9ddf0-2ba5-4865-8b75-b7bc7dc9d0a8
229,135,2fe34fe2-a56c-4f58-8c2d-89ea1170ee6d,e1dbf5f0-dc27-442c-bdb2-5fdcccfa9bbf
230,136,a7dbb371-ece3-4f1b-b4e6-effa82d0b44e,37d32daf-cd35-4895-a25f-bcfc51a62a48
231,2454,98fd1587-b3d5-4f03-9fe4-d0657d660d77,14b53303-81ef-43a2-aff5-5add28da8c1c
232,137,bb9ad096-641a-4c64-a5f5-91fd72198411,c2b57a1d-1e98-4dd9-b094-a03d27ea5748
233,138,7bbb5965-6bc9-479e-b412-8021b5ad0d54,9e872153-e7f8-4495-b6bb-3340bfb5d20f
234,139,67aa0d91-8499-4011-bb76-84f4c9b32bd0,e33c5e4f-750f-42c4-a44b-4d710e75fc75
235,140,f0561f87-f6fe-417d-86cb-d99589295635,5b5f5a4b-29d2-482b-9322-bc2a49667d17
236,141,84136365-5147-4f20-811b-13d738144fc6,72c404ea-77e4-4328-954d-539ba8d0fa64
237,143,984d92dc-3dea-4e11-a833-e9baa17cb7ab,2b7ebfb6-2310-4b1f-9774-f2a34c102a06
237,303,984d92dc-3dea-4e11-a833-e9baa17cb7ab,e148ceed-c870-46ed-8287-341a579de5b3
240,143,4c1f7ec9-e9f9-40d2-aceb-5704d44ab977,2b7ebfb6-2310-4b1f-9774-f2a34c102a06
240,303,4c1f7ec9-e9f9-40d2-aceb-5704d44ab977,e148ceed-c870-46ed-8287-341a579de5b3
241,142,1f3cb3b9-3c16-47f2-b73c-4cb0e9d3abbe,d87f6809-1c21-42e7-bb4a-3a9b4fe78c14
242,143,f22ae9be-0a4f-483b-9256-d66ec79b4154,2b7ebfb6-2310-4b1f-9774-f2a34c102a06
243,144,beca7697-584a-46e6-9880-45f65efe37d6,e6ff5503-5d65-414e-adae-bff71fe46447
244,145,7463c640-c2f7-4d41-8dc7-c5bf85217526,edec3327-e908-4528-a15a-f8fbc0b6b509
245,146,b42c932f-4317-466f-8421-fc6e3f91c324,bc3522f8-66c8-4cc7-b4fc-1b520c4d8e3d
246,147,a53adc48-7087-4efd-b8f3-43ed9fdcb765,0b358862-90d4-46b4-a685-57ae817c2876
247,42,6ead4115-6436-409a-bbb5-3c0c590492b6,cfa14c6c-9829-4453-a196-6fc21351ee4c
248,148,d324fa2f-61ab-4faf-88d4-af84d650cfdd,1fb8aa84-e666-409b-8375-256ef629428b
249,149,55fa9fbc-f7e5-45ee-a25d-d79a47f7473e,eecad0be-02b6-4d89-9b59-60fb20bd6bde
250,107,b9eff3cc-4d62-449e-9d15-f9be1bdcf127,9f160d1b-8749-4b57-993c-6dd44df4da32
252,152,8eceff05-b937-49ca-94d5-0c0df3e062b1,8b6b0ab6-b1b8-4e72-9946-08060a9e8de1
253,153,cf7dc9f7-37cb-4fa5-8b87-2f99f08e20a5,662b300e-fe09-4a0c-9188-81348613a7a1
254,127,19c435ec-0497-4768-a91d-c95834cc8520,a4bfb22e-dd4f-479f-92cd-33d13908d1fd
256,155,0fbfc9de-8f11-4ff5-9e1d-aaef083f1bb0,c51bfc28-97a1-4f79-9437-af600893b171
257,42,51e662a6-e65b-461c-9823-f008acaa5588,cfa14c6c-9829-4453-a196-6fc21351ee4c
258,26,dde2ae31-4686-4aa0-bf73-70df44010571,db34c8a2-a139-466e-9f33-e8fca9123462
258,94,dde2ae31-4686-4aa0-bf73-70df44010571,2569eeb7-5928-401e-a651-5136c314bc80
259,156,b7d9abe0-d123-4ebb-b913-08e435ff6d94,2bd9f82d-5de2-47a2-83c8-c9c400aed0d8
260,157,db4dffa7-fd6f-43d3-8a39-c97c773940bb,070c2963-98ee-4e73-b7d6-7843cc7ef294
261,142,8b484067-93d0-4118-a497-67261d956743,d87f6809-1c21-42e7-bb4a-3a9b4fe78c14
262,117,372faa31-160d-4b5e-9385-f410fdfa4f1c,498f4b21-fe6f-4319-94c7-a5240b7c755b
263,158,b7f7d4ef-cf65-4d28-bd7f-eca777f9c920,107beb7c-a913-4425-87b7-b09e55db5301
264,159,ec98dd98-7422-4316-94ba-57f16eb0a9d4,c9173efc-9877-4059-9e18-aada90b87cbe
265,26,cead243e-93a1-4d9d-a53f-b90ef5586ccf,db34c8a2-a139-466e-9f33-e8fca9123462
265,94,cead243e-93a1-4d9d-a53f-b90ef5586ccf,2569eeb7-5928-401e-a651-5136c314bc80
266,160,4485854b-e955-4787-af70-79908c2a5ba1,569bc5c1-49df-4b72-ac5f-e88f51ede3af
267,161,56226cb5-5f1f-4272-a8d1-f115d2429f3f,47785d11-98d6-40c5-971e-21dd7f314d5e
267,2435,56226cb5-5f1f-4272-a8d1-f115d2429f3f,c961f522-6f4c-4f32-8b69-1431966bc850
268,162,63d41cf8-1289-41a4-a882-0392af59e509,a975da9d-a694-4779-80d5-9d12a9a3f172
268,163,63d41cf8-1289-41a4-a882-0392af59e509,8d841f75-0a4e-4abb-a055-d2d9b0ae76a4
269,164,c8245de6-066a-4248-aca1-811f4660f7ea,0277a6a8-452e-4d4f-acde-0786a755ea4f
270,165,56fba3a6-6001-4ac3-81e6-ebc63d9f3bf6,2c26f829-f52a-41d8-95b6-2ed49b51fb0e
271,135,30fc96bb-a7af-47e1-8984-dd370670b82c,e1dbf5f0-dc27-442c-bdb2-5fdcccfa9bbf
272,491,36595576-899b-4a4b-9736-ae4f828d7e23,46b0be03-c28c-476f-baac-d463f59c0b00
272,516,36595576-899b-4a4b-9736-ae4f828d7e23,19f376ad-3210-482f-9ffb-0b4ec4cb4050
273,167,7dd277d2-e5da-4b1b-8e26-acd40fdd6bba,e8e9abe5-70d8-46b8-907e-ee143cdb1669
274,168,3dcc516a-c208-44c1-ad14-28d6b4784bcc,311ce9a9-1813-4d4c-aeab-fb990271b27d
275,169,4e0b9c86-6349-4169-b778-bc04af2e0deb,b8fc4063-c9ec-4544-ba7f-4fb7bf364bab
276,136,f3b940f7-3514-469b-83ac-088e50b4d6bc,37d32daf-cd35-4895-a25f-bcfc51a62a48
277,136,993b9413-1625-4c0a-8d4c-51c63645948b,37d32daf-cd35-4895-a25f-bcfc51a62a48
278,136,2797e819-205c-440e-b6e9-77d2f1c50592,37d32daf-cd35-4895-a25f-bcfc51a62a48
279,170,f66b48c7-4f11-4d92-b0a6-8c51d7ea3d46,755dfa69-0adc-4398-9d19-90717fb5dbc6
280,171,4edb77a5-b68d-455f-89b5-4d7687179b41,0b6bc8be-887a-4ad0-9e26-cba183472c0b
281,173,c94da3e5-ea6d-4eb9-b673-d1797b9d049e,68922b7c-2473-4bca-a716-44d3be71607b
282,174,d5e33b50-0cf3-435a-9dcd-b5ed476b8180,99a9ccf0-824c-4e4f-bba3-4db70949cd9b
283,175,cd9e4e9c-977f-4ba7-92c9-52abe501de96,b71a7262-4123-4990-956e-22819a63cef1
284,176,fafcc0ff-b38c-42da-bdc1-c9a62a6cc55f,1c47ea91-8749-43d9-b6cb-df214dc53983
285,177,c19625d8-a34d-4064-a6d9-a1ab1aaea9f1,c34dfca7-4c36-4ed9-8e58-e331e8e2a730
286,132,76d27d46-e677-41e6-87f8-f849c44e39d2,e7424383-94f4-4648-92e5-02ed08607a4a
286,2600,76d27d46-e677-41e6-87f8-f849c44e39d2,cf91002e-354c-4082-ad81-15c76605d76e
287,178,5a7375a9-1418-4963-8243-9af119641efd,23f14c9f-c511-4b8b-bd24-1b2dbebe7b96
288,179,d600b24d-a0a9-4f4a-8528-a43aea9241ba,cb88f9c2-9287-4927-80a7-cb0988a311b4
289,132,1550f35d-6656-4962-a1ee-08e6e6147493,e7424383-94f4-4648-92e5-02ed08607a4a
290,180,d045fa5e-a987-49f7-aca9-659c5ffa1a54,bb55824a-496f-4ce8-8e3e-e8233df40a2a
291,155,20343a85-8cfd-47fc-9048-df94bfd0daae,c51bfc28-97a1-4f79-9437-af600893b171
292,181,e362376f-bb8b-4373-8d37-0a57fc5cc8ae,a7b5d8ed-e41e-48d8-b5d2-2a69c4995e1a
293,182,a6ef6b85-6069-418e-a170-c463d9512ca5,3ca2fbbc-7fde-4b8e-a012-6a4cf0beef3e
294,183,4e9cc1dc-5fd6-43bd-b48b-9153d95ab3b2,7510fd15-6b57-495c-98df-bbb01d5102ca
295,184,27fa5f64-0a00-496a-bbc3-f54519c008e1,91928462-a213-4299-9f5c-d27ad647ef75
296,185,6d5c651c-0378-4b58-9507-0a66f1858a30,30ee3682-9fe4-4bb8-b0b0-6e3388db1cae
297,67,df72c573-9680-46de-bf15-2a88eb6942f1,f2095865-bbc8-408c-a50e-3a3a62630f2e
298,186,4a95be94-f994-46b3-83f2-14f5746fbe1d,7ef95f5d-bd72-4f58-b7d5-6d06943c4d92
299,187,766b1446-da52-4b73-86ef-0be4f444aac3,b01ce4ce-2e85-4304-b19c-3a4133f041f1
300,26,4e6caa05-aaaa-46fe-b28f-acd9d25e8cfc,db34c8a2-a139-466e-9f33-e8fca9123462
302,186,82b74192-c6ce-4b59-b37b-611dd7385b10,7ef95f5d-bd72-4f58-b7d5-6d06943c4d92
303,188,e539fa06-ae3e-41ba-b8d9-0b2e0302cebf,0847ad54-fb89-4357-b980-6f7bdb3886d7
304,190,90ec9156-dff9-4a93-9330-8c0f6fa7e1ca,5358ba45-fc6b-4c4b-b436-896e56af56d1
305,192,0fedb800-bfe0-4acd-a3d5-0088daa6c022,ba094133-5ce6-4709-a9f7-1be80565bd00
306,186,11d65602-8a91-40c0-9c96-fd205dc18fee,7ef95f5d-bd72-4f58-b7d5-6d06943c4d92
307,193,08c3e406-992d-4b8d-a177-b5e07bafee73,ed898e87-2b01-4d97-9e5a-8f4f0e8ceaa4
309,194,97c5a109-bab5-4326-90f0-c93e3207f97f,9d648324-58c8-406b-bd06-9cfb4d6c21eb
310,62,71805134-78fa-4d2d-b702-d42d21e20abc,662f0503-8928-4394-b8c4-6ecdcefe0581
310,195,71805134-78fa-4d2d-b702-d42d21e20abc,1723997f-daa9-4233-b693-184069ed7a2b
312,26,6627485a-bc29-4ea8-88b3-c8641b878464,db34c8a2-a139-466e-9f33-e8fca9123462
312,196,6627485a-bc29-4ea8-88b3-c8641b878464,80e331fb-4234-4bf8-8b11-4005e5463dff
313,197,e5131ab5-c4ce-42c3-a7fb-9416d3a4c329,56bc3b31-8017-4135-a955-bcab03d0118d
314,198,9296dc62-fc46-465c-8a0a-4fb447bb3a86,7cd90efa-bee2-42c0-899d-b5bf8cda74fd
315,199,6c165a45-4f6b-4e42-8e18-1fdaa43b85aa,4185308f-db61-4900-96bd-5a4651e45485
316,200,7f6e8c7c-c7a1-4e6a-b921-c0c0a1fc9ba9,555deba6-0107-4ad9-9e2d-f16dfa9c6218
318,201,a5dd8db8-a766-468c-9356-4e1dc3cba84a,3f137e38-3e66-4d14-b598-b191dff21a32
319,46,36efcdd9-adb8-4808-84d6-560b90a9bbb6,6eef8dbc-40d7-47a9-bd24-f3cb7fffdb15
319,203,36efcdd9-adb8-4808-84d6-560b90a9bbb6,976ba644-a063-48b8-8896-5120f5c8f604
319,570,36efcdd9-adb8-4808-84d6-560b90a9bbb6,2247684a-2b62-4875-9821-753c52d7bc0d
320,108,63d6c142-76fb-4193-b5b8-318c3071db72,5f7be770-3356-41fb-aaf4-fc7d50c2ee26
321,204,c9fb25e3-c9dc-409e-beb8-a04c7d3c21ec,d852e203-b2d1-4e50-bf6b-859f066896e7
322,205,d8b0bc8e-02d3-4d1a-9040-87d57d77c3ba,a3831598-f419-4ca5-a851-df985c288186
323,206,8c6a0205-0cfc-40f3-ab3c-35ee30952f4a,af9e18cb-5d57-4376-b681-5f45777663d5
324,207,e1653609-5d5e-4cd8-970b-8a305c9c3c2e,4b93d464-3857-4604-811a-361397bbb383
325,26,4736e156-f52a-4cc1-9bf5-28ab313d6802,db34c8a2-a139-466e-9f33-e8fca9123462
326,207,6470a676-7b21-4cf4-b2ee-d0d5099fd8c5,4b93d464-3857-4604-811a-361397bbb383
327,210,4456f5b9-f9c8-42ad-9563-bc05c11825bb,a43b4f36-2068-42b8-839b-a71b37ac1a7c
328,756,469d17c4-14f7-4451-ab4a-f4a966de7e99,194e874b-cb00-42d5-b93c-06edb3cbefd0
329,209,825ecec2-9502-4272-9f61-72a694f482d1,a60f8d2a-ff66-46ca-bace-f15d3cb0ccd7
330,197,f3bbfd7f-9be7-406d-bb98-694003eb3f37,56bc3b31-8017-4135-a955-bcab03d0118d
332,197,10cc56ec-fe25-4f28-96b9-7f45ed8e232e,56bc3b31-8017-4135-a955-bcab03d0118d
333,211,24a43dac-83fe-4505-a839-0b7cbc5a9dfa,82b6750f-cef7-4337-a378-bcbf6aaa3530
334,212,be645af4-145b-480a-9d99-d90e2abc69b2,387e7381-5db4-4442-94d2-08f697823939
335,214,9a1822ea-2d40-4468-bf26-9e7f93b4fceb,aa25a67e-2593-4213-b075-07287a576adb
335,215,9a1822ea-2d40-4468-bf26-9e7f93b4fceb,b19f5e98-5528-4d70-853e-226059c10260
336,213,1c63a4a7-06e6-4ba8-8614-aff1141b27ff,3851936e-57dc-457e-9dba-960415971a3f
337,214,ac2770b1-3a6b-4a56-935e-e3a277602dd5,aa25a67e-2593-4213-b075-07287a576adb
338,214,59da9836-4d5b-4f32-bbb6-ad3e96e77583,aa25a67e-2593-4213-b075-07287a576adb
338,215,59da9836-4d5b-4f32-bbb6-ad3e96e77583,b19f5e98-5528-4d70-853e-226059c10260
339,216,fe0499f6-6032-488e-9191-aeb629c69219,91c91409-e273-4953-b5dd-d1f9eb003744
340,82,7c496bd7-d328-40dc-8aac-e0a1f2b9c30e,76e19039-ba7f-4bdd-984b-fb832e9401e0
341,217,8d937e04-ce77-4a76-9856-e37728ab1217,8123debe-2d7a-4d3d-af22-b8d6bbf6dd34
342,218,df7e1c21-b1e6-4aef-82d2-a190b19f2abd,cfa45876-193c-4409-8f6c-ef7b5ce0620a
343,219,8abfeca3-83cd-41a9-b94f-0a8341df8bd1,f0a34370-c993-4911-96be-40d80d4af438
345,220,43b28432-c77f-4bee-ae7a-38b28e0fc138,5bb9a4ed-8242-406b-a583-ba1ed3d1589e
346,222,2d100445-add7-464d-849a-dd17f6d2d746,4b88da29-4d70-4a8d-926f-9950f0ef7449
348,223,e4927c3a-1c20-4bab-99a0-edc1ce9ebded,dc491ffe-293f-4324-aa62-6648c85ed784
348,224,e4927c3a-1c20-4bab-99a0-edc1ce9ebded,c2a939be-c2b3-465d-bf0a-d9d9fcf03c65
348,225,e4927c3a-1c20-4bab-99a0-edc1ce9ebded,236df2a9-461f-46f0-990f-a4cd1488023a
349,188,a8d8feff-f9ac-411e-b702-06e9e99b256a,0847ad54-fb89-4357-b980-6f7bdb3886d7
350,227,b391ff78-4ee0-41cd-842e-0ce411b55037,d46112d0-7310-4445-856b-242ebb6ca805
351,228,35fee9ba-85ac-4b91-8c25-abf3a988a500,7a520aec-29a7-4e94-82a1-6a5e99fddae3
352,230,fbb8f68b-6fe6-420c-a9c5-4053dcb2603d,944e1b27-bbe7-463a-93d0-974b9a2b38c4
356,231,8a12e4dd-cc15-4e09-bb8d-30c982a31e73,23a44d17-8416-4093-b3bb-29f5c9834655
356,232,8a12e4dd-cc15-4e09-bb8d-30c982a31e73,299d76c9-af78-4014-942d-275527cdc5b5
356,233,8a12e4dd-cc15-4e09-bb8d-30c982a31e73,41d6df61-ac3a-431c-9c0d-7e96349f1e32
357,235,0191888e-2a69-4bb5-a561-89805d544da9,53f40c25-ec53-4e79-a256-0018dc93af39
358,237,affd6be6-c257-4453-a680-f6eb2552d954,1a308a10-b08d-4c95-89cb-35335999047b
358,1367,affd6be6-c257-4453-a680-f6eb2552d954,012f7904-0264-4129-a304-9049cf4be390
358,1368,affd6be6-c257-4453-a680-f6eb2552d954,02c2d850-1996-4c69-bbd6-ded6e22605eb
360,188,8ac5cbdf-a6c8-425a-880b-c751d8f7bdc6,0847ad54-fb89-4357-b980-6f7bdb3886d7
361,1028,12761e4c-4dce-48a8-a7cb-eeb93340ae54,78735dcf-142a-450c-8f0d-3b6e7b77e06b
361,4184,12761e4c-4dce-48a8-a7cb-eeb93340ae54,528b1f6c-396d-433b-96f5-d879c9032df0
363,239,8152d00c-7e86-4a80-ab8b-a58050c58617,15446a76-d5a7-4a42-b39a-f7ce8ebaec7a
364,241,56f0ba4f-7527-4e4b-919c-1c2dcb6d0265,326c7bec-d596-471d-8ea0-f0bd322f3b82
365,242,a5a1cb40-539c-4384-b06d-1f03f836033b,9a8e1219-518b-4d52-9f80-9721da81f552
366,243,4028a4a5-9cd5-4b28-84ba-ab72c9f61ba1,3128cc2b-5beb-4fa6-b480-a33f75fbdf58
367,244,d4394d90-df43-4f8d-9ddc-0f744559028c,5cdd1416-214a-4231-8972-8a1c6e88e489
368,244,5fbcc363-c9ec-4ff8-b6e9-2497484fc6e3,5cdd1416-214a-4231-8972-8a1c6e88e489
369,4022,44814dcd-14da-4a47-b950-00d833a074d9,4d9a8714-59c2-42b1-85e1-5a7a309c2acc
370,123,dba4cfa4-a342-428f-b13c-faab00d661e4,b58a7f4c-84b5-4026-b48c-23a0a896d9c3
371,123,b24b97c0-5c66-450f-9f7a-6b196b9db883,b58a7f4c-84b5-4026-b48c-23a0a896d9c3
373,245,f4ec8a63-8de8-49a4-8f35-f01a42a1411b,8e0d6eec-ce83-4b26-bd34-0435bbb84577
377,246,068880e6-963f-4608-ba2d-2de17ad41438,16e14fa6-8316-4191-abff-759969c5521f
378,4019,518af632-c1bb-4c48-bf63-7095887a82f9,b607e4d9-dfe0-4909-8528-ab33b8ffa830
380,212,4be94753-0379-4c3d-bc62-ebd846fbe57c,387e7381-5db4-4442-94d2-08f697823939
381,249,c2676979-89a2-4f33-9845-29f42e3ad860,969df476-f3bc-4827-80f4-512e950c034f
383,250,fcfcb3f7-5079-47f8-8ef0-358c2e5f98af,5128958d-750c-42c2-a99e-d1748b2ec1af
384,251,8fa00315-bbe6-4df9-887e-c0bb59b5156f,4edab2dc-de2c-419c-9f6f-26ab29b5d475
385,4013,19919680-4405-4e8d-9f38-ee8d16668717,6122a760-7a0c-4037-a056-81d0ba1457d0
386,252,71b78797-772e-4c04-bb8c-dccf54856898,a0f3594d-183b-431f-8eba-ec051b26cef0
387,253,bc84488a-98c3-4c42-910b-e15bbe500165,c019449c-c71f-4868-8ded-e9dfddaa5431
388,254,54d815e7-3638-4517-9796-bdcdeb37c92b,1a0ce20d-61f0-44ed-955c-0419262fd302
389,252,4a92b21d-1c39-4bd3-a3da-2f1828ad2d8d,a0f3594d-183b-431f-8eba-ec051b26cef0
391,39,e95ebc7a-be58-46a7-be0c-db0580eebcdc,f93dcc2a-f02f-49e9-a9ff-ded015104d60
392,255,f3a786d8-1e9d-4029-8456-686e1d523e5d,e688a379-eeaa-460c-a85f-90f5539589a1
395,257,3499ef67-b43f-4457-9afa-061cfc9c8c87,51ce728a-031f-4e49-b321-a25f282c2c74
396,259,2ce7f14b-b523-4726-8e5b-03685e11287c,c4148f08-406d-497b-a817-b326c6841dc7
397,260,c8732d0b-fa87-4729-a0b0-d606017ad24a,9b9932cf-7a93-4116-aff1-6c5c469a9a28
398,261,0e050912-9516-4dd5-a08a-a7f6624e9a41,e710f226-b50a-405f-87b5-34b18ff61343
399,42,1c0e1ab1-7f52-4741-ad6f-b4d081ca4e84,cfa14c6c-9829-4453-a196-6fc21351ee4c
400,262,c2113830-06eb-46ac-9a64-7b477affdc22,66b857ba-f549-4d63-9235-961e4bada209
401,263,b001417b-6ce5-41ae-891c-da066ec44888,cc1ef4cc-fe14-40d6-9c51-b239c0ce5e96
403,212,d33d5757-6af7-4c59-bdd1-67ec6586ccd4,387e7381-5db4-4442-94d2-08f697823939
404,264,370c5cbc-7498-4b78-bf83-4ddc38f740ca,761c3097-1baf-465a-aeb9-fde64c902c87
405,39,ddfed560-e7bd-45b3-b356-8d527990ffba,f93dcc2a-f02f-49e9-a9ff-ded015104d60
406,265,178be240-12e0-4981-a7aa-9214e4639172,95945606-a7e8-407d-9387-134e1e979450
408,269,ae0f6b7e-14b2-4778-a477-eed1f8668b5d,95479013-834f-48a1-af6e-f7d76c62cbd7
408,270,ae0f6b7e-14b2-4778-a477-eed1f8668b5d,0c6692c3-b99f-42dc-99bc-4c3437ecf26e
409,266,6a44cd17-6fc5-45d0-b81d-d9c63a5514ed,d378b576-85c4-438d-bd5f-d00fa6339201
409,267,6a44cd17-6fc5-45d0-b81d-d9c63a5514ed,5c90b1cb-804f-42f6-98f1-22f6fd8a8afb
409,268,6a44cd17-6fc5-45d0-b81d-d9c63a5514ed,889e1c5d-20bc-458d-b639-d3a7fedd3326
410,271,919f8761-fc97-4718-9a6b-37868679b55d,d368be0a-b9cd-4dde-af9f-1c9840ecfec4
411,272,cf6c5d2d-a245-4175-954d-a586c9a329dd,7e8e97ed-cd1b-4ac2-b894-b1a1c2e74060
413,245,2a495259-398d-4481-8c28-5e544b3c5151,8e0d6eec-ce83-4b26-bd34-0435bbb84577
414,273,587affc7-923a-44fa-ae80-7f756704509e,bd25881a-59f5-4634-a536-3954fea6bca5
415,67,c5d20918-527e-48c9-b9b6-06b2eafede66,f2095865-bbc8-408c-a50e-3a3a62630f2e
416,274,8ccb4806-6f0a-401a-a5be-148a258553f9,605209cd-6e0f-448b-8ff2-3281b2260c6c
417,211,0d32414e-988d-44c9-9366-17bd2c22589a,82b6750f-cef7-4337-a378-bcbf6aaa3530
418,275,f3ebb0e3-dae5-44da-b344-2590b84c13eb,aebedc89-8ee7-4339-b56e-653da05402c4
419,277,d19e9217-4d20-4388-85c8-0911548a08b7,57b9489a-ffb0-4f55-9848-6ed77474a3ab
420,278,235b5686-f17a-463b-b050-ea8532e16f12,559e3cff-b49f-4823-b67c-829c14941c01
422,4122,2dfd5ba2-14d3-4628-9af8-844416acc6fb,8de7f205-4bbd-46fe-87ce-e79b58b53dde
423,279,9efeefe5-cec9-4c3e-ae27-194b1b0ad4ab,1f3b4ed5-6d44-4575-906b-cceae95ad37b
426,280,ab8e222f-5455-43b3-8dbd-68a46e4a62b3,bdf9e0a5-9c78-4fdd-9db5-5e759e69b0b1
427,200,22f78780-8350-4b49-9e2f-0f59fa32afab,555deba6-0107-4ad9-9e2d-f16dfa9c6218
428,282,4714d1dc-3a5b-473f-9495-aff832e7015f,05002ad3-cf4f-44d4-b05f-941b23cba45d
429,209,93f18fd7-e1f7-4b01-9058-ae7b3108907c,a60f8d2a-ff66-46ca-bace-f15d3cb0ccd7
430,142,83d811a1-9296-4b0b-8685-c5edf50bd8f9,d87f6809-1c21-42e7-bb4a-3a9b4fe78c14
431,197,ef11269e-9d3b-4bf7-b8a6-748062f50bfa,56bc3b31-8017-4135-a955-bcab03d0118d
432,285,ba55f34b-7b12-4130-99ad-f0526a222acd,4cce0f87-2534-41e6-9cfa-4c2136c8c9b4
433,287,b762b11e-5adc-42b1-a2ba-f6a5b46e23af,7ec49eb3-cc29-4bc9-8912-08e443c66999
434,286,8284459f-41e5-4705-b1cc-6e5a28bfa355,e3ac2526-812a-443c-9a31-79dac13cd0fe
435,197,4dca46fc-d711-434c-b239-3ce905eb999b,56bc3b31-8017-4135-a955-bcab03d0118d
436,288,fc1e0560-5ec5-46d5-aeb0-23da205c45a6,9bda5357-bd7c-49c2-b6b1-648817e0b7e7
437,288,a85827fd-7e35-4fc6-93f6-02b0f7f4dace,9bda5357-bd7c-49c2-b6b1-648817e0b7e7
438,289,875dcc21-e894-4a43-b02c-054d1e12d52d,70c1721a-d660-46e8-bc05-cacb81d45b83
439,290,c6db8632-b93d-409f-95d6-5f5db62478f9,b888df17-98ca-4b4b-b3b8-e6c2ef416803
440,108,2552d3d4-3d81-47e4-bce0-3ff16a84da6a,5f7be770-3356-41fb-aaf4-fc7d50c2ee26
440,291,2552d3d4-3d81-47e4-bce0-3ff16a84da6a,f6fbb1ed-f9a0-467b-a816-4638c739d75c
442,424,de2e0cc9-5f6f-4397-b3e2-1bfdcade266b,bdccf1e8-a197-4298-810d-42b65d83936a
442,800,de2e0cc9-5f6f-4397-b3e2-1bfdcade266b,b2b0cb5a-c270-438a-97c7-533c5e0c7316
443,424,bcbb12aa-7c7c-465d-997f-66c8c1c62997,bdccf1e8-a197-4298-810d-42b65d83936a
443,800,bcbb12aa-7c7c-465d-997f-66c8c1c62997,b2b0cb5a-c270-438a-97c7-533c5e0c7316
444,424,a58edc7f-5578-4a28-8a1f-cff89916c0ef,bdccf1e8-a197-4298-810d-42b65d83936a
444,800,a58edc7f-5578-4a28-8a1f-cff89916c0ef,b2b0cb5a-c270-438a-97c7-533c5e0c7316
445,292,02ed539a-e635-4b6d-8335-0a80ccaa4051,eb277c35-cdde-42d2-8077-d55ae8a81f6e
447,199,4846b714-0912-49e7-a974-b26f27f2d89b,4185308f-db61-4900-96bd-5a4651e45485
448,293,81ce9dd8-5ffb-4d15-8042-0467e2764baa,64c3a0e3-6898-4fa4-ba60-221c8a151432
449,199,beb04ef2-5bcc-4990-bbb4-986e9fab8bf0,4185308f-db61-4900-96bd-5a4651e45485
450,294,9c531621-51a4-4919-8e12-e2b23311b408,2b9dd7af-cd0a-415b-8179-41dcf5c05349
451,295,142bc656-50e3-45a2-b5cb-6c37a3f0b408,0bfe8317-7e69-42ae-aed1-4c48c672a7ba
452,297,ddffab73-7b5e-4e8a-976a-f3bdeb553767,297036e0-8117-48c4-8300-9c9062fdce0d
453,143,1ab18d6d-24f6-43dc-8de2-6c1eb79ada82,2b7ebfb6-2310-4b1f-9774-f2a34c102a06
453,303,1ab18d6d-24f6-43dc-8de2-6c1eb79ada82,e148ceed-c870-46ed-8287-341a579de5b3
454,298,d529376f-f2f5-4f42-bc3d-f2d2c78e4af0,07f6b9e9-3c4a-44a1-8c41-06e5709cacd2
455,299,7e7d9828-eda1-42c2-baee-a4c399bdb18b,84ade154-9497-4f52-974b-72e9f927cd46
456,301,b4bd1645-e03c-49df-ae5e-7af3f9fae2f9,4d5aabd5-d7a5-463f-80f2-d58358fb88f4
457,44,a47dac14-3d5e-42cc-b156-1c7d1572598a,eade8dac-7b7a-463e-95c3-ee35fb7cd2e2
457,302,a47dac14-3d5e-42cc-b156-1c7d1572598a,1516424c-adb4-4ce8-9b61-e19bf944a908
458,305,98ae7fa8-36b6-438c-9847-a4afecc2dc79,b091bda9-7010-47ba-886d-3ec3e66a468d
459,306,84caa21d-d41e-4daa-bec6-e5f376f8ce96,92daf23f-6066-42bd-8176-3b65d2fa4279
460,26,78dc9658-2f74-4088-95d1-1340b26d71ea,db34c8a2-a139-466e-9f33-e8fca9123462
461,155,86077fda-ffad-4f1d-b48d-505ef5bcbddf,c51bfc28-97a1-4f79-9437-af600893b171
462,307,ce6d5899-cd56-4f27-a138-01375f935dee,a691c250-cf6a-4904-8a53-e2986ddb0c18
463,26,7e94c4be-1e0d-4e55-a155-d05cae9bc160,db34c8a2-a139-466e-9f33-e8fca9123462
464,108,17ca3400-ba65-4a91-b4ff-3abd0031359f,5f7be770-3356-41fb-aaf4-fc7d50c2ee26
465,310,a0107145-74ac-46cc-8291-9ecc567faf4f,7246f00f-74b5-4ded-a163-c585f437342b
466,312,6286f61c-49b3-4b19-9ef9-ce7c09d5a7f7,1e14609c-e1a4-4181-ad6e-243c3e5838a3
467,313,91f22919-109e-427c-93d9-f8db33d89571,35381dde-15be-449a-9e56-104816f5e75f
467,314,91f22919-109e-427c-93d9-f8db33d89571,c925fe22-7204-4f59-86c0-aee5c88205d5
467,315,91f22919-109e-427c-93d9-f8db33d89571,1882720c-ac7d-4397-b1b8-df32a535dd5a
469,316,8ebb1930-fade-4ba6-aaac-cc6e17db7dce,e931aa79-e26a-406a-a0a8-63d449bdd3c2
470,317,69f2ab8a-fb6b-4bed-bb1d-74bc4982cfa5,636eebc4-c57e-4128-9a32-e44b0efb470e
471,318,16001750-96a7-4338-be67-6ecdb2acaa8e,eb389101-dd62-4e08-9f4a-db185fd541ae
472,319,8d56ec65-846e-43b1-bb1a-547ae3b8b297,d39c3beb-2bef-4461-9c3b-fe4418855c93
473,320,63370716-c0ed-4e96-857c-5c0112508158,e21b6c73-d755-4132-ae27-e88808544b7b
475,321,daf0437b-1d37-488c-ba6f-110891091e64,01016f40-959f-434f-942d-de0ab92fa16c
476,67,b0699f1a-8dd6-4b16-bd34-87fcef1be522,f2095865-bbc8-408c-a50e-3a3a62630f2e
477,322,8ec4087b-8e4c-413b-833d-b60855e8d4ac,0711892a-4e0b-445a-8123-cc9f50a81b8c
478,123,60e3d7b5-5542-40aa-9fee-b7c883f290f4,b58a7f4c-84b5-4026-b48c-23a0a896d9c3
479,66,5f7b766e-bd96-477a-8e1e-66cb24c9268c,3641b314-aff9-432e-ba16-913a705a6774
480,323,66947b5b-14fa-46ab-a903-b619adbe0c89,0653247d-fad2-4e0b-8349-7482023b0f31
481,324,cba285c2-7388-4293-8ecf-6584f46a7021,c22b79b2-f425-4b32-a25d-cf9e73ac8782
482,325,59c13dc0-9919-4496-84cb-ca299ccc61aa,7f8c060e-42dc-4964-89dd-58e5481e3e67
483,108,73bcf97a-b747-41ea-93e9-c0cbd9a0e520,5f7be770-3356-41fb-aaf4-fc7d50c2ee26
484,328,30be14f2-7390-47b5-92ce-6194ca6249e9,4ed4f093-bb20-4b48-9ad1-d5ba3d7855c1
485,329,299754d6-f1c4-4b8e-853a-0f3d1417246f,ec69a8ab-2fa5-4c2d-9a46-88d1c109f2bf
486,330,a4c97338-e050-4196-a81e-35264980de11,22d50358-7eeb-4cc0-afc9-04c64c373241
488,332,8955c833-579a-4ada-b6e8-27c622599c33,5fbeed9b-9a20-47c1-9e86-93fbce490596
489,334,21aed2f6-8e16-4a0e-9a5e-aa3f4f384c7e,d67f7c18-816d-4c47-8027-c5d7da5e04eb
491,338,e748484b-ed81-4c80-83b2-144b2711fcaa,9adac9b4-48d3-4a9f-92d5-1ff1005b8272
492,337,44157fb9-1f8b-4636-a730-4b12a0ec93ab,753d8a68-1efb-41ac-8450-d0de64c37e20
493,340,8c47f40c-0d6b-448a-8a46-1a61eb4cc70e,8c43a3f4-6846-4c38-8c36-2a5f9a72d567
494,90,8aef1d3b-7b93-49aa-a98d-5eb7f2701c92,ba9c9a11-80b4-49da-887c-099f5cdad8de
495,161,2f4f6497-4e36-4047-86ad-42773f2dbfcc,47785d11-98d6-40c5-971e-21dd7f314d5e
497,341,1e101797-be6c-4979-9fdb-4cc43644dfc7,ec826769-cf60-4992-9d74-b6bc2256884f
498,3931,f676bd80-da5e-4a57-b07b-3ec5a2be627b,f45f22d6-99ae-4c0c-bab3-18908e732b9b
500,197,7271750d-343c-438c-860c-b6671e6576fe,56bc3b31-8017-4135-a955-bcab03d0118d
501,287,0d94ced3-da4c-4b97-989b-e6dd85925680,7ec49eb3-cc29-4bc9-8912-08e443c66999
502,343,d441dcf4-b348-4767-ab65-451377078aa0,fcf2c827-6c55-468a-ab2b-f45fd5400b48
503,344,be874aa6-20d2-497d-a32b-7e779eee5d8e,194e5283-449e-43f7-9fe8-7d0460106cc2
504,245,452a7228-192f-4f97-b61e-a0e2a1b8e567,8e0d6eec-ce83-4b26-bd34-0435bbb84577
505,345,863711ee-d3a6-41dc-a022-5cb67665c2cb,57c6b6e1-b0b1-414a-b429-81d6ce7744f5
506,346,42efce75-9a5e-412c-b376-02fd513a3a9d,7494019d-1192-4725-873a-c09fde502136
508,347,6647217c-8c78-4cab-bd0e-b521cb39adfa,45d28c08-76b9-410b-a4c5-f68033cff34e
509,272,5f762b4c-fadc-4527-80c5-7377363a7bc5,7e8e97ed-cd1b-4ac2-b894-b1a1c2e74060
510,245,7a8895d1-0723-4ae4-9b4c-5681dd6383a5,8e0d6eec-ce83-4b26-bd34-0435bbb84577
511,348,8d6514fb-71a0-4b08-95e7-e99deea96883,f12a0173-ceda-40de-8a02-ac4ca5b9c2c2
512,349,a6b0d677-f4af-4def-9f30-89b6c31acb19,8533ede3-2d80-4b66-baab-d4d71970d5bb
513,350,a43323d2-3d96-4b6a-9549-8319598dff37,c99578f3-20a9-4208-b540-eaeb35d87c6b
514,351,5eaca785-5276-4a53-9362-36cdd0a305a7,7c543740-51d9-4c2a-be63-be388d60f2c1
515,344,751e299e-0ac8-4642-9045-d7583d9079a7,194e5283-449e-43f7-9fe8-7d0460106cc2
516,288,a87dde84-ca34-412d-8223-89a324cad88a,9bda5357-bd7c-49c2-b6b1-648817e0b7e7
517,345,1e03c185-ef8a-4992-8359-ba8f81e645e5,57c6b6e1-b0b1-414a-b429-81d6ce7744f5
518,217,4e40c6b7-eee6-4ba3-bf6d-69fa04633166,8123debe-2d7a-4d3d-af22-b8d6bbf6dd34
519,352,b168ac9d-f652-4065-ab2f-2b5ad49e4205,cfd1e837-7217-48e4-a3e9-98546077787e
520,245,0da582aa-573b-4738-a406-b08638d133b1,8e0d6eec-ce83-4b26-bd34-0435bbb84577
521,201,2a1877b6-18c8-429c-8cc4-05855aaadcb1,3f137e38-3e66-4d14-b598-b191dff21a32
522,353,5d4d798b-0991-47cf-8a69-0e49bf5be4bb,057389af-4740-4dc3-ac15-948650bb9d41
523,354,7c710563-f74c-4fba-9585-2929e493d114,03f2b68f-01b6-468a-990a-b850073a31ce
524,354,4dbc22e0-ffa9-43c6-82de-e8c84117ef73,03f2b68f-01b6-468a-990a-b850073a31ce
525,355,d6e23cb5-6d2f-4020-a9a2-da9aa42b8e37,df1a2b67-c7bd-43dd-b51e-7bb3ee67ae1d
528,67,080866cc-1ab4-4275-be68-07193de322c3,f2095865-bbc8-408c-a50e-3a3a62630f2e
529,357,fd1cdd8a-8dfd-45cb-bab7-4760c5fdf78a,7dfa90ff-62ca-4b97-b38a-72c3dc443db2
530,156,9d757538-b2bb-4733-ab78-3b0f102b01c3,2bd9f82d-5de2-47a2-83c8-c9c400aed0d8
531,26,f1510a2b-0236-4d8c-9841-795c985b902a,db34c8a2-a139-466e-9f33-e8fca9123462
532,196,ea36017f-cc93-431a-ac07-ad7251229984,80e331fb-4234-4bf8-8b11-4005e5463dff
532,211,ea36017f-cc93-431a-ac07-ad7251229984,82b6750f-cef7-4337-a378-bcbf6aaa3530
533,360,b1e8d353-067f-4a35-9930-e3675d73e969,be67d19d-ab9a-4681-be2c-9f0a52f0ea5a
534,3182,d8a2e4b4-3abf-499f-ab61-3953e04044a6,602df23d-6644-4a6f-b5b7-2ed51f3b431b
535,3949,c28ca73c-92c0-4186-832a-5f7aa7bd2f56,1587e24c-4b02-486a-a495-3deb9d3717c6
536,261,249aefc7-1c11-4d57-a38c-43b0522a8fc1,e710f226-b50a-405f-87b5-34b18ff61343
537,801,69efabc3-50b4-4095-ab7c-ffb3d1735eed,c8cc0102-131a-49e1-af41-160aee2437d8
538,317,55cd8e29-eeb6-439e-92a7-4acc1b342042,636eebc4-c57e-4128-9a32-e44b0efb470e
539,197,cfe8546d-4e70-4f53-957b-2cc64622b444,56bc3b31-8017-4135-a955-bcab03d0118d
540,197,3b5906cb-b8d2-4e6a-997c-d31f421d86f7,56bc3b31-8017-4135-a955-bcab03d0118d
541,362,1abd44bd-1ec6-45e7-b422-c61267b281a5,005e5283-7e1f-4fa5-822a-d66d64ec86bb
542,272,3d09af02-0182-4845-a694-a7a274db23e8,7e8e97ed-cd1b-4ac2-b894-b1a1c2e74060
543,363,51714b37-af08-4334-8d6c-9c8c74faab22,9a756388-09bc-452d-bebd-875ca658817c
544,365,ccafe724-1c25-4a06-b12e-fc0986801061,6ec93ebc-3c5d-41da-b986-b3824c65f662
545,2455,63df5b3b-e008-4471-b71c-6f566f80f3f4,709a8995-dbd9-4934-966e-811b8b318cc8
546,47,39e1c5bc-8790-4bd5-93dd-ff736e6e8155,d998dd61-a973-4192-b73d-f5961da87be9
546,366,39e1c5bc-8790-4bd5-93dd-ff736e6e8155,f1a79058-25da-42e1-82a8-8ffb32b8fdba
547,367,b1503583-63d0-47c6-9bd9-37b085ede82b,4747448c-a01a-4e7d-a61c-a2f2629bbf7a
548,368,e9ba69a6-a618-4466-8b39-5e416cb8087f,9beac6b7-63b6-4671-b91f-0a8057ec6540
549,369,67c0625c-1cc5-4ed3-b662-23287bf2cc9b,ce17992d-7f96-4232-b669-25be3c8a51b5
550,370,061d9da8-866b-4dcf-8e36-6573c7d4293a,5b4d8a12-a712-43d4-b2df-f0b472d0eff5
551,371,c23af7e5-8042-4f0b-b96e-1e54fbe52712,8d8a4acc-5e96-4e21-8754-3cad5441350d
552,373,9e8ccbf1-f90d-4bd5-ae8b-e20ee288ae9f,7f3bd3bb-e29a-4365-bf09-72e0cb543c54
553,201,a53dbdb4-0965-4d91-975a-8f59f9fcd830,3f137e38-3e66-4d14-b598-b191dff21a32
555,375,1fd21554-f117-49b5-8818-e56b6faa2ccd,3971b9a7-b297-41a7-8cb6-dd36e6bb38d5
556,374,36e2a63d-9aec-490f-b07a-0a7d4558e467,2033253f-e294-4089-bce7-b75f7946e185
557,372,18090344-f1c3-4eed-b318-a00810c4f5e8,260a8693-6e02-49ed-ac93-66017d53bc5c
558,290,43bb5b25-a3be-41a2-af28-3bb8efae4135,b888df17-98ca-4b4b-b3b8-e6c2ef416803
559,376,2919481c-824a-4688-9178-7fe231fa2445,db56554c-b426-4ff6-9d2b-e5060b7d625d
561,378,ff00859d-017c-45a2-a648-9f096db1d5f0,53063713-2662-43d3-a6fb-0ad606d92625
562,380,27c01b6e-ed7f-49c6-951a-512b9da6057f,504eda60-9a40-42b7-b4a1-33d1b196e60c
564,379,b31e0f3c-f37e-4a9a-bbde-a95096c6c88d,8ac51883-bdf5-4eb4-91a0-5596c4353a91
565,382,28e86a8e-444e-4cd7-af2b-fe22b8cf0a44,0dc4eecf-e118-4bf0-b9f0-26ab67099f7b
566,261,40e36b85-17e6-49d7-b7b8-34fa4968c4bc,e710f226-b50a-405f-87b5-34b18ff61343
567,383,31e616a9-1539-441a-9045-d49aebd342a6,78f4b75c-cb28-4aff-a860-18af6764818f
569,381,710e7317-406a-424a-8fe3-7020e823986d,14b4311b-f9ea-4d86-b018-bd8c9d45a14b
570,123,7ecb0483-7444-4ca1-82ce-32aa74403561,b58a7f4c-84b5-4026-b48c-23a0a896d9c3
570,384,7ecb0483-7444-4ca1-82ce-32aa74403561,0d247c9a-c97a-4d14-abae-fe2426740460
571,2681,6590050d-0152-4c7e-af62-c41ce578b40b,78243888-8662-4ffc-8d35-bd0b4e0eaa63
573,197,1304b51e-c059-48d8-bce0-cb39150ed76e,56bc3b31-8017-4135-a955-bcab03d0118d
574,385,b93898ba-97d9-4e72-b10e-634748a80ffa,9874b152-843d-4e71-94ba-77498a8f5e8e
576,386,74f865df-f7e5-4a0f-95de-6a8c5330a28d,606592ba-db43-443d-84c8-11fb8babeca7
577,291,f93f5701-5dc2-494c-b16c-1bb305d5d623,f6fbb1ed-f9a0-467b-a816-4638c739d75c
578,387,84470adf-bd16-4ef4-a75e-3e5ef52daa9b,9f046a1e-5fd1-44c0-a4f3-d895eb10468e
580,320,f0f04646-076f-4e09-8a91-ae95b30e6646,e21b6c73-d755-4132-ae27-e88808544b7b
581,108,473dd23c-53aa-4d16-b709-2d08e70fafb3,5f7be770-3356-41fb-aaf4-fc7d50c2ee26
581,244,473dd23c-53aa-4d16-b709-2d08e70fafb3,5cdd1416-214a-4231-8972-8a1c6e88e489
582,123,fa80e7c4-bd7b-49e5-80c3-0fa3dccde0c9,b58a7f4c-84b5-4026-b48c-23a0a896d9c3
583,389,2612d163-9e42-405e-8bb5-7b2d879c92d4,11def3d7-51bf-4727-af9c-3ea43d29be95
584,388,2813c13b-5b58-4775-8a26-120999a4c202,b178fbf2-e562-44be-8b4f-551cf9ef41d6
585,390,ed958da2-8a83-46b8-beb4-9c6691f1d105,ddf3d608-52f2-4a79-8ecc-c7ae539df4a8
586,372,ee418d5f-4546-437a-a7a8-dd2621d9ee31,260a8693-6e02-49ed-ac93-66017d53bc5c
587,26,d552a0c4-cba3-4a71-8175-6d45593c4276,db34c8a2-a139-466e-9f33-e8fca9123462
588,2978,10bb2ef5-790f-4265-882c-6e6dcd341b84,d6895355-9d34-43aa-aea4-da7d1f688315
589,209,19fceddc-3541-4b49-9af8-2b801c33580c,a60f8d2a-ff66-46ca-bace-f15d3cb0ccd7
590,123,43eac49f-2d90-4f90-989e-26ffecfe109f,b58a7f4c-84b5-4026-b48c-23a0a896d9c3
591,393,12c777d4-1d71-4825-9c07-d19dd77767e6,d0f998fb-2c16-4ea5-a5ad-b6bc9b520197
593,394,8f6a9347-f250-4faa-8f9b-289838bdf98b,66066804-72cd-47a2-8374-783e9350829d
594,396,e8d569b0-56eb-4347-bc79-e642db28c371,f2f3e66d-e55c-4087-9fdb-81bab1e2a15b
595,398,ae2cc5dc-4d59-4a10-86d3-86d0a7f41011,0d21609f-e52f-4fe6-b0b8-5b259fabe49e
597,345,2d0a2e56-8772-4d1f-9f62-0168b658072b,57c6b6e1-b0b1-414a-b429-81d6ce7744f5
600,44,1d9be701-c45b-4738-9a52-c732d54c166b,eade8dac-7b7a-463e-95c3-ee35fb7cd2e2
601,82,0df8a456-6cae-4a6e-a762-663341356bae,76e19039-ba7f-4bdd-984b-fb832e9401e0
602,197,7d3907a9-c697-4028-8ae9-fd7860b42618,56bc3b31-8017-4135-a955-bcab03d0118d
603,82,9f1c84a3-ae4e-4fce-afeb-03b1cf0bdd59,76e19039-ba7f-4bdd-984b-fb832e9401e0
604,801,8bbba488-4776-4454-aebd-7e81cd2958bf,c8cc0102-131a-49e1-af41-160aee2437d8
605,399,cd0d6369-931e-422f-924e-1e7fceee55ee,4363cc99-5d83-476c-945b-966f0310a0c4
607,67,ac7c081a-8ec3-41dc-a848-bf642d346d79,f2095865-bbc8-408c-a50e-3a3a62630f2e
607,352,ac7c081a-8ec3-41dc-a848-bf642d346d79,cfd1e837-7217-48e4-a3e9-98546077787e
608,400,5615c637-fd00-42e2-8cc7-6831246750fe,32140a0f-2dec-4845-8396-aef2ee99b84e
609,26,d48bc177-aae8-4f64-8ff4-19060808702b,db34c8a2-a139-466e-9f33-e8fca9123462
610,60,096be065-c610-49fe-a6ee-8f16df97eb3f,5bc7db7d-3d2e-4ccb-936a-3e8df168e278
611,198,11785108-7a61-4169-94e1-620dd0f7ed80,7cd90efa-bee2-42c0-899d-b5bf8cda74fd
612,2453,1f97bf21-e372-4288-ae7d-792711cc9d64,ed4085f9-fc44-4789-8c1e-05dfb9028f1d
613,401,d3f3bcd4-2c50-4957-8fe5-196c6cb61ccf,5fdc1435-8a2b-4ea5-b5cd-e793ab3fdb95
614,402,54cf4e92-9785-4744-89c9-dd02b5d33b03,c324f89f-db9d-4412-baa6-42ee37e5dcf0
615,403,3f22f445-3add-4349-864a-6376dfe5f9e3,2893b159-37b0-4474-8f00-8344b366f627
615,404,3f22f445-3add-4349-864a-6376dfe5f9e3,c337fce3-0f85-46bc-af7a-8a88e7c8e5c4
616,405,1262fca0-6657-46f7-a915-8386548eed78,409f278a-48f3-4a4c-ba1b-d75ab26a93fc
617,198,3aa82160-0c37-4412-b8c2-88ae46b8d754,7cd90efa-bee2-42c0-899d-b5bf8cda74fd
617,291,3aa82160-0c37-4412-b8c2-88ae46b8d754,f6fbb1ed-f9a0-467b-a816-4638c739d75c
618,108,62b91ac0-45e7-42ff-837c-1dca69b2fee1,5f7be770-3356-41fb-aaf4-fc7d50c2ee26
619,320,8ab3fdfe-09c9-4d64-962a-d98a44fab741,e21b6c73-d755-4132-ae27-e88808544b7b
620,294,33cb9024-60cc-43cd-b1eb-c5122347395a,2b9dd7af-cd0a-415b-8179-41dcf5c05349
622,254,3108097b-1510-4bd9-b111-f625c2b77f7a,1a0ce20d-61f0-44ed-955c-0419262fd302
623,406,ce5c6df1-5302-4a5f-9a52-27d2056adacd,7d68c2b3-2fcb-4c80-9cd1-ac26ffd6b5d8
624,63,e78f6d78-2f61-4008-b8de-fdfe038533cb,0208d995-f6e9-4737-b0ac-a7a7fa78b756
625,372,a2d5f0d3-cb4d-4431-bc2d-1c22b6a334bc,260a8693-6e02-49ed-ac93-66017d53bc5c
625,407,a2d5f0d3-cb4d-4431-bc2d-1c22b6a334bc,f23797df-3f32-4e33-94e3-ee1b3c2d0cd4
626,199,ac8b590a-1501-4ad1-9127-bdb3fcbf5a2e,4185308f-db61-4900-96bd-5a4651e45485
627,408,63781e02-5a74-445d-ab8d-d0fc70731603,33b0d3e4-df29-4c4c-861d-8f2d95ba10b9
628,209,3b195780-6eb4-4b55-8df2-64086ee10318,a60f8d2a-ff66-46ca-bace-f15d3cb0ccd7
629,409,8a7c0318-faf1-48e1-9384-1d184f4320e7,2369249d-93b9-4437-91aa-c8541380bbf6
629,410,8a7c0318-faf1-48e1-9384-1d184f4320e7,5076fffd-5d84-4baa-a81f-5dbf795ff9e1
630,199,d9f03a1f-1593-4021-b320-94af56febb04,4185308f-db61-4900-96bd-5a4651e45485
631,199,8b40e315-d2d0-4317-809a-0c8fb62be56f,4185308f-db61-4900-96bd-5a4651e45485
632,411,ac5f2d1b-136f-4465-a959-3f89a6b4f6f0,2f5bc12a-e1ea-43d2-9b0e-378da9f5eca5
633,67,23291864-2839-4941-8e17-a970ede486d7,f2095865-bbc8-408c-a50e-3a3a62630f2e
634,412,57934dce-9fe8-49ea-8bad-7eacf149d1e9,ed765c71-7d76-497b-b5d2-63fefded2624
635,123,ebe749d1-5e70-4b33-a134-d022d52bc0f1,b58a7f4c-84b5-4026-b48c-23a0a896d9c3
636,108,7c3c2f47-3e9e-45a1-b9d1-9b2457f800c8,5f7be770-3356-41fb-aaf4-fc7d50c2ee26
637,63,28ed5f35-88a6-4863-8dba-4fa344ab8c77,0208d995-f6e9-4737-b0ac-a7a7fa78b756
638,155,c0e470e9-fec2-44ac-8277-766aec3ba60b,c51bfc28-97a1-4f79-9437-af600893b171
639,199,30935644-0b3c-4fe3-8648-73377e48f5e2,4185308f-db61-4900-96bd-5a4651e45485
639,254,30935644-0b3c-4fe3-8648-73377e48f5e2,1a0ce20d-61f0-44ed-955c-0419262fd302
640,254,f40939b9-9906-4ee2-a603-641b1ee8c95f,1a0ce20d-61f0-44ed-955c-0419262fd302
641,254,6d8ecb40-f10d-4f02-a7ee-7653e031a3ea,1a0ce20d-61f0-44ed-955c-0419262fd302
642,199,191a79ad-27fa-453b-8f42-b5fcd73c70bd,4185308f-db61-4900-96bd-5a4651e45485
643,199,f993a771-16b8-462a-9de7-f051a2b55aa2,4185308f-db61-4900-96bd-5a4651e45485
644,254,8b4f9179-ca13-4912-bc4e-114b1b58a609,1a0ce20d-61f0-44ed-955c-0419262fd302
645,202,db334434-639a-41a5-b563-52f251d157da,1f77acd1-ba9c-4a40-b963-402b0bc7a1ce
646,202,bb578cf4-1a8b-4993-a080-40ce54ab6402,1f77acd1-ba9c-4a40-b963-402b0bc7a1ce
647,203,e339022f-24a7-4154-947e-c627ed9dc4c0,976ba644-a063-48b8-8896-5120f5c8f604
648,203,46b0bcab-0412-4a1d-b776-1467fc81b231,976ba644-a063-48b8-8896-5120f5c8f604
649,202,d62b7cb9-127c-414f-b815-62dc36ed020f,1f77acd1-ba9c-4a40-b963-402b0bc7a1ce
650,202,90ef1b1d-4444-48f6-ae98-bad751bed940,1f77acd1-ba9c-4a40-b963-402b0bc7a1ce
651,203,7a8c7fbf-52af-4597-8da4-7f3050224551,976ba644-a063-48b8-8896-5120f5c8f604
652,203,b69ad248-fe31-43a1-afb2-68752c0b43ee,976ba644-a063-48b8-8896-5120f5c8f604
653,413,67de9ff9-40c1-4954-b247-21909369101b,077109da-a20d-4156-88ea-9809999267b8
654,202,7ad2bbd8-b2b3-434c-88a8-ce4536972e3f,1f77acd1-ba9c-4a40-b963-402b0bc7a1ce
655,414,347a4c79-efb6-46de-93b8-54bf0bf63764,0b1b48ef-c330-4d3c-9a89-86e11672bf5d
656,415,a1f61c08-8864-4885-a7af-1911935243e6,380f34cf-e3d0-4b19-94db-03c4d432c7e1
657,416,98f800a5-30ec-472a-813f-9905193c921c,956eeeff-dc0c-4b7b-b085-ee85433b79ca
658,417,0e126eb7-e501-4814-b500-a673469edc3d,c1de2884-1089-4c66-9654-6e173117212b
659,498,617f9de3-9592-44d9-9136-9390b594c6bc,35435be0-57cd-4fe8-91b8-549f0b664590
659,2433,617f9de3-9592-44d9-9136-9390b594c6bc,13d39f37-8f67-440b-9996-19256a594c28
660,63,61df913b-3236-4a73-8c27-8c1830a294d5,0208d995-f6e9-4737-b0ac-a7a7fa78b756
661,418,d261cf28-eed6-4202-bd05-6317a3e9195b,7f08e58e-5149-4d13-ba68-80d25fff1de9
662,421,6ca6a2aa-7d4c-4c41-8f4f-6eecfc36e9e0,226b0dd3-6a1d-406b-8440-f127f49840b2
663,108,7421cf7a-ff03-4e64-9e7a-0c07db39ed74,5f7be770-3356-41fb-aaf4-fc7d50c2ee26
664,67,c09eddd5-cfb0-40f2-a1bb-9b4ccddf9332,f2095865-bbc8-408c-a50e-3a3a62630f2e
665,372,5ec4dc5e-c743-4814-9d57-42c0a939993f,260a8693-6e02-49ed-ac93-66017d53bc5c
666,123,6c9b156e-133d-4708-bd77-45d824ef7eeb,b58a7f4c-84b5-4026-b48c-23a0a896d9c3
667,422,e60f9663-e6df-4d7e-9f13-3b92fa99187a,d9eb196b-8927-4b5e-9ed8-5786141b34f9
668,67,14080556-5a1d-4456-a333-03cc694a7be9,f2095865-bbc8-408c-a50e-3a3a62630f2e
668,423,14080556-5a1d-4456-a333-03cc694a7be9,043488eb-af18-4c35-9058-4fbc643101eb
669,199,59a081e3-5e72-421a-b56a-41f65de87376,4185308f-db61-4900-96bd-5a4651e45485
669,425,59a081e3-5e72-421a-b56a-41f65de87376,59e698e9-7483-4e60-9f5f-4b74d26bde6c
669,3179,59a081e3-5e72-421a-b56a-41f65de87376,7d977861-6c17-436b-8ebe-04798e135d24
670,424,9e5a47ea-5552-4d60-98c3-676dc116ece3,bdccf1e8-a197-4298-810d-42b65d83936a
670,800,9e5a47ea-5552-4d60-98c3-676dc116ece3,b2b0cb5a-c270-438a-97c7-533c5e0c7316
671,424,61e69789-0b40-44e8-af3c-1bf25ffe17c5,bdccf1e8-a197-4298-810d-42b65d83936a
671,800,61e69789-0b40-44e8-af3c-1bf25ffe17c5,b2b0cb5a-c270-438a-97c7-533c5e0c7316
672,40,5f680d08-5fc1-430d-80c0-0dfe4025d71d,4401261c-13d5-41e0-84c7-c38068ef54dc
672,188,5f680d08-5fc1-430d-80c0-0dfe4025d71d,0847ad54-fb89-4357-b980-6f7bdb3886d7
674,188,645b8456-11dc-4403-bd0d-051f15b5208d,0847ad54-fb89-4357-b980-6f7bdb3886d7
675,100,99060d65-88b1-47aa-92b2-4b87452f47f3,a54f808a-9c32-47a2-bec6-95f79626d5a0
676,108,c45d5e5e-cffb-4619-8583-284c2b4eb452,5f7be770-3356-41fb-aaf4-fc7d50c2ee26
677,427,86bddb05-702d-4720-a483-637bb373ef68,02e22950-5928-4c55-ba18-a37ad9ae267d
678,422,1549639d-55b5-489e-85cd-412025fa36ef,d9eb196b-8927-4b5e-9ed8-5786141b34f9
679,428,34dbfc6c-8970-439c-8d37-c3076ad8d3a3,a872cbd9-bdde-4fbd-9f11-47d08e8271d1
680,608,83fed9ca-1a28-421f-95ce-381d58231dba,9f79ea1e-2f59-48b0-bdbe-057aba45b617
681,430,e1b60c45-8aaf-497e-8c07-575fc29986e2,2ed108e9-9225-4b5d-9851-de0d8e181b81
682,228,20866e2e-a4ba-4720-9c95-fbf0b7d58fbe,7a520aec-29a7-4e94-82a1-6a5e99fddae3
683,209,0976023e-12b9-441b-805e-a578180b12fe,a60f8d2a-ff66-46ca-bace-f15d3cb0ccd7
683,294,0976023e-12b9-441b-805e-a578180b12fe,2b9dd7af-cd0a-415b-8179-41dcf5c05349
684,3937,0fca28b5-ecf9-4cca-94e4-37c459596964,9fdfe7bc-77c8-45f7-907e-14cc82891348
685,432,2fddbbec-3c71-41d9-ba22-6bef12eb399e,a5e079e4-079d-45dc-ace1-0b6513849971
686,433,4a301226-e9da-4e75-8b48-b12f3af2eede,aaaeaf25-2fef-488e-8d6a-ae0402feddb5
687,2538,d6a8e0a5-73ed-46f8-9720-94475dc1ba95,7d2cc4e4-af94-47da-9b2c-b194807f2307
688,435,1e9f151e-7b8a-4f17-96d4-e2ee3c7eae7a,54838463-968d-4f7e-bcaf-fa9f3f4af4db
689,436,ba3f45f7-cee3-44fa-8fad-3aa3cecdf6c1,e6eba744-e6be-424e-b2c5-427258a5a797
690,30,5a855252-065e-41e7-a06e-3c374aa7bee8,bb7aae1f-3441-4535-9c63-08bdfb39f8f8
691,143,9208b9c7-cd65-406e-b2d3-2ff7dbeb2e39,2b7ebfb6-2310-4b1f-9774-f2a34c102a06
691,303,9208b9c7-cd65-406e-b2d3-2ff7dbeb2e39,e148ceed-c870-46ed-8287-341a579de5b3
692,438,8e414752-28eb-499b-9346-15b9bae5914a,f059a370-1959-40f1-a04a-8510b93b9a72
693,298,a1fa8734-5d0c-4346-9000-0b514f6b72a5,07f6b9e9-3c4a-44a1-8c41-06e5709cacd2
694,439,6f2c49d2-a303-436b-8a9f-4cbbb8264016,28530591-aaba-4f7c-9f50-0b4617bba8e6
695,394,55911168-8613-446c-b57e-2696ce727ae5,66066804-72cd-47a2-8374-783e9350829d
695,440,55911168-8613-446c-b57e-2696ce727ae5,b6d1c45e-6c3b-4eaf-8df3-39402e1a14bf
697,442,b0b0a694-e439-480c-8b50-3d4098c69871,32dcf8d9-ec0c-4a95-84f7-406dbba5bdd5
698,363,e2421295-24f1-4b0e-b3d9-2ebfcbb30a39,9a756388-09bc-452d-bebd-875ca658817c
699,142,9f4e7596-7b52-4e10-9349-168e16b11d3a,d87f6809-1c21-42e7-bb4a-3a9b4fe78c14
700,444,be003803-2c5f-4511-a9d4-0e3e1e681d23,59af082d-4aee-4810-ac84-ec53727c1162
701,174,89bb0c3d-cae5-43c1-b6c0-0ceeaaa368bd,99a9ccf0-824c-4e4f-bba3-4db70949cd9b
703,448,85a5b240-497c-467e-a2c8-8e36445bfbb9,9785bb55-4aad-4755-b230-6c975297c6db
704,54,78e0164b-5760-4434-9d26-c11382569209,6904f673-d13b-47a1-9f39-a111bc52e1f4
705,451,2bdba4f5-3c0e-42fb-8c43-af44faa00220,10d8ee8f-1d47-4759-93c0-8d7fec4e96d6
706,454,5f6401f7-9970-447a-9830-483fd1cb0ae8,e329cf61-e746-4b29-b8e8-19a412e8a0bf
707,143,534b7d39-3583-48e3-a461-215b9a539bb9,2b7ebfb6-2310-4b1f-9774-f2a34c102a06
707,303,534b7d39-3583-48e3-a461-215b9a539bb9,e148ceed-c870-46ed-8287-341a579de5b3
708,455,a6f7646a-5c91-4084-9763-3d165b3e5cea,812054c3-3114-4f5f-b7d3-f4e6d63de342
709,296,d7c000c1-aafa-41d8-a0b2-33460825d3ab,cf7439e5-90d3-40d0-a89d-46bc4cc22d13
710,457,4fbc5b49-674a-4cae-8c2b-2a9ba23e41f1,7459a6ca-66c0-4746-9da8-d70658e497fe
711,67,fa667c27-ec29-4edf-bc18-19562f5bbe03,f2095865-bbc8-408c-a50e-3a3a62630f2e
712,458,7115d4d8-a5bb-42c8-884b-66933ea8a1db,3f4f802d-12c6-4d8c-b056-e380c6733d80
713,459,ce8ce583-c526-47de-abe8-f2317ec78574,48c96edd-3c61-40c2-a93b-51aa2bc00651
715,461,08f4a45d-0fdc-4662-8320-5c21d5843db1,b8bee609-7435-4af7-9de8-72290070ef57
716,462,ca894543-07fd-4bc6-b932-999eacd349e9,54389673-97f3-4a5b-aae6-21a86e43d22b
717,463,aea06b12-3133-4c14-9e15-20361f5314d6,8bd22fdf-3fc0-4f2c-a7e3-faa93b2fc850
718,194,c7e4f38f-a2c4-44d5-9970-5e7cdcbc69c9,9d648324-58c8-406b-bd06-9cfb4d6c21eb
718,394,c7e4f38f-a2c4-44d5-9970-5e7cdcbc69c9,66066804-72cd-47a2-8374-783e9350829d
718,440,c7e4f38f-a2c4-44d5-9970-5e7cdcbc69c9,b6d1c45e-6c3b-4eaf-8df3-39402e1a14bf
720,2481,7372100d-f762-4299-98e3-ef1b997d1e0c,6668d183-c86e-49ea-9920-6921d580f182
720,2482,7372100d-f762-4299-98e3-ef1b997d1e0c,5a677e54-8523-4b69-b996-05b2cfeba18a
721,466,420d13af-c432-4e08-ac50-e1e841ee02ea,dff8ec74-0c68-47fc-9afd-792a02aeb834
722,469,0c52c2ba-7cc1-44b9-ad67-32901259d325,6998c35c-7e73-4314-9003-98ceb5124ad7
724,459,fcb0d04c-24c3-42b6-912b-bc862d60c159,48c96edd-3c61-40c2-a93b-51aa2bc00651
725,470,d47c2d78-925b-44fc-85e4-41b123b8c798,816bdb96-86c2-436e-8616-2142f24950a1
726,473,ff414de0-1b25-4666-bc76-7ab732faf13f,91b08f17-aa38-4b18-9284-ec4dca7e2c7b
728,475,66d8e6b5-df19-4e6d-a5f8-f6c7a4e88f03,fa40f887-5caa-4ff4-8f59-8e6eca58de89
731,2870,0b5b44c6-58af-4d51-8132-ec065a457488,d568ae2c-5bef-4bf9-9a57-ebcf7c8f0a2f
731,2871,0b5b44c6-58af-4d51-8132-ec065a457488,906bcae5-5448-46fa-adc9-11e79c415604
732,478,01603c30-3b47-4407-a1d2-43ee885e0448,e68e0e90-0cff-4dd7-a439-ccf93c8ed822
733,481,6693c2f0-65b1-4d9f-83f2-7b6f3bbd62f3,84380a46-2d8e-4619-aac2-57257d1b6fd9
734,482,ad658d4c-f488-442c-8fe6-8801203a0bed,a61a9ac0-e5d0-4abd-b17f-06bd80374763
735,483,d3a850f6-967a-474c-a6c1-02c902109f43,14555853-82db-41de-bc79-a6f8992a5e27
736,484,c7b36bd9-53be-4b5f-89c1-c22951bd8de7,ed35e3db-03af-40f8-9e20-d564db24bca0
737,478,0545f303-05c1-4918-9905-4ed0f2cb47d5,e68e0e90-0cff-4dd7-a439-ccf93c8ed822
738,127,39ad5384-bb48-42ed-81ab-89d25d01f7f1,a4bfb22e-dd4f-479f-92cd-33d13908d1fd
738,485,39ad5384-bb48-42ed-81ab-89d25d01f7f1,bea9e2ff-8ae6-41b9-a088-ffba57c6af94
739,486,5dc03557-6df6-4464-93e5-cd233ed974af,c3a1e3f7-7eb4-4f14-af62-f5236c64ee56
740,440,1adbf78d-60c9-43a5-bb4f-1baef189c43d,b6d1c45e-6c3b-4eaf-8df3-39402e1a14bf
741,103,84c04748-2ac4-431c-a9fd-ee5a8d993a35,3fa2dd13-168f-4c1f-bb4a-df0d462236af
742,487,b5d5e133-6fef-46db-8984-9814711926f4,c4fbfc97-a2e6-4b3a-8f67-6ec1fcefc4cd
743,30,6c349986-9dc5-4918-8fbb-d124c4c59af0,bb7aae1f-3441-4535-9c63-08bdfb39f8f8
744,488,47442245-5542-4e3b-9738-4ed9561ba984,eb4c0974-3fa5-4b9b-8e8f-381540734736
745,489,b8ba93d0-ab8d-4622-b515-25276e320a83,8227cb36-42d0-410c-af3b-24dbd199516c
746,490,fa15886a-1804-4da6-90eb-83f7ce1dafb8,4544b952-a346-491a-8471-3549f7f2f288
747,491,fdb2b24b-69ab-41ad-b6e3-59142c37a62e,46b0be03-c28c-476f-baac-d463f59c0b00
749,492,c7af8b05-b42c-4314-99ec-7c1bac678175,5a9208f2-2847-4ae8-aafb-4f736a8936d4
751,493,326ff00a-001a-4b87-9615-4334a6bf59f9,06e1668b-f267-47b6-a1ee-3485a39e39d6
752,496,71a81e4b-2fc1-4201-b6f0-9d0797ab5aab,7f674f2a-b4ed-4ff2-a8f6-58d41e22fd5e
753,197,4209cd0f-759c-41c6-9cea-cc489086864e,56bc3b31-8017-4135-a955-bcab03d0118d
754,290,8070769d-3d2c-4297-adfe-338f40e8dbb0,b888df17-98ca-4b4b-b3b8-e6c2ef416803
755,320,1dc85c89-10f2-4a72-822d-b6f2b807fd5e,e21b6c73-d755-4132-ae27-e88808544b7b
757,320,dbfc2abb-af43-49da-8c65-2f17109b5672,e21b6c73-d755-4132-ae27-e88808544b7b
758,424,f53232b3-9066-4bc4-8003-a4c76e13542a,bdccf1e8-a197-4298-810d-42b65d83936a
758,800,f53232b3-9066-4bc4-8003-a4c76e13542a,b2b0cb5a-c270-438a-97c7-533c5e0c7316
759,424,a110c663-a796-4d4e-8e89-2276cc656374,bdccf1e8-a197-4298-810d-42b65d83936a
759,800,a110c663-a796-4d4e-8e89-2276cc656374,b2b0cb5a-c270-438a-97c7-533c5e0c7316
761,424,78e83ee9-558e-43c2-a8a9-c60eb28d4a8d,bdccf1e8-a197-4298-810d-42b65d83936a
761,800,78e83ee9-558e-43c2-a8a9-c60eb28d4a8d,b2b0cb5a-c270-438a-97c7-533c5e0c7316
762,497,9db37ba0-8c00-4d6d-8139-291a2253754a,75792a93-afbb-4028-9e51-18cd81483d1f
763,142,4ec4b339-c605-4140-87b3-b4f75b56ef3b,d87f6809-1c21-42e7-bb4a-3a9b4fe78c14
764,498,415596ae-1339-4d64-8aa8-9f4e86c7ea3a,35435be0-57cd-4fe8-91b8-549f0b664590
766,499,dacbb576-f469-4b72-994e-b3498bf859d0,17edff2f-7aca-4a4e-be77-fc4c6e8f3b70
767,501,5e43d184-2148-4401-8b10-430269a626cd,574e2ff0-a2fa-4001-8f74-e4d9c8224a67
769,503,14586abc-1650-4226-8bfb-ca640bbff872,c047e841-f85a-42b2-9df3-e1ceef4b6ec9
770,504,4cd58e4c-5eea-459c-b5cd-a58fadc40d78,5c047539-93c9-49ff-93ad-5d23d0531ba5
771,401,640c49d6-ce5d-45f0-a9c0-b8752d685858,5fdc1435-8a2b-4ea5-b5cd-e793ab3fdb95
772,343,6fb8291b-bee1-4e91-97cb-005658a8161d,fcf2c827-6c55-468a-ab2b-f45fd5400b48
773,389,94359426-5e22-4968-91f1-3c1f8a3f6d9b,11def3d7-51bf-4727-af9c-3ea43d29be95
774,505,9b8611a3-0c93-4fd5-b5a3-519d6fb0e68f,f07560cd-9720-452a-8c59-b17bd5852875
775,343,266509d0-1544-4d55-8582-a94397f56349,fcf2c827-6c55-468a-ab2b-f45fd5400b48
776,84,8817ba21-9534-4f77-81a6-b257c775093d,24aa6d21-6eb0-467b-9573-2fc9754043b8
776,506,8817ba21-9534-4f77-81a6-b257c775093d,b374c018-6d8b-4a95-861e-eec2e271f0ba
776,2697,8817ba21-9534-4f77-81a6-b257c775093d,f6d75973-8af2-428a-b755-fb6f4edbce23
777,38,af44783c-76b3-47ca-9f1e-4aae475534c2,af4b971e-7bcc-4feb-b202-3aae1c4e3325
778,507,3214d5ac-37f8-4b24-a315-cba6abf09426,f4d89f89-77aa-4b1e-b79d-09444d811820
779,508,54726e58-ac15-4cc5-9dd7-2721770928ff,ac15bb81-5a18-423e-86b5-5f9b6280194d
780,509,d3f3dfd1-547a-42b6-8c3a-947a37b4950e,90fe655e-5eab-47cb-8821-a0577e134e67
781,510,f1e319dd-2cd2-418c-a7f7-3626e1ce3a7c,e186a828-623f-4edb-a2b7-8041cfb922e0
782,67,912a783d-da25-435f-bf27-78bd2f39873f,f2095865-bbc8-408c-a50e-3a3a62630f2e
783,252,32f1c92a-a595-45a7-88ee-5328a03ac36a,a0f3594d-183b-431f-8eba-ec051b26cef0
784,67,3fb106ce-01b1-4ec6-86ea-72b883d72756,f2095865-bbc8-408c-a50e-3a3a62630f2e
785,108,c246b530-2a20-4fc5-a316-8482e97a1903,5f7be770-3356-41fb-aaf4-fc7d50c2ee26
786,211,13281614-bfdb-496c-988f-db460dae9cc0,82b6750f-cef7-4337-a378-bcbf6aaa3530
787,389,fb708d4a-262d-43e8-9cf0-48e226ef60f1,11def3d7-51bf-4727-af9c-3ea43d29be95
788,244,460931f7-26a0-4ea8-8405-8386635397e4,5cdd1416-214a-4231-8972-8a1c6e88e489
789,511,fe171226-be8c-43c4-84b1-65253bbffe6a,0addf4f3-abe9-45b2-956f-07ef386f2bf6
789,2893,fe171226-be8c-43c4-84b1-65253bbffe6a,81a87743-f7fd-427f-9234-e62114a64f30
789,3091,fe171226-be8c-43c4-84b1-65253bbffe6a,1e9f233f-70e3-44ee-83bf-1ce2194bba49
790,517,49f413ba-2aeb-4591-ba4c-2ac994a7c67d,15870f88-649f-4f7e-81b4-8f36afe32e19
791,197,42eedde2-fb89-4645-bce7-652bc1ba5798,56bc3b31-8017-4135-a955-bcab03d0118d
792,279,7789985b-a914-4c5d-9aec-b9e0b23a4c49,1f3b4ed5-6d44-4575-906b-cceae95ad37b
793,519,beca85e9-6bee-490c-9dc8-686600a6f416,942c59eb-56fc-4274-ab1e-166bde69d7c9
794,40,fb275c8d-852d-4f33-bcc1-f8ee3526465d,4401261c-13d5-41e0-84c7-c38068ef54dc
795,520,26adbc23-6603-4763-b036-45f71342f0c5,6b372a3d-7d01-499a-a4a1-87a9610e13c9
796,198,41ea0242-9b11-4768-8b8c-10216e5c443c,7cd90efa-bee2-42c0-899d-b5bf8cda74fd
797,521,164a0da4-7620-4c72-b7fe-3b65d4604a48,83e1ed00-4da1-4fbe-aaa2-aab5f88f74ed
798,522,98afde72-8c93-4dc1-86d2-c199818d4b53,61e3ec1e-9640-44ea-bcb1-aa16f349faa0
799,523,03cfe1f4-3641-422d-9bb1-b7ef5f8e5490,356a0fca-f68c-48ad-ae85-a819e52011ba
800,525,a86735a0-7412-4c62-bcc4-fc4db4030bde,4f6e4ad8-f704-444f-8516-98ab03548969
801,424,dbb54e79-0eb9-433f-9c88-61d72769bafe,bdccf1e8-a197-4298-810d-42b65d83936a
801,526,dbb54e79-0eb9-433f-9c88-61d72769bafe,94c2f7a9-11be-4277-bc75-fedf929f3639
801,800,dbb54e79-0eb9-433f-9c88-61d72769bafe,b2b0cb5a-c270-438a-97c7-533c5e0c7316
802,424,ab6148f1-3441-4723-89b8-0cbbcff604c4,bdccf1e8-a197-4298-810d-42b65d83936a
803,108,106ee2c9-e2ac-4177-84d8-af18db52f52f,5f7be770-3356-41fb-aaf4-fc7d50c2ee26
804,497,7f2b545d-39e9-4493-9e10-f164c047d048,75792a93-afbb-4028-9e51-18cd81483d1f
805,211,5234e914-73de-4f56-a1a2-5f7222d63637,82b6750f-cef7-4337-a378-bcbf6aaa3530
805,530,5234e914-73de-4f56-a1a2-5f7222d63637,982cda67-7d69-4b19-8461-006f6667c627
806,531,a00db5ad-e3f1-4dfd-9eee-2f867b3f1b1d,06a86285-29b5-4464-8d8e-3bc9b5a481a7
806,532,a00db5ad-e3f1-4dfd-9eee-2f867b3f1b1d,2b1399ec-8327-43db-9e6f-c76b89a9e3fa
806,533,a00db5ad-e3f1-4dfd-9eee-2f867b3f1b1d,9754ebec-6da2-4b8c-92ec-303a1d3aca95
807,536,20ba0eec-30af-4355-ba84-c29f315d1c4b,554cfed4-9b62-499b-9fac-e17a408878ee
808,538,cfe267ba-5b70-4f7d-9aab-7e680ed058ed,3bb22359-ed08-4349-b8ba-32e1b25f9561
809,540,a856b948-9f02-418a-aca7-ea8d1bfec2f7,982d90bb-7a5e-454b-8ea1-134e22058540
810,542,7aded3f7-ff27-4737-8793-354e2d0721e0,628f7fc2-6221-4e2a-850a-39b7a08e200d
811,543,c9c56523-3ce4-48fe-8009-0ef5cdde8410,972c4710-c8b7-45eb-9dea-0a61b0a949c2
812,543,286bed81-a9ac-4c01-a369-8ba2674435d5,972c4710-c8b7-45eb-9dea-0a61b0a949c2
813,543,03d88e68-2b08-4897-9974-fe5cf46150ad,972c4710-c8b7-45eb-9dea-0a61b0a949c2
814,544,644d4595-831b-4604-a914-0f0d11144aae,d2b54a2d-a168-4253-927b-1f4462304193
815,545,039dd673-a97c-4094-993d-270194c23fa9,3b0b2d5e-21ab-464c-90db-dc2e61d58633
815,546,039dd673-a97c-4094-993d-270194c23fa9,069ca85d-f6a4-40f0-b177-6d96c3bee4b0
816,547,8e2c2846-626b-4d2a-9887-1ab1a66702dc,ed506948-4b0d-47ca-ab26-734c797ca175
817,548,d97645c7-7793-4465-b280-586e93e8371e,110a9885-d283-4e95-9c06-5c6ae2e1f747
818,551,4ef9f340-2f3d-4d98-8a38-c4bb6bd73f0c,0774fe27-086f-4982-b437-54ee45d35d61
819,552,62b25592-92cd-4f39-b31a-c74d67207bc3,997f25f3-ef92-454a-981e-123cea1cab32
820,553,f5dd609d-781c-4225-ab50-ad35a6263f6f,30a701ea-b521-4e0b-84fc-fd51ba36e636
821,557,ebe72665-f7a5-4a72-9c15-f36e4d151910,fdb148bc-36d1-4f18-9961-9b1ccb8658ed
822,558,1c129626-6a88-441a-a1c0-95ee1793b158,931ce7e7-33a3-46c5-9004-c11bd7d38efb
823,54,df56cd6b-d8dd-4dae-b6c3-8432269ac172,6904f673-d13b-47a1-9f39-a111bc52e1f4
823,560,df56cd6b-d8dd-4dae-b6c3-8432269ac172,0fa317a3-97ac-4fab-b8e1-0356e9a105c7
824,67,ef514844-f0df-4d38-b0e6-9eb9611ff146,f2095865-bbc8-408c-a50e-3a3a62630f2e
824,490,ef514844-f0df-4d38-b0e6-9eb9611ff146,4544b952-a346-491a-8471-3549f7f2f288
824,561,ef514844-f0df-4d38-b0e6-9eb9611ff146,a15c0248-4d9c-41f5-a776-659ed2094eea
825,564,d1332198-482d-49e9-a38d-5d538732a703,8bba8db7-2c01-4591-a3bd-9308972040f0
826,566,099f7da0-2c92-4a59-a5bc-7cf54194ac3b,1d03b01c-2dd3-483a-8077-eec830c414ea
827,44,d37c2c8e-56a2-4518-9993-3e84b045e7c2,eade8dac-7b7a-463e-95c3-ee35fb7cd2e2
827,567,d37c2c8e-56a2-4518-9993-3e84b045e7c2,cc92a537-12ce-42af-8f5b-f3e4a42a0975
828,569,c175922b-948c-4894-8474-32dea74b3ed0,3e181f50-84af-40fa-87fe-c3a7bc2d8592
829,571,8914d94d-5918-4115-84fe-93227715f297,493f8085-d00a-4ea9-877b-4836695a29be
830,572,2b996fe6-f00b-4b96-b778-329847741725,38360471-b990-4af1-b114-b5ff33bef4ae
831,479,d590f68d-b6cb-4b62-bf41-259fecbf152a,3b73d655-2604-4232-a7d2-43995bab7677
832,252,ae24f262-d62c-4cfc-8f40-48a553540a0d,a0f3594d-183b-431f-8eba-ec051b26cef0
833,573,dd07b7e3-dca3-448f-acad-8595c62d74c7,c22e04a4-899b-44bc-99a1-667c48c00b6c
834,211,fb33cf61-971d-4368-a62a-fb995bb8ecb7,82b6750f-cef7-4337-a378-bcbf6aaa3530
835,67,3a5673b8-926f-4be4-ae0a-218306a13bc4,f2095865-bbc8-408c-a50e-3a3a62630f2e
836,574,5d40e89a-0f94-48cb-bcf7-d54b018c55ac,a53f4a45-92c8-4b3c-9ff0-f5b96c7b7676
837,575,ba520e2a-f788-40f0-a41e-e0924a9c377d,819801a2-9b1d-4c02-9101-8146ac7dc095
838,123,e1305f50-9395-4406-9db6-f1a71d9df48f,b58a7f4c-84b5-4026-b48c-23a0a896d9c3
839,576,3a69b558-c662-4e05-a625-23832dee2360,fad77f59-03d1-43f3-966f-227ce77ac8b2
840,84,3709d9e8-4565-4cf0-9545-0c89d98ae29e,24aa6d21-6eb0-467b-9573-2fc9754043b8
841,67,fe6489f6-30a6-4a7b-8b66-5b726cd0ebe5,f2095865-bbc8-408c-a50e-3a3a62630f2e
842,577,ed308eba-dfe0-49e1-9b3d-8b9bab61c592,2f0bf9df-fc4a-4058-bb74-1b84b2122016
843,578,7621e5d0-b9ab-4a2a-bc1e-4e6ed6cbf79a,bf713df7-243c-4cbe-a573-35ed41f268e3
844,389,c3516281-ab51-4d2a-974e-d2c3a47914f0,11def3d7-51bf-4727-af9c-3ea43d29be95
845,389,cfab5d26-cb87-4023-8432-cb6da0c8e937,11def3d7-51bf-4727-af9c-3ea43d29be95
846,579,f5d32646-323c-44ee-9df3-d4d3138834d1,a9189b3c-f9e7-4d93-b599-f3dc479908c5
847,108,20ae1a97-9b4c-41c5-8dda-293e32b30933,5f7be770-3356-41fb-aaf4-fc7d50c2ee26
848,580,70a529f7-91a4-4e45-a227-b5f07fcd48c5,9bef4173-a3b3-4ffd-aaa3-320a9daa1611
849,554,72e30cce-c567-4801-81cd-2bffa49455d9,46985270-7c47-4964-b00b-03bd9ee19adc
849,579,72e30cce-c567-4801-81cd-2bffa49455d9,a9189b3c-f9e7-4d93-b599-f3dc479908c5
850,389,8b1c7c25-81cb-4a43-ba73-e82eec04004d,11def3d7-51bf-4727-af9c-3ea43d29be95
851,568,d3b3619b-6a9d-4094-86da-09d0893dab4b,fa90784c-5aad-4836-a430-17a5121fedf0
852,108,bec23220-47b6-4c4a-a84f-ac65fc3668c8,5f7be770-3356-41fb-aaf4-fc7d50c2ee26
853,26,9253645a-f483-42d0-9018-c1a587c53c25,db34c8a2-a139-466e-9f33-e8fca9123462
854,581,33c30907-cf82-42e8-97e7-df791e2e453f,a584f1b8-9d6f-41d1-826d-10252ef101f9
855,141,7ba1f814-43b7-4152-8633-150573b9460a,72c404ea-77e4-4328-954d-539ba8d0fa64
856,582,2a30e24d-f34e-4910-8ee5-ae1f08618533,9a0f0c63-2b53-4ebf-9955-ffce46ce2b71
857,459,fd9ae804-6c2a-4aa0-a0d5-abe14cd0f2b6,48c96edd-3c61-40c2-a93b-51aa2bc00651
858,30,f9290cdd-acad-4a31-bf45-89dc9f81fd87,bb7aae1f-3441-4535-9c63-08bdfb39f8f8
859,583,8f12c413-8cd4-429d-a168-7e0af761cbb5,3932ea35-47e9-4310-b736-c5dd59c35ca7
861,584,2d0cde4f-a29c-47af-9125-05396153cdc9,859109a6-9dfc-400b-a5c0-c5a9e1647bc6
862,585,3fb1aa43-f406-475a-b9d7-4dcc9a1e6783,b0c9fbf3-5721-4e58-9010-e92230fcbfe2
863,67,fdd14c37-943a-48c8-b3dc-f55e8d4dd820,f2095865-bbc8-408c-a50e-3a3a62630f2e
864,123,916b91b1-8d9a-4aa1-9e87-3c8e15f0434b,b58a7f4c-84b5-4026-b48c-23a0a896d9c3
865,586,d2f1fec4-ebb6-41a4-9574-926fcb551b5f,8436d7d0-ab64-4414-9e73-b058188c973c
866,587,5cfeca0b-b2fa-43a2-9186-6038ab5aa896,d5399a66-4584-4e8e-87e4-73401ffa38b9
867,123,c0a1b2de-1767-41a0-ac14-3aae4ed32b94,b58a7f4c-84b5-4026-b48c-23a0a896d9c3
868,588,6a1b8128-402d-481f-ac3b-f34b6cd72d09,e418e5c8-4b35-48a5-bddc-579a8ba71e25
869,589,c22f87ca-b18e-4d90-bd7f-1370df479008,a5ac8065-beff-41ce-a635-d49e60c48488
870,42,ff88deed-5d24-4377-a161-99c1c01be87f,cfa14c6c-9829-4453-a196-6fc21351ee4c
871,479,8c60aeaf-a5cd-4431-a6c1-c56086a16fb2,3b73d655-2604-4232-a7d2-43995bab7677
872,459,70b76a06-dc1c-4e76-bcc5-25c0d61d3013,48c96edd-3c61-40c2-a93b-51aa2bc00651
873,590,afef3686-0228-4b30-b235-d458494ea55a,71c662b4-dd92-4ca0-a65e-c2c6e7bb9120
874,42,03fa2f4e-5426-4b26-8403-4fff1c8cb3b9,cfa14c6c-9829-4453-a196-6fc21351ee4c
875,591,ddeed587-f32e-4cad-91fd-3f310c75bd78,fde9f22d-a016-4e07-b72c-c6f78a6e9579
876,592,c8897300-257e-4bc3-a214-bbc7e71359cc,a8886020-2ccd-4c17-8316-767ddfc2b6ae
877,26,3f82d5b4-39c2-4ad3-b103-05bec08e3fa0,db34c8a2-a139-466e-9f33-e8fca9123462
878,479,63e0ad40-634a-4211-8f38-8832c822d28e,3b73d655-2604-4232-a7d2-43995bab7677
879,593,62a95097-0916-4e1b-ab38-c16021301bb2,a67c466c-d546-47d2-a2c9-7acd42e33fdb
880,67,ecb81fa5-4139-4303-85ed-76b292046fe0,f2095865-bbc8-408c-a50e-3a3a62630f2e
881,594,16c7f5ab-33e8-4569-9667-c2428d175927,892157c8-ae56-44a6-9c7b-7e42e25d6b6f
882,595,cd8816dd-6af1-43eb-8bc1-123e53d699cf,98cf63cd-41a9-4e45-b1c5-3241b375b421
883,596,d6754411-20d9-491a-9f76-696b44283de2,a959bb3f-8987-402c-bc5c-dbc419bb1d96
884,597,001d4d2c-f765-46cd-aec0-80f832c0f040,1b46e744-9a37-4b3a-88f6-81acf847c74f
885,598,91bbc7c6-3b8c-4a44-8e3f-f852263a7641,b51a2c44-50bd-43aa-8ead-1cf7b4ad0177
886,372,389704f2-5ddf-490a-bfd3-636ddadcb070,260a8693-6e02-49ed-ac93-66017d53bc5c
887,3814,c928f75b-10fb-4236-8332-4dd882e276c9,b193141c-547e-4338-b11b-9e5ba59ffd05
887,3948,c928f75b-10fb-4236-8332-4dd882e276c9,4e634a6b-2a32-4e86-a375-f962f376070d
888,67,ce2260ec-a7d2-478b-9936-d90a3c67f835,f2095865-bbc8-408c-a50e-3a3a62630f2e
889,600,15dcf0d3-2bba-4bb7-b08f-bd3a54869cba,9e76b063-d0d0-4b33-a57f-d1605e2df5b9
890,67,359676f4-34a1-4ec1-a922-5b06bc57d958,f2095865-bbc8-408c-a50e-3a3a62630f2e
891,252,9cc09ca0-6af7-45fb-8ec3-a743bac36d97,a0f3594d-183b-431f-8eba-ec051b26cef0
892,459,55c189b5-25f4-4b1c-9b38-db95ecb0a17b,48c96edd-3c61-40c2-a93b-51aa2bc00651
893,244,d2974676-2c54-4879-b362-50aba64cf4b5,5cdd1416-214a-4231-8972-8a1c6e88e489
894,601,13a71c14-804c-4144-9562-6b7113530e77,ea60d56d-eebb-4c9e-9e38-3945672fc3bd
896,537,af651de7-4be0-4d6d-ac70-0bf16c66c3a8,c657985e-de8f-4670-a2eb-8720c38308f1
896,538,af651de7-4be0-4d6d-ac70-0bf16c66c3a8,3bb22359-ed08-4349-b8ba-32e1b25f9561
897,62,ff6896ac-0323-48dc-a5ee-1c85654ba33b,662f0503-8928-4394-b8c4-6ecdcefe0581
897,446,ff6896ac-0323-48dc-a5ee-1c85654ba33b,3eb2958c-c1f4-476e-8f19-431d360d5e6a
897,602,ff6896ac-0323-48dc-a5ee-1c85654ba33b,783927a5-6f64-4e21-9568-58e0edd5953f
898,605,acf566ce-013e-4a5b-82ae-28d4dd1b265f,052dcf9d-ba09-4fe0-b88e-21343ac171f3
899,317,55f73ec7-8aae-4555-b36c-b1c754466c9f,636eebc4-c57e-4128-9a32-e44b0efb470e
900,201,5aba7921-3236-4689-bf3e-1c8bdfeb62e1,3f137e38-3e66-4d14-b598-b191dff21a32
901,606,4c895ea5-babd-42c1-bd7c-9d15540190c4,2c4d26d3-d171-4b3b-b1d6-0ccdcc300535
902,320,7f79b244-abf2-4917-a0c4-49cfe7f5c116,e21b6c73-d755-4132-ae27-e88808544b7b
903,3129,3a91e1c8-eb03-4199-b972-88c2e6a0e87f,9d2396dc-7bd0-4d0d-864d-08652443135f
904,320,f59722c6-2b08-4f0c-8ea3-6ab1a5dd3179,e21b6c73-d755-4132-ae27-e88808544b7b
905,372,f5a650e3-ff48-403d-841c-0d0abb9c3f4f,260a8693-6e02-49ed-ac93-66017d53bc5c
906,407,1231102d-265a-4741-9c8d-d844cb14cbc0,f23797df-3f32-4e33-94e3-ee1b3c2d0cd4
907,252,07ce787b-953e-4555-aafc-4be6815bf28a,a0f3594d-183b-431f-8eba-ec051b26cef0
908,390,109d099d-a368-4a58-8ff5-ab74915324c2,ddf3d608-52f2-4a79-8ecc-c7ae539df4a8
909,424,9c6184fd-0c79-49bf-9278-05c737108e67,bdccf1e8-a197-4298-810d-42b65d83936a
910,188,02960c3a-3d55-4aa1-85d7-f12db651177e,0847ad54-fb89-4357-b980-6f7bdb3886d7
911,607,825912e4-f368-4456-89f3-9248009b6269,3569150b-2743-4a90-8917-912c7704765c
912,608,a94b8c5a-673e-45d0-afe4-0cd73515f62f,9f79ea1e-2f59-48b0-bdbe-057aba45b617
913,497,fbcff008-3e62-49a6-b2c3-46352f9a4754,75792a93-afbb-4028-9e51-18cd81483d1f
914,609,851936e7-a5d6-48a4-8430-714201285c6c,87e56524-6191-4dda-a132-b3b4275d9020
916,293,484222c6-337e-4729-915a-6323a59f4ce4,64c3a0e3-6898-4fa4-ba60-221c8a151432
917,610,8f1f6f5f-0b2c-4cd2-881a-4d841eabca77,c13574bb-b380-418a-a4df-005bd8ff4b23
920,90,2aaa74b4-66e8-498f-a652-3730ab4c7bd1,ba9c9a11-80b4-49da-887c-099f5cdad8de
921,298,c8e52dff-f7da-49c9-ab6d-9bbdeec07133,07f6b9e9-3c4a-44a1-8c41-06e5709cacd2
922,612,e3a0053d-53b7-4ac3-8bb7-1ce93e50b49d,3a3a078a-b6ef-4e9c-a458-89c536f63d73
923,615,4be1448b-5d86-461a-a06e-6964783d240b,ed0f1a87-3968-47ae-b6e6-ab0d576e9154
924,537,de7b7b37-5fc4-4ab5-bf59-8dd4b68872bc,c657985e-de8f-4670-a2eb-8720c38308f1
924,538,de7b7b37-5fc4-4ab5-bf59-8dd4b68872bc,3bb22359-ed08-4349-b8ba-32e1b25f9561
925,478,cf8cf277-241d-4ad7-9f5d-5d829927f6e9,e68e0e90-0cff-4dd7-a439-ccf93c8ed822
926,618,44cb163d-2163-45ed-8b1d-569ae651fd63,eda2b4cc-9f64-4135-bed8-eb3b4115ace6
927,2483,f467c534-f370-4676-9559-a056eaf661e0,20eca1e5-0cf6-4798-b382-80d1947565f5
928,621,b2fb17fb-b935-4405-b8b0-cb58f2da98d8,46a36368-27b1-4170-801a-efa451cfca82
929,624,61e344a0-9fff-4e51-b5f6-a84fd714ba49,4c668799-4402-4728-8120-bd025091512f
931,627,bfed1866-60c0-4364-b0b6-0daa5c222f86,abfe1535-c99c-4bd9-ba3e-254ccc64bddc
933,344,396b5807-c5cc-426b-b6fb-85dd81a24314,194e5283-449e-43f7-9fe8-7d0460106cc2
934,345,0b69b34f-df2f-4e23-823b-a66d605e2fc6,57c6b6e1-b0b1-414a-b429-81d6ce7744f5
935,380,880c5f90-9322-4a6f-a213-533a6c604aa4,504eda60-9a40-42b7-b4a1-33d1b196e60c
936,201,e141a646-8e5e-40e2-9f08-877df319de8f,3f137e38-3e66-4d14-b598-b191dff21a32
937,606,bd4d46b6-f947-486d-a8a2-310ebe790aae,2c4d26d3-d171-4b3b-b1d6-0ccdcc300535
938,290,3b6b82c2-b3ba-49df-8b8b-7a6b7fe96df9,b888df17-98ca-4b4b-b3b8-e6c2ef416803
939,630,87ef78e0-0e29-47f8-b3ef-69f1e5db199f,539d31fd-1bfc-4b9c-9a0a-005a027edeaa
940,290,94eb4699-f8b7-44e6-82e7-869de9238236,b888df17-98ca-4b4b-b3b8-e6c2ef416803
942,198,fcec83ac-ba0d-4ab9-90f5-7623da5bf5eb,7cd90efa-bee2-42c0-899d-b5bf8cda74fd
943,520,cbe339b9-6839-4cb5-b83e-bfd280da71f6,6b372a3d-7d01-499a-a4a1-87a9610e13c9
944,631,465c8d3a-51cf-4a58-b271-ae616b2fcb62,81cbe80a-a690-4b6c-9800-0858621982f3
945,390,358a9a3e-333e-41a1-b232-02a3cab76b16,ddf3d608-52f2-4a79-8ecc-c7ae539df4a8
946,633,5d944141-7460-4cd9-8a6a-8fb00f4f183b,a788b383-42e9-4cd3-89b1-9a200d9abc32
947,634,8711bd39-c43d-40f8-98a8-f3ebf92cb16c,a3e8cc30-f015-4523-a1f4-c9b81608a1ff
949,188,15229496-cfd9-4501-be38-db2c2c7ce811,0847ad54-fb89-4357-b980-6f7bdb3886d7
950,54,8a22671a-6ef2-49f2-9ece-9be621369804,6904f673-d13b-47a1-9f39-a111bc52e1f4
951,549,d41b2ec0-3c7d-42e3-a0d4-cddf47a1242a,c05f7b4c-4636-412d-9b68-1d75184378fb
951,550,d41b2ec0-3c7d-42e3-a0d4-cddf47a1242a,b981b2d2-a48a-4b5e-a936-0e29b1b943b6
952,637,a6b95b60-8486-4b29-b586-27db87bb96d5,c76decc8-02a1-4116-a0dc-71c2d070a1fd
954,44,0af39c3b-59ea-4858-b9e4-369488fc20b8,eade8dac-7b7a-463e-95c3-ee35fb7cd2e2
954,567,0af39c3b-59ea-4858-b9e4-369488fc20b8,cc92a537-12ce-42af-8f5b-f3e4a42a0975
955,639,55eb907d-fb08-4c26-9c2a-f1f8e5cc9954,f2b44734-996f-4892-9944-93172d71e657
956,641,ab1c98d9-d378-4eac-93a2-24b9b6266589,597a35f4-09bd-480c-b931-86dd8ab2e0ca
957,62,df973df9-7764-449a-8a62-36775d8e7677,662f0503-8928-4394-b8c4-6ecdcefe0581
957,498,df973df9-7764-449a-8a62-36775d8e7677,35435be0-57cd-4fe8-91b8-549f0b664590
957,570,df973df9-7764-449a-8a62-36775d8e7677,2247684a-2b62-4875-9821-753c52d7bc0d
958,26,b9c1e842-b3b9-4307-8640-8990543cd48a,db34c8a2-a139-466e-9f33-e8fca9123462
959,527,7374aa45-a22d-4ce6-8f71-9671040d845f,0a7843ea-ac20-49e3-9b0c-49af276068b7
960,212,f3d7a2e6-4fab-4ee3-a13b-a83ba92cbe72,387e7381-5db4-4442-94d2-08f697823939
961,459,c4f88d1b-7c13-4fe3-a51a-ba66d4e06afe,48c96edd-3c61-40c2-a93b-51aa2bc00651
962,459,e732eb85-aa14-4579-a480-272394196a92,48c96edd-3c61-40c2-a93b-51aa2bc00651
963,459,fe766ec7-3eaf-4f5f-b658-7b3bcfc7a0b9,48c96edd-3c61-40c2-a93b-51aa2bc00651
964,211,7642cebf-da23-400e-98ce-7f8e10418069,82b6750f-cef7-4337-a378-bcbf6aaa3530
965,581,b4bffb02-0c11-42db-971a-cf5e679253c8,a584f1b8-9d6f-41d1-826d-10252ef101f9
966,211,d78d380c-8407-4f70-9eae-48c8050dcee8,82b6750f-cef7-4337-a378-bcbf6aaa3530
967,390,4a0d156b-72fb-4781-9479-965f1fb4d152,ddf3d608-52f2-4a79-8ecc-c7ae539df4a8
968,642,225b6e02-4544-442f-9e98-04e30c59b00c,44b40783-d6a6-4619-b7e6-8b3a192f28db
970,82,601093e3-022c-48e8-8bf4-79641a74ec3b,76e19039-ba7f-4bdd-984b-fb832e9401e0
971,459,2606c316-5c51-4ffa-a3be-5eabec343cc2,48c96edd-3c61-40c2-a93b-51aa2bc00651
972,643,02bc5150-7045-477e-b50f-d59278f6de9e,594f063f-da35-4cab-9eb6-531cc18f6873
973,379,8afb9b05-15b2-42e2-9c4a-c7e41915a64c,8ac51883-bdf5-4eb4-91a0-5596c4353a91
974,26,796a38ca-45da-472c-9d12-884a32193a12,db34c8a2-a139-466e-9f33-e8fca9123462
975,644,29386613-1b59-475f-9f8e-2a12c13e4c14,9211a4c0-09d1-4a54-aeb4-c08030c9da8a
976,193,7de63b75-7bad-4c91-82c4-29054b845465,ed898e87-2b01-4d97-9e5a-8f4f0e8ceaa4
977,647,f5affc69-06b5-4a1e-838b-49c49f49a97b,af1719fc-c39e-4b6f-b754-10361226b870
978,649,01b0b8aa-18aa-4e1d-bb95-628b2177553e,20e26c12-235a-4428-ad6e-69fb6e405f70
980,26,07bb4f62-6e91-470b-a33b-a16ef72b6387,db34c8a2-a139-466e-9f33-e8fca9123462
981,26,0267b363-456c-4ba3-95c6-d778ca317d07,db34c8a2-a139-466e-9f33-e8fca9123462
982,650,0efa988a-b93a-4cf9-a578-3efc8d4e7f19,a5868e2e-91f6-46eb-9955-ad3afe0d5d74
983,651,a81e1435-503c-4b95-9eb7-833e349830bb,4967f7bf-558a-4a21-b85f-36b25f077edf
984,108,cb6e0c5a-208f-4686-a408-a6293ebc0407,5f7be770-3356-41fb-aaf4-fc7d50c2ee26
985,228,179e89a7-d22d-4c67-868a-b3e46e265308,7a520aec-29a7-4e94-82a1-6a5e99fddae3
988,228,454eb146-f964-4329-a351-d17632189bf8,7a520aec-29a7-4e94-82a1-6a5e99fddae3
989,656,a532654a-404d-464b-9141-9a927cc90515,e236a556-848a-4fe9-806e-6fc9b124bedc
990,658,d9007855-2393-4f8e-bf01-2c4e90ea5756,bbd127b0-386e-43e7-b1ed-f92f52318c84
991,661,00f65bbd-e4ad-400f-a9e7-250a9194cb66,9f40d830-66fa-4387-aca9-1efae47a1188
992,431,5b6bf928-9725-43f8-9423-2576a7c11b6b,a99ab47a-e75b-4af4-af55-7b24308971e7
993,663,497d935a-bc7b-4b17-8534-38b35e628906,5a025a41-5022-451e-9122-953852795f56
994,160,d3e8f14d-c362-43ac-9aff-cd59db97830a,569bc5c1-49df-4b72-ac5f-e88f51ede3af
994,664,d3e8f14d-c362-43ac-9aff-cd59db97830a,ce6eea0c-93a7-4d57-9467-52c2820fe8b9
995,667,04419644-1afa-4107-92e8-1b8557c97f13,459aab4f-bc5d-4b5d-98a4-e31921d57f91
996,668,ea1052d9-beea-4483-9805-3526732d73f9,c959b858-db2b-4c0d-9289-564c7393c046
997,669,91d205a1-81f2-4549-8281-8f3f6187238c,0f6ce849-a6c3-4627-a333-8438303011c2
998,228,8bcafc0a-b91d-40d9-8a2d-6ccc1f71d653,7a520aec-29a7-4e94-82a1-6a5e99fddae3
999,143,48e33bd3-254b-419f-9c3d-221fa6034594,2b7ebfb6-2310-4b1f-9774-f2a34c102a06
999,303,48e33bd3-254b-419f-9c3d-221fa6034594,e148ceed-c870-46ed-8287-341a579de5b3
999,670,48e33bd3-254b-419f-9c3d-221fa6034594,a00343bd-854c-4e9a-af9e-b1ca5c88d824
1000,261,767bdf2b-981a-40b7-b7ef-90004c5bd7cc,e710f226-b50a-405f-87b5-34b18ff61343
1001,673,e312f9b9-c25f-4461-b4e8-4b81a464e4e6,a4ddf199-b7a1-4c6f-9572-d1b1debd470a
1002,503,e820ea14-c859-4f3b-8fe5-20d6d8b6ebd4,c047e841-f85a-42b2-9df3-e1ceef4b6ec9
1002,674,e820ea14-c859-4f3b-8fe5-20d6d8b6ebd4,d34b492f-bfdd-4ba0-856d-9c1a264befd0
1003,665,02356bb2-6209-494b-bfe5-33c3777c54a2,4e1900f8-bc32-45d0-b1bb-d1c55fff51e9
1003,666,02356bb2-6209-494b-bfe5-33c3777c54a2,e27f910f-bf25-4176-a946-68b1da4d6d05
1003,667,02356bb2-6209-494b-bfe5-33c3777c54a2,459aab4f-bc5d-4b5d-98a4-e31921d57f91
1004,675,eac266e1-363f-43bf-abaf-6df940e7ebfc,5cfbd1c0-c657-49a0-aee6-513a2c63e9a3
1005,676,feac450d-f865-43a5-bf00-06671a727bb2,cdc73142-b749-440a-a451-5c882159aa0e
1006,677,a512f5ea-53aa-4310-a637-2d38fac32d53,91e06d79-238e-4fc8-ae91-abf979141e0b
1007,671,a09978e7-84ab-4e38-9d19-1053e7ded295,4676d628-1234-432e-b491-0da980bcf022
1007,672,a09978e7-84ab-4e38-9d19-1053e7ded295,9ea447cb-1034-49e7-aa21-b1b4a45fbe72
1008,56,473f7cd5-82d5-4927-8d94-5e443377823b,c613b1bb-b9af-4e45-9c32-ac751a8d2f74
1008,678,473f7cd5-82d5-4927-8d94-5e443377823b,0ea9c224-c5de-4a89-a590-7cd9dddd7cb6
1009,679,eb6ed27f-c786-4c2a-99aa-bfc7c152fb50,d6758f96-7f6d-4fd1-8131-50ed127e7ea7
1010,211,72cb6c91-97dc-4d6f-8e6e-53b3123d3ab9,82b6750f-cef7-4337-a378-bcbf6aaa3530
1010,389,72cb6c91-97dc-4d6f-8e6e-53b3123d3ab9,11def3d7-51bf-4727-af9c-3ea43d29be95
1010,680,72cb6c91-97dc-4d6f-8e6e-53b3123d3ab9,a21dd1ed-fcc2-4ba1-be05-e0586a4b54bf
1011,287,f86a7cd8-3e85-4550-89fc-e190171decdd,7ec49eb3-cc29-4bc9-8912-08e443c66999
1012,345,9732cd1e-c9ba-4475-af19-c0eea1737ae5,57c6b6e1-b0b1-414a-b429-81d6ce7744f5
1013,272,7e9c9289-f708-4432-b077-c06710d5c95c,7e8e97ed-cd1b-4ac2-b894-b1a1c2e74060
1014,344,a0adbfdc-d66f-47e1-a232-15a9cb688ddc,194e5283-449e-43f7-9fe8-7d0460106cc2
1015,217,507c81c1-f97e-4516-940b-13f9699bfbca,8123debe-2d7a-4d3d-af22-b8d6bbf6dd34
1016,26,5997f245-b6fc-47cb-a680-1ab6234a9e51,db34c8a2-a139-466e-9f33-e8fca9123462
1017,380,981221ff-5906-4039-bc73-f004e6d8fe9d,504eda60-9a40-42b7-b4a1-33d1b196e60c
1017,630,981221ff-5906-4039-bc73-f004e6d8fe9d,539d31fd-1bfc-4b9c-9a0a-005a027edeaa
1018,379,a52da284-0f27-40af-8c28-306aabd7add5,8ac51883-bdf5-4eb4-91a0-5596c4353a91
1019,26,897c6f91-fe09-4a88-a853-7106c3061f9a,db34c8a2-a139-466e-9f33-e8fca9123462
1020,338,45c4cc87-587f-4c0f-ad5a-28bdc7e6ad9f,9adac9b4-48d3-4a9f-92d5-1ff1005b8272
1021,252,fb92c742-2d5c-438d-b599-abc474bc82d6,a0f3594d-183b-431f-8eba-ec051b26cef0
1022,26,54f8b72d-55e9-4c7f-87d6-fcb0ef947ee1,db34c8a2-a139-466e-9f33-e8fca9123462
1023,682,a4803219-bf2a-4ae0-91b7-f0847d56a464,a7d5c9a0-afe5-429b-9f64-936cb7cacbfb
1024,107,073fe413-2eb4-470b-8b8c-6a5ddce0b90a,9f160d1b-8749-4b57-993c-6dd44df4da32
1025,683,7f2657ec-79a6-4c6a-a253-e0dd0a8b28d5,c357c760-9b19-4cd4-9b0e-1e1975e6753f
1026,684,b76e8c3a-4b89-4f8e-af4b-d67bcbf5ebd4,40f9d6ae-e491-46a0-8532-71ef20bfbc4c
1027,553,ca819a64-2771-45c7-a8f9-20074c3f4647,30a701ea-b521-4e0b-84fc-fd51ba36e636
1028,4191,783b7a2d-3dca-4bfd-a882-95cb754dce80,5c242ed5-074a-4244-b4bc-10f5c434d9dd
1031,155,cefd85c6-75a7-486d-bc42-5e86f5f8ac69,c51bfc28-97a1-4f79-9437-af600893b171
1033,211,5526df8d-c7b3-4e11-a47b-29d88cf7d5f3,82b6750f-cef7-4337-a378-bcbf6aaa3530
1034,94,a594acc3-6aea-46b1-b79b-a5fe1cee51b5,2569eeb7-5928-401e-a651-5136c314bc80
1035,125,163faf06-fffb-4fdf-b716-a99a290cc314,bec5697f-ca15-4745-b590-04889f7aacf3
1036,686,51e36a18-74f1-49b3-9e2f-d00e09f6422a,c6a8bbb0-6e3f-43b8-bd47-f0ac0fe12944
1037,67,e5bdd8ba-6383-4c61-b647-bbb4d6e3bf9d,f2095865-bbc8-408c-a50e-3a3a62630f2e
1037,868,e5bdd8ba-6383-4c61-b647-bbb4d6e3bf9d,37879f9b-3460-4996-af4c-f68941699bef
1037,2443,e5bdd8ba-6383-4c61-b647-bbb4d6e3bf9d,289e6ff6-4843-4efc-9765-7a9b66253487
1038,125,0c7d3d16-278b-4d31-bf00-832661e67898,bec5697f-ca15-4745-b590-04889f7aacf3
1039,4232,75271d58-ec44-4794-ae67-36c317f49adc,865f211f-c781-484a-9909-b4c8d3314c32
1040,198,8e971f46-cfbf-4bf2-a412-e41ee6fc364a,7cd90efa-bee2-42c0-899d-b5bf8cda74fd
1041,459,d80a4e18-efcb-4520-955c-ef837f9ddb72,48c96edd-3c61-40c2-a93b-51aa2bc00651
1042,520,6c46655e-d126-4584-8042-080e7d249ab4,6b372a3d-7d01-499a-a4a1-87a9610e13c9
1043,320,25f52fdc-3a23-43cf-86e7-188c209bccfe,e21b6c73-d755-4132-ae27-e88808544b7b
1044,320,78394477-67ff-4697-b5db-890eafdb1960,e21b6c73-d755-4132-ae27-e88808544b7b
1045,108,1669eebe-1ac9-4019-a5f5-3daf2844f5a2,5f7be770-3356-41fb-aaf4-fc7d50c2ee26
1046,320,f5bc53dd-9631-40ba-b845-4e8f72c04bb0,e21b6c73-d755-4132-ae27-e88808544b7b
1047,108,5e59c51b-c288-4694-bce3-e957323b3e21,5f7be770-3356-41fb-aaf4-fc7d50c2ee26
1048,4231,6a7f029f-767c-46ef-b3cf-f95731f28f8c,b649bc64-130d-4c5f-b2de-567dd74e47b3
1049,424,6a0dc379-e7d0-4b94-863d-78a2940ecd84,bdccf1e8-a197-4298-810d-42b65d83936a
1050,188,ffe12fa4-5992-4224-b28c-1582baf73264,0847ad54-fb89-4357-b980-6f7bdb3886d7
1051,108,d2d15257-1ebd-4f54-96db-a87ca2ed72d4,5f7be770-3356-41fb-aaf4-fc7d50c2ee26
1052,688,2ff3d129-05b4-4fc7-be1f-a1fab2ccaade,37b923a0-5198-47e3-954b-f0a7421b5e86
1053,689,63701aad-7109-4076-9f8b-8f564b0b8418,e701ed77-c920-4d4c-bc87-369851c875c9
1054,691,3f6bedee-4b99-4d6f-985b-72692847db7d,d813e6f1-c9fc-4fca-9382-94ed362717f7
1055,692,e3ab61e5-ceb3-4910-b2a4-6a09bbf2e599,300f4199-f0fc-4002-8801-a6795e46f353
1056,188,5669431f-15de-4999-809d-cdb79d64410a,0847ad54-fb89-4357-b980-6f7bdb3886d7
1057,693,e1a19196-a2a9-4edf-b51f-d65d8d69a6c7,538dc7d7-ed24-4aa8-a311-5b6c1cd351b7
1058,436,9f41735b-945f-4c8b-8a29-a7647ade4fda,e6eba744-e6be-424e-b2c5-427258a5a797
1059,438,d3571841-a0d6-4299-9920-12492e76ed2c,f059a370-1959-40f1-a04a-8510b93b9a72
1060,143,d103e5b5-ce92-47c9-b49b-8b2f09e305bc,2b7ebfb6-2310-4b1f-9774-f2a34c102a06
1060,303,d103e5b5-ce92-47c9-b49b-8b2f09e305bc,e148ceed-c870-46ed-8287-341a579de5b3
1061,696,0f8ab1f7-282d-4d21-baa9-ee55542da928,2b4402f1-5c61-4db3-bfcc-b26f5779a336
1062,478,4fa11f0d-9a8f-43c7-883d-b49ff7f02eaf,e68e0e90-0cff-4dd7-a439-ccf93c8ed822
1063,697,2e01709a-085a-4c86-ad46-696ab0420f76,8242437e-b47c-4bd4-b412-df20fe75a8d1
1063,698,2e01709a-085a-4c86-ad46-696ab0420f76,0a1cafd8-2a57-45c0-8ddb-8e63b3a585b8
1063,699,2e01709a-085a-4c86-ad46-696ab0420f76,b4265874-317c-452a-afee-5fe44b22b201
1064,252,d0c9d91e-845c-4c08-bdb9-ae66dc79e4b7,a0f3594d-183b-431f-8eba-ec051b26cef0
1065,211,3d5415e8-20ae-4661-a10d-024dd441fe6d,82b6750f-cef7-4337-a378-bcbf6aaa3530
1066,700,83fb0a91-e12c-4283-bbab-67901a7b60d2,13668a5f-0270-4889-a6fa-810042c6b47f
1067,459,b05cad1f-48d2-49e4-b399-c92415b53a83,48c96edd-3c61-40c2-a93b-51aa2bc00651
1068,173,4cca3389-819f-41a8-924b-473dc9dc5264,68922b7c-2473-4bca-a716-44d3be71607b
1069,252,2ec2fbff-cf90-498b-bb52-4ee6be216f55,a0f3594d-183b-431f-8eba-ec051b26cef0
1070,123,6fae3f83-8ccf-4347-a93a-086a9d07625d,b58a7f4c-84b5-4026-b48c-23a0a896d9c3
1071,108,981c94b4-e5b3-4cc7-850e-917b51f36fb3,5f7be770-3356-41fb-aaf4-fc7d50c2ee26
1072,701,bfe66dce-f19a-447e-a9a3-9909be8eee6f,50127cf0-8d07-4ccd-8f6e-78402edf67e9
1072,1382,bfe66dce-f19a-447e-a9a3-9909be8eee6f,ba105413-5080-431d-99bc-dd3e190647d7
1073,356,a5593ad4-8e9d-459c-97b7-54316c1c56b7,899af2ea-54ce-4c2e-8a4a-ff3e1ae88ff5
1074,488,fd0e8172-8c09-4d46-a0ff-fad2146bea18,eb4c0974-3fa5-4b9b-8e8f-381540734736
1075,488,3419cf38-7ad5-4db0-bd29-50909914901e,eb4c0974-3fa5-4b9b-8e8f-381540734736
1076,488,40bdf868-8f93-4b43-8520-27421159a70d,eb4c0974-3fa5-4b9b-8e8f-381540734736
1077,488,9f62f0fc-ec73-4192-b380-70f330333ed9,eb4c0974-3fa5-4b9b-8e8f-381540734736
1078,108,763ed1f1-8f10-4331-b99b-70a11fa978e9,5f7be770-3356-41fb-aaf4-fc7d50c2ee26
1079,702,8b44985c-ef74-4050-9027-c22418ffa69c,8b43aabb-bedd-48d5-8a1a-6779abc3aa6a
1080,705,e54747a3-70bb-42ac-a95c-82fad9f370a7,a40e9b43-e036-4435-b9eb-4b4497d2cd7c
1081,708,d70c2681-1936-44e3-a56e-f3df4806c343,f5e8fb93-4021-409a-a4ff-97cc731cbef2
1082,710,f8863065-275e-45f5-9615-20a30192bdd2,8542ba13-f11f-45fc-b755-a3caad92565c
1083,711,bc36a05e-5112-4511-afee-c1e9d67e2dfd,4003c5e7-aa7c-4467-b33e-bc6a216d818c
1084,713,1320ebe4-c683-4d61-93e1-525b5caf1897,57c184ef-5d7f-4065-aaf6-e19977d40209
1085,388,331f6070-4381-4664-bede-ab6058b00795,b178fbf2-e562-44be-8b4f-551cf9ef41d6
1086,254,ad680a30-e745-4af4-86c0-d32ff802926e,1a0ce20d-61f0-44ed-955c-0419262fd302
1087,54,c8970048-9243-440f-a1ac-5eee2bde93dd,6904f673-d13b-47a1-9f39-a111bc52e1f4
1088,714,ab38291c-d609-4519-b4b4-756dd5025e82,1468c93b-ccd2-4fce-be5f-34ee66f5798c
1089,199,e5d49667-be24-4fb7-a916-6cb068a896b2,4185308f-db61-4900-96bd-5a4651e45485
1089,583,e5d49667-be24-4fb7-a916-6cb068a896b2,3932ea35-47e9-4310-b736-c5dd59c35ca7
1090,717,c046f27e-d660-4828-b825-b5e64597e7f6,b9e66c6e-a778-4bf6-b81d-c2d35f1b41e4
1091,143,22c54481-8a54-4871-84fa-15da2b09212f,2b7ebfb6-2310-4b1f-9774-f2a34c102a06
1091,303,22c54481-8a54-4871-84fa-15da2b09212f,e148ceed-c870-46ed-8287-341a579de5b3
1093,478,02e74beb-3b87-4667-b684-c8b95f9d42c8,e68e0e90-0cff-4dd7-a439-ccf93c8ed822
1094,56,7ebea8c9-d31f-4b44-855d-0cbb12f6bfa6,c613b1bb-b9af-4e45-9c32-ac751a8d2f74
1094,478,7ebea8c9-d31f-4b44-855d-0cbb12f6bfa6,e68e0e90-0cff-4dd7-a439-ccf93c8ed822
1095,492,507cc955-57cd-4b4f-a4fe-113b372cd7b0,5a9208f2-2847-4ae8-aafb-4f736a8936d4
1096,36,5721e8ae-b13d-4877-8c82-ea3d1487ba95,fc519734-7041-4490-8c73-549a82f4f427
1096,720,5721e8ae-b13d-4877-8c82-ea3d1487ba95,09eec409-d2d2-420e-b3bd-e17a9ca7c350
1097,143,2274060a-085e-4f8f-b319-968aa407bf26,2b7ebfb6-2310-4b1f-9774-f2a34c102a06
1097,303,2274060a-085e-4f8f-b319-968aa407bf26,e148ceed-c870-46ed-8287-341a579de5b3
1098,671,5ce93445-1b1c-4698-a26e-71a7227e076c,4676d628-1234-432e-b491-0da980bcf022
1098,672,5ce93445-1b1c-4698-a26e-71a7227e076c,9ea447cb-1034-49e7-aa21-b1b4a45fbe72
1098,673,5ce93445-1b1c-4698-a26e-71a7227e076c,a4ddf199-b7a1-4c6f-9572-d1b1debd470a
1099,721,82b43a39-77d1-4607-b514-679acbf6ca28,6b7a0268-1246-4da2-bc15-01b07da592bc
1100,724,a2249347-0e0b-466f-b0d6-465cb4dc8da1,9fe8cac9-293b-4a55-bbb0-d98343f22219
1101,725,2c5d73cc-4c45-4966-a546-65e4cce51a05,23c9ac8a-0f4d-4eda-9478-e10495e85240
1102,728,2b9ee7b9-e27b-4fdf-a7bd-845fbbc24550,b51e14c8-7bc8-4d46-a958-361b2bb891bc
1103,143,d0fc0860-55e5-4cd7-8cc4-c24db7346cd9,2b7ebfb6-2310-4b1f-9774-f2a34c102a06
1103,303,d0fc0860-55e5-4cd7-8cc4-c24db7346cd9,e148ceed-c870-46ed-8287-341a579de5b3
1104,685,e06f0d36-fbf7-4d12-93f4-ad899dded7df,455538cc-4957-465e-a6ae-6719de3aae96
1104,729,e06f0d36-fbf7-4d12-93f4-ad899dded7df,d83772a7-7d10-4e97-9370-ef71bb8ea26c
1105,730,141ec15c-4e96-4691-a7ea-33d8b6efccde,e717eb2e-d364-4690-add7-bd026fd795e4
1106,671,a4986894-c757-4a96-82c4-9fe32042b4d5,4676d628-1234-432e-b491-0da980bcf022
1106,672,a4986894-c757-4a96-82c4-9fe32042b4d5,9ea447cb-1034-49e7-aa21-b1b4a45fbe72
1107,731,56111080-f8a4-428d-b01d-237da67371f0,cae9b956-e9ef-451b-a71d-ba6ba77fcb60
1108,63,8b02dd24-dcf4-49b4-adc2-2d6915c7238e,0208d995-f6e9-4737-b0ac-a7a7fa78b756
1109,732,11c0f0e5-85bf-4835-8355-94f8a761e225,6c3a9a9f-3df0-4580-ab61-b7fe0c40af7c
1110,733,b3408766-8de1-4a10-9e00-13c8d6075b08,1eef30f6-a85e-46dc-bd4d-ff1b5ee7180d
1111,734,0d690de7-0f5d-45fd-8038-8ced36dda6c5,16bd3a6d-03fb-4c28-8cf4-971dd2a4c436
1112,735,465b3fae-b9ca-4b9e-a499-df46e86f601a,914f4e0f-b2d5-4062-89c3-31afdb0b5c08
1115,158,3eee7ea4-f2fe-43a9-bce1-a343b28aefdb,107beb7c-a913-4425-87b7-b09e55db5301
1117,739,115cbbc0-86e5-462e-b8df-910ef80392ca,62864994-5c16-4e36-aebe-c02a5a1cdf19
1118,741,493588ce-b8bb-4c17-ba64-27ea42e58085,962cc6f9-6a68-40ce-8fa5-682f7b3719a6
1119,742,16666bdc-e6e0-4913-8682-76d2b79522e9,117193a6-419e-4613-914d-9a87eb4ac7d3
1120,744,ad4bc18c-9f29-4c85-993c-9c5e1b33d97f,08c6b8d5-7b92-49d8-b9cf-9944080672ba
1122,298,c5a9c26e-b6be-4816-ad7c-82f6560ebd34,07f6b9e9-3c4a-44a1-8c41-06e5709cacd2
1123,36,a9e8cb9c-c098-4aea-a4d5-383fcd1df250,fc519734-7041-4490-8c73-549a82f4f427
1124,745,d3773e46-d12e-468f-a817-5158ed252375,01366325-c8f9-45ec-ba8d-382d57908cb5
1125,745,169a54f0-6903-4c55-92f4-462f3bcf4074,01366325-c8f9-45ec-ba8d-382d57908cb5
1126,294,284a36f1-5fa4-43d9-94e6-637ec93374de,2b9dd7af-cd0a-415b-8179-41dcf5c05349
1127,294,0d7a4418-6e0f-4abb-8522-38c3b452c3bb,2b9dd7af-cd0a-415b-8179-41dcf5c05349
1128,746,67e65a02-63ca-4fab-9c9b-23a89f11a389,1d4c2d87-190d-4bba-8746-285eb237610d
1129,294,b0f708a3-fda1-4020-bc36-060e56ea44e2,2b9dd7af-cd0a-415b-8179-41dcf5c05349
1130,294,347ecb10-d26a-4bc5-be7f-9eed5656abed,2b9dd7af-cd0a-415b-8179-41dcf5c05349
1130,431,347ecb10-d26a-4bc5-be7f-9eed5656abed,a99ab47a-e75b-4af4-af55-7b24308971e7
1131,294,96209b48-5cc8-4b94-9416-c6de28b06d56,2b9dd7af-cd0a-415b-8179-41dcf5c05349
1132,338,19d29a9e-6926-4756-8982-99ea2c3c3e3f,9adac9b4-48d3-4a9f-92d5-1ff1005b8272
1132,662,19d29a9e-6926-4756-8982-99ea2c3c3e3f,75b16036-9938-4cc8-8950-e8c45eb751df
1133,43,0f5f9514-24a3-4af5-8761-f3ab123c5afb,cf19822a-34e1-4ce8-aee0-a7c8a32020a0
1134,294,2d5a1926-5e41-4f28-bbcf-fcb872f3e22d,2b9dd7af-cd0a-415b-8179-41dcf5c05349
1135,391,0cfff6a3-dad3-49b3-a2ea-ff0b39cb2030,55382b90-92da-4c43-a187-5e850500cca2
1135,393,0cfff6a3-dad3-49b3-a2ea-ff0b39cb2030,d0f998fb-2c16-4ea5-a5ad-b6bc9b520197
1135,503,0cfff6a3-dad3-49b3-a2ea-ff0b39cb2030,c047e841-f85a-42b2-9df3-e1ceef4b6ec9
1136,391,93e88b60-b6fe-4233-8619-17afc6ab049b,55382b90-92da-4c43-a187-5e850500cca2
1136,747,93e88b60-b6fe-4233-8619-17afc6ab049b,935597bd-2180-4b16-b32b-b99ef7f6bf42
1137,391,e6d7e289-b2b5-4ff0-8867-6ede6106d520,55382b90-92da-4c43-a187-5e850500cca2
1137,393,e6d7e289-b2b5-4ff0-8867-6ede6106d520,d0f998fb-2c16-4ea5-a5ad-b6bc9b520197
1138,393,d9ac7e8e-b2d7-4666-94bf-bed229433d99,d0f998fb-2c16-4ea5-a5ad-b6bc9b520197
1139,393,eae59519-38b9-486b-9ffe-73289d9876d6,d0f998fb-2c16-4ea5-a5ad-b6bc9b520197
1139,748,eae59519-38b9-486b-9ffe-73289d9876d6,ffc6b6c6-6c2f-45db-8cf0-8d7e817bd45f
1140,725,6267cad4-0e42-4efb-8862-3a6793accfe7,23c9ac8a-0f4d-4eda-9478-e10495e85240
1141,749,04330d98-102f-4520-a9de-3ef202068638,67fad100-f88a-4cb6-82ac-ea8b614fcf56
1142,294,dba4fc6d-fc07-400e-b047-772dac2055f5,2b9dd7af-cd0a-415b-8179-41dcf5c05349
1143,391,de5947c7-a5e9-4b66-a97b-5bc2c5077203,55382b90-92da-4c43-a187-5e850500cca2
1144,503,75bcbd0b-d434-417a-805b-a3b035aa01b4,c047e841-f85a-42b2-9df3-e1ceef4b6ec9
1144,750,75bcbd0b-d434-417a-805b-a3b035aa01b4,34652349-873f-49e1-9e42-0fa66b23efd1
1145,338,a328ef44-03dc-4f0b-a13e-d4054c6e0164,9adac9b4-48d3-4a9f-92d5-1ff1005b8272
1145,751,a328ef44-03dc-4f0b-a13e-d4054c6e0164,77814e2f-e6b7-49f0-ab53-af34c3ec6320
1146,2451,0e0ea39d-3f76-48e8-813d-02937820705e,0f9ce42b-2d68-4b22-be0f-7c5b340f6167
1147,752,8d470328-4623-42c0-afee-13b88f02a1bf,84f2751f-2aee-4e42-96a6-9d06624c2f5b
1148,752,fd126189-ae9c-4018-99f5-74551868595d,84f2751f-2aee-4e42-96a6-9d06624c2f5b
1149,755,3d35d039-3ece-4119-80a2-97c0dcdaa686,6817fcce-fb12-42ea-8be3-2318ad6e5dbc
1150,143,63810147-5326-46e2-8cb7-313841e91bbb,2b7ebfb6-2310-4b1f-9774-f2a34c102a06
1150,303,63810147-5326-46e2-8cb7-313841e91bbb,e148ceed-c870-46ed-8287-341a579de5b3
1151,143,6b33e466-423b-4113-bae5-2aeb54e56b47,2b7ebfb6-2310-4b1f-9774-f2a34c102a06
1151,303,6b33e466-423b-4113-bae5-2aeb54e56b47,e148ceed-c870-46ed-8287-341a579de5b3
1152,143,1c1da6f7-10a7-4dfd-a029-a0e09dfc5441,2b7ebfb6-2310-4b1f-9774-f2a34c102a06
1152,303,1c1da6f7-10a7-4dfd-a029-a0e09dfc5441,e148ceed-c870-46ed-8287-341a579de5b3
1153,143,b2df5da6-8353-40e4-b7e4-052e5579d8f0,2b7ebfb6-2310-4b1f-9774-f2a34c102a06
1153,303,b2df5da6-8353-40e4-b7e4-052e5579d8f0,e148ceed-c870-46ed-8287-341a579de5b3
1154,143,a7c22ad6-f81d-4ff8-81dc-4c5088ceaa5b,2b7ebfb6-2310-4b1f-9774-f2a34c102a06
1154,303,a7c22ad6-f81d-4ff8-81dc-4c5088ceaa5b,e148ceed-c870-46ed-8287-341a579de5b3
1155,143,4211ad0f-252f-41d6-b61f-fa00e054f862,2b7ebfb6-2310-4b1f-9774-f2a34c102a06
1155,303,4211ad0f-252f-41d6-b61f-fa00e054f862,e148ceed-c870-46ed-8287-341a579de5b3
1156,143,708d9414-647d-45d2-835e-ad1f949ab62a,2b7ebfb6-2310-4b1f-9774-f2a34c102a06
1156,303,708d9414-647d-45d2-835e-ad1f949ab62a,e148ceed-c870-46ed-8287-341a579de5b3
1157,143,c1dabd5d-c10e-4591-8904-573c52d6ec26,2b7ebfb6-2310-4b1f-9774-f2a34c102a06
1157,303,c1dabd5d-c10e-4591-8904-573c52d6ec26,e148ceed-c870-46ed-8287-341a579de5b3
1158,143,e8ec5cbd-8816-41b1-99fe-c4c4eb249fa3,2b7ebfb6-2310-4b1f-9774-f2a34c102a06
1158,303,e8ec5cbd-8816-41b1-99fe-c4c4eb249fa3,e148ceed-c870-46ed-8287-341a579de5b3
1159,143,676c8ebc-f623-4ade-a6f5-f75e596fd815,2b7ebfb6-2310-4b1f-9774-f2a34c102a06
1159,303,676c8ebc-f623-4ade-a6f5-f75e596fd815,e148ceed-c870-46ed-8287-341a579de5b3
1160,143,fca27184-b448-4cc7-98f7-9a5caf35bd1d,2b7ebfb6-2310-4b1f-9774-f2a34c102a06
1160,303,fca27184-b448-4cc7-98f7-9a5caf35bd1d,e148ceed-c870-46ed-8287-341a579de5b3
1161,143,270a6799-0cdd-4a9e-85e0-be68a00a0639,2b7ebfb6-2310-4b1f-9774-f2a34c102a06
1161,303,270a6799-0cdd-4a9e-85e0-be68a00a0639,e148ceed-c870-46ed-8287-341a579de5b3
1162,431,4bb5e6ac-a0c2-4d4f-8f4e-2f4a3d942a8a,a99ab47a-e75b-4af4-af55-7b24308971e7
1163,757,fb885837-0646-4702-a7d3-834c0acaf3ef,654c2052-5938-40e4-a167-85bf61bd92f1
1164,431,37ec372a-1e61-478a-8467-0546e3b8bb7c,a99ab47a-e75b-4af4-af55-7b24308971e7
1165,431,6a0438dd-47d6-4b86-a31e-5423beece897,a99ab47a-e75b-4af4-af55-7b24308971e7
1166,431,2cd6cc47-7a92-411a-8445-cb99473088c1,a99ab47a-e75b-4af4-af55-7b24308971e7
1167,431,049af247-b182-4d2d-9692-5d940027708b,a99ab47a-e75b-4af4-af55-7b24308971e7
1168,293,6057854e-7a7b-431b-909d-3a19afcc2f78,64c3a0e3-6898-4fa4-ba60-221c8a151432
1168,431,6057854e-7a7b-431b-909d-3a19afcc2f78,a99ab47a-e75b-4af4-af55-7b24308971e7
1169,431,7eccb7a5-7fee-4b0e-aa10-daf9821001f5,a99ab47a-e75b-4af4-af55-7b24308971e7
1170,293,a57309fb-86ed-434c-8479-f595014cdf1a,64c3a0e3-6898-4fa4-ba60-221c8a151432
1170,431,a57309fb-86ed-434c-8479-f595014cdf1a,a99ab47a-e75b-4af4-af55-7b24308971e7
1171,431,a21cf00f-9eac-495d-bc57-b3f2e7e6fff0,a99ab47a-e75b-4af4-af55-7b24308971e7
1171,758,a21cf00f-9eac-495d-bc57-b3f2e7e6fff0,04265b00-d362-48e4-9add-4e58b795821d
1172,431,2fc17576-c3b0-45f5-9042-47a829bb7b96,a99ab47a-e75b-4af4-af55-7b24308971e7
1173,431,a2f05d20-04e8-47a7-9d29-23333de7f6b5,a99ab47a-e75b-4af4-af55-7b24308971e7
1174,431,d8603939-a29a-4ecf-b781-d80db1bb1eae,a99ab47a-e75b-4af4-af55-7b24308971e7
1175,756,d5017ab9-81db-4724-8cc3-d270d9ff0134,194e874b-cb00-42d5-b93c-06edb3cbefd0
1176,644,888e1036-d8dd-4ba4-a73e-556ebdaa6dce,9211a4c0-09d1-4a54-aeb4-c08030c9da8a
1177,431,c96432f2-8651-4edc-a3e4-6dd04e54cdae,a99ab47a-e75b-4af4-af55-7b24308971e7
1178,431,66de9e9f-d131-42ba-8480-46591b52aa43,a99ab47a-e75b-4af4-af55-7b24308971e7
1179,760,7a0199df-8121-41a9-bfbc-2ccb7005e082,aaea3d14-931f-462c-863f-08159c9bdf99
1180,761,d19a3aed-e014-4fd9-87b6-cd62fceb518c,69135014-f365-4185-8ab5-37cb9718aa39
1181,431,69c8b75c-1271-4e7e-93c7-43538bc273ec,a99ab47a-e75b-4af4-af55-7b24308971e7
1182,62,71313bfa-811f-4514-8d40-2331cfd479dc,662f0503-8928-4394-b8c4-6ecdcefe0581
1183,431,27b136ac-59b1-47bf-9279-930334a61625,a99ab47a-e75b-4af4-af55-7b24308971e7
1184,431,7974ee61-b1a3-4e3e-af7c-aac9a7fe8442,a99ab47a-e75b-4af4-af55-7b24308971e7
1185,764,e2c207f5-68c2-42d9-9b96-421ebd969b7c,21f91614-bc72-4e04-801a-b95ba0405ff7
1186,765,7ebc0c13-988c-4e57-8b82-d5f97d6566af,3a61f9f3-e370-4fe2-8430-6811100eab68
1187,431,4c82e0e2-753b-469f-8ea1-cb4c13d0bc49,a99ab47a-e75b-4af4-af55-7b24308971e7
1188,766,c7103da8-89e8-4a34-a5f5-fcbdd64f3495,a4c5d779-f9ff-4fce-bbdc-e746a2a24a4c
1189,767,bd898cf2-2844-46d1-adc6-39b9cfae187d,9ec71936-bf9f-45bf-85f7-595abc3d05fc
1190,372,d74f3dfc-0827-42db-bdb7-0b419f056cc0,260a8693-6e02-49ed-ac93-66017d53bc5c
1191,372,dc54d93f-b87d-4483-9d41-4e1cd9c84e7d,260a8693-6e02-49ed-ac93-66017d53bc5c
1192,407,e626093a-589c-4aaf-9dc0-6af2b8928188,f23797df-3f32-4e33-94e3-ee1b3c2d0cd4
1193,372,48f4f764-c31d-4505-864d-29a395cb59a7,260a8693-6e02-49ed-ac93-66017d53bc5c
1194,407,cf830970-81e0-4044-accd-b8e1c4a91834,f23797df-3f32-4e33-94e3-ee1b3c2d0cd4
1195,768,940538d5-6e02-4723-b2fc-90a8c6adbd53,de17b849-8117-4440-8c3e-351da5ef00c9
1196,769,f227eeab-087d-42e4-8af8-0f037d73efcc,f3375d80-e2a3-4ddc-ab05-709ab211749c
1197,770,c9b7821f-4739-4537-90c8-87ef2f7f64c4,6a8f5f20-6182-4816-8ebc-2d9f2f5a036f
1198,90,a0efca9c-cff5-4cf6-964e-eef1b3fb8d56,ba9c9a11-80b4-49da-887c-099f5cdad8de
1198,461,a0efca9c-cff5-4cf6-964e-eef1b3fb8d56,b8bee609-7435-4af7-9de8-72290070ef57
1198,771,a0efca9c-cff5-4cf6-964e-eef1b3fb8d56,ab23d64f-e664-428e-8507-7c111ba0299e
1199,228,a5fe77c4-6a1f-4682-b707-505ecff07153,7a520aec-29a7-4e94-82a1-6a5e99fddae3
1200,44,d633497b-cdec-44f9-9696-c3496afdeacc,eade8dac-7b7a-463e-95c3-ee35fb7cd2e2
1200,302,d633497b-cdec-44f9-9696-c3496afdeacc,1516424c-adb4-4ce8-9b61-e19bf944a908
1202,772,244000a0-e578-4fe6-bf1f-b64afd7c8a11,5bf078ad-4497-4ff0-83d6-f11313f03875
1202,773,244000a0-e578-4fe6-bf1f-b64afd7c8a11,ca537bf3-c4dc-4857-87e9-202e9e9fb7e6
1202,774,244000a0-e578-4fe6-bf1f-b64afd7c8a11,344a1efe-897f-4197-aa96-eeedcf920bb4
1203,775,23bff165-9149-4b32-87f5-6a32403902bc,1616c04c-0767-491b-8271-f2445d9fdc67
1204,197,a36b8ba6-efdd-437a-9d94-f198b8024a19,56bc3b31-8017-4135-a955-bcab03d0118d
1205,776,88c9736a-d1f4-4f5b-aefc-169a6dab78c1,e03dede8-fb36-490e-a9d2-fade44279776
1206,4310,6dbd5399-8b67-448d-bbf4-4aa736cb6468,6fd17885-653a-47bb-92cb-48e6e6942b3f
1207,390,2c07cdf6-4e67-47e3-a7ee-63e4eb7dcb0d,ddf3d608-52f2-4a79-8ecc-c7ae539df4a8
1209,697,2b414b9c-93da-466a-93c8-7742a1770df8,8242437e-b47c-4bd4-b412-df20fe75a8d1
1209,698,2b414b9c-93da-466a-93c8-7742a1770df8,0a1cafd8-2a57-45c0-8ddb-8e63b3a585b8
1209,699,2b414b9c-93da-466a-93c8-7742a1770df8,b4265874-317c-452a-afee-5fe44b22b201
1210,778,6bfb824e-fc83-4699-9dd8-3475e232688e,200ee7d9-fbb4-403c-b41a-d48a29b26d9f
1211,779,a5753880-c1eb-447e-b111-00fd21895d3d,3abaf4bf-1327-4102-a016-97e66f1abbc3
1212,782,d14006b0-d86c-41e3-9ace-8b5843e9320d,69d44ce5-79a0-4f75-abb8-07232d98141b
1215,431,c790169e-604c-46f6-a19c-76822247a1ee,a99ab47a-e75b-4af4-af55-7b24308971e7
1215,725,c790169e-604c-46f6-a19c-76822247a1ee,23c9ac8a-0f4d-4eda-9478-e10495e85240
1216,783,80495ca9-cad9-4e29-9503-13f759ebc2b5,59dde6f4-7225-4bba-9d71-d22583f832bf
1217,713,36e3dea6-7cbe-49b2-9477-1878ed8b9ae9,57c184ef-5d7f-4065-aaf6-e19977d40209
1217,784,36e3dea6-7cbe-49b2-9477-1878ed8b9ae9,72b37602-4df6-42ad-92df-4f215cafdffd
1218,785,d7956122-22d0-4bac-816d-a1a58296cd0d,1723c427-8c5c-4196-8045-2eeb29e39f86
1218,801,d7956122-22d0-4bac-816d-a1a58296cd0d,c8cc0102-131a-49e1-af41-160aee2437d8
1219,82,62e33a63-734a-4425-9a80-4f7ccc1451bd,76e19039-ba7f-4bdd-984b-fb832e9401e0
1219,785,62e33a63-734a-4425-9a80-4f7ccc1451bd,1723c427-8c5c-4196-8045-2eeb29e39f86
1220,785,642ace05-41ea-4add-a861-752f5a8b4895,1723c427-8c5c-4196-8045-2eeb29e39f86
1220,801,642ace05-41ea-4add-a861-752f5a8b4895,c8cc0102-131a-49e1-af41-160aee2437d8
1221,82,c5f7aa7b-3e73-4952-9612-a4eb6886ae97,76e19039-ba7f-4bdd-984b-fb832e9401e0
1221,785,c5f7aa7b-3e73-4952-9612-a4eb6886ae97,1723c427-8c5c-4196-8045-2eeb29e39f86
1222,785,159f5bb7-5eb7-4801-b930-b07476d30c0a,1723c427-8c5c-4196-8045-2eeb29e39f86
1222,801,159f5bb7-5eb7-4801-b930-b07476d30c0a,c8cc0102-131a-49e1-af41-160aee2437d8
1223,197,b2d1b983-98ca-40a4-b1cb-44a116dad4d1,56bc3b31-8017-4135-a955-bcab03d0118d
1224,343,b03519d0-49cb-4023-bc58-8e0ea1491ba3,fcf2c827-6c55-468a-ab2b-f45fd5400b48
1226,82,df573b58-633b-41a5-8c6d-5ca0d23e54d8,76e19039-ba7f-4bdd-984b-fb832e9401e0
1227,82,85ef7045-76e5-4ee2-82ac-a7e639aedac2,76e19039-ba7f-4bdd-984b-fb832e9401e0
1227,801,85ef7045-76e5-4ee2-82ac-a7e639aedac2,c8cc0102-131a-49e1-af41-160aee2437d8
1228,787,87def1b0-f841-4989-ac79-1f5e534d3d5d,fb1d69bc-8a55-409c-a52f-224811f38df2
1229,789,df7d1892-da4f-48f6-ba77-0aa3131223bc,60beed74-2c1d-4188-a259-86d46eb999ab
1230,791,0ba424e4-c04f-48a6-a953-d287b182c6bc,f160cd4e-ee81-486e-a518-afd6bdd6bb29
1231,792,b7e36c45-d0cf-439e-bf2c-cb528b228d18,8c71cc6a-d510-4457-996d-c2d496938059
1232,272,2dc68224-c56e-4839-b8a0-9c788ff2f196,7e8e97ed-cd1b-4ac2-b894-b1a1c2e74060
1233,367,e63eea63-c68a-4857-b235-1ef67cd9c526,4747448c-a01a-4e7d-a61c-a2f2629bbf7a
1234,606,6c1b4b7b-54b5-41d4-8044-a7df074c6488,2c4d26d3-d171-4b3b-b1d6-0ccdcc300535
1235,343,000eb2a0-0947-49fa-9d25-34391ab9cb42,fcf2c827-6c55-468a-ab2b-f45fd5400b48
1236,793,7fdbe0cc-d7f1-4d0e-a56a-280e9b09a794,c6edb296-2ac1-437b-9dad-ecb95a6022bc
1237,401,8c9061d9-972b-420e-a255-c733ec398bfa,5fdc1435-8a2b-4ea5-b5cd-e793ab3fdb95
1238,380,130d3c68-91fc-4fc7-8cdf-75c838a2fd00,504eda60-9a40-42b7-b4a1-33d1b196e60c
1238,630,130d3c68-91fc-4fc7-8cdf-75c838a2fd00,539d31fd-1bfc-4b9c-9a0a-005a027edeaa
1240,385,9d2a8117-525f-4aae-a9ca-548ff0420944,9874b152-843d-4e71-94ba-77498a8f5e8e
1241,320,73eba609-5812-4c03-ae47-c288fc3b80fe,e21b6c73-d755-4132-ae27-e88808544b7b
1242,108,a91820fb-5226-412a-859c-5bcf242affe8,5f7be770-3356-41fb-aaf4-fc7d50c2ee26
1242,198,a91820fb-5226-412a-859c-5bcf242affe8,7cd90efa-bee2-42c0-899d-b5bf8cda74fd
1243,108,85e77f6d-b202-4884-8a07-71cb5bdf6b17,5f7be770-3356-41fb-aaf4-fc7d50c2ee26
1243,198,85e77f6d-b202-4884-8a07-71cb5bdf6b17,7cd90efa-bee2-42c0-899d-b5bf8cda74fd
1244,108,29650899-9942-4c9b-9559-e85fa224305e,5f7be770-3356-41fb-aaf4-fc7d50c2ee26
1244,198,29650899-9942-4c9b-9559-e85fa224305e,7cd90efa-bee2-42c0-899d-b5bf8cda74fd
1245,123,7ced63f9-7485-49c6-8fd1-c3e331fc8425,b58a7f4c-84b5-4026-b48c-23a0a896d9c3
1246,108,9df22184-4236-4210-98ce-65f6accb0ce9,5f7be770-3356-41fb-aaf4-fc7d50c2ee26
1247,123,e57cf6ff-7ff0-4f5d-bb1b-85cebb094169,b58a7f4c-84b5-4026-b48c-23a0a896d9c3
1248,123,0ccb741e-daf8-4f48-b2d5-522ab65a287f,b58a7f4c-84b5-4026-b48c-23a0a896d9c3
1250,123,059da628-47f5-4277-85d3-ea279f59ef99,b58a7f4c-84b5-4026-b48c-23a0a896d9c3
1251,3129,3e9e3915-fb35-4cef-9b10-3c365c0acb19,9d2396dc-7bd0-4d0d-864d-08652443135f
1252,794,9074020d-a251-4c99-b09a-98b443b30cd0,d36f5962-9b5f-461c-a889-b8e5730027b0
1252,795,9074020d-a251-4c99-b09a-98b443b30cd0,1949e4f7-efbe-4d86-9668-48ddaa3e981a
1253,108,9dcb081a-5f1a-468e-847d-a0aa6f88856d,5f7be770-3356-41fb-aaf4-fc7d50c2ee26
1254,372,4ee6d93b-c0a4-4509-a49e-744f4acff8be,260a8693-6e02-49ed-ac93-66017d53bc5c
1255,796,12b80494-6561-4593-aff8-f0f411595606,e0e04829-5119-44fd-b4ea-a03ee79c6511
1256,108,1919fa0e-9477-4d4e-8134-e6ab7dba59e2,5f7be770-3356-41fb-aaf4-fc7d50c2ee26
1257,520,4b6393a9-883d-4457-880f-6494cf54e5e0,6b372a3d-7d01-499a-a4a1-87a9610e13c9
1258,416,5dcc0f23-2572-4c86-a3e7-15df6cc616ff,956eeeff-dc0c-4b7b-b085-ee85433b79ca
1259,669,0fdf2096-ccb2-4d2d-bb89-5b8250847c05,0f6ce849-a6c3-4627-a333-8438303011c2
1260,416,9bb85b0b-bf46-47c1-bfdf-45ed8465b0fb,956eeeff-dc0c-4b7b-b085-ee85433b79ca
1261,416,f39cce30-5020-439d-8ea3-2ab22d304924,956eeeff-dc0c-4b7b-b085-ee85433b79ca
1263,798,e4aecacd-6fce-4967-bb7f-07db310c9f4a,bc0a69ad-2381-43a9-832a-f8f77948a624
1264,520,808b8191-59df-4e82-8dca-c9b6f9eb10a4,6b372a3d-7d01-499a-a4a1-87a9610e13c9
1265,521,cc8d5fcc-5520-4d63-8548-e9f55bde72d5,83e1ed00-4da1-4fbe-aaa2-aab5f88f74ed
1267,799,f00ad821-1b08-41e7-8b73-40ce3bc5c829,0db19440-f5bd-4361-9f72-ef22ca18d691
1271,3968,ae416dbe-aeae-41ac-a30c-3b996c150cf8,f1fc7ee0-38d8-4d12-928e-da9627c38ee3
1274,279,e7f19b74-4f71-4a00-b808-fce96d82b95b,1f3b4ed5-6d44-4575-906b-cceae95ad37b
1275,279,0316d12c-736f-4140-b624-f73142d28d01,1f3b4ed5-6d44-4575-906b-cceae95ad37b
1276,197,28cd71c3-8bfc-4623-a389-6da0a5dcf48c,56bc3b31-8017-4135-a955-bcab03d0118d
1277,82,ba0adb2a-2621-49a6-9af2-3c19d79870b8,76e19039-ba7f-4bdd-984b-fb832e9401e0
1277,785,ba0adb2a-2621-49a6-9af2-3c19d79870b8,1723c427-8c5c-4196-8045-2eeb29e39f86
1278,801,a34c66c9-8456-4c0f-8d37-9406609d994f,c8cc0102-131a-49e1-af41-160aee2437d8
1279,785,04f77aae-08c7-4fe7-a920-568e7fa02b50,1723c427-8c5c-4196-8045-2eeb29e39f86
1279,801,04f77aae-08c7-4fe7-a920-568e7fa02b50,c8cc0102-131a-49e1-af41-160aee2437d8
1280,801,5f1340ee-e40f-436b-877d-f3fb1bcd6027,c8cc0102-131a-49e1-af41-160aee2437d8
1281,82,d51eee72-3579-451b-8fed-0b61f8ee73e3,76e19039-ba7f-4bdd-984b-fb832e9401e0
1282,801,23c9e7c8-d730-440c-be51-d25979b455bc,c8cc0102-131a-49e1-af41-160aee2437d8
1283,270,cf84ac42-87d9-468e-be92-13cbb88e88e8,0c6692c3-b99f-42dc-99bc-4c3437ecf26e
1285,279,31e0383d-4f85-4e5e-9428-41f3a3d9a164,1f3b4ed5-6d44-4575-906b-cceae95ad37b
1286,317,56e3ff97-2513-4d2d-aa07-16f83ad6f496,636eebc4-c57e-4128-9a32-e44b0efb470e
1287,785,9f90c910-b794-49ef-a21d-95752099b25e,1723c427-8c5c-4196-8045-2eeb29e39f86
1287,801,9f90c910-b794-49ef-a21d-95752099b25e,c8cc0102-131a-49e1-af41-160aee2437d8
1288,802,4cd3abdc-6091-4e93-a3a0-ec1475037062,54575417-0555-405e-b5d8-edc1c4ebca21
1290,801,6e7c8975-dff3-45b7-bcb8-ae7aebbb26f0,c8cc0102-131a-49e1-af41-160aee2437d8
1291,801,ecf74d64-610e-42e0-914a-8bbcef299c9a,c8cc0102-131a-49e1-af41-160aee2437d8
1294,803,5d365076-4250-4bd8-af2f-074b7d56494e,3c73e208-cfd8-44db-9e74-c39c16df747a
1295,804,ba4a8b50-c00f-4786-abf8-c916981480cc,60972626-4ec5-4ca2-92be-2a6fefe7d5c8
1296,805,6804aaf7-cd20-47c3-9b19-b4f982c3254c,a5b6f377-8957-4e16-94e4-a0c1d5de5806
1297,806,00389b71-e0d3-4188-bc6b-ccd6db59a829,7fe47690-7d69-4b31-8433-e6cdd0af300e
1298,201,720ebd58-16be-4d80-ab34-8a9f316a6c87,3f137e38-3e66-4d14-b598-b191dff21a32
1299,354,583f8a17-d25a-42f7-a0ad-ae774ab6d8e9,03f2b68f-01b6-468a-990a-b850073a31ce
1301,352,6d9148d8-66ea-4a11-82cd-a9ae506e8e67,cfd1e837-7217-48e4-a3e9-98546077787e
1302,201,3f6d9fc1-e087-44bf-a50e-700fac8e8b2b,3f137e38-3e66-4d14-b598-b191dff21a32
1303,201,f43862e2-a787-436e-81a0-a4c26c4b6055,3f137e38-3e66-4d14-b598-b191dff21a32
1304,67,389f1913-3317-449b-98af-21aaa46d355a,f2095865-bbc8-408c-a50e-3a3a62630f2e
1305,807,d2ab0901-3db6-48b2-98b0-45649423d22c,9234d1df-e07e-4c9f-a088-85c9bdb1e48f
1306,211,75964e80-2221-492a-b708-b74021c3fac0,82b6750f-cef7-4337-a378-bcbf6aaa3530
1306,520,75964e80-2221-492a-b708-b74021c3fac0,6b372a3d-7d01-499a-a4a1-87a9610e13c9
1307,211,05a70038-2b11-4b5b-98c5-8f349e75a988,82b6750f-cef7-4337-a378-bcbf6aaa3530
1307,520,05a70038-2b11-4b5b-98c5-8f349e75a988,6b372a3d-7d01-499a-a4a1-87a9610e13c9
1308,211,ab31762d-aa4a-41e5-a1d2-3346dc01a55c,82b6750f-cef7-4337-a378-bcbf6aaa3530
1308,520,ab31762d-aa4a-41e5-a1d2-3346dc01a55c,6b372a3d-7d01-499a-a4a1-87a9610e13c9
1309,211,c2f1fb4f-49c4-4d65-b095-28236fd3826f,82b6750f-cef7-4337-a378-bcbf6aaa3530
1309,520,c2f1fb4f-49c4-4d65-b095-28236fd3826f,6b372a3d-7d01-499a-a4a1-87a9610e13c9
1310,520,a4a92ce1-8f14-4e71-8555-bce1b3fedbe4,6b372a3d-7d01-499a-a4a1-87a9610e13c9
1311,520,d2a6ad9d-4711-48a2-be85-a78c7c439d85,6b372a3d-7d01-499a-a4a1-87a9610e13c9
1312,520,584a1d89-979c-4f4a-b640-d21cca2ae791,6b372a3d-7d01-499a-a4a1-87a9610e13c9
1313,520,99e13ac0-f7a4-4f59-b510-d4a0c1d96faf,6b372a3d-7d01-499a-a4a1-87a9610e13c9
1314,520,bae2f88c-83e9-4cf7-ac04-3a453ed670ec,6b372a3d-7d01-499a-a4a1-87a9610e13c9
1315,520,0aaefab7-7e03-42e2-9aed-8b361b841c9b,6b372a3d-7d01-499a-a4a1-87a9610e13c9
1316,520,a8c80ef0-78c6-469b-84b0-bc5fbc2540d8,6b372a3d-7d01-499a-a4a1-87a9610e13c9
1317,123,7a26f23f-c5cb-4103-9754-8b34632e6d98,b58a7f4c-84b5-4026-b48c-23a0a896d9c3
1318,123,f14db424-ddc5-40ac-abdf-4204276cc7bb,b58a7f4c-84b5-4026-b48c-23a0a896d9c3
1319,521,2f8fe1a7-5df0-4795-9521-b96567c3ae46,83e1ed00-4da1-4fbe-aaa2-aab5f88f74ed
1320,521,dec935da-f97b-451d-a5b5-9805c63bde46,83e1ed00-4da1-4fbe-aaa2-aab5f88f74ed
1321,521,e34a9922-620c-4516-ab28-ae8057f0cdc7,83e1ed00-4da1-4fbe-aaa2-aab5f88f74ed
1322,521,b42b0a6f-3136-41e8-afaf-0993865fcbc2,83e1ed00-4da1-4fbe-aaa2-aab5f88f74ed
1323,521,4b03068f-a503-4390-8028-234bc3565cf7,83e1ed00-4da1-4fbe-aaa2-aab5f88f74ed
1325,320,89156a08-92bd-4f92-b298-50c5fcb66883,e21b6c73-d755-4132-ae27-e88808544b7b
1326,320,4d0a19dd-c56e-42f8-9176-75f358344422,e21b6c73-d755-4132-ae27-e88808544b7b
1327,320,80460a99-8d32-45f1-9ac5-28a65ef7df7c,e21b6c73-d755-4132-ae27-e88808544b7b
1328,320,6aedf610-9e2e-4cad-91a1-8fb06a8ff96a,e21b6c73-d755-4132-ae27-e88808544b7b
1329,808,14c3b535-f92e-4ced-9351-ad16fd4bbb10,5d1c1657-3555-40f9-9a6b-b6cdf368e388
1330,809,f6f25fc0-ad66-44e8-81b5-22ac744b0bdb,e14d9c49-7d07-4c7e-9a0b-d31d17b55da6
1331,320,15d5c3e8-8b56-442f-827a-98ce19f82aec,e21b6c73-d755-4132-ae27-e88808544b7b
1332,320,b4fe7eb1-c037-49e7-bc91-1a42b085f13e,e21b6c73-d755-4132-ae27-e88808544b7b
1334,320,e900f0ee-15cc-488a-8e1e-6bec71f8c027,e21b6c73-d755-4132-ae27-e88808544b7b
1335,320,01ef53fe-744f-4f5a-b602-b1b2e9630d25,e21b6c73-d755-4132-ae27-e88808544b7b
1336,320,17565fe8-8440-44e2-abed-82c083b07843,e21b6c73-d755-4132-ae27-e88808544b7b
1337,320,ab2eaddf-5a2e-40b2-8e01-34236534db74,e21b6c73-d755-4132-ae27-e88808544b7b
1338,320,bc8ed8bb-dbf2-403a-94b7-539c530cecbb,e21b6c73-d755-4132-ae27-e88808544b7b
1339,320,ce00ca53-da2b-459b-ac35-85a8ed259810,e21b6c73-d755-4132-ae27-e88808544b7b
1340,320,1ee77351-46de-4666-90f0-7880b5a8cf9a,e21b6c73-d755-4132-ae27-e88808544b7b
1341,320,2042ad61-c2fe-41fa-b43b-d1e1cd6a6325,e21b6c73-d755-4132-ae27-e88808544b7b
1342,320,5da3da48-0c94-4807-8afb-143918ef801d,e21b6c73-d755-4132-ae27-e88808544b7b
1343,320,03404c42-1e20-425e-93a4-6a7674c7d186,e21b6c73-d755-4132-ae27-e88808544b7b
1344,320,038b7fac-a092-4822-984c-57355bcbf6ab,e21b6c73-d755-4132-ae27-e88808544b7b
1345,320,c2fdaa1a-79e1-4ce7-8de2-d7d7f1a36382,e21b6c73-d755-4132-ae27-e88808544b7b
1346,377,018d77fe-957f-4f31-a35a-5d99e19b18b2,5546620f-cbfb-451c-a4a9-731dc972d5c2
1349,810,634a680b-e06d-423b-8c75-e0a6ed0cf8fa,e1fbdff3-4c24-47c1-97d0-3e7a4ad417bf
1350,424,b3690189-6201-4432-88df-38cd883f9c65,bdccf1e8-a197-4298-810d-42b65d83936a
1350,800,b3690189-6201-4432-88df-38cd883f9c65,b2b0cb5a-c270-438a-97c7-533c5e0c7316
1351,424,8ba59ffe-0f31-4155-b163-3495d515ea69,bdccf1e8-a197-4298-810d-42b65d83936a
1351,800,8ba59ffe-0f31-4155-b163-3495d515ea69,b2b0cb5a-c270-438a-97c7-533c5e0c7316
1352,424,1e8e356c-b9b6-43ec-ac78-a3c1fdffb047,bdccf1e8-a197-4298-810d-42b65d83936a
1352,800,1e8e356c-b9b6-43ec-ac78-a3c1fdffb047,b2b0cb5a-c270-438a-97c7-533c5e0c7316
1353,424,5d182833-8032-4353-9472-8a3fb54529b9,bdccf1e8-a197-4298-810d-42b65d83936a
1353,800,5d182833-8032-4353-9472-8a3fb54529b9,b2b0cb5a-c270-438a-97c7-533c5e0c7316
1354,424,e1f74d57-e122-48ab-b75f-0936dc0bd471,bdccf1e8-a197-4298-810d-42b65d83936a
1354,800,e1f74d57-e122-48ab-b75f-0936dc0bd471,b2b0cb5a-c270-438a-97c7-533c5e0c7316
1355,424,53a3276f-2322-4061-8572-873992b9d2ce,bdccf1e8-a197-4298-810d-42b65d83936a
1355,800,53a3276f-2322-4061-8572-873992b9d2ce,b2b0cb5a-c270-438a-97c7-533c5e0c7316
1356,424,eeb11f5e-e989-4dc0-901e-75126dd44752,bdccf1e8-a197-4298-810d-42b65d83936a
1356,800,eeb11f5e-e989-4dc0-901e-75126dd44752,b2b0cb5a-c270-438a-97c7-533c5e0c7316
1357,424,45d52beb-fd41-416f-a346-44e3898cfad3,bdccf1e8-a197-4298-810d-42b65d83936a
1357,800,45d52beb-fd41-416f-a346-44e3898cfad3,b2b0cb5a-c270-438a-97c7-533c5e0c7316
1358,424,ca8db5c2-4c3c-4d7b-a478-ee2129f5ca8b,bdccf1e8-a197-4298-810d-42b65d83936a
1358,800,ca8db5c2-4c3c-4d7b-a478-ee2129f5ca8b,b2b0cb5a-c270-438a-97c7-533c5e0c7316
1359,424,a872f9c5-8e0c-4051-999e-9478e718a415,bdccf1e8-a197-4298-810d-42b65d83936a
1359,800,a872f9c5-8e0c-4051-999e-9478e718a415,b2b0cb5a-c270-438a-97c7-533c5e0c7316
1360,424,bcc087e9-a9cb-4143-a88e-29419622be26,bdccf1e8-a197-4298-810d-42b65d83936a
1360,800,bcc087e9-a9cb-4143-a88e-29419622be26,b2b0cb5a-c270-438a-97c7-533c5e0c7316
1361,424,d4a4fb8e-f365-4ffe-801a-fd0e75b86fa0,bdccf1e8-a197-4298-810d-42b65d83936a
1361,800,d4a4fb8e-f365-4ffe-801a-fd0e75b86fa0,b2b0cb5a-c270-438a-97c7-533c5e0c7316
1362,424,7b2f9ab3-7616-4487-bf44-1f65931fd34f,bdccf1e8-a197-4298-810d-42b65d83936a
1362,800,7b2f9ab3-7616-4487-bf44-1f65931fd34f,b2b0cb5a-c270-438a-97c7-533c5e0c7316
1363,424,681401c4-a5c9-44be-b680-305a345b06e6,bdccf1e8-a197-4298-810d-42b65d83936a
1363,800,681401c4-a5c9-44be-b680-305a345b06e6,b2b0cb5a-c270-438a-97c7-533c5e0c7316
1364,424,45652d17-810f-44b4-8086-a393586d0931,bdccf1e8-a197-4298-810d-42b65d83936a
1364,800,45652d17-810f-44b4-8086-a393586d0931,b2b0cb5a-c270-438a-97c7-533c5e0c7316
1365,424,97149bbc-61d3-4828-a07c-a48e613c942b,bdccf1e8-a197-4298-810d-42b65d83936a
1365,800,97149bbc-61d3-4828-a07c-a48e613c942b,b2b0cb5a-c270-438a-97c7-533c5e0c7316
1366,424,ff5527b1-72fa-44c3-a7d1-f9dd90188de8,bdccf1e8-a197-4298-810d-42b65d83936a
1366,800,ff5527b1-72fa-44c3-a7d1-f9dd90188de8,b2b0cb5a-c270-438a-97c7-533c5e0c7316
1367,424,ca1d74f2-0b82-4264-910f-3a211b0e1a1e,bdccf1e8-a197-4298-810d-42b65d83936a
1367,800,ca1d74f2-0b82-4264-910f-3a211b0e1a1e,b2b0cb5a-c270-438a-97c7-533c5e0c7316
1368,424,5441feae-8c7f-4cc1-9574-d8c9f4a4d612,bdccf1e8-a197-4298-810d-42b65d83936a
1368,800,5441feae-8c7f-4cc1-9574-d8c9f4a4d612,b2b0cb5a-c270-438a-97c7-533c5e0c7316
1369,424,b5ea499e-deb2-40fd-81dc-e5cb17446f6f,bdccf1e8-a197-4298-810d-42b65d83936a
1369,800,b5ea499e-deb2-40fd-81dc-e5cb17446f6f,b2b0cb5a-c270-438a-97c7-533c5e0c7316
1370,424,a3375d31-8d44-4774-b259-d29f05d67fab,bdccf1e8-a197-4298-810d-42b65d83936a
1370,800,a3375d31-8d44-4774-b259-d29f05d67fab,b2b0cb5a-c270-438a-97c7-533c5e0c7316
1371,424,423ebe96-b8ca-4bb6-a424-02d6d4984f74,bdccf1e8-a197-4298-810d-42b65d83936a
1371,800,423ebe96-b8ca-4bb6-a424-02d6d4984f74,b2b0cb5a-c270-438a-97c7-533c5e0c7316
1372,424,9ca6e517-249b-4441-8a44-0f90fff13720,bdccf1e8-a197-4298-810d-42b65d83936a
1372,800,9ca6e517-249b-4441-8a44-0f90fff13720,b2b0cb5a-c270-438a-97c7-533c5e0c7316
1373,424,4c80cc92-be80-4fa6-93a1-cd1436907386,bdccf1e8-a197-4298-810d-42b65d83936a
1373,800,4c80cc92-be80-4fa6-93a1-cd1436907386,b2b0cb5a-c270-438a-97c7-533c5e0c7316
1374,424,35523182-b66c-4cb4-b056-c7e758502039,bdccf1e8-a197-4298-810d-42b65d83936a
1374,800,35523182-b66c-4cb4-b056-c7e758502039,b2b0cb5a-c270-438a-97c7-533c5e0c7316
1375,424,1c4ab926-8601-4aa1-b208-8169d7762341,bdccf1e8-a197-4298-810d-42b65d83936a
1375,800,1c4ab926-8601-4aa1-b208-8169d7762341,b2b0cb5a-c270-438a-97c7-533c5e0c7316
1376,424,091efba3-c42a-41c7-9abc-a7e1f0884d62,bdccf1e8-a197-4298-810d-42b65d83936a
1376,800,091efba3-c42a-41c7-9abc-a7e1f0884d62,b2b0cb5a-c270-438a-97c7-533c5e0c7316
1377,424,448ae736-2a34-4a1c-bcb2-0ab4f1041f47,bdccf1e8-a197-4298-810d-42b65d83936a
1377,800,448ae736-2a34-4a1c-bcb2-0ab4f1041f47,b2b0cb5a-c270-438a-97c7-533c5e0c7316
1378,424,e5017b28-8eb1-4322-8c10-9f483cd7afec,bdccf1e8-a197-4298-810d-42b65d83936a
1378,800,e5017b28-8eb1-4322-8c10-9f483cd7afec,b2b0cb5a-c270-438a-97c7-533c5e0c7316
1379,424,ade1296f-7d42-4554-b3fa-102f758e284c,bdccf1e8-a197-4298-810d-42b65d83936a
1379,800,ade1296f-7d42-4554-b3fa-102f758e284c,b2b0cb5a-c270-438a-97c7-533c5e0c7316
1380,424,870d762f-3dab-45e8-87b3-85b348f50586,bdccf1e8-a197-4298-810d-42b65d83936a
1380,800,870d762f-3dab-45e8-87b3-85b348f50586,b2b0cb5a-c270-438a-97c7-533c5e0c7316
1381,424,1a7e46d9-9236-4c01-bd5d-ecdb867630c8,bdccf1e8-a197-4298-810d-42b65d83936a
1381,800,1a7e46d9-9236-4c01-bd5d-ecdb867630c8,b2b0cb5a-c270-438a-97c7-533c5e0c7316
1382,424,a7fd40be-c42d-421c-a5e1-637c4c3b5d73,bdccf1e8-a197-4298-810d-42b65d83936a
1382,800,a7fd40be-c42d-421c-a5e1-637c4c3b5d73,b2b0cb5a-c270-438a-97c7-533c5e0c7316
1383,424,3113c860-9239-4369-a632-c9027006c465,bdccf1e8-a197-4298-810d-42b65d83936a
1383,800,3113c860-9239-4369-a632-c9027006c465,b2b0cb5a-c270-438a-97c7-533c5e0c7316
1384,424,5a59bda5-bb6b-4732-908a-746e9e427766,bdccf1e8-a197-4298-810d-42b65d83936a
1384,800,5a59bda5-bb6b-4732-908a-746e9e427766,b2b0cb5a-c270-438a-97c7-533c5e0c7316
1385,424,3c6ac620-85f7-4376-a820-a39c371e9275,bdccf1e8-a197-4298-810d-42b65d83936a
1385,800,3c6ac620-85f7-4376-a820-a39c371e9275,b2b0cb5a-c270-438a-97c7-533c5e0c7316
1386,424,571bad6c-5657-48a6-a4ea-03d17a9aff71,bdccf1e8-a197-4298-810d-42b65d83936a
1386,800,571bad6c-5657-48a6-a4ea-03d17a9aff71,b2b0cb5a-c270-438a-97c7-533c5e0c7316
1387,424,e7375b85-0d39-4cc7-9da8-75bf40a95a4b,bdccf1e8-a197-4298-810d-42b65d83936a
1387,800,e7375b85-0d39-4cc7-9da8-75bf40a95a4b,b2b0cb5a-c270-438a-97c7-533c5e0c7316
1388,424,53b39935-ce49-4e96-91e1-9b484adca9f6,bdccf1e8-a197-4298-810d-42b65d83936a
1388,800,53b39935-ce49-4e96-91e1-9b484adca9f6,b2b0cb5a-c270-438a-97c7-533c5e0c7316
1389,723,c89f4bdc-6f1d-481d-9339-eb544fcf3ca4,4187d319-dbd0-40ce-983a-25a836d3cdf0
1389,811,c89f4bdc-6f1d-481d-9339-eb544fcf3ca4,6408cc9e-0e38-4545-a61b-42e0c2487bb8
1389,2430,c89f4bdc-6f1d-481d-9339-eb544fcf3ca4,45d150d2-875f-4003-88b1-8506de3ab06a
1389,2431,c89f4bdc-6f1d-481d-9339-eb544fcf3ca4,3c2f554a-3a65-4419-8426-51f5566bdcb2
1389,2432,c89f4bdc-6f1d-481d-9339-eb544fcf3ca4,de2bfc0f-ed8e-40a4-b44c-47ceb79bf3d6
1390,424,6897812d-9c98-4f8f-b7f5-627dd690a7a6,bdccf1e8-a197-4298-810d-42b65d83936a
1390,800,6897812d-9c98-4f8f-b7f5-627dd690a7a6,b2b0cb5a-c270-438a-97c7-533c5e0c7316
1391,424,3028163c-868a-4ea2-a899-7d7f8f0d3d0d,bdccf1e8-a197-4298-810d-42b65d83936a
1391,800,3028163c-868a-4ea2-a899-7d7f8f0d3d0d,b2b0cb5a-c270-438a-97c7-533c5e0c7316
1392,424,69a432c6-d93c-4fa7-869c-5ba69e79a4e0,bdccf1e8-a197-4298-810d-42b65d83936a
1392,800,69a432c6-d93c-4fa7-869c-5ba69e79a4e0,b2b0cb5a-c270-438a-97c7-533c5e0c7316
1393,424,6b209239-ceca-4ce8-9043-8f5717d9f93a,bdccf1e8-a197-4298-810d-42b65d83936a
1393,800,6b209239-ceca-4ce8-9043-8f5717d9f93a,b2b0cb5a-c270-438a-97c7-533c5e0c7316
1394,424,56b85df7-4b50-4a85-bbab-53e092abeaa2,bdccf1e8-a197-4298-810d-42b65d83936a
1394,800,56b85df7-4b50-4a85-bbab-53e092abeaa2,b2b0cb5a-c270-438a-97c7-533c5e0c7316
1395,424,ce46e659-93b3-4578-a7ee-a8f3f802f62a,bdccf1e8-a197-4298-810d-42b65d83936a
1395,800,ce46e659-93b3-4578-a7ee-a8f3f802f62a,b2b0cb5a-c270-438a-97c7-533c5e0c7316
1396,424,ab7fd352-7d75-4c07-9502-4ee361abe7f9,bdccf1e8-a197-4298-810d-42b65d83936a
1396,800,ab7fd352-7d75-4c07-9502-4ee361abe7f9,b2b0cb5a-c270-438a-97c7-533c5e0c7316
1397,424,4dfeb196-0e6f-4cb3-a2d6-8f82ce2cb26c,bdccf1e8-a197-4298-810d-42b65d83936a
1397,800,4dfeb196-0e6f-4cb3-a2d6-8f82ce2cb26c,b2b0cb5a-c270-438a-97c7-533c5e0c7316
1398,424,38d476bb-1130-4aec-afe5-073d410dcaf1,bdccf1e8-a197-4298-810d-42b65d83936a
1398,800,38d476bb-1130-4aec-afe5-073d410dcaf1,b2b0cb5a-c270-438a-97c7-533c5e0c7316
1399,424,d817be2e-cefc-49c2-85a6-3857bb200365,bdccf1e8-a197-4298-810d-42b65d83936a
1399,800,d817be2e-cefc-49c2-85a6-3857bb200365,b2b0cb5a-c270-438a-97c7-533c5e0c7316
1400,424,067d83e2-ae7a-4a9b-bbac-4a8328e5bfa1,bdccf1e8-a197-4298-810d-42b65d83936a
1400,800,067d83e2-ae7a-4a9b-bbac-4a8328e5bfa1,b2b0cb5a-c270-438a-97c7-533c5e0c7316
1401,424,edad697a-d24b-4c23-ac74-81577c1c36ef,bdccf1e8-a197-4298-810d-42b65d83936a
1401,800,edad697a-d24b-4c23-ac74-81577c1c36ef,b2b0cb5a-c270-438a-97c7-533c5e0c7316
1402,424,a4dffd6c-d67f-430d-9fee-f9b493c78f70,bdccf1e8-a197-4298-810d-42b65d83936a
1402,800,a4dffd6c-d67f-430d-9fee-f9b493c78f70,b2b0cb5a-c270-438a-97c7-533c5e0c7316
1403,424,a267da21-970b-41e1-9973-7343318123c8,bdccf1e8-a197-4298-810d-42b65d83936a
1403,800,a267da21-970b-41e1-9973-7343318123c8,b2b0cb5a-c270-438a-97c7-533c5e0c7316
1405,424,912de884-2cf8-4e2c-9e34-dfc9648cff42,bdccf1e8-a197-4298-810d-42b65d83936a
1405,800,912de884-2cf8-4e2c-9e34-dfc9648cff42,b2b0cb5a-c270-438a-97c7-533c5e0c7316
1406,188,adc26e51-2618-4ffa-b31f-2d32c08951cc,0847ad54-fb89-4357-b980-6f7bdb3886d7
1407,424,b7fc1400-0e7c-469c-bc68-dbb1568beb61,bdccf1e8-a197-4298-810d-42b65d83936a
1407,800,b7fc1400-0e7c-469c-bc68-dbb1568beb61,b2b0cb5a-c270-438a-97c7-533c5e0c7316
1408,424,85cb1d41-2e63-49a3-8bd4-492559d1b91c,bdccf1e8-a197-4298-810d-42b65d83936a
1408,800,85cb1d41-2e63-49a3-8bd4-492559d1b91c,b2b0cb5a-c270-438a-97c7-533c5e0c7316
1409,424,b7017710-1314-4455-8a72-3d14c5cc03eb,bdccf1e8-a197-4298-810d-42b65d83936a
1409,800,b7017710-1314-4455-8a72-3d14c5cc03eb,b2b0cb5a-c270-438a-97c7-533c5e0c7316
1410,424,429ff3ec-5224-4d6f-80e3-762e0f57fa95,bdccf1e8-a197-4298-810d-42b65d83936a
1410,800,429ff3ec-5224-4d6f-80e3-762e0f57fa95,b2b0cb5a-c270-438a-97c7-533c5e0c7316
1411,424,3ea2347a-d2e0-4271-8463-75763d020671,bdccf1e8-a197-4298-810d-42b65d83936a
1411,800,3ea2347a-d2e0-4271-8463-75763d020671,b2b0cb5a-c270-438a-97c7-533c5e0c7316
1412,424,2933f4c7-7c36-40a0-b9cf-7c162646c756,bdccf1e8-a197-4298-810d-42b65d83936a
1412,800,2933f4c7-7c36-40a0-b9cf-7c162646c756,b2b0cb5a-c270-438a-97c7-533c5e0c7316
1413,424,06ed852a-abef-4ed7-b3e6-4d53a62373e6,bdccf1e8-a197-4298-810d-42b65d83936a
1413,800,06ed852a-abef-4ed7-b3e6-4d53a62373e6,b2b0cb5a-c270-438a-97c7-533c5e0c7316
1414,424,040e2ac0-02d9-46c6-8e9a-8608c5aca8d2,bdccf1e8-a197-4298-810d-42b65d83936a
1414,800,040e2ac0-02d9-46c6-8e9a-8608c5aca8d2,b2b0cb5a-c270-438a-97c7-533c5e0c7316
1415,424,559df4af-4484-48f3-9273-0b56762b98c3,bdccf1e8-a197-4298-810d-42b65d83936a
1415,800,559df4af-4484-48f3-9273-0b56762b98c3,b2b0cb5a-c270-438a-97c7-533c5e0c7316
1416,424,f9055390-a2f2-4b85-a333-6d241e0841f4,bdccf1e8-a197-4298-810d-42b65d83936a
1416,800,f9055390-a2f2-4b85-a333-6d241e0841f4,b2b0cb5a-c270-438a-97c7-533c5e0c7316
1417,424,4de1cb6d-fa4e-44ba-a664-dda565e36262,bdccf1e8-a197-4298-810d-42b65d83936a
1417,800,4de1cb6d-fa4e-44ba-a664-dda565e36262,b2b0cb5a-c270-438a-97c7-533c5e0c7316
1418,424,9d33c571-98db-43fa-a4eb-918e405e72da,bdccf1e8-a197-4298-810d-42b65d83936a
1418,800,9d33c571-98db-43fa-a4eb-918e405e72da,b2b0cb5a-c270-438a-97c7-533c5e0c7316
1419,424,f3c247e2-f05c-4b5c-b41b-806a5cf35057,bdccf1e8-a197-4298-810d-42b65d83936a
1419,800,f3c247e2-f05c-4b5c-b41b-806a5cf35057,b2b0cb5a-c270-438a-97c7-533c5e0c7316
1420,424,a82c12d0-1d85-40a8-916a-58f74d045b4c,bdccf1e8-a197-4298-810d-42b65d83936a
1420,800,a82c12d0-1d85-40a8-916a-58f74d045b4c,b2b0cb5a-c270-438a-97c7-533c5e0c7316
1421,424,41cb1b5c-945f-4177-96b0-44d43812aebb,bdccf1e8-a197-4298-810d-42b65d83936a
1421,800,41cb1b5c-945f-4177-96b0-44d43812aebb,b2b0cb5a-c270-438a-97c7-533c5e0c7316
1422,424,3ef9abc3-cc40-409b-bc28-205206bfed80,bdccf1e8-a197-4298-810d-42b65d83936a
1422,800,3ef9abc3-cc40-409b-bc28-205206bfed80,b2b0cb5a-c270-438a-97c7-533c5e0c7316
1423,424,401a9a22-b86c-4823-89ef-80a7848a00d1,bdccf1e8-a197-4298-810d-42b65d83936a
1423,800,401a9a22-b86c-4823-89ef-80a7848a00d1,b2b0cb5a-c270-438a-97c7-533c5e0c7316
1424,424,7bbfd83a-7fa1-4b14-8d5d-dbd2f63e5ba9,bdccf1e8-a197-4298-810d-42b65d83936a
1424,800,7bbfd83a-7fa1-4b14-8d5d-dbd2f63e5ba9,b2b0cb5a-c270-438a-97c7-533c5e0c7316
1425,424,d6d7e127-ee86-436a-9442-63852aa14ff1,bdccf1e8-a197-4298-810d-42b65d83936a
1425,800,d6d7e127-ee86-436a-9442-63852aa14ff1,b2b0cb5a-c270-438a-97c7-533c5e0c7316
1426,424,98aec2aa-7982-4828-ae26-dd73e764b176,bdccf1e8-a197-4298-810d-42b65d83936a
1426,800,98aec2aa-7982-4828-ae26-dd73e764b176,b2b0cb5a-c270-438a-97c7-533c5e0c7316
1427,424,6f17ff3c-41e6-4ec4-8146-a59328ba7716,bdccf1e8-a197-4298-810d-42b65d83936a
1427,800,6f17ff3c-41e6-4ec4-8146-a59328ba7716,b2b0cb5a-c270-438a-97c7-533c5e0c7316
1428,424,02bf7857-26a2-4a32-a4e2-ca38f57aa5c9,bdccf1e8-a197-4298-810d-42b65d83936a
1428,800,02bf7857-26a2-4a32-a4e2-ca38f57aa5c9,b2b0cb5a-c270-438a-97c7-533c5e0c7316
1429,424,28a52a8b-5427-4397-9a61-e0b2f9c3b00d,bdccf1e8-a197-4298-810d-42b65d83936a
1429,800,28a52a8b-5427-4397-9a61-e0b2f9c3b00d,b2b0cb5a-c270-438a-97c7-533c5e0c7316
1430,669,514748dd-260a-47a4-b93e-4e841d46c1eb,0f6ce849-a6c3-4627-a333-8438303011c2
1431,385,6b175bb3-0180-4013-ae91-12131a1a6b42,9874b152-843d-4e71-94ba-77498a8f5e8e
1432,198,b3fa7679-6760-4bbc-8259-da90598ade26,7cd90efa-bee2-42c0-899d-b5bf8cda74fd
1433,198,a8ea2695-7f72-4f72-9e13-f98f29a19e20,7cd90efa-bee2-42c0-899d-b5bf8cda74fd
1434,108,4c6d9079-d1c3-474a-aee9-066935e014c5,5f7be770-3356-41fb-aaf4-fc7d50c2ee26
1434,198,4c6d9079-d1c3-474a-aee9-066935e014c5,7cd90efa-bee2-42c0-899d-b5bf8cda74fd
1435,108,6989f08f-0185-49e9-909b-5d1d98ad21ea,5f7be770-3356-41fb-aaf4-fc7d50c2ee26
1435,198,6989f08f-0185-49e9-909b-5d1d98ad21ea,7cd90efa-bee2-42c0-899d-b5bf8cda74fd
1436,198,88ba9e67-01e1-4998-b05b-95c9787e2182,7cd90efa-bee2-42c0-899d-b5bf8cda74fd
1437,108,71bd5d08-8917-4189-bd67-757fabbc945a,5f7be770-3356-41fb-aaf4-fc7d50c2ee26
1438,108,d1f2ffce-e2d9-4bb1-ac1b-6489f5c8aa93,5f7be770-3356-41fb-aaf4-fc7d50c2ee26
1439,108,f0c1a628-b918-4f5f-ba71-2826a495dd8f,5f7be770-3356-41fb-aaf4-fc7d50c2ee26
1440,108,380bfcdc-2e20-4a03-9339-8ff60b768422,5f7be770-3356-41fb-aaf4-fc7d50c2ee26
1441,108,4409622b-7c04-40ba-b3e5-3f9379b0af5a,5f7be770-3356-41fb-aaf4-fc7d50c2ee26
1442,108,4fbb41d6-ee0f-424c-a051-d27346e95aa0,5f7be770-3356-41fb-aaf4-fc7d50c2ee26
1443,108,9086fd5a-d899-4e66-aecf-64682a49e687,5f7be770-3356-41fb-aaf4-fc7d50c2ee26
1445,815,33c36c78-c9d1-49fd-b65c-08d2558832d2,d69b5471-a2b1-4e7f-9f83-42102bcb4036
1446,817,5237cd01-9193-4d06-974f-69e611896063,5f91ca66-2ca7-4c83-a94a-1ec7d7c76f0d
1447,819,715999c4-7fd1-437d-8578-c98d5b2cf1e8,6bf2c7af-73ab-468a-8b4e-ac1cf06e535b
1448,822,39762a38-4ca5-4abb-9ce0-69c9b1a53f09,4d4600fd-a087-483a-b05f-37a68458e8d2
1449,823,3e5d3d0b-6d39-4a25-942b-7977c1f4f685,0242aea9-7693-42f5-84f6-3d8714bf78f3
1450,583,89d2176b-3a89-4c33-8781-66fbb0c54224,3932ea35-47e9-4310-b736-c5dd59c35ca7
1451,30,601f70b8-f6e9-4a82-82eb-e5f27ba706aa,bb7aae1f-3441-4535-9c63-08bdfb39f8f8
1452,57,2cbe1059-002a-41b4-b4be-e5b5be24c070,1598e550-b8aa-4dec-bc55-e601a99eec75
1453,30,3e2aef51-435f-4808-b6a1-3a0e3c89a05e,bb7aae1f-3441-4535-9c63-08bdfb39f8f8
1455,826,9da1102d-c78d-4108-8127-b94411c46a18,55e162a7-e5ba-4b96-b9e6-88ea7fdbead6
1456,68,92cdc4aa-6e8f-4fff-a1f7-060e1837bf60,afd91b2b-3133-41c6-8ff0-960e940cc679
1457,829,2aef5ba4-78e7-4447-8416-95a96564a96c,8a51d8d9-4201-4aa3-b7a4-29d0b4f4f5c7
1458,827,d695c0f2-adad-44ac-b27f-0712746f1746,16191677-84c9-4abc-982d-369b2be2a507
1458,830,d695c0f2-adad-44ac-b27f-0712746f1746,b27ed854-4bff-49b2-9fbb-c29018749331
1458,831,d695c0f2-adad-44ac-b27f-0712746f1746,0a1fa730-777a-4b5a-8a9d-0e8b1cd8ff46
1459,2429,46ccdb61-4ba2-4baa-85cf-2f50afa5e94a,6e31b387-b27c-4b24-ac6b-d7f552832ea0
1460,834,38a9094d-c3b6-4f6a-88d0-8b36ffc57be3,61905035-8fc9-4e83-bed0-e6a007d8bd52
1461,54,2f1e34bc-1cf7-4cc7-b0dc-24bb1407f98b,6904f673-d13b-47a1-9f39-a111bc52e1f4
1462,836,b7e029c1-011f-4fb8-aefb-018a2e974cf9,fee99b95-5882-46f9-ae71-17e9de55cfd3
1463,835,6b55cbfc-0877-46a9-983c-1d42bf4f28cf,56c302c9-d2ac-4d35-a46a-2a567ce093f4
1464,68,6b14fda7-7e70-4feb-ba76-79b94087059e,afd91b2b-3133-41c6-8ff0-960e940cc679
1465,827,bd485d68-a00c-4f50-9cda-6385cce1b392,16191677-84c9-4abc-982d-369b2be2a507
1465,837,bd485d68-a00c-4f50-9cda-6385cce1b392,80d25038-4f67-4705-810f-58fcaa4e9db1
1465,838,bd485d68-a00c-4f50-9cda-6385cce1b392,5b3da0ad-dbe9-4615-a938-7587c066331c
1466,840,9acdeb08-f071-487c-a779-dadf25f7540e,5529131c-e95e-4f32-9011-35e2fef6d85d
1467,841,326dffe6-0529-42a5-bd6e-d6151bc0cdce,bf103bf1-253b-4727-87be-050409e2b05a
1468,842,8685ca0f-8295-4111-9ce4-5f04e840cfea,e42d5ca6-fa1c-45c0-aa20-d7b8e58bad56
1469,841,958da4f1-0176-440d-a227-739ace2f2448,bf103bf1-253b-4727-87be-050409e2b05a
1470,841,d7b99995-1062-4aa0-8939-c257850c4a0a,bf103bf1-253b-4727-87be-050409e2b05a
1471,841,4ae43a1f-fd14-41e3-a487-779590960f9a,bf103bf1-253b-4727-87be-050409e2b05a
1472,694,676af4e2-cba6-4628-9c0b-d7a6ed0e8ac5,30505053-153b-45ed-a2da-6d8599a8bb72
1473,694,ae71b64f-f9fc-44dc-b6ed-6a1b4a40f523,30505053-153b-45ed-a2da-6d8599a8bb72
1473,695,ae71b64f-f9fc-44dc-b6ed-6a1b4a40f523,6bb76e15-0b40-4a22-b1eb-41a4dccf4047
1474,694,0d07b88a-cd80-40e2-96ee-6024daedc166,30505053-153b-45ed-a2da-6d8599a8bb72
1475,694,d7d1a062-54c9-4520-8a58-ce064c3ce2ad,30505053-153b-45ed-a2da-6d8599a8bb72
1475,695,d7d1a062-54c9-4520-8a58-ce064c3ce2ad,6bb76e15-0b40-4a22-b1eb-41a4dccf4047
1476,694,b9cbc789-74cb-489e-8adc-60a447831281,30505053-153b-45ed-a2da-6d8599a8bb72
1477,694,c8ce2da4-eed4-46b1-9238-1067f68f3c0b,30505053-153b-45ed-a2da-6d8599a8bb72
1478,694,7f8c35d7-5a94-4bae-ae02-dbf0cd32bf29,30505053-153b-45ed-a2da-6d8599a8bb72
1478,695,7f8c35d7-5a94-4bae-ae02-dbf0cd32bf29,6bb76e15-0b40-4a22-b1eb-41a4dccf4047
1479,751,ea6b4992-a97b-4da3-9f3f-a3621fc7f93f,77814e2f-e6b7-49f0-ab53-af34c3ec6320
1479,844,ea6b4992-a97b-4da3-9f3f-a3621fc7f93f,d784327d-7ae9-4167-bf29-f9ac842287ab
1480,30,11f75cc1-0621-48c6-84a4-325da27de82a,bb7aae1f-3441-4535-9c63-08bdfb39f8f8
1481,30,34ca3b5e-8ebf-44a7-9f69-9e1d1e26045c,bb7aae1f-3441-4535-9c63-08bdfb39f8f8
1486,845,89854b11-6b27-4d78-9f1f-2d9b1e109476,490cceba-74d4-4aad-a691-574bbace42d1
1487,30,06db289d-adf8-493b-b16a-5161c22e6150,bb7aae1f-3441-4535-9c63-08bdfb39f8f8
1489,846,82fae275-e9ff-4f5d-b9cd-cc86141198da,2bf10d58-5591-487d-92c2-1e863589ea93
1490,68,dfe32546-db3b-4a67-9f6a-214ddad1eb31,afd91b2b-3133-41c6-8ff0-960e940cc679
1491,68,5f6f4900-8e72-4f99-a1cd-c0013c3928e6,afd91b2b-3133-41c6-8ff0-960e940cc679
1492,68,af846aee-8e25-4bb2-9ee7-ce3a6762451a,afd91b2b-3133-41c6-8ff0-960e940cc679
1493,68,3f3e9053-2fcc-48a8-81e3-2ebc9869e4b2,afd91b2b-3133-41c6-8ff0-960e940cc679
1494,847,2aa175f5-2443-4e9b-9f08-7f3f597eb212,f808ef2b-d67d-4c7e-872e-5cd1ad685386
1495,30,99e99bc3-ac67-4f98-8624-13ef8cc5fd81,bb7aae1f-3441-4535-9c63-08bdfb39f8f8
1496,30,d6c8979f-02f7-403e-915e-873773b04bbe,bb7aae1f-3441-4535-9c63-08bdfb39f8f8
1497,30,3535eeb5-0166-4cd7-ad48-10e9f6b934d1,bb7aae1f-3441-4535-9c63-08bdfb39f8f8
1498,30,56329da0-61cf-4dba-91bf-249636967a95,bb7aae1f-3441-4535-9c63-08bdfb39f8f8
1499,30,a43740ca-02ff-4819-ac71-ec76c59fa70b,bb7aae1f-3441-4535-9c63-08bdfb39f8f8
1500,30,3c66e0d1-d4be-4e92-ba93-b032289759f9,bb7aae1f-3441-4535-9c63-08bdfb39f8f8
1501,30,968ed865-8f37-481e-bea8-0af78d8c6e93,bb7aae1f-3441-4535-9c63-08bdfb39f8f8
1502,30,fd5906c1-71ee-4030-b2d4-86671858e5f2,bb7aae1f-3441-4535-9c63-08bdfb39f8f8
1503,30,05b5aba9-d481-4a05-809f-c3ca007e3701,bb7aae1f-3441-4535-9c63-08bdfb39f8f8
1504,68,59425c6a-b45e-4d33-be5b-bab81e528479,afd91b2b-3133-41c6-8ff0-960e940cc679
1505,669,99926962-b38b-4564-bdce-e81b2ed5792f,0f6ce849-a6c3-4627-a333-8438303011c2
1506,669,660f3ce4-0f10-42aa-ab07-b6f79b31f66f,0f6ce849-a6c3-4627-a333-8438303011c2
1507,669,e930121e-ceda-40f1-9000-2f9e7f52fa89,0f6ce849-a6c3-4627-a333-8438303011c2
1508,669,3bdf4d78-7bf9-4904-a955-04fa6e6795cb,0f6ce849-a6c3-4627-a333-8438303011c2
1509,669,001cf5c8-8ac1-4d04-989c-736679ff0d81,0f6ce849-a6c3-4627-a333-8438303011c2
1510,30,15534bb7-af5d-4103-95e8-cc368182430b,bb7aae1f-3441-4535-9c63-08bdfb39f8f8
1511,142,9f23cda7-fe1a-4836-ba8b-1edda70f9d94,d87f6809-1c21-42e7-bb4a-3a9b4fe78c14
1512,142,692f14d6-f471-40ee-a0e6-69ccad29674f,d87f6809-1c21-42e7-bb4a-3a9b4fe78c14
1513,142,41038ebc-5d06-4bcf-97b6-62e5a67c828c,d87f6809-1c21-42e7-bb4a-3a9b4fe78c14
1514,142,7244a320-6881-45d1-97cd-dd7e5fecccb9,d87f6809-1c21-42e7-bb4a-3a9b4fe78c14
1516,123,bc5f940d-d732-46ac-918e-bf51f2414123,b58a7f4c-84b5-4026-b48c-23a0a896d9c3
1517,252,7888d9ac-9389-4790-a598-f159c49afb26,a0f3594d-183b-431f-8eba-ec051b26cef0
1518,274,517959da-ee1e-4f90-a129-91d27fc52cd3,605209cd-6e0f-448b-8ff2-3281b2260c6c
1519,396,2714156c-0dd3-4263-932a-3d37b47d8b87,f2f3e66d-e55c-4087-9fdb-81bab1e2a15b
1519,848,2714156c-0dd3-4263-932a-3d37b47d8b87,bab3c43d-b165-4608-af8c-d30763e84a13
1519,849,2714156c-0dd3-4263-932a-3d37b47d8b87,5cb8e1ff-ee09-4cd4-8707-b609c4b168b7
1520,851,af1e434e-db20-45d6-9617-5202b74d8c27,8616b8e2-6785-4fc1-a6d8-a04ca81523b3
1521,196,7a9b3f03-a0c9-4341-bcb0-f0936c2e92f7,80e331fb-4234-4bf8-8b11-4005e5463dff
1521,791,7a9b3f03-a0c9-4341-bcb0-f0936c2e92f7,f160cd4e-ee81-486e-a518-afd6bdd6bb29
1525,852,816cfb54-f02a-4ca5-9e29-8c6f399a0c60,6e991d2a-2086-4ad1-8267-af59b6c9bca1
1528,26,67a9fe3a-3f73-4560-a85e-f126987b42f8,db34c8a2-a139-466e-9f33-e8fca9123462
1529,791,313f75a9-5ef1-4db5-a906-282430f9756a,f160cd4e-ee81-486e-a518-afd6bdd6bb29
1529,853,313f75a9-5ef1-4db5-a906-282430f9756a,31f93f0d-9c39-4d8b-9f38-46e273e283f2
1530,791,83d36407-3152-4348-9571-ae8907b6c837,f160cd4e-ee81-486e-a518-afd6bdd6bb29
1530,853,83d36407-3152-4348-9571-ae8907b6c837,31f93f0d-9c39-4d8b-9f38-46e273e283f2
1531,854,dc452001-2fa3-4147-a56a-1f902c009c95,7f3cd390-8f2d-4a46-9e65-04f1868dce84
1532,26,47830177-c238-4138-b591-979372add7e3,db34c8a2-a139-466e-9f33-e8fca9123462
1533,26,70f2b7ce-52df-40d7-93e4-3271a83b1325,db34c8a2-a139-466e-9f33-e8fca9123462
1534,293,2da72d47-8b67-4fbf-ab90-726a1980e743,64c3a0e3-6898-4fa4-ba60-221c8a151432
1535,293,47945162-18d1-4f74-83e4-80ae3ab32438,64c3a0e3-6898-4fa4-ba60-221c8a151432
1536,293,3fe163a1-5ee8-4d55-bbe7-d6629941c41d,64c3a0e3-6898-4fa4-ba60-221c8a151432
1537,293,4633b548-b7a2-4db6-acae-3e21df586ba0,64c3a0e3-6898-4fa4-ba60-221c8a151432
1538,293,5d2ec678-295b-4275-87d9-1690b571060b,64c3a0e3-6898-4fa4-ba60-221c8a151432
1539,293,bfb88c74-e3a7-496f-a669-0652f846ace1,64c3a0e3-6898-4fa4-ba60-221c8a151432
1543,536,57da63ab-66b3-4123-bf4a-88dccc48fa68,554cfed4-9b62-499b-9fac-e17a408878ee
1543,542,57da63ab-66b3-4123-bf4a-88dccc48fa68,628f7fc2-6221-4e2a-850a-39b7a08e200d
1543,659,57da63ab-66b3-4123-bf4a-88dccc48fa68,1d6c6aa1-c3d3-45f5-bdbf-3fc53db70308
1545,856,c950fdd4-15dd-4bf0-b7b6-fc8ec525027c,d0965787-3a4d-44b5-a0bb-d7d33beec094
1546,498,db613a65-9827-4ee7-b9b3-9b450df0ee26,35435be0-57cd-4fe8-91b8-549f0b664590
1547,72,f874a9a8-18a3-4070-95ec-c0c1f766fb98,fe443097-9624-4f07-a603-4299cbc0422c
1548,72,5659d6f7-f68c-462f-8fca-4b47ebdb6da2,fe443097-9624-4f07-a603-4299cbc0422c
1549,72,b43c670b-e393-41d9-94b2-c30a58a798e1,fe443097-9624-4f07-a603-4299cbc0422c
1550,30,d7ed6f9c-fd87-4f49-b3ab-c0266080d9e0,bb7aae1f-3441-4535-9c63-08bdfb39f8f8
1551,30,083125e9-ea29-4f7e-8a70-a6ebffddceb3,bb7aae1f-3441-4535-9c63-08bdfb39f8f8
1552,30,826bd263-bf1d-4cee-aac6-e28a4e566de0,bb7aae1f-3441-4535-9c63-08bdfb39f8f8
1553,30,158d03bd-1c93-41bf-bca0-56a8a84ffe95,bb7aae1f-3441-4535-9c63-08bdfb39f8f8
1554,30,5a9732d6-99aa-4e74-a7ae-c1739b315670,bb7aae1f-3441-4535-9c63-08bdfb39f8f8
1556,859,f3ee09d2-dc1f-4b54-a515-9c36c24a037c,717bc6bc-bc64-4ebf-9619-6ec238b547dc
1557,94,2c6a4af1-8d63-4c67-8ce5-c6326cec7311,2569eeb7-5928-401e-a651-5136c314bc80
1557,860,2c6a4af1-8d63-4c67-8ce5-c6326cec7311,d0cd7b36-3d59-420e-86f0-d0b3905f3dbc
1558,858,e5b29b2c-7595-45d6-b2d4-3f6938a81d18,d3c73ca2-1ef9-4d02-a85b-2f6b583410ee
1558,860,e5b29b2c-7595-45d6-b2d4-3f6938a81d18,d0cd7b36-3d59-420e-86f0-d0b3905f3dbc
1558,861,e5b29b2c-7595-45d6-b2d4-3f6938a81d18,700e57ec-47c3-4201-adc9-bca9c1eee09b
1559,30,780cbce1-7c66-4ffd-8aeb-29d44388489e,bb7aae1f-3441-4535-9c63-08bdfb39f8f8
1561,30,e5571b23-af8a-43ab-9842-6a6925e0e1c9,bb7aae1f-3441-4535-9c63-08bdfb39f8f8
1562,30,8a19f52d-ed7a-4d63-bac9-7e6ccae3ccf3,bb7aae1f-3441-4535-9c63-08bdfb39f8f8
1563,30,424176ff-c81f-4c05-819c-fa11ae1c0366,bb7aae1f-3441-4535-9c63-08bdfb39f8f8
1564,30,7ea8402c-f5ab-4ed8-aad8-edde3c6f765e,bb7aae1f-3441-4535-9c63-08bdfb39f8f8
1565,863,069ef892-4c0e-4cac-9f35-940af79d89c2,02ace7c3-dabb-43c5-a755-f1d29861d0c3
1566,864,820e09df-1d68-46ea-87b3-8aa671e64fd8,997677ec-e75a-442e-8ad9-7396b0fbbc80
1569,67,bea40c3f-441d-44c4-a6d9-90e149cadb0c,f2095865-bbc8-408c-a50e-3a3a62630f2e
1569,865,bea40c3f-441d-44c4-a6d9-90e149cadb0c,d89d4860-c6b6-4340-8dc2-e3c44ed2b3e6
1570,67,9f3e666b-0155-4615-897a-bde7ed31f82c,f2095865-bbc8-408c-a50e-3a3a62630f2e
1571,865,c1648a5c-e3a8-4992-8a1a-e9ae8f2b608e,d89d4860-c6b6-4340-8dc2-e3c44ed2b3e6
1572,254,0eda90fa-6dc6-421b-95ff-a65b95f76328,1a0ce20d-61f0-44ed-955c-0419262fd302
1572,866,0eda90fa-6dc6-421b-95ff-a65b95f76328,b80a4873-2a70-47f3-b9c8-45c5f42e42e0
1573,254,0b522abd-cd87-45c2-b232-98f9a63a859a,1a0ce20d-61f0-44ed-955c-0419262fd302
1578,390,13ba3d36-5583-480b-9d10-3c392f37f358,ddf3d608-52f2-4a79-8ecc-c7ae539df4a8
1579,390,ead1e5b1-a8d1-4188-b991-9570c6699b2e,ddf3d608-52f2-4a79-8ecc-c7ae539df4a8
1580,390,55af8722-0eb5-4bf1-b19a-2b5c06c30044,ddf3d608-52f2-4a79-8ecc-c7ae539df4a8
1581,390,15f2a247-9a4c-4063-925a-eb5c6f76f428,ddf3d608-52f2-4a79-8ecc-c7ae539df4a8
1582,390,09dc0861-d00a-4e1c-b3f3-46007fdc6603,ddf3d608-52f2-4a79-8ecc-c7ae539df4a8
1583,390,7860bdaa-a832-4ff7-b498-bff6632842b5,ddf3d608-52f2-4a79-8ecc-c7ae539df4a8
1584,390,4980a473-260b-4237-b247-576a38742ecf,ddf3d608-52f2-4a79-8ecc-c7ae539df4a8
1585,868,3f3a0739-5156-4bcb-a8c1-243f74d5166d,37879f9b-3460-4996-af4c-f68941699bef
1587,869,e4b9e876-8e08-4824-9a1d-b57e5cedfdb3,fe55d3ec-4cdd-4cd7-a1ac-1730d8b9d2ba
1588,870,f29a1781-9faa-4290-95e1-c36ca8135541,a929417b-224f-41bb-908d-64595d4a4c7a
1589,871,8502dcbd-ce32-4ec5-9fa3-7917ac184665,bd0d0dc6-d239-4905-a56e-aeef06ba2979
1590,694,77131e3c-b613-4619-871e-b9d0ff03ba5c,30505053-153b-45ed-a2da-6d8599a8bb72
1591,694,c5338d75-1552-4cc1-8175-69450f741bc6,30505053-153b-45ed-a2da-6d8599a8bb72
1592,694,280e4703-08d3-4d49-825b-53364fc7591d,30505053-153b-45ed-a2da-6d8599a8bb72
1593,694,488b6286-2018-4cfe-a022-cbd7050d2d1b,30505053-153b-45ed-a2da-6d8599a8bb72
1594,694,d110e9fe-d1e5-4eff-a431-0a15456d8349,30505053-153b-45ed-a2da-6d8599a8bb72
1596,694,d18f550d-7a4b-44c2-8cce-096add4d2e15,30505053-153b-45ed-a2da-6d8599a8bb72
1597,694,4fba6eea-953b-47e3-9f87-82c52b835ddf,30505053-153b-45ed-a2da-6d8599a8bb72
1598,694,f177049c-a2e1-45be-a86a-300b1c794d00,30505053-153b-45ed-a2da-6d8599a8bb72
1599,694,e6125fbd-6d57-428e-b242-384fc911a45d,30505053-153b-45ed-a2da-6d8599a8bb72
1600,694,00988557-7d68-47bb-b7f3-e8438bb02d2e,30505053-153b-45ed-a2da-6d8599a8bb72
1601,872,00ea5a4e-34d0-4c74-9841-5868024bdce3,67799313-4c69-485b-9eec-ec943645e38b
1602,694,576a4423-7ad4-4596-a3cb-63e22d99659f,30505053-153b-45ed-a2da-6d8599a8bb72
1603,694,f7b6003a-0904-4b7e-adcd-2f220d84e2ac,30505053-153b-45ed-a2da-6d8599a8bb72
1604,393,fb804da5-d277-4752-bd64-c8697866e63c,d0f998fb-2c16-4ea5-a5ad-b6bc9b520197
1605,694,8783125f-7cdc-4f4c-9ccb-2f0f4a0e2a8d,30505053-153b-45ed-a2da-6d8599a8bb72
1606,818,4b53c708-3bf8-4c5d-84d1-d3c81c889ad4,693a2bf2-2347-43b1-9b4d-49312aafdd20
1606,873,4b53c708-3bf8-4c5d-84d1-d3c81c889ad4,ea0bbc46-c511-431a-9a13-02a398c90689
1606,874,4b53c708-3bf8-4c5d-84d1-d3c81c889ad4,2f4854e1-3c17-4a6d-9573-5adb786083c3
1607,873,708657ae-4c50-419d-a200-f6557db8726c,ea0bbc46-c511-431a-9a13-02a398c90689
1608,875,fe34777a-7be9-4e10-971f-cf75bb5457fe,09034b96-587e-4e20-b251-eb57ed06bd40
1610,878,89745cf8-f201-47ac-9e33-95cc0d516c3d,6913b3a1-1b26-43d7-9fcc-c045c820d5a4
1611,879,0af0991b-e351-440e-90f2-4df317923adb,a84421fe-267c-46b8-a026-bda21d14f810
1615,694,82a24eac-0b2f-493a-80e6-3e1ca5d8dfd1,30505053-153b-45ed-a2da-6d8599a8bb72
1615,695,82a24eac-0b2f-493a-80e6-3e1ca5d8dfd1,6bb76e15-0b40-4a22-b1eb-41a4dccf4047
1619,385,7e0492eb-3ad8-44a6-8017-ffbfadab3eef,9874b152-843d-4e71-94ba-77498a8f5e8e
1620,880,965059f3-8a66-4f86-8fde-b56ee405a250,697bbec2-883d-428c-b138-68cd3c07b3f0
1621,198,e499e036-33bb-42ac-b2cc-230ac08275d6,7cd90efa-bee2-42c0-899d-b5bf8cda74fd
1623,108,4023f16f-7200-4abb-a5a0-8d65dfa34b33,5f7be770-3356-41fb-aaf4-fc7d50c2ee26
1624,881,b5a320c6-c563-4b24-aa67-550770068016,384215ec-2fa9-403b-807c-eede787b731f
1625,431,925dfe86-0aaa-420c-93d7-83ae2fc3b2f8,a99ab47a-e75b-4af4-af55-7b24308971e7
1626,431,2b56e042-cedd-4d1e-8a69-e5ca12915294,a99ab47a-e75b-4af4-af55-7b24308971e7
1627,431,5c228022-eab7-41e3-aebf-00d66703912c,a99ab47a-e75b-4af4-af55-7b24308971e7
1628,431,56157a26-f175-4388-86e5-490f678325ad,a99ab47a-e75b-4af4-af55-7b24308971e7
1629,293,dbfce953-1133-4127-b0e5-49456720a050,64c3a0e3-6898-4fa4-ba60-221c8a151432
1630,293,b3073c28-e667-48fd-8792-739964fecba5,64c3a0e3-6898-4fa4-ba60-221c8a151432
1631,293,34df2a8d-6ee5-49c7-8f4d-8f482a970961,64c3a0e3-6898-4fa4-ba60-221c8a151432
1632,293,68b4245e-512a-4a80-871c-88265d94cd6f,64c3a0e3-6898-4fa4-ba60-221c8a151432
1633,293,098dc75b-5f67-4778-a252-49c79ef29ace,64c3a0e3-6898-4fa4-ba60-221c8a151432
1634,293,ec67a453-2c30-4252-add9-cb55db17f2a5,64c3a0e3-6898-4fa4-ba60-221c8a151432
1636,293,ad42bc79-33e8-4290-bc06-dc4cd0484ebd,64c3a0e3-6898-4fa4-ba60-221c8a151432
1637,293,0036aac0-4334-4272-b0f8-7d7cc52ccc12,64c3a0e3-6898-4fa4-ba60-221c8a151432
1638,293,fdc86846-c020-4783-91ba-c585c89f2835,64c3a0e3-6898-4fa4-ba60-221c8a151432
1639,293,81ee3c81-18f9-4214-abd4-3bc24556fa12,64c3a0e3-6898-4fa4-ba60-221c8a151432
1640,293,63ff8291-abf1-4c52-8020-25b2ed729f71,64c3a0e3-6898-4fa4-ba60-221c8a151432
1641,293,0302f4db-b31c-43e7-804f-9899261c95cc,64c3a0e3-6898-4fa4-ba60-221c8a151432
1642,293,116f2af7-217a-4c4a-87fe-0768261123c6,64c3a0e3-6898-4fa4-ba60-221c8a151432
1643,293,08463d5d-7821-444b-88f9-7f83e7e68ded,64c3a0e3-6898-4fa4-ba60-221c8a151432
1644,293,b9450c5c-57d9-485b-8da2-302b7117af15,64c3a0e3-6898-4fa4-ba60-221c8a151432
1646,293,6123cb3c-507c-4116-8680-b63d6f174773,64c3a0e3-6898-4fa4-ba60-221c8a151432
1646,3591,6123cb3c-507c-4116-8680-b63d6f174773,b2807cb3-38ba-4e4e-917b-d0342e06e6cc
1647,293,16698a2e-9b3b-4d8f-8bb8-869f402b50b5,64c3a0e3-6898-4fa4-ba60-221c8a151432
1648,293,b11442f5-b486-4102-a317-11c43ed8a302,64c3a0e3-6898-4fa4-ba60-221c8a151432
1650,293,abd10017-3b22-45e0-aff6-d39a996d99ac,64c3a0e3-6898-4fa4-ba60-221c8a151432
1651,293,b337bf8d-0169-4e00-ac34-438bd18534a0,64c3a0e3-6898-4fa4-ba60-221c8a151432
1652,293,d1d8ce17-a1e6-4ba6-81e9-ede69af3a20b,64c3a0e3-6898-4fa4-ba60-221c8a151432
1653,293,9d1c9fc1-8af6-4c87-8b2c-b23fc5f64136,64c3a0e3-6898-4fa4-ba60-221c8a151432
1654,293,50e41ec8-ded6-4bef-8d86-9c5e12d7e160,64c3a0e3-6898-4fa4-ba60-221c8a151432
1655,293,9a9ba830-5e60-43c1-abdb-df3f251ae96c,64c3a0e3-6898-4fa4-ba60-221c8a151432
1656,293,ee819950-134c-4bb2-964c-1290b530e6f0,64c3a0e3-6898-4fa4-ba60-221c8a151432
1657,293,a2fb09f3-3865-4775-a170-9b236b804ddb,64c3a0e3-6898-4fa4-ba60-221c8a151432
1660,671,b8505a41-fd0c-4dd6-af1a-201ac6dc0a28,4676d628-1234-432e-b491-0da980bcf022
1660,672,b8505a41-fd0c-4dd6-af1a-201ac6dc0a28,9ea447cb-1034-49e7-aa21-b1b4a45fbe72
1662,92,99f10084-a888-40b0-a224-3065f5d7a1b2,f2f95b74-46db-4f1b-9b20-093b0e6ca6a2
1664,30,ac88afea-5366-4743-9d1e-1a0cab333520,bb7aae1f-3441-4535-9c63-08bdfb39f8f8
1665,30,ca312302-a5cb-42dd-a962-6e08c6f93123,bb7aae1f-3441-4535-9c63-08bdfb39f8f8
1666,30,00a5e4a3-4d4a-4526-b3f1-a9b40d98e424,bb7aae1f-3441-4535-9c63-08bdfb39f8f8
1669,3130,cef24f00-b860-4f2c-93e2-4e35f40d9fb5,3a0cc1d5-ad0b-45db-bb02-31051c18bbba
1671,671,0e1a7b6d-5c4f-4dd7-88f5-e414923b85b9,4676d628-1234-432e-b491-0da980bcf022
1671,672,0e1a7b6d-5c4f-4dd7-88f5-e414923b85b9,9ea447cb-1034-49e7-aa21-b1b4a45fbe72
1672,293,6ea1e704-8541-45d5-8c24-118314ffa7fd,64c3a0e3-6898-4fa4-ba60-221c8a151432
1675,436,e219115a-72e9-46f4-88c8-b57e086b12e8,e6eba744-e6be-424e-b2c5-427258a5a797
1676,882,e83088a5-abc4-4811-8591-a1104a321f1e,b09d0d9e-fcc1-4a9a-a664-3e857801d141
1681,30,2b2773a8-a51b-4d83-b27e-5fab4f1114f5,bb7aae1f-3441-4535-9c63-08bdfb39f8f8
1682,30,2b4a4e8b-5763-4c39-82e5-42cf4c0c1ba0,bb7aae1f-3441-4535-9c63-08bdfb39f8f8
1683,801,8c8824ea-4e1d-4f19-ad05-6e67097a8ce6,c8cc0102-131a-49e1-af41-160aee2437d8
1684,801,10b3ecc3-9a17-43d9-8ebc-a02ec44dc63c,c8cc0102-131a-49e1-af41-160aee2437d8
1685,883,e8b3c88e-308e-4ac7-a389-0b831f0a5c32,6c2d7f43-02b4-4f23-937d-967de0a6418e
1686,884,4ae9d951-9374-4167-927e-90a11e54fc8a,65f7a779-c513-4abe-aec0-261bdfc898a1
1687,884,8d5fefba-55fa-42f0-8b6c-02b1d12281f5,65f7a779-c513-4abe-aec0-261bdfc898a1
1688,883,f923b85a-f5ee-4b43-bbb0-71a319810378,6c2d7f43-02b4-4f23-937d-967de0a6418e
1689,885,fe30b1da-aaaa-4f54-82fe-c733d7e5e124,db44b876-04e7-4035-8e08-acca5546d9c6
1690,886,772861bb-e8b1-4f66-91e1-0e79799bb02a,e93d168d-32fd-4551-85ec-ba4676a42dad
1691,197,7ee454a9-3b16-4fe5-b51c-e514968a9219,56bc3b31-8017-4135-a955-bcab03d0118d
1691,376,7ee454a9-3b16-4fe5-b51c-e514968a9219,db56554c-b426-4ff6-9d2b-e5060b7d625d
1692,887,ec388773-b957-4840-8a96-10f6e16b532d,88fee49a-489d-4f4b-9d6d-4460d601b3bb
1693,349,22b87925-d8cf-4f05-9a6c-e8c7fa25168f,8533ede3-2d80-4b66-baab-d4d71970d5bb
1694,346,5770ac89-795b-497e-84bf-6621487ec191,7494019d-1192-4725-873a-c09fde502136
1695,354,8f7ba2e3-0ca2-46a3-ae32-395a6b63739c,03f2b68f-01b6-468a-990a-b850073a31ce
1696,888,ab674ab8-97c4-4db9-9c92-e436fdda1809,9dd47a13-d38f-4dab-962f-f9ef14882268
1697,606,bfc9738b-11a8-422b-84ca-8b946202ac68,2c4d26d3-d171-4b3b-b1d6-0ccdcc300535
1699,379,1cab5632-01d6-42ee-9037-7795a6ea040a,8ac51883-bdf5-4eb4-91a0-5596c4353a91
1700,889,91a552d3-bcef-44ce-ba13-a81b9a1855b2,168e80f5-eac3-4426-8992-ccc07971c096
1701,4045,63aeef4e-fb53-4b24-ad55-e1753edd3a6f,a6dd0f63-1b10-4d90-967b-a2b542400419
1702,890,8b98de3f-1d10-4d25-b943-6e8912488d69,4ba1d9c3-61a6-48ed-af82-7724f3c76abb
1703,891,e8b55b06-3fac-41bf-af3e-815abb500ba6,323aa4b6-f7b0-48c3-af74-b230e081eb24
1704,201,6a4bb804-49d0-4011-8810-52d5c301105b,3f137e38-3e66-4d14-b598-b191dff21a32
1705,123,41ba92e7-ccb1-4fa1-ba47-1044e1384fb5,b58a7f4c-84b5-4026-b48c-23a0a896d9c3
1706,893,085c5119-2294-483d-b73c-d5e0a3821a10,d4603c13-b8bc-409a-af21-948358352b53
1707,389,8ba4c316-ef8e-4b3d-a0a4-8e9e73f4391f,11def3d7-51bf-4727-af9c-3ea43d29be95
1708,212,92444c05-649e-4ca3-a8b5-8e934f371c37,387e7381-5db4-4442-94d2-08f697823939
1709,895,76823c77-3daf-43fb-b24b-1e7fb5794b4c,251b0714-4def-4382-9b73-d18b48e0464e
1710,389,d3b026ad-6c69-414b-b93d-89cf0c3283a4,11def3d7-51bf-4727-af9c-3ea43d29be95
1711,896,b0163a57-def5-4e32-8dca-a9888c6c853b,b764508f-48da-4a46-8d83-0d2f3b3ee11d
1713,897,4f153557-c7fc-4685-b48c-1b50dce7e6c7,2973c035-4f4e-4fad-b9e1-9a238f74e57d
1714,252,fe18e328-92a3-468e-a34c-281bbd185035,a0f3594d-183b-431f-8eba-ec051b26cef0
1715,898,1c3a8dcf-7e24-4482-95c9-ae5ed6b4cd5f,f5e8d35a-b824-416c-aafd-c0d704958936
1717,899,a93dfdf8-5d0f-4b91-8b71-956960aa3f05,9ae635d9-dfe8-4302-92d2-bf41bc6032e7
1718,901,0ba63a4e-9218-4a0e-8797-185c348ff1c0,335dc216-2e4d-4eb2-b569-bbf40f5c7d7b
1719,60,73d7eaf3-2b6d-4e2d-b184-9b0881250195,5bc7db7d-3d2e-4ccb-936a-3e8df168e278
1719,902,73d7eaf3-2b6d-4e2d-b184-9b0881250195,75f55e5d-bc4a-4032-bf13-20a3998279d3
1720,3039,4a6fea9f-9b58-475d-9e6f-15f6d4ae9cbc,896bdde9-369e-45a3-9bd9-32283b5918c1
1721,459,66142f0d-3d05-477b-8a72-2885fa257e5b,48c96edd-3c61-40c2-a93b-51aa2bc00651
1722,903,f13b074f-87bd-4714-8349-52008f7dd9fd,e681a579-6be6-40aa-a762-decbd357ab42
1723,906,e124fd02-3060-4990-a571-45353d94bb64,3a922875-110e-4939-9ddf-bea64602bca9
1724,908,0fdce78b-e882-4ea5-ad1c-55ce7a082565,c3aa6ad0-a8e0-4ea7-9760-a2d618b93921
1725,407,cbfa1793-ccb1-4ff4-817f-c087ff4a6588,f23797df-3f32-4e33-94e3-ee1b3c2d0cd4
1726,910,86a80b45-f52f-49c4-be02-cce95738df87,8b814808-c025-4c62-a33f-2033bb89ba23
1727,911,c7b030d8-3138-4311-8285-31f1ec9753e5,b5be57a7-ae48-44ad-92d3-38021f663a65
1728,912,0a86aeeb-8563-4c84-ba01-2db881df3e93,ebc1007f-e6a6-410a-9932-20f371f0acfd
1729,913,3047c4f2-623c-4fa2-9afe-d8307a7742d8,d028eedd-6705-4f84-b31b-0d83db94d254
1730,914,5f36725c-c30e-46cf-a954-0f712b3003b4,2c0d1302-391b-4131-ba23-146ddbdcd7c0
1731,401,3a54b9b2-0e56-41a1-8e86-3bd8449d5fdc,5fdc1435-8a2b-4ea5-b5cd-e793ab3fdb95
1732,97,46009f67-d6f0-490e-8d91-bacae381cc41,0e3f1222-0818-418f-b20f-b5fa1ae1ef3c
1732,916,46009f67-d6f0-490e-8d91-bacae381cc41,d851cef8-7ed7-40a4-8970-08ab41b2f748
1732,3701,46009f67-d6f0-490e-8d91-bacae381cc41,d8e89a81-c273-46bf-b03a-106a97e3f05c
1733,919,114679c9-7d62-4aae-a62b-05cbe263fb69,4e394863-0b7b-442e-8522-083ff7eda361
1734,197,40ec9484-47e0-42e1-ac63-0af7b4dfcff8,56bc3b31-8017-4135-a955-bcab03d0118d
1735,198,3af8d7e7-ac78-4139-b835-40217246a6d7,7cd90efa-bee2-42c0-899d-b5bf8cda74fd
1736,198,deb6fbef-a846-4222-8226-c2eb01fb2707,7cd90efa-bee2-42c0-899d-b5bf8cda74fd
1737,920,1306b863-8080-4b86-a2e6-3f74f1447a2d,4204a484-fa47-4414-b6a9-f57118113ee4
1738,923,2f41117a-8809-4eb0-b0b0-4716de524f1d,a9328898-40b9-4120-a481-7f3d932e6e00
1739,30,8a0f5e86-6230-4d34-93b4-34047a572428,bb7aae1f-3441-4535-9c63-08bdfb39f8f8
1740,30,d12556cf-fcfb-4f45-aa39-89b7ca591a3e,bb7aae1f-3441-4535-9c63-08bdfb39f8f8
1741,30,256d2c96-b592-4455-b41c-936a128f790f,bb7aae1f-3441-4535-9c63-08bdfb39f8f8
1742,30,af6ee364-0c2d-418d-aa28-8ea998adb6ca,bb7aae1f-3441-4535-9c63-08bdfb39f8f8
1743,30,337db6cc-9951-4bda-bc6d-e71e6d8221dd,bb7aae1f-3441-4535-9c63-08bdfb39f8f8
1745,30,be29b605-d75b-4ba3-be39-7c6cd5f97938,bb7aae1f-3441-4535-9c63-08bdfb39f8f8
1746,30,400a1cbd-7c70-4029-8315-5288caeff609,bb7aae1f-3441-4535-9c63-08bdfb39f8f8
1748,924,1a196c84-7b31-462d-9dc0-354258c69ed2,cac4be0d-1689-4a78-b704-901d6ec9b1d9
1749,67,d83dda00-6141-45c5-8000-0b0e77b155c5,f2095865-bbc8-408c-a50e-3a3a62630f2e
1750,925,7099cf35-e1a6-4858-8361-4089802d03af,50b87155-b218-4506-90d5-3fad45c5b954
1751,927,cea0affc-7222-4448-a089-7c3608d3cf09,53f837bc-e0d0-4ff7-8114-ddb12e0447ae
1752,1282,5505fe5d-595e-4ac6-a40b-2634f6f5ba0b,cccfde16-ade9-44ed-9fc5-fae549a0d6ce
1753,928,67be8e90-092a-456d-b32a-faca3b201044,9cd44609-0448-4a46-adda-5250e862a6de
1754,929,3ec3992f-c30f-4bec-8d0f-9958dc507ee7,e0393e6c-95be-42df-ae4d-df06b1b20ae8
1754,930,3ec3992f-c30f-4bec-8d0f-9958dc507ee7,4eb097f2-aa27-4bbf-8462-9c163f7dcbcc
1754,931,3ec3992f-c30f-4bec-8d0f-9958dc507ee7,d75ee033-a347-454e-879f-b3c020fd3295
1755,459,a165800f-af85-4f5c-b479-d41c0e8daee3,48c96edd-3c61-40c2-a93b-51aa2bc00651
1756,933,4f6e5442-61ab-4b4e-b9e4-03bde69c3db2,c1fc433a-6483-4cb3-b441-79a7b3b34b11
1757,294,0478c20c-7a23-4502-bd85-1f01d8cf60bc,2b9dd7af-cd0a-415b-8179-41dcf5c05349
1758,498,59bc80ae-8f08-4b2e-8ccd-950b72b764a1,35435be0-57cd-4fe8-91b8-549f0b664590
1758,570,59bc80ae-8f08-4b2e-8ccd-950b72b764a1,2247684a-2b62-4875-9821-753c52d7bc0d
1758,580,59bc80ae-8f08-4b2e-8ccd-950b72b764a1,9bef4173-a3b3-4ffd-aaa3-320a9daa1611
1759,936,e83ebf19-f1a3-44c3-aaff-a514df440c01,1903af66-8018-43a2-af63-d46d0d9fcc3f
1760,937,68a6c6aa-19a5-4c07-af34-914e938d8f2e,9e46ca74-6712-492d-8ced-39d8b9e2eb36
1761,940,b362d3d0-d6d1-4398-95a3-b4d0d5ff2a1e,94ef45db-b243-46f8-957b-c8c49d813d8d
1762,943,d19f6a72-509b-4145-807d-ad71c68c5b90,417b0b5e-4a3b-4c2c-a1ef-2a54983932dc
1763,944,fef9bd80-bb6e-47e1-89db-4a6a3cd05f72,f144af98-dae2-4259-9215-b01f3b8279ba
1763,945,fef9bd80-bb6e-47e1-89db-4a6a3cd05f72,19944a8e-e291-498e-a889-a03000dfaf87
1763,946,fef9bd80-bb6e-47e1-89db-4a6a3cd05f72,040863f2-1420-412d-8f04-07667d341b9c
1764,782,bfcedf5d-70a4-4ca1-9cdf-9d53f2c797ed,69d44ce5-79a0-4f75-abb8-07232d98141b
1764,947,bfcedf5d-70a4-4ca1-9cdf-9d53f2c797ed,1301b7ea-701e-46eb-a70f-6c57e559efbc
1765,948,83e8b562-3781-48b2-bb53-ee917af36f7e,33b94c3a-5a0d-4709-bbcd-af79d6991fe9
1766,950,255a6b85-c5e0-4bda-ab9d-648609c613f0,92bd0314-471a-4531-af90-177012639989
1767,108,616441e4-c65a-4275-9c12-cb8f01ed3c01,5f7be770-3356-41fb-aaf4-fc7d50c2ee26
1768,953,230dbf8e-058c-4da5-9445-f1f4dc43ccd5,c782ea29-0b48-4351-9a9e-7eac1033199f
1769,954,3ca20f20-f0cc-4a54-bbdd-9d9433ee0f6a,fd0e83d7-af9a-4e9d-b0fb-3678450ef1a9
1771,955,e854a17c-8f35-4ff9-a460-0295cc4f2401,4421928b-85ec-425f-a596-c6ce150f0023
1776,956,65ce0e00-02ea-414d-8a3a-85adc596a1f6,750787dd-8b06-4283-9b93-c90193d34fa0
1781,958,d9db5a52-fefa-4c5b-80b9-9d15d75fe8e4,7681aab0-7635-4c32-8753-f7e2224c1f26
1782,959,70ced041-98ee-4517-ad4c-aab07ae40293,628318dc-6206-4246-8f1c-a94ee2b7b285
1782,960,70ced041-98ee-4517-ad4c-aab07ae40293,fe8ccb45-9e06-4d48-b651-f4dfd85df7c2
1783,961,85a453bc-cb23-453d-b874-3f7245de0c16,678dbbd2-0bca-4356-9320-5996c3ff78bb
1784,964,3a13d769-fe52-4ec3-9051-630a419b5efc,08f8b219-b19d-44b9-9bd6-ddd67052f973
1786,293,b976d23b-4908-4e16-a218-e860c4f05f32,64c3a0e3-6898-4fa4-ba60-221c8a151432
1787,308,1e66a386-37df-4fc3-ba7e-ecc5eac5e5f0,09e4f542-0f08-46c9-96ef-add623a43ede
1787,965,1e66a386-37df-4fc3-ba7e-ecc5eac5e5f0,5d8eadfa-323a-46e7-ac75-fc01ce1e9e0c
1789,967,0a4dafbc-7f9c-4655-9e11-130094f99a77,0a82892a-1ce0-4007-9124-cdf888e8b2d5
1791,438,cd36a71f-44b8-4b8f-9c3f-3fb37b4b81bd,f059a370-1959-40f1-a04a-8510b93b9a72
1791,498,cd36a71f-44b8-4b8f-9c3f-3fb37b4b81bd,35435be0-57cd-4fe8-91b8-549f0b664590
1792,438,49e0e04f-0a6f-4f01-9b89-2acf2c143154,f059a370-1959-40f1-a04a-8510b93b9a72
1792,498,49e0e04f-0a6f-4f01-9b89-2acf2c143154,35435be0-57cd-4fe8-91b8-549f0b664590
1793,438,13a010b0-9006-4b59-9a78-508dbf62e93b,f059a370-1959-40f1-a04a-8510b93b9a72
1793,498,13a010b0-9006-4b59-9a78-508dbf62e93b,35435be0-57cd-4fe8-91b8-549f0b664590
1794,438,3ef88353-1c47-4507-af6d-7818318b4195,f059a370-1959-40f1-a04a-8510b93b9a72
1794,498,3ef88353-1c47-4507-af6d-7818318b4195,35435be0-57cd-4fe8-91b8-549f0b664590
1795,438,769dcb3a-3220-4652-b871-c7104fef05c8,f059a370-1959-40f1-a04a-8510b93b9a72
1795,498,769dcb3a-3220-4652-b871-c7104fef05c8,35435be0-57cd-4fe8-91b8-549f0b664590
1797,968,fd96e282-481c-40be-8b40-d48c302bded3,d5079611-d52e-4d4d-9214-3e8235c6bc4e
1798,968,7bd8a75a-b9ec-4c09-98ee-2431cd03baf5,d5079611-d52e-4d4d-9214-3e8235c6bc4e
1800,294,c66d4f27-f772-4b47-a295-a871a5e9c309,2b9dd7af-cd0a-415b-8179-41dcf5c05349
1800,969,c66d4f27-f772-4b47-a295-a871a5e9c309,ac0a2392-42d9-4107-97ae-be62102ec9d3
1801,970,44c6bc99-8f79-453c-9494-e5cfc8cc63f1,aa2275dd-b7b6-4ca1-ae42-ed796e0aa9df
1802,4264,f60288a6-b055-4c43-88b5-88c7b5611598,924a7488-a38c-4b4d-b976-130c820782f4
1803,801,e4faa686-ba87-496b-a4ee-27199ceb6c66,c8cc0102-131a-49e1-af41-160aee2437d8
1804,785,e7576635-8c0f-46a9-843b-94f1a233cb5f,1723c427-8c5c-4196-8045-2eeb29e39f86
1804,801,e7576635-8c0f-46a9-843b-94f1a233cb5f,c8cc0102-131a-49e1-af41-160aee2437d8
1805,390,e498ecf6-c080-4c08-85e1-c0cff43bf03c,ddf3d608-52f2-4a79-8ecc-c7ae539df4a8
1806,971,95714802-684b-4690-99cd-496554670565,7b0aa198-c229-45a9-b66e-192ca2580c8c
1807,972,dc954fde-a68c-41bb-9608-6ec206f240de,25cf4c34-5f8c-4da9-a98d-c9490e36d4dc
1808,907,c29e8c99-887a-4777-a94a-0716395edb3c,7253e57c-c620-45b5-bf50-8e221811e35b
1808,973,c29e8c99-887a-4777-a94a-0716395edb3c,64722eb4-118c-4ac7-b43a-ef06a88ee6a2
1809,976,f0275aa9-74f8-4fed-ac30-148960f72ace,c820fe5b-cf79-4943-adb1-b5db18b769bc
1810,908,d1abf534-ca27-4a11-b132-a0eeca3ca016,c3aa6ad0-a8e0-4ea7-9760-a2d618b93921
1810,977,d1abf534-ca27-4a11-b132-a0eeca3ca016,3bfd35b4-c8dd-4368-a0a6-1f414c42107b
1811,980,53e5fa9e-83d6-4c66-93ae-4c9cd16ba353,49cef2c5-ed3a-428d-bfc4-65fb64a3db52
1812,981,8e67ca44-10aa-4316-a8a1-b09728eb0b0c,6239889a-4ead-4a95-b194-3072c91d68fd
1813,108,fcb380ae-7bd2-4cac-b0d8-d5bfd5cea2d8,5f7be770-3356-41fb-aaf4-fc7d50c2ee26
1813,459,fcb380ae-7bd2-4cac-b0d8-d5bfd5cea2d8,48c96edd-3c61-40c2-a93b-51aa2bc00651
1814,211,4f1f7960-fc85-4ace-8b52-5a6ead505bd2,82b6750f-cef7-4337-a378-bcbf6aaa3530
1814,982,4f1f7960-fc85-4ace-8b52-5a6ead505bd2,96c690a7-770f-44c0-87ef-7420f98d5dbb
1816,983,adede875-2b02-41ae-b874-a76229d9dff6,bed96e26-65c6-4aad-9209-6004de2b72ec
1817,294,d93cd237-b7a4-4730-8b39-436e6279b85b,2b9dd7af-cd0a-415b-8179-41dcf5c05349
1818,984,5d5d9e9a-cf15-4c09-a508-6d51303a4a40,6b81df28-cf9d-48b0-8d18-07f2d28651c3
1819,254,ceaaa9ab-f6a1-47a6-948a-b5c33b40e122,1a0ce20d-61f0-44ed-955c-0419262fd302
1820,985,5d25d17f-45e7-4eb9-828d-73adbbdff762,2c50ddd4-000f-4429-a256-3af34cf375dd
1821,379,c4f21a4c-5567-4df8-a61c-84b8c357c6dd,8ac51883-bdf5-4eb4-91a0-5596c4353a91
1822,168,ec843869-fcfb-4468-a223-a483af3b465b,311ce9a9-1813-4d4c-aeab-fb990271b27d
1823,389,364fc95d-5ebd-4426-ba55-339f66a90a81,11def3d7-51bf-4727-af9c-3ea43d29be95
1824,986,c449edc8-c1fd-4b26-b0ac-28689b6b67ad,aaf0c629-0e13-4bc4-aa80-3baa2867606b
1825,67,0e16b14a-c566-4f78-9e1a-4a9afeb3afb1,f2095865-bbc8-408c-a50e-3a3a62630f2e
1826,987,d45ffe1e-b98f-44d2-9d32-47f377d4e546,61c13a38-8ed6-4404-9ee7-58a11e8cc6fc
1827,26,dd39cc0f-c1ae-49d2-86da-f8a87c97dc20,db34c8a2-a139-466e-9f33-e8fca9123462
1828,211,4e48d2bb-e953-4966-9b60-5fae464e5377,82b6750f-cef7-4337-a378-bcbf6aaa3530
1828,520,4e48d2bb-e953-4966-9b60-5fae464e5377,6b372a3d-7d01-499a-a4a1-87a9610e13c9
1829,123,3bd2dda6-e8e1-42d4-a4a2-6a0d22cf22f5,b58a7f4c-84b5-4026-b48c-23a0a896d9c3
1829,988,3bd2dda6-e8e1-42d4-a4a2-6a0d22cf22f5,09457fd0-4786-4c57-a0bd-82e8bdc4bd9d
1830,108,fe1c1b81-fbe3-47f8-a3a5-ddd377c7cc53,5f7be770-3356-41fb-aaf4-fc7d50c2ee26
1831,108,d9d99935-5155-425a-a0b6-9addd4b31020,5f7be770-3356-41fb-aaf4-fc7d50c2ee26
1832,108,53147061-df9f-490f-95a1-2a89b6cafd1a,5f7be770-3356-41fb-aaf4-fc7d50c2ee26
1833,989,3a13cfed-e28f-44da-8d0a-37c462cd6a4a,0c1aa013-a656-46a8-b207-ed061a8c1ba6
1834,108,9260ddb0-ab86-44b7-9d32-ef9037ebc4a0,5f7be770-3356-41fb-aaf4-fc7d50c2ee26
1834,198,9260ddb0-ab86-44b7-9d32-ef9037ebc4a0,7cd90efa-bee2-42c0-899d-b5bf8cda74fd
1835,521,924e256e-5c89-4b33-a1f1-4bcf06dba187,83e1ed00-4da1-4fbe-aaa2-aab5f88f74ed
1836,26,8c6a8092-b4de-4814-90fc-108ab37f6268,db34c8a2-a139-466e-9f33-e8fca9123462
1837,521,a4d70fc9-13b2-4d09-b848-7bcd7882622e,83e1ed00-4da1-4fbe-aaa2-aab5f88f74ed
1838,108,8a0a0631-8eab-47f4-8831-b6db838f2bfc,5f7be770-3356-41fb-aaf4-fc7d50c2ee26
1839,990,2c23e8a7-ba87-4ce7-9fca-c5c5f7378c89,f19a0ed9-dffa-42b3-8075-36fd8220fcd5
1840,992,d43b24ce-5976-4d22-ba46-aa083018f1de,9431d98c-20af-4daa-a3cb-3f4b07081b84
1841,994,aef9e1c3-f211-4acc-bd65-95990b90e9e7,b31df58b-a6af-45e9-abbf-2e99ccd6850f
1842,883,8aa22cc7-62f6-4231-aa51-60ea6e2ac5ef,6c2d7f43-02b4-4f23-937d-967de0a6418e
1844,996,4f6bd2a1-0588-481e-a2b3-7f94241fea3d,c777fe9f-401b-4374-b672-27347862b8b0
1845,997,e319cef3-fe2e-4fbf-826d-a0413aa12b6b,98f97175-bc02-40be-8c11-c6e7c4754716
1846,254,660146e7-987c-4b6d-9a2d-b280135e2553,1a0ce20d-61f0-44ed-955c-0419262fd302
1847,998,69c9d4d1-a01d-45e7-95b2-4143b7dbbf52,3ebf5a51-eb86-4400-8678-9d4bdbfa095a
1848,999,89b31c36-0e0e-44f2-899d-78c95169c8f0,7ba13b67-f3dd-45ef-bb45-040f4fdb4db0
1848,1000,89b31c36-0e0e-44f2-899d-78c95169c8f0,f9416443-4cb4-4d1b-af3e-486fe6e04878
1849,898,6c181212-99f0-4a64-b95a-96836ca1d8a7,f5e8d35a-b824-416c-aafd-c0d704958936
1850,1001,013eaa96-ab81-443b-a276-68695a5066d6,4f9824f6-be57-4793-9bdf-6dbf0da73129
1851,123,c27fe31c-d61a-4167-b771-988c71b71557,b58a7f4c-84b5-4026-b48c-23a0a896d9c3
1852,1002,b4fe9092-8c55-42dc-950a-bb0c8eb47990,27700930-fdb6-4d3b-b56c-a44262f26c80
1853,40,ad13a545-d3e0-4b2e-a0b5-84a0d7ae7111,4401261c-13d5-41e0-84c7-c38068ef54dc
1854,54,92cfe6f5-3286-4d97-827f-9b2e2e539df8,6904f673-d13b-47a1-9f39-a111bc52e1f4
1854,1003,92cfe6f5-3286-4d97-827f-9b2e2e539df8,fd1e1f11-0f49-451b-a8c8-9b0263b3ee82
1855,1004,181111d5-df6d-429e-a9fd-fdf6cdf28e82,c91f63bb-256b-4168-94a8-1d36bbc28b19
1856,1005,7bb6219f-35e9-4b58-af6f-97d14bbcd4c9,8b7ffd49-64de-4082-b503-a067ec184087
1857,1006,af81b03b-3176-4842-88a6-86c406aebf7c,311e5c49-1b97-499c-a690-7fdd0c8b40ee
1858,1008,a2daa192-ece2-4a4a-a64f-3711bad063e4,4a3464a3-6b40-4c1d-b0b0-73ff6853bf2f
1859,853,3b1cd17e-7330-4f24-8ebf-15a61a886c0c,31f93f0d-9c39-4d8b-9f38-46e273e283f2
1860,211,25af89f8-ddb2-461c-988f-6d3b517e38be,82b6750f-cef7-4337-a378-bcbf6aaa3530
1861,1010,e1208990-4d23-4fe1-a5e5-3dbf54d4d1e8,ec640403-23f8-49f9-b7e9-0dad84f7523f
1862,3133,538e18cb-a52c-4b58-bae6-070e4bd0b175,000fe0e9-a99a-4bc0-a328-cd828ed535a6
1863,3132,345a455d-ae1c-48f5-aaa7-a4f879c281ca,d6d5e171-8ff1-42aa-a09f-89b8636b6e8f
1864,1012,b5083100-eccd-4c86-9083-119de3a53213,079e317c-0c77-4dc3-9a68-53b10a7bfdb3
1865,1013,69a29745-fc47-404d-8c41-facf1b154c40,6fc9944a-6057-420f-bc52-5a1c2e8f9622
1866,1014,e3411038-9955-494f-9e82-c536965036e3,0bb93368-0080-4085-a3fe-b8a677b53b6e
1867,1015,464e086d-b87c-43ca-80fe-68aaf756ad0e,67e2e64e-b5a5-47f6-bd52-05093f246ea6
1867,1016,464e086d-b87c-43ca-80fe-68aaf756ad0e,507d87b3-b142-43d5-981d-e06bcebf4c11
1867,1017,464e086d-b87c-43ca-80fe-68aaf756ad0e,73ed30fd-9a07-4e9a-90ef-2d970a9bb980
1868,1019,584da5d2-dfea-4b12-b221-0234b2ea4684,d5a9033d-169a-4153-8a67-8a2849d8083c
1869,212,b53add74-3596-4e22-a5dd-ac51180dfb20,387e7381-5db4-4442-94d2-08f697823939
1870,3971,a8d999fe-5fef-4e92-9e1b-723addd86b92,765c7fb8-e53c-4c71-adaa-1c150cf07a9b
1872,1020,717cc65e-4f78-4efa-bdc9-3b4551892ede,3146f264-5748-48b9-8497-74409ec74c33
1873,207,4ea34884-f50f-45ea-a3dd-fe3caae65252,4b93d464-3857-4604-811a-361397bbb383
1874,44,4a712a94-f574-41f0-bef5-d0b548ed0089,eade8dac-7b7a-463e-95c3-ee35fb7cd2e2
1875,751,9cbf56dd-0f5c-4cce-bc5c-4a02807c03c7,77814e2f-e6b7-49f0-ab53-af34c3ec6320
1876,1022,b9abbb4d-2f10-4740-8b37-d0dd4b118ef1,d717e18c-8df9-4d87-856f-b9284eed3e62
1877,521,816cd567-f535-4ec2-b352-bf0032d3d05f,83e1ed00-4da1-4fbe-aaa2-aab5f88f74ed
1878,1024,8d2fc482-80c6-4adf-a56e-c29d5d65a910,bbb3301a-14ff-4bb1-bcb0-5ba64022b43d
1879,1025,60ffdf43-3048-43a7-8d09-a49d697042c8,5fd2aba3-4c83-43df-adad-b97f962b471b
1880,1026,91c804a8-14ba-4741-b3bd-0ac2e2b69ff8,5d5cc90b-355a-4d45-9e2d-84f38f72e872
1880,1027,91c804a8-14ba-4741-b3bd-0ac2e2b69ff8,d8521f76-539c-47a7-9260-53f8fa1a97a9
1880,1028,91c804a8-14ba-4741-b3bd-0ac2e2b69ff8,78735dcf-142a-450c-8f0d-3b6e7b77e06b
1881,1029,bb4a6024-bcc7-443b-81b3-c22461fac980,e0f92445-3a31-4bcd-a59e-334f7dfc7157
1882,26,13241a76-89d8-4bc9-9034-c0864b33aaf3,db34c8a2-a139-466e-9f33-e8fca9123462
1883,550,57169cde-5d0b-4480-b1b8-01c2867d2191,b981b2d2-a48a-4b5e-a936-0e29b1b943b6
1883,1030,57169cde-5d0b-4480-b1b8-01c2867d2191,bad4b277-7c8b-450f-b17c-fdea8888c0d3
1884,1031,ce2495d0-4037-490c-a14a-705bba3db226,d37205d9-ff56-4b97-a9f0-e40d2616bccc
1885,705,bb79ca1c-53b0-4a84-9e3a-3537bf6bfc13,a40e9b43-e036-4435-b9eb-4b4497d2cd7c
1885,784,bb79ca1c-53b0-4a84-9e3a-3537bf6bfc13,72b37602-4df6-42ad-92df-4f215cafdffd
1886,478,0de74da4-9cb3-443b-82d6-3209a5184daa,e68e0e90-0cff-4dd7-a439-ccf93c8ed822
1888,1032,7cd21085-1dcb-4744-a82a-05d620ed7ee8,3a352c2b-fd99-406d-b440-39cad80b1dff
1889,705,a6f27322-609a-4ff2-a0c7-0b7b64fc8bea,a40e9b43-e036-4435-b9eb-4b4497d2cd7c
1889,784,a6f27322-609a-4ff2-a0c7-0b7b64fc8bea,72b37602-4df6-42ad-92df-4f215cafdffd
1890,30,1e219932-d525-495c-a2ec-7766b48dcf8c,bb7aae1f-3441-4535-9c63-08bdfb39f8f8
1891,123,4e3c9147-0532-4a8f-9143-a1a3ec40f26f,b58a7f4c-84b5-4026-b48c-23a0a896d9c3
1892,30,e047737e-af22-4e7e-9e76-1cb9acde5b53,bb7aae1f-3441-4535-9c63-08bdfb39f8f8
1893,1033,4f26b9b5-0d2a-4c04-96b9-4cbd50810171,85f249bb-4ed5-4ff1-8bf8-6d74b9a4b589
1894,211,6d9e97b3-2c55-4e97-ba6a-988121e92c02,82b6750f-cef7-4337-a378-bcbf6aaa3530
1894,520,6d9e97b3-2c55-4e97-ba6a-988121e92c02,6b372a3d-7d01-499a-a4a1-87a9610e13c9
1895,30,0ac8a467-d66e-442b-a82c-34e652939310,bb7aae1f-3441-4535-9c63-08bdfb39f8f8
1896,1034,e248e678-f0df-4ae8-a769-90df1388cef0,06cec41f-3aca-42c2-ab2b-60d70ee3166b
1897,30,79b8300d-6030-4257-b261-8ed532e5fc3c,bb7aae1f-3441-4535-9c63-08bdfb39f8f8
1898,30,3ec168b6-f1d6-4652-afce-be90fe676e9d,bb7aae1f-3441-4535-9c63-08bdfb39f8f8
1899,211,87ebe0b3-924a-4ad8-a82f-dcc462ab9011,82b6750f-cef7-4337-a378-bcbf6aaa3530
1899,520,87ebe0b3-924a-4ad8-a82f-dcc462ab9011,6b372a3d-7d01-499a-a4a1-87a9610e13c9
1900,30,391688f8-8aa6-49fe-88bb-fa2b2ce7bf8e,bb7aae1f-3441-4535-9c63-08bdfb39f8f8
1900,1035,391688f8-8aa6-49fe-88bb-fa2b2ce7bf8e,266f3fb5-3414-461c-bf11-7f0a58fe68b0
1901,411,9d2d295a-4204-4ddf-8cad-5a3398786191,2f5bc12a-e1ea-43d2-9b0e-378da9f5eca5
1902,782,14e61bb5-004f-4cfe-bd9d-5bdee03ff15a,69d44ce5-79a0-4f75-abb8-07232d98141b
1902,1036,14e61bb5-004f-4cfe-bd9d-5bdee03ff15a,c49f005d-93ed-46b7-869b-2d17f51ad8a9
1903,30,26f6737b-477d-4019-821e-3079d4859195,bb7aae1f-3441-4535-9c63-08bdfb39f8f8
1904,846,cf511db1-ee3d-4745-9e20-2392bad3df94,2bf10d58-5591-487d-92c2-1e863589ea93
1905,26,054d88e9-40d0-4fc4-9487-1831f6012777,db34c8a2-a139-466e-9f33-e8fca9123462
1906,26,c9035773-d1ac-42d2-98d7-2f85de3c4a8f,db34c8a2-a139-466e-9f33-e8fca9123462
1907,26,746c4a9a-14f3-4739-874c-5f78b4729634,db34c8a2-a139-466e-9f33-e8fca9123462
1908,1037,e4513873-5685-4aac-9b57-a4a9077a2e3a,4c056e7c-3990-4c2e-b15e-708d9900fd68
1909,791,ec25b6f4-d909-4706-9d3e-9945260d37fc,f160cd4e-ee81-486e-a518-afd6bdd6bb29
1909,854,ec25b6f4-d909-4706-9d3e-9945260d37fc,7f3cd390-8f2d-4a46-9e65-04f1868dce84
1910,791,fb1b38ab-5550-4c2e-9d21-45637c7850ff,f160cd4e-ee81-486e-a518-afd6bdd6bb29
1910,853,fb1b38ab-5550-4c2e-9d21-45637c7850ff,31f93f0d-9c39-4d8b-9f38-46e273e283f2
1911,1038,138faf1d-639d-42f3-a024-53e3b473f4be,0a98187b-8496-4c46-9b33-06abfed355fd
1913,1034,1c3a665f-826a-485c-a771-6054de39cf30,06cec41f-3aca-42c2-ab2b-60d70ee3166b
1913,1039,1c3a665f-826a-485c-a771-6054de39cf30,4a9d4730-80d2-4b65-846b-781630f85fbe
1914,1040,9f919fe6-f64a-4d66-aeed-5bfeaffd1797,67872a8f-ee51-4d33-9d01-cf8bec7db5c2
1915,1041,97a44a88-fdf3-4476-aacf-296de7361de9,6b549eb4-6b99-4786-af4b-d6fe5d6a580c
1916,26,bb3a58be-7c51-4909-b374-de09e9da27a5,db34c8a2-a139-466e-9f33-e8fca9123462
1917,751,2ce27db2-09dd-4cb4-b278-819cc812e010,77814e2f-e6b7-49f0-ab53-af34c3ec6320
1917,1042,2ce27db2-09dd-4cb4-b278-819cc812e010,e311f9d6-5bc6-499c-ba5f-01c3af8cabe4
1918,1043,923cbd28-c1e7-4587-848c-690bcf41c4cd,e418b43f-0897-4d27-a45a-bf9f9437efdd
1918,1044,923cbd28-c1e7-4587-848c-690bcf41c4cd,b8a6dd04-0cd0-4f21-af9b-cafe8954ba69
1919,1046,c1fdb844-869a-46fb-b46d-850325bcabf6,cedac589-e401-438a-a89a-b64f460e43e4
1920,1047,c3d37847-23b8-4dea-abc9-1d58811c5484,d5ad29c0-6065-4480-a67a-a8830607a94a
1923,640,1e15a6c1-cfc7-4f39-abf9-293253b38af2,a1b27a1f-a6a9-4b48-8f20-db57a25332c5
1923,641,1e15a6c1-cfc7-4f39-abf9-293253b38af2,597a35f4-09bd-480c-b931-86dd8ab2e0ca
1923,734,1e15a6c1-cfc7-4f39-abf9-293253b38af2,16bd3a6d-03fb-4c28-8cf4-971dd2a4c436
1924,1050,38a19f15-73c8-4966-bc51-19e947e1e870,cd9018ea-2fde-4847-a885-ba5371432043
1925,1052,b0b90cf1-705d-4b88-8316-ffec9dd53fe6,acf4b729-6150-4183-a67f-510dfb4370a6
1926,1053,d9adc9c1-a757-479b-bd0c-d45f93321873,c9bfaa52-8b65-4e92-9028-f452c4f94219
1927,1051,0c2cfc12-2732-4062-ac7c-511a247da9f5,b6ea681e-9a9a-4bdb-9065-5ce665562278
1928,1055,0779414b-5647-4f63-ac55-e69798947350,404b76ba-ebc4-4019-9f9c-1556def285db
1929,54,4aad6aae-cb21-4688-89ee-f0600b0de32d,6904f673-d13b-47a1-9f39-a111bc52e1f4
1930,1058,a871d794-666b-466a-8e37-c5bd810f82ec,39c0939d-d914-4de9-aa95-4f768d42056c
1931,570,b01191a2-154b-44e8-9058-714a46ddd395,2247684a-2b62-4875-9821-753c52d7bc0d
1931,1059,b01191a2-154b-44e8-9058-714a46ddd395,7dea9675-935f-4343-adbf-42afa8cc9d3f
1931,1060,b01191a2-154b-44e8-9058-714a46ddd395,3f9a3e32-93b4-4812-9f8f-f7c326956019
1932,570,fcdda94f-121d-4353-8210-5992dc473c1e,2247684a-2b62-4875-9821-753c52d7bc0d
1932,1059,fcdda94f-121d-4353-8210-5992dc473c1e,7dea9675-935f-4343-adbf-42afa8cc9d3f
1932,1060,fcdda94f-121d-4353-8210-5992dc473c1e,3f9a3e32-93b4-4812-9f8f-f7c326956019
1933,570,17dffc3a-5ccf-4a7a-83c4-1156dcb6d784,2247684a-2b62-4875-9821-753c52d7bc0d
1933,1059,17dffc3a-5ccf-4a7a-83c4-1156dcb6d784,7dea9675-935f-4343-adbf-42afa8cc9d3f
1933,1060,17dffc3a-5ccf-4a7a-83c4-1156dcb6d784,3f9a3e32-93b4-4812-9f8f-f7c326956019
1934,1062,1ffd62f3-6931-416b-bf8b-7641a7ad5a0d,4a58b3a6-52c2-4e78-aa9d-286096808d93
1935,1063,95ab6c8f-a6d4-4919-aa73-03ccaea128df,ccbacff9-a2a3-46ca-bca3-2d4afd3dd5f1
1936,1064,759aa6dd-1f17-4a9d-87aa-aea8aa5c7325,f9569040-b0c5-4efc-9f72-024792303187
1937,108,ccb39161-8a46-40f3-9235-6847d8a8c27a,5f7be770-3356-41fb-aaf4-fc7d50c2ee26
1938,1065,28d213ab-c37b-4c19-a1d2-4044727688bb,7611d63b-ec4c-4537-a6dd-9ddfcd0d792f
1939,46,17cbd12b-365f-48f1-9970-ea70f3ed6e25,6eef8dbc-40d7-47a9-bd24-f3cb7fffdb15
1939,123,17cbd12b-365f-48f1-9970-ea70f3ed6e25,b58a7f4c-84b5-4026-b48c-23a0a896d9c3
1939,1066,17cbd12b-365f-48f1-9970-ea70f3ed6e25,08bb7a83-a42d-4b4c-bba9-88c5eb2564fb
1940,1069,79fe925f-b868-4f8f-ac50-fbc7ba5a4930,bc82998d-52e7-43f4-a08d-20cf26a7fa91
1941,1070,83e6ef9b-d3ff-4940-a1b6-fd79a1cdfce4,6d4d272c-deeb-4693-8fe3-af2be624a7a4
1942,1071,98ea8228-137f-4217-b7b5-43040052819d,ac46cdbc-f6ea-473a-b83b-e5f08b74538b
1943,846,6b052dd8-3208-47d5-962e-97b044c809e8,2bf10d58-5591-487d-92c2-1e863589ea93
1944,2715,a3e5ddbe-6ead-4630-aad0-5320d1943145,cb8808c1-9a6c-4da5-b155-ef0a2dd6362f
1945,1072,13617537-35f0-49ee-ba7a-1514eb670b83,ea91ea81-8a3a-43ff-8eb3-b0178ad36ece
1946,385,8d25d5bd-216a-46cb-85ec-e13359196a4c,9874b152-843d-4e71-94ba-77498a8f5e8e
1947,1076,1371184a-54a1-4f86-a0ae-408a8989fa2d,4dfda4bc-9fd8-4cf6-a071-82c1eb4579cf
1948,94,9fa6540d-a997-4d59-81c4-6c835797173d,2569eeb7-5928-401e-a651-5136c314bc80
1948,858,9fa6540d-a997-4d59-81c4-6c835797173d,d3c73ca2-1ef9-4d02-a85b-2f6b583410ee
1948,1077,9fa6540d-a997-4d59-81c4-6c835797173d,d6a12654-3695-4b66-b7e3-c3120828fe5a
1949,1079,f3d2b317-38b4-46f0-8654-b9bcbce9ffe0,4ac2dfc8-df72-433a-b439-bfd442470185
1950,1080,ba6e171e-d7c2-499b-912d-7f96c0ed18d0,559035cb-1534-45cc-afdb-7a6376e5fc8d
1951,108,684aebcd-73a1-4c49-a446-5dcb709352be,5f7be770-3356-41fb-aaf4-fc7d50c2ee26
1951,1078,684aebcd-73a1-4c49-a446-5dcb709352be,c1f6f3bb-ec51-406b-8cfb-0db28b37b478
1951,1079,684aebcd-73a1-4c49-a446-5dcb709352be,4ac2dfc8-df72-433a-b439-bfd442470185
1952,1081,069ad380-ab9b-4c6b-a177-71b0eda3d395,942082a6-e593-40dc-a17e-b85eee2040b8
1953,1082,def21606-d56d-4c3c-8a82-7adc5f44bfef,00781cd2-0c68-4ffa-b34f-c1f71b90dac4
1954,108,9e3c915c-8b8d-4b9b-9789-7f1b76253fa9,5f7be770-3356-41fb-aaf4-fc7d50c2ee26
1954,1078,9e3c915c-8b8d-4b9b-9789-7f1b76253fa9,c1f6f3bb-ec51-406b-8cfb-0db28b37b478
1955,108,61ef0eaa-e17c-4c5e-b144-98e6984a0ce6,5f7be770-3356-41fb-aaf4-fc7d50c2ee26
1955,1078,61ef0eaa-e17c-4c5e-b144-98e6984a0ce6,c1f6f3bb-ec51-406b-8cfb-0db28b37b478
1956,1083,bc07d418-3ae6-476a-ac04-9fb89c4a9b28,15a98c5c-06c4-4724-b064-4f3fbaa8240a
1957,1086,c1bccf42-764f-405d-b38b-b6fd1fb165ab,4f937273-82a2-4c05-a688-26b498167752
1959,1089,8a941fbe-6baa-4e0f-a15c-0bfc422859d8,c2b12334-d842-440c-af37-fd0c040785bf
1960,1091,e5c57e15-839c-4892-85cf-0c0ad591a2a7,e072912f-4aa3-4ef6-b408-29c45ba451e1
1961,1092,931f4d75-abae-4a2f-9f2b-df3ba0a438e5,071fff8e-1dd0-4e59-b0f8-03570a7c8040
1962,1094,40bba024-2a50-4b35-ad47-f3630bd068bd,7dd1dd21-dd86-475c-9821-8f06cd56a24b
1963,125,4f96c232-e1f1-4013-9d1e-ab538972a295,bec5697f-ca15-4745-b590-04889f7aacf3
1963,305,4f96c232-e1f1-4013-9d1e-ab538972a295,b091bda9-7010-47ba-886d-3ec3e66a468d
1963,441,4f96c232-e1f1-4013-9d1e-ab538972a295,155bb75d-9180-4ff6-bbd5-d6def2b1e007
1964,1096,11dc9eed-8849-4fa6-8b7d-34b4d588c750,43508580-3ce3-4fa1-a919-2c08436a9576
1965,1098,ecfc4143-5b62-4a1c-a65b-301c6832a9aa,9b889582-083c-4404-bbc8-f1646b5c84a6
1966,1100,310cd0cc-02ed-4fa9-aa50-5a7d7b503085,9e8def5d-4e6f-4236-bc55-d4559dc339dc
1967,1102,5c4e431e-3740-4216-8771-236fb3b6ef87,7fa2b543-3010-4ed9-b5f4-01984d74db4f
1968,211,8005c1c9-2119-4105-bbf9-00e8f3c76e9a,82b6750f-cef7-4337-a378-bcbf6aaa3530
1968,1104,8005c1c9-2119-4105-bbf9-00e8f3c76e9a,8ba9b761-86b5-449c-a26a-9f4f288ee61a
1969,1105,fc2ecf08-7684-4b99-82d4-9451f77dd75f,731c3a17-df2d-42b0-beb3-25d54da41c91
1970,108,2531a8b8-c518-4892-a8a2-6077c3be5b10,5f7be770-3356-41fb-aaf4-fc7d50c2ee26
1970,907,2531a8b8-c518-4892-a8a2-6077c3be5b10,7253e57c-c620-45b5-bf50-8e221811e35b
1970,1106,2531a8b8-c518-4892-a8a2-6077c3be5b10,139ea983-89ef-47d0-831e-26692c7b21a5
1971,723,d6b5a35c-d99f-4f35-8304-00c0b58ef0ea,4187d319-dbd0-40ce-983a-25a836d3cdf0
1972,1107,04f60b2a-471f-4ee1-8b50-1f7fc08684f9,cc38dfad-e64b-40b2-b412-e356261df7d4
1972,1108,04f60b2a-471f-4ee1-8b50-1f7fc08684f9,6cbd4320-bfd4-44a6-8e11-9a7ec8b5ed26
1973,1109,e9a8109b-63d8-4b2f-bca9-4e27dd20e457,d7947dfc-71b6-431b-b971-10cbb5fc9f3a
1974,1110,7fb58d5a-1e85-4900-80a3-a4173b719c81,a3e54fe0-fa36-4c72-9114-e35165be5106
1975,1111,2ef9f7b1-fdce-4b58-95f4-809d203ddf22,87a1b241-e1af-410d-8167-5e78d0adf2c0
1976,1112,bdac3702-d6b2-42a1-9082-5ffd2f0c63eb,229e2a08-40ca-474a-8d66-6f1ac517f91b
1977,1113,70601830-1de3-43f6-9943-726b89f0ca6b,83808b34-dc17-4be4-a1b5-6d6f5c6fb08c
1978,492,fe77b460-966d-47e3-8fac-9811d46d49de,5a9208f2-2847-4ae8-aafb-4f736a8936d4
1978,1113,fe77b460-966d-47e3-8fac-9811d46d49de,83808b34-dc17-4be4-a1b5-6d6f5c6fb08c
1979,492,850c7ec4-15c3-4d31-b067-47f48d7b9b3e,5a9208f2-2847-4ae8-aafb-4f736a8936d4
1980,492,50fecf87-0af4-4b39-b8ca-f7442811bb00,5a9208f2-2847-4ae8-aafb-4f736a8936d4
1980,791,50fecf87-0af4-4b39-b8ca-f7442811bb00,f160cd4e-ee81-486e-a518-afd6bdd6bb29
1980,1113,50fecf87-0af4-4b39-b8ca-f7442811bb00,83808b34-dc17-4be4-a1b5-6d6f5c6fb08c
1981,492,981ce058-e3bb-4b29-9e5c-89b6684452ad,5a9208f2-2847-4ae8-aafb-4f736a8936d4
1981,1060,981ce058-e3bb-4b29-9e5c-89b6684452ad,3f9a3e32-93b4-4812-9f8f-f7c326956019
1981,1113,981ce058-e3bb-4b29-9e5c-89b6684452ad,83808b34-dc17-4be4-a1b5-6d6f5c6fb08c
1982,1114,d3176780-b669-4a7e-9752-3cb7dacc9cab,1361e3b8-26c0-4369-b503-f69813941a31
1983,1115,ef6103fe-f0e3-4e96-b80a-a59a05cf4ba2,fd2dd3fe-6b97-4b85-9fd5-9c68b5df0347
1984,342,2211b092-734e-49c2-a33c-2fe41dac102d,9d3b57a6-9036-4bf3-b3ca-49cd914acdcb
1985,290,83d97c9e-ced8-457a-bd95-fb7060c1c61d,b888df17-98ca-4b4b-b3b8-e6c2ef416803
1987,1116,689ee237-5900-4e86-923a-77607e370dcb,1c2248c4-8837-4996-af4d-6d24b3d96eba
1988,197,08426c22-346f-44a5-acfa-6f9ef541d52d,56bc3b31-8017-4135-a955-bcab03d0118d
1989,1117,e566f190-90de-4e1e-840a-73304b127968,9cfb643d-8365-4dbd-b8d8-11195ada6c64
1990,1118,b7c86247-f3f6-4083-82d6-947781bdc7fd,62e49ada-cc64-4dca-a3a0-3e24c44f8df4
1991,1119,9395b3df-ffcf-4c48-b6e9-2660e178da80,62780a7c-2a85-4876-8a5b-7a16e4c35123
1992,1116,08a08154-91c0-47a0-9a47-72dc19b6a2cd,1c2248c4-8837-4996-af4d-6d24b3d96eba
1993,1120,4cecb1cf-a024-4dc4-a148-190aca528486,1b811b0a-bbc2-4e9b-8e74-0ef58e4aed70
1994,1121,34174b91-9759-48a7-85be-200ab6d1e67d,60f4d31b-7461-4da6-8c24-4cccacedc252
1995,1122,1cfb0349-994b-4dbb-9fda-e72a078c901e,a4e84882-ede3-49ae-87fa-a8053539a0ff
1998,1123,21cae85c-33ed-414e-9308-b29d81a7b7e4,876134e2-aab5-46af-9410-cb61172683d8
1999,3930,a5a97548-2fbf-49a8-a0b1-5bba617ce79f,af512e9e-4927-4c40-bb94-dc639f4ed90a
2000,1124,4df37684-27e6-470c-9af9-8857ad87dfda,db1d4785-e539-4322-bacb-5d95e387f267
2001,4123,b2ca44b5-f7f0-4201-8b43-0750b0da32b0,c9f1e366-a5a8-4fd8-97a7-77e00d41b4a8
2002,1126,c8e6023c-25f3-4706-a010-54a1f2dba753,a52aa987-647b-465f-8340-556a9169b82c
2003,1127,f7bedfbd-2ae5-4173-9641-ec39bd7031e5,2728ff07-f41f-4810-a189-d7cd2abaeb58
2004,1116,fc454c2d-1879-4474-8bb8-9ad85994a17a,1c2248c4-8837-4996-af4d-6d24b3d96eba
2005,405,b084d155-1df0-49c8-b0cb-25f5d7f5b88b,409f278a-48f3-4a4c-ba1b-d75ab26a93fc
2006,1130,24c99936-7322-4da5-b1f6-666f74386892,761efca6-c66c-4ac3-84e8-713633f5eb83
2007,108,517c9b1a-6f61-40af-9160-7684c43373d0,5f7be770-3356-41fb-aaf4-fc7d50c2ee26
2007,166,517c9b1a-6f61-40af-9160-7684c43373d0,358de5fd-8024-4cc7-bc03-0bac8edd4208
2008,1133,d5d9ae8b-6a17-4275-a86e-ffb143a8042d,595464dc-07ec-4c12-95f5-90f8f0ea014c
2010,791,fc64b074-24bd-48c3-8c2e-34fd60c28107,f160cd4e-ee81-486e-a518-afd6bdd6bb29
2010,1135,fc64b074-24bd-48c3-8c2e-34fd60c28107,b9c4246a-f955-44f4-a9d1-103b4d37b376
2011,1136,631d8d0f-86b2-4155-a246-1c6a29afdf25,9534fcee-8ac5-493e-92cc-f66693b5b6e8
2012,239,abc69f4a-6300-4477-9d00-505563666fc1,15446a76-d5a7-4a42-b39a-f7ce8ebaec7a
2012,539,abc69f4a-6300-4477-9d00-505563666fc1,4716aa17-73ab-42a6-8155-3454f753f013
2013,791,411c6ed1-263b-40f8-97ed-818a6a409c1e,f160cd4e-ee81-486e-a518-afd6bdd6bb29
2013,1138,411c6ed1-263b-40f8-97ed-818a6a409c1e,189011c4-84a9-4b3b-b1a2-5c452330ef48
2014,123,ef485fd4-095f-4093-8653-456dd26ea78f,b58a7f4c-84b5-4026-b48c-23a0a896d9c3
2014,211,ef485fd4-095f-4093-8653-456dd26ea78f,82b6750f-cef7-4337-a378-bcbf6aaa3530
2014,624,ef485fd4-095f-4093-8653-456dd26ea78f,4c668799-4402-4728-8120-bd025091512f
2015,118,e299fa11-82a9-4938-9bd4-8a4adc649eb2,b25c4be3-b3fd-4195-a7f4-0cd0cb0644aa
2015,211,e299fa11-82a9-4938-9bd4-8a4adc649eb2,82b6750f-cef7-4337-a378-bcbf6aaa3530
2015,624,e299fa11-82a9-4938-9bd4-8a4adc649eb2,4c668799-4402-4728-8120-bd025091512f
2016,1141,8f0d447e-f269-41d2-92c8-fb874da77e69,84a76538-2f57-45dc-918c-f01c822c03c1
2017,1142,eb3503a0-088d-43dd-98d8-5f6ea5536c50,5639eed3-cb5d-43ba-bf69-e4bef6de0af1
2018,1114,2e3abac2-3a77-47e5-a280-851aa3133fcd,1361e3b8-26c0-4369-b503-f69813941a31
2018,1144,2e3abac2-3a77-47e5-a280-851aa3133fcd,d1a940da-595b-4dc8-ab0c-9165b0a62988
2019,1146,42a152b9-f0fa-4555-93a9-388125aee935,47fde1e0-eaa6-46b2-ac86-093315184000
2020,1148,5bf22d69-a5af-4371-9814-f16188d770cf,e50769c8-79ef-4d32-9d25-13bde1c57773
2021,1150,6a8892e2-e211-48db-b2f9-fc0b0ad3519d,2e3c15c3-8157-4f64-beab-6c12f96ab313
2022,791,e109d7c6-74b9-4064-b5d0-459d08edba1e,f160cd4e-ee81-486e-a518-afd6bdd6bb29
2022,1144,e109d7c6-74b9-4064-b5d0-459d08edba1e,d1a940da-595b-4dc8-ab0c-9165b0a62988
2023,1151,c3c44e4a-ff74-47e5-8cc9-9512d4828851,fba26635-9905-4621-a9d8-b123fdb38e5f
2024,1153,8e29f2f9-5493-4544-8446-7fa1c69b9e96,98312fa9-5cee-41cd-a57d-1c64e839d668
2025,791,b6bbeb80-57d0-426c-8170-1db0f3dc82a4,f160cd4e-ee81-486e-a518-afd6bdd6bb29
2025,850,b6bbeb80-57d0-426c-8170-1db0f3dc82a4,6d424fc8-78f4-4e5f-ad77-21e14b36afa4
2026,1154,67d5b12f-fd64-493a-ba93-62607c335140,22a737be-e693-4a11-9b1d-e33b31382f2a
2027,211,fa736414-c1b1-41b4-ab55-cf3e480fb1a6,82b6750f-cef7-4337-a378-bcbf6aaa3530
2028,108,5a7f63d4-8c9c-48bd-80ab-9acf1c7e9438,5f7be770-3356-41fb-aaf4-fc7d50c2ee26
2028,1155,5a7f63d4-8c9c-48bd-80ab-9acf1c7e9438,5d599410-325e-4cb7-b660-018d77b5fec5
2029,1158,7130775a-cbe1-46ed-b631-28e4f2b0a0a8,e41969b6-40e1-4ca7-8176-251601d5c6c6
2030,378,330a7c8c-4fe7-4768-b053-87f49dbfac9a,53063713-2662-43d3-a6fb-0ad606d92625
2031,159,9431818b-9f16-416d-8ce4-63f7787707e0,c9173efc-9877-4059-9e18-aada90b87cbe
2031,542,9431818b-9f16-416d-8ce4-63f7787707e0,628f7fc2-6221-4e2a-850a-39b7a08e200d
2031,732,9431818b-9f16-416d-8ce4-63f7787707e0,6c3a9a9f-3df0-4580-ab61-b7fe0c40af7c
2032,26,ef4b2023-27ea-4d82-ae49-187f1b84f756,db34c8a2-a139-466e-9f33-e8fca9123462
2033,791,b329ff70-f69f-4014-ba7e-8e409126f02c,f160cd4e-ee81-486e-a518-afd6bdd6bb29
2033,1159,b329ff70-f69f-4014-ba7e-8e409126f02c,2d3f0161-b952-4ee3-9ad8-60c68e5a53f2
2034,1160,10329016-718c-4dd5-820f-3074787f6cfd,4ffe48b7-2ee6-420b-a4b6-87483e146150
2035,26,efdc3f88-d8e9-4e39-9ccb-5486184fac4a,db34c8a2-a139-466e-9f33-e8fca9123462
2036,254,dae6a04b-9de4-47c3-86ef-9c919123dbb0,1a0ce20d-61f0-44ed-955c-0419262fd302
2038,1163,677d4bfc-2f75-4efb-a6f1-e5156863a160,c8441b62-e91c-4c51-a3c3-ef8de6e9c822
2039,791,ce602780-e5db-48cf-9c81-bf02a24a0b7e,f160cd4e-ee81-486e-a518-afd6bdd6bb29
2039,1165,ce602780-e5db-48cf-9c81-bf02a24a0b7e,11a205aa-afad-4b8f-997a-6004a8500b7d
2040,114,81f04c9f-8fdc-4fc3-a69f-f988f6bb3aab,1d1b459d-8a45-4f4d-8eb0-1839e43bf274
2040,1167,81f04c9f-8fdc-4fc3-a69f-f988f6bb3aab,31c91bf8-00cc-42bb-93a8-6f299dbb8476
2041,791,38a10747-c8a6-4dbc-b4fb-f4b36baaaee7,f160cd4e-ee81-486e-a518-afd6bdd6bb29
2041,2701,38a10747-c8a6-4dbc-b4fb-f4b36baaaee7,4665625e-8f8d-4d9a-835c-60c2662a38a2
2041,2702,38a10747-c8a6-4dbc-b4fb-f4b36baaaee7,edbd2a55-a987-4428-8b3c-f86de1d07fa5
2042,1168,5543ef4d-e995-4bee-af4e-aabde6601066,89d9494b-501b-4d7a-b9fb-d4774962933d
2043,1169,49ac3670-5883-465d-b4c1-7e746ee1f9b9,e218561d-46bb-48b3-b4bb-e6141e9b6454
2044,1170,a2e4d314-1cbf-4ae1-9081-28c73ecdf056,22c25645-6f27-4c0f-81a3-f86166eb3090
2045,1172,124fc1d6-f16f-408b-a929-1e00ef36c9c6,1a37535e-a035-4586-9b1b-43b1dab01335
2046,1175,bd1740a7-9f84-4e58-be50-0aac2d61d19c,f0d92e6d-416f-4088-800f-80d76a4d90a2
2047,1177,6ffcd62d-3d32-48b7-b149-53c2d43493ee,9cfa5289-8dfa-4a11-9197-4474b4612917
2048,1178,9723467e-507b-429b-a43c-5888718079c6,30ae892b-0900-4ca7-8929-e84014a91ee8
2049,294,ffe3cf52-d15f-48c2-832b-f89b995a2a5a,2b9dd7af-cd0a-415b-8179-41dcf5c05349
2050,294,ff72a14a-6340-4291-88cc-29b04d96ce86,2b9dd7af-cd0a-415b-8179-41dcf5c05349
2052,1179,c25fc640-23ae-4d6f-aa63-9e193b5de46f,d2755b3b-2ff9-4c2a-8eb0-008f2ac48b19
2054,294,d9eec17a-262f-4037-8a2e-8266d0bbcad2,2b9dd7af-cd0a-415b-8179-41dcf5c05349
2054,338,d9eec17a-262f-4037-8a2e-8266d0bbcad2,9adac9b4-48d3-4a9f-92d5-1ff1005b8272
2055,43,984cb0ab-cb5e-465f-83b7-c66a7fe973b8,cf19822a-34e1-4ce8-aee0-a7c8a32020a0
2056,1181,0f3d7049-3155-4de0-825a-128d22c5556b,7780052d-8457-48d2-8949-750d2ae2a242
2057,1182,795113a9-1bff-4ef5-b52c-1a053bef21d1,6e3d2dd4-2a35-419d-a950-287addb4ec78
2058,694,15d7cde5-74c0-401f-802a-5b8ad4f0c416,30505053-153b-45ed-a2da-6d8599a8bb72
2058,751,15d7cde5-74c0-401f-802a-5b8ad4f0c416,77814e2f-e6b7-49f0-ab53-af34c3ec6320
2058,1183,15d7cde5-74c0-401f-802a-5b8ad4f0c416,1f789b7a-b262-457a-9125-b191f0bf3b31
2059,1184,28e3f9c6-f568-4f44-aeb4-c07ff991fc4a,84cf1ca9-7bd5-4aff-b356-c6a7554e7aa6
2060,694,df519c92-f908-4e74-ab7f-e3b562f1ae39,30505053-153b-45ed-a2da-6d8599a8bb72
2061,1173,ecbe3b66-c77d-4009-8729-1741307924fb,ef3f4ba7-3c83-4886-ba54-f7c16d956f71
2063,751,fb99dd09-858d-4209-94cb-0f23b96d2323,77814e2f-e6b7-49f0-ab53-af34c3ec6320
2063,843,fb99dd09-858d-4209-94cb-0f23b96d2323,e4d34132-c095-481b-9af1-d037e4a29f92
2064,1186,16608e9c-99ba-4d8e-83ab-02b062a7aa86,89735b5b-f05b-4252-bf35-19f63e44919d
2065,1187,0853d5ed-2a3e-4e99-8372-0f9e8525e899,35b06670-5f49-41c5-b732-02b2b383e73e
2065,1188,0853d5ed-2a3e-4e99-8372-0f9e8525e899,691eb4c3-138b-4697-b14d-d8909680772f
2066,1190,8fcb2567-4f30-49ea-b8ba-6a441aedcc99,4e8848d2-6e8b-4f5e-9b67-489df8bc3f39
2068,294,27b6d326-3743-450c-bdf5-db6d1ce6aa67,2b9dd7af-cd0a-415b-8179-41dcf5c05349
2069,294,db031f74-2c4c-4e76-b152-a78d4e8fb217,2b9dd7af-cd0a-415b-8179-41dcf5c05349
2069,751,db031f74-2c4c-4e76-b152-a78d4e8fb217,77814e2f-e6b7-49f0-ab53-af34c3ec6320
2069,1068,db031f74-2c4c-4e76-b152-a78d4e8fb217,302a3673-92df-4c13-b5b1-1a2365070059
2070,294,ebf597b4-d726-4b1d-8470-8cb34b35a4f1,2b9dd7af-cd0a-415b-8179-41dcf5c05349
2070,1395,ebf597b4-d726-4b1d-8470-8cb34b35a4f1,a73f5938-3c2b-4079-be1c-43d34e66dbf1
2072,43,52c6b782-2aef-44ce-9322-763eab5bd564,cf19822a-34e1-4ce8-aee0-a7c8a32020a0
2075,1192,2cb62cf2-9189-4770-8ab4-0e5372b0bc63,0112bb9b-5ef6-4c18-b4ee-9cc1d6abec93
2076,294,0eed9c99-ac5a-40ed-ab45-4d7d0903432f,2b9dd7af-cd0a-415b-8179-41dcf5c05349
2078,694,ff435944-a81c-4667-9032-827025db8676,30505053-153b-45ed-a2da-6d8599a8bb72
2079,294,88ea3928-0fa2-4b3d-aa4c-fd25b05a864f,2b9dd7af-cd0a-415b-8179-41dcf5c05349
2081,694,a5ce0175-b8bb-413b-b17c-c22a35b1f213,30505053-153b-45ed-a2da-6d8599a8bb72
2081,1193,a5ce0175-b8bb-413b-b17c-c22a35b1f213,052a4cf9-cf89-448e-aa9d-0d694357300f
2082,294,71e56efe-6307-4a8c-b88e-c03917671301,2b9dd7af-cd0a-415b-8179-41dcf5c05349
2084,751,709e9e93-6243-4fd0-85e5-f4fe2c3fc7d2,77814e2f-e6b7-49f0-ab53-af34c3ec6320
2085,294,14af68d8-fd89-4dd4-ba83-b0a4096642c5,2b9dd7af-cd0a-415b-8179-41dcf5c05349
2087,1194,c1e86915-3b2c-4e72-93c5-4d7169971460,293ae618-fb3a-4b12-a76b-f7c5e6734010
2088,1194,7e44dc92-2b45-470a-b191-5ac36a77b69b,293ae618-fb3a-4b12-a76b-f7c5e6734010
2089,294,8ac9c491-0ff4-4056-b676-4e51fc5a6adc,2b9dd7af-cd0a-415b-8179-41dcf5c05349
2090,1195,6d0bb328-882b-4cb8-af8b-0271dd2d4b59,4d46e4c3-a00f-4d5b-b5aa-fa58d6fd87ac
2091,1197,3ca364d4-071c-4191-bd3e-e3338e03bf9b,f5925b62-8ab3-4718-9900-fb10b16ecf4a
2092,294,3e7b6356-ba6b-43b3-b658-420c18d84342,2b9dd7af-cd0a-415b-8179-41dcf5c05349
2092,431,3e7b6356-ba6b-43b3-b658-420c18d84342,a99ab47a-e75b-4af4-af55-7b24308971e7
2093,1198,b8fb18ba-47c6-4bca-8e8b-482a14cac6f2,3e00d370-e532-4393-a175-6ff262db2ecd
2094,1199,d0a5c8cc-d983-4d56-885c-ccf13b37390e,f2124444-7421-4368-aedc-e0189aee63dd
2095,1034,1bc7cda3-fa08-4290-8c4f-775470f2cdd3,06cec41f-3aca-42c2-ab2b-60d70ee3166b
2095,1039,1bc7cda3-fa08-4290-8c4f-775470f2cdd3,4a9d4730-80d2-4b65-846b-781630f85fbe
2096,1200,6ee7bc9e-7d70-4a9e-8979-caf5b22445c2,a41809ee-bbd9-4dc7-996d-6e1c32f4dea8
2097,63,f5cc2f80-b813-4d6b-acfd-f451ace20d5a,0208d995-f6e9-4737-b0ac-a7a7fa78b756
2098,30,017a91e7-8261-4e3b-9bd3-f7dd7351e9e4,bb7aae1f-3441-4535-9c63-08bdfb39f8f8
2099,254,3fe65a5b-30c0-4e45-8535-ad669e10ec9b,1a0ce20d-61f0-44ed-955c-0419262fd302
2100,30,5de0563a-d298-41c9-a5b2-d0a7621f18c3,bb7aae1f-3441-4535-9c63-08bdfb39f8f8
2102,1201,e0d45242-d319-4c17-902d-6aa932229cf6,2ba61a17-75f1-4a4c-a108-3d32fb4e4dd1
2103,391,3537e92d-24d7-47f7-b944-8ed2b3cee791,55382b90-92da-4c43-a187-5e850500cca2
2103,393,3537e92d-24d7-47f7-b944-8ed2b3cee791,d0f998fb-2c16-4ea5-a5ad-b6bc9b520197
2104,1034,531fdeaf-01a9-4ce3-9212-27c29aff9037,06cec41f-3aca-42c2-ab2b-60d70ee3166b
2104,1039,531fdeaf-01a9-4ce3-9212-27c29aff9037,4a9d4730-80d2-4b65-846b-781630f85fbe
2105,254,e2292e8d-1900-4305-ac9b-639b6d0aed88,1a0ce20d-61f0-44ed-955c-0419262fd302
2106,141,2140ee48-cf54-4b68-a399-367b24b8bcaa,72c404ea-77e4-4328-954d-539ba8d0fa64
2107,1203,17dccd4f-11e0-4fa9-9196-fc2162672f68,53d17430-a85d-481e-b9ce-f912ffda26b4
2108,411,9c22f11d-8a61-408a-a6fa-8a6222f15ad4,2f5bc12a-e1ea-43d2-9b0e-378da9f5eca5
2109,199,3cb8c56f-f5ab-4ee7-859a-ca0983cec29d,4185308f-db61-4900-96bd-5a4651e45485
2110,377,981420a1-c91a-44bf-be46-f348bff77f0d,5546620f-cbfb-451c-a4a9-731dc972d5c2
2113,377,ad266145-3d61-4817-82d2-bc74825e6251,5546620f-cbfb-451c-a4a9-731dc972d5c2
2114,139,1e080902-0a63-408c-aa25-4dca713363ef,e33c5e4f-750f-42c4-a44b-4d710e75fc75
2116,1198,b857212c-3096-4c44-a9eb-6095fa6959f3,3e00d370-e532-4393-a175-6ff262db2ecd
2118,1200,a318de19-660b-4378-910b-35744b5336cb,a41809ee-bbd9-4dc7-996d-6e1c32f4dea8
2119,1206,003cb802-aa77-48ca-9496-68e3f84c70cb,9db5116e-3665-43d3-84a2-117de163f7b5
2120,411,ec0e9e7d-e055-42ac-846e-3e3d0f180745,2f5bc12a-e1ea-43d2-9b0e-378da9f5eca5
2121,30,da5a0cd8-f37f-4dda-9502-8dacde8d3fe2,bb7aae1f-3441-4535-9c63-08bdfb39f8f8
2122,1034,f2e9ba70-5052-4499-a178-5e04a39adcb3,06cec41f-3aca-42c2-ab2b-60d70ee3166b
2122,1207,f2e9ba70-5052-4499-a178-5e04a39adcb3,4fb84b0b-9d18-42b5-aca9-e37af14aa384
2123,1207,0c424e57-9b82-43db-a54a-1b31ad9ece7f,4fb84b0b-9d18-42b5-aca9-e37af14aa384
2125,63,70ec854b-ba78-461e-9bd5-3cfb1601d93c,0208d995-f6e9-4737-b0ac-a7a7fa78b756
2126,30,5e361821-e576-4e73-a6f1-bd2c5f66962a,bb7aae1f-3441-4535-9c63-08bdfb39f8f8
2127,30,a30cdf00-a2d9-4108-8541-45dbe42eb75c,bb7aae1f-3441-4535-9c63-08bdfb39f8f8
2128,254,6bfab7c5-7c27-4782-8809-83d09b54a3b7,1a0ce20d-61f0-44ed-955c-0419262fd302
2128,799,6bfab7c5-7c27-4782-8809-83d09b54a3b7,0db19440-f5bd-4361-9f72-ef22ca18d691
2129,63,fe027709-7afe-4250-b106-cfc4c3cb3118,0208d995-f6e9-4737-b0ac-a7a7fa78b756
2130,1034,161a5b20-ac33-4937-bee7-e7fe0ce2ff01,06cec41f-3aca-42c2-ab2b-60d70ee3166b
2130,1207,161a5b20-ac33-4937-bee7-e7fe0ce2ff01,4fb84b0b-9d18-42b5-aca9-e37af14aa384
2131,1034,45f93f3f-102d-496c-abcf-486eb14a01ef,06cec41f-3aca-42c2-ab2b-60d70ee3166b
2131,1207,45f93f3f-102d-496c-abcf-486eb14a01ef,4fb84b0b-9d18-42b5-aca9-e37af14aa384
2132,494,2a4f31da-5a7e-4af2-b33b-9378e358a73d,7fe67962-57ae-4131-9717-bf27c11c1711
2133,1208,f71ee857-ea3d-4b68-913d-131b5f639364,08df6954-e4e1-45f1-a390-dce708887d15
2136,1122,2e07cc1c-2319-4527-9b02-289a85a439ae,a4e84882-ede3-49ae-87fa-a8053539a0ff
2137,1209,cba30f36-8a60-49bb-8c43-6553ad5672f5,53b3c711-86a2-4641-b98c-483b3d3f75cf
2139,1116,90ac82e9-0024-4f35-aed6-e4c551432dba,1c2248c4-8837-4996-af4d-6d24b3d96eba
2140,30,c3419670-3e46-436d-819c-a419bd915039,bb7aae1f-3441-4535-9c63-08bdfb39f8f8
2141,777,cbc25a9a-78ac-4d16-9529-559edbeaec40,89617b98-c18c-4879-bf41-42dc775ab2ac
2144,1198,d035ca7b-353b-4ff7-99f6-1546596326dd,3e00d370-e532-4393-a175-6ff262db2ecd
2145,1211,345fbb9c-4f51-49a8-907e-c31aaa15cca6,b0cb54c8-a651-4b81-96be-709518b3a61e
2146,269,bfe8951c-e579-4e25-bcfa-a45ed70caa7a,95479013-834f-48a1-af6e-f7d76c62cbd7
2147,1212,94e7d45b-0d76-4a35-b49b-e8b7726d6e47,94db0f77-37e5-49ff-aad8-d00566712908
2149,1215,2a237b6a-690f-4d50-ba5e-6ea13f529740,dbd24d69-fd33-4503-a338-166238bc8f91
2151,269,1a4b3114-5f93-45c0-9094-8f8fd9fd735d,95479013-834f-48a1-af6e-f7d76c62cbd7
2152,920,dcb59e31-c496-45b4-83be-f1c0900065c5,4204a484-fa47-4414-b6a9-f57118113ee4
2152,1217,dcb59e31-c496-45b4-83be-f1c0900065c5,db231d4e-15ad-4280-b40b-e8082966f269
2153,1219,b97bfb98-8e11-4baf-be61-3fefdbd2933a,86425757-7d26-4416-9148-01b3e1334f5a
2154,1220,74719fad-89a9-45de-adcf-398ec6a5a662,9ba010e8-302e-4ef7-a9fd-728d133dc60d
2155,54,4cd317b3-1c31-435c-ace9-acead5dc198b,6904f673-d13b-47a1-9f39-a111bc52e1f4
2156,552,3c5229ae-7631-4b6f-9b6d-c8f4114118a5,997f25f3-ef92-454a-981e-123cea1cab32
2157,740,1c8034f7-4eab-47e9-834c-aea6b3eb4132,a579d01f-da4c-48b6-bbf9-5cb02390d21c
2158,1221,c00c5de3-4197-49ab-b8fd-05ee09805cee,17ba79c2-2957-46f8-9631-bd29866053d7
2160,3923,7fb104e2-8ea5-4555-a828-470a5c730957,a319f8d2-7455-48cf-8b81-c7407c6be732
2161,1224,00582a97-c26e-4f51-8b20-98b404d841cf,c1a5c140-455d-4201-99ca-b3e327ed21a9
2162,1225,d69a68aa-d035-4a18-bf5b-2a859843b0ff,52451045-a763-48c1-9c8a-8496a9ee3a1c
2163,1227,cc61c26f-fd93-40c5-8cd7-c2f9beb379b2,c82059c9-77d1-45c1-9235-40fe13ee87d6
2164,697,fbe48db3-9f19-410a-9579-11d8b41b8240,8242437e-b47c-4bd4-b412-df20fe75a8d1
2165,1229,5ed0dcc0-1371-41ba-b126-3b96d7209c79,7d6b02e0-d0ce-4cb8-bb47-9e083700c15a
2166,463,13e8fee4-7aab-44a6-95ba-cc06d9a27968,8bd22fdf-3fc0-4f2c-a7e3-faa93b2fc850
2166,554,13e8fee4-7aab-44a6-95ba-cc06d9a27968,46985270-7c47-4964-b00b-03bd9ee19adc
2167,1232,345996a9-e520-4d19-b881-5382baa53b5c,f3931ca2-c6a3-43de-90b0-d4ffa29de97d
2169,697,d68ff963-7eb7-446a-a9cb-535d8fedc36a,8242437e-b47c-4bd4-b412-df20fe75a8d1
2170,1234,dae2323b-851f-4899-9033-603dfa6bf6d9,b2fa0877-0226-4720-a58d-9654666f7838
2171,1235,1b598813-3878-48dc-b345-839e567d38e3,99480789-c9bb-4316-99c6-60e607ae50d0
2172,1236,c925a059-482f-4a28-8880-6faa65e501f8,9f849443-f766-424e-8ed5-9398c5d8d3ff
2174,697,90b2415b-0faa-4a05-a808-c3ee0d25d1d6,8242437e-b47c-4bd4-b412-df20fe75a8d1
2175,697,075fa6f8-9393-41df-aac5-1ecc8d9ab249,8242437e-b47c-4bd4-b412-df20fe75a8d1
2176,953,cdb8aaa1-7e33-4d8a-be85-7cd6e158863f,c782ea29-0b48-4351-9a9e-7eac1033199f
2176,1237,cdb8aaa1-7e33-4d8a-be85-7cd6e158863f,0752bb4f-e136-4c78-aea8-bc47cac6fc34
2178,1239,85b52f98-06ef-4030-b941-1a003905fb6b,6d201172-dffc-4fe8-90b9-aa148baeb0d2
2179,1241,63d1ebf1-7da6-4573-909e-eefd6655adc4,2ca4af5d-1ccc-472a-bca6-412a51e109cf
2180,1242,636bef73-9564-4164-a83d-cc6942633750,3f1552f0-d8d3-4df0-ac64-9c7cdc4aa30c
2180,1243,636bef73-9564-4164-a83d-cc6942633750,427bc0ca-66fd-46b3-9199-5d1fc47ae538
2180,1244,636bef73-9564-4164-a83d-cc6942633750,4f15c51b-d88f-4ab7-b7b5-6a9e9f7f6a58
2181,1246,917848ed-1eab-436b-9a77-8168d4281525,d6ac102e-00da-4111-85f5-2b6e3bbf8847
2182,1248,7bb38798-8d05-4e7e-a5dc-6580fe145d0e,9af59aed-f387-416a-a1f0-5917a3c0d065
2184,1249,91dd5863-7363-44db-85d8-f51e86fcc0d3,614787dc-6cea-4d88-b8e9-3f075a4c539e
2185,542,45ea1d6b-b22c-4521-abbb-612210f32376,628f7fc2-6221-4e2a-850a-39b7a08e200d
2185,1251,45ea1d6b-b22c-4521-abbb-612210f32376,9f116db0-7ae9-4839-a659-aaff85566115
2186,1254,0e1b829d-6283-40d1-852a-e3e3a58ffd32,32db162f-9f28-4397-ab98-41878eb35761
2187,1255,2c7b528e-dd02-4a30-89b4-0aa4f9ad8290,a9655f8d-b3e1-4b5f-8c33-423fc489aa3a
2190,108,c898b8bd-c2b7-48a8-a246-553fc6de8e9c,5f7be770-3356-41fb-aaf4-fc7d50c2ee26
2191,1257,cfb44419-134a-48fb-ba50-d8a904ff6b14,35beade7-31df-46fb-a998-d344b3757b21
2192,1260,e59db646-bbdd-4f99-aa88-12116403aba0,6114a437-dd49-4897-a105-c181fffdf8e1
2193,1262,c1c37090-9d34-4a1a-807e-372f222e1964,198f017a-d400-4f8e-b4c2-bfd4cf14df0d
2194,3929,ebc3f28e-1b3d-4c38-b965-a3b70e00f485,dadfff79-3b82-41bc-a05d-cbf5166477f9
2196,1265,cf6332e0-262c-4b06-af44-104c0ef29436,f4521c58-8bec-4320-86cf-769bcd135486
2197,906,b2ee2c2c-aaa2-474d-a66d-54f5bfea0716,3a922875-110e-4939-9ddf-bea64602bca9
2198,3932,c71aa51a-200f-4a05-9a2e-d2a7f2b0bce9,4b0ec93c-b20d-4f6a-ae98-52bb95ee9553
2199,1266,bd3764b7-adcb-4aa1-9609-bdea45474e08,1f45427b-c27e-41b1-b6e0-f62da6162b5b
2204,755,cd7f2882-33c5-4e03-b5cd-2ee1bef8cf6a,6817fcce-fb12-42ea-8be3-2318ad6e5dbc
2204,906,cd7f2882-33c5-4e03-b5cd-2ee1bef8cf6a,3a922875-110e-4939-9ddf-bea64602bca9
2208,3629,c75ce45c-d6bd-44eb-b947-0f54f2d8ad8c,392b6a64-30e4-46c9-8578-2e01bd3976a9
2209,389,d30dcae1-f233-451d-8afb-7e389937cecd,11def3d7-51bf-4727-af9c-3ea43d29be95
2210,62,bb4f2606-8ee5-47d8-b279-9952148112db,662f0503-8928-4394-b8c4-6ecdcefe0581
2211,436,5bf1613e-f8c3-4e99-8549-9d6058c8a20b,e6eba744-e6be-424e-b2c5-427258a5a797
2212,211,39e8f87f-8b30-4a69-88b6-a999bf0f7368,82b6750f-cef7-4337-a378-bcbf6aaa3530
2212,1103,39e8f87f-8b30-4a69-88b6-a999bf0f7368,406ae75e-416d-4dca-9af6-d2932c0a53a4
2212,1104,39e8f87f-8b30-4a69-88b6-a999bf0f7368,8ba9b761-86b5-449c-a26a-9f4f288ee61a
2213,1267,e615c4c5-56f2-4295-8141-80fa1f63ef15,fc981543-1612-4ded-a064-a10cfa3405c7
2220,1268,d58a047e-d012-43fa-801c-c87153a84075,a445fd2e-41ac-4909-b808-6bd71ec0537e
2221,1270,cd5a8d08-8411-4863-966b-2f8c690f83cd,625c9c2d-777d-4186-b703-419c6bc642a2
2222,1271,3d377021-1ab5-46a8-ace5-274b34fbfb46,0bba0a19-a42c-474a-a720-58a333e4270e
2223,1272,24c2e449-f746-4ad6-8cad-3ec541194848,700d16be-70a6-4ab1-9577-d13ffc87dce6
2225,3932,c84bb1e8-fdac-46a3-b66d-10c0ff35c27f,4b0ec93c-b20d-4f6a-ae98-52bb95ee9553
2226,1273,15f8cc3e-2640-43d1-9e6c-f1205230c316,61426b22-189d-4144-a3ae-549fc6c6adc3
2228,1275,bd3c0721-2da4-4d17-8a72-2d8e5ea893b7,652f9c27-8926-4a42-9b7e-bbbea6bfa8fb
2229,3978,2c001cad-67e4-43cd-bb63-d0a66f16f4ec,1bf0662c-5c2c-4f82-be0c-6731a112e979
2230,1278,305c8595-c745-498f-9885-e193cf3b2b45,36ffa4f6-34f6-42ec-88ce-3712fdb97414
2231,1279,24720826-0377-47fb-b37a-70ac9e65fe83,02f00272-9b6a-40f3-af89-5678d82c31bb
2232,1281,6fce02be-29f2-4812-b9cf-fb3e78a5d0a9,ca642283-8c6c-4b82-b9a1-7738d4614394
2233,2743,9fa5e8d0-1ab7-4aec-814f-7f9d96d96144,2fc90e3b-87ba-4ab5-a5b3-4921b4abf77e
2234,1284,18d2b7ab-c992-410d-818c-d332ae689693,a687a256-b93d-4873-a2a4-a174b5b11950
2235,1287,570c5827-30d9-4a26-b4b7-39151abeafd0,89f31538-6410-43a5-a7d2-2c945a0f8201
2236,1288,42672da0-a5dd-4ad6-bd1a-c8394e474c81,948d1401-d8f2-47fb-b1a1-f7fd6ba1e576
2238,389,dd7c1b56-47c5-43c7-a868-4c6b62a8d9f5,11def3d7-51bf-4727-af9c-3ea43d29be95
2239,459,10109547-c0d5-4f8f-bef7-b446a4fd0062,48c96edd-3c61-40c2-a93b-51aa2bc00651
2240,1147,d542740b-1c85-46ec-b63d-d5768fc0a05b,254176f7-ce3a-4da9-ab9f-8a436da7fc04
2241,389,80a81175-2535-4cfd-9755-9e516f4fcca2,11def3d7-51bf-4727-af9c-3ea43d29be95
2242,459,fe2e9336-5ba3-42c2-8156-1588529c2701,48c96edd-3c61-40c2-a93b-51aa2bc00651
2243,1129,ff711823-d9d9-4f73-9b00-db267e548bbc,eebe1b5a-4daf-4933-88ce-29d8e80dbfb5
2244,1147,6893c483-c105-4c0f-9c7b-99423d86af50,254176f7-ce3a-4da9-ab9f-8a436da7fc04
2245,1289,41c4d358-696a-409a-bd36-840fe058517b,9f4af317-1954-45c9-88d0-4187aa618b98
2246,1290,84bc643f-4666-49b7-98f9-7fec2f1b1be1,c1c4c04e-e126-4941-b095-0894819e2dec
2247,467,3f549484-0b58-4094-b790-0670f8a9e149,b78a1d5f-3fc0-4d13-8b77-6e97a1f188bc
2248,1152,4b31f1d6-2ee2-4f48-b444-09d32301278b,8791fda4-fc41-43f5-ba73-d45850d8b96c
2249,1181,43be09ae-fb89-4b11-9728-127106eafe08,7780052d-8457-48d2-8949-750d2ae2a242
2250,1147,955ec517-7227-4103-be78-c0d602610e31,254176f7-ce3a-4da9-ab9f-8a436da7fc04
2251,1152,d354ee9c-e2f3-4861-b769-369f52c4b560,8791fda4-fc41-43f5-ba73-d45850d8b96c
2252,649,a3a21292-469d-420e-a6b0-2add4597a3ef,20e26c12-235a-4428-ad6e-69fb6e405f70
2253,211,cd636dce-c469-4c05-b1f6-b2bc841f6596,82b6750f-cef7-4337-a378-bcbf6aaa3530
2254,479,c3ecccf8-dbd4-47a2-9b9a-8b25ff89ed56,3b73d655-2604-4232-a7d2-43995bab7677
2255,42,1c25ce8c-c03a-4a1f-8f12-412ed40e68a5,cfa14c6c-9829-4453-a196-6fc21351ee4c
2256,1291,3d8f16c7-00fe-4ad4-9f25-48eb1af404f2,2fd2b39d-9341-4baf-8b63-f7e19de78042
2257,591,e7b03fca-ed6e-4fe6-819b-e439cd3f7338,fde9f22d-a016-4e07-b72c-c6f78a6e9579
2258,591,a2e63631-644f-4268-90eb-351911b3baeb,fde9f22d-a016-4e07-b72c-c6f78a6e9579
2259,125,947302a7-7d79-4865-adef-cba513da3d0b,bec5697f-ca15-4745-b590-04889f7aacf3
2260,459,e0b68f4c-d02b-44f2-b6bb-b43c5fbad85e,48c96edd-3c61-40c2-a93b-51aa2bc00651
2261,459,2f146287-3860-4f95-8a61-2def264b0fb0,48c96edd-3c61-40c2-a93b-51aa2bc00651
2262,210,17a95f4f-257e-448c-b8c2-fae85f49a564,a43b4f36-2068-42b8-839b-a71b37ac1a7c
2263,118,e45be733-9e16-413c-8cc2-c1dcd6bc065b,b25c4be3-b3fd-4195-a7f4-0cd0cb0644aa
2264,1119,1294ce2e-beb2-4501-8140-45e05c52268c,62780a7c-2a85-4876-8a5b-7a16e4c35123
2265,1292,abaf006b-a183-4f34-8035-fa4dbbc4dec8,466c580d-4b50-4ab8-80fc-336859d69c1f
2266,40,ca9f69ee-2b7f-4611-b1e4-d0ae669e7746,4401261c-13d5-41e0-84c7-c38068ef54dc
2267,125,72893a5c-35c4-4313-bd6f-4523f692b583,bec5697f-ca15-4745-b590-04889f7aacf3
2268,1293,806ae937-4090-4367-bfe4-121bcbbce840,65ed41aa-db10-466b-963d-a743bda43b1f
2269,479,cc52433b-b8a0-416d-ae5e-cb00727e963d,3b73d655-2604-4232-a7d2-43995bab7677
2270,156,dc1f2916-5846-4a0c-8eba-e6c90fd62208,2bd9f82d-5de2-47a2-83c8-c9c400aed0d8
2271,108,72a37f0e-2c05-4da4-b0bd-07632424572a,5f7be770-3356-41fb-aaf4-fc7d50c2ee26
2272,389,776cf759-ced3-4cc3-b1f8-4e565caffd51,11def3d7-51bf-4727-af9c-3ea43d29be95
2273,211,ae2a913f-6f18-4b01-84aa-100982bb38b6,82b6750f-cef7-4337-a378-bcbf6aaa3530
2274,67,f513291c-a785-43e1-954d-33b1594a6ee6,f2095865-bbc8-408c-a50e-3a3a62630f2e
2275,1294,0164e898-54c5-4c65-a7ac-99e4f62acbbc,848c00b5-9bdc-42e5-bf52-43b36d150633
2276,1146,7b2b0fc0-6cfc-4fb8-b421-b4e039455819,47fde1e0-eaa6-46b2-ac86-093315184000
2278,1273,2e053b96-336b-45f0-bace-830c9b87ab93,61426b22-189d-4144-a3ae-549fc6c6adc3
2279,1295,8cb46e89-edc7-44da-827d-62e92728bd15,88b53e4e-9389-434b-9a76-624d1a7419c8
2280,1296,d031222b-c05c-49d2-b3cc-764402ffcac7,81296d65-a944-4eb5-a45b-9b57f51f555b
2281,211,da98ec00-3679-46b3-8680-490a316f0fdb,82b6750f-cef7-4337-a378-bcbf6aaa3530
2282,211,e2cb6017-a9a1-47c0-bc71-862dc47452f3,82b6750f-cef7-4337-a378-bcbf6aaa3530
2283,100,3608672f-54e2-4111-9b4e-ead0b6d7b836,a54f808a-9c32-47a2-bec6-95f79626d5a0
2283,1297,3608672f-54e2-4111-9b4e-ead0b6d7b836,3669c6df-84ec-46f8-b798-2da8378702a5
2284,1295,aee13e32-34d2-4241-a8d9-e4124fc2bf18,88b53e4e-9389-434b-9a76-624d1a7419c8
2286,732,c3286699-b582-4fae-a25a-949ae0d31a5c,6c3a9a9f-3df0-4580-ab61-b7fe0c40af7c
2287,136,5c651ef4-e808-47b4-8647-bfc95aabb6d7,37d32daf-cd35-4895-a25f-bcfc51a62a48
2288,1298,2ce387e0-2b48-4288-adc7-52d284180132,707cf536-94f0-40c5-9805-ca43642562ff
2289,305,21be67eb-9a4c-4631-9dcf-a341cda41066,b091bda9-7010-47ba-886d-3ec3e66a468d
2290,1299,2d46140e-c2d5-4102-95b1-3256f2f928f8,20cb59c2-83fd-404d-b79e-daa5cd203626
2291,114,07f9d399-56e0-4849-bfb2-ba7eefcba5c9,1d1b459d-8a45-4f4d-8eb0-1839e43bf274
2292,132,d6e24097-2e08-4ab0-8ba6-dd11212a729b,e7424383-94f4-4648-92e5-02ed08607a4a
2293,1300,32bfaa4f-fe1d-4f24-bcdc-58c133407305,72358e86-61fc-45ca-b1ff-ed9e7538bf6b
2294,4185,1881f196-9da9-4d9e-9dbe-084796767cac,9e7db21a-f065-4063-9304-82800a618644
2295,1301,3cf90c39-b1f3-4c21-a59f-eab2671b5226,bf69d4f1-5fcf-4f66-b9ff-4f8adc9360e7
2297,1295,b6a713de-cc8d-4b26-ac8c-8eb6ddb8d18b,88b53e4e-9389-434b-9a76-624d1a7419c8
2299,3950,9775cfb7-5e78-493b-b20e-cb52f4506c7f,2cf4e1f6-1534-49f1-95be-46a41b07f345
2300,1304,ee1428df-2e87-4bf2-b85f-ae068352b299,4826e5fd-f86e-4d5b-83bf-d9975569e59b
2301,1302,c5954385-5bb7-4356-8e96-67e175535e8e,d2ce237f-7dc1-405a-a2a5-9cf95bcbbb2a
2302,1306,5c81ce1e-8b4c-423e-a9ac-cd8fdd7f85f0,55176c66-b00f-4bb2-86bb-6d802b5096a3
2303,141,5043fcb5-181a-48c3-9999-707df3381baf,72c404ea-77e4-4328-954d-539ba8d0fa64
2304,1307,95a7395b-bd57-4f83-8c57-f6c481831fc6,597ccf2a-2c05-45c7-a7a8-74959ac01057
2305,1310,9ffbbece-71a4-461a-bfc2-c55f6fccc29c,38e93855-97e7-4c09-a3f4-0e605ae753db
2306,1312,19c8c6e2-2a5c-4008-a54a-94fa4232d060,8cf1b411-812f-409c-9bd7-1d342a27003a
2307,1315,c32bbda2-8fa8-4d6a-9a7c-887527ae95c3,1436b9d4-c5c4-4666-a1d5-37a5f78cc7ed
2308,1316,b27b84e9-3870-46f6-88e0-185d0cc113fc,761fb1fd-7fea-43bf-8c16-4a8fd290aa5f
2309,1319,6971d771-196a-4142-b28b-e46394ce91c0,7129514c-7089-4ef7-9790-50a37b3266b5
2310,199,5ee27425-6e42-470f-b0f3-ef8e17bcaa5b,4185308f-db61-4900-96bd-5a4651e45485
2310,1305,5ee27425-6e42-470f-b0f3-ef8e17bcaa5b,6131b918-ee2a-4760-bfd8-1bdd52beb9a3
2310,1306,5ee27425-6e42-470f-b0f3-ef8e17bcaa5b,55176c66-b00f-4bb2-86bb-6d802b5096a3
2312,1265,5e7e2c72-98e5-4410-ad2b-04949029c5a5,f4521c58-8bec-4320-86cf-769bcd135486
2314,1321,27adbe53-dc68-40d0-9269-3b3e5b05dc7e,eba736a5-761d-4372-ab64-7e5d3fe6496b
2315,1269,38fa3b32-2188-4377-a286-45fbda4fbc9b,a44f96c9-12b8-4f27-a356-567dab48e76f
2316,3935,27331fb1-8c01-4a21-93ff-49f7faf2fc9e,016770c1-a522-4d5c-a1c2-dfdbf372070c
2317,1295,b1232bdb-0c1d-4759-b59b-60982a2faa6a,88b53e4e-9389-434b-9a76-624d1a7419c8
2319,906,8bd522bc-39e4-42b5-8416-b0a069458135,3a922875-110e-4939-9ddf-bea64602bca9
2322,1294,a1e90ca2-735e-4fea-a479-33e0de142805,848c00b5-9bdc-42e5-bf52-43b36d150633
2325,1322,8afc88e7-6268-486b-bab3-bc4011b79303,b3f5f3aa-0776-41a8-a30a-88b19356e1b0
2326,1317,ec57de06-4e7f-4861-9bb5-d6481f4d153b,015453f4-8fa5-497f-b2af-2f54f56a5ed7
2327,1323,a4d196be-d861-431f-9d1e-ea9ba21b9657,8f35aabd-be20-4337-9956-c054cda5a211
2329,1324,9198525b-19a7-480f-ba9c-9ad33cd2a2f2,6daac026-fdc6-4950-af85-31ededd7bb80
2330,1269,83362020-b1d7-425c-9d01-a44848adac5e,a44f96c9-12b8-4f27-a356-567dab48e76f
2331,1325,5df869f3-3c67-4448-a53a-5fa99099d267,09bf377c-b525-4451-9999-b3e1f478f73f
2332,1325,f949bdc7-e58a-49a2-8f95-81b08f1ed884,09bf377c-b525-4451-9999-b3e1f478f73f
2333,1295,5a06fca6-58db-4816-8ca5-56736ba82278,88b53e4e-9389-434b-9a76-624d1a7419c8
2334,838,1e57299e-0b61-49aa-8f0f-70ff47d07e9e,5b3da0ad-dbe9-4615-a938-7587c066331c
2335,94,98cd8826-a3ae-4866-9508-da6fcb2c6e8a,2569eeb7-5928-401e-a651-5136c314bc80
2336,1326,e22b7be9-6136-4ec5-91b9-34b50811b086,879c799b-38ca-4f81-80ce-33e4027950a2
2337,1327,9b7b86b4-66fb-4eb6-87a1-1a4b3272d090,4258beb5-22b2-4a30-9f86-1caf33bd6112
2338,1328,6f170232-ad6a-4516-8ca1-1c980db1513d,100c7b31-0dc1-46b6-bee2-3ce8c97d1619
2339,1329,093dc42b-e68f-41e1-a75a-6a5918cfeaac,f900b6d2-4367-4a27-b9f2-76204b86eb2b
2340,94,84ca7abe-dbba-415d-8351-0278c53867f3,2569eeb7-5928-401e-a651-5136c314bc80
2341,108,02a4515e-611e-4325-bf85-72988618d2b4,5f7be770-3356-41fb-aaf4-fc7d50c2ee26
2342,108,494b926d-3517-4c31-96a7-da82a80ee473,5f7be770-3356-41fb-aaf4-fc7d50c2ee26
2343,67,992a6760-d9a6-41fe-8f6b-367f72d1718e,f2095865-bbc8-408c-a50e-3a3a62630f2e
2343,2586,992a6760-d9a6-41fe-8f6b-367f72d1718e,bfcdc0d3-7d64-4b44-8458-81288d994044
2344,1330,a64cd69e-d2d5-43bb-9e74-fb1ab5ceacb9,4b71ccf4-2241-423b-92d1-42b123b03fcd
2345,1331,ad38a372-019c-450a-b09a-b20267c8f75b,09ea66d6-6208-46f0-b4cd-dea3747d1977
2346,108,10d59e4f-8322-4f93-a3ef-db4794f955b9,5f7be770-3356-41fb-aaf4-fc7d50c2ee26
2347,1119,1ba4e4db-5f41-4bc0-ab27-78eb9091a29e,62780a7c-2a85-4876-8a5b-7a16e4c35123
2348,1332,d35a1c38-33de-40a8-84ba-758c8083535c,195cefbd-afdf-484a-b6d4-f42d1ab09ac1
2349,127,45668db6-f3ec-4809-b167-6ae183f3f71d,a4bfb22e-dd4f-479f-92cd-33d13908d1fd
2350,597,090375b0-dc39-4792-bf7a-1f419d51c797,1b46e744-9a37-4b3a-88f6-81acf847c74f
2351,492,7a9a8dac-500f-469e-9d4f-b84b3785bdcf,5a9208f2-2847-4ae8-aafb-4f736a8936d4
2351,1060,7a9a8dac-500f-469e-9d4f-b84b3785bdcf,3f9a3e32-93b4-4812-9f8f-f7c326956019
2352,1335,c3162abd-cb0e-48b2-a873-47dfd252a7e5,6115f93c-8618-4da8-96fd-82284d981e35
2353,1336,3708aacb-cb9b-4b16-b586-0203dd3a9487,0e853b47-fbea-415b-9e14-52359d4feaf2
2354,1337,6f315e59-e9a1-4cb5-b90f-74ce4048ebcd,2d273c21-be6b-438e-b0f8-5bb05b53a488
2355,1338,21ffebd1-a5eb-4e2d-993c-403ad9b31c2f,be089ebf-1186-450e-a982-06feb707a3ba
2356,1119,91d67d9f-c9f3-4d0b-b65a-9794c8a18ef5,62780a7c-2a85-4876-8a5b-7a16e4c35123
2356,1147,91d67d9f-c9f3-4d0b-b65a-9794c8a18ef5,254176f7-ce3a-4da9-ab9f-8a436da7fc04
2356,1338,91d67d9f-c9f3-4d0b-b65a-9794c8a18ef5,be089ebf-1186-450e-a982-06feb707a3ba
2357,1119,ca6a3023-7901-4eed-b1c6-7b04c0d65af1,62780a7c-2a85-4876-8a5b-7a16e4c35123
2357,1147,ca6a3023-7901-4eed-b1c6-7b04c0d65af1,254176f7-ce3a-4da9-ab9f-8a436da7fc04
2357,1338,ca6a3023-7901-4eed-b1c6-7b04c0d65af1,be089ebf-1186-450e-a982-06feb707a3ba
2358,3939,c7d15f8c-7abb-4c25-9f2a-e6487fdaae25,63d01ab8-8be2-432c-953b-0e5beac4b3a9
2360,3962,2ce016e5-61d9-4f02-88de-162bb35ae94c,606bed5a-5e0e-45d1-b8d3-60306ac0f6d6
2361,1340,0c0c0db3-323a-49b1-8ed9-6e8413ec3896,ada1d5e5-7634-4d68-bb7b-d02db6eefb94
2362,1342,12c137ae-6b3f-4681-84ba-2796bceb4810,1ca2afea-1d6e-4bca-bcd7-a94880de677b
2364,1343,e2385352-59b1-4f6e-b7fc-ee499b7dd8cc,6459558f-3188-4b94-9f00-84f4f824e077
2365,1346,030541c6-495c-4004-ab17-e676e457acb5,03825efb-85f6-4961-b54e-77c48ffed32d
2367,1349,69f0807a-e645-45a0-87f5-a04ea46e5273,a021f9d6-111c-4a60-9e20-47a481733f17
2368,1350,52fe3fa2-25c7-4e35-ae05-50cd8e2e54d9,f5403b82-cf22-453a-9eb3-da4f93ce5901
2369,1351,b1e78946-59b4-4249-9f22-da5efa1b8569,8299c5f4-b30a-4dce-83ae-b2835b145298
2370,1352,add2c30a-6ab6-4601-8ce5-b3193fd37a77,3400a6aa-3c82-49b1-b5de-99a0596ceba0
2373,1353,43d492f5-74b3-4b99-9dde-caca70e54513,f02d1e12-2bd8-4d07-abd8-0fc48496f75b
2374,3988,73109026-883f-48fb-ac83-2fe78db90e4e,85179327-7937-4a59-9fac-1b7cbfb2197f
2375,4018,796360d9-6edc-4c76-9080-f3786b3033d4,e39e0121-6424-45ce-955d-17669ec9399a
2379,1354,922d44b9-7c32-47a6-ae4b-fe590c433adb,5380da20-2468-4b84-b4df-047f7082e510
2380,1355,61276e59-efad-48ee-a78c-7e25481a2805,4b7686d7-3976-4b4b-8429-6353da9a6527
2381,1352,edaf9cc8-a866-4e16-b403-2b9de9dcbddb,3400a6aa-3c82-49b1-b5de-99a0596ceba0
2382,1356,5e876293-56f5-45e7-be68-fc2097201899,c2a3fdff-7c60-444f-9d95-5a7a7652b2d6
2383,1357,1fb439c2-578f-4b21-aa7a-d331bc1429ee,c8938c0d-c874-433e-99ab-53b59d6584ac
2388,4214,c1b15d3e-651f-4748-8b89-adf40e7e7b82,f4e71dcb-a7b4-42d2-876a-444a04ab1afa
2389,1358,c71cfce2-6d7b-4531-9cd4-de84630246da,9dae45a3-fb0b-4704-9543-7db630ccc846
2390,1343,61448e42-2e02-4546-9090-ad14266aa7f5,6459558f-3188-4b94-9f00-84f4f824e077
2391,1343,931e89bb-9837-41c6-91b1-1a5e65e3ddaf,6459558f-3188-4b94-9f00-84f4f824e077
2392,1359,1b1531ee-7fb9-4a1f-ba4f-99fc273e7e72,db0822a3-55ff-4ac2-aad6-94904807ff00
2393,1344,a071f518-807b-49aa-9ffe-7be0a1a27cde,0bd1eef1-a3ca-4af1-b6a1-24ed3b366dc7
2393,1360,a071f518-807b-49aa-9ffe-7be0a1a27cde,e6109a85-5f90-4ac6-810b-7e683df04578
2394,1361,64bc4908-dfc0-487c-bdea-ea75a306c84a,d84aa295-9cdf-4605-bcb8-c922e8dab0d7
2395,1362,c30f84ff-e873-4224-afe7-6d930d776927,4c1a872c-e3fc-4e41-a8dd-43d0b4b5ba23
2397,1364,b82b9cce-284a-4f8b-8b8d-624c258857de,852f04ff-1120-40cf-889e-630de5013022
2398,1365,ea62c583-0392-4d9a-acf8-3853d6a47c1b,ebf6f09c-a501-4011-bffe-5d350a7ce1f8
2399,389,fcac471f-35f8-4aee-994f-eabd6814f98b,11def3d7-51bf-4727-af9c-3ea43d29be95
2400,1366,f4224b54-1842-422b-a3bf-ca08708ff96f,aa1f9775-0ae1-47c7-9652-e8ceb24f1406
2402,1370,eb0867d2-9219-423e-825a-942b74ccb5c4,36a1be61-a191-4eb5-b882-f0a06b803556
2403,1373,ae4dc769-cede-4374-94c6-3da1c0fdc61e,3c52745d-9ad1-48bc-86bd-7acfe319fda5
2404,1374,47daa716-de34-466e-9206-45514d07f6e1,e7b7ac4a-6824-48a0-86b0-979298218870
2406,1377,cc478040-4761-40b7-93c3-9fa3d4c48586,72e173eb-ab3e-48dd-9ea8-c538c9a4c2c8
2408,1378,ef43590a-f416-4bb5-b89a-51b42b46abb3,b96d31d6-18ec-4794-88d1-f39e5e6b5e66
2410,1379,110c1e35-a926-4430-8a4b-f3949c4bbccd,4af7f1db-ce84-4764-91c5-a90932fd9d9c
2411,490,f3e4ac4c-527f-4a2c-9fbd-dab030055566,4544b952-a346-491a-8471-3549f7f2f288
2411,1380,f3e4ac4c-527f-4a2c-9fbd-dab030055566,e6cc704e-d253-4010-8aa6-8bf4906f5499
2412,1383,79f97d80-be73-402f-bfe1-67bd1420e8b4,57d63370-9939-4bcb-96e3-c136d9023f54
2413,455,436f907d-00ec-4776-adb0-3bea9b732670,812054c3-3114-4f5f-b7d3-f4e6d63de342
2414,822,b0e0b791-c1da-4352-bb5b-f3d3b8d7ae06,4d4600fd-a087-483a-b05f-37a68458e8d2
2414,1383,b0e0b791-c1da-4352-bb5b-f3d3b8d7ae06,57d63370-9939-4bcb-96e3-c136d9023f54
2414,1384,b0e0b791-c1da-4352-bb5b-f3d3b8d7ae06,4056dd30-1c32-40c8-8cfd-4d0912f4d7b7
2415,1387,9366ead4-9ff2-4ee8-9109-f9fef2a2de0d,7aaa74cf-e14e-4665-b1b1-9cc1b7106436
2416,127,c745669b-c605-4b4b-93ac-597d861691c8,a4bfb22e-dd4f-479f-92cd-33d13908d1fd
2417,685,f5b8976b-cde2-4872-9bc4-d8b94f0d5de6,455538cc-4957-465e-a6ae-6719de3aae96
2417,729,f5b8976b-cde2-4872-9bc4-d8b94f0d5de6,d83772a7-7d10-4e97-9370-ef71bb8ea26c
2420,1388,95ab5a6a-650e-45fd-b5ef-abee5980cdec,c5f478fd-6a02-4a9d-ab96-24c6febab753
2421,818,c626afe9-8d81-4646-ae05-22c754b88e43,693a2bf2-2347-43b1-9b4d-49312aafdd20
2422,1388,5f6dab0c-7528-47c6-937f-563efbab86c0,c5f478fd-6a02-4a9d-ab96-24c6febab753
2423,4287,3c121331-ad57-4d64-ada1-91c7b5175317,07eaa4df-c86d-422a-b9f2-143a10875b80
2424,1388,383bab4e-107a-4c9b-bb14-15b264d56252,c5f478fd-6a02-4a9d-ab96-24c6febab753
2425,1389,08709036-0969-4837-9dab-2a59d8e1b1fd,42e48b81-397c-4b18-9b75-06bbc884cb78
2426,1389,59e60bab-ba2f-4bd1-ae6e-fc146da12d14,42e48b81-397c-4b18-9b75-06bbc884cb78
2428,4327,71aa27c0-8498-4e59-99b7-4badb2905a72,590b3f02-a73a-4381-b331-e9812181f3d2
2430,1193,0a3369a2-763d-4e7f-8bf9-f5897fce5fbf,052a4cf9-cf89-448e-aa9d-0d694357300f
2431,294,f1cde9b5-2bf1-46c3-8b52-06f7671ac64f,2b9dd7af-cd0a-415b-8179-41dcf5c05349
2432,36,ce3a71dc-8b9d-4474-9db0-cd5c56fa0fb2,fc519734-7041-4490-8c73-549a82f4f427
2433,1390,4fe126f0-31d6-40a8-948a-08cd72f86d27,afc7e445-b57a-4427-a756-aff712ffd0c9
2434,694,c7102304-feef-41a6-a22c-0faa7f69a6bf,30505053-153b-45ed-a2da-6d8599a8bb72
2435,1391,01ac03c5-cd61-4d27-bb7a-0569a541bba5,e3eecc86-a3a9-4575-80f9-847a3ce3cce4
2436,751,3cdb1b42-9e5d-4322-944f-bb75199ccf94,77814e2f-e6b7-49f0-ab53-af34c3ec6320
2436,1176,3cdb1b42-9e5d-4322-944f-bb75199ccf94,39bcaf18-3945-4f50-9ef5-12d7942eda42
2436,1177,3cdb1b42-9e5d-4322-944f-bb75199ccf94,9cfa5289-8dfa-4a11-9197-4474b4612917
2437,1393,08203ad4-f04d-4373-a012-bb7526b42746,95be080a-defb-4b90-8e21-5580d9b53131
2438,751,0601b041-13e6-456d-ba98-821eab701807,77814e2f-e6b7-49f0-ab53-af34c3ec6320
2438,1394,0601b041-13e6-456d-ba98-821eab701807,67263aa5-2aba-49c9-9d68-af42b42db7ec
2440,36,4f9cbe27-6d0e-4bd2-8c1b-f0a406c25882,fc519734-7041-4490-8c73-549a82f4f427
2441,1194,d13994da-8610-4c5c-9995-7d7f6bf65a4c,293ae618-fb3a-4b12-a76b-f7c5e6734010
2443,391,c2bd49e3-f109-4b24-a78b-71b999dbc627,55382b90-92da-4c43-a187-5e850500cca2
2443,393,c2bd49e3-f109-4b24-a78b-71b999dbc627,d0f998fb-2c16-4ea5-a5ad-b6bc9b520197
2443,749,c2bd49e3-f109-4b24-a78b-71b999dbc627,67fad100-f88a-4cb6-82ac-ea8b614fcf56
3430,431,62975f34-2a32-489f-aeb3-4250fd56cf36,a99ab47a-e75b-4af4-af55-7b24308971e7
3430,725,62975f34-2a32-489f-aeb3-4250fd56cf36,23c9ac8a-0f4d-4eda-9478-e10495e85240
3431,2391,d88bfafb-57df-4df5-b646-8281661c4afd,7d0487cf-a372-4164-be79-08c0930b006e
3431,2392,d88bfafb-57df-4df5-b646-8281661c4afd,875da061-c360-45ca-8c4d-5a36f04c28cf
3432,328,16fe32bb-b5ec-489d-9861-b67e27dfab0b,4ed4f093-bb20-4b48-9ad1-d5ba3d7855c1
3433,2393,29addc3e-5c3c-4442-9b28-f4aa1595ca12,38d1d3a9-901a-42c3-b8eb-a02ecf1a801d
3434,2396,ced4ab6c-40c9-4383-a5c6-076b7defdadd,8406ff88-7d4c-483b-af5f-67e2952f171c
3435,2405,f99ebc6a-f3f5-4a19-af2f-5113bc022c31,0f371f8c-2fe8-4de7-8042-c5234d84c34a
3436,2397,666deab9-7850-4f79-9156-8dc9fb7fed66,ff2f10a0-2358-4534-9499-cf142a118ccd
3437,2398,82914676-5c87-46ea-abd7-fd639cd84203,2235d9e4-6b18-4bc3-8059-6b4efad75439
3438,2395,2ed51b6f-5e9a-453c-a1d2-8238d4b66a7a,1471efa7-d501-43e1-945b-0dfdd615f852
3439,1001,9be0afb1-19a1-40c1-9bf5-f4b661c7ceba,4f9824f6-be57-4793-9bdf-6dbf0da73129
3440,2399,e1bc4ccd-5d69-48e0-9355-38d33f16f200,7674b6bc-4c9d-496e-b4e6-a42ade350009
3440,2400,e1bc4ccd-5d69-48e0-9355-38d33f16f200,17c4ab9b-6b1e-4d73-bbcb-3d1c3d3fa6da
3441,725,c268f389-1f5b-4b55-ae64-9ab067b8acde,23c9ac8a-0f4d-4eda-9478-e10495e85240
3442,2403,db0dc77f-5727-4a30-b53a-455daaa665b8,852e385f-1f4a-4a38-b6c6-ce5f0f79041a
3443,2404,ea2eb2e5-a4eb-470d-8cac-c88564959d02,a57d9f27-390b-46d4-89e9-68c2393f993d
3444,2405,4a89d202-a691-49db-a370-3b5f382017cf,0f371f8c-2fe8-4de7-8042-c5234d84c34a
3445,2405,1cde515e-f58a-4529-a04c-784706bd1e93,0f371f8c-2fe8-4de7-8042-c5234d84c34a
3446,968,42f2ba1a-768d-44f2-84b5-54f793275352,d5079611-d52e-4d4d-9214-3e8235c6bc4e
3448,2397,968d046e-cf4e-4b8b-b2aa-a932e60fc987,ff2f10a0-2358-4534-9499-cf142a118ccd
3449,407,44c01e5e-1c6d-4743-9c24-611ee19cc60b,f23797df-3f32-4e33-94e3-ee1b3c2d0cd4
3450,407,6e80bb40-182c-415a-bf1f-e326a7baf5e8,f23797df-3f32-4e33-94e3-ee1b3c2d0cd4
3451,407,b5e1d6a5-4d70-447a-bad8-61b21e4abdd3,f23797df-3f32-4e33-94e3-ee1b3c2d0cd4
3452,2406,5271946b-2149-4e06-9274-e82821fabbf9,5d1579c7-f2f8-447c-9712-dbb03b5b4466
3452,2407,5271946b-2149-4e06-9274-e82821fabbf9,670307c1-ed4c-4081-a966-f16ee9a8d06f
3453,2408,85ea5d9c-0487-4671-8cf1-91f78c0d3174,a72b9fbc-5078-4d55-84ec-07a2d206cd27
3454,2409,0dabafe7-1c4c-4692-8184-bbb1e80929af,4b884906-46ee-43d7-8c94-1d4d7db36e6a
3455,378,8bec283e-829c-4d49-91aa-4941381334c2,53063713-2662-43d3-a6fb-0ad606d92625
3456,968,c1c2408b-751a-4a7c-be91-868125fd8ec3,d5079611-d52e-4d4d-9214-3e8235c6bc4e
3457,2411,80660237-828b-4c60-98a6-61f7e6121e7b,44f1f140-8e82-479a-b7f0-484b5e83daff
3460,2412,028ee0dd-2e88-4769-8f20-fb6e5e7cc937,857d0af1-c4fe-4977-acaf-2872b747cc53
3461,390,e2f2b52e-7937-41e0-a95f-c07b8f594c5d,ddf3d608-52f2-4a79-8ecc-c7ae539df4a8
3462,1272,8973df14-ea67-4d57-8488-989c831aec9c,700d16be-70a6-4ab1-9577-d13ffc87dce6
3465,2405,b630b7d1-1068-411e-99e3-e988686db495,0f371f8c-2fe8-4de7-8042-c5234d84c34a
3466,2413,87ccb0e5-0a3a-4fe7-84a9-c00900d11b63,46c17640-0d02-443f-85e0-35f31a2ac0ae
3467,2415,5f1b01e0-275d-4fe3-a1f3-55d3d4638f4b,ecd6dcbe-32dc-434b-b20b-0c421c38087d
3468,2416,8ed8c9f6-ff0a-4fd7-90c0-5d2a2b3658b0,a96ae175-df3e-48d8-8930-cda8ed8edf74
3469,2397,4368961d-c597-4adc-9d13-03c21f0d0a93,ff2f10a0-2358-4534-9499-cf142a118ccd
3470,372,f1949a82-410b-46c6-9caf-594262c84b55,260a8693-6e02-49ed-ac93-66017d53bc5c
3471,818,ebbd3127-3652-4bb3-9dbf-a29559f7424e,693a2bf2-2347-43b1-9b4d-49312aafdd20
3472,54,6272c78c-d5e9-4fae-98fb-a8cfb63b9de0,6904f673-d13b-47a1-9f39-a111bc52e1f4
3472,2417,6272c78c-d5e9-4fae-98fb-a8cfb63b9de0,4cd3ff76-37a2-41e8-b24f-217508c2cdd8
3473,2418,f6cc50bd-8160-4fcc-bf79-205e8d56e0a1,050eba9f-9aed-47d6-b63d-5d432a22d647
3474,414,7649cc3e-2a71-4090-a122-ae149842ed1b,0b1b48ef-c330-4d3c-9a89-86e11672bf5d
3475,1388,84c9c43c-653a-4023-bce9-ea7592df3627,c5f478fd-6a02-4a9d-ab96-24c6febab753
3476,2422,ba2ed790-c84a-4db0-aab3-e7942a40321d,9b2f0afb-1468-4ccc-a4a3-486528868d73
3477,2423,f32be8b6-c453-4799-bbb9-2ee6e689b5fe,2e841a84-9d12-43d2-9e8d-64e50c3598dd
3478,343,a56d350c-9b00-4b3a-b6dc-e903b713140b,fcf2c827-6c55-468a-ab2b-f45fd5400b48
3479,2425,717ea369-ce48-4ac0-ad8c-975ee8c83200,45618ffd-ab15-477f-b927-ed85be4139ac
3480,818,a37199b7-f489-4ac8-acde-58be511732a3,693a2bf2-2347-43b1-9b4d-49312aafdd20
3481,1388,8a7cdb65-9fbb-4bdb-b64b-a928a8a838ac,c5f478fd-6a02-4a9d-ab96-24c6febab753
3482,1317,5f684480-fc0d-46a5-911c-ebb5d02b8852,015453f4-8fa5-497f-b2af-2f54f56a5ed7
3482,2426,5f684480-fc0d-46a5-911c-ebb5d02b8852,27906fc7-3a67-4d12-a97f-367c1711e1fd
3483,2422,1357f358-4e23-44fc-90c9-9417ba088f07,9b2f0afb-1468-4ccc-a4a3-486528868d73
3483,2428,1357f358-4e23-44fc-90c9-9417ba088f07,1e10d27c-596d-4b3b-b116-06268d8da175
3484,1388,50adde1d-a6a6-4cb9-b474-15753183acc0,c5f478fd-6a02-4a9d-ab96-24c6febab753
3485,2434,9003580c-0b14-4687-971b-cb1fd303527f,0b27ea4a-4a2b-4bb8-829f-75578e3f91a1
3486,2442,6d33b129-6609-449c-8857-d285bdd4c77e,738b8e9e-26ee-40ec-bca1-8cbd56ed0396
3487,2444,65d972ed-9500-4b77-99a5-d004602a4a80,967b2320-4eb4-4745-9b73-65b2b7af8c5c
3488,2445,81162284-4906-4782-910b-fa8c0dee7766,783ef20e-065c-460c-9178-b5eaa8a72c17
3490,2446,25d55748-b4d9-4a4c-8c54-809d7aef80a7,7fc9a861-56f1-422f-9244-0a571d7de389
3491,3987,d3b1f33e-95cd-4a65-8129-e21fd0e92ed7,6b56502d-a5be-4572-9073-ac6fc8177c6e
3492,3044,178e8603-0367-401d-acb7-4b284e6a12f5,c200a6be-96ca-426e-a724-340dee4f7cf2
3494,1378,8a118a7c-3681-4f1f-9098-e7f8d2919a74,b96d31d6-18ec-4794-88d1-f39e5e6b5e66
3495,2447,740dd7eb-3d71-4b58-b498-6fa5942e6e2e,09d1d66d-f8e8-4eb9-ab08-4a125108649f
3496,4011,1eefe41c-598d-4a6b-9d7a-36b3a9a6816e,b1584847-8229-4e70-b085-5928fb669af5
3497,2448,a74fabff-95f2-42e8-a724-281ca97896bc,ab701ded-4d53-4fd8-b45c-8a81c0deac88
3497,2449,a74fabff-95f2-42e8-a724-281ca97896bc,00174c7b-ec3c-4e4c-876b-63bc232afc0c
3497,2450,a74fabff-95f2-42e8-a724-281ca97896bc,794f4fe1-df6a-4d14-a650-502f443a31a4
3498,4010,01b6950a-97e0-4ea9-95c4-fbfb788877f3,1b23bd5b-599f-4462-a897-4a39774ca9c8
3499,2452,3ac1c613-e308-4b16-80e7-7ed1b9369109,02f6aae4-2d98-4c54-91ab-a98e2a567e6b
3500,2458,a21259fc-d896-4869-bfaa-73444712f18c,f278a77a-13db-46a7-9e9d-624e0d094734
3501,4010,95a27410-42c1-4b4b-bef4-91447618d723,1b23bd5b-599f-4462-a897-4a39774ca9c8
3502,2446,6d4787d5-c3ff-4200-9cf5-5324e95246c5,7fc9a861-56f1-422f-9244-0a571d7de389
3503,2459,f77aade7-13d9-403a-abe6-1d0391e4aab0,94e8742f-8064-4bc0-b8a1-ecf29dd2966f
3504,2460,2b2d6c12-f954-42f9-9a88-ea65a121527a,184b2985-05c3-479c-abf8-7a40b33b07f1
3505,2461,ca4e2f4f-a23f-4c62-89de-9428899ea694,1026c864-7f28-444c-813d-c904b17b8ab0
3506,860,92a5410a-a506-41e0-b0e6-3f3d5f680160,d0cd7b36-3d59-420e-86f0-d0b3905f3dbc
3506,2462,92a5410a-a506-41e0-b0e6-3f3d5f680160,d0252fbb-cdba-4cf0-9cbd-95b965ee7969
3507,2463,8bbb575d-7a5b-4f96-862d-04cd013c214e,5fe0b4d4-24b3-42f6-a0b0-37a0645c7229
3508,2464,259be687-511e-47a2-8b8d-12d892da95e7,940e24f9-9671-4c8f-9ff3-0b4b91afae0b
3509,2465,b281d198-89cf-4c29-96ed-f30ee600d7d9,a3054a4d-a170-4766-9b8a-63080d36dfb4
3510,2466,20b44c99-da1a-444b-b087-df37501e4db4,09e1725a-2c60-4d5d-9a89-88131f3c7ef3
3511,857,e6089d90-acc4-4b33-9c95-961d121ce081,7592e041-8f40-4fa5-af73-fa061140298b
3511,859,e6089d90-acc4-4b33-9c95-961d121ce081,717bc6bc-bc64-4ebf-9619-6ec238b547dc
3511,860,e6089d90-acc4-4b33-9c95-961d121ce081,d0cd7b36-3d59-420e-86f0-d0b3905f3dbc
3512,2468,d033a2c2-3c3c-4034-8c93-6bbb8be413f3,d41714de-2b2c-426b-9588-8b0dfc74cd3c
3513,2471,2707ea11-e714-4842-bdd5-b04dccc9563b,6d3b0eda-0f5d-4858-b2ec-8f5a4e598e9f
3514,1267,0ac02655-4772-4ac7-a7da-285aabb3c2bf,fc981543-1612-4ded-a064-a10cfa3405c7
3515,2472,ece27e74-a081-4e40-8d07-2b213a928043,ae8bdf9f-8cfb-4cb0-8a0e-06674d1d39f5
3516,624,ab8829ab-399d-4c04-a26f-61ae279072aa,4c668799-4402-4728-8120-bd025091512f
3516,863,ab8829ab-399d-4c04-a26f-61ae279072aa,02ace7c3-dabb-43c5-a755-f1d29861d0c3
3516,2473,ab8829ab-399d-4c04-a26f-61ae279072aa,e1339d18-467a-4384-ad25-9d81f0dc08df
3517,2475,e4b74cc4-66d3-48c3-9963-02bb0bd69005,be639cfe-0eaa-4e19-87f3-9a00681e4f55
3519,2476,622b4a62-abbd-4b4b-b8e8-d0a401a9f997,1a17631e-4c11-425e-8871-d59190ac1d48
3520,2478,6ed2707f-481c-4a97-a398-55bde5d755d1,467e06e1-fd27-4c19-93dd-3eec4a4153e3
3521,955,03b3b10e-8c5a-4ee9-b26c-3c01bf7e99c1,4421928b-85ec-425f-a596-c6ce150f0023
3522,2476,26518203-631d-4596-a3b9-75e9fa825063,1a17631e-4c11-425e-8871-d59190ac1d48
3522,2484,26518203-631d-4596-a3b9-75e9fa825063,03af94a8-f3a5-420f-ac8e-12426329739e
3523,955,d589826b-30bd-4fac-aaa4-aa4d437ff6e5,4421928b-85ec-425f-a596-c6ce150f0023
3523,2474,d589826b-30bd-4fac-aaa4-aa4d437ff6e5,267e7b20-bb23-48bc-82e5-a45c975b5c14
3523,2485,d589826b-30bd-4fac-aaa4-aa4d437ff6e5,20bdea61-e5d4-4993-b55f-4c1e45d3a1a5
3524,2486,ddc584b5-73f5-4229-b759-c32b7e40bc00,895a6ef2-bca6-454c-aa3e-66895c672dc2
3525,2489,f15eb50c-3a5f-4df4-9239-421b8062383c,1e275164-6e2c-4391-a753-d71099687f4e
3526,2490,45fdf414-b361-4951-bf6d-62de9f8878d3,e6a835e2-2419-45a3-84d2-9e1754babee7
3527,2401,afac44bf-0783-4e94-b468-b2557c42bbe7,e48e0dd0-a16b-4039-ae30-b39424a8fb8c
3527,2491,afac44bf-0783-4e94-b468-b2557c42bbe7,890c7ef1-069b-4bf2-9b0f-be95d396e573
3528,2494,e72cfe53-7535-43e0-b319-4546d0b344f9,534b970d-ad39-4648-b446-10566c748812
3529,199,eebb860a-03b1-4fcd-8ed8-9bbfcd1a76a7,4185308f-db61-4900-96bd-5a4651e45485
3529,3179,eebb860a-03b1-4fcd-8ed8-9bbfcd1a76a7,7d977861-6c17-436b-8ebe-04798e135d24
3530,199,28c238ee-5e29-45c0-9022-057697bfa4e1,4185308f-db61-4900-96bd-5a4651e45485
3531,199,1e6050d4-0fa9-49e5-afa2-60e878670997,4185308f-db61-4900-96bd-5a4651e45485
3532,924,efc81b58-fe61-4d55-ae53-f4ca6c28757e,cac4be0d-1689-4a78-b704-901d6ec9b1d9
3532,3179,efc81b58-fe61-4d55-ae53-f4ca6c28757e,7d977861-6c17-436b-8ebe-04798e135d24
3533,2495,b8547f25-50de-4750-8008-5b6a36cfcd25,f66704cf-03ef-4865-9708-f996bcdbcd62
3534,63,368870f0-5d3c-41f8-9442-5b2091671695,0208d995-f6e9-4737-b0ac-a7a7fa78b756
3535,63,b7b5bfd0-208b-4add-84fc-9aef13f16546,0208d995-f6e9-4737-b0ac-a7a7fa78b756
3536,199,7dc19118-2456-4d01-b126-55888a1c492f,4185308f-db61-4900-96bd-5a4651e45485
3537,30,8e7ee207-6fe1-425f-b509-013d0c207948,bb7aae1f-3441-4535-9c63-08bdfb39f8f8
3538,924,6f48973f-1401-48c3-ba8c-1f4a51773f17,cac4be0d-1689-4a78-b704-901d6ec9b1d9
3539,2496,b516570b-8949-4a37-ac0f-7eac55883fc0,6a0b61d6-997f-434f-abb6-3b3451d34b13
3540,199,f774398f-a660-4d41-a4da-c00c29d994de,4185308f-db61-4900-96bd-5a4651e45485
3541,199,ebaceb09-2c47-4520-8471-2682dbc02eaa,4185308f-db61-4900-96bd-5a4651e45485
3542,63,561a531f-a7ba-4fc2-b18a-ab3ac003c13c,0208d995-f6e9-4737-b0ac-a7a7fa78b756
3543,36,8a3b3bc2-9888-4809-a34c-05e84e1e0dd1,fc519734-7041-4490-8c73-549a82f4f427
3543,43,8a3b3bc2-9888-4809-a34c-05e84e1e0dd1,cf19822a-34e1-4ce8-aee0-a7c8a32020a0
3544,751,97f4e44d-533e-49ea-bc12-910225708c28,77814e2f-e6b7-49f0-ab53-af34c3ec6320
3545,4124,7b2756ef-e825-4cae-86bd-51acc112da85,eaae00fa-6ceb-49bb-ab88-70354e2e5766
3546,54,264e1c9d-1d98-4ffe-b4c4-474bea9dc573,6904f673-d13b-47a1-9f39-a111bc52e1f4
3547,338,b10d9321-e6d4-4b23-a1e2-6e0f06d6969d,9adac9b4-48d3-4a9f-92d5-1ff1005b8272
3547,1130,b10d9321-e6d4-4b23-a1e2-6e0f06d6969d,761efca6-c66c-4ac3-84e8-713633f5eb83
3547,2497,b10d9321-e6d4-4b23-a1e2-6e0f06d6969d,02b3a15f-2c4e-406a-8cc3-02564dbcbd01
3548,2498,7cf4e161-2606-4b37-86e2-45dc9d2263ba,bdeab177-22f6-494c-bbb6-eb6a95fb1c67
3549,2502,fa760c79-b65a-480d-816e-4f74089f877e,b82754c4-7f31-4f6b-b7b0-0b5b76ceda69
3550,2446,463b7011-b13c-4fcb-8b6f-89e0aa4781f7,7fc9a861-56f1-422f-9244-0a571d7de389
3550,2504,463b7011-b13c-4fcb-8b6f-89e0aa4781f7,b3e9b60b-5613-4d59-9353-ddcce6152e15
3551,2506,72183754-c30c-4836-8869-4b062b94d1c5,525597f7-81b5-4260-a709-e08dfd9e1378
3552,2507,c0f87776-5359-4c39-b46e-c4088129c549,11070669-2430-4df3-9917-dc43230ec303
3553,211,d60970c7-898e-4970-8ede-8c6494be4828,82b6750f-cef7-4337-a378-bcbf6aaa3530
3553,648,d60970c7-898e-4970-8ede-8c6494be4828,4af19096-2051-4105-bd05-0a95d4ab3162
3554,813,819332eb-27b8-47cb-b0de-9c92deddfde7,271c6cd8-aa9d-499a-9375-dce39709ca62
3555,2508,59e144be-19f2-4d6b-85e2-10c54e6fae5f,1e306396-b24e-4952-8eb2-43238e27b86e
3555,2509,59e144be-19f2-4d6b-85e2-10c54e6fae5f,836f5049-b488-4be4-b535-ffab925146f7
3556,2511,fa1e4761-dbe4-4957-9248-d12dd360fc36,cb4c2b02-9c86-4abd-ae47-ec63fcad1184
3557,2512,fe3eddf2-b3cc-444f-bb6e-8316a99707ec,f55a9d6f-8602-4b26-803a-3fb364168d80
3558,2514,75ad4ee9-3e0d-4c41-b6b6-1759dce1b035,6013ebdb-53f2-4cda-8304-7a1cc628ef1b
3559,431,d0986956-a734-41d1-b0cc-75f26429caba,a99ab47a-e75b-4af4-af55-7b24308971e7
3560,2517,e85bfc47-d804-4920-8a58-afe60f794ccd,0c0b5c23-891a-4f6e-a56a-838b928d221e
3561,62,8e68cd13-8cf5-442c-8a41-b693eb92c3cc,662f0503-8928-4394-b8c4-6ecdcefe0581
3561,241,8e68cd13-8cf5-442c-8a41-b693eb92c3cc,326c7bec-d596-471d-8ea0-f0bd322f3b82
3562,188,fac1e172-a2b3-42b3-ae0b-d7ebec1c750b,0847ad54-fb89-4357-b980-6f7bdb3886d7
3562,2518,fac1e172-a2b3-42b3-ae0b-d7ebec1c750b,65305bb2-1561-4b96-9fd1-63e903eb8827
3564,749,d1ae9fdf-71ab-4225-bc8e-a7a6f0a91952,67fad100-f88a-4cb6-82ac-ea8b614fcf56
3564,1212,d1ae9fdf-71ab-4225-bc8e-a7a6f0a91952,94db0f77-37e5-49ff-aad8-d00566712908
3564,2519,d1ae9fdf-71ab-4225-bc8e-a7a6f0a91952,023da190-0368-4ff1-833d-b36a5f10dfcf
3565,2522,a4aeb9cb-9bc6-4b2c-b0bb-82a5ce9a2aa4,ea7fa791-5a49-4bbf-9868-041338e40e4d
3566,2523,f99b3ca5-180f-4bf5-80da-36cd4d8a834e,96d6c898-2406-4268-9c2b-8f704a9e1160
3567,2524,c70a1644-2f58-4394-8044-a3a54c0e2c2e,878d0f3a-c303-4cbb-9f4e-09bc3c948e8f
3568,697,9e0f6f9c-d1c6-496e-9035-b477ec165da5,8242437e-b47c-4bd4-b412-df20fe75a8d1
3569,2525,92aaa9fa-1f87-4c69-a1f2-8f9d44f8f92f,e55ff613-de4f-4004-9a92-c0504dfee02e
3570,2451,2a5876d6-031e-4bc3-b220-bf823137194a,0f9ce42b-2d68-4b22-be0f-7c5b340f6167
3571,860,fca3e86b-f5e4-4f76-9795-46e996a94654,d0cd7b36-3d59-420e-86f0-d0b3905f3dbc
3571,2526,fca3e86b-f5e4-4f76-9795-46e996a94654,8e9602c3-54cc-4bcb-abcd-8670e42c913f
3572,2528,2741685b-fdfc-44b7-b8fb-71d8bbd99bbc,56e06a3f-c699-48ea-805f-fd4cc3e553fe
3573,2530,5fd2e22d-b6b0-489d-95d5-2cefc05c8978,c3149b64-4862-4eb5-98f5-5f62d267d239
3574,369,89c1f162-27a3-4e33-8549-bd084cdebd7d,ce17992d-7f96-4232-b669-25be3c8a51b5
3575,459,1c3b6ba9-f356-4c39-ad98-18fb9f8240b7,48c96edd-3c61-40c2-a93b-51aa2bc00651
3576,2531,a64cb797-0d34-485c-bbfb-b2bc4ed5004d,0e3546d6-2587-437d-9111-e9ffa385a0a5
3577,932,0e4f7a99-9985-4c8d-9e2e-e57e79bee564,18de3b2d-6fbc-4d7e-aa88-feb4f24201fc
3577,933,0e4f7a99-9985-4c8d-9e2e-e57e79bee564,c1fc433a-6483-4cb3-b441-79a7b3b34b11
3578,2532,cb718b8b-23d0-4a2c-bf69-80406fe92436,e4844630-8e46-40b3-907f-16bfe2a5177d
3579,431,b325a409-a1cc-4562-80cb-612a810cad7c,a99ab47a-e75b-4af4-af55-7b24308971e7
3580,431,4e55e74e-6dac-4ac7-b05e-f43cfe35682b,a99ab47a-e75b-4af4-af55-7b24308971e7
3581,2527,c3216019-3c0a-4ac6-ae36-ef5b9248015d,343c1b6e-030b-4b19-9c8b-70be6798a3ad
3581,2533,c3216019-3c0a-4ac6-ae36-ef5b9248015d,a87ab9e9-a0f4-44a8-a82a-db96f83bb230
3582,2535,78fa6581-5730-4674-9109-fa73d6dde60f,73d4b068-8f69-4bd0-93cb-5ddf76927c8f
3583,968,c889b597-6778-4548-94d2-8a1471b52835,d5079611-d52e-4d4d-9214-3e8235c6bc4e
3584,293,d65edd41-0839-46de-a3e3-a183fc941ce9,64c3a0e3-6898-4fa4-ba60-221c8a151432
3585,293,d5abc22d-4c07-41e2-8b22-e51369e493a3,64c3a0e3-6898-4fa4-ba60-221c8a151432
3585,393,d5abc22d-4c07-41e2-8b22-e51369e493a3,d0f998fb-2c16-4ea5-a5ad-b6bc9b520197
3587,293,72f41ea0-e647-4bef-a4a6-0591964c39fe,64c3a0e3-6898-4fa4-ba60-221c8a151432
3588,293,0d31399d-18ec-438e-b672-c1400975793b,64c3a0e3-6898-4fa4-ba60-221c8a151432
3589,293,1e9ea82e-d8d0-46d3-999a-bf15a1118a67,64c3a0e3-6898-4fa4-ba60-221c8a151432
3590,293,ceb16362-31ef-4f4c-9d22-b7eae59f2f87,64c3a0e3-6898-4fa4-ba60-221c8a151432
3591,293,d6a4aaf2-558b-4f2f-b60a-85a0c044b6c1,64c3a0e3-6898-4fa4-ba60-221c8a151432
3592,293,ca7b01f0-55b5-49e7-9bf7-99bd33469e34,64c3a0e3-6898-4fa4-ba60-221c8a151432
3593,293,82640512-bc6b-4cdf-81f4-898c661eb394,64c3a0e3-6898-4fa4-ba60-221c8a151432
3594,2537,035feccb-c78a-4067-888b-058aba34701f,73e41250-f305-4635-8787-50a314345fc6
3595,2539,cd0c888b-9360-46ec-af4d-b0982c73ca3d,0e0208e4-6518-435a-90ba-55ecad918794
3596,2540,6da30676-d77b-4826-b8fd-958460ad5fe1,f5c2298e-ad6b-40cc-9bea-0b142f21ac91
3597,2541,63248f5d-e03d-4907-9765-e25e71241b60,47ea242c-0ad4-4c18-ae9e-8d0fb6f7e26f
3598,431,b1daa50a-85f3-4dc0-9389-702f6db30963,a99ab47a-e75b-4af4-af55-7b24308971e7
3599,431,c674b7d2-1440-4144-9019-a51361453f79,a99ab47a-e75b-4af4-af55-7b24308971e7
3600,725,8e6e7672-a272-4971-b0b3-b6141e296d4c,23c9ac8a-0f4d-4eda-9478-e10495e85240
3601,2542,8bb9a24d-7383-4375-ac82-f45a4b89b412,6b9176bb-9d1a-4334-a0bc-28e8860956ad
3602,725,a215179d-aaeb-47ce-a220-5672308b7bbc,23c9ac8a-0f4d-4eda-9478-e10495e85240
3603,725,f4b83f1d-cf9c-44e7-b193-57117017c3bf,23c9ac8a-0f4d-4eda-9478-e10495e85240
3604,431,76565d59-3723-4754-806e-456fdde35e24,a99ab47a-e75b-4af4-af55-7b24308971e7
3604,725,76565d59-3723-4754-806e-456fdde35e24,23c9ac8a-0f4d-4eda-9478-e10495e85240
3605,725,50cbf52a-6add-4dc5-8c74-83536c9af6df,23c9ac8a-0f4d-4eda-9478-e10495e85240
3606,431,240c7d5e-2d34-4686-8c55-32ee088b2771,a99ab47a-e75b-4af4-af55-7b24308971e7
3607,431,efec9c51-c269-40a3-8cfe-2301e3fb2e1f,a99ab47a-e75b-4af4-af55-7b24308971e7
3607,2542,efec9c51-c269-40a3-8cfe-2301e3fb2e1f,6b9176bb-9d1a-4334-a0bc-28e8860956ad
3608,431,c1e8b932-c38f-46ee-a9f1-40815bb04962,a99ab47a-e75b-4af4-af55-7b24308971e7
3609,725,cc98d79b-147f-4005-a645-fe0926f7d77c,23c9ac8a-0f4d-4eda-9478-e10495e85240
3610,378,ed0fdcd4-1a71-4031-99a8-a2c8a4dc3c21,53063713-2662-43d3-a6fb-0ad606d92625
3611,431,a9f8f741-9124-410e-9d4e-35dae46c94a4,a99ab47a-e75b-4af4-af55-7b24308971e7
3612,431,1e054e11-48ad-4a19-a575-4eb615279fd5,a99ab47a-e75b-4af4-af55-7b24308971e7
3613,431,8da830e4-477f-44fb-a8a3-b3aa86a20f2a,a99ab47a-e75b-4af4-af55-7b24308971e7
3614,756,d09524fa-ff2c-4945-aef5-dcf2cf2862a0,194e874b-cb00-42d5-b93c-06edb3cbefd0
3614,765,d09524fa-ff2c-4945-aef5-dcf2cf2862a0,3a61f9f3-e370-4fe2-8430-6811100eab68
3615,431,7a3527ad-2937-41a3-a76a-0d078d0908f3,a99ab47a-e75b-4af4-af55-7b24308971e7
3616,2543,dfc370b8-9bb0-4cad-b4a2-0b04384f5560,73de1895-25e2-4f15-ae97-d7509f095dcd
3618,725,edd4c97f-8b18-416d-a2bd-b89224e6ab9d,23c9ac8a-0f4d-4eda-9478-e10495e85240
3619,2544,9e91f186-27ef-4e29-8426-b4da5c7cbf5c,2a8ae2e6-4fe9-4757-baf5-875ae0eec30d
3620,431,154d3049-b22f-4a83-b53c-b72517f2bbf0,a99ab47a-e75b-4af4-af55-7b24308971e7
3621,293,0aec0f9e-fc00-43d3-8c50-8e618aad6d6e,64c3a0e3-6898-4fa4-ba60-221c8a151432
3623,725,bb0d9b13-b186-4bf9-8165-7e8d322d4f33,23c9ac8a-0f4d-4eda-9478-e10495e85240
3624,2546,c0629646-5e98-421e-b8b6-29db7ead4bb5,ccec7bab-2562-4ba5-be10-ac0c0d354a91
3625,431,73c9ddeb-1dfc-464a-97ff-139b0b454944,a99ab47a-e75b-4af4-af55-7b24308971e7
3626,431,436e5c97-aa78-4fca-8bfc-14d2a4fcc9ab,a99ab47a-e75b-4af4-af55-7b24308971e7
3627,431,73d60ae3-f62c-4c51-becf-a24e17f53499,a99ab47a-e75b-4af4-af55-7b24308971e7
3627,2547,73d60ae3-f62c-4c51-becf-a24e17f53499,f820914c-e9ed-4dc1-8a51-cd578b0ea821
3628,26,d3e7b9be-07ca-4ad1-b8bd-77bb1c12d527,db34c8a2-a139-466e-9f33-e8fca9123462
3629,431,880c3944-3b8d-4a42-8dfb-c6fdcd86c5b4,a99ab47a-e75b-4af4-af55-7b24308971e7
3630,431,4f4f4ed0-f711-4b85-a393-77908861e842,a99ab47a-e75b-4af4-af55-7b24308971e7
3631,2548,d55972bc-8a51-4ad9-b38c-53f8650340ae,233f6bf1-373f-4588-bbc8-b20dba2642f9
3632,431,2eedbec2-6929-486a-a0ad-de9776dffd68,a99ab47a-e75b-4af4-af55-7b24308971e7
3633,431,80ca1d0b-621e-4897-bf01-8ef177d50e78,a99ab47a-e75b-4af4-af55-7b24308971e7
3634,2549,25d58abb-aaaf-4b21-b317-17e04b753290,b014195c-9ef6-4c22-9d40-50245024142c
3635,2550,01b8575c-3833-42ee-a621-9d60c46d58f4,04ed576d-553d-48ba-9196-731868ece2f5
3636,2405,1f694e7d-aad4-4956-bc8a-e602b8a61882,0f371f8c-2fe8-4de7-8042-c5234d84c34a
3637,431,bab5ddbe-f991-4e4f-adc3-1ff127f42e48,a99ab47a-e75b-4af4-af55-7b24308971e7
3638,2553,8e874d87-5c7c-42f9-b1e6-43e104afe6a1,8e9c3d2c-ad5e-41c8-ae28-391ced7d66ab
3639,2507,c56b8b9c-543c-4135-b159-e44746e21d7d,11070669-2430-4df3-9917-dc43230ec303
3640,2507,c645e8b7-e9c3-4f7d-a9e8-7d04cfb760d0,11070669-2430-4df3-9917-dc43230ec303
3641,2507,73ea8775-e886-41a1-a556-45aa5f714cff,11070669-2430-4df3-9917-dc43230ec303
3642,2507,6760a3c5-7416-44a9-a6bd-2ea711ec3288,11070669-2430-4df3-9917-dc43230ec303
3644,2507,c0d6c336-e29f-4f0d-828d-7b22bf2cf24a,11070669-2430-4df3-9917-dc43230ec303
3646,2507,c8b54b19-ee25-4920-b941-334ddf2cad91,11070669-2430-4df3-9917-dc43230ec303
3647,2507,58cf47c1-d476-4649-b6d9-8577abae6edb,11070669-2430-4df3-9917-dc43230ec303
3649,2507,febf028a-4c87-41c6-a705-e40e3b0804e7,11070669-2430-4df3-9917-dc43230ec303
3650,44,a0e3b7aa-56b1-4d5a-8196-b70d8f0e0724,eade8dac-7b7a-463e-95c3-ee35fb7cd2e2
3650,302,a0e3b7aa-56b1-4d5a-8196-b70d8f0e0724,1516424c-adb4-4ce8-9b61-e19bf944a908
3651,2556,b63ea50e-3b18-45ae-b918-cbc048aa1e5e,877fe505-f103-45d4-a5ed-8a14bc1f0da8
3652,302,e6769dc7-65fc-4c7d-9672-1427dd375e39,1516424c-adb4-4ce8-9b61-e19bf944a908
3652,2507,e6769dc7-65fc-4c7d-9672-1427dd375e39,11070669-2430-4df3-9917-dc43230ec303
3653,302,d48393e8-d32a-43cb-b0ed-06c23e896171,1516424c-adb4-4ce8-9b61-e19bf944a908
3653,2507,d48393e8-d32a-43cb-b0ed-06c23e896171,11070669-2430-4df3-9917-dc43230ec303
3654,567,869061e8-84cf-45aa-a034-a84e4718854a,cc92a537-12ce-42af-8f5b-f3e4a42a0975
3654,2507,869061e8-84cf-45aa-a034-a84e4718854a,11070669-2430-4df3-9917-dc43230ec303
3655,567,d2563223-8b6c-4d7b-accb-6fc255f72fca,cc92a537-12ce-42af-8f5b-f3e4a42a0975
3655,2507,d2563223-8b6c-4d7b-accb-6fc255f72fca,11070669-2430-4df3-9917-dc43230ec303
3656,2558,1e2ea1df-5b5e-4259-a106-74e1ab9d09b7,be45b8aa-ed59-434c-a226-482884a47cbe
3657,2560,c4c9813e-f21b-4658-998e-a31d0ba4344d,a736dfb3-f6d3-4892-bf35-628b4cda2b67
3658,697,681f469b-d552-4b83-99f6-75a3342a41ae,8242437e-b47c-4bd4-b412-df20fe75a8d1
3659,697,14b93ce1-c3aa-4762-bcb4-e32757134972,8242437e-b47c-4bd4-b412-df20fe75a8d1
3660,697,6556ca84-197a-4e36-9f84-cef3f1759489,8242437e-b47c-4bd4-b412-df20fe75a8d1
3662,697,0189d1cc-9ec7-411f-9dde-ac6423b904d8,8242437e-b47c-4bd4-b412-df20fe75a8d1
3663,697,3e6bae6c-81e7-4898-84ea-d19ab6e1be37,8242437e-b47c-4bd4-b412-df20fe75a8d1
3663,698,3e6bae6c-81e7-4898-84ea-d19ab6e1be37,0a1cafd8-2a57-45c0-8ddb-8e63b3a585b8
3664,697,54b596ce-c213-4ef8-92c7-7a5dc397c4c2,8242437e-b47c-4bd4-b412-df20fe75a8d1
3665,2562,df1a1281-4e69-4a35-bb28-de898aac1428,2a031bf9-e8c1-48d3-bee0-d436338d8f94
3666,2563,a2e02ab8-f050-4f3b-9fe7-8245f1294600,258ffec3-f9ff-48e0-b49c-9d7db807edd1
3667,252,ca0b299e-9361-4e7c-ba44-49e3bbc2b8e8,a0f3594d-183b-431f-8eba-ec051b26cef0
3668,459,9cb15467-9f34-4ac6-aabb-fa9772770440,48c96edd-3c61-40c2-a93b-51aa2bc00651
3668,1144,9cb15467-9f34-4ac6-aabb-fa9772770440,d1a940da-595b-4dc8-ab0c-9165b0a62988
3668,1165,9cb15467-9f34-4ac6-aabb-fa9772770440,11a205aa-afad-4b8f-997a-6004a8500b7d
3669,2565,52017952-74ff-4fec-b169-36da7ec34f6f,c7be72dc-11e6-45d9-8447-83a6c4353a87
3670,2567,7949c1b1-b7b2-41c3-9cbc-40504bc0f181,84d58c58-5e87-4488-aefd-6c28419d1b0d
3671,26,ee01fe63-7b86-46c5-83a0-a1c22d803ac9,db34c8a2-a139-466e-9f33-e8fca9123462
3671,67,ee01fe63-7b86-46c5-83a0-a1c22d803ac9,f2095865-bbc8-408c-a50e-3a3a62630f2e
3672,2568,47ce3471-699c-436f-9738-16e065df2a3b,692c80f0-1cb7-43fd-8788-48dd946af58d
3672,2569,47ce3471-699c-436f-9738-16e065df2a3b,62066bae-3e02-4467-b720-5a6e96e8e104
3673,1153,1df7abbf-6b22-4c54-93ff-fb98685a8da0,98312fa9-5cee-41cd-a57d-1c64e839d668
3673,2570,1df7abbf-6b22-4c54-93ff-fb98685a8da0,f3e26ab6-cb18-4fed-972a-18a7309c9288
3674,2571,e944c78f-0506-412e-a7b5-0e8f60fe0e5b,7c424443-64fb-4498-9f7b-8f89e0e36006
3674,2572,e944c78f-0506-412e-a7b5-0e8f60fe0e5b,a566b5e4-842d-4219-bcaa-681040b10d80
3675,2574,1e3cacdd-228f-4c6a-8e5d-5222a6733609,1df7e1c5-c4fd-46e4-b19d-1660886ccadf
3676,801,78d20711-e8b4-4738-a0ad-2a82d0ce9b1f,c8cc0102-131a-49e1-af41-160aee2437d8
3677,2575,4c6b104d-ba18-4151-abe6-7db41d07d7c5,0b5af01d-e7ce-4e4b-94ee-f86918264156
3677,2576,4c6b104d-ba18-4151-abe6-7db41d07d7c5,d6d379bd-e3a1-4543-b4b7-29b44432d334
3677,2577,4c6b104d-ba18-4151-abe6-7db41d07d7c5,8457344d-3f49-4341-946b-7ca7d859f0b2
3678,2579,2b3ce64c-a79c-4231-b953-6477147c4734,8dbb8f00-7c8f-4051-84a3-3d304a46b1ea
3679,1147,f1c8bd55-6109-4e34-befb-5b01099214d3,254176f7-ce3a-4da9-ab9f-8a436da7fc04
3679,1338,f1c8bd55-6109-4e34-befb-5b01099214d3,be089ebf-1186-450e-a982-06feb707a3ba
3679,2579,f1c8bd55-6109-4e34-befb-5b01099214d3,8dbb8f00-7c8f-4051-84a3-3d304a46b1ea
3680,1147,bb9fa89d-4b02-41c2-9b4d-26e49960cbb9,254176f7-ce3a-4da9-ab9f-8a436da7fc04
3680,1338,bb9fa89d-4b02-41c2-9b4d-26e49960cbb9,be089ebf-1186-450e-a982-06feb707a3ba
3680,2579,bb9fa89d-4b02-41c2-9b4d-26e49960cbb9,8dbb8f00-7c8f-4051-84a3-3d304a46b1ea
3681,1147,48e0bc73-0f0c-4df4-9ea0-fd9112a563d8,254176f7-ce3a-4da9-ab9f-8a436da7fc04
3681,1338,48e0bc73-0f0c-4df4-9ea0-fd9112a563d8,be089ebf-1186-450e-a982-06feb707a3ba
3681,2579,48e0bc73-0f0c-4df4-9ea0-fd9112a563d8,8dbb8f00-7c8f-4051-84a3-3d304a46b1ea
3682,2580,bd8a3e60-cc3c-4cb1-9a7b-95c0fe09bb0a,6363c168-20d3-4485-bb27-87a0bacc035e
3682,2581,bd8a3e60-cc3c-4cb1-9a7b-95c0fe09bb0a,2143dbed-d197-4acf-a8a5-cd5b21e8d386
3682,2582,bd8a3e60-cc3c-4cb1-9a7b-95c0fe09bb0a,ff2c5873-a202-4e1c-bda8-2f9f40f7a80e
3683,2583,d736ed4b-e64a-4051-a816-57d10357bd4b,7bf84a86-9cac-4c04-a5aa-20ff657a2c04
3684,1062,f2305d83-16a8-4490-8da5-098fbdfd0a84,4a58b3a6-52c2-4e78-aa9d-286096808d93
3685,2584,f3f608b3-d78c-476b-bb94-2a62f32e3a81,f3b7f50e-21d3-4fcf-bd32-a7fca255ed81
3685,2585,f3f608b3-d78c-476b-bb94-2a62f32e3a81,5c105815-3179-413c-bedd-2cba89ed25d1
3686,2586,fa4f79e2-b24d-493d-9d28-e44d0e0aad1c,bfcdc0d3-7d64-4b44-8458-81288d994044
3687,2587,8d1c7829-92a2-420a-8ab6-1c8106e11a11,6a61ed4b-b314-40fc-9886-399e840b89f6
3687,2588,8d1c7829-92a2-420a-8ab6-1c8106e11a11,06a0d5dd-c020-4282-aa5d-bbfecf5a46e0
3688,2589,754a6e64-a6d6-4481-8465-8686c5ce0a30,66b49e9b-f876-4940-89a0-543f75b1d550
3688,2590,754a6e64-a6d6-4481-8465-8686c5ce0a30,6f06c131-5878-4853-9b36-dd1f89dfab3c
3689,618,92257a9e-a752-427b-ab62-9adc830ae2bb,eda2b4cc-9f64-4135-bed8-eb3b4115ace6
3690,2591,688da31a-bfd9-45a4-a188-29ddeea58e25,d41addb5-26f6-47e1-aa4a-c0185a14a237
3690,2592,688da31a-bfd9-45a4-a188-29ddeea58e25,f53896c4-9481-4855-a311-67cdfce18c42
3690,2593,688da31a-bfd9-45a4-a188-29ddeea58e25,e9edb7aa-e84e-4df6-b896-08c9436f5e1c
3691,2594,68f618b1-eee2-4ceb-bd9e-9be74ce4bc89,03832916-8e04-43ed-89c5-e75cd11ca68b
3691,2595,68f618b1-eee2-4ceb-bd9e-9be74ce4bc89,cc861e51-c846-4d68-90f0-399f597c236f
3691,2596,68f618b1-eee2-4ceb-bd9e-9be74ce4bc89,99758b55-df66-4e77-a7f5-d19682c0bd2c
3692,128,cc8150ed-3e6b-463b-9fed-8abbf3d5a1db,16ba28df-8e3b-4176-bf27-a06ee421c13f
3692,799,cc8150ed-3e6b-463b-9fed-8abbf3d5a1db,0db19440-f5bd-4361-9f72-ef22ca18d691
3695,2597,9ca14469-94e8-44fa-85d7-579c6db46d49,4ca0e610-d86e-4a99-870e-3b421d3e32a8
3695,2598,9ca14469-94e8-44fa-85d7-579c6db46d49,cb621988-12fc-4e11-8ef2-197bf70c4035
3695,2599,9ca14469-94e8-44fa-85d7-579c6db46d49,b8acf776-721f-4130-8d6a-85ffe939051a
3697,2600,953342eb-29d7-4db2-8b31-4da3bfd06db5,cf91002e-354c-4082-ad81-15c76605d76e
3698,906,ae2a7c27-9943-4841-a461-5aa5645dfc30,3a922875-110e-4939-9ddf-bea64602bca9
3698,3181,ae2a7c27-9943-4841-a461-5aa5645dfc30,b5f07a81-22b0-4101-9f5b-06070e7bc682
3699,2601,efe09c0d-270c-482c-ad1a-c6d36aa8b7bf,083cc01f-ad55-4c1a-91ac-1b2c6c6cb5dc
3700,2603,3e03385b-8e47-4ce5-82a7-d4eef11ba222,cf84f64b-12bc-4339-b7e3-a7d4f6027d7c
3702,2604,595b62d0-6436-4aa5-acc3-7c6850ba1501,8d53189a-fba9-4bd2-9ac5-e7f4597aa8ed
3702,2605,595b62d0-6436-4aa5-acc3-7c6850ba1501,f96b8aee-4a7d-43e9-94ab-861507cfabf8
3702,2606,595b62d0-6436-4aa5-acc3-7c6850ba1501,502b3e50-2d42-4d34-97db-8931021235ef
3703,254,a4c062d2-c2e8-4db7-a861-1709c406f124,1a0ce20d-61f0-44ed-955c-0419262fd302
3705,210,307dd875-95b2-40e8-ae7f-7ed14fa667a8,a43b4f36-2068-42b8-839b-a71b37ac1a7c
3705,939,307dd875-95b2-40e8-ae7f-7ed14fa667a8,194fba61-893d-41e7-8781-2e0c2034543f
3705,1204,307dd875-95b2-40e8-ae7f-7ed14fa667a8,8ad0563b-feac-44de-8af3-ee095f520370
3706,1147,78bd6231-3c6b-4ff1-97e0-7f7b1fb23922,254176f7-ce3a-4da9-ab9f-8a436da7fc04
3706,2607,78bd6231-3c6b-4ff1-97e0-7f7b1fb23922,ffb4e640-2340-44d4-98bc-12d62f3e6177
3707,1045,2427cc02-5f8e-4a65-98fb-71cd988bd72a,038d6301-e237-4bf2-b230-0b047081d890
3709,2608,8a870563-293e-4e0b-9c06-ae7f7d9f818b,7366ce93-5999-47f2-b6d5-3387cedf6c8e
3710,1321,ae877e96-6145-4d65-883e-af54c01f9e94,eba736a5-761d-4372-ab64-7e5d3fe6496b
3711,552,f292e97a-e945-4226-b4d1-fea82c11c761,997f25f3-ef92-454a-981e-123cea1cab32
3712,782,5f283716-6a92-4450-8bb8-b1482ef7418b,69d44ce5-79a0-4f75-abb8-07232d98141b
3712,2609,5f283716-6a92-4450-8bb8-b1482ef7418b,571e2e56-32a4-4148-9ef0-e39b339db30c
3712,2610,5f283716-6a92-4450-8bb8-b1482ef7418b,1e684f58-876f-427f-872c-0c352aa932e0
3714,26,951c83a0-9dcf-4708-8d01-95bc50d4c9d5,db34c8a2-a139-466e-9f33-e8fca9123462
3715,682,ef6b916a-939c-4c14-b7aa-e0789f11a746,a7d5c9a0-afe5-429b-9f64-936cb7cacbfb
3715,835,ef6b916a-939c-4c14-b7aa-e0789f11a746,56c302c9-d2ac-4d35-a46a-2a567ce093f4
3717,2611,11d75658-796e-44d2-b002-a9de72a6a151,27ab227c-9ec6-4d8d-bd75-4a4ecb2bb59c
3719,2612,d4ff88bd-5ffa-465b-8b4f-2b7de9d9994a,b187ba8f-800c-42be-84ee-6b26a89a6d02
3719,2613,d4ff88bd-5ffa-465b-8b4f-2b7de9d9994a,972c63e9-01ea-4454-8aea-436e71dcd4ab
3719,2614,d4ff88bd-5ffa-465b-8b4f-2b7de9d9994a,9c28a4ca-404f-4a38-a2f9-c1fe8d112c15
3720,1228,a489b4c7-6e6b-4418-a0f0-c982a5b80d72,93214b90-cb1c-4d17-9bd6-2a81fa8beb57
3720,2615,a489b4c7-6e6b-4418-a0f0-c982a5b80d72,f81aea12-1577-4737-bfef-4b14ae5aea0d
3720,2616,a489b4c7-6e6b-4418-a0f0-c982a5b80d72,6fa50d88-8bec-4922-8a53-3831d3dfed03
3721,390,eada929f-4b77-4958-9e5d-2e2a47e8a1e3,ddf3d608-52f2-4a79-8ecc-c7ae539df4a8
3722,976,06e075b4-1398-4192-88f4-ab2adc6f4887,c820fe5b-cf79-4943-adb1-b5db18b769bc
3722,2617,06e075b4-1398-4192-88f4-ab2adc6f4887,e65bfbf2-56c0-4f9a-bc21-d887d9cf0f0d
3722,2618,06e075b4-1398-4192-88f4-ab2adc6f4887,fdd030fb-90c1-40ad-8e35-5ca2002d6d28
3723,515,bc055722-45d1-4b6d-b8c0-6078782dac34,0bb23acd-8b6b-4c2a-be44-2ae7692daad6
3723,2619,bc055722-45d1-4b6d-b8c0-6078782dac34,110d827a-d671-462b-82f7-7a803499a82f
3723,2620,bc055722-45d1-4b6d-b8c0-6078782dac34,cbf3e23e-fb4e-4fdf-86e6-867add4d1395
3724,127,cee1a5a1-0c31-44c8-96fd-d3b67b877632,a4bfb22e-dd4f-479f-92cd-33d13908d1fd
3724,2621,cee1a5a1-0c31-44c8-96fd-d3b67b877632,1dfd59d9-41ab-4b0d-b75f-bd6af7e9a96c
3724,2622,cee1a5a1-0c31-44c8-96fd-d3b67b877632,134322fc-14f5-4e07-afea-63b93f25c9ab
3725,2623,5820192d-ddda-46db-8d33-32ba4417a99e,d763ebf3-6664-4286-a4ea-c7c7475f24e3
3725,2624,5820192d-ddda-46db-8d33-32ba4417a99e,5cdfc7d0-c124-473f-a316-38c40ea44243
3726,492,868ab3d1-dd0a-4cd6-9dc8-747fe31a1c03,5a9208f2-2847-4ae8-aafb-4f736a8936d4
3726,1060,868ab3d1-dd0a-4cd6-9dc8-747fe31a1c03,3f9a3e32-93b4-4812-9f8f-f7c326956019
3726,1113,868ab3d1-dd0a-4cd6-9dc8-747fe31a1c03,83808b34-dc17-4be4-a1b5-6d6f5c6fb08c
3728,2625,30e47dee-3538-45ed-86ed-b48c6ebd09f7,a33f62e5-40a7-49f9-8d68-64278036b620
3729,2626,0d14bb23-36bf-4780-8646-039121c944d0,0d5e6743-e738-44f9-a828-739113d4ffd3
3729,2627,0d14bb23-36bf-4780-8646-039121c944d0,9f9a77fa-131c-4cef-933a-7fbd2fdf7b2d
3730,2628,7a056922-b042-4f53-ab3e-f14e795bbc5a,2e641525-12ff-4a5e-83b0-795f14df7bd3
3732,2629,2273a317-1734-4849-9bf9-650c8dcc84c4,65e56357-ba5a-47b5-92f2-e02a410b5aa2
3732,2630,2273a317-1734-4849-9bf9-650c8dcc84c4,e973a264-376b-433f-a822-5dc63051ff66
3732,2631,2273a317-1734-4849-9bf9-650c8dcc84c4,d1ffc242-f2c8-4c2c-b3b9-ade89951d8a9
3733,839,e9717203-6ab6-4eef-ae8f-3dc6fbeede73,75de45ef-a52c-439a-9fb4-034a8cb4b7a2
3735,2632,fbc9d88f-f663-47e6-ae19-a0f6a2b4389a,e52300fe-7f8f-4468-8376-ae9e7bccd929
3735,2633,fbc9d88f-f663-47e6-ae19-a0f6a2b4389a,d6332297-1b9c-49ee-93cd-2d03691d61e1
3735,2634,fbc9d88f-f663-47e6-ae19-a0f6a2b4389a,4eb7082d-9122-4295-890a-ab7fb4cbf958
3736,2635,5f225895-f054-49f9-bce9-e2a8bcf3f1b0,31f0b5bd-65c5-4cfc-9131-5e82acf4dc7b
3737,2636,dd30137c-4376-4135-84fc-ab6a4bb33142,99b2fd98-72c0-4984-948f-13dd2db29985
3737,2637,dd30137c-4376-4135-84fc-ab6a4bb33142,1d653e03-c1d5-43d3-b0cd-52a51f4c5dba
3737,2638,dd30137c-4376-4135-84fc-ab6a4bb33142,cd786abc-9322-4fa7-a2fc-5f0afc5629e3
3738,4100,a9af6d41-77b4-44f2-a918-d98e474feb90,7e9f8de9-54bc-4383-b196-858506e64ec4
3739,199,e45c9e06-17a9-4c48-a7cc-e78b7dc80dfc,4185308f-db61-4900-96bd-5a4651e45485
3739,778,e45c9e06-17a9-4c48-a7cc-e78b7dc80dfc,200ee7d9-fbb4-403c-b41a-d48a29b26d9f
3739,1039,e45c9e06-17a9-4c48-a7cc-e78b7dc80dfc,4a9d4730-80d2-4b65-846b-781630f85fbe
3740,1039,063e13be-5c92-4133-8de5-b6988e472693,4a9d4730-80d2-4b65-846b-781630f85fbe
3741,1110,86bbcd50-2b6d-4162-afa6-9f77fc658a4a,a3e54fe0-fa36-4c72-9114-e35165be5106
3742,2639,f185c338-f89a-4216-bef2-55bff9b3e507,513eace6-a55c-4ce4-af9a-f02f04a1b54f
3742,2640,f185c338-f89a-4216-bef2-55bff9b3e507,e9f5ba50-774c-4a29-969b-83d1ccc58bfb
3742,2641,f185c338-f89a-4216-bef2-55bff9b3e507,23f8bcb3-57ee-494a-acc3-47f7248004a6
3743,618,8d752daf-eeb1-46ba-9bf4-f6cb7d7b026b,eda2b4cc-9f64-4135-bed8-eb3b4115ace6
3744,127,75bbea67-6367-44c2-9810-d277a8f8c32f,a4bfb22e-dd4f-479f-92cd-33d13908d1fd
3744,542,75bbea67-6367-44c2-9810-d277a8f8c32f,628f7fc2-6221-4e2a-850a-39b7a08e200d
3744,2642,75bbea67-6367-44c2-9810-d277a8f8c32f,a8a084f1-c993-4885-bf77-2ae80696d76f
3746,2643,a9482130-6ace-4fb3-b667-6035ac7f8dc7,9f834adb-d57a-4c3f-96ed-9999ff2a3bc4
3747,2646,946cbedb-a1e9-4704-8711-bd3882878cb5,ca75d776-466d-4ba3-8fdb-43ebf1a09dfe
3748,2644,95c3a460-e4bf-485b-90d8-4a5a301fc95f,e4ed2b93-b1b0-4c43-8c73-5dc32eabf7ed
3748,2645,95c3a460-e4bf-485b-90d8-4a5a301fc95f,f24a1b34-565a-41ae-a016-f06d5f3bbf83
3748,2646,95c3a460-e4bf-485b-90d8-4a5a301fc95f,ca75d776-466d-4ba3-8fdb-43ebf1a09dfe
3749,228,d22bafb9-ddf5-4f5e-8aad-c1a605fec2f2,7a520aec-29a7-4e94-82a1-6a5e99fddae3
3750,2647,5914c198-6cb1-4ba0-97fc-2f7a1facda3c,c1c2fb4f-91ae-4b20-b3b0-52e16844cf32
3751,2648,73140a57-ab67-40aa-bfe0-fdaa2c6be898,04e8cc0a-f71f-4256-8d73-4e609c3c390f
3752,2649,06e79fa8-8413-4cfb-89ea-d461412e5148,10485161-2fa8-47bc-929b-74f5baffd8f6
3752,2650,06e79fa8-8413-4cfb-89ea-d461412e5148,f39a091c-46cf-4e94-97b0-db1d6cd0a5d4
3753,2651,e91685c5-059d-45e8-9de7-f7a5b11caf57,2689a5c9-4da9-4c78-bfdb-a1ff09b7a260
3754,2652,aafc340a-4d72-4df3-a7b2-3cd5e6926d4d,f9f06640-cf9d-4987-b053-81abce05059a
3755,385,48875486-1bb2-41b8-8ad7-e1c54634963f,9874b152-843d-4e71-94ba-77498a8f5e8e
3756,2653,1edd0c39-ab1b-41e1-b5db-eeebf023f2ba,d17abb9f-eca1-4021-8b96-8fbe54ddd096
3757,2653,417df7c0-794c-4f52-b6cd-4711fac156d4,d17abb9f-eca1-4021-8b96-8fbe54ddd096
3758,2653,995a8c96-032c-4947-a6cd-500ec0dfb5dc,d17abb9f-eca1-4021-8b96-8fbe54ddd096
3759,2654,0bdd6261-5d39-4a11-95c2-c7453c4b53eb,857c30f8-f94e-489c-9eb3-4ffa92f20168
3759,2655,0bdd6261-5d39-4a11-95c2-c7453c4b53eb,a434546c-09a4-481c-b79c-90a91b962a8c
3760,211,c129996d-329b-4436-9ce4-949bc2caaff2,82b6750f-cef7-4337-a378-bcbf6aaa3530
3760,2607,c129996d-329b-4436-9ce4-949bc2caaff2,ffb4e640-2340-44d4-98bc-12d62f3e6177
3760,2656,c129996d-329b-4436-9ce4-949bc2caaff2,4923a4d6-0f09-4a35-ae48-59f0c5d8a5ee
3763,1388,b7152303-3332-4f7d-b5fd-b31c54287939,c5f478fd-6a02-4a9d-ab96-24c6febab753
3764,229,e0f1325a-7ce7-42e5-af2e-3919f7d8e560,69dea1c6-94a8-4f56-886c-a95df3801eaf
3764,230,e0f1325a-7ce7-42e5-af2e-3919f7d8e560,944e1b27-bbe7-463a-93d0-974b9a2b38c4
3765,749,fa6b003a-9ddf-4972-997c-baa9d01de50f,67fad100-f88a-4cb6-82ac-ea8b614fcf56
3766,791,0fdd53c7-010b-4bb4-a8b3-55a0f29cc492,f160cd4e-ee81-486e-a518-afd6bdd6bb29
3766,1134,0fdd53c7-010b-4bb4-a8b3-55a0f29cc492,ec1d654f-c386-484f-8744-70c0b30879f9
3766,2659,0fdd53c7-010b-4bb4-a8b3-55a0f29cc492,2b39fede-61fc-4380-888c-971ef28e2158
3767,895,469f79c4-d498-4410-a1f5-c44c0d1d090b,251b0714-4def-4382-9b73-d18b48e0464e
3767,2660,469f79c4-d498-4410-a1f5-c44c0d1d090b,f6079ed1-e038-42d0-89b4-7f12b1f2dc67
3767,2661,469f79c4-d498-4410-a1f5-c44c0d1d090b,5bd519ca-ec6d-4eb4-ae79-944576ed6704
3769,2664,a38f1798-4d82-4b10-bce5-2df71e044df8,db48872a-2d27-4bee-ac95-3d1e7633254c
3770,763,d69960fc-381a-493d-a929-891b1808cffc,fe191893-26a1-4ac8-872f-58cb463124bf
3770,2400,d69960fc-381a-493d-a929-891b1808cffc,17c4ab9b-6b1e-4d73-bbcb-3d1c3d3fa6da
3772,4021,d142af92-683c-494c-ace1-7f8a91bad979,2448e91a-6e1c-400f-866b-d3e2a504f517
3773,4021,2621be83-bd10-4680-88d0-5aeb6ccf7275,2448e91a-6e1c-400f-866b-d3e2a504f517
3773,4042,2621be83-bd10-4680-88d0-5aeb6ccf7275,5d13989f-b31f-4386-ad15-3e41c6e91966
3774,2666,f1dcc439-965a-4b6c-8c44-3d25d6c3342c,c3ed5883-0996-4358-bee7-71f1b60bd93a
3775,2669,689298f9-a50e-495f-b30b-e92e8d33150e,2cc22ad4-a1d7-421c-b1fc-1e10ae676f1d
3776,2670,0260692c-7910-4ba8-84fe-4d2496487ae8,977067c0-9bb7-4578-b553-35a0124d2c96
3777,2671,fcb8c563-ca34-4758-9e8e-9c20ab38e5ad,9b1ec6ab-3c0a-4c55-a3bd-abb4e5a9457b
3778,3945,9de3383c-7577-4e22-901f-b39143057327,3d6be8c1-ba29-46d4-bf26-0e81c315854a
3782,4332,c4a35028-9bf7-49e2-ad7e-e3a08e4a40a6,05926ad6-2302-4c8b-a975-a2077b7b6d22
3784,127,a1660f13-568a-437c-b277-77ebb93da6b4,a4bfb22e-dd4f-479f-92cd-33d13908d1fd
3784,710,a1660f13-568a-437c-b277-77ebb93da6b4,8542ba13-f11f-45fc-b755-a3caad92565c
3784,2672,a1660f13-568a-437c-b277-77ebb93da6b4,3ee6ad09-1f99-4b05-a0d5-dd1a0647106c
3785,2673,40732a35-b71e-42f7-8484-2464acd7e9fb,05b06b72-64f8-43d7-ad20-1e071f5cce32
3785,2674,40732a35-b71e-42f7-8484-2464acd7e9fb,3489a4b8-8dc5-4b16-863c-ff775f5f01c3
3786,2673,1b3817e7-3661-40c4-a96f-d852d331f4e0,05b06b72-64f8-43d7-ad20-1e071f5cce32
3786,2674,1b3817e7-3661-40c4-a96f-d852d331f4e0,3489a4b8-8dc5-4b16-863c-ff775f5f01c3
3787,2673,19a44bd8-fded-470c-8097-07396083e832,05b06b72-64f8-43d7-ad20-1e071f5cce32
3787,2674,19a44bd8-fded-470c-8097-07396083e832,3489a4b8-8dc5-4b16-863c-ff775f5f01c3
3787,2675,19a44bd8-fded-470c-8097-07396083e832,eeabab4f-66ef-467e-b56c-f270f4eb7f47
3788,2673,5d91e2dc-5c5e-43f8-8edd-2d0d19481137,05b06b72-64f8-43d7-ad20-1e071f5cce32
3788,2674,5d91e2dc-5c5e-43f8-8edd-2d0d19481137,3489a4b8-8dc5-4b16-863c-ff775f5f01c3
3788,2676,5d91e2dc-5c5e-43f8-8edd-2d0d19481137,33abe0ac-8c53-4f29-9b62-ea820fdcb439
3790,490,0065bf31-ce31-4cb1-a2d5-c799d828d72e,4544b952-a346-491a-8471-3549f7f2f288
3790,1046,0065bf31-ce31-4cb1-a2d5-c799d828d72e,cedac589-e401-438a-a89a-b64f460e43e4
3791,2398,87bc55a0-91b8-4479-a352-101dd47242fb,2235d9e4-6b18-4bc3-8059-6b4efad75439
3791,2677,87bc55a0-91b8-4479-a352-101dd47242fb,0f39beac-a267-425f-ac83-6b14fedc5724
3792,2680,ce11416d-bb7e-4cc0-bf91-c8d94aca1bc1,64a241cc-794e-4251-9794-0df4f6ff44d7
3793,2528,2923c989-9cee-4687-a318-46affe3f68a6,56e06a3f-c699-48ea-805f-fd4cc3e553fe
3793,2682,2923c989-9cee-4687-a318-46affe3f68a6,0f46b9b8-1b78-40c1-9153-5599ad9bb694
3793,2683,2923c989-9cee-4687-a318-46affe3f68a6,badfd86c-609e-46bd-9a97-617363ebcd3a
3794,2684,a9e6d38b-8b25-44a5-b984-885ffbb49b47,bf6a881b-df40-4f85-9f91-c6d8bd8427c0
3794,2685,a9e6d38b-8b25-44a5-b984-885ffbb49b47,8696e698-5c6d-46e6-aa7a-136d8a5dd02e
3794,2686,a9e6d38b-8b25-44a5-b984-885ffbb49b47,6e2a1ac1-6295-41a0-9261-412cffd81bf2
3795,2395,9e60c733-1ea0-479e-a2c6-af606f56d60a,1471efa7-d501-43e1-945b-0dfdd615f852
3795,2398,9e60c733-1ea0-479e-a2c6-af606f56d60a,2235d9e4-6b18-4bc3-8059-6b4efad75439
3795,2687,9e60c733-1ea0-479e-a2c6-af606f56d60a,49402eef-4afa-4235-a59d-9c932d80b800
3796,2687,da9b25a1-5379-4e44-858a-01652a03445f,49402eef-4afa-4235-a59d-9c932d80b800
3796,2688,da9b25a1-5379-4e44-858a-01652a03445f,75df3f82-cf54-4870-b416-7c744a1eaaf3
3796,2689,da9b25a1-5379-4e44-858a-01652a03445f,adfc611a-6df3-453d-9d3e-ff40b08f3eda
3797,2690,cae98216-1077-49cf-919a-4f82cdca0d88,2f336484-3e62-4ca8-9c6b-f7d46214b0ba
3797,2691,cae98216-1077-49cf-919a-4f82cdca0d88,e3ac6e0d-e5e8-4880-9ec4-08ff62fcd5a4
3798,154,52667762-fe2b-4cdc-9958-7f8764f2554d,7e0abf56-183d-4bc1-be2a-35342314a72f
3799,211,6f85bf4a-15dd-43b1-8bbf-3b54306cdf32,82b6750f-cef7-4337-a378-bcbf6aaa3530
3799,2692,6f85bf4a-15dd-43b1-8bbf-3b54306cdf32,d669c909-3dbf-4bd5-ab96-962cf29506b6
3799,2693,6f85bf4a-15dd-43b1-8bbf-3b54306cdf32,f4e919ce-45db-40d8-8038-cd8101162daa
3800,2694,ebf07c23-2d14-456f-bfb6-bd078fdd3513,b1d038ff-7c6c-451b-a260-b639b60a03a9
3801,867,480710e0-0d0e-471c-9081-10506d205ab4,20911cbf-d347-434f-b6b9-31f10d7f274f
3801,2695,480710e0-0d0e-471c-9081-10506d205ab4,2d8d7906-2007-4b71-9304-b4398b596162
3802,1031,cecfe50c-da8a-4458-bbe9-db20614435da,d37205d9-ff56-4b97-a9f0-e40d2616bccc
3803,839,3ed288a3-1abb-4016-89dc-059cfbabff46,75de45ef-a52c-439a-9fb4-034a8cb4b7a2
3804,2696,d3285cf5-b7c6-4d28-a725-02786b2c2f64,67648430-68be-48a7-966e-c8566bab3b6f
3805,2698,e7561300-fb7e-4081-a558-dfa35ceaff5e,35533906-f5a1-4006-be56-ca7df235c5f5
3805,2699,e7561300-fb7e-4081-a558-dfa35ceaff5e,57fb64ae-6dec-4a78-a82f-ab85040303c0
3805,2700,e7561300-fb7e-4081-a558-dfa35ceaff5e,8550a2ff-c069-4881-8a61-ef55666486e8
3806,196,c88baf5c-f16e-4c8c-92b1-81695aeb242d,80e331fb-4234-4bf8-8b11-4005e5463dff
3806,791,c88baf5c-f16e-4c8c-92b1-81695aeb242d,f160cd4e-ee81-486e-a518-afd6bdd6bb29
3806,2703,c88baf5c-f16e-4c8c-92b1-81695aeb242d,24c23b34-e16e-43f5-aee6-e5b61a410d37
3807,475,23bb8cea-55bf-45f8-b3d4-0b22bffe1982,fa40f887-5caa-4ff4-8f59-8e6eca58de89
3807,1027,23bb8cea-55bf-45f8-b3d4-0b22bffe1982,d8521f76-539c-47a7-9260-53f8fa1a97a9
3807,2704,23bb8cea-55bf-45f8-b3d4-0b22bffe1982,df5d5fe2-87e6-4d3e-8e4f-60a653474eee
3808,648,5efa2ea4-c48a-4bbc-91da-86765d15e240,4af19096-2051-4105-bd05-0a95d4ab3162
3808,791,5efa2ea4-c48a-4bbc-91da-86765d15e240,f160cd4e-ee81-486e-a518-afd6bdd6bb29
3808,1144,5efa2ea4-c48a-4bbc-91da-86765d15e240,d1a940da-595b-4dc8-ab0c-9165b0a62988
3809,436,6eb67e2d-38b1-4c79-9325-98f505c5f5ab,e6eba744-e6be-424e-b2c5-427258a5a797
3810,298,f87c40dd-27c0-4517-b13d-8bb1659dcde4,07f6b9e9-3c4a-44a1-8c41-06e5709cacd2
3810,2705,f87c40dd-27c0-4517-b13d-8bb1659dcde4,68f10e69-9965-46f8-b727-ced86d038efc
3811,2706,18905b87-4e50-41ce-9c59-6d3db3f06c01,d8fa02a4-2aab-4a04-97f6-8bfd6f5cceff
3811,2707,18905b87-4e50-41ce-9c59-6d3db3f06c01,ac5b31a5-c7f8-4a76-8315-37b3b688729e
3812,2706,d226e75a-0ce7-4b79-ac49-a349643baa3c,d8fa02a4-2aab-4a04-97f6-8bfd6f5cceff
3812,2707,d226e75a-0ce7-4b79-ac49-a349643baa3c,ac5b31a5-c7f8-4a76-8315-37b3b688729e
3813,2706,48773cc3-c318-40cf-ba97-06331976fcf6,d8fa02a4-2aab-4a04-97f6-8bfd6f5cceff
3813,2707,48773cc3-c318-40cf-ba97-06331976fcf6,ac5b31a5-c7f8-4a76-8315-37b3b688729e
3814,2708,1bcb5c43-cc93-470e-bb73-025f81a263e1,21cce110-8cf7-46b4-bc78-4233b69782ed
3815,1378,c3bfe460-20d0-4fba-bda8-092a5af1b1fb,b96d31d6-18ec-4794-88d1-f39e5e6b5e66
3816,1378,aa0da916-0713-4485-9b3e-380168d406a6,b96d31d6-18ec-4794-88d1-f39e5e6b5e66
3817,839,6cda062a-b276-437f-857c-f3b920a0bc39,75de45ef-a52c-439a-9fb4-034a8cb4b7a2
3818,2709,d44fcb99-e884-444f-a21a-cf7dffa2fb8a,57cb421b-0c4f-43a6-b9eb-052260b2d54f
3820,784,9d985a5e-c105-4f6e-9d48-5042c5747ebd,72b37602-4df6-42ad-92df-4f215cafdffd
3820,2711,9d985a5e-c105-4f6e-9d48-5042c5747ebd,7a3be5ec-899c-41d7-a278-cd438a72fd93
3821,2711,9130c017-3ef2-49ce-8411-00a208ef5d27,7a3be5ec-899c-41d7-a278-cd438a72fd93
3821,2712,9130c017-3ef2-49ce-8411-00a208ef5d27,190ca4eb-7a02-4e04-b766-c24faee49256
3822,705,3990ede3-fbe7-432f-ae9b-4a4ad82c12b0,a40e9b43-e036-4435-b9eb-4b4497d2cd7c
3822,784,3990ede3-fbe7-432f-ae9b-4a4ad82c12b0,72b37602-4df6-42ad-92df-4f215cafdffd
3822,2713,3990ede3-fbe7-432f-ae9b-4a4ad82c12b0,a52980ff-d184-4c63-957d-a7ec69ea11a3
3823,784,7f8fca8e-91fb-4c50-b5c8-9949ca1ec43c,72b37602-4df6-42ad-92df-4f215cafdffd
3824,2710,e4394b2f-ad7c-49cb-b761-da51cfaa0d2b,b2a0e30b-c2f4-4372-9f6f-cd49d4b246c6
3824,2711,e4394b2f-ad7c-49cb-b761-da51cfaa0d2b,7a3be5ec-899c-41d7-a278-cd438a72fd93
3826,1317,6b58f84b-4dec-41a7-95c2-9ca508ecae82,015453f4-8fa5-497f-b2af-2f54f56a5ed7
3827,1295,862ece3b-a4ab-4895-8e14-961391cdfa24,88b53e4e-9389-434b-9a76-624d1a7419c8
3828,1268,72042795-3367-4e2a-b08f-0022f443a133,a445fd2e-41ac-4909-b808-6bd71ec0537e
3830,1295,8e46c57b-be29-4dcd-8b2e-bd969a729990,88b53e4e-9389-434b-9a76-624d1a7419c8
3831,2716,2566fd58-34ab-4a24-b6b9-255e0ea2c457,a5c43cbf-d737-4653-9104-49499b3977de
3832,2538,98bb4db7-31e9-4b18-bd4b-e02e91191c28,7d2cc4e4-af94-47da-9b2c-b194807f2307
3833,208,6b89d349-b3af-4384-93e8-4bb181712851,03199790-e24e-490c-b477-e432a3e77505
3834,691,21baaa62-bef8-4aea-9050-9d1d358caed5,d813e6f1-c9fc-4fca-9382-94ed362717f7
3834,707,21baaa62-bef8-4aea-9050-9d1d358caed5,d1d0c4e6-01f3-4dc4-8be1-1c6146d1a8ac
3834,2717,21baaa62-bef8-4aea-9050-9d1d358caed5,93acd4cd-89d2-4b28-aa08-73e5f2c76b4a
3835,305,f3366976-7c11-4d6c-b7d2-4a1fd1a32480,b091bda9-7010-47ba-886d-3ec3e66a468d
3835,2671,f3366976-7c11-4d6c-b7d2-4a1fd1a32480,9b1ec6ab-3c0a-4c55-a3bd-abb4e5a9457b
3836,2718,a63797da-4fe2-48bb-a00f-37365f3462fb,f1606de2-cf5b-475a-b4f5-3ed8da172eb3
3837,67,67c57220-62d2-4a03-96ac-bd43e0c4e110,f2095865-bbc8-408c-a50e-3a3a62630f2e
3837,868,67c57220-62d2-4a03-96ac-bd43e0c4e110,37879f9b-3460-4996-af4c-f68941699bef
3838,2500,83bd4cf7-1472-456f-a245-45e4f9ba705a,0ff5b468-d6ab-46f3-9cef-9b7374fb99ab
3838,2502,83bd4cf7-1472-456f-a245-45e4f9ba705a,b82754c4-7f31-4f6b-b7b0-0b5b76ceda69
3839,2720,15f1cd7a-2a31-4793-afb8-20781055b957,1d873701-f73b-4928-a079-304e2e84103b
3840,2721,c11e6ecc-5a27-4cac-8406-4f16acf5be61,696d6ea9-7daa-452c-a130-38ff8bdb844f
3841,2722,e9078ece-bf38-4b51-b8c5-5d50067820e3,0ab95dcc-f7d5-43a2-90d0-8fb70ecfd5ac
3842,2723,9e36833e-3cfc-4b05-93d8-a91bf7a97434,bb176bac-1cd8-43f8-a7f6-78a10145ca5b
3843,2724,74ecd4e1-d4ea-4b67-b4db-76e4f6990251,53204828-e535-46c9-9b7f-2dbdaad3493a
3844,159,2c2fe92e-3856-47dd-b456-8d83aab20a72,c9173efc-9877-4059-9e18-aada90b87cbe
3844,751,2c2fe92e-3856-47dd-b456-8d83aab20a72,77814e2f-e6b7-49f0-ab53-af34c3ec6320
3844,2725,2c2fe92e-3856-47dd-b456-8d83aab20a72,4b423944-9742-4436-8f0d-90c4147b6fb3
3845,671,b165a782-7961-42da-8d7f-30287d55e777,4676d628-1234-432e-b491-0da980bcf022
3846,671,f23ed672-1731-4cde-95be-3a993516cfd5,4676d628-1234-432e-b491-0da980bcf022
3846,673,f23ed672-1731-4cde-95be-3a993516cfd5,a4ddf199-b7a1-4c6f-9572-d1b1debd470a
3847,2726,5ccb2d28-3064-4299-833e-715da215fd65,1bb885c6-392d-40d0-a9c6-0d6c8599e7c2
3847,2727,5ccb2d28-3064-4299-833e-715da215fd65,375db77d-e947-40f0-a6d4-36e0a9461660
3847,2728,5ccb2d28-3064-4299-833e-715da215fd65,77a3096e-05c2-4cc4-880d-04d345aba249
3848,2729,6dab3167-54eb-4f96-bf45-14c670f14031,ff9ca4cc-ee28-4c48-99d3-b3d54f872125
3849,2730,cfac3d7f-c7fe-4f07-ae47-a19bb554c445,f93d7e14-eb65-4399-b312-d71cf8e269f1
3850,671,3f954f30-11ae-4396-b6ce-7e6abec8b4ad,4676d628-1234-432e-b491-0da980bcf022
3851,2731,3a34af38-d29d-4807-8846-00567e64e01b,cfe3b4ec-4954-46f8-b385-0d7d59a0c9d9
3851,2732,3a34af38-d29d-4807-8846-00567e64e01b,caae2dfa-39b5-4b92-98ec-95126cce19ef
3852,2733,965f5433-e5af-46a4-9724-2f0ae1779ef6,47c66b06-6707-4bee-9049-71707ad2afcd
3853,2734,7444c509-ab81-4c7a-9fe4-f635431d7bd8,af7eb0a1-65c8-4566-9449-c5e16632cf10
3854,385,c83d671e-c0be-42dd-8821-552f4a03a059,9874b152-843d-4e71-94ba-77498a8f5e8e
3855,2395,97fc7896-f4fb-45ed-a1c2-76b72808f698,1471efa7-d501-43e1-945b-0dfdd615f852
3855,2687,97fc7896-f4fb-45ed-a1c2-76b72808f698,49402eef-4afa-4235-a59d-9c932d80b800
3855,2735,97fc7896-f4fb-45ed-a1c2-76b72808f698,e4bbf88e-a38c-4b4d-897f-6d85fa2c3e94
3856,2398,cf437bd3-41bf-4b7d-929f-3f33362106dc,2235d9e4-6b18-4bc3-8059-6b4efad75439
3856,2677,cf437bd3-41bf-4b7d-929f-3f33362106dc,0f39beac-a267-425f-ac83-6b14fedc5724
3857,2399,8e5862a1-80b4-4f01-a07d-b82cb084641b,7674b6bc-4c9d-496e-b4e6-a42ade350009
3857,2400,8e5862a1-80b4-4f01-a07d-b82cb084641b,17c4ab9b-6b1e-4d73-bbcb-3d1c3d3fa6da
3858,2398,abcf9675-ead0-4e99-8146-e4fb3a66196a,2235d9e4-6b18-4bc3-8059-6b4efad75439
3858,2677,abcf9675-ead0-4e99-8146-e4fb3a66196a,0f39beac-a267-425f-ac83-6b14fedc5724
3859,618,b2d94b2f-946a-42b8-b8bb-fac0e7152e5d,eda2b4cc-9f64-4135-bed8-eb3b4115ace6
3859,2736,b2d94b2f-946a-42b8-b8bb-fac0e7152e5d,06720d9b-7a1f-45a9-92cb-8503bf016a9f
3860,2406,8f24d9b3-05b7-4a60-b181-f7c8f0be6fd4,5d1579c7-f2f8-447c-9712-dbb03b5b4466
3860,2407,8f24d9b3-05b7-4a60-b181-f7c8f0be6fd4,670307c1-ed4c-4081-a966-f16ee9a8d06f
3861,2398,574601d7-1a8b-4683-9a65-81e0201e6618,2235d9e4-6b18-4bc3-8059-6b4efad75439
3861,2407,574601d7-1a8b-4683-9a65-81e0201e6618,670307c1-ed4c-4081-a966-f16ee9a8d06f
3862,926,f974ac00-1b72-4c68-9573-f54acd3f38b1,930665b6-76d6-4e16-a2dd-d0fb53231918
3863,926,d999f923-a1b6-41cf-ae4d-7f44680d5e08,930665b6-76d6-4e16-a2dd-d0fb53231918
3864,2737,4dbe0dac-fe7b-4183-b483-e9b5c43ce6cf,beb72754-8bdf-44e4-954c-4b6592a04a34
3864,2738,4dbe0dac-fe7b-4183-b483-e9b5c43ce6cf,f1ab3683-d51d-4bb0-a4e4-a4263ac15b49
3864,2739,4dbe0dac-fe7b-4183-b483-e9b5c43ce6cf,94eb5d17-d490-4675-a284-65e5153bdd12
3865,2740,0c11f5ba-2191-4c16-9655-8ef4e62d4642,64798c63-8696-4896-ab99-59a8fa704436
3866,108,f5d2450b-792f-450b-a5e9-49b9ece1b344,5f7be770-3356-41fb-aaf4-fc7d50c2ee26
3866,2741,f5d2450b-792f-450b-a5e9-49b9ece1b344,21650cda-b9b9-4f3d-93d8-c85d897c239f
3867,2742,046cbd15-ed3b-46fd-92aa-7c827da02248,0efaec92-248a-4007-9d48-b630e3d9750a
3868,2744,d54cc650-5874-48a0-bbe3-0b2c4442ff15,e164a549-ede0-4b91-bb1c-840f1302c050
3869,2744,83c9d2fc-04d9-4a6c-870e-0edc8ad07a03,e164a549-ede0-4b91-bb1c-840f1302c050
3870,2744,12d5eb33-9073-4523-aa81-ec2ee85902a3,e164a549-ede0-4b91-bb1c-840f1302c050
3870,4187,12d5eb33-9073-4523-aa81-ec2ee85902a3,00d876fb-697a-46fb-b572-40bbf5b9dff4
3870,4188,12d5eb33-9073-4523-aa81-ec2ee85902a3,e1e0733a-e7aa-4afe-883c-d557182a7991
3871,4188,9fcc5fd0-c8db-41d0-b595-4f34d91a9bd8,e1e0733a-e7aa-4afe-883c-d557182a7991
3872,555,84a82840-7ba1-4ecd-ab1d-e3937a39e8ef,dc921c5b-f10a-408f-89bd-495a5b3e91a3
3872,2745,84a82840-7ba1-4ecd-ab1d-e3937a39e8ef,896dbebd-0599-4162-ada1-32d3b81d5003
3872,2746,84a82840-7ba1-4ecd-ab1d-e3937a39e8ef,19037da5-110e-4e85-a01f-068695d191fc
3873,2600,8930bad4-8193-4231-b15d-b95cd6fce440,cf91002e-354c-4082-ad81-15c76605d76e
3874,294,a320752e-705e-43d4-ac3d-7ba269f1ffde,2b9dd7af-cd0a-415b-8179-41dcf5c05349
3875,732,be9a8868-ab39-4e1e-a40e-abdc9dd9b469,6c3a9a9f-3df0-4580-ab61-b7fe0c40af7c
3875,2739,be9a8868-ab39-4e1e-a40e-abdc9dd9b469,94eb5d17-d490-4675-a284-65e5153bdd12
3876,2747,9e67db3c-dfe0-4a52-9eb5-a403786e0457,a36c6cef-8b1c-45ee-88f5-18afc5e22c9f
3877,671,872b660b-6a3d-4521-8ff4-fb0f2ffdc6a9,4676d628-1234-432e-b491-0da980bcf022
3877,2748,872b660b-6a3d-4521-8ff4-fb0f2ffdc6a9,444428eb-1936-4a57-a180-9b3ad0adfa4b
3877,2749,872b660b-6a3d-4521-8ff4-fb0f2ffdc6a9,30c98a01-61df-4877-8f23-089de482c7c9
3878,227,53fb3213-1c8c-4f82-af40-d0f724666416,d46112d0-7310-4445-856b-242ebb6ca805
3878,2750,53fb3213-1c8c-4f82-af40-d0f724666416,01c171ed-f55b-4a4a-93b3-f7ec9c62b193
3879,671,9d901b2b-d7a1-4ff8-a59a-25efb085f7d2,4676d628-1234-432e-b491-0da980bcf022
3880,2751,efe68bfa-ba73-496b-97e1-0744c6e81d28,34b7164b-fd5c-4790-9ac3-9ad20fe85a7f
3881,2752,cdede1f4-139e-4b50-a5d0-8dd05edf0c7a,e094cfa1-1e1f-4eab-b4bf-afebbf6221c3
3881,2753,cdede1f4-139e-4b50-a5d0-8dd05edf0c7a,00b79836-f9db-4c8d-97e8-8f78ba9488f9
3881,2754,cdede1f4-139e-4b50-a5d0-8dd05edf0c7a,4b4f8e1a-51a7-418a-9b52-b70da83e8d39
3882,403,b226a025-6a1a-4365-80f7-c41d3b6e7ef3,2893b159-37b0-4474-8f00-8344b366f627
3882,404,b226a025-6a1a-4365-80f7-c41d3b6e7ef3,c337fce3-0f85-46bc-af7a-8a88e7c8e5c4
3883,4285,6a4fb3ff-72d0-4aeb-93b3-932179059892,1120e8e2-9b48-4990-aae0-2d55b78c0646
3884,2755,c12b4e75-cfd0-4fcf-a18c-62647e4f4040,2eb6be92-6d56-4e6a-92c5-0a4581e7244a
3886,2756,d594bf9a-7e6d-41e1-ae0a-8ab23ca9d7be,f058ad39-9523-4e41-afdd-8ae2a889ad99
3886,2757,d594bf9a-7e6d-41e1-ae0a-8ab23ca9d7be,120f80f7-6263-4ce1-baea-61621fc6ea27
3886,2758,d594bf9a-7e6d-41e1-ae0a-8ab23ca9d7be,e582a76f-8c7d-471e-b117-9a07df661c8e
3887,1249,38e35212-b4dc-4940-84dc-e173ca8968c7,614787dc-6cea-4d88-b8e9-3f075a4c539e
3888,398,50cfbc95-7f10-4cdb-9359-8b6e9f00692d,0d21609f-e52f-4fe6-b0b8-5b259fabe49e
3888,2759,50cfbc95-7f10-4cdb-9359-8b6e9f00692d,00042207-8b3a-4acb-95f4-c128d66e6737
3888,2760,50cfbc95-7f10-4cdb-9359-8b6e9f00692d,72e47f70-4873-4e6b-8500-d40c5c60b631
3889,254,f4c7e898-b921-448d-b601-3576f09e4c38,1a0ce20d-61f0-44ed-955c-0419262fd302
3890,63,6d29a805-b413-4f3e-9b22-561ba96c3520,0208d995-f6e9-4737-b0ac-a7a7fa78b756
3892,254,63239f8a-bc11-4bb3-8d8e-3fcd44d1be08,1a0ce20d-61f0-44ed-955c-0419262fd302
3893,254,8fa79ba4-3aad-4493-ac10-66663f6348db,1a0ce20d-61f0-44ed-955c-0419262fd302
3893,2762,8fa79ba4-3aad-4493-ac10-66663f6348db,b9c2202f-2630-4ae5-9de4-2fcbd7e0cdd5
3894,254,d38db8e4-ecdc-4e6f-8ee8-03052864f494,1a0ce20d-61f0-44ed-955c-0419262fd302
3894,2763,d38db8e4-ecdc-4e6f-8ee8-03052864f494,f91ea9cc-94d6-4cb0-985c-654276eb26c0
3895,26,3bc016e4-eac0-4ce1-8126-05230685aceb,db34c8a2-a139-466e-9f33-e8fca9123462
3896,26,b77230a1-35a4-42f5-9dfe-abe9387f8c00,db34c8a2-a139-466e-9f33-e8fca9123462
3897,26,6bb82d9f-30cf-4c61-a911-d90726e0e27e,db34c8a2-a139-466e-9f33-e8fca9123462
3898,26,067afd3d-8126-4a66-a961-27c0b24a0bad,db34c8a2-a139-466e-9f33-e8fca9123462
3899,26,0977b314-90a7-4f9a-9ae6-3c4fc57077a0,db34c8a2-a139-466e-9f33-e8fca9123462
3900,26,3a670afb-9d84-46cc-9735-dd21dc1dd821,db34c8a2-a139-466e-9f33-e8fca9123462
3901,26,ee3cc0cc-63e3-43a8-965c-23400d502180,db34c8a2-a139-466e-9f33-e8fca9123462
3902,26,4aed04e4-fb46-48d5-9387-dbe4147bc234,db34c8a2-a139-466e-9f33-e8fca9123462
3903,26,669b2f9a-535e-4a11-82a1-7c5658d33534,db34c8a2-a139-466e-9f33-e8fca9123462
3904,26,bbeb31d1-f918-4d98-9b90-310026cc408c,db34c8a2-a139-466e-9f33-e8fca9123462
3905,26,b220ac9f-9210-4131-83c6-839c7d46373d,db34c8a2-a139-466e-9f33-e8fca9123462
3906,26,8b976623-7fe7-44a8-ad2d-c9fbe8db3cb5,db34c8a2-a139-466e-9f33-e8fca9123462
3907,26,a3c1ae3d-9e18-4b9a-b1db-e64187294d92,db34c8a2-a139-466e-9f33-e8fca9123462
3908,26,e421f7fa-a579-4b4b-814d-30839c41f0af,db34c8a2-a139-466e-9f33-e8fca9123462
3909,26,c290a97e-f173-4367-bb7c-a4ababcc11e2,db34c8a2-a139-466e-9f33-e8fca9123462
3910,26,928aa377-018a-4ff8-bc39-facd327ce41c,db34c8a2-a139-466e-9f33-e8fca9123462
3911,26,bb1ad033-11ef-41f3-9c97-e41ad0f164c8,db34c8a2-a139-466e-9f33-e8fca9123462
3912,26,e1162161-cead-446f-a09f-b55fefa2daf9,db34c8a2-a139-466e-9f33-e8fca9123462
3913,26,38c20fa0-ad05-4fef-ac61-28befa320379,db34c8a2-a139-466e-9f33-e8fca9123462
3914,26,43519ef3-e46f-4517-8c3a-b9d9c2c16e1f,db34c8a2-a139-466e-9f33-e8fca9123462
3915,26,919701d2-6349-4771-a337-63b6fc658723,db34c8a2-a139-466e-9f33-e8fca9123462
3916,26,12c1e9e0-ce00-40f0-a729-5b5066e9592d,db34c8a2-a139-466e-9f33-e8fca9123462
3917,26,177b5622-2ff5-4233-8761-51ba60740617,db34c8a2-a139-466e-9f33-e8fca9123462
3918,26,e0dc0ea8-e6a1-4f3d-abea-658309cbe0cc,db34c8a2-a139-466e-9f33-e8fca9123462
3919,26,72316194-ad22-4da5-88e6-981a71a70d8b,db34c8a2-a139-466e-9f33-e8fca9123462
3920,26,ef17bc50-5baf-4b3c-a4b7-6c4ebf51fc8b,db34c8a2-a139-466e-9f33-e8fca9123462
3921,26,f3d4a497-fc82-4da1-b21a-b6556f39f3e2,db34c8a2-a139-466e-9f33-e8fca9123462
3922,26,33aaf64c-7675-4a1e-b773-9d9dae172676,db34c8a2-a139-466e-9f33-e8fca9123462
3923,26,fcb8b693-4489-4d79-98ed-89303bfe1297,db34c8a2-a139-466e-9f33-e8fca9123462
3924,26,30b01467-5658-4986-9370-dd8afd991373,db34c8a2-a139-466e-9f33-e8fca9123462
3925,26,a5359208-2342-48cd-bf10-35067c160c99,db34c8a2-a139-466e-9f33-e8fca9123462
3926,26,93430192-2447-47f8-8c3e-9f45681d051c,db34c8a2-a139-466e-9f33-e8fca9123462
3927,26,f2eb58b5-996f-4186-b2ea-ac367aa6fd20,db34c8a2-a139-466e-9f33-e8fca9123462
3928,26,2d5362fa-ae48-4fcd-9a60-db56eecc8c4a,db34c8a2-a139-466e-9f33-e8fca9123462
3929,26,51870d57-7b20-4ff0-a016-c6375e981f08,db34c8a2-a139-466e-9f33-e8fca9123462
3930,26,effa7803-1fe2-4f42-be85-9dfa6177c833,db34c8a2-a139-466e-9f33-e8fca9123462
3931,26,3e4a6602-1082-488f-9397-e542e7a07b8b,db34c8a2-a139-466e-9f33-e8fca9123462
3932,26,707d5138-2f9b-4413-8099-6c1aa07e2076,db34c8a2-a139-466e-9f33-e8fca9123462
3933,26,31999618-c63b-484d-944b-93116485bfdf,db34c8a2-a139-466e-9f33-e8fca9123462
3934,26,14f25190-7a41-4648-bf23-2d964b1e6ce4,db34c8a2-a139-466e-9f33-e8fca9123462
3935,26,0482649d-0d68-4d13-b581-d1b038887707,db34c8a2-a139-466e-9f33-e8fca9123462
3936,26,5b3ef78a-ccfe-486f-81aa-4de8b032e5a4,db34c8a2-a139-466e-9f33-e8fca9123462
3937,26,0d100ccb-91c7-436b-a91c-06e88b0ac0d4,db34c8a2-a139-466e-9f33-e8fca9123462
3938,26,e0473458-5016-4465-baed-9d49657e3cf9,db34c8a2-a139-466e-9f33-e8fca9123462
3939,26,c4447e24-9a6d-4295-88c8-393691453b93,db34c8a2-a139-466e-9f33-e8fca9123462
3940,26,684f97f7-9994-4bd2-8fdb-b5d275c957f0,db34c8a2-a139-466e-9f33-e8fca9123462
3941,26,aaea75c9-097f-49b9-9b58-57d62d41c649,db34c8a2-a139-466e-9f33-e8fca9123462
3942,26,deb73357-4384-492c-9c82-c4a022113fe8,db34c8a2-a139-466e-9f33-e8fca9123462
3943,26,fc4a2518-7fd9-429a-8a8d-f6f57ca6ec4d,db34c8a2-a139-466e-9f33-e8fca9123462
3944,26,658d0f9e-d0aa-409c-ab80-cfc466596ef5,db34c8a2-a139-466e-9f33-e8fca9123462
3945,26,c9b6ae03-bba3-41f2-af05-0b41c6119c62,db34c8a2-a139-466e-9f33-e8fca9123462
3946,26,b0ac0084-f377-4364-ab8e-6781c83a65c6,db34c8a2-a139-466e-9f33-e8fca9123462
3947,26,565fa12b-d363-4f5b-9259-46a33baacfce,db34c8a2-a139-466e-9f33-e8fca9123462
3948,26,bff1f949-3437-4469-b7a3-2b07b219d774,db34c8a2-a139-466e-9f33-e8fca9123462
3949,1166,9079108c-a567-4432-ac3e-8139c8cb3be4,28281ed0-904b-418d-b0dd-beb906cf286b
3949,1167,9079108c-a567-4432-ac3e-8139c8cb3be4,31c91bf8-00cc-42bb-93a8-6f299dbb8476
3949,1254,9079108c-a567-4432-ac3e-8139c8cb3be4,32db162f-9f28-4397-ab98-41878eb35761
3950,2764,310b41c0-27d6-41b6-9576-67f1f92bff8c,ccb6567c-1441-41a2-ae5e-ab6b35d9b227
3951,132,c96908b8-8f3b-4e95-9aad-85d2aa3f68ea,e7424383-94f4-4648-92e5-02ed08607a4a
3951,1147,c96908b8-8f3b-4e95-9aad-85d2aa3f68ea,254176f7-ce3a-4da9-ab9f-8a436da7fc04
3951,2765,c96908b8-8f3b-4e95-9aad-85d2aa3f68ea,0381f0a7-b3be-4269-8981-edad24c7c8fe
3952,118,63b08dc9-8e49-4967-93dd-6d120ecda8a1,b25c4be3-b3fd-4195-a7f4-0cd0cb0644aa
3952,2766,63b08dc9-8e49-4967-93dd-6d120ecda8a1,c22ce07b-0ef1-4fa2-b58c-7d08db52f664
3952,2767,63b08dc9-8e49-4967-93dd-6d120ecda8a1,3e5b96ab-05ed-466e-96d3-5e7d9f5be169
3953,2768,a6df1897-1192-49bc-819c-78ee2e94b018,642cd15a-fd35-485d-9290-cae059004f85
3953,2769,a6df1897-1192-49bc-819c-78ee2e94b018,d94501a2-c826-4f14-8c32-cbfb263e0b4c
3953,2770,a6df1897-1192-49bc-819c-78ee2e94b018,d29ed8c9-2b4c-4cc7-b6cc-b3e95eb5c872
3954,2771,7fa9c1cd-3305-4fc2-b3ed-e1a1ba105b09,e79e6ffe-a3e2-46ea-b4c1-2d451f9e7801
3956,2772,e55c091e-ba5f-4415-a7df-98d9316c4976,db58688b-82ce-43ac-90fe-8a1471a3452f
3956,2773,e55c091e-ba5f-4415-a7df-98d9316c4976,92febdd7-c88b-4af6-a4ad-e4b68db0d47e
3957,2774,f62b40a4-8ca8-4e98-bd7e-f70bd542720f,288c925d-b9f9-43f0-9879-c4a90319dde0
3957,2775,f62b40a4-8ca8-4e98-bd7e-f70bd542720f,704da1b6-46c7-4c64-ad27-a53b559eed1d
3958,2776,519cf616-82f8-4410-9586-95eafebc9f98,4a8a20fd-4fa4-463b-bf77-02fec7208422
3958,2777,519cf616-82f8-4410-9586-95eafebc9f98,a5d2322d-59cb-4e04-96c3-18a3304f807a
3958,2778,519cf616-82f8-4410-9586-95eafebc9f98,07be2646-6aa1-44ac-ac14-501bcd3fbec6
3959,240,e76dbde1-70c5-4acf-83f9-e0df3c86a64c,9d29dc59-fd6d-497b-9eaa-646d3bba1b92
3959,1074,e76dbde1-70c5-4acf-83f9-e0df3c86a64c,17d10333-ca52-41ac-aaa5-c0254ec018bd
3959,2779,e76dbde1-70c5-4acf-83f9-e0df3c86a64c,fe492276-7fe5-426f-bb63-cf58240feb7e
3960,2779,65f1559f-1097-48d9-9d3d-3aa2ae8da296,fe492276-7fe5-426f-bb63-cf58240feb7e
3960,2780,65f1559f-1097-48d9-9d3d-3aa2ae8da296,58faf826-f2dd-4054-afc1-de73aaffc25f
3960,2781,65f1559f-1097-48d9-9d3d-3aa2ae8da296,dd2fa82a-6fea-400a-8312-cfc9b446b746
3961,108,3b02282d-02b5-4e68-b5be-4b17289f95ad,5f7be770-3356-41fb-aaf4-fc7d50c2ee26
3962,749,a9cc282d-d8ac-4d9b-a082-87471ea0e624,67fad100-f88a-4cb6-82ac-ea8b614fcf56
3962,2782,a9cc282d-d8ac-4d9b-a082-87471ea0e624,9153a7f8-5409-4f7d-883b-cc347dcf9f6d
3963,2783,1c4fbbe5-b5da-4fbb-974e-8a474d624397,28c8278f-9a16-4899-a059-24024a138599
3963,2784,1c4fbbe5-b5da-4fbb-974e-8a474d624397,8f6f698c-7fe8-43da-9f15-313a299fbb16
3964,2785,dde906aa-0de7-489b-abd9-3bddf657c7d5,dd236de2-bbac-4372-bf64-a344880e0147
3964,2786,dde906aa-0de7-489b-abd9-3bddf657c7d5,90f9cacb-e533-4173-a00a-d7fc07024c65
3965,2786,7636c1d3-a172-4575-abe4-1381d0d40981,90f9cacb-e533-4173-a00a-d7fc07024c65
3966,240,6026f8b4-c344-4db0-9084-6db729beab13,9d29dc59-fd6d-497b-9eaa-646d3bba1b92
3966,2787,6026f8b4-c344-4db0-9084-6db729beab13,bae4ef89-9233-42f6-b5fb-4121026df360
3966,2788,6026f8b4-c344-4db0-9084-6db729beab13,8d234d15-a930-4c11-bffb-729e6c4181da
3967,503,16473c99-feda-4fcb-916b-125bbf56dc83,c047e841-f85a-42b2-9df3-e1ceef4b6ec9
3967,2689,16473c99-feda-4fcb-916b-125bbf56dc83,adfc611a-6df3-453d-9d3e-ff40b08f3eda
3968,3957,efb4afbf-2c4c-4021-9c18-98b82066f7a6,42e05efd-7b76-459a-ba65-5240f2f14757
3969,2789,6d6a984d-24c7-4828-b836-6b018924c6c7,a8f1f28b-044d-41eb-9970-3c540593d3b5
3970,2793,e0e0c275-5a61-455a-9525-c8be710861db,d243760e-9e34-4aa7-9ae5-5044a00957de
3973,2791,278a8a67-d243-4b75-b057-403ba95f50f3,d93d4c48-028a-40ec-9c21-ef2d3733cfdf
3974,2792,844d4259-d037-47a6-8fff-3ac86518b15d,965fb84c-d31e-4240-9acb-70c200438179
3975,2794,7c515a1f-970f-4c5b-ad0c-1c7bc117761a,b453f846-a84f-4175-9a3a-1ddb440bb823
3976,907,7dbb17e5-1790-4046-b25a-a17a685281a4,7253e57c-c620-45b5-bf50-8e221811e35b
3976,2795,7dbb17e5-1790-4046-b25a-a17a685281a4,f354408f-34a7-4de4-80c7-e0af0cc9b1df
3977,790,4279e6b9-9821-4b87-86e4-8206e74254f5,80c35c34-6d46-416f-a6f1-8394493076ef
3977,791,4279e6b9-9821-4b87-86e4-8206e74254f5,f160cd4e-ee81-486e-a518-afd6bdd6bb29
3978,2797,7bf7aafb-9709-4a57-8e57-a539f5f7a736,50118554-d6f7-4573-8539-eb950ccabf8c
3979,465,08764b9d-346c-4a75-adae-940fc8aa6bc5,0e077a08-291e-4732-8dfa-e0af8110b74b
3979,2798,08764b9d-346c-4a75-adae-940fc8aa6bc5,8c3b971f-73cc-4743-a202-8c43479871ee
3980,58,5d98233b-c0b8-43a1-b7ac-aecf0865b2a4,188e1229-62e9-4733-9468-69264c9a55fc
3981,94,b6fcc24f-e832-477a-81b8-889ed4591cfc,2569eeb7-5928-401e-a651-5136c314bc80
3981,2528,b6fcc24f-e832-477a-81b8-889ed4591cfc,56e06a3f-c699-48ea-805f-fd4cc3e553fe
3981,2800,b6fcc24f-e832-477a-81b8-889ed4591cfc,274e7fca-af1d-46e4-93d6-5b65bc4eae10
3982,32,d403fe7b-f79a-451a-91e6-d8c1cb60bae6,1c4e5840-224d-4d27-a30f-9373a594e8e6
3982,2528,d403fe7b-f79a-451a-91e6-d8c1cb60bae6,56e06a3f-c699-48ea-805f-fd4cc3e553fe
3982,2803,d403fe7b-f79a-451a-91e6-d8c1cb60bae6,3e5a7897-d031-42f2-a5f5-d1e159657e7e
3983,2804,48d66b65-cde1-4316-9ba9-78ffa0129561,07c00ae4-31fe-4957-b429-8169104bb800
3983,2805,48d66b65-cde1-4316-9ba9-78ffa0129561,2393abbd-2b3f-4516-8bcf-55c7764ad849
3983,2806,48d66b65-cde1-4316-9ba9-78ffa0129561,916e5e1f-2de2-4959-aeb5-aa0a0007b627
3984,210,61f83561-2856-4d2c-acdc-fffa60cb8d8f,a43b4f36-2068-42b8-839b-a71b37ac1a7c
3984,2804,61f83561-2856-4d2c-acdc-fffa60cb8d8f,07c00ae4-31fe-4957-b429-8169104bb800
3984,2805,61f83561-2856-4d2c-acdc-fffa60cb8d8f,2393abbd-2b3f-4516-8bcf-55c7764ad849
3985,2807,3073b2e3-59ff-4aba-9f92-bf63b3805b82,54c98b5a-ea12-4283-b956-9797f1defc91
3986,2801,cdf01444-6790-4de3-94ab-619b0c3ee551,42441641-dd45-45bc-b6a9-dc780e8b50ca
3986,2802,cdf01444-6790-4de3-94ab-619b0c3ee551,ec0bb978-a961-4e0c-9620-b2e73a52b5c6
3987,108,e96f8856-3d51-468e-ac23-9531cb8713ff,5f7be770-3356-41fb-aaf4-fc7d50c2ee26
3987,2808,e96f8856-3d51-468e-ac23-9531cb8713ff,fe2d45dd-65ed-4e92-a988-da44b9bddb86
3987,2809,e96f8856-3d51-468e-ac23-9531cb8713ff,db367d6d-aab7-44f2-8ef1-e441de9c13bf
3988,2810,31bcbc9b-3938-4208-a49b-b1b13e549ed8,41a33236-a94b-46e4-8a7f-055583d8c529
3989,2811,40d6905a-9a44-4f0d-8859-1cfdfc9d3afc,61cc91ec-5c6b-44df-87f9-8997896fe149
3989,2812,40d6905a-9a44-4f0d-8859-1cfdfc9d3afc,a62c06be-5156-4a27-8348-e478b520dc04
3990,2813,26db06c8-6efb-4c50-b711-89be5416e526,a084b0ab-40d3-4330-b5b4-d71dc60972d1
3990,2814,26db06c8-6efb-4c50-b711-89be5416e526,604d5a7a-9777-4d36-86fa-97c5bffa0a7d
3991,1147,cd9c6e28-f28e-46aa-8ad5-d06ef0d7ec8a,254176f7-ce3a-4da9-ab9f-8a436da7fc04
3991,2815,cd9c6e28-f28e-46aa-8ad5-d06ef0d7ec8a,273f1731-ca82-4ddd-b999-875cb72b0507
3991,2816,cd9c6e28-f28e-46aa-8ad5-d06ef0d7ec8a,faf7a821-96f4-4312-9214-8db1687c1d15
3992,389,589dd7c0-304d-4c5e-8a9b-8fe9d170c1bf,11def3d7-51bf-4727-af9c-3ea43d29be95
3992,2817,589dd7c0-304d-4c5e-8a9b-8fe9d170c1bf,5c224709-921d-4583-9937-8dd19d92c87a
3993,196,b7020d49-ef90-4a9f-881c-033fce247ef5,80e331fb-4234-4bf8-8b11-4005e5463dff
3993,211,b7020d49-ef90-4a9f-881c-033fce247ef5,82b6750f-cef7-4337-a378-bcbf6aaa3530
3993,2818,b7020d49-ef90-4a9f-881c-033fce247ef5,ee909d46-8fdb-4f06-a610-302d51604dbd
3994,127,1d24e993-d84f-4718-947e-85663d0557c3,a4bfb22e-dd4f-479f-92cd-33d13908d1fd
3994,467,1d24e993-d84f-4718-947e-85663d0557c3,b78a1d5f-3fc0-4d13-8b77-6e97a1f188bc
3994,542,1d24e993-d84f-4718-947e-85663d0557c3,628f7fc2-6221-4e2a-850a-39b7a08e200d
3995,2819,c1e0b78f-2a77-4157-8b00-9b0291598c12,72f89b44-ae42-4bb1-92cc-78892937b8d4
3996,2820,b221c329-b129-4964-be1a-d593cc52ef92,e28864c4-52c8-41d1-9536-01e600e1112b
3997,904,1a9eb6ef-c62f-45b8-b071-8e39ff97db4e,fd65b04a-2967-437f-9866-e3ea912a5fcc
3997,2821,1a9eb6ef-c62f-45b8-b071-8e39ff97db4e,b7b39840-60a0-4fb9-b7f8-3974305da490
3997,2822,1a9eb6ef-c62f-45b8-b071-8e39ff97db4e,8a385650-054d-4ed7-8155-3eb8fb396d02
3998,67,38023cd2-40b4-41bc-9f2f-253eccb1bb5f,f2095865-bbc8-408c-a50e-3a3a62630f2e
3998,379,38023cd2-40b4-41bc-9f2f-253eccb1bb5f,8ac51883-bdf5-4eb4-91a0-5596c4353a91
3999,2823,cd74f31d-eeb6-4b75-9505-5eacd85e7bce,41d97b53-4040-40be-b965-178271c0afe9
3999,2824,cd74f31d-eeb6-4b75-9505-5eacd85e7bce,94f38b45-5963-4243-ab7e-075ac7958c19
4000,2723,50d251c2-a54b-4342-a179-af569113732c,bb176bac-1cd8-43f8-a7f6-78a10145ca5b
4000,2825,50d251c2-a54b-4342-a179-af569113732c,2e381a92-11f2-41d7-b422-70b68ba9fe01
4000,2826,50d251c2-a54b-4342-a179-af569113732c,b9a6f5c5-fd88-4d13-b4c9-cdf952489407
4001,732,1dd6d955-877b-4cb3-823e-9314ae3bcc37,6c3a9a9f-3df0-4580-ab61-b7fe0c40af7c
4002,2827,33eeca88-7456-4a65-867a-320aec65de76,534f9348-7c5d-4d0b-8aee-a4034aa8d9a3
4003,2829,8f13613f-0ce9-40b6-88cb-37aa0bcae5a1,5e14b46a-57b5-4e1b-9e5b-91be3271b436
4005,378,32773718-9216-41c6-8059-2c58b6e53b4c,53063713-2662-43d3-a6fb-0ad606d92625
4006,2832,f31086c5-dba6-4bd1-8c84-960a19419ae9,cadbb655-944c-49cd-b302-131c329f4e90
4006,2833,f31086c5-dba6-4bd1-8c84-960a19419ae9,a2a2f6d8-ca8b-49a8-90f5-a48d9e1c1912
4007,2834,5ceb974c-4d82-4610-a1f2-c16c17d150d9,38feb7c2-887d-4780-beaa-afa127617b05
4007,2835,5ceb974c-4d82-4610-a1f2-c16c17d150d9,146c495f-59e0-4cd3-a5f8-f3fd6bc32db7
4009,749,7b2e2e28-77ea-4894-b277-f4045f72c5e2,67fad100-f88a-4cb6-82ac-ea8b614fcf56
4010,1249,77324e7e-e75a-42d6-9597-90d67f40ed06,614787dc-6cea-4d88-b8e9-3f075a4c539e
4012,108,74503b80-84b8-4922-9090-17011c7b6117,5f7be770-3356-41fb-aaf4-fc7d50c2ee26
4012,2837,74503b80-84b8-4922-9090-17011c7b6117,a04639e8-b745-4b5e-96ef-616d7b46ffa5
4013,459,988c9da2-40fb-4e6d-bd9a-a0d8c5b887a5,48c96edd-3c61-40c2-a93b-51aa2bc00651
4013,2838,988c9da2-40fb-4e6d-bd9a-a0d8c5b887a5,cde685f1-2d00-42a3-9e41-dad0c8fc0a1b
4014,2839,dcfff3f5-2611-4e40-a2cc-b05df9a67ae0,2505a6a4-edc6-4950-b7e0-cab284151a5b
4015,2840,b62ce122-4886-4aa8-bafd-ef6735a25fb5,52e2c3c0-c31e-4165-8e68-f70ba1549179
4016,2841,b3688f23-3a18-455b-9488-b68dbaede320,0c91e229-7d70-47ba-886d-831d77ebc686
4017,2503,f8a9a9b5-1b69-481e-a505-bb7e91d17e09,893398dc-eb0e-4ca4-8653-cf98f7eab496
4017,2842,f8a9a9b5-1b69-481e-a505-bb7e91d17e09,9c4f2fc6-fa5c-453b-a55b-5e71d681ed9b
4017,2843,f8a9a9b5-1b69-481e-a505-bb7e91d17e09,f136b42d-7ae0-4ba3-adcc-1966f23b7e89
4018,2503,0dd87ca5-29d3-4d2b-906d-4afc0a54f35b,893398dc-eb0e-4ca4-8653-cf98f7eab496
4018,2844,0dd87ca5-29d3-4d2b-906d-4afc0a54f35b,922ea0bf-d991-49b6-9708-0a59509c3e69
4019,1162,765ee13a-96a8-42f1-82b7-5314e4fced30,a1618fc1-7a40-456c-8970-cdf894621076
4019,2503,765ee13a-96a8-42f1-82b7-5314e4fced30,893398dc-eb0e-4ca4-8653-cf98f7eab496
4020,2845,06ff6de3-3df5-4749-8db0-19779bdd0f24,6f465d39-d151-45a2-9567-6c508d5b4b70
4021,136,70e1e1d9-176d-49d6-9d5d-ca6c5fa7a329,37d32daf-cd35-4895-a25f-bcfc51a62a48
4022,2846,aa6d6381-6005-42a0-bea0-32b62dec99c1,fbd621d7-4242-4ba2-a988-559fcde14e6a
4023,2847,bb40ea76-1b02-414a-a55e-d4c3e101cbcc,678c5599-0ad6-4002-ab7b-d8142c0f5cad
4024,2841,88cc4da2-69f2-4a42-bf6c-38bec04e5957,0c91e229-7d70-47ba-886d-831d77ebc686
4025,108,d1167fca-5d21-4e05-a397-e3e2425ec340,5f7be770-3356-41fb-aaf4-fc7d50c2ee26
4025,2848,d1167fca-5d21-4e05-a397-e3e2425ec340,ee877989-5176-421b-9b15-2921e3a4cb04
4025,2849,d1167fca-5d21-4e05-a397-e3e2425ec340,2bdbec67-dedf-4306-b579-9a434125e925
4026,623,d22772bd-5026-46e5-afb3-8ec12087fc2b,e0eddcd2-cb83-4399-8650-33501392181a
4026,2850,d22772bd-5026-46e5-afb3-8ec12087fc2b,502d2e2e-e4fe-4f6b-9abd-18b2babc4a1f
4027,2851,b7a85a8a-dc14-4968-b1ed-3e9915cf1de9,633e0df1-0ff0-4171-9b82-494883a864c9
4028,356,78b263b2-f2d0-4563-8487-960351fa323e,899af2ea-54ce-4c2e-8a4a-ff3e1ae88ff5
4028,2852,78b263b2-f2d0-4563-8487-960351fa323e,bb106bee-dd32-45a6-8f2e-d57729bee6b2
4029,100,d145ef70-07b6-4e39-8764-1d3ca391536e,a54f808a-9c32-47a2-bec6-95f79626d5a0
4030,100,645efce3-e47c-419d-bf33-1d43e07d82a0,a54f808a-9c32-47a2-bec6-95f79626d5a0
4031,100,96441785-c743-48cf-976b-a5f119478861,a54f808a-9c32-47a2-bec6-95f79626d5a0
4032,2853,0e41c474-0c20-41b3-8319-c8989d8912bb,dc554972-6271-40fb-94fe-f00a14f97dde
4033,2840,53baa125-5f93-446f-b0e2-11dabbcd9f8d,52e2c3c0-c31e-4165-8e68-f70ba1549179
4034,2854,a168c4a9-8546-4e1c-9442-04610537861d,b51f6180-5a83-4aac-8a4c-cf35ff6d0415
4036,2855,e40033a2-d1fe-45b1-965c-d443d03c2340,c1875e81-64d0-447f-b4e8-a88f97b14ed2
4036,2856,e40033a2-d1fe-45b1-965c-d443d03c2340,b96760d1-1c51-477e-8f0f-7ff059290774
4036,2857,e40033a2-d1fe-45b1-965c-d443d03c2340,cd0a2ae9-70f4-4265-a8e8-7ade7ccc551a
4037,2858,a4467792-5dd1-4d45-bfc2-8185fab0ac81,433a3e91-3283-4585-a5fe-d2ad4904044f
4037,2859,a4467792-5dd1-4d45-bfc2-8185fab0ac81,1e8bfbad-3ccb-4a57-9174-063ed0de99b7
4037,2860,a4467792-5dd1-4d45-bfc2-8185fab0ac81,be764cc8-a3e0-46e4-9a80-fde2ad3ab2d4
4038,651,52da0ae5-b76f-41cd-a833-d86fc1b04128,4967f7bf-558a-4a21-b85f-36b25f077edf
4038,2859,52da0ae5-b76f-41cd-a833-d86fc1b04128,1e8bfbad-3ccb-4a57-9174-063ed0de99b7
4038,2861,52da0ae5-b76f-41cd-a833-d86fc1b04128,c922db90-7157-46a5-b221-1e769df793d4
4039,2862,79d516a6-7a6f-4e4e-8162-d20e851530f8,ecbf7bf0-7f3b-44d3-943b-228fe7ee1f09
4040,2851,8fbd71f3-8e54-48d7-8d36-ee043156d5d9,633e0df1-0ff0-4171-9b82-494883a864c9
4041,317,91c363f0-5df5-476e-944e-337d9e2f6534,636eebc4-c57e-4128-9a32-e44b0efb470e
4042,2863,26719a3c-4680-40f8-acd3-2175c7e37772,0e185043-00a2-4579-9f1e-982fa68b852b
4043,2864,a3780ad8-e479-4a12-b795-7fc8f5682c7f,ec57180d-541d-4832-9967-f87bd9cde166
4044,860,609085f2-b49f-443a-a9ab-69449f2fe5ed,d0cd7b36-3d59-420e-86f0-d0b3905f3dbc
4044,2865,609085f2-b49f-443a-a9ab-69449f2fe5ed,dfc27811-e3f5-4259-9074-f1e8957df3e1
4044,2866,609085f2-b49f-443a-a9ab-69449f2fe5ed,8a23bf41-5041-4c6a-9726-f534fe20a5f4
4045,791,62b6d014-96e6-4477-8595-5a2c76fe230b,f160cd4e-ee81-486e-a518-afd6bdd6bb29
4045,2867,62b6d014-96e6-4477-8595-5a2c76fe230b,c86fdb92-eb6c-41a5-b00b-97a963ca2d97
4046,2528,10f4917c-848b-4726-ac3b-ecf4e71de332,56e06a3f-c699-48ea-805f-fd4cc3e553fe
4046,2657,10f4917c-848b-4726-ac3b-ecf4e71de332,788bfc46-36cc-4d77-8c90-7c8479c0092d
4046,2658,10f4917c-848b-4726-ac3b-ecf4e71de332,d91e9bcf-9051-4819-86aa-ac7ad9a7758a
4047,108,a440c4f6-7a14-4245-b12f-3b59081e0bce,5f7be770-3356-41fb-aaf4-fc7d50c2ee26
4047,1078,a440c4f6-7a14-4245-b12f-3b59081e0bce,c1f6f3bb-ec51-406b-8cfb-0db28b37b478
4048,459,c53d1c88-c4c4-4b98-81d7-6d41380be9f5,48c96edd-3c61-40c2-a93b-51aa2bc00651
4048,2868,c53d1c88-c4c4-4b98-81d7-6d41380be9f5,ec7bb255-bc2e-4c19-bf3a-1a6c45ed2c2e
4048,2869,c53d1c88-c4c4-4b98-81d7-6d41380be9f5,9de27a6b-80a6-4b20-9265-5ce3da7e75e1
4049,2870,eb19b527-4d3b-4a26-87ca-7493fa67d682,d568ae2c-5bef-4bf9-9a57-ebcf7c8f0a2f
4049,2871,eb19b527-4d3b-4a26-87ca-7493fa67d682,906bcae5-5448-46fa-adc9-11e79c415604
4050,47,ec7976e6-fd19-4b82-be91-bc318ebef793,d998dd61-a973-4192-b73d-f5961da87be9
4050,2872,ec7976e6-fd19-4b82-be91-bc318ebef793,36d8bacd-f85e-4dd4-ac8a-78651b2797d1
4051,210,0420ab27-6bde-4ca5-8dbc-6a1b058956dd,a43b4f36-2068-42b8-839b-a71b37ac1a7c
4051,2873,0420ab27-6bde-4ca5-8dbc-6a1b058956dd,da781e00-8af1-41a5-902a-fdb939925fd8
4051,2874,0420ab27-6bde-4ca5-8dbc-6a1b058956dd,007409b2-0f75-449e-ae1a-843fedb4f148
4052,210,4c64f9bd-ea88-4171-b9b7-94a1d895e54d,a43b4f36-2068-42b8-839b-a71b37ac1a7c
4052,2875,4c64f9bd-ea88-4171-b9b7-94a1d895e54d,0eb7a3ff-ea68-4ddd-bfac-7965aee541a9
4052,2876,4c64f9bd-ea88-4171-b9b7-94a1d895e54d,1c8a9681-eecc-435f-9612-94da5f0d558c
4053,47,4a55cc80-9231-491a-83db-e1f05df3a91c,d998dd61-a973-4192-b73d-f5961da87be9
4053,2872,4a55cc80-9231-491a-83db-e1f05df3a91c,36d8bacd-f85e-4dd4-ac8a-78651b2797d1
4054,47,02966078-2e2a-4d99-9200-6b5d0969151b,d998dd61-a973-4192-b73d-f5961da87be9
4054,2872,02966078-2e2a-4d99-9200-6b5d0969151b,36d8bacd-f85e-4dd4-ac8a-78651b2797d1
4055,47,d1b23a55-dff7-4772-a6ab-950e4a67977a,d998dd61-a973-4192-b73d-f5961da87be9
4055,240,d1b23a55-dff7-4772-a6ab-950e4a67977a,9d29dc59-fd6d-497b-9eaa-646d3bba1b92
4055,2872,d1b23a55-dff7-4772-a6ab-950e4a67977a,36d8bacd-f85e-4dd4-ac8a-78651b2797d1
4056,2877,87ac9943-2a6a-404a-89b5-d143542d3a14,ae3899ec-49a1-4d2d-b237-b03c484fc429
4057,210,658c18f7-8df1-49e4-9242-db807d760c19,a43b4f36-2068-42b8-839b-a71b37ac1a7c
4057,2873,658c18f7-8df1-49e4-9242-db807d760c19,da781e00-8af1-41a5-902a-fdb939925fd8
4057,2874,658c18f7-8df1-49e4-9242-db807d760c19,007409b2-0f75-449e-ae1a-843fedb4f148
4058,210,008fdbb5-1e22-4aba-ba45-119713bf63bd,a43b4f36-2068-42b8-839b-a71b37ac1a7c
4058,2878,008fdbb5-1e22-4aba-ba45-119713bf63bd,3f5e762a-11a0-43aa-ac4f-d834778c94bc
4058,2879,008fdbb5-1e22-4aba-ba45-119713bf63bd,6f69714b-2706-4433-bd40-d3d6ae105668
4059,210,7a98ebf5-c229-4538-9d0d-8bb0e990fd10,a43b4f36-2068-42b8-839b-a71b37ac1a7c
4059,2873,7a98ebf5-c229-4538-9d0d-8bb0e990fd10,da781e00-8af1-41a5-902a-fdb939925fd8
4059,2878,7a98ebf5-c229-4538-9d0d-8bb0e990fd10,3f5e762a-11a0-43aa-ac4f-d834778c94bc
4060,210,46d75d7c-4a03-48bb-a6a3-725afd312a08,a43b4f36-2068-42b8-839b-a71b37ac1a7c
4060,2867,46d75d7c-4a03-48bb-a6a3-725afd312a08,c86fdb92-eb6c-41a5-b00b-97a963ca2d97
4060,2875,46d75d7c-4a03-48bb-a6a3-725afd312a08,0eb7a3ff-ea68-4ddd-bfac-7965aee541a9
4061,210,9c87383b-ee72-4f3b-9c47-124f6cbc9626,a43b4f36-2068-42b8-839b-a71b37ac1a7c
4061,2867,9c87383b-ee72-4f3b-9c47-124f6cbc9626,c86fdb92-eb6c-41a5-b00b-97a963ca2d97
4061,2875,9c87383b-ee72-4f3b-9c47-124f6cbc9626,0eb7a3ff-ea68-4ddd-bfac-7965aee541a9
4064,30,70601795-8b6c-403c-8296-3d884dddec6d,bb7aae1f-3441-4535-9c63-08bdfb39f8f8
4065,714,e13b189e-f837-40a6-b47d-c989e8858a91,1468c93b-ccd2-4fce-be5f-34ee66f5798c
4066,30,763873ad-0fc4-41b4-82f2-b3be3c12ebbb,bb7aae1f-3441-4535-9c63-08bdfb39f8f8
4067,30,cb03b25f-f915-4da8-8e1f-9413aafcdad7,bb7aae1f-3441-4535-9c63-08bdfb39f8f8
4069,2880,07c6a47f-f665-4fb8-a052-6f6562575e15,547c2cdf-8925-4ed1-b9ea-30a92874d0ab
4070,30,a7e89850-afab-4e9f-8b20-42c7f305088e,bb7aae1f-3441-4535-9c63-08bdfb39f8f8
4071,552,26b1c914-20f2-4ca9-b941-ca631b033928,997f25f3-ef92-454a-981e-123cea1cab32
4072,30,81fb47fb-e9dc-4f7d-8dd4-59d8b7c9fe44,bb7aae1f-3441-4535-9c63-08bdfb39f8f8
4073,30,b9968a4f-a00a-4d1e-8228-5bf659d988dc,bb7aae1f-3441-4535-9c63-08bdfb39f8f8
4074,30,021997c4-025e-4847-b47f-2aa51568cd25,bb7aae1f-3441-4535-9c63-08bdfb39f8f8
4075,30,78e76e11-729f-43e9-9f74-f4154dabfe87,bb7aae1f-3441-4535-9c63-08bdfb39f8f8
4076,30,9b5ddbeb-4b2c-497a-9f62-950750a14d33,bb7aae1f-3441-4535-9c63-08bdfb39f8f8
4077,2881,ac7de027-c78f-4369-b812-61e49bd69dd6,4d6ea4f7-b05d-4291-8b12-07cbac3f03cb
4077,2882,ac7de027-c78f-4369-b812-61e49bd69dd6,11ce5358-968d-4488-adc7-4c02ebba4b35
4077,2883,ac7de027-c78f-4369-b812-61e49bd69dd6,8eb40d9b-5b98-455f-8e24-ffed052c8da4
4078,2884,f38d18c0-4ef9-455c-838d-84b11a966763,f2ecf73a-82cc-4c5e-8ee2-198d8e6faa71
4078,2885,f38d18c0-4ef9-455c-838d-84b11a966763,bfe7b81f-27c7-46aa-95c8-5708312e0958
4078,2886,f38d18c0-4ef9-455c-838d-84b11a966763,3052e960-d51b-4d37-be7a-c63ac2ce68f0
4079,2887,604a611a-7f45-4f64-bd6e-30fcde1b2d8d,416ba511-f2c0-4cf1-9eb7-860c25bca012
4079,2888,604a611a-7f45-4f64-bd6e-30fcde1b2d8d,e0507f12-faef-4e17-b00d-31648f840a5a
4079,2889,604a611a-7f45-4f64-bd6e-30fcde1b2d8d,e72e2b51-12ea-4ead-9b93-7ab538b726cf
4080,127,276107f7-b0bd-4ff0-a9a1-e360c0dbc9a4,a4bfb22e-dd4f-479f-92cd-33d13908d1fd
4080,542,276107f7-b0bd-4ff0-a9a1-e360c0dbc9a4,628f7fc2-6221-4e2a-850a-39b7a08e200d
4080,2890,276107f7-b0bd-4ff0-a9a1-e360c0dbc9a4,9db321fd-8b35-4dd2-b37d-910d496b04e9
4084,2893,8caa67d4-85e3-4e8b-94f4-87fbb38f1dc9,81a87743-f7fd-427f-9234-e62114a64f30
4085,839,49b7c3c5-f324-461f-99b1-07018f9e8f92,75de45ef-a52c-439a-9fb4-034a8cb4b7a2
4087,2896,972b0203-a942-48e9-aa16-5b7124a20bd8,adbb91fb-822c-4520-b77a-e2aebe60f792
4088,286,f02637a5-f141-489d-9c45-7030dd9b3228,e3ac2526-812a-443c-9a31-79dac13cd0fe
4089,553,60dd7cf9-5555-4cf7-879b-c02dd74ed7c8,30a701ea-b521-4e0b-84fc-fd51ba36e636
4090,2897,a2bbaf5a-3bbc-4894-9424-0edcb48d2e35,5d773fe3-7ded-4e8f-a870-7f4124bb118f
4090,2898,a2bbaf5a-3bbc-4894-9424-0edcb48d2e35,dd65ef3f-1318-4372-9703-354915f21c41
4091,498,1b2b2796-99e1-4b7d-b28a-6b5cd1a95908,35435be0-57cd-4fe8-91b8-549f0b664590
4092,2899,2f96bf5f-c4a3-4926-96ca-286eec12e6ed,d539d235-2fa1-4d23-a247-c07dd63aac25
4093,30,c66fe0c4-83a3-49b9-bdd2-f2615dfb0a45,bb7aae1f-3441-4535-9c63-08bdfb39f8f8
4094,2900,e312ede1-71bc-40a9-9c8e-758dc5112cf1,f20a0040-884a-46ff-b222-f9235caaed23
4094,2901,e312ede1-71bc-40a9-9c8e-758dc5112cf1,5e410d3d-222f-46df-ace4-30908e2eccde
4094,2902,e312ede1-71bc-40a9-9c8e-758dc5112cf1,0eb58084-8b30-4d79-83af-78dab00ecf27
4096,2903,af7250ed-20c3-4561-8286-e98c815e027f,da58668d-7cfd-4ccf-9090-b711f6185590
4096,2904,af7250ed-20c3-4561-8286-e98c815e027f,65373679-b782-40e4-934e-3c3be5382ead
4096,2905,af7250ed-20c3-4561-8286-e98c815e027f,bdb7eebd-11b7-4ae4-a796-e91a64fcf0ba
4097,2907,b08bfe21-4ae5-420c-b601-de0ceba7e026,8b3a26dc-ba00-4275-8b0d-2a1ae5d53b0e
4098,651,7af86055-b8e9-49d0-9581-4ce4ca4596b1,4967f7bf-558a-4a21-b85f-36b25f077edf
4098,2908,7af86055-b8e9-49d0-9581-4ce4ca4596b1,c5ce4bd7-db4f-4048-aa4a-a9f281284d0b
4098,2909,7af86055-b8e9-49d0-9581-4ce4ca4596b1,e0d51336-c757-4a2d-a797-3e03a844fb0f
4099,2903,c77bd71a-d5d1-4cfe-889b-8ae50d4153bc,da58668d-7cfd-4ccf-9090-b711f6185590
4099,2910,c77bd71a-d5d1-4cfe-889b-8ae50d4153bc,cd1fd513-77b2-4f18-8e1d-a48a53f10e35
4101,127,792d7d32-06d5-455c-b7af-5a77a2bcd80e,a4bfb22e-dd4f-479f-92cd-33d13908d1fd
4101,2609,792d7d32-06d5-455c-b7af-5a77a2bcd80e,571e2e56-32a4-4148-9ef0-e39b339db30c
4101,2911,792d7d32-06d5-455c-b7af-5a77a2bcd80e,0d8d5e68-7cfa-40d8-96d5-0081df94b0a2
4102,1130,035c0c4a-5851-41b8-9ac3-71d68e4ef4d2,761efca6-c66c-4ac3-84e8-713633f5eb83
4102,2609,035c0c4a-5851-41b8-9ac3-71d68e4ef4d2,571e2e56-32a4-4148-9ef0-e39b339db30c
4102,2912,035c0c4a-5851-41b8-9ac3-71d68e4ef4d2,a0ac8a30-a2ac-4447-9666-f8307737cd3f
4103,2609,3fd835d4-77cd-44f3-abc1-96a0344dc382,571e2e56-32a4-4148-9ef0-e39b339db30c
4103,2911,3fd835d4-77cd-44f3-abc1-96a0344dc382,0d8d5e68-7cfa-40d8-96d5-0081df94b0a2
4103,2912,3fd835d4-77cd-44f3-abc1-96a0344dc382,a0ac8a30-a2ac-4447-9666-f8307737cd3f
4104,127,4e7d5704-ceca-4ae8-af49-bc87886bf8a2,a4bfb22e-dd4f-479f-92cd-33d13908d1fd
4104,1130,4e7d5704-ceca-4ae8-af49-bc87886bf8a2,761efca6-c66c-4ac3-84e8-713633f5eb83
4104,2609,4e7d5704-ceca-4ae8-af49-bc87886bf8a2,571e2e56-32a4-4148-9ef0-e39b339db30c
4105,2913,3f72769b-0d24-461d-a2db-83cb17cf08ba,287650b7-c5ca-4b25-9631-6ae5a19977f8
4105,2914,3f72769b-0d24-461d-a2db-83cb17cf08ba,4248ca7c-2959-4fb9-997c-68a7d7c5cfd6
4105,2915,3f72769b-0d24-461d-a2db-83cb17cf08ba,db87a27c-01e5-423a-b4f3-61226db939df
4106,2916,9f3de6c0-c876-4aa9-8ce7-814d7d23391c,4b34fa99-bcc0-41d3-9026-911eae7f839a
4106,2917,9f3de6c0-c876-4aa9-8ce7-814d7d23391c,f11e0f08-577d-42b9-bceb-f5ed950d61df
4107,2918,c5166100-2de2-46ac-89e3-ed66714c89dd,14c7c912-3ba5-45ab-aba3-0ab482009336
4107,2919,c5166100-2de2-46ac-89e3-ed66714c89dd,42da705f-8f99-45b5-9f2a-6794328abb82
4107,2920,c5166100-2de2-46ac-89e3-ed66714c89dd,26d8bea8-c6c0-48a1-9101-f17898306f27
4108,67,b2c9c3ee-4279-4d70-9ae1-f9eb4aafbbc6,f2095865-bbc8-408c-a50e-3a3a62630f2e
4108,2921,b2c9c3ee-4279-4d70-9ae1-f9eb4aafbbc6,dbc0eeda-743f-41ef-9246-2cc88ce3728b
4108,2922,b2c9c3ee-4279-4d70-9ae1-f9eb4aafbbc6,d554d8d0-1849-4ce1-a4ac-9acf33ea7847
4109,1385,5c138494-8f2a-471c-8f23-4cee60537f52,006662a0-d534-4e01-8676-aa184201d6b4
4109,1387,5c138494-8f2a-471c-8f23-4cee60537f52,7aaa74cf-e14e-4665-b1b1-9cc1b7106436
4110,2924,666789e3-a0a5-4b81-b6f4-67f51fb5adfb,91d972f4-05e5-4515-84d6-d0d6f6c178ba
4111,2925,5eacbce4-8cbe-4911-9a23-9d3e774fcf20,3da7533a-ebac-40ae-ac79-b1db58dded33
4111,2926,5eacbce4-8cbe-4911-9a23-9d3e774fcf20,a7e383a2-d32d-41d6-bdc2-276abe6c36fc
4111,2927,5eacbce4-8cbe-4911-9a23-9d3e774fcf20,43176226-f912-4b5c-9f54-dc2f32bd0faa
4112,2928,a5efc0f9-a1cc-4aca-b4d8-ccaa71425b98,2ca2ad2f-8eb3-4607-9185-ac307bf753b2
4113,2931,2ddaa88b-1abb-4530-b701-e75f2eba2f2b,f7a4ee0c-3d4f-4d45-a701-5d4a2ad531aa
4116,3954,664460b4-a05e-48c4-b836-683b5b819c22,7d66b4b7-7a70-4edc-b5b8-4db75cbea8cb
4117,1378,f3ac6bb8-5dad-42f0-8d34-30835502ea43,b96d31d6-18ec-4794-88d1-f39e5e6b5e66
4118,1119,52fab3a3-604f-46dd-9fe3-16a1b66a1f25,62780a7c-2a85-4876-8a5b-7a16e4c35123
4119,358,fc80b303-2442-4921-8e8f-1ef71f7579f5,5b699adb-8f15-4e24-a612-237554766b83
4119,1114,fc80b303-2442-4921-8e8f-1ef71f7579f5,1361e3b8-26c0-4369-b503-f69813941a31
4120,2932,08445a4c-5609-433a-b811-7f4b7bf7d00c,f62cace5-89e7-4a07-b4a8-9f2547bcdb80
4121,2935,42f5040d-675a-4bc4-ba78-c2752ffe6ca6,580c70be-15ae-4038-b824-0457c915cba6
4122,63,ba03ffc6-f5eb-4a2a-95d2-569db5117d84,0208d995-f6e9-4737-b0ac-a7a7fa78b756
4122,2936,ba03ffc6-f5eb-4a2a-95d2-569db5117d84,62ca07e0-b917-46ba-b950-8e1ed046890c
4123,1074,a425f204-2335-4769-9e00-3adca241831f,17d10333-ca52-41ac-aaa5-c0254ec018bd
4123,2906,a425f204-2335-4769-9e00-3adca241831f,f562a6ec-6b51-4fb6-afb5-52c7f1576e7c
4123,2937,a425f204-2335-4769-9e00-3adca241831f,c86e10f4-87d8-4ee0-9b70-3102d98b99b0
4124,2940,b0f47bdd-5e5f-44d2-90ec-acea00f861bd,43dad0bd-f98a-4521-9b08-79e266c8a1ae
4125,379,9592a29f-343d-4f2b-a9e0-5380f7baedc5,8ac51883-bdf5-4eb4-91a0-5596c4353a91
4128,2941,0faad755-4cc3-41c1-b733-5af2cc33741e,4fa8de4d-b99a-4829-9864-d829631d1acc
4128,2942,0faad755-4cc3-41c1-b733-5af2cc33741e,8f0cf7bc-2715-4130-9436-eaebfab18c07
4128,2943,0faad755-4cc3-41c1-b733-5af2cc33741e,c0230424-7261-4e32-89e3-bf31e1a0d5f5
4129,47,4acb5a56-ad69-4ef6-bd94-565272d5c5d2,d998dd61-a973-4192-b73d-f5961da87be9
4129,1119,4acb5a56-ad69-4ef6-bd94-565272d5c5d2,62780a7c-2a85-4876-8a5b-7a16e4c35123
4129,2944,4acb5a56-ad69-4ef6-bd94-565272d5c5d2,17532e1b-a336-4fae-90d3-ad8ae95de9d2
4130,2945,3936bbf5-5e1a-47ca-afee-f42392816f3c,43b0fb8f-0f33-4de6-83d4-9c3e595f268a
4130,2946,3936bbf5-5e1a-47ca-afee-f42392816f3c,84757f8d-1876-4061-8af8-fb704ad78900
4130,2947,3936bbf5-5e1a-47ca-afee-f42392816f3c,b2a3db6b-98af-479a-beb0-cf6e971b177e
4131,2948,370bef86-fc7e-4df6-8c37-58e79bf995cf,7ee46148-af3c-4d6d-b0d1-9ce0f6935057
4131,2949,370bef86-fc7e-4df6-8c37-58e79bf995cf,78372f2e-c91c-48fe-9a63-d4c9e017989a
4131,2950,370bef86-fc7e-4df6-8c37-58e79bf995cf,20a93fe3-1b5b-4e71-8fc5-ae184e220864
4132,985,108c55e5-4367-409c-aff9-08df9745770c,2c50ddd4-000f-4429-a256-3af34cf375dd
4132,1230,108c55e5-4367-409c-aff9-08df9745770c,aaee383d-5a28-447e-8fa0-73bf0d1fb7be
4132,2951,108c55e5-4367-409c-aff9-08df9745770c,fe7dd936-9860-4507-8b55-65bcfabcfac3
4133,2952,ef25b085-69a5-4991-a224-dddd0542c701,2ab5c3d0-81b7-4a3f-b235-a5040a7f85d9
4133,2954,ef25b085-69a5-4991-a224-dddd0542c701,e346c955-5e19-4502-b8fd-fa31f0ed460c
4135,2955,b161f4e6-bbf1-441a-beb6-7ec75c6d1a58,dde947e1-04a3-484c-9e35-fff965612870
4137,2956,a1d2310d-d85d-48b2-9ab8-9ac187fc0019,b0b6ec68-6013-4c19-952b-576d01a065ad
4138,739,51e0bde1-c197-4612-991a-d90d654ddfb3,62864994-5c16-4e36-aebe-c02a5a1cdf19
4138,2957,51e0bde1-c197-4612-991a-d90d654ddfb3,b82daee7-43bd-44a2-bd1b-e3ac4c833cac
4140,2687,acd73ac9-e593-4b36-ba6e-fc0b8d8a58fe,49402eef-4afa-4235-a59d-9c932d80b800
4140,2689,acd73ac9-e593-4b36-ba6e-fc0b8d8a58fe,adfc611a-6df3-453d-9d3e-ff40b08f3eda
4140,2958,acd73ac9-e593-4b36-ba6e-fc0b8d8a58fe,36a0fbe7-69d3-4b9c-b7d5-19fd028c715a
4141,732,67e69283-5036-4b4d-8774-0f34065f4aa1,6c3a9a9f-3df0-4580-ab61-b7fe0c40af7c
4142,2959,93ec7177-4d1f-49b8-a219-d7edd44f9e1d,f6d38864-28ad-47f6-b7b7-fc72c0555725
4145,2961,2d2a5ebf-babb-426f-986e-93d1b3959979,460c9b35-f853-44ae-b628-2d31b2d4bcf3
4149,2963,f37897e1-b845-485a-a2b7-ec221a3cb755,2661c39a-4cf7-44a4-9efd-0aff2a185559
4152,4215,b94d6c7b-d84e-4386-9d95-fe6e0e64b733,ae2715d6-98d4-428c-aee9-b2e0604e9e8a
4154,1115,9b19d9bf-d047-490d-b04b-6f7da27880a6,fd2dd3fe-6b97-4b85-9fd5-9c68b5df0347
4159,2968,f8a157e8-9bbe-4b68-9048-4a3e4c2e1513,3236d8f3-6151-46ef-92c3-e7cb01e16ce6
4160,2969,a5044d8b-e2b9-486c-a602-3675c5deb3ab,e625da88-3635-4063-a140-f737e40acef9
4160,2970,a5044d8b-e2b9-486c-a602-3675c5deb3ab,5adb15bc-1a6f-4297-b891-cd969bdce6ea
4161,3254,11185d79-f358-4ac7-ae89-0f7bf3b06893,bddc0f40-0bae-49ce-bc60-09871368e089
4162,732,7e5b9404-edb9-47ec-91d6-034ccd51a452,6c3a9a9f-3df0-4580-ab61-b7fe0c40af7c
4162,2971,7e5b9404-edb9-47ec-91d6-034ccd51a452,084c8bbb-780e-415d-a824-d32e0da91d88
4162,2972,7e5b9404-edb9-47ec-91d6-034ccd51a452,3ba4cb7a-7007-4055-b76f-b76e044ac123
4165,2973,79832eee-bbc0-4103-9798-4010c6c4e5d3,e9d76093-f259-44ac-87cd-ab725917f146
4167,4221,159b0eea-bc1b-4671-91ca-40719499e3fa,c221137a-8e0a-4add-a9ae-ba3ca6dbd4bc
4168,612,e8ea9157-f1d5-4aa1-8670-217710bab589,3a3a078a-b6ef-4e9c-a458-89c536f63d73
4170,2974,260e13c1-ee2b-4dce-9ca8-43a858f5517a,26a2c2fb-9c7a-482a-b341-48d6835abd14
4170,2975,260e13c1-ee2b-4dce-9ca8-43a858f5517a,a9a170af-13cc-416b-8628-8b9268f49ef7
4171,945,1debaaed-5e57-4c91-862f-4ba26e13aff2,19944a8e-e291-498e-a889-a03000dfaf87
4171,946,1debaaed-5e57-4c91-862f-4ba26e13aff2,040863f2-1420-412d-8f04-07667d341b9c
4171,2976,1debaaed-5e57-4c91-862f-4ba26e13aff2,4904fdff-f9d6-474b-9187-4768863bc56a
4172,54,447d23e8-2e95-4f59-87b0-1419cd5e5689,6904f673-d13b-47a1-9f39-a111bc52e1f4
4172,2977,447d23e8-2e95-4f59-87b0-1419cd5e5689,8ef119b8-fee9-4ccb-bb9b-bf8cd386a302
4174,2979,6d2f12ef-34ee-4cd2-8671-1addb2176346,e9fa91fc-1115-4c03-a65e-e681b4e79a10
4174,2980,6d2f12ef-34ee-4cd2-8671-1addb2176346,68c9bb4d-3bcf-4feb-9999-c0ec8f78c854
4175,2982,dd854d6c-ba3a-42ff-951f-32e199011ba2,086b6bdd-066b-4917-896c-5622dc88353e
4177,2983,ee772307-19d7-4d02-9243-b1289e347f4f,7333631b-cfda-4394-ad9e-4ada176c5322
4178,2983,a174922c-77dc-4968-8354-ceb572952a3c,7333631b-cfda-4394-ad9e-4ada176c5322
4178,2984,a174922c-77dc-4968-8354-ceb572952a3c,9a6d74a3-3a98-47f7-a719-331f668c1090
4179,2985,37db574c-7eac-4939-b52a-a9825a1f6f9d,c24450b8-be0f-4a50-a93c-67c8e77de527
4181,740,da393242-3fef-4321-a0fe-46b7df94ceac,a579d01f-da4c-48b6-bbf9-5cb02390d21c
4182,100,82b5e274-da2a-4029-a4ee-3a96db05457d,a54f808a-9c32-47a2-bec6-95f79626d5a0
4183,531,7cecadd8-d04d-444a-9363-d2464397a913,06a86285-29b5-4464-8d8e-3bc9b5a481a7
4184,2986,843425c2-f5e7-459a-87f7-a3958f3d58d5,de3b30b2-30fd-45fc-9ec5-0e05307430b0
4185,1027,156299af-bae7-4e5e-ad57-1e2662c6e516,d8521f76-539c-47a7-9260-53f8fa1a97a9
4185,1272,156299af-bae7-4e5e-ad57-1e2662c6e516,700d16be-70a6-4ab1-9577-d13ffc87dce6
4185,2987,156299af-bae7-4e5e-ad57-1e2662c6e516,2450de3e-f2d4-48d8-a496-47cd3c46ebe9
4186,2988,119a41de-217e-4f3f-b042-f6dc795b3166,16068375-3b47-48ba-bdac-c7728d331cd8
4186,2989,119a41de-217e-4f3f-b042-f6dc795b3166,732bab3d-8c58-4ed6-8a0b-97474b8d7be4
4186,2990,119a41de-217e-4f3f-b042-f6dc795b3166,dea5ff5f-69de-4fe6-8624-e0491fafd0a0
4187,732,0913067a-2958-425f-a7bf-57e65fd58082,6c3a9a9f-3df0-4580-ab61-b7fe0c40af7c
4187,2991,0913067a-2958-425f-a7bf-57e65fd58082,cf287dbc-2cc8-49a4-8390-ceae6d5f25da
4191,2993,40c733e9-c114-4ccf-b1fd-206b0488adab,37e3d6d1-22ae-455f-bcf3-1363a3955291
4193,2994,a461b549-c2d5-45f0-ad4d-14e2085bca22,90aad297-3501-4972-bed3-32f0d5e8a0ac
4194,2995,af701ed7-0730-41f4-bfc0-47f635d23f26,ce7ad0b1-5baf-4df9-9a79-47d687ac8a7c
4195,293,f67f11b4-17c8-4cc0-8481-5f6374eec037,64c3a0e3-6898-4fa4-ba60-221c8a151432
4196,2396,10fb6468-699f-400d-9f21-67ee2ada26da,8406ff88-7d4c-483b-af5f-67e2952f171c
4198,1129,e2e46038-84e9-4bb5-95c0-b42dc735e937,eebe1b5a-4daf-4933-88ce-29d8e80dbfb5
4198,1130,e2e46038-84e9-4bb5-95c0-b42dc735e937,761efca6-c66c-4ac3-84e8-713633f5eb83
4198,2996,e2e46038-84e9-4bb5-95c0-b42dc735e937,e602801d-7810-4edc-9347-a1005556b1a1
4199,2997,22bab275-5950-4242-b043-b21a64e73cd4,333cc708-acf6-4c57-97f6-4fd3c06a732d
4200,2998,04e19196-1814-492d-a3b2-5f8128dfcb0a,7d7f721f-a13d-49ab-951d-5bb17a05d908
4200,2999,04e19196-1814-492d-a3b2-5f8128dfcb0a,e30ebf3a-8afb-4a15-9b61-9d790a530d2b
4200,3000,04e19196-1814-492d-a3b2-5f8128dfcb0a,ef7b337b-bd0d-4eec-a3b1-4edf1f1eaf65
4202,3001,39202383-8531-423a-9b4e-ca81b5080b8d,745edb9c-a563-44d9-929f-7959dae8a51b
4203,694,96f07c35-5a2e-4824-a5fe-4a79f16ee256,30505053-153b-45ed-a2da-6d8599a8bb72
4203,2748,96f07c35-5a2e-4824-a5fe-4a79f16ee256,444428eb-1936-4a57-a180-9b3ad0adfa4b
4204,618,71efb104-dda0-4260-936f-582d7d5841fc,eda2b4cc-9f64-4135-bed8-eb3b4115ace6
4204,2736,71efb104-dda0-4260-936f-582d7d5841fc,06720d9b-7a1f-45a9-92cb-8503bf016a9f
4205,378,65a41b25-674a-42a2-8c7b-318a445aae87,53063713-2662-43d3-a6fb-0ad606d92625
4205,2395,65a41b25-674a-42a2-8c7b-318a445aae87,1471efa7-d501-43e1-945b-0dfdd615f852
4206,62,466bd8b4-460c-479f-9faf-555396b88029,662f0503-8928-4394-b8c4-6ecdcefe0581
4206,3002,466bd8b4-460c-479f-9faf-555396b88029,39461483-278a-4f30-bc66-f559dfc4e1d7
4206,3003,466bd8b4-460c-479f-9faf-555396b88029,1b1c6b3f-8dce-488f-ab3a-68dabf9d9e1d
4207,3004,9adfa6f8-728a-4d3c-bf44-7511d872f40a,985240ec-0380-488a-b84e-0c38943d7f7e
4207,3005,9adfa6f8-728a-4d3c-bf44-7511d872f40a,bc4b79d1-bf37-40d8-98c4-16901e237646
4207,3006,9adfa6f8-728a-4d3c-bf44-7511d872f40a,e6d595dc-ffba-498c-b928-34771313e722
4208,26,8a8ba7b0-b1d5-4413-9497-15f5df81037c,db34c8a2-a139-466e-9f33-e8fca9123462
4209,141,63bd1bb5-32f3-4a6c-a71e-dd87b5c7712c,72c404ea-77e4-4328-954d-539ba8d0fa64
4210,3007,9859b61b-8c49-4b4c-8999-3d9e9aa794fb,12e06435-3844-4b46-93f2-578279e97ef0
4210,3008,9859b61b-8c49-4b4c-8999-3d9e9aa794fb,54e5c7b2-c389-4c4e-9891-b0468fbf0ecd
4210,3009,9859b61b-8c49-4b4c-8999-3d9e9aa794fb,e778e887-525b-4a1e-840d-52767584a0fc
4211,2600,1aaeab13-0f35-403b-9a89-58b2fc206679,cf91002e-354c-4082-ad81-15c76605d76e
4212,225,cdbf5c44-7984-4d28-a076-7596e6b82093,236df2a9-461f-46f0-990f-a4cd1488023a
4212,816,cdbf5c44-7984-4d28-a076-7596e6b82093,d7eba01a-2e29-48e9-8355-f2e95103671d
4213,3010,6408b0c5-735c-45ce-bcd7-4fa68e5f6906,e3649705-57e2-4ae6-a895-32bf583126ec
4213,3011,6408b0c5-735c-45ce-bcd7-4fa68e5f6906,9c795c36-53f0-4842-a5c8-98c938aef0b8
4214,3012,e75cbcf8-821d-42f9-9717-5704e00feda2,297a5840-47ab-4232-a56d-37aedfe9c0fd
4215,3013,6f1cc7e1-1044-486d-a400-82a9b3c18335,894bea95-39bd-4733-8ed1-2ac7834c420e
4217,3014,84e01483-cb51-4e83-b2bb-fe175a0cb80d,2ff26d04-b5d6-4b12-b6cc-1244f68a4ebb
4218,354,07d0bedb-0867-4968-bc1e-7a5825a29890,03f2b68f-01b6-468a-990a-b850073a31ce
4219,288,fc39a7f5-da73-47c6-be8b-51384d13c73a,9bda5357-bd7c-49c2-b6b1-648817e0b7e7
4220,1115,b6bf4933-e7d6-4596-9daa-18de32cfd885,fd2dd3fe-6b97-4b85-9fd5-9c68b5df0347
4221,1115,5f561e78-ce05-47f6-b942-12de8e13c11b,fd2dd3fe-6b97-4b85-9fd5-9c68b5df0347
4222,288,7f7e83e6-1fe4-40d9-a1ce-bae35f933ba6,9bda5357-bd7c-49c2-b6b1-648817e0b7e7
4222,3015,7f7e83e6-1fe4-40d9-a1ce-bae35f933ba6,8cc4b59d-0759-49f2-9e14-2c9a5a95426d
4223,3959,08368c3c-7bce-469c-8e99-f09a36827e56,dd9302ec-4cf2-48b4-b396-b8547722823f
4224,3016,281c07f6-de89-4df8-8afa-0765be4ab276,c2c74492-4d8b-4d7c-96cb-26caea4500ef
4225,3018,eb7ac7a1-ac1a-4ca2-a172-ef50f0326dee,6559b051-c6cd-437e-9bec-92d9a1ff8bcd
4226,3019,d874a9b8-d5ef-4e08-8836-de4ee12c7826,b7852781-410c-400d-9588-9c309e28443c
4227,3020,834f85c7-4bb4-49ae-9e76-6df67ed92ea3,9d1ec11f-51b2-4d3a-a062-509ce59d5bc8
4228,2398,40c3cddb-8f82-4930-8fef-ad6900961e57,2235d9e4-6b18-4bc3-8059-6b4efad75439
4228,2677,40c3cddb-8f82-4930-8fef-ad6900961e57,0f39beac-a267-425f-ac83-6b14fedc5724
4230,3022,c89ad6f5-9212-41c0-8362-95cd85fc7616,3af60765-87ec-4e83-a1fe-f31518c482e9
4231,108,a690766e-ec09-4135-9a24-2b41bce464c6,5f7be770-3356-41fb-aaf4-fc7d50c2ee26
4232,3023,08a87ec4-a5ab-4f72-b5aa-441322c59325,62a21fc9-b27b-4f4c-8b8e-59e971abae50
4233,712,d9c918d3-75f6-4c0d-aef9-595dbcb4865e,09b3ef83-440d-4add-b45d-03ae97bc3816
4234,791,dcbc0b16-8123-414f-a809-85a39610f61d,f160cd4e-ee81-486e-a518-afd6bdd6bb29
4234,3024,dcbc0b16-8123-414f-a809-85a39610f61d,76679a9a-0e4a-4bdd-98ca-6abf4a0411f1
4234,3025,dcbc0b16-8123-414f-a809-85a39610f61d,0454e120-da1b-4732-8d2b-3aeee955206e
4235,3026,dc432f8f-4157-4444-98da-2fd8c4e6fe12,85e91f8b-d9b9-407e-a9d0-08566d8b7e0e
4237,3027,0c82c340-7238-4729-b14a-4f3129df06ba,1ca327e0-999c-4937-925d-63b0efe7503a
4238,42,e188d4b0-f10b-4bd1-8428-8b5bb7cb6122,cfa14c6c-9829-4453-a196-6fc21351ee4c
4239,2901,310bca06-fdd2-4f4a-ae22-34579f13de3e,5e410d3d-222f-46df-ace4-30908e2eccde
4239,3028,310bca06-fdd2-4f4a-ae22-34579f13de3e,318acbb4-5d92-4159-9f44-b41ccdcce623
4239,3029,310bca06-fdd2-4f4a-ae22-34579f13de3e,d6c304ac-bb11-47b1-bc35-be139ca6b3b7
4240,2901,97a77d2b-1a47-4326-a13c-a29289654dac,5e410d3d-222f-46df-ace4-30908e2eccde
4240,3028,97a77d2b-1a47-4326-a13c-a29289654dac,318acbb4-5d92-4159-9f44-b41ccdcce623
4240,3029,97a77d2b-1a47-4326-a13c-a29289654dac,d6c304ac-bb11-47b1-bc35-be139ca6b3b7
4241,2901,9a5780e5-2210-44fb-b1b1-326631e37552,5e410d3d-222f-46df-ace4-30908e2eccde
4241,3028,9a5780e5-2210-44fb-b1b1-326631e37552,318acbb4-5d92-4159-9f44-b41ccdcce623
4241,3029,9a5780e5-2210-44fb-b1b1-326631e37552,d6c304ac-bb11-47b1-bc35-be139ca6b3b7
4242,632,42e2cfe2-9bb0-4ee9-87a9-7e83182e3bc1,d0126db5-77b6-4773-b244-ce6f149ed884
4243,211,2d7dba52-8dbf-4e3b-9202-5019ab8f675f,82b6750f-cef7-4337-a378-bcbf6aaa3530
4244,3030,605d940a-e7b6-4d1a-9943-510eb9bde1dd,d3ea66d6-55f4-465f-a77e-00c97dddda12
4245,3031,32e934d5-f1d4-4acb-ae2a-b3c7a536925e,d7726cbb-22a7-442c-ab28-177eda57319d
4246,3032,286e77ed-5e8b-435a-a10f-a9f14071b700,7278c970-b222-4190-9a4e-9fd537b07096
4247,3033,cf8a7538-5000-421a-a4ec-d0689a2309b9,b1f2edaf-ad10-4d61-8453-9914cd3b45d0
4250,2549,f22a14aa-bcad-4317-9a97-01ed082e1433,b014195c-9ef6-4c22-9d40-50245024142c
4251,3035,d455b942-0c54-46e6-af34-006894edf329,0e8f2964-7694-4382-b69b-f09e0e7db37f
4252,3036,1af02fe8-9d8b-4454-906f-da600947d147,b0a24e8c-0441-4835-bd31-6c158f3c7a46
4253,3037,cfdadf2c-c9fe-42f5-b907-09ceb6fc8572,3bbdb579-34ff-4c98-91b9-f39df3321aba
4254,3035,241551e4-5954-4dec-af64-a8c17aebc35e,0e8f2964-7694-4382-b69b-f09e0e7db37f
4254,3038,241551e4-5954-4dec-af64-a8c17aebc35e,1b225d92-2445-44f1-9c1f-3e988c02b6d7
4255,378,a52ce4f2-f2ac-452c-8f90-bb5511b9a0bd,53063713-2662-43d3-a6fb-0ad606d92625
4256,3039,8c4aab1b-2db5-45dd-a177-15385c80e8cc,896bdde9-369e-45a3-9bd9-32283b5918c1
4257,3039,0e47fa61-9d66-4b89-a4cb-8f932fce3b84,896bdde9-369e-45a3-9bd9-32283b5918c1
4259,3039,85aa429d-7dd7-429b-bbbf-a90865f9c4b0,896bdde9-369e-45a3-9bd9-32283b5918c1
4260,378,c149c030-e8f6-4f76-a68d-52f386eeb2d8,53063713-2662-43d3-a6fb-0ad606d92625
4261,2549,89c3e59b-e251-4b48-b944-ec9da6b3f6a0,b014195c-9ef6-4c22-9d40-50245024142c
4262,3933,ae6379ef-7f83-408d-b388-85f8e43ad205,6e1339cf-6331-4917-a4b1-0975df526b80
4262,3934,ae6379ef-7f83-408d-b388-85f8e43ad205,9464af2c-5bf0-4783-9aec-407502567bcc
4263,552,5761e648-be2a-4d8d-9208-aba9b440ee2c,997f25f3-ef92-454a-981e-123cea1cab32
4264,791,21cb92d7-6964-4d89-b8a8-aa6ba0e8880a,f160cd4e-ee81-486e-a518-afd6bdd6bb29
4264,3040,21cb92d7-6964-4d89-b8a8-aa6ba0e8880a,4277ed10-510f-45c0-974b-61322593b9c6
4264,3041,21cb92d7-6964-4d89-b8a8-aa6ba0e8880a,e6c3f0ba-ccf5-4d0f-abf1-2e6bf005ac4d
4265,790,1256a3fd-4294-47ca-a89b-81db76d21ee8,80c35c34-6d46-416f-a6f1-8394493076ef
4266,196,7beec701-ba08-4a3c-bd5a-adce3ff9e00f,80e331fb-4234-4bf8-8b11-4005e5463dff
4266,791,7beec701-ba08-4a3c-bd5a-adce3ff9e00f,f160cd4e-ee81-486e-a518-afd6bdd6bb29
4267,2523,590a7d79-ade1-4807-9e85-22d1a5d7f2ee,96d6c898-2406-4268-9c2b-8f704a9e1160
4268,3042,7030274c-3a99-4beb-97f4-7acf2c9d7b4e,935dceb4-e002-4c7a-92f0-ebca0392a8f8
4269,3043,6879419e-fa00-4292-85f4-ec95101ddeaa,3e982618-87e6-4272-9d19-bb92f3f84d34
4269,3044,6879419e-fa00-4292-85f4-ec95101ddeaa,c200a6be-96ca-426e-a724-340dee4f7cf2
4271,3045,59536cef-2253-4de3-b08b-a2f3b61017e2,82f211ce-f998-4974-b54e-5396c3ad1aae
4272,775,b69ae572-1ff7-419d-a8b0-a3e8180aa1d5,1616c04c-0767-491b-8271-f2445d9fdc67
4272,3046,b69ae572-1ff7-419d-a8b0-a3e8180aa1d5,95941c38-ae0b-438b-97bc-640981c48ee4
4272,3047,b69ae572-1ff7-419d-a8b0-a3e8180aa1d5,fd259822-2ffd-45f5-97fa-871f7e70788e
4273,3047,d279c87c-63e9-4d9e-9be0-1f2a3a30c32d,fd259822-2ffd-45f5-97fa-871f7e70788e
4273,3048,d279c87c-63e9-4d9e-9be0-1f2a3a30c32d,2af482c1-e203-49a2-a786-175f1d8ae90f
4274,3047,ce825ece-ceaf-446a-b218-4b4377a25fdb,fd259822-2ffd-45f5-97fa-871f7e70788e
4274,3049,ce825ece-ceaf-446a-b218-4b4377a25fdb,a2b2309e-666c-41e2-896b-6db3eba77f14
4275,3050,0a2864e0-61da-47eb-8671-0a09568670ea,d014c301-ef9e-483e-bc16-c00073662021
4276,3050,c80d0a56-e6d1-4a36-bb8f-90a6f0bc590b,d014c301-ef9e-483e-bc16-c00073662021
4276,3051,c80d0a56-e6d1-4a36-bb8f-90a6f0bc590b,f1d654e6-873f-48da-a2f4-55835c8003e3
4277,3050,e36acd1c-8eee-401d-bde5-98e88dcf5d6d,d014c301-ef9e-483e-bc16-c00073662021
4277,3051,e36acd1c-8eee-401d-bde5-98e88dcf5d6d,f1d654e6-873f-48da-a2f4-55835c8003e3
4281,3053,229bd794-9ba3-4887-9598-62cc79c88ae1,c678ca00-bdbc-4b6b-9e9b-f28e6b145cc0
4281,3054,229bd794-9ba3-4887-9598-62cc79c88ae1,c87157a4-78b9-488e-9a61-a641bda59c8c
4283,552,f2fb4d0a-e9e5-4dbb-9d8c-8c29e069c5c4,997f25f3-ef92-454a-981e-123cea1cab32
4284,479,17e27ada-6f4e-46e8-b432-4230335901ab,3b73d655-2604-4232-a7d2-43995bab7677
4284,2514,17e27ada-6f4e-46e8-b432-4230335901ab,6013ebdb-53f2-4cda-8304-7a1cc628ef1b
4284,3056,17e27ada-6f4e-46e8-b432-4230335901ab,95feeff6-a26e-442b-9ed3-fb96d794a12c
4285,1134,fc9bc49a-044c-409b-b0ca-60a6a76153ea,ec1d654f-c386-484f-8744-70c0b30879f9
4285,3057,fc9bc49a-044c-409b-b0ca-60a6a76153ea,a74de962-eab8-4537-85c0-bf6f1449983d
4285,3058,fc9bc49a-044c-409b-b0ca-60a6a76153ea,d2a21aa2-bba9-4b50-9b10-5bf43b4345db
4286,3059,0be202a5-b611-4544-9c3e-c40eaadc2aeb,41124176-39b1-4cc0-b8f4-46ab2828c33e
4286,3060,0be202a5-b611-4544-9c3e-c40eaadc2aeb,12b4245a-537b-4255-af6b-c64dcfe04196
4286,3061,0be202a5-b611-4544-9c3e-c40eaadc2aeb,9aa9dd1d-e37c-48e9-a1fe-558bc30c1e1c
4287,623,4e01eb41-985c-4fa4-b593-311ac424c99e,e0eddcd2-cb83-4399-8650-33501392181a
4287,3062,4e01eb41-985c-4fa4-b593-311ac424c99e,ead67e93-db20-4404-befd-521d25a31081
4287,3063,4e01eb41-985c-4fa4-b593-311ac424c99e,134cc89b-0bb0-4400-87ba-26d6d6a1160e
4288,3064,68092ecc-e938-4abc-a4e3-f16af331bd16,3e3bd31a-76e1-4313-8831-0b04b739935b
4290,2472,4b2b0e26-395f-4e69-8dce-3c29cc5b3ad1,ae8bdf9f-8cfb-4cb0-8a0e-06674d1d39f5
4290,3065,4b2b0e26-395f-4e69-8dce-3c29cc5b3ad1,99e3033c-6d01-4cc9-bfe8-22da28760530
4290,3066,4b2b0e26-395f-4e69-8dce-3c29cc5b3ad1,6e97ee56-e367-43d7-961e-40162df6a467
4291,3067,957dcf4a-1ab0-4c34-8b1f-94fe608a04a3,153dc41f-625a-4aad-b256-9038c833af56
4291,3068,957dcf4a-1ab0-4c34-8b1f-94fe608a04a3,19d06443-59bf-4e97-9804-7066bcd14130
4292,3069,0f444f1f-97d7-4ba2-82cf-c07ee8651b2d,67aa6aed-0d4b-4a8a-9e5d-be031e8123c5
4293,838,58da1461-ec13-46de-a21e-86dd1c0071f5,5b3da0ad-dbe9-4615-a938-7587c066331c
4293,3070,58da1461-ec13-46de-a21e-86dd1c0071f5,54ad7e73-63ac-40d9-8f3b-94529d6f3a3d
4293,3071,58da1461-ec13-46de-a21e-86dd1c0071f5,7f0672dc-9af8-45bc-95d9-cf1d1ec1f2e5
4294,4189,5767caac-49c1-4dcf-a224-07d372fcc921,e5fb2d05-0231-40e3-9db2-670c3f68f398
4295,3072,6fd0c8b0-c777-4080-86d8-384fce8fc191,563613ae-ddd9-4bcc-9564-c91b61a5e5bd
4295,3073,6fd0c8b0-c777-4080-86d8-384fce8fc191,ce3f107c-8989-4c1f-b638-9813db6fdc22
4296,108,f02dd5f6-16cd-4351-8751-77da81128176,5f7be770-3356-41fb-aaf4-fc7d50c2ee26
4296,907,f02dd5f6-16cd-4351-8751-77da81128176,7253e57c-c620-45b5-bf50-8e221811e35b
4296,3074,f02dd5f6-16cd-4351-8751-77da81128176,bbb67776-ab45-4e6f-9c67-8c7ef18b79e7
4297,108,c8736208-6d4b-4e21-91ee-5428243c8752,5f7be770-3356-41fb-aaf4-fc7d50c2ee26
4297,907,c8736208-6d4b-4e21-91ee-5428243c8752,7253e57c-c620-45b5-bf50-8e221811e35b
4297,3075,c8736208-6d4b-4e21-91ee-5428243c8752,c533f988-c771-4160-8902-f373abbb4b2e
4298,3076,1d735b32-d6cb-42b4-a0d9-92c6306584b9,04b22bf7-6eb4-42cc-93ac-c7f982a0fe98
4298,3077,1d735b32-d6cb-42b4-a0d9-92c6306584b9,1be6b59d-5ddb-4cb5-b868-a92dc26e8d49
4298,3078,1d735b32-d6cb-42b4-a0d9-92c6306584b9,f7b5e89a-c7e3-4a6c-abd4-12689b37b4c3
4299,3079,fe4ddaef-9c36-407b-ba95-3602791cfe14,245938c7-2af1-417f-a21f-0fa0c2ec59ea
4299,3080,fe4ddaef-9c36-407b-ba95-3602791cfe14,e28a2ee7-c7b4-47d7-a509-63ec6df13446
4303,739,f67d7f3e-e170-4f01-87ef-8773b8a961a4,62864994-5c16-4e36-aebe-c02a5a1cdf19
4304,3081,da82050d-a9f4-49f3-bfa1-7a93cf1711ff,702d22ac-eb8a-4218-9749-7fb667a7ba8b
4305,1343,99e75f07-d3d2-45ee-b2ae-a8d730c475e1,6459558f-3188-4b94-9f00-84f4f824e077
4307,455,68ea2946-59bf-4613-bd91-e65cf210a402,812054c3-3114-4f5f-b7d3-f4e6d63de342
4308,455,41dd699f-3a6e-4f92-9928-05631f00a7c4,812054c3-3114-4f5f-b7d3-f4e6d63de342
4308,490,41dd699f-3a6e-4f92-9928-05631f00a7c4,4544b952-a346-491a-8471-3549f7f2f288
4309,3936,76504073-c096-4eb7-b091-cbce27821507,6d6b5be4-1c22-4b92-aebe-20e6a04adc90
4310,3082,0c5d2be1-ab1a-4910-a4c9-d01d20fea634,6e0b48a4-35a7-4569-9c1a-04e801d5d91d
4312,3083,64024ce3-8bb9-49c2-a2bc-ff2204d18310,3622c1b5-0854-45fe-8d0b-2efbfe667e56
4313,3025,13c907e7-0504-4aba-8818-5e01f89f5489,0454e120-da1b-4732-8d2b-3aeee955206e
4313,3085,13c907e7-0504-4aba-8818-5e01f89f5489,46194168-d73a-4f84-9c4c-9abf0ebc48c6
4314,4120,3a725f61-1824-4e8d-9c59-a7a0b202db75,0b7d7cc0-055d-4b8a-8ea5-d7c8b3d0f52b
4315,3086,31d31bbd-c79f-4ede-8f19-01a995367e64,25bddd10-95ec-4be6-96fd-bcf574ed1dcb
4316,3087,c1d42069-d87d-411b-bc98-392a70bc57c9,83fa46d6-4340-4395-b08d-2ed2d2708042
4318,1387,5f394156-048f-4ba7-8c9f-3823e67215a8,7aaa74cf-e14e-4665-b1b1-9cc1b7106436
4318,2923,5f394156-048f-4ba7-8c9f-3823e67215a8,673fac45-b600-4dc3-bc37-4d783ade16b7
4319,3088,17b403c7-3628-491c-941d-488922efff34,cbbe35ac-b5ad-4f6d-b699-ba4c0c5aed4b
4320,3089,b9f087ec-6ecb-4694-9384-5676d28017ad,0614ddae-8120-40bc-b0aa-b53b1085ed48
4321,3089,3081e961-0b92-4c62-b30f-b137616ffbdd,0614ddae-8120-40bc-b0aa-b53b1085ed48
4322,3089,e168e49e-033f-483e-a8c9-d509846e3853,0614ddae-8120-40bc-b0aa-b53b1085ed48
4323,3089,6421e738-4c78-4e5d-966c-2ae41392dd7f,0614ddae-8120-40bc-b0aa-b53b1085ed48
4324,899,9841cfd0-1a1d-4e09-bee8-502509c485e7,9ae635d9-dfe8-4302-92d2-bf41bc6032e7
4325,899,52648e68-b24f-4371-8bdb-ce11a77d2a8f,9ae635d9-dfe8-4302-92d2-bf41bc6032e7
4326,899,f7f477d1-484b-4d13-a0a5-e41571ed7d7f,9ae635d9-dfe8-4302-92d2-bf41bc6032e7
4327,899,f9a6d8a2-63ee-46b4-bbf3-58f4bd125137,9ae635d9-dfe8-4302-92d2-bf41bc6032e7
4328,899,7530d55e-e81e-4e12-ad84-93ae007a9c8e,9ae635d9-dfe8-4302-92d2-bf41bc6032e7
4330,899,13896aeb-a450-4bcc-b4a1-1a8b0ffa99ab,9ae635d9-dfe8-4302-92d2-bf41bc6032e7
4331,899,6e014729-809b-486b-9c41-82e2befd3953,9ae635d9-dfe8-4302-92d2-bf41bc6032e7
4332,57,f5d9ce97-71d4-465c-aa40-914f5ca05888,1598e550-b8aa-4dec-bc55-e601a99eec75
4332,899,f5d9ce97-71d4-465c-aa40-914f5ca05888,9ae635d9-dfe8-4302-92d2-bf41bc6032e7
4333,30,9ecbbcb2-14e1-4784-a023-8cfd6a129d7d,bb7aae1f-3441-4535-9c63-08bdfb39f8f8
4334,899,2c8cbaf2-d601-43b4-8b25-635baa4ccfe4,9ae635d9-dfe8-4302-92d2-bf41bc6032e7
4335,899,f5c26607-33f9-419e-a7f0-81221e6f423d,9ae635d9-dfe8-4302-92d2-bf41bc6032e7
4336,128,5bbf26a3-8841-4d63-9d40-dd95aaef4358,16ba28df-8e3b-4176-bf27-a06ee421c13f
4337,128,e8568b76-4f45-4662-a25e-8fcc9ca8ba18,16ba28df-8e3b-4176-bf27-a06ee421c13f
4338,128,838444be-85f4-4bde-8653-62354a87fc5d,16ba28df-8e3b-4176-bf27-a06ee421c13f
4339,128,09d0bbe6-1174-4280-8813-068e8b864826,16ba28df-8e3b-4176-bf27-a06ee421c13f
4340,128,4d73730f-a671-4c68-be60-1240842e9195,16ba28df-8e3b-4176-bf27-a06ee421c13f
4341,128,b88845ce-81e7-4c71-baaa-953346f1aa85,16ba28df-8e3b-4176-bf27-a06ee421c13f
4342,128,59a506e5-d377-4a41-af36-b5844cc4069c,16ba28df-8e3b-4176-bf27-a06ee421c13f
4343,128,0198490f-a500-482c-963a-12933883c98e,16ba28df-8e3b-4176-bf27-a06ee421c13f
4344,3090,9404a59e-2e6c-46aa-b97c-804df4c26448,87098658-2133-429a-a3b8-104c4e511779
4345,3090,ccacceb1-89fd-41d9-b7c9-8bbfd7091abd,87098658-2133-429a-a3b8-104c4e511779
4346,3090,f818683b-f137-4c44-99dd-2f5177801943,87098658-2133-429a-a3b8-104c4e511779
4347,1119,84d104d3-190c-424b-9d2e-592d18c8b4a1,62780a7c-2a85-4876-8a5b-7a16e4c35123
4347,1154,84d104d3-190c-424b-9d2e-592d18c8b4a1,22a737be-e693-4a11-9b1d-e33b31382f2a
4348,3091,900f1bcb-8071-41eb-803b-0515ef5baa26,1e9f233f-70e3-44ee-83bf-1ce2194bba49
4351,210,a31abce2-1fc3-49b3-9702-2cd82287c3a9,a43b4f36-2068-42b8-839b-a71b37ac1a7c
4352,1344,7d2cc83e-62da-4393-a04b-c91c9888f2f5,0bd1eef1-a3ca-4af1-b6a1-24ed3b366dc7
4353,1064,1707eeee-de22-4a92-9450-cdfc7a302f20,f9569040-b0c5-4efc-9f72-024792303187
4354,3092,ec7937e6-908a-4510-a610-1e361ea0c8ad,f971e8a1-0769-4dba-8df9-872e3a171f58
4356,1012,67cb08bb-1477-44cc-8912-46de1a14a83f,079e317c-0c77-4dc3-9a68-53b10a7bfdb3
4357,2496,f19a1801-8b8e-4dde-920a-679fb5850948,6a0b61d6-997f-434f-abb6-3b3451d34b13
4358,2496,91990c2c-53a8-48bd-a7e5-98fb407da4ce,6a0b61d6-997f-434f-abb6-3b3451d34b13
4359,2496,e7c4dd65-4edf-430e-9ca1-470b449bc9ef,6a0b61d6-997f-434f-abb6-3b3451d34b13
4360,2496,adb0c2f9-b1e7-4607-892d-bd2f412f0ad1,6a0b61d6-997f-434f-abb6-3b3451d34b13
4361,2496,e54b94de-2cbd-4f11-a42c-ecd7a15915a8,6a0b61d6-997f-434f-abb6-3b3451d34b13
4362,2496,0e6eb4df-741b-40a9-b01c-e21d6c8aef21,6a0b61d6-997f-434f-abb6-3b3451d34b13
4363,2496,5a1f0686-a4e1-4971-a0bd-ae08aadabb59,6a0b61d6-997f-434f-abb6-3b3451d34b13
4364,924,f26c28fc-fd0f-46f3-be71-219cfec975e0,cac4be0d-1689-4a78-b704-901d6ec9b1d9
4365,254,95e9cbdd-e676-4d2b-b924-cfce94d7c69d,1a0ce20d-61f0-44ed-955c-0419262fd302
4365,799,95e9cbdd-e676-4d2b-b924-cfce94d7c69d,0db19440-f5bd-4361-9f72-ef22ca18d691
4366,3093,168621f7-cee8-49c5-a36e-5767171b1a9f,c8c1cace-e99d-45ed-9e7d-c0da65d03526
4367,1039,4cea41a0-bd37-4e44-9406-d30cb269aef5,4a9d4730-80d2-4b65-846b-781630f85fbe
4368,254,14e40abb-5210-4f09-b6c8-708471a5c50e,1a0ce20d-61f0-44ed-955c-0419262fd302
4368,763,14e40abb-5210-4f09-b6c8-708471a5c50e,fe191893-26a1-4ac8-872f-58cb463124bf
4370,3094,639f0021-b97b-47fa-812d-43217cc7fcb6,a79ec216-b666-4983-9103-750b8439c494
4371,3095,6d8d89d9-fe7f-455f-8882-757136482a98,58bdd7cc-54cb-4001-ad32-1123c448f909
4372,616,c33f0883-5fc8-478c-b22f-9fe8edad0f15,46781d1e-984a-47ba-9aea-15458ac41ffd
4372,617,c33f0883-5fc8-478c-b22f-9fe8edad0f15,c94cabe2-f8ef-4521-93d9-b05def25e432
4372,618,c33f0883-5fc8-478c-b22f-9fe8edad0f15,eda2b4cc-9f64-4135-bed8-eb3b4115ace6
4374,3097,f2988674-59d2-4746-9b05-9c733caec072,0e22e7a9-a41c-475a-b885-1dd7bd006a9c
4375,3098,f769cce0-b1d0-4015-9db2-c207b978f31d,346fa3a9-378b-4ee7-81fb-3ebfe767fb2e
4376,3100,278c69cc-7b43-4a5f-9caf-b5cdcb675785,f5f84f9d-ece9-48b4-92de-fa60cb7aeb7c
4377,782,356dff60-434e-4f05-bfcb-1672c0b8e3cf,69d44ce5-79a0-4f75-abb8-07232d98141b
4377,3101,356dff60-434e-4f05-bfcb-1672c0b8e3cf,7e4e79ff-d932-48e4-b9a8-058309b15ec2
4378,338,3a7fca36-87a8-402c-817c-02d119fc69bd,9adac9b4-48d3-4a9f-92d5-1ff1005b8272
4378,3102,3a7fca36-87a8-402c-817c-02d119fc69bd,a47aaabd-1774-422f-9603-96b0226983db
4379,671,154b1cd8-6283-4a77-8739-da790b621917,4676d628-1234-432e-b491-0da980bcf022
4379,672,154b1cd8-6283-4a77-8739-da790b621917,9ea447cb-1034-49e7-aa21-b1b4a45fbe72
4380,782,9c3af3fb-d002-4ce7-a496-9e1d29264146,69d44ce5-79a0-4f75-abb8-07232d98141b
4380,3104,9c3af3fb-d002-4ce7-a496-9e1d29264146,1cee862c-b2b0-47e3-a302-7a0813ab46b2
4381,254,45df1401-a4a4-4fba-bfa8-6dcb85e7c2bd,1a0ce20d-61f0-44ed-955c-0419262fd302
4382,3105,349c118a-c1d6-4248-943d-133fc9f221d2,fa7bbeee-c915-440a-bcd0-b17cc1a62119
4383,616,c3821e3c-5fd1-41e7-afdb-f739197623be,46781d1e-984a-47ba-9aea-15458ac41ffd
4383,617,c3821e3c-5fd1-41e7-afdb-f739197623be,c94cabe2-f8ef-4521-93d9-b05def25e432
4383,618,c3821e3c-5fd1-41e7-afdb-f739197623be,eda2b4cc-9f64-4135-bed8-eb3b4115ace6
4384,616,48200d69-764a-4298-ac50-17f36e61115c,46781d1e-984a-47ba-9aea-15458ac41ffd
4384,617,48200d69-764a-4298-ac50-17f36e61115c,c94cabe2-f8ef-4521-93d9-b05def25e432
4384,618,48200d69-764a-4298-ac50-17f36e61115c,eda2b4cc-9f64-4135-bed8-eb3b4115ace6
4385,616,b6aedaa1-c221-4956-a0f2-f8c2980a5efc,46781d1e-984a-47ba-9aea-15458ac41ffd
4385,617,b6aedaa1-c221-4956-a0f2-f8c2980a5efc,c94cabe2-f8ef-4521-93d9-b05def25e432
4385,618,b6aedaa1-c221-4956-a0f2-f8c2980a5efc,eda2b4cc-9f64-4135-bed8-eb3b4115ace6
4386,616,504b3885-b746-4506-ac6f-012fd67502ea,46781d1e-984a-47ba-9aea-15458ac41ffd
4386,617,504b3885-b746-4506-ac6f-012fd67502ea,c94cabe2-f8ef-4521-93d9-b05def25e432
4386,618,504b3885-b746-4506-ac6f-012fd67502ea,eda2b4cc-9f64-4135-bed8-eb3b4115ace6
4387,616,03380b32-d647-4292-9c7a-01eec35efaf7,46781d1e-984a-47ba-9aea-15458ac41ffd
4387,617,03380b32-d647-4292-9c7a-01eec35efaf7,c94cabe2-f8ef-4521-93d9-b05def25e432
4387,618,03380b32-d647-4292-9c7a-01eec35efaf7,eda2b4cc-9f64-4135-bed8-eb3b4115ace6
4388,616,7b2679c8-dbb2-4293-ad68-00791381f8f0,46781d1e-984a-47ba-9aea-15458ac41ffd
4388,617,7b2679c8-dbb2-4293-ad68-00791381f8f0,c94cabe2-f8ef-4521-93d9-b05def25e432
4388,618,7b2679c8-dbb2-4293-ad68-00791381f8f0,eda2b4cc-9f64-4135-bed8-eb3b4115ace6
4389,616,ef899e71-671f-4ff2-969e-e31387ba49bc,46781d1e-984a-47ba-9aea-15458ac41ffd
4389,617,ef899e71-671f-4ff2-969e-e31387ba49bc,c94cabe2-f8ef-4521-93d9-b05def25e432
4389,618,ef899e71-671f-4ff2-969e-e31387ba49bc,eda2b4cc-9f64-4135-bed8-eb3b4115ace6
4390,616,093a3435-8f26-425b-8bca-33e08102d207,46781d1e-984a-47ba-9aea-15458ac41ffd
4390,617,093a3435-8f26-425b-8bca-33e08102d207,c94cabe2-f8ef-4521-93d9-b05def25e432
4390,618,093a3435-8f26-425b-8bca-33e08102d207,eda2b4cc-9f64-4135-bed8-eb3b4115ace6
4391,616,234b50b4-91cb-4f7c-a849-da67ba80f117,46781d1e-984a-47ba-9aea-15458ac41ffd
4391,617,234b50b4-91cb-4f7c-a849-da67ba80f117,c94cabe2-f8ef-4521-93d9-b05def25e432
4391,618,234b50b4-91cb-4f7c-a849-da67ba80f117,eda2b4cc-9f64-4135-bed8-eb3b4115ace6
4392,616,b0c29114-8349-44d5-9df3-b5715218dcdb,46781d1e-984a-47ba-9aea-15458ac41ffd
4392,617,b0c29114-8349-44d5-9df3-b5715218dcdb,c94cabe2-f8ef-4521-93d9-b05def25e432
4392,618,b0c29114-8349-44d5-9df3-b5715218dcdb,eda2b4cc-9f64-4135-bed8-eb3b4115ace6
4393,616,0813244f-e23a-403a-8b27-28a132ea6ba5,46781d1e-984a-47ba-9aea-15458ac41ffd
4393,617,0813244f-e23a-403a-8b27-28a132ea6ba5,c94cabe2-f8ef-4521-93d9-b05def25e432
4393,618,0813244f-e23a-403a-8b27-28a132ea6ba5,eda2b4cc-9f64-4135-bed8-eb3b4115ace6
4394,616,ab00da1b-a8d6-4b20-b4ad-356ab49fa029,46781d1e-984a-47ba-9aea-15458ac41ffd
4394,617,ab00da1b-a8d6-4b20-b4ad-356ab49fa029,c94cabe2-f8ef-4521-93d9-b05def25e432
4394,618,ab00da1b-a8d6-4b20-b4ad-356ab49fa029,eda2b4cc-9f64-4135-bed8-eb3b4115ace6
4395,616,c7adeed0-01c8-486b-b053-0a752a3ba8ba,46781d1e-984a-47ba-9aea-15458ac41ffd
4395,617,c7adeed0-01c8-486b-b053-0a752a3ba8ba,c94cabe2-f8ef-4521-93d9-b05def25e432
4395,618,c7adeed0-01c8-486b-b053-0a752a3ba8ba,eda2b4cc-9f64-4135-bed8-eb3b4115ace6
4396,616,df038f70-fcd1-4ab0-9e83-82307a599ac4,46781d1e-984a-47ba-9aea-15458ac41ffd
4396,617,df038f70-fcd1-4ab0-9e83-82307a599ac4,c94cabe2-f8ef-4521-93d9-b05def25e432
4396,618,df038f70-fcd1-4ab0-9e83-82307a599ac4,eda2b4cc-9f64-4135-bed8-eb3b4115ace6
4397,616,699f1be0-3767-49ed-8616-751d630e569f,46781d1e-984a-47ba-9aea-15458ac41ffd
4397,617,699f1be0-3767-49ed-8616-751d630e569f,c94cabe2-f8ef-4521-93d9-b05def25e432
4397,618,699f1be0-3767-49ed-8616-751d630e569f,eda2b4cc-9f64-4135-bed8-eb3b4115ace6
4398,616,cdca44a5-378c-42b7-96b7-23306497e338,46781d1e-984a-47ba-9aea-15458ac41ffd
4398,617,cdca44a5-378c-42b7-96b7-23306497e338,c94cabe2-f8ef-4521-93d9-b05def25e432
4398,618,cdca44a5-378c-42b7-96b7-23306497e338,eda2b4cc-9f64-4135-bed8-eb3b4115ace6
4399,616,0332b85d-2ba9-4912-9e4b-99e2e47dc2a3,46781d1e-984a-47ba-9aea-15458ac41ffd
4399,617,0332b85d-2ba9-4912-9e4b-99e2e47dc2a3,c94cabe2-f8ef-4521-93d9-b05def25e432
4399,618,0332b85d-2ba9-4912-9e4b-99e2e47dc2a3,eda2b4cc-9f64-4135-bed8-eb3b4115ace6
4400,616,b2663ac3-7014-4052-98b8-8a16efa95b91,46781d1e-984a-47ba-9aea-15458ac41ffd
4400,617,b2663ac3-7014-4052-98b8-8a16efa95b91,c94cabe2-f8ef-4521-93d9-b05def25e432
4400,618,b2663ac3-7014-4052-98b8-8a16efa95b91,eda2b4cc-9f64-4135-bed8-eb3b4115ace6
4401,616,f43d511c-0ef8-43dd-967b-93303ca81f7a,46781d1e-984a-47ba-9aea-15458ac41ffd
4401,617,f43d511c-0ef8-43dd-967b-93303ca81f7a,c94cabe2-f8ef-4521-93d9-b05def25e432
4401,618,f43d511c-0ef8-43dd-967b-93303ca81f7a,eda2b4cc-9f64-4135-bed8-eb3b4115ace6
4402,616,e706dcd0-93a4-4ceb-8ed6-7c2ce1087c14,46781d1e-984a-47ba-9aea-15458ac41ffd
4402,617,e706dcd0-93a4-4ceb-8ed6-7c2ce1087c14,c94cabe2-f8ef-4521-93d9-b05def25e432
4402,618,e706dcd0-93a4-4ceb-8ed6-7c2ce1087c14,eda2b4cc-9f64-4135-bed8-eb3b4115ace6
4403,616,d3b6f32b-4c8f-4ed5-bd58-aa76c5489753,46781d1e-984a-47ba-9aea-15458ac41ffd
4403,617,d3b6f32b-4c8f-4ed5-bd58-aa76c5489753,c94cabe2-f8ef-4521-93d9-b05def25e432
4403,618,d3b6f32b-4c8f-4ed5-bd58-aa76c5489753,eda2b4cc-9f64-4135-bed8-eb3b4115ace6
4404,616,1ed8a83f-5ce9-45d9-aab8-ddbc8c65aa9c,46781d1e-984a-47ba-9aea-15458ac41ffd
4404,617,1ed8a83f-5ce9-45d9-aab8-ddbc8c65aa9c,c94cabe2-f8ef-4521-93d9-b05def25e432
4404,618,1ed8a83f-5ce9-45d9-aab8-ddbc8c65aa9c,eda2b4cc-9f64-4135-bed8-eb3b4115ace6
4405,616,cd41987f-f629-4783-be10-a1a0b8575d76,46781d1e-984a-47ba-9aea-15458ac41ffd
4405,617,cd41987f-f629-4783-be10-a1a0b8575d76,c94cabe2-f8ef-4521-93d9-b05def25e432
4405,618,cd41987f-f629-4783-be10-a1a0b8575d76,eda2b4cc-9f64-4135-bed8-eb3b4115ace6
4406,616,47048851-9bc7-4c15-8b13-9dd92a8e2bb2,46781d1e-984a-47ba-9aea-15458ac41ffd
4406,617,47048851-9bc7-4c15-8b13-9dd92a8e2bb2,c94cabe2-f8ef-4521-93d9-b05def25e432
4406,618,47048851-9bc7-4c15-8b13-9dd92a8e2bb2,eda2b4cc-9f64-4135-bed8-eb3b4115ace6
4407,3107,0cd56352-ccf1-481b-aea2-091e64f7c81e,90845495-a6ef-4948-beeb-b899dd779bd7
4408,3108,2856dfdc-6212-440f-a042-f1097b01d7b7,ad52738e-453e-436f-aad3-7485b4347be8
4409,3109,921fbb76-a2a5-4d59-944c-5039222dae81,5f12e96c-51a0-46d4-85a8-db415a03ee73
4410,3107,9895c05d-d31d-421d-acc6-8ebf50324b48,90845495-a6ef-4948-beeb-b899dd779bd7
4410,3110,9895c05d-d31d-421d-acc6-8ebf50324b48,a630dbab-bb8f-449e-bfdd-e19b6e183e61
4411,782,c6b87465-192f-41b5-a7a1-f0dceeb85675,69d44ce5-79a0-4f75-abb8-07232d98141b
4411,1129,c6b87465-192f-41b5-a7a1-f0dceeb85675,eebe1b5a-4daf-4933-88ce-29d8e80dbfb5
4411,3111,c6b87465-192f-41b5-a7a1-f0dceeb85675,8fd3d212-cbc8-4bbb-bc63-524ad7679dde
4412,3113,45fd0079-d367-447c-bbd2-3a3c8788eee7,1d154851-33bc-4967-9ba2-141c914d9839
4413,30,9076300a-8947-4b36-b104-536d56cd8a82,bb7aae1f-3441-4535-9c63-08bdfb39f8f8
4413,3114,9076300a-8947-4b36-b104-536d56cd8a82,668f7fef-c423-44eb-b9cf-42379ddbc0a6
4414,30,40802feb-0e99-4a38-b781-04344649da45,bb7aae1f-3441-4535-9c63-08bdfb39f8f8
4414,3114,40802feb-0e99-4a38-b781-04344649da45,668f7fef-c423-44eb-b9cf-42379ddbc0a6
4415,30,b49f6a8d-4090-448d-a594-01f59336ba0c,bb7aae1f-3441-4535-9c63-08bdfb39f8f8
4415,3114,b49f6a8d-4090-448d-a594-01f59336ba0c,668f7fef-c423-44eb-b9cf-42379ddbc0a6
4417,30,74d16f9e-1b73-4377-9d4a-c8e11d89d57e,bb7aae1f-3441-4535-9c63-08bdfb39f8f8
4417,3114,74d16f9e-1b73-4377-9d4a-c8e11d89d57e,668f7fef-c423-44eb-b9cf-42379ddbc0a6
4418,30,4e093493-5b94-4625-815a-8d8403261ab8,bb7aae1f-3441-4535-9c63-08bdfb39f8f8
4418,3114,4e093493-5b94-4625-815a-8d8403261ab8,668f7fef-c423-44eb-b9cf-42379ddbc0a6
4419,30,b1ed39f7-2153-4fb8-ad14-f70f37407d9c,bb7aae1f-3441-4535-9c63-08bdfb39f8f8
4419,3114,b1ed39f7-2153-4fb8-ad14-f70f37407d9c,668f7fef-c423-44eb-b9cf-42379ddbc0a6
4421,30,d301fa33-5844-45b0-9285-5061420a1a24,bb7aae1f-3441-4535-9c63-08bdfb39f8f8
4421,3114,d301fa33-5844-45b0-9285-5061420a1a24,668f7fef-c423-44eb-b9cf-42379ddbc0a6
4422,30,eb831c4a-1a9f-4c76-b87d-20f6f49f8639,bb7aae1f-3441-4535-9c63-08bdfb39f8f8
4422,3114,eb831c4a-1a9f-4c76-b87d-20f6f49f8639,668f7fef-c423-44eb-b9cf-42379ddbc0a6
4423,30,4621dfc2-bd8f-4015-975f-930ba57d3d1a,bb7aae1f-3441-4535-9c63-08bdfb39f8f8
4423,3114,4621dfc2-bd8f-4015-975f-930ba57d3d1a,668f7fef-c423-44eb-b9cf-42379ddbc0a6
4424,30,2898032c-2606-41f9-928b-40dbf1485c0c,bb7aae1f-3441-4535-9c63-08bdfb39f8f8
4424,3114,2898032c-2606-41f9-928b-40dbf1485c0c,668f7fef-c423-44eb-b9cf-42379ddbc0a6
4425,479,2dfb46e1-7c0b-4995-87a8-9a8817991450,3b73d655-2604-4232-a7d2-43995bab7677
4425,1134,2dfb46e1-7c0b-4995-87a8-9a8817991450,ec1d654f-c386-484f-8744-70c0b30879f9
4425,3115,2dfb46e1-7c0b-4995-87a8-9a8817991450,67dac348-084b-464b-a29c-a5066b13b19d
4426,2648,23d51a4a-92ac-4b96-bdbe-cb6f8c9ac2b8,04e8cc0a-f71f-4256-8d73-4e609c3c390f
4428,3116,ab86ea06-ddc6-4454-91dd-6b70fd480e62,70b4088b-463d-4216-890a-7bd4972d6bae
4429,230,52809cc6-bc1f-4905-a617-5d2a6f4ca403,944e1b27-bbe7-463a-93d0-974b9a2b38c4
4429,2567,52809cc6-bc1f-4905-a617-5d2a6f4ca403,84d58c58-5e87-4488-aefd-6c28419d1b0d
4429,3117,52809cc6-bc1f-4905-a617-5d2a6f4ca403,d234122d-1026-4c89-b404-080a98e8e1b1
4430,651,f2d55647-1e4b-4728-9ca0-c5d17f8420da,4967f7bf-558a-4a21-b85f-36b25f077edf
4430,3119,f2d55647-1e4b-4728-9ca0-c5d17f8420da,6966b42b-12e6-47af-802e-39b5ea55145a
4432,136,d521e3ff-b539-4b4d-80ff-cadbce87789e,37d32daf-cd35-4895-a25f-bcfc51a62a48
4432,3120,d521e3ff-b539-4b4d-80ff-cadbce87789e,77c9dd7d-eb8d-4e78-9fcf-8eaf091981b6
4433,539,3a7afd4c-711d-45da-92e4-8a0356e62817,4716aa17-73ab-42a6-8155-3454f753f013
4433,665,3a7afd4c-711d-45da-92e4-8a0356e62817,4e1900f8-bc32-45d0-b1bb-d1c55fff51e9
4433,667,3a7afd4c-711d-45da-92e4-8a0356e62817,459aab4f-bc5d-4b5d-98a4-e31921d57f91
4434,3090,860ee01c-64a4-4ad1-a44c-52798403a15c,87098658-2133-429a-a3b8-104c4e511779
4435,3090,3b5f6117-d250-4ded-b056-194b23c24dd9,87098658-2133-429a-a3b8-104c4e511779
4436,3090,c6fb6258-27c2-43de-a9b0-d01c64dcebea,87098658-2133-429a-a3b8-104c4e511779
4437,3090,99586dbb-6f04-4ef9-beec-1f28b66e02eb,87098658-2133-429a-a3b8-104c4e511779
4438,3090,a9bafe39-c987-45f9-b281-8de931913d1e,87098658-2133-429a-a3b8-104c4e511779
4439,3090,b86fb53d-8194-4bff-825d-0e2d503f1927,87098658-2133-429a-a3b8-104c4e511779
4440,3090,ce3fc442-6a70-44f1-b234-55d57e7e80a8,87098658-2133-429a-a3b8-104c4e511779
4442,3042,687e8d59-701f-4f1a-a05c-447cbb34871d,935dceb4-e002-4c7a-92f0-ebca0392a8f8
4443,3042,28868d4b-a82f-4452-bca9-3dd8f448436d,935dceb4-e002-4c7a-92f0-ebca0392a8f8
4445,3042,a7ae9ebe-429a-4391-a3db-a398efa05f4b,935dceb4-e002-4c7a-92f0-ebca0392a8f8
4446,3042,28e79945-22c7-45eb-a6ee-fedd8514a8c8,935dceb4-e002-4c7a-92f0-ebca0392a8f8
4447,3042,5a725d14-d4b9-4eac-b71b-7e0c1ed6bb1c,935dceb4-e002-4c7a-92f0-ebca0392a8f8
4448,3042,840fa03f-edc9-4ce8-9ce2-8dea499929f5,935dceb4-e002-4c7a-92f0-ebca0392a8f8
4449,2523,a034b729-4d27-494f-8234-76da2a238fae,96d6c898-2406-4268-9c2b-8f704a9e1160
4450,2523,32b2a5a1-649d-47e9-858b-ad46b3f69fa3,96d6c898-2406-4268-9c2b-8f704a9e1160
4451,2523,f2dff53c-0073-415c-9112-de119fc1723e,96d6c898-2406-4268-9c2b-8f704a9e1160
4452,30,9be6b176-1aee-4c14-beca-2fa4d32d8250,bb7aae1f-3441-4535-9c63-08bdfb39f8f8
4453,2523,f872bae3-469b-4b3e-98ff-38b242b9ee13,96d6c898-2406-4268-9c2b-8f704a9e1160
4454,3042,e241a056-4aae-40ab-aabd-0267962c7a35,935dceb4-e002-4c7a-92f0-ebca0392a8f8
4455,30,24daaaaa-5629-4e41-bf17-743e7e8a8bbb,bb7aae1f-3441-4535-9c63-08bdfb39f8f8
4457,2523,91f89e9a-7e4f-44d9-812f-33b635cae779,96d6c898-2406-4268-9c2b-8f704a9e1160
4458,30,92a997b0-f22c-4fd3-9a89-5c56d5d9e91d,bb7aae1f-3441-4535-9c63-08bdfb39f8f8
4459,30,1c99287d-5f51-4de8-b982-028f2d9cfafd,bb7aae1f-3441-4535-9c63-08bdfb39f8f8
4460,2523,b3d4ae51-450c-4415-8d6d-84fd84ad412f,96d6c898-2406-4268-9c2b-8f704a9e1160
4461,2523,800c88ea-7bae-4edb-8ce7-c0c2300d25fc,96d6c898-2406-4268-9c2b-8f704a9e1160
4462,2523,50c24310-0395-456c-846f-2b516548435e,96d6c898-2406-4268-9c2b-8f704a9e1160
4463,2523,1bb8c64f-13f2-4d7c-a2e2-a79dba39b3cf,96d6c898-2406-4268-9c2b-8f704a9e1160
4464,2523,a400648a-d40a-448e-a238-617d8dcde735,96d6c898-2406-4268-9c2b-8f704a9e1160
4465,2523,446723df-ce32-4491-948d-0091f7b03557,96d6c898-2406-4268-9c2b-8f704a9e1160
4466,2523,88a42b0a-7c4c-4ea8-b8ef-4264e8731f74,96d6c898-2406-4268-9c2b-8f704a9e1160
4467,2523,bd069904-8403-4ed8-b625-f29957bce83f,96d6c898-2406-4268-9c2b-8f704a9e1160
4469,2523,3731dbdd-bd24-40da-8080-72b73a01c6fd,96d6c898-2406-4268-9c2b-8f704a9e1160
4470,2523,9ba6a2ce-322a-41fe-b216-7feb0b50717f,96d6c898-2406-4268-9c2b-8f704a9e1160
4472,2523,07d656bb-3eb8-477a-a45f-5e6b9def4359,96d6c898-2406-4268-9c2b-8f704a9e1160
4473,2523,79922b32-8c5f-4aaa-be1a-3f1deee8b889,96d6c898-2406-4268-9c2b-8f704a9e1160
4474,1154,86c7f3fa-4c0a-4cb9-8124-a96e2ccf196b,22a737be-e693-4a11-9b1d-e33b31382f2a
4474,3068,86c7f3fa-4c0a-4cb9-8124-a96e2ccf196b,19d06443-59bf-4e97-9804-7066bcd14130
4474,3121,86c7f3fa-4c0a-4cb9-8124-a96e2ccf196b,6da2b2cd-9eb7-456c-8a3e-9548f4150740
4475,128,513ff11d-d81c-4a62-9ca7-23683fe21356,16ba28df-8e3b-4176-bf27-a06ee421c13f
4476,128,3ebe1162-b6a0-4ace-b671-2c13e59f551c,16ba28df-8e3b-4176-bf27-a06ee421c13f
4477,128,ecb2ab74-e661-4319-9f17-720bc0d18ac7,16ba28df-8e3b-4176-bf27-a06ee421c13f
4478,128,9540f2f2-d746-4ed4-b94d-7d4b50f08363,16ba28df-8e3b-4176-bf27-a06ee421c13f
4480,155,7e95b581-8ac6-4a7a-9356-4a5492d3e5bc,c51bfc28-97a1-4f79-9437-af600893b171
4480,985,7e95b581-8ac6-4a7a-9356-4a5492d3e5bc,2c50ddd4-000f-4429-a256-3af34cf375dd
4482,3123,fdea7683-2055-4ff7-83c8-f415d4303959,e22c65d6-aca7-49e8-8d2a-7db15ae56ce3
4484,3125,91ff4f26-02c4-485b-97f1-e567ab381871,0df25c8b-8596-443b-a296-1f0e36e1ab25
4485,3126,1c952bf9-54c1-4898-86af-a170b7e79900,7dc46509-b7d4-4c8c-9dc1-ede15ce5b35c
4485,3127,1c952bf9-54c1-4898-86af-a170b7e79900,991a3b5e-fff7-441c-845a-2fe056b43f6c
4486,2523,1da09fd3-abad-42c0-ab2b-41271ce7da3a,96d6c898-2406-4268-9c2b-8f704a9e1160
4487,2523,ec1f819f-372c-491e-9504-be1725d1da7b,96d6c898-2406-4268-9c2b-8f704a9e1160
4488,30,f511c47f-f786-4539-a8ea-8154532e935d,bb7aae1f-3441-4535-9c63-08bdfb39f8f8
4489,3128,bedf579c-5978-4adc-bc00-829fa15b300e,bb72cb0a-d9b4-417c-978d-61d208a5db5f
4490,279,4928400c-1283-45e2-8549-fad58f41fbce,1f3b4ed5-6d44-4575-906b-cceae95ad37b
4491,279,a3d9da2f-a690-4687-a474-15beb7599c4f,1f3b4ed5-6d44-4575-906b-cceae95ad37b
4492,108,063cc8e6-a61a-4369-acb2-fa53c2414889,5f7be770-3356-41fb-aaf4-fc7d50c2ee26
4493,3131,44d544fa-d507-46c9-91a4-70c21483f327,d7b0fbec-c9ef-4e8e-8950-4c1b3ced3604
4494,220,8377c225-e2de-416a-9303-d526c3f7e2e0,5bb9a4ed-8242-406b-a583-ba1ed3d1589e
4495,3135,3bd67f05-3ac2-4e68-8e36-e0e43a1af461,42a9f45b-b99a-4de6-a37c-eddc0429f20c
4496,3136,076bb487-4eb9-457b-9d4e-6943ee824d9a,01a3ea99-eb0a-463f-81b8-e14e50bb9707
4497,3137,a36e80ee-72bd-420b-ad70-92ba9f5ff4b2,a5d531d1-407c-4d18-b4d9-7b49afe1759c
4498,3138,95a85f83-e5e9-4685-855d-ed61fcc37510,c89ffcf2-a1b6-47c3-9ab3-d5e5bb3e9150
4499,158,1069cf27-1d5f-4de7-8fbc-914ca896af88,107beb7c-a913-4425-87b7-b09e55db5301
4499,3139,1069cf27-1d5f-4de7-8fbc-914ca896af88,4026b356-6ef7-44c0-a01c-2ecb4ecb7954
4499,3140,1069cf27-1d5f-4de7-8fbc-914ca896af88,c01b5055-ad19-4e6a-95c5-6475491da47f
4500,3144,ff2a93e2-5b33-42c2-9a6e-9d366df900d4,188d3fcd-3d4f-4555-bea0-d946a5d2644d
4501,416,834f2031-b06f-4690-bd16-4c5d4876109a,956eeeff-dc0c-4b7b-b085-ee85433b79ca
4502,790,6758066e-2a77-4b64-8be0-abd5bf156cfe,80c35c34-6d46-416f-a6f1-8394493076ef
4503,90,be2656f1-0ab3-418e-a0e3-700209985cbf,ba9c9a11-80b4-49da-887c-099f5cdad8de
4504,90,32ec2819-b630-48f4-85c1-2e405789d37d,ba9c9a11-80b4-49da-887c-099f5cdad8de
4505,90,0f8719ac-153a-4fb0-a437-52e6f68d968b,ba9c9a11-80b4-49da-887c-099f5cdad8de
4506,490,7cd2891d-6e83-4d4e-952a-372c6147d890,4544b952-a346-491a-8471-3549f7f2f288
4507,3145,8ed57e02-8778-4578-85ca-2bb709c918b5,2cf0a5af-ca86-4de8-9f1e-4ebe16e4fb00
4508,3146,204a359b-5bb3-4ad8-9921-fcf3a93ddd23,00ece780-379e-496a-ac9d-3b23d79be42e
4509,3147,fb779edc-de39-4e22-84c5-50a0d5e36652,34ab78d0-b820-4d2e-94e4-f19825d939aa
4510,3149,11e9826b-1887-4eab-a602-652ed891c6ae,78e7a763-e36c-4671-a2e2-1a311ca08895
4511,3150,78a41a98-aca5-4082-9e36-d536b84cf8db,c3a5675f-7615-49c3-88b1-6b02406df175
4512,158,d027edae-47fe-4e89-8ab2-292b86bf85d6,107beb7c-a913-4425-87b7-b09e55db5301
4512,740,d027edae-47fe-4e89-8ab2-292b86bf85d6,a579d01f-da4c-48b6-bbf9-5cb02390d21c
4513,26,9ff125b3-55c9-41f6-993a-0007598808e7,db34c8a2-a139-466e-9f33-e8fca9123462
4514,3153,91d7e242-4a21-4cfc-91fb-5d942bc59354,7fa898c3-8acf-4026-a002-f7cd34b59c06
4515,3154,59e69f62-28e5-48d1-af7d-d8456b3d53b9,bc76a595-5701-47d5-8030-00d4ada49ffa
4517,3155,2fd3d7c0-7277-4738-9fe5-20fea2230959,f1b074b3-f97f-4414-965f-b39086855cca
4520,3156,3bc05a2a-bacb-4006-bd5d-8160c30fe3c2,ea347f62-0b0d-4fb7-b12d-6b1940607531
4521,30,6414e3fb-6657-4ec2-ba63-6671ec46baed,bb7aae1f-3441-4535-9c63-08bdfb39f8f8
4522,108,32a0906a-c9d8-4b9a-a154-980ddf9e0583,5f7be770-3356-41fb-aaf4-fc7d50c2ee26
4526,2505,e58e2e63-bd82-4b2a-8b61-9312d06a1fb3,cb057666-dd0e-4922-a1bd-badcd3404a3c
4527,3159,c6647ef6-a228-4603-8019-706ef2c061e3,7d235bcd-2247-4113-b0e6-a8e07246ae39
4529,108,b4e4af5c-5e57-474b-811d-a2c0679dd1d1,5f7be770-3356-41fb-aaf4-fc7d50c2ee26
4529,3160,b4e4af5c-5e57-474b-811d-a2c0679dd1d1,9bbe62e2-a69f-4704-a289-3197bf7de7fe
4530,3163,9befbf91-ce9f-47b2-8565-62fe5f0788ea,d9d1c006-aa39-491a-8b3b-e263e778dc5c
4531,520,f3e5c8a8-ce80-4640-9160-7be770dd0db9,6b372a3d-7d01-499a-a4a1-87a9610e13c9
4532,3165,1938e36a-cd13-4576-b0d5-2a14241607e5,c8c9d920-b605-4c20-981c-408335981aa8
4533,141,c558685a-ff0e-4a05-82fb-2e117c68aca8,72c404ea-77e4-4328-954d-539ba8d0fa64
4534,54,cece4e80-a1f4-42bb-8836-c61f841be09b,6904f673-d13b-47a1-9f39-a111bc52e1f4
4535,54,74504ec5-7fe3-4642-9d6e-8ecf60c2b622,6904f673-d13b-47a1-9f39-a111bc52e1f4
4536,3166,65d448a9-fc68-4c51-a43b-fbf78387e541,c8c436f1-70c5-457e-991a-451b825b343d
4537,54,07f1f3d4-f0ae-46a9-aa9c-aa749bafed23,6904f673-d13b-47a1-9f39-a111bc52e1f4
4537,3083,07f1f3d4-f0ae-46a9-aa9c-aa749bafed23,3622c1b5-0854-45fe-8d0b-2efbfe667e56
4538,54,b970ce1f-a53f-4498-8936-dc7a0d2691a7,6904f673-d13b-47a1-9f39-a111bc52e1f4
4539,54,00a74e76-3a1b-4c50-87e7-7f09805bb7a0,6904f673-d13b-47a1-9f39-a111bc52e1f4
4540,54,f9aa9031-519c-43d5-ab2e-d0e41b6dba6b,6904f673-d13b-47a1-9f39-a111bc52e1f4
4541,860,58b2e253-fb0f-4f40-b02b-b1882ab0a7b4,d0cd7b36-3d59-420e-86f0-d0b3905f3dbc
4541,2527,58b2e253-fb0f-4f40-b02b-b1882ab0a7b4,343c1b6e-030b-4b19-9c8b-70be6798a3ad
4542,2528,09f4f6ce-1c16-4e53-91a3-6016204a6cba,56e06a3f-c699-48ea-805f-fd4cc3e553fe
4542,3168,09f4f6ce-1c16-4e53-91a3-6016204a6cba,5bc727c9-9a62-4bc4-95ad-27e36c6741dd
4543,2527,c356f46c-8c6f-4466-831c-727331776bb5,343c1b6e-030b-4b19-9c8b-70be6798a3ad
4544,54,c1daea03-ee9e-409e-95f8-ac6b0a3390e4,6904f673-d13b-47a1-9f39-a111bc52e1f4
4545,1045,76788106-ca26-4975-828e-0f7a38674656,038d6301-e237-4bf2-b230-0b047081d890
4545,3167,76788106-ca26-4975-828e-0f7a38674656,01f05887-b2ea-4fc3-9cb4-e751c4797db9
4546,3083,ded2a387-46dc-495e-acbc-f36288e18d68,3622c1b5-0854-45fe-8d0b-2efbfe667e56
4546,3169,ded2a387-46dc-495e-acbc-f36288e18d68,87da6ee9-d144-46a6-9810-48f0ae90299a
4547,54,6122ac8e-8335-4a50-80ff-4bdb24529ff3,6904f673-d13b-47a1-9f39-a111bc52e1f4
4548,54,87b218c2-ca0f-48ae-ab20-f8b5cb100b00,6904f673-d13b-47a1-9f39-a111bc52e1f4
4549,54,969e619a-95cd-40c7-8a84-93cafd35d875,6904f673-d13b-47a1-9f39-a111bc52e1f4
4550,54,8aae0bb6-b284-48e2-8423-5b79958625b6,6904f673-d13b-47a1-9f39-a111bc52e1f4
4551,54,b7de1dbc-ee6e-46b1-9ac7-4c8f1b5fc5f7,6904f673-d13b-47a1-9f39-a111bc52e1f4
4552,54,49bcd037-f6f9-4ae1-8fdb-2587725cad9f,6904f673-d13b-47a1-9f39-a111bc52e1f4
4553,54,a64bec06-7207-4417-a2a2-dfb8862caec6,6904f673-d13b-47a1-9f39-a111bc52e1f4
4554,54,c1e0c289-b361-4f99-9503-05fdac6a220d,6904f673-d13b-47a1-9f39-a111bc52e1f4
4555,3170,a382bffa-7bac-440e-8190-ec036ba0dfcc,128c3b94-7265-47b9-a435-7b1c5931444a
4557,54,3bba188c-e2d3-4e25-932e-0bf0d3b14578,6904f673-d13b-47a1-9f39-a111bc52e1f4
4558,3172,225f7368-1db0-44f6-b9d6-f3eab3a55ea3,d373c044-4fd5-4126-ac69-64e610f47da6
4559,988,6c26cbf4-fe0c-477b-b6b5-939d6cce39fe,09457fd0-4786-4c57-a0bd-82e8bdc4bd9d
4559,1119,6c26cbf4-fe0c-477b-b6b5-939d6cce39fe,62780a7c-2a85-4876-8a5b-7a16e4c35123
4560,988,9824157e-08f6-4419-b299-dd75f49e28f7,09457fd0-4786-4c57-a0bd-82e8bdc4bd9d
4560,1119,9824157e-08f6-4419-b299-dd75f49e28f7,62780a7c-2a85-4876-8a5b-7a16e4c35123
4563,108,babaf2bc-e119-423c-b15b-3be9a30ec3a7,5f7be770-3356-41fb-aaf4-fc7d50c2ee26
4564,141,845ee4ce-c6ae-4dd4-b2ee-b33063c51e50,72c404ea-77e4-4328-954d-539ba8d0fa64
4565,3924,a81b791c-ebb1-4974-8b89-4f6b59c86247,074da344-1dbf-4b33-8f97-91c6ac7c3695
4566,784,37dd991d-f833-4da6-887f-8f0a9e60fcc8,72b37602-4df6-42ad-92df-4f215cafdffd
4566,2710,37dd991d-f833-4da6-887f-8f0a9e60fcc8,b2a0e30b-c2f4-4372-9f6f-cd49d4b246c6
4566,2711,37dd991d-f833-4da6-887f-8f0a9e60fcc8,7a3be5ec-899c-41d7-a278-cd438a72fd93
4567,26,02a32187-f02b-44a9-b0a8-fe542b436acc,db34c8a2-a139-466e-9f33-e8fca9123462
4569,3089,364748e2-4a7b-42b9-909e-042526bc8a4e,0614ddae-8120-40bc-b0aa-b53b1085ed48
4570,3174,5cc5c74b-0594-47c0-a070-7129370f0c0e,0ec24a60-a8e3-4052-9fd8-0d1f88b48c49
4571,3175,f37e4fd0-ab83-4394-8f57-2e5b0eccecfb,c4bc1d35-fae8-4319-a7f3-aacd9a7b0df9
4572,3176,1107f731-a23a-4e04-964e-a6eaabeb4ce6,33151fe7-3780-4326-819b-27dcc307f30c
4573,1051,cad722aa-41e0-45fd-a5ce-2fc0864ceac4,b6ea681e-9a9a-4bdb-9065-5ce665562278
4573,3176,cad722aa-41e0-45fd-a5ce-2fc0864ceac4,33151fe7-3780-4326-819b-27dcc307f30c
4574,1051,ef3df598-0e6f-4241-8376-032658b2288d,b6ea681e-9a9a-4bdb-9065-5ce665562278
4574,3176,ef3df598-0e6f-4241-8376-032658b2288d,33151fe7-3780-4326-819b-27dcc307f30c
4574,3177,ef3df598-0e6f-4241-8376-032658b2288d,48ec4e29-6fb5-4477-955d-702e14be5f06
4575,569,3d5940f9-efa5-4f16-9a69-0f34f6d88482,3e181f50-84af-40fa-87fe-c3a7bc2d8592
4575,1051,3d5940f9-efa5-4f16-9a69-0f34f6d88482,b6ea681e-9a9a-4bdb-9065-5ce665562278
4575,1061,3d5940f9-efa5-4f16-9a69-0f34f6d88482,e956c81c-9bf2-43e0-9c35-30c9413c4a83
4576,1034,c813599d-8d60-4d4d-afcc-a7ad3fca8e2c,06cec41f-3aca-42c2-ab2b-60d70ee3166b
4576,1039,c813599d-8d60-4d4d-afcc-a7ad3fca8e2c,4a9d4730-80d2-4b65-846b-781630f85fbe
4576,3140,c813599d-8d60-4d4d-afcc-a7ad3fca8e2c,c01b5055-ad19-4e6a-95c5-6475491da47f
4577,63,0d71fd33-b95d-4ab1-9a48-72eaf433759d,0208d995-f6e9-4737-b0ac-a7a7fa78b756
4578,3178,5fb652e4-ed62-4a26-89d5-1779b858ffb3,2f8ca7ae-399c-4791-8e63-9d0bbec32408
4579,3179,ff4f9a81-f01b-491b-869c-2f91b94249d6,7d977861-6c17-436b-8ebe-04798e135d24
4580,3180,dbaa4e54-f866-464d-9fa6-f6dff73de561,1fb5d719-3e45-42eb-9ad0-42c151751642
4581,791,3046f85b-e040-42db-946e-632a1d1c5fd7,f160cd4e-ee81-486e-a518-afd6bdd6bb29
4581,3180,3046f85b-e040-42db-946e-632a1d1c5fd7,1fb5d719-3e45-42eb-9ad0-42c151751642
4582,1034,84f19a87-48cb-4f06-899a-3f8d5cc205e5,06cec41f-3aca-42c2-ab2b-60d70ee3166b
4582,1039,84f19a87-48cb-4f06-899a-3f8d5cc205e5,4a9d4730-80d2-4b65-846b-781630f85fbe
4583,3164,d7c4e754-c597-45c9-b8fd-2d00cc8d736d,e0eaabe5-db1c-4e6d-97eb-cbc0b232927f
4583,3165,d7c4e754-c597-45c9-b8fd-2d00cc8d736d,c8c9d920-b605-4c20-981c-408335981aa8
4584,3164,f52c5e0d-906b-4ed2-8e1f-bce585da2cd7,e0eaabe5-db1c-4e6d-97eb-cbc0b232927f
4584,3165,f52c5e0d-906b-4ed2-8e1f-bce585da2cd7,c8c9d920-b605-4c20-981c-408335981aa8
4585,3183,b24b5add-bff1-4fc7-b61f-23d788df41a1,024ae822-4446-4a9b-9a00-40affecd23e7
4586,1034,523c7e73-0b87-4dc3-b5f7-89a890f60ef1,06cec41f-3aca-42c2-ab2b-60d70ee3166b
4586,1039,523c7e73-0b87-4dc3-b5f7-89a890f60ef1,4a9d4730-80d2-4b65-846b-781630f85fbe
4587,108,7fa127fc-7bf3-4370-8174-421b18b79b78,5f7be770-3356-41fb-aaf4-fc7d50c2ee26
4587,1078,7fa127fc-7bf3-4370-8174-421b18b79b78,c1f6f3bb-ec51-406b-8cfb-0db28b37b478
4588,3185,6d47c5e9-9e43-45b8-923e-80fcd8c2c395,5c0d2e77-fd47-4a56-8c27-99c3f048a375
4589,3186,96bbfca4-464d-4a71-8d1b-89a1aea36996,30b8a442-550f-489b-b129-f503e927a10c
4590,3187,143f53d8-b6b4-47a1-99d8-4f69fdf2d529,ad70efb4-896b-46f4-a758-89783751f23f
4591,3188,14261173-0d33-40e8-a895-52a1fa92adb6,fd5b9f36-2153-4260-9d70-034fcaaf718a
4592,3189,6d690948-df21-4d3d-b8f4-746a0a63c27e,368f5e89-f72c-4e12-8a4a-8148944205f4
4593,3190,83667028-0dad-4169-b2f9-b83c35aebe17,10e74913-82f6-44fd-940d-63469f05cd7f
4594,3191,e0a20422-1a77-4619-8e32-3bf99007c94c,465890f2-0422-4f91-ab3f-c402a80b3051
4595,3947,97ae37fd-9f6e-416d-b536-a58e10da6813,d75291db-cdca-4cd7-bd40-0d5472b09b98
4596,2955,5c7653eb-3549-43f4-bee1-feadda891516,dde947e1-04a3-484c-9e35-fff965612870
4597,3192,1fbb16fd-f582-4a95-8fbe-490f0c892b1f,1d8935bd-0d54-4a07-9775-6f696c388e85
4598,3193,66fb1790-4b66-434b-8f20-99a4a47fc300,44f0b5e9-212d-464b-b004-f715c458a2bb
4599,3946,feef181a-f97e-4d01-8ce8-99ca0f3e9d45,83388262-7c16-4199-8b42-c269ad9984ac
4600,3194,8ea8e4e0-2949-4288-9051-c3bbd9bff9a2,55caa1b9-f475-4868-8e4c-a1f274659022
4601,3212,2da7e122-bcbb-4e97-ad11-6f16c4634d04,1a4666a3-d4f2-483f-88b1-3dfafcd914b5
4602,3195,d1f62c67-6a47-4f6b-b92d-39138470a665,8e2e9f0e-96a2-4184-bf97-0d43b1b0c9fa
4605,3196,fab3f7c8-6b7c-4ef7-9238-638b2998879e,064ec5ac-e666-4f72-bfea-a8639abfe88e
4607,33,695df0c7-f22b-4800-bcf5-0e4cc157660f,c79d466b-0c9d-4e8c-8065-468eb02c60d6
4608,3197,e1e2c9d0-5e23-4221-a3ab-7a9e06dd2205,2931f6f3-28f9-43d8-bde3-b216d1c9fd79
4610,3198,ff649536-dc5b-4476-a65a-be8ab517ea32,ef9e947a-ab56-48cb-a0cb-678780029e0b
4611,3199,12656c96-9849-403f-9085-854bd3ce46ac,54d660ae-e96c-4342-a498-6d6e7f257740
4612,108,939aa218-7bd3-4432-8943-2f7146638244,5f7be770-3356-41fb-aaf4-fc7d50c2ee26
4614,3200,2e3fff02-f235-4d86-a7ab-3b80b3c8f552,4b4b9f15-7b18-48d3-a5af-e2457b02654d
4616,3201,e5c51fd2-ace6-44c1-8b45-05fb84efd73b,b37fedf5-c67c-436d-b642-9cade111f6fa
4617,2748,225021ff-eed7-4598-9415-98a34e9ee4c8,444428eb-1936-4a57-a180-9b3ad0adfa4b
4618,3202,b19406bc-120e-4580-8e31-7f060fd96778,d05c3b6b-db1a-4d38-b768-89237652a692
4620,3203,623168d2-0766-4142-94b7-ad835662ee1a,be97d5b4-fb6b-4356-87a8-5256d3d02c73
4621,3206,3bdf6631-321b-4f05-af6c-6e6d23b20e4c,b9a35646-e705-41d3-876c-57f73069ef0b
4622,3207,2517caa2-cb84-4202-954e-6ba3d44dce1e,682ff158-83e9-4013-89f2-0d25f36a7980
4623,197,73832041-d20d-4415-b40a-78e22b4632d2,56bc3b31-8017-4135-a955-bcab03d0118d
4624,3208,d1fb6e39-9fc9-4e40-827b-74ee449b73bd,3e4c1328-c8c9-4bf2-91f9-1be29b78cc35
4625,3212,0c8c4726-7ae9-471b-9334-73a1764796c4,1a4666a3-d4f2-483f-88b1-3dfafcd914b5
4627,3213,ef5d2811-7425-4c54-92df-28577e9033f8,a20c9c62-20f2-44f5-98bc-be9df99aadc4
4628,3214,2391616d-502d-426c-b066-59ea3ecbb1d7,d69d9bdd-a8d0-460d-abb8-6c2a9ba68e20
4629,3215,de5480b5-951c-449f-a57e-140bd4bfb217,5ddfa4a5-687a-4909-a935-c6109f631add
4630,3216,dd14a12e-e316-40f4-8663-d882fa320db1,052099ae-fab7-4921-9ef3-a66a1c77b5b1
4633,3217,55b51247-8b61-4b91-91ba-9c5baee93222,6b2f7339-f718-41be-8562-1f35ae9185c7
4634,350,889c4964-49d4-461b-8dc3-5857e58debed,c99578f3-20a9-4208-b540-eaeb35d87c6b
4635,3218,890f5bd8-5aee-4fa9-91d6-ae184e64d741,8a07ea71-0ea0-45b1-956b-b90598ffa32a
4636,350,6bb92e65-43f4-4912-be45-aa2bccc8e80a,c99578f3-20a9-4208-b540-eaeb35d87c6b
4637,776,c69626a2-3a2d-43ec-af71-da5694da0641,e03dede8-fb36-490e-a9d2-fade44279776
4641,3220,25bcfdd9-0837-4b9e-b774-d120c119acf5,83663c92-85a4-462b-a3de-0502160109f0
4642,30,abcaa1ea-adfc-4c95-af3d-b42f4e92e519,bb7aae1f-3441-4535-9c63-08bdfb39f8f8
4645,3222,a47e0f90-d3d6-4fbf-8cb9-40150b75426e,7eeda737-cc7c-43a2-a6f4-190479a84564
4647,3223,f4353334-8828-49f0-b1b5-80f2eb9a2364,e54d76e7-ca66-497a-88ad-ca0b78e76476
4649,3224,96e2c78f-d06d-4283-bc2b-d998b5162437,a4d40dd8-d7a1-422c-be4e-743d509287df
4650,3225,1bc9e7b6-8e94-4927-8c81-742cc2aa4fd1,df0ff235-a45d-4055-974d-3b52a58d687e
4652,3226,0882289c-5cab-4236-8a68-da071d270ff1,8f61e069-4117-4ebd-b484-0aefa7861e07
4653,3228,feda69dd-d662-45a1-bb92-01b82228c17f,cf4a4167-875a-46a6-ad24-ef406dd77326
4654,3229,591ea8a6-6c05-4192-9c5d-88d776a04da4,9e1854c2-8d01-4a78-9b95-a3a8ddec8688
4655,3230,3ea5f0fd-aab1-4d99-b869-90310f1cc8ca,ec2951c7-019a-4268-8c2d-8a41a2e5d63e
4657,271,5b010d19-6557-40c7-8325-7dda48db0ee6,d368be0a-b9cd-4dde-af9f-1c9840ecfec4
4659,3231,c76df16d-6100-43e8-ad09-f97a73b291c4,9951d2d3-7d20-49e9-9503-2953272b9c1f
4660,3232,135543ce-6fec-4814-8bb2-e94bf27aaa48,e7100ddf-70b7-476e-9c76-9fa6ee18e12d
4661,3234,e5e101e7-f115-421e-8cda-ab68545a9e9d,0608f4ab-c993-404c-b579-ddb0e9426013
4662,3235,81695a96-cb6a-4600-8ecf-e6f6b4a197a8,8bebdf32-1113-40a1-8772-f296467a8a96
4663,3236,4c78d0e2-48bc-4f70-9cfd-d6ca7abff23d,67417843-202c-4153-917a-04071195a387
4664,612,7ce0e4a3-0a8c-46c6-a11a-9ab02c7510d7,3a3a078a-b6ef-4e9c-a458-89c536f63d73
4667,3237,de5c406f-0fa2-4304-802c-816cfe4a0a3f,bd00d0f4-4005-4459-92c1-ae5c2b33305a
4668,3238,f80b1bbf-272c-4cec-bac4-68ce840f1527,c96af101-bdc0-4376-abec-513877aa92a8
4669,3580,53a05746-6fcf-4f52-ad8c-26c1dfc20d95,d2675f2a-c2c3-4444-9e01-8ab3088e2cb9
4670,3239,6ab655d4-258d-4736-8b9c-d3ad5a1b4194,a0b66a69-a3ff-4b59-b03b-57cec99aea12
4671,3240,ab695a23-e4a7-4647-a963-18145ee94994,f097580c-15e7-4ccf-b946-d3d2496adc89
4673,3241,53ac708e-1458-4004-a013-5727238d226d,4ef1ced7-b9e0-4f77-9aba-0a65b86f2009
4675,3242,eaef3338-1e28-402c-807a-d63b5a9795d8,88c16bd0-4cac-4337-96bf-515c8bfda4a8
4676,3969,16efa2bc-b82e-4486-bf33-9c79875d0b0f,6a91625d-ff07-4de8-9572-e808f933485b
4677,3244,ace5a805-61a5-4a98-9eae-c5cd7b1f22b9,cb2073aa-789f-4479-b812-8920e4454e37
4678,3245,9fc5838c-8bb3-4b16-a5dd-b07cec7da26b,431fadea-9888-4ccd-bba8-0f5578f4fd3b
4680,944,a180f943-b6e3-43cd-ab92-9fc6ad7f4985,f144af98-dae2-4259-9215-b01f3b8279ba
4680,3247,a180f943-b6e3-43cd-ab92-9fc6ad7f4985,d3bc065f-50d3-43a9-8cea-41dc72bf3ba8
4681,899,b577cabe-fa6f-4b9a-9ad9-eddfe0f69a23,9ae635d9-dfe8-4302-92d2-bf41bc6032e7
4683,3233,70e03466-f113-440d-89a3-2b44b4c0770d,df01bc79-0630-462e-9d43-cf015ef8c7c0
4683,3234,70e03466-f113-440d-89a3-2b44b4c0770d,0608f4ab-c993-404c-b579-ddb0e9426013
4684,3233,9e67b78b-4ab6-48bb-8ba0-e28ccf4e79ec,df01bc79-0630-462e-9d43-cf015ef8c7c0
4684,3234,9e67b78b-4ab6-48bb-8ba0-e28ccf4e79ec,0608f4ab-c993-404c-b579-ddb0e9426013
4685,3233,157a6416-1080-4f80-8068-c859f09a5599,df01bc79-0630-462e-9d43-cf015ef8c7c0
4685,3234,157a6416-1080-4f80-8068-c859f09a5599,0608f4ab-c993-404c-b579-ddb0e9426013
4686,3233,412ca48e-2b69-4c57-8fb3-2da220343b10,df01bc79-0630-462e-9d43-cf015ef8c7c0
4686,3234,412ca48e-2b69-4c57-8fb3-2da220343b10,0608f4ab-c993-404c-b579-ddb0e9426013
4688,3248,c5b89a64-8fe4-4107-b9e8-8add2c61601d,4f1d71dd-a51f-4cca-a086-4c4bff4d8da8
4690,3250,8c3df7df-9564-4a2f-a553-63cfb1ace9cf,f9d98285-82e8-49d6-b4be-830bf1f3744d
4691,3251,4b52199b-4a69-49ed-a7ce-363768a6c8ea,9fdb5e0d-8703-42f0-9ff9-ee56c3999667
4692,3252,04bc165e-6dde-4057-ab14-b7151e44d27d,8fde9756-9605-4e72-9ad4-c59a370d3242
4694,3255,3e982445-19a4-4073-a6c6-2ba045ce6444,b2ae8952-a1f3-4e9d-afeb-3017f1ae96fd
4695,3256,7b94a6d3-718b-4483-9cc2-cf6ac462375b,8b6a9af6-76d4-4619-ac94-fccb2001a1c5
4697,384,fe9a4022-f09f-4609-bfc6-86d617953ee1,0d247c9a-c97a-4d14-abae-fe2426740460
4698,3148,34d76941-7cd0-4f95-a4bd-f2a829a4edd0,fc284a25-0221-4547-8f53-9eec7787a301
4699,1119,af31f2b9-af28-408f-bc12-1a603a9e91db,62780a7c-2a85-4876-8a5b-7a16e4c35123
4700,3258,b9675a8a-6290-4a9b-8a7d-95d7405c02ee,1cbd36f2-ec61-4db9-81c4-fc132a2b8a7b
4701,3260,a2480e87-3940-4b6b-8131-ec79d67c2f4d,19267ccb-b14b-40a7-a437-f8e1ab812faa
4703,680,d98e2cb9-e1c9-4346-aeff-8a4fe2704c18,a21dd1ed-fcc2-4ba1-be05-e0586a4b54bf
4703,1149,d98e2cb9-e1c9-4346-aeff-8a4fe2704c18,1aca3aae-6727-4b0b-8029-da3e1cad0b41
4704,3262,cbd39838-b78f-4612-8545-6a040a38ca17,c7cf1f8f-13cf-438d-98da-d1cbbccf4dfd
4706,197,0d453266-ba54-40a4-b49f-08a7b546f075,56bc3b31-8017-4135-a955-bcab03d0118d
4709,431,b70bd2b9-e7fd-4af7-9276-dcd52eceb46c,a99ab47a-e75b-4af4-af55-7b24308971e7
4710,3263,b224db0f-b5b0-40d6-8d83-aae83bdd23e1,c2f931ba-e48d-4d18-b577-c6d37594a84f
4712,3264,97d8efc8-05e8-450c-b841-261f3c88f889,deeaf479-8390-4fbe-bb53-2f5b4500cbee
4716,3265,ee908f1f-c1bb-42e2-adea-7bd2bbb749e6,e093ebed-1b8f-4653-842f-85ed336536f8
4717,1378,6d853a46-c556-4b0d-acb1-01bb07074292,b96d31d6-18ec-4794-88d1-f39e5e6b5e66
4718,3266,7ce91849-a084-46c1-b043-7362d2f80114,96176bc8-45e5-4fe4-acbc-0831ca4bd6f3
4722,3267,7a839f8f-6ce9-46bc-8a66-18d35baea41d,bb4ea48d-7e58-4eae-9ddb-1a4b3d945fc6
4723,3190,af91b398-cca8-4762-b4a8-6a0a9f441eee,10e74913-82f6-44fd-940d-63469f05cd7f
4726,3268,c8f20b1b-2203-4d26-8b5e-bb76f5b62373,3745b848-85d8-43ab-bd24-c3843504f620
4727,3269,ddc50b20-d23d-42c6-ae5b-8f3f3a7f3d46,58e16a38-15b3-4ec4-8c88-3e74bc095318
4728,2687,08e60521-3680-4a55-a801-c9eb7656f3d7,49402eef-4afa-4235-a59d-9c932d80b800
4728,3270,08e60521-3680-4a55-a801-c9eb7656f3d7,40a8cb6d-19f3-45ef-b45f-f59ffe2771ae
4730,3271,d90a1393-2704-4fd3-9e8f-d9a60960749b,50341e2c-e4b6-40bd-a73d-3555885197c5
4731,3272,c6794821-cfca-4eff-a137-c21e451fc89e,98c02f97-981a-4bad-a50b-da44c56b129d
4733,3273,74a781fc-6d6b-4efd-8833-62315d8903a2,e15c0a3c-05c0-4a9f-aaff-93e89bf0559e
4735,168,fa22c392-ba7e-4ef3-a5f8-1c0f5910706a,311ce9a9-1813-4d4c-aeab-fb990271b27d
4736,3275,f5901572-07d9-47d6-ad84-c0ea328741f5,c5d5bc60-7a58-4afa-8647-d8eb3a882e9a
4737,3277,c90e6a34-7a6d-4285-b4f9-21f252d6887c,53d7d07c-8117-4653-8e77-c8e9af66e347
4739,3278,e180aa70-58bf-4d05-84ae-4b8ac91fa726,acd50ee0-59a1-47f6-98bd-deaeb12611c7
4740,3281,e883706f-9bf8-44e2-b855-e999e53f82b1,50316fb4-6de5-4b2f-9e30-0681eb7d0293
4742,3282,44972bf0-1406-46cd-a931-faf9995c1ac8,9500e80b-e4e6-41e3-b534-506000d6c1de
4743,552,6daf0159-380c-44e1-a396-f4c63946d59a,997f25f3-ef92-454a-981e-123cea1cab32
4744,354,477b5f8b-2780-4520-9a1a-755beabf6b2d,03f2b68f-01b6-468a-990a-b850073a31ce
4745,3283,69cad896-2e60-4842-bd5e-92762cb22c9e,730be632-ccb1-4e8e-85ad-c62ad157fd5d
4746,3284,3271e0ca-d92d-4f0c-8c08-4ad797e7c46f,af43a027-dc5a-4c63-bcb2-385ccb59219e
4747,3285,25edbf5a-47bc-40ff-894f-11b579fedba7,37852a96-066e-477e-b63a-1e987142dd81
4748,3288,0ebc606c-f0e8-4a0a-9274-cfd26a2a0628,2e253f0c-42d9-4026-8af6-747d2a126cde
4749,1129,d6f9bcc2-dbb4-4a75-9c0c-b74887beccdb,eebe1b5a-4daf-4933-88ce-29d8e80dbfb5
4749,2996,d6f9bcc2-dbb4-4a75-9c0c-b74887beccdb,e602801d-7810-4edc-9347-a1005556b1a1
4749,2997,d6f9bcc2-dbb4-4a75-9c0c-b74887beccdb,333cc708-acf6-4c57-97f6-4fd3c06a732d
4750,3289,08338d50-9db3-41e8-959d-1317fa96820a,e1e30b4d-c849-423e-8b9e-4f6439c50c00
4751,3290,55ac8fde-a87a-4b02-91a1-c75fd279e953,eefb9484-b86d-40b9-9bb7-0d197b4b5bcd
4752,3291,b097b104-7c57-4348-a6f0-243b9a4d5716,cedcfafd-ea91-49b7-86e5-40fc1eaf0d25
4753,141,82065160-0296-457a-ba8e-8c03f785ee16,72c404ea-77e4-4328-954d-539ba8d0fa64
4754,3231,051e9180-dd2b-41ea-a49c-6abc3f81925a,9951d2d3-7d20-49e9-9503-2953272b9c1f
4755,354,83b21345-5aa2-43e2-9b02-28fda9e5b866,03f2b68f-01b6-468a-990a-b850073a31ce
4757,3292,29fcb904-29e7-4e53-96c2-3f62c0bc9d25,1a2aa971-bc60-4e38-841e-36f17d9ccd61
4758,343,28d394be-97fb-4da0-a615-b57fef5d5534,fcf2c827-6c55-468a-ab2b-f45fd5400b48
4759,3293,fe7d3e38-0865-48df-8854-59fffe1462c1,815d7cb2-0212-414e-bd97-85c40bac5995
4760,30,ce3e060a-75ae-4098-93dc-d00a015782c0,bb7aae1f-3441-4535-9c63-08bdfb39f8f8
4761,3294,1f5f2e4c-5355-4715-9ab3-8cf2c3180617,0a7e977c-245d-40b3-8859-2658f475a34a
4762,3295,e4efe02b-8de2-4063-b1b7-00e4c8c08575,9eb74528-ff96-46d1-9820-ee1d7b17ae68
4763,891,5f8f525c-9401-46d1-af44-06568fcfb18f,323aa4b6-f7b0-48c3-af74-b230e081eb24
4764,3296,0287716b-a235-48bb-9f03-45d039a59c9d,549459bb-e772-4099-bf5b-1e4703ea60f1
4765,343,5ba1701a-9767-4b91-97f3-dd0750ac21c9,fcf2c827-6c55-468a-ab2b-f45fd5400b48
4766,3297,05722ce1-635f-497c-a4e9-d287ea81e374,0d09b220-d7ac-4e27-bfe0-5ce64c53828c
4767,344,77947f3b-cde1-44c3-a356-5814d4d3de0f,194e5283-449e-43f7-9fe8-7d0460106cc2
4768,3298,284cfbd8-440e-4f12-b778-d0ecdd18fe73,7214a0e4-a827-476b-945b-7ea2f6abf5b2
4769,346,ea3d5a22-c9e8-4cfa-82ad-29e89fd542aa,7494019d-1192-4725-873a-c09fde502136
4771,3299,8116f35c-049c-41a3-a2d6-055d0c525bbe,64130246-3f8f-4f0f-9eb3-9691a33f8ac1
4772,3300,de687fa1-e659-420e-8a1e-fe79fdea52fb,a6cc785d-07e1-4161-9123-e33b62011378
4773,3302,e2239070-d3e3-4c38-8ed3-0304bc08675b,160a694d-3b4c-4acf-acff-775b8117a46c
4774,343,7c3befa5-8952-47e0-ad62-f6af002be287,fcf2c827-6c55-468a-ab2b-f45fd5400b48
4775,3303,d224676f-f939-4983-a068-f9eec8a4bb52,293fa54a-1dfb-4968-b43c-ab65cacaf8ea
4776,3137,51f49a93-1aaf-4e79-96cf-f87afb963517,a5d531d1-407c-4d18-b4d9-7b49afe1759c
4777,3304,638d6f50-323f-4cc3-aa30-b9e9880b244a,a8b08988-c6fe-4f5e-a092-c6c81ff604a7
4778,293,20aefc07-ec52-4df6-bd99-b9c3a3ccb0e3,64c3a0e3-6898-4fa4-ba60-221c8a151432
4779,293,ed4134cb-3c80-4fc7-8732-fac320fc10b3,64c3a0e3-6898-4fa4-ba60-221c8a151432
4780,431,fa5dd40c-6e2a-4704-8cd8-88a3a7ba7f00,a99ab47a-e75b-4af4-af55-7b24308971e7
4782,3305,a4bd0afc-2e30-4fc0-8a2c-2ee9ec35ddb6,53e517cc-cbe2-4b07-95b6-ba665ce20a68
4783,3306,1d831c4a-2cc3-47bc-992d-afe685fc8aa2,6e42d4d9-9ccb-4e7f-8d63-985ca516d00b
4785,2505,30eb0d86-4bdb-4572-a198-5ca5185de324,cb057666-dd0e-4922-a1bd-badcd3404a3c
4787,3308,c4b1ca2a-7869-4f32-b4a1-e22c548582fa,4e8d3a4f-9390-4384-ad22-00c8accf23bd
4788,3194,59ba87a4-c722-462b-8d95-bedc25923369,55caa1b9-f475-4868-8e4c-a1f274659022
4789,697,14a1197d-f3d1-41ab-b000-a94d3fd11c07,8242437e-b47c-4bd4-b412-df20fe75a8d1
4791,882,c43f1e3b-a291-4a1a-a3dd-9a0e6944dc65,b09d0d9e-fcc1-4a9a-a664-3e857801d141
4792,44,0ddbbf07-6a9e-4b42-a206-1c929f9287f8,eade8dac-7b7a-463e-95c3-ee35fb7cd2e2
4793,3309,b8d404e7-2e86-4ef3-bce2-f6cc28d2182f,965d9cca-d84a-4cfc-94e3-b7ada46081d3
4794,3310,698bf8c9-50fc-40e0-b781-926fe5b44229,61788a87-ee60-4326-b591-63408f1f0a37
4796,3311,8668a5e3-8af0-4b7e-b0f5-871139aab194,1e642941-e0d8-4d5a-86ed-8327dd53b3fa
4800,3312,bb559439-7dba-4736-9d43-d8cb643e4f00,68e8f878-303c-4339-9b9b-9b9e3417fa1a
4801,3186,56f344f0-97bd-4079-91a5-e994a7dd9c4e,30b8a442-550f-489b-b129-f503e927a10c
4802,478,841aae05-5dac-4b51-a0b1-93120f1b6141,e68e0e90-0cff-4dd7-a439-ccf93c8ed822
4803,3313,87eea273-450c-4cfe-a95a-ceb089e0879f,dedec90d-45ee-428e-a19b-29cfc977dfe5
4804,3314,c28c29b4-22ee-4832-97d3-03d1b59b065f,dcaf864c-3958-493e-91c4-337d6a59d331
4805,3315,c28bdf6d-5ab1-4b8f-ac3a-32d73f06995b,ab8211ab-949d-48a5-b806-c128a41d8ea3
4806,722,ad6a7ce6-d947-4f42-a379-71805158cbc9,43449038-1124-4d6e-8524-32a27ee5d42e
4807,3316,b9772c7d-b256-4eaa-88fe-353723ff4bc9,db7e4627-ffd0-41ff-a1ac-0a26888d2aa7
4809,3317,ee207a1d-f783-46d9-9858-ad36b5a33c46,5afce38e-f265-4c89-a99b-2f50e19f1846
4812,743,f85d6fd0-52ac-4594-9b2f-7aae5c4d3dde,5e6eb25c-7fad-4828-bb5d-72a16ed79c1d
4812,3318,f85d6fd0-52ac-4594-9b2f-7aae5c4d3dde,f603c20c-48f5-4078-a8a2-9ab47c8052a8
4813,839,98bae10f-a87b-4606-bd8d-d7e4b52de2ac,75de45ef-a52c-439a-9fb4-034a8cb4b7a2
4813,1337,98bae10f-a87b-4606-bd8d-d7e4b52de2ac,2d273c21-be6b-438e-b0f8-5bb05b53a488
4813,2528,98bae10f-a87b-4606-bd8d-d7e4b52de2ac,56e06a3f-c699-48ea-805f-fd4cc3e553fe
4814,3319,5077ea0a-e7b1-4d93-8c20-c8576119c563,a4220a18-665f-4050-9b37-b137f802ac19
4816,3320,31590c92-760e-423e-9401-273a2636257b,312e5962-1da2-42f4-ada1-38586cb72349
4818,3321,5cba8563-e92f-444f-9083-22b834b4ba39,b2404c1d-d74d-4afe-b296-ce15fcf35866
4819,3322,63d3f66b-9713-45bf-b319-5d106f64d951,d2357c74-1e4c-474e-bf6a-09ea0e6c7638
4820,3323,1e887b6d-2f50-4fdb-94b5-eeea51a4b312,c1732a8f-9822-4bce-b453-ad25ddf933cc
4821,3324,059c9195-4302-499a-8c59-673146cf628d,8a0311ca-cca8-4dd0-a893-7aec462c44bb
4822,3327,f991799b-eced-4330-a8f6-77185c274832,15c85d18-72c7-45e3-bbe2-3ff879f0d008
4825,492,07f1f38d-0c73-4734-9199-384b6f6fb0c9,5a9208f2-2847-4ae8-aafb-4f736a8936d4
4825,791,07f1f38d-0c73-4734-9199-384b6f6fb0c9,f160cd4e-ee81-486e-a518-afd6bdd6bb29
4826,3329,38f5999d-9911-466c-af7c-00748c8c20c8,f9daaa4e-842e-4e41-bcd4-ebdced441297
4827,3330,ceabc117-05af-4b28-90ae-dd2448e8eaae,d7a45620-ae99-4871-919b-d1508333e705
4830,3333,02ea900e-30f9-4c06-ab01-47147546f28d,b3c70e7d-1cc5-4398-9c7d-977b174cf2d3
4832,3334,4def453f-166c-493f-b7bd-3f9d42ca5d49,f81644af-96f6-430e-b057-a592308df626
4833,3335,d95e32ab-faa1-484a-8f86-a3ee2f92ca9c,3a227a48-1de9-4eea-869c-fd73819a2c44
4834,3336,44da38f0-88d2-4a35-b646-534d3df3a829,d07f2a54-05a4-495a-9e9d-f075e164f3fe
4835,3336,79f25f79-73fe-4a9d-aa21-bd4d79254a8c,d07f2a54-05a4-495a-9e9d-f075e164f3fe
4836,3338,56db34aa-f3c0-4ede-b943-801cfc17998b,003364b4-39b6-4a7a-a286-4ca4130ee16b
4837,30,c7ee166c-c35e-4599-ae83-f49fca40639a,bb7aae1f-3441-4535-9c63-08bdfb39f8f8
4838,3339,24f3b703-3552-4a6d-9280-4c87ca523cd2,de727e5c-8b79-4083-88f8-c67b2cc2019d
4840,3330,d4399091-a5df-4d2d-9794-e36d33c32a45,d7a45620-ae99-4871-919b-d1508333e705
4841,3340,7eef1efa-c1d1-4442-80c7-9bb2824b2d61,e07b1b3b-ac83-4031-914a-befd667f5322
4842,47,756f7a59-8f5e-415a-b689-b26dd592a6c1,d998dd61-a973-4192-b73d-f5961da87be9
4842,210,756f7a59-8f5e-415a-b689-b26dd592a6c1,a43b4f36-2068-42b8-839b-a71b37ac1a7c
4842,2805,756f7a59-8f5e-415a-b689-b26dd592a6c1,2393abbd-2b3f-4516-8bcf-55c7764ad849
4843,30,cb2a9781-53c4-43cc-af9f-bc8e26c63aca,bb7aae1f-3441-4535-9c63-08bdfb39f8f8
4844,431,3baab244-2a82-48f7-9a80-8e57f40c0638,a99ab47a-e75b-4af4-af55-7b24308971e7
4845,431,8ac5736e-eb09-4846-9d65-a81b1045578c,a99ab47a-e75b-4af4-af55-7b24308971e7
4846,293,18638068-2a62-47ec-bb07-72ebd69d290d,64c3a0e3-6898-4fa4-ba60-221c8a151432
4847,293,bb004270-4a5a-4317-8b84-5d1f163f7be1,64c3a0e3-6898-4fa4-ba60-221c8a151432
4848,431,81aec360-40a2-45c7-98c9-a6c1144ffdf9,a99ab47a-e75b-4af4-af55-7b24308971e7
4849,293,d533f028-eefa-46f7-ae57-ce41011e2521,64c3a0e3-6898-4fa4-ba60-221c8a151432
4850,293,bf0dd9c9-48d0-4b31-a89a-ffea4030f089,64c3a0e3-6898-4fa4-ba60-221c8a151432
4851,293,7fa6cca2-dba6-45b4-a0c7-8df6d92c44c6,64c3a0e3-6898-4fa4-ba60-221c8a151432
4852,293,f5a6112c-b5d2-42a3-8f0f-4c30d26ceed8,64c3a0e3-6898-4fa4-ba60-221c8a151432
4853,3289,f99e7335-ca44-4df4-8398-2b85131143c0,e1e30b4d-c849-423e-8b9e-4f6439c50c00
4854,694,b2009a6f-736f-4725-9714-1d5bcc821885,30505053-153b-45ed-a2da-6d8599a8bb72
4855,3341,13732bef-4740-479c-a53e-e685826a9793,446c3b93-2f61-459f-9e95-7a3f506c08be
4856,624,491b83d1-4a73-480d-9eef-f35f40d77e94,4c668799-4402-4728-8120-bd025091512f
4856,3343,491b83d1-4a73-480d-9eef-f35f40d77e94,94e302f2-a27f-44ee-bbc2-51e5457f8cac
4857,293,43cb984a-549a-4e8f-9531-b9af5a1f9195,64c3a0e3-6898-4fa4-ba60-221c8a151432
4858,431,401a5764-d64d-4899-964a-5ae19810b933,a99ab47a-e75b-4af4-af55-7b24308971e7
4859,293,0ec2f67e-138e-4d23-a18d-2188599df668,64c3a0e3-6898-4fa4-ba60-221c8a151432
4860,293,689df30b-6a41-4e65-8ba1-b2b1a316f09d,64c3a0e3-6898-4fa4-ba60-221c8a151432
4861,293,30e0f1ca-eeb3-4cea-836c-1eb9a34af944,64c3a0e3-6898-4fa4-ba60-221c8a151432
4862,293,b168769f-c05a-4d78-9e14-e5d0c112e737,64c3a0e3-6898-4fa4-ba60-221c8a151432
4863,293,4ec4d060-e336-45e2-89a0-933e31b7f576,64c3a0e3-6898-4fa4-ba60-221c8a151432
4864,293,bd1301f7-40a6-47dc-9960-c231f6183d4d,64c3a0e3-6898-4fa4-ba60-221c8a151432
4865,293,522e0cb5-8934-4392-8e12-4beee13b1fcc,64c3a0e3-6898-4fa4-ba60-221c8a151432
4866,338,91a28f8a-5e71-4dc2-be5a-50a16bc355f0,9adac9b4-48d3-4a9f-92d5-1ff1005b8272
4866,2681,91a28f8a-5e71-4dc2-be5a-50a16bc355f0,78243888-8662-4ffc-8d35-bd0b4e0eaa63
4867,378,6632f4ea-270c-486a-8e63-40fb1a4fe84a,53063713-2662-43d3-a6fb-0ad606d92625
4868,503,864622a6-4f02-4cb7-8625-2c57b2ade2fb,c047e841-f85a-42b2-9df3-e1ceef4b6ec9
4869,293,6c0f9089-5c5d-41c6-9447-873e9ca322d9,64c3a0e3-6898-4fa4-ba60-221c8a151432
4870,3344,876455db-709e-423c-8bbf-375ad9b03bd3,9aab05e2-91fe-4a52-85ec-eefa175649fc
4871,3347,9bda9dcb-2030-4855-bcae-85d92056660f,08511ad6-4dc5-4796-aea4-430d2a353fc3
4872,3348,c4c01148-fe01-49e9-809a-62482782935c,ddebeb10-3ecc-43fa-9315-7d810d2f4380
4873,3349,061a0fb0-3ee5-4d28-a95e-75da6abe1d5c,10ba10b4-66fc-4839-b535-b970abe4e6e8
4876,3350,2a185722-01a0-4c09-8282-1c69c2b9dafd,b37b058e-a54c-4ea6-bf9b-e46df69f8140
4876,3351,2a185722-01a0-4c09-8282-1c69c2b9dafd,c18f00e8-33e4-411c-a951-ca200268465f
4876,3352,2a185722-01a0-4c09-8282-1c69c2b9dafd,1b8e921c-3109-47bd-9b6a-e866bd569484
4878,3310,068d9780-2c9a-42d8-93fa-7aa3430b38cb,61788a87-ee60-4326-b591-63408f1f0a37
4880,3190,d9118315-c7d7-44e7-a7eb-3a83ea3995d4,10e74913-82f6-44fd-940d-63469f05cd7f
4881,3353,80d6ea5c-e6f5-44a4-9c73-56304b295320,bd821d20-1f77-4ebe-b049-32caeb410088
4882,3354,b3e24bc0-9330-4898-a75e-da2fef2ff668,9c45133d-d4a5-473f-ad41-706a9a38baa0
4883,3356,9714a3b7-dedd-4ecb-b942-d561d5a79be0,b05ee391-7b25-4b9f-ae37-05512909ba00
4885,3359,3cba616e-c66b-459c-8fd7-8df6b51eba97,5adfb2ad-38d4-4b36-b97c-17a8643e0c3e
4886,732,474e6a3c-4124-4892-b70f-52c67544cdd2,6c3a9a9f-3df0-4580-ab61-b7fe0c40af7c
4891,3360,0aad6564-4d39-4b50-980e-2171f8c7f992,e79475b0-4778-4233-8ae2-46d3473f42dd
4892,3361,7f46810e-6708-4289-963f-56f999fbb1ed,077f5173-c236-448b-b234-d89116bbb3dc
4893,3362,57d0f927-fac0-48a1-adef-840bd29e1232,7e33be76-6b51-4f6e-adbf-f0885ee49f2b
4894,3363,5080f2f8-6f29-4a42-bace-2b995951415e,a467d2e6-9532-45cc-b608-d6119437749d
4896,3365,4cf14da1-db2f-4236-b7a4-20eb8c1ecfd6,2baa72e2-98d1-4355-b8e9-b40ea06ad880
4897,272,01cd506f-045f-40ba-b4cf-bf1858e998df,7e8e97ed-cd1b-4ac2-b894-b1a1c2e74060
4898,3366,d432bee5-abbb-4a13-ba46-2ce6baa19769,5129289e-ca17-4ce9-b4b7-7743d2206cb5
4900,3368,f33ea7df-e889-462c-a816-19bf68834272,c755f603-8cb6-4b2e-a28f-efb624a8f339
4900,3369,f33ea7df-e889-462c-a816-19bf68834272,ad6b163b-39cd-4de4-9723-57f08207b81a
4901,2603,65001728-6af4-484b-8644-de2857894489,cf84f64b-12bc-4339-b7e3-a7d4f6027d7c
4902,3370,1687a56d-13b7-4586-b038-b82ff84482eb,9712a7f6-8975-4e0a-9921-d3b738025687
4903,3371,d9e62039-a5e5-4605-8c6f-3c293aae11b6,a1e94c71-bd47-4fa9-b027-03630c25f2b3
4904,3372,d88dd2ae-1525-4297-af5e-b6a9c2b06a8f,3526503a-acdc-40a2-babf-1ca2e35b8d9a
4906,3374,d08f2503-e8c2-46e4-9d0c-0da3fed01e9d,503cbf16-0096-4452-9d0c-3361de0f6471
4907,3375,1fba6b90-7d6e-40fb-832d-5ee9e0b95591,38131092-4824-486e-8e60-0892a814d3b4
4908,3376,f6354921-86ca-4e3a-9b9f-bbbf3fa67837,a664f01b-3985-4ace-a203-aef7d03f1151
4909,3377,d042a3f7-762b-4598-b653-b8ab93ce04e4,9dcfb424-51e1-4e89-949f-fd8d6be58a26
4910,3378,8e832191-6f3e-42b9-8429-d12fb2329eed,7bdaa1ea-66f7-41ec-967e-a7f5d9a4fbf7
4911,3379,9f4afa1f-a9db-4b1b-ac41-1c0cc887f223,dfe5fd75-291d-43ff-a73f-02334bdf0d58
4912,3380,52d3f61e-4c31-4408-82ec-4cb5d0714c9f,0bfcea15-ed4d-44ac-ad18-77ddf7ec3b00
4913,3381,ec7aba8c-d160-4294-9d3c-9d5475dd3c5d,b020032e-0c6a-471d-aec5-bf116968d123
4914,3208,993dcc84-1766-4083-8cfb-60768e7d862f,3e4c1328-c8c9-4bf2-91f9-1be29b78cc35
4915,3383,7236983f-b981-453f-92f2-7163b81970e8,b4283a16-405e-41a9-9b0e-bffc1bbf2ce3
4916,3384,6c90084e-3f47-4ac9-92d8-a011e197a4fa,23504a2e-2f9a-40bc-9004-17e06a7bb31b
4918,2523,95f5f081-93dc-4f2c-b2a5-fc2aed548af3,96d6c898-2406-4268-9c2b-8f704a9e1160
4920,732,ed6dfd95-dc55-48c7-b1d1-abbc025a22da,6c3a9a9f-3df0-4580-ab61-b7fe0c40af7c
4923,26,bd444bfd-d085-4b4c-829c-f2014574c82f,db34c8a2-a139-466e-9f33-e8fca9123462
4924,3385,189428dd-17b3-456a-a4c0-711d8fabeaa5,df14e3b2-c7ce-4106-94bb-bb7c3e4d7e56
4926,3386,9dce8b17-3ce5-4304-a2ec-7a2ff3f53176,8d0ce9fb-47c6-4676-9348-805fa7e4977b
4927,3387,f70ba0cd-1440-4db5-8593-73c5ea7b7aa9,d077cfcd-bc72-4f5d-9595-254a66befd9b
4933,3355,e12e3da5-b9ae-4bcd-b90a-0948540ce8af,9feae061-ee5e-4d3b-8400-d3b1547f9039
4934,3388,b214586a-a4df-49f7-bbf1-5eda602082fd,84d95794-f684-4f07-b640-88aa57ad49af
4935,3368,126b5e83-681b-4020-8e52-98c3ecf7770f,c755f603-8cb6-4b2e-a28f-efb624a8f339
4935,3369,126b5e83-681b-4020-8e52-98c3ecf7770f,ad6b163b-39cd-4de4-9723-57f08207b81a
4936,3389,7e666df3-65ab-43c9-9b57-17a13a056046,60b63097-0353-48d2-bbd3-b1a490481670
4937,3391,4b12b4ba-29e7-4135-98c5-b6f68107fc9d,9d69446c-fe03-40de-823e-b165f488721f
4938,3392,fe38ade0-e064-476b-a96f-d952b95cf50b,4c584427-4f16-488e-a853-e3bb8f794a01
4939,3393,842bde38-c32d-42e5-8cb4-b5759724d577,997ce85d-eac1-46a0-a53f-c4b2c461662b
4941,3394,e58fe080-11a0-4f73-bd0d-2b43e12a8947,ea6a5078-c7ac-4a51-9516-4f0039c1eb73
4942,3068,c1b55843-6133-4561-89ba-de6a57065d72,19d06443-59bf-4e97-9804-7066bcd14130
4942,3395,c1b55843-6133-4561-89ba-de6a57065d72,0b46f246-c89c-47e8-969b-d94c5bfea607
4943,3396,7cb69cfa-a1a4-47b1-be06-b1131574b4df,ca1ecf49-f7d0-4e06-88fc-de86beab8320
4944,128,752cc56c-9c93-4418-aaed-a296b586eace,16ba28df-8e3b-4176-bf27-a06ee421c13f
4945,3227,a42569b6-74fb-4163-a417-eb8cd5d7baca,c87708c7-ed4e-40e2-ab47-402a8e2b719d
4945,3228,a42569b6-74fb-4163-a417-eb8cd5d7baca,cf4a4167-875a-46a6-ad24-ef406dd77326
4946,3397,fa511446-790a-4078-baba-07c5d3ed08bc,83008914-0e3b-4039-b6eb-9aec6cb663ac
4947,3398,63f35818-1bcb-420d-adcd-52d798f7c439,31c96707-e6a2-4efb-aeed-20ddc0235379
4948,3400,7d4834dd-5a83-45d7-90f6-657514952dd0,d303bfca-44f3-4fe6-9ddb-e878e747edc7
4949,3402,e38004f9-0b7c-422a-90a8-fd8193cdfba9,e2831fb3-4af0-49df-8b0b-a2f2350bb88d
4950,3403,0ca49ca5-e7b5-4f73-a1fb-2aa44391e006,a5e958e2-35c6-4da5-95e4-29abd10e9b46
4952,3404,e83a9ffd-a7ce-4dee-a4de-72d52e6aa320,e501aa2d-fc48-43c7-8bd6-a6c5e28ac439
4953,3405,466cb264-dd0b-451f-9d38-c54d4e9651d1,c0234f6a-d9cb-45eb-b19a-e9f5e8f57e5a
4955,3406,17df211e-9638-48bf-86a2-8f695d2956b0,9337eae1-3e97-4705-b556-60981d46c65a
4956,4219,d8c60c48-d49b-409d-80f3-7afc905e3ccc,727afd59-f96e-4b8c-abf6-eea29c988169
4957,732,47fe3545-80b7-4da2-88f6-2d798cf182de,6c3a9a9f-3df0-4580-ab61-b7fe0c40af7c
4961,3324,c8a0012d-308c-4e27-83fa-58f0c752c344,8a0311ca-cca8-4dd0-a893-7aec462c44bb
4961,3408,c8a0012d-308c-4e27-83fa-58f0c752c344,d8174d0f-5729-4998-8172-379de92b205f
4963,3409,9e168814-606e-4f45-af27-6b86ceb28b08,c0cdf84b-9d74-41e4-9070-8662ce69545b
4964,3410,881198f0-c92e-4a79-94a2-3bc4dcf34103,00323630-bd00-4f8d-92a6-dd0937cb1081
4966,3411,d4a30d06-d5e4-4868-8f0f-5bf97ad3b563,94787662-c6af-4d74-952a-8bb9ea788aa7
4967,1117,98716962-e331-4fed-a7ec-1d2d61cd18f3,9cfb643d-8365-4dbd-b8d8-11195ada6c64
4968,3413,a93cea63-2076-44ea-908f-eb9548c26f12,846ac0a6-e47c-4656-a848-39cb0b390c38
4969,3414,9c688899-4936-4e8c-a793-6addb067f09c,10763398-7ef0-413c-9cd6-d30d7f6a184e
4972,3350,8b138dbf-f58c-4f66-ab29-ef693c767235,b37b058e-a54c-4ea6-bf9b-e46df69f8140
4972,3351,8b138dbf-f58c-4f66-ab29-ef693c767235,c18f00e8-33e4-411c-a951-ca200268465f
4972,3352,8b138dbf-f58c-4f66-ab29-ef693c767235,1b8e921c-3109-47bd-9b6a-e866bd569484
4973,44,1031795b-89ed-4085-9a25-7c0674c38c9d,eade8dac-7b7a-463e-95c3-ee35fb7cd2e2
4975,723,7a9d2227-a704-474b-9b7b-b7af4deeec97,4187d319-dbd0-40ce-983a-25a836d3cdf0
4976,3415,38632ce1-76fc-480c-a9a3-834472957cc8,16558a30-b868-41d8-aa86-87f3f31f0aa1
4976,3416,38632ce1-76fc-480c-a9a3-834472957cc8,33dc0311-5873-447e-9821-af75ae4de63d
4976,3417,38632ce1-76fc-480c-a9a3-834472957cc8,ace17d5f-42d2-4174-81ec-5ae5c674408c
4978,3418,60cc77c9-7108-4a7f-8239-7427e4d407dc,13972484-36c7-4a5c-8664-07d2c22767c5
4979,3419,a0939eac-c049-4124-89b6-88b009234ca1,f8f528ab-73de-463e-be11-061677d9d0db
4980,3420,fc5f8528-ba1b-4ca3-a9ab-61e8b26d8ee3,0d99b13c-53ed-41ec-a0f4-061716b730a0
4981,3421,be44a0e1-7fa0-4b86-b205-1988d77971c3,e1129d20-fce2-469a-a818-503729a23f9c
4983,3423,f8a8c8d0-f111-468c-8aff-18949f49c16b,9cafd13d-0216-4c1c-ab34-62484dc35b9e
4987,3424,c431e9f5-2526-4942-a605-df0a94491ce0,c574a3bd-217d-4aef-b19a-22de0bc36047
4988,3425,3f273b39-bc0d-4007-b398-d37b8888dd24,aea4ad78-eb15-4d59-9fae-ecd45717ac55
4989,857,ad0bf515-9b29-4763-9356-efc9ce6cb826,7592e041-8f40-4fa5-af73-fa061140298b
4989,3427,ad0bf515-9b29-4763-9356-efc9ce6cb826,5558eeb5-e6bb-4e3e-b5fa-32babe30e902
4990,3428,27418d6f-b427-4e3a-95a6-af248057a24c,d75a4c1b-37fd-4d4d-8f8c-33cabba90231
4991,2505,6320a1d8-5590-42ad-8afe-cec1ec44e5d8,cb057666-dd0e-4922-a1bd-badcd3404a3c
4992,3429,34e716ad-8c9a-48c4-9852-4f5509006245,71eefd0a-a315-4f9e-b81e-654f3cf6fd5c
4993,3430,9859ba19-1e56-472c-92db-ae8291abb6d3,03bc5b00-1aab-473e-83c0-2f0c453b7428
4994,3431,91b0e0b7-9981-43f2-9aa9-e353578b82d5,2eb5fa4f-285b-4dab-8340-d191b9404b4e
4995,3432,0d3fc6a3-80aa-494e-9ba5-82f3ec1022d0,5e1a99b3-7d3d-40e7-b92d-756eaaaaf24c
4996,3433,6b427505-7a6b-4402-a5c4-fcc3328dd090,50b6bcd3-2731-46c8-a3ba-477a4d19ae4e
4997,3434,9ef12b44-9509-4bda-ba3f-008c2836b789,5a81818a-6d22-4326-9f05-7f6f2d040fd2
4999,2748,68a41000-ea7c-44e1-9617-e6530dd6995c,444428eb-1936-4a57-a180-9b3ad0adfa4b
5000,3435,2e86496d-a74d-4840-8992-dc1ca1abeee6,1d2a02d5-4422-4215-9185-8796016d473c
5001,3436,3a0182f4-9c79-461d-aa81-f2d0c1126a5a,34b1050c-f228-4048-9d92-99c8ab053801
5002,479,bf58f538-899f-4640-b9f2-2e3ba5d607d8,3b73d655-2604-4232-a7d2-43995bab7677
5004,3437,09050b34-2ab2-4e45-811d-ed582f6a2dac,fba9051b-2a0d-4d58-b803-324497638a72
5005,3438,ead9751f-a48f-4318-89e1-864f9ac8102f,fcd32571-44cd-4958-a947-bb8d05259994
5006,3990,e14d85b9-2859-438b-87ea-65676ab8bc49,0107c82b-7263-45ca-a11c-8f72eaf9dfb6
5007,3439,dc612f85-e6d6-43ce-ad42-4370c233b5dd,aa3e1d24-36f2-44ff-8339-8bc282b41d69
5008,3440,5f2be574-566a-412c-a168-b835fd8683ae,cce6f2e4-f061-435a-80a3-b73eb6862bfc
5009,3441,b41437ad-e324-40d6-9f7d-de186acd7768,3e2bf5a4-c22d-4c36-8750-3bade3d60213
5010,3444,8d964bde-c188-41d3-a419-7136b72a89f9,3f91baf1-fb6c-4a8d-be42-cb4e5e054b90
5011,2546,4ded21fd-4e68-4244-a2f7-450fb720022a,ccec7bab-2562-4ba5-be10-ac0c0d354a91
5012,3445,efe82da9-acc4-4eaf-944e-f5635f14a5c1,bbf556f9-de4b-4aa4-8795-a29673df1e96
5013,788,a12012b9-f40c-49e5-ac74-74aa8cc943af,01decdee-8d38-46e3-9c57-099df17b3058
5013,3446,a12012b9-f40c-49e5-ac74-74aa8cc943af,e8f8a167-1f13-44fa-a65c-de3e2037d6ca
5014,3447,89071cc0-c676-48f5-bc43-d2da681a75ab,67e90f83-0863-413b-8c58-c160e3924e2c
5015,3448,50edbf56-f584-460c-9e73-3b52b69351f5,2dfd5700-e573-4a75-9346-62c1d74d4760
5016,3194,4a01011c-a3aa-4172-9d7c-9bad319ff63e,55caa1b9-f475-4868-8e4c-a1f274659022
5018,3989,5e7cf698-5b8d-43f9-b9c4-569f302addb1,1be317eb-a69a-458c-85ba-02bf76d1123d
5019,3450,e1d7bb31-b9df-4188-a952-a4c894a1185e,8819e2ef-cbdd-4a73-a563-282f33f9416e
5020,3452,720828ba-216f-4d0e-bab3-970b185149b5,6370d68a-2d11-49bd-b813-c27a29fafbce
5021,3453,1b2fff7b-a831-4186-8167-0d2d2ddfe348,2498537a-bea3-4696-a451-9520c970d910
5022,3454,45d4edab-f480-4fa1-804d-31037055ab7e,6d5768c6-7f93-45f0-9436-a4c45a91fd6f
5025,3455,4c6d531c-0864-4254-bfcd-972336528f1d,a4f6ef0f-dc4c-4f87-a2f1-3e1c75d8a15e
5026,3456,1ba3b784-e403-4818-a725-7ee8b5fc7bcc,de7e46f8-51d6-42fb-a3a8-d8b7d4f1eb29
5028,3457,01b54c93-6739-43f9-9be1-300894f91b71,41aba852-421a-4306-a417-ea0a28b3a7da
5031,3458,6e66771c-cde5-4a16-96f0-e9d2cebfdcfb,8dffd429-a19d-475a-bff3-74cc634c6783
5032,520,70bfa357-1f2f-4f9b-95f3-31c821ff8afe,6b372a3d-7d01-499a-a4a1-87a9610e13c9
5033,3459,ba8698be-0cee-419d-a56d-e37bef69aeb9,a8e2f4ff-b868-4f3b-89a9-c88a84c83c4d
5034,3460,b662626d-ce41-4167-8512-1463b483679d,e838ef2e-ce4a-4745-85d9-2eb5f2f4a942
5035,1147,1c08329d-1da3-4d83-aa1d-d7062c9e3b0e,254176f7-ce3a-4da9-ab9f-8a436da7fc04
5036,3462,3f79ea00-63fc-4f91-82b6-10fd30064e7d,171cf94b-5d90-4024-a67d-1e66afc71ab3
5037,3465,dc19b834-4a3c-47d4-b7a3-bdf34d3c3836,0100e073-165c-42a7-9eb9-5679674a5b46
5038,3467,7da96419-c7df-4433-b254-da2b7800e755,9e2c7ff2-9226-4c15-a7f9-3a4da7ee7140
5039,3468,bca377aa-f047-4209-827b-92f91371247c,e8b9f85b-65e2-4299-902e-06684d6c04d4
5040,694,c78af999-80ce-4076-b141-5cf3333be459,30505053-153b-45ed-a2da-6d8599a8bb72
5040,1391,c78af999-80ce-4076-b141-5cf3333be459,e3eecc86-a3a9-4575-80f9-847a3ce3cce4
5041,552,4d541145-3400-40e4-94cf-28d77a8193a8,997f25f3-ef92-454a-981e-123cea1cab32
5043,552,c5b7bacf-b41e-4486-9568-65b56c379bb4,997f25f3-ef92-454a-981e-123cea1cab32
5044,552,7eade71b-9efa-4219-b6c2-63191a4fd8ba,997f25f3-ef92-454a-981e-123cea1cab32
5045,552,49e34200-6819-4bad-837f-2ce3f47a0665,997f25f3-ef92-454a-981e-123cea1cab32
5046,552,f6dd1f53-c4f3-43c8-a6d4-80ff7f609000,997f25f3-ef92-454a-981e-123cea1cab32
5048,391,98baa6f4-8593-498a-97e8-d1273e62dd11,55382b90-92da-4c43-a187-5e850500cca2
5048,393,98baa6f4-8593-498a-97e8-d1273e62dd11,d0f998fb-2c16-4ea5-a5ad-b6bc9b520197
5048,749,98baa6f4-8593-498a-97e8-d1273e62dd11,67fad100-f88a-4cb6-82ac-ea8b614fcf56
5049,128,ba88a719-f886-4b43-9641-344e01955222,16ba28df-8e3b-4176-bf27-a06ee421c13f
5050,733,609a5217-4ab2-4a5a-95b0-8ef48f19bd6f,1eef30f6-a85e-46dc-bd4d-ff1b5ee7180d
5051,1285,26d4c131-345c-4099-a48e-08ca00212cf4,c3511e44-96d3-4b6c-8252-950e92d2f030
5052,694,c42c5476-dc96-4dfc-afbc-66e134d8c15a,30505053-153b-45ed-a2da-6d8599a8bb72
5053,3470,d6c8870a-8365-4802-9c66-e9b02c1df118,e5b1cd51-f473-48c9-a804-8d626bdd3dc3
5054,3471,54335d81-fb4a-47db-a0aa-e21016279127,3d78c1a8-b226-4bb5-a2a4-7579754b8bcf
5055,3472,4f9c70ba-a280-48a8-b476-aa227fa6a0a9,082546aa-e18d-4bd5-ad5d-08306c2bb6d0
5059,789,9742fdd2-1d43-489e-a791-62de690b4d34,60beed74-2c1d-4188-a259-86d46eb999ab
5060,3474,9910339e-716b-46bf-96f5-27d4b76aff5d,2b28fc1f-9130-404d-99f1-1c391a1543c6
5061,552,b76329a1-c689-4418-87e6-cfd9be88ba92,997f25f3-ef92-454a-981e-123cea1cab32
5064,2542,659acf51-03a8-4ce3-a453-dccf018b6ba8,6b9176bb-9d1a-4334-a0bc-28e8860956ad
5065,3476,285480d3-98b2-4aaf-a015-b098c37d80e8,da5008dc-1ae5-48e6-9157-9cb7d09e6afd
5066,3477,ededd0ef-faaf-45ff-97e3-65fc2931d879,27958802-2b5d-4bcc-8780-1c91e37fd24d
5069,3471,c01f5cb4-a62f-41c7-85f1-c26d6fce7dd1,3d78c1a8-b226-4bb5-a2a4-7579754b8bcf
5071,301,8d3ff944-fa23-4074-a125-4c8f78e5d95b,4d5aabd5-d7a5-463f-80f2-d58358fb88f4
5071,3481,8d3ff944-fa23-4074-a125-4c8f78e5d95b,d1b6a317-c8c8-4fbe-9394-eaff826cd2f1
5072,3263,6ed20021-31b5-4056-a330-12a1ef9b034a,c2f931ba-e48d-4d18-b577-c6d37594a84f
5073,378,75be7184-5b1d-4bf3-94a5-3484c46dc632,53063713-2662-43d3-a6fb-0ad606d92625
5077,3483,2115feb7-eda1-4a0a-b1a2-cbd88b72b0e3,3bd35c1d-f86f-435f-9904-3160fe5e9691
5078,3484,29548d65-9db1-4e52-bd89-e2b302dedb89,5c47e768-8819-41b2-b8d7-7147df3938f6
5080,3485,8d9de127-9479-40c3-8def-39d4b951db94,c871d555-f816-4351-8261-827a967b0e48
5081,3485,2965fdee-6050-4427-afac-ad91882a6766,c871d555-f816-4351-8261-827a967b0e48
5082,3487,802492d9-b0de-4bde-b4e0-405b54c66f7f,134d6f0e-f172-45b7-b6c6-48379716ead3
5083,2786,72f0de8c-c011-48be-a6dd-3d1439cd48fc,90f9cacb-e533-4173-a00a-d7fc07024c65
5084,3488,79665e6e-a174-45e1-af43-9508f1f66393,ee70efea-b4ca-421d-a1d7-5dcdf7e7cb8b
5085,4044,0853a271-553b-48be-8611-f074598a5bf0,cabae2a2-586e-4373-9453-684a3436c34f
5086,3491,3fb85d29-953a-4297-818a-e4176e0132b8,f8df5628-a124-49fc-adbf-5b35d453480f
5090,3494,e84de187-e81a-4f28-a9b0-c5437af14808,3e84d096-c197-4dca-974d-6036ce74dae6
5091,3496,8e1c53b0-f55d-4e07-ada9-49231600c229,3e4a1e57-5752-47bd-9838-3bca655c5a41
5092,3497,a07fd5d5-b020-4e15-a18f-ec7809861629,0121ab97-385d-40f5-8b36-7493162b9d97
5093,3499,a6ddba0c-4416-49ee-b49a-35b3f4fb7562,454a0824-7860-4df8-8380-4062a1276cf7
5094,3263,3873daf0-826d-484e-a70d-a6b8f2c8a570,c2f931ba-e48d-4d18-b577-c6d37594a84f
5096,290,a3417f97-6840-4157-abb7-42f10448346b,b888df17-98ca-4b4b-b3b8-e6c2ef416803
5097,338,8a284f55-7005-4b3c-a1d6-1545821068f1,9adac9b4-48d3-4a9f-92d5-1ff1005b8272
5097,2681,8a284f55-7005-4b3c-a1d6-1545821068f1,78243888-8662-4ffc-8d35-bd0b4e0eaa63
5098,3500,37370665-8d1f-476e-84e1-91eaa7a9538e,7537045a-bd4d-4c97-9150-ca5d7498292c
5099,3502,58159e9c-eefd-4f3f-b3fe-1d9bc21189a5,11bd12c0-047f-4d00-b29e-c6602d72a249
5100,3503,7276fcb2-51bc-4b21-bed0-fddb0baa8820,8f4960bb-7d1b-4995-8c95-cf5d1c33486a
5101,67,c587c939-a03f-46b7-9015-9b0d4497160b,f2095865-bbc8-408c-a50e-3a3a62630f2e
5101,3504,c587c939-a03f-46b7-9015-9b0d4497160b,12e75dfa-7008-45cc-bc85-7873526860ae
5102,3505,a07bf5cc-504b-4aee-91d8-b84b46499d7d,d4ac7221-c65c-43f6-99eb-4ed169cced96
5103,2867,620f55ac-3086-4ef4-94ab-ea739591ee3d,c86fdb92-eb6c-41a5-b00b-97a963ca2d97
5103,3506,620f55ac-3086-4ef4-94ab-ea739591ee3d,d39a8fc7-5904-446e-a890-f755232a15a8
5104,3508,3cc14223-5ec4-42c9-96cf-2031f1f8fb51,0d15438c-4158-486b-9065-a846a9d16b35
5105,2883,5b581e1b-9e3d-448a-aaab-2a703d764e48,8eb40d9b-5b98-455f-8e24-ffed052c8da4
5106,3510,92830216-90ae-43d6-aa46-00bb18b7bb60,6ac87da0-912e-49fe-9afc-1a01794bbbca
5107,30,4c2dd213-8add-48be-990d-268381fd5e3a,bb7aae1f-3441-4535-9c63-08bdfb39f8f8
5108,30,61dff0b0-aac8-46b0-991c-5e155b70187c,bb7aae1f-3441-4535-9c63-08bdfb39f8f8
5109,197,e8f2cdfe-3c33-4b4b-8cbf-71670e9727cb,56bc3b31-8017-4135-a955-bcab03d0118d
5110,2851,24a89410-8b3e-4274-9ce5-b9e257544c3e,633e0df1-0ff0-4171-9b82-494883a864c9
5111,3512,908989ac-a3e7-4ce1-8609-7d2c15c812a2,97cb196e-986d-4c34-b569-c6579268fa10
5112,3513,0e79fb40-7907-4263-82c3-56a2c7e8e762,a5decf6f-a9d9-4ecd-9bba-19ed80c989ed
5113,3514,9a648079-e809-48c7-8580-040b16cb1a0b,46ce0afc-6fc0-48c6-8a29-f100cf7ffb82
5114,3516,dc92222b-313a-48cf-93a6-3057fe89e1a4,ae7f1e0e-2df6-47dd-8c1e-09b60d448855
5115,30,5a98321e-105e-4e02-99db-99182115c48b,bb7aae1f-3441-4535-9c63-08bdfb39f8f8
5116,135,6926f150-5477-4bf0-a556-49abafedd88e,e1dbf5f0-dc27-442c-bdb2-5fdcccfa9bbf
5116,623,6926f150-5477-4bf0-a556-49abafedd88e,e0eddcd2-cb83-4399-8650-33501392181a
5118,3518,ff9f9c29-708b-4b8b-8160-7eaf802e7459,0472a33e-cfe0-4367-bd02-457d5a9d0d4c
5119,552,f6ddf91d-f1d8-4cc0-9243-63b8926fbdc3,997f25f3-ef92-454a-981e-123cea1cab32
5120,697,00bad5ce-1608-4bfb-ab12-2db8464d1c8e,8242437e-b47c-4bd4-b412-df20fe75a8d1
5120,698,00bad5ce-1608-4bfb-ab12-2db8464d1c8e,0a1cafd8-2a57-45c0-8ddb-8e63b3a585b8
5120,699,00bad5ce-1608-4bfb-ab12-2db8464d1c8e,b4265874-317c-452a-afee-5fe44b22b201
5121,3519,2fa22aef-0fcd-40fb-9273-83633730e064,7da6689e-d3d6-4b14-9ffb-f33a862c2f99
5122,3520,58113b30-d87f-4a88-b8d3-82a0eae746e3,fd0a636a-83be-46ec-8947-8f016e374fda
5124,3523,bab4a4d2-4549-498a-a6fd-779bb15d79c9,b8f58c05-4fa1-4370-8693-86dec03a1cd5
5126,141,fbacfb92-21f9-40d9-aefc-5464def545ee,72c404ea-77e4-4328-954d-539ba8d0fa64
5127,3524,04d9a435-aab0-4d48-baaa-500dd3980fda,a6dde77f-6822-4733-9b48-4084b486b78e
5128,4217,6da13691-e38d-4140-ae22-52ba5ef410ff,c76bb345-8294-486d-8445-fca4a9d7ed1a
5129,3525,a905eabe-c2e0-4889-8516-0c9a2200492b,d781b42e-a19c-4df2-92cf-024770b15d91
5130,3526,4ef2029a-21f5-43a2-b801-2d21bca1ce34,e8cd32ba-67ed-48ab-9445-db50466365b6
5131,3529,f327049d-6bc3-43f3-88f8-5c5b875ac41a,20169d7f-ddc6-4599-aa53-55f5cd5719ea
5132,2465,49fefd30-9d0a-46c0-be7f-6f83930c7379,a3054a4d-a170-4766-9b8a-63080d36dfb4
5132,3530,49fefd30-9d0a-46c0-be7f-6f83930c7379,ee35780c-f266-4999-99b9-a6ba96035e79
5133,3531,bdb8d815-31fa-4e4d-9e81-add5c6a6ce7d,23230dd6-4156-48d1-b4d1-d60437673c87
5134,3513,65f560a6-6aed-4cf7-9ea7-685025ba9a60,a5decf6f-a9d9-4ecd-9bba-19ed80c989ed
5135,3534,c7e3e340-055d-4040-bc26-88b062792633,5241a3ba-ff9d-496b-b6cb-b9df6fc7646e
5136,3535,99bab6d8-5ddb-4a02-9dc4-5631ffb9eb68,5d50d19d-1965-4d8c-8382-5e2a11cc6161
5137,3537,eb9ea3bd-f684-4a0f-9253-e58bbf98f05a,2ac1a8bd-9565-4ff0-ac29-90358bc1f0d3
5138,3540,4a1fcfe5-36ab-4578-8925-d29e41b51df5,b5579db0-a1aa-4e22-a2ea-c6544a06ceda
5139,3541,85a0cde8-7343-4ebc-b60e-2db6250d6b4f,03c21b82-27c2-4095-9090-4c993a175119
5140,1154,9f3298c0-0a91-4e54-b9d1-5993c0c14b19,22a737be-e693-4a11-9b1d-e33b31382f2a
5140,3543,9f3298c0-0a91-4e54-b9d1-5993c0c14b19,6b72dd1c-4d04-47f1-abce-cfd63f57d62a
5142,3544,1288d203-1c04-4f7b-811c-cf00c97d4527,7b3f3ddc-d372-47d5-989a-ed9945831bdf
5143,3545,493fb4e0-26c0-4942-b18e-0a07eda62392,5d8a8f65-0c43-4d22-bfcc-3123f404d2d1
5144,3546,c660390f-5741-4793-9b79-dff8ba6eab56,4ad6e704-6af5-4e3b-bc00-16863aeb96ad
5145,3322,59a65e3f-ce89-48e0-9738-c71f55d47b43,d2357c74-1e4c-474e-bf6a-09ea0e6c7638
5146,3547,9b30a6ab-1479-471e-b173-f06499d9a0a6,5a9652a1-f67d-468a-9b04-6198cb231b0a
5147,63,733e0420-3e25-474d-8aa4-a8b8a668232a,0208d995-f6e9-4737-b0ac-a7a7fa78b756
5148,860,93051295-b5a1-4cfa-820e-26378c852adc,d0cd7b36-3d59-420e-86f0-d0b3905f3dbc
5148,2700,93051295-b5a1-4cfa-820e-26378c852adc,8550a2ff-c069-4881-8a61-ef55666486e8
5149,3269,fc001ee7-e130-43e0-9002-8164782ecb0c,58e16a38-15b3-4ec4-8c88-3e74bc095318
5150,3549,d11d61d0-1316-496e-8695-96f9f4e2c9ff,ec92aa9c-f55a-4a2e-90a2-c7c5162e2b0a
5151,618,3c7fbd79-e0b9-4067-9c58-979a43779be5,eda2b4cc-9f64-4135-bed8-eb3b4115ace6
5151,3550,3c7fbd79-e0b9-4067-9c58-979a43779be5,59639d72-6d1f-4489-bd93-8f61f7b2b1d5
5153,393,11b27ea9-8139-4062-8f82-c14c4da1936b,d0f998fb-2c16-4ea5-a5ad-b6bc9b520197
5154,3551,8a33a7f5-ebeb-4f66-ae22-4801f0400209,07ab4240-3902-4df9-9236-b01ed0645e37
5155,720,296ae8d8-9bf8-43f6-a3fd-3d90d248bed6,09eec409-d2d2-420e-b3bd-e17a9ca7c350
5156,3552,38f5032b-8930-4b47-85f6-afc060ccd99b,7c4008e5-2ed7-4670-b615-70160424521e
5157,3555,9075fa38-e3d8-4627-8330-71e83ec8e1b1,3a8a6d91-32a6-42b7-aa7d-5193d398cc72
5158,3556,8b463ba1-9e28-46d6-bc81-605fd5293e27,24c46608-c943-493c-8fd4-18d3c7eb210e
5159,1225,e3bed163-a9f8-4b0f-833e-0ea9be7ce182,52451045-a763-48c1-9c8a-8496a9ee3a1c
5160,3559,c91e70c0-2ef8-42e4-ba89-4792fbba9a2d,a2a82e7e-e4c7-4a8a-9e43-e0fad3ca6538
5161,2770,b38cd55a-dc21-47bd-a60e-b15fdd415886,d29ed8c9-2b4c-4cc7-b6cc-b3e95eb5c872
5161,3561,b38cd55a-dc21-47bd-a60e-b15fdd415886,9e4aab8c-7018-4fc3-a91b-d25f87ab701e
5162,26,78b0911b-f5f9-4e53-b408-a4445436c859,db34c8a2-a139-466e-9f33-e8fca9123462
5165,2549,4a236089-1748-48a7-8330-cdf3ccd31650,b014195c-9ef6-4c22-9d40-50245024142c
5166,3562,466620e5-909c-48b2-b43a-150bd0883253,630a7c73-4cb8-4602-9b87-d17144f0623c
5168,3563,fe93a78b-1d0c-4ae3-8ba4-b7ea13e5b644,223a15b1-e180-45cb-b912-3fd324ecd068
5170,2549,33823380-1ea9-4c13-a30b-7a7d06708b41,b014195c-9ef6-4c22-9d40-50245024142c
5171,3566,ecf3a90d-4bbc-40d2-94ed-0ea11af3f862,f257f26d-42a5-4241-8e30-631e5e92e203
5173,3567,e160718a-ecca-4071-81a6-0eae3d4676ff,3919d68f-9243-415e-b88b-dd8e6cca5ceb
5174,3568,e45503bd-5111-46a5-b493-d1498a18ec5e,e0c9a527-a3ec-436d-9692-8fb7d4511a82
5176,3151,06ded31c-58c5-463f-a9e6-1f633ff04b0e,db3ff8e5-7d7a-4caa-8c36-f65357d5f67a
5176,3152,06ded31c-58c5-463f-a9e6-1f633ff04b0e,54e645ff-a1fe-4334-b66c-344206d0be83
5177,108,3c782bf9-6ec6-4eb1-bf42-735cadcbcf69,5f7be770-3356-41fb-aaf4-fc7d50c2ee26
5181,1012,5d9f9f09-7bc0-49a0-8f68-f5d05fffa60b,079e317c-0c77-4dc3-9a68-53b10a7bfdb3
5181,1192,5d9f9f09-7bc0-49a0-8f68-f5d05fffa60b,0112bb9b-5ef6-4c18-b4ee-9cc1d6abec93
5182,3570,a93a0b88-f02c-439f-84d2-c6670d8d8597,262856bc-4a24-4640-a388-43d3ce7f2bff
5183,3571,d2b666b8-b74b-4239-8869-5b5c1be0a693,f1095376-ad40-4e74-afb7-e7a004cda5fc
5183,3572,d2b666b8-b74b-4239-8869-5b5c1be0a693,e60c57f8-25b6-4b32-923a-40768166f710
5184,338,18703e36-3d66-446d-9156-48db8c79fa0f,9adac9b4-48d3-4a9f-92d5-1ff1005b8272
5184,763,18703e36-3d66-446d-9156-48db8c79fa0f,fe191893-26a1-4ac8-872f-58cb463124bf
5185,2866,eccf7aa2-2cb1-43ad-bd3d-e3d7c2ce2f0f,8a23bf41-5041-4c6a-9726-f534fe20a5f4
5185,3166,eccf7aa2-2cb1-43ad-bd3d-e3d7c2ce2f0f,c8c436f1-70c5-457e-991a-451b825b343d
5186,2546,9dadf5aa-23ff-422a-962b-0b6dff800575,ccec7bab-2562-4ba5-be10-ac0c0d354a91
5187,503,057df2d8-8a80-4f30-ba4f-3afba82c6d00,c047e841-f85a-42b2-9df3-e1ceef4b6ec9
5187,2687,057df2d8-8a80-4f30-ba4f-3afba82c6d00,49402eef-4afa-4235-a59d-9c932d80b800
5187,3270,057df2d8-8a80-4f30-ba4f-3afba82c6d00,40a8cb6d-19f3-45ef-b45f-f59ffe2771ae
5188,3574,f4316663-fa5f-467e-b40d-2b39b0a8e197,825e2dba-a872-48e9-9bd4-bf2cb1688c8c
5189,2578,ba958d95-567e-4a1d-ac25-b0630a65e876,e8aeb1dc-1c24-4180-b6c4-2ee8b7ab2cc0
5190,2407,38a70310-aec3-4c17-96f1-b1e5d874454f,670307c1-ed4c-4081-a966-f16ee9a8d06f
5190,3575,38a70310-aec3-4c17-96f1-b1e5d874454f,5440275f-7113-4c24-a915-171e855fccef
5191,3576,eca9d037-fe55-47df-90dc-2609fa1a937c,2caf6419-b616-4fed-9c47-51e41af4ce8b
5192,2721,11cfb9b5-5b09-4d42-b76d-79e65a548739,696d6ea9-7daa-452c-a130-38ff8bdb844f
5193,3577,50fb94a5-a7b5-41da-bae5-4cdf00230523,ed245031-1033-4d41-aad9-3c4e87bbd6ff
5194,141,02f80f84-69ae-4048-b2a8-c390ee02ef81,72c404ea-77e4-4328-954d-539ba8d0fa64
5195,763,605a9c1d-24a6-4945-822d-9250fe208056,fe191893-26a1-4ac8-872f-58cb463124bf
5195,3578,605a9c1d-24a6-4945-822d-9250fe208056,fc0003da-f6e5-458a-93ce-d932b6bbe57a
5196,3579,0d11c5f7-971a-4a5f-90a1-c47ad809c133,cd37d344-cb6e-4517-a168-df11a768dd66
5197,407,ef67cbf3-77ed-4915-b05e-f9fc21bdc9b0,f23797df-3f32-4e33-94e3-ee1b3c2d0cd4
5198,197,121dc8df-3eca-4ffb-9434-810c2b94db08,56bc3b31-8017-4135-a955-bcab03d0118d
5199,3582,85678348-d441-47e8-93a1-038b4323b0d9,bcb34926-3c52-439f-8cce-fd395c2e4e5a
5200,3584,f9176cb4-7623-4fb0-a7bc-7b9dce3b16d4,064e2019-9f56-47ef-9af9-9e6bef638fa2
5201,503,bf171e51-6c0e-4438-8332-8a863ec887fb,c047e841-f85a-42b2-9df3-e1ceef4b6ec9
5201,3586,bf171e51-6c0e-4438-8332-8a863ec887fb,5d77fe53-3bd5-455b-9237-7c4403102d83
5202,3587,a9ad8fdd-a977-4b6a-906a-d4e3bd69c3a8,400221e4-30d7-4e3c-a07f-661f9cea4d64
5203,3588,77fa6467-1b6a-4ab4-b0d6-01bc5a4b16e8,6d25c533-8d59-4f2f-a6de-3fdefc200061
5204,3589,0970fd54-f640-460d-a6b1-aa0409f8ab85,2a9872f4-ce9a-463b-968a-a9ca8443648d
5205,3270,344c8abb-20ac-4a8a-a4d9-0ebbda69f09d,40a8cb6d-19f3-45ef-b45f-f59ffe2771ae
5205,3583,344c8abb-20ac-4a8a-a4d9-0ebbda69f09d,f8e38ef5-2914-463d-8ce8-0512e63eefb7
5206,2640,0f4323a3-639b-4174-8fdc-e5ac122b9b3e,e9f5ba50-774c-4a29-969b-83d1ccc58bfb
5206,2641,0f4323a3-639b-4174-8fdc-e5ac122b9b3e,23f8bcb3-57ee-494a-acc3-47f7248004a6
5207,194,7003e0ce-c4ed-48da-a5a3-9dc4f362c805,9d648324-58c8-406b-bd06-9cfb4d6c21eb
5207,394,7003e0ce-c4ed-48da-a5a3-9dc4f362c805,66066804-72cd-47a2-8374-783e9350829d
5207,440,7003e0ce-c4ed-48da-a5a3-9dc4f362c805,b6d1c45e-6c3b-4eaf-8df3-39402e1a14bf
5208,3590,0ad08a0d-0e9d-459d-99dc-6dccb68fec51,42568a60-5474-4eae-80a4-5c770c045006
5209,791,3ea70af3-b66c-4de6-b9e9-667f64de4124,f160cd4e-ee81-486e-a518-afd6bdd6bb29
5209,1164,3ea70af3-b66c-4de6-b9e9-667f64de4124,0e4f1593-0534-432a-9833-ff5f7dfb96de
5209,1165,3ea70af3-b66c-4de6-b9e9-667f64de4124,11a205aa-afad-4b8f-997a-6004a8500b7d
5210,3592,f95d0255-f8d6-4e24-96a9-a27ad18c5b46,316de443-71f9-4329-bc3a-572105797e8b
5211,338,aed2d8ae-6b80-413d-aade-36ab46f5df8d,9adac9b4-48d3-4a9f-92d5-1ff1005b8272
5212,3593,cd79af87-76f4-4eaf-ba6a-9207ab48d96d,632afa3a-ffa3-46c3-bec3-f07c361583c3
5213,1167,8c060487-b57d-459d-bec1-6e032218e104,31c91bf8-00cc-42bb-93a8-6f299dbb8476
5213,3594,8c060487-b57d-459d-bec1-6e032218e104,a1c0bd5d-fafc-49fb-898c-9b0bf112d5ca
5214,3596,dcc854f1-9801-49c9-a248-969ac3e48752,f9214ec6-0666-4c69-9df9-bef89e493642
5215,2496,56071ac3-f272-4b4c-bda7-6f720479d1d5,6a0b61d6-997f-434f-abb6-3b3451d34b13
5216,3598,1a0813f9-4bf1-4fcd-a76c-83e26ede52a5,05f0895f-1116-4397-8615-84860ea0b5c8
5217,3601,cb8b816a-7670-4dcf-8761-c9f365372187,5b16d88d-31da-4d11-8a1e-f34e04002db2
5218,63,aab7ec6e-0d5b-4358-b1e2-7810f9c66883,0208d995-f6e9-4737-b0ac-a7a7fa78b756
5219,30,e264ef81-654c-461b-b7ce-ad88b446ce32,bb7aae1f-3441-4535-9c63-08bdfb39f8f8
5220,30,e270818f-1282-4e42-99eb-1e82b853fa95,bb7aae1f-3441-4535-9c63-08bdfb39f8f8
5221,3602,88826870-e2e4-4ad6-b698-80e4bbe0607e,eed90610-2e9e-4d0a-b9b0-292ed9f81069
5222,3055,958fbad5-d84d-447c-bff8-431d78d6b232,61810bab-627e-424d-ba2e-d803b2a0c044
5223,30,0d9f89a7-2013-4bbb-bec3-740ef38e1ae0,bb7aae1f-3441-4535-9c63-08bdfb39f8f8
5224,30,d5619cfa-d6a4-47e0-9e69-07f92c7504d5,bb7aae1f-3441-4535-9c63-08bdfb39f8f8
5225,3604,617086b8-da72-4972-a2a3-cd31b290aa0c,e1db8304-de94-4035-b541-cee8cd9c1aa4
5226,3606,625be18b-ccdd-41c9-a374-e59974ef961a,84373373-6998-47b9-a958-d9fb63e5560c
5227,3607,fe02a3e5-4c07-4276-850a-d7c7b9c11148,d4155054-385d-4f6b-9193-d6538df1a6cc
5228,3608,ab2f4c46-e900-4df0-a544-a79c54d7e5de,07269658-b158-4b59-b6fe-4caa1a3c7437
5229,552,c3acc9d7-c2f3-43f6-b9e4-4be1c24ca839,997f25f3-ef92-454a-981e-123cea1cab32
5230,127,79608c52-cddf-47db-b34c-608cc332b7e2,a4bfb22e-dd4f-479f-92cd-33d13908d1fd
5230,863,79608c52-cddf-47db-b34c-608cc332b7e2,02ace7c3-dabb-43c5-a755-f1d29861d0c3
5230,3609,79608c52-cddf-47db-b34c-608cc332b7e2,277e044f-28a2-40d0-af3a-1971539a9db1
5231,197,44ee2e6d-8abf-473b-bf9d-4975f94dc544,56bc3b31-8017-4135-a955-bcab03d0118d
5232,30,9879946d-78a9-4e50-acc0-383eaf586191,bb7aae1f-3441-4535-9c63-08bdfb39f8f8
5233,63,2327e1f8-26c6-4f06-8ebd-1c90ffce56dd,0208d995-f6e9-4737-b0ac-a7a7fa78b756
5234,1198,09b2fc10-80a5-4e69-8f16-e3c7854d54a5,3e00d370-e532-4393-a175-6ff262db2ecd
5235,1110,6921663d-5d79-4752-916d-0a076cc635fe,a3e54fe0-fa36-4c72-9114-e35165be5106
5236,3611,20b2d108-466b-4e97-abd2-c1aa5881a93b,a7c72e21-ab1a-43f3-bb83-a56ee903de83
5237,3612,e87e4b4d-e4d9-422d-a37e-915f1f56d917,09f4b2cc-c3a5-4371-a8b3-6b53b1f55a69
5238,2680,aaceaf21-248c-4ad5-8629-9e715fde9f38,64a241cc-794e-4251-9794-0df4f6ff44d7
5239,3613,4f91077c-460f-4881-b6fc-ed1cb0e86705,956436e7-60c3-4cfe-bd8d-77ce40446072
5240,3090,bd1d1bc3-31e4-448e-9226-3b22bca1deee,87098658-2133-429a-a3b8-104c4e511779
5241,2495,5b739888-887e-4f53-bacf-413a20678b7e,f66704cf-03ef-4865-9708-f996bcdbcd62
5241,3614,5b739888-887e-4f53-bacf-413a20678b7e,83cf1526-76c6-4791-adb3-58d47f395748
5242,3615,4b3dc45c-ebad-4f59-a62c-31fd1ada7ab5,eac955c6-2984-45f1-9377-f0378ef98bc2
5243,3617,770a0d89-e960-4e8a-be12-7bd73d7b3964,bebd01ab-1352-46d0-8ce1-bce0656cd64e
5244,3618,4b03f575-7d78-4897-a425-bc3ffa2a246a,06861eb1-0f52-4416-85a5-a015e8bfb0fb
5245,3619,8b3b4ffb-2ec5-4162-b5ee-ad8b67e8eab7,b6b44c93-43c7-410d-8843-bb62601e29e5
5246,3620,ab447efd-8421-4d66-a69d-dcf6bc0254b4,07e6e0e1-bce6-4673-88ab-d96d9c3b7d80
5247,623,69ef8687-bcaf-4ebd-b184-9dce0beb1da8,e0eddcd2-cb83-4399-8650-33501392181a
5247,3622,69ef8687-bcaf-4ebd-b184-9dce0beb1da8,752baf9d-f504-4105-b516-185d416100d7
5248,455,792a34d3-7e37-4759-a1fe-7a2dbbe46221,812054c3-3114-4f5f-b7d3-f4e6d63de342
5249,3623,2958461e-d30e-45fa-90fe-027a692cc26a,89ab59c1-99a0-43a9-8d28-578e50e9b569
5250,211,704c28fc-9a3f-4865-b5e7-fd4048cf8887,82b6750f-cef7-4337-a378-bcbf6aaa3530
5252,3624,6517e2a5-579e-4c30-a2ec-7d65cf401ad1,855f0955-b177-4340-9bb9-74896a3c0111
5253,3626,49860e04-be72-4771-8845-7b9a088c06bf,7fb081f2-e6ba-4aa8-ad3b-2cd190fc05b4
5254,3627,656dd74c-88dd-45d3-9787-70ce9ad2b3c3,49b26b24-fe58-460c-9028-525bd2bfb7f1
5255,354,d4a74ba2-3725-4aa9-ac70-a305d0096de0,03f2b68f-01b6-468a-990a-b850073a31ce
5256,3628,18f54d01-6c1c-4de3-9909-6e1edeb215a6,27f4f9fd-eb5e-491b-939b-ad84089e1efb
5257,3629,8cb3ba09-5f11-4316-8b20-a6037a81e262,392b6a64-30e4-46c9-8578-2e01bd3976a9
5258,1034,13b841bb-8d5e-4c2f-9440-5ed52c713b02,06cec41f-3aca-42c2-ab2b-60d70ee3166b
5258,1039,13b841bb-8d5e-4c2f-9440-5ed52c713b02,4a9d4730-80d2-4b65-846b-781630f85fbe
5259,3630,6fe1cb27-7dac-4f34-bb5b-0e83df37289b,c238ac1c-a0e7-4539-8277-bc82a9bd53ee
5260,141,565fcd1c-f9b2-4e96-bf4e-0ff3c50d6037,72c404ea-77e4-4328-954d-539ba8d0fa64
5260,3631,565fcd1c-f9b2-4e96-bf4e-0ff3c50d6037,6af91a39-b38a-43dd-8e77-65945903e470
5261,30,284b27f6-319a-4872-bf29-bb434af10e53,bb7aae1f-3441-4535-9c63-08bdfb39f8f8
5262,3044,5bee464b-f69f-4643-a434-922200274037,c200a6be-96ca-426e-a724-340dee4f7cf2
5263,1378,7d74c57e-8bb1-4890-8ff6-073aaa2216ca,b96d31d6-18ec-4794-88d1-f39e5e6b5e66
5264,3632,e8b8f0df-e1e0-488d-b4b4-4bb126cccbdb,8be56bb0-f33f-4c06-8061-0c78efad78f5
5264,3633,e8b8f0df-e1e0-488d-b4b4-4bb126cccbdb,ddb73778-3e63-48e9-8c5c-876b1af51134
5264,3634,e8b8f0df-e1e0-488d-b4b4-4bb126cccbdb,2b56d4c7-9a13-4833-a057-271d4403a898
5265,3632,731c0726-594d-4e7d-82ce-5a12e91b2982,8be56bb0-f33f-4c06-8061-0c78efad78f5
5265,3633,731c0726-594d-4e7d-82ce-5a12e91b2982,ddb73778-3e63-48e9-8c5c-876b1af51134
5265,3634,731c0726-594d-4e7d-82ce-5a12e91b2982,2b56d4c7-9a13-4833-a057-271d4403a898
5266,3632,e646bfb6-6951-449e-800b-58c6c39769b5,8be56bb0-f33f-4c06-8061-0c78efad78f5
5266,3633,e646bfb6-6951-449e-800b-58c6c39769b5,ddb73778-3e63-48e9-8c5c-876b1af51134
5266,3634,e646bfb6-6951-449e-800b-58c6c39769b5,2b56d4c7-9a13-4833-a057-271d4403a898
5267,3635,1f808b9c-9b92-4483-aa5d-f169089536c7,7b44176d-ba9c-4c2f-8bf2-af632c76b572
5269,725,cbaf4339-3020-4bd9-92cf-ddb5ede44306,23c9ac8a-0f4d-4eda-9478-e10495e85240
5270,2395,32fb41a1-f331-4ba3-b322-0a537a32504a,1471efa7-d501-43e1-945b-0dfdd615f852
5270,2400,32fb41a1-f331-4ba3-b322-0a537a32504a,17c4ab9b-6b1e-4d73-bbcb-3d1c3d3fa6da
5270,2677,32fb41a1-f331-4ba3-b322-0a537a32504a,0f39beac-a267-425f-ac83-6b14fedc5724
5271,2961,eb69d906-bbf7-4e25-8675-897dd76ff9fb,460c9b35-f853-44ae-b628-2d31b2d4bcf3
5271,3636,eb69d906-bbf7-4e25-8675-897dd76ff9fb,00c9196f-479d-4a2b-be55-55b5fcc5a892
5273,3637,f66ad8fd-8fbc-4b44-820f-6e77bc40a57f,61de9d58-3b6e-45bc-8293-0ab7c509cc68
5274,3638,07c29b2b-4001-4bb8-894a-f9e1166b3a74,d3f5d59c-9231-40a3-9eda-4a16852042fa
5275,3623,d36cc722-ea7c-460d-8725-557817168a77,89ab59c1-99a0-43a9-8d28-578e50e9b569
5276,3639,1af54dec-0634-4d85-8d28-169debcabfea,71aa1f6d-68a2-4fd4-a0c8-c1e81d1dcaee
5278,3641,1595465b-0f6b-486d-aa96-708591b21e5e,48d19c53-46f6-48e8-ad83-789f158a3a24
5280,3642,2f56982d-8b14-4e1b-8007-584ec4f709e5,b0df2878-c905-4d2a-add2-6b850a74a258
5282,3643,4eb977fa-97f6-4cda-8496-b13426d71bb8,25e08933-b0e0-4be4-966c-242861e0a62b
5284,3644,84d7c87f-6b9b-49a4-9cf9-55cba5ad0147,360c0da6-444d-43ad-9d07-cbc3e61eef1d
5285,3646,50562aac-c556-484c-9830-a2a17d588f7e,ea183ac5-f7fa-4652-a239-6d92eb99a3fb
5286,919,a454a453-46a2-4510-aaba-25567cd86f3b,4e394863-0b7b-442e-8522-083ff7eda361
5287,317,4c8790a0-76c8-4be0-996d-e4eaa7183e54,636eebc4-c57e-4128-9a32-e44b0efb470e
5288,3647,b3583440-18ae-444c-a4b6-3cc4ddd78a49,235b6e32-c8a2-44b8-906e-ea92a5388d49
5289,3648,1c5ae022-ce7b-414e-8319-0baf9333529a,05f92fcc-cb46-4450-86a6-07ba1d5e705f
5289,3649,1c5ae022-ce7b-414e-8319-0baf9333529a,959cde3c-575e-4e4e-860e-0c7c79300887
5290,3083,c8b21f5b-1016-4a6e-9ae6-c7dffd7ee3ae,3622c1b5-0854-45fe-8d0b-2efbfe667e56
5291,2664,1c7a8351-3856-44d4-94b5-cd4fcbc595dd,db48872a-2d27-4bee-ac95-3d1e7633254c
5292,3083,4f3cb381-aa9c-4cd5-abce-173442364e48,3622c1b5-0854-45fe-8d0b-2efbfe667e56
5293,1015,e10fe327-8247-4ff5-8eaa-c7453d636618,67e2e64e-b5a5-47f6-bd52-05093f246ea6
5293,1016,e10fe327-8247-4ff5-8eaa-c7453d636618,507d87b3-b142-43d5-981d-e06bcebf4c11
5293,1017,e10fe327-8247-4ff5-8eaa-c7453d636618,73ed30fd-9a07-4e9a-90ef-2d970a9bb980
5294,32,54b75c03-9690-437e-93b6-11a257b1f8bb,1c4e5840-224d-4d27-a30f-9373a594e8e6
5294,3625,54b75c03-9690-437e-93b6-11a257b1f8bb,15dbaf4a-1519-4860-98d0-86644146df68
5295,3650,4f6d1f5c-1606-48cf-956b-32aac16f1dae,539ecd78-195d-4619-94d8-24b095668d95
5296,3651,1da79029-a5be-4d81-8fd7-40e558762190,002ae49f-1424-4339-b751-80e0425b4dc1
5297,30,e1bc9ff8-169c-430a-acdd-53f8689fdf55,bb7aae1f-3441-4535-9c63-08bdfb39f8f8
5298,1074,4fe38b00-a060-409e-ac85-a7a399eb88c5,17d10333-ca52-41ac-aaa5-c0254ec018bd
5298,2869,4fe38b00-a060-409e-ac85-a7a399eb88c5,9de27a6b-80a6-4b20-9265-5ce3da7e75e1
5299,3654,18a5fcd6-6735-4b6f-b42c-fa0ffa75dde4,451cc8b0-e548-483b-90d8-e22c0bafc1a4
5300,3179,9b16613c-16b4-499b-b926-1dc8a9425400,7d977861-6c17-436b-8ebe-04798e135d24
5301,3655,f48e9041-2b17-4827-92bd-24db7db5adc6,6c90bf9a-618e-4dd0-ba47-df21465f8cc2
5302,653,c127cb4f-fd00-4c68-acec-f83036f255ce,abdf0819-73fc-4be9-b940-a33b479393ab
5302,3247,c127cb4f-fd00-4c68-acec-f83036f255ce,d3bc065f-50d3-43a9-8cea-41dc72bf3ba8
5302,3656,c127cb4f-fd00-4c68-acec-f83036f255ce,1fc4caef-e354-4024-9a2e-c7d1bc5750f9
5303,503,42a76e0f-8ec4-4fc3-ba2d-a2e109c568b0,c047e841-f85a-42b2-9df3-e1ceef4b6ec9
5303,2398,42a76e0f-8ec4-4fc3-ba2d-a2e109c568b0,2235d9e4-6b18-4bc3-8059-6b4efad75439
5303,2407,42a76e0f-8ec4-4fc3-ba2d-a2e109c568b0,670307c1-ed4c-4081-a966-f16ee9a8d06f
5304,1071,5e9e479c-5d3d-4609-8a6c-25a99d285b19,ac46cdbc-f6ea-473a-b83b-e5f08b74538b
5306,2546,83dd4ad0-8f40-4570-aea6-4c1b09449e4a,ccec7bab-2562-4ba5-be10-ac0c0d354a91
5307,2445,ced3a670-4d92-4325-8c4a-87c385887631,783ef20e-065c-460c-9178-b5eaa8a72c17
5308,2748,9f7c8874-8d0a-4c51-8236-a7010f454506,444428eb-1936-4a57-a180-9b3ad0adfa4b
5309,2835,3dd4969d-4c00-43fd-a963-d7020fb0f014,146c495f-59e0-4cd3-a5f8-f3fd6bc32db7
5310,3660,909bbe1e-a700-4282-94bf-92e31652dfad,c4971135-32df-4bf9-9bff-20619ae3d65f
5311,919,e90a5338-fd9e-4d93-aed0-8bf3d8e7a323,4e394863-0b7b-442e-8522-083ff7eda361
5313,3661,32ebb749-3e87-48c7-b963-87b5830f57b3,ff325f09-a363-4637-8f38-3810386cb4fc
5314,44,799070b6-063f-4a18-9a75-1e2f527c073d,eade8dac-7b7a-463e-95c3-ee35fb7cd2e2
5315,3662,e29dcd9d-c4bc-40a6-838c-0af1b947cff1,715efa3a-d5c7-46e4-8f8f-81e5bbf6f282
5316,3263,f67508b6-fa54-4e4f-a673-e9dc1c37042c,c2f931ba-e48d-4d18-b577-c6d37594a84f
5317,3263,f0a0e835-ab08-43a7-a759-7401118e25b9,c2f931ba-e48d-4d18-b577-c6d37594a84f
5318,3263,5600dde9-9522-4054-86ea-d10b77b8a83a,c2f931ba-e48d-4d18-b577-c6d37594a84f
5319,3263,d721a433-4df2-4497-9f0a-da7ed3d1e358,c2f931ba-e48d-4d18-b577-c6d37594a84f
5320,3263,7faf23d7-33a7-4e2e-a55a-03ce5db5108a,c2f931ba-e48d-4d18-b577-c6d37594a84f
5321,3263,a1ec05bd-8911-42db-a343-86fec5850b68,c2f931ba-e48d-4d18-b577-c6d37594a84f
5322,3263,988b848d-fbb4-4d26-afcd-aebe767f74bb,c2f931ba-e48d-4d18-b577-c6d37594a84f
5323,3263,ad927071-19dd-47de-9365-f57c68a4e2cb,c2f931ba-e48d-4d18-b577-c6d37594a84f
5324,3263,183171f9-f2f1-4772-a3b2-5dd54763720a,c2f931ba-e48d-4d18-b577-c6d37594a84f
5325,3263,5be184fb-5774-4a02-84d5-276b4de8b12a,c2f931ba-e48d-4d18-b577-c6d37594a84f
5326,3263,8932ebe2-b770-4df7-980c-828a314721f5,c2f931ba-e48d-4d18-b577-c6d37594a84f
5327,3263,d349fd2e-7997-4076-81ae-6b9b98c270c7,c2f931ba-e48d-4d18-b577-c6d37594a84f
5328,3263,78ee982f-4aee-4faa-b5d8-7f421d7c8e89,c2f931ba-e48d-4d18-b577-c6d37594a84f
5329,3263,aaeabc5f-f3c8-4282-b3b1-d5098b434f9b,c2f931ba-e48d-4d18-b577-c6d37594a84f
5330,3263,3508fc26-981a-4f71-93b2-ada98ad0150e,c2f931ba-e48d-4d18-b577-c6d37594a84f
5331,3263,42c58558-ce3a-467b-ad54-d10a44c82c65,c2f931ba-e48d-4d18-b577-c6d37594a84f
5332,3263,25207886-702a-40ad-8acf-835b5b6e4051,c2f931ba-e48d-4d18-b577-c6d37594a84f
5333,3263,10606331-dd5b-4c0a-ba13-9b819b964dd9,c2f931ba-e48d-4d18-b577-c6d37594a84f
5334,3263,0c149eaf-73ac-4923-ad36-1473bb9e59d1,c2f931ba-e48d-4d18-b577-c6d37594a84f
5335,3263,3e232a72-8f66-4cd3-aee3-fb3d08c7d220,c2f931ba-e48d-4d18-b577-c6d37594a84f
5336,3263,a852cd7c-e7f8-4996-b6be-e818d0269c86,c2f931ba-e48d-4d18-b577-c6d37594a84f
5337,3263,dfdaa956-99db-427a-944b-d6772a797c14,c2f931ba-e48d-4d18-b577-c6d37594a84f
5338,3263,5f7a8718-d5c3-4536-9c18-4aa221ae29b1,c2f931ba-e48d-4d18-b577-c6d37594a84f
5339,3263,2a958a09-85a2-49ea-8e45-11c97320991a,c2f931ba-e48d-4d18-b577-c6d37594a84f
5340,3263,379f7c88-f241-4da1-8d63-5a8a4260b0cc,c2f931ba-e48d-4d18-b577-c6d37594a84f
5341,3263,b10dac46-cdb4-4a8c-aba4-61d26eec5264,c2f931ba-e48d-4d18-b577-c6d37594a84f
5342,3263,03a71189-0ee0-461c-9990-6b5d5ba0882c,c2f931ba-e48d-4d18-b577-c6d37594a84f
5344,3263,b77125a3-83e5-4731-bc86-e17de33e8df0,c2f931ba-e48d-4d18-b577-c6d37594a84f
5345,3663,26540564-9281-42f9-b1e1-d008e094ed1c,b6a40fdf-b20a-4173-9cfc-cafc106cb074
5346,3665,a5a8110c-fe0a-4c24-9c30-ea66d493301f,200731a8-f7c4-47c0-9293-b3d240d8e376
5347,3665,2931a9e0-a9fc-49a6-8d80-bfae0d9ad592,200731a8-f7c4-47c0-9293-b3d240d8e376
5348,3666,e28aef89-55dd-4822-b545-3e804391e142,9197ff2e-38d8-416f-a33f-24bc2533f40d
5349,3667,017b7937-46a3-4684-a4a1-9eb9fd8eeecf,886fd475-5726-446d-94d9-40e6391e5673
5351,3669,3bcd0a0c-697d-4a5f-98f0-68dfb14e6960,f617d307-b248-4e26-91a7-680c0254ac93
5352,1039,cfaacb48-2965-4637-b6c2-d5146b89a234,4a9d4730-80d2-4b65-846b-781630f85fbe
5352,3670,cfaacb48-2965-4637-b6c2-d5146b89a234,fdd448e7-0fee-4de4-8aac-541273bd7030
5353,3671,e4571246-5993-483d-9987-592b163efbc1,09644bdd-53e8-4173-b10b-fa561ea8015a
5354,503,1f96e923-caf1-408b-807e-226905abb75e,c047e841-f85a-42b2-9df3-e1ceef4b6ec9
5354,3673,1f96e923-caf1-408b-807e-226905abb75e,c13c48df-172d-47f3-abda-4d672c33d259
5355,294,471ffbb0-8159-42b4-b471-ec74d52c5fe7,2b9dd7af-cd0a-415b-8179-41dcf5c05349
5356,743,d0492ab1-5882-4e3b-868d-f78916febe2e,5e6eb25c-7fad-4828-bb5d-72a16ed79c1d
5356,1068,d0492ab1-5882-4e3b-868d-f78916febe2e,302a3673-92df-4c13-b5b1-1a2365070059
5356,1286,d0492ab1-5882-4e3b-868d-f78916febe2e,3790ef83-3cc4-401e-ac35-cb017bf46417
5356,1377,d0492ab1-5882-4e3b-868d-f78916febe2e,72e173eb-ab3e-48dd-9ea8-c538c9a4c2c8
5356,2488,d0492ab1-5882-4e3b-868d-f78916febe2e,232de75a-ab5e-48c2-9dfa-c93d59ff6591
5357,391,f0160bc4-84c7-4a0e-ba82-41f8eb6e9efb,55382b90-92da-4c43-a187-5e850500cca2
5357,662,f0160bc4-84c7-4a0e-ba82-41f8eb6e9efb,75b16036-9938-4cc8-8950-e8c45eb751df
5357,663,f0160bc4-84c7-4a0e-ba82-41f8eb6e9efb,5a025a41-5022-451e-9122-953852795f56
5358,3667,47bb6e30-63a8-46cf-8192-14b9711ae466,886fd475-5726-446d-94d9-40e6391e5673
5359,455,7ee860ff-b166-475a-accb-9c627069fae2,812054c3-3114-4f5f-b7d3-f4e6d63de342
5360,1162,856812a2-5164-4f96-a745-c72234081409,a1618fc1-7a40-456c-8970-cdf894621076
5360,2503,856812a2-5164-4f96-a745-c72234081409,893398dc-eb0e-4ca4-8653-cf98f7eab496
5362,3674,8c2e4785-8152-4e95-86d2-20e0523dcad3,abfcb4e8-8dc6-43b8-9c59-c44ace9ff85d
5363,3675,db01b663-5086-4b31-8b03-ffbecf18cc2a,488576fc-f35d-45f2-8ea8-f54c1e6419cc
5364,3677,bc2f64fb-5885-45b2-9963-2e6b5e6c1b73,272fd026-315b-40aa-914f-211308d501cb
5366,3679,f196f163-cc5f-4839-81a2-d80fe5b4671d,55eabef9-92c0-45c2-b14b-95471eade500
5367,453,df9b8300-3067-4a68-8c98-4a7852eda49c,a39f32d4-7812-4870-a4ef-5eeefbc8a550
5369,3680,d3bd7a2c-b07d-492f-bdc1-c0b946a87489,a9faae47-a46c-407f-ba10-a515a1a3630f
5370,3681,14bde61d-0bd7-4585-85b4-f9383f677a43,fee4aaaa-fda6-4f45-90c9-41c5fb76d779
5371,3682,86576481-dbd8-440f-947f-ac3c6f9d8771,b689ad9a-eabe-4c36-b4b2-0a1717b11e0a
5372,108,3795e04e-8993-486f-b7fe-abc2d92f6468,5f7be770-3356-41fb-aaf4-fc7d50c2ee26
5373,3684,7e2fc698-f779-4d28-82e6-acdb0cd893eb,e5eb0583-c91a-4764-97a5-5bbfac647a38
5374,3685,f8e15d1b-aa87-4ba0-83e6-6ff1befbfa46,b0e6a972-aee5-487c-9f0d-f31d324961f4
5376,520,3d064a10-d7b9-4f8e-bbcb-fb6499d5f082,6b372a3d-7d01-499a-a4a1-87a9610e13c9
5378,40,78fab673-c85e-4ff6-bf85-16015e995598,4401261c-13d5-41e0-84c7-c38068ef54dc
5378,3657,78fab673-c85e-4ff6-bf85-16015e995598,f9102192-4617-404d-bd1d-3ebe9b7cf820
5379,3657,b2be94ad-ccc2-4354-a89e-df69afdd09f6,f9102192-4617-404d-bd1d-3ebe9b7cf820
5380,3686,c500386d-748c-42b5-ba4f-79fde81ce8bd,31d5feb9-6252-48e2-b320-9b330bcf7540
5381,882,5336d3c5-f6b0-4c6e-92e1-76cc49464e4a,b09d0d9e-fcc1-4a9a-a664-3e857801d141
5381,3577,5336d3c5-f6b0-4c6e-92e1-76cc49464e4a,ed245031-1033-4d41-aad9-3c4e87bbd6ff
5383,3688,8f16ad9f-8633-419c-b24f-eba51910068b,9ef03e10-d77c-486e-ac0b-bf81150d2f65
5388,3689,482e6d7c-5154-4686-bce8-87b8d60475e5,35eff495-d451-479c-a735-929e03b215e9
5389,3692,07900bb2-39a1-486a-82dd-a4eae4864eb5,55d3ada2-73f8-4676-9d0c-2ae62f6a5899
5392,348,967d5c1d-a1bf-4c13-8734-3cb75f7c9180,f12a0173-ceda-40de-8a02-ac4ca5b9c2c2
5393,293,4c9f8953-a826-4f35-9b77-71ffa7d8ac92,64c3a0e3-6898-4fa4-ba60-221c8a151432
5395,3693,b12ba88f-5e2a-42ec-9e6f-7642f7218e78,88fe88d2-c5c2-4088-8f3b-67ff659c352d
5396,3694,35680bba-31e8-46bd-b1c5-c37f11f29eda,28f30b74-be7a-4c22-8a25-0fbfd934023d
5398,3695,0066e999-dab6-4a76-b210-f90d3a2bcd75,c070fdf6-08e3-497d-b48c-76dd5554dff3
5399,3696,a3497dd5-33f3-42f1-bfa9-9cefa07472ab,684bacbc-56c7-40aa-9e08-e00ffbd08b31
5400,2835,b14ee87c-7399-41e4-9d99-fa2a831166cb,146c495f-59e0-4cd3-a5f8-f3fd6bc32db7
5401,3698,8db87c67-2610-47fc-bacb-43871e12d3db,b237f002-54d6-49a5-9487-8d70179a8ac5
5402,3194,a532b6b2-7d02-4066-86ad-d35084c38e90,55caa1b9-f475-4868-8e4c-a1f274659022
5404,3190,911d17dc-67bc-4777-9cd0-cf24ad3808f2,10e74913-82f6-44fd-940d-63469f05cd7f
5405,3310,c70da31b-3fae-4a03-ba16-b6d88398feb9,61788a87-ee60-4326-b591-63408f1f0a37
5406,3700,dbfeb6e4-27d0-4c65-aceb-808a98b45c68,400fa61a-1117-459b-a7b6-ccfd4961226b
5407,3062,3f13d436-b1eb-4a8b-ab11-58f8be8ebcf7,ead67e93-db20-4404-befd-521d25a31081
5407,3702,3f13d436-b1eb-4a8b-ab11-58f8be8ebcf7,d75b2b52-28ec-4076-ae53-580f41186f0b
5408,2496,7c4d8b7d-859e-4af9-b4eb-5b5219084a3e,6a0b61d6-997f-434f-abb6-3b3451d34b13
5409,3703,456a735d-c731-4169-9d57-ecab9c47a49e,1ae80fe7-cf88-4850-b531-10e89fc2ab84
5411,790,65b67af0-4343-493a-ba3e-f5cbde56eed4,80c35c34-6d46-416f-a6f1-8394493076ef
5411,791,65b67af0-4343-493a-ba3e-f5cbde56eed4,f160cd4e-ee81-486e-a518-afd6bdd6bb29
5412,3705,af55484d-e5af-455e-87ff-e30fcf2c78dd,199076aa-d160-4275-916a-24a82c29c947
5413,3706,1d344beb-5901-4845-83e9-8a63d38215d6,9d1b8c62-86df-45cc-b1ba-b14396906e6e
5414,3706,abcd0b75-1f06-458d-99a7-817461d7b9bc,9d1b8c62-86df-45cc-b1ba-b14396906e6e
5415,3706,d64341f7-ab1f-457c-84ca-fae111333b46,9d1b8c62-86df-45cc-b1ba-b14396906e6e
5416,3708,818ebe2c-c367-4998-9182-127ac403346b,c63fb925-35aa-427d-a92f-f9dde74e82cd
5417,464,42d80ff3-ba72-44d7-9199-54b35ad73bbe,4a4476a8-25bd-4455-8417-9cf61df5a641
5417,791,42d80ff3-ba72-44d7-9199-54b35ad73bbe,f160cd4e-ee81-486e-a518-afd6bdd6bb29
5418,3710,56bf2253-ff51-437b-95a7-696e057e6e9c,55f8cf42-2e5f-4ba0-833c-a485e7bc8583
5419,3713,8430b1f4-0236-4b52-9e3f-229253136aff,bf1151de-474a-4e13-8590-be0b6b5a5b87
5420,4192,40a97d98-da1e-4995-8db1-b195d8157bde,d749887a-1148-4185-885d-233cd6f4bdd2
5421,3716,4349af37-3e44-432f-9340-ead401a9660a,3a486adb-2508-466d-99a2-de83c7fefb12
5422,3717,8912ed57-d81a-42a2-9550-756aa38eab82,b48427ec-33a6-4f21-92f4-9109547644a3
5423,240,db7c0ca0-c793-4136-acb2-35e2317aa1d0,9d29dc59-fd6d-497b-9eaa-646d3bba1b92
5423,3718,db7c0ca0-c793-4136-acb2-35e2317aa1d0,734cd7e2-b126-42a3-b178-8ef2e352bb39
5424,503,29fd81b1-7e3f-43ee-aad3-b4adce7aa352,c047e841-f85a-42b2-9df3-e1ceef4b6ec9
5424,3072,29fd81b1-7e3f-43ee-aad3-b4adce7aa352,563613ae-ddd9-4bcc-9564-c91b61a5e5bd
5424,3270,29fd81b1-7e3f-43ee-aad3-b4adce7aa352,40a8cb6d-19f3-45ef-b45f-f59ffe2771ae
5425,503,881d17f5-4331-4532-bbc8-afadfb36104c,c047e841-f85a-42b2-9df3-e1ceef4b6ec9
5425,3270,881d17f5-4331-4532-bbc8-afadfb36104c,40a8cb6d-19f3-45ef-b45f-f59ffe2771ae
5425,3563,881d17f5-4331-4532-bbc8-afadfb36104c,223a15b1-e180-45cb-b912-3fd324ecd068
5426,3719,04976c0f-6962-4f34-b704-cee2515158b1,a7d44d6c-ddb8-484e-9b5f-5bb83500caf1
5427,3721,e5ee2b02-c4d4-41e2-821f-706fae64b613,a4311cc3-6022-4cf5-9bed-2af0a4c819ee
5428,198,8d1f494a-2d2e-46b5-8211-953fd14e3a3f,7cd90efa-bee2-42c0-899d-b5bf8cda74fd
5429,3671,c322d219-20ed-448a-ae8e-87e524b601c0,09644bdd-53e8-4173-b10b-fa561ea8015a
5430,3722,883aa0a2-0fc6-4b26-a86d-8e8fbbe88512,82558621-38c8-49a2-975b-677cdd09578d
5431,3723,b8dd0c47-bf08-478c-b370-319382d55611,0d886dfa-e71e-42f4-bf61-2ec40941ffca
5432,3725,6ffad8b2-e715-49e1-9531-9fa032b28939,464df9a6-5e94-412f-b697-559d141f9380
5433,3727,ae8a8a43-2928-4196-8705-26280ad89092,509c42fd-cecd-489a-85ba-da11b1427b94
5434,951,e4465948-d1d6-4e69-bed8-f9f233fdce74,de013c3a-0df8-42c3-ace6-c5b1740508cb
5434,3728,e4465948-d1d6-4e69-bed8-f9f233fdce74,b563cf36-5c0f-4da0-9aa9-ccd5940f2efe
5435,3729,6e7d31c3-3650-4e93-ac3c-439fcad9a79d,e961389b-3f51-4d39-9e1f-cadf82bd3164
5437,3732,c6afb805-6017-404b-997b-b5d8372b1541,54eac471-8e55-4ab9-9229-7a8eda96d60c
5438,3733,434cb94f-ca72-45b9-aab5-9ba4e45d8a57,b292f846-e1ff-4fc3-8180-98bee29501cc
5438,3734,434cb94f-ca72-45b9-aab5-9ba4e45d8a57,0f9aaa2d-b8c1-4866-910d-6e842357b4ec
5438,3735,434cb94f-ca72-45b9-aab5-9ba4e45d8a57,6528a227-5f02-4b2e-b6d6-a0456b73d7c3
5439,401,7b2052a5-92b7-49cf-8c32-d655a947ab2b,5fdc1435-8a2b-4ea5-b5cd-e793ab3fdb95
5440,378,ae2ef296-96ec-45ed-bef8-7412e453733e,53063713-2662-43d3-a6fb-0ad606d92625
5440,2395,ae2ef296-96ec-45ed-bef8-7412e453733e,1471efa7-d501-43e1-945b-0dfdd615f852
5440,3736,ae2ef296-96ec-45ed-bef8-7412e453733e,b39d7a32-6aee-4c15-a5af-4eaa6d1ad2c7
5441,455,2b64a4ab-8d78-4a75-9cf6-50432085d5a2,812054c3-3114-4f5f-b7d3-f4e6d63de342
5442,455,ac91e39a-7f0c-4740-92bc-a91a226f0c11,812054c3-3114-4f5f-b7d3-f4e6d63de342
5443,3737,7d9cc640-cabe-47aa-bc1f-b92f01f9f078,2a5b085c-f6e3-4c31-97e9-ae67837af81a
5444,197,50984967-c865-49d6-a3e5-60aa77de6baf,56bc3b31-8017-4135-a955-bcab03d0118d
5445,108,6013bc84-c6e9-44ed-b892-aaf52d14e3db,5f7be770-3356-41fb-aaf4-fc7d50c2ee26
5446,3738,d37f3f8f-f4f0-4538-89b5-a98d26888f93,fb42e794-ef74-4097-8167-46c1e647dcea
5448,3739,4729689c-38dd-4bd5-bd33-8abd593aca0d,765dc865-fb7e-4a23-804d-6bfff57d2ad5
5450,4186,5b40d1a6-8185-4fb5-b30a-f9da7861cb14,e53fee32-a4ce-4f24-b74c-d5c800724493
5452,3740,42906b61-c543-4e56-9988-af4e19d50dbf,e36bf9ae-1e39-46df-a092-6f18f560cc48
5453,3741,2569a55e-fc82-4d07-a934-05d13890193e,e13f838e-8ff3-4fa9-95a8-fd76e7c0daf3
5454,3743,75c0cb0b-318c-4c9b-bb22-f9a7f3e67508,64f96f13-28f4-4682-9356-1a01da332daf
5455,732,f76090b0-daf8-4b60-abe4-37022f4336a6,6c3a9a9f-3df0-4580-ab61-b7fe0c40af7c
5456,3744,80d5469e-85f3-4ba5-b714-234b13f486bd,1c213097-f48f-47f9-b1e8-1804b3a35a3e
5458,503,bd044c6d-8848-4fde-bbac-35e73a2a5d83,c047e841-f85a-42b2-9df3-e1ceef4b6ec9
5458,3745,bd044c6d-8848-4fde-bbac-35e73a2a5d83,d37409db-f8ab-4070-874f-218da608b97c
5459,3746,5d05af47-4d91-4c6f-a0cc-9196c40c818b,b6eb1c71-a8b9-4e26-b6d4-0903d139ddb1
5461,3749,353d785d-819a-4b02-87a2-e088a3359cd9,2de5ca66-fdfc-4c9a-a6dc-fa09abb41ec6
5462,1378,00ac3117-e1ff-4f81-bd77-a040dd228110,b96d31d6-18ec-4794-88d1-f39e5e6b5e66
5465,3750,564b9fce-af38-4a1d-8763-22bc3ea9db83,f92b63f4-b19f-48aa-8a54-83fbf300819a
5466,3751,57e0403a-853b-4f6e-8f75-f3abb53f80c4,8df71595-62b7-4e73-bfb1-eb9b0c0e2d6e
5467,168,3b6e5b8d-8a32-437b-bb46-805b087e99e9,311ce9a9-1813-4d4c-aeab-fb990271b27d
5468,3752,4b43d81f-4f96-44e1-9fd0-6eed4795f025,f0901344-bc80-4c0b-8c98-9e489f637a33
5469,4267,6fc5a29d-18c4-4cfb-a7db-4a824f57dc67,a3e90962-baf0-41a6-af76-38f69f0aa7ad
5471,3753,e8249e12-e698-4dc6-9a02-d3f855636d62,5007907e-f017-4a37-8897-ef8a265fd75a
5473,30,dc473423-0deb-4ba6-a2d6-630021246817,bb7aae1f-3441-4535-9c63-08bdfb39f8f8
5474,3194,01e225ce-63f9-4fc4-a6e0-fd35f3a6a25d,55caa1b9-f475-4868-8e4c-a1f274659022
5477,1118,bf4b3edd-0f5a-4d89-b892-03790aaa8a92,62e49ada-cc64-4dca-a3a0-3e24c44f8df4
5478,3754,f2373aab-4365-4ffe-b0af-d1d5e003eb8b,cf5cdd0d-940e-4b26-8183-28f57a143a70
5479,3755,394b269f-383e-4ac9-9245-2a39920744dd,2544dfb2-de77-4a56-883e-c423f510dbee
5483,3756,12da5a9f-9048-4b6a-b205-c7e466b4cabd,d26819f1-5a9d-4deb-a54a-3cc0929a2ec1
5485,3757,6dbb4491-f5f6-47aa-b5d9-c19062d8addb,c4acd439-0915-429c-8cc6-427338161b23
5485,3758,6dbb4491-f5f6-47aa-b5d9-c19062d8addb,c191638e-e091-4064-b6a2-4b0cb2632196
5485,3759,6dbb4491-f5f6-47aa-b5d9-c19062d8addb,24ccc819-8463-4bea-b156-994f67817757
5486,3760,777c7a23-885e-405d-8f86-48d42d60ce4f,fb2d6f60-d7b2-44d0-8fcd-ef190e0c897c
5487,3761,31f66514-bdc0-48ff-b032-2332d3eb2da9,8637898c-3e2f-4e3c-a2a7-6fa8c177cb9a
5488,4043,5eb97e3b-2a53-4e74-a1d2-5d4b85b69122,db116a80-e544-4c38-bf47-debc3865786f
5489,3763,fcd8163b-11f2-4f3b-85b3-cfd2487ee0ad,baa0f708-807e-4049-b204-1d39015c0fce
5490,3764,a9a22929-d836-465f-a2d8-27b048889db6,b5e71471-0320-4d0d-8c1c-b03b90750fc3
5491,3765,1e654230-314c-4784-95f5-de572557f10e,b5fc7661-cc95-4579-9a24-5ac65e713851
5493,3760,fe946cf8-29bb-4937-95e0-ae7b15a0c77d,fb2d6f60-d7b2-44d0-8fcd-ef190e0c897c
5494,3766,807470b6-b34e-42f7-ade3-9c1f59af83ca,887f707a-eea7-4ca9-b9eb-87cd600fc27b
5495,3970,c136f91b-1db4-4e7f-a56f-cdec100bd88f,d451d1fb-d111-4a20-994b-b3a48fd48779
5499,3767,05f1c9f1-6493-41cd-9169-239f1d4e9f06,be88b1e5-50a0-43f9-afa5-db03def82d81
5500,3768,ab7def9f-75b6-4865-bf90-371aa65f2be2,4644e1e5-d1a2-4aba-a369-3c2001470e7c
5502,3769,ce3b777c-3556-4384-a5df-62f2c2155d7d,e84d2b1d-67a5-48b6-b304-23b3c06cae89
5505,612,cf7e8a2b-7ca0-4057-a58a-954b266a3c43,3a3a078a-b6ef-4e9c-a458-89c536f63d73
5506,612,c04e0f5e-46a4-43c5-aa36-8d1c0ef882b0,3a3a078a-b6ef-4e9c-a458-89c536f63d73
5507,612,5fd7c16e-9ce0-42d4-86c6-be50d10f871c,3a3a078a-b6ef-4e9c-a458-89c536f63d73
5508,612,050487b3-7707-445f-8361-a57bd6850044,3a3a078a-b6ef-4e9c-a458-89c536f63d73
5510,197,2d709971-ad1b-4696-a073-6963100d7c29,56bc3b31-8017-4135-a955-bcab03d0118d
5511,3770,dbfbb3c1-cd76-4d4b-8033-032e84a36e9e,d57ba8c1-4c12-4548-bc4e-21394ac3e32b
5512,3771,f40f7c94-bdbd-429d-9e61-8e7bccfcc566,0790f13a-c014-42b8-b1aa-67686c22617e
5515,3773,ff76047b-861e-4775-acc5-169e074a5869,abac3f45-c142-4513-9b8d-a68c08bce186
5516,220,5f69e536-0fb9-4422-8123-92eb1d31a4a8,5bb9a4ed-8242-406b-a583-ba1ed3d1589e
5516,278,5f69e536-0fb9-4422-8123-92eb1d31a4a8,559e3cff-b49f-4823-b67c-829c14941c01
5520,3775,b85affc9-2700-4aa1-a292-153bb825d3b0,440692f9-249b-4b16-9ee5-f854f4bf3455
5521,3777,40ea2f96-e733-43f9-a5b9-36394c444828,08e49ac4-6372-4773-8f5d-98ba1b70d7cc
5522,3779,9bf487ff-89d6-428c-b78b-f01234fa1aca,c4c5a9f3-79f2-4467-a090-9e62ea80856a
5523,3781,6173ec6c-1acd-4a55-8f6c-d1a1e8372ed5,07763fcb-d87e-44d5-902d-01cd1f07c252
5524,694,69b533ce-7c42-4335-8c07-14e07a6efbd4,30505053-153b-45ed-a2da-6d8599a8bb72
5524,2748,69b533ce-7c42-4335-8c07-14e07a6efbd4,444428eb-1936-4a57-a180-9b3ad0adfa4b
5526,1190,92c921f2-7171-4b51-bc20-f13a38e30158,4e8848d2-6e8b-4f5e-9b67-489df8bc3f39
5527,3782,be8ab058-448c-425d-b443-7aa6d0fbadbd,1c152db4-d8fb-41d4-9c61-1a863ea490db
5528,732,1010a9ef-f786-4df7-8301-3dc92887cde4,6c3a9a9f-3df0-4580-ab61-b7fe0c40af7c
5529,3783,571f4690-95a9-4239-918a-9baef51b8d94,a850f5e2-3e27-4b3a-b769-23f38541e5f2
5530,3786,d54ae052-12d9-4c38-9aa7-839141447b59,9ce4ee8b-4096-43bc-8b86-f9ca93a6b789
5531,3787,7c8de2e5-9b87-464f-88bd-c6d4064e435e,9bd7b839-5f57-41dc-b4b4-2b655607f240
5532,3788,fc2725bb-e97d-4378-8ec4-a2d1b0b8e487,33eae54e-357a-4fac-8386-08ad32bac134
5534,3322,afdf564f-8f40-4b51-939b-478091055095,d2357c74-1e4c-474e-bf6a-09ea0e6c7638
5534,3789,afdf564f-8f40-4b51-939b-478091055095,0b9762b4-fe24-4580-801a-f1e114f486c9
5535,3790,9b3ccaa1-4738-4e80-b948-780e691bdafb,431088fc-788d-40ec-9882-aaffd9a5327b
5538,3791,ec06916e-fb0d-4ce2-b56f-3598f53c3fb3,287e3a21-ced4-40ff-a002-d42dc954ae92
5540,1378,38902b3f-1535-48c8-8453-0e2ba9d16541,b96d31d6-18ec-4794-88d1-f39e5e6b5e66
5540,3479,38902b3f-1535-48c8-8453-0e2ba9d16541,84f86399-5984-4fb2-b771-71a88dec4d54
5540,3480,38902b3f-1535-48c8-8453-0e2ba9d16541,04c6d72e-eac3-4846-92f7-8c45f575879d
5541,3793,acecd3d3-fc20-4912-b194-a7f6fd171f1f,2f74f486-ed1a-4b79-806f-0beedd4963cb
5542,3794,0b083ce7-0d0f-4f89-b00c-55583a1f6f79,16ee1d51-b63b-4870-95d6-7a9a37228182
5543,732,8090f64e-dd5c-48d5-b5d4-2257cc273081,6c3a9a9f-3df0-4580-ab61-b7fe0c40af7c
5544,33,56e6c129-d5f5-4865-b577-bd8f58e89793,c79d466b-0c9d-4e8c-8065-468eb02c60d6
5544,3686,56e6c129-d5f5-4865-b577-bd8f58e89793,31d5feb9-6252-48e2-b320-9b330bcf7540
5546,3795,b3b44826-6a64-40cc-85af-b5bfe5808d63,7dbf5b31-252b-45e0-aff9-43ce64fdee68
5547,3796,a124c222-569d-4d2e-b8c6-c7f046804d31,f21bb665-6487-42a5-961e-2adddc2623b9
5551,2742,3790a042-5953-4628-9054-6ed3741b1ac4,0efaec92-248a-4007-9d48-b630e3d9750a
5551,3798,3790a042-5953-4628-9054-6ed3741b1ac4,bd425b3f-34f5-4eb4-87cc-630fa87d25d3
5552,3799,79e1088b-28c1-42f1-824b-95ec7cc9682c,80c04124-474f-4a99-b2e5-9900f77c3593
5553,3492,cb46177e-5af6-476b-980b-57acfaad2e7e,db200ac5-208e-419b-9e84-55456fc94ad9
5554,1015,3f51ae7b-f7c1-41b5-a2bc-67fe2580f9cf,67e2e64e-b5a5-47f6-bd52-05093f246ea6
5554,3801,3f51ae7b-f7c1-41b5-a2bc-67fe2580f9cf,59c931c9-a8f2-443e-9ec5-9d13842c1c86
5555,3802,a384856b-0256-44fe-9bfe-2576215e6ffe,5e80ef76-f1e4-4304-aea7-3f2747f4491c
5556,3803,9fe03a65-cf42-4f6b-a721-a9eeaca68d2a,b2fd79b3-2f41-4986-b24b-13afab6c3a83
5557,3805,b43a123e-c1ba-4675-a325-7db646b02b08,654b951b-044b-4acb-8fe1-f03436d7094f
5558,3806,b2e0f84c-c793-432f-865c-4706dd5f8952,7f5f7cca-db3c-4568-8705-8bbfe443e5cb
5559,317,82119f59-d5f9-4498-99a2-ad0edb9c0129,636eebc4-c57e-4128-9a32-e44b0efb470e
5560,3807,7b7e2c30-80a4-46fa-8619-3aff4287d8df,65766d2c-134f-43e9-b20f-48ab66ffafdf
5561,3808,2d3a9532-36c9-490f-bb6f-2ea3f87627d4,a8bd2719-0d53-44a1-8937-45475d85232a
5562,751,83c48884-bd4b-4948-bd6a-ce527e1feaa4,77814e2f-e6b7-49f0-ab53-af34c3ec6320
5563,3809,2f3835e0-ca26-4306-b222-f19057f5b5b9,46167677-50c3-45fa-95b3-209a74f9aebc
5565,1022,55e25539-601e-4bf5-b5b1-a018c70d3fea,d717e18c-8df9-4d87-856f-b9284eed3e62
5566,279,d26ef7b5-1de5-457e-92f3-ebb276d1a7f3,1f3b4ed5-6d44-4575-906b-cceae95ad37b
5567,3810,46efc53b-d77c-4fb1-b90c-da6dfb5ea755,f07bde68-0a19-4a5d-9978-824432bbc3f9
5568,197,287964d2-5605-43f8-9fb7-0add56e305b0,56bc3b31-8017-4135-a955-bcab03d0118d
5569,3811,122fb989-57e5-4d16-b974-f6b48526a2c5,e01511c5-eeb3-49c9-9f23-2ce4a58617c7
5570,351,faa40585-12e5-4ccb-ae91-dacaa1e5d7b9,7c543740-51d9-4c2a-be63-be388d60f2c1
5571,3812,22518da5-4235-44d8-b574-1f2773345730,42e13268-1e5a-46a6-870b-02d2df7a4043
5573,3814,626eeb4a-41e2-4d0f-b8fe-33aa37ade3ea,b193141c-547e-4338-b11b-9e5ba59ffd05
5574,122,fdda6175-7745-44ea-93fe-b0d4d603e696,afaa0bfe-b495-48a4-97dc-09b212a903bc
5577,3815,e5fd05ca-ec3d-420a-b6e1-6cc394030ce4,588def52-c971-422a-9ee1-a822308c8437
5578,122,c50f67f2-2f78-4ed1-a637-7f3adf6d6c33,afaa0bfe-b495-48a4-97dc-09b212a903bc
5579,1027,bf8af23d-2b63-4a88-bc96-29e4b4845af0,d8521f76-539c-47a7-9260-53f8fa1a97a9
5579,3804,bf8af23d-2b63-4a88-bc96-29e4b4845af0,466b0ad6-713b-4acf-b13d-0459cd8dae2a
5579,3805,bf8af23d-2b63-4a88-bc96-29e4b4845af0,654b951b-044b-4acb-8fe1-f03436d7094f
5580,122,997dff97-bd5d-4e4b-9c1b-b583357046e3,afaa0bfe-b495-48a4-97dc-09b212a903bc
5581,3816,d93caff0-bb0c-4b23-9d53-b04055002621,cc33c174-91e3-4155-b79c-8ab9faaa159b
5582,3817,2b441154-68fb-46b0-969c-aa0a9d855296,64e89f57-3ef1-4788-af4c-7d73d79ff7ec
5583,3819,a4fe9889-3661-43ef-9893-a33fc9c56a28,d7eee84b-a8ec-408a-b657-9d9684e6358e
5584,254,d7226e09-2cc4-4920-8b9c-09eacb501131,1a0ce20d-61f0-44ed-955c-0419262fd302
5585,3820,b9a1544c-4b10-43cf-8241-b2fa32131b25,7a4ef60b-e50c-4a87-9360-7eca52523de6
5586,3821,189e560b-71e1-4719-b39a-29b70031cb0b,e539fa6a-6589-485b-9e02-a1c1f23690bf
5587,882,59605619-7cf9-47c0-83bf-a9f8dc76776a,b09d0d9e-fcc1-4a9a-a664-3e857801d141
5587,3577,59605619-7cf9-47c0-83bf-a9f8dc76776a,ed245031-1033-4d41-aad9-3c4e87bbd6ff
5588,3824,0119d0f8-a603-4f41-86b1-3bf768293c79,3c039f9e-8139-4b87-93a2-6c58071d598f
5589,2747,e767d444-074a-4a0c-b971-4b9d7c225b0e,a36c6cef-8b1c-45ee-88f5-18afc5e22c9f
5589,3826,e767d444-074a-4a0c-b971-4b9d7c225b0e,66b84c9b-677c-4831-a6b5-c0c405729229
5590,128,3f45108e-cef2-4e12-854f-9f49b5714029,16ba28df-8e3b-4176-bf27-a06ee421c13f
5590,799,3f45108e-cef2-4e12-854f-9f49b5714029,0db19440-f5bd-4361-9f72-ef22ca18d691
5591,3827,52f6c6f1-cfb6-4e3d-9097-bf6ada532a43,a743a141-611f-48c8-9339-b8bc9e02d17a
5592,3830,66ffd690-a428-4aeb-8d0f-18437e703064,e43e5406-ac1c-4786-adff-25484f2bc919
5593,3831,bd23ba67-d2ec-44f4-89e6-6e824e69300d,44c239ac-8d3a-470e-906a-082bbeadc0f3
5595,3833,b6d2820e-128e-421c-8d04-24f72d9ceb91,c732810a-828a-4edf-932e-fe74d6121dec
5596,3834,1d0325a9-877b-43b3-933f-9b6c929a8540,f58608ff-d4c5-4491-af3a-1c70907f58a8
5597,4235,7b92e6cb-6c2d-4aba-880e-609408aba260,ffe2b65c-05f3-4ec0-8427-2938a946f43f
5599,3835,e5797c1a-18e2-49c2-8049-e06aecd6fd53,71f58ec7-dd41-4f50-a93f-84ac9635149a
5600,3251,ac6b42c1-fcad-473f-9933-dc5142b289e8,9fdb5e0d-8703-42f0-9ff9-ee56c3999667
5601,3836,ead38fce-96de-4599-962a-437018b922a2,06d93889-c2e8-4b83-831a-a9220f6882d8
5601,3837,ead38fce-96de-4599-962a-437018b922a2,d96c717c-17da-43a2-90c5-07c95eb82a68
5602,2535,e0442d8b-dae1-4937-92ad-d4fc653f048d,73d4b068-8f69-4bd0-93cb-5ddf76927c8f
5603,3838,28a6d474-531f-4c94-9211-5bbb8b911de4,0aef696d-195f-463f-8b94-fd06699582e8
5605,3335,c94c308b-e06b-4b49-8f6f-ea4183442e05,3a227a48-1de9-4eea-869c-fd73819a2c44
5606,3839,ef0522a1-526d-4009-a9ba-c7b66c49049a,b3257f83-7f8b-467c-87b4-4cad5052b99e
5607,128,343f00d5-ef31-4fc6-8ef5-0daf3e210687,16ba28df-8e3b-4176-bf27-a06ee421c13f
5608,640,00c8178c-321f-445a-bbea-4061b45639f4,a1b27a1f-a6a9-4b48-8f20-db57a25332c5
5608,641,00c8178c-321f-445a-bbea-4061b45639f4,597a35f4-09bd-480c-b931-86dd8ab2e0ca
5609,3840,cdf948c5-1db6-468a-a6e4-d6417e1642d7,fd9b3d6b-a6fa-46ac-9ad8-6f9edd453a6a
5610,3841,1a556a2f-2a16-4ce4-acbd-1fa5c5947a1d,6f3447a3-4298-43ff-b06b-6979b3e77276
5611,431,b9ef4b4c-dd42-4c24-b162-3fecbeb7980a,a99ab47a-e75b-4af4-af55-7b24308971e7
5612,3842,f6484996-38d4-4a82-a4b1-db4fb36b7f49,33a82f78-20e2-49c1-99af-918ca0651254
5613,2896,5de854cb-74de-459c-8aa3-cb1ffe542cb9,adbb91fb-822c-4520-b77a-e2aebe60f792
5614,3478,3c6f07b8-f4b3-4220-99da-62a3ef6af8e0,16bf3f44-b9e0-435a-8437-c70936171e04
5614,3843,3c6f07b8-f4b3-4220-99da-62a3ef6af8e0,443419fe-4326-478d-9d13-9c9acfe977fa
5616,3844,5131c057-9fde-4821-a920-a43ede0dd5bc,fb9cde85-385c-4ced-a394-e019aff02cbc
5617,694,a8d212c6-9161-41e5-b4fa-950b6b6d6cf9,30505053-153b-45ed-a2da-6d8599a8bb72
5618,3301,7f28015f-be72-4b48-957d-784365e0d43d,a41a0b61-1e64-45fe-9285-71b1d9cf5670
5618,3302,7f28015f-be72-4b48-957d-784365e0d43d,160a694d-3b4c-4acf-acff-775b8117a46c
5619,3845,5ba6ba74-df32-4930-b1a0-e4feec2b8e52,28771327-8685-46c8-bc9d-b7bb90b17a58
5620,3846,bc8b408f-9e41-4983-8ff9-dba207556828,3617dd83-4032-474e-9f8d-788fe5219e26
5621,3847,ca40bba9-45bc-4188-8bf8-4c6b4d6a67ae,d293ef99-4c6d-4eb7-9a0c-2177d7f15f4a
5623,3166,be7c184e-8710-4f22-90f8-2f598395413e,c8c436f1-70c5-457e-991a-451b825b343d
5624,3513,4d208b4a-abe1-40b5-91ac-f1825fb09e79,a5decf6f-a9d9-4ecd-9bba-19ed80c989ed
5625,3848,59e4a196-cf51-44cb-8deb-3b52a4b41b14,6ba9a011-c386-4903-a628-b6f281d672d9
5626,2409,dcb8945e-b78e-46f2-9789-d456dbf3d029,4b884906-46ee-43d7-8c94-1d4d7db36e6a
5629,3849,d5983f2b-8b91-46ea-a635-36e6546496b6,abe43130-8aef-4e5c-9dec-9985a0616fa2
5631,3247,d55f104d-782f-4d7a-8584-b7458c69b84e,d3bc065f-50d3-43a9-8cea-41dc72bf3ba8
5632,3850,924b6202-0e6e-4668-8bd0-38b8d623214c,fa56668c-92d3-49e0-97eb-43f152743fa6
5634,3851,30dc7104-4e98-40b2-b67e-e17fa1785968,d7da37a8-26bb-48fb-80bf-e6789c20c15f
5635,121,f838955a-708d-4a0a-a97e-c7fc24d163d0,ecb75119-14b6-4f34-802f-95e3fccf2bf7
5636,3852,4e35b1fc-12f6-4559-9a29-44df3cbba927,cec8505b-8420-44eb-a344-6bc5f3603de7
5637,1285,54582567-0c82-43ed-be1a-68de97870c32,c3511e44-96d3-4b6c-8252-950e92d2f030
5638,3853,44b5c83c-aaad-4058-bd10-4cec9c21004c,947ae1fa-d31f-4f11-a743-3cf019cffd04
5639,3854,c5b61cd5-c794-4d72-84ea-bab4c9d3818f,863ee165-fedb-4f1b-9d5b-54b6d8e03897
5640,803,a8f2ed14-957a-485f-a25a-0621fcafb552,3c73e208-cfd8-44db-9e74-c39c16df747a
5641,272,f16b3f2e-86f5-4b8e-80e7-1fb018665745,7e8e97ed-cd1b-4ac2-b894-b1a1c2e74060
5642,3855,efca7887-25c6-4d85-b96f-1b3075380d84,c649adc4-2bb6-426d-b338-0e1641b69c8e
5643,3856,c03e090e-6172-4401-b802-bfd71a28333f,e198f099-d28b-437a-a0fc-48928a5eb2a3
5644,3857,a23e0ca4-2557-424e-b31c-c897588fa321,86e97098-5770-4056-be18-8b0b830e91b6
5645,655,65a2c32b-ecea-4e12-a3e0-e3b49cf4114a,18269dde-fdbf-40e0-a39a-143d333c6bd9
5646,751,f413a3c4-cfda-43f1-9aba-909f14e2276c,77814e2f-e6b7-49f0-ab53-af34c3ec6320
5647,3676,32e1e5b6-edb9-4cd2-a80a-30a2dda010d0,72918f60-bedf-416d-9891-44463c2e7f37
5648,3858,88514f74-f770-4853-8ab5-00e52ab792cb,cfc7c5ec-71a3-4733-baad-1a2262b10ebb
5651,3834,38bbd49b-810a-4bae-b9dc-c853751edf94,f58608ff-d4c5-4491-af3a-1c70907f58a8
5652,3859,bb32921f-0da1-45ac-b56f-e9621452758d,2b157f1d-2be0-414c-9290-8df79691efbe
5653,3860,97189a33-ed3e-41a2-a760-e1b69cded92c,014e2827-b0ce-4969-9b66-398ab96c5fbb
5654,3863,0083218d-b964-4114-8acb-f203f299a5b6,870e5983-21db-49f9-bd85-9be739293d35
5656,30,6a5cc55b-58bd-4327-aead-37bf63c14ad4,bb7aae1f-3441-4535-9c63-08bdfb39f8f8
5657,3864,14d67cb1-ee7c-49a8-ba7d-7b91a7984c7e,6b108f0b-abf0-4759-a567-80d471f480fb
5660,3865,3887cde2-a44f-4cb6-af68-f8ec6195402a,5a0f1586-a813-498b-84d2-84b3596a2c5e
5661,3866,ef8a74c8-0f71-4f45-9070-504dc137da30,b8cb2d51-24a1-4667-8a8e-a8c6afd2247b
5662,30,7382c793-fb59-46a4-a4d9-e052a7202989,bb7aae1f-3441-4535-9c63-08bdfb39f8f8
5663,3867,6f62de11-2f4e-414c-a30b-721bd172ebdc,3e0a3932-a5b4-4d13-b448-59705bda8c70
5664,3869,15e73ea5-d917-4970-a1bd-7f8aafb3377c,635db674-2a25-4e02-9f65-ca1048a6fb56
5665,3871,e0060c69-7fa5-45c6-8410-bc0c5fa4733c,5235dfcf-ee16-45d2-8c62-1f9f10f63ee1
5666,3872,639174e0-988b-4552-a6f7-0b1dadd55110,3aacd2bc-dd3a-442e-9422-214f65297308
5667,287,56cf39d1-811c-471e-9bba-36da17537826,7ec49eb3-cc29-4bc9-8912-08e443c66999
5668,3501,9108f0ab-a23c-4172-92af-bc62281b4c66,5d9c8eb0-8766-4d9f-9ab4-e47dd826442b
5671,2862,a7babf22-5083-48ac-9edd-fc60afcf72eb,ecbf7bf0-7f3b-44d3-943b-228fe7ee1f09
5671,3873,a7babf22-5083-48ac-9edd-fc60afcf72eb,027f02c8-ea8b-47e9-b9fc-9238798265f4
5672,244,18bc6a0b-ef29-4ccf-8505-a27e7238e5a6,5cdd1416-214a-4231-8972-8a1c6e88e489
5673,3874,f9483da1-99b2-4aa7-aeb1-460f3bcd330a,4a2b9785-3278-4dea-83dc-8685be9fdce5
5674,3875,defbc854-a402-4662-b00b-0d1033dacbda,89566756-7e76-47c8-9119-e8270bfefa48
5676,3876,64a5b57c-c494-4b86-ad3c-aeb6cc26e4ef,b48faf08-dca9-4029-8add-8a1af6eb6c71
5677,3877,3323b071-ad45-460a-9f31-59e2bd516ab7,7a012aa6-d4dc-4844-97b5-0cb5ee56a872
5678,2748,9033618f-5dcd-4f59-a339-2474bdf2cf56,444428eb-1936-4a57-a180-9b3ad0adfa4b
5681,2505,e22c76b6-b1b2-4b1a-bdcb-7888e66d7c1e,cb057666-dd0e-4922-a1bd-badcd3404a3c
5682,3151,4a9a8442-19fd-4ced-b787-9d86d1e32611,db3ff8e5-7d7a-4caa-8c36-f65357d5f67a
5682,3152,4a9a8442-19fd-4ced-b787-9d86d1e32611,54e645ff-a1fe-4334-b66c-344206d0be83
5683,2748,b6eb246b-2da8-47fb-b16b-8c8e83348b70,444428eb-1936-4a57-a180-9b3ad0adfa4b
5687,3878,edcc4bfd-87c2-4c91-ae0c-05f4d91fb7f7,7067c18c-adc0-42d7-8987-d1304c7f5c8d
5691,3834,c40a5a3c-8fdd-4e90-bbba-677abf28cba5,f58608ff-d4c5-4491-af3a-1c70907f58a8
5692,3834,a4f3effd-0b81-4e32-ab92-e21087348049,f58608ff-d4c5-4491-af3a-1c70907f58a8
5693,3880,5c13cfbb-682b-4609-a945-dbfe73d469bf,c5a24823-0e12-4785-a049-9c903e884b4f
5695,351,8b0e16f1-2537-4557-b298-26339185df49,7c543740-51d9-4c2a-be63-be388d60f2c1
5696,348,5875b226-a0b0-494c-9344-4eb0430e7403,f12a0173-ceda-40de-8a02-ac4ca5b9c2c2
5697,3881,1dacdfd3-204a-4bd4-b630-19d2786b4f3b,e5a2ed70-e740-415e-9f59-b38d6d99a614
5698,3882,db6a09a3-4b4f-4cf3-aaa2-06ce80765aa8,adf0c511-a1f8-4b11-af08-8395d811f558
5699,3884,7ddb52a9-e328-44d7-b1c5-895b5a3e3429,5050a3cc-951e-4a64-8018-4da0f5c8ff98
5701,3671,94a8095a-4828-4f4b-9acb-23366198e6ed,09644bdd-53e8-4173-b10b-fa561ea8015a
5702,3885,8d26e4aa-fc12-4900-a260-520dabf68ff3,932ba2b7-7fa1-4c86-b4b7-e8d4bab15095
5703,3886,370076c1-0c73-488e-a4d9-2dd130834801,1ca14f27-019c-4752-95b3-1b377c477bf8
5704,3886,8bc4d263-24ef-4af8-b889-a1aaca848c8a,1ca14f27-019c-4752-95b3-1b377c477bf8
5705,3887,a335eb84-dae4-4efc-be53-448133f58765,3e2bd77f-551d-4bc1-8356-9bf014523569
5706,3888,3469793a-6516-4719-b168-21f0e86f11c9,440f32f9-f735-4c56-913b-cb5476423e60
5707,3888,896a4eef-d497-4c93-bc61-ed3237e93d2d,440f32f9-f735-4c56-913b-cb5476423e60
5708,3888,6ccfad46-39d0-4c29-a4aa-ffb1ce291863,440f32f9-f735-4c56-913b-cb5476423e60
5709,3888,fc9d7bbe-e7e3-4411-b85e-4a3d831dd607,440f32f9-f735-4c56-913b-cb5476423e60
5711,345,16d9b69f-c398-42b1-a27a-e5086e6cdbb3,57c6b6e1-b0b1-414a-b429-81d6ce7744f5
5712,4224,a09f0dfa-da16-4ce4-8664-0791a1ebe077,d4a60bc3-3c3b-4e21-9572-c1813917dff5
5713,3289,490a6a20-8b0e-4a09-aac8-d080f649034f,e1e30b4d-c849-423e-8b9e-4f6439c50c00
5714,3889,6fb45be7-8a89-49ec-ba5c-b5d1a7dfa03a,23a46dc9-c058-4769-b9a8-cd542c5ab18a
5715,3194,879cd49a-f62d-497b-85df-0f10cc98fd24,55caa1b9-f475-4868-8e4c-a1f274659022
5716,3890,b1db1d14-1c53-470b-9548-9d0728fcef57,05840942-fe63-48f5-8794-3693b24ad2a0
5717,272,377abcbd-f8c7-46f1-80bc-525ebbe92b54,7e8e97ed-cd1b-4ac2-b894-b1a1c2e74060
5718,3891,fc84744d-416d-468a-b74f-6001f398d85b,dbc61aa4-9625-41c0-a04d-121d2922dd2d
5720,3892,f28d7ba1-926b-4605-a7ff-40984f3c5200,0d9f2ee9-9e69-40fe-a9f3-886ef7ad4bda
5721,338,c9d9a21a-b474-4c76-a3a2-a9f2d6047d23,9adac9b4-48d3-4a9f-92d5-1ff1005b8272
5721,3893,c9d9a21a-b474-4c76-a3a2-a9f2d6047d23,f3a3db36-78db-4cf1-b5d7-7e3f3e3e0d6e
5722,193,5604d669-3411-446c-b368-8d77fa7395d7,ed898e87-2b01-4d97-9e5a-8f4f0e8ceaa4
5723,3894,731ae988-0bdb-46b2-9ca9-3aa634d98344,c8af5ee3-d854-4163-a6e9-3e565595ec03
5724,3960,62231269-3d0b-41eb-8742-75bbc74f7b95,38128cb6-46b4-4674-9b4a-b2608783f2af
5725,3895,c07971ab-3971-4146-99a2-6b636a11c7e6,a6b3a2bd-51b8-42f1-9a50-d95d3ca4cfc4
5726,3896,899f80dd-8262-4380-8e1e-65256505168f,4ef0fcdd-6f46-4485-862a-4194ee5884f1
5727,3897,eb4a03b6-34a5-4aaa-ae18-4319a93c756a,f8eccc59-6843-44a4-8089-6bffbf5612d4
5729,3898,3ba31ee2-8b91-475d-a53a-d15e1124a1e9,0ba35941-1f5a-4b11-ba49-882b4e54cb41
5731,3899,e22463bb-bc3d-46e7-a4fc-fdd241744a08,b0e9bd54-7580-4f18-b184-5089b7e11b52
5732,3901,a0dd2541-b3f6-49e5-ae8f-d1145b83ebf4,ba61be42-a6e4-4f75-ae47-b9b4f0a121d1
5736,3780,ddb0e525-c7e3-4665-bd07-73b15f958534,cdcd2e48-4b00-40ab-ae22-b050d5fa0999
5737,3194,dea5d193-76d0-4a30-80f3-388c0377168f,55caa1b9-f475-4868-8e4c-a1f274659022
5738,3902,d1c08767-3fec-4f80-896d-91f5710c14f8,d451a71f-ca4e-4477-a5fe-fd3efc28a6d5
5740,3903,ab44a70e-a3c1-4814-8df5-6fa3f6c8c136,de28bc45-1493-455b-af7e-d6e592387f2a
5741,521,a52a0ae6-d34f-40f7-aef6-9588002fa345,83e1ed00-4da1-4fbe-aaa2-aab5f88f74ed
5742,2540,5241d94e-3074-4887-92e6-59d7d6ab14dc,f5c2298e-ad6b-40cc-9bea-0b142f21ac91
5742,3904,5241d94e-3074-4887-92e6-59d7d6ab14dc,076062a1-2ac6-4cee-8e1e-002aaff80d30
5743,3905,3dfb5473-5a60-4c9f-9125-a2f68da8e35d,2b096626-b657-4099-9a43-890d1cfa9f20
5744,3906,4fc78550-c69c-43f8-afd2-b4fe9774399f,c67a86b8-afad-42a3-a602-1feebce37600
5745,3907,6f0af487-2263-4466-8214-138456aefe71,c92bb54c-d845-49c5-b008-5b51e59c95d0
5748,3909,484b1c83-3697-4981-b2b3-db8b4c5806dc,0d4651b5-8101-4304-b4c6-f70b3946500f
5749,349,62fa84b8-5080-4f05-83fe-2cba4d026379,8533ede3-2d80-4b66-baab-d4d71970d5bb
5750,3910,cf82e736-720a-4c44-bf72-1b823213b255,7a9d98e7-5cfa-4b69-a597-01f5503d3a63
5751,252,013f7e82-2570-4474-b35a-30af451a65f1,a0f3594d-183b-431f-8eba-ec051b26cef0
5751,385,013f7e82-2570-4474-b35a-30af451a65f1,9874b152-843d-4e71-94ba-77498a8f5e8e
5752,271,c463fe02-0c24-4c4f-8da6-cb39aa2586ad,d368be0a-b9cd-4dde-af9f-1c9840ecfec4
5755,3911,841df63c-2073-43cf-8ad4-80c0de6e1666,928b3567-ca02-44a9-8927-3b859a018f32
5756,3912,acd29ed9-5046-49b7-a9a7-f85987082da1,b3223be0-df57-466e-b9c1-2f73d320eeb0
5757,3913,939c6536-8fc7-4901-ba23-b5d93be29173,84caf7dd-c8ba-44e3-ae83-1b3f97679b6c
5758,254,226ef3b7-70d8-4d6a-ba17-f32a0dde855a,1a0ce20d-61f0-44ed-955c-0419262fd302
5758,799,226ef3b7-70d8-4d6a-ba17-f32a0dde855a,0db19440-f5bd-4361-9f72-ef22ca18d691
5759,38,626f2da7-df75-4768-a0a7-aad6076efd4e,af4b971e-7bcc-4feb-b202-3aae1c4e3325
5759,200,626f2da7-df75-4768-a0a7-aad6076efd4e,555deba6-0107-4ad9-9e2d-f16dfa9c6218
5760,100,56c8dd48-653a-4262-aea8-892cac26378f,a54f808a-9c32-47a2-bec6-95f79626d5a0
5761,725,ee6a7284-35e9-4276-a6f0-219f97709271,23c9ac8a-0f4d-4eda-9478-e10495e85240
5762,3914,2c8b710b-304d-4717-b3fe-3d789f917e04,1291b854-ee87-48a4-b980-f8c830a3fd38
5763,30,a8d7a517-8143-4712-a04b-18c1c7c1244c,bb7aae1f-3441-4535-9c63-08bdfb39f8f8
5764,3915,57915bca-a8e5-436a-88aa-561ed9d6af26,193c7a76-67a8-4443-8783-f06a9a7108f2
5766,2739,b8deae94-a4ca-4841-b1ad-6a3e92307a68,94eb5d17-d490-4675-a284-65e5153bdd12
5767,3916,25293c5d-24e3-48d9-9a77-656e5da4ddcd,8feb87fe-b505-4c13-a6bd-9b8de724e7f5
5768,3917,7a142c32-dbd9-4792-bda6-de68b7e27920,fd940ce7-a681-42ed-aec5-f40d72693c75
5769,3918,16e85340-d972-42bf-a41a-014c97692390,27c73662-47ae-4a5f-99d5-3fea64346634
5770,3919,86e38f4c-0856-456f-9d02-be05fb3795d8,4748d7ec-4c53-4adf-9819-c0325fea657b
5771,3920,f72cd8b9-e460-474b-902e-001b695cb6c8,5f1cd31a-f35e-4fb8-bf9b-e22bfd5ae167
5772,630,66be4148-5fb7-4627-b63c-1a3f9a806253,539d31fd-1bfc-4b9c-9a0a-005a027edeaa
5773,3539,a2ab9bb5-612c-4335-91fd-1154ca9f59aa,09dcf7f9-00d3-48b6-996a-69acf7e40008
5773,3921,a2ab9bb5-612c-4335-91fd-1154ca9f59aa,13e53419-f08c-4ad8-a3b6-fb87db0b19f6
5774,3922,a52b8fea-5a67-4712-83be-85ee8fe34c2d,8769d16b-0a56-4f23-8c13-2c9027fdec88
5775,3912,56d0ae16-6ee9-44ab-99fe-6668798f45bf,b3223be0-df57-466e-b9c1-2f73d320eeb0
5776,3925,e023ad7d-9fec-41c6-be1d-6c59e708c00b,bdcc84d7-dffb-40e2-850a-f8921949265c
5777,3925,e56d3e00-6745-478c-94a0-84a4c9135804,bdcc84d7-dffb-40e2-850a-f8921949265c
5778,3925,9a7e5783-ed24-41c6-a2ca-0090bbd3aef7,bdcc84d7-dffb-40e2-850a-f8921949265c
5779,3925,6eab8250-ac60-4d33-9c32-3c0f50c0f0e8,bdcc84d7-dffb-40e2-850a-f8921949265c
5780,3926,065f7cb2-7a5b-43e7-bdcc-73f7ddae4d7b,09548e43-f387-473d-8530-e1f929c915a3
5781,3928,d22ed01d-e4bb-4a45-bfad-1da307ac7cda,1a0210cf-45e8-4424-a27b-a04b34b96bc3
5782,3925,9027fac3-3e92-4438-9cfc-72730bf2b1bb,bdcc84d7-dffb-40e2-850a-f8921949265c
5783,3925,7d5d4ad6-ffa4-4901-80e4-12985a3cef2e,bdcc84d7-dffb-40e2-850a-f8921949265c
5784,3925,15f97061-17d6-4587-a382-4d9c870e0223,bdcc84d7-dffb-40e2-850a-f8921949265c
5785,3925,5bc34bae-efb4-4f07-a036-7fd5c0758de3,bdcc84d7-dffb-40e2-850a-f8921949265c
5786,3925,bfe646fc-808a-4456-a1e5-aa8d6d5b305a,bdcc84d7-dffb-40e2-850a-f8921949265c
5787,3925,de441760-d182-4f77-8e14-d32de6fbf8c8,bdcc84d7-dffb-40e2-850a-f8921949265c
5788,3925,09c5d8ec-5483-4cd0-bfc3-aeb682bcbd7a,bdcc84d7-dffb-40e2-850a-f8921949265c
5789,3925,f2439654-a2bb-489a-9d8a-7586f5c94889,bdcc84d7-dffb-40e2-850a-f8921949265c
5790,3925,a5505280-c095-43bd-b3fa-688049a2dca2,bdcc84d7-dffb-40e2-850a-f8921949265c
5791,3925,edd045f3-08b7-453f-a00d-f5d4d54192e8,bdcc84d7-dffb-40e2-850a-f8921949265c
5792,3925,b8a9c8e8-2d19-46b0-a57c-17de235b903a,bdcc84d7-dffb-40e2-850a-f8921949265c
5793,3925,ef98bf77-a2d7-4fc7-aff5-8748ad996723,bdcc84d7-dffb-40e2-850a-f8921949265c
5794,3925,cb33bdab-68da-4de6-b3af-60ee51ad2577,bdcc84d7-dffb-40e2-850a-f8921949265c
5795,3925,51238c6f-6137-466f-aeeb-4b70566819d2,bdcc84d7-dffb-40e2-850a-f8921949265c
5796,3925,f96cd209-e5af-4599-8a21-8638afb438a9,bdcc84d7-dffb-40e2-850a-f8921949265c
5798,791,75774cfa-b141-4d93-b2dc-b376c40fc396,f160cd4e-ee81-486e-a518-afd6bdd6bb29
5798,3941,75774cfa-b141-4d93-b2dc-b376c40fc396,b187e14e-5f4c-4958-bf89-854d18047c71
5799,3944,53a75acc-c692-4cb9-b29b-65e9d561edc3,c35cd959-c39c-4d37-9dd4-486cbd069cf7
5800,2554,cafd4fe6-4057-40f8-8a63-6576a24a1491,ccd9f19b-b3c9-4564-a005-4b842d28afca
5801,2554,a34ca447-2871-4329-a746-6574b1357e81,ccd9f19b-b3c9-4564-a005-4b842d28afca
5802,3951,8787396d-dcd8-40be-ac83-85c8f7b6cf3e,f133cb15-3705-454d-9a03-803dea3fa9d2
5803,3195,46ff68c3-313d-40f1-a6f6-7785bca030a4,8e2e9f0e-96a2-4184-bf97-0d43b1b0c9fa
5804,3953,cd903a08-62b1-41b6-a364-39969ff0eea7,c33a4cbc-3510-4091-915d-bc13ba4864d2
5808,2554,0fa1a256-f01d-4dcf-94b1-b2fbb9604415,ccd9f19b-b3c9-4564-a005-4b842d28afca
5808,3961,0fa1a256-f01d-4dcf-94b1-b2fbb9604415,98140215-6472-48e1-aada-20dded95ced2
5809,2554,facd2cf1-1c28-40bf-8b1c-c6d2dc07343f,ccd9f19b-b3c9-4564-a005-4b842d28afca
5809,3961,facd2cf1-1c28-40bf-8b1c-c6d2dc07343f,98140215-6472-48e1-aada-20dded95ced2
5810,1074,d43c9a21-2d6e-4617-b22c-2e173256f1bc,17d10333-ca52-41ac-aaa5-c0254ec018bd
5810,2868,d43c9a21-2d6e-4617-b22c-2e173256f1bc,ec7bb255-bc2e-4c19-bf3a-1a6c45ed2c2e
5811,3963,2d307213-7e0d-41bf-a45f-59cf62b183be,736e0722-e964-4f31-910a-823320685a86
5812,1342,8c06ce7c-caca-4c38-a43a-5839a7c87ce2,1ca2afea-1d6e-4bca-bcd7-a94880de677b
5812,3964,8c06ce7c-caca-4c38-a43a-5839a7c87ce2,9e63c765-10a6-4e2f-a205-0c7830aa70a9
5813,3965,84d24b4f-1865-4a89-badf-037a88ddfba6,8d714e88-d0f7-4f65-a41c-c34237b03462
5814,3966,5baff36a-e2ae-4ed2-b4b1-bcbbe271b947,75513841-6cdc-4132-b339-97e1ccbb13e1
5815,3967,cfac0999-f3ce-4aca-9ad4-fad1a0455eed,cb6fc3cc-06b2-4a7e-a9f8-51ca9b881e1b
5816,790,7e23f76d-ce3d-4744-8899-a3b7a193c64b,80c35c34-6d46-416f-a6f1-8394493076ef
5816,791,7e23f76d-ce3d-4744-8899-a3b7a193c64b,f160cd4e-ee81-486e-a518-afd6bdd6bb29
5817,791,d390fff0-710a-4b14-8845-4e342bec184e,f160cd4e-ee81-486e-a518-afd6bdd6bb29
5817,854,d390fff0-710a-4b14-8845-4e342bec184e,7f3cd390-8f2d-4a46-9e65-04f1868dce84
5818,3972,524188b4-9cdc-44ed-a709-5dcdf7798f92,1679017e-b500-4dd1-8b6b-54afeeb44b75
5819,3975,6547131e-0375-4e17-a700-38e5fc751b65,08044516-b60d-4384-9114-7ffec9d6e8a8
5821,3888,64ab1a5b-bfc9-4c44-8b5f-34e955faab8e,440f32f9-f735-4c56-913b-cb5476423e60
5822,312,9676fa4e-5e4a-46ac-8016-15a80cb0c17a,1e14609c-e1a4-4181-ad6e-243c3e5838a3
5823,3979,f4c6524d-2446-4bcf-a5f4-b55bba27b6e8,b46f79dc-15e4-49a5-882c-3a5569dd532c
5824,3980,a3e992c2-9105-4056-a061-cb9bfe821882,1ebf9ed0-f09a-4e7d-b51a-d4a0446ef384
5825,3981,254c44ec-a9bc-4d61-b4b2-41567b24039f,018490f6-65c9-4c2e-a697-d322301efae0
5826,3982,a1155c1d-85b8-41da-8c7b-062dbc9812bc,10af429a-dfdd-4561-ba76-4e50ff6200ee
5827,3982,5c3a6f16-8fed-4d9f-8287-6fb937e7cc33,10af429a-dfdd-4561-ba76-4e50ff6200ee
5828,3982,8534d072-df77-4178-a9fa-4e6550d1d796,10af429a-dfdd-4561-ba76-4e50ff6200ee
5829,791,f335f9e4-9a62-4f12-b095-7b2d85760721,f160cd4e-ee81-486e-a518-afd6bdd6bb29
5829,3983,f335f9e4-9a62-4f12-b095-7b2d85760721,1f4acafb-15eb-42d1-909d-78c25782aef6
5830,3985,bae1f940-8625-437e-b802-9bf83e1a6444,b864fc58-d741-42db-b5f0-4bfe88357ecb
5831,1060,79b5225a-0085-4732-9e77-6dc1d416430b,3f9a3e32-93b4-4812-9f8f-f7c326956019
5831,3986,79b5225a-0085-4732-9e77-6dc1d416430b,1c01c029-5449-441a-8977-8b232445d2d6
5833,3991,f8091887-2019-4c69-a9cc-8783c038023d,90471259-a7d9-4ade-b1a5-357ce766e3b9
5834,740,0379c7c8-5647-41fe-9a73-f5e37ab2d1cb,a579d01f-da4c-48b6-bbf9-5cb02390d21c
5834,1039,0379c7c8-5647-41fe-9a73-f5e37ab2d1cb,4a9d4730-80d2-4b65-846b-781630f85fbe
5835,3992,6fafa555-cbfb-4dd4-9005-80f035b63a62,2156b7af-4d35-4870-a679-fda4e13b4d9d
5836,3993,716c5db3-fc2a-41e2-bf91-d4a1c632c7fe,41fe930e-3c7a-4cba-adb8-4d4166fe2e8c
5837,3994,e4b9dd16-8c4b-46a2-b31a-59fbaeece5e2,10248948-d0fa-45a0-9433-4aa0165728d4
5838,455,c9d5e66a-39dc-4dd6-b3ae-950afe48254a,812054c3-3114-4f5f-b7d3-f4e6d63de342
5839,210,d0354faf-b7fd-4b44-8dff-62687e41501d,a43b4f36-2068-42b8-839b-a71b37ac1a7c
5839,3996,d0354faf-b7fd-4b44-8dff-62687e41501d,33f1581a-6e75-42f5-be83-a65832bc4146
5840,3997,bac6df43-886a-40e0-9ad8-3bdc4c8f5ae6,902d1d13-5d81-47cb-bfbc-ae5c2958dac1
5841,358,a2e543f7-be43-40a6-ad6f-87dec74061bf,5b699adb-8f15-4e24-a612-237554766b83
5842,4000,1c4cc7e8-b19b-42d3-96d8-20c06722cd6a,4d29c3d8-46f8-4cf6-aecc-ab33a13d884d
5843,4001,17893bef-aa91-4cf3-b3cb-207c134b54e2,5cce2f6b-f25b-49d6-b5b1-1721c648f0db
5844,4003,809ef9b4-55c8-4039-aa87-1e4b4efc9643,bf9396ac-d80a-44bc-82a4-7713ef418046
5845,4006,a32c75ea-6949-4c7f-8619-da9f6467e510,9cb12697-f5bc-4081-998e-e1f04bc82f73
5846,655,d15e11da-995e-422e-81b1-fa633b23d07c,18269dde-fdbf-40e0-a39a-143d333c6bd9
5847,655,66b5205c-2f30-42af-ac5b-71def5dfed3d,18269dde-fdbf-40e0-a39a-143d333c6bd9
5848,655,46e1afad-b61f-4d1a-8303-500c091e15a5,18269dde-fdbf-40e0-a39a-143d333c6bd9
5849,655,44a6c4b3-dbcc-4d21-856c-bc97ef419a9d,18269dde-fdbf-40e0-a39a-143d333c6bd9
5850,655,0baa81ef-4f3a-498d-9435-2ba5eef3363c,18269dde-fdbf-40e0-a39a-143d333c6bd9
5851,655,28c1f44c-b1ad-4d2d-b09d-5b1908f69b75,18269dde-fdbf-40e0-a39a-143d333c6bd9
5852,655,91d2c2b5-2803-43dc-bb81-14355a6c3db0,18269dde-fdbf-40e0-a39a-143d333c6bd9
5853,655,ecbecccd-8adc-4b86-a467-4f9fffff75d7,18269dde-fdbf-40e0-a39a-143d333c6bd9
5854,655,2727ea79-9a30-4c0e-9564-5865cb594498,18269dde-fdbf-40e0-a39a-143d333c6bd9
5855,655,bd433ff5-52e5-4f5b-b54b-c46293cf79ed,18269dde-fdbf-40e0-a39a-143d333c6bd9
5856,655,35b11e1e-f572-422c-abc0-975f2b3c1da5,18269dde-fdbf-40e0-a39a-143d333c6bd9
5857,655,8dc0631d-ee33-4f28-ae13-7aa88f68bafc,18269dde-fdbf-40e0-a39a-143d333c6bd9
5858,655,ba34e569-fe61-433a-ba8d-069616e413bd,18269dde-fdbf-40e0-a39a-143d333c6bd9
5859,655,cfc7ce8b-10f5-443f-a69f-9d9081c3bac4,18269dde-fdbf-40e0-a39a-143d333c6bd9
5860,655,1c019094-fab0-41c6-9713-c45f64d37a31,18269dde-fdbf-40e0-a39a-143d333c6bd9
5861,655,98fc7c36-2f1d-4b3e-aaad-70d8b83c4355,18269dde-fdbf-40e0-a39a-143d333c6bd9
5862,655,cfa19f5d-887f-408a-bce4-a24751be5c43,18269dde-fdbf-40e0-a39a-143d333c6bd9
5863,655,cd487765-691b-4715-9ae5-59819d401aa6,18269dde-fdbf-40e0-a39a-143d333c6bd9
5864,655,ae60f52b-f393-4831-a58d-d2bffd25cbde,18269dde-fdbf-40e0-a39a-143d333c6bd9
5865,54,ee31f8e5-ff9f-4530-bd68-0550962476c4,6904f673-d13b-47a1-9f39-a111bc52e1f4
5866,4009,729d647e-565f-4e94-ab0d-74c590c685b9,ed2e4d8a-9d91-4b42-927e-83c517a33a63
5867,4012,abb74ffa-b1a0-484b-91b2-f9342ceb640b,f9d2caf7-110f-479d-a2d9-b244687f94e6
5868,604,aedb027a-7389-4cf9-9f58-178682c301e0,3ea1fc1f-8586-4aa6-a01b-2b1188375db0
5868,4014,aedb027a-7389-4cf9-9f58-178682c301e0,5584568f-8f66-44a2-b100-a3868f720529
5869,4017,2ce1ce96-c4bd-449e-8f80-afbe712c8d5f,03a5b0d8-44e8-43ce-b10b-2957addb0cc6
5870,4025,0389b519-1f5a-4592-9db0-4d81135afb8d,cf3f07c2-d7be-4968-846b-48d6ae596d5f
5872,4017,ee9e48b3-9ecc-4059-893f-3bd4b616ad7a,03a5b0d8-44e8-43ce-b10b-2957addb0cc6
5874,3576,12e269af-02a0-4ff2-a403-fae3173fa7aa,2caf6419-b616-4fed-9c47-51e41af4ce8b
5875,4026,3142700b-dc66-41a1-8de6-f50010061a4d,ab861f35-e847-4c2f-aa36-39b60938cf33
5876,4028,d6b96e1d-10b3-4032-a9fa-be495171b3db,72e7c2e5-5f74-4ab8-916d-11ddcb1effd2
5877,4029,1193aef7-9fb0-4470-8580-b1d514f4573f,d1f20944-b31d-4490-ae12-dc7143cad9fc
5879,4030,98a33ff5-d341-4b9c-9e5d-69242e727e5f,a7a54dcd-e527-4a14-8dcf-d4c67ff85721
5882,4031,52bd99d0-3434-4836-ac08-146edacba4ee,54da760e-d489-46ce-9355-511c53833f19
5885,4034,0ca96cf8-e3b6-49bb-bf56-b8acf16df828,a76853cf-c644-469e-a276-baca53d4501a
5886,4036,2f39db91-8287-4122-905a-e251461a16d6,ee22e1df-1f4c-4860-b1db-e721a3cfddb6
5887,2629,86c592bf-0276-4a60-a5ca-b1da1cf86c58,65e56357-ba5a-47b5-92f2-e02a410b5aa2
5888,4039,d0882abf-356d-46e1-8f31-a52fc6691f1b,b4ed9448-0799-4f57-bf6d-1c566d997726
5889,4041,a7ce25c5-620a-4f63-bdd9-06f8b6719e26,0beadc53-6590-4f2b-b5d7-c980c9c68c03
5890,3055,a99f8263-5ba0-46bd-815a-1ff07e69484d,61810bab-627e-424d-ba2e-d803b2a0c044
5891,252,c62625b6-a8d1-4f91-9170-1675d1a758e9,a0f3594d-183b-431f-8eba-ec051b26cef0
5892,1328,2b7d3517-088c-41b4-9c54-eacbe334a5ca,100c7b31-0dc1-46b6-bee2-3ce8c97d1619
5893,3452,307a9ec6-8df0-4db5-9b6e-8f7185a27056,6370d68a-2d11-49bd-b813-c27a29fafbce
5893,4046,307a9ec6-8df0-4db5-9b6e-8f7185a27056,d952dfc0-d744-4944-9d8c-f443e4cc45dd
5894,782,44c0743e-3c4f-4eba-b03c-d15e0a6ffb00,69d44ce5-79a0-4f75-abb8-07232d98141b
5894,1129,44c0743e-3c4f-4eba-b03c-d15e0a6ffb00,eebe1b5a-4daf-4933-88ce-29d8e80dbfb5
5894,3111,44c0743e-3c4f-4eba-b03c-d15e0a6ffb00,8fd3d212-cbc8-4bbb-bc63-524ad7679dde
5895,4048,10cba319-dcbf-4d6c-9af5-90faf5498f89,36f0dfde-5841-41a9-9190-ab1e1699d23c
5896,2547,15214b62-1a1f-4518-8adb-e8403dd64768,f820914c-e9ed-4dc1-8a51-cd578b0ea821
5896,4050,15214b62-1a1f-4518-8adb-e8403dd64768,a7ec786d-c810-4545-b7b8-e23ec67e703c
5897,801,218245c2-d9f5-4fc1-9c59-9fe90b0d1bec,c8cc0102-131a-49e1-af41-160aee2437d8
5898,801,8c93135d-0c51-4125-b91b-c154525c25f4,c8cc0102-131a-49e1-af41-160aee2437d8
5899,4051,91ee7654-d27c-4b02-a455-1b96fa810edd,20652363-1bc9-43d0-9bde-5dcf1b3fcb2e
5900,4053,f9242d5f-50fc-4078-9383-bfd3708c3a11,97f49f86-069f-4f4c-acc3-c08373c989e1
5901,4053,3eedf1f1-e53f-426e-89a4-ed6f5cbad590,97f49f86-069f-4f4c-acc3-c08373c989e1
5901,4054,3eedf1f1-e53f-426e-89a4-ed6f5cbad590,49a0eb80-8af8-4082-90ab-0f82dfae71e6
5902,4053,d112df1a-7a44-497e-844f-8d23c23daa4c,97f49f86-069f-4f4c-acc3-c08373c989e1
5902,4055,d112df1a-7a44-497e-844f-8d23c23daa4c,f34d3ba7-b9d4-42cf-a0f5-6e329f3d067e
5903,94,94fbbb32-f814-40b3-b113-867f7c217592,2569eeb7-5928-401e-a651-5136c314bc80
5904,740,610ef391-2199-4f6a-a4e8-c95c061f6a63,a579d01f-da4c-48b6-bbf9-5cb02390d21c
5904,4056,610ef391-2199-4f6a-a4e8-c95c061f6a63,b408d1ca-3ba1-4396-a5d6-91c58eba0d4b
5905,4059,c0c69707-d71b-43ce-8aef-5c1a3e175e23,6b757981-f8c7-485d-b4ac-b65ffaf278a2
5906,838,d2dc1307-3801-4f8d-b4a9-f7adb4bc1672,5b3da0ad-dbe9-4615-a938-7587c066331c
5906,3071,d2dc1307-3801-4f8d-b4a9-f7adb4bc1672,7f0672dc-9af8-45bc-95d9-cf1d1ec1f2e5
5906,4060,d2dc1307-3801-4f8d-b4a9-f7adb4bc1672,913f380f-0205-4aa9-bf26-d39cc2c301b4
5907,624,f322e6f2-bdf8-4c65-acbb-3a5c5ffe67e9,4c668799-4402-4728-8120-bd025091512f
5907,1129,f322e6f2-bdf8-4c65-acbb-3a5c5ffe67e9,eebe1b5a-4daf-4933-88ce-29d8e80dbfb5
5907,4061,f322e6f2-bdf8-4c65-acbb-3a5c5ffe67e9,35574a8a-9951-46c4-9252-6ada251bcc08
5908,30,04508f0e-89f8-4f4a-a8bf-f2c6c2f3eece,bb7aae1f-3441-4535-9c63-08bdfb39f8f8
5910,3640,fbf1a972-e633-4274-8e58-0678e6f276ed,57265b21-a4e2-4292-ba4e-5532f97845cd
5911,4064,640d39c2-92db-4eaf-bbee-cf5170875d80,94e9889c-781c-45f4-a54e-88e801cc3c13
5912,127,c8fcdcea-8134-417f-a184-e1900ba22012,a4bfb22e-dd4f-479f-92cd-33d13908d1fd
5912,1057,c8fcdcea-8134-417f-a184-e1900ba22012,4593e6af-e69b-486b-9f3e-a1c79b95fc33
5912,4065,c8fcdcea-8134-417f-a184-e1900ba22012,cd8c8bc8-510a-449a-99db-347e25623bef
5913,4066,5c82a930-b3f8-44eb-b976-c619a7d7be20,6a1572b5-7bc8-451e-b70f-df22a95dba84
5914,4069,f0801e5a-bf1d-4526-a54c-1766c8f91771,49db50fc-f8a7-4e07-aa66-9e40b12ae175
5915,4070,b1777026-1600-442f-8eb3-5609758e9376,a26ecf2e-4bd3-43a8-9163-107f204fa90e
5916,4071,01d81658-71aa-4abb-a45c-25947c1922e1,e050fb81-dc8f-4171-bd2e-9b184852736d
5917,4072,78edf9ea-8dd7-450c-bb54-7eb4d5132ac6,d84ae753-7155-4623-bc34-110f57caff5a
5918,4073,714b9c0f-f983-408d-9506-0c564d69ec07,a6f8c2ae-064b-42b2-9554-cfa6cb0ccc75
5919,4075,e334c416-6220-4db8-9e6a-7de62243b1d0,1a9118c3-b83f-47b0-a0ef-a69ad62de0e9
5920,4077,97194760-0a3d-4826-a742-b0d53efde879,cf46b5aa-4a54-4f0d-b573-17be69b9a5b6
5921,4076,6e7d73a2-3922-4b07-816e-356c9a0b234c,a1628ec3-1c87-44f7-b934-a4affa36fa95
5921,4077,6e7d73a2-3922-4b07-816e-356c9a0b234c,cf46b5aa-4a54-4f0d-b573-17be69b9a5b6
5922,4077,0fde50cd-2479-4c69-b060-216c3a5c3eec,cf46b5aa-4a54-4f0d-b573-17be69b9a5b6
5922,4078,0fde50cd-2479-4c69-b060-216c3a5c3eec,f956170f-e20e-47db-a642-c9490a06fb52
5923,4079,5145777f-fd72-466a-b4da-a2701428f8b5,1bd358c3-cf07-4b0c-8383-03c4c8e8d6dc
5924,4076,9347dcbc-c702-4732-91e5-13293ee52799,a1628ec3-1c87-44f7-b934-a4affa36fa95
5924,4079,9347dcbc-c702-4732-91e5-13293ee52799,1bd358c3-cf07-4b0c-8383-03c4c8e8d6dc
5925,2658,74e8ff45-2274-44c8-9f94-e18f4fa90b38,d91e9bcf-9051-4819-86aa-ac7ad9a7758a
5925,4081,74e8ff45-2274-44c8-9f94-e18f4fa90b38,4d61b6e0-102d-4714-b38c-ceb629c80b4d
5926,4082,df145f0a-4f89-4840-99eb-d022ddb5c9df,58a6f64a-f611-4836-91f4-c263863015fa
5927,94,fcf2149c-8be4-4219-bfe3-806dbc88846c,2569eeb7-5928-401e-a651-5136c314bc80
5927,4083,fcf2149c-8be4-4219-bfe3-806dbc88846c,d4e68da4-abcb-4bc2-b421-c6c551bb24db
5928,4086,66454016-73a6-4907-87a9-24fd019565eb,2d1bed2d-4b9e-475d-9167-907aa488e5dd
5929,4089,b5d51a96-126c-4e04-99f4-c32006550d6a,4f93e23f-bf70-44d6-ac91-5841df0055d0
5930,30,00612d17-9e76-4ebe-ae2d-9bc746519b3f,bb7aae1f-3441-4535-9c63-08bdfb39f8f8
5931,4092,c11aae30-4171-49b1-b092-171336ad3597,f048aadf-a852-4212-ab63-5b273b1b848e
5932,4094,cbf36d8e-bd07-438c-bdae-220ae09be52a,ccbea27b-ae17-40b3-b9d8-d5928301d0f4
5933,1383,364499c7-b2ae-4f6a-973c-cfb78eb81150,57d63370-9939-4bcb-96e3-c136d9023f54
5933,4096,364499c7-b2ae-4f6a-973c-cfb78eb81150,b81ed608-5204-4228-9daf-7a7f862a5ff0
5934,1383,80686ddc-00bd-44f1-981a-467bd424eeca,57d63370-9939-4bcb-96e3-c136d9023f54
5934,4095,80686ddc-00bd-44f1-981a-467bd424eeca,46508ad1-55af-4253-ac34-f3b95c111564
5934,4097,80686ddc-00bd-44f1-981a-467bd424eeca,46151bfa-1472-4098-9427-bfcbac151650
5935,4098,9084c210-d140-4eec-a5c6-59b7b28d8165,01255d0e-f676-49c1-a420-feed8e87ff5e
5936,4101,9be22598-0333-4b98-bcec-e2319311c845,b3af087f-8aa1-45ee-9562-bc7cf981ef65
5937,4102,f6b8f5d4-4cbc-4908-92a8-8de5b5ac0573,e9fe9989-996a-4b72-8974-6b49893151f9
5937,4103,f6b8f5d4-4cbc-4908-92a8-8de5b5ac0573,ae27f62f-7a13-4609-8226-2fc7115e2f26
5938,4104,39328bb8-e8df-4424-8592-efbb67635aac,94b5076e-6d4e-4c6f-94d1-27fd615f384a
5939,694,b743fb75-d45a-4ed7-bf3e-1d5bec832d15,30505053-153b-45ed-a2da-6d8599a8bb72
5939,2748,b743fb75-d45a-4ed7-bf3e-1d5bec832d15,444428eb-1936-4a57-a180-9b3ad0adfa4b
5940,4106,31ddeb52-0f50-4ed0-885e-3e9ca358a197,bd9236cb-28ad-45fd-99d8-422441b366d0
5941,4107,e20bac9a-ea26-4ad6-90e5-c40954f0c263,6c8ec84d-b02d-4489-b466-eedb7756ef98
5942,4110,eaa3a333-a044-4885-8557-4894d8e350dc,a1967ca9-f143-40f4-b68a-9a738edfec77
5943,4112,2d175626-4e3d-40ac-b69d-07d4a9b9600a,0577ff70-b9d9-40df-9c9a-8523b5d9dbee
5944,4115,dee978a7-372c-4f98-9ffe-f4fce2cd21d2,ff0c83fd-a4cb-4390-bd0e-b1e1cf11010b
5945,4116,9fedd92b-851c-4cd9-8681-f763eb61de25,17926676-c466-4430-bffa-8f574dc8e7b3
5946,4119,9565a7cc-0c16-4475-bad9-baa96f529407,415903d0-a863-4ef8-b88a-e0b74b57c7ca
5947,522,53e1da37-3bb6-4774-905c-ca6ab7e7b1ca,61e3ec1e-9640-44ea-bcb1-aa16f349faa0
5948,63,57dd9817-c169-4670-ad9e-cc8d1aa2d78e,0208d995-f6e9-4737-b0ac-a7a7fa78b756
5952,4125,176b0166-9ae0-43b7-a077-f8b620f2fe26,f36a0772-de19-4145-86c9-b50e1c385aaa
5953,3647,8935a243-f8d3-46aa-80b0-8e206a95e698,235b6e32-c8a2-44b8-906e-ea92a5388d49
5955,3647,2f34da22-72ef-4ac0-8d92-24ba6c537573,235b6e32-c8a2-44b8-906e-ea92a5388d49
5956,4126,6f58061d-a7c8-41d5-bd24-e65961d52b20,110a309b-1a89-49b8-8f0a-b65f3ef7d3b4
5958,4127,c45b5775-52ae-477a-95aa-22e90378297e,1bee4c12-df40-46f2-9db1-0190afa56f2c
5959,4128,9254b206-ca64-441c-b50a-e31b0f91dab8,81a1d0ee-70a7-457d-b1b3-a99320d47ac8
5960,4129,bbf73570-ae3b-4bb5-adbf-46d447495d1b,e0eacdbe-038e-4faf-9f10-773b4ff00c43
5961,4130,16f2838f-46a6-452b-b918-fbb9e804ed63,a75d9caa-b75c-4c05-a558-b2c6afe3f67f
5962,3647,823c2f43-7bcb-4cde-9af8-6dfdcbbb9a18,235b6e32-c8a2-44b8-906e-ea92a5388d49
5964,32,ce6febd7-dc58-47fe-8a80-d5668e854b09,1c4e5840-224d-4d27-a30f-9373a594e8e6
5965,4125,b9a785fd-613d-4ba9-9887-71c4f9574905,f36a0772-de19-4145-86c9-b50e1c385aaa
5966,3083,adc24c7b-f164-498b-9a5f-feeade971a16,3622c1b5-0854-45fe-8d0b-2efbfe667e56
5967,4131,9ef438a0-b869-4e48-8a71-5550b679b1f7,c0ed1ef1-237c-4c13-9928-de3bc98608e4
5968,4132,41a0760b-cf11-4a7d-ab81-d8df4be6e9ef,78956184-91e8-4a9f-a017-5af2d1f3e80f
5969,4133,6e5d4048-9ae8-43de-9e20-97106bd757a2,b4285018-894d-428b-8a95-d98e76c4b4ae
5970,4134,ad399db5-de1a-41ee-a89a-151c9507bae7,64a00505-d604-4c23-9d86-0ed780f6b15d
5972,4125,80e0dd8d-b1b0-4788-bd3f-ffc8dbbdc56f,f36a0772-de19-4145-86c9-b50e1c385aaa
5973,2463,03073c2e-cd3e-4c5a-b521-117d77dbd068,5fe0b4d4-24b3-42f6-a0b0-37a0645c7229
5973,4135,03073c2e-cd3e-4c5a-b521-117d77dbd068,97ed39f0-e533-4d5e-8b1a-45d412d38479
5974,919,2c0c425c-cdb7-489b-bd3d-0bb5ede784e8,4e394863-0b7b-442e-8522-083ff7eda361
5977,4125,7f0710b6-d6bf-4a96-99ac-9af5b74ef3e6,f36a0772-de19-4145-86c9-b50e1c385aaa
5978,4129,6816ca41-2d0f-41c1-a858-1c1a58f36aa6,e0eacdbe-038e-4faf-9f10-773b4ff00c43
5979,4136,677dd2b1-2df2-4692-8f33-381c5d3c5b94,0db9d6b4-d1f8-470e-8860-9f3a1daa89a9
5980,4137,73cdaf94-01bf-4cad-b792-95e72148a9a1,8f18907e-bdea-4fa2-9130-b81aef078962
5981,4139,235bc52b-3c3e-4cfe-93da-a528a63ede76,7bc4c188-5459-40ce-b9a7-8b8506f37048
5982,751,0bb9c953-58cb-4a2f-9b78-7df6eaf4e3a3,77814e2f-e6b7-49f0-ab53-af34c3ec6320
5983,751,dfae9519-2bca-4b17-8411-589f9a0bfcf9,77814e2f-e6b7-49f0-ab53-af34c3ec6320
5984,197,0353b80a-fe39-4c5b-8a98-5769d719a2c7,56bc3b31-8017-4135-a955-bcab03d0118d
5985,1097,b620e916-d145-49b6-942d-6cc6b465065b,7b6c7c34-5ba9-40f7-bc88-cb16347915ae
5985,4140,b620e916-d145-49b6-942d-6cc6b465065b,de08271e-2724-4fcb-8d16-fc07de0c7f16
5986,4142,50728402-e6ec-4ea7-a59f-b57b5a3c56ed,81d70bd7-7513-4c84-8e89-0cfd0fe2530f
5987,4143,33897516-e9f6-4df6-8e9e-678e88a2236b,8db17599-da74-4121-aeac-562b0db41e3e
5988,4145,412e5c84-a7b6-4063-a33d-f9b600d3ee78,e37f480d-c23e-430c-bf0a-6b659bec3d2f
5990,4147,f8d2b753-2593-4383-a279-35a85fefe388,9c033a12-fd4b-45ea-a337-5905debe1178
5991,4148,2f89181f-f100-45d0-a446-c677dd5849d9,15e8b38d-efed-400a-ab96-f1a086341991
5992,3164,47047182-3795-49ce-b77a-f906c3f7396f,e0eaabe5-db1c-4e6d-97eb-cbc0b232927f
5992,3165,47047182-3795-49ce-b77a-f906c3f7396f,c8c9d920-b605-4c20-981c-408335981aa8
5993,4150,8ff02bcb-b4d6-455b-8df3-0723118efa16,91ac656e-68cc-47af-b3a3-20460e54c92c
5994,107,a8144db3-a2ca-42f2-8ddf-2f65376b5abc,9f160d1b-8749-4b57-993c-6dd44df4da32
5994,539,a8144db3-a2ca-42f2-8ddf-2f65376b5abc,4716aa17-73ab-42a6-8155-3454f753f013
5995,30,0b6eecb7-0460-4501-a05c-416647e14c42,bb7aae1f-3441-4535-9c63-08bdfb39f8f8
5996,4151,285b69f3-4a0b-4288-a9fd-7667e39c93c4,845acf74-1346-41d5-9d2b-ff9609cfb03f
5997,3647,d607c2df-4361-4159-af49-036bdee21249,235b6e32-c8a2-44b8-906e-ea92a5388d49
5998,4152,0fb41f87-6af2-48f7-b69a-904970c69a39,13a7990a-0ed1-4f44-85cd-ab4938ae6d3f
5999,4125,7556b28f-589f-4f94-9454-7dc068e25f26,f36a0772-de19-4145-86c9-b50e1c385aaa
6000,4153,7f85fe14-32a2-47d1-8769-d7f8a7588af8,9ba7269c-978a-4618-ac9b-be56ed27e6ef
6002,4134,d4dfb06b-a257-469d-afd0-3000597c36a4,64a00505-d604-4c23-9d86-0ed780f6b15d
6003,4155,48d6786b-8757-4048-a33e-41c69b6784cd,c7ba9af0-97fe-4994-8dc6-1a93293ba2b1
6004,4156,e50e6e08-2452-4446-81ab-d4394479c1b7,1806e5f1-6a21-4599-b690-d05af8a61fef
6006,4158,39edec9e-e6d4-4e50-b21a-bbb0ed934e28,42353d41-a1f9-4459-bafc-6bfb6f28655e
6007,4159,e0e168cc-4434-4cc7-a3a8-33b5f8145b0f,c23805ad-3dd1-481d-b7c0-62e36f4d528a
6008,4160,dc0ef027-2396-4430-bc84-271b28f3fb93,4c6f0129-131e-452f-842e-ee07efb58884
6009,3647,efab6e2b-2e1d-4375-b967-e651b6b17fbe,235b6e32-c8a2-44b8-906e-ea92a5388d49
6010,4161,91d0a331-9dd1-4fac-bd65-f1050371d1d7,37d884e6-568f-41f4-a889-de86bc952aed
6011,3647,86aa9d33-34ce-48fb-a93f-d04e5aad0986,235b6e32-c8a2-44b8-906e-ea92a5388d49
6013,4125,b0e82c10-d479-46cc-bd38-97b3142f06b3,f36a0772-de19-4145-86c9-b50e1c385aaa
6014,94,f570234a-15cc-43e9-b6a1-ab2c29bcca34,2569eeb7-5928-401e-a651-5136c314bc80
6015,742,e2816c7f-2e8a-4773-98d0-1cb0b633794c,117193a6-419e-4613-914d-9a87eb4ac7d3
6016,4162,bd6497de-e9ac-4642-9fc8-2e49dccef5b0,cd372bf6-5b20-48f3-b03e-7581b2d70194
6017,4163,616100f4-e47b-4c01-a674-bda4d53fb532,f662be31-9c1a-4b54-9665-cea42ad1aa99
6019,4165,28d94002-b5b9-4705-8ee8-ad6c0cb7381a,aa6923e0-61c5-4940-9fb6-0c2510b7b30e
6020,4168,b9781279-99ca-4a84-aba5-520630597e8f,8f697626-0ada-4c62-bc28-22e9193ae373
6021,2664,1e72f1b3-c351-4e57-ac47-7454b6933491,db48872a-2d27-4bee-ac95-3d1e7633254c
6021,3982,1e72f1b3-c351-4e57-ac47-7454b6933491,10af429a-dfdd-4561-ba76-4e50ff6200ee
6022,4169,568ea95b-effd-425d-ad4d-cae53fb3fd47,b5f193e1-2e3c-44e2-9436-d1fa3770e605
6023,4170,6a795d6d-b853-4347-bf8e-ac222b527363,5fea2ae3-2547-4591-b2d9-866d200e9eed
6024,4172,4b5ee0b1-3ce8-4148-830c-aae0c2a42756,e4325d6f-4499-420b-b608-9541fe9d27e3
6025,4173,73d05b54-71cd-413b-a629-45cd5c82c9b4,f64f43be-0c7b-4f81-ac70-7eef3a8eeb57
6026,4014,d9a97351-2c6a-4211-bb0d-ee0475861375,5584568f-8f66-44a2-b100-a3868f720529
6026,4174,d9a97351-2c6a-4211-bb0d-ee0475861375,870c3203-ab64-4939-a85a-b2071ad7e449
6027,3647,31444ce8-7ea7-4bf5-b124-58c21862033f,235b6e32-c8a2-44b8-906e-ea92a5388d49
6029,4175,42aa1aab-3e94-42bc-8f97-aa7310ad6182,7df82256-4b55-4796-9f27-2d7e0c25b6ef
6030,4132,d6a9a40a-51b8-4ea5-97e6-d9bee09aece8,78956184-91e8-4a9f-a017-5af2d1f3e80f
6031,4176,8fec77c5-7a68-442a-9919-676859327b6b,70a7f0d1-0d09-4dbf-8d6d-1e1e3e8114bf
6032,4177,13ba0719-6949-47ba-86ff-a539e0b7d4c2,41095269-6654-49d6-bd99-94db0540a70e
6032,4178,13ba0719-6949-47ba-86ff-a539e0b7d4c2,9204a87c-b1cf-4b39-8960-d04ca6bf66d0
6033,1365,9f7b45ac-3f77-41c8-9544-3b835df1fd0d,ebf6f09c-a501-4011-bffe-5d350a7ce1f8
6034,3848,bef35ab5-0180-4a01-9bc5-202f2e3740de,6ba9a011-c386-4903-a628-b6f281d672d9
6035,4181,d242acd7-e2d6-4a45-b457-d3317469ea3b,86555414-fbe5-4f04-8542-400a20bea25a
6036,4182,048a8f1a-9b41-4bf3-8160-924bedb47601,22a954d8-810b-4c43-967c-8f6248b433d3
6037,732,aec55810-ecfd-4e17-a62e-16db7511c03b,6c3a9a9f-3df0-4580-ab61-b7fe0c40af7c
6038,4183,032166b1-f551-4025-aabf-c9e93e20d1bd,1749b243-bbbd-4e37-b392-c9123a454198
6039,4193,569a2eed-7562-4f8c-8ccd-55af50fe69bb,3d725437-46f3-4e9c-8b2d-abf0af8aeb36
6040,33,94bcb67c-3db3-43fb-994e-36434a3d3d01,c79d466b-0c9d-4e8c-8065-468eb02c60d6
6040,3686,94bcb67c-3db3-43fb-994e-36434a3d3d01,31d5feb9-6252-48e2-b320-9b330bcf7540
6041,802,f73ea71e-8ae1-4181-8604-1cf3a381c903,54575417-0555-405e-b5d8-edc1c4ebca21
6042,802,f59c2c5b-60fa-44d3-b888-118304e9a3fc,54575417-0555-405e-b5d8-edc1c4ebca21
6043,2704,a301e756-284d-4960-98db-a15e18c1c7b9,df5d5fe2-87e6-4d3e-8e4f-60a653474eee
6043,4195,a301e756-284d-4960-98db-a15e18c1c7b9,4aa5731f-e00e-4ecd-ac16-0a377aeeee4e
6044,3379,a3e12f24-5628-4e58-9c49-cb1616a47f3b,dfe5fd75-291d-43ff-a73f-02334bdf0d58
6045,4196,8b57c380-b9fb-4442-ae67-a64597c98ed3,6322ec8c-23a9-4947-a682-72801d1a30b5
6047,4198,ca1a0373-9ad0-4755-a921-ea0adc27e04e,a37ab366-bc46-4c4e-8e2f-b8a97080f65c
6048,4200,26d710a7-a9ba-41eb-a178-678395f98f5f,b93b2ee6-b92c-43f8-80b0-4b15305b3d05
6049,4201,28dcb03e-eceb-4685-8843-2db299a2d870,3f05de4d-261d-4eb0-9bb6-44170cad9393
6050,4204,b7d6fe63-e2c6-4a2d-987d-23864d5809b7,9b8bd4ab-b773-4c81-9644-b6c7f9a8b7e5
6051,4205,39d2ddeb-9768-4971-968d-f89ab7d2baec,8797db8a-d93f-4414-8523-2e70ff040a97
6052,197,3b31f283-ab6d-4010-9037-e7e3fc8a4487,56bc3b31-8017-4135-a955-bcab03d0118d
6053,30,1d09ece3-3216-4b09-8895-a3c6539c2638,bb7aae1f-3441-4535-9c63-08bdfb39f8f8
6054,4206,3f777b43-9f98-4ba4-8de6-425634484509,a7aa7d2c-1211-43dc-aac8-3fe77c88d94c
6055,30,272d7134-4e33-44e5-bd76-5df7b482cec6,bb7aae1f-3441-4535-9c63-08bdfb39f8f8
6056,3289,1d3fd535-b1fd-4c33-b4ec-48b33db9c6c7,e1e30b4d-c849-423e-8b9e-4f6439c50c00
6057,3289,8f266318-d748-4e32-9ee2-1364ba1e32fe,e1e30b4d-c849-423e-8b9e-4f6439c50c00
6058,880,17a53e69-0e99-4b88-b601-dc5f25385f45,697bbec2-883d-428c-b138-68cd3c07b3f0
6059,880,d3eb1690-0f3b-47f6-9607-40eb1164a001,697bbec2-883d-428c-b138-68cd3c07b3f0
6060,3607,278d1955-432d-4f30-8ab6-4d3157bf04c4,d4155054-385d-4f6b-9193-d6538df1a6cc
6060,4207,278d1955-432d-4f30-8ab6-4d3157bf04c4,ae478546-d111-4f65-8152-0f07830b46c9
6061,4208,c935a667-0fc5-459b-bacb-f5c2d1a2bad7,4ddbda90-dca8-4075-87b2-600926c43bab
6063,4209,961ba487-0241-429a-b03c-70452281f26a,fc59cffa-3e2c-41f9-a4e3-340e273ce761
6064,4210,7cd61ccf-256a-4b69-b796-c836b770d4ce,49eebada-e42e-4e7f-a87d-83e25bc147ed
6067,3549,15a459ba-539e-4a5c-97da-c3dde543e987,ec92aa9c-f55a-4a2e-90a2-c7c5162e2b0a
6068,4211,37cf1f18-cfd2-4dcf-9f89-c69995fa5737,c12fc965-acbc-4191-ab1a-e477be9fffc4
6069,782,cc5742a9-be9b-49eb-95be-90e47de3f6d7,69d44ce5-79a0-4f75-abb8-07232d98141b
6069,4213,cc5742a9-be9b-49eb-95be-90e47de3f6d7,f812fdd9-371b-4528-81a3-41eb1b069c6a
6070,1039,619b6c13-6c1f-4b54-8e0c-1c474ea353ca,4a9d4730-80d2-4b65-846b-781630f85fbe
6071,3255,75e1ce02-2a42-4889-ae58-ef6f8dc3cf8d,b2ae8952-a1f3-4e9d-afeb-3017f1ae96fd
6072,4218,add61e22-fbc0-400b-9f83-f664b91bf438,31026147-11a9-463c-b7c8-ca8fb493df9c
6073,4220,2b6abf92-b601-4ce0-954c-bedf8319843f,df7854bf-6432-4f18-9ce8-188d4abd6749
6074,100,e329930a-afab-4e36-b314-f4dd5d5d3f7c,a54f808a-9c32-47a2-bec6-95f79626d5a0
6075,4223,8d0f8d8c-f16e-4179-b853-945a05560ff1,56016f73-dbe5-4330-87ff-90b46b782de3
6076,3428,aa3fc85d-0897-4e24-8ac1-8df9acdc2153,d75a4c1b-37fd-4d4d-8f8c-33cabba90231
6077,4226,bff0fafe-fe0e-4560-87ae-8ca1b36d44ec,e1890ade-f608-4413-8c83-5d714a150352
6078,3315,9f20072f-3056-440d-8cb1-86b2dc750e65,ab8211ab-949d-48a5-b806-c128a41d8ea3
6078,4225,9f20072f-3056-440d-8cb1-86b2dc750e65,c430b48d-3a1d-4ad9-b7d2-b2bd08e8d76f
6079,4227,9f7c152b-4aee-45df-9bc8-85329eb7086b,229706b6-24c0-4f79-973d-1213ac404fbd
6080,4228,f566d6ad-f42a-4580-bf0d-76d386186c2b,e4a9b90b-5916-40fa-8af7-df96e09a6312
6081,4229,954087c2-2b63-407d-af99-30f92b363be6,8cbd2914-57c1-46f7-8811-7552796be391
6082,1385,f2697711-65d9-4b3b-9e01-daeeb1271daa,006662a0-d534-4e01-8676-aa184201d6b4
6082,1387,f2697711-65d9-4b3b-9e01-daeeb1271daa,7aaa74cf-e14e-4665-b1b1-9cc1b7106436
6083,4230,f4e95dc3-e385-480f-9dd8-379709de83a0,fa29f304-1c1b-47e8-b195-5e4aea753eba
6084,4234,001597d0-530d-4792-af03-9f1c64466307,d5d9cd62-f47e-42fa-9018-7dbcb363cbb9
6085,3921,7a63b6e0-adc5-4747-bf41-c166647c9554,13e53419-f08c-4ad8-a3b6-fb87db0b19f6
6085,4234,7a63b6e0-adc5-4747-bf41-c166647c9554,d5d9cd62-f47e-42fa-9018-7dbcb363cbb9
6086,212,8b019472-077e-4962-8122-5bbeefa89901,387e7381-5db4-4442-94d2-08f697823939
6086,4236,8b019472-077e-4962-8122-5bbeefa89901,9a1f22e6-32c5-47aa-a99f-ac4b112f4651
6087,212,fe9ebdce-94d4-4ada-b4d2-de081a92ce7f,387e7381-5db4-4442-94d2-08f697823939
6087,4236,fe9ebdce-94d4-4ada-b4d2-de081a92ce7f,9a1f22e6-32c5-47aa-a99f-ac4b112f4651
6088,4237,499d9965-0e23-40a9-afbb-16ec2170bb81,8f7d7530-a8ca-44f6-8afd-82ab80a30299
6089,4076,ce11bd32-cddc-48e3-a396-ff081b8add7e,a1628ec3-1c87-44f7-b934-a4affa36fa95
6089,4077,ce11bd32-cddc-48e3-a396-ff081b8add7e,cf46b5aa-4a54-4f0d-b573-17be69b9a5b6
6089,4079,ce11bd32-cddc-48e3-a396-ff081b8add7e,1bd358c3-cf07-4b0c-8383-03c4c8e8d6dc
6090,4238,f4bfe0dd-1efc-4ab3-b653-08a65f2f050e,6cf74259-bf8f-4c02-ad5a-6bc7ce5a9f22
6091,100,7699a6c6-905b-4c09-a156-a5c337988581,a54f808a-9c32-47a2-bec6-95f79626d5a0
6092,100,b4153eba-f576-4844-86f6-c63596dda3f3,a54f808a-9c32-47a2-bec6-95f79626d5a0
6093,4240,f8e410aa-c3bd-475a-8b36-6c72ec067fbc,e9ee9f9f-5066-49f3-a628-80f9387bc088
6094,100,99a50249-fc42-4dd0-9eee-3ec4acbbe0da,a54f808a-9c32-47a2-bec6-95f79626d5a0
6095,100,186fba05-aa44-4c1f-b6a4-ca91efc1c097,a54f808a-9c32-47a2-bec6-95f79626d5a0
6096,4243,fb11a710-a660-43de-b242-0a4a12e92151,527996b4-d7e1-4439-9e6c-2322cfd5bf07
6097,934,4ef05c27-fa74-417f-ad2f-23e0b1b9fa02,1e1245be-8cce-4cb5-9fa7-208785c36f6b
6098,568,818eefef-1586-4186-9026-30cd5e4ad038,fa90784c-5aad-4836-a430-17a5121fedf0
6098,4245,818eefef-1586-4186-9026-30cd5e4ad038,d999ca71-a772-4f29-a2bc-231ab9e54c5a
6099,4246,3483ed23-bcfe-4969-9b5f-3c9ccd6e0d1e,89286cf5-8383-4c38-9773-4f780667e8df
6100,782,4f6a03f8-6197-456b-9a37-3a26069c293d,69d44ce5-79a0-4f75-abb8-07232d98141b
6100,3096,4f6a03f8-6197-456b-9a37-3a26069c293d,f278de57-fbee-458a-ad9f-3d3f4a202168
6100,4247,4f6a03f8-6197-456b-9a37-3a26069c293d,edeedcf5-0089-4ce4-b605-b12bf0de5d83
6101,4249,837ba9aa-5cbc-48c7-a616-20f9bc355371,755324f0-8c34-40f3-b0c2-cee4db4276a9
6102,3301,1f5140d1-b25a-4f0c-bf88-2b81ba501088,a41a0b61-1e64-45fe-9285-71b1d9cf5670
6102,3302,1f5140d1-b25a-4f0c-bf88-2b81ba501088,160a694d-3b4c-4acf-acff-775b8117a46c
6103,3302,d998c7f2-2207-4852-829f-b72e82132d69,160a694d-3b4c-4acf-acff-775b8117a46c
6103,3909,d998c7f2-2207-4852-829f-b72e82132d69,0d4651b5-8101-4304-b4c6-f70b3946500f
6104,3301,68ce7b20-dd4f-4ca3-a041-f091bb318653,a41a0b61-1e64-45fe-9285-71b1d9cf5670
6104,3302,68ce7b20-dd4f-4ca3-a041-f091bb318653,160a694d-3b4c-4acf-acff-775b8117a46c
6105,3301,50d0d637-6f58-4fe7-a696-a4f3063d4230,a41a0b61-1e64-45fe-9285-71b1d9cf5670
6105,3302,50d0d637-6f58-4fe7-a696-a4f3063d4230,160a694d-3b4c-4acf-acff-775b8117a46c
6106,3301,8f42f918-86fc-49fe-a411-eaed33c40e1a,a41a0b61-1e64-45fe-9285-71b1d9cf5670
6106,3302,8f42f918-86fc-49fe-a411-eaed33c40e1a,160a694d-3b4c-4acf-acff-775b8117a46c
6107,3301,1795c066-34d4-4ebb-95ce-d6d11fda2439,a41a0b61-1e64-45fe-9285-71b1d9cf5670
6107,3302,1795c066-34d4-4ebb-95ce-d6d11fda2439,160a694d-3b4c-4acf-acff-775b8117a46c
6108,4250,630057e2-2d96-4967-855b-ce58bd210b34,013ae1f9-0ab3-4ab8-8b8c-2e6eef9668f2
6109,4253,76c32f5a-d240-440d-ae6a-992f0c1eab2f,dd1691aa-46dd-4870-b332-b72aa454c78c
6110,4254,360845ed-e450-4252-8e81-396122fbbac5,fb1ac072-be85-4388-aa89-4afde8029f2d
6111,4255,a0f81386-32a6-4540-a2e2-361aac9a6346,efe21a9e-7cda-4953-98d9-34da7fbe0124
6112,4256,937dc481-0fae-4b33-a7d6-03a6f1fb530e,79da3b6e-0b68-49fd-b052-e03c7b0858cc
6113,4257,8a3088e0-c044-435b-85b2-281b3cf8de93,8339b0db-e1c1-46a6-9fcd-575965ddb1e6
6114,4258,027372b4-cd4c-4efe-a936-7a7f07b07643,a439cad4-7369-4d7b-a858-ceb1dec401ae
6115,4261,0776a108-f6e6-40f3-a7b6-016f1c7035b7,79cef75c-5816-475a-b2b8-1b64a06a9d39
6116,4262,212504fc-5c85-4943-a83d-1634acfdbfa5,e31459cb-875a-49ca-bff1-c1d8248c08a1
6117,4265,d2338893-4f09-4136-b194-a5e667bd71d8,991df1a6-c609-4d01-8956-d3ec5c6e5666
6118,4269,188f9d66-f487-4bb9-a4e9-84beb519f668,cd64a50c-5b6a-47fd-9102-e91517bbc9e9
6119,4271,e0339c71-515e-4543-9e47-6b667b9f2caa,b806f210-d2a9-4078-9493-dd2845f97d43
6121,3268,73476d5b-4594-439a-8d48-ec4b7ab78e81,3745b848-85d8-43ab-bd24-c3843504f620
6121,4272,73476d5b-4594-439a-8d48-ec4b7ab78e81,38b60d03-b4db-417f-8ee7-a973e2f2f221
6122,4273,f01e5f29-756b-44a4-a8f0-0b2a3e332f0d,9b65a447-f38b-46e4-91cd-0f059aa291a4
6123,4274,a1e35cd8-dd27-487d-b6f3-798332d69a66,399ba1f2-cce5-4102-92c6-5b034b5aeb9a
6124,4275,233af31e-509e-4c72-9eb0-8fdcea078760,3e5c6e58-2bb9-4d5a-958f-5d4d780e55e5
6125,4278,d5cffede-999b-4b27-98b7-6aab5d674dd9,4fac3aa0-dd95-4f4e-800e-a0ae4a183046
6126,4280,91d3af6b-ebea-48f2-ab71-5924654028e9,bc926d8d-3acd-4aaa-b51c-18af284d2d19
6127,1045,e5b407df-9162-47bd-9e1d-e493007533a1,038d6301-e237-4bf2-b230-0b047081d890
6127,4281,e5b407df-9162-47bd-9e1d-e493007533a1,4d63825b-b1a2-4acc-b8b8-afcd99a471dc
6128,3322,b10a248f-ebf6-4ac3-b213-2e5a6280733c,d2357c74-1e4c-474e-bf6a-09ea0e6c7638
6130,4284,c71b7414-4d50-4a99-b2a4-50ff890be070,0c51d943-70d6-4962-9af5-a750cf0f1a24
6131,30,7465046d-dc15-48bd-91d0-1f63ddbb6477,bb7aae1f-3441-4535-9c63-08bdfb39f8f8
6132,30,44ba2540-9118-4b95-9e84-050b0021866d,bb7aae1f-3441-4535-9c63-08bdfb39f8f8
6134,30,1c32bcc5-b338-479c-9461-3dc60ede552e,bb7aae1f-3441-4535-9c63-08bdfb39f8f8
6135,30,71cec854-0cda-417a-85c8-22bc6ebd95ff,bb7aae1f-3441-4535-9c63-08bdfb39f8f8
6136,30,a22fb8d9-80de-4b02-80a7-505ba3eefe20,bb7aae1f-3441-4535-9c63-08bdfb39f8f8
6137,4286,a6f14c16-deb9-412d-8090-cfb4e21ba711,47b2f191-3a60-4657-bbda-184696844cab
6138,4289,07e91946-a9cd-40b9-81bd-475610cb1ef1,c8cd3836-7a48-44cb-bf51-f03cabe3d20e
6140,4269,7a638c51-1e8b-4067-a8dc-a1b999c57d54,cd64a50c-5b6a-47fd-9102-e91517bbc9e9
6141,1034,235869a0-81ad-4bca-9336-c6ec1e55a62e,06cec41f-3aca-42c2-ab2b-60d70ee3166b
6141,1039,235869a0-81ad-4bca-9336-c6ec1e55a62e,4a9d4730-80d2-4b65-846b-781630f85fbe
6142,1034,1adb431d-562f-436f-a834-84f1727bef00,06cec41f-3aca-42c2-ab2b-60d70ee3166b
6142,1039,1adb431d-562f-436f-a834-84f1727bef00,4a9d4730-80d2-4b65-846b-781630f85fbe
6143,1034,c62fc07b-9d3a-4673-a553-ee3d4529e4b1,06cec41f-3aca-42c2-ab2b-60d70ee3166b
6144,4292,da68f96f-7a54-4943-878f-011c771d8cbf,ab08fdd9-0ddf-4e7f-9935-5baffdb35a36
6145,4294,1cb40fad-0a2a-4df4-b64d-6a2d13c0d83e,14b5c768-b23c-43bc-af15-c2eb741e84d1
6146,4295,3e63a561-2d86-4e08-8c48-ffe4f79d8018,932323a6-045f-44e6-8915-f81277020eef
6148,4296,3b0e5c85-cd8a-49fd-8277-a8ad7c15f3f2,94d7bfed-300e-4e3d-8959-453125d62533
6150,732,605df79d-3fd6-4599-96c9-a46f8bbe405f,6c3a9a9f-3df0-4580-ab61-b7fe0c40af7c
6151,732,00611758-c591-43a8-915b-7656f0986b80,6c3a9a9f-3df0-4580-ab61-b7fe0c40af7c
6152,252,9c51126a-0094-4ffc-90f8-7d0233c03d70,a0f3594d-183b-431f-8eba-ec051b26cef0
6153,279,5a307541-2e44-4252-b1d5-8deeab8a604e,1f3b4ed5-6d44-4575-906b-cceae95ad37b
6154,4299,d81f5ed2-2e40-4aff-b473-eb9e45ab3165,e263f8ae-2862-4c55-ad06-c4ae1fc8745c
6156,107,7e87d5c4-b7ed-4992-a7b4-944ca909c955,9f160d1b-8749-4b57-993c-6dd44df4da32
6156,396,7e87d5c4-b7ed-4992-a7b4-944ca909c955,f2f3e66d-e55c-4087-9fdb-81bab1e2a15b
6157,4300,467f927a-df28-4795-a0c3-b6c057a173e1,00ce5219-e8e0-4b82-abc2-ec9dcbc11c60
6159,431,04c51f2e-d162-498e-8dba-8d520c51a726,a99ab47a-e75b-4af4-af55-7b24308971e7
6160,279,33f09be2-1de3-472d-adcc-a66af5fe7c03,1f3b4ed5-6d44-4575-906b-cceae95ad37b
6162,40,05ac2547-4764-4877-b594-ee20be0e9cd3,4401261c-13d5-41e0-84c7-c38068ef54dc
6162,3657,05ac2547-4764-4877-b594-ee20be0e9cd3,f9102192-4617-404d-bd1d-3ebe9b7cf820
6163,4301,6f101482-54cd-45c3-bfae-7cbda5b02482,3f373dcb-ae23-4f44-8f0f-b84a8d71fbab
6165,4302,6c685035-87ae-4f75-92f3-f5d9cf83aef6,2d26d52b-0bee-4824-8ce5-61f909b6e046
6167,4304,f2dcb667-4c9b-43fe-a99f-b5b23c720962,7b60b00f-b0ac-41f9-b1dd-060e6b5a0ac4
6168,801,8f708514-678f-46cd-94ac-86cedb4c2d50,c8cc0102-131a-49e1-af41-160aee2437d8
6169,4306,8e47adbd-0cc6-4b22-a4ae-0bf0bd297018,9b7a84ee-a651-45f6-8b32-23d412e06d55
6170,4307,7b704043-2655-408d-b063-fdc943bb74bf,8b30d230-554b-434f-bad1-ed5218d95ec8
6172,4309,e433e71c-2d9b-4d81-8f9c-e8c5a6e553b5,98fdc324-4e89-4844-bb00-234a0c3f18d1
6173,4313,d9adabe7-0ec9-4a49-8f4c-6de8720a5221,45bfa9ad-0cd7-4c14-a7d5-f47baed757a3
6174,4314,3beb6f3d-20ba-4074-b7c6-34a2e4242395,0737ad68-57e1-4175-a9a2-6f311c582a9e
6176,4315,a8db11ec-7ab5-4b69-a2f5-5abc407c4dd1,c0c8803a-6446-4964-b798-9cd4cd85f3af
6177,4318,559551b1-7ede-4f34-beff-e94869076372,73a656a9-b229-4911-b0cd-bc0fa490d357
6178,197,16f6fad6-fc68-43b0-89f3-616be209a4fb,56bc3b31-8017-4135-a955-bcab03d0118d
6179,30,63e3e62a-3cd0-4037-95cb-0fd994f26928,bb7aae1f-3441-4535-9c63-08bdfb39f8f8
6180,4319,9a9d9d61-a6b9-4255-9ca0-063be81176a2,30a17272-9398-400a-b033-112ed80d38ef
6181,4320,5e23ea93-67a2-429c-996e-9474c27bcfc2,99b9a643-3aca-444a-87d1-5e11f7363164
6182,4320,1396d12e-5dfa-48ce-8f7e-92b278cdd518,99b9a643-3aca-444a-87d1-5e11f7363164
6183,4320,9377758d-7872-42c6-91fe-096b218642ce,99b9a643-3aca-444a-87d1-5e11f7363164
6184,4144,871b2033-113d-460c-abe9-2998f90cb53b,ac9f351b-4af9-4d1a-9097-e36ebce837a8
6184,4322,871b2033-113d-460c-abe9-2998f90cb53b,415d8e9a-5889-44ff-b198-39b3a5b168f0
6185,2818,f519bd68-b9c4-4276-91c6-0f36627d73af,ee909d46-8fdb-4f06-a610-302d51604dbd
6185,4323,f519bd68-b9c4-4276-91c6-0f36627d73af,7c4c8cd0-dd52-4483-86b3-6224c4e44a81
6186,108,7c66e47c-d9ac-46df-937b-3fce008957c4,5f7be770-3356-41fb-aaf4-fc7d50c2ee26
6186,1078,7c66e47c-d9ac-46df-937b-3fce008957c4,c1f6f3bb-ec51-406b-8cfb-0db28b37b478
6187,4329,25bbddf9-608f-4d10-bd68-1f0c1c4e1983,533161db-8aff-47fc-9885-57bede0f0978
6188,4053,aeaefdc5-f42e-45ea-ad5a-ade262e489e6,97f49f86-069f-4f4c-acc3-c08373c989e1
6189,4331,38555d04-0b1d-40ac-8258-9cfe3373d1d1,49e6daae-4819-45e5-85c3-82a8e2ad8b11
6190,4334,08d63e0f-90f9-4690-9509-854a55e27621,dda57b0e-c93b-4427-a178-2afc75c907d6
6191,982,eab74fa8-a41b-402b-94cd-8ffe5135f06b,96c690a7-770f-44c0-87ef-7420f98d5dbb
6191,1119,eab74fa8-a41b-402b-94cd-8ffe5135f06b,62780a7c-2a85-4876-8a5b-7a16e4c35123
6192,3497,25b2d2cd-70cc-41c3-a773-8aec2e0f47a5,0121ab97-385d-40f5-8b36-7493162b9d97
6192,4335,25b2d2cd-70cc-41c3-a773-8aec2e0f47a5,a6ae28ff-e17a-4822-bd86-cb791de406e4
6193,4336,e2b3d1a8-7ea7-410f-9c2d-d03b03d5d934,e73eb4a3-cc35-4a09-a401-4a1d104dad28
6194,791,d74e33db-6eb8-43ec-b2a3-9712075a9cf1,f160cd4e-ee81-486e-a518-afd6bdd6bb29
6194,1164,d74e33db-6eb8-43ec-b2a3-9712075a9cf1,0e4f1593-0534-432a-9833-ff5f7dfb96de
6194,1165,d74e33db-6eb8-43ec-b2a3-9712075a9cf1,11a205aa-afad-4b8f-997a-6004a8500b7d
6195,4338,d1935f53-63b5-49bb-9864-4f0b25cbe610,9110d84e-3003-474f-b5fa-f8b5246a1525
6196,4340,f9b9b819-19bc-4fca-9566-0f553e735a3a,db017535-61f6-4222-a52a-ed8b7b51363e
6197,839,925a778c-9c81-4732-9bd1-a7961b7ed235,75de45ef-a52c-439a-9fb4-034a8cb4b7a2
6197,2528,925a778c-9c81-4732-9bd1-a7961b7ed235,56e06a3f-c699-48ea-805f-fd4cc3e553fe
6198,791,fcfadc82-752a-4a0e-aaa1-bd5c7c648995,f160cd4e-ee81-486e-a518-afd6bdd6bb29
6198,2867,fcfadc82-752a-4a0e-aaa1-bd5c7c648995,c86fdb92-eb6c-41a5-b00b-97a963ca2d97
6199,47,f454e27d-8e56-432d-b24c-32ad81d7c5ed,d998dd61-a973-4192-b73d-f5961da87be9
6199,240,f454e27d-8e56-432d-b24c-32ad81d7c5ed,9d29dc59-fd6d-497b-9eaa-646d3bba1b92
6199,4341,f454e27d-8e56-432d-b24c-32ad81d7c5ed,8bde8db6-0d08-451f-badb-b53350ecf6f5
6200,2528,b05ae233-369e-4a36-9ba8-e1e63ec6656d,56e06a3f-c699-48ea-805f-fd4cc3e553fe
6200,4342,b05ae233-369e-4a36-9ba8-e1e63ec6656d,edd55eac-ab69-44e5-bec4-29f33b7c44b2
6201,197,077272c7-36c4-48b9-9fda-b65dc107f547,56bc3b31-8017-4135-a955-bcab03d0118d
6202,649,f4d40179-cd19-49dc-86a8-db3a0922b940,20e26c12-235a-4428-ad6e-69fb6e405f70
6202,2671,f4d40179-cd19-49dc-86a8-db3a0922b940,9b1ec6ab-3c0a-4c55-a3bd-abb4e5a9457b
6202,3051,f4d40179-cd19-49dc-86a8-db3a0922b940,f1d654e6-873f-48da-a2f4-55835c8003e3
6203,790,cf9d5911-13be-4984-80e2-d103f75c8f0e,80c35c34-6d46-416f-a6f1-8394493076ef
6203,791,cf9d5911-13be-4984-80e2-d103f75c8f0e,f160cd4e-ee81-486e-a518-afd6bdd6bb29
6204,4343,5c14a6aa-9807-40be-9145-4b646800f24b,ad601aa8-afee-452f-87be-56d06a9d1dd2
6205,4344,4aa60abb-f7c0-4e04-b981-4f945acf3c8a,14cb6e53-e50c-4c40-9737-d9263c0c33aa
6206,4346,dc74fe93-e912-43c9-9586-e129484a5099,e3161370-10bd-4e02-9880-3165c2f36e58
6207,4348,0688493c-d9eb-4112-bcbb-54672c33bcf4,f28102a3-369e-43e4-8eba-9b71d30e76a0
6208,4349,0324ba6e-24ec-4000-ba4d-a1f37da881a8,3eb3edd8-c20a-4476-8b20-a573eab90035
6209,4350,bdc3af7b-1414-4499-9d5c-fa8c6ab1aab3,e135cda2-1e5b-40db-8337-6227346b5d95
6211,4349,55d49372-26aa-4915-a658-e8960a6db2d5,3eb3edd8-c20a-4476-8b20-a573eab90035
6212,4351,6c352a05-a1cb-4e7c-951d-020aa02a20d9,0fee866f-6e1b-441d-94a6-09064040c909
6213,4352,626d2a83-ff6f-4113-b8f6-9f76651fedc5,5c00dbbf-5ff3-482d-b620-46f505d6bb1d
6216,4353,7f5b5744-67be-458b-93f5-1d229e42ddc7,12c31043-24b3-4073-bf86-6acf38793ac7
6218,4354,6713be06-abbd-42c2-9b41-a8f373965c60,2df1aeb0-fa38-4fd2-924f-3e6d35274537
6219,4355,6ba8f87d-88f0-4666-9b48-d0831442eb84,3967cf40-3f79-43ab-9bcc-6f8a601d02c4
6220,4356,c22bbe62-f55a-4744-bcf7-6ae9a4bc63c2,3214c533-eaa3-4b80-afa6-62c0a379766f
6222,4357,330fbbe0-1e61-4949-841e-54cdac686e24,b4320540-bf6e-4187-aa3a-1c105c722bfc
6223,507,587de2b7-ffaf-4ef2-9cba-ea4e58e894fe,f4d89f89-77aa-4b1e-b79d-09444d811820
6224,1015,d9877a86-0ef8-474b-af2a-5c5ea251c60d,67e2e64e-b5a5-47f6-bd52-05093f246ea6
6224,1016,d9877a86-0ef8-474b-af2a-5c5ea251c60d,507d87b3-b142-43d5-981d-e06bcebf4c11
6224,1017,d9877a86-0ef8-474b-af2a-5c5ea251c60d,73ed30fd-9a07-4e9a-90ef-2d970a9bb980
6225,30,d750d76e-7819-4e47-9a5a-08d41b169b71,bb7aae1f-3441-4535-9c63-08bdfb39f8f8
6225,4358,d750d76e-7819-4e47-9a5a-08d41b169b71,a573a684-0845-4b90-b593-2e6d774deadf
6226,4359,c1635d5c-cdb5-4157-a54d-f09698bc4e80,243d865d-a2d1-48a7-a864-8503777d568b
6228,30,b8746762-1d36-41b6-9c53-b3fedf1381c9,bb7aae1f-3441-4535-9c63-08bdfb39f8f8
6229,799,8050848a-915a-4e82-81db-275a3587e6d3,0db19440-f5bd-4361-9f72-ef22ca18d691
6229,2495,8050848a-915a-4e82-81db-275a3587e6d3,f66704cf-03ef-4865-9708-f996bcdbcd62
6230,520,3311e388-6b20-4a92-b1c4-c682428df634,6b372a3d-7d01-499a-a4a1-87a9610e13c9
6231,3513,53a969b8-8f2a-4c83-85e7-6771829d3dd4,a5decf6f-a9d9-4ecd-9bba-19ed80c989ed
6232,211,7498fa25-8f50-440f-9456-50786120f83f,82b6750f-cef7-4337-a378-bcbf6aaa3530
6233,198,155f13a0-cf6e-4aa5-9f86-fc3db20760a8,7cd90efa-bee2-42c0-899d-b5bf8cda74fd
6234,1122,5d685216-3315-411a-b75f-8cce723fc85d,a4e84882-ede3-49ae-87fa-a8053539a0ff
6240,4362,64a56047-14a2-4ca9-a97e-4a86ca17b0b1,21037004-2d87-4754-8317-db64ebb538a3
6241,659,2fd617ed-3a24-4111-911f-9e0a6d16ad13,1d6c6aa1-c3d3-45f5-bdbf-3fc53db70308
6242,4363,95d81d7d-a6d0-46fe-ac58-e295cb8972a3,5891a880-5e2a-4680-ac3a-1d46052599ad
6243,4125,218da57e-2bc9-45d8-9da8-affc5a1dc97f,f36a0772-de19-4145-86c9-b50e1c385aaa
6244,4364,9d0fd067-83d7-4c45-8b44-47aa892545eb,e77bca83-3463-4069-8dcc-096f019beb73
6245,108,65cb4808-8082-4537-97ec-87cb80e442b7,5f7be770-3356-41fb-aaf4-fc7d50c2ee26
6246,4365,57c08f31-e009-4a57-95bb-b946e7dcdd72,1fd98f9b-0294-4fd0-97b4-c7d46bd48444
6247,3657,814d91eb-77ae-42b0-863c-ac5ec3b07100,f9102192-4617-404d-bd1d-3ebe9b7cf820
6248,496,5c0c6190-4239-4717-b6ce-ca77e2fd89d7,7f674f2a-b4ed-4ff2-a8f6-58d41e22fd5e
6248,4366,5c0c6190-4239-4717-b6ce-ca77e2fd89d7,e3e685d6-b38f-4d84-81ac-fac45b89fc07
6249,521,302bef17-54c4-40b1-876c-4b801390e0a9,83e1ed00-4da1-4fbe-aaa2-aab5f88f74ed
6250,4367,3f2f1345-56f0-4c0e-b846-d36907776271,a13e90e4-6ee6-486a-8272-91c1e160e371
6251,4368,741713a9-ea17-45e9-83c4-43f28b3ca1f5,e7696af4-3fee-4965-b436-570a0df24dbd
6254,108,cd0f27f4-61d9-4321-bbba-4f8b8013d4c7,5f7be770-3356-41fb-aaf4-fc7d50c2ee26
6254,3165,cd0f27f4-61d9-4321-bbba-4f8b8013d4c7,c8c9d920-b605-4c20-981c-408335981aa8
6255,4369,24b852a5-924a-4406-8f5f-bdd4a376a16f,0cd783fc-fac1-4881-a851-a3bcf1eab429
6258,4370,9f25288d-9051-4eb8-ae4c-2490f6118229,5a6ee588-5da7-485c-95a9-cdfff3431741
6259,4371,c643b1a8-fc33-422c-a192-73dc15d2ebc0,a8c7c676-c551-4680-b7c6-0097b430cf3e
6260,4374,60c6346a-b110-46fb-b42b-cdc0f739c027,bd4396e8-2692-4f7b-9ed1-093361039dab
6261,4375,b7bd1773-5cc2-4c7d-a14a-c2aaf5e76eef,87046730-6938-4b68-924d-8c9fb16d6670
6262,4377,e246fa26-4b27-4d5c-87c3-d75446db76b7,2503aff6-1d54-49b8-be7c-eb5cc30b0fbe
6263,791,3588cfa1-a017-41f6-94b8-386c2a1fc8c4,f160cd4e-ee81-486e-a518-afd6bdd6bb29
6263,3340,3588cfa1-a017-41f6-94b8-386c2a1fc8c4,e07b1b3b-ac83-4031-914a-befd667f5322
6264,4378,9bcf5fc2-8fea-44c9-83de-c1d508bf3ff9,85e8f459-273b-4de6-a7e7-d6344468df36
6265,3994,399246a3-e895-4ef1-88a6-9dab33238ed8,10248948-d0fa-45a0-9433-4aa0165728d4
6266,4379,9147da35-bda3-4858-b870-6694e543b799,3a36fb42-887f-436e-94f7-14012921f7e1
6267,4380,f9a9e29e-772f-47c6-ba71-a50c8bda28b9,8280c251-7697-40ee-97a9-cb00ca544262
6269,4384,28e5130a-d15b-4b25-9b6d-6b744dfa4697,4e98907d-1cfb-49e7-8689-2a7940a6c22b
6270,3179,ae51e20b-0ebf-44d7-bf27-6e7409750136,7d977861-6c17-436b-8ebe-04798e135d24
6270,4385,ae51e20b-0ebf-44d7-bf27-6e7409750136,b9e4bb45-57d8-4d95-a45e-03c3b2f0c7e9
6272,3602,9be2c5d9-c2ca-456e-896a-37da84a5b7f9,eed90610-2e9e-4d0a-b9b0-292ed9f81069
6273,4388,f0184be7-38a3-4795-a941-a47346e48e79,de5d4408-c782-4ef8-a995-f386d176d6f5
6274,4390,3fbaa75d-e81e-49bf-a304-d8fd418725d7,18d13f7b-ffa2-49bc-818e-e71ce8dc6191
6275,790,7570edc5-e648-49c6-85e9-f9151429d430,80c35c34-6d46-416f-a6f1-8394493076ef
6275,791,7570edc5-e648-49c6-85e9-f9151429d430,f160cd4e-ee81-486e-a518-afd6bdd6bb29
6276,480,d895e2c0-1ea2-478c-80a2-83c1925e6472,9ce6a195-e841-4fd8-bfb8-99f266612c19
6276,3051,d895e2c0-1ea2-478c-80a2-83c1925e6472,f1d654e6-873f-48da-a2f4-55835c8003e3
6276,4391,d895e2c0-1ea2-478c-80a2-83c1925e6472,7974efa9-2bb1-4cc7-97d6-e3066151e502
6277,3623,4002e90c-6692-46aa-9bbc-ece83367017e,89ab59c1-99a0-43a9-8d28-578e50e9b569
6278,4393,a96123ea-0365-4fdb-8144-fccb36fb3e24,955d57fd-2a03-4960-9c2e-909b8bb46d79
6279,4394,92192133-84eb-498a-a854-200ecbeba2cc,5c44575f-b4ef-4568-b372-d7f573c2343d
6280,396,09c5f753-6358-471b-b412-5e903abee760,f2f3e66d-e55c-4087-9fdb-81bab1e2a15b
6280,3315,09c5f753-6358-471b-b412-5e903abee760,ab8211ab-949d-48a5-b806-c128a41d8ea3
6280,4395,09c5f753-6358-471b-b412-5e903abee760,d6e89a13-4745-4ceb-a423-55230d63d7e9
6281,396,27ea6a44-b4bd-42fa-a64f-d3ffef1f1cfe,f2f3e66d-e55c-4087-9fdb-81bab1e2a15b
6281,3315,27ea6a44-b4bd-42fa-a64f-d3ffef1f1cfe,ab8211ab-949d-48a5-b806-c128a41d8ea3
6281,4395,27ea6a44-b4bd-42fa-a64f-d3ffef1f1cfe,d6e89a13-4745-4ceb-a423-55230d63d7e9
6282,3315,3e8e098b-53db-47b6-9364-3ebf3b2d1828,ab8211ab-949d-48a5-b806-c128a41d8ea3
6282,4396,3e8e098b-53db-47b6-9364-3ebf3b2d1828,475181d0-de27-4739-b671-507141695d1e
6283,3051,81bf5e1c-cbc4-4e32-872f-06a01191b01a,f1d654e6-873f-48da-a2f4-55835c8003e3
6283,4398,81bf5e1c-cbc4-4e32-872f-06a01191b01a,fd1a90b1-c55e-4360-9334-f136937fbdeb
6284,4400,f738e3d3-9119-460a-a190-1210875125b0,c67ad8fd-b124-460d-bd2d-d53206f79c35
6285,4402,4d342a03-f217-47a7-acba-f6c9e2646924,d521803a-d91a-472a-9f94-a5d0fac9b3dd
6286,490,d1116ec3-9250-4f38-b9d3-f9c287bbf2c6,4544b952-a346-491a-8471-3549f7f2f288
6286,4401,d1116ec3-9250-4f38-b9d3-f9c287bbf2c6,15936cd7-7e22-4991-a7c8-545f0bf065be
6286,4403,d1116ec3-9250-4f38-b9d3-f9c287bbf2c6,b72a13c2-52eb-47fb-bd84-c1865960a2fa
6287,3167,6de59973-e500-41be-bf87-5fa1ddadccdd,01f05887-b2ea-4fc3-9cb4-e751c4797db9
6287,4399,6de59973-e500-41be-bf87-5fa1ddadccdd,f65f4093-cbd4-4a86-af5c-e98d51ec78a6
6287,4400,6de59973-e500-41be-bf87-5fa1ddadccdd,c67ad8fd-b124-460d-bd2d-d53206f79c35
6287,4402,6de59973-e500-41be-bf87-5fa1ddadccdd,d521803a-d91a-472a-9f94-a5d0fac9b3dd
6288,4404,047b1102-40da-4e90-b912-bd6b597029c0,cb7c9872-da5f-4787-bce2-f39cada87631
6289,4404,a799e1a1-8c55-43d9-a0af-0564e8277dae,cb7c9872-da5f-4787-bce2-f39cada87631
6289,4405,a799e1a1-8c55-43d9-a0af-0564e8277dae,9182c894-62c2-4d6f-8ab3-a65b828ce896
6290,4406,93c5ad10-d9d0-4af2-93e3-6b4f952b6341,aa582dcb-d568-4c6a-b3b9-863b9a565e86
6291,4407,5071fa7d-a2da-4d8e-8a5a-b276d0758b8f,c945749b-a0b4-4468-aa72-6179ac81ca0a
6292,4408,8948f5ff-7965-4faa-ac0d-298656e1f1fa,154e2ad0-7309-4b00-a1a5-a4e221ca0c08
6293,4410,58f8bfc4-af58-49c2-8aa0-c3edc7f0301a,923a9c06-02c5-4aea-b748-a66bf7a07fd6
6295,4411,c5d2bd15-de74-4b52-8bea-d3e88ae97c00,cbd082c2-8afc-4264-9062-5f312fc15871
6296,4412,fa77550a-ff1a-4927-a901-c8672910708e,b9d11b62-1f85-47aa-972e-627a2b0c8ba8
6297,30,72b4e687-67f5-4ed9-a68c-90ce13c7f8ce,bb7aae1f-3441-4535-9c63-08bdfb39f8f8
6298,4414,9c30ce1a-830e-4784-92c6-1467baefef0d,14c14b9f-6b2d-4ff7-b670-397ca146d42f
6299,790,e214425b-d4e8-43dd-aa4a-3188d64ea7e2,80c35c34-6d46-416f-a6f1-8394493076ef
6299,791,e214425b-d4e8-43dd-aa4a-3188d64ea7e2,f160cd4e-ee81-486e-a518-afd6bdd6bb29
6300,3946,84a6aad7-bb8d-41d3-9b79-31bcc08c351c,83388262-7c16-4199-8b42-c269ad9984ac
6301,4415,a40bd691-c2ac-4a91-89f7-07a442d5343f,82416964-179e-4e9a-be09-1bd44c94a1ea
6302,4417,758b5e6a-07a1-4822-9f7d-5db7a0b5105f,74880428-1c16-4a34-b369-318ccd23022a
6304,4418,8340ac62-9553-4f7f-bc17-19fa23345368,f895cc43-c84c-47e1-9461-34744fc3788a
6305,4419,7a06be67-55e8-4ef4-b37e-db4a438052cc,2aced741-a885-438b-b768-57ab2bfb019b
6306,4421,1a94d991-b21c-4d7b-9cc7-23932ab6563d,2230a13e-e4cb-481f-8417-9f2e9e1cc4bd
6307,4422,fbde2b63-af95-47c1-823b-6834ad48fd69,6f34774d-b025-4081-a912-9b908fe6dffc
6308,4424,2ae3ac7f-012f-49fc-b576-bc81371c0515,b89414fc-80ba-4c0a-9bb2-f11213e63a05
6309,1039,c7cd66f3-7739-4bcb-ba3d-e1fe9c6a53b8,4a9d4730-80d2-4b65-846b-781630f85fbe
6310,1034,95f73719-7c10-465d-8672-07673e58ee69,06cec41f-3aca-42c2-ab2b-60d70ee3166b
6310,1039,95f73719-7c10-465d-8672-07673e58ee69,4a9d4730-80d2-4b65-846b-781630f85fbe
6311,4425,e7ccf600-db7c-4a46-941f-f4624e2ec853,a5a60cad-6118-478d-a1f0-363b8d692711
6312,3095,280dd55c-283c-4f8f-b9fb-21c2173fbacf,58bdd7cc-54cb-4001-ad32-1123c448f909
6312,4426,280dd55c-283c-4f8f-b9fb-21c2173fbacf,2fccb875-69a1-4c84-9a8f-cb5ad803c2ee
6313,4427,61d2abd2-4e80-4ae9-bc7f-98106c6a0c06,4ceb7091-a8e1-44aa-9bc7-79ed93c4e9b4
6314,4428,2bc66f56-e85d-4850-b035-51267736a040,83081385-2d18-4713-9a1e-a0e4fd3f0390
6315,860,a9def227-95b5-4c66-a4e8-267379821d89,d0cd7b36-3d59-420e-86f0-d0b3905f3dbc
6315,4428,a9def227-95b5-4c66-a4e8-267379821d89,83081385-2d18-4713-9a1e-a0e4fd3f0390
6315,4429,a9def227-95b5-4c66-a4e8-267379821d89,f5c2084d-b413-40f7-9e93-5954658da03d
6316,860,1aabb8b6-84fa-4c60-8328-fa13a01df66f,d0cd7b36-3d59-420e-86f0-d0b3905f3dbc
6316,4428,1aabb8b6-84fa-4c60-8328-fa13a01df66f,83081385-2d18-4713-9a1e-a0e4fd3f0390
6316,4430,1aabb8b6-84fa-4c60-8328-fa13a01df66f,ffd145ed-51e8-4be1-8eba-2ebf2f2acf41
6318,4431,8487f73d-6369-4514-8cbc-9578e4d2c118,f91464e3-70c1-4b8e-82bc-54ac5703331c
6319,503,ee855647-c469-4126-83c4-09266abe02c1,c047e841-f85a-42b2-9df3-e1ceef4b6ec9
6319,2410,ee855647-c469-4126-83c4-09266abe02c1,99e6a1a1-3aa6-4d53-b9b6-540363cfdc83
6319,4432,ee855647-c469-4126-83c4-09266abe02c1,fded5638-0594-49cb-9399-eeebceb98ead
6320,4435,862a9b35-33ef-4d53-ac38-e18210e5be52,9a97e8d6-083f-4bff-b651-69162345565e
6321,4436,81fd5003-3ac7-40bb-955d-cdacb257fba8,8a685288-abf7-449c-8286-aefca40befe3
6323,4437,c43b4159-00e3-4761-8def-5bba0da658a7,a84e161d-c449-481a-81d6-c8acd6b548bc
6325,1378,ad363909-5796-4244-af4e-c8c01f958a6f,b96d31d6-18ec-4794-88d1-f39e5e6b5e66
6326,4438,ed382eca-8904-41fe-a89a-56755d23c4ec,2fec7c53-95af-4aa5-849e-02e4732e3f0f
6327,2523,4854bcce-33f4-42ab-a38e-b2c0eb241c51,96d6c898-2406-4268-9c2b-8f704a9e1160
6328,4440,b99a4188-688f-4977-8f96-41e3769d7188,f514bcd4-c243-4089-a581-9957ef708220
6329,2789,06ee5619-4c22-4764-8b0d-1d1219721d25,a8f1f28b-044d-41eb-9970-3c540593d3b5
6330,4442,b0654c2e-68f5-49fb-9d12-b42ef07af5f3,95dea418-171c-48b1-9953-2160ed68191f
6332,30,49b76920-60ca-4285-9c05-31196c30c45e,bb7aae1f-3441-4535-9c63-08bdfb39f8f8
6333,2523,349dc9fb-c645-4af7-94c2-33dab91e13ab,96d6c898-2406-4268-9c2b-8f704a9e1160
6334,4444,bfed6296-1ea3-40f7-a028-1136f5fa1368,73706e9f-d7b5-41e5-9ce6-7acd84053517
6335,4444,60c1ed24-9136-4139-806e-6669074b5d73,73706e9f-d7b5-41e5-9ce6-7acd84053517
6336,4446,0ddc6702-6ff1-4551-8117-2b3535d32850,23f18b6d-6f8d-480f-9f27-15a45731174e
6337,4444,ec7773fc-d466-4c2c-bde7-e2d773fa753c,73706e9f-d7b5-41e5-9ce6-7acd84053517
6337,4447,ec7773fc-d466-4c2c-bde7-e2d773fa753c,bdba874f-fe89-49bd-ba57-e76ee40110cd
6338,4444,d703b690-a30a-43ae-9afa-df611d39b738,73706e9f-d7b5-41e5-9ce6-7acd84053517
6338,4447,d703b690-a30a-43ae-9afa-df611d39b738,bdba874f-fe89-49bd-ba57-e76ee40110cd
6339,4444,17f37e43-36cf-4a94-adab-8390f76f630f,73706e9f-d7b5-41e5-9ce6-7acd84053517
6339,4447,17f37e43-36cf-4a94-adab-8390f76f630f,bdba874f-fe89-49bd-ba57-e76ee40110cd
6340,4444,e456a4c5-810a-4b30-b2aa-d62f84d85e6b,73706e9f-d7b5-41e5-9ce6-7acd84053517
6341,4444,02ee584d-8951-49e4-8031-d239a9380744,73706e9f-d7b5-41e5-9ce6-7acd84053517
6342,4449,7a343aba-45c0-4502-b836-c40c14e43fbe,b10a5201-9546-433d-88ab-d681c75e617f
6343,4443,812114b5-6b5c-4b81-84bd-d78e0b6eec0c,2f861907-f731-4525-a1ca-4c2fe6d3870c
6343,4444,812114b5-6b5c-4b81-84bd-d78e0b6eec0c,73706e9f-d7b5-41e5-9ce6-7acd84053517
6344,4452,21ad2179-f844-4e3d-b939-f1770b0bc04a,9960a6d6-6919-46de-980d-7008198cc712
6345,4446,39185e32-28bc-40d9-a6fb-52d130d4963e,23f18b6d-6f8d-480f-9f27-15a45731174e
6345,4454,39185e32-28bc-40d9-a6fb-52d130d4963e,e2e16c99-1777-4e3b-8a8d-5d8fbe5e0f24
6347,4457,df214c3d-7167-4242-908d-0ba56e9f5714,dff94ac6-f24b-4cdf-832a-460a1e083ec3
6348,30,7f95f4cd-abf4-4636-ac49-8c0fbe91fcc6,bb7aae1f-3441-4535-9c63-08bdfb39f8f8
6349,4460,7d1292e7-ca5d-4a1e-84be-5b0081caf064,79320803-a3f0-48a1-ab4e-97db0c33d7af
6350,1147,2fc74140-91e4-4f63-9c56-82da7f9e3b9d,254176f7-ce3a-4da9-ab9f-8a436da7fc04
6350,4053,2fc74140-91e4-4f63-9c56-82da7f9e3b9d,97f49f86-069f-4f4c-acc3-c08373c989e1
6351,4463,a95bc306-94e1-43cc-8fd1-db5738229448,fdb4b2c1-58cd-4e1b-b177-3a5ee61a813d
6352,791,f758b3f1-149c-4df3-8bfe-3e8754a49d5e,f160cd4e-ee81-486e-a518-afd6bdd6bb29
6352,854,f758b3f1-149c-4df3-8bfe-3e8754a49d5e,7f3cd390-8f2d-4a46-9e65-04f1868dce84
6353,791,109dbac8-490e-45d3-ba7f-e493470f0d54,f160cd4e-ee81-486e-a518-afd6bdd6bb29
6353,854,109dbac8-490e-45d3-ba7f-e493470f0d54,7f3cd390-8f2d-4a46-9e65-04f1868dce84
6354,4464,715938f7-57f8-4827-b2bb-9b7cfa3ab2fc,874f13a5-7288-47fe-beff-147bcd1efe5e
6355,4466,9a81070f-b840-4478-ba1a-e09a03de9284,10126653-0e6a-4b28-acc8-8d34ee1f83fa
6356,4467,176ceb08-f725-4335-af43-f8a906876891,19e42d8c-4280-420e-b3b8-34a81e694725
6357,4469,09e8baaa-8e1f-4715-8706-cb2bdfadacd6,d960d13b-9688-456e-821e-d845cee52284
6358,108,e01f4a20-8f5f-4b88-b001-538e8284088e,5f7be770-3356-41fb-aaf4-fc7d50c2ee26
6358,3165,e01f4a20-8f5f-4b88-b001-538e8284088e,c8c9d920-b605-4c20-981c-408335981aa8
6359,503,8e66e32f-be7f-4c88-96a0-5dd9578c728a,c047e841-f85a-42b2-9df3-e1ceef4b6ec9
6359,2398,8e66e32f-be7f-4c88-96a0-5dd9578c728a,2235d9e4-6b18-4bc3-8059-6b4efad75439
6359,2687,8e66e32f-be7f-4c88-96a0-5dd9578c728a,49402eef-4afa-4235-a59d-9c932d80b800
6360,4472,f67b4981-aebb-43c9-8d3f-0f249ea0bb07,a4df921b-b778-44c6-ab37-a5cbf15596ee
6361,4474,b4f3e800-ef3d-43bb-bb36-2a820e54fa5b,52b78504-8a13-4fe6-bef0-976d7362dbdf
6362,3594,23b9529f-9062-49b1-8821-b70299fd8cf6,a1c0bd5d-fafc-49fb-898c-9b0bf112d5ca
6362,4476,23b9529f-9062-49b1-8821-b70299fd8cf6,419f37ac-8295-4365-99e1-9d419d45641f
6363,3612,dd42061c-4005-4eb6-9c5d-67cf2f3bd4c5,09f4b2cc-c3a5-4371-a8b3-6b53b1f55a69
6367,4481,491cef3d-f3ce-49c8-85da-2a3eb6adff26,bdf9e4ea-e82d-4080-87be-0355c5a98104
6368,4482,bc1d1c5c-0b25-47fa-8c60-f74dca1e77df,1a502825-34bc-49e2-9c54-2488e88f583b
6369,3055,700373f4-581f-4405-bcfc-4ad48d93fc47,61810bab-627e-424d-ba2e-d803b2a0c044
6370,30,16da6bc0-6dc9-413c-b519-5ee6db2b9565,bb7aae1f-3441-4535-9c63-08bdfb39f8f8
6371,30,abb60aba-d3a8-45b5-84ae-56dce67c43b2,bb7aae1f-3441-4535-9c63-08bdfb39f8f8
6372,30,71bd7827-9e51-4fd8-aa3d-3daf536c5972,bb7aae1f-3441-4535-9c63-08bdfb39f8f8
6373,4483,f5f6b5f0-98ad-4a51-aff7-e2f0f67ab927,951461dc-98d8-46d5-a315-abd00916ac9b
6374,543,90676a10-c9dd-46a8-816b-d0ab61a2f5d7,972c4710-c8b7-45eb-9dea-0a61b0a949c2
6374,4483,90676a10-c9dd-46a8-816b-d0ab61a2f5d7,951461dc-98d8-46d5-a315-abd00916ac9b
6375,4484,c4be5c17-c0f9-4f04-8697-f1a11b48c1e4,0ba86fa1-d1df-4c30-a8e8-2fb5ad6e337e
6376,503,57a80c0b-d202-42f1-8085-1f6f00dfdfbf,c047e841-f85a-42b2-9df3-e1ceef4b6ec9
6376,3270,57a80c0b-d202-42f1-8085-1f6f00dfdfbf,40a8cb6d-19f3-45ef-b45f-f59ffe2771ae
6376,3563,57a80c0b-d202-42f1-8085-1f6f00dfdfbf,223a15b1-e180-45cb-b912-3fd324ecd068
6377,4486,16b94204-2557-41f2-9384-9eefb04f6a8a,675fc660-478f-4828-b1de-3b97c7410e3f
6378,26,d463191e-4244-4936-b4ba-4df1e80e8f8e,db34c8a2-a139-466e-9f33-e8fca9123462
6379,3179,3323af12-2344-4b48-a9bb-d01616c5dddd,7d977861-6c17-436b-8ebe-04798e135d24
6380,791,0c451317-030d-45b9-8f94-bf1132888cc9,f160cd4e-ee81-486e-a518-afd6bdd6bb29
6380,3180,0c451317-030d-45b9-8f94-bf1132888cc9,1fb5d719-3e45-42eb-9ad0-42c151751642
6381,791,1912215a-fe44-4767-9f31-15a6d18b7472,f160cd4e-ee81-486e-a518-afd6bdd6bb29
6381,3180,1912215a-fe44-4767-9f31-15a6d18b7472,1fb5d719-3e45-42eb-9ad0-42c151751642
6382,3179,917ce67a-e2ca-44a4-98ee-dc94320f2522,7d977861-6c17-436b-8ebe-04798e135d24
6382,4319,917ce67a-e2ca-44a4-98ee-dc94320f2522,30a17272-9398-400a-b033-112ed80d38ef
6383,3179,b7856fcb-00ac-4060-9cb9-7e75a511fec0,7d977861-6c17-436b-8ebe-04798e135d24
6384,4487,77072ff1-394c-462a-9b91-604bbe2bb732,dd7855c5-f28f-41bb-bac2-d802c0503783
6385,4488,91f935af-1e4a-4f25-ae11-c8512dfb37c8,e3a734ee-c2e5-4892-965d-7ae6768dcb5b
6386,4491,b5d9d27b-3ec1-42cd-aeec-8ec96c6f148f,d06d98e9-80d7-4a18-85a8-5228a87ff6e1
6387,4494,6eda5119-e9b3-49b7-a394-f2baa43f3bec,2ce351c8-19f8-4a63-8ac6-8d810de29209
6389,320,a0b0d123-babc-4c29-97b9-58eccd814e7a,e21b6c73-d755-4132-ae27-e88808544b7b
6390,279,e10426e1-2ad4-47ff-8d4b-0b0e45f199b4,1f3b4ed5-6d44-4575-906b-cceae95ad37b
6391,455,f7fd4e95-1bad-4c99-94ac-cb3923c1642d,812054c3-3114-4f5f-b7d3-f4e6d63de342
6392,3137,802d5863-61bd-4118-9b06-6ffda658e8cd,a5d531d1-407c-4d18-b4d9-7b49afe1759c
6392,4495,802d5863-61bd-4118-9b06-6ffda658e8cd,c7d1c006-236e-495c-ac2d-30d9bb80d9ce
6393,4496,fb3065cb-2895-4b40-a6f3-11004d5a9749,544679ae-ec09-492a-ad5c-5568a6143204
6394,3298,8e7195d6-8fa4-4e9d-b482-001f2fd7995b,7214a0e4-a827-476b-945b-7ea2f6abf5b2
6395,3163,6545a474-412a-4488-af7d-3f7ed187093c,d9d1c006-aa39-491a-8b3b-e263e778dc5c
6395,4497,6545a474-412a-4488-af7d-3f7ed187093c,169d7c09-a448-4bcc-bccb-9a5be6b3afd4
6396,4498,ab0b7d31-75e9-4f47-a51f-b5b11f9b20df,4b6892aa-3a77-44a0-8417-2b19e93dad32
6398,2495,43f755c3-7017-46d5-aa49-ceaef3b81d28,f66704cf-03ef-4865-9708-f996bcdbcd62
6398,3614,43f755c3-7017-46d5-aa49-ceaef3b81d28,83cf1526-76c6-4791-adb3-58d47f395748
6399,3179,3c8a0d55-3f1d-4291-aa2c-f37275f57e27,7d977861-6c17-436b-8ebe-04798e135d24
6400,3275,f5c5ad40-83a1-4baa-b044-3395d718ac1e,c5d5bc60-7a58-4afa-8647-d8eb3a882e9a
6400,4499,f5c5ad40-83a1-4baa-b044-3395d718ac1e,5ab05464-9c5f-498c-ad26-9be1aa7ff29b
6401,4501,6d5a8ecd-b58c-4484-bf71-273a1a1fb8e1,914e3b07-37fd-4aef-abdf-a1d7cb477496
6402,1039,cb089462-6571-4e21-aaeb-750a4a12e666,4a9d4730-80d2-4b65-846b-781630f85fbe
6402,4503,cb089462-6571-4e21-aaeb-750a4a12e666,8c802f3e-503d-4156-b1f8-41338c5b4222
6403,4504,9a290820-fb80-4aa2-a1f9-736b915a7abb,8fa14787-a4f9-4757-ae6c-c5ae8887831f
6404,4444,ec51c817-1c69-478a-9304-d76b4e4f9b70,73706e9f-d7b5-41e5-9ce6-7acd84053517
6404,4505,ec51c817-1c69-478a-9304-d76b4e4f9b70,fa95bf56-bc69-48b0-9dab-61c30fdef3f5
6405,4507,1dd08553-c808-4a60-83e5-9d14acf2a2a3,67dc9f42-9ab2-4f36-8109-6728eca7db83
6406,4509,2a24a833-a570-4421-a88e-acc06c90f9cc,55fc6814-51a9-47f8-a7d3-630f6e7a0053
6407,4510,6f924e87-bc64-45f3-8e65-146093a80973,c3852767-c169-46af-86b0-8cbbc169cd95
6412,3594,f113c269-8392-4d28-bc71-aef971105808,a1c0bd5d-fafc-49fb-898c-9b0bf112d5ca
6412,4517,f113c269-8392-4d28-bc71-aef971105808,70258c3f-e1a9-41ca-b086-036b913ca0de
6413,4519,e1ed2327-2f8d-448f-9d06-495b716fd43b,607e2807-151d-40ee-9548-dd801da9aabf
6415,4520,a197d231-602c-4242-b7dc-7bbf3cd523f2,daeb2dc7-239a-4f28-b0d6-8d5e4941edf8
6416,3576,77498411-edc5-4adc-9231-b916ae8f935b,2caf6419-b616-4fed-9c47-51e41af4ce8b
6416,4521,77498411-edc5-4adc-9231-b916ae8f935b,c9e0747a-70a5-4bc6-aa01-25bd801edb0b
6417,4523,d48805a3-12a2-4f07-9b76-f17f37690160,2ba965a0-f2a2-46d7-9676-63c68a2640ed
6418,4524,67f6e436-a704-40a3-86fe-093eca5c20af,03fe2984-6b5d-408d-bd79-2d5820fa2034
6419,254,e9a0015c-bb62-4a79-86e9-720d787ceedb,1a0ce20d-61f0-44ed-955c-0419262fd302
6420,1039,c1544ce9-ff54-4291-8313-80edb3341156,4a9d4730-80d2-4b65-846b-781630f85fbe
6421,3608,0f01b415-11b0-498e-8fa9-fdd94ee5370e,07269658-b158-4b59-b6fe-4caa1a3c7437
6422,4526,24a5b45b-f048-4bd8-bb8c-9e1eb78d9c99,9cc5455b-ed65-4ada-92b4-c0deede9b0e4
6423,4527,a889797c-db2f-4f3b-a3fb-57416394268b,d85aafdc-6cb6-4fb9-bf53-4bb0e2701c36
6424,4528,fef093bf-a7cb-4722-bb61-b3b8be8f0feb,35c88038-76ad-4f1c-8446-b5595c474b5e
6425,723,ed2402a7-c562-4068-b6a6-be752f216bb8,4187d319-dbd0-40ce-983a-25a836d3cdf0
6426,455,5136160c-d592-436f-b79e-edfcbdd6cda0,812054c3-3114-4f5f-b7d3-f4e6d63de342
6427,455,f8668af2-8725-4098-8d44-46a51f702145,812054c3-3114-4f5f-b7d3-f4e6d63de342
6428,4531,5ee53763-0611-45a5-bfd3-83d784054efb,5cd93729-2284-4437-9c0f-014a7c1aaed6
6429,4532,edf85f68-ee42-4c2f-938a-21cedfec0e6e,740c0b4e-79db-420f-a72f-8c100ae71477
6430,4533,d8b7a98e-4917-48c9-8055-bc169392784b,66da747a-56f5-4b35-b80b-2e7a852d6de8
6431,4536,0290ecf9-77a2-43d3-bebd-56f2530e1482,10b0c929-e18d-48b1-9970-9ead6a8a40a8
6432,4537,f53bd315-e48b-445d-8174-862d688b5f64,dc0db02e-445f-40ac-8070-9f758c50ff31
6433,252,192c6aec-bcda-4880-abe5-9df06d1387d8,a0f3594d-183b-431f-8eba-ec051b26cef0
6434,4538,b062f495-999d-4c61-a33c-31d36c3b2173,c0f5e0c4-c4ec-47c3-92b2-6e22a8c1340b
6435,4539,4cbc8705-fd49-40b6-b283-c2c655373202,6b3f6672-918a-41b7-989a-709236ad5665
6436,4541,a6f38865-8f56-4183-a0d2-527b2f3635f8,572ebf85-e963-4532-b09d-c7875cb078af
6437,4542,0a20e79e-638a-4ccd-b558-af14f793046a,620b9071-4ea3-4852-9b52-851eb18e3803
6438,4545,d887c017-7949-4a20-b5bd-7ae15f2c8bb9,2a1b33f8-6adc-4e46-86f4-6cde2f406b7c
6439,67,ef5ff9a9-8139-4197-870c-070c3861facb,f2095865-bbc8-408c-a50e-3a3a62630f2e
6439,3774,ef5ff9a9-8139-4197-870c-070c3861facb,0ed2dc29-0b21-4511-b96b-53d1fdcc8f30
6440,4547,c1b18acb-c75e-4285-9aa4-e64e15f91624,5841d1c3-e5cf-438b-8939-4ffe070956a4
6441,4548,c6a5539f-e041-448c-959f-6bef3f435cae,c585271e-1850-4ae6-8f48-bdc22bcba61f
6443,4549,dc47b9c7-18ba-4e54-bbe3-9bebd4e6b825,38cc2b97-b62b-45ef-9a74-3bd8b824753f
6444,4552,c40c60ff-873b-49ae-87e8-98cce076dabc,3eff99fb-b159-44e9-8707-8ecb7f1c46e4
6445,732,5af64e5d-2880-4230-a49d-ac3bf0175e20,6c3a9a9f-3df0-4580-ab61-b7fe0c40af7c
6445,2739,5af64e5d-2880-4230-a49d-ac3bf0175e20,94eb5d17-d490-4675-a284-65e5153bdd12
6445,4553,5af64e5d-2880-4230-a49d-ac3bf0175e20,9a591c42-aa4f-4e10-8000-86837b6309d6
6446,4554,10f5c957-c579-4542-985a-0acdf74f9a41,65af3f71-c3cd-4605-9a71-acea79dbdf05
6447,4557,3a5e9391-17cd-4634-92e5-7717729db020,842c58dc-056a-4eac-89af-70b791ed29e8
6448,4559,83f10a6a-7106-43da-89d1-64ffc25a06ef,fd0d6bb7-e0d9-4b6f-ab23-64d3bd4dfebd
6449,4560,6fca214b-36f1-43dd-9db4-2127c8b934a3,d44005e6-a05f-4c23-98cf-ca3b4e4f9506
6450,4563,e215d4fc-c86b-4c71-b49c-584ea4c58d73,193a20d2-9ef1-4446-b5c7-34ec31adb1dd
6451,4564,64c06b6b-f66f-4817-94ea-5223d62ede33,496125c0-600a-46f4-8fbc-673e6783e58b
6452,4566,d92f176d-0c8c-42fd-994e-4f8f8045b713,09335535-1fcc-4e68-896c-494733ba3f9c
6453,4567,1485e44e-77ba-4d12-b11f-33333d51845d,35dcfc03-b1e5-4ea3-b608-6595b2b5f23d
6454,4568,8ab72964-9762-41ed-83bf-c1f2a186d78f,cc69f097-1181-4149-b162-02fcabc3b1f5
6455,4569,ef381fdc-97f5-4bc7-a138-9439759b6012,e7e8c1eb-4b44-4ba3-9e42-75534d39f5d0
6456,4572,3242e542-6e4b-4df7-8b62-247f9dc902d1,49d4e4f7-9e67-4c7a-acde-d289d6c7b137
6457,4574,54bee0de-d445-4dd6-aad0-e403ef6297e4,2b67eb6e-2097-48c5-9ec6-50100de45d40
6458,3793,4c795fbe-3bcd-4919-a6bd-839cb6196ec6,2f74f486-ed1a-4b79-806f-0beedd4963cb
6458,4575,4c795fbe-3bcd-4919-a6bd-839cb6196ec6,f0095aae-4faf-48e0-bfce-de344a492c22
6460,751,a9cfc183-9b8f-413f-ba59-5e15fad87710,77814e2f-e6b7-49f0-ab53-af34c3ec6320
6460,4576,a9cfc183-9b8f-413f-ba59-5e15fad87710,737873e8-1a77-4e76-988c-1db033400127
6462,4577,5d5c7807-3f6e-48a3-bddd-a2f503938a82,30132672-69cb-42b1-9480-595d73b234b5
6463,4578,ee8f56fb-4885-4629-8c31-04e88c5244c0,91319156-5a54-4285-8d61-256ebf4c1ec5
6464,4580,92e97bb6-03d4-4df1-a455-77c483113907,a2140f2e-3a72-43ec-9647-36b31c76fb40
6466,4579,9518a112-78ed-4f70-badf-deb9684fec94,6466ff0d-58c6-4623-bf05-ddd6220a9d51
6467,4581,f512d09b-de24-48af-876c-137a5c2f76b2,fa0e4d22-92d6-4693-8c3c-ed91d201244a
6468,4582,52135db7-97e5-4017-9a75-ba0c7f7f30fd,4fe33cd6-93c3-4f3a-8574-381f1771e481
6469,4583,7742f9c9-fd0b-4d1c-8cca-f41dcdc12f9f,fe778e31-1f2d-417c-b8a5-8625a75d37a5
6470,4584,830d3bdc-20a5-484e-af7b-9b44d2c4ae19,c61386c0-ba0c-4c90-a747-d98fec9a2644
6471,30,f7d16c50-cfff-4e17-9bde-123bedf4238f,bb7aae1f-3441-4535-9c63-08bdfb39f8f8
6472,4585,6316d169-9f94-4ec7-a697-d13654ebc5b0,c52dce12-a314-45b5-b1c7-af8902e1fa43
6473,4586,65cc3e18-6400-4296-ad9b-271a8832d1ca,f8a56cfa-66ac-412f-986c-80f7379b04bf
6474,1012,b4acd54e-813e-4340-b943-7b08f7c13695,079e317c-0c77-4dc3-9a68-53b10a7bfdb3
6474,2544,b4acd54e-813e-4340-b943-7b08f7c13695,2a8ae2e6-4fe9-4757-baf5-875ae0eec30d
6475,4587,43870bd1-d2bb-4d4b-af1c-f67ac36f3901,1fe72bc3-94ae-482f-a952-d7b82940932e
6476,108,8f9294f8-4269-4ba6-92c7-b3be06b599c0,5f7be770-3356-41fb-aaf4-fc7d50c2ee26
6477,4588,aac99d11-21e4-4de0-b8ed-463350417b29,fa7d462f-2439-4019-916e-3032625af19c
6478,455,45a9994b-9678-4fda-b74c-ec1cf39d6583,812054c3-3114-4f5f-b7d3-f4e6d63de342
6478,4589,45a9994b-9678-4fda-b74c-ec1cf39d6583,62fb0d7f-75c7-4fe7-ac24-f19bc5d42257
6479,945,766ae55a-34d8-4c6f-86ad-df78c5bf08a2,19944a8e-e291-498e-a889-a03000dfaf87
6479,2476,766ae55a-34d8-4c6f-86ad-df78c5bf08a2,1a17631e-4c11-425e-8871-d59190ac1d48
6480,30,46a7f3e4-0e17-4f7c-a3d4-80ccaff113bb,bb7aae1f-3441-4535-9c63-08bdfb39f8f8
6482,4590,65319a7a-7380-4391-abc0-5bdbaa8ea757,a3675d9a-51c7-4a8f-b6b5-8ad00a3f4159
6484,2495,b13fb9e1-8b2f-44e6-9cb9-844a833a96b2,f66704cf-03ef-4865-9708-f996bcdbcd62
6485,747,91257891-bb14-4fc2-9169-20a322a98b4d,935597bd-2180-4b16-b32b-b99ef7f6bf42
6486,4591,3fb78052-4d14-447e-aa2d-4eac4e9bdefc,f8dc64b8-bda4-4c5c-be5b-dd471c09bd53
6488,4593,8c6bde81-fd43-40d2-8a69-511348bcb565,58ab8ba3-ef84-4c63-9048-45ce01c8da62
6489,288,7737132f-6c81-4758-ab2b-8ee751343e3c,9bda5357-bd7c-49c2-b6b1-648817e0b7e7
6490,521,529d5b41-9248-466f-8c3b-2b4083a6e3e9,83e1ed00-4da1-4fbe-aaa2-aab5f88f74ed
6491,320,40c0923d-de0f-4b49-8735-6476118e65e3,e21b6c73-d755-4132-ae27-e88808544b7b
6492,4594,87df4914-6be4-49eb-8f9f-16aa3748ba1f,5d3bb3c1-4628-42bc-95a3-bfa23ba67ce3
6493,424,daf4da24-1ff1-430b-8b1b-210b6a709851,bdccf1e8-a197-4298-810d-42b65d83936a
6493,4595,daf4da24-1ff1-430b-8b1b-210b6a709851,3a6c8836-71e8-4555-9a37-0a0fc436ec06
6494,4596,8139d9e7-5a9c-4a61-a0c0-5089acb3791f,f521d6e0-cf86-4498-bb5e-06824e8438e1
6496,521,ec8975de-3446-4d70-98a6-a0fda71a86f7,83e1ed00-4da1-4fbe-aaa2-aab5f88f74ed
6497,2523,7fad4f01-1a4d-4517-9cde-01949e3c9ee2,96d6c898-2406-4268-9c2b-8f704a9e1160
6498,4598,7e2e7a0f-6a83-4f0c-9fe4-45484f09b8bf,f0ba4a09-0ecf-4a72-bc22-981e2ce18622
6500,4599,25d7f167-eb9d-4f12-b6ea-231d1ea225a0,f7c8e091-05f1-4c70-b7cc-f7ad7b86cad3
6501,4600,a358e5a5-604b-4779-bbc9-7daddbad7b99,b5dc9466-3dba-4a45-b4a0-da07d75462c6
6502,4603,f87c1136-1f54-4b6d-b79b-86e20376f3f9,0436678e-0bf1-44bc-9344-fe2c09b4ec3e
6503,4604,864e37b9-4e22-4db8-a2ca-476dd93a075b,e453bbad-7cfe-45f1-88a3-58e571737102
6504,252,2ad73893-00a2-4a18-9b5e-365ff33e7ede,a0f3594d-183b-431f-8eba-ec051b26cef0
6505,4606,4c106976-985e-46da-96a2-11e5d4e2d96a,dd3a6e4f-a785-4ba9-8486-3bc42d62cece
6506,1377,b44b0fc7-a4d3-41db-93c5-b4444f3b40b4,72e173eb-ab3e-48dd-9ea8-c538c9a4c2c8
6506,4608,b44b0fc7-a4d3-41db-93c5-b4444f3b40b4,bec79ac4-cc5a-4b5c-83b6-e7551de72d91
6507,4611,47a8c131-c06b-4923-bf88-ae5a3e9595d5,4ec080a5-786a-4ac8-9b4a-e1e7a6111bf1
6508,372,14f40d36-6714-4b3c-b50d-11df259a8d28,260a8693-6e02-49ed-ac93-66017d53bc5c
6510,4613,f639d053-4df6-4f25-8691-d54e39473c3e,c9c3909e-2349-48c6-a018-c5515f34dd29
6513,4614,f052eb70-b56d-41dc-a463-872b0e504af0,44d0662a-5a20-48e5-915d-4332634d1692
6514,3042,5e5ebebe-6f50-4899-9e52-3e8e0b8f31f7,935dceb4-e002-4c7a-92f0-ebca0392a8f8
6515,4615,f5b0a77a-27a5-4d2d-9ce5-14172e8e399d,3a7a2521-f74b-4418-bd3b-9ca27d76da3e
6517,4616,1fbe3b78-ed61-4b89-b73a-be41c3f8311c,0992d142-5ffa-4c48-9b38-b527ab5618f6
6518,4617,dbceeb4d-da9b-431e-b5e7-8605c4006abb,5584cae7-599c-4ee5-a5d3-521d671196c9
6520,4619,93790a5e-21c6-4a22-84c1-67b0bff82d44,008a2cbd-7a13-4d51-9565-0ad33d4c2714
6521,4620,64424855-127c-49ba-96d3-18ad279022e6,82c5ddf9-5cce-436a-9b53-1feac9493bb2
6522,2495,2a09bf0e-3004-4ffa-9ad9-1dd82dbc3185,f66704cf-03ef-4865-9708-f996bcdbcd62
6523,4621,3dea939d-95ba-4bed-8810-2715ff537482,50f9af81-3178-4960-a442-34d979ac5ba4
6524,4622,9ffdefd4-6771-4522-a56e-f97a9837cdf5,3bbb61a0-ce31-48f2-8081-3d350b2ba81f
6525,4587,ce5486e4-5da5-48e2-bcfd-d9a060db44a7,1fe72bc3-94ae-482f-a952-d7b82940932e
6526,4623,3675e62a-2131-4dd2-a77e-47abb1e5ffe9,c2d35d7c-8ccc-4a8e-9152-8b66285d4a92
6528,4625,6572091a-a4cf-40bd-9e76-bdd24d2d71c8,fee53556-ab20-49cc-9b63-44a2412d6f5c
6530,4626,81f8259c-c826-45c2-bf2b-a879eba7ce0d,6725b68a-3208-48d1-9b55-d0dcd8d990b0
6531,4627,20a63af1-043d-4778-aa5c-88cdf9a01979,41faf326-1999-4bdc-98b2-d3498d50f1d0
6532,4628,29f5b58c-063c-4653-b1c4-730d6095b470,7d5c48f0-f521-4822-9479-dc05a7ae1f38
6534,4629,855039e2-b516-4424-af6c-630ff6ae5cce,093d3ed2-9a09-4024-bca1-a5432fd45bd2
6535,4631,12ddb98e-47ee-4b5f-8db3-0c824ff18bf6,2d49e4f7-7020-4b30-8552-fc02c204008d
6536,862,822da3b9-c462-463b-b7c4-58990df6482f,adf785c9-45ad-4507-b11e-c1d63cf277a7
6538,30,e982879c-bec5-45db-b997-dcb08801e801,bb7aae1f-3441-4535-9c63-08bdfb39f8f8
6539,2663,d9690420-6883-4b21-add1-56ac052885c7,8ca49616-3bec-41f9-86a1-f3de54335792
6539,4632,d9690420-6883-4b21-add1-56ac052885c7,1c0d49a8-b944-401e-8475-ecc6061de4cd
6540,3411,db8fb7a3-0222-4cd6-b6a3-222ef1997ac3,94787662-c6af-4d74-952a-8bb9ea788aa7
6541,4633,4ca2ad99-81b3-4e80-831a-fd36337fb72d,7393e041-deb2-493c-89c3-f78f9d18e884
6542,4634,8750427d-b2f7-4e7d-b132-8d4ee74cc474,2a775307-0ff2-4772-8112-3e24caabacb9
6543,4636,0a0c01e9-d77e-4131-afab-dffac0af2599,44cef6d9-f41c-4a57-9afc-bc32b511b6d5
6544,4637,17d09750-5c4a-447a-ae2f-ffe409555af3,10f24955-0ddf-439a-98f7-53fcef964b98
6546,3055,c9798e3b-eeaf-4b5c-a795-24c35832754b,61810bab-627e-424d-ba2e-d803b2a0c044
6547,4639,608595e1-7342-42ae-a0f9-4c7d9478aceb,dcfdc59a-5bd1-4c48-89bf-2bf959d70015
6548,4640,0694896b-c272-4774-9caf-483bce1a5992,1c0cbd86-8bcf-43e7-96eb-f62110d7bd89
6549,4641,7b9e8422-e667-4679-9a0e-a02d6d3f6f99,39f231cf-5eb6-411a-b49a-b2e5f880dc9f
6550,2748,c0a259a6-2771-4d34-9552-e06321580f2b,444428eb-1936-4a57-a180-9b3ad0adfa4b
6550,4644,c0a259a6-2771-4d34-9552-e06321580f2b,4e7a4e47-9b8e-490f-bd64-2d4f78ac1c76
6555,4645,499cf0b4-d7c2-468e-859c-3e303a82a7aa,838db886-86be-47e6-bffb-236558ec1530
6556,4646,9cfe2902-bc28-4548-bad0-ee31468675a1,474a5dfb-d4e2-49da-a751-b4352c693eb8
6557,4647,839c725c-932b-4996-bc5e-b6c2fbce2480,a343d49c-c73f-497f-8abd-e7ec4d3f0040
6558,342,01057625-db47-4833-a44a-1f761a3c71ce,9d3b57a6-9036-4bf3-b3ca-49cd914acdcb
6559,4648,e74d31b1-3b59-4533-b376-36993b95f267,eca01ff9-24ea-477e-8163-e5938f86adce
6560,4649,ccaf057c-9121-4acc-a6e1-1e2468750a52,f263197b-d2b8-4c42-828c-337fa6eac55b
6562,4623,397eba1e-5225-444a-829e-f4dc94b66264,c2d35d7c-8ccc-4a8e-9152-8b66285d4a92
6563,694,44f1efa2-86b8-4c7f-86e5-2a3d0653d791,30505053-153b-45ed-a2da-6d8599a8bb72
6563,4650,44f1efa2-86b8-4c7f-86e5-2a3d0653d791,7a452384-f272-4202-85bc-44867e8c2da7
6568,694,b81f6cc6-2dbe-4000-8fb8-302385aabbf1,30505053-153b-45ed-a2da-6d8599a8bb72
6569,4651,26e757a1-20b1-4069-9bf4-16955fbcf329,8132ad48-4031-4927-a61f-64d518f22ef5
6570,4652,87c3fbad-9baf-41a9-bd30-39f401628bf3,5a4cbdc0-c974-4d88-9aec-32ca9291999f
6571,694,eef17b11-0ce1-4c54-8628-f6c6fae7fb43,30505053-153b-45ed-a2da-6d8599a8bb72
6571,695,eef17b11-0ce1-4c54-8628-f6c6fae7fb43,6bb76e15-0b40-4a22-b1eb-41a4dccf4047
6573,4653,8040d33b-fc40-4dda-8e1b-9b827d88a701,b8289441-a724-409e-adab-a3e183ac596c
6574,72,a6a84123-e7aa-4cf8-bed1-6ee54cf66bde,fe443097-9624-4f07-a603-4299cbc0422c
6575,694,c8c932b6-d5ed-47a5-b5ed-5efd3d9434c1,30505053-153b-45ed-a2da-6d8599a8bb72
6576,4654,cb4fb385-1b3b-42e7-bdc5-17df1b6533cd,63b6237c-b47c-4e8e-b906-4bc3a98c5892
6577,4655,c6eff7b4-ad81-47d0-9d9c-03ff229bc0a9,f7a01dea-9cb7-4098-b642-01bb6eaf8bf7
6578,30,565b4355-8bec-4668-9799-619ffd75c623,bb7aae1f-3441-4535-9c63-08bdfb39f8f8
6579,30,18274e1e-a76f-416b-b66f-da687923fd1d,bb7aae1f-3441-4535-9c63-08bdfb39f8f8
6580,30,9e1ab181-8146-4861-9444-32acd124080e,bb7aae1f-3441-4535-9c63-08bdfb39f8f8
6581,30,1e62fe22-8692-4eb2-842b-dc8adab76f38,bb7aae1f-3441-4535-9c63-08bdfb39f8f8
6583,4656,ac781b94-8002-4442-aa53-631de83b84b8,6c8aa82f-5775-47a8-a9ea-84a1d31cf244
6584,948,61f3b81c-07a3-4a8d-87ac-851f71db7230,33b94c3a-5a0d-4709-bbcd-af79d6991fe9
6585,320,05aae79f-d2d3-4e9c-8ae5-d0694289f8af,e21b6c73-d755-4132-ae27-e88808544b7b
6586,882,852aba62-4c7b-43d0-b7c0-3b22e17158c2,b09d0d9e-fcc1-4a9a-a664-3e857801d141
6587,882,8f5a5153-04f5-4adf-bcfa-27163c036800,b09d0d9e-fcc1-4a9a-a664-3e857801d141
6588,3179,6954c0de-4249-441a-b407-2cf69da7a4b8,7d977861-6c17-436b-8ebe-04798e135d24
6589,254,db512f11-f657-46a4-9423-2e9acaefa2bf,1a0ce20d-61f0-44ed-955c-0419262fd302
6591,694,2e6c75d1-4d5e-4cb9-9e79-022d9cf8a6f2,30505053-153b-45ed-a2da-6d8599a8bb72
6592,694,ac5c8f35-655c-499a-b5df-17c51eb3fade,30505053-153b-45ed-a2da-6d8599a8bb72
6593,694,2e689667-3e4a-463d-8457-2441a5338dbb,30505053-153b-45ed-a2da-6d8599a8bb72
6594,694,e6ae7e6f-136a-4830-8e8c-a400c3f67e54,30505053-153b-45ed-a2da-6d8599a8bb72
6595,694,d0af1908-9725-4668-a40e-1d0b36e21475,30505053-153b-45ed-a2da-6d8599a8bb72
6596,694,9e3f5d59-2b20-4c3a-ab37-8e72d9553799,30505053-153b-45ed-a2da-6d8599a8bb72
6597,694,28f22409-9d39-4a38-89eb-c626d31a1a77,30505053-153b-45ed-a2da-6d8599a8bb72
6598,695,6c6ae66d-4028-4340-b9f9-495eb2341cd6,6bb76e15-0b40-4a22-b1eb-41a4dccf4047
6599,694,a5414077-11d7-4ccd-b92a-d12a1e80569d,30505053-153b-45ed-a2da-6d8599a8bb72
6600,4658,cc54c678-3bec-4a6f-b960-2cfdd38a588b,e4188887-5d10-41ab-ae2d-cf4d6fac65fe
6601,4660,36e28f7d-c0cb-4a24-b7f4-925fd11569a2,aa672c47-d79e-4e02-a9d7-cf4193091940
6602,4661,d533a9c5-0120-464d-b0f6-ca2890f4da3b,b7e12bb7-41c6-419c-b7d7-aa86155540a9
6605,294,ef8274ce-47c9-46aa-9bed-c7fc3da8c727,2b9dd7af-cd0a-415b-8179-41dcf5c05349
6606,4662,40d7e038-d5e9-4597-8960-8e7ac47d65d5,63c4069d-6fb1-42d7-99cf-85b3b1e4c61a
6607,254,da2237be-efe7-4571-953f-2eee7aeefa6b,1a0ce20d-61f0-44ed-955c-0419262fd302
6608,3179,99df0de6-1cd3-4009-9cf9-43c247735ab0,7d977861-6c17-436b-8ebe-04798e135d24
6609,1110,c872e532-b7c9-4d38-a590-64d48e68c498,a3e54fe0-fa36-4c72-9114-e35165be5106
6610,3608,2077502b-a32e-4daf-b46c-9a2bc342104e,07269658-b158-4b59-b6fe-4caa1a3c7437
6611,4663,5618cf1c-4654-4cb5-9a0c-ba3987dc1bd7,a52d1c58-5bdd-4d37-b559-a105512e6b8b
6612,4665,23e6d4fc-46bf-4ca3-8022-f62780ce4374,4514eb53-3669-4d7b-a931-c33b2cc145d6
6613,2523,a3129f91-d59b-4760-b318-c4fdf15b0ff9,96d6c898-2406-4268-9c2b-8f704a9e1160
6614,4666,2e5cca7c-6d42-498c-951e-a8b752dd8d85,294963d2-1a6d-41b5-8dd2-a9441683f30b
6615,1110,1abe6956-f651-49a7-af21-2e5605d351b9,a3e54fe0-fa36-4c72-9114-e35165be5106
6616,56,8a592788-9640-4135-a79d-88ab21c11195,c613b1bb-b9af-4e45-9c32-ac751a8d2f74
6616,4667,8a592788-9640-4135-a79d-88ab21c11195,25c276db-0a0e-4a1b-893b-e3d1359cc160
6617,4668,11aef479-2f9d-4b3a-90a6-5ef2331ba30c,8b6c4d15-8f96-40b1-af73-73ecd9e5ef55
6618,4671,b99ad2b1-e6f5-4c24-b505-f8bc0e223c91,079fd1b8-0c5a-4f2c-913d-6088bc17ef2b
6620,36,a9b8ad01-e6de-4bc3-b039-ecb29be01a2a,fc519734-7041-4490-8c73-549a82f4f427
6621,43,9972207d-35d4-451b-a4da-8a968461d732,cf19822a-34e1-4ce8-aee0-a7c8a32020a0
6622,43,1e5f9c15-e323-4dc2-b3c1-92c8d46a30e8,cf19822a-34e1-4ce8-aee0-a7c8a32020a0
6623,43,f6f287e6-9b2f-4c86-9402-79929f212195,cf19822a-34e1-4ce8-aee0-a7c8a32020a0
6624,43,1a692ade-814c-4d2a-9603-5ba1e714cb05,cf19822a-34e1-4ce8-aee0-a7c8a32020a0
6625,43,eee64fef-7e17-4335-9c11-a00668579873,cf19822a-34e1-4ce8-aee0-a7c8a32020a0
6626,43,1b2e4069-b861-4568-82ee-bd6924654651,cf19822a-34e1-4ce8-aee0-a7c8a32020a0
6627,43,93d10c3d-7d04-4755-83f5-5a1ecb3cb3ed,cf19822a-34e1-4ce8-aee0-a7c8a32020a0
6628,4673,64d9b6a8-20d2-4768-b75c-36f535f6dbb8,7c0c65cc-84e5-4381-a831-1e835e44a205
6629,3506,edd784bf-3faf-4cf3-a346-fc5a528adc74,d39a8fc7-5904-446e-a890-f755232a15a8
6629,4672,edd784bf-3faf-4cf3-a346-fc5a528adc74,450357e5-6570-469f-8f50-51f9d94a2fc8
6629,4673,edd784bf-3faf-4cf3-a346-fc5a528adc74,7c0c65cc-84e5-4381-a831-1e835e44a205
6630,3506,f08b5733-9fed-4d2f-8dd9-2e28ea13f25b,d39a8fc7-5904-446e-a890-f755232a15a8
6630,4672,f08b5733-9fed-4d2f-8dd9-2e28ea13f25b,450357e5-6570-469f-8f50-51f9d94a2fc8
6630,4673,f08b5733-9fed-4d2f-8dd9-2e28ea13f25b,7c0c65cc-84e5-4381-a831-1e835e44a205
6631,4674,90921dac-02a0-43ea-a55e-44408abbbe2f,3b20a613-142d-4849-994c-cda588502399
6632,4676,2833847f-c890-4bd6-9085-7ba3e4552b0e,797d80c5-a9f0-4a90-a802-30b5b5f2f088
6633,4677,e9eaf89f-bf20-4132-9fd9-655b96b67565,71fc19ed-ae6b-417a-a4a9-354daf3eca23
6634,3179,fe2efa17-3c7a-4ac3-847e-dadbac280dce,7d977861-6c17-436b-8ebe-04798e135d24
