FilmId,OriginId,FilmGuid,OriginGuid
35,71,6f8daeab-1f04-4f4b-8776-60d9ed842331,e0c74425-c754-41c2-8dda-8a524cdf0bd3
35,128,6f8daeab-1f04-4f4b-8776-60d9ed842331,76db904e-b736-4565-91ce-cb3e7e3cdd94
36,128,d41c0270-e690-42b4-8070-040baadafe9f,76db904e-b736-4565-91ce-cb3e7e3cdd94
37,132,99ebd537-386c-420a-af14-10e2f96120ae,a339356a-1d47-450f-97c0-887f58c1ec49
37,190,99ebd537-386c-420a-af14-10e2f96120ae,c80f962f-6090-4fe5-b2b6-5147e6c843df
38,42,cb6bf66f-78b7-4a38-b29e-9509b733751d,7943dbc7-7395-45ed-ad7d-9b9247b90db0
39,42,9d58f94c-200e-4d17-a992-d604868827d1,7943dbc7-7395-45ed-ad7d-9b9247b90db0
40,42,c71808f6-5c5e-4b03-9744-85a7f7a1b8e7,7943dbc7-7395-45ed-ad7d-9b9247b90db0
47,42,6667e295-22be-4890-8e38-23349c70b1cd,7943dbc7-7395-45ed-ad7d-9b9247b90db0
49,42,74beb27d-5521-46e5-8abe-aeb9109e63e6,7943dbc7-7395-45ed-ad7d-9b9247b90db0
50,124,19fe292e-fca0-49a9-8b67-aac1549022ef,cce29796-6f71-4a60-bba2-58a4a1fd922a
53,165,b0599d98-bd7b-4b18-8923-c6532318f787,670e5587-0384-463c-bcfc-75c3f5195fec
54,166,36252683-c77a-4ced-9ec4-713cfc5f2ac9,8d62ed42-8920-427e-bdcd-b5ad58e3dcb6
56,134,6e225c2d-c0a2-4fb5-8883-f07cdc9857f0,65b38f6e-428c-460b-9de7-f2f0a410a70b
58,135,31b7035e-e54b-45ae-834c-551e554ec496,5457e420-c61b-41a5-8f33-2e01e353c04b
59,24,bd70b36c-424a-4029-9170-6d1a0f3cab04,1a737b63-ad3c-462b-9c6b-cbdb07a44871
59,28,bd70b36c-424a-4029-9170-6d1a0f3cab04,640ff5f6-c924-4484-811a-93df1f274cc9
59,59,bd70b36c-424a-4029-9170-6d1a0f3cab04,0ab221c9-9090-45d3-8f78-9cc0012614df
59,65,bd70b36c-424a-4029-9170-6d1a0f3cab04,71c3836d-c92c-4a50-ab85-87c986635583
59,124,bd70b36c-424a-4029-9170-6d1a0f3cab04,cce29796-6f71-4a60-bba2-58a4a1fd922a
60,82,85f100e3-71e1-4f0d-8cce-0de5024d70a0,80f418a2-b4cd-4dbf-9beb-f6412b56663d
61,28,eac36f81-4356-40d2-813b-6d076ea09d81,640ff5f6-c924-4484-811a-93df1f274cc9
62,137,d21ea840-864b-4234-931e-8c5163147e2c,a2dc76d3-e5d0-4cb3-8789-7c414b5dc164
64,138,f3734f9a-1a98-43bb-8a92-647833504906,eb85d6eb-31c9-4dd7-92a6-bdcc827dd730
65,162,899e8007-8b8b-42c6-a367-02b68b23ca5c,b5f24c2f-60b1-4a00-98c8-c025702f1644
66,139,af9d5c1c-4d6d-4254-8b94-168e5b2ff7ec,03fd8405-88f3-44e5-9274-d6ce81a47681
67,89,68d4e16e-1be6-4563-8619-3d0d1334451e,23ba372a-af2d-440f-b8ef-794ef52aa077
67,140,68d4e16e-1be6-4563-8619-3d0d1334451e,5e30830f-1a0b-4983-9ffd-39cd4239b236
68,122,4e78c693-7ab1-4010-b11a-147f5f7fe2a2,22a9832f-e3b9-4ca0-858e-c354940c64ca
68,141,4e78c693-7ab1-4010-b11a-147f5f7fe2a2,e9964a06-1190-4640-961a-f52514d454a6
69,142,f281e26d-c7bb-47a5-849f-2adb3423b327,d978f0e6-aad9-4718-bb36-0b8c76c36de6
70,65,40e555ef-59f3-4d20-9dd2-ad2ceb7e4d12,71c3836d-c92c-4a50-ab85-87c986635583
70,143,40e555ef-59f3-4d20-9dd2-ad2ceb7e4d12,d5e96ab7-2959-4851-bb36-1229bc3a24cd
71,49,ff435f8c-291a-4762-bc0f-328d228fccdd,8e7b59b7-63d6-484d-9517-c1a74563a05f
72,42,6966b69d-174b-4664-ab46-5b3017bbbca7,7943dbc7-7395-45ed-ad7d-9b9247b90db0
73,42,5431b800-d42d-4317-9f7f-90938a78e6ed,7943dbc7-7395-45ed-ad7d-9b9247b90db0
73,49,5431b800-d42d-4317-9f7f-90938a78e6ed,8e7b59b7-63d6-484d-9517-c1a74563a05f
73,144,5431b800-d42d-4317-9f7f-90938a78e6ed,7159550d-45f7-4441-931a-cac0da8393f4
74,81,ae730ade-5bc4-42ad-af92-755e939429bd,46a3a846-0594-4572-bd98-44af98531585
74,144,ae730ade-5bc4-42ad-af92-755e939429bd,7159550d-45f7-4441-931a-cac0da8393f4
75,152,126da887-5173-4658-aa6a-164152dd209e,26c817ef-9b23-4973-82cc-e96a1a97d5dc
76,281,44b7a159-3df2-423e-95e1-6038e1754e52,e941b227-e695-4638-b86d-172090dc29df
77,153,67ee8187-3ec4-47bb-ab33-f49587b77e18,2f091f27-e43b-43ff-8d25-9edbd3a1c2fe
78,1588,81a360f3-f0a2-4903-b375-a885264bdfac,6a93bcd1-bb61-4020-83f9-b5c33e37b840
80,28,56808d12-9892-42df-a970-c5ac584b6b78,640ff5f6-c924-4484-811a-93df1f274cc9
80,153,56808d12-9892-42df-a970-c5ac584b6b78,2f091f27-e43b-43ff-8d25-9edbd3a1c2fe
81,24,899e5f5b-7b7e-4612-ab0e-1408c034b001,1a737b63-ad3c-462b-9c6b-cbdb07a44871
82,164,bfb820fc-4ff7-4870-a903-3e72b47fe279,22696324-bb0d-45a4-8201-26ea3bbe9fdc
83,81,749a8596-aa48-4e7d-91d0-c04293475976,46a3a846-0594-4572-bd98-44af98531585
83,144,749a8596-aa48-4e7d-91d0-c04293475976,7159550d-45f7-4441-931a-cac0da8393f4
84,118,1eef7a25-2621-47ea-8691-4d0a92b21195,8bc215bc-cf61-4abe-8ea7-cad04832a04a
85,146,c06887af-2a3d-4b5d-b9cb-bdd3a853a65b,0a98de96-f33e-4e1b-a352-9a64897be46f
86,18,1d63ecbd-c59d-4187-8e42-bb97c13e4c6a,1742965b-91bb-4c4e-b592-7e005ae1c874
87,1497,b531ee37-7cda-48b8-83fa-283ebff8e6bc,04fb07ec-2e11-42ea-96ce-6537bfdfb5d8
88,148,8cb24502-60f6-4c9d-a3a3-468a9bfb819f,679c35fe-1596-47e3-99a7-18dec85a3718
89,140,d02dbe90-d63d-4a3e-9df2-790bdfddb46d,5e30830f-1a0b-4983-9ffd-39cd4239b236
90,58,1f6a5167-47a8-4523-bee4-9b7a58a9dbdd,8a6b49c5-b377-4f5d-b0e8-9a7b626efb3c
92,53,844b6d5d-b89e-454f-b35b-d7e76244cb41,e7e211f1-95b2-480d-900e-a52636204a2b
92,167,844b6d5d-b89e-454f-b35b-d7e76244cb41,453d83bd-9f1b-4e33-95c3-80cd8d1e6c7d
94,65,9113743c-b4ed-4180-827f-7e3aa40f54f6,71c3836d-c92c-4a50-ab85-87c986635583
95,153,7d013e7f-0d18-488c-964d-5e827080a2e3,2f091f27-e43b-43ff-8d25-9edbd3a1c2fe
96,117,a06264a4-54e4-4cc7-b0fb-9c9741378c88,decee226-8684-4491-8c02-f0746c6bb6ac
97,164,6581ff71-7e62-4281-9d10-afcb1467afa7,22696324-bb0d-45a4-8201-26ea3bbe9fdc
98,28,0579d7c7-75ac-4734-b227-4bfa1eb4e55f,640ff5f6-c924-4484-811a-93df1f274cc9
100,65,f1278e01-f1d6-473d-bb93-f53abd97006f,71c3836d-c92c-4a50-ab85-87c986635583
102,42,f41abd3b-8a10-4381-9801-17a4aa424ca6,7943dbc7-7395-45ed-ad7d-9b9247b90db0
103,151,92cde026-876a-4c30-8cdc-aa15753a1b62,fe2bc426-db9d-4afc-bc4b-01f296a4ee76
104,28,9f1255bf-228d-49c3-9c79-4cf73262e12d,640ff5f6-c924-4484-811a-93df1f274cc9
105,81,ee768c26-45e7-4d79-99ca-26141c2f590b,46a3a846-0594-4572-bd98-44af98531585
106,24,a4104146-3d5e-431e-85d9-3285f6f039b9,1a737b63-ad3c-462b-9c6b-cbdb07a44871
107,65,fb35308a-fce1-47fe-9f1c-9ebd832378e0,71c3836d-c92c-4a50-ab85-87c986635583
109,152,0441c548-bfe9-4638-8d52-2f828208e973,26c817ef-9b23-4973-82cc-e96a1a97d5dc
110,21,f273b90c-181d-491d-94a5-5fb4a649b8a7,d0afac79-d069-449f-abb6-c18974f09fba
111,153,b82c2e62-1c7d-4359-8d14-a2cb4f2545ff,2f091f27-e43b-43ff-8d25-9edbd3a1c2fe
112,21,b256c08e-0102-4f5c-9510-263525a3e1c6,d0afac79-d069-449f-abb6-c18974f09fba
113,146,2b68cb60-0334-4d1e-a188-2d7db22104f9,0a98de96-f33e-4e1b-a352-9a64897be46f
114,28,b4538c21-2859-458a-b0fd-764539d87d73,640ff5f6-c924-4484-811a-93df1f274cc9
115,149,a2aae0dc-4bcd-42be-b9a3-c3f68e88c9f2,e4d63e54-e6c0-4a81-9333-876f96d8be6c
115,177,a2aae0dc-4bcd-42be-b9a3-c3f68e88c9f2,04a9c418-a92b-4f1d-820c-5c37512c7927
116,146,00e08c10-9c66-4453-8184-550f5af074c6,0a98de96-f33e-4e1b-a352-9a64897be46f
117,146,5c16b60b-43d1-4600-8da2-eaa2c955f9f0,0a98de96-f33e-4e1b-a352-9a64897be46f
119,146,e9cb636c-3810-4d41-b68d-381d457c2c75,0a98de96-f33e-4e1b-a352-9a64897be46f
119,149,e9cb636c-3810-4d41-b68d-381d457c2c75,e4d63e54-e6c0-4a81-9333-876f96d8be6c
119,177,e9cb636c-3810-4d41-b68d-381d457c2c75,04a9c418-a92b-4f1d-820c-5c37512c7927
119,179,e9cb636c-3810-4d41-b68d-381d457c2c75,617a4cfd-dcaf-40c4-98a9-3d388c7ca4a0
120,146,ed5e2d90-0ddb-4955-b471-abe1fda190c5,0a98de96-f33e-4e1b-a352-9a64897be46f
121,146,01ec92cd-5372-4b7d-9756-e987225eea87,0a98de96-f33e-4e1b-a352-9a64897be46f
124,28,9071440b-518b-4d90-84fa-8c274607d025,640ff5f6-c924-4484-811a-93df1f274cc9
126,24,5428ab76-3b63-409b-9dc5-e9c0e3551705,1a737b63-ad3c-462b-9c6b-cbdb07a44871
127,28,59e3dfd6-9018-41f1-800a-a5604a5a95e8,640ff5f6-c924-4484-811a-93df1f274cc9
128,124,00847e15-78f6-4437-bfa9-ddbc6ba00b3e,cce29796-6f71-4a60-bba2-58a4a1fd922a
129,155,b88190e6-79f6-4b01-bf1d-2923d8bfe5ce,c29da24a-aa6b-4c32-bef8-8fcb970c47b3
130,65,b9e94db8-330d-4014-9bc0-5848426ca6fb,71c3836d-c92c-4a50-ab85-87c986635583
131,21,e5904739-d9ca-4d85-9c8c-fd602e444e9d,d0afac79-d069-449f-abb6-c18974f09fba
134,24,210b9528-e0ce-4645-9fd6-91890f69d746,1a737b63-ad3c-462b-9c6b-cbdb07a44871
135,157,cea4c695-7be0-4dc0-95e8-35b52c4116c5,e8ce0762-3e4d-48b6-9150-351d0b508b80
136,81,4666d732-32b9-49ad-8aca-6229c8569d1c,46a3a846-0594-4572-bd98-44af98531585
137,89,9ccf0441-94fa-4895-8796-72ffc789b3ea,23ba372a-af2d-440f-b8ef-794ef52aa077
138,151,631c6d0e-a99b-4035-adcc-0034c93a7fce,fe2bc426-db9d-4afc-bc4b-01f296a4ee76
139,140,dd1bfd18-a403-4f37-9dc7-694c2b9cdeb1,5e30830f-1a0b-4983-9ffd-39cd4239b236
140,162,5f0a88fa-ab91-4314-9bdf-646e2aba30e9,b5f24c2f-60b1-4a00-98c8-c025702f1644
141,159,17b23e09-ef19-4b17-a4ca-7e017d6367d3,b595ab89-f7cc-4a96-b19c-d87dc8689c89
142,117,e993c61d-d49f-4de3-9b1b-fc46a9d13998,decee226-8684-4491-8c02-f0746c6bb6ac
143,1539,e609728c-6616-4c6f-8f0f-e366799ddcf6,351e534f-c5d4-454d-9278-cc5f8bc8bc2c
144,42,2731dba8-7473-443d-834e-c52005aaeef4,7943dbc7-7395-45ed-ad7d-9b9247b90db0
145,66,e800bf9f-69b0-4b19-9c06-eb7cd30c2edd,c0d44e8b-293f-4877-ac80-c2693890ce0e
147,11,a3dca382-93ea-4d8d-b65a-8a860477e0f9,8b4fb246-83a3-4768-8e01-4e82d9834957
148,11,2016c296-1312-40e2-aecb-d71731e300ae,8b4fb246-83a3-4768-8e01-4e82d9834957
149,11,3ba1fe20-03cf-444f-8f2a-406f3d7f0eb7,8b4fb246-83a3-4768-8e01-4e82d9834957
150,11,4aacb0e4-449d-43de-94c4-fe279e230dd3,8b4fb246-83a3-4768-8e01-4e82d9834957
151,11,f0df7e9c-8d82-46ee-8d8c-31da1f927e1f,8b4fb246-83a3-4768-8e01-4e82d9834957
152,11,9b703b0e-8348-4bcb-b17a-b910351b72dc,8b4fb246-83a3-4768-8e01-4e82d9834957
153,11,6987dd6c-853b-466e-ab10-1105408c287f,8b4fb246-83a3-4768-8e01-4e82d9834957
155,11,f36a9f01-5d79-4d2c-b4ea-acd3cd2fd863,8b4fb246-83a3-4768-8e01-4e82d9834957
156,65,43437bed-3b26-4840-84db-8bc79e13fe1a,71c3836d-c92c-4a50-ab85-87c986635583
157,65,5da10ba2-8d69-40db-a2c2-7d26de879d2f,71c3836d-c92c-4a50-ab85-87c986635583
162,89,d295111f-1446-4648-a788-c444e9cac13a,23ba372a-af2d-440f-b8ef-794ef52aa077
164,140,a1f65ab8-a158-4516-8170-86da55f7861e,5e30830f-1a0b-4983-9ffd-39cd4239b236
169,162,dab08451-f057-4181-8919-6a476dcd6c4e,b5f24c2f-60b1-4a00-98c8-c025702f1644
171,164,8629f9db-77ff-43c8-b16e-7ab1e293236c,22696324-bb0d-45a4-8201-26ea3bbe9fdc
172,11,fa85aca4-daf4-452d-981e-88ec86bfb057,8b4fb246-83a3-4768-8e01-4e82d9834957
173,168,ca68dc99-1730-45c0-950f-695a85e16b75,8d3cb200-a0dd-4cc5-871b-6d1369e36637
174,40,70c6c71d-c34d-460d-a1ad-df20e94e61be,bc62358e-434a-4b1e-b09d-72e879f7e685
175,65,23a6faf6-ff2b-4f97-a872-068196d5ddc8,71c3836d-c92c-4a50-ab85-87c986635583
176,155,8c86bb46-5801-4e65-a263-c21bf85b8a19,c29da24a-aa6b-4c32-bef8-8fcb970c47b3
178,124,3b0a20b0-687f-4103-b096-01eed4a067af,cce29796-6f71-4a60-bba2-58a4a1fd922a
179,51,c677c3bb-62ec-475d-9a46-eb2df5b6d2ea,d8f47edb-d2a2-40e0-83a4-eee84de82a6a
179,169,c677c3bb-62ec-475d-9a46-eb2df5b6d2ea,f058e8bc-9456-4f7b-885b-05157c1a6679
180,65,21630b1e-cacd-4361-96c8-36463604e5cd,71c3836d-c92c-4a50-ab85-87c986635583
180,170,21630b1e-cacd-4361-96c8-36463604e5cd,0a0512bd-65e1-4381-880b-bcb54d4d347b
181,171,52dbcdbe-9fcd-4827-8142-991c6642e296,a33560f8-1956-4201-a99e-bb18e89e73c0
182,171,4f96aa6f-249c-45b3-8a70-d7ed29bf20e3,a33560f8-1956-4201-a99e-bb18e89e73c0
184,21,451b635f-04a9-4605-ad55-29bba4b32318,d0afac79-d069-449f-abb6-c18974f09fba
185,28,18540a75-5bc2-4da4-a37f-09d68856232f,640ff5f6-c924-4484-811a-93df1f274cc9
186,173,c3b08d47-bcb9-48fc-bfda-f410603cba53,3d2c3aec-215e-4481-a3d6-2d44f006f8d9
187,162,c80b0824-d692-4d2a-a738-a4d8d17534c4,b5f24c2f-60b1-4a00-98c8-c025702f1644
188,295,70cd727e-acd6-4f74-ad45-05aed7303ad6,e7b4d4dc-a25b-4722-9c8d-e8c14584c0e2
189,175,4549679e-7256-4bc1-a795-1e40da475b3b,5af64a9f-5bc3-4d23-858a-37d42f54a257
190,155,201aa7c3-09e7-4cdd-a688-559328bc1c33,c29da24a-aa6b-4c32-bef8-8fcb970c47b3
192,162,52eac77c-2951-4c3a-b15c-fb169d8dabc9,b5f24c2f-60b1-4a00-98c8-c025702f1644
193,155,2805d225-b412-4268-91fe-9a59aafd5db1,c29da24a-aa6b-4c32-bef8-8fcb970c47b3
194,162,2fdbfee1-a96d-4971-b143-5640a0586427,b5f24c2f-60b1-4a00-98c8-c025702f1644
195,21,d4b92f26-1b30-4130-a55b-4e04fae0c551,d0afac79-d069-449f-abb6-c18974f09fba
196,65,d4ce58b6-39e4-4f40-be7b-dbbc7747bfef,71c3836d-c92c-4a50-ab85-87c986635583
197,155,87cabccd-a8b3-4637-9c88-604377bca5e5,c29da24a-aa6b-4c32-bef8-8fcb970c47b3
198,124,05d15c32-75a0-43ab-a56c-3647bf4bea7c,cce29796-6f71-4a60-bba2-58a4a1fd922a
199,162,06d37862-302b-4b34-abce-a9ba52c88081,b5f24c2f-60b1-4a00-98c8-c025702f1644
200,176,9a00ec54-764a-4e35-8baa-6efefe39f472,2d645b0c-5c86-4ca6-9b35-8e7fecf04fdf
201,28,6b40d66b-37eb-4c53-bef3-70e72da9c75a,640ff5f6-c924-4484-811a-93df1f274cc9
202,177,75b4ebe5-a639-49a4-b13e-c42837e3910d,04a9c418-a92b-4f1d-820c-5c37512c7927
203,178,151a54f9-7606-411b-9e48-a80f87db5c1a,c93d087f-2920-4d6c-8295-9b1d115bd66f
204,157,81e3ff67-76e8-443b-8c93-dcac70538891,e8ce0762-3e4d-48b6-9150-351d0b508b80
205,177,79a186b3-bb4b-41fc-8b93-390228745aab,04a9c418-a92b-4f1d-820c-5c37512c7927
206,162,a0c82ebb-0022-43ef-b04a-ef3d9d7c9922,b5f24c2f-60b1-4a00-98c8-c025702f1644
207,179,785d2da8-8051-4105-840c-97088747e0ea,617a4cfd-dcaf-40c4-98a9-3d388c7ca4a0
208,180,21a5bcd0-950f-495f-a81c-cd76e2acd917,51703c7e-f22d-49d7-b1eb-9d4c9b4bbcc5
209,181,ea4e4b41-d734-4b18-941f-ab713f6898d5,f42a1786-eb79-4530-8fcf-b13b93446f6f
210,181,6c8251da-d1ed-48cf-a7ea-0ed28be9f04e,f42a1786-eb79-4530-8fcf-b13b93446f6f
211,28,ba325fb6-0fc0-4e90-a65b-927de9ec15f2,640ff5f6-c924-4484-811a-93df1f274cc9
212,182,bdc09e26-8f73-46bb-a52f-e2de880bbc49,b3087320-1900-4c0b-9814-3c251af59fc6
213,21,69084a15-6369-4705-98fb-97af77759600,d0afac79-d069-449f-abb6-c18974f09fba
213,28,69084a15-6369-4705-98fb-97af77759600,640ff5f6-c924-4484-811a-93df1f274cc9
213,59,69084a15-6369-4705-98fb-97af77759600,0ab221c9-9090-45d3-8f78-9cc0012614df
213,124,69084a15-6369-4705-98fb-97af77759600,cce29796-6f71-4a60-bba2-58a4a1fd922a
213,183,69084a15-6369-4705-98fb-97af77759600,8cb02875-e64a-499c-824c-173e7fa3e427
213,402,69084a15-6369-4705-98fb-97af77759600,df774e4d-42f5-4e02-aefb-584bdd2434cd
214,21,05669239-85f1-42a8-a90f-9650f749b60c,d0afac79-d069-449f-abb6-c18974f09fba
215,184,326a569c-8509-417b-af65-b93e87e77217,07c90906-075c-463c-8737-7089a60d573d
216,175,3840e603-d4f7-4d5c-8579-4a5a95cde5da,5af64a9f-5bc3-4d23-858a-37d42f54a257
217,162,6d3182f5-b20c-4b4b-a78a-4580f7a0a022,b5f24c2f-60b1-4a00-98c8-c025702f1644
218,186,87b4b39c-7c82-4f2a-a536-5565285a7302,4721d9ec-4d7d-406e-a2d3-a7dde99a6307
219,40,a25562df-ffe2-4133-aebc-b09b82a06273,bc62358e-434a-4b1e-b09d-72e879f7e685
221,59,5e812151-ca04-46f3-9c2a-c4b71bfc91eb,0ab221c9-9090-45d3-8f78-9cc0012614df
221,124,5e812151-ca04-46f3-9c2a-c4b71bfc91eb,cce29796-6f71-4a60-bba2-58a4a1fd922a
221,187,5e812151-ca04-46f3-9c2a-c4b71bfc91eb,5388ccc6-fb1c-4762-8d2d-6b3316b0a2b1
222,21,1f124ccb-d13e-4023-86fd-185cdff07331,d0afac79-d069-449f-abb6-c18974f09fba
223,65,16cface4-e364-4ab8-ab5d-d01b2bc64c8a,71c3836d-c92c-4a50-ab85-87c986635583
224,32,976dfa19-0a25-4d64-84fb-28101dd754ad,9954faaf-4c0f-440c-aa27-ee3fad30ab94
224,162,976dfa19-0a25-4d64-84fb-28101dd754ad,b5f24c2f-60b1-4a00-98c8-c025702f1644
225,155,5510b858-ad39-4e92-8a70-2a01c05cae66,c29da24a-aa6b-4c32-bef8-8fcb970c47b3
225,188,5510b858-ad39-4e92-8a70-2a01c05cae66,0e1e71cc-7469-4f2e-9280-0dcdf13f9ec7
226,42,a96284d5-50ef-4165-b025-1c09fa7eb4e6,7943dbc7-7395-45ed-ad7d-9b9247b90db0
226,189,a96284d5-50ef-4165-b025-1c09fa7eb4e6,6897b427-74f1-4dc0-afd0-e5699c3cd26c
227,65,39394eb8-3db3-4de0-9ca5-0b9f9d6780be,71c3836d-c92c-4a50-ab85-87c986635583
229,11,c2180b40-d03b-4198-8bcf-3388de135aea,8b4fb246-83a3-4768-8e01-4e82d9834957
230,155,3193e920-89b9-4cf0-aaa3-03c50586a149,c29da24a-aa6b-4c32-bef8-8fcb970c47b3
231,190,89e8dd23-97d9-4271-8621-5143c3937492,c80f962f-6090-4fe5-b2b6-5147e6c843df
232,140,059cfb7d-7278-4a44-86a4-b63931e7bc76,5e30830f-1a0b-4983-9ffd-39cd4239b236
233,21,70ed0e66-225a-44b3-86c0-cf9784c7bf4d,d0afac79-d069-449f-abb6-c18974f09fba
234,42,452d1259-13b1-47bd-a3c2-25e3c39b9ac1,7943dbc7-7395-45ed-ad7d-9b9247b90db0
235,21,0ed69a81-c65c-46b8-a10d-ccbeb6b1563d,d0afac79-d069-449f-abb6-c18974f09fba
236,21,7bfa4331-6b14-4cdb-b469-1a41a4818932,d0afac79-d069-449f-abb6-c18974f09fba
237,21,106f2781-ca79-489e-986b-7a9925070985,d0afac79-d069-449f-abb6-c18974f09fba
238,9,221569fc-ad5a-4ce9-8ef4-8d52500a8604,d14906ed-d7ec-4889-9b2d-dcab4ebc44e7
239,59,44d5cf74-7e78-462a-ae3f-34df527fbe6d,0ab221c9-9090-45d3-8f78-9cc0012614df
240,28,a73b85e4-ee91-4262-95cc-fbc6baa9c58f,640ff5f6-c924-4484-811a-93df1f274cc9
241,21,07d56152-f57e-4d10-833a-cc749bf96bc0,d0afac79-d069-449f-abb6-c18974f09fba
242,146,53fe6adc-27a0-4938-88b2-9a8cb126af04,0a98de96-f33e-4e1b-a352-9a64897be46f
243,191,4869ca15-5c01-41e3-9a0b-16c2bc3ee694,0b23ed1a-6951-4d47-a0eb-a7292221d31b
244,192,5d879ffd-3650-4e5e-adbe-e498ebfa9988,44e6abbd-df57-49d5-a61d-18fb5a2b3f82
245,193,3818d9ea-b02d-4179-80a9-b885ba812106,5114a753-58aa-44e4-b282-aeefe0d48e16
246,164,8b9bc419-0e06-4fa9-8af5-8e6973a2f7bb,22696324-bb0d-45a4-8201-26ea3bbe9fdc
247,81,fc59eee0-359a-4935-b19d-6edb6b69d1f2,46a3a846-0594-4572-bd98-44af98531585
248,21,580b8ebc-56a5-41f7-9945-7bbefab02ba2,d0afac79-d069-449f-abb6-c18974f09fba
249,21,aed34e6e-87b8-40cc-b4bf-3bdde65b54bb,d0afac79-d069-449f-abb6-c18974f09fba
249,52,aed34e6e-87b8-40cc-b4bf-3bdde65b54bb,6b527e1f-a3f1-4168-b2f8-d5a1b48ac071
250,28,ed41d42c-df81-4db3-aff0-921b283eb7e0,640ff5f6-c924-4484-811a-93df1f274cc9
252,28,c7ba02a2-1e7d-4374-ad8c-531337380fc2,640ff5f6-c924-4484-811a-93df1f274cc9
253,66,264469c9-fc83-465c-8f1d-47a0a26ea211,c0d44e8b-293f-4877-ac80-c2693890ce0e
254,28,5234daff-af3c-4e90-8f29-1d43b8b616cf,640ff5f6-c924-4484-811a-93df1f274cc9
256,21,620b7281-3cc0-4016-9227-f4659708fd7c,d0afac79-d069-449f-abb6-c18974f09fba
257,194,bdc42759-e4fd-400f-8772-87e805788f39,f8036622-785a-4070-8583-3e38742a8bd3
258,195,0a281be6-1884-44c5-9adc-c4fdbf2452ed,241b1600-9f60-4711-b263-86da415c0421
259,28,b11ae331-51d8-4694-8b72-0535632299c8,640ff5f6-c924-4484-811a-93df1f274cc9
260,196,fcc0d565-0492-4713-ae7d-90af1d9ff1eb,e5db0d68-19e5-41fc-83b4-70650e5ff4ed
261,20,c7abdbc5-fa2c-4a33-ba42-f65a142c1e96,c0ebfcec-acbe-4caa-8a76-a5280664e028
261,22,c7abdbc5-fa2c-4a33-ba42-f65a142c1e96,080f84f2-06fd-4c35-87f7-17827e3b04a1
262,188,e24092eb-3540-4a6a-a821-7c023ee912bd,0e1e71cc-7469-4f2e-9280-0dcdf13f9ec7
263,441,7b4c511c-5588-4ac9-b83a-f01f9087dedf,459b951f-5c71-4f33-9fa2-9cd7221100a6
264,130,c2396fdf-e645-4734-bc1a-037ea0a05f11,94e6f637-8ff8-4eec-a3ef-c060b1385355
265,177,311572ec-e6d7-44fe-ad37-6d38dc3b42e5,04a9c418-a92b-4f1d-820c-5c37512c7927
266,414,a7dec8f0-c137-43d4-a76a-8b881c75c370,271f01f4-959a-485b-a9d1-2a459a1ddeeb
267,190,d33eebeb-aa71-4db9-912e-f6d7d5804682,c80f962f-6090-4fe5-b2b6-5147e6c843df
268,162,f945d058-9740-4c4f-a9ed-4ee080097081,b5f24c2f-60b1-4a00-98c8-c025702f1644
269,177,8775d3ab-1241-46a2-bdf5-9015166abb6d,04a9c418-a92b-4f1d-820c-5c37512c7927
269,1461,8775d3ab-1241-46a2-bdf5-9015166abb6d,2bd46c51-f41b-4c6e-a55d-d4371f495117
270,65,7cafd6d3-b3db-4c65-9f1a-d7f2b4969d4f,71c3836d-c92c-4a50-ab85-87c986635583
270,198,7cafd6d3-b3db-4c65-9f1a-d7f2b4969d4f,5be117f0-61c4-4604-9ecd-b42b55b493d4
271,40,100e257b-c58d-4339-ad82-97292078d827,bc62358e-434a-4b1e-b09d-72e879f7e685
271,146,100e257b-c58d-4339-ad82-97292078d827,0a98de96-f33e-4e1b-a352-9a64897be46f
272,124,3cdfa645-58e3-41a6-af9b-baa1d3287112,cce29796-6f71-4a60-bba2-58a4a1fd922a
273,162,5455566e-abf8-425d-a55c-e9c57ded2f5a,b5f24c2f-60b1-4a00-98c8-c025702f1644
274,59,59d9adc9-5528-437c-b476-b9147e2aa4a1,0ab221c9-9090-45d3-8f78-9cc0012614df
275,28,e9e2768d-b0f1-474c-ac6a-1b85f87e5834,640ff5f6-c924-4484-811a-93df1f274cc9
276,28,64c3db96-08d1-4ac3-8438-416b291700a3,640ff5f6-c924-4484-811a-93df1f274cc9
276,199,64c3db96-08d1-4ac3-8438-416b291700a3,5e688917-711d-4ef9-8bb3-1d99967f7969
277,28,931d1701-2945-4965-bd67-4a09bedf491f,640ff5f6-c924-4484-811a-93df1f274cc9
277,199,931d1701-2945-4965-bd67-4a09bedf491f,5e688917-711d-4ef9-8bb3-1d99967f7969
278,28,f97444e7-2f2e-45ae-9333-8bbf6ae68168,640ff5f6-c924-4484-811a-93df1f274cc9
278,199,f97444e7-2f2e-45ae-9333-8bbf6ae68168,5e688917-711d-4ef9-8bb3-1d99967f7969
279,28,974fb1bb-9d91-4da8-b90d-116350423661,640ff5f6-c924-4484-811a-93df1f274cc9
280,28,9762a2a9-f1c1-4f27-a5a8-1d5be850f50a,640ff5f6-c924-4484-811a-93df1f274cc9
281,11,afa9641a-e294-4270-9166-ec07f72eda5b,8b4fb246-83a3-4768-8e01-4e82d9834957
281,42,afa9641a-e294-4270-9166-ec07f72eda5b,7943dbc7-7395-45ed-ad7d-9b9247b90db0
281,65,afa9641a-e294-4270-9166-ec07f72eda5b,71c3836d-c92c-4a50-ab85-87c986635583
281,200,afa9641a-e294-4270-9166-ec07f72eda5b,40cba4e4-af15-4760-8bd5-6c8d44127a42
282,201,7ac30f1e-302f-4fb1-a471-0e75390bddf0,40ceb884-0d17-403f-bb7f-8610d8557483
283,28,701b77f6-12fa-44d8-8368-a15f0cb4c221,640ff5f6-c924-4484-811a-93df1f274cc9
284,202,5a90d22a-8b6d-4c70-b136-85af7a027746,2852874c-fede-4ccc-93a9-4fe7efb39ad9
285,203,dc5f3cf8-daea-4435-8889-ca75539968e2,7a1c903a-e230-4f61-bd63-0a7aec54fca1
286,40,3a849124-236e-4d8e-8c15-387757dab186,bc62358e-434a-4b1e-b09d-72e879f7e685
287,162,7c31c8a3-a849-4c00-8f69-943d320be4e1,b5f24c2f-60b1-4a00-98c8-c025702f1644
288,162,68953234-c9a2-4b0c-9996-42d1192f1564,b5f24c2f-60b1-4a00-98c8-c025702f1644
289,28,1db9fdd6-1cd8-46d7-8b2f-11b772eab5a7,640ff5f6-c924-4484-811a-93df1f274cc9
289,124,1db9fdd6-1cd8-46d7-8b2f-11b772eab5a7,cce29796-6f71-4a60-bba2-58a4a1fd922a
289,177,1db9fdd6-1cd8-46d7-8b2f-11b772eab5a7,04a9c418-a92b-4f1d-820c-5c37512c7927
290,21,cb67e403-8675-46f8-92b4-f10fbaa1b90b,d0afac79-d069-449f-abb6-c18974f09fba
291,204,5f56e4c9-5fd5-4224-9f68-e2091635e183,01cb7bca-5c90-4e47-9a02-5ae49c821f97
292,29,f9fac54b-b88b-4fa4-a1a2-789a84ab9587,d80ebb28-a356-409c-b90f-99e519142cc4
292,65,f9fac54b-b88b-4fa4-a1a2-789a84ab9587,71c3836d-c92c-4a50-ab85-87c986635583
293,28,78aa7748-65bc-437a-ae5d-0f6be1b2f21d,640ff5f6-c924-4484-811a-93df1f274cc9
294,28,0293d71a-76e2-4cfa-9940-709ec0115512,640ff5f6-c924-4484-811a-93df1f274cc9
295,155,5feb3015-46b6-46d6-8ebc-be0c9daea4b2,c29da24a-aa6b-4c32-bef8-8fcb970c47b3
296,155,9acd7601-0f26-41f2-8d1b-a5806016adf6,c29da24a-aa6b-4c32-bef8-8fcb970c47b3
297,155,f9f782ea-bee0-4b47-a26e-76af6ec50a0c,c29da24a-aa6b-4c32-bef8-8fcb970c47b3
298,155,53762511-fc45-47f1-9734-1daa1f093670,c29da24a-aa6b-4c32-bef8-8fcb970c47b3
299,155,d8c43a32-9e18-42b4-848e-a06d0a1a204e,c29da24a-aa6b-4c32-bef8-8fcb970c47b3
300,155,3e7bf88f-4996-44cb-aa0d-0631fcf63756,c29da24a-aa6b-4c32-bef8-8fcb970c47b3
301,155,cc05a364-2711-457f-9924-2427af896811,c29da24a-aa6b-4c32-bef8-8fcb970c47b3
302,155,ff16827b-a6b3-4031-ac0e-f6ea18e20cfa,c29da24a-aa6b-4c32-bef8-8fcb970c47b3
303,155,b8c0179b-d24b-4219-9888-3555f5a3d9ee,c29da24a-aa6b-4c32-bef8-8fcb970c47b3
304,155,5d8c6e93-9a5b-4a0e-99ee-47245d5b9484,c29da24a-aa6b-4c32-bef8-8fcb970c47b3
305,155,9784c030-886d-48ca-8d65-c3045b8bd693,c29da24a-aa6b-4c32-bef8-8fcb970c47b3
306,155,741f6cc1-d85d-4a65-ad46-f476c7e9d579,c29da24a-aa6b-4c32-bef8-8fcb970c47b3
307,155,0f64b5ee-5f47-45b1-a33f-980aef2d46ce,c29da24a-aa6b-4c32-bef8-8fcb970c47b3
307,381,0f64b5ee-5f47-45b1-a33f-980aef2d46ce,b1af9d74-2781-4547-8454-6f1f793fb60b
309,155,b7fe1230-c6be-4671-835e-3bb2e507cf5f,c29da24a-aa6b-4c32-bef8-8fcb970c47b3
310,155,598d9812-9f1c-4533-b6b3-5073c335fb76,c29da24a-aa6b-4c32-bef8-8fcb970c47b3
311,155,7e1a70a2-12cd-477e-9342-a1fe9be10dc4,c29da24a-aa6b-4c32-bef8-8fcb970c47b3
312,155,6b1c2460-38f2-4730-a465-cd59a178ebba,c29da24a-aa6b-4c32-bef8-8fcb970c47b3
313,89,2236aca3-841b-4f6f-9832-fb9912d1cb99,23ba372a-af2d-440f-b8ef-794ef52aa077
314,89,b961b5b4-07f6-484e-a918-a1990dcb204d,23ba372a-af2d-440f-b8ef-794ef52aa077
315,89,012eee4f-9b42-4940-8f59-5bb293f4b390,23ba372a-af2d-440f-b8ef-794ef52aa077
316,89,3a4235c4-f048-45b8-a04f-ea878e28eb8f,23ba372a-af2d-440f-b8ef-794ef52aa077
318,89,574e6cdf-5227-45dc-a039-b0a7b6f20c7d,23ba372a-af2d-440f-b8ef-794ef52aa077
318,140,574e6cdf-5227-45dc-a039-b0a7b6f20c7d,5e30830f-1a0b-4983-9ffd-39cd4239b236
319,162,89f5c943-c8d2-4dce-838e-3f4c4e3a3916,b5f24c2f-60b1-4a00-98c8-c025702f1644
320,21,b3de115f-5835-4532-991f-8bd239e51a58,d0afac79-d069-449f-abb6-c18974f09fba
320,190,b3de115f-5835-4532-991f-8bd239e51a58,c80f962f-6090-4fe5-b2b6-5147e6c843df
321,408,0404e6b5-3e8a-4158-ad12-a6ebdf6dd987,c7d600dc-8aae-4b43-9272-760fae6c72c8
322,152,6fe35a3e-008f-4350-9e39-623ec6baf712,26c817ef-9b23-4973-82cc-e96a1a97d5dc
323,59,b46435a1-5b18-4ccd-8e7d-abe2cff4b7b5,0ab221c9-9090-45d3-8f78-9cc0012614df
324,59,a21bb50e-4670-4af5-947e-fe7491896060,0ab221c9-9090-45d3-8f78-9cc0012614df
325,205,6ababa41-a87d-46b9-9a3e-266cb9ceb9ba,9d7d3ef9-f4f5-4c1f-b8cf-48e7995279cd
326,59,f2138944-1ce9-4ae2-a688-064c01bb1755,0ab221c9-9090-45d3-8f78-9cc0012614df
327,162,cb51d7d3-1314-4a00-bffb-ecda6991f5c7,b5f24c2f-60b1-4a00-98c8-c025702f1644
328,59,e38573f2-9388-4b20-b2c1-600ef635a65c,0ab221c9-9090-45d3-8f78-9cc0012614df
329,59,749e4d09-5346-4569-84a3-76268237ec43,0ab221c9-9090-45d3-8f78-9cc0012614df
330,159,782f1f71-6180-4860-9e51-98873c0957d0,b595ab89-f7cc-4a96-b19c-d87dc8689c89
331,159,9a0594b5-6bc3-4995-9f6d-24a1734495e2,b595ab89-f7cc-4a96-b19c-d87dc8689c89
332,159,b4f0282b-648d-4d1b-b66b-1bea62f5d06b,b595ab89-f7cc-4a96-b19c-d87dc8689c89
333,159,97007fd0-10a4-407c-8d07-9370a61b73c4,b595ab89-f7cc-4a96-b19c-d87dc8689c89
334,159,ac3f14b6-99d7-4c3b-88db-f9f2177e8e58,b595ab89-f7cc-4a96-b19c-d87dc8689c89
335,159,68a123e4-204f-44db-87e9-58a0596d8e1b,b595ab89-f7cc-4a96-b19c-d87dc8689c89
336,159,84e9384e-6da3-4839-b407-8b6262b32eb4,b595ab89-f7cc-4a96-b19c-d87dc8689c89
337,159,a4fbe1e2-f7f3-4c23-865e-6176f2fe5475,b595ab89-f7cc-4a96-b19c-d87dc8689c89
338,159,c9db7b2e-8ba5-490e-90ea-72212ae3e8ae,b595ab89-f7cc-4a96-b19c-d87dc8689c89
339,206,bcab2f56-08db-4224-9e51-74cbca7266d1,78b58297-026c-464d-8a09-8a760ff6ac9d
340,89,7f703d90-0cd2-4c41-a855-b86b6bdc1c04,23ba372a-af2d-440f-b8ef-794ef52aa077
340,140,7f703d90-0cd2-4c41-a855-b86b6bdc1c04,5e30830f-1a0b-4983-9ffd-39cd4239b236
341,207,7ca877a9-3c1a-4305-b766-ee50bbee3984,0b90d142-eced-4c79-9ecd-6a6e91c20bba
342,140,497214fb-02ba-461d-8ce6-002d8b2c6b66,5e30830f-1a0b-4983-9ffd-39cd4239b236
343,140,df11f3e1-3f65-479b-80ca-14ddfac50a3f,5e30830f-1a0b-4983-9ffd-39cd4239b236
345,140,f3bfe6d9-5340-4259-ba83-1f125ac82275,5e30830f-1a0b-4983-9ffd-39cd4239b236
346,140,60de6af6-a40e-40a6-b71e-c180c35206e4,5e30830f-1a0b-4983-9ffd-39cd4239b236
347,140,8918b1db-3bc0-4217-b5eb-840791cc6fd1,5e30830f-1a0b-4983-9ffd-39cd4239b236
348,140,3eeb2a19-b4f9-42cc-bab6-250eb673818e,5e30830f-1a0b-4983-9ffd-39cd4239b236
349,140,d27b25f0-43cd-49c3-ac91-56dceba60ed3,5e30830f-1a0b-4983-9ffd-39cd4239b236
350,140,4cf9bba1-7fae-44b8-9ed8-6cd5190bdcda,5e30830f-1a0b-4983-9ffd-39cd4239b236
351,140,7f59385f-2297-4557-aeb7-3bdd58cac961,5e30830f-1a0b-4983-9ffd-39cd4239b236
352,140,d38d2036-8126-4a87-ac9f-859eee2cf67c,5e30830f-1a0b-4983-9ffd-39cd4239b236
356,140,1e6734b0-2036-40aa-9bdc-a49fc0b2e47f,5e30830f-1a0b-4983-9ffd-39cd4239b236
357,140,c1cc89fd-166c-4479-bb9f-326832a47b47,5e30830f-1a0b-4983-9ffd-39cd4239b236
358,140,a8a4c416-8b0f-4ecc-b5e2-c8f7be85db7c,5e30830f-1a0b-4983-9ffd-39cd4239b236
359,140,94ccd65e-a1db-4c3f-ab31-9a725b94be98,5e30830f-1a0b-4983-9ffd-39cd4239b236
360,140,3dec88c8-6f0d-498b-8072-c9602a1c6973,5e30830f-1a0b-4983-9ffd-39cd4239b236
361,140,689bd1f4-613e-4ce1-81be-f2e9a9ddd368,5e30830f-1a0b-4983-9ffd-39cd4239b236
362,140,49f3e819-57d6-43fb-876a-b312fc0a639f,5e30830f-1a0b-4983-9ffd-39cd4239b236
363,140,f2cc35b9-5ca5-4e95-924c-c3f793af52ae,5e30830f-1a0b-4983-9ffd-39cd4239b236
364,140,16b44a12-f550-4ad1-83d9-100ea3a2cdfe,5e30830f-1a0b-4983-9ffd-39cd4239b236
365,140,c947f34d-ecd1-4f9e-85cf-ce2e06c7e05d,5e30830f-1a0b-4983-9ffd-39cd4239b236
365,208,c947f34d-ecd1-4f9e-85cf-ce2e06c7e05d,77a7ab70-263d-47d9-8580-5b72f11976f8
366,140,8c42a6b9-284d-4084-9363-76f523325ba4,5e30830f-1a0b-4983-9ffd-39cd4239b236
366,208,8c42a6b9-284d-4084-9363-76f523325ba4,77a7ab70-263d-47d9-8580-5b72f11976f8
367,140,72ac3880-9cfb-449d-a2ab-543c78a9dbe9,5e30830f-1a0b-4983-9ffd-39cd4239b236
367,208,72ac3880-9cfb-449d-a2ab-543c78a9dbe9,77a7ab70-263d-47d9-8580-5b72f11976f8
368,140,6ea4c22f-ebf6-424e-a612-94644b4ca8ec,5e30830f-1a0b-4983-9ffd-39cd4239b236
368,208,6ea4c22f-ebf6-424e-a612-94644b4ca8ec,77a7ab70-263d-47d9-8580-5b72f11976f8
369,140,7648f9a9-cded-4c24-81d1-2e4e50240ea8,5e30830f-1a0b-4983-9ffd-39cd4239b236
369,208,7648f9a9-cded-4c24-81d1-2e4e50240ea8,77a7ab70-263d-47d9-8580-5b72f11976f8
370,140,748ccc79-e602-4022-bec1-120d599e80ec,5e30830f-1a0b-4983-9ffd-39cd4239b236
370,208,748ccc79-e602-4022-bec1-120d599e80ec,77a7ab70-263d-47d9-8580-5b72f11976f8
371,140,698c0f6b-392c-4abe-90ce-766109e5bc09,5e30830f-1a0b-4983-9ffd-39cd4239b236
371,208,698c0f6b-392c-4abe-90ce-766109e5bc09,77a7ab70-263d-47d9-8580-5b72f11976f8
372,140,8c4e6fc5-74d2-4c0b-b227-f19b07ad7fa4,5e30830f-1a0b-4983-9ffd-39cd4239b236
372,208,8c4e6fc5-74d2-4c0b-b227-f19b07ad7fa4,77a7ab70-263d-47d9-8580-5b72f11976f8
373,140,22cfb085-3999-44b7-9fed-3ee6e0be7d5c,5e30830f-1a0b-4983-9ffd-39cd4239b236
374,140,837b6ff8-4d94-457c-a6ea-2e708250c8a6,5e30830f-1a0b-4983-9ffd-39cd4239b236
375,140,63d7adbb-8c53-4e26-ad43-bedd36f581b5,5e30830f-1a0b-4983-9ffd-39cd4239b236
376,140,909f9273-db51-4989-b30d-6132ae1738d5,5e30830f-1a0b-4983-9ffd-39cd4239b236
377,140,f0204f74-6e0e-4ab4-9e74-13834c20ec64,5e30830f-1a0b-4983-9ffd-39cd4239b236
378,140,254100ca-59c9-49c9-b6ad-708f0365ec19,5e30830f-1a0b-4983-9ffd-39cd4239b236
379,140,bc778cba-45cb-4d5b-9bc7-92f28effbb35,5e30830f-1a0b-4983-9ffd-39cd4239b236
380,140,7a721af0-0544-4e1d-91fe-e84736927296,5e30830f-1a0b-4983-9ffd-39cd4239b236
381,140,dad26079-eebf-4f48-ac66-0cacc8443c43,5e30830f-1a0b-4983-9ffd-39cd4239b236
382,140,9c2a92b6-b728-4318-8444-be4a574ba20d,5e30830f-1a0b-4983-9ffd-39cd4239b236
383,140,d0e7ad32-a955-47ed-97bb-ced3d79b1ab9,5e30830f-1a0b-4983-9ffd-39cd4239b236
384,140,08a7c623-fdc0-451c-99ad-f47e0e571b4a,5e30830f-1a0b-4983-9ffd-39cd4239b236
385,140,12c93ecb-b05e-457b-a441-f230002fc637,5e30830f-1a0b-4983-9ffd-39cd4239b236
386,140,d4632c06-e0ae-4a2b-bef1-60a24ed1ddc5,5e30830f-1a0b-4983-9ffd-39cd4239b236
387,140,79c455d2-582e-480b-88c3-0393c94e09d2,5e30830f-1a0b-4983-9ffd-39cd4239b236
388,140,6d2d7759-b8a8-4327-8254-a6cf97c667a5,5e30830f-1a0b-4983-9ffd-39cd4239b236
389,140,22a596e7-e11b-4a8d-b089-f3d66bfc649a,5e30830f-1a0b-4983-9ffd-39cd4239b236
390,140,0a845884-2ab4-4520-9d57-984e4c1d6aef,5e30830f-1a0b-4983-9ffd-39cd4239b236
391,140,f7600540-7bee-4b70-b50f-d0daef4a8c52,5e30830f-1a0b-4983-9ffd-39cd4239b236
392,140,fa5a2caa-f383-4671-8b21-05db3b93eaf7,5e30830f-1a0b-4983-9ffd-39cd4239b236
393,89,579cb5f4-c8d6-4b0b-93e6-430868e14829,23ba372a-af2d-440f-b8ef-794ef52aa077
393,140,579cb5f4-c8d6-4b0b-93e6-430868e14829,5e30830f-1a0b-4983-9ffd-39cd4239b236
393,159,579cb5f4-c8d6-4b0b-93e6-430868e14829,b595ab89-f7cc-4a96-b19c-d87dc8689c89
395,140,d074d0a3-63b0-4733-9b8c-bfed06d915ba,5e30830f-1a0b-4983-9ffd-39cd4239b236
396,140,07462411-932c-40e2-aead-47d678647faa,5e30830f-1a0b-4983-9ffd-39cd4239b236
397,140,088c11cf-f0e4-48cc-a03b-0a2573e19c3c,5e30830f-1a0b-4983-9ffd-39cd4239b236
398,140,fb32c3f7-122d-41c4-bc04-876e1cd413cb,5e30830f-1a0b-4983-9ffd-39cd4239b236
399,140,3bc06681-4513-440e-9f45-ed90f40f07cc,5e30830f-1a0b-4983-9ffd-39cd4239b236
400,140,ef68eb31-8696-4b87-8b66-23d5c7542f2e,5e30830f-1a0b-4983-9ffd-39cd4239b236
401,140,6d862903-d990-45e6-9f8f-79b98de9ff6d,5e30830f-1a0b-4983-9ffd-39cd4239b236
402,159,61cb6125-c612-4ef6-aa81-e7c8b017cf88,b595ab89-f7cc-4a96-b19c-d87dc8689c89
403,140,31ff63da-1e7a-4562-9806-72fa21d1d81e,5e30830f-1a0b-4983-9ffd-39cd4239b236
404,140,bd54f808-d66f-4aaa-9be8-d51f5d9b01d6,5e30830f-1a0b-4983-9ffd-39cd4239b236
405,140,72387f81-53ae-4c67-a933-a812a00afbc5,5e30830f-1a0b-4983-9ffd-39cd4239b236
406,140,83e64a87-2ea1-4fdd-b68d-e5505f39f70a,5e30830f-1a0b-4983-9ffd-39cd4239b236
407,140,3550eac4-3513-4881-a72d-c96a63cdd030,5e30830f-1a0b-4983-9ffd-39cd4239b236
408,140,c19cb81c-8224-42c5-9fbc-1a85b1d8dc4c,5e30830f-1a0b-4983-9ffd-39cd4239b236
409,140,298eb78b-0f85-43cb-aed3-e3e9ce8cd69b,5e30830f-1a0b-4983-9ffd-39cd4239b236
410,140,aa57cec9-d3dc-4e80-af42-cba1d5f089d6,5e30830f-1a0b-4983-9ffd-39cd4239b236
411,209,400115ea-3218-40ac-9e52-8bd65a41684e,43e30935-f7a3-46da-9ba2-feefb50de49b
412,140,602ff652-6756-4af6-94f6-03a9b430daac,5e30830f-1a0b-4983-9ffd-39cd4239b236
413,140,57bbab54-8736-42e6-b992-68bf34468bd0,5e30830f-1a0b-4983-9ffd-39cd4239b236
414,140,b780bf84-4b82-4539-8169-cc0edb67a831,5e30830f-1a0b-4983-9ffd-39cd4239b236
414,210,b780bf84-4b82-4539-8169-cc0edb67a831,ff52dc2a-988f-4335-a6c0-d893dc344a4c
415,211,413ac895-5e3c-4d14-a90d-5ee61c5166ff,9e895c86-a87e-4ec3-b477-96c3d73d9bfd
416,140,38e4ab9b-71bd-40b8-8863-e6df0cd2c0d2,5e30830f-1a0b-4983-9ffd-39cd4239b236
416,211,38e4ab9b-71bd-40b8-8863-e6df0cd2c0d2,9e895c86-a87e-4ec3-b477-96c3d73d9bfd
417,140,169cdb9b-d5e0-46e4-b1d3-fb3b7e953599,5e30830f-1a0b-4983-9ffd-39cd4239b236
418,140,addb1dc0-a3b0-4f0d-9342-2dd86599920e,5e30830f-1a0b-4983-9ffd-39cd4239b236
419,140,d84ffcf6-7052-462f-a7fa-266f2ab02f6f,5e30830f-1a0b-4983-9ffd-39cd4239b236
420,140,3264beef-807b-4949-86df-09bbb4ebd8af,5e30830f-1a0b-4983-9ffd-39cd4239b236
421,140,4b6f9a99-c9cd-4801-9c9b-202b9c860842,5e30830f-1a0b-4983-9ffd-39cd4239b236
422,140,89b23ec9-85be-40dd-b108-cbf32fa07b6c,5e30830f-1a0b-4983-9ffd-39cd4239b236
423,166,5c1bd913-d77c-4f44-900a-6283c31cbce0,8d62ed42-8920-427e-bdcd-b5ad58e3dcb6
426,166,a7c3e643-1aa2-44ec-8202-cb47a6e84d47,8d62ed42-8920-427e-bdcd-b5ad58e3dcb6
427,166,e389f7b3-34f2-4280-978c-2f6c39574837,8d62ed42-8920-427e-bdcd-b5ad58e3dcb6
428,166,bb0d702b-9ab4-4b95-9034-8489bd3d8bab,8d62ed42-8920-427e-bdcd-b5ad58e3dcb6
429,31,b54f65a9-9678-45b0-a3df-d99ab03142f7,82d4075a-e535-4601-b1f6-ac9532c4d6c3
430,31,08224604-5f68-413e-b2cc-2595f7d3febc,82d4075a-e535-4601-b1f6-ac9532c4d6c3
431,42,68444386-9b31-4a5d-b5bd-d0b20e2399f7,7943dbc7-7395-45ed-ad7d-9b9247b90db0
432,31,a2bfd4ad-fb2b-4dae-b21d-a3355c4d7908,82d4075a-e535-4601-b1f6-ac9532c4d6c3
433,42,d71c9004-53df-4aca-b9b6-54e50a0813e9,7943dbc7-7395-45ed-ad7d-9b9247b90db0
434,42,a50e8f4b-6892-42bf-8c5c-f85f3201423e,7943dbc7-7395-45ed-ad7d-9b9247b90db0
435,42,a44aeee3-a048-49d1-8426-728512d2165f,7943dbc7-7395-45ed-ad7d-9b9247b90db0
436,42,a074f2cb-aeb0-469f-bc72-8ef5abb5004c,7943dbc7-7395-45ed-ad7d-9b9247b90db0
437,42,38341666-48d6-4611-90e0-ed6c39e6d69c,7943dbc7-7395-45ed-ad7d-9b9247b90db0
438,42,6a9d5a87-9235-4052-a9a6-143e200bd19e,7943dbc7-7395-45ed-ad7d-9b9247b90db0
439,42,53219f63-9c7f-4b6a-b045-c1b1fc052a93,7943dbc7-7395-45ed-ad7d-9b9247b90db0
440,42,d9e3e0ee-5be1-44e0-85b4-a13e87a20ad6,7943dbc7-7395-45ed-ad7d-9b9247b90db0
442,42,1ded0dad-02ce-409d-9a60-47c242ecb8d2,7943dbc7-7395-45ed-ad7d-9b9247b90db0
443,42,779b6262-f90a-463c-a7c6-d7ee6585dc70,7943dbc7-7395-45ed-ad7d-9b9247b90db0
444,42,0d149a9f-aa8f-4c4d-964f-292324b0230c,7943dbc7-7395-45ed-ad7d-9b9247b90db0
445,42,d9a2e1ca-314d-406c-b2c7-68d97718bc20,7943dbc7-7395-45ed-ad7d-9b9247b90db0
446,42,da0b1f6d-4460-4bf2-aa7f-5eff50849bef,7943dbc7-7395-45ed-ad7d-9b9247b90db0
447,41,dd63cd8a-b22f-4b8e-8fe0-d9c1dda4967e,e9efde2c-e2eb-4007-9b09-d5e84f47baac
447,42,dd63cd8a-b22f-4b8e-8fe0-d9c1dda4967e,7943dbc7-7395-45ed-ad7d-9b9247b90db0
448,42,27c14718-25cd-4077-8acb-1d4fa8507b46,7943dbc7-7395-45ed-ad7d-9b9247b90db0
449,42,76ee7ba0-db3e-44d2-a557-4b396db24097,7943dbc7-7395-45ed-ad7d-9b9247b90db0
449,212,76ee7ba0-db3e-44d2-a557-4b396db24097,e024e90b-41a9-4e3a-8c64-708c2166e01a
450,42,37c86fd5-3c65-469a-9fc0-6d5866912491,7943dbc7-7395-45ed-ad7d-9b9247b90db0
451,42,dd315d7c-c922-44e3-9e67-056e3f70c78f,7943dbc7-7395-45ed-ad7d-9b9247b90db0
452,42,2f36ca89-4c3c-4b93-ba87-382618d43894,7943dbc7-7395-45ed-ad7d-9b9247b90db0
453,42,3c4a84db-fba1-49b7-82cd-e6d72e161914,7943dbc7-7395-45ed-ad7d-9b9247b90db0
454,42,c33fc1bc-38cc-4b5a-8f3a-29f11221ec5d,7943dbc7-7395-45ed-ad7d-9b9247b90db0
455,42,39947c13-4313-4a8c-a173-7a2bcd3dd2a3,7943dbc7-7395-45ed-ad7d-9b9247b90db0
456,42,3870b237-1637-48d9-ac05-28b1720ae759,7943dbc7-7395-45ed-ad7d-9b9247b90db0
457,42,d9b36b69-7d5c-4e6a-bc7d-58ac41ad092a,7943dbc7-7395-45ed-ad7d-9b9247b90db0
458,124,5d3e4c82-f030-4721-8bb8-e186bd38c446,cce29796-6f71-4a60-bba2-58a4a1fd922a
459,28,ac2203a5-fa8b-4997-9ee3-b043c166ec59,640ff5f6-c924-4484-811a-93df1f274cc9
460,162,75a49984-b099-499d-87bb-b4debc7affb8,b5f24c2f-60b1-4a00-98c8-c025702f1644
461,177,b74066b4-7870-467d-8515-6653b67ee33f,04a9c418-a92b-4f1d-820c-5c37512c7927
462,162,fc8a2224-2503-4f83-ab5f-1a15db45f8c7,b5f24c2f-60b1-4a00-98c8-c025702f1644
463,65,9f3efa4b-7a7c-4bee-87a1-26caff8993b8,71c3836d-c92c-4a50-ab85-87c986635583
464,7,4af21549-2b8c-44ac-9515-8df146bfc505,9a6635ff-a522-447b-8ef1-dc57c04eae60
465,42,6346cd1f-e78a-4e52-a5b7-63549eac88bb,7943dbc7-7395-45ed-ad7d-9b9247b90db0
466,42,ea6af652-e551-4751-8052-6bad15899298,7943dbc7-7395-45ed-ad7d-9b9247b90db0
467,42,d6ce32d8-821d-4ad6-a668-88e26e02e8e4,7943dbc7-7395-45ed-ad7d-9b9247b90db0
469,11,e49161b5-64eb-4758-9969-94054d18156b,8b4fb246-83a3-4768-8e01-4e82d9834957
470,11,be03e49b-468d-4430-b493-ed5fa25f0b27,8b4fb246-83a3-4768-8e01-4e82d9834957
471,11,17f9cf4e-3b2e-4de5-b015-cc91d91d4622,8b4fb246-83a3-4768-8e01-4e82d9834957
471,213,17f9cf4e-3b2e-4de5-b015-cc91d91d4622,a6e8307e-1d93-475e-b7b3-867d3b8e8bc5
472,11,a2dd378b-2cce-4bd2-ba42-86df30b6d0f1,8b4fb246-83a3-4768-8e01-4e82d9834957
473,11,8e026d97-6d4d-4f69-9b6c-e0f6e2d37b56,8b4fb246-83a3-4768-8e01-4e82d9834957
474,11,148c7d23-e4d6-432c-a4be-a7dc29e7bd7a,8b4fb246-83a3-4768-8e01-4e82d9834957
475,11,c4a9fc09-e384-499d-b4ab-f5ac9d895146,8b4fb246-83a3-4768-8e01-4e82d9834957
475,215,c4a9fc09-e384-499d-b4ab-f5ac9d895146,a06e6f24-6ef8-4868-9185-b5b9ebaf6772
476,11,b98bc1f3-ca99-40dc-8da4-2be1c167be7a,8b4fb246-83a3-4768-8e01-4e82d9834957
476,216,b98bc1f3-ca99-40dc-8da4-2be1c167be7a,9bba4d56-a8c5-4b13-abbc-0f939fcbdeaf
477,11,94cb857d-6e14-48cd-b2fb-0c181bb6f526,8b4fb246-83a3-4768-8e01-4e82d9834957
477,217,94cb857d-6e14-48cd-b2fb-0c181bb6f526,fbef34cd-d0c3-4a3e-940e-6ecfb39865c2
478,11,23bfd4ad-8e82-40c0-84b7-d5be78c17d90,8b4fb246-83a3-4768-8e01-4e82d9834957
478,217,23bfd4ad-8e82-40c0-84b7-d5be78c17d90,fbef34cd-d0c3-4a3e-940e-6ecfb39865c2
479,98,790b7dea-29e4-42b6-ae43-0e79d6f62a3a,adf43c98-e96e-431b-b078-4f34a409f17d
480,11,2b0a11e5-a05b-41c7-adfc-99ccc1eeb3ef,8b4fb246-83a3-4768-8e01-4e82d9834957
481,11,f300ba0b-8c6d-4f6a-9d05-ab530fb3007b,8b4fb246-83a3-4768-8e01-4e82d9834957
482,11,2cedd088-c593-4964-a04f-a5d8437b749a,8b4fb246-83a3-4768-8e01-4e82d9834957
482,218,2cedd088-c593-4964-a04f-a5d8437b749a,00cad65c-3ff6-4b4d-bbf9-721266a37e7c
483,11,f3ca0129-b2d9-48bf-adbe-5068a3acfb94,8b4fb246-83a3-4768-8e01-4e82d9834957
484,11,8f89b4b0-842a-4523-ab55-dbfb4a590a50,8b4fb246-83a3-4768-8e01-4e82d9834957
485,11,6adc4f56-a0f4-47f0-a6c2-4d30b37c288e,8b4fb246-83a3-4768-8e01-4e82d9834957
486,11,2310d354-2c29-47da-bd3a-6d336a749d58,8b4fb246-83a3-4768-8e01-4e82d9834957
487,11,888d4839-215d-4834-b52f-200e55122153,8b4fb246-83a3-4768-8e01-4e82d9834957
488,11,1f6d7bd4-0358-4671-ac0e-2796270c85a1,8b4fb246-83a3-4768-8e01-4e82d9834957
489,11,7f3cc9ac-9d7f-4ee0-9855-15d69935384d,8b4fb246-83a3-4768-8e01-4e82d9834957
491,11,f7fe9986-e10a-4b4b-a83d-2b18d4e6e298,8b4fb246-83a3-4768-8e01-4e82d9834957
491,219,f7fe9986-e10a-4b4b-a83d-2b18d4e6e298,dbc8271c-54cf-479b-b4d3-d4592de54ec5
492,11,fab03ff4-42c5-4d53-b9eb-c965fb396ccb,8b4fb246-83a3-4768-8e01-4e82d9834957
493,11,878c4c05-1461-4e14-b6ed-cbe0f080838a,8b4fb246-83a3-4768-8e01-4e82d9834957
494,11,f228d961-41fd-4d84-92f6-5da5a7cc87b8,8b4fb246-83a3-4768-8e01-4e82d9834957
495,11,884eddd3-a96b-4c16-b591-58dde1478998,8b4fb246-83a3-4768-8e01-4e82d9834957
496,11,b31c8c07-2de9-4a97-84cd-2563bec43a1f,8b4fb246-83a3-4768-8e01-4e82d9834957
497,11,04f10e66-3dc7-4c08-9ef3-e95fe71f0e49,8b4fb246-83a3-4768-8e01-4e82d9834957
498,11,bc89b8f3-7be6-4c4c-9f86-51f8d3a58fd0,8b4fb246-83a3-4768-8e01-4e82d9834957
500,65,13b1d0ac-83da-48b4-b541-11f95c0a793b,71c3836d-c92c-4a50-ab85-87c986635583
501,65,91a280da-948b-462d-9eab-b74bffb523e5,71c3836d-c92c-4a50-ab85-87c986635583
502,65,2a44e274-67c1-4c0d-9046-4f26b1d485d0,71c3836d-c92c-4a50-ab85-87c986635583
503,65,5b46c4a0-b2b4-4c3c-abd1-1c8a453c9aea,71c3836d-c92c-4a50-ab85-87c986635583
504,65,58e609c1-42e3-4729-9893-52d29fda8207,71c3836d-c92c-4a50-ab85-87c986635583
505,65,e0f91dbc-3094-40e8-813f-174546b9b12f,71c3836d-c92c-4a50-ab85-87c986635583
506,65,35e34f05-ee71-4608-a5cf-2c6f0a3cfb5e,71c3836d-c92c-4a50-ab85-87c986635583
508,65,a3665810-1ecd-4124-9f8d-9d3719eb67e9,71c3836d-c92c-4a50-ab85-87c986635583
509,65,b91ebafc-c839-47ff-b6ff-272581e32b44,71c3836d-c92c-4a50-ab85-87c986635583
510,65,f07914f1-df66-4a36-a0df-b5d8f8166619,71c3836d-c92c-4a50-ab85-87c986635583
511,65,bf306582-60f8-4d7f-85eb-8942671e77f6,71c3836d-c92c-4a50-ab85-87c986635583
512,65,78c82c98-52ec-4a0f-bffc-2e01f14be5e8,71c3836d-c92c-4a50-ab85-87c986635583
512,220,78c82c98-52ec-4a0f-bffc-2e01f14be5e8,a795a50b-ca97-48d3-894e-6a26715a344e
513,65,fe572a59-3d18-4fd1-9630-7d157552a833,71c3836d-c92c-4a50-ab85-87c986635583
514,65,a27081c5-f7d6-42d7-94f6-746dd775a3f1,71c3836d-c92c-4a50-ab85-87c986635583
515,65,b0ae66c8-22f8-4390-861d-84d22f72b1d6,71c3836d-c92c-4a50-ab85-87c986635583
516,65,91adf393-79f9-44b9-80c2-47e9cf858f15,71c3836d-c92c-4a50-ab85-87c986635583
517,65,233a2918-fe6d-4898-8279-0960a99b448b,71c3836d-c92c-4a50-ab85-87c986635583
518,65,b3968b63-8fdc-4927-b9a3-1e756fae90f3,71c3836d-c92c-4a50-ab85-87c986635583
519,65,89e058f6-f495-4c3d-8667-faecbefe7f09,71c3836d-c92c-4a50-ab85-87c986635583
520,65,d15fd240-9f3c-42ea-bf8a-e373a1703611,71c3836d-c92c-4a50-ab85-87c986635583
521,65,da9a96e3-1c45-4761-9860-0fe300b1f5e3,71c3836d-c92c-4a50-ab85-87c986635583
522,65,5492a97d-32c8-4e10-ac6c-d0375eef1023,71c3836d-c92c-4a50-ab85-87c986635583
522,221,5492a97d-32c8-4e10-ac6c-d0375eef1023,6115f3f2-a6c0-4f11-8743-c791fd9441e1
523,65,e67176cc-8130-489b-8ddd-849a32eea870,71c3836d-c92c-4a50-ab85-87c986635583
523,222,e67176cc-8130-489b-8ddd-849a32eea870,e5a3994e-bbed-4a87-a5cf-2d8ea2db4050
524,65,96375764-4862-4e3f-b3d8-26d24239e20f,71c3836d-c92c-4a50-ab85-87c986635583
525,28,79ea0954-9ae9-467b-93e4-e00cb6d9dab8,640ff5f6-c924-4484-811a-93df1f274cc9
525,65,79ea0954-9ae9-467b-93e4-e00cb6d9dab8,71c3836d-c92c-4a50-ab85-87c986635583
525,124,79ea0954-9ae9-467b-93e4-e00cb6d9dab8,cce29796-6f71-4a60-bba2-58a4a1fd922a
525,140,79ea0954-9ae9-467b-93e4-e00cb6d9dab8,5e30830f-1a0b-4983-9ffd-39cd4239b236
525,155,79ea0954-9ae9-467b-93e4-e00cb6d9dab8,c29da24a-aa6b-4c32-bef8-8fcb970c47b3
526,168,73fbe5e8-ac64-4234-aa13-8fbe5a664355,8d3cb200-a0dd-4cc5-871b-6d1369e36637
528,21,fe086e47-85e8-4900-b4fc-76dab980b761,d0afac79-d069-449f-abb6-c18974f09fba
529,21,343936e4-a201-4ce4-b41c-003d7b8b017a,d0afac79-d069-449f-abb6-c18974f09fba
530,21,8cde8e40-9e0c-42a2-be60-7a17254205cb,d0afac79-d069-449f-abb6-c18974f09fba
530,28,8cde8e40-9e0c-42a2-be60-7a17254205cb,640ff5f6-c924-4484-811a-93df1f274cc9
531,146,228b14fe-c55f-4dda-bb22-2510b634b71f,0a98de96-f33e-4e1b-a352-9a64897be46f
532,124,27aec25a-dbfd-4f67-b579-7811137927f4,cce29796-6f71-4a60-bba2-58a4a1fd922a
533,28,8a9db480-5244-4b6a-a92c-e5bd4daadd7d,640ff5f6-c924-4484-811a-93df1f274cc9
534,24,685deabc-04c8-47a4-8224-7c85c5b1d47f,1a737b63-ad3c-462b-9c6b-cbdb07a44871
535,326,4488e079-76e3-4a64-90f5-49589e169a30,c0659eab-b968-40bc-98e8-4ec754e083de
536,28,acdb0e56-c113-4695-a7a3-868895777d69,640ff5f6-c924-4484-811a-93df1f274cc9
537,28,1eb77007-e3c4-4d67-a556-c8ce7ac86733,640ff5f6-c924-4484-811a-93df1f274cc9
538,24,6c9256f9-bcbb-448a-866b-0ccc4d4ca851,1a737b63-ad3c-462b-9c6b-cbdb07a44871
539,40,474460b7-7995-4f70-a53f-3c973d768076,bc62358e-434a-4b1e-b09d-72e879f7e685
540,81,6f47fcf3-30ff-41b7-af3f-5449c8442e4f,46a3a846-0594-4572-bd98-44af98531585
541,28,b66ae29c-0ae7-4e38-8d86-d21e5c197363,640ff5f6-c924-4484-811a-93df1f274cc9
542,175,b0d9f135-0ceb-4e0c-8e9a-cf9fe2874ecc,5af64a9f-5bc3-4d23-858a-37d42f54a257
543,28,3c7cd148-c8aa-4efb-b27b-c6f7b9aa3d69,640ff5f6-c924-4484-811a-93df1f274cc9
544,28,fb9f8071-fb05-45ff-9e11-f84d327ec60d,640ff5f6-c924-4484-811a-93df1f274cc9
545,28,409c80b7-8b48-46a8-aede-32bdf789655c,640ff5f6-c924-4484-811a-93df1f274cc9
547,65,be415ff6-9056-4e56-9a4d-089df531cf47,71c3836d-c92c-4a50-ab85-87c986635583
548,65,e0810b8b-57eb-46cf-b669-cb004cad6a1b,71c3836d-c92c-4a50-ab85-87c986635583
549,65,8cf0fc26-d1c5-4afa-834f-94d04da752f8,71c3836d-c92c-4a50-ab85-87c986635583
549,223,8cf0fc26-d1c5-4afa-834f-94d04da752f8,9877117b-b1de-4faa-b085-695bd1796f78
550,65,db47e0a5-5c5a-4c9e-b224-d4219b4a9087,71c3836d-c92c-4a50-ab85-87c986635583
551,65,e18abd28-2997-4cfd-aae2-af37b45e85f2,71c3836d-c92c-4a50-ab85-87c986635583
552,65,f1285f95-5c72-4726-8263-d3ed0e049205,71c3836d-c92c-4a50-ab85-87c986635583
553,65,37ed7b7b-76c8-46ad-904e-d65cec0184aa,71c3836d-c92c-4a50-ab85-87c986635583
553,224,37ed7b7b-76c8-46ad-904e-d65cec0184aa,190be6d0-af8e-45b9-8995-2f3ee127d3e4
554,65,63349960-1f92-42b7-9e08-42fe04dc33aa,71c3836d-c92c-4a50-ab85-87c986635583
555,65,9c406531-2597-4a68-8ec5-9d10c2866391,71c3836d-c92c-4a50-ab85-87c986635583
556,65,ebfc5536-f8cc-40e0-980c-849fe85d28f3,71c3836d-c92c-4a50-ab85-87c986635583
556,225,ebfc5536-f8cc-40e0-980c-849fe85d28f3,a67576fe-32c2-46c2-b314-eb93e21fb481
557,59,15014250-1a3e-469e-a03a-2868ac96225b,0ab221c9-9090-45d3-8f78-9cc0012614df
558,65,90083338-e230-4586-8775-b23b51d06b0a,71c3836d-c92c-4a50-ab85-87c986635583
559,65,2b3056b5-0011-4b09-a74d-2e174b424a58,71c3836d-c92c-4a50-ab85-87c986635583
561,65,3528d38c-0d3a-4aa9-b201-732f0e9e5d4b,71c3836d-c92c-4a50-ab85-87c986635583
562,65,5e35ae84-f825-4fcc-b723-1743f7c79e11,71c3836d-c92c-4a50-ab85-87c986635583
563,59,cb8ad62f-a92a-49ba-90f5-b05412dc9913,0ab221c9-9090-45d3-8f78-9cc0012614df
564,65,71ba06b8-458f-4564-af3b-98ad9abaf734,71c3836d-c92c-4a50-ab85-87c986635583
564,226,71ba06b8-458f-4564-af3b-98ad9abaf734,9d077c42-0a15-40a5-a1d3-4a19e73651b8
565,65,e08f9b66-54c7-49d3-99a5-26a0abdfab2d,71c3836d-c92c-4a50-ab85-87c986635583
566,59,a9812d43-d0f6-42e4-99b6-c11160a53da6,0ab221c9-9090-45d3-8f78-9cc0012614df
567,65,a0689797-fdce-42a8-89d1-67b60c35549c,71c3836d-c92c-4a50-ab85-87c986635583
568,59,0d0cf5c3-1301-445b-bfb7-25820775f6cb,0ab221c9-9090-45d3-8f78-9cc0012614df
569,65,7315f866-be3d-46d2-9e52-54e9c39bfee3,71c3836d-c92c-4a50-ab85-87c986635583
569,228,7315f866-be3d-46d2-9e52-54e9c39bfee3,fd61f7b6-38ca-4be4-b9b0-05b5078107dd
570,65,982136b4-97eb-4723-b04c-645ba05f47c8,71c3836d-c92c-4a50-ab85-87c986635583
570,229,982136b4-97eb-4723-b04c-645ba05f47c8,d8e00470-9b65-4409-a7dd-b5ada5b45992
571,59,f087f4c4-4ebe-4f41-9897-35051b8bfcc8,0ab221c9-9090-45d3-8f78-9cc0012614df
572,65,9baebf3d-51fc-44ec-a31d-ceae6284e62e,71c3836d-c92c-4a50-ab85-87c986635583
573,40,b074b6c0-00cf-4581-8765-698cf65ad0f3,bc62358e-434a-4b1e-b09d-72e879f7e685
574,65,0f18145f-62a1-48a2-ac0d-f067b7d63445,71c3836d-c92c-4a50-ab85-87c986635583
576,40,07f3180d-923b-42ef-ae5b-5fdd29734824,bc62358e-434a-4b1e-b09d-72e879f7e685
577,65,e11e906b-01b2-4678-91fa-14cca251ea6c,71c3836d-c92c-4a50-ab85-87c986635583
578,65,2b8f0336-c05b-4679-b837-ec464708bfc3,71c3836d-c92c-4a50-ab85-87c986635583
579,40,46424eda-4906-4849-9d75-85db38edcfcb,bc62358e-434a-4b1e-b09d-72e879f7e685
580,65,218dcdba-ad4d-4c42-8ec0-5e1bf44e0312,71c3836d-c92c-4a50-ab85-87c986635583
581,65,f3d95b5a-9c7b-4ab2-8b07-41056cbe0c90,71c3836d-c92c-4a50-ab85-87c986635583
582,65,1c8cd99f-fe3f-43e2-bd11-1cdb921b5a03,71c3836d-c92c-4a50-ab85-87c986635583
583,65,677140c0-ea1c-430b-a827-79aeeee8d109,71c3836d-c92c-4a50-ab85-87c986635583
584,40,2d582783-f7c7-4a4f-b8fd-02a3a7965c34,bc62358e-434a-4b1e-b09d-72e879f7e685
585,40,994130ed-a15d-41a9-8ea2-f92963c1fa19,bc62358e-434a-4b1e-b09d-72e879f7e685
586,40,4b54fd4d-9910-47b8-8313-bd8a732b7281,bc62358e-434a-4b1e-b09d-72e879f7e685
587,40,fb1a9e3a-f9f6-463e-84fa-5a16e1f6a5f6,bc62358e-434a-4b1e-b09d-72e879f7e685
588,40,7896ccd3-763d-4c99-b768-7a66856efd4a,bc62358e-434a-4b1e-b09d-72e879f7e685
589,40,54edbebc-5211-43ee-92b3-3f288928f56d,bc62358e-434a-4b1e-b09d-72e879f7e685
590,40,9af9d324-b9d9-44e5-a4c8-2e38594dbcd7,bc62358e-434a-4b1e-b09d-72e879f7e685
591,40,b1ab6012-fb43-4f59-8311-c5c2e4d5d7b0,bc62358e-434a-4b1e-b09d-72e879f7e685
592,40,c013a6aa-7358-4dc6-ad6a-34c2298ac81d,bc62358e-434a-4b1e-b09d-72e879f7e685
593,40,7926498b-cf64-4db4-9916-fbaf539d6bf1,bc62358e-434a-4b1e-b09d-72e879f7e685
594,40,55d2908d-f1c2-4a9d-b246-ddc426637091,bc62358e-434a-4b1e-b09d-72e879f7e685
595,40,ed78f412-1282-4912-9765-5342ffcada12,bc62358e-434a-4b1e-b09d-72e879f7e685
597,124,78a43505-038b-4d50-a06d-61d1f5df1447,cce29796-6f71-4a60-bba2-58a4a1fd922a
598,59,e0a71fb4-0799-45c2-837e-d0d2a8764b54,0ab221c9-9090-45d3-8f78-9cc0012614df
600,40,fe792ce8-6c67-4005-b157-2f631ff260d4,bc62358e-434a-4b1e-b09d-72e879f7e685
602,117,d4592a6e-2639-4b58-a49e-cffd376e27de,decee226-8684-4491-8c02-f0746c6bb6ac
605,268,f3f8620b-d0b3-4207-8986-d7597f0db2f9,aa3306e8-086b-47e0-8df6-81efcac93d77
606,117,2f1283c3-d34e-4706-b66e-7c6dffec7620,decee226-8684-4491-8c02-f0746c6bb6ac
607,124,1f1005ac-d784-402e-b8ee-5d162608477b,cce29796-6f71-4a60-bba2-58a4a1fd922a
608,124,cdf33fdd-e440-4f50-84d3-96e7d3ed02cc,cce29796-6f71-4a60-bba2-58a4a1fd922a
609,124,b9d1719c-10f4-4afc-8b56-27333cfec45f,cce29796-6f71-4a60-bba2-58a4a1fd922a
610,124,d77d0e6b-8bf9-4f28-98ba-79bdb9068d77,cce29796-6f71-4a60-bba2-58a4a1fd922a
611,124,d76200c6-9a7a-4363-8163-23d12b013a9d,cce29796-6f71-4a60-bba2-58a4a1fd922a
612,124,5e0cec65-6d15-4bf2-bde1-0162ee31a35a,cce29796-6f71-4a60-bba2-58a4a1fd922a
613,65,f0db993b-22b2-4979-adc0-f24daff29be6,71c3836d-c92c-4a50-ab85-87c986635583
614,65,ff445c35-0bad-4c51-b7a0-fb28991e4a92,71c3836d-c92c-4a50-ab85-87c986635583
615,65,3a4c8b71-3388-4baa-8c92-288e500ee928,71c3836d-c92c-4a50-ab85-87c986635583
616,65,21264770-0f6d-4d95-819b-8eddf2d18ed1,71c3836d-c92c-4a50-ab85-87c986635583
617,65,57c3e453-353f-49b9-977f-b3bbbb7cca79,71c3836d-c92c-4a50-ab85-87c986635583
618,65,fe018963-3091-46f8-9870-fc365bd6e6d3,71c3836d-c92c-4a50-ab85-87c986635583
619,65,77c386fe-0a9f-4875-8e6c-42ba3a42fea4,71c3836d-c92c-4a50-ab85-87c986635583
623,124,54d49db1-90da-4224-8a47-cd3ac576c657,cce29796-6f71-4a60-bba2-58a4a1fd922a
625,124,cd275f87-62ef-4ca1-99a3-a5a71469b3bc,cce29796-6f71-4a60-bba2-58a4a1fd922a
626,408,2a12e13a-75ab-4d30-8138-d2bde0939e3a,c7d600dc-8aae-4b43-9272-760fae6c72c8
627,124,17452221-5d5b-4867-a6a8-a24b6f2bb25a,cce29796-6f71-4a60-bba2-58a4a1fd922a
628,124,e7e96e82-cb9e-44a5-ba9f-8d0fc5dd6fa7,cce29796-6f71-4a60-bba2-58a4a1fd922a
629,124,4253b412-d3eb-459d-847c-1d647722b1c7,cce29796-6f71-4a60-bba2-58a4a1fd922a
632,34,207533be-2414-48ed-afa1-67e983c10601,728ba25f-56f0-49c7-aad3-cee18e334c2b
632,65,207533be-2414-48ed-afa1-67e983c10601,71c3836d-c92c-4a50-ab85-87c986635583
632,230,207533be-2414-48ed-afa1-67e983c10601,39a06e4a-d409-47fc-890f-3100b6861f45
632,408,207533be-2414-48ed-afa1-67e983c10601,c7d600dc-8aae-4b43-9272-760fae6c72c8
633,65,3422aaa2-f055-471b-b08f-79b8c3680f0c,71c3836d-c92c-4a50-ab85-87c986635583
634,65,a4758649-fb44-4204-9566-a237f6128248,71c3836d-c92c-4a50-ab85-87c986635583
635,28,7893ed87-6a81-4c06-9be7-964730eab77c,640ff5f6-c924-4484-811a-93df1f274cc9
635,65,7893ed87-6a81-4c06-9be7-964730eab77c,71c3836d-c92c-4a50-ab85-87c986635583
636,65,dd302847-9770-41d5-86b0-12c18c0e34d2,71c3836d-c92c-4a50-ab85-87c986635583
637,231,4f8df2c2-eb70-4839-a48a-3fff22b116cd,9dfd0e32-8ee5-4688-8c42-450ee1a894a5
638,65,2cf092e0-b46e-4c55-b30e-723427940415,71c3836d-c92c-4a50-ab85-87c986635583
640,232,2768bf01-d6d9-4d52-a442-a360b0664c38,681290ad-c6c4-4501-a053-6fb632a97fb0
642,58,8b21f8a1-bb4b-4f9e-bfb5-c4f63880080d,8a6b49c5-b377-4f5d-b0e8-9a7b626efb3c
642,408,8b21f8a1-bb4b-4f9e-bfb5-c4f63880080d,c7d600dc-8aae-4b43-9272-760fae6c72c8
645,233,cba2a48a-55ef-4d93-85f8-006431d46bc2,3327eaaa-95a2-486d-8521-1bd82d5cf37a
645,234,cba2a48a-55ef-4d93-85f8-006431d46bc2,339404af-c2af-43db-860a-b2f4f61b647a
646,3,03ed42a6-2d47-437d-adcb-c505fbefd60b,77cf9dc2-8cee-4333-a41c-34039d7373d4
647,66,dead54f8-38db-4516-afc6-bdb51ede0b06,c0d44e8b-293f-4877-ac80-c2693890ce0e
648,53,cc2885fe-cf65-4bd8-bd35-05d44cc6c866,e7e211f1-95b2-480d-900e-a52636204a2b
649,41,e29aa342-6966-48d8-b616-a8d10d08a317,e9efde2c-e2eb-4007-9b09-d5e84f47baac
649,50,e29aa342-6966-48d8-b616-a8d10d08a317,7f0b9085-f86b-49d3-ad2f-6561dde3cf97
649,414,e29aa342-6966-48d8-b616-a8d10d08a317,271f01f4-959a-485b-a9d1-2a459a1ddeeb
651,235,f29a0254-eabf-4c97-8ad2-d078a18a6ae5,a0cea28b-e713-4bfe-af3d-0e1393178424
652,19,3e75c40e-01c4-4df9-a37d-a99ea09bdf0b,358b94b5-3617-4f9f-983e-caf7e425ffac
653,124,892deabb-73ef-4623-af9f-0ed07f5ef087,cce29796-6f71-4a60-bba2-58a4a1fd922a
654,27,071c6ac6-4083-47a1-9187-d17932656397,2cc1b34d-22dc-4f3e-9e6e-f1bc622ffc6b
655,124,fe61360a-5953-4484-a692-42b28590b698,cce29796-6f71-4a60-bba2-58a4a1fd922a
656,124,57c53901-1519-4ebd-aaec-062ca1224b6c,cce29796-6f71-4a60-bba2-58a4a1fd922a
657,124,c05e6814-e925-433e-a3b5-c7983a31e117,cce29796-6f71-4a60-bba2-58a4a1fd922a
658,124,abf6f5da-a2c6-4f24-9ea6-0b76ea6b729c,cce29796-6f71-4a60-bba2-58a4a1fd922a
659,162,101bf9d8-2e7a-4edc-af82-c374de914626,b5f24c2f-60b1-4a00-98c8-c025702f1644
660,65,6cee9fda-eec2-4f72-bd42-a9b872516ae4,71c3836d-c92c-4a50-ab85-87c986635583
661,65,78d593f6-cf0d-47f0-a506-7bf9e5db9b9e,71c3836d-c92c-4a50-ab85-87c986635583
662,65,cb4d3e27-d330-4073-ad8c-cbd9a91dc473,71c3836d-c92c-4a50-ab85-87c986635583
663,65,5cb54093-ede8-4868-8456-259442752cc4,71c3836d-c92c-4a50-ab85-87c986635583
664,65,a98d5363-f213-4e4d-b049-6a08fe5ea146,71c3836d-c92c-4a50-ab85-87c986635583
664,152,a98d5363-f213-4e4d-b049-6a08fe5ea146,26c817ef-9b23-4973-82cc-e96a1a97d5dc
665,65,dad62fc7-4067-4331-8c1e-c8fbad3fdbf9,71c3836d-c92c-4a50-ab85-87c986635583
666,65,e4200e9d-41b9-4892-adc8-61d17ac05305,71c3836d-c92c-4a50-ab85-87c986635583
667,65,9f0dd071-8fed-4d71-bfaf-0830935715b3,71c3836d-c92c-4a50-ab85-87c986635583
668,65,d366b285-d487-447f-b005-07adb063c4bf,71c3836d-c92c-4a50-ab85-87c986635583
669,65,674b417b-7f6f-48d9-a24a-914c1c33e28b,71c3836d-c92c-4a50-ab85-87c986635583
670,65,63d254bf-ed60-4bbc-be00-5a5a58a7bd21,71c3836d-c92c-4a50-ab85-87c986635583
671,65,7a4eecc0-7ebf-4ab2-ba2b-28994638e8bb,71c3836d-c92c-4a50-ab85-87c986635583
672,65,ba80ff93-467b-4c71-b31c-a58ef3e6fada,71c3836d-c92c-4a50-ab85-87c986635583
674,65,b17169e5-bc7c-4773-88a3-440f9be50262,71c3836d-c92c-4a50-ab85-87c986635583
675,65,2ad55985-d123-42fd-b774-14bf74928814,71c3836d-c92c-4a50-ab85-87c986635583
676,65,b090adc7-2767-4b38-a3f6-82b84142d087,71c3836d-c92c-4a50-ab85-87c986635583
677,65,79f9e759-5ba6-49d9-995e-d6c9ecfdd3e8,71c3836d-c92c-4a50-ab85-87c986635583
678,65,acd4e3b6-2db1-4677-813c-300d24eaf2b1,71c3836d-c92c-4a50-ab85-87c986635583
679,65,14f4bf4a-312e-427d-b278-e0990154e19c,71c3836d-c92c-4a50-ab85-87c986635583
680,65,17d8439f-5dcc-4ba0-9656-f6fa52873e79,71c3836d-c92c-4a50-ab85-87c986635583
681,65,5cf2b5be-f781-4022-9165-99dd21e6fad0,71c3836d-c92c-4a50-ab85-87c986635583
682,65,577e8885-eb91-4e98-9a61-c7c722da7e0e,71c3836d-c92c-4a50-ab85-87c986635583
683,65,a08b7192-f4f4-48cc-84d2-ae25d701f521,71c3836d-c92c-4a50-ab85-87c986635583
684,65,92c59c95-d9f4-487e-9831-06694e678f05,71c3836d-c92c-4a50-ab85-87c986635583
685,65,bd5f5ac6-e0b1-40a1-838d-637088b0110a,71c3836d-c92c-4a50-ab85-87c986635583
686,65,671e9433-1225-4daa-9712-d2c88c9a58c9,71c3836d-c92c-4a50-ab85-87c986635583
687,65,cc42f5f6-c3db-4929-8f10-309e32d59025,71c3836d-c92c-4a50-ab85-87c986635583
688,65,5a255778-12da-43d2-a631-57f158d120ea,71c3836d-c92c-4a50-ab85-87c986635583
689,65,0c8d03a9-c46e-4787-8882-8ba9115e4e5d,71c3836d-c92c-4a50-ab85-87c986635583
690,65,291b6e3d-b7a8-4ccd-9a77-327cbda489e8,71c3836d-c92c-4a50-ab85-87c986635583
691,124,2e29c174-154b-4e5a-bdd8-804aafb72515,cce29796-6f71-4a60-bba2-58a4a1fd922a
692,124,b68a5c53-ae9d-4b0c-92c6-25fb3d299b51,cce29796-6f71-4a60-bba2-58a4a1fd922a
693,124,0d79d4cb-f4ec-497f-b330-81aa5037e945,cce29796-6f71-4a60-bba2-58a4a1fd922a
694,124,340dc5e9-21ea-47bf-a3ab-5d6d821b6852,cce29796-6f71-4a60-bba2-58a4a1fd922a
695,124,e1ca7b87-08cf-4728-83da-24ddd4974a6d,cce29796-6f71-4a60-bba2-58a4a1fd922a
697,124,76b5aaf9-0871-4ceb-8267-a93588102198,cce29796-6f71-4a60-bba2-58a4a1fd922a
698,21,7cfb7f8a-c878-464c-ba8b-32363b4556ef,d0afac79-d069-449f-abb6-c18974f09fba
699,124,14b2d84b-76f5-4fb1-958a-153ee48528f0,cce29796-6f71-4a60-bba2-58a4a1fd922a
700,124,e6f6c97d-64b1-484c-8c04-0015b117d9ef,cce29796-6f71-4a60-bba2-58a4a1fd922a
701,53,02fd16cd-a423-4dcb-b870-91ebcaf87c72,e7e211f1-95b2-480d-900e-a52636204a2b
703,124,2757d651-8556-4334-9a63-49925b025851,cce29796-6f71-4a60-bba2-58a4a1fd922a
704,65,26d41a11-cb20-4a13-9dcd-3ffff7913752,71c3836d-c92c-4a50-ab85-87c986635583
705,65,513a6738-fb19-47c3-8f35-6fe5a2485643,71c3836d-c92c-4a50-ab85-87c986635583
706,65,c4b22777-1c6a-49b1-bbef-cb25a092d71a,71c3836d-c92c-4a50-ab85-87c986635583
707,65,9c0d7275-ea4a-4233-8fe8-3034289037f3,71c3836d-c92c-4a50-ab85-87c986635583
708,65,435c967b-e500-4198-aaa8-331081540bc7,71c3836d-c92c-4a50-ab85-87c986635583
709,65,bbcbdf31-6b61-4501-926c-95507844d720,71c3836d-c92c-4a50-ab85-87c986635583
710,65,dc1db5d1-63d7-407c-bdb8-3640c04648c1,71c3836d-c92c-4a50-ab85-87c986635583
711,65,bd513d15-045c-44d0-b0f5-e508dc3fa39b,71c3836d-c92c-4a50-ab85-87c986635583
712,65,f3fdadcd-c175-4d4d-8177-819ad171b4f0,71c3836d-c92c-4a50-ab85-87c986635583
713,12,8cfaa655-a9b9-4d68-a459-30a4c5076d91,d5670874-8030-4367-bddd-f202455e164b
713,65,8cfaa655-a9b9-4d68-a459-30a4c5076d91,71c3836d-c92c-4a50-ab85-87c986635583
714,65,b774dbe7-4220-4566-b369-7f49835c1b84,71c3836d-c92c-4a50-ab85-87c986635583
715,65,a3f4e4dd-2383-4ee3-b15c-849db53dcd17,71c3836d-c92c-4a50-ab85-87c986635583
716,49,11c0f7a4-d00d-4203-bc22-e365d51974f7,8e7b59b7-63d6-484d-9517-c1a74563a05f
716,65,11c0f7a4-d00d-4203-bc22-e365d51974f7,71c3836d-c92c-4a50-ab85-87c986635583
717,65,e1751b11-e204-4bb8-a4a9-d3ca6bf225b1,71c3836d-c92c-4a50-ab85-87c986635583
718,65,55d77343-6157-4ab2-80aa-c38a502a960a,71c3836d-c92c-4a50-ab85-87c986635583
719,65,38abb82e-4069-4a76-85e6-f8dec6cc6104,71c3836d-c92c-4a50-ab85-87c986635583
720,65,e6ea176d-42cf-48f9-a357-8859da5a9465,71c3836d-c92c-4a50-ab85-87c986635583
720,1446,e6ea176d-42cf-48f9-a357-8859da5a9465,ce3d2448-993a-44e9-903a-1a34eea33b1a
721,65,2445a73e-9f98-469d-a21c-e5ffe65b8a00,71c3836d-c92c-4a50-ab85-87c986635583
722,65,e099f1bd-6dc9-479d-9806-e0d342fa601a,71c3836d-c92c-4a50-ab85-87c986635583
724,65,b6b8cb8f-53eb-446c-9e47-5f62c53bed06,71c3836d-c92c-4a50-ab85-87c986635583
725,65,ee441f5d-99a3-4078-aabe-a8f691f9c938,71c3836d-c92c-4a50-ab85-87c986635583
726,65,03612b69-3d67-4ef9-8847-91c61f2c98ad,71c3836d-c92c-4a50-ab85-87c986635583
727,65,bb37f4ac-feef-4973-9ea3-50c3649782a1,71c3836d-c92c-4a50-ab85-87c986635583
728,65,202361b5-127d-4c6a-bc90-708aa7398038,71c3836d-c92c-4a50-ab85-87c986635583
730,65,86fbce79-e516-4836-a872-e3c9cc9beb76,71c3836d-c92c-4a50-ab85-87c986635583
731,65,9df968de-1cec-41cb-9436-8b764c84ecc5,71c3836d-c92c-4a50-ab85-87c986635583
732,65,150e1a68-0eee-4924-87eb-6b881503cfe2,71c3836d-c92c-4a50-ab85-87c986635583
733,236,8283c571-69b5-41bd-bd11-bf41434601d1,75e846c2-ff39-4f26-9a39-0d24add5fd97
734,65,3ac43e96-1807-4af1-bf66-aea21406d85b,71c3836d-c92c-4a50-ab85-87c986635583
735,28,b601ea63-9dea-4004-9c92-c88fd38e436d,640ff5f6-c924-4484-811a-93df1f274cc9
736,28,ef453c1b-f82a-4dad-a8e2-b4a5c4436650,640ff5f6-c924-4484-811a-93df1f274cc9
737,28,96d5c334-c608-4112-b91c-d93cc14782db,640ff5f6-c924-4484-811a-93df1f274cc9
738,28,d71c6ea6-8fa3-48e8-959c-56e2f7d59577,640ff5f6-c924-4484-811a-93df1f274cc9
739,28,52d04db1-449c-4ac6-a361-c34c3419f925,640ff5f6-c924-4484-811a-93df1f274cc9
740,28,8d2f4766-c2ec-42db-a63c-447c7cf19641,640ff5f6-c924-4484-811a-93df1f274cc9
741,28,8fbbc4bf-5c8e-4cd2-99bd-f256adcc6ef0,640ff5f6-c924-4484-811a-93df1f274cc9
742,28,ef89097b-0cfb-4e24-8a69-1ee63de032cc,640ff5f6-c924-4484-811a-93df1f274cc9
743,28,50ead5da-629f-425e-8204-06bd7c0741a1,640ff5f6-c924-4484-811a-93df1f274cc9
744,28,ddb17a8b-4603-4547-9422-f2d7fcdb4643,640ff5f6-c924-4484-811a-93df1f274cc9
745,28,da9af0df-648c-49c3-8eda-118d4726e5dd,640ff5f6-c924-4484-811a-93df1f274cc9
746,28,99fe24e7-c254-40b8-8018-bdc7d643d8bf,640ff5f6-c924-4484-811a-93df1f274cc9
747,65,5a4fea35-e4f9-4542-b68e-70da4f4629b8,71c3836d-c92c-4a50-ab85-87c986635583
749,65,d9cdf488-122c-41ac-a75d-98b80c8fb976,71c3836d-c92c-4a50-ab85-87c986635583
750,65,cd35426d-c472-465a-bd09-25b9e227dc56,71c3836d-c92c-4a50-ab85-87c986635583
751,65,8deadea7-afa9-462d-9b01-8a96787cffd5,71c3836d-c92c-4a50-ab85-87c986635583
752,65,cda15f7e-3c1c-466c-92de-6b16153b608b,71c3836d-c92c-4a50-ab85-87c986635583
753,66,15576a83-8b4c-42e1-b222-bc7ee2877922,c0d44e8b-293f-4877-ac80-c2693890ce0e
754,66,8ba2a763-07c9-451c-9fb9-ba60e31498df,c0d44e8b-293f-4877-ac80-c2693890ce0e
755,49,1a1482a4-f58d-42ae-b514-d199debd7c26,8e7b59b7-63d6-484d-9517-c1a74563a05f
756,49,9b6f2bc2-7c05-4aae-a8c6-00ef51b0bc88,8e7b59b7-63d6-484d-9517-c1a74563a05f
757,49,396657bb-b3ea-4b31-93ce-ff0d75a2f371,8e7b59b7-63d6-484d-9517-c1a74563a05f
758,49,5197642f-4b5d-417b-9762-4e3f8300e22c,8e7b59b7-63d6-484d-9517-c1a74563a05f
759,49,2f3062f1-b24f-4702-b84a-eebb9ffe7fc9,8e7b59b7-63d6-484d-9517-c1a74563a05f
761,49,e838706e-2c4a-4fea-b541-45cc72110b16,8e7b59b7-63d6-484d-9517-c1a74563a05f
762,49,6b71dac0-0b07-4143-ba78-077dbd663a0e,8e7b59b7-63d6-484d-9517-c1a74563a05f
763,49,34d4c7d1-2879-463c-b502-3d748d2f841c,8e7b59b7-63d6-484d-9517-c1a74563a05f
764,49,1f27f18e-2b9b-4a13-9d0a-21d8578105b2,8e7b59b7-63d6-484d-9517-c1a74563a05f
765,49,adb85363-51b0-4d92-9813-e54c6e81fed7,8e7b59b7-63d6-484d-9517-c1a74563a05f
766,49,c65ec572-7d1f-46be-bb14-0ace1b358228,8e7b59b7-63d6-484d-9517-c1a74563a05f
767,49,78f999a4-9995-4e15-93d5-46f74f84d6ff,8e7b59b7-63d6-484d-9517-c1a74563a05f
767,238,78f999a4-9995-4e15-93d5-46f74f84d6ff,b0c5d9e8-bd87-4de6-a019-9cd5b0d55d43
769,49,3a60d9ad-2705-4d19-ad45-3a2f1fe55788,8e7b59b7-63d6-484d-9517-c1a74563a05f
770,65,d4b13ea5-ddde-4b5e-8d80-1104dbc02e66,71c3836d-c92c-4a50-ab85-87c986635583
771,239,6cd0b0c1-5e28-4f1a-ba5b-c3fd19664380,d0d6327a-2cbe-44b9-aca4-ab16e63c5ba5
772,65,07d02e73-6209-4841-ac2d-849f8c073dd6,71c3836d-c92c-4a50-ab85-87c986635583
773,65,b576acf2-498f-4ad4-8013-4f88811412fa,71c3836d-c92c-4a50-ab85-87c986635583
774,65,e45edbe4-4f5b-40bf-8f8a-013d40d75506,71c3836d-c92c-4a50-ab85-87c986635583
775,65,d0747c0d-605d-4f03-82ce-9f93389ccdfa,71c3836d-c92c-4a50-ab85-87c986635583
776,65,26b70620-36bf-4028-a545-081be99dd23e,71c3836d-c92c-4a50-ab85-87c986635583
777,240,56e3ac5c-e198-4ff8-a5e6-e9623509215f,1e9dae39-c0bc-4c22-914c-b1a89e8fb967
778,36,438d30d9-afbd-4df7-9952-785a0d908d15,acdac7eb-bd18-45d9-8f99-50376e188e9f
778,40,438d30d9-afbd-4df7-9952-785a0d908d15,bc62358e-434a-4b1e-b09d-72e879f7e685
778,65,438d30d9-afbd-4df7-9952-785a0d908d15,71c3836d-c92c-4a50-ab85-87c986635583
778,124,438d30d9-afbd-4df7-9952-785a0d908d15,cce29796-6f71-4a60-bba2-58a4a1fd922a
779,65,1d3596d2-e015-4b7e-a8bd-236e1e178d6c,71c3836d-c92c-4a50-ab85-87c986635583
780,65,27c96b6f-be2a-4046-b5f1-56371a39dbc4,71c3836d-c92c-4a50-ab85-87c986635583
781,65,877a4341-9ecc-49b8-9ba4-f08688548a64,71c3836d-c92c-4a50-ab85-87c986635583
782,65,8fc038ab-a66c-4c45-9aef-1b745642c59c,71c3836d-c92c-4a50-ab85-87c986635583
783,65,8ace7dc9-aa5c-4fb4-b72b-81ff57f7d189,71c3836d-c92c-4a50-ab85-87c986635583
784,65,785fd2e8-c1e2-4973-96e9-2bbe0e776e1c,71c3836d-c92c-4a50-ab85-87c986635583
785,65,751a7b75-ec0e-4931-94da-9f77d4ccddaa,71c3836d-c92c-4a50-ab85-87c986635583
786,65,4ad3fe57-7af8-4f71-b52e-aacba25eb186,71c3836d-c92c-4a50-ab85-87c986635583
787,65,269253d9-4fc2-45d7-99d8-ad7d505ef8d7,71c3836d-c92c-4a50-ab85-87c986635583
788,65,db49a492-dcb0-4314-89fa-b09dd5b23289,71c3836d-c92c-4a50-ab85-87c986635583
789,124,205a2f6c-ee78-4be4-adf5-7133c4c1305b,cce29796-6f71-4a60-bba2-58a4a1fd922a
790,124,4cf74ec6-4a1d-4591-b29b-40de7d34f1e9,cce29796-6f71-4a60-bba2-58a4a1fd922a
791,117,53b39276-c270-4cea-81eb-f1bd9ce10311,decee226-8684-4491-8c02-f0746c6bb6ac
792,117,ffd2526a-a935-4d70-a522-3604d764bd97,decee226-8684-4491-8c02-f0746c6bb6ac
793,117,797870c7-42f5-4fa0-ae6a-79d480fcb33c,decee226-8684-4491-8c02-f0746c6bb6ac
794,117,95ad0ce6-c05c-4a74-8f1b-bd3477ffaab4,decee226-8684-4491-8c02-f0746c6bb6ac
795,117,c655c5f1-a23f-44d5-a154-59f2fb5c7b1c,decee226-8684-4491-8c02-f0746c6bb6ac
796,117,e3ac0190-9f62-4554-a801-a52795f75fcd,decee226-8684-4491-8c02-f0746c6bb6ac
797,117,f203c307-f31f-40ac-8745-c0546c983d18,decee226-8684-4491-8c02-f0746c6bb6ac
798,117,1f096e93-12f2-46ca-82cf-8db584c8493c,decee226-8684-4491-8c02-f0746c6bb6ac
799,117,e8c37e16-17b1-4f56-8f38-1fa6917c0485,decee226-8684-4491-8c02-f0746c6bb6ac
800,117,48e9fc72-d680-43d3-9e06-1c15cd709f64,decee226-8684-4491-8c02-f0746c6bb6ac
801,117,43ab0762-bc5c-4dbd-a5bd-5b830ec8e430,decee226-8684-4491-8c02-f0746c6bb6ac
802,117,526e8b49-68e2-41f1-b254-aa33777592a2,decee226-8684-4491-8c02-f0746c6bb6ac
803,117,0daf754c-18d5-44d8-afeb-464cbdb27c5d,decee226-8684-4491-8c02-f0746c6bb6ac
804,117,10bb9e62-1919-49f6-9147-6dcc444c38fd,decee226-8684-4491-8c02-f0746c6bb6ac
805,117,516c6fce-7ac6-4a47-867a-f201a594a196,decee226-8684-4491-8c02-f0746c6bb6ac
806,117,c666b7d8-09d5-4260-8f2a-2ab88c6e295d,decee226-8684-4491-8c02-f0746c6bb6ac
807,117,412efcea-9bb2-4a6f-a185-7db11190f982,decee226-8684-4491-8c02-f0746c6bb6ac
808,117,0c7390de-4752-431a-871c-26bd6c49e8cf,decee226-8684-4491-8c02-f0746c6bb6ac
809,117,3a8a1b78-a5aa-406d-adae-b4f1756b35d4,decee226-8684-4491-8c02-f0746c6bb6ac
810,117,745c5589-eac3-4a41-9772-3a4c7b758901,decee226-8684-4491-8c02-f0746c6bb6ac
811,175,8e90758a-e001-4fec-af3a-6bf4194d710f,5af64a9f-5bc3-4d23-858a-37d42f54a257
812,175,6598cc52-962c-4e44-9c67-c4e92d48803d,5af64a9f-5bc3-4d23-858a-37d42f54a257
813,175,137fbc5e-7310-4d69-bf48-b63c02c3913a,5af64a9f-5bc3-4d23-858a-37d42f54a257
814,175,1757e75f-9731-4a71-89f4-956ffb05472b,5af64a9f-5bc3-4d23-858a-37d42f54a257
815,175,d92af1e9-db3b-41ac-be55-175a4df5b6c8,5af64a9f-5bc3-4d23-858a-37d42f54a257
816,175,f2d305da-7c9f-4816-a0ad-e680a0aa1096,5af64a9f-5bc3-4d23-858a-37d42f54a257
817,175,f69c87c8-446f-4b03-b7f7-1ae8b8811f2e,5af64a9f-5bc3-4d23-858a-37d42f54a257
818,175,2d9288ea-dbec-4fb4-91a0-72b8d41b0cfb,5af64a9f-5bc3-4d23-858a-37d42f54a257
819,175,11ea781a-536e-4aca-94a1-0fd16092fc18,5af64a9f-5bc3-4d23-858a-37d42f54a257
820,175,055fc931-434e-4a9e-a744-636d4e902eb8,5af64a9f-5bc3-4d23-858a-37d42f54a257
821,175,b919741f-2474-4d9b-808d-9a3835b34a82,5af64a9f-5bc3-4d23-858a-37d42f54a257
822,175,b1a55c45-2475-4068-af3e-4e656c9703d6,5af64a9f-5bc3-4d23-858a-37d42f54a257
823,175,8c2d4c9c-4c73-4d4c-87b3-48fb66d0f350,5af64a9f-5bc3-4d23-858a-37d42f54a257
824,175,e80bf9de-630b-4881-be8a-0722405fd64c,5af64a9f-5bc3-4d23-858a-37d42f54a257
825,175,01d5d590-3e0c-4421-bc8c-9178de0a0026,5af64a9f-5bc3-4d23-858a-37d42f54a257
826,175,a14a1990-e77c-4a1b-9da8-25bf8949cea6,5af64a9f-5bc3-4d23-858a-37d42f54a257
827,175,7cfe3516-4371-4b79-b452-899c4b940dde,5af64a9f-5bc3-4d23-858a-37d42f54a257
828,175,aa255e6c-ef88-468f-9f8a-b340e193d6ea,5af64a9f-5bc3-4d23-858a-37d42f54a257
829,175,a336b032-ea3e-47a6-a73c-c36aa89134e8,5af64a9f-5bc3-4d23-858a-37d42f54a257
830,65,923126cf-69c1-4306-89e5-e612b436cbef,71c3836d-c92c-4a50-ab85-87c986635583
831,65,3b710c27-6094-4c48-b901-b02f71abbf35,71c3836d-c92c-4a50-ab85-87c986635583
832,65,0465ba20-0cc4-4b81-a2de-3fbbd987da16,71c3836d-c92c-4a50-ab85-87c986635583
833,65,ac983f0d-1b08-40eb-8b31-eb8f828d8007,71c3836d-c92c-4a50-ab85-87c986635583
834,65,a1c76e72-6056-4914-9bba-6052dc22aff0,71c3836d-c92c-4a50-ab85-87c986635583
835,65,bc7f8ce7-3dc7-4924-8046-1b27a7f22ca1,71c3836d-c92c-4a50-ab85-87c986635583
836,65,72b2dfd7-cf76-4e87-ba9d-f1c62a16fdb2,71c3836d-c92c-4a50-ab85-87c986635583
836,241,72b2dfd7-cf76-4e87-ba9d-f1c62a16fdb2,a2031be1-c32f-433e-9e60-158ce59942b5
837,65,5893ad47-5f4b-4fee-9977-82bc4d78599f,71c3836d-c92c-4a50-ab85-87c986635583
838,65,114ffa98-8220-4ebc-aaef-0bb5bf5dc46a,71c3836d-c92c-4a50-ab85-87c986635583
839,65,810b734d-edb0-4011-b2b6-8fa71d3f1189,71c3836d-c92c-4a50-ab85-87c986635583
840,65,cdc715ec-4cde-4a3b-902b-72557cb078a2,71c3836d-c92c-4a50-ab85-87c986635583
841,65,bea419de-9cfe-473b-b9b1-ce8e87d1cfb3,71c3836d-c92c-4a50-ab85-87c986635583
842,65,5227452d-860f-4138-852a-17f4607bb9b4,71c3836d-c92c-4a50-ab85-87c986635583
843,65,818dbc0a-117d-4155-b35e-c6454fc81ea1,71c3836d-c92c-4a50-ab85-87c986635583
844,65,7a1934ad-49d1-4c08-8961-2357b6c4c162,71c3836d-c92c-4a50-ab85-87c986635583
845,65,e0d59271-2b5d-46ce-8ac9-1e3b3e2023fc,71c3836d-c92c-4a50-ab85-87c986635583
846,65,5142c1ed-455c-49e4-908f-8a699b88ec60,71c3836d-c92c-4a50-ab85-87c986635583
847,65,3ac37f0b-b463-4ae2-8461-0e01e8a8c080,71c3836d-c92c-4a50-ab85-87c986635583
848,65,d808fd12-8860-4e05-a8e3-3ab017c692d4,71c3836d-c92c-4a50-ab85-87c986635583
849,11,b0cdc5f8-4f0d-4be3-bef3-b636f2091845,8b4fb246-83a3-4768-8e01-4e82d9834957
849,42,b0cdc5f8-4f0d-4be3-bef3-b636f2091845,7943dbc7-7395-45ed-ad7d-9b9247b90db0
849,65,b0cdc5f8-4f0d-4be3-bef3-b636f2091845,71c3836d-c92c-4a50-ab85-87c986635583
850,65,d15802a7-bd73-48e5-af4a-f69f5d6cc424,71c3836d-c92c-4a50-ab85-87c986635583
851,65,04102bf1-e244-4a3c-97de-c6ef870d8dc3,71c3836d-c92c-4a50-ab85-87c986635583
852,65,bef503d8-ac44-46b9-8029-fe55e7d9985e,71c3836d-c92c-4a50-ab85-87c986635583
853,65,4a3e41e1-868c-4c36-9b61-2f6cd00d7b60,71c3836d-c92c-4a50-ab85-87c986635583
854,65,68a7c6cf-41cb-4099-9005-b347d6b5ff61,71c3836d-c92c-4a50-ab85-87c986635583
855,124,00723d6d-ba8c-43be-8e71-f6acbb109bd0,cce29796-6f71-4a60-bba2-58a4a1fd922a
856,124,241f5cf7-2f06-4672-82f5-0f0daaccb285,cce29796-6f71-4a60-bba2-58a4a1fd922a
857,65,f414c641-e1de-409c-847d-f54dd10f1f36,71c3836d-c92c-4a50-ab85-87c986635583
858,408,1b774937-e283-445e-a2b2-e0bb1f7d468a,c7d600dc-8aae-4b43-9272-760fae6c72c8
859,408,e96466d1-306b-4fc0-988d-215dc6b81fc5,c7d600dc-8aae-4b43-9272-760fae6c72c8
861,408,de4d3d64-a472-4709-819c-bee1f28f4934,c7d600dc-8aae-4b43-9272-760fae6c72c8
862,65,0585c66c-af8f-4eb9-a311-3babf3d0ee85,71c3836d-c92c-4a50-ab85-87c986635583
863,65,ffe0f496-ac94-4622-ab72-2af56e55938f,71c3836d-c92c-4a50-ab85-87c986635583
864,65,59d6f8fb-9a0c-4d41-af5e-4c966102f7ed,71c3836d-c92c-4a50-ab85-87c986635583
865,65,3e39ef41-49f6-45b3-9d1a-165b9d62c200,71c3836d-c92c-4a50-ab85-87c986635583
865,152,3e39ef41-49f6-45b3-9d1a-165b9d62c200,26c817ef-9b23-4973-82cc-e96a1a97d5dc
866,65,7ce348cb-688c-41a8-b5f4-d32d04095289,71c3836d-c92c-4a50-ab85-87c986635583
867,65,386cac06-88de-4a42-8a23-ea9d36b53697,71c3836d-c92c-4a50-ab85-87c986635583
868,28,999ccc66-4c00-41b4-8d79-32d2e6741d8e,640ff5f6-c924-4484-811a-93df1f274cc9
869,40,590ce547-01f5-4d00-92b3-9183b239bf19,bc62358e-434a-4b1e-b09d-72e879f7e685
870,9,ea06cd1a-32ee-4b3e-b700-ca152e5e86ac,d14906ed-d7ec-4889-9b2d-dcab4ebc44e7
871,124,a5cd7198-16e6-4a0a-8126-e86a6469ae91,cce29796-6f71-4a60-bba2-58a4a1fd922a
872,65,be1e482c-b4a0-45d4-a0e3-72c1cc337fd4,71c3836d-c92c-4a50-ab85-87c986635583
873,59,c7c07f3e-491e-4f50-9a4b-e7e6167686b9,0ab221c9-9090-45d3-8f78-9cc0012614df
874,11,85a5d619-3ff2-47d1-b416-00a3111b7339,8b4fb246-83a3-4768-8e01-4e82d9834957
874,21,85a5d619-3ff2-47d1-b416-00a3111b7339,d0afac79-d069-449f-abb6-c18974f09fba
875,29,ef1a3ed6-bfe4-4a0e-a919-91e88dc422f0,d80ebb28-a356-409c-b90f-99e519142cc4
876,124,c29017d8-d8a3-4f59-aa2b-b00214aeb872,cce29796-6f71-4a60-bba2-58a4a1fd922a
877,175,2ef83af1-e2b5-4551-95fb-d1b7a46723a5,5af64a9f-5bc3-4d23-858a-37d42f54a257
878,65,b51f193a-0121-4e67-83bf-cd9dc219062d,71c3836d-c92c-4a50-ab85-87c986635583
879,65,ad5fcc5a-f956-41a5-b1f5-ff432fe0dec6,71c3836d-c92c-4a50-ab85-87c986635583
880,65,b9f4559e-13df-45b1-9b19-ad999393678a,71c3836d-c92c-4a50-ab85-87c986635583
881,65,d4ace233-2e80-482d-9f47-61d2bc3d3095,71c3836d-c92c-4a50-ab85-87c986635583
882,65,e7bf693d-d3e5-491f-b25a-36ee696bb884,71c3836d-c92c-4a50-ab85-87c986635583
883,65,090ab418-d3e8-4409-94c5-1b955bca723f,71c3836d-c92c-4a50-ab85-87c986635583
884,65,da25ecf9-66f7-4a72-b395-3e31612621d3,71c3836d-c92c-4a50-ab85-87c986635583
885,21,9c5af6fe-1c3f-4601-bc0f-c5c5ade4cb58,d0afac79-d069-449f-abb6-c18974f09fba
886,124,f1eaf7f3-8c21-4924-aa53-06c6e838c568,cce29796-6f71-4a60-bba2-58a4a1fd922a
887,65,8e21fc12-4e86-4c20-99b6-957643ca200a,71c3836d-c92c-4a50-ab85-87c986635583
888,65,fbe14029-4acf-4bbd-8652-317b4a6b6248,71c3836d-c92c-4a50-ab85-87c986635583
889,65,6732d871-b1c0-4b6f-a9da-427e3036331b,71c3836d-c92c-4a50-ab85-87c986635583
890,65,52385383-5559-4de1-a2c1-830a3434f366,71c3836d-c92c-4a50-ab85-87c986635583
891,65,e12abe43-825d-4edb-b0d4-451ec75fd1a4,71c3836d-c92c-4a50-ab85-87c986635583
892,65,7d1d13ae-e92f-4479-876b-56e5487b3eb1,71c3836d-c92c-4a50-ab85-87c986635583
893,65,0d646b42-e8a2-4196-9c56-d4114b08170e,71c3836d-c92c-4a50-ab85-87c986635583
894,65,589f0a37-d791-4c0f-ae4e-f27ba6dd71e4,71c3836d-c92c-4a50-ab85-87c986635583
895,49,642227cc-659f-4399-aead-57c6f7c3bb53,8e7b59b7-63d6-484d-9517-c1a74563a05f
896,49,6f8b8e19-237a-4693-b644-43f906ee7478,8e7b59b7-63d6-484d-9517-c1a74563a05f
897,49,482dedac-0832-4a45-a2f8-ea2042199d02,8e7b59b7-63d6-484d-9517-c1a74563a05f
898,49,26a99476-bc17-479c-bae1-e9baf0ff41bb,8e7b59b7-63d6-484d-9517-c1a74563a05f
899,21,fd06ae72-786a-4c58-8265-ed689d728c18,d0afac79-d069-449f-abb6-c18974f09fba
900,21,45884784-7159-4955-a580-596af2fb35a4,d0afac79-d069-449f-abb6-c18974f09fba
901,21,cd1c6710-a9d6-4773-9824-e02f0e0f2303,d0afac79-d069-449f-abb6-c18974f09fba
902,21,4381e613-25e6-4399-ac70-c23c901861e1,d0afac79-d069-449f-abb6-c18974f09fba
903,21,a5571f40-e555-47bc-91e1-c113ddb18a96,d0afac79-d069-449f-abb6-c18974f09fba
904,21,d7fa24d5-4754-470f-a50c-5e1113ef8926,d0afac79-d069-449f-abb6-c18974f09fba
905,21,42521c3a-bd04-4c7e-b696-953f76be9d0e,d0afac79-d069-449f-abb6-c18974f09fba
906,21,27f0c6e7-d5ab-4968-a3c4-ed97bdadc4c7,d0afac79-d069-449f-abb6-c18974f09fba
907,21,b17398dd-a961-475d-9432-9a0f94eef323,d0afac79-d069-449f-abb6-c18974f09fba
908,21,910f2df8-70af-4aeb-b9ab-13850767250c,d0afac79-d069-449f-abb6-c18974f09fba
909,21,f3f1c4c9-8758-400a-8a99-604ca8fc2537,d0afac79-d069-449f-abb6-c18974f09fba
910,21,312de521-460c-4055-83da-d8cc41852d2b,d0afac79-d069-449f-abb6-c18974f09fba
911,21,58b435a2-c7d5-4fbc-b7ea-9d43c95f161b,d0afac79-d069-449f-abb6-c18974f09fba
912,21,30c990a0-4819-44b2-b128-80e19a28432b,d0afac79-d069-449f-abb6-c18974f09fba
913,21,f97098bd-6c92-47d5-8d21-7467ef835c00,d0afac79-d069-449f-abb6-c18974f09fba
914,21,14b5cda7-b1e9-4c73-8b1d-fc3e068a4264,d0afac79-d069-449f-abb6-c18974f09fba
916,21,14df891b-3a31-412a-93cd-994182269b16,d0afac79-d069-449f-abb6-c18974f09fba
917,21,5536f127-24c2-4adb-9a1c-624bd1b55022,d0afac79-d069-449f-abb6-c18974f09fba
920,21,e722a6c2-2dd0-41d1-91d5-d3521e2fe319,d0afac79-d069-449f-abb6-c18974f09fba
921,21,cbf2942c-5651-4616-b1e3-f8390bed8c8e,d0afac79-d069-449f-abb6-c18974f09fba
922,21,737290d7-4753-4305-a4a2-c98cc2d49b78,d0afac79-d069-449f-abb6-c18974f09fba
923,21,77534527-d73f-433c-b479-112309409307,d0afac79-d069-449f-abb6-c18974f09fba
924,21,0fff8d24-1b0f-4123-8253-1ec366003ac3,d0afac79-d069-449f-abb6-c18974f09fba
925,21,cbc6d922-3e82-4813-8de8-1ecc0990d226,d0afac79-d069-449f-abb6-c18974f09fba
926,21,d9c2353a-8571-4d76-9676-c44ed9fe6b21,d0afac79-d069-449f-abb6-c18974f09fba
927,21,61f56c2f-85dd-43d6-aa0d-2049d7c8d125,d0afac79-d069-449f-abb6-c18974f09fba
928,21,b6cabfc5-bb9e-438e-9057-6d760201252f,d0afac79-d069-449f-abb6-c18974f09fba
929,21,996ef6db-83dc-4bfe-9a7e-59388843ff07,d0afac79-d069-449f-abb6-c18974f09fba
931,21,3d373236-9605-451a-a9df-bed68b49dae1,d0afac79-d069-449f-abb6-c18974f09fba
933,24,8809df3d-963e-4310-8096-7cec50151ecf,1a737b63-ad3c-462b-9c6b-cbdb07a44871
934,24,6b203a7a-eefe-46e0-b579-eb964dfee936,1a737b63-ad3c-462b-9c6b-cbdb07a44871
935,24,b7c1b617-f5e5-4dcb-b617-656ac991fecd,1a737b63-ad3c-462b-9c6b-cbdb07a44871
936,24,bf3cedd1-473d-4b07-ac2e-9e0b03124449,1a737b63-ad3c-462b-9c6b-cbdb07a44871
937,24,1d97f9ac-b39f-4c4d-ae03-b487aeabfe8b,1a737b63-ad3c-462b-9c6b-cbdb07a44871
938,24,8fbd24dc-6823-4c41-a36f-b8306b8fbf3b,1a737b63-ad3c-462b-9c6b-cbdb07a44871
939,24,2c720783-b387-4690-86b6-1ec576e554b4,1a737b63-ad3c-462b-9c6b-cbdb07a44871
940,24,c302e780-ac06-43c1-b34a-5baafcdf4638,1a737b63-ad3c-462b-9c6b-cbdb07a44871
941,24,6579cea2-349c-4b38-9050-200fd93f2c58,1a737b63-ad3c-462b-9c6b-cbdb07a44871
942,24,e161c833-c3e3-48b7-9ce6-80035dcb90a8,1a737b63-ad3c-462b-9c6b-cbdb07a44871
943,24,514853c0-76f5-4704-914d-1a0b2f547641,1a737b63-ad3c-462b-9c6b-cbdb07a44871
944,24,5cbdbc5d-1ebb-4f78-84fc-d645f8d7cbce,1a737b63-ad3c-462b-9c6b-cbdb07a44871
945,24,c2e81706-a713-4768-88b6-5ca1774819d4,1a737b63-ad3c-462b-9c6b-cbdb07a44871
946,24,b7531804-8a27-494d-bdc3-c6b4302f688c,1a737b63-ad3c-462b-9c6b-cbdb07a44871
947,24,bff1ab8d-e424-4296-bcd5-4763bd95ec56,1a737b63-ad3c-462b-9c6b-cbdb07a44871
948,24,66d0fc34-9b61-4c6f-ae6d-0b32535f7f17,1a737b63-ad3c-462b-9c6b-cbdb07a44871
949,24,93c6c9d4-133e-4b9f-bbee-0875b86f3407,1a737b63-ad3c-462b-9c6b-cbdb07a44871
950,24,fc7a9e41-4f18-4256-a300-6a7e80c417bc,1a737b63-ad3c-462b-9c6b-cbdb07a44871
951,24,ad4a42e2-34fe-4930-a695-f098e9204ef7,1a737b63-ad3c-462b-9c6b-cbdb07a44871
952,24,4d108f58-f087-4c0f-b5a7-1956bee0d59a,1a737b63-ad3c-462b-9c6b-cbdb07a44871
954,24,d4a9156b-a02a-43d8-b970-95f2ba69d83d,1a737b63-ad3c-462b-9c6b-cbdb07a44871
955,24,b887ff3c-2dcb-4c0f-9d11-d3484d629798,1a737b63-ad3c-462b-9c6b-cbdb07a44871
956,24,33081d70-ccd7-4518-ad3f-b687a7fc13c9,1a737b63-ad3c-462b-9c6b-cbdb07a44871
957,24,d3f43acd-662d-4d30-8c17-5076fb6b7222,1a737b63-ad3c-462b-9c6b-cbdb07a44871
958,65,de5acb82-c857-460e-b8aa-5ae9809ef411,71c3836d-c92c-4a50-ab85-87c986635583
959,65,aad2ea5b-0b70-447d-8a98-6c0f053e259c,71c3836d-c92c-4a50-ab85-87c986635583
960,65,66a8dd73-6d6b-4d90-be9a-08d92772c07e,71c3836d-c92c-4a50-ab85-87c986635583
961,65,7c2e314e-d7d8-4ed0-af13-9a6c6ecb08c3,71c3836d-c92c-4a50-ab85-87c986635583
962,65,58bd9893-1a91-4ae1-8e7e-92ecdf0c4ea4,71c3836d-c92c-4a50-ab85-87c986635583
963,65,8accb88b-7f43-4ac8-b692-4d021223c2aa,71c3836d-c92c-4a50-ab85-87c986635583
964,65,97d48fef-56c3-4656-8995-61fd983a436e,71c3836d-c92c-4a50-ab85-87c986635583
965,65,137d152b-4065-4455-98fe-985a9e33d00e,71c3836d-c92c-4a50-ab85-87c986635583
966,65,246fae9e-5b13-4283-bc76-5f50d8fc5f74,71c3836d-c92c-4a50-ab85-87c986635583
967,65,6e1aab41-eaf4-44e1-931e-3a268f61de3c,71c3836d-c92c-4a50-ab85-87c986635583
968,58,dd116352-46ac-401e-a1a8-4507e5b105f7,8a6b49c5-b377-4f5d-b0e8-9a7b626efb3c
968,65,dd116352-46ac-401e-a1a8-4507e5b105f7,71c3836d-c92c-4a50-ab85-87c986635583
969,28,3bfe6775-741f-4ae2-a1d2-85cfcd4edbb2,640ff5f6-c924-4484-811a-93df1f274cc9
969,40,3bfe6775-741f-4ae2-a1d2-85cfcd4edbb2,bc62358e-434a-4b1e-b09d-72e879f7e685
969,65,3bfe6775-741f-4ae2-a1d2-85cfcd4edbb2,71c3836d-c92c-4a50-ab85-87c986635583
969,155,3bfe6775-741f-4ae2-a1d2-85cfcd4edbb2,c29da24a-aa6b-4c32-bef8-8fcb970c47b3
969,175,3bfe6775-741f-4ae2-a1d2-85cfcd4edbb2,5af64a9f-5bc3-4d23-858a-37d42f54a257
969,187,3bfe6775-741f-4ae2-a1d2-85cfcd4edbb2,5388ccc6-fb1c-4762-8d2d-6b3316b0a2b1
970,65,2667ebf7-af35-4dcc-9e35-2e140c981832,71c3836d-c92c-4a50-ab85-87c986635583
971,42,59913991-832a-44d5-a959-122edf8129be,7943dbc7-7395-45ed-ad7d-9b9247b90db0
971,190,59913991-832a-44d5-a959-122edf8129be,c80f962f-6090-4fe5-b2b6-5147e6c843df
972,24,09a35f44-7ed8-4aa5-8edb-54a34ce6d3a0,1a737b63-ad3c-462b-9c6b-cbdb07a44871
973,196,8e57302c-278e-46db-ad8f-649007c3f33c,e5db0d68-19e5-41fc-83b4-70650e5ff4ed
974,196,b71f9792-e93f-4b89-896b-10a68a81033b,e5db0d68-19e5-41fc-83b4-70650e5ff4ed
975,196,df11c1e5-9baa-48c6-ae26-7a04f7a26521,e5db0d68-19e5-41fc-83b4-70650e5ff4ed
976,196,82a277b3-51bc-4742-93a3-de0422efc85e,e5db0d68-19e5-41fc-83b4-70650e5ff4ed
977,196,4f6044ba-8df8-414e-a2cf-347ba9064bd8,e5db0d68-19e5-41fc-83b4-70650e5ff4ed
978,196,699e4b1b-171e-4ebe-9a40-08a9dc6b396d,e5db0d68-19e5-41fc-83b4-70650e5ff4ed
979,196,43034a8d-8239-4eba-acd7-58a57cee47d3,e5db0d68-19e5-41fc-83b4-70650e5ff4ed
980,18,97e6ac01-05fb-4e22-945c-676a04abc5bf,1742965b-91bb-4c4e-b592-7e005ae1c874
981,18,e01f5386-6d5a-4bf4-8ed2-47533261fe38,1742965b-91bb-4c4e-b592-7e005ae1c874
981,82,e01f5386-6d5a-4bf4-8ed2-47533261fe38,80f418a2-b4cd-4dbf-9beb-f6412b56663d
981,157,e01f5386-6d5a-4bf4-8ed2-47533261fe38,e8ce0762-3e4d-48b6-9150-351d0b508b80
982,246,42dd3392-3f6e-41fe-94a9-691e01b58c9b,0c13df62-f42e-40f5-a090-08ca0b806338
983,40,af6740e2-8316-424e-b392-ae725317970a,bc62358e-434a-4b1e-b09d-72e879f7e685
984,177,dfd2b2f2-b784-4fcb-bcc3-6b36b67215b7,04a9c418-a92b-4f1d-820c-5c37512c7927
985,247,df2ea1c5-3908-4909-b1ee-85582c651821,8099db48-aedb-47eb-b8d9-2e33e9377044
988,276,d4acb289-5227-43b8-980c-8b3648be856b,3d86560b-f3d9-4433-b909-0e5612300e4b
989,262,a9c161f8-fe0b-479b-a29d-7d2326002547,7a8dabeb-ed7e-4ae9-a16f-3b60097e83d9
990,272,ad06c7f4-7b52-43f5-8913-10d19d8b11a9,b2f6a3ae-50d1-48f1-b556-15e7696fa1a6
991,272,09d3d190-e3c3-4c9f-b044-c5e5e21d8f89,b2f6a3ae-50d1-48f1-b556-15e7696fa1a6
992,255,42cdfa7c-7639-4d85-a2f5-f02e354e8770,747d634d-f346-49cd-aa18-fe7a62198c7c
993,260,b29ee4fe-35b1-419e-8738-a134ea7a73e7,c65e9440-68ee-4527-8f37-51f0ae41dc62
994,149,6bcf27b4-0714-46b7-8412-2d5cd0c37337,e4d63e54-e6c0-4a81-9333-876f96d8be6c
995,7,6fe3d3d1-40f4-43ad-8065-eb1000955d71,9a6635ff-a522-447b-8ef1-dc57c04eae60
995,277,6fe3d3d1-40f4-43ad-8065-eb1000955d71,a8df86c1-e7b6-4efd-a0db-0687cd15c517
996,253,7dde4fc8-11d7-4f71-8a09-c411fc40a1b6,0a17b295-c551-41da-ada5-924dddf4c0fc
997,253,a23279e4-2e69-43a1-a308-4f1b728c3200,0a17b295-c551-41da-ada5-924dddf4c0fc
998,253,b9fc2262-ad0c-445b-8e5c-68d1bae11434,0a17b295-c551-41da-ada5-924dddf4c0fc
999,253,8074b0e4-efc2-4027-aa5a-29f836d8f578,0a17b295-c551-41da-ada5-924dddf4c0fc
1000,253,d1789319-db32-43ea-987e-4927bb8f893c,0a17b295-c551-41da-ada5-924dddf4c0fc
1001,253,92d5893b-27d0-4899-bbea-975806511c63,0a17b295-c551-41da-ada5-924dddf4c0fc
1002,253,e4b76e5d-ac30-498d-b36e-4ca72a8de0d5,0a17b295-c551-41da-ada5-924dddf4c0fc
1003,253,08538ada-045b-4163-881c-b9ade05b2dc4,0a17b295-c551-41da-ada5-924dddf4c0fc
1004,253,7dbb5205-6fd4-4f97-ba3a-17531dcbf87c,0a17b295-c551-41da-ada5-924dddf4c0fc
1005,268,ad49aaa8-c9ec-413b-af99-ec41d5f85324,aa3306e8-086b-47e0-8df6-81efcac93d77
1006,268,7a7a7136-3729-441e-89da-4a8889696213,aa3306e8-086b-47e0-8df6-81efcac93d77
1007,268,a8f0bed5-2019-4af1-8f30-834c4cbd91da,aa3306e8-086b-47e0-8df6-81efcac93d77
1008,196,07c9f07a-aac3-414b-8f8b-b01dd83d6315,e5db0d68-19e5-41fc-83b4-70650e5ff4ed
1009,196,595fcffc-db85-418a-a2a7-2e9a280cb80e,e5db0d68-19e5-41fc-83b4-70650e5ff4ed
1010,196,4de8428e-bfc0-41d0-b1fc-195beeaa6571,e5db0d68-19e5-41fc-83b4-70650e5ff4ed
1011,164,524ea30b-8782-4f33-b7fd-f76be4075e7d,22696324-bb0d-45a4-8201-26ea3bbe9fdc
1012,164,4cb3434d-5a90-4f23-9ec5-2124f53130bb,22696324-bb0d-45a4-8201-26ea3bbe9fdc
1013,164,fdc8c57f-c459-43a4-b0e7-b4a82cf45a58,22696324-bb0d-45a4-8201-26ea3bbe9fdc
1014,164,bd142876-84f9-4989-971d-961742852244,22696324-bb0d-45a4-8201-26ea3bbe9fdc
1015,164,39587598-1969-4561-8c74-79f9fd4f59a0,22696324-bb0d-45a4-8201-26ea3bbe9fdc
1016,155,fe043f45-8ab7-4360-a5c1-169d26754504,c29da24a-aa6b-4c32-bef8-8fcb970c47b3
1016,164,fe043f45-8ab7-4360-a5c1-169d26754504,22696324-bb0d-45a4-8201-26ea3bbe9fdc
1017,164,dbd295b9-3d02-4a60-8c04-a3d30a635ad1,22696324-bb0d-45a4-8201-26ea3bbe9fdc
1018,164,8c15ea97-2bda-422a-8754-af2318df2775,22696324-bb0d-45a4-8201-26ea3bbe9fdc
1019,177,cfa7d897-5a0a-4ad5-a00e-72b87ba78254,04a9c418-a92b-4f1d-820c-5c37512c7927
1020,278,9597d0b2-152e-4843-b819-6716d3f89958,5effd1a7-b26d-439a-a53a-311cbdd983e7
1021,11,93f4418c-f8c6-4944-a88b-30b0697080cb,8b4fb246-83a3-4768-8e01-4e82d9834957
1022,190,3dfd614a-f265-4243-b868-7cd6e440d285,c80f962f-6090-4fe5-b2b6-5147e6c843df
1023,190,90fd703a-bfe4-4ebb-90b7-cbcb382b6e07,c80f962f-6090-4fe5-b2b6-5147e6c843df
1024,190,9f1b1ffd-b9e5-4204-945b-9ddbe11310c1,c80f962f-6090-4fe5-b2b6-5147e6c843df
1025,190,8c2ae7a6-f8f5-474e-b3ae-666b7b5b7a7a,c80f962f-6090-4fe5-b2b6-5147e6c843df
1026,190,acd65d84-4b2b-44b6-8642-29ee479706a8,c80f962f-6090-4fe5-b2b6-5147e6c843df
1027,190,4c4e83f7-de29-4eba-bb53-9b65d39a5965,c80f962f-6090-4fe5-b2b6-5147e6c843df
1028,190,09aa8164-8664-445d-8a03-6ee60edaec0d,c80f962f-6090-4fe5-b2b6-5147e6c843df
1030,176,2c4fdee3-1ae2-422c-9177-2ce2113e4c65,2d645b0c-5c86-4ca6-9b35-8e7fecf04fdf
1031,190,b0cbae03-d468-42b4-a151-469c63fb9e0c,c80f962f-6090-4fe5-b2b6-5147e6c843df
1033,12,0d85f038-e799-435c-b2e7-23529ef3bf08,d5670874-8030-4367-bddd-f202455e164b
1033,65,0d85f038-e799-435c-b2e7-23529ef3bf08,71c3836d-c92c-4a50-ab85-87c986635583
1034,186,c87b6c62-d6bc-4d14-a643-c521d8c11de2,4721d9ec-4d7d-406e-a2d3-a7dde99a6307
1035,177,1d4b8a86-a178-4b50-bf1e-2a5e833b40e4,04a9c418-a92b-4f1d-820c-5c37512c7927
1036,11,0f164a7d-65c1-4f0a-9168-e31f549e4f07,8b4fb246-83a3-4768-8e01-4e82d9834957
1036,326,0f164a7d-65c1-4f0a-9168-e31f549e4f07,c0659eab-b968-40bc-98e8-4ec754e083de
1037,11,14359f8e-4020-4a87-ad63-38d401011eea,8b4fb246-83a3-4768-8e01-4e82d9834957
1037,326,14359f8e-4020-4a87-ad63-38d401011eea,c0659eab-b968-40bc-98e8-4ec754e083de
1038,65,d2f6a660-77e9-4a7c-939b-39371fec8c82,71c3836d-c92c-4a50-ab85-87c986635583
1038,279,d2f6a660-77e9-4a7c-939b-39371fec8c82,1a88a251-3cb7-4f11-90a0-5558530cdd81
1039,164,112638c2-85a9-4660-8ea0-ae2f516d1f16,22696324-bb0d-45a4-8201-26ea3bbe9fdc
1040,164,a90aa3ce-0401-432f-845c-3321814f3697,22696324-bb0d-45a4-8201-26ea3bbe9fdc
1041,164,ad6d43f1-db4e-4308-99e2-b66e6b7b7684,22696324-bb0d-45a4-8201-26ea3bbe9fdc
1042,164,238f935e-d51d-41a8-83d6-df0b0dcd635e,22696324-bb0d-45a4-8201-26ea3bbe9fdc
1043,164,48bea0a3-e274-49aa-9e7f-73d6e3871abe,22696324-bb0d-45a4-8201-26ea3bbe9fdc
1044,164,92629f87-6506-4264-b390-84e411247f81,22696324-bb0d-45a4-8201-26ea3bbe9fdc
1045,164,8abd045c-3fa3-44ad-98d4-02ac984babbd,22696324-bb0d-45a4-8201-26ea3bbe9fdc
1046,164,89b8769e-d7d7-488d-8479-4f02f0ba3321,22696324-bb0d-45a4-8201-26ea3bbe9fdc
1047,164,4cf6f750-aeaf-4684-b4d1-77d489890f3d,22696324-bb0d-45a4-8201-26ea3bbe9fdc
1048,164,d0e7fee2-6a07-45cb-bf66-6f68a26a4098,22696324-bb0d-45a4-8201-26ea3bbe9fdc
1049,164,ddf10549-55f7-4e65-85d6-9e976495abdc,22696324-bb0d-45a4-8201-26ea3bbe9fdc
1050,164,da79468f-7edc-4038-af84-bbd63b22a606,22696324-bb0d-45a4-8201-26ea3bbe9fdc
1051,164,90016225-9ab6-4c73-a0f9-c2004ed83e6c,22696324-bb0d-45a4-8201-26ea3bbe9fdc
1052,164,bb1cb37e-67ec-44ff-9a60-074b3f6c1029,22696324-bb0d-45a4-8201-26ea3bbe9fdc
1053,164,bb35080e-c7b3-48bf-92a1-f204cf0b72df,22696324-bb0d-45a4-8201-26ea3bbe9fdc
1054,164,762269dd-df3e-45a3-801a-e3f1e35e2ea6,22696324-bb0d-45a4-8201-26ea3bbe9fdc
1055,164,b492b5d3-58e8-4b85-869e-3c1b32bddfb2,22696324-bb0d-45a4-8201-26ea3bbe9fdc
1056,164,6added82-65e7-4f88-89c7-48199c08e669,22696324-bb0d-45a4-8201-26ea3bbe9fdc
1057,164,0855d39e-9d09-4635-8e3b-ab9e23674c45,22696324-bb0d-45a4-8201-26ea3bbe9fdc
1058,164,bbd1f1f0-aa32-42cf-9436-67aeb66a1c6a,22696324-bb0d-45a4-8201-26ea3bbe9fdc
1059,164,2109d8ec-025e-4b3d-948d-908cacadc926,22696324-bb0d-45a4-8201-26ea3bbe9fdc
1060,164,70b1be55-7cd2-4a5a-86e3-c23422507a55,22696324-bb0d-45a4-8201-26ea3bbe9fdc
1061,164,2e09b4ef-f84c-446a-a48b-51d0cd41183e,22696324-bb0d-45a4-8201-26ea3bbe9fdc
1062,164,d4962b70-4121-4e1b-b2e1-cae481c2eadd,22696324-bb0d-45a4-8201-26ea3bbe9fdc
1063,164,27a2e27c-2f88-433f-b297-61022fc72767,22696324-bb0d-45a4-8201-26ea3bbe9fdc
1064,11,5f7e6a15-cb07-45d5-a392-119c15a53215,8b4fb246-83a3-4768-8e01-4e82d9834957
1065,11,685d35d9-f364-4963-8330-5a21aa8f82a0,8b4fb246-83a3-4768-8e01-4e82d9834957
1066,11,7796ce0a-43c9-428c-b2d6-6ae77284e0c4,8b4fb246-83a3-4768-8e01-4e82d9834957
1067,11,44f0d293-0f4f-4347-90b8-bd59a9aeafb2,8b4fb246-83a3-4768-8e01-4e82d9834957
1068,11,7fe441c1-f05b-438c-810b-07e8d9a686d8,8b4fb246-83a3-4768-8e01-4e82d9834957
1069,11,a48d2acf-ca9a-4ff8-97eb-0a88d1cf7c32,8b4fb246-83a3-4768-8e01-4e82d9834957
1070,11,6a6f3aa5-c1d0-43da-a4b0-9303f52422af,8b4fb246-83a3-4768-8e01-4e82d9834957
1071,11,54f60e56-c3ce-4c02-a0c6-fa8f94cfe179,8b4fb246-83a3-4768-8e01-4e82d9834957
1072,11,84986825-fd22-44f5-8da4-844c833bf087,8b4fb246-83a3-4768-8e01-4e82d9834957
1073,28,0a86bd84-10fe-4315-b664-c59338ac2c85,640ff5f6-c924-4484-811a-93df1f274cc9
1074,9,b77ab614-92a5-47da-8ef1-15212b4bc229,d14906ed-d7ec-4889-9b2d-dcab4ebc44e7
1075,162,31c1791c-0fa1-4d97-b105-85470c211123,b5f24c2f-60b1-4a00-98c8-c025702f1644
1076,177,33f8bb17-301f-4941-bb29-a5626eae4db7,04a9c418-a92b-4f1d-820c-5c37512c7927
1077,162,a345685f-ec1b-42d7-b2de-d81b31c38b50,b5f24c2f-60b1-4a00-98c8-c025702f1644
1078,164,ff59b982-4ce5-4bc1-a1a1-0eb5cb107254,22696324-bb0d-45a4-8201-26ea3bbe9fdc
1079,164,d1b090b3-b6b0-4eb1-a888-c0d2e9172fef,22696324-bb0d-45a4-8201-26ea3bbe9fdc
1080,164,d82cd3bc-4d3a-4b7d-a6fa-f0b3e278ab96,22696324-bb0d-45a4-8201-26ea3bbe9fdc
1081,164,13fa090e-39e2-44f4-b3cb-e727c5774024,22696324-bb0d-45a4-8201-26ea3bbe9fdc
1082,164,3a00b4e1-d81d-40ac-b488-d8b2c5659f69,22696324-bb0d-45a4-8201-26ea3bbe9fdc
1083,164,74866db1-82aa-4174-9051-a39a96d52c51,22696324-bb0d-45a4-8201-26ea3bbe9fdc
1084,164,6ca3bdde-64da-4027-ba98-d208598e0385,22696324-bb0d-45a4-8201-26ea3bbe9fdc
1085,190,77d51ac6-7889-442e-ab53-c5606cb430f2,c80f962f-6090-4fe5-b2b6-5147e6c843df
1086,190,a2134128-c8ea-4aaa-9a7e-c4b27ddaa85d,c80f962f-6090-4fe5-b2b6-5147e6c843df
1087,177,cb48ab4d-5659-4d7c-b606-50c86687d4a5,04a9c418-a92b-4f1d-820c-5c37512c7927
1088,177,285e4290-c797-41fb-b15e-f3428c06b2fb,04a9c418-a92b-4f1d-820c-5c37512c7927
1089,177,ae4c05c5-c60b-482e-a8eb-2bc76c832e7e,04a9c418-a92b-4f1d-820c-5c37512c7927
1090,177,9a55dc3f-49d9-4d61-af93-56608daf4fe9,04a9c418-a92b-4f1d-820c-5c37512c7927
1091,177,e0768bfe-3734-44c3-a4e6-e82e5b0a4435,04a9c418-a92b-4f1d-820c-5c37512c7927
1093,177,4f5e8a5b-a24f-49b8-af49-55fc7423cb16,04a9c418-a92b-4f1d-820c-5c37512c7927
1094,177,d8bfcef5-42e0-4940-ba15-6cd651df37de,04a9c418-a92b-4f1d-820c-5c37512c7927
1095,177,a2c622b9-381b-42be-98ea-2cd70dbc1b47,04a9c418-a92b-4f1d-820c-5c37512c7927
1096,179,48bc5e17-2e5f-4d9f-a630-09c1ca167baa,617a4cfd-dcaf-40c4-98a9-3d388c7ca4a0
1097,179,6f403fc8-0ff4-4f0e-8a89-e31003fad38a,617a4cfd-dcaf-40c4-98a9-3d388c7ca4a0
1098,179,6fe6a9c7-ed5f-4800-8a4a-92e8ad8af96b,617a4cfd-dcaf-40c4-98a9-3d388c7ca4a0
1099,119,4c2324be-d555-48da-b278-c0356c26119f,a4a842ac-6d31-4212-b4c9-f414a9712895
1099,252,4c2324be-d555-48da-b278-c0356c26119f,b8f7886c-1476-4a7e-ac54-12ab3fdd7fc9
1100,119,f5957f47-ba84-49d6-92db-0926c79391af,a4a842ac-6d31-4212-b4c9-f414a9712895
1100,252,f5957f47-ba84-49d6-92db-0926c79391af,b8f7886c-1476-4a7e-ac54-12ab3fdd7fc9
1101,119,34ee99ea-b45f-4145-bddc-48f74224c096,a4a842ac-6d31-4212-b4c9-f414a9712895
1101,252,34ee99ea-b45f-4145-bddc-48f74224c096,b8f7886c-1476-4a7e-ac54-12ab3fdd7fc9
1102,119,a8c59b64-2952-4ed6-a67e-ba63cc2ab844,a4a842ac-6d31-4212-b4c9-f414a9712895
1102,252,a8c59b64-2952-4ed6-a67e-ba63cc2ab844,b8f7886c-1476-4a7e-ac54-12ab3fdd7fc9
1103,119,3363b7bb-cfa1-4bdd-9f76-57ea62e3fec1,a4a842ac-6d31-4212-b4c9-f414a9712895
1103,252,3363b7bb-cfa1-4bdd-9f76-57ea62e3fec1,b8f7886c-1476-4a7e-ac54-12ab3fdd7fc9
1104,176,1980db9a-0306-44f6-9cef-cba2faec9f5f,2d645b0c-5c86-4ca6-9b35-8e7fecf04fdf
1105,176,4a4cdc42-3c6f-4bd0-a07d-97aee66aafe1,2d645b0c-5c86-4ca6-9b35-8e7fecf04fdf
1106,176,eda84c63-699e-416b-963b-fa45b98a1eaa,2d645b0c-5c86-4ca6-9b35-8e7fecf04fdf
1107,176,0b732368-d692-45f3-9d3e-0b67a0cbaf01,2d645b0c-5c86-4ca6-9b35-8e7fecf04fdf
1108,146,4ce30e42-ed2f-442d-b174-07c86ca65a9b,0a98de96-f33e-4e1b-a352-9a64897be46f
1109,146,a1de8e1b-1e4d-49e6-a47c-7188aa5ab69f,0a98de96-f33e-4e1b-a352-9a64897be46f
1110,146,5a1535ac-c752-4c6e-83dc-45fc4e604019,0a98de96-f33e-4e1b-a352-9a64897be46f
1111,146,04d76d89-345a-4efc-aa24-8ec029f1d5d3,0a98de96-f33e-4e1b-a352-9a64897be46f
1112,146,7b9ec535-2a8a-49db-8bf3-d07b6b3d2bed,0a98de96-f33e-4e1b-a352-9a64897be46f
1115,146,01c5af33-6681-48a3-8974-444beff1a0ff,0a98de96-f33e-4e1b-a352-9a64897be46f
1117,146,f337318b-9040-400b-bc54-a2f3a39d3536,0a98de96-f33e-4e1b-a352-9a64897be46f
1118,146,0ebe30bd-bc8e-46b3-b5f5-db4d02b96ccf,0a98de96-f33e-4e1b-a352-9a64897be46f
1119,152,00cf476f-1736-45ca-818f-2976142c5752,26c817ef-9b23-4973-82cc-e96a1a97d5dc
1120,152,82efdb31-420d-4520-8275-e895ff9b63b7,26c817ef-9b23-4973-82cc-e96a1a97d5dc
1122,81,3cafcf28-db15-412e-8419-d6edf7acd9ab,46a3a846-0594-4572-bd98-44af98531585
1125,443,119f2c4c-af9a-4421-8f89-fb65a33854ef,7555e5d4-c7b4-4157-8b86-1aa39e5a742b
1128,142,4240d4cc-34ed-44a8-8f15-d464ae529bb6,d978f0e6-aad9-4718-bb36-0b8c76c36de6
1130,40,08cc0ffc-0aba-4ab6-83e7-a3059b5dbf23,bc62358e-434a-4b1e-b09d-72e879f7e685
1134,90,0e677fed-5932-4ef6-bb93-f8e271927fa7,0d04db60-61ba-493c-b8f5-64806ed374ee
1135,279,54470fb4-e39c-4dfe-8be8-006c1ec1d0f5,1a88a251-3cb7-4f11-90a0-5558530cdd81
1136,58,e4196d5e-aade-4321-9da8-cee5a7c62c34,8a6b49c5-b377-4f5d-b0e8-9a7b626efb3c
1137,1577,a7224148-1896-4ff4-b250-babed8b5da28,23e61dc3-5482-43c3-a154-a84094bcdca3
1138,265,a7ec6133-9af8-4642-bc3b-272333004dfb,3ea5fd91-147a-409d-a64c-650bf87fe7fd
1140,274,26171aff-4438-4055-9030-4686f527c71c,5fd4126d-bead-4b27-9dc0-6aa814e05f49
1141,274,98cb532d-7e6f-4b3c-9954-ca0572fa0b41,5fd4126d-bead-4b27-9dc0-6aa814e05f49
1142,1586,a5f84a71-8cb5-4942-a22e-22386aefc3a8,ca1c49ec-0be5-4fe4-9ab5-2af61e5bf57b
1143,83,c5893b22-ce72-486b-944c-b00afe6b9c5c,25146304-b1ed-4ec0-a9f2-ae1b212b4821
1148,333,abad5c80-74e3-4242-a73c-8b581a855da2,82961c9c-621d-484b-a662-70f7eac7d370
1150,40,2f051a6b-2f6f-4611-a894-41e616ccb960,bc62358e-434a-4b1e-b09d-72e879f7e685
1151,24,810856f7-b5fb-4785-92ad-71612b415fb4,1a737b63-ad3c-462b-9c6b-cbdb07a44871
1152,187,73368fde-d537-45b6-b25e-a251e0cbea0b,5388ccc6-fb1c-4762-8d2d-6b3316b0a2b1
1153,190,f5f86108-726a-4194-a38f-e20b689e5ee4,c80f962f-6090-4fe5-b2b6-5147e6c843df
1154,259,02554a69-295a-4335-9192-0688a377a684,2c89c4a4-e2d6-43a8-a8ed-59770c8b5089
1155,19,80e9278d-7fd2-4111-9e7c-509de51bdf52,358b94b5-3617-4f9f-983e-caf7e425ffac
1156,153,5af6b1d8-d0ee-4400-885f-724e8013213a,2f091f27-e43b-43ff-8d25-9edbd3a1c2fe
1157,81,2df22183-227d-4012-867f-1eaee5a646a2,46a3a846-0594-4572-bd98-44af98531585
1158,89,fbacc494-41fe-407e-9e91-55d90454b83e,23ba372a-af2d-440f-b8ef-794ef52aa077
1159,87,ed5213b4-d3bf-40ec-a314-8da2dc8453e7,0c278ef7-412d-4e09-ae49-1216ae3a427e
1161,7,87da858d-e37f-42d5-a0a2-b361a1eb4253,9a6635ff-a522-447b-8ef1-dc57c04eae60
1161,277,87da858d-e37f-42d5-a0a2-b361a1eb4253,a8df86c1-e7b6-4efd-a0db-0687cd15c517
1162,69,cefcfb76-26c7-49ef-abaa-c8137c8cb8f8,68d23985-95ce-4833-bfba-939d96e0c7ea
1163,90,6f12e21c-1964-441e-ab40-ea6598d3fbbb,0d04db60-61ba-493c-b8f5-64806ed374ee
1164,1476,6484086c-1bd1-48c3-9c66-b24b27ce8044,690e6f6b-0a11-4395-b4a5-1233530e0c9d
1165,1438,babeddfd-b165-43c6-b297-ce4a3d53dec6,c16b4a3e-8fee-465c-a2b9-0b70a682f57b
1167,281,08f1936a-413b-4e6a-a195-c4f1638db7e2,e941b227-e695-4638-b86d-172090dc29df
1168,414,e13c58a2-c674-4af3-ba8e-0946bf50947c,271f01f4-959a-485b-a9d1-2a459a1ddeeb
1170,28,b6500e4e-ebd9-4dbc-857d-7a848c04c3c9,640ff5f6-c924-4484-811a-93df1f274cc9
1172,58,c8842033-0344-48ec-91e2-d503ee51baa6,8a6b49c5-b377-4f5d-b0e8-9a7b626efb3c
1173,96,f2df57a0-500e-4ae3-9a3a-cf32c36aa608,8b54abd3-797c-471c-ad4a-1bde5ea69734
1174,279,2efad7de-2d38-42d7-85c6-9ea78dfcc8bd,1a88a251-3cb7-4f11-90a0-5558530cdd81
1175,280,8224d484-44a4-4ea3-94ff-a6760be400e7,22e72c41-2f7c-460d-9eea-1b0de3c087bd
1176,190,63da4ac0-5d49-4a8b-a5f2-3e68b253d769,c80f962f-6090-4fe5-b2b6-5147e6c843df
1177,280,0dcea660-05ae-461c-8deb-2357baaf8df1,22e72c41-2f7c-460d-9eea-1b0de3c087bd
1178,54,2e8e964b-44f5-4bcd-b61b-8e4850c9a207,3d1bc7f4-e0ed-4100-bb03-38598f2cbad7
1179,190,a9df8ef6-6a7f-4d06-8bf2-455f94ba51d5,c80f962f-6090-4fe5-b2b6-5147e6c843df
1180,190,be39a969-c484-4b0f-9765-631429492f34,c80f962f-6090-4fe5-b2b6-5147e6c843df
1181,44,7985b2e3-4ff3-415b-bef1-55902ffa9985,e0d57de9-43eb-49d4-8cec-367087420e8b
1182,190,90822ded-3af5-4a0b-961b-14f4c8b0b9d3,c80f962f-6090-4fe5-b2b6-5147e6c843df
1183,1436,f5058317-9483-42ee-8107-bf5465db4cdb,1dbace9b-a04b-49ed-8ec9-aa2b8f39070d
1184,49,508f1564-c1b1-4086-af38-356cff9c6602,8e7b59b7-63d6-484d-9517-c1a74563a05f
1185,190,3f3ee9d2-511c-4df3-8466-9c2bad496b4c,c80f962f-6090-4fe5-b2b6-5147e6c843df
1186,49,e3584331-d5b9-4344-82a5-95a1b3983151,8e7b59b7-63d6-484d-9517-c1a74563a05f
1187,79,4c6418a3-5428-4fea-8dba-2e294f3916a8,f467d49a-6a05-4876-a165-a3c3705e5f61
1187,1528,4c6418a3-5428-4fea-8dba-2e294f3916a8,50356f81-f0b5-4ecb-9c3d-27092c94904e
1188,190,35496582-dd86-4b63-acdc-edfad99d42b7,c80f962f-6090-4fe5-b2b6-5147e6c843df
1189,282,94b81d1c-bbc2-4f09-9088-d55e6528067b,648f569b-573c-491d-a6f4-c20f5f9d6bec
1190,58,bc171eea-d8f6-435f-b5cd-aade95b269db,8a6b49c5-b377-4f5d-b0e8-9a7b626efb3c
1191,314,9d515958-a102-4ab5-a2b2-cfb7c9bb40c4,67997c91-3522-4e61-9358-7738da08a226
1191,317,9d515958-a102-4ab5-a2b2-cfb7c9bb40c4,e537790d-92f1-498a-8aa8-99092f013857
1193,79,8e04d561-3e0c-4bd8-8b85-4c0c64bb6eb2,f467d49a-6a05-4876-a165-a3c3705e5f61
1194,379,58ae5dbb-d40b-4fcb-8f11-e46434bde749,92e8b438-8846-449c-ac25-b0b56f348abc
1195,58,96533b51-e33a-4926-96c2-2878a2d57245,8a6b49c5-b377-4f5d-b0e8-9a7b626efb3c
1196,81,634d51b1-8d0a-4d3a-853d-dbe09bd5454a,46a3a846-0594-4572-bd98-44af98531585
1197,190,f01c29e7-ce2e-44a0-bad6-033189cdd69a,c80f962f-6090-4fe5-b2b6-5147e6c843df
1198,190,d4126b69-0e67-458d-8f9a-a8188ce729c1,c80f962f-6090-4fe5-b2b6-5147e6c843df
1199,190,46f2e1d5-0831-4d9e-9cfa-6d670f6c57d9,c80f962f-6090-4fe5-b2b6-5147e6c843df
1200,190,c1c4a093-c66b-4f6b-a1c2-baa2a58ba5c4,c80f962f-6090-4fe5-b2b6-5147e6c843df
1201,190,1bf5eadb-b976-46f7-bd83-9d117c053ab0,c80f962f-6090-4fe5-b2b6-5147e6c843df
1202,190,b4b3ef02-e88b-492a-a3cc-f508b28dbbba,c80f962f-6090-4fe5-b2b6-5147e6c843df
1203,190,b7ffdc65-58e4-4e3b-8ac7-6196dd56deb1,c80f962f-6090-4fe5-b2b6-5147e6c843df
1204,81,38219cd1-c18b-4ce8-ad1e-d1267b2e21af,46a3a846-0594-4572-bd98-44af98531585
1205,81,1f0ee9e2-3fe7-4609-b21a-bcf2613ef07f,46a3a846-0594-4572-bd98-44af98531585
1206,81,a341e5d6-086b-4efa-88da-c3d2e1a5aa8f,46a3a846-0594-4572-bd98-44af98531585
1207,81,c8be83cc-01f9-4d57-9e0b-22b5cf6ea6b9,46a3a846-0594-4572-bd98-44af98531585
1208,81,5f4deec4-798a-4e1c-b718-48bb11320bd6,46a3a846-0594-4572-bd98-44af98531585
1209,81,ba3ad952-4fcf-4354-bf28-c3638a6799c1,46a3a846-0594-4572-bd98-44af98531585
1210,81,7b7795b3-0aef-432c-b6bc-7d9eebd147f9,46a3a846-0594-4572-bd98-44af98531585
1211,81,b1c28768-bb67-46ed-9e3e-2b775ff3d592,46a3a846-0594-4572-bd98-44af98531585
1212,81,41da2891-0275-4ee1-bcbd-b16ca7dcfe20,46a3a846-0594-4572-bd98-44af98531585
1213,9,f06f2594-28fe-471d-834a-9eb7dc9444c2,d14906ed-d7ec-4889-9b2d-dcab4ebc44e7
1214,9,de682c53-2478-4903-8fa5-9c284f2f0bf5,d14906ed-d7ec-4889-9b2d-dcab4ebc44e7
1215,9,682fc572-6f48-4a65-a6b1-c5fe047d94a4,d14906ed-d7ec-4889-9b2d-dcab4ebc44e7
1216,9,b6b69129-fdea-4f94-b4a4-90642cbb2dff,d14906ed-d7ec-4889-9b2d-dcab4ebc44e7
1216,24,b6b69129-fdea-4f94-b4a4-90642cbb2dff,1a737b63-ad3c-462b-9c6b-cbdb07a44871
1216,49,b6b69129-fdea-4f94-b4a4-90642cbb2dff,8e7b59b7-63d6-484d-9517-c1a74563a05f
1217,9,ee26d74a-dee5-406f-87b9-97dd7c3f7856,d14906ed-d7ec-4889-9b2d-dcab4ebc44e7
1220,40,56a8e906-b4ad-487b-9ad8-50a1797d7670,bc62358e-434a-4b1e-b09d-72e879f7e685
1223,117,6b484fa4-7116-4cc2-9d9c-9c1ce458aa81,decee226-8684-4491-8c02-f0746c6bb6ac
1228,9,4fa67cb0-5712-47ab-aa92-bd86077910c6,d14906ed-d7ec-4889-9b2d-dcab4ebc44e7
1229,9,12545174-9da9-42e3-8d64-f2010d7912c5,d14906ed-d7ec-4889-9b2d-dcab4ebc44e7
1230,9,1ddbf058-f0fa-4c57-aee4-ce26cd8858c1,d14906ed-d7ec-4889-9b2d-dcab4ebc44e7
1231,28,cc00c2fe-0eee-4e76-84a6-aaa1732db700,640ff5f6-c924-4484-811a-93df1f274cc9
1232,28,cec91451-33b0-488c-a506-fdf70d53febb,640ff5f6-c924-4484-811a-93df1f274cc9
1233,28,5e4953ed-fffa-4035-83ad-d3054d213cbd,640ff5f6-c924-4484-811a-93df1f274cc9
1234,28,ed1c6ea8-095d-45db-82d0-7df03dd07990,640ff5f6-c924-4484-811a-93df1f274cc9
1235,28,d65d193d-890e-4be4-ae5a-e0907a2ec2ba,640ff5f6-c924-4484-811a-93df1f274cc9
1236,28,284180db-6a49-4ae8-80db-4fa92e8f4755,640ff5f6-c924-4484-811a-93df1f274cc9
1237,28,51fedce4-0b92-4b29-9af2-6512f1101f67,640ff5f6-c924-4484-811a-93df1f274cc9
1238,28,e31a624c-a259-491e-8e78-6226df83c151,640ff5f6-c924-4484-811a-93df1f274cc9
1239,28,f1800c61-e0f1-4fd9-ba79-38835c6feac2,640ff5f6-c924-4484-811a-93df1f274cc9
1240,28,93624263-4482-4a7c-ad9f-4e73a835120e,640ff5f6-c924-4484-811a-93df1f274cc9
1241,28,433368ec-08a9-4a59-8916-99009e2c11c3,640ff5f6-c924-4484-811a-93df1f274cc9
1242,28,e9f9cb28-c043-4aa3-8e1c-9ef57064ea71,640ff5f6-c924-4484-811a-93df1f274cc9
1243,28,926a57c9-1a4f-46e9-8842-6712602eb966,640ff5f6-c924-4484-811a-93df1f274cc9
1244,28,051f5989-923e-40a1-873b-01bbcc2cf6d5,640ff5f6-c924-4484-811a-93df1f274cc9
1245,28,afb282d8-e2f2-40c0-9e1b-da05189b8896,640ff5f6-c924-4484-811a-93df1f274cc9
1246,28,dd4fc78a-dc98-4fcb-8710-9ccf66a5169d,640ff5f6-c924-4484-811a-93df1f274cc9
1247,28,00bd0361-2341-4559-b7fe-ed0df95707ba,640ff5f6-c924-4484-811a-93df1f274cc9
1248,28,fa3d0e93-7afc-4264-8820-a8f57ee88a2b,640ff5f6-c924-4484-811a-93df1f274cc9
1250,28,879ef04b-c2ce-4b67-9e7a-b1c8be4d7628,640ff5f6-c924-4484-811a-93df1f274cc9
1251,28,5d17c162-11ff-4d23-afae-e9c48664ecdc,640ff5f6-c924-4484-811a-93df1f274cc9
1252,28,a9da62e7-50f5-4a70-91b1-9b3d93099880,640ff5f6-c924-4484-811a-93df1f274cc9
1253,28,db3cc3f9-10ac-4974-92cd-879b57dafb98,640ff5f6-c924-4484-811a-93df1f274cc9
1254,28,f5ecfc35-c225-4d05-b1dc-ab6c596bf3ad,640ff5f6-c924-4484-811a-93df1f274cc9
1255,28,33d269f3-8a32-487b-808d-631b242cd6f7,640ff5f6-c924-4484-811a-93df1f274cc9
1256,28,7d9ff4de-f45a-4f52-81f5-9c7818815238,640ff5f6-c924-4484-811a-93df1f274cc9
1257,28,5c4455cc-2934-46e7-a881-dd5e01e78795,640ff5f6-c924-4484-811a-93df1f274cc9
1258,28,1caee04a-4af4-48f7-b664-fd4163449f81,640ff5f6-c924-4484-811a-93df1f274cc9
1259,28,c8175f13-3376-4fe6-a0cb-87f17ff25dcc,640ff5f6-c924-4484-811a-93df1f274cc9
1260,28,c117d84c-6804-4c8e-9055-60bfbe62c9b0,640ff5f6-c924-4484-811a-93df1f274cc9
1261,28,f76c6bb6-f3b5-460d-8ef8-a8645c697cbd,640ff5f6-c924-4484-811a-93df1f274cc9
1261,117,f76c6bb6-f3b5-460d-8ef8-a8645c697cbd,decee226-8684-4491-8c02-f0746c6bb6ac
1262,28,89731817-e622-488d-8b59-852b833f25ed,640ff5f6-c924-4484-811a-93df1f274cc9
1263,28,666d1e2c-8039-4a2b-8444-7f0303cadd86,640ff5f6-c924-4484-811a-93df1f274cc9
1264,28,6f0ee309-5b19-46b4-9a60-7d9b2e738c19,640ff5f6-c924-4484-811a-93df1f274cc9
1265,28,ca4e3f3a-b2ca-4c45-a9a9-71befe163338,640ff5f6-c924-4484-811a-93df1f274cc9
1266,28,cb0a64bf-6d38-427b-8165-8af9112bfb4b,640ff5f6-c924-4484-811a-93df1f274cc9
1267,28,87aa375e-c007-4fa0-b0c0-fbc166c6b279,640ff5f6-c924-4484-811a-93df1f274cc9
1271,119,1aba7c2c-21c4-483b-8ea7-2030630d39c1,a4a842ac-6d31-4212-b4c9-f414a9712895
1273,117,9f2df7c0-641b-4fb6-a6cf-1239073ca6ef,decee226-8684-4491-8c02-f0746c6bb6ac
1283,65,d51d9d78-5f0d-415a-8a5d-f16fe4ce96b3,71c3836d-c92c-4a50-ab85-87c986635583
1283,233,d51d9d78-5f0d-415a-8a5d-f16fe4ce96b3,3327eaaa-95a2-486d-8521-1bd82d5cf37a
1285,65,56302406-5fd5-4f99-a88f-9d890a678521,71c3836d-c92c-4a50-ab85-87c986635583
1285,233,56302406-5fd5-4f99-a88f-9d890a678521,3327eaaa-95a2-486d-8521-1bd82d5cf37a
1286,155,9d56f1c4-4003-401b-b2ec-b7a46dda63b9,c29da24a-aa6b-4c32-bef8-8fcb970c47b3
1289,117,6ffc2341-5076-4e61-a72a-e850b35dabe5,decee226-8684-4491-8c02-f0746c6bb6ac
1290,65,0061094e-ffb8-483d-ba17-377c9fa0ea1a,71c3836d-c92c-4a50-ab85-87c986635583
1295,140,ad6fec22-1b39-449d-a70a-37210874210c,5e30830f-1a0b-4983-9ffd-39cd4239b236
1296,323,793e383b-6901-4c9e-9c98-8dfe88ed74bb,fb3cfb51-ea14-4695-9b25-a025d3ffd25a
1297,124,6adca5de-e7f8-44f3-b6eb-8e8e26f6004e,cce29796-6f71-4a60-bba2-58a4a1fd922a
1298,140,983192f8-cf60-4f54-9035-3fae37fa8b27,5e30830f-1a0b-4983-9ffd-39cd4239b236
1299,177,6db43299-7a54-4e24-b51f-69e515d2a199,04a9c418-a92b-4f1d-820c-5c37512c7927
1299,1461,6db43299-7a54-4e24-b51f-69e515d2a199,2bd46c51-f41b-4c6e-a55d-d4371f495117
1301,284,1fb41f0d-127e-49e2-82b4-74595ed970b3,4b49564f-28cc-4cfd-88db-05949b12da90
1302,140,7990802a-86e9-460c-b950-02198b53bd67,5e30830f-1a0b-4983-9ffd-39cd4239b236
1303,177,dc087220-ef4a-4e9b-aa79-1d485ec3a9a2,04a9c418-a92b-4f1d-820c-5c37512c7927
1304,285,4c792a5d-b2bb-49cc-976a-ede1db397094,c6e6a686-dd33-42fd-a0d6-80a5ab29ebde
1306,287,ab3f02f2-63b9-49d7-9c52-09687fb95c13,36d7f24f-c38e-42a9-8fd1-f579226298ab
1307,246,5479d345-f886-4f6f-8162-5e426dc399e5,0c13df62-f42e-40f5-a090-08ca0b806338
1308,59,576a2f4f-4085-45c7-ab6a-efc6fab37ee9,0ab221c9-9090-45d3-8f78-9cc0012614df
1309,62,294e2401-0b0e-49e6-82e3-ccaeded71f1b,40b736e4-3eff-44db-8fc8-e191322c321b
1310,40,9ecb4448-7f0e-4b56-83fb-fd49448339ac,bc62358e-434a-4b1e-b09d-72e879f7e685
1311,164,80ad1f38-cbdd-4cf4-98fd-0fe735a089a3,22696324-bb0d-45a4-8201-26ea3bbe9fdc
1314,28,aaa70017-94c8-4888-b960-b77f7fbe9a0f,640ff5f6-c924-4484-811a-93df1f274cc9
1315,24,1882c731-f42d-48f0-90ed-60fff9a97dee,1a737b63-ad3c-462b-9c6b-cbdb07a44871
1316,140,7732a04b-1a96-4c96-82dd-a41d2cfb9e8a,5e30830f-1a0b-4983-9ffd-39cd4239b236
1317,179,2bdd0723-33e6-4569-8f98-577b351f6465,617a4cfd-dcaf-40c4-98a9-3d388c7ca4a0
1318,81,0954cdaf-51f6-4bba-a6f4-bed6574b10c0,46a3a846-0594-4572-bd98-44af98531585
1319,28,eadf9eac-5462-4272-8b0a-c0f84c1ee0d7,640ff5f6-c924-4484-811a-93df1f274cc9
1320,81,73e91589-e32e-420a-babe-884ef90b59e6,46a3a846-0594-4572-bd98-44af98531585
1321,28,8ecb38d4-5628-4e80-8442-5aeaf7a14368,640ff5f6-c924-4484-811a-93df1f274cc9
1325,140,1da1e89b-16f2-4581-bd50-d9dfd54ca64f,5e30830f-1a0b-4983-9ffd-39cd4239b236
1328,24,692833ac-4ba0-4e8f-a65c-9febf150214e,1a737b63-ad3c-462b-9c6b-cbdb07a44871
1329,140,f5cf4167-3ef7-4b5d-8798-fe27fb53d236,5e30830f-1a0b-4983-9ffd-39cd4239b236
1331,24,41a58335-19e7-4833-bb8d-474a75fbdc9c,1a737b63-ad3c-462b-9c6b-cbdb07a44871
1332,28,f40a825a-5748-4de7-aa53-8d3bf6f58954,640ff5f6-c924-4484-811a-93df1f274cc9
1334,288,1ca9f2c5-87cc-43e4-b1cf-1c0d3c3c2528,0ff5b658-c3e6-438a-b919-024649a6ef53
1335,28,c459b82f-d812-4b22-805f-e13481c54de9,640ff5f6-c924-4484-811a-93df1f274cc9
1337,187,484eec37-591b-459b-a530-d2fa696fbd9e,5388ccc6-fb1c-4762-8d2d-6b3316b0a2b1
1338,24,f2f4fdcd-a82c-4581-80c2-a4ae3e36aca2,1a737b63-ad3c-462b-9c6b-cbdb07a44871
1339,287,492535b2-6eb1-4430-af52-24b09e6f2fbb,36d7f24f-c38e-42a9-8fd1-f579226298ab
1340,140,e0ca0151-d14e-41f6-8cde-bab24262490b,5e30830f-1a0b-4983-9ffd-39cd4239b236
1341,28,6f45c981-fbe9-41ff-80bd-58eb32bce0a6,640ff5f6-c924-4484-811a-93df1f274cc9
1341,153,6f45c981-fbe9-41ff-80bd-58eb32bce0a6,2f091f27-e43b-43ff-8d25-9edbd3a1c2fe
1343,65,e6291793-d10b-4de7-b782-ac15a9fcec5e,71c3836d-c92c-4a50-ab85-87c986635583
1347,40,0b7e004e-76cb-4392-a6a4-ad33b37c898d,bc62358e-434a-4b1e-b09d-72e879f7e685
1350,9,154c57b2-5c1b-40fb-967a-63c5bcd3c74f,d14906ed-d7ec-4889-9b2d-dcab4ebc44e7
1351,281,90824bf5-e25a-4be9-82ba-2a8989c8bf82,e941b227-e695-4638-b86d-172090dc29df
1352,59,211f180c-a28f-4883-92cf-82a615fcedb1,0ab221c9-9090-45d3-8f78-9cc0012614df
1353,124,891981a1-483c-4d32-9e0a-0b2296a73114,cce29796-6f71-4a60-bba2-58a4a1fd922a
1354,40,07073296-3b75-47aa-95c9-97de0287ae39,bc62358e-434a-4b1e-b09d-72e879f7e685
1355,190,3a34651a-c512-4de5-861e-09a469f645f6,c80f962f-6090-4fe5-b2b6-5147e6c843df
1356,28,6ff2a2e3-57d2-483f-857f-bd17bce1703d,640ff5f6-c924-4484-811a-93df1f274cc9
1357,152,a010e6a2-7edc-4c76-9db5-05936c9bd35e,26c817ef-9b23-4973-82cc-e96a1a97d5dc
1358,59,dd3fd450-075e-4a3e-a7b9-371939763e99,0ab221c9-9090-45d3-8f78-9cc0012614df
1359,40,a31b43e0-970f-41d4-ac3f-7dd3bfcfb34e,bc62358e-434a-4b1e-b09d-72e879f7e685
1361,44,d6a3f65b-3e9f-4d1d-ac7a-9a6dd13d15ef,e0d57de9-43eb-49d4-8cec-367087420e8b
1362,62,a36cdb70-b38a-450d-84d6-f701a847655c,40b736e4-3eff-44db-8fc8-e191322c321b
1363,86,197cafdc-3385-4ece-9fb4-0c2d1279ccde,6361e1ff-75aa-4916-a429-5b6e5c026f08
1364,187,f63fa6ad-ff65-426f-ad92-5962169abc56,5388ccc6-fb1c-4762-8d2d-6b3316b0a2b1
1365,24,78d2eb36-a7d5-4129-a844-1aa7bdde0f33,1a737b63-ad3c-462b-9c6b-cbdb07a44871
1366,81,61eeecf9-9537-4e47-9a78-a8632bb1d118,46a3a846-0594-4572-bd98-44af98531585
1367,119,edef6980-fd62-4324-90f8-5bc45d21a7e1,a4a842ac-6d31-4212-b4c9-f414a9712895
1367,252,edef6980-fd62-4324-90f8-5bc45d21a7e1,b8f7886c-1476-4a7e-ac54-12ab3fdd7fc9
1368,65,8e7d282a-4f5c-4ed1-a84e-848bcc1c7c1d,71c3836d-c92c-4a50-ab85-87c986635583
1369,1539,7949477c-cca7-4bcd-b6c4-c3b0a4aca573,351e534f-c5d4-454d-9278-cc5f8bc8bc2c
1371,1588,fccb1e5b-1244-49f8-92e5-b7763d675132,6a93bcd1-bb61-4020-83f9-b5c33e37b840
1372,28,e0548118-0081-4248-8388-c514330abee6,640ff5f6-c924-4484-811a-93df1f274cc9
1373,124,0ae023cd-38ab-42c8-896b-0f2283d95f78,cce29796-6f71-4a60-bba2-58a4a1fd922a
1374,81,f0a944a0-0067-4272-9357-2e25e048a757,46a3a846-0594-4572-bd98-44af98531585
1375,117,387a5af9-8b1d-4b96-b42e-92755cc5dc9c,decee226-8684-4491-8c02-f0746c6bb6ac
1376,40,f4d9dc60-c5b8-4997-a64d-59e95493b024,bc62358e-434a-4b1e-b09d-72e879f7e685
1377,140,4b28ca27-11bc-4255-a82d-316428346d59,5e30830f-1a0b-4983-9ffd-39cd4239b236
1379,59,43a714b8-42e3-4e7a-950f-45373afdb383,0ab221c9-9090-45d3-8f78-9cc0012614df
1380,96,11408acb-1433-4b2b-aed8-c261c622e8d1,8b54abd3-797c-471c-ad4a-1bde5ea69734
1382,62,97663b29-8869-4e67-b359-e785dbf663cd,40b736e4-3eff-44db-8fc8-e191322c321b
1383,40,84536d1f-f5cb-4b31-ad6d-00d212e87bd2,bc62358e-434a-4b1e-b09d-72e879f7e685
1384,153,904499db-2bb6-438b-9421-7cf6e3feb25a,2f091f27-e43b-43ff-8d25-9edbd3a1c2fe
1385,187,4dd3555a-5d50-4eb1-a89d-8cce3a69bd58,5388ccc6-fb1c-4762-8d2d-6b3316b0a2b1
1386,181,1158fa75-497b-45aa-8725-26c08f180a21,f42a1786-eb79-4530-8fcf-b13b93446f6f
1387,86,813b441b-5b94-4ac5-a449-de150515bf24,6361e1ff-75aa-4916-a429-5b6e5c026f08
1388,289,5ce23186-6c66-4029-b99d-af28d442d266,fb70ef82-e49a-49d8-bfc5-a85b794ecdd8
1389,289,ed4bfb7f-8e94-4ef8-9278-37a4a7d67f97,fb70ef82-e49a-49d8-bfc5-a85b794ecdd8
1390,9,abed54ac-c4b9-41f5-ac7b-227858a47424,d14906ed-d7ec-4889-9b2d-dcab4ebc44e7
1390,124,abed54ac-c4b9-41f5-ac7b-227858a47424,cce29796-6f71-4a60-bba2-58a4a1fd922a
1392,117,518d777d-33c3-4762-bf3f-4df2b8f45cd7,decee226-8684-4491-8c02-f0746c6bb6ac
1393,1,de138b23-6e01-4f68-9c2a-c252298ad229,b1d49301-fe07-4171-b989-7768419e0373
1394,24,09311b43-7fef-4a1f-85a5-bfdc9329d526,1a737b63-ad3c-462b-9c6b-cbdb07a44871
1396,290,1164e6bf-d780-4001-b379-e51dd98712aa,5add5078-22ee-4fe5-b3f7-bd54ff1f3381
1399,1588,125d375c-d85a-433d-8292-ccc7e5ff7172,6a93bcd1-bb61-4020-83f9-b5c33e37b840
1401,140,8f00d2e8-236f-43e0-9fa0-1f93d4194ea6,5e30830f-1a0b-4983-9ffd-39cd4239b236
1405,42,bab5a124-426d-4d3b-acc2-6496e60333d3,7943dbc7-7395-45ed-ad7d-9b9247b90db0
1406,21,5cafdc79-bade-4302-97e1-a5eb2a0a0fc7,d0afac79-d069-449f-abb6-c18974f09fba
1407,28,f7e3dd49-ae36-401b-b277-7a35a8337ce8,640ff5f6-c924-4484-811a-93df1f274cc9
1408,187,77db40cd-9dae-4875-ba38-fd7388c1ae3b,5388ccc6-fb1c-4762-8d2d-6b3316b0a2b1
1409,152,c11682be-1086-4e8e-8e82-bfe42caf9627,26c817ef-9b23-4973-82cc-e96a1a97d5dc
1414,140,23b6ded0-ca2f-49db-b4c5-47aa42dfa286,5e30830f-1a0b-4983-9ffd-39cd4239b236
1416,124,24e178bd-9e63-48fa-b904-940cff43ceba,cce29796-6f71-4a60-bba2-58a4a1fd922a
1417,42,df38226b-47c0-4fc9-913b-16d930df7601,7943dbc7-7395-45ed-ad7d-9b9247b90db0
1418,140,7b12b783-cee1-4871-a2f3-165bb79a05f1,5e30830f-1a0b-4983-9ffd-39cd4239b236
1421,40,db6ac393-d3f2-4456-95f1-27c980b00855,bc62358e-434a-4b1e-b09d-72e879f7e685
1423,124,97dae587-c601-4aa3-90cf-d78adceb118b,cce29796-6f71-4a60-bba2-58a4a1fd922a
1429,19,dd3a0847-497a-4828-898b-e6776f5d0114,358b94b5-3617-4f9f-983e-caf7e425ffac
1434,140,4ad5320b-07a1-4c8e-b3c8-17efdd3bc191,5e30830f-1a0b-4983-9ffd-39cd4239b236
1436,81,caf84883-81e0-48a4-96fa-bbfc6eff8329,46a3a846-0594-4572-bd98-44af98531585
1437,152,5bcee67c-8f52-498d-a7f8-9e169efc9724,26c817ef-9b23-4973-82cc-e96a1a97d5dc
1438,140,0b1dbf9c-046d-46ee-b8dd-e21c405177ae,5e30830f-1a0b-4983-9ffd-39cd4239b236
1439,154,c5a19e6b-6775-4199-ba87-92e4bc9df159,936a4c40-60df-4313-86ff-8bf038acee61
1440,153,7d6e3d38-aa60-440e-9307-16b8b9138526,2f091f27-e43b-43ff-8d25-9edbd3a1c2fe
1441,24,13b954bd-3cf1-477d-9ed0-2b13a7b1c08b,1a737b63-ad3c-462b-9c6b-cbdb07a44871
1442,140,057cb251-f7fe-4e44-a7db-c911f1168c1f,5e30830f-1a0b-4983-9ffd-39cd4239b236
1443,24,025fefea-7a01-4c3a-992a-7e75df460a18,1a737b63-ad3c-462b-9c6b-cbdb07a44871
1446,292,7e56bcec-294c-4c9f-b99a-7e4235676f24,cb88ebfb-78d7-4e54-a9ec-b21d656bb640
1447,162,4bce0fe9-5f22-486b-8ed6-dab208ff0515,b5f24c2f-60b1-4a00-98c8-c025702f1644
1449,18,84798aa4-2ef6-4285-80cc-a263c21945b6,1742965b-91bb-4c4e-b592-7e005ae1c874
1450,162,6c7db0a3-fc8f-41e8-b95b-b12c72ad88d4,b5f24c2f-60b1-4a00-98c8-c025702f1644
1451,177,f89038f2-4b1c-476d-a0d5-c0e35c873393,04a9c418-a92b-4f1d-820c-5c37512c7927
1453,272,742756a4-ca3e-4c34-ba63-2c0f6637778f,b2f6a3ae-50d1-48f1-b556-15e7696fa1a6
1455,293,a53109a5-0e4d-49af-bee4-64f701a7304b,76d27797-08ed-44a0-8727-6aced26b594b
1465,294,c5e4324d-b457-4798-90c5-837d60a80fdf,d7e7bcd2-23e3-4a17-9214-d47c06d5f20b
1466,42,f83fa023-bb59-4cbf-b59b-e63519cb4bc3,7943dbc7-7395-45ed-ad7d-9b9247b90db0
1466,49,f83fa023-bb59-4cbf-b59b-e63519cb4bc3,8e7b59b7-63d6-484d-9517-c1a74563a05f
1466,59,f83fa023-bb59-4cbf-b59b-e63519cb4bc3,0ab221c9-9090-45d3-8f78-9cc0012614df
1466,144,f83fa023-bb59-4cbf-b59b-e63519cb4bc3,7159550d-45f7-4441-931a-cac0da8393f4
1470,162,a14c18c7-6530-4b69-b778-4bebce86a6d2,b5f24c2f-60b1-4a00-98c8-c025702f1644
1480,28,af433661-f77d-491f-8f64-d8d6440638fa,640ff5f6-c924-4484-811a-93df1f274cc9
1481,408,178f3afe-2a5f-4f41-8cc7-cb41fb3dd529,c7d600dc-8aae-4b43-9272-760fae6c72c8
1486,296,17d0bbbc-3022-459e-869d-3c0d3cbfd207,e8b75b79-6ce0-4809-b6ca-d4c2881df346
1487,122,5d579bf5-e001-4ffd-bf91-ab7a44c9611e,22a9832f-e3b9-4ca0-858e-c354940c64ca
1487,304,5d579bf5-e001-4ffd-bf91-ab7a44c9611e,45a0f4ec-3b5c-47ac-8460-854764b0490e
1489,187,b3f84392-9d2d-4ff4-abc6-22face0d6e5d,5388ccc6-fb1c-4762-8d2d-6b3316b0a2b1
1490,157,2caea920-ed0e-4986-ae7f-13e7cde117a3,e8ce0762-3e4d-48b6-9150-351d0b508b80
1493,140,de1e050f-4483-41e5-89e5-8d9e1ca9f370,5e30830f-1a0b-4983-9ffd-39cd4239b236
1494,89,2e1af169-2785-4d8f-a408-d03a2a6c1e55,23ba372a-af2d-440f-b8ef-794ef52aa077
1494,97,2e1af169-2785-4d8f-a408-d03a2a6c1e55,951dbb46-a317-402d-95c1-f847dc99f172
1494,140,2e1af169-2785-4d8f-a408-d03a2a6c1e55,5e30830f-1a0b-4983-9ffd-39cd4239b236
1495,140,4a48f961-4dba-4117-b0a8-50bb01b251b4,5e30830f-1a0b-4983-9ffd-39cd4239b236
1498,232,a9d6db54-cce6-42e3-bf37-64df41813667,681290ad-c6c4-4501-a053-6fb632a97fb0
1499,297,0ea859cf-a257-4edd-91f4-a6bbf8b71ad1,c48402fd-d440-474c-9561-0427c9bd95f5
1500,281,92489e1a-2bb6-4811-80ab-b628050fddd8,e941b227-e695-4638-b86d-172090dc29df
1502,81,ec276168-fffa-4999-8258-cd9a0872f897,46a3a846-0594-4572-bd98-44af98531585
1504,89,c0869ab6-a2e4-4268-a308-4d26e839a4af,23ba372a-af2d-440f-b8ef-794ef52aa077
1507,1,57df49cf-56a7-4c62-9a1f-e1b8cabdea19,b1d49301-fe07-4171-b989-7768419e0373
1508,187,811d9bf3-f89e-40cc-b19f-d01b6352aa49,5388ccc6-fb1c-4762-8d2d-6b3316b0a2b1
1509,24,d6535429-cf16-4da6-b219-ab891d347587,1a737b63-ad3c-462b-9c6b-cbdb07a44871
1510,162,f4409bfa-7505-47d2-ae6a-4fec06d90156,b5f24c2f-60b1-4a00-98c8-c025702f1644
1511,279,a69b7ba5-89d1-4f65-b0e7-873e87f9671c,1a88a251-3cb7-4f11-90a0-5558530cdd81
1512,79,f3e4d62f-5081-40d2-9b6e-7fae698dbdf2,f467d49a-6a05-4876-a165-a3c3705e5f61
1513,298,8b505abd-0d83-44a3-ad74-f68a301bc88b,eb210708-8256-4b12-ab4c-89b02264a3de
1516,11,cf69a2c0-0784-4b44-be33-ac22999ace64,8b4fb246-83a3-4768-8e01-4e82d9834957
1516,21,cf69a2c0-0784-4b44-be33-ac22999ace64,d0afac79-d069-449f-abb6-c18974f09fba
1516,28,cf69a2c0-0784-4b44-be33-ac22999ace64,640ff5f6-c924-4484-811a-93df1f274cc9
1517,162,103a3b7c-f5b8-46d7-8438-095661ebc1a6,b5f24c2f-60b1-4a00-98c8-c025702f1644
1518,18,f224a6f5-56d1-45c1-9a8d-4ec11a26f2a5,1742965b-91bb-4c4e-b592-7e005ae1c874
1519,18,59e1be30-225e-4ae6-8701-c9b2c79d51c2,1742965b-91bb-4c4e-b592-7e005ae1c874
1520,18,07d0e909-9ac1-4d1b-b879-384868f0a273,1742965b-91bb-4c4e-b592-7e005ae1c874
1521,40,7d9d5dcd-98b4-4a3b-8cdc-6397cb30cab5,bc62358e-434a-4b1e-b09d-72e879f7e685
1522,151,5683d7e8-f5d3-426d-8610-cdeef8576563,fe2bc426-db9d-4afc-bc4b-01f296a4ee76
1523,19,54d29132-01d7-4fbb-9f13-ae35157c85e2,358b94b5-3617-4f9f-983e-caf7e425ffac
1524,314,f58d1f42-22eb-4359-8067-bda7ee74469d,67997c91-3522-4e61-9358-7738da08a226
1524,317,f58d1f42-22eb-4359-8067-bda7ee74469d,e537790d-92f1-498a-8aa8-99092f013857
1525,53,1e9dd292-cb4f-4a46-9c2b-84a44ec53268,e7e211f1-95b2-480d-900e-a52636204a2b
1525,284,1e9dd292-cb4f-4a46-9c2b-84a44ec53268,4b49564f-28cc-4cfd-88db-05949b12da90
1526,81,18fe1990-0c9b-437c-8769-0363137ba1e9,46a3a846-0594-4572-bd98-44af98531585
1527,40,eb3772db-57cc-495f-b7e8-548b910ecb46,bc62358e-434a-4b1e-b09d-72e879f7e685
1528,311,699d6118-2ec2-465c-ba13-fff77605cbfd,8941dbfd-1986-45ba-b2a3-0b2f59913079
1529,1493,8f2378e5-e847-4124-8050-079a190ae8b3,0e513df6-e201-4874-867f-249debc40d50
1530,1490,be75b64c-b47c-46eb-bfcc-c83017b2bd8c,251f7ee5-da80-4bcb-b7fd-aff4272e6f52
1531,162,736c0d66-95cb-450c-abf6-406c71b8ffc2,b5f24c2f-60b1-4a00-98c8-c025702f1644
1531,279,736c0d66-95cb-450c-abf6-406c71b8ffc2,1a88a251-3cb7-4f11-90a0-5558530cdd81
1532,299,b187826d-bf24-43d1-ab91-8107bb0c55e3,0d04cc2b-f17d-4cb3-9a59-d50df338e72a
1533,162,b59c1f19-6498-4f2f-866f-e8e721c92d98,b5f24c2f-60b1-4a00-98c8-c025702f1644
1535,119,7984973f-8f26-409b-bf90-06975598fce4,a4a842ac-6d31-4212-b4c9-f414a9712895
1536,268,930bbded-2e8d-48d5-9daa-b900f0e0239e,aa3306e8-086b-47e0-8df6-81efcac93d77
1538,40,3443511c-4c3e-4499-b4c6-4027bb2c8768,bc62358e-434a-4b1e-b09d-72e879f7e685
1539,100,c9b7a2d7-9234-405f-8e82-0d036ab3e9d5,5a96650e-e164-417a-ba67-e071a51dea2e
1544,1588,0f1fcaed-5278-4f12-ad61-3ed91c4dfed6,6a93bcd1-bb61-4020-83f9-b5c33e37b840
1546,59,babdbfbe-3ae7-42e1-97a1-cb8dde0a428f,0ab221c9-9090-45d3-8f78-9cc0012614df
1546,62,babdbfbe-3ae7-42e1-97a1-cb8dde0a428f,40b736e4-3eff-44db-8fc8-e191322c321b
1546,153,babdbfbe-3ae7-42e1-97a1-cb8dde0a428f,2f091f27-e43b-43ff-8d25-9edbd3a1c2fe
1546,253,babdbfbe-3ae7-42e1-97a1-cb8dde0a428f,0a17b295-c551-41da-ada5-924dddf4c0fc
1546,287,babdbfbe-3ae7-42e1-97a1-cb8dde0a428f,36d7f24f-c38e-42a9-8fd1-f579226298ab
1547,301,770df001-4e9d-488b-bfa0-6eef5e23d8ad,c589a768-91e6-42b9-9c4b-dd3a17fd30e2
1548,281,248441d4-aa88-4b4a-b8b0-8c1d2114afa9,e941b227-e695-4638-b86d-172090dc29df
1549,187,71e9ded1-919e-4504-b948-503128e55e5d,5388ccc6-fb1c-4762-8d2d-6b3316b0a2b1
1555,178,77649a55-15f2-412b-a65e-7d05c4cea6b1,c93d087f-2920-4d6c-8295-9b1d115bd66f
1557,302,725164f4-c796-4938-9464-31736e37c37c,dd52d8cf-f35e-4d25-b276-eea0006ed9ea
1566,40,2ad7474f-c2f4-4b84-90d8-9735a9aefe5d,bc62358e-434a-4b1e-b09d-72e879f7e685
1567,140,2aebd6ff-940a-435f-84a0-b51ba7350958,5e30830f-1a0b-4983-9ffd-39cd4239b236
1568,140,484f89d6-bd9e-47ea-aae2-8895c8360e13,5e30830f-1a0b-4983-9ffd-39cd4239b236
1569,162,6e98aef4-5f3f-4078-9b86-87a9378fc7ee,b5f24c2f-60b1-4a00-98c8-c025702f1644
1571,24,f92c86d7-16a0-41d6-bd11-692740bd7c04,1a737b63-ad3c-462b-9c6b-cbdb07a44871
1572,303,294f8550-beb5-44d7-94e3-70c8c4434635,bbeba0ea-2089-449e-9bcb-92cd668a17bf
1573,122,65e9db3f-0167-4fff-aec2-271473697ddf,22a9832f-e3b9-4ca0-858e-c354940c64ca
1573,304,65e9db3f-0167-4fff-aec2-271473697ddf,45a0f4ec-3b5c-47ac-8460-854764b0490e
1574,1587,61a59cdd-4b28-40cf-8139-b256af49e6ba,dcc49dd9-0b1a-450a-bd62-cea82ac22dd0
1577,96,69f722df-53a7-404b-96d3-e50bda904cd6,8b54abd3-797c-471c-ad4a-1bde5ea69734
1578,117,a202b9b9-c340-42a9-8502-83691508ff5b,decee226-8684-4491-8c02-f0746c6bb6ac
1578,259,a202b9b9-c340-42a9-8502-83691508ff5b,2c89c4a4-e2d6-43a8-a8ed-59770c8b5089
1579,305,8fa7a51d-398c-4b07-b28f-7f8524ee6e96,37c14e43-471b-4cba-ab88-160730fbc35f
1580,1490,b0b700e6-80bf-46f1-81ec-ea14cfea9271,251f7ee5-da80-4bcb-b7fd-aff4272e6f52
1581,44,937080f8-d7d8-4bf4-b096-ab6b1dd1a2d8,e0d57de9-43eb-49d4-8cec-367087420e8b
1582,281,25bd0e01-b2b9-4549-8e8f-ebb7ab402c61,e941b227-e695-4638-b86d-172090dc29df
1583,89,06712ab8-1110-40e2-8db9-7677965bd346,23ba372a-af2d-440f-b8ef-794ef52aa077
1584,49,8415d1b0-f5de-419f-b0c5-aaa433da2204,8e7b59b7-63d6-484d-9517-c1a74563a05f
1585,28,e4370f3c-8196-4da1-8436-fb42da758fdd,640ff5f6-c924-4484-811a-93df1f274cc9
1586,180,7c75e62d-dabc-4797-ba47-93ba2a5f8302,51703c7e-f22d-49d7-b1eb-9d4c9b4bbcc5
1594,306,3d094c33-3b44-4dbf-b8da-4dcea9b5ee94,0060f010-00ed-4da0-9813-c6b1189e5f4c
1597,307,08121b24-2caf-4624-8dac-3df3b01e4480,451190f4-5d66-401b-9e72-d92b3415295a
1604,308,6a9ba710-7b8c-4687-865a-47fa06043902,7ad5dba9-6713-43bd-9b0e-32f48d343950
1605,309,8f58ea8d-2de1-4bc1-b0dc-bb1c12418e77,c7808be2-8151-42c8-8d52-e9fd497b8795
1616,92,13d5e4fd-94f6-4669-a594-55b95f013068,fe87806b-6dd7-4ca3-b670-d134caaebda3
1617,86,1cd5dc64-f175-4d94-bda3-8d04e2532025,6361e1ff-75aa-4916-a429-5b6e5c026f08
1620,24,49b5d9e3-26cc-41e4-8855-29e488023b65,1a737b63-ad3c-462b-9c6b-cbdb07a44871
1621,140,5b979231-ca4d-4159-a94a-ca8559753d83,5e30830f-1a0b-4983-9ffd-39cd4239b236
1623,153,d45a6b0c-d919-4090-a2e8-ac4618c0beda,2f091f27-e43b-43ff-8d25-9edbd3a1c2fe
1624,58,0f68dcab-cfe5-4366-bf88-95c641894845,8a6b49c5-b377-4f5d-b0e8-9a7b626efb3c
1625,279,3f285a22-db95-45a7-b5ef-3be581cc59ea,1a88a251-3cb7-4f11-90a0-5558530cdd81
1626,253,b2a4bc2c-b093-46a8-9a1b-3463a62eb6ca,0a17b295-c551-41da-ada5-924dddf4c0fc
1629,88,e8531414-aa27-47a8-a466-b53173656e88,1b32229a-622c-4f41-85d2-73f9d3ac16ff
1630,36,f0fd576e-7a78-4e39-b51d-b2bf42d039f2,acdac7eb-bd18-45d9-8f99-50376e188e9f
1631,117,96d0b011-13e4-4347-b28b-16f750ba86f3,decee226-8684-4491-8c02-f0746c6bb6ac
1631,259,96d0b011-13e4-4347-b28b-16f750ba86f3,2c89c4a4-e2d6-43a8-a8ed-59770c8b5089
1632,69,ffee1eac-9eee-4628-94ce-12a3e8ea21b1,68d23985-95ce-4833-bfba-939d96e0c7ea
1634,59,a83f2b9d-0115-4be2-b8ae-9420875abc35,0ab221c9-9090-45d3-8f78-9cc0012614df
1636,280,ce261021-be58-478f-bdee-d7ef6f3f7cbf,22e72c41-2f7c-460d-9eea-1b0de3c087bd
1638,262,015d14d4-15af-4ffd-a81d-af493e654d19,7a8dabeb-ed7e-4ae9-a16f-3b60097e83d9
1639,255,5665393f-86a3-492e-9141-da31b49ed3aa,747d634d-f346-49cd-aa18-fe7a62198c7c
1640,281,62e01820-0750-489a-bf2a-f7f76fe59f11,e941b227-e695-4638-b86d-172090dc29df
1641,298,62e27370-f1f3-4151-90ed-08126987b22d,eb210708-8256-4b12-ab4c-89b02264a3de
1642,81,b4daa46d-9922-4e6b-b77d-64fe98598b87,46a3a846-0594-4572-bd98-44af98531585
1643,19,1ce557d8-7e25-400f-beb0-a5a1b8f0cdb5,358b94b5-3617-4f9f-983e-caf7e425ffac
1644,262,528ebe32-3a54-40e3-bf81-0a791db9aa98,7a8dabeb-ed7e-4ae9-a16f-3b60097e83d9
1646,28,fa0c2101-fa97-4fc7-9037-7dc16e0168fa,640ff5f6-c924-4484-811a-93df1f274cc9
1648,1456,edb87109-6a12-4346-b8bf-fdebb65fcf82,ef2d1f14-6b44-4a12-a5d6-f35a7d4e1a2e
1649,9,db2aaa1f-417d-4de1-b258-21554740df6a,d14906ed-d7ec-4889-9b2d-dcab4ebc44e7
1650,152,be0e04a5-e08c-42e7-bd67-3ca893b7b939,26c817ef-9b23-4973-82cc-e96a1a97d5dc
1651,65,b4c02764-6032-43f3-85fd-02354d909fc9,71c3836d-c92c-4a50-ab85-87c986635583
1652,1490,54376f92-6a3f-44fa-870e-256c612a2a05,251f7ee5-da80-4bcb-b7fd-aff4272e6f52
1653,337,b3b3b27a-f231-412b-87b4-9cc36e34735a,4fe9d1f0-bf6d-49f6-aa39-9adcf0a2756d
1654,49,6f24c8be-8106-4e45-ac99-298d7030e08d,8e7b59b7-63d6-484d-9517-c1a74563a05f
1655,66,d7184eb3-5e2b-431e-814a-be8ac55eeebf,c0d44e8b-293f-4877-ac80-c2693890ce0e
1656,40,0d16668e-dc7d-4ff2-bbfc-b21b1eb2b825,bc62358e-434a-4b1e-b09d-72e879f7e685
1658,151,19da5c0d-2a2f-49ad-a822-a04ae9edeb7b,fe2bc426-db9d-4afc-bc4b-01f296a4ee76
1665,49,ebd57799-1182-4c72-a70e-0285c4474e97,8e7b59b7-63d6-484d-9517-c1a74563a05f
1667,21,72516400-4d9e-41cf-80db-beeb60efcbce,d0afac79-d069-449f-abb6-c18974f09fba
1669,164,22766421-5d74-4812-81ac-92568f5dc370,22696324-bb0d-45a4-8201-26ea3bbe9fdc
1669,1440,22766421-5d74-4812-81ac-92568f5dc370,14fe1427-a73d-42b6-8334-6470327464fc
1670,177,147a4b4a-47c8-4d92-ac52-6022a95c4925,04a9c418-a92b-4f1d-820c-5c37512c7927
1671,310,09164319-c084-4b7c-b738-68e698cd1bb6,47e12eab-06c4-4f53-bd0f-37cfca9e0335
1673,81,ea0aba46-7108-4f89-9ca8-1923d34a3f33,46a3a846-0594-4572-bd98-44af98531585
1674,28,0b097030-e4fa-4bdf-a90b-26a99f99efc9,640ff5f6-c924-4484-811a-93df1f274cc9
1675,311,9a74d939-70c5-4d53-97e5-6fda312fa9fd,8941dbfd-1986-45ba-b2a3-0b2f59913079
1676,311,ae4c5d2d-802d-45ee-aee2-0d1b0ae771b9,8941dbfd-1986-45ba-b2a3-0b2f59913079
1679,40,4de164ac-37cf-466a-a171-7a5369fb448e,bc62358e-434a-4b1e-b09d-72e879f7e685
1681,86,ffbf5fcc-c11b-4091-9546-2d95dc032406,6361e1ff-75aa-4916-a429-5b6e5c026f08
1709,312,09efb6e4-ccb4-4ab4-bb3d-fe3157eb859e,90b2ee75-0d87-4919-ad4c-da58160ade37
1714,42,a22c40db-2136-4e3f-a8c0-1764caea94fa,7943dbc7-7395-45ed-ad7d-9b9247b90db0
1715,42,2cd9a04b-283d-4800-a6c0-a4bb13822672,7943dbc7-7395-45ed-ad7d-9b9247b90db0
1718,190,38def6e9-ca53-403a-b5e6-4f8865926317,c80f962f-6090-4fe5-b2b6-5147e6c843df
1720,379,aa94f9ef-effb-4cd5-8751-314f153b8119,92e8b438-8846-449c-ac25-b0b56f348abc
1721,285,a21d1530-47f8-436e-965b-1d27eeca16ea,c6e6a686-dd33-42fd-a0d6-80a5ab29ebde
1722,285,73e2f783-6aff-4bd2-af1e-2e5d92172899,c6e6a686-dd33-42fd-a0d6-80a5ab29ebde
1724,313,bd111894-7a1c-4ff4-8ab0-f331c8463638,7cdaf277-88b2-4b4a-8940-37b2858ced3f
1725,317,357b6cfc-d396-4978-a190-b86f4bc994b2,e537790d-92f1-498a-8aa8-99092f013857
1729,1,4fe3675b-88a9-4595-9e5f-c5b3a0db5ff9,b1d49301-fe07-4171-b989-7768419e0373
1730,318,943a6ee3-6797-4f81-8a58-98ea9e4e82c3,c6791804-4f02-4fe1-a088-4d7b6a9a1189
1731,65,2e43c90d-3d0f-4eb4-bd4f-b54fac62b178,71c3836d-c92c-4a50-ab85-87c986635583
1732,190,6190fb21-7fde-492c-ac7c-35baebe03da7,c80f962f-6090-4fe5-b2b6-5147e6c843df
1733,40,b4a98c66-c6a7-43a9-a604-884a8ffc7e2b,bc62358e-434a-4b1e-b09d-72e879f7e685
1734,124,7486d2e7-60b2-45b7-b884-78160d94211a,cce29796-6f71-4a60-bba2-58a4a1fd922a
1738,319,926d494c-c72d-4c07-b176-5d5fa33ea0f5,10a617e2-a747-4cfc-811b-9c0a04640370
1749,188,f236e30c-b045-4802-a854-021ba77288bc,0e1e71cc-7469-4f2e-9280-0dcdf13f9ec7
1751,40,55637c8b-4e8c-433f-b3ed-f238b908c327,bc62358e-434a-4b1e-b09d-72e879f7e685
1752,11,8441f5f9-44df-447d-b876-5201cd2363fa,8b4fb246-83a3-4768-8e01-4e82d9834957
1752,401,8441f5f9-44df-447d-b876-5201cd2363fa,28dbc433-5824-4b91-ab0d-406b655ae8b1
1753,24,c3b76fa9-9960-494c-a66c-e9c48683ea77,1a737b63-ad3c-462b-9c6b-cbdb07a44871
1755,159,41e3cf39-e0a9-4ef8-93c0-b9ebe6c6c25e,b595ab89-f7cc-4a96-b19c-d87dc8689c89
1758,320,16cbb8f5-1e12-4bc9-8201-d04a44d58196,1b8326f9-25c4-444d-9220-de540ef54093
1759,28,6401958e-8c28-4da4-84d3-c61026c94094,640ff5f6-c924-4484-811a-93df1f274cc9
1760,122,66fbdfa9-4c59-4217-870f-5acd33288858,22a9832f-e3b9-4ca0-858e-c354940c64ca
1761,86,6a187daa-3b58-4f1c-b1b9-a3c9a53029e9,6361e1ff-75aa-4916-a429-5b6e5c026f08
1762,321,10ba0cec-3b23-4ad9-8e30-aa21efdae6c2,aa64b812-c087-45ee-94a5-f7b695bd6b57
1765,155,01566ba0-5aed-4777-a434-5efddfe1dd7b,c29da24a-aa6b-4c32-bef8-8fcb970c47b3
1766,155,c980192f-3967-4cf2-90a7-e8f93f5cd405,c29da24a-aa6b-4c32-bef8-8fcb970c47b3
1767,21,d6ec7828-c258-4778-9d1f-d414db896fe7,d0afac79-d069-449f-abb6-c18974f09fba
1767,124,d6ec7828-c258-4778-9d1f-d414db896fe7,cce29796-6f71-4a60-bba2-58a4a1fd922a
1768,40,c988a24e-58fd-458f-bd85-d5bdcd705100,bc62358e-434a-4b1e-b09d-72e879f7e685
1769,175,fdecd702-fad5-4507-bcbf-cd75bfee744c,5af64a9f-5bc3-4d23-858a-37d42f54a257
1776,69,b2e9251c-5799-4e1f-9377-622d80ab3160,68d23985-95ce-4833-bfba-939d96e0c7ea
1780,23,79826471-be96-4fba-87ea-583d4eb9bf28,0e0dcb78-b459-4bc7-9343-75025d5f3afb
1781,322,d30900b4-229f-4d07-80c4-f0e5e15072ab,ef4194e6-d9fe-4e86-ac23-d5a5fbd6eef9
1782,419,9063b493-8d10-4cab-8423-e27b18c10161,df6d6877-e93d-426b-96cc-5d6b36dc1345
1783,323,e589bf20-9cf9-4ce9-a0b8-44e85fe80708,fb3cfb51-ea14-4695-9b25-a025d3ffd25a
1784,324,f1a481ca-8561-483a-a258-22910aae56d9,197fcd70-012a-46c8-8d0e-a0cf448c101e
1787,301,68bcf2d3-3e38-4d69-952e-6942ccc96f8f,c589a768-91e6-42b9-9c4b-dd3a17fd30e2
1788,155,50ebd4d8-85c7-4d3f-a3f2-06f72f6f43da,c29da24a-aa6b-4c32-bef8-8fcb970c47b3
1789,155,5c2a5391-8947-4e28-b5a8-ec145a3c937e,c29da24a-aa6b-4c32-bef8-8fcb970c47b3
1790,157,77f135e2-5191-41b8-a2e2-6cbb252c8fc0,e8ce0762-3e4d-48b6-9150-351d0b508b80
1791,81,044b1bb7-b564-4046-a27f-bfbd641b4189,46a3a846-0594-4572-bd98-44af98531585
1792,196,64226d97-22d5-4392-ac2b-ff20094acd78,e5db0d68-19e5-41fc-83b4-70650e5ff4ed
1793,40,799342fa-80ec-443c-b6d0-4878d125a289,bc62358e-434a-4b1e-b09d-72e879f7e685
1795,42,d3a3b751-7cfd-4b33-bc4d-680368ab4d6f,7943dbc7-7395-45ed-ad7d-9b9247b90db0
1797,326,d2fe839b-356e-4b18-b358-1296cbb87fec,c0659eab-b968-40bc-98e8-4ec754e083de
1800,21,45502eac-a0e4-4f44-aa9d-11544e3b554a,d0afac79-d069-449f-abb6-c18974f09fba
1802,65,409c7a7e-02ba-4d1f-9592-986585ec0ffb,71c3836d-c92c-4a50-ab85-87c986635583
1806,327,0e4b1ad0-90ec-4342-8864-18abbaf750f3,6b01ad1e-f257-4296-b5f5-0178bb9835b3
1807,313,3a13b65b-41df-4e49-b238-ac942a6d3510,7cdaf277-88b2-4b4a-8940-37b2858ced3f
1808,328,93ca6efb-35a1-4ca1-9efc-3aa79ef8f87d,89665778-840e-4a31-b418-7528b860b880
1809,329,b90546fb-33de-4c18-bea1-f6e84975eca0,83b21b2a-a9b3-47b1-8727-2722f185fcf1
1810,330,edaf6121-c967-4c18-b3e5-6d1cea5d5c86,156e2f2f-44ed-4921-9d47-c4673f63d852
1812,1498,be30f36e-e928-4ee2-9857-2c5c51297592,971c57ee-08af-48f1-96a7-76ea1957e1f9
1814,331,4c4118b4-73d8-482f-8df4-01492a7ba4f9,24da7e3d-c101-471f-96f4-620e53152c37
1815,153,352287f8-d420-4982-96d0-e1431f3fa623,2f091f27-e43b-43ff-8d25-9edbd3a1c2fe
1816,65,63803182-13bb-4a44-ad00-c2f5f38010ad,71c3836d-c92c-4a50-ab85-87c986635583
1818,11,f1392d91-f1b8-49dd-a5ab-ecb12b8b163e,8b4fb246-83a3-4768-8e01-4e82d9834957
1818,124,f1392d91-f1b8-49dd-a5ab-ecb12b8b163e,cce29796-6f71-4a60-bba2-58a4a1fd922a
1818,155,f1392d91-f1b8-49dd-a5ab-ecb12b8b163e,c29da24a-aa6b-4c32-bef8-8fcb970c47b3
1818,190,f1392d91-f1b8-49dd-a5ab-ecb12b8b163e,c80f962f-6090-4fe5-b2b6-5147e6c843df
1820,29,9c41bd14-dec6-4878-9291-ddecfe36e490,d80ebb28-a356-409c-b90f-99e519142cc4
1820,408,9c41bd14-dec6-4878-9291-ddecfe36e490,c7d600dc-8aae-4b43-9272-760fae6c72c8
1821,11,019e8a31-cd90-4041-b7b3-04bd614038ae,8b4fb246-83a3-4768-8e01-4e82d9834957
1822,11,5cb354bc-ee04-421e-838b-4ca6652928b0,8b4fb246-83a3-4768-8e01-4e82d9834957
1823,11,3a135bb8-546b-4045-b94f-1c46a582e1f8,8b4fb246-83a3-4768-8e01-4e82d9834957
1824,11,2ee758b0-527f-4bfd-80ec-df175ec05700,8b4fb246-83a3-4768-8e01-4e82d9834957
1825,27,2fb101bb-66f5-45b0-9218-26521abdb184,2cc1b34d-22dc-4f3e-9e6e-f1bc622ffc6b
1826,27,c26c1648-0c3f-47e3-989f-83dd8d193130,2cc1b34d-22dc-4f3e-9e6e-f1bc622ffc6b
1827,155,0495aaff-a6a8-421a-bf7c-66eaed55d13b,c29da24a-aa6b-4c32-bef8-8fcb970c47b3
1827,187,0495aaff-a6a8-421a-bf7c-66eaed55d13b,5388ccc6-fb1c-4762-8d2d-6b3316b0a2b1
1828,187,6d2da112-3c01-4251-91e3-7988d6e97de1,5388ccc6-fb1c-4762-8d2d-6b3316b0a2b1
1829,187,8745cbeb-9447-4efb-9def-f853d4cf784b,5388ccc6-fb1c-4762-8d2d-6b3316b0a2b1
1830,28,5726baca-30c2-4122-b84b-8429cd2a1467,640ff5f6-c924-4484-811a-93df1f274cc9
1830,187,5726baca-30c2-4122-b84b-8429cd2a1467,5388ccc6-fb1c-4762-8d2d-6b3316b0a2b1
1831,187,7c774634-81d8-46cb-a4b7-4dedce0a8469,5388ccc6-fb1c-4762-8d2d-6b3316b0a2b1
1832,187,119f576a-ed5f-4722-a151-4a663de70143,5388ccc6-fb1c-4762-8d2d-6b3316b0a2b1
1833,79,aaa59e19-914f-414d-8123-a971cd7a4a5a,f467d49a-6a05-4876-a165-a3c3705e5f61
1834,24,a9188353-3b94-4cf4-8f8c-26826346be72,1a737b63-ad3c-462b-9c6b-cbdb07a44871
1834,40,a9188353-3b94-4cf4-8f8c-26826346be72,bc62358e-434a-4b1e-b09d-72e879f7e685
1834,89,a9188353-3b94-4cf4-8f8c-26826346be72,23ba372a-af2d-440f-b8ef-794ef52aa077
1834,117,a9188353-3b94-4cf4-8f8c-26826346be72,decee226-8684-4491-8c02-f0746c6bb6ac
1834,287,a9188353-3b94-4cf4-8f8c-26826346be72,36d7f24f-c38e-42a9-8fd1-f579226298ab
1835,24,e0965333-11b4-476b-a59d-b933d81f6ab1,1a737b63-ad3c-462b-9c6b-cbdb07a44871
1836,24,cf27837a-cec9-4f54-8e84-77d5a777b9d2,1a737b63-ad3c-462b-9c6b-cbdb07a44871
1837,24,b87bc218-31c6-4277-905b-0811b8d01977,1a737b63-ad3c-462b-9c6b-cbdb07a44871
1838,24,3ad60083-86b8-471e-8b60-24fc82fbbaca,1a737b63-ad3c-462b-9c6b-cbdb07a44871
1839,24,9c698599-5160-46ce-9d53-9250f8179687,1a737b63-ad3c-462b-9c6b-cbdb07a44871
1840,279,b256ee4f-6998-4eac-a0f9-9d0966ce77b1,1a88a251-3cb7-4f11-90a0-5558530cdd81
1840,332,b256ee4f-6998-4eac-a0f9-9d0966ce77b1,b21a810c-3b2e-4151-810f-7f2334f23fe0
1841,279,430159fc-e3fb-40fc-b611-e1b8f5d748bd,1a88a251-3cb7-4f11-90a0-5558530cdd81
1841,332,430159fc-e3fb-40fc-b611-e1b8f5d748bd,b21a810c-3b2e-4151-810f-7f2334f23fe0
1842,279,d4858afe-438b-4d65-8e5e-19d59783a836,1a88a251-3cb7-4f11-90a0-5558530cdd81
1842,332,d4858afe-438b-4d65-8e5e-19d59783a836,b21a810c-3b2e-4151-810f-7f2334f23fe0
1843,279,0d67b6a2-c7dc-4af9-8bcc-15f66c63ae0f,1a88a251-3cb7-4f11-90a0-5558530cdd81
1843,332,0d67b6a2-c7dc-4af9-8bcc-15f66c63ae0f,b21a810c-3b2e-4151-810f-7f2334f23fe0
1844,279,26e75cf6-9956-4d8c-9138-6856f4688825,1a88a251-3cb7-4f11-90a0-5558530cdd81
1844,332,26e75cf6-9956-4d8c-9138-6856f4688825,b21a810c-3b2e-4151-810f-7f2334f23fe0
1845,279,e70d881a-c577-4de7-9048-40d44473c53a,1a88a251-3cb7-4f11-90a0-5558530cdd81
1845,332,e70d881a-c577-4de7-9048-40d44473c53a,b21a810c-3b2e-4151-810f-7f2334f23fe0
1846,279,447595b9-160b-4636-840d-15b74dabae99,1a88a251-3cb7-4f11-90a0-5558530cdd81
1846,332,447595b9-160b-4636-840d-15b74dabae99,b21a810c-3b2e-4151-810f-7f2334f23fe0
1847,279,f1cbf25e-2f41-4600-98ef-0d085037b629,1a88a251-3cb7-4f11-90a0-5558530cdd81
1847,332,f1cbf25e-2f41-4600-98ef-0d085037b629,b21a810c-3b2e-4151-810f-7f2334f23fe0
1848,279,48288b3f-b5fd-47d1-9041-d6f0be2fefde,1a88a251-3cb7-4f11-90a0-5558530cdd81
1848,332,48288b3f-b5fd-47d1-9041-d6f0be2fefde,b21a810c-3b2e-4151-810f-7f2334f23fe0
1849,279,cd1358a0-68e5-4f7c-9ffc-3440cc00fb28,1a88a251-3cb7-4f11-90a0-5558530cdd81
1850,279,7ecd549b-b5a0-4ff8-9f39-2479b6bb1df7,1a88a251-3cb7-4f11-90a0-5558530cdd81
1851,279,77aa190b-c6c3-4ac8-9a18-4959ee1308c2,1a88a251-3cb7-4f11-90a0-5558530cdd81
1851,332,77aa190b-c6c3-4ac8-9a18-4959ee1308c2,b21a810c-3b2e-4151-810f-7f2334f23fe0
1852,279,a8d3bdc7-a4ba-45a5-b5ac-ef2d27e60143,1a88a251-3cb7-4f11-90a0-5558530cdd81
1853,268,461d6b6d-8ddd-41a5-ab9b-616c41faf0bc,aa3306e8-086b-47e0-8df6-81efcac93d77
1854,176,dec301f6-59fe-4969-a94c-4059d5d49499,2d645b0c-5c86-4ca6-9b35-8e7fecf04fdf
1854,259,dec301f6-59fe-4969-a94c-4059d5d49499,2c89c4a4-e2d6-43a8-a8ed-59770c8b5089
1854,268,dec301f6-59fe-4969-a94c-4059d5d49499,aa3306e8-086b-47e0-8df6-81efcac93d77
1855,268,3a61ab79-8a55-48f1-b754-a06bb38e4f2a,aa3306e8-086b-47e0-8df6-81efcac93d77
1856,268,4daedeb7-b348-42ea-a9f1-2339786d7c3b,aa3306e8-086b-47e0-8df6-81efcac93d77
1857,268,a2e00013-926e-4722-a1c4-455dc4fad017,aa3306e8-086b-47e0-8df6-81efcac93d77
1858,268,3e896c8e-153f-485e-af14-4af17a3203e9,aa3306e8-086b-47e0-8df6-81efcac93d77
1859,268,d703c4cf-45a9-4b28-9640-1c8f6704d67c,aa3306e8-086b-47e0-8df6-81efcac93d77
1860,21,17f9a290-f079-4f32-a09f-c92ca9a28bb9,d0afac79-d069-449f-abb6-c18974f09fba
1861,89,5195b377-67c8-4af2-b96f-a9245970df63,23ba372a-af2d-440f-b8ef-794ef52aa077
1861,140,5195b377-67c8-4af2-b96f-a9245970df63,5e30830f-1a0b-4983-9ffd-39cd4239b236
1862,89,747948e1-e858-4f0b-ba0d-d67b02a46414,23ba372a-af2d-440f-b8ef-794ef52aa077
1862,140,747948e1-e858-4f0b-ba0d-d67b02a46414,5e30830f-1a0b-4983-9ffd-39cd4239b236
1863,89,289452fb-6769-44b7-981d-4942c66fa172,23ba372a-af2d-440f-b8ef-794ef52aa077
1863,140,289452fb-6769-44b7-981d-4942c66fa172,5e30830f-1a0b-4983-9ffd-39cd4239b236
1864,89,1ce8fe2a-1900-4a2b-b1d6-d1648c774227,23ba372a-af2d-440f-b8ef-794ef52aa077
1864,140,1ce8fe2a-1900-4a2b-b1d6-d1648c774227,5e30830f-1a0b-4983-9ffd-39cd4239b236
1865,89,eac8f2a1-46b8-4665-9d37-9856e03343df,23ba372a-af2d-440f-b8ef-794ef52aa077
1865,140,eac8f2a1-46b8-4665-9d37-9856e03343df,5e30830f-1a0b-4983-9ffd-39cd4239b236
1866,89,d5ea6cf9-2df0-4e3a-a7be-dc9c13c0a1a2,23ba372a-af2d-440f-b8ef-794ef52aa077
1866,140,d5ea6cf9-2df0-4e3a-a7be-dc9c13c0a1a2,5e30830f-1a0b-4983-9ffd-39cd4239b236
1867,140,392729f2-9ef9-470c-8836-d750fea6020a,5e30830f-1a0b-4983-9ffd-39cd4239b236
1868,89,2c8a5a93-f196-4ad1-80ac-49e458d49684,23ba372a-af2d-440f-b8ef-794ef52aa077
1868,140,2c8a5a93-f196-4ad1-80ac-49e458d49684,5e30830f-1a0b-4983-9ffd-39cd4239b236
1869,140,c89e40ae-181c-4cc4-869a-5ebd1b9e8dc2,5e30830f-1a0b-4983-9ffd-39cd4239b236
1870,28,43cd22b8-b923-40dc-a3ec-621aa953132f,640ff5f6-c924-4484-811a-93df1f274cc9
1870,288,43cd22b8-b923-40dc-a3ec-621aa953132f,0ff5b658-c3e6-438a-b919-024649a6ef53
1871,179,d100511f-ddc4-4abe-8467-4df0d01e681b,617a4cfd-dcaf-40c4-98a9-3d388c7ca4a0
1872,119,8eac3bc1-74e8-4871-bfbd-f4dc5d16e5d5,a4a842ac-6d31-4212-b4c9-f414a9712895
1872,252,8eac3bc1-74e8-4871-bfbd-f4dc5d16e5d5,b8f7886c-1476-4a7e-ac54-12ab3fdd7fc9
1873,81,09cb5fcf-4d19-4861-82cb-fb2dbb9c4f6c,46a3a846-0594-4572-bd98-44af98531585
1874,176,cd18c3c3-e194-463b-b4f1-7de334905d17,2d645b0c-5c86-4ca6-9b35-8e7fecf04fdf
1875,284,11ba86cd-cb54-4cd4-9ce4-c9bc62bbb5cf,4b49564f-28cc-4cfd-88db-05949b12da90
1875,437,11ba86cd-cb54-4cd4-9ce4-c9bc62bbb5cf,454b7531-e5a7-407a-a7a7-20c1de646d93
1876,284,4be20fef-ce2a-4175-af54-9e760db1e3ec,4b49564f-28cc-4cfd-88db-05949b12da90
1877,40,d98fa3e7-315f-45cc-a90e-3ce50ba394c2,bc62358e-434a-4b1e-b09d-72e879f7e685
1878,40,8c328b26-e121-4b61-8829-40f401f7a6c0,bc62358e-434a-4b1e-b09d-72e879f7e685
1879,124,4489c715-1194-4bd8-8af8-6e2da61c5260,cce29796-6f71-4a60-bba2-58a4a1fd922a
1880,124,387234bd-4cd0-4c87-ae51-1246f3046a24,cce29796-6f71-4a60-bba2-58a4a1fd922a
1881,124,48b9c037-1b08-4bd2-946b-f076d49e333d,cce29796-6f71-4a60-bba2-58a4a1fd922a
1882,153,e4cab9b1-4a07-4a1a-9ea0-87280352c7ec,2f091f27-e43b-43ff-8d25-9edbd3a1c2fe
1883,117,f9c0ce18-c3a3-4df6-9199-eff77ce12871,decee226-8684-4491-8c02-f0746c6bb6ac
1883,259,f9c0ce18-c3a3-4df6-9199-eff77ce12871,2c89c4a4-e2d6-43a8-a8ed-59770c8b5089
1884,117,68c6776f-4493-417c-a926-fc20af29665e,decee226-8684-4491-8c02-f0746c6bb6ac
1884,259,68c6776f-4493-417c-a926-fc20af29665e,2c89c4a4-e2d6-43a8-a8ed-59770c8b5089
1885,7,1bcfa360-d2c0-48ff-8991-364acf605667,9a6635ff-a522-447b-8ef1-dc57c04eae60
1885,277,1bcfa360-d2c0-48ff-8991-364acf605667,a8df86c1-e7b6-4efd-a0db-0687cd15c517
1886,89,282a9ee5-0e3b-49e8-8722-1969d2b7c835,23ba372a-af2d-440f-b8ef-794ef52aa077
1886,140,282a9ee5-0e3b-49e8-8722-1969d2b7c835,5e30830f-1a0b-4983-9ffd-39cd4239b236
1886,1588,282a9ee5-0e3b-49e8-8722-1969d2b7c835,6a93bcd1-bb61-4020-83f9-b5c33e37b840
1887,140,92de9b91-6218-4356-9552-474e3fe31e1f,5e30830f-1a0b-4983-9ffd-39cd4239b236
1887,159,92de9b91-6218-4356-9552-474e3fe31e1f,b595ab89-f7cc-4a96-b19c-d87dc8689c89
1888,140,00558396-aba4-46ae-9bc7-849f15e00126,5e30830f-1a0b-4983-9ffd-39cd4239b236
1889,333,d454fc9b-12fd-4918-8f74-615dcd03bed6,82961c9c-621d-484b-a662-70f7eac7d370
1891,153,9537d91c-6b6c-4b43-a34c-0755b59d1906,2f091f27-e43b-43ff-8d25-9edbd3a1c2fe
1892,151,3caa1bf5-e0b5-4b5b-8171-9677222b5787,fe2bc426-db9d-4afc-bc4b-01f296a4ee76
1893,162,ef8e13b4-9543-45a3-9881-82507a207ea7,b5f24c2f-60b1-4a00-98c8-c025702f1644
1894,21,ff8ba64c-5dbc-4d11-9ba3-8ffb43d504f0,d0afac79-d069-449f-abb6-c18974f09fba
1895,334,b5576bd8-5b9a-46f8-a451-d9fbecf69b8a,f8c38ab5-35b8-455c-9321-f684a9c2fe80
1896,408,14ad8bf2-7be0-4154-b0e5-2d071b2112bb,c7d600dc-8aae-4b43-9272-760fae6c72c8
1897,1448,0eeb407a-95d7-42de-b16f-92ed8e363fcc,0eed33e1-7c22-4d32-89be-a5e8425aab0b
1899,28,cd37965c-ab1d-4903-b0f6-0ec56cc1afed,640ff5f6-c924-4484-811a-93df1f274cc9
1900,326,d40f5deb-f50b-4f6d-8258-b3e79c06dc6f,c0659eab-b968-40bc-98e8-4ec754e083de
1900,1456,d40f5deb-f50b-4f6d-8258-b3e79c06dc6f,ef2d1f14-6b44-4a12-a5d6-f35a7d4e1a2e
1900,1552,d40f5deb-f50b-4f6d-8258-b3e79c06dc6f,63efc839-5e39-4746-ae4d-7111951fdf73
1901,82,ad089aad-9076-4aa6-a286-e6cd18caaa03,80f418a2-b4cd-4dbf-9beb-f6412b56663d
1904,24,f4e6f35e-6d29-4c9a-af78-7829481a12d6,1a737b63-ad3c-462b-9c6b-cbdb07a44871
1906,335,50fefc58-9dfc-4f8a-a362-8f55c5da9cbc,65e9aa64-2936-4d36-9302-3d45b9b75781
1907,336,9ee6bf50-db94-4970-a38b-4fd0db96e046,2ddadfb3-aaf7-4b32-9d1e-99b5b6343bdc
1908,89,5a73e4cd-65a8-4409-9ac4-a36e2f392224,23ba372a-af2d-440f-b8ef-794ef52aa077
1908,140,5a73e4cd-65a8-4409-9ac4-a36e2f392224,5e30830f-1a0b-4983-9ffd-39cd4239b236
1910,336,36b7dce5-215f-4ca2-a3b9-0a90e0328d93,2ddadfb3-aaf7-4b32-9d1e-99b5b6343bdc
1911,65,448fd9af-3b21-4896-8926-ce76b3d04710,71c3836d-c92c-4a50-ab85-87c986635583
1913,337,808ae75d-b1ad-44af-9cc0-15f320a3885a,4fe9d1f0-bf6d-49f6-aa39-9adcf0a2756d
1915,339,599c501d-5f8d-469e-9f01-5f54328522e9,b9e2d565-51c3-43fa-b24c-0b4876a04ad5
1917,343,a4733c0e-e7da-4698-a6bf-7b08c1984a98,fa4f4c6d-d652-4ce1-8b63-236e2d55711f
1918,24,6d6b3022-f5f0-46a4-84a4-3f436fed738f,1a737b63-ad3c-462b-9c6b-cbdb07a44871
1918,65,6d6b3022-f5f0-46a4-84a4-3f436fed738f,71c3836d-c92c-4a50-ab85-87c986635583
1918,124,6d6b3022-f5f0-46a4-84a4-3f436fed738f,cce29796-6f71-4a60-bba2-58a4a1fd922a
1919,327,d14e8d13-8f5b-4156-9f71-18eb06c78fa9,6b01ad1e-f257-4296-b5f5-0178bb9835b3
1920,441,bcdbd2a1-453d-4942-b045-f8e4fe89f5ae,459b951f-5c71-4f33-9fa2-9cd7221100a6
1921,344,02291790-ed6f-4bf9-bb07-f073467c54d9,e7fa9257-61a9-4bd6-a430-a5ee9b71f2a8
1922,344,c946c12d-e911-4bcf-87ed-b3aae783053c,e7fa9257-61a9-4bd6-a430-a5ee9b71f2a8
1923,146,ee68fce4-c62c-4ad9-ba11-89d2a3c119f2,0a98de96-f33e-4e1b-a352-9a64897be46f
1924,42,9c23216f-57c3-4c63-9012-0a632fbffc5e,7943dbc7-7395-45ed-ad7d-9b9247b90db0
1925,333,ed98905b-4efe-4eaa-b344-02aefd526ffe,82961c9c-621d-484b-a662-70f7eac7d370
1926,333,92d41dd1-90fc-471c-ad69-0f28caeea9cd,82961c9c-621d-484b-a662-70f7eac7d370
1927,333,d07cca7a-11ec-4436-b5a9-d7aec9336fb8,82961c9c-621d-484b-a662-70f7eac7d370
1930,162,86f465cf-61db-4dc8-b135-aae0217dbb2c,b5f24c2f-60b1-4a00-98c8-c025702f1644
1931,153,23c6fee1-4c75-4a80-bba2-d3875fea5281,2f091f27-e43b-43ff-8d25-9edbd3a1c2fe
1933,187,873b24b3-1afc-40fe-86a2-198d0aebd7d1,5388ccc6-fb1c-4762-8d2d-6b3316b0a2b1
1934,333,b8daf950-3282-4025-b396-e84c8d84adbe,82961c9c-621d-484b-a662-70f7eac7d370
1935,333,60861c2f-d63e-4c1f-9b41-dcf4a10335c6,82961c9c-621d-484b-a662-70f7eac7d370
1936,345,df4b909b-65ba-4b45-8ce6-621754825fe1,05538016-d0b4-4a9f-9a32-0c3909b4a8cb
1937,153,4dc01dfd-1a49-46a8-be8a-850f56621cb2,2f091f27-e43b-43ff-8d25-9edbd3a1c2fe
1939,162,fdf662df-b003-41d2-be19-357cdd50de1e,b5f24c2f-60b1-4a00-98c8-c025702f1644
1940,162,03669dcf-4f5a-4efb-ae0b-c92bf86c9c91,b5f24c2f-60b1-4a00-98c8-c025702f1644
1941,140,ff178dfd-7006-49a6-b806-da5e31f42c47,5e30830f-1a0b-4983-9ffd-39cd4239b236
1941,208,ff178dfd-7006-49a6-b806-da5e31f42c47,77a7ab70-263d-47d9-8580-5b72f11976f8
1942,187,80956068-fbe9-421e-9a7d-f87cc167c93a,5388ccc6-fb1c-4762-8d2d-6b3316b0a2b1
1943,155,5ffa478d-0358-48b2-8ec8-510ec3cab6e0,c29da24a-aa6b-4c32-bef8-8fcb970c47b3
1945,40,96c99a05-35c9-49a1-937f-aa1d6ae0408b,bc62358e-434a-4b1e-b09d-72e879f7e685
1947,333,b634d8be-07ae-4089-8a9e-80de779eed34,82961c9c-621d-484b-a662-70f7eac7d370
1948,162,e5712b87-41d3-4abb-82a4-772e52002f7d,b5f24c2f-60b1-4a00-98c8-c025702f1644
1949,346,49a5689a-f085-46cc-ba91-7f325871d6a5,1d4b523b-3d81-4a6a-bf18-28d1f4010425
1950,346,03375144-1b45-4d9e-9e9b-db7570e2e2a9,1d4b523b-3d81-4a6a-bf18-28d1f4010425
1951,346,21282200-e237-478c-a142-44b9d2c312a5,1d4b523b-3d81-4a6a-bf18-28d1f4010425
1952,346,e3dc0a45-8445-4c82-8c79-e46a8b1df899,1d4b523b-3d81-4a6a-bf18-28d1f4010425
1953,346,8724d3ab-95f1-45bf-91ec-67ff8874bf66,1d4b523b-3d81-4a6a-bf18-28d1f4010425
1954,346,2b0bd1ab-b373-41fe-b3fc-f449ef90d54e,1d4b523b-3d81-4a6a-bf18-28d1f4010425
1955,346,039f2514-d8eb-4b87-8e5f-caed1e7e99f2,1d4b523b-3d81-4a6a-bf18-28d1f4010425
1956,346,105388de-4933-4c96-8c55-d118ca7e558a,1d4b523b-3d81-4a6a-bf18-28d1f4010425
1957,162,4a46804d-449f-4e59-92f1-c7e34efe594a,b5f24c2f-60b1-4a00-98c8-c025702f1644
1959,162,48c12d67-a236-42d6-9638-e4a7d4342f58,b5f24c2f-60b1-4a00-98c8-c025702f1644
1960,162,cfba92ee-c0cb-4fbd-86b3-301aa8b51fb0,b5f24c2f-60b1-4a00-98c8-c025702f1644
1961,347,61f612f6-eaa9-4091-ad05-bef1e68286f1,a0487615-5b29-4691-8168-9152c89b8cee
1962,246,b29b3486-64d4-4dd9-8859-fee087a1269e,0c13df62-f42e-40f5-a090-08ca0b806338
1963,140,1cdcd205-4b7c-4ecb-ab78-19309dc0b85b,5e30830f-1a0b-4983-9ffd-39cd4239b236
1967,408,27dba8fc-a377-4b6f-9b6d-2b414441f730,c7d600dc-8aae-4b43-9272-760fae6c72c8
1968,124,76fb6a9b-7da7-4408-b4e1-e53b2efc6371,cce29796-6f71-4a60-bba2-58a4a1fd922a
1970,40,901b5f62-5fcb-42fc-8a39-70586a0f58d3,bc62358e-434a-4b1e-b09d-72e879f7e685
1970,155,901b5f62-5fcb-42fc-8a39-70586a0f58d3,c29da24a-aa6b-4c32-bef8-8fcb970c47b3
1973,348,082ef3ec-f2a4-4fb3-a50e-c569c55f686e,fd5d3a61-8c3b-4fd1-a77a-d00193e5404d
1974,349,33460202-cb52-4166-9ea6-c17e8bff1be5,3416ba80-bc50-4878-bde9-db3e2d9caa87
1975,162,6d310283-3be3-4800-88ba-d20bce41adfe,b5f24c2f-60b1-4a00-98c8-c025702f1644
1976,196,6bc37d8c-c77c-4bcf-995a-afa141ef03a1,e5db0d68-19e5-41fc-83b4-70650e5ff4ed
1977,196,d5b4f81a-6730-46f8-8de3-ececfe2c552f,e5db0d68-19e5-41fc-83b4-70650e5ff4ed
1978,196,a7b5755e-64d0-41f0-a7f9-6297e21f1f64,e5db0d68-19e5-41fc-83b4-70650e5ff4ed
1979,196,f7575c66-6938-43c6-b09f-b27f4d8eb556,e5db0d68-19e5-41fc-83b4-70650e5ff4ed
1980,196,2695115c-b25f-4011-885c-556376a198cf,e5db0d68-19e5-41fc-83b4-70650e5ff4ed
1981,196,e8c402b6-3254-409e-853f-ce3f92a14111,e5db0d68-19e5-41fc-83b4-70650e5ff4ed
1982,350,269336df-aa93-4e38-b403-1c8341677447,cb271ae9-b729-47f7-bc57-66c61fa9c5df
1983,89,6eac7402-4354-4af9-92d1-6139c83b6e0a,23ba372a-af2d-440f-b8ef-794ef52aa077
1983,140,6eac7402-4354-4af9-92d1-6139c83b6e0a,5e30830f-1a0b-4983-9ffd-39cd4239b236
1984,89,ab2dd19b-2668-481c-ab99-9d148314bbdd,23ba372a-af2d-440f-b8ef-794ef52aa077
1984,140,ab2dd19b-2668-481c-ab99-9d148314bbdd,5e30830f-1a0b-4983-9ffd-39cd4239b236
1985,89,f43a8e9f-c6a9-4a37-8bc0-c88808714b29,23ba372a-af2d-440f-b8ef-794ef52aa077
1985,140,f43a8e9f-c6a9-4a37-8bc0-c88808714b29,5e30830f-1a0b-4983-9ffd-39cd4239b236
1986,89,d90e5f00-f834-4294-8198-bb57e282cfcf,23ba372a-af2d-440f-b8ef-794ef52aa077
1986,140,d90e5f00-f834-4294-8198-bb57e282cfcf,5e30830f-1a0b-4983-9ffd-39cd4239b236
1987,89,5929a2d9-64ed-4c79-a645-00ecd1151466,23ba372a-af2d-440f-b8ef-794ef52aa077
1987,140,5929a2d9-64ed-4c79-a645-00ecd1151466,5e30830f-1a0b-4983-9ffd-39cd4239b236
1988,89,ffc55984-1af5-4625-8313-5a41886edfeb,23ba372a-af2d-440f-b8ef-794ef52aa077
1988,140,ffc55984-1af5-4625-8313-5a41886edfeb,5e30830f-1a0b-4983-9ffd-39cd4239b236
1989,89,43b3269c-02ca-4eb7-a928-91994eae1c73,23ba372a-af2d-440f-b8ef-794ef52aa077
1989,140,43b3269c-02ca-4eb7-a928-91994eae1c73,5e30830f-1a0b-4983-9ffd-39cd4239b236
1990,89,d46ce24c-8727-4725-a099-cc33b8b6ebd8,23ba372a-af2d-440f-b8ef-794ef52aa077
1990,140,d46ce24c-8727-4725-a099-cc33b8b6ebd8,5e30830f-1a0b-4983-9ffd-39cd4239b236
1991,89,ae650456-7149-4c0d-b96f-8a67c47f849a,23ba372a-af2d-440f-b8ef-794ef52aa077
1991,140,ae650456-7149-4c0d-b96f-8a67c47f849a,5e30830f-1a0b-4983-9ffd-39cd4239b236
1992,89,b798ca08-c25f-4cb0-b440-4825da795a34,23ba372a-af2d-440f-b8ef-794ef52aa077
1992,140,b798ca08-c25f-4cb0-b440-4825da795a34,5e30830f-1a0b-4983-9ffd-39cd4239b236
1993,89,d9a7e05f-67ee-46d6-8e4d-4e2c92308ceb,23ba372a-af2d-440f-b8ef-794ef52aa077
1993,140,d9a7e05f-67ee-46d6-8e4d-4e2c92308ceb,5e30830f-1a0b-4983-9ffd-39cd4239b236
1994,89,4fe1e160-84f9-4621-a328-8054614d159a,23ba372a-af2d-440f-b8ef-794ef52aa077
1994,140,4fe1e160-84f9-4621-a328-8054614d159a,5e30830f-1a0b-4983-9ffd-39cd4239b236
1995,89,526070c1-4419-43ab-83c6-17070835049a,23ba372a-af2d-440f-b8ef-794ef52aa077
1995,140,526070c1-4419-43ab-83c6-17070835049a,5e30830f-1a0b-4983-9ffd-39cd4239b236
1996,89,26bc91c6-9116-46ab-982c-b9363625e6eb,23ba372a-af2d-440f-b8ef-794ef52aa077
1996,140,26bc91c6-9116-46ab-982c-b9363625e6eb,5e30830f-1a0b-4983-9ffd-39cd4239b236
1997,89,e7abf781-3e80-425a-994f-01798ea76c0a,23ba372a-af2d-440f-b8ef-794ef52aa077
1997,140,e7abf781-3e80-425a-994f-01798ea76c0a,5e30830f-1a0b-4983-9ffd-39cd4239b236
1998,89,4b0aa7c5-1d08-4f8a-9ab7-952114a58e6e,23ba372a-af2d-440f-b8ef-794ef52aa077
1998,140,4b0aa7c5-1d08-4f8a-9ab7-952114a58e6e,5e30830f-1a0b-4983-9ffd-39cd4239b236
1999,89,76f6d6b9-f056-4ef6-bc36-8860afe3e7e5,23ba372a-af2d-440f-b8ef-794ef52aa077
1999,140,76f6d6b9-f056-4ef6-bc36-8860afe3e7e5,5e30830f-1a0b-4983-9ffd-39cd4239b236
2000,89,516c9461-a92f-4a6a-9732-0d92fcd6e835,23ba372a-af2d-440f-b8ef-794ef52aa077
2000,140,516c9461-a92f-4a6a-9732-0d92fcd6e835,5e30830f-1a0b-4983-9ffd-39cd4239b236
2001,89,d3282f87-fc83-445a-b7e6-32d848c117fe,23ba372a-af2d-440f-b8ef-794ef52aa077
2001,140,d3282f87-fc83-445a-b7e6-32d848c117fe,5e30830f-1a0b-4983-9ffd-39cd4239b236
2002,89,0dc2b458-6462-4204-a87c-7371fc963f46,23ba372a-af2d-440f-b8ef-794ef52aa077
2002,140,0dc2b458-6462-4204-a87c-7371fc963f46,5e30830f-1a0b-4983-9ffd-39cd4239b236
2003,89,362bf334-97fa-4717-8106-64fcd4205645,23ba372a-af2d-440f-b8ef-794ef52aa077
2003,140,362bf334-97fa-4717-8106-64fcd4205645,5e30830f-1a0b-4983-9ffd-39cd4239b236
2004,89,7e60bd15-927f-4769-9f5f-8dcc3b41da48,23ba372a-af2d-440f-b8ef-794ef52aa077
2004,140,7e60bd15-927f-4769-9f5f-8dcc3b41da48,5e30830f-1a0b-4983-9ffd-39cd4239b236
2005,89,6d61687b-86a4-495e-a487-9edd1b4732eb,23ba372a-af2d-440f-b8ef-794ef52aa077
2005,140,6d61687b-86a4-495e-a487-9edd1b4732eb,5e30830f-1a0b-4983-9ffd-39cd4239b236
2006,42,48b7ec58-ad7b-47d4-92ba-b8889701fa6d,7943dbc7-7395-45ed-ad7d-9b9247b90db0
2008,26,6dab9fb6-2cda-46d6-b0ed-4601eee0b9d9,b1d712a5-a04e-4006-93d7-83a0d78f9fa7
2008,305,6dab9fb6-2cda-46d6-b0ed-4601eee0b9d9,37c14e43-471b-4cba-ab88-160730fbc35f
2011,162,1648bec0-b740-45e4-b7dd-67dc5d9715bb,b5f24c2f-60b1-4a00-98c8-c025702f1644
2012,352,bc21deb9-fc02-43fc-9d40-11f6fa159305,8f761c36-a5f9-4b99-82d9-293a677b0f94
2013,162,4c0ed350-a536-4c6b-a103-1dd0b262f364,b5f24c2f-60b1-4a00-98c8-c025702f1644
2014,353,019a5abb-9139-4327-989a-755810e74db1,e0b3a4fc-78ec-4617-ad3e-4fb7a98ab6e5
2015,353,f2c10a15-d4cc-48cb-a97a-c261666e6814,e0b3a4fc-78ec-4617-ad3e-4fb7a98ab6e5
2016,354,ebe3d083-4936-4389-851e-583a8a0ae164,68fe0477-2523-4d6f-ae5c-552ac6cd0b25
2017,355,e2b2556c-3430-4561-9712-f110e2d3abab,fa616da0-9988-4ea3-b425-0802d6041cc7
2018,162,8373abc6-2373-446a-8a93-a2193fd09d96,b5f24c2f-60b1-4a00-98c8-c025702f1644
2019,356,d89bd7f1-3d01-4f83-872a-9d27d8848555,6014fe8c-7195-4286-93be-8e62bcbd1e50
2020,28,34e392da-0b40-464e-904d-41ab5d91f096,640ff5f6-c924-4484-811a-93df1f274cc9
2020,140,34e392da-0b40-464e-904d-41ab5d91f096,5e30830f-1a0b-4983-9ffd-39cd4239b236
2020,159,34e392da-0b40-464e-904d-41ab5d91f096,b595ab89-f7cc-4a96-b19c-d87dc8689c89
2020,175,34e392da-0b40-464e-904d-41ab5d91f096,5af64a9f-5bc3-4d23-858a-37d42f54a257
2020,357,34e392da-0b40-464e-904d-41ab5d91f096,d0a39384-1fa0-42a9-9fae-4bb2009b0001
2021,162,d2c64626-d7e0-4ea3-ab29-6867c607abd4,b5f24c2f-60b1-4a00-98c8-c025702f1644
2022,358,e74e6799-a697-424d-975f-99422eb9d196,2935d83b-7e95-4717-b9b0-f33850f98ef3
2023,358,59c035a0-7ee6-4f4a-818d-cd1469422697,2935d83b-7e95-4717-b9b0-f33850f98ef3
2024,358,fbcf19d5-332b-4e24-993c-c209af07500b,2935d83b-7e95-4717-b9b0-f33850f98ef3
2025,140,6a7c2d48-53d3-4dd4-9622-80ea5ad46cfb,5e30830f-1a0b-4983-9ffd-39cd4239b236
2027,162,03703764-4a1f-4951-9c91-59f6844be76d,b5f24c2f-60b1-4a00-98c8-c025702f1644
2028,359,1709a8d2-9d54-49dc-8d52-5df89eb47f66,81969007-7a95-4611-9bd4-295cac82e8f3
2029,124,eca54128-f1b2-4115-9a50-ddeecb0cce71,cce29796-6f71-4a60-bba2-58a4a1fd922a
2029,162,eca54128-f1b2-4115-9a50-ddeecb0cce71,b5f24c2f-60b1-4a00-98c8-c025702f1644
2030,360,afb6a727-c77d-4016-a810-985aa13ed382,fb9b3c30-bd01-4428-b230-ea335ea55a28
2031,361,8194635d-7230-4c66-9a71-a5fce09acb9e,ed718ff2-5aed-449a-ae07-20989000e3c9
2033,162,689f364e-ee85-48b0-b21b-6ea81a7f9c6d,b5f24c2f-60b1-4a00-98c8-c025702f1644
2034,86,11c1a64e-079c-41b4-9112-e78716eaf9a8,6361e1ff-75aa-4916-a429-5b6e5c026f08
2034,89,11c1a64e-079c-41b4-9112-e78716eaf9a8,23ba372a-af2d-440f-b8ef-794ef52aa077
2035,362,00a5ac90-dbc5-4cd6-8457-508f5ab8867e,8d96bedd-fd59-488c-beac-8342f2260284
2036,363,4a21ee08-f0b0-434c-a158-7a9d95d4d9d6,6c9d5de9-9355-4f52-b514-a0f51190e8dd
2037,364,5837d9ac-c2f8-4b41-a5d5-8e9017d6ab75,e9a652a8-a77a-4136-8865-54d1b42aced9
2038,65,43276ed0-28d7-43a9-aa54-13e8c3114ba2,71c3836d-c92c-4a50-ab85-87c986635583
2039,9,bd49552b-33a4-4911-b856-74916787b724,d14906ed-d7ec-4889-9b2d-dcab4ebc44e7
2039,24,bd49552b-33a4-4911-b856-74916787b724,1a737b63-ad3c-462b-9c6b-cbdb07a44871
2039,28,bd49552b-33a4-4911-b856-74916787b724,640ff5f6-c924-4484-811a-93df1f274cc9
2039,65,bd49552b-33a4-4911-b856-74916787b724,71c3836d-c92c-4a50-ab85-87c986635583
2039,153,bd49552b-33a4-4911-b856-74916787b724,2f091f27-e43b-43ff-8d25-9edbd3a1c2fe
2040,365,0cea8086-229b-453c-93f9-560b80ca4651,18ce579b-a107-450f-bbba-5617fac22e22
2041,65,0152d55c-ed6f-49c6-a18a-2268ec936170,71c3836d-c92c-4a50-ab85-87c986635583
2042,196,2b6ead70-d034-4c0c-a528-f9ed347877c5,e5db0d68-19e5-41fc-83b4-70650e5ff4ed
2043,65,7dbf348b-0efc-4fa1-ba94-3899df274381,71c3836d-c92c-4a50-ab85-87c986635583
2047,28,350497f4-4d65-46a8-9c29-a2008f7ca693,640ff5f6-c924-4484-811a-93df1f274cc9
2047,40,350497f4-4d65-46a8-9c29-a2008f7ca693,bc62358e-434a-4b1e-b09d-72e879f7e685
2047,58,350497f4-4d65-46a8-9c29-a2008f7ca693,8a6b49c5-b377-4f5d-b0e8-9a7b626efb3c
2052,65,2aefb106-1c55-4162-9f46-af283ec811d1,71c3836d-c92c-4a50-ab85-87c986635583
2052,66,2aefb106-1c55-4162-9f46-af283ec811d1,c0d44e8b-293f-4877-ac80-c2693890ce0e
2056,367,aab2a4b5-a389-4d9e-811a-fb47ddfe6d4b,ec02dcf7-5fb6-46e9-abec-e34866c94c74
2058,367,5bd30cfd-03de-4644-9e07-408fd1c2b85d,ec02dcf7-5fb6-46e9-abec-e34866c94c74
2059,367,d7e7ab39-c771-4346-b89b-20d6cdd41163,ec02dcf7-5fb6-46e9-abec-e34866c94c74
2060,368,17ca53c9-47d4-488c-babd-1b4adfd6053b,49f8e238-2f7f-4339-9a92-39d4bb28a19a
2064,162,cedabb8c-3410-4bc5-841e-bc1e1df8afbc,b5f24c2f-60b1-4a00-98c8-c025702f1644
2065,369,7202d9ba-dcfc-4053-b80e-59b55805acc2,1b7c976d-9019-4d81-b7df-0927bcdf44a7
2066,9,6b8ff9c6-aa12-4896-8ca5-ec6cdf14167d,d14906ed-d7ec-4889-9b2d-dcab4ebc44e7
2066,435,6b8ff9c6-aa12-4896-8ca5-ec6cdf14167d,86283ae0-c730-4de4-94b5-c70140ad1e40
2067,370,7d3f0335-43b5-49b8-a958-dc0f69429145,d81aaea4-bb23-468a-8507-1e56cfe36db2
2070,438,b101915b-6cff-4bd0-aeac-7440c6f98abc,753548b1-280d-4006-812e-8fa6f3b33b83
2079,371,eb580b16-15bb-47ae-910e-aa4e315c01b7,be1262e1-cadd-4a5c-a36d-cbe7ceae75a6
2080,444,56ab1c71-9916-413f-a060-636aea372c7b,34123f18-36d5-46be-8a33-881354e83d86
2083,162,3638cbd0-d393-45cc-8f9e-28d397f44b55,b5f24c2f-60b1-4a00-98c8-c025702f1644
2090,21,e9a2d955-6fa1-4b66-bf63-11ddd8256905,d0afac79-d069-449f-abb6-c18974f09fba
2091,372,fc900569-120f-4813-9f91-4f92979392f9,f52ac001-4e9b-45f6-882d-e68bf8963a4d
2096,408,afa3f9de-f922-48de-b063-6cef95428041,c7d600dc-8aae-4b43-9272-760fae6c72c8
2098,58,471bc394-bd83-48b3-9fde-3be352006413,8a6b49c5-b377-4f5d-b0e8-9a7b626efb3c
2099,86,fab86597-9479-4361-9bef-57deb92d03bc,6361e1ff-75aa-4916-a429-5b6e5c026f08
2100,21,f3b8935f-afee-4664-aa8c-77ad2f09e264,d0afac79-d069-449f-abb6-c18974f09fba
2100,58,f3b8935f-afee-4664-aa8c-77ad2f09e264,8a6b49c5-b377-4f5d-b0e8-9a7b626efb3c
2100,408,f3b8935f-afee-4664-aa8c-77ad2f09e264,c7d600dc-8aae-4b43-9272-760fae6c72c8
2102,162,41c4fd9c-a48c-4de5-85dc-b8ba89a13b45,b5f24c2f-60b1-4a00-98c8-c025702f1644
2103,373,296cf5c1-94c0-44e1-a2b1-6e328ea6ed4b,c2dfe44c-4df5-4100-89db-ad419bdb1e43
2105,1,1f009c82-ac10-4e89-b908-c823704e6648,b1d49301-fe07-4171-b989-7768419e0373
2106,140,80a5c5a6-b48a-455c-86d0-6bcce2f9abaf,5e30830f-1a0b-4983-9ffd-39cd4239b236
2107,140,95003359-9ac5-4c85-bf42-234652c3927e,5e30830f-1a0b-4983-9ffd-39cd4239b236
2109,232,5c4b11ab-0026-41aa-bb4b-c8308285809b,681290ad-c6c4-4501-a053-6fb632a97fb0
2114,140,d17f557e-d131-49fd-9e70-243067b53722,5e30830f-1a0b-4983-9ffd-39cd4239b236
2115,140,6b63d459-d87b-4092-b55f-98e129cf34ea,5e30830f-1a0b-4983-9ffd-39cd4239b236
2118,408,9b91f9b3-7449-4000-a29c-82cccebe9b94,c7d600dc-8aae-4b43-9272-760fae6c72c8
2119,319,d358a7d7-282c-49c3-b5fa-844b2c0359c4,10a617e2-a747-4cfc-811b-9c0a04640370
2120,96,cb7e9441-83e1-4141-bdc0-73da7a0d3224,8b54abd3-797c-471c-ad4a-1bde5ea69734
2120,116,cb7e9441-83e1-4141-bdc0-73da7a0d3224,2a898059-bc57-4390-a10a-0358c8ee3847
2121,116,928ed8b0-4802-4dbd-a65e-2655a55de52d,2a898059-bc57-4390-a10a-0358c8ee3847
2122,82,ebda7d41-35e8-4960-bfad-bddb241f604a,80f418a2-b4cd-4dbf-9beb-f6412b56663d
2122,230,ebda7d41-35e8-4960-bfad-bddb241f604a,39a06e4a-d409-47fc-890f-3100b6861f45
2123,82,b329f9ae-16c4-44eb-9ea0-78772c6fc787,80f418a2-b4cd-4dbf-9beb-f6412b56663d
2123,230,b329f9ae-16c4-44eb-9ea0-78772c6fc787,39a06e4a-d409-47fc-890f-3100b6861f45
2125,376,e3d48f4b-0097-4061-82e4-7b7d848e3cfc,125ce8e1-aed7-4d08-9a46-08e79baae0d4
2127,377,5bd3bf3e-51be-411b-b16b-38d9be243489,fad542b9-ed04-4f28-87bb-fa0eb61fd0e5
2128,166,0ba71a02-d3be-48af-b365-54ac0187b4be,8d62ed42-8920-427e-bdcd-b5ad58e3dcb6
2129,378,84a4f279-42b9-4651-9005-f094bf1002dc,d7927293-93d4-4bd3-a8ab-6e7602c814b8
2131,408,c8fb8ffb-10ff-4689-bdfe-2f657f657cdb,c7d600dc-8aae-4b43-9272-760fae6c72c8
2132,65,0553c941-9304-442e-a521-748c5f6ef347,71c3836d-c92c-4a50-ab85-87c986635583
2135,89,0ed7471f-46ff-4e7f-a000-a73d513a913a,23ba372a-af2d-440f-b8ef-794ef52aa077
2135,140,0ed7471f-46ff-4e7f-a000-a73d513a913a,5e30830f-1a0b-4983-9ffd-39cd4239b236
2136,89,9f9072b9-dc19-496d-89b9-1bf3eada9033,23ba372a-af2d-440f-b8ef-794ef52aa077
2137,140,af3a7651-3df7-4eee-97c0-920efc204314,5e30830f-1a0b-4983-9ffd-39cd4239b236
2138,159,21f2864c-7a31-4abf-bacf-5db820f7174e,b595ab89-f7cc-4a96-b19c-d87dc8689c89
2139,140,24f56ccb-f65c-4986-aa1e-485333bfcfca,5e30830f-1a0b-4983-9ffd-39cd4239b236
2140,259,c99b126b-d667-4ac9-ae9b-dbd5c60a92b4,2c89c4a4-e2d6-43a8-a8ed-59770c8b5089
2141,152,189024aa-6e49-42d6-a718-b3318911e060,26c817ef-9b23-4973-82cc-e96a1a97d5dc
2143,379,a1e02d0d-c6b7-4ff2-8b2e-42b564af6e04,92e8b438-8846-449c-ac25-b0b56f348abc
2146,65,af432b3c-1cdf-4a00-b3b4-bdd36e0f16d3,71c3836d-c92c-4a50-ab85-87c986635583
2147,380,ae8e115d-33a6-49f2-bc67-bb2857f174a9,b6b9dad6-61bc-4bce-937e-62d81da09728
2148,190,389e3956-43df-4161-833e-8539c1f37c3a,c80f962f-6090-4fe5-b2b6-5147e6c843df
2149,190,4635e845-68a1-49b8-92a9-bfe6c3b9c84c,c80f962f-6090-4fe5-b2b6-5147e6c843df
2150,86,0ffa43e5-cc25-42e0-a3a9-0c73fec453b7,6361e1ff-75aa-4916-a429-5b6e5c026f08
2151,65,1a0e0dcc-21dd-4e22-a0f6-4bca5b978b55,71c3836d-c92c-4a50-ab85-87c986635583
2153,162,b002e9c8-040e-4344-bd9d-b8cd7a45b439,b5f24c2f-60b1-4a00-98c8-c025702f1644
2154,1440,9faea646-1e3e-4989-b53c-2ae8327a80ac,14fe1427-a73d-42b6-8334-6470327464fc
2155,146,962a635b-e46c-41a5-8552-0e317fb0c01b,0a98de96-f33e-4e1b-a352-9a64897be46f
2156,146,72a698f9-367e-4aff-8cc8-5b7571e163f8,0a98de96-f33e-4e1b-a352-9a64897be46f
2157,146,f8e59d3d-f6b2-4d70-b6f4-c7822d13d0e0,0a98de96-f33e-4e1b-a352-9a64897be46f
2158,146,391c736e-feb5-4b73-b82d-15018e61cd84,0a98de96-f33e-4e1b-a352-9a64897be46f
2160,162,a6564eb8-cb9d-4d51-83c2-f52b36de0168,b5f24c2f-60b1-4a00-98c8-c025702f1644
2161,381,6dcd0554-0e86-4146-9585-a6a210373b2c,b1af9d74-2781-4547-8454-6f1f793fb60b
2163,162,7bcb043c-a0d6-4bdc-94e1-17a0618a2c72,b5f24c2f-60b1-4a00-98c8-c025702f1644
2164,65,7c3a411e-af87-4b2e-97ee-bf00dd0c07ec,71c3836d-c92c-4a50-ab85-87c986635583
2165,162,5646fda2-24e4-440e-8108-a3b7ec330e26,b5f24c2f-60b1-4a00-98c8-c025702f1644
2166,382,d3a04ea3-ac45-41fb-890c-a571c22348df,c14c9a72-de7a-496d-9d87-b62c525ef6ae
2167,383,d48b20bc-31b9-43e7-adf2-7b6c45fca0a8,1e1bcae5-eae6-4263-9a14-09bdad9977b4
2168,162,52adc4ad-0eac-4784-860b-a537e7bfac84,b5f24c2f-60b1-4a00-98c8-c025702f1644
2169,21,2a1c0041-c76a-4471-81e3-9f32e5eeffe5,d0afac79-d069-449f-abb6-c18974f09fba
2171,162,f93615a6-9c27-477b-a74f-d74cf863e97f,b5f24c2f-60b1-4a00-98c8-c025702f1644
2172,384,873f901e-29dc-4ef8-89fe-082d739fde79,68996386-526b-4181-8620-4dd35bf929dd
2174,253,6c74d6b1-6e58-4e0d-9838-ac2295ee6fe4,0a17b295-c551-41da-ada5-924dddf4c0fc
2175,259,cf60554f-6909-4b3b-afb9-dbffc966a2d7,2c89c4a4-e2d6-43a8-a8ed-59770c8b5089
2177,162,f0ca160e-1c23-474c-9517-5176cdd02dcb,b5f24c2f-60b1-4a00-98c8-c025702f1644
2178,385,4f23302e-bb94-4ba5-bbf0-0a2c74dd8ad6,806f0ce9-8879-422d-851e-90a62f17612e
2179,386,bbcf4a2c-44b2-4e9e-b1d7-c59d2a0b17a5,8371b17a-3394-4af4-8a64-9fc831b9f2a3
2182,49,c1cabdd2-a1b5-4529-a082-7fffa7396a91,8e7b59b7-63d6-484d-9517-c1a74563a05f
2185,162,1f2a9aee-dbf6-4b4e-b80c-0657c377ee04,b5f24c2f-60b1-4a00-98c8-c025702f1644
2191,140,bb0a18ac-4eca-4f02-9e02-ed17a4f32a8d,5e30830f-1a0b-4983-9ffd-39cd4239b236
2192,162,0462fbe0-783a-44a9-b397-1143920eb392,b5f24c2f-60b1-4a00-98c8-c025702f1644
2193,128,27323d9a-a6ce-40f9-8e3d-1de5c484dd7a,76db904e-b736-4565-91ce-cb3e7e3cdd94
2193,153,27323d9a-a6ce-40f9-8e3d-1de5c484dd7a,2f091f27-e43b-43ff-8d25-9edbd3a1c2fe
2194,408,1eaa7c6a-aa42-4b65-a550-d9cfae215147,c7d600dc-8aae-4b43-9272-760fae6c72c8
2196,162,1c5b4f17-c545-4d9a-8e3a-9bc76bfc232d,b5f24c2f-60b1-4a00-98c8-c025702f1644
2197,162,27d7cb71-f112-494f-88ae-3f6a0c8afb36,b5f24c2f-60b1-4a00-98c8-c025702f1644
2199,162,a8366161-b0a9-49e9-98b9-5ed78dde2cf1,b5f24c2f-60b1-4a00-98c8-c025702f1644
2201,387,ea59ab52-ef07-4f61-8398-a9fb67eee98e,caec2c71-4afb-4f8e-926c-80659fb99f08
2202,387,6a50edfc-c950-4126-84c1-01822006e5a8,caec2c71-4afb-4f8e-926c-80659fb99f08
2203,387,126996d9-53f7-4b98-9df5-0e2a980e04bd,caec2c71-4afb-4f8e-926c-80659fb99f08
2204,388,59286a92-3815-4ef5-8cd0-5f95d3628371,022241a6-e3e5-4d3d-8954-e86cdbec2042
2205,162,7e21dbaf-7507-4091-b5ab-9bd972e31ce9,b5f24c2f-60b1-4a00-98c8-c025702f1644
2206,162,f420a9a0-70ff-40d8-a870-460ecf578343,b5f24c2f-60b1-4a00-98c8-c025702f1644
2207,162,3ef191bb-d9ee-4c88-be97-06f96effb128,b5f24c2f-60b1-4a00-98c8-c025702f1644
2208,117,f6ab39ad-8c6a-4a50-8ee9-348748e6bf72,decee226-8684-4491-8c02-f0746c6bb6ac
2208,390,f6ab39ad-8c6a-4a50-8ee9-348748e6bf72,fe0ba5cf-3eaf-40ec-b1d8-eed57c1ede5c
2209,69,35ce89f5-1cea-4930-846e-f61225dc049c,68d23985-95ce-4833-bfba-939d96e0c7ea
2210,69,bcc375d4-c7f1-46d3-a1e6-7b86a8eda154,68d23985-95ce-4833-bfba-939d96e0c7ea
2211,54,ad13cbac-58e0-4675-a706-a9c53ee27ce6,3d1bc7f4-e0ed-4100-bb03-38598f2cbad7
2211,102,ad13cbac-58e0-4675-a706-a9c53ee27ce6,66a08317-ee51-41d8-81c3-d1db54da79d4
2212,124,24483bce-0cdf-44b1-95d4-9e1d16a4c2a5,cce29796-6f71-4a60-bba2-58a4a1fd922a
2213,21,8531a172-6b06-4c01-a75a-63a34f09022e,d0afac79-d069-449f-abb6-c18974f09fba
2214,65,7d58b7a1-0c57-48a1-9a20-fda7a15eb0f0,71c3836d-c92c-4a50-ab85-87c986635583
2215,391,36e47747-a250-4e6c-bc91-a3133ff03ce8,8fe12dcc-2137-4fdd-891e-b0df22326725
2217,392,d5b54ad6-c043-4ab4-bf67-b750d0590665,a22c646e-578c-4855-aed1-3c46802dddda
2218,162,cb440adc-a07b-45ba-b867-30a7119cb5fd,b5f24c2f-60b1-4a00-98c8-c025702f1644
2220,393,b4f1c348-aaa9-4ed9-8a9e-abbcc9397289,33bba8b7-e361-465b-9260-3ea2f16aedc0
2221,162,51a281ed-addd-46fe-84ca-c1666b5d685e,b5f24c2f-60b1-4a00-98c8-c025702f1644
2222,162,250e0af7-99f9-4902-94f2-d56acee2c83e,b5f24c2f-60b1-4a00-98c8-c025702f1644
2223,394,c75bcaaa-4d5e-4cf1-9c44-6e18798dfcc1,21b0098d-d638-4977-8829-eb59e2aa6531
2224,395,170adcef-badd-48b0-9ac0-fdaafd8509a6,3fb86550-56cd-4cb3-969c-8c014aefcfc1
2225,162,eb772dd0-68ef-4975-aa36-9762d4527291,b5f24c2f-60b1-4a00-98c8-c025702f1644
2226,396,ee01e7a4-70df-4140-bc48-6ae91bb08bf2,25a5f117-d6a1-4f69-8f57-8696161da52f
2227,396,5e67ce9e-4ac4-4202-acee-adde2a3ef6ca,25a5f117-d6a1-4f69-8f57-8696161da52f
2228,149,c84de123-c7c2-40cc-95cc-df83dfd35dca,e4d63e54-e6c0-4a81-9333-876f96d8be6c
2229,45,9f4720a2-f14e-418d-b4df-7717512ea92b,8253f412-fb9a-4bd1-b534-2bd6fd239402
2230,397,213ab2f8-7c91-48d9-ae9e-7b9fcfdddbb5,6f81d2df-43cc-4f7a-bd5a-3919376ea369
2231,398,baca2cf1-084a-4816-b06b-29ce7d937a6f,45c66cfc-063a-44d2-806b-f1a421fe7ee4
2232,400,72adccb5-234e-4416-82fe-9d9703aa3e42,f8efe27b-714f-4629-bc74-bf25fa629123
2233,402,4b4cff63-2305-4e9b-8fb5-9967e7b448c6,df774e4d-42f5-4e02-aefb-584bdd2434cd
2234,299,ba965a7f-a56a-4e1d-8013-b27a50b010c2,0d04cc2b-f17d-4cb3-9a59-d50df338e72a
2234,397,ba965a7f-a56a-4e1d-8013-b27a50b010c2,6f81d2df-43cc-4f7a-bd5a-3919376ea369
2235,149,e599f41a-9b1b-4201-b255-04c81d8ebde6,e4d63e54-e6c0-4a81-9333-876f96d8be6c
2236,405,ac480b35-5a87-4fd6-8e6f-a44bbbab875d,ff0f98cb-a914-4361-bc3f-9338f21cb552
2238,190,c9cc5e93-57b1-4585-95ef-55d7909222cd,c80f962f-6090-4fe5-b2b6-5147e6c843df
2239,42,1b98055c-f33a-418d-a892-bcbc9991e5ab,7943dbc7-7395-45ed-ad7d-9b9247b90db0
2239,116,1b98055c-f33a-418d-a892-bcbc9991e5ab,2a898059-bc57-4390-a10a-0358c8ee3847
2239,196,1b98055c-f33a-418d-a892-bcbc9991e5ab,e5db0d68-19e5-41fc-83b4-70650e5ff4ed
2240,42,ae600dab-14da-4e26-a905-5da3b38360d8,7943dbc7-7395-45ed-ad7d-9b9247b90db0
2241,42,03a73443-806f-418f-aae8-fe9762841534,7943dbc7-7395-45ed-ad7d-9b9247b90db0
2241,190,03a73443-806f-418f-aae8-fe9762841534,c80f962f-6090-4fe5-b2b6-5147e6c843df
2241,196,03a73443-806f-418f-aae8-fe9762841534,e5db0d68-19e5-41fc-83b4-70650e5ff4ed
2242,42,1d1af0dc-c116-40d2-bfc4-246b2caff56f,7943dbc7-7395-45ed-ad7d-9b9247b90db0
2243,10,aca5f053-3096-4de1-b876-7ff160478951,187d60d2-fb67-4939-883b-883114182179
2243,11,aca5f053-3096-4de1-b876-7ff160478951,8b4fb246-83a3-4768-8e01-4e82d9834957
2243,192,aca5f053-3096-4de1-b876-7ff160478951,44e6abbd-df57-49d5-a61d-18fb5a2b3f82
2244,406,f8b13f8a-5429-4520-a3c4-00ce0ea3263d,76be05be-66b6-4546-95a8-30469f76b61e
2246,124,c29d626c-3fae-4c0c-8459-a04e9ca9ad83,cce29796-6f71-4a60-bba2-58a4a1fd922a
2247,41,091bffe1-99a8-4998-9717-13bb0c4ec2a9,e9efde2c-e2eb-4007-9b09-d5e84f47baac
2247,177,091bffe1-99a8-4998-9717-13bb0c4ec2a9,04a9c418-a92b-4f1d-820c-5c37512c7927
2248,65,697fac64-272b-44de-a5de-b5a9b1fcc104,71c3836d-c92c-4a50-ab85-87c986635583
2249,65,813116a5-7977-407f-afb9-a589ffa764a4,71c3836d-c92c-4a50-ab85-87c986635583
2250,279,f50d65ca-15a2-4cc0-965e-7ba31c86238e,1a88a251-3cb7-4f11-90a0-5558530cdd81
2251,29,3fd7df63-5b82-44ba-86ec-0a9df1da073a,d80ebb28-a356-409c-b90f-99e519142cc4
2251,279,3fd7df63-5b82-44ba-86ec-0a9df1da073a,1a88a251-3cb7-4f11-90a0-5558530cdd81
2252,35,b69b08df-9f0e-4c98-9326-161a92674dcf,4cdbfcb2-c71f-46e0-8ea1-e97c1bc2dcb4
2252,279,b69b08df-9f0e-4c98-9326-161a92674dcf,1a88a251-3cb7-4f11-90a0-5558530cdd81
2253,42,1779b486-912f-4559-820d-b68fb6c77811,7943dbc7-7395-45ed-ad7d-9b9247b90db0
2253,196,1779b486-912f-4559-820d-b68fb6c77811,e5db0d68-19e5-41fc-83b4-70650e5ff4ed
2254,190,36f1b5ba-6587-4e72-b0af-fa336a201e5a,c80f962f-6090-4fe5-b2b6-5147e6c843df
2254,196,36f1b5ba-6587-4e72-b0af-fa336a201e5a,e5db0d68-19e5-41fc-83b4-70650e5ff4ed
2255,419,d1f1219c-90f7-4fe3-940b-3d8c6e10005e,df6d6877-e93d-426b-96cc-5d6b36dc1345
2257,65,3bb75169-d22d-421c-99d6-c19aa1d81302,71c3836d-c92c-4a50-ab85-87c986635583
2258,65,4c15501a-e2ba-40a2-ba49-c56fe711a08a,71c3836d-c92c-4a50-ab85-87c986635583
2259,42,f43098c8-1726-4a25-9130-befd4f631aca,7943dbc7-7395-45ed-ad7d-9b9247b90db0
2260,42,087f8bff-3e82-4996-8327-dafb144680e6,7943dbc7-7395-45ed-ad7d-9b9247b90db0
2261,42,192a9fcf-f741-4613-a386-927d709211b9,7943dbc7-7395-45ed-ad7d-9b9247b90db0
2262,42,f465a6b6-cfdc-4d08-afb0-f96d8ace03b0,7943dbc7-7395-45ed-ad7d-9b9247b90db0
2263,279,c6722722-42c9-4bee-b28b-7bb0aa20754c,1a88a251-3cb7-4f11-90a0-5558530cdd81
2264,279,fa889da8-17a4-46d4-a416-2f64bbd0993b,1a88a251-3cb7-4f11-90a0-5558530cdd81
2265,279,01436534-cb6a-4c0f-9ba5-8c80302f3884,1a88a251-3cb7-4f11-90a0-5558530cdd81
2266,279,3f692df8-ef20-4c3e-bba7-c57fcd0e6037,1a88a251-3cb7-4f11-90a0-5558530cdd81
2267,279,9b1d8aaa-dcf2-429c-8efc-f9d7ad2dc5c2,1a88a251-3cb7-4f11-90a0-5558530cdd81
2268,40,f5efc208-8b33-4356-a43b-ce5464ec9b54,bc62358e-434a-4b1e-b09d-72e879f7e685
2269,40,e821f932-1343-49ed-927a-86797cc0b52d,bc62358e-434a-4b1e-b09d-72e879f7e685
2270,40,9390f963-f8ba-4a13-b257-45670738d12b,bc62358e-434a-4b1e-b09d-72e879f7e685
2271,1,72bbb935-0e42-4ff2-8196-11490c926dc2,b1d49301-fe07-4171-b989-7768419e0373
2271,126,72bbb935-0e42-4ff2-8196-11490c926dc2,f0f7a169-7d6b-4660-b7ca-48eec3f105a6
2272,190,a500c6f7-9e02-43ad-ae41-54843a0205a3,c80f962f-6090-4fe5-b2b6-5147e6c843df
2272,196,a500c6f7-9e02-43ad-ae41-54843a0205a3,e5db0d68-19e5-41fc-83b4-70650e5ff4ed
2273,190,e4d88ad5-bf3c-4e6d-b9c5-bf1050257aba,c80f962f-6090-4fe5-b2b6-5147e6c843df
2273,196,e4d88ad5-bf3c-4e6d-b9c5-bf1050257aba,e5db0d68-19e5-41fc-83b4-70650e5ff4ed
2274,196,589e6356-cffb-46cd-8837-16ff9b1dee1c,e5db0d68-19e5-41fc-83b4-70650e5ff4ed
2275,162,05442da4-4f76-4ae5-93d0-4d87cdf5e265,b5f24c2f-60b1-4a00-98c8-c025702f1644
2276,86,a6a0824a-710d-42de-bbe9-fde47d77adf0,6361e1ff-75aa-4916-a429-5b6e5c026f08
2276,253,a6a0824a-710d-42de-bbe9-fde47d77adf0,0a17b295-c551-41da-ada5-924dddf4c0fc
2278,407,9eb3b2af-72be-475c-b04c-9306a2923240,dd6262b0-fc88-477d-b9f6-f33934c4fa5c
2279,28,5b54831e-4128-4b88-8acc-0f5b95fe3251,640ff5f6-c924-4484-811a-93df1f274cc9
2280,157,b48bdcef-e174-40b4-80cc-17ce19c1ac9c,e8ce0762-3e4d-48b6-9150-351d0b508b80
2282,190,80726515-bbe6-445b-be5d-5497054f0a06,c80f962f-6090-4fe5-b2b6-5147e6c843df
2282,196,80726515-bbe6-445b-be5d-5497054f0a06,e5db0d68-19e5-41fc-83b4-70650e5ff4ed
2286,89,12424b90-1318-4e0f-8ed5-d52ccec507e2,23ba372a-af2d-440f-b8ef-794ef52aa077
2286,159,12424b90-1318-4e0f-8ed5-d52ccec507e2,b595ab89-f7cc-4a96-b19c-d87dc8689c89
2287,89,d3be348c-6155-4e11-a87e-f9ecf59075f5,23ba372a-af2d-440f-b8ef-794ef52aa077
2287,159,d3be348c-6155-4e11-a87e-f9ecf59075f5,b595ab89-f7cc-4a96-b19c-d87dc8689c89
2288,22,0aad3344-f3d6-4a48-ad88-cca15777c73b,080f84f2-06fd-4c35-87f7-17827e3b04a1
2288,159,0aad3344-f3d6-4a48-ad88-cca15777c73b,b595ab89-f7cc-4a96-b19c-d87dc8689c89
2289,22,37280b63-ddb1-4865-9f07-229e9d25f628,080f84f2-06fd-4c35-87f7-17827e3b04a1
2289,159,37280b63-ddb1-4865-9f07-229e9d25f628,b595ab89-f7cc-4a96-b19c-d87dc8689c89
2290,22,dd55c712-3be0-4d40-9125-9d94e31f869c,080f84f2-06fd-4c35-87f7-17827e3b04a1
2290,159,dd55c712-3be0-4d40-9125-9d94e31f869c,b595ab89-f7cc-4a96-b19c-d87dc8689c89
2291,22,0cc0c314-5730-4952-8672-90d49fc36c4a,080f84f2-06fd-4c35-87f7-17827e3b04a1
2291,159,0cc0c314-5730-4952-8672-90d49fc36c4a,b595ab89-f7cc-4a96-b19c-d87dc8689c89
2292,22,cb6b2667-8bcc-4765-8871-245c97856bc1,080f84f2-06fd-4c35-87f7-17827e3b04a1
2292,159,cb6b2667-8bcc-4765-8871-245c97856bc1,b595ab89-f7cc-4a96-b19c-d87dc8689c89
2298,162,03824ce5-a970-4219-9289-33e2bab3fcb3,b5f24c2f-60b1-4a00-98c8-c025702f1644
2299,162,7187ef9f-8a1a-4dc5-9fae-6c2f6343db6f,b5f24c2f-60b1-4a00-98c8-c025702f1644
2300,392,3f6b5a17-fdf0-4df9-b97b-a0dbfd964c07,a22c646e-578c-4855-aed1-3c46802dddda
2301,392,917121b6-9b58-43b5-8199-3df47bc5b133,a22c646e-578c-4855-aed1-3c46802dddda
2302,409,40aeb901-ef81-488a-a6bb-37294de0fd83,ee1debf1-d4f6-4d26-b36c-a3f4d68d3b88
2303,9,9b80ed5e-6e80-4f2a-a03c-fd1cae1af4bf,d14906ed-d7ec-4889-9b2d-dcab4ebc44e7
2303,40,9b80ed5e-6e80-4f2a-a03c-fd1cae1af4bf,bc62358e-434a-4b1e-b09d-72e879f7e685
2303,59,9b80ed5e-6e80-4f2a-a03c-fd1cae1af4bf,0ab221c9-9090-45d3-8f78-9cc0012614df
2303,65,9b80ed5e-6e80-4f2a-a03c-fd1cae1af4bf,71c3836d-c92c-4a50-ab85-87c986635583
2303,124,9b80ed5e-6e80-4f2a-a03c-fd1cae1af4bf,cce29796-6f71-4a60-bba2-58a4a1fd922a
2305,410,4273e0b7-4fb7-4754-9913-1736f5cc14df,ac9b45fc-2df1-4414-898e-66ea79743b63
2306,162,3ad2be26-cae0-48aa-8b7e-50eb73cb7a84,b5f24c2f-60b1-4a00-98c8-c025702f1644
2306,411,3ad2be26-cae0-48aa-8b7e-50eb73cb7a84,252206e8-b0df-433f-a360-d5fed5475f7a
2308,409,5a047ded-0835-468f-b757-34bc13bd4c42,ee1debf1-d4f6-4d26-b36c-a3f4d68d3b88
2309,409,8c25d6e3-76b8-4e5e-ba09-8592e2f84c37,ee1debf1-d4f6-4d26-b36c-a3f4d68d3b88
2310,409,fc369282-e42b-47d3-b7a9-393bab45a42f,ee1debf1-d4f6-4d26-b36c-a3f4d68d3b88
2312,162,67df5567-7544-436e-89ae-a6e38d9b52a5,b5f24c2f-60b1-4a00-98c8-c025702f1644
2314,319,66231583-db56-4062-9b01-4e46d2b95c6d,10a617e2-a747-4cfc-811b-9c0a04640370
2315,11,20d8651f-12f4-4c59-8bdc-97334af2e519,8b4fb246-83a3-4768-8e01-4e82d9834957
2316,28,6b701a6b-9c70-42f6-aa13-86f011b23c28,640ff5f6-c924-4484-811a-93df1f274cc9
2318,162,906b93aa-cb5a-4906-bd98-941a5b16c75e,b5f24c2f-60b1-4a00-98c8-c025702f1644
2319,162,b1d97ab9-e932-405a-ae25-4a8d8b446fb4,b5f24c2f-60b1-4a00-98c8-c025702f1644
2320,162,5f446c64-aaca-42bd-9ed5-4bdecf5d7954,b5f24c2f-60b1-4a00-98c8-c025702f1644
2322,412,948deaca-cfdb-4575-9661-3b960832bd0e,e0fabbe0-5702-406c-8ef9-e06c235198b3
2323,162,01c05bb3-0852-4ad7-9de2-f004744b7534,b5f24c2f-60b1-4a00-98c8-c025702f1644
2324,162,2c6847fd-b394-4e54-9c35-81a49aa487d4,b5f24c2f-60b1-4a00-98c8-c025702f1644
2325,162,32836ec6-cfff-4ca6-9108-5b2dae4ef7a3,b5f24c2f-60b1-4a00-98c8-c025702f1644
2327,393,59e19669-c00c-4915-838a-0b356b490cae,33bba8b7-e361-465b-9260-3ea2f16aedc0
2328,413,7b50b16a-c49b-43bc-a36a-4500b89a139b,b1c210f4-1614-41e2-b41b-7cb46adb427e
2329,179,1b977461-b5e2-400d-bdd4-f8dd36a8309d,617a4cfd-dcaf-40c4-98a9-3d388c7ca4a0
2332,392,7fb66726-8ad2-4551-a59c-d619ea48b2cb,a22c646e-578c-4855-aed1-3c46802dddda
2333,1,8b800627-e5f2-4133-8697-fa8129f82a58,b1d49301-fe07-4171-b989-7768419e0373
2334,34,265b79f5-cff8-4323-8a41-b7255cd7c07a,728ba25f-56f0-49c7-aad3-cee18e334c2b
2335,162,26ae8f95-c3c0-4f2d-a74c-4b410752695e,b5f24c2f-60b1-4a00-98c8-c025702f1644
2336,196,254ab803-7285-4ba0-be78-5c979ad99a81,e5db0d68-19e5-41fc-83b4-70650e5ff4ed
2338,159,520a86ed-3bba-4d95-9d3e-4a62e586aeb9,b595ab89-f7cc-4a96-b19c-d87dc8689c89
2338,192,520a86ed-3bba-4d95-9d3e-4a62e586aeb9,44e6abbd-df57-49d5-a61d-18fb5a2b3f82
2339,11,0e8b7d83-aec0-49b4-8dba-9a94188cf957,8b4fb246-83a3-4768-8e01-4e82d9834957
2340,327,408ae7c0-b7a7-4e38-94a8-17b6b7c50fd9,6b01ad1e-f257-4296-b5f5-0178bb9835b3
2341,140,40ff17fa-dfe4-4107-9e0e-2f549e89e628,5e30830f-1a0b-4983-9ffd-39cd4239b236
2341,415,40ff17fa-dfe4-4107-9e0e-2f549e89e628,56902c2b-5f2a-4a90-ba11-1cd82da3f55a
2342,140,fd694468-9b40-405b-b3e0-8c19d0945115,5e30830f-1a0b-4983-9ffd-39cd4239b236
2342,415,fd694468-9b40-405b-b3e0-8c19d0945115,56902c2b-5f2a-4a90-ba11-1cd82da3f55a
2343,11,ea8300b5-5806-4cc3-8ebf-2b38f274311b,8b4fb246-83a3-4768-8e01-4e82d9834957
2343,192,ea8300b5-5806-4cc3-8ebf-2b38f274311b,44e6abbd-df57-49d5-a61d-18fb5a2b3f82
2344,11,d5643080-3724-4f37-9775-0edfa1aeb9f5,8b4fb246-83a3-4768-8e01-4e82d9834957
2344,28,d5643080-3724-4f37-9775-0edfa1aeb9f5,640ff5f6-c924-4484-811a-93df1f274cc9
2344,192,d5643080-3724-4f37-9775-0edfa1aeb9f5,44e6abbd-df57-49d5-a61d-18fb5a2b3f82
2345,11,43dd0950-68b3-4937-ba73-6c554e30f29e,8b4fb246-83a3-4768-8e01-4e82d9834957
2346,11,095d2f2b-418a-49ce-8aeb-87ac8dae7ced,8b4fb246-83a3-4768-8e01-4e82d9834957
2347,28,867464a8-b1c2-472e-bc26-60fecd7761c1,640ff5f6-c924-4484-811a-93df1f274cc9
2348,21,f294fd27-bb98-4839-bda3-593c8d0741a5,d0afac79-d069-449f-abb6-c18974f09fba
2348,28,f294fd27-bb98-4839-bda3-593c8d0741a5,640ff5f6-c924-4484-811a-93df1f274cc9
2349,28,c6b09026-e923-4234-883d-1df363989064,640ff5f6-c924-4484-811a-93df1f274cc9
2351,196,f6e088ea-95c7-4201-a5b6-e3d6f390ccde,e5db0d68-19e5-41fc-83b4-70650e5ff4ed
2352,177,90abdc8d-9276-4125-8dd4-ff1bb128ef31,04a9c418-a92b-4f1d-820c-5c37512c7927
2353,175,f0228635-eef9-449b-8cf9-3d42777bc18f,5af64a9f-5bc3-4d23-858a-37d42f54a257
2354,194,2a0bd133-7ea2-4549-9bd6-a7fc4cc45c6e,f8036622-785a-4070-8583-3e38742a8bd3
2355,293,7a0f2cd9-490c-43ca-9361-a77f0c536695,76d27797-08ed-44a0-8727-6aced26b594b
2356,293,697e64c7-fff7-4f63-a7f2-b2bd54bffa7e,76d27797-08ed-44a0-8727-6aced26b594b
2357,293,1c3d7909-28b4-499c-8625-3964b8b7e067,76d27797-08ed-44a0-8727-6aced26b594b
2358,416,c7766fc3-de1d-41a1-b045-760e7d1d1d8c,ba87d479-2ed3-4348-9066-dda3a6379996
2359,416,1a6e7f74-d257-4e9b-8036-4f638a3b354d,ba87d479-2ed3-4348-9066-dda3a6379996
2360,416,236aadbe-bb72-41ce-80eb-82b2b098a164,ba87d479-2ed3-4348-9066-dda3a6379996
2361,417,b3983474-d884-4f8b-a8a6-7e1cfd47c401,1e7e1e33-339d-48a2-8724-7b567b13edf6
2362,42,54bfdebf-3cb3-4d0b-87fa-83b42885706e,7943dbc7-7395-45ed-ad7d-9b9247b90db0
2363,152,4bc54e05-0456-407e-899a-89d97d716ace,26c817ef-9b23-4973-82cc-e96a1a97d5dc
2364,416,f570dbb5-2e1d-4369-9565-d0d0042fd2f0,ba87d479-2ed3-4348-9066-dda3a6379996
2365,416,5e7cb9f3-8fc8-42c8-97df-8082cf41e415,ba87d479-2ed3-4348-9066-dda3a6379996
2366,416,5c21162d-5dcf-4ea9-bdac-9d2223e6bd63,ba87d479-2ed3-4348-9066-dda3a6379996
2367,416,f81b8b01-8786-4e2b-a07f-7a1622fe7830,ba87d479-2ed3-4348-9066-dda3a6379996
2368,418,2d58f006-6585-407b-b7f1-e99526259e9c,53543a80-426b-4983-804c-0e35bce0171a
2369,419,242458f7-09c3-4c9f-ae03-7c942f52da61,df6d6877-e93d-426b-96cc-5d6b36dc1345
2370,420,8de3d3d5-5723-45bb-88c8-400437355561,04890db4-d2f7-41e8-be13-4a90729e9d8a
2371,420,6af60d02-2dc1-4ff6-8b11-d9dd766e36be,04890db4-d2f7-41e8-be13-4a90729e9d8a
2372,420,2e207de9-393f-4957-8b48-695b5d1295b4,04890db4-d2f7-41e8-be13-4a90729e9d8a
2373,420,13fc1e93-1ec6-4e61-903f-f263f4d00be4,04890db4-d2f7-41e8-be13-4a90729e9d8a
2374,421,bddf1472-04e2-4071-be16-f7f01601610a,edfc2047-0c9d-4809-904c-07330947ecaa
2375,419,beef1c40-ca68-42f8-8059-06d6c13e87e2,df6d6877-e93d-426b-96cc-5d6b36dc1345
2378,419,a0768df1-f765-4eec-9a7d-92945a375a20,df6d6877-e93d-426b-96cc-5d6b36dc1345
2379,419,7d4c9112-51f1-4e6b-b138-0fc1782ae1c4,df6d6877-e93d-426b-96cc-5d6b36dc1345
2380,419,c47ad63d-6286-44a1-b941-4eb00bb8d6d3,df6d6877-e93d-426b-96cc-5d6b36dc1345
2381,423,b0969735-7537-4e02-afd1-3169f7aec5b2,80ffb204-338e-40fa-9b8f-771edfcaab6f
2382,425,77bd51ec-ad90-4912-aad3-4dd4a5af3bec,3364b5b3-1951-4fea-9194-76205869b93f
2383,425,d21d2c21-944d-4f40-ad58-8b74ceb56b77,3364b5b3-1951-4fea-9194-76205869b93f
2384,124,c3fc9dcb-ba33-4360-a3b8-fd91879c001b,cce29796-6f71-4a60-bba2-58a4a1fd922a
2385,420,0f71d08f-8aa3-43cd-a9dc-4b3c28fc5181,04890db4-d2f7-41e8-be13-4a90729e9d8a
2386,426,8e6a0544-4bc7-447e-81ad-960516d128aa,6dfe60b2-0c2f-4cea-8dc3-c5bad5f607ff
2387,426,9b0d3e15-2c64-4f3c-8d64-42c0dff65a1c,6dfe60b2-0c2f-4cea-8dc3-c5bad5f607ff
2388,426,af1fc4fa-bdc7-4108-8607-2d97748eee75,6dfe60b2-0c2f-4cea-8dc3-c5bad5f607ff
2389,426,79387335-4ba8-45ee-ac36-a02d5188b03a,6dfe60b2-0c2f-4cea-8dc3-c5bad5f607ff
2390,426,e5e1594f-4562-4838-b44e-f0e3b61ee005,6dfe60b2-0c2f-4cea-8dc3-c5bad5f607ff
2391,420,ef6782e4-2e8f-4121-b7c2-440f409895e0,04890db4-d2f7-41e8-be13-4a90729e9d8a
2392,152,6a943726-ceec-4e6e-a4c4-982294e3ea65,26c817ef-9b23-4973-82cc-e96a1a97d5dc
2393,420,3a499830-2e75-4cac-b925-50aa8cab523f,04890db4-d2f7-41e8-be13-4a90729e9d8a
2394,9,ecb3d0f9-033f-4280-afef-9d0ecd96c4aa,d14906ed-d7ec-4889-9b2d-dcab4ebc44e7
2394,28,ecb3d0f9-033f-4280-afef-9d0ecd96c4aa,640ff5f6-c924-4484-811a-93df1f274cc9
2394,65,ecb3d0f9-033f-4280-afef-9d0ecd96c4aa,71c3836d-c92c-4a50-ab85-87c986635583
2394,124,ecb3d0f9-033f-4280-afef-9d0ecd96c4aa,cce29796-6f71-4a60-bba2-58a4a1fd922a
2395,427,a630b3ad-ec2a-4afe-bf5b-cb0ae71f327b,cb30de5f-4c21-4303-aa66-d26bef40bc7e
2396,428,d840060d-7e9e-49a6-9f4d-95cc2c099524,f32c40d3-8d33-4dd6-91be-f2ff2039f077
2397,89,da80f819-90e7-46b9-90fb-6e2291dbe83a,23ba372a-af2d-440f-b8ef-794ef52aa077
2397,140,da80f819-90e7-46b9-90fb-6e2291dbe83a,5e30830f-1a0b-4983-9ffd-39cd4239b236
2398,89,234a6074-1c19-4cb0-a17a-d5156010867f,23ba372a-af2d-440f-b8ef-794ef52aa077
2398,140,234a6074-1c19-4cb0-a17a-d5156010867f,5e30830f-1a0b-4983-9ffd-39cd4239b236
2399,89,b2428fde-f242-4e2b-9d44-cf8bfe72fd9e,23ba372a-af2d-440f-b8ef-794ef52aa077
2399,140,b2428fde-f242-4e2b-9d44-cf8bfe72fd9e,5e30830f-1a0b-4983-9ffd-39cd4239b236
2400,89,ff3f2371-e8d4-43a0-a475-c177d3503093,23ba372a-af2d-440f-b8ef-794ef52aa077
2400,140,ff3f2371-e8d4-43a0-a475-c177d3503093,5e30830f-1a0b-4983-9ffd-39cd4239b236
2401,89,9b140dc8-f6ff-4906-a003-dc092bf26d9a,23ba372a-af2d-440f-b8ef-794ef52aa077
2401,140,9b140dc8-f6ff-4906-a003-dc092bf26d9a,5e30830f-1a0b-4983-9ffd-39cd4239b236
2402,65,f4091e66-23c1-466f-b7a0-da64b7e3c69b,71c3836d-c92c-4a50-ab85-87c986635583
2403,429,bff5c4d7-a6ff-4d0d-9a89-c8d025394788,91b0e87e-8326-4e40-ac58-ab88095b6eaa
2404,430,96a99bc0-15a1-4c39-9f8f-108c253e7771,42ee27be-026f-44fb-a84b-853fcf8e469e
2405,268,06ffa9ce-c18b-434f-9e92-71c8c000af90,aa3306e8-086b-47e0-8df6-81efcac93d77
2406,268,ac197291-2e6b-4ba7-86d5-24b80381c213,aa3306e8-086b-47e0-8df6-81efcac93d77
2407,432,a36b204d-1fda-46f0-b08f-6a7ad093b58c,2dcf225e-f8fd-4b69-8bba-c07674f80ede
2408,431,6a843dc5-15b7-4944-b6db-64f5ecd7c2d7,8e1b01ba-6b90-4731-99a2-ddfbfd622059
2408,432,6a843dc5-15b7-4944-b6db-64f5ecd7c2d7,2dcf225e-f8fd-4b69-8bba-c07674f80ede
2409,431,7d5117e6-9895-44e8-bb58-0fa2e269e5dd,8e1b01ba-6b90-4731-99a2-ddfbfd622059
2409,432,7d5117e6-9895-44e8-bb58-0fa2e269e5dd,2dcf225e-f8fd-4b69-8bba-c07674f80ede
2410,431,14083ec5-686e-402d-b484-d2a12b69961e,8e1b01ba-6b90-4731-99a2-ddfbfd622059
2410,432,14083ec5-686e-402d-b484-d2a12b69961e,2dcf225e-f8fd-4b69-8bba-c07674f80ede
2411,431,70bbfe7e-12c8-45cb-8154-a0a79c14faf6,8e1b01ba-6b90-4731-99a2-ddfbfd622059
2411,432,70bbfe7e-12c8-45cb-8154-a0a79c14faf6,2dcf225e-f8fd-4b69-8bba-c07674f80ede
2412,431,ba0b0e21-828f-4381-8bef-d6f86244acca,8e1b01ba-6b90-4731-99a2-ddfbfd622059
2412,432,ba0b0e21-828f-4381-8bef-d6f86244acca,2dcf225e-f8fd-4b69-8bba-c07674f80ede
2413,431,52b4b38f-1ff9-4f99-b7bd-0d570817b2c0,8e1b01ba-6b90-4731-99a2-ddfbfd622059
2413,432,52b4b38f-1ff9-4f99-b7bd-0d570817b2c0,2dcf225e-f8fd-4b69-8bba-c07674f80ede
2414,431,c686874d-9254-4219-b30d-1ffa8dde49fd,8e1b01ba-6b90-4731-99a2-ddfbfd622059
2414,432,c686874d-9254-4219-b30d-1ffa8dde49fd,2dcf225e-f8fd-4b69-8bba-c07674f80ede
2415,431,00ecad6b-bfa9-479e-8756-ca70f94f2636,8e1b01ba-6b90-4731-99a2-ddfbfd622059
2415,432,00ecad6b-bfa9-479e-8756-ca70f94f2636,2dcf225e-f8fd-4b69-8bba-c07674f80ede
2416,65,528e8e08-85d6-4e33-9de7-60d624eea3c0,71c3836d-c92c-4a50-ab85-87c986635583
2420,433,64031670-de96-4306-ba31-812b4a31ba53,ed957d1a-ba90-41b1-bb1b-aa99c24c7dee
2421,162,dc717148-c7ba-420d-a2b6-37a4f86337ca,b5f24c2f-60b1-4a00-98c8-c025702f1644
2423,124,ec6a9d38-06f9-43c9-aae9-34f42bb126a0,cce29796-6f71-4a60-bba2-58a4a1fd922a
2425,162,dbe61453-446d-4057-8e72-a71911656272,b5f24c2f-60b1-4a00-98c8-c025702f1644
2426,162,2f57a13a-071b-460f-b449-4607a43567c9,b5f24c2f-60b1-4a00-98c8-c025702f1644
2430,201,95f01262-5074-4219-86b1-1e2ff18781a9,40ceb884-0d17-403f-bb7f-8610d8557483
2432,434,6f753536-01ea-41c3-b605-0e0365590dd0,a925a75e-87d7-4842-8161-6b2c72b65ccb
2433,369,3c390c42-0783-44b0-a2bb-8beec091111d,1b7c976d-9019-4d81-b7df-0927bcdf44a7
2434,155,02db9d28-7efc-45da-a01e-06e7055d25c6,c29da24a-aa6b-4c32-bef8-8fcb970c47b3
2435,436,4a6f8c75-49ae-4a31-8ad4-dc459c98f849,51895342-607b-4a46-b6d6-693ebfb67e3c
2437,437,4b0e0548-8af9-496e-8864-b9895c49f9b9,454b7531-e5a7-407a-a7a7-20c1de646d93
2438,177,2a7b7429-dd05-4198-a55e-c23aa9dd71fd,04a9c418-a92b-4f1d-820c-5c37512c7927
2440,439,5aced9c2-640d-4a9d-9a7a-3ceb3f4099bf,d5b6aa5c-b75a-408d-b034-a7bb9fe0abeb
2441,440,8710f87d-27e1-484a-a6b9-70950b3b1071,c2a4b0a5-51c9-47c9-805d-3f18aafcf880
2442,441,12d636dc-1bc2-4cb5-8e2f-bf3e81134c22,459b951f-5c71-4f33-9fa2-9cd7221100a6
2443,281,d0e3e6fd-2152-4cbc-b99a-bbb28b34725d,e941b227-e695-4638-b86d-172090dc29df
3430,18,efd817d6-6c8d-4b76-a77a-7cd23d7d6ca6,1742965b-91bb-4c4e-b592-7e005ae1c874
3430,1434,efd817d6-6c8d-4b76-a77a-7cd23d7d6ca6,5b76ef36-b4ea-43a1-abfb-cd34bda749e3
3431,281,13b8c34d-4f80-4e99-86f2-910f53206343,e941b227-e695-4638-b86d-172090dc29df
3432,40,9c627d52-a5aa-4ba5-b51e-f08536d3fc38,bc62358e-434a-4b1e-b09d-72e879f7e685
3433,33,1d7babd6-ec3d-40dd-9571-d0556a542566,97bef589-ddf7-498b-b3eb-4b92c9c7a664
3434,162,00c0b056-b8d8-4f6e-9c62-17385cde8901,b5f24c2f-60b1-4a00-98c8-c025702f1644
3435,49,751f4d6f-ec78-44e1-9a85-46f49d9e582c,8e7b59b7-63d6-484d-9517-c1a74563a05f
3436,96,bd4f9bb3-7db0-4bf9-855d-cace666ce8bf,8b54abd3-797c-471c-ad4a-1bde5ea69734
3437,96,26c6f4c8-53b4-4009-bdb6-3e05967e2f53,8b54abd3-797c-471c-ad4a-1bde5ea69734
3438,96,3d33d92c-7e75-4a46-8916-e023edf6abe7,8b54abd3-797c-471c-ad4a-1bde5ea69734
3439,49,3693c7fe-d681-48b2-9018-8d9886e9a157,8e7b59b7-63d6-484d-9517-c1a74563a05f
3440,49,bd2531bf-7de3-4e62-9b0a-8dea1dece676,8e7b59b7-63d6-484d-9517-c1a74563a05f
3441,19,70fc4e30-49b9-4106-b78f-95f83139aeb3,358b94b5-3617-4f9f-983e-caf7e425ffac
3442,19,e06400f2-759c-4d38-9ca1-1a291a85f4fe,358b94b5-3617-4f9f-983e-caf7e425ffac
3443,65,64bb060b-05b9-430f-a4e6-b6f72d52d477,71c3836d-c92c-4a50-ab85-87c986635583
3444,124,732e2b61-1148-4978-be5e-01d9190f2d57,cce29796-6f71-4a60-bba2-58a4a1fd922a
3445,40,b041f98a-150e-4f1b-8d72-6a66b1c288ca,bc62358e-434a-4b1e-b09d-72e879f7e685
3447,21,1abd1675-181b-41ed-887f-88c95c635d29,d0afac79-d069-449f-abb6-c18974f09fba
3448,58,a9415ecc-1fa0-40be-953e-62344cfa90ec,8a6b49c5-b377-4f5d-b0e8-9a7b626efb3c
3449,44,554f2391-71f3-444d-bfda-e29c4adefa1d,e0d57de9-43eb-49d4-8cec-367087420e8b
3450,1437,c720028a-787d-434a-9ed3-ef3cc70efda9,db88cfc3-65c7-4e84-842f-6ddd1681c69c
3451,52,3707720b-9236-4cb2-b493-08711ef1289f,6b527e1f-a3f1-4168-b2f8-d5a1b48ac071
3452,52,0e1d0595-8cef-4e3b-92dd-9da409ad5f9b,6b527e1f-a3f1-4168-b2f8-d5a1b48ac071
3453,1438,e66a1c05-8954-4d59-877f-b67418ec6dda,c16b4a3e-8fee-465c-a2b9-0b70a682f57b
3454,1438,e6cff0c5-8a13-4369-ac86-bec491071983,c16b4a3e-8fee-465c-a2b9-0b70a682f57b
3455,1438,94f901aa-cead-4fdb-b9a6-3ab3ad2934e7,c16b4a3e-8fee-465c-a2b9-0b70a682f57b
3457,1439,8b048db1-0b3d-40ed-a7de-63ab2ca08ed5,7168e748-33ec-4379-99ff-de14a2c3f1bd
3463,162,cbe55d7f-426e-411d-b0c6-c8b308468355,b5f24c2f-60b1-4a00-98c8-c025702f1644
3464,1440,bb304dd2-23cf-4da6-9dd9-4af3088fdbc6,14fe1427-a73d-42b6-8334-6470327464fc
3465,81,d16b6173-3f76-469d-aee1-57c9aeee49e2,46a3a846-0594-4572-bd98-44af98531585
3466,1441,5195c6ea-03a4-450c-96f0-5a1349965225,ee095dab-e3d7-4162-973e-207b9aa1c20b
3467,40,31f3deb2-667a-4c9c-ae38-d04b4a14b467,bc62358e-434a-4b1e-b09d-72e879f7e685
3467,124,31f3deb2-667a-4c9c-ae38-d04b4a14b467,cce29796-6f71-4a60-bba2-58a4a1fd922a
3469,44,8622e6a9-bad6-42ba-aa8f-9e2302608ad3,e0d57de9-43eb-49d4-8cec-367087420e8b
3470,44,7e3094ee-e84a-4d0a-9021-748cc35925dc,e0d57de9-43eb-49d4-8cec-367087420e8b
3472,81,987cf8c5-df99-472b-aa7a-096bd17c7036,46a3a846-0594-4572-bd98-44af98531585
3474,65,c937e077-8b41-4d90-bda9-62aa9006b133,71c3836d-c92c-4a50-ab85-87c986635583
3478,153,b5a78556-e6b1-448c-a9ad-5d0b2c7e9558,2f091f27-e43b-43ff-8d25-9edbd3a1c2fe
3482,162,bce418eb-c85c-4d05-8504-5159eda2e470,b5f24c2f-60b1-4a00-98c8-c025702f1644
3483,162,6b77d0a0-1e53-43b9-97eb-d4dbbf508866,b5f24c2f-60b1-4a00-98c8-c025702f1644
3486,11,b5df88e4-905e-4154-ad09-f5b1a72a2470,8b4fb246-83a3-4768-8e01-4e82d9834957
3488,420,bf6feeda-e234-4e4c-9a86-b3709a733bb3,04890db4-d2f7-41e8-be13-4a90729e9d8a
3493,1557,c94f6d0b-a5aa-4faa-98d8-fdd8349947ce,c0dd2649-ca84-4f10-89a9-6f6230a8ed2b
3496,1493,22f4c0ff-6557-44d4-b6dd-69ebbd73f866,0e513df6-e201-4874-867f-249debc40d50
3497,1493,c591937a-509a-4619-bbc5-769c10d2392c,0e513df6-e201-4874-867f-249debc40d50
3498,1493,04244a90-8659-41bc-abc7-c93828257513,0e513df6-e201-4874-867f-249debc40d50
3499,28,ac007b27-4eea-4e76-aa46-03c33478b5a2,640ff5f6-c924-4484-811a-93df1f274cc9
3500,420,f3353a80-ae1b-4af1-9669-e3ee8ae1c05e,04890db4-d2f7-41e8-be13-4a90729e9d8a
3507,1442,a49fa006-5f15-43d0-b657-29fea7d7e2f2,7b52ff40-4c83-4e63-bca8-e187a94807f4
3508,1442,f08ebe99-23e1-4ec8-9578-45515aa1e130,7b52ff40-4c83-4e63-bca8-e187a94807f4
3509,1443,7b605195-b81a-4faf-9a8e-cf2ca0bd4348,5a8ab449-a26b-4b29-9cc5-b3f0479b44c7
3512,124,f5b50e75-377d-4aae-852b-db06af7bbf8c,cce29796-6f71-4a60-bba2-58a4a1fd922a
3513,319,b50a93a4-ae44-4d16-b858-7fb105bbaf56,10a617e2-a747-4cfc-811b-9c0a04640370
3514,28,fb841138-ac74-4474-a707-b6d22c3068bf,640ff5f6-c924-4484-811a-93df1f274cc9
3515,1444,84a9d4dc-fa71-47c3-8fc7-a0842a58d032,aaa53d76-f1c9-4458-9063-17c408265d13
3517,1445,7b376998-6496-4d7f-9969-ae68f19c7bfb,8508e3ca-3b00-4711-bdf0-c7b0978a38c2
3519,162,b87b484f-a97e-46cb-8f0a-b1aee66300fd,b5f24c2f-60b1-4a00-98c8-c025702f1644
3520,266,6beb29b5-c136-483a-a921-e97e05285dce,29c7b9ca-ed1b-451a-becf-f4cce3d8951b
3521,1447,e614e3fc-001d-495c-bae2-412e2ea5cc79,9c98d357-c6b5-4219-b8d0-e6ae689fbe45
3522,1447,52683e06-23bd-4bc0-bb47-1d836b7e4a2e,9c98d357-c6b5-4219-b8d0-e6ae689fbe45
3523,162,28cc164b-808a-4efc-ba4f-d0fe60ad9554,b5f24c2f-60b1-4a00-98c8-c025702f1644
3524,255,beb85c28-c3d7-43e5-93d3-1836c0f84579,747d634d-f346-49cd-aa18-fe7a62198c7c
3525,255,efa19953-1b5b-4949-af83-d35923189fbe,747d634d-f346-49cd-aa18-fe7a62198c7c
3526,167,035f440f-2f73-4995-85d9-37dc34e01d6d,453d83bd-9f1b-4e33-95c3-80cd8d1e6c7d
3527,1448,460a0a30-0f88-4213-bb89-5a2eff78548a,0eed33e1-7c22-4d32-89be-a5e8425aab0b
3528,190,dbdf7aa5-3c2a-4767-b089-403a4f95bdd1,c80f962f-6090-4fe5-b2b6-5147e6c843df
3531,1449,797a3b1d-9e12-48e1-a18e-3d65a0ad9971,2465965d-62f7-4f90-b7eb-a126645af6e6
3532,377,1b4002db-5201-4a8e-b2af-8772a9312a5d,fad542b9-ed04-4f28-87bb-fa0eb61fd0e5
3533,140,e1b10a63-2e0f-452a-9fb8-7773576c07a6,5e30830f-1a0b-4983-9ffd-39cd4239b236
3534,157,5443303b-3392-433b-a5db-d360a99656e4,e8ce0762-3e4d-48b6-9150-351d0b508b80
3534,255,5443303b-3392-433b-a5db-d360a99656e4,747d634d-f346-49cd-aa18-fe7a62198c7c
3535,179,e66fa45a-a874-4eda-a50d-7f03fd1cd14b,617a4cfd-dcaf-40c4-98a9-3d388c7ca4a0
3536,18,4292c9d0-d476-45e0-9dca-37ec2db0de15,1742965b-91bb-4c4e-b592-7e005ae1c874
3537,408,36dd4423-5e72-4ad3-b6ed-71634ec85566,c7d600dc-8aae-4b43-9272-760fae6c72c8
3539,167,f1d66ef1-2245-4d1a-8cf0-d9ba5b1c3a59,453d83bd-9f1b-4e33-95c3-80cd8d1e6c7d
3541,232,3856b01c-34c6-4705-b3e6-d478ab337296,681290ad-c6c4-4501-a053-6fb632a97fb0
3542,140,766b3005-435d-4835-aa23-4937a9c5ae7e,5e30830f-1a0b-4983-9ffd-39cd4239b236
3546,162,d3adbed3-7a8b-406b-900a-6b61277fae74,b5f24c2f-60b1-4a00-98c8-c025702f1644
3547,1451,9262c21a-fd5b-4650-ad9b-29d0c3d73b88,42c2d158-2eff-49dc-8bcd-ac9f66e39be2
3548,140,0e16df8e-fada-41e7-b5d5-069a6703ca83,5e30830f-1a0b-4983-9ffd-39cd4239b236
3549,162,1b932a4b-1197-479e-95b8-08a3d12ec886,b5f24c2f-60b1-4a00-98c8-c025702f1644
3550,1496,940d5f82-bb1f-4ff7-b8ba-ef9757d76d53,058f93e2-1f08-47e8-acd0-f112f5935a02
3550,1497,940d5f82-bb1f-4ff7-b8ba-ef9757d76d53,04fb07ec-2e11-42ea-96ce-6537bfdfb5d8
3551,89,9ec4df0b-3408-4efe-b664-a7b8815522d4,23ba372a-af2d-440f-b8ef-794ef52aa077
3551,140,9ec4df0b-3408-4efe-b664-a7b8815522d4,5e30830f-1a0b-4983-9ffd-39cd4239b236
3552,89,6cc535f4-d2fa-404a-ba2f-9133dd9dda12,23ba372a-af2d-440f-b8ef-794ef52aa077
3552,140,6cc535f4-d2fa-404a-ba2f-9133dd9dda12,5e30830f-1a0b-4983-9ffd-39cd4239b236
3553,49,836c29d4-0d1b-4cea-ba72-897e1c421aaa,8e7b59b7-63d6-484d-9517-c1a74563a05f
3554,162,9a767d88-5528-4e13-a96c-f430fe782e11,b5f24c2f-60b1-4a00-98c8-c025702f1644
3555,140,2f5a1a91-bce9-4457-9a41-653881db7333,5e30830f-1a0b-4983-9ffd-39cd4239b236
3558,89,32d8df66-bdde-43fa-866f-fc92b623f7d5,23ba372a-af2d-440f-b8ef-794ef52aa077
3558,140,32d8df66-bdde-43fa-866f-fc92b623f7d5,5e30830f-1a0b-4983-9ffd-39cd4239b236
3560,162,0ccd12df-7845-4a1e-9c4b-4943eaf20a0c,b5f24c2f-60b1-4a00-98c8-c025702f1644
3564,1452,ae8959c4-2629-480c-be84-b8c644e7e81c,dd4f727d-eb8d-4f45-bdcc-ae75d0ebb252
3565,164,bdad6d5f-1768-41c6-90c9-92a9f0e4a9c3,22696324-bb0d-45a4-8201-26ea3bbe9fdc
3566,155,669150d5-c06b-46be-943c-c2da3de4fff6,c29da24a-aa6b-4c32-bef8-8fcb970c47b3
3567,190,a3351db6-770f-485b-8f3d-29dcf504ef7f,c80f962f-6090-4fe5-b2b6-5147e6c843df
3568,177,b2af09ec-2d80-4bab-a88c-4c6a8ebdfd08,04a9c418-a92b-4f1d-820c-5c37512c7927
3569,155,36a3ad60-b9ad-4524-a019-3d0182a88953,c29da24a-aa6b-4c32-bef8-8fcb970c47b3
3570,59,ec4acffe-1954-4012-8dca-a3f05159ad89,0ab221c9-9090-45d3-8f78-9cc0012614df
3571,162,7c1d9ff7-a312-4fe8-91b6-666166f9a497,b5f24c2f-60b1-4a00-98c8-c025702f1644
3573,21,c4fecccd-c340-46d4-b8fe-0a9a30739abe,d0afac79-d069-449f-abb6-c18974f09fba
3575,65,dcbb39a4-87e6-4686-a439-b8ccb26ea3d1,71c3836d-c92c-4a50-ab85-87c986635583
3575,223,dcbb39a4-87e6-4686-a439-b8ccb26ea3d1,9877117b-b1de-4faa-b085-695bd1796f78
3576,42,7ca7f043-9eb4-482d-acea-50ff9a4eb009,7943dbc7-7395-45ed-ad7d-9b9247b90db0
3579,1576,aff86d9a-c08e-4653-a60a-755cca1044d7,0d9a50ec-9ddb-4606-97f8-107df16178a5
3582,65,271d9bf9-c595-4cd1-b5d9-c497bbb59f70,71c3836d-c92c-4a50-ab85-87c986635583
3584,86,01fad5ff-ba8e-4333-896d-96392555e397,6361e1ff-75aa-4916-a429-5b6e5c026f08
3587,317,75203f11-4a73-45e1-bd4c-d9dcb1279bfc,e537790d-92f1-498a-8aa8-99092f013857
3588,280,c3353c67-d242-417e-8765-3c3af9eac944,22e72c41-2f7c-460d-9eea-1b0de3c087bd
3591,151,14c88368-a6fd-4a86-beb3-c32fdc9723ee,fe2bc426-db9d-4afc-bc4b-01f296a4ee76
3593,1453,33a1d8b6-a92a-47ca-bf63-514db51cc865,5815883f-c406-499b-aaaa-e1fc454e76f8
3595,282,042cda62-0f09-40fc-be77-51e38a828096,648f569b-573c-491d-a6f4-c20f5f9d6bec
3596,151,4bc8ea50-639f-46c5-bc18-f0b05436dd90,fe2bc426-db9d-4afc-bc4b-01f296a4ee76
3597,90,83c7cc62-8527-4911-9758-5cee9084c7a6,0d04db60-61ba-493c-b8f5-64806ed374ee
3598,1454,2e2b99a9-229d-4a13-a8b4-9653530211d4,4674ad0a-6c7c-4d13-b310-34d4e98e9905
3599,253,0e2e6239-6646-48fd-8b92-f147a77b9686,0a17b295-c551-41da-ada5-924dddf4c0fc
3600,372,c8bc91b2-ecb7-4274-9c86-77bafa6047d4,f52ac001-4e9b-45f6-882d-e68bf8963a4d
3601,1455,33eaa69a-b3b4-4e1d-b89b-0b79f3eef5af,c4c6db6f-2910-4528-b095-b1e87be68020
3602,7,3b6a5728-ae08-43d4-a11f-d675e9d2ffe4,9a6635ff-a522-447b-8ef1-dc57c04eae60
3603,298,a21a662a-c9a3-4b9a-a2c4-f0ed342dafae,eb210708-8256-4b12-ab4c-89b02264a3de
3604,79,8878e7f9-18d5-433b-81c3-d39c2a668356,f467d49a-6a05-4876-a165-a3c3705e5f61
3605,27,d4e0301c-cdb2-494c-9336-f93416b55917,2cc1b34d-22dc-4f3e-9e6e-f1bc622ffc6b
3607,1456,b7639ec7-a5e6-49d4-9120-fec23f373c5a,ef2d1f14-6b44-4a12-a5d6-f35a7d4e1a2e
3608,1457,647203be-5ca7-47a4-9f2a-9fed0269bf05,d9b64425-3b62-4c16-9d4e-a20383eb269d
3609,36,3d90e19b-2e45-4c18-8255-3400d55486b6,acdac7eb-bd18-45d9-8f99-50376e188e9f
3610,166,f672da42-f25b-48c1-9d92-c8153de01ded,8d62ed42-8920-427e-bdcd-b5ad58e3dcb6
3614,162,998e6f3c-35ed-459d-a74f-a9584e045293,b5f24c2f-60b1-4a00-98c8-c025702f1644
3620,162,91a810e9-2bdf-4230-8df8-3cbf68fbccff,b5f24c2f-60b1-4a00-98c8-c025702f1644
3623,1543,3cac4c35-b098-4b19-ad98-52fb776f6acd,43e9effe-b26f-4e29-b36a-bf6dca01847f
3624,279,449a31ce-831b-4157-a7ee-aa1bfa5131dc,1a88a251-3cb7-4f11-90a0-5558530cdd81
3626,162,aa73692f-7fff-47cf-8405-3b44516e704a,b5f24c2f-60b1-4a00-98c8-c025702f1644
3628,96,ae1d390d-7781-4e45-90aa-6deef0e96dbd,8b54abd3-797c-471c-ad4a-1bde5ea69734
3631,1476,275828dc-7a55-43db-8ff8-f14494c63ba5,690e6f6b-0a11-4395-b4a5-1233530e0c9d
3632,157,677d4bfb-f97e-4af8-ac66-9fe8119df83a,e8ce0762-3e4d-48b6-9150-351d0b508b80
3634,317,21c74f74-9c5d-4ace-8e97-6f3faa4b8612,e537790d-92f1-498a-8aa8-99092f013857
3635,54,6261becd-1f92-4deb-b4e5-2dc130844883,3d1bc7f4-e0ed-4100-bb03-38598f2cbad7
3636,59,765890e0-768a-4297-9c4b-7946e63daaaf,0ab221c9-9090-45d3-8f78-9cc0012614df
3637,162,d8c1d51c-b065-4dde-8b4d-63bb483165fc,b5f24c2f-60b1-4a00-98c8-c025702f1644
3644,117,adebc5ab-dd7b-49c6-98f2-96ea9e80b8e3,decee226-8684-4491-8c02-f0746c6bb6ac
3644,259,adebc5ab-dd7b-49c6-98f2-96ea9e80b8e3,2c89c4a4-e2d6-43a8-a8ed-59770c8b5089
3646,162,9369a7d7-a4a3-4355-a2ca-1d8e05f25715,b5f24c2f-60b1-4a00-98c8-c025702f1644
3647,62,8e610daf-d9ba-4ddd-bf7c-b11c0b26dabc,40b736e4-3eff-44db-8fc8-e191322c321b
3649,364,4c2b3759-2259-4aa6-9d1a-590346530812,e9a652a8-a77a-4136-8865-54d1b42aced9
3650,117,0a1c7a07-4244-4a9a-8e55-27acdc38f3d0,decee226-8684-4491-8c02-f0746c6bb6ac
3650,259,0a1c7a07-4244-4a9a-8e55-27acdc38f3d0,2c89c4a4-e2d6-43a8-a8ed-59770c8b5089
3651,77,551a6ba4-cd56-4457-b3d5-3fe0ee3ffd0a,c5e56b71-a317-43cb-9cd7-0076aad874dd
3652,177,6df17453-77ec-49b5-aca8-b5f221770886,04a9c418-a92b-4f1d-820c-5c37512c7927
3653,140,df6be0c1-0b82-4c3d-a88f-f706669cf944,5e30830f-1a0b-4983-9ffd-39cd4239b236
3654,65,61457fc5-daf3-4d90-b36d-7a7b74602d0a,71c3836d-c92c-4a50-ab85-87c986635583
3655,124,4c92160e-98ae-420a-98bd-a69aee34b08c,cce29796-6f71-4a60-bba2-58a4a1fd922a
3656,319,7ac9b58d-4d1e-434d-af9e-f0ef52973575,10a617e2-a747-4cfc-811b-9c0a04640370
3657,162,9c24333f-a34e-4b00-b644-28e19cce0c7a,b5f24c2f-60b1-4a00-98c8-c025702f1644
3658,162,a7016a96-8c8c-4c71-8f71-17d7a69060e6,b5f24c2f-60b1-4a00-98c8-c025702f1644
3659,153,ba2fa748-f62f-40dc-a466-179b9b82da59,2f091f27-e43b-43ff-8d25-9edbd3a1c2fe
3660,1493,ba6ef1de-2213-41e2-9c34-670d0a8e3e20,0e513df6-e201-4874-867f-249debc40d50
3662,140,a6266ddb-545f-4242-907b-a6e5f971bb91,5e30830f-1a0b-4983-9ffd-39cd4239b236
3664,159,164e2edd-895f-409b-a9a3-e87b80ca4a3a,b595ab89-f7cc-4a96-b19c-d87dc8689c89
3665,21,f0e3d511-0364-4e43-9aaf-d9c4676032d8,d0afac79-d069-449f-abb6-c18974f09fba
3666,162,d671668a-46c6-43f4-8c3e-1882b25fa74b,b5f24c2f-60b1-4a00-98c8-c025702f1644
3668,162,495f8932-0919-487e-a89c-7d7941b4a323,b5f24c2f-60b1-4a00-98c8-c025702f1644
3670,196,bdcd032e-b073-46b2-ba80-abe007d4871f,e5db0d68-19e5-41fc-83b4-70650e5ff4ed
3671,1,af1ebeba-aeda-4b5a-b5f0-8a9130822f21,b1d49301-fe07-4171-b989-7768419e0373
3671,162,af1ebeba-aeda-4b5a-b5f0-8a9130822f21,b5f24c2f-60b1-4a00-98c8-c025702f1644
3672,162,9ad96563-7494-4b1c-a297-94151d69a1c1,b5f24c2f-60b1-4a00-98c8-c025702f1644
3674,162,f767eae9-bdd1-424f-8f54-b18d38c03008,b5f24c2f-60b1-4a00-98c8-c025702f1644
3675,18,356d4348-68a3-44ec-adfa-7c561b34177f,1742965b-91bb-4c4e-b592-7e005ae1c874
3678,1460,33578b81-77cb-4e42-b405-b68870d82e61,dd3974fe-c361-41a8-aa3e-e80ab38cac6d
3679,1460,1520e509-f1f6-4a60-a4d0-9098bb2317aa,dd3974fe-c361-41a8-aa3e-e80ab38cac6d
3680,1460,786b8064-f05b-48b1-b136-36a30332673c,dd3974fe-c361-41a8-aa3e-e80ab38cac6d
3681,1460,1891681e-6d7a-459a-aaab-a758bcd856db,dd3974fe-c361-41a8-aa3e-e80ab38cac6d
3684,40,92ac2eb6-8020-4e16-973d-0b7bdfd323da,bc62358e-434a-4b1e-b09d-72e879f7e685
3685,1462,c1a6d58f-d883-4571-b957-1ae84539f270,ef384530-58ce-410a-9c6a-746a1393097c
3686,11,b374270c-d3ea-404e-bc0a-1a9bf4489692,8b4fb246-83a3-4768-8e01-4e82d9834957
3687,155,458a629a-b344-4a6d-9d81-ee499c74922f,c29da24a-aa6b-4c32-bef8-8fcb970c47b3
3688,155,d3f1838d-97e2-4752-9549-824fdf34b9d1,c29da24a-aa6b-4c32-bef8-8fcb970c47b3
3689,18,e6545707-2771-47cd-810e-0189c451dc0b,1742965b-91bb-4c4e-b592-7e005ae1c874
3690,18,79cae4bb-edc9-416d-bb1d-78d2bcc47a01,1742965b-91bb-4c4e-b592-7e005ae1c874
3692,132,c1e22df7-a89b-486c-a7e1-5dca3a3bf27c,a339356a-1d47-450f-97c0-887f58c1ec49
3692,190,c1e22df7-a89b-486c-a7e1-5dca3a3bf27c,c80f962f-6090-4fe5-b2b6-5147e6c843df
3693,21,92af1b89-7619-454d-a285-73ca4fda7aab,d0afac79-d069-449f-abb6-c18974f09fba
3694,28,959903d6-7a24-4305-8543-dbae03e6dd6d,640ff5f6-c924-4484-811a-93df1f274cc9
3695,162,3dead85a-1cd5-4889-8712-cabf12c36e63,b5f24c2f-60b1-4a00-98c8-c025702f1644
3697,1463,43a854f1-d624-4519-99ff-8c246bda1b14,cc3fa228-9199-4e0c-a564-8bfe4d2068fa
3698,177,8d47b0ee-3c57-499e-af44-a03c8fbcc1d0,04a9c418-a92b-4f1d-820c-5c37512c7927
3699,1464,0430816d-80bb-432b-9673-3d92606a547c,401efe31-71c3-421b-b443-aa458eead89a
3700,319,e328b797-7851-408f-be0f-c6fe85585bb5,10a617e2-a747-4cfc-811b-9c0a04640370
3702,162,420e6a59-a2b7-40e8-bdb3-9d63e94df78f,b5f24c2f-60b1-4a00-98c8-c025702f1644
3703,1521,1a8d0a36-71c2-466f-8e17-6a52c7051d82,801d289c-7ba3-40c7-981c-33455ef26cc4
3704,162,e6e8d554-591c-48cd-9bd4-3f59595ff58f,b5f24c2f-60b1-4a00-98c8-c025702f1644
3705,192,dd9b9234-7f37-4c77-acfa-ac4e2d54fd01,44e6abbd-df57-49d5-a61d-18fb5a2b3f82
3706,81,9d8da41e-20aa-4540-97a1-6fd3a076a9f2,46a3a846-0594-4572-bd98-44af98531585
3707,42,f425c9b0-89db-4663-964f-6840bf35470f,7943dbc7-7395-45ed-ad7d-9b9247b90db0
3707,65,f425c9b0-89db-4663-964f-6840bf35470f,71c3836d-c92c-4a50-ab85-87c986635583
3708,162,6284e62b-c30c-408c-8bb0-d81ddbff53c5,b5f24c2f-60b1-4a00-98c8-c025702f1644
3709,65,bf7cb01f-95e7-4528-9b94-224b291fcb4a,71c3836d-c92c-4a50-ab85-87c986635583
3710,65,51d1035f-d037-43c5-bc76-1fc9fc346eb3,71c3836d-c92c-4a50-ab85-87c986635583
3712,162,bac79341-b644-4f59-a92f-0ecfa80779dd,b5f24c2f-60b1-4a00-98c8-c025702f1644
3714,301,b9739618-0368-4351-a45d-22cbaf69b6a2,c589a768-91e6-42b9-9c4b-dd3a17fd30e2
3715,162,44124242-c4f0-4090-8705-2b7f3d9314c6,b5f24c2f-60b1-4a00-98c8-c025702f1644
3717,274,c05bae81-e789-494a-95ee-5d2ff9aed57b,5fd4126d-bead-4b27-9dc0-6aa814e05f49
3718,28,666aee4f-8547-463a-af74-b63fb6522274,640ff5f6-c924-4484-811a-93df1f274cc9
3719,162,7c752f98-15cb-44bf-94ef-a11035e3ea80,b5f24c2f-60b1-4a00-98c8-c025702f1644
3720,162,959ca0f9-e449-42be-a74e-ed1f814f4a84,b5f24c2f-60b1-4a00-98c8-c025702f1644
3721,78,415548a5-7252-46f0-a4cd-9779b1654f92,e598af88-94df-4ba8-aee4-6b4b52b51545
3722,65,28423532-4cb8-44f0-9b82-117f875be2df,71c3836d-c92c-4a50-ab85-87c986635583
3723,162,006fdf2c-54be-4ebf-a31e-b0842c9604b1,b5f24c2f-60b1-4a00-98c8-c025702f1644
3724,162,1db410eb-e618-4ad9-be47-6a93389f6585,b5f24c2f-60b1-4a00-98c8-c025702f1644
3725,162,17a069de-aa87-41a5-a8e1-27ad4d52020a,b5f24c2f-60b1-4a00-98c8-c025702f1644
3726,196,d995f495-92c3-4fc5-b3b4-706df022ec8a,e5db0d68-19e5-41fc-83b4-70650e5ff4ed
3727,162,3ce1ae33-414c-4880-b88d-9e076f8966e8,b5f24c2f-60b1-4a00-98c8-c025702f1644
3729,28,bbceb2fd-8013-4387-86ee-b389387c0470,640ff5f6-c924-4484-811a-93df1f274cc9
3730,28,c15e5233-6154-48a3-82f1-bd1102ab8d54,640ff5f6-c924-4484-811a-93df1f274cc9
3731,28,0676095c-e283-422b-9dea-f639db39859f,640ff5f6-c924-4484-811a-93df1f274cc9
3733,144,9b3fa283-ea2d-4f5e-bf48-809e158cbb1f,7159550d-45f7-4441-931a-cac0da8393f4
3733,162,9b3fa283-ea2d-4f5e-bf48-809e158cbb1f,b5f24c2f-60b1-4a00-98c8-c025702f1644
3734,1467,e6f60960-d6ac-4511-b835-13163394d79b,f4d44347-b767-40fb-a31b-de4e3215d896
3735,201,2bd418ae-9022-4714-83d5-c3b6e4ece878,40ceb884-0d17-403f-bb7f-8610d8557483
3736,162,9a86d5b8-da77-4fe4-9506-27cb26033bd5,b5f24c2f-60b1-4a00-98c8-c025702f1644
3737,162,33263e3f-d364-4d83-bf45-18559d4dee8e,b5f24c2f-60b1-4a00-98c8-c025702f1644
3738,162,09610f62-7940-4139-87fd-972c47fcf446,b5f24c2f-60b1-4a00-98c8-c025702f1644
3738,177,09610f62-7940-4139-87fd-972c47fcf446,04a9c418-a92b-4f1d-820c-5c37512c7927
3739,162,27b8a835-6d87-4a54-8ca4-9723b4f3537a,b5f24c2f-60b1-4a00-98c8-c025702f1644
3740,162,d1974ed9-4961-4fba-b1cd-9791c8893330,b5f24c2f-60b1-4a00-98c8-c025702f1644
3741,1465,6c6d252b-0511-45be-8fd1-4f914b8d2a7e,38bcba82-2b16-4f01-a8ba-6c5b3499c459
3743,66,4ff19710-2892-4408-b738-3955f35bf12b,c0d44e8b-293f-4877-ac80-c2693890ce0e
3748,162,2fdd7a14-9546-4fe0-8e9d-07fa00d67264,b5f24c2f-60b1-4a00-98c8-c025702f1644
3749,162,14822550-98b0-4d14-83f6-4b19f189cc8b,b5f24c2f-60b1-4a00-98c8-c025702f1644
3750,28,68836542-62ca-426d-9f61-ecc9d5a47797,640ff5f6-c924-4484-811a-93df1f274cc9
3751,59,3ef2a7e6-2f79-40ee-9c1a-f9ae10f9dcdf,0ab221c9-9090-45d3-8f78-9cc0012614df
3752,9,abd285ad-8290-4ade-aac0-5d76050b03d5,d14906ed-d7ec-4889-9b2d-dcab4ebc44e7
3752,11,abd285ad-8290-4ade-aac0-5d76050b03d5,8b4fb246-83a3-4768-8e01-4e82d9834957
3752,21,abd285ad-8290-4ade-aac0-5d76050b03d5,d0afac79-d069-449f-abb6-c18974f09fba
3752,28,abd285ad-8290-4ade-aac0-5d76050b03d5,640ff5f6-c924-4484-811a-93df1f274cc9
3752,65,abd285ad-8290-4ade-aac0-5d76050b03d5,71c3836d-c92c-4a50-ab85-87c986635583
3752,124,abd285ad-8290-4ade-aac0-5d76050b03d5,cce29796-6f71-4a60-bba2-58a4a1fd922a
3753,155,18b7257a-d8db-4aad-b4dd-c0966d2ebf98,c29da24a-aa6b-4c32-bef8-8fcb970c47b3
3755,162,20a4bb4a-c8ef-466c-87a5-88243898dc1d,b5f24c2f-60b1-4a00-98c8-c025702f1644
3756,162,4ca816f1-190b-4203-a4c5-ca03491cf18f,b5f24c2f-60b1-4a00-98c8-c025702f1644
3757,162,020670a7-73f9-40d9-a230-e49086603a47,b5f24c2f-60b1-4a00-98c8-c025702f1644
3760,1466,294afc71-d34d-4452-a6a7-77a7f991dd0c,c6b766e9-7314-44c1-b56d-389486ecccf8
3762,162,18ff4f84-3c24-43cf-ad27-b3c6ce96972c,b5f24c2f-60b1-4a00-98c8-c025702f1644
3763,162,d2de9ed1-c0f1-45a4-b3f9-3ca710da733f,b5f24c2f-60b1-4a00-98c8-c025702f1644
3764,433,3645f449-8833-47db-a392-7760f0162e92,ed957d1a-ba90-41b1-bb1b-aa99c24c7dee
3765,162,71bbdc1d-97d1-4c2d-80b8-223b493249ed,b5f24c2f-60b1-4a00-98c8-c025702f1644
3766,162,c2458097-63bc-4304-86be-b092b916fa47,b5f24c2f-60b1-4a00-98c8-c025702f1644
3767,162,ad4e145b-829e-4ce7-aeaf-9c3260435839,b5f24c2f-60b1-4a00-98c8-c025702f1644
3769,1468,36383db2-8721-4250-8614-41e4ddc306dd,6581282b-56b3-44c5-823f-6bc1a7be75c4
3770,1467,ab594c4c-ee25-4db4-8523-1df54c1e74f2,f4d44347-b767-40fb-a31b-de4e3215d896
3771,1467,04755e74-5224-4a8c-b452-f5633c3c98a2,f4d44347-b767-40fb-a31b-de4e3215d896
3778,162,3c478788-ae88-48d2-9ed5-da47f0cd5dbd,b5f24c2f-60b1-4a00-98c8-c025702f1644
3779,162,fe726e60-1165-406a-9391-574cb54ed4c9,b5f24c2f-60b1-4a00-98c8-c025702f1644
3780,28,dfb9ae28-a008-4f00-93de-7e82f5786274,640ff5f6-c924-4484-811a-93df1f274cc9
3781,162,857c27da-093b-4dbe-9890-426f4c16c4e3,b5f24c2f-60b1-4a00-98c8-c025702f1644
3782,162,9a5f914d-1c63-4799-aff3-8358432593de,b5f24c2f-60b1-4a00-98c8-c025702f1644
3783,162,fd3416c4-5303-4ea2-972a-2a4ac9b4c84f,b5f24c2f-60b1-4a00-98c8-c025702f1644
3785,9,a8ac21e8-9b5c-468e-801e-36065d94a918,d14906ed-d7ec-4889-9b2d-dcab4ebc44e7
3786,65,2477c283-51d1-438d-900a-1502b800e2f0,71c3836d-c92c-4a50-ab85-87c986635583
3787,253,44f96085-ad81-4a05-aa0a-a652b928ca23,0a17b295-c551-41da-ada5-924dddf4c0fc
3788,1470,3254f51d-bb8c-4b47-acf8-57e58e499879,a9f45f14-8a38-4946-936c-f41a85d83024
3789,162,f9c32322-75b7-4425-bad4-b5019914fced,b5f24c2f-60b1-4a00-98c8-c025702f1644
3790,1,1c0c4ca6-57e9-40fe-9ec5-e0e1d26f1064,b1d49301-fe07-4171-b989-7768419e0373
3791,28,e85c7b2e-bc60-44d7-b38c-567a3ea134a5,640ff5f6-c924-4484-811a-93df1f274cc9
3795,337,32e34290-995d-4e60-9faf-5a63c7052008,4fe9d1f0-bf6d-49f6-aa39-9adcf0a2756d
3796,54,f750c200-5aa6-454c-bf99-18f490310ef4,3d1bc7f4-e0ed-4100-bb03-38598f2cbad7
3798,9,7f7b26b4-7416-4890-8d68-1b09b6a25341,d14906ed-d7ec-4889-9b2d-dcab4ebc44e7
3798,24,7f7b26b4-7416-4890-8d68-1b09b6a25341,1a737b63-ad3c-462b-9c6b-cbdb07a44871
3798,28,7f7b26b4-7416-4890-8d68-1b09b6a25341,640ff5f6-c924-4484-811a-93df1f274cc9
3798,65,7f7b26b4-7416-4890-8d68-1b09b6a25341,71c3836d-c92c-4a50-ab85-87c986635583
3799,21,93c3845f-e1a6-45b3-aae1-f29f0bc20bcb,d0afac79-d069-449f-abb6-c18974f09fba
3799,65,93c3845f-e1a6-45b3-aae1-f29f0bc20bcb,71c3836d-c92c-4a50-ab85-87c986635583
3800,9,c253a88e-7695-4351-9939-18ea1ac40c74,d14906ed-d7ec-4889-9b2d-dcab4ebc44e7
3800,65,c253a88e-7695-4351-9939-18ea1ac40c74,71c3836d-c92c-4a50-ab85-87c986635583
3800,124,c253a88e-7695-4351-9939-18ea1ac40c74,cce29796-6f71-4a60-bba2-58a4a1fd922a
3800,187,c253a88e-7695-4351-9939-18ea1ac40c74,5388ccc6-fb1c-4762-8d2d-6b3316b0a2b1
3801,21,2d04fb76-abc1-4f5d-9db9-8fb025893cb8,d0afac79-d069-449f-abb6-c18974f09fba
3802,162,ce066122-e42f-4a20-bee8-a843c6b25e2d,b5f24c2f-60b1-4a00-98c8-c025702f1644
3803,65,ffc51784-db54-4294-9dc7-39c9f78f7f7a,71c3836d-c92c-4a50-ab85-87c986635583
3804,162,a08e5fad-a265-4208-852b-eef8a6313105,b5f24c2f-60b1-4a00-98c8-c025702f1644
3806,155,e7435821-b697-4975-be4f-ab58ed697d37,c29da24a-aa6b-4c32-bef8-8fcb970c47b3
3807,381,75826dfe-9394-49f7-bd52-0246479f7a12,b1af9d74-2781-4547-8454-6f1f793fb60b
3808,1469,80774514-9480-44dd-a86f-4ba9f2f2a7b4,704e4a38-4436-48c6-9f69-a065db7ee63b
3809,1469,5465295c-8af5-4cec-80ce-b430e8d6528e,704e4a38-4436-48c6-9f69-a065db7ee63b
3810,24,b7bebc35-b06c-4e83-b3bd-ac399dc2d4bb,1a737b63-ad3c-462b-9c6b-cbdb07a44871
3810,65,b7bebc35-b06c-4e83-b3bd-ac399dc2d4bb,71c3836d-c92c-4a50-ab85-87c986635583
3811,162,d2e347cd-a225-48a9-81c0-4453bd618065,b5f24c2f-60b1-4a00-98c8-c025702f1644
3812,162,a3cfbb03-ca87-4687-808e-c24d8b14427d,b5f24c2f-60b1-4a00-98c8-c025702f1644
3813,162,91c440ef-336e-4d0c-a467-dc2270f59643,b5f24c2f-60b1-4a00-98c8-c025702f1644
3818,28,b14fecb3-46a9-436f-a7a6-81990f571edf,640ff5f6-c924-4484-811a-93df1f274cc9
3818,65,b14fecb3-46a9-436f-a7a6-81990f571edf,71c3836d-c92c-4a50-ab85-87c986635583
3818,124,b14fecb3-46a9-436f-a7a6-81990f571edf,cce29796-6f71-4a60-bba2-58a4a1fd922a
3820,162,83200a0f-f9c6-4c04-8600-aa0c7038a22f,b5f24c2f-60b1-4a00-98c8-c025702f1644
3821,162,df79dd1f-bcfe-428b-a6c1-fabc9666a6ab,b5f24c2f-60b1-4a00-98c8-c025702f1644
3822,319,f4509ad8-decb-4806-bf17-7532cd2de425,10a617e2-a747-4cfc-811b-9c0a04640370
3823,176,0acb9e15-3401-4976-9e1a-5c979537351b,2d645b0c-5c86-4ca6-9b35-8e7fecf04fdf
3823,333,0acb9e15-3401-4976-9e1a-5c979537351b,82961c9c-621d-484b-a662-70f7eac7d370
3824,117,f78b5eb0-5a60-430e-9132-2cc8908704c2,decee226-8684-4491-8c02-f0746c6bb6ac
3824,259,f78b5eb0-5a60-430e-9132-2cc8908704c2,2c89c4a4-e2d6-43a8-a8ed-59770c8b5089
3830,162,3f77347e-6c0f-406e-88b3-86fab02e25d0,b5f24c2f-60b1-4a00-98c8-c025702f1644
3832,40,ca924c39-50a6-4d02-8aa9-3b18dedb4713,bc62358e-434a-4b1e-b09d-72e879f7e685
3832,124,ca924c39-50a6-4d02-8aa9-3b18dedb4713,cce29796-6f71-4a60-bba2-58a4a1fd922a
3832,341,ca924c39-50a6-4d02-8aa9-3b18dedb4713,6b4c7caf-333b-45f9-8863-e6782196a24b
3833,65,8193f526-c5e0-430c-b0c2-bd97645f5595,71c3836d-c92c-4a50-ab85-87c986635583
3834,1472,c603047d-44ab-493b-9c41-fc7738cbe584,77e7f43c-8ad3-46c2-b435-49d89ac4d2d5
3835,1472,10d28a1e-2668-42fb-9e13-7202a5893217,77e7f43c-8ad3-46c2-b435-49d89ac4d2d5
3836,162,4996a7ed-bc14-4dba-8902-71c6434ce72d,b5f24c2f-60b1-4a00-98c8-c025702f1644
3840,151,306e4737-a01f-40b8-b1c1-2197e6e41e5c,fe2bc426-db9d-4afc-bc4b-01f296a4ee76
3841,162,09be52d5-222e-4a5c-926c-ebad4442889f,b5f24c2f-60b1-4a00-98c8-c025702f1644
3842,155,86fe2479-77e7-421d-ac4f-bb52d4b00999,c29da24a-aa6b-4c32-bef8-8fcb970c47b3
3843,65,d5c4c06b-0ef4-409f-a6e3-700273c6b850,71c3836d-c92c-4a50-ab85-87c986635583
3844,1473,957b7e92-2c86-4274-8535-36eff1c81681,5451141b-7c58-4049-9081-42fb6be8a52e
3844,1474,957b7e92-2c86-4274-8535-36eff1c81681,d5a53f17-44e3-4663-a5a6-da70b3c24f1f
3845,1475,00f01184-1ffa-4c90-81cd-cc243c5a0cbf,49234889-e814-42a7-a061-1d9e6d51df42
3846,65,3b25bdb4-7092-4ff5-94e0-7e3424dd97dd,71c3836d-c92c-4a50-ab85-87c986635583
3847,319,47f0617c-fd29-4982-a093-2c34642cbb7c,10a617e2-a747-4cfc-811b-9c0a04640370
3848,28,96220a29-8513-4140-90a3-45d1b37b3d4a,640ff5f6-c924-4484-811a-93df1f274cc9
3848,65,96220a29-8513-4140-90a3-45d1b37b3d4a,71c3836d-c92c-4a50-ab85-87c986635583
3849,1440,a19d354e-0c83-452d-843d-0049f4bae5d4,14fe1427-a73d-42b6-8334-6470327464fc
3850,162,0a9a59e2-ce6c-47da-a4b5-42b1062ef251,b5f24c2f-60b1-4a00-98c8-c025702f1644
3851,11,083d5fae-6c74-4d5c-8bd5-557130594ed3,8b4fb246-83a3-4768-8e01-4e82d9834957
3853,162,1e510ffa-094c-4d4e-8527-f45f36ab4c27,b5f24c2f-60b1-4a00-98c8-c025702f1644
3854,24,fbb63048-fe77-46e1-9c46-8658aa94c889,1a737b63-ad3c-462b-9c6b-cbdb07a44871
3855,124,058a4649-e266-43e5-ba1f-b7df9247171c,cce29796-6f71-4a60-bba2-58a4a1fd922a
3856,79,0d13444e-67d5-4f30-8dd1-33f51ed40c44,f467d49a-6a05-4876-a165-a3c3705e5f61
3857,40,6a9a6f32-de4e-42d0-8f18-2e3263139a91,bc62358e-434a-4b1e-b09d-72e879f7e685
3858,279,cec0cd5a-000c-440d-851c-5f326aa50fa6,1a88a251-3cb7-4f11-90a0-5558530cdd81
3859,81,9e83f22d-d59c-4c7e-bd9c-bb5a8209beb5,46a3a846-0594-4572-bd98-44af98531585
3860,7,29d885c5-0dd0-451f-93ac-142bd1945cb7,9a6635ff-a522-447b-8ef1-dc57c04eae60
3861,177,d10d4c0e-fc14-4484-83f4-f5c0d9847131,04a9c418-a92b-4f1d-820c-5c37512c7927
3865,153,52630460-1861-45b6-81e6-d28e0f83e4b8,2f091f27-e43b-43ff-8d25-9edbd3a1c2fe
3866,65,eb625b3b-20c5-41cf-a4d0-386e73c52907,71c3836d-c92c-4a50-ab85-87c986635583
3867,28,9682779a-2644-41ed-8ad5-736dd17e4b9a,640ff5f6-c924-4484-811a-93df1f274cc9
3867,196,9682779a-2644-41ed-8ad5-736dd17e4b9a,e5db0d68-19e5-41fc-83b4-70650e5ff4ed
3868,28,8220228b-47f9-4909-a1ea-5a4356c70db8,640ff5f6-c924-4484-811a-93df1f274cc9
3869,65,07929fce-f380-4cda-86bb-4f53f968992d,71c3836d-c92c-4a50-ab85-87c986635583
3870,124,527df9d6-14e7-47c4-aea6-d0cd5b2afd00,cce29796-6f71-4a60-bba2-58a4a1fd922a
3871,66,c926a801-a04a-4d3c-8a8f-e089a9406814,c0d44e8b-293f-4877-ac80-c2693890ce0e
3872,164,fd319c68-1a0b-4e3b-a1ef-ec2033bed7d9,22696324-bb0d-45a4-8201-26ea3bbe9fdc
3873,162,1f63c0fb-9aa7-4d74-8807-9fa417d062a7,b5f24c2f-60b1-4a00-98c8-c025702f1644
3877,162,4f4be01b-1c45-43aa-bf5c-6ff03cd329b3,b5f24c2f-60b1-4a00-98c8-c025702f1644
3879,162,a34d50e6-4088-4a93-98ee-d1282fe3088f,b5f24c2f-60b1-4a00-98c8-c025702f1644
3880,124,38a4fade-bafc-42ec-a74a-b0f048f06d0f,cce29796-6f71-4a60-bba2-58a4a1fd922a
3881,40,80fd7d3d-5166-42e3-917e-862b102bd251,bc62358e-434a-4b1e-b09d-72e879f7e685
3882,65,72a2b3df-9772-4369-9ded-5768630e1251,71c3836d-c92c-4a50-ab85-87c986635583
3883,65,7065cccc-1781-49ce-9abd-824b58e13e7a,71c3836d-c92c-4a50-ab85-87c986635583
3886,420,3fe7bc77-b500-414d-af23-467457c83069,04890db4-d2f7-41e8-be13-4a90729e9d8a
3887,162,930eb108-7226-4ac8-8072-f6f5a0321383,b5f24c2f-60b1-4a00-98c8-c025702f1644
3888,128,751883d0-c526-4c89-808c-b4a780eec565,76db904e-b736-4565-91ce-cb3e7e3cdd94
3889,65,f8c2bf69-5e17-4122-af26-e2cac131d58c,71c3836d-c92c-4a50-ab85-87c986635583
3890,65,b90676ec-42fd-4e93-b6ad-96b5fe4d5a6f,71c3836d-c92c-4a50-ab85-87c986635583
3892,65,956d1a97-086a-4663-b780-9e190aba37fd,71c3836d-c92c-4a50-ab85-87c986635583
3893,65,f9184332-0a64-4ac5-9cd9-5529d64bfa57,71c3836d-c92c-4a50-ab85-87c986635583
3894,65,35af6caf-0568-420c-8b40-63a1a8720636,71c3836d-c92c-4a50-ab85-87c986635583
3895,155,26246fdf-6787-46af-b68e-83580543a4c0,c29da24a-aa6b-4c32-bef8-8fcb970c47b3
3896,155,348b6f1e-26d3-4974-b716-d9bcc482a06f,c29da24a-aa6b-4c32-bef8-8fcb970c47b3
3897,155,fb090555-7664-4b13-953a-90e43bfbe888,c29da24a-aa6b-4c32-bef8-8fcb970c47b3
3898,155,058c1e25-ed67-4e77-97ca-3102109aede6,c29da24a-aa6b-4c32-bef8-8fcb970c47b3
3899,155,efa671ac-9a33-4b73-834f-81371cfe8c5a,c29da24a-aa6b-4c32-bef8-8fcb970c47b3
3900,155,7495cf07-0ebe-493a-92b7-21ab9b6a3f34,c29da24a-aa6b-4c32-bef8-8fcb970c47b3
3901,155,b5ad29d4-8d73-4b60-a2e4-5793a6542981,c29da24a-aa6b-4c32-bef8-8fcb970c47b3
3902,155,4d5ef706-c341-4bfa-810b-8433a611e4aa,c29da24a-aa6b-4c32-bef8-8fcb970c47b3
3903,155,6d3776fd-eaf1-4702-899f-601f38a0bbf4,c29da24a-aa6b-4c32-bef8-8fcb970c47b3
3904,155,2e425b50-5b51-4306-9c8d-2bbb5700f352,c29da24a-aa6b-4c32-bef8-8fcb970c47b3
3905,155,c7d73442-fe39-4b16-a0b1-bade11366e82,c29da24a-aa6b-4c32-bef8-8fcb970c47b3
3906,155,006de4a5-559e-4bcd-816e-e84369543fa8,c29da24a-aa6b-4c32-bef8-8fcb970c47b3
3907,155,db186cfb-8b1d-4fe4-ad82-1d558e003625,c29da24a-aa6b-4c32-bef8-8fcb970c47b3
3908,155,40753f6d-dfdc-4beb-8a7b-10f91da2693c,c29da24a-aa6b-4c32-bef8-8fcb970c47b3
3909,155,989d6b92-d2af-4caa-aa0b-437dce1fae5d,c29da24a-aa6b-4c32-bef8-8fcb970c47b3
3910,155,efb3a9cb-e39e-4937-8a97-f93babddf1aa,c29da24a-aa6b-4c32-bef8-8fcb970c47b3
3911,155,b2f4963e-5c86-4ef1-b6be-c33ae3ba31bf,c29da24a-aa6b-4c32-bef8-8fcb970c47b3
3912,155,1e79edc4-b0db-4527-a1f9-5d54d99cdf00,c29da24a-aa6b-4c32-bef8-8fcb970c47b3
3913,155,8d3b76a0-de2c-4ee7-816c-b4d8294b69ae,c29da24a-aa6b-4c32-bef8-8fcb970c47b3
3914,155,edc91a3f-af0c-47e5-a80b-2f202e125674,c29da24a-aa6b-4c32-bef8-8fcb970c47b3
3915,155,4e85242d-d386-4db4-9f8b-0462267c16c3,c29da24a-aa6b-4c32-bef8-8fcb970c47b3
3916,155,9437ff34-1233-413d-ba92-48d5cf676871,c29da24a-aa6b-4c32-bef8-8fcb970c47b3
3917,155,e02e28e1-1692-444e-8709-88201ed834b9,c29da24a-aa6b-4c32-bef8-8fcb970c47b3
3918,155,b86f5d8d-2287-45b9-b1f6-37c3f7459c44,c29da24a-aa6b-4c32-bef8-8fcb970c47b3
3919,155,5159dbd5-acd3-435a-853e-62b81da40fa8,c29da24a-aa6b-4c32-bef8-8fcb970c47b3
3920,155,b6b2f2be-c160-4a0a-9d2f-69acad69b964,c29da24a-aa6b-4c32-bef8-8fcb970c47b3
3921,155,bf37bc27-6150-4c92-8c64-79e06d4cec3a,c29da24a-aa6b-4c32-bef8-8fcb970c47b3
3922,155,dfb74154-60e9-47fb-894e-08217b6825b3,c29da24a-aa6b-4c32-bef8-8fcb970c47b3
3923,155,d6a3a875-1d40-4e8e-b98a-bd555c0c33f9,c29da24a-aa6b-4c32-bef8-8fcb970c47b3
3924,155,0a965d3a-9326-4614-a471-d6e40a358c2d,c29da24a-aa6b-4c32-bef8-8fcb970c47b3
3925,155,cfc3a932-6f42-44bf-8c7a-c19acef4754d,c29da24a-aa6b-4c32-bef8-8fcb970c47b3
3926,155,5b8b1634-62e9-452c-b87f-b25a585d997a,c29da24a-aa6b-4c32-bef8-8fcb970c47b3
3927,155,853d71af-d775-4345-a8c0-c4c3dad32358,c29da24a-aa6b-4c32-bef8-8fcb970c47b3
3928,155,f1024d44-c74c-4014-9856-66e9516ad3ff,c29da24a-aa6b-4c32-bef8-8fcb970c47b3
3929,155,6ee8e6de-0470-4dba-9ca2-26e42383387e,c29da24a-aa6b-4c32-bef8-8fcb970c47b3
3930,155,219ddcb1-d0e2-4bbb-9924-0529177fa87a,c29da24a-aa6b-4c32-bef8-8fcb970c47b3
3931,155,a1f0ceb4-c641-4ad7-9587-85ace1583bc8,c29da24a-aa6b-4c32-bef8-8fcb970c47b3
3932,155,b73c16e7-814a-484e-9c75-e1b1f10b20aa,c29da24a-aa6b-4c32-bef8-8fcb970c47b3
3933,155,10ca2b53-27b0-4351-9d63-c35bc1d60e7c,c29da24a-aa6b-4c32-bef8-8fcb970c47b3
3934,155,44451640-5abd-44bc-8c43-89f63cf8c1bd,c29da24a-aa6b-4c32-bef8-8fcb970c47b3
3935,155,c9b74bfc-f2c5-4f75-b34d-d0a1e5e9f7be,c29da24a-aa6b-4c32-bef8-8fcb970c47b3
3936,155,2cd26c1c-8fdd-4978-90b3-b257958cee42,c29da24a-aa6b-4c32-bef8-8fcb970c47b3
3937,155,de4cf174-b0ad-44e7-90ee-4eecca0cec07,c29da24a-aa6b-4c32-bef8-8fcb970c47b3
3938,155,a54a4024-83e9-4ffb-a822-ae8ddfa9e5aa,c29da24a-aa6b-4c32-bef8-8fcb970c47b3
3939,155,2875a28f-124c-4465-ab1e-8f53394faa5d,c29da24a-aa6b-4c32-bef8-8fcb970c47b3
3940,155,c5c72277-d0dd-44c4-9ce0-310847d89472,c29da24a-aa6b-4c32-bef8-8fcb970c47b3
3941,155,a2e88fc1-ec46-4529-8770-de1d63826420,c29da24a-aa6b-4c32-bef8-8fcb970c47b3
3942,155,d3aefe19-4435-4f37-b7e6-87c7c58ee8aa,c29da24a-aa6b-4c32-bef8-8fcb970c47b3
3943,155,0e255094-4af5-49ce-b6e8-95f3c94490c6,c29da24a-aa6b-4c32-bef8-8fcb970c47b3
3944,155,917cb96f-a1f3-419e-ad21-8942a7cd01d0,c29da24a-aa6b-4c32-bef8-8fcb970c47b3
3945,155,995413e5-7753-41cb-82f4-7a236ac9f565,c29da24a-aa6b-4c32-bef8-8fcb970c47b3
3946,155,e51a2a0e-2637-43ed-8fbf-83e023c4046d,c29da24a-aa6b-4c32-bef8-8fcb970c47b3
3947,155,2a9e87f7-24ce-46d5-af07-c1193716b88b,c29da24a-aa6b-4c32-bef8-8fcb970c47b3
3948,155,09abb3ab-241f-4061-8224-07717eccc005,c29da24a-aa6b-4c32-bef8-8fcb970c47b3
3949,162,5a886860-f328-464a-a692-9251410902c8,b5f24c2f-60b1-4a00-98c8-c025702f1644
3950,21,5282a383-bc12-40db-8c73-45994fa746e4,d0afac79-d069-449f-abb6-c18974f09fba
3951,21,d9c1b391-3052-443c-bcf8-4210ba84fb63,d0afac79-d069-449f-abb6-c18974f09fba
3952,11,96ea4e08-db43-47c0-b7bc-1fc12345bed7,8b4fb246-83a3-4768-8e01-4e82d9834957
3952,21,96ea4e08-db43-47c0-b7bc-1fc12345bed7,d0afac79-d069-449f-abb6-c18974f09fba
3953,11,ff4173a4-89b9-42ac-810f-38aad53da98c,8b4fb246-83a3-4768-8e01-4e82d9834957
3953,192,ff4173a4-89b9-42ac-810f-38aad53da98c,44e6abbd-df57-49d5-a61d-18fb5a2b3f82
3954,128,41c7ae8a-4596-4679-986b-336b74448934,76db904e-b736-4565-91ce-cb3e7e3cdd94
3955,128,27f4f219-7362-41ee-b1bc-769104688dab,76db904e-b736-4565-91ce-cb3e7e3cdd94
3956,28,0a634a44-f1e2-4e30-a4a7-df622f67ad19,640ff5f6-c924-4484-811a-93df1f274cc9
3956,162,0a634a44-f1e2-4e30-a4a7-df622f67ad19,b5f24c2f-60b1-4a00-98c8-c025702f1644
3957,162,10722a40-2461-44b2-8bfc-a6aef276aaf4,b5f24c2f-60b1-4a00-98c8-c025702f1644
3958,155,d3ce1e26-42f5-4065-aded-fe6c1737f6f8,c29da24a-aa6b-4c32-bef8-8fcb970c47b3
3959,162,e6da53ae-ba78-4b47-8cdc-041a9e697128,b5f24c2f-60b1-4a00-98c8-c025702f1644
3960,162,bfcdcbf9-572d-456f-8a38-cd7ee59ec607,b5f24c2f-60b1-4a00-98c8-c025702f1644
3961,187,c210f0c3-f041-4339-afbf-5707a881801b,5388ccc6-fb1c-4762-8d2d-6b3316b0a2b1
3962,190,994ed7ac-d439-4059-9af5-85ab3b07f4bf,c80f962f-6090-4fe5-b2b6-5147e6c843df
3963,28,aa6e15e3-3693-451f-8d50-c9788a0cadb4,640ff5f6-c924-4484-811a-93df1f274cc9
3963,65,aa6e15e3-3693-451f-8d50-c9788a0cadb4,71c3836d-c92c-4a50-ab85-87c986635583
3963,69,aa6e15e3-3693-451f-8d50-c9788a0cadb4,68d23985-95ce-4833-bfba-939d96e0c7ea
3963,117,aa6e15e3-3693-451f-8d50-c9788a0cadb4,decee226-8684-4491-8c02-f0746c6bb6ac
3963,379,aa6e15e3-3693-451f-8d50-c9788a0cadb4,92e8b438-8846-449c-ac25-b0b56f348abc
3964,162,c14d52a4-f603-4852-acf7-0f11256b11da,b5f24c2f-60b1-4a00-98c8-c025702f1644
3965,162,1ac87a47-258d-4ad4-9ab9-aacb622baaec,b5f24c2f-60b1-4a00-98c8-c025702f1644
3966,1476,c75cfff0-23ea-421e-ba6e-4cb9726b78f2,690e6f6b-0a11-4395-b4a5-1233530e0c9d
3967,1476,5af6618b-77b1-4f11-8ea1-88b5648c7ecf,690e6f6b-0a11-4395-b4a5-1233530e0c9d
3968,1476,e853a802-76d4-4b36-933c-14657861a69d,690e6f6b-0a11-4395-b4a5-1233530e0c9d
3970,1477,622b2ab9-5038-4fc2-a6de-fb00c8dfc4fc,364c7a17-4010-400d-b92f-a6d13e3ac611
3971,1478,f4255ac3-92f6-47aa-bd4c-685c1f717c8d,cf8d2008-e6f2-4268-89cc-7a8b31d7f441
3972,1479,7d646af0-998a-4246-bbf4-a77cbb9c3dcd,af1bfb2a-e5bf-4669-bcda-06b8c0cc8114
3973,1480,afdffa3a-2104-4848-83c7-d2968442d2ff,2ec8f7c6-26c7-4743-9f23-3d8374c21322
3974,295,25b9d9b3-46cf-464e-b11f-bf6a40f9611c,e7b4d4dc-a25b-4722-9c8d-e8c14584c0e2
3975,65,4505c59f-98be-4dba-bcd4-ba6549c6ab30,71c3836d-c92c-4a50-ab85-87c986635583
3976,40,3d7a84d7-77e9-417c-b3af-f684d7914b46,bc62358e-434a-4b1e-b09d-72e879f7e685
3976,42,3d7a84d7-77e9-417c-b3af-f684d7914b46,7943dbc7-7395-45ed-ad7d-9b9247b90db0
3977,162,b4ae2d7f-08f2-4a99-aa24-a46aa25c614c,b5f24c2f-60b1-4a00-98c8-c025702f1644
3978,65,76f71da1-ae57-4542-8e02-98037f7877ba,71c3836d-c92c-4a50-ab85-87c986635583
3979,65,14eefca2-b6fb-4108-b005-446407c1ac0d,71c3836d-c92c-4a50-ab85-87c986635583
3980,11,b436a533-813b-4cd6-81c5-c466c2c4f1f3,8b4fb246-83a3-4768-8e01-4e82d9834957
3980,1481,b436a533-813b-4cd6-81c5-c466c2c4f1f3,c74b15f9-8f08-4aa3-a876-267e16f232d8
3981,1472,7b4dfce8-6a83-4849-b803-dc4e3656dfaf,77e7f43c-8ad3-46c2-b435-49d89ac4d2d5
3982,40,de5d8c27-6b91-46b4-9bf7-ba56c94c9ca2,bc62358e-434a-4b1e-b09d-72e879f7e685
3983,408,239c0b15-5a04-484e-a2a4-29650f607078,c7d600dc-8aae-4b43-9272-760fae6c72c8
3984,408,71bc0f58-8ce2-4f2f-93f8-ca15daf4eccc,c7d600dc-8aae-4b43-9272-760fae6c72c8
3985,1482,a840e2ea-2614-4b0f-9387-17bd108c5ad6,eb2ef56c-7ad3-4f0c-a1c2-955e7e7f2c50
3986,81,97be96f1-a030-45f2-b653-7f923f92346e,46a3a846-0594-4572-bd98-44af98531585
3987,11,1093ca41-9ae6-49ec-b707-e7477f5b371c,8b4fb246-83a3-4768-8e01-4e82d9834957
3987,28,1093ca41-9ae6-49ec-b707-e7477f5b371c,640ff5f6-c924-4484-811a-93df1f274cc9
3988,28,c4471e37-bef0-4f48-bfde-98a18dbf6198,640ff5f6-c924-4484-811a-93df1f274cc9
3989,28,656c3331-5bf2-4b77-98c0-cb41cbcf75f8,640ff5f6-c924-4484-811a-93df1f274cc9
3989,187,656c3331-5bf2-4b77-98c0-cb41cbcf75f8,5388ccc6-fb1c-4762-8d2d-6b3316b0a2b1
3990,177,191943b0-df1e-432f-aebd-8cb8e801f590,04a9c418-a92b-4f1d-820c-5c37512c7927
3991,128,891b44ff-7cd8-48e4-8b0f-8e2046aaf946,76db904e-b736-4565-91ce-cb3e7e3cdd94
3992,65,43813adf-af99-4ec2-8673-0929b94f3d35,71c3836d-c92c-4a50-ab85-87c986635583
3993,124,59662777-a925-4e2d-9d99-8f154ceb7a3c,cce29796-6f71-4a60-bba2-58a4a1fd922a
3993,146,59662777-a925-4e2d-9d99-8f154ceb7a3c,0a98de96-f33e-4e1b-a352-9a64897be46f
3994,28,0a8c83e6-1c7f-4efe-bc25-5e8480d1b4ed,640ff5f6-c924-4484-811a-93df1f274cc9
3995,21,d41e8a21-28ec-4034-8ed4-a39f68626713,d0afac79-d069-449f-abb6-c18974f09fba
3996,65,a17dd3d5-7e98-4289-881b-e4eb826b2c59,71c3836d-c92c-4a50-ab85-87c986635583
3997,11,4eb6affa-7512-496e-9f18-9cf0ea897e42,8b4fb246-83a3-4768-8e01-4e82d9834957
3997,65,4eb6affa-7512-496e-9f18-9cf0ea897e42,71c3836d-c92c-4a50-ab85-87c986635583
3998,11,7eafccb5-e7d1-496c-ba96-2974faef138f,8b4fb246-83a3-4768-8e01-4e82d9834957
3999,11,b11cc57f-6a39-4b2c-ad2a-e356b3da2c37,8b4fb246-83a3-4768-8e01-4e82d9834957
4000,11,51df1be7-6f49-460f-96a7-4c7dc07fa78e,8b4fb246-83a3-4768-8e01-4e82d9834957
4001,11,0df894a3-04b8-4be3-b525-d61c64c62fd1,8b4fb246-83a3-4768-8e01-4e82d9834957
4002,11,7cfb5031-950d-4db9-9011-0324f405745b,8b4fb246-83a3-4768-8e01-4e82d9834957
4003,11,1c06f55a-84fa-4e04-9f55-694a29e8263c,8b4fb246-83a3-4768-8e01-4e82d9834957
4005,1483,6ab7473f-5be7-4523-a794-faaaf929a34e,8e5df789-53ba-4204-83cd-72cf251692d5
4006,121,14b2cda2-b500-4726-937d-e2ac073bbb1c,497b8a19-994f-4317-b1f3-e6d20ea2ffd9
4007,1483,82308a16-2a57-4b8b-9c63-01bbc609da3a,8e5df789-53ba-4204-83cd-72cf251692d5
4009,1483,db0f48fe-f39d-49ac-b053-45ebc654545a,8e5df789-53ba-4204-83cd-72cf251692d5
4010,1483,159b5d7d-01cb-4207-94ee-17e4ed65ff95,8e5df789-53ba-4204-83cd-72cf251692d5
4011,1483,14e95116-5b31-4771-bce5-b40b88f29897,8e5df789-53ba-4204-83cd-72cf251692d5
4012,101,8e75bb3c-468d-4fae-a654-4619513b6206,22be0ebc-04a6-457f-b46e-00d340fdae41
4013,108,c2265406-ad31-42b4-aa7e-8b3541ebcaca,0b0999cf-84e6-479e-8c02-3eab1280c4cb
4014,146,8867a975-9bab-4461-abb9-163f7edb7564,0a98de96-f33e-4e1b-a352-9a64897be46f
4014,155,8867a975-9bab-4461-abb9-163f7edb7564,c29da24a-aa6b-4c32-bef8-8fcb970c47b3
4014,177,8867a975-9bab-4461-abb9-163f7edb7564,04a9c418-a92b-4f1d-820c-5c37512c7927
4014,272,8867a975-9bab-4461-abb9-163f7edb7564,b2f6a3ae-50d1-48f1-b556-15e7696fa1a6
4015,109,64d96b48-2f3e-4ff3-9951-248afdd7b30f,3b2a7b84-e10c-42cb-9bb1-f01598cd36c4
4016,1484,248b30b9-4d12-4239-84d5-6b6065e1fa50,c0f7e65e-4b45-427c-8fca-0480e4ed7f3c
4021,388,83a472d7-4a47-4ee7-b630-e300f4e9761a,022241a6-e3e5-4d3d-8954-e86cdbec2042
4022,162,8d9b3683-7a6b-4804-b6c1-d19a9169784c,b5f24c2f-60b1-4a00-98c8-c025702f1644
4023,124,0132a130-04e3-46c6-a2ff-3d3c88b239d1,cce29796-6f71-4a60-bba2-58a4a1fd922a
4024,140,52e004b5-38a6-4f9e-99de-a0a0fe15c218,5e30830f-1a0b-4983-9ffd-39cd4239b236
4025,155,348216a1-87d5-432e-955d-7802ecdf8bf0,c29da24a-aa6b-4c32-bef8-8fcb970c47b3
4026,28,f2e762db-bd4e-44e8-9df2-faf90054d566,640ff5f6-c924-4484-811a-93df1f274cc9
4027,162,a61d9c65-5dff-442b-85ff-2fcdb5ab2e06,b5f24c2f-60b1-4a00-98c8-c025702f1644
4029,107,d63ac984-7189-4cb5-951b-2524463abb62,eec6e65f-ea95-4e02-bf0d-ee73da7e0847
4031,107,e3bf8410-3802-4f2c-b0af-5696e8f5e5d2,eec6e65f-ea95-4e02-bf0d-ee73da7e0847
4031,110,e3bf8410-3802-4f2c-b0af-5696e8f5e5d2,d24a67ca-95da-4def-8197-065b4943ba6f
4036,28,4b77014f-3e4f-4942-b491-df0228f14bdc,640ff5f6-c924-4484-811a-93df1f274cc9
4037,28,0006b5f8-bae4-44bb-be1b-5305506aa2a0,640ff5f6-c924-4484-811a-93df1f274cc9
4038,28,0b153f7d-504e-4ff9-a015-b167a706b654,640ff5f6-c924-4484-811a-93df1f274cc9
4039,9,61825e55-0fa8-44d3-8c5d-1ae78c6de649,d14906ed-d7ec-4889-9b2d-dcab4ebc44e7
4040,28,ce9e936f-fa08-4df0-a8db-51614ab1a547,640ff5f6-c924-4484-811a-93df1f274cc9
4041,187,195ac9c0-ceef-4a1e-8383-cf526602342d,5388ccc6-fb1c-4762-8d2d-6b3316b0a2b1
4042,175,ab6ecd9f-7e86-442b-8d67-6fa0d35d6661,5af64a9f-5bc3-4d23-858a-37d42f54a257
4043,175,912b5bf8-bacb-4ab0-b232-a646f8613470,5af64a9f-5bc3-4d23-858a-37d42f54a257
4044,162,af106bcb-f92c-4712-b100-c04b9ffdd82f,b5f24c2f-60b1-4a00-98c8-c025702f1644
4045,42,a6836998-c507-48be-8934-84344d8dd9ca,7943dbc7-7395-45ed-ad7d-9b9247b90db0
4046,18,365447c3-a2d9-4098-a46a-af687366bc24,1742965b-91bb-4c4e-b592-7e005ae1c874
4047,346,b3deecb6-1258-4636-8fd5-48e3534bbe95,1d4b523b-3d81-4a6a-bf18-28d1f4010425
4049,65,b3398670-28a0-4a99-96d9-776a3013a627,71c3836d-c92c-4a50-ab85-87c986635583
4050,65,2808847e-f489-4355-9285-ef26451e5418,71c3836d-c92c-4a50-ab85-87c986635583
4051,42,87fb45dc-c521-4450-a54b-1b6f36e98211,7943dbc7-7395-45ed-ad7d-9b9247b90db0
4052,40,b462071e-8865-48c5-8233-e28b88dc521a,bc62358e-434a-4b1e-b09d-72e879f7e685
4053,65,e335f957-9787-4dc6-9146-4c432604b1a4,71c3836d-c92c-4a50-ab85-87c986635583
4054,65,fdb62783-9617-4b19-8a44-ca38b47a0d76,71c3836d-c92c-4a50-ab85-87c986635583
4055,65,fe7115e1-d73c-479a-8ddc-1eda2e159f13,71c3836d-c92c-4a50-ab85-87c986635583
4056,42,937585cc-f2b7-48fe-8ab1-b7cac58fe8cc,7943dbc7-7395-45ed-ad7d-9b9247b90db0
4057,42,512f09c6-546f-43e3-84b0-db3b0697b49a,7943dbc7-7395-45ed-ad7d-9b9247b90db0
4058,42,d039d89f-628c-4d2d-ac59-b37f25fd8720,7943dbc7-7395-45ed-ad7d-9b9247b90db0
4059,42,0ce98135-d8ce-459b-8e9a-81cede59512e,7943dbc7-7395-45ed-ad7d-9b9247b90db0
4060,40,31eb08f3-1e5f-43c0-86ab-1b19af0c6bb3,bc62358e-434a-4b1e-b09d-72e879f7e685
4061,40,f9f75447-eead-48b1-aa15-2d9629b2e806,bc62358e-434a-4b1e-b09d-72e879f7e685
4062,162,241bb85b-6451-44a7-b91e-ff3a2cb1e9c3,b5f24c2f-60b1-4a00-98c8-c025702f1644
4066,135,5845b80e-3a5e-48fb-a5b9-6dfa7d756909,5457e420-c61b-41a5-8f33-2e01e353c04b
4067,246,2635794d-5d3c-471f-9104-74456e364ab1,0c13df62-f42e-40f5-a090-08ca0b806338
4068,246,9a6d76a5-8a39-45af-8844-2d180d1fe206,0c13df62-f42e-40f5-a090-08ca0b806338
4069,246,b54afd9d-6ad4-460e-aacc-1f6530fc389a,0c13df62-f42e-40f5-a090-08ca0b806338
4070,246,b3e1a8f5-bc9c-45ff-82b6-303298cd55e9,0c13df62-f42e-40f5-a090-08ca0b806338
4071,246,9e89d88f-62c4-4c8e-b17e-b58057e01dfc,0c13df62-f42e-40f5-a090-08ca0b806338
4072,246,356af00b-f0b8-493a-afd3-807b927ad864,0c13df62-f42e-40f5-a090-08ca0b806338
4077,40,96c4bb80-6ebc-4379-8f68-135601c24467,bc62358e-434a-4b1e-b09d-72e879f7e685
4077,42,96c4bb80-6ebc-4379-8f68-135601c24467,7943dbc7-7395-45ed-ad7d-9b9247b90db0
4077,65,96c4bb80-6ebc-4379-8f68-135601c24467,71c3836d-c92c-4a50-ab85-87c986635583
4077,124,96c4bb80-6ebc-4379-8f68-135601c24467,cce29796-6f71-4a60-bba2-58a4a1fd922a
4078,65,63bee971-c997-4e68-8f5e-def3c79dce72,71c3836d-c92c-4a50-ab85-87c986635583
4079,65,e7eb5afa-487f-4de7-baa2-7217255d85d1,71c3836d-c92c-4a50-ab85-87c986635583
4080,65,281d0b4a-fe55-4fe2-bf99-332362b12049,71c3836d-c92c-4a50-ab85-87c986635583
4081,65,c4a451ae-7e09-4f08-9aaf-4970030d1dcb,71c3836d-c92c-4a50-ab85-87c986635583
4082,65,cef59e5c-72a6-4db9-9b2f-db47eb6c981e,71c3836d-c92c-4a50-ab85-87c986635583
4083,65,6399c789-3326-40bf-a7b9-77ee7f2aa352,71c3836d-c92c-4a50-ab85-87c986635583
4084,65,cb9bff7e-e332-46d0-a4bb-f36444430a7d,71c3836d-c92c-4a50-ab85-87c986635583
4085,81,98eb7431-c883-41bd-a5d1-2950632e5c7f,46a3a846-0594-4572-bd98-44af98531585
4087,124,be780fce-53f7-4b0a-8121-969ff9f45b30,cce29796-6f71-4a60-bba2-58a4a1fd922a
4088,124,0648472b-c7eb-4ea7-a60e-7718cf0e829a,cce29796-6f71-4a60-bba2-58a4a1fd922a
4089,124,48085da2-120f-468b-a37e-4b2df36e811c,cce29796-6f71-4a60-bba2-58a4a1fd922a
4090,54,6f8a861e-63c3-4d88-89c5-700460b3ddc0,3d1bc7f4-e0ed-4100-bb03-38598f2cbad7
4090,175,6f8a861e-63c3-4d88-89c5-700460b3ddc0,5af64a9f-5bc3-4d23-858a-37d42f54a257
4090,177,6f8a861e-63c3-4d88-89c5-700460b3ddc0,04a9c418-a92b-4f1d-820c-5c37512c7927
4091,151,d9da879c-4bfa-4b44-85ba-ee6860bcf72e,fe2bc426-db9d-4afc-bc4b-01f296a4ee76
4092,151,f1ec7d0a-f7e9-4be2-ab9d-adc9208e4802,fe2bc426-db9d-4afc-bc4b-01f296a4ee76
4093,151,10b6a23b-3eb5-4fa7-835f-a49147084e25,fe2bc426-db9d-4afc-bc4b-01f296a4ee76
4094,9,6a5cb727-2c4b-4221-9412-089b2856122c,d14906ed-d7ec-4889-9b2d-dcab4ebc44e7
4094,28,6a5cb727-2c4b-4221-9412-089b2856122c,640ff5f6-c924-4484-811a-93df1f274cc9
4094,40,6a5cb727-2c4b-4221-9412-089b2856122c,bc62358e-434a-4b1e-b09d-72e879f7e685
4094,42,6a5cb727-2c4b-4221-9412-089b2856122c,7943dbc7-7395-45ed-ad7d-9b9247b90db0
4094,65,6a5cb727-2c4b-4221-9412-089b2856122c,71c3836d-c92c-4a50-ab85-87c986635583
4094,124,6a5cb727-2c4b-4221-9412-089b2856122c,cce29796-6f71-4a60-bba2-58a4a1fd922a
4095,1485,28220426-0204-47a8-8f2a-a43285c763bd,40928d8d-1194-431c-b0fa-2ee4630fef20
4096,27,b6da38c8-7ab8-4d2f-8396-56fe47fb23dd,2cc1b34d-22dc-4f3e-9e6e-f1bc622ffc6b
4097,11,95262dd0-aee7-4719-82ea-19f57a4eb61b,8b4fb246-83a3-4768-8e01-4e82d9834957
4098,42,5582a1d5-7200-4861-b883-2e351433a496,7943dbc7-7395-45ed-ad7d-9b9247b90db0
4099,21,3f5f2a3e-a144-46a4-a989-d7a31d7ecc5b,d0afac79-d069-449f-abb6-c18974f09fba
4100,140,b63b7eb1-3311-481a-9718-35bc51da5dcc,5e30830f-1a0b-4983-9ffd-39cd4239b236
4101,162,3ea1ef1b-0ac2-407a-a775-59d9cf9bcd2a,b5f24c2f-60b1-4a00-98c8-c025702f1644
4102,162,efc215b3-7e9b-42d9-81c7-3cd32d1249b6,b5f24c2f-60b1-4a00-98c8-c025702f1644
4103,162,c236ffec-4a3a-478c-9021-97675cf1c5ca,b5f24c2f-60b1-4a00-98c8-c025702f1644
4104,49,e4577faf-ba4c-4947-9f45-9f7667367a12,8e7b59b7-63d6-484d-9517-c1a74563a05f
4105,1486,22501887-4dcc-4ea3-86d3-84c86474e47a,74b28bc9-f42c-4f6b-aedc-07a3bd1b5507
4106,196,3fd42629-854a-4fd4-b6d7-29cae1288107,e5db0d68-19e5-41fc-83b4-70650e5ff4ed
4107,40,b91d8cf8-0749-4aff-b6ed-eed1a5a4c88e,bc62358e-434a-4b1e-b09d-72e879f7e685
4108,42,d44f6e73-0d76-405f-b477-688aa505dfea,7943dbc7-7395-45ed-ad7d-9b9247b90db0
4109,432,57b17aa1-e3d8-4a4d-9384-7cc66120055a,2dcf225e-f8fd-4b69-8bba-c07674f80ede
4110,432,afe5df3d-548a-4413-95c9-dd24aa7e3537,2dcf225e-f8fd-4b69-8bba-c07674f80ede
4111,432,fe79811c-753d-47f8-ae23-fbcb82a95a0a,2dcf225e-f8fd-4b69-8bba-c07674f80ede
4112,162,c05bba98-a833-4f16-b261-ef037cc92faa,b5f24c2f-60b1-4a00-98c8-c025702f1644
4114,431,602bc6b1-eb48-41f2-874d-b374b8b8fd2d,8e1b01ba-6b90-4731-99a2-ddfbfd622059
4114,432,602bc6b1-eb48-41f2-874d-b374b8b8fd2d,2dcf225e-f8fd-4b69-8bba-c07674f80ede
4115,432,6817b133-7236-4689-83a9-a06c6839dad9,2dcf225e-f8fd-4b69-8bba-c07674f80ede
4116,432,db8d0b9c-414d-4a01-9922-7d0e301945e1,2dcf225e-f8fd-4b69-8bba-c07674f80ede
4117,432,35df2ccc-b196-4772-8ac7-d36df8bf4de9,2dcf225e-f8fd-4b69-8bba-c07674f80ede
4118,333,bab123ad-0a1a-49b9-94b4-4468cf9f91bc,82961c9c-621d-484b-a662-70f7eac7d370
4119,65,7c60dfc3-0874-4d40-bbef-62ba4624bb8b,71c3836d-c92c-4a50-ab85-87c986635583
4120,162,9f6d80ab-8597-4278-863d-50cd9ea6df08,b5f24c2f-60b1-4a00-98c8-c025702f1644
4121,162,ba2d93b2-4750-4fbf-a712-f7131df84bab,b5f24c2f-60b1-4a00-98c8-c025702f1644
4122,49,6a9105ab-eee8-424f-8504-9cd41b1761d3,8e7b59b7-63d6-484d-9517-c1a74563a05f
4122,61,6a9105ab-eee8-424f-8504-9cd41b1761d3,aa653b24-bf71-4f0e-b1cf-5d87565d9ba5
4122,177,6a9105ab-eee8-424f-8504-9cd41b1761d3,04a9c418-a92b-4f1d-820c-5c37512c7927
4123,42,82ac8351-04be-4a80-8921-d717e78bd1e6,7943dbc7-7395-45ed-ad7d-9b9247b90db0
4123,177,82ac8351-04be-4a80-8921-d717e78bd1e6,04a9c418-a92b-4f1d-820c-5c37512c7927
4123,1461,82ac8351-04be-4a80-8921-d717e78bd1e6,2bd46c51-f41b-4c6e-a55d-d4371f495117
4124,7,4b010242-f909-45b1-b75c-d58f9a948aaa,9a6635ff-a522-447b-8ef1-dc57c04eae60
4126,1487,2bce6779-e991-459a-928c-99b6a6cadb8e,546eea81-7340-4da4-9e97-d65e9c70226a
4127,1476,ea79e48a-7419-4c05-aaf3-545fa8411cd9,690e6f6b-0a11-4395-b4a5-1233530e0c9d
4128,65,1db71333-160c-4a72-9185-3ec0986d16b5,71c3836d-c92c-4a50-ab85-87c986635583
4128,124,1db71333-160c-4a72-9185-3ec0986d16b5,cce29796-6f71-4a60-bba2-58a4a1fd922a
4128,177,1db71333-160c-4a72-9185-3ec0986d16b5,04a9c418-a92b-4f1d-820c-5c37512c7927
4129,21,bdd8a342-4092-4ef0-852c-bd37219f368e,d0afac79-d069-449f-abb6-c18974f09fba
4130,162,1a09dd4f-0a14-46ce-abcb-6ca9d13e221b,b5f24c2f-60b1-4a00-98c8-c025702f1644
4131,124,93003465-eb17-4fe2-8cb8-7035320f663b,cce29796-6f71-4a60-bba2-58a4a1fd922a
4132,383,cf9776b7-f733-4b7e-9b06-cecb844e148d,1e1bcae5-eae6-4263-9a14-09bdad9977b4
4133,162,bf7232f9-e078-47d9-aca3-4661f1495eb1,b5f24c2f-60b1-4a00-98c8-c025702f1644
4134,40,f393ba84-525b-4b5d-b241-cc6e5d50450d,bc62358e-434a-4b1e-b09d-72e879f7e685
4135,40,db8aaadb-0320-45b7-a349-a5984e47e704,bc62358e-434a-4b1e-b09d-72e879f7e685
4136,40,0a1bef5d-fd5a-46b9-93e7-f76ed695b091,bc62358e-434a-4b1e-b09d-72e879f7e685
4137,40,22d9ca58-fbaf-454b-b6a1-b11ae83581a4,bc62358e-434a-4b1e-b09d-72e879f7e685
4138,40,110c08b2-77e4-46cd-b07a-2b72c01b9460,bc62358e-434a-4b1e-b09d-72e879f7e685
4139,40,fb6022de-903a-40cd-a6d1-b8a818bab049,bc62358e-434a-4b1e-b09d-72e879f7e685
4140,40,3c9a632e-58b2-4348-833e-d02e74dfc2c8,bc62358e-434a-4b1e-b09d-72e879f7e685
4141,28,04240a19-38a5-46c1-a5ec-ebd321dfa42f,640ff5f6-c924-4484-811a-93df1f274cc9
4141,40,04240a19-38a5-46c1-a5ec-ebd321dfa42f,bc62358e-434a-4b1e-b09d-72e879f7e685
4141,81,04240a19-38a5-46c1-a5ec-ebd321dfa42f,46a3a846-0594-4572-bd98-44af98531585
4142,40,91fc5a05-1949-4343-92e0-5eb5bde44755,bc62358e-434a-4b1e-b09d-72e879f7e685
4144,40,2949be89-d6c5-4974-95b1-5289ad8c00ed,bc62358e-434a-4b1e-b09d-72e879f7e685
4145,40,c8ab85b4-bf8a-4537-b55e-e0ba53ce9e77,bc62358e-434a-4b1e-b09d-72e879f7e685
4146,40,99c1f599-c9a7-4f5b-9c88-427559df6323,bc62358e-434a-4b1e-b09d-72e879f7e685
4147,40,feec8599-21c4-4d14-8317-e96fd4eeb7fc,bc62358e-434a-4b1e-b09d-72e879f7e685
4149,40,69e787b8-740e-4c16-8752-19cab7071e7c,bc62358e-434a-4b1e-b09d-72e879f7e685
4150,40,960830f3-63e6-4d7c-be3b-0c5763bc393e,bc62358e-434a-4b1e-b09d-72e879f7e685
4152,40,20c14238-a470-4415-aae4-65a7c2a8bef3,bc62358e-434a-4b1e-b09d-72e879f7e685
4154,40,adeaaa17-2114-44f4-b525-0fedd93fa5bb,bc62358e-434a-4b1e-b09d-72e879f7e685
4157,40,b69440bd-d5c5-430f-8630-fbc896641acc,bc62358e-434a-4b1e-b09d-72e879f7e685
4158,40,de07310f-ea96-4cd5-90fe-73db50850ecc,bc62358e-434a-4b1e-b09d-72e879f7e685
4159,40,3f506ecd-74c2-4d2e-900a-345ffc698aaf,bc62358e-434a-4b1e-b09d-72e879f7e685
4160,40,bf6d41fe-f321-4f96-a1ff-223e005ed56c,bc62358e-434a-4b1e-b09d-72e879f7e685
4161,40,802c6c69-f3b5-45ea-8ba1-a24b264a4398,bc62358e-434a-4b1e-b09d-72e879f7e685
4162,40,6612d65e-1925-4289-a2bc-32810e2e35ec,bc62358e-434a-4b1e-b09d-72e879f7e685
4163,40,b7366d99-4930-4c3e-bdd3-949b443b77dc,bc62358e-434a-4b1e-b09d-72e879f7e685
4164,40,6a681185-758d-447b-a12c-c4583351dc52,bc62358e-434a-4b1e-b09d-72e879f7e685
4165,40,bfc2999e-056d-4142-b993-758108c30fdb,bc62358e-434a-4b1e-b09d-72e879f7e685
4166,40,4280a273-1936-42cc-abc9-4d6944a8af00,bc62358e-434a-4b1e-b09d-72e879f7e685
4167,40,f3a5265c-e94b-40fd-842b-d2c601a56bda,bc62358e-434a-4b1e-b09d-72e879f7e685
4167,124,f3a5265c-e94b-40fd-842b-d2c601a56bda,cce29796-6f71-4a60-bba2-58a4a1fd922a
4168,40,ef3366fc-a8dc-4266-8aec-dfe4683c56e1,bc62358e-434a-4b1e-b09d-72e879f7e685
4168,65,ef3366fc-a8dc-4266-8aec-dfe4683c56e1,71c3836d-c92c-4a50-ab85-87c986635583
4168,124,ef3366fc-a8dc-4266-8aec-dfe4683c56e1,cce29796-6f71-4a60-bba2-58a4a1fd922a
4169,40,353c40b3-0067-466d-917b-72c79e31edb1,bc62358e-434a-4b1e-b09d-72e879f7e685
4170,28,3bee6e82-21e7-48f4-9ae0-af116d5156af,640ff5f6-c924-4484-811a-93df1f274cc9
4170,40,3bee6e82-21e7-48f4-9ae0-af116d5156af,bc62358e-434a-4b1e-b09d-72e879f7e685
4170,59,3bee6e82-21e7-48f4-9ae0-af116d5156af,0ab221c9-9090-45d3-8f78-9cc0012614df
4170,187,3bee6e82-21e7-48f4-9ae0-af116d5156af,5388ccc6-fb1c-4762-8d2d-6b3316b0a2b1
4171,40,fe9283df-0fe5-47b9-af13-cd4a5d7264a6,bc62358e-434a-4b1e-b09d-72e879f7e685
4172,40,3afc7a56-0669-4fe1-8d81-4078df0d9695,bc62358e-434a-4b1e-b09d-72e879f7e685
4174,162,e962c99b-9a5e-45ff-8d8e-6031ada1e363,b5f24c2f-60b1-4a00-98c8-c025702f1644
4175,65,5442513c-c538-4e1b-ad25-ad4caab70dc4,71c3836d-c92c-4a50-ab85-87c986635583
4176,11,abc7b757-41d5-4bb2-a103-c1ac247b24d9,8b4fb246-83a3-4768-8e01-4e82d9834957
4177,11,0f20a16c-b288-47a5-883e-960868f9513d,8b4fb246-83a3-4768-8e01-4e82d9834957
4178,11,edced7b9-bd94-487d-91a3-54dea18b48dc,8b4fb246-83a3-4768-8e01-4e82d9834957
4179,146,0856dec1-b26c-4094-ad7c-7fff2873d392,0a98de96-f33e-4e1b-a352-9a64897be46f
4180,146,f6e0ea88-6d04-4161-bbd1-74dde38feaf0,0a98de96-f33e-4e1b-a352-9a64897be46f
4181,146,798fb182-1e16-4a51-b16b-47e2eca8a45a,0a98de96-f33e-4e1b-a352-9a64897be46f
4182,1488,97e01a44-6c36-4d1a-881b-56ef44edafa1,20797a86-ef15-459a-b506-01b35b0e16bb
4183,1489,8cc4941a-ca99-4932-8714-1e844de4a11a,062fd944-32bd-4158-994c-fbc23fd34fa1
4184,11,5425475a-4f8f-4d5d-a7eb-a95d64368538,8b4fb246-83a3-4768-8e01-4e82d9834957
4184,1489,5425475a-4f8f-4d5d-a7eb-a95d64368538,062fd944-32bd-4158-994c-fbc23fd34fa1
4185,362,b4106763-8133-4c9b-8ae2-630c965f3f07,8d96bedd-fd59-488c-beac-8342f2260284
4186,362,ff97ee80-ab64-4261-8b08-ad87ddbb018c,8d96bedd-fd59-488c-beac-8342f2260284
4187,362,f1a6e8f2-197f-49c0-b9f3-b7ebee799a7e,8d96bedd-fd59-488c-beac-8342f2260284
4189,362,bed78c13-a3cc-4936-8792-bb93128fe6dd,8d96bedd-fd59-488c-beac-8342f2260284
4191,362,f2898e47-2f31-48d1-93d1-8bb817bd348a,8d96bedd-fd59-488c-beac-8342f2260284
4192,362,6ac1b7f2-d4c0-45b2-8711-4cd02acc2998,8d96bedd-fd59-488c-beac-8342f2260284
4193,28,8f791bf9-27f7-476f-bf69-945a81eadcb4,640ff5f6-c924-4484-811a-93df1f274cc9
4193,49,8f791bf9-27f7-476f-bf69-945a81eadcb4,8e7b59b7-63d6-484d-9517-c1a74563a05f
4193,124,8f791bf9-27f7-476f-bf69-945a81eadcb4,cce29796-6f71-4a60-bba2-58a4a1fd922a
4194,362,0740b7a0-20aa-4351-8828-102b3f1826a1,8d96bedd-fd59-488c-beac-8342f2260284
4195,362,bbec1663-851a-4d00-a26d-886886968b46,8d96bedd-fd59-488c-beac-8342f2260284
4196,362,5b8362f7-2480-49e5-acba-272d027648e1,8d96bedd-fd59-488c-beac-8342f2260284
4197,288,e2b6c473-0a97-4f38-9546-62cf477822ff,0ff5b658-c3e6-438a-b919-024649a6ef53
4197,341,e2b6c473-0a97-4f38-9546-62cf477822ff,6b4c7caf-333b-45f9-8863-e6782196a24b
4197,362,e2b6c473-0a97-4f38-9546-62cf477822ff,8d96bedd-fd59-488c-beac-8342f2260284
4198,65,e56d5123-6490-40cc-8708-e788e83cc6aa,71c3836d-c92c-4a50-ab85-87c986635583
4199,89,bb903786-b43b-47d2-a512-10eea7d1c559,23ba372a-af2d-440f-b8ef-794ef52aa077
4200,162,9cf6bebc-b8de-48b6-863c-590bff0575e4,b5f24c2f-60b1-4a00-98c8-c025702f1644
4201,162,3ed757d3-2b43-4516-b820-7a0533aa05cc,b5f24c2f-60b1-4a00-98c8-c025702f1644
4202,162,a3980f47-434e-4271-8b94-e00bd5cec70b,b5f24c2f-60b1-4a00-98c8-c025702f1644
4203,18,abb23064-8aaa-4de6-9e77-dd8b7542f661,1742965b-91bb-4c4e-b592-7e005ae1c874
4204,298,8e1d574c-e0bb-4c4a-8fbc-b39930df0df9,eb210708-8256-4b12-ab4c-89b02264a3de
4205,298,c081b313-486b-4f15-a49f-07c112a8177b,eb210708-8256-4b12-ab4c-89b02264a3de
4206,18,b56151bc-bb19-4d45-8d20-3c762c8d0b05,1742965b-91bb-4c4e-b592-7e005ae1c874
4207,42,daab1326-9a3e-40db-806d-793233052e12,7943dbc7-7395-45ed-ad7d-9b9247b90db0
4209,21,059b96de-3b72-4888-980c-6755218d2196,d0afac79-d069-449f-abb6-c18974f09fba
4210,21,826b9278-561f-4a8d-b260-effda30c05dd,d0afac79-d069-449f-abb6-c18974f09fba
4211,162,8afdcbf8-3969-4e17-a44b-54332e341efb,b5f24c2f-60b1-4a00-98c8-c025702f1644
4212,162,30a87a8e-3459-4f75-846e-3ee699ab9af3,b5f24c2f-60b1-4a00-98c8-c025702f1644
4213,11,ca6a8e9e-46c4-468f-9070-2cf621ca8460,8b4fb246-83a3-4768-8e01-4e82d9834957
4213,65,ca6a8e9e-46c4-468f-9070-2cf621ca8460,71c3836d-c92c-4a50-ab85-87c986635583
4214,28,473ea637-9e3f-4509-91ab-2e04ebe8cdd2,640ff5f6-c924-4484-811a-93df1f274cc9
4215,65,e82306f5-283a-4115-b6ff-02dfb92aa503,71c3836d-c92c-4a50-ab85-87c986635583
4216,162,b71c1911-3fa3-4b63-bba2-494b25131dfd,b5f24c2f-60b1-4a00-98c8-c025702f1644
4217,29,3731ad00-31d6-4a87-8354-3476cb347cf4,d80ebb28-a356-409c-b90f-99e519142cc4
4218,140,8494ff36-9319-4000-8ed4-2322d83ad9e1,5e30830f-1a0b-4983-9ffd-39cd4239b236
4219,162,f1cc88cf-a119-4e34-96f1-764b73ded4f2,b5f24c2f-60b1-4a00-98c8-c025702f1644
4220,21,6c988ed5-6dd7-4e9e-bb39-e98cf73c52d5,d0afac79-d069-449f-abb6-c18974f09fba
4221,187,4d553d44-1973-4e1e-a73c-3c08f223bc9a,5388ccc6-fb1c-4762-8d2d-6b3316b0a2b1
4222,124,f2686b14-adde-4a5d-931e-888a57cb88a7,cce29796-6f71-4a60-bba2-58a4a1fd922a
4228,90,39b991fb-e240-4d05-9b37-9dfa6ef7462e,0d04db60-61ba-493c-b8f5-64806ed374ee
4230,1497,b67e4f48-d7cf-4ff2-952e-79830ad0b7ad,04fb07ec-2e11-42ea-96ce-6537bfdfb5d8
4231,28,a0edb4f0-a306-4d94-a163-03af773c7201,640ff5f6-c924-4484-811a-93df1f274cc9
4233,177,d3c2b610-c81c-4448-8ebf-b42c3d6c2f28,04a9c418-a92b-4f1d-820c-5c37512c7927
4233,190,d3c2b610-c81c-4448-8ebf-b42c3d6c2f28,c80f962f-6090-4fe5-b2b6-5147e6c843df
4234,86,2235d457-011c-4edf-89a5-c12284396560,6361e1ff-75aa-4916-a429-5b6e5c026f08
4234,108,2235d457-011c-4edf-89a5-c12284396560,0b0999cf-84e6-479e-8c02-3eab1280c4cb
4236,1498,72a7aa57-edc6-4061-bed5-0f56daa58f07,971c57ee-08af-48f1-96a7-76ea1957e1f9
4237,1499,82751c82-b8e7-4444-812b-db8e6b20e978,77f79401-1db0-4b1f-8114-e5041aa33d7e
4238,1500,da8f98cd-ee1d-4269-ba41-6b5d14e2d139,f447cde6-2f58-4aee-88a6-a1f0484ccc00
4240,28,e1428f12-d3df-4b89-abcf-ccdd26bf2b27,640ff5f6-c924-4484-811a-93df1f274cc9
4240,190,e1428f12-d3df-4b89-abcf-ccdd26bf2b27,c80f962f-6090-4fe5-b2b6-5147e6c843df
4242,28,1e0b5f5a-67be-450b-a27a-7147f50c7aa9,640ff5f6-c924-4484-811a-93df1f274cc9
4243,28,abbac00b-026c-4d7e-bab0-036469db2ff9,640ff5f6-c924-4484-811a-93df1f274cc9
4244,179,c7f3b7d9-ea8d-46c5-84d1-d7372b89d757,617a4cfd-dcaf-40c4-98a9-3d388c7ca4a0
4245,166,e4855f86-7b99-4f72-840b-1afe1a2d0838,8d62ed42-8920-427e-bdcd-b5ad58e3dcb6
4246,81,70c88ecb-0580-4dfd-be33-b6df9bfe3fbf,46a3a846-0594-4572-bd98-44af98531585
4247,1490,49911267-6300-4139-b2a7-310e7e2e4011,251f7ee5-da80-4bcb-b7fd-aff4272e6f52
4248,1490,ef832511-bd2f-48c4-9961-cdd459075e46,251f7ee5-da80-4bcb-b7fd-aff4272e6f52
4249,1490,9500a0b9-1bae-470b-ad62-894dfe3bf78c,251f7ee5-da80-4bcb-b7fd-aff4272e6f52
4250,117,16cd838d-4d19-4e60-a4df-b6a87ba4e854,decee226-8684-4491-8c02-f0746c6bb6ac
4252,140,3a2d243e-1543-43ef-8ca2-306496f79b86,5e30830f-1a0b-4983-9ffd-39cd4239b236
4256,180,49f8a682-0163-417b-b1dc-4113daee7ad8,51703c7e-f22d-49d7-b1eb-9d4c9b4bbcc5
4257,281,92578d14-0029-463a-8e38-2abba47d1f89,e941b227-e695-4638-b86d-172090dc29df
4258,281,2bae7f59-1aa0-4464-a001-3627166c4ba5,e941b227-e695-4638-b86d-172090dc29df
4261,379,8f9a1965-463b-4097-9568-f7197536eb04,92e8b438-8846-449c-ac25-b0b56f348abc
4262,18,8c286637-3f4e-4824-a980-da0243dc1865,1742965b-91bb-4c4e-b592-7e005ae1c874
4263,41,dc637434-2187-4d7e-aef3-8c423031fa17,e9efde2c-e2eb-4007-9b09-d5e84f47baac
4264,89,1a64f2b4-14cc-4f28-a08f-ee421e895ea2,23ba372a-af2d-440f-b8ef-794ef52aa077
4265,146,c2d27150-d26f-4169-8cd0-2d334c0626cd,0a98de96-f33e-4e1b-a352-9a64897be46f
4266,40,bd29a8a5-cf4e-4892-bc80-3d4a82550ed5,bc62358e-434a-4b1e-b09d-72e879f7e685
4267,1,6821ae26-70ba-4eee-9345-5a6b0ea80aa6,b1d49301-fe07-4171-b989-7768419e0373
4267,68,6821ae26-70ba-4eee-9345-5a6b0ea80aa6,b183dd85-ae51-4db3-89f2-e4e8a9bbba2b
4268,1,1927a371-6c5d-4dca-a7eb-18427f035a7d,b1d49301-fe07-4171-b989-7768419e0373
4268,68,1927a371-6c5d-4dca-a7eb-18427f035a7d,b183dd85-ae51-4db3-89f2-e4e8a9bbba2b
4269,420,eea4538f-2076-4736-bb61-d97c32a96495,04890db4-d2f7-41e8-be13-4a90729e9d8a
4270,420,b7d1551a-1697-4524-a5d6-0a13dd2aaba2,04890db4-d2f7-41e8-be13-4a90729e9d8a
4271,1501,e4da193d-68a0-470c-9211-bf785aac0ce4,ca1c5c8b-b7c1-457d-b293-5a32c804b977
4275,24,3c4563a0-af24-474f-9c0e-511c97ec970b,1a737b63-ad3c-462b-9c6b-cbdb07a44871
4275,40,3c4563a0-af24-474f-9c0e-511c97ec970b,bc62358e-434a-4b1e-b09d-72e879f7e685
4275,117,3c4563a0-af24-474f-9c0e-511c97ec970b,decee226-8684-4491-8c02-f0746c6bb6ac
4275,124,3c4563a0-af24-474f-9c0e-511c97ec970b,cce29796-6f71-4a60-bba2-58a4a1fd922a
4275,146,3c4563a0-af24-474f-9c0e-511c97ec970b,0a98de96-f33e-4e1b-a352-9a64897be46f
4275,155,3c4563a0-af24-474f-9c0e-511c97ec970b,c29da24a-aa6b-4c32-bef8-8fcb970c47b3
4275,187,3c4563a0-af24-474f-9c0e-511c97ec970b,5388ccc6-fb1c-4762-8d2d-6b3316b0a2b1
4275,408,3c4563a0-af24-474f-9c0e-511c97ec970b,c7d600dc-8aae-4b43-9272-760fae6c72c8
4276,40,e104e9e3-5c59-44c2-8886-f2622636075f,bc62358e-434a-4b1e-b09d-72e879f7e685
4276,124,e104e9e3-5c59-44c2-8886-f2622636075f,cce29796-6f71-4a60-bba2-58a4a1fd922a
4276,155,e104e9e3-5c59-44c2-8886-f2622636075f,c29da24a-aa6b-4c32-bef8-8fcb970c47b3
4277,40,99c1ab75-6859-4886-91c7-3eb1a08e23b6,bc62358e-434a-4b1e-b09d-72e879f7e685
4277,124,99c1ab75-6859-4886-91c7-3eb1a08e23b6,cce29796-6f71-4a60-bba2-58a4a1fd922a
4277,187,99c1ab75-6859-4886-91c7-3eb1a08e23b6,5388ccc6-fb1c-4762-8d2d-6b3316b0a2b1
4281,144,f54a5e12-1432-4430-a664-fb60d8a9b9a3,7159550d-45f7-4441-931a-cac0da8393f4
4283,96,461220e2-657b-4c78-b012-03463538331b,8b54abd3-797c-471c-ad4a-1bde5ea69734
4283,116,461220e2-657b-4c78-b012-03463538331b,2a898059-bc57-4390-a10a-0358c8ee3847
4284,9,8a91e51d-db36-4bd8-ab19-1bac71008c31,d14906ed-d7ec-4889-9b2d-dcab4ebc44e7
4285,9,a34f9651-f2e0-43a2-b1a3-7bf7eb052647,d14906ed-d7ec-4889-9b2d-dcab4ebc44e7
4285,155,a34f9651-f2e0-43a2-b1a3-7bf7eb052647,c29da24a-aa6b-4c32-bef8-8fcb970c47b3
4285,175,a34f9651-f2e0-43a2-b1a3-7bf7eb052647,5af64a9f-5bc3-4d23-858a-37d42f54a257
4286,69,7a0d03c7-70bd-480e-81ba-42b37f395c96,68d23985-95ce-4833-bfba-939d96e0c7ea
4290,28,58f998fd-4705-4121-bc90-18a88ecc085e,640ff5f6-c924-4484-811a-93df1f274cc9
4290,42,58f998fd-4705-4121-bc90-18a88ecc085e,7943dbc7-7395-45ed-ad7d-9b9247b90db0
4291,21,e0b49438-8a1e-4960-b28c-096d4eda5ee6,d0afac79-d069-449f-abb6-c18974f09fba
4292,11,fc80100a-c315-4451-b6d9-36c73878419b,8b4fb246-83a3-4768-8e01-4e82d9834957
4294,1502,decc3599-10c1-4e2a-9cfb-afc1588c4563,5c51afa6-d46a-40be-bfec-3951c5077731
4295,40,a8099554-8b42-476e-be3b-18834f714878,bc62358e-434a-4b1e-b09d-72e879f7e685
4296,40,84c761ae-d002-4864-bab1-a167253d54f0,bc62358e-434a-4b1e-b09d-72e879f7e685
4296,155,84c761ae-d002-4864-bab1-a167253d54f0,c29da24a-aa6b-4c32-bef8-8fcb970c47b3
4297,40,b1def4b6-44dd-491b-afbb-5c88c345f1e7,bc62358e-434a-4b1e-b09d-72e879f7e685
4297,155,b1def4b6-44dd-491b-afbb-5c88c345f1e7,c29da24a-aa6b-4c32-bef8-8fcb970c47b3
4298,28,78b139b0-08ae-4dd4-b746-0dcf183a772f,640ff5f6-c924-4484-811a-93df1f274cc9
4299,28,f4de1708-e0e6-4c2f-9f16-4ea290694ab0,640ff5f6-c924-4484-811a-93df1f274cc9
4300,65,decaf2aa-9f3b-4aef-b4f1-180692ff52bc,71c3836d-c92c-4a50-ab85-87c986635583
4301,177,31a2e96b-55ce-4769-a477-15287d81bc32,04a9c418-a92b-4f1d-820c-5c37512c7927
4302,333,e04b16c1-ff02-40f9-8c67-bf0e401c5a6a,82961c9c-621d-484b-a662-70f7eac7d370
4303,28,17010993-95fb-4d5c-a7d3-f94d93da7e45,640ff5f6-c924-4484-811a-93df1f274cc9
4304,1497,fcb7e815-ba69-4f0c-8c8a-ad4e989e1704,04fb07ec-2e11-42ea-96ce-6537bfdfb5d8
4305,1497,84a3351a-9855-44b8-8854-726c25e749a2,04fb07ec-2e11-42ea-96ce-6537bfdfb5d8
4306,1497,788fabd7-0191-48b9-acc7-3c59caaca439,04fb07ec-2e11-42ea-96ce-6537bfdfb5d8
4307,1497,35ade0ea-bc30-49ba-8513-506afa4afaf7,04fb07ec-2e11-42ea-96ce-6537bfdfb5d8
4308,1497,abd6ea49-c0d7-408a-930e-b2247e15c810,04fb07ec-2e11-42ea-96ce-6537bfdfb5d8
4311,1497,0b7ab598-2796-401a-885a-fd4a8259fb3b,04fb07ec-2e11-42ea-96ce-6537bfdfb5d8
4312,1497,6ae704a0-2e5e-4b0f-b6de-32d2537ea296,04fb07ec-2e11-42ea-96ce-6537bfdfb5d8
4313,431,dcb8dc25-f828-4b7e-aab0-3181185966d0,8e1b01ba-6b90-4731-99a2-ddfbfd622059
4313,432,dcb8dc25-f828-4b7e-aab0-3181185966d0,2dcf225e-f8fd-4b69-8bba-c07674f80ede
4314,421,b367f02b-57bb-40e0-aa5e-54623e3b8238,edfc2047-0c9d-4809-904c-07330947ecaa
4315,421,1826479a-105d-441f-a0cf-4e5f712afde2,edfc2047-0c9d-4809-904c-07330947ecaa
4316,188,55d5fc7d-02e0-4983-82fb-328c6ffb81b5,0e1e71cc-7469-4f2e-9280-0dcdf13f9ec7
4316,1497,55d5fc7d-02e0-4983-82fb-328c6ffb81b5,04fb07ec-2e11-42ea-96ce-6537bfdfb5d8
4317,1497,8d886dd0-55a0-46f3-8717-47eec09dcd99,04fb07ec-2e11-42ea-96ce-6537bfdfb5d8
4318,432,5bc1f3ce-2f73-42e6-8991-6bffcfc584c6,2dcf225e-f8fd-4b69-8bba-c07674f80ede
4319,1497,a6095a86-5fc6-4b7e-badd-b4abb1068c79,04fb07ec-2e11-42ea-96ce-6537bfdfb5d8
4320,85,037fca67-92e2-4ce7-af61-20fe6cd285db,a31970f3-3fa6-4e29-805f-0045bb7db116
4325,1505,a6affe3b-53a4-4d63-b8e4-827886c6c8d0,9aa32d10-732b-48ee-ad6f-7d5549b922cb
4327,1506,36f2418a-d158-4ded-ac75-3f39a0462782,f8874077-562a-431b-b996-6f56882667c7
4328,1492,7c279b99-3e30-45ca-8dee-eba61afea0d7,ceb6e283-e4a9-4d63-9f8c-128f78ca2a98
4328,1507,7c279b99-3e30-45ca-8dee-eba61afea0d7,460f8486-9555-469b-bdae-2c5e685363e6
4328,1542,7c279b99-3e30-45ca-8dee-eba61afea0d7,38332cfe-7cb9-4dbf-bef9-ed7152d3e801
4330,1510,f28d8aa6-c714-42d3-bd52-cbbcf617f1e6,cbbde852-d2ee-4662-9ee6-ab5251ca5d56
4332,1512,58e02cd9-3080-40d2-8914-00371600a3eb,4e5a399a-4a39-4873-bc65-cdb77f0084d0
4333,1543,b98a5cf3-ae61-414f-9312-57c47f597e46,43e9effe-b26f-4e29-b36a-bf6dca01847f
4334,1513,96275a7c-7fa6-464f-a38e-61a60ca19420,b218a1b1-faf0-4586-8656-ab0b3a24b241
4335,1514,c62b3b02-c613-4fff-b82a-fe22dbb5fe39,0e777a94-4ccc-4820-b41f-02efaad67fe8
4344,1518,b9851b40-625f-4a23-a1e9-0bf6ea0d9daa,2f40cee9-8056-41b5-9ace-0eb49b8f17d9
4345,1,9afdf2a6-a9f2-4cae-a1fc-c32ccf486dbe,b1d49301-fe07-4171-b989-7768419e0373
4346,1498,b0166803-f21b-458a-b75a-14a6fa0db746,971c57ee-08af-48f1-96a7-76ea1957e1f9
4348,24,0415ba37-055b-4857-b4ac-cf5cdd576dea,1a737b63-ad3c-462b-9c6b-cbdb07a44871
4351,408,0a8c19bd-ef47-45ae-9871-1c772bb00caf,c7d600dc-8aae-4b43-9272-760fae6c72c8
4352,164,af684ad2-511c-4c15-b769-b919c2ccb44c,22696324-bb0d-45a4-8201-26ea3bbe9fdc
4356,1520,91a4f3e1-cea6-4568-a4d6-ed2eb17fb868,fb3e3154-5b00-45a1-a211-dc393dc5f5fe
4364,1521,91fba972-8348-4bfe-a718-68c3f4bdc293,801d289c-7ba3-40c7-981c-33455ef26cc4
4368,1,55347dcf-98e8-4af7-a441-e943dc48415b,b1d49301-fe07-4171-b989-7768419e0373
4368,1522,55347dcf-98e8-4af7-a441-e943dc48415b,7ca4617b-7a41-4c06-8bc3-78685d2a94b3
4370,28,f5fdc213-b869-431d-9ab0-02804d084452,640ff5f6-c924-4484-811a-93df1f274cc9
4371,27,c23379c6-3c08-4f97-9f6b-37ced96b25f3,2cc1b34d-22dc-4f3e-9e6e-f1bc622ffc6b
4372,124,75041395-9c7b-49ba-adef-8a46b20e7105,cce29796-6f71-4a60-bba2-58a4a1fd922a
4375,187,07b0d164-2d97-4ff4-9d07-2fbfed2472ac,5388ccc6-fb1c-4762-8d2d-6b3316b0a2b1
4376,381,7823fd68-5da3-4f47-a736-404355f55a2f,b1af9d74-2781-4547-8454-6f1f793fb60b
4377,162,e00ab232-8d54-466d-bc4e-83787c0ddf82,b5f24c2f-60b1-4a00-98c8-c025702f1644
4378,162,7708b22f-4934-43b6-b326-a9f265d60d48,b5f24c2f-60b1-4a00-98c8-c025702f1644
4379,1524,6cdd1849-6b19-479e-bc4c-97c86af8b261,1b058225-1097-434e-8305-26fcb032f333
4380,1525,c175c3ae-c0ce-41fb-9c40-9b75d21827db,db07cdd1-4716-4873-a707-6f3d466516f2
4381,1526,38a0bf15-a566-44c7-a9b6-e23ed3898b97,00b767f6-c46b-410e-b2c7-91ad5671cd4e
4382,162,0a059b47-8d10-47b6-bdd7-c9d9f62c3935,b5f24c2f-60b1-4a00-98c8-c025702f1644
4383,54,3f3e4c9d-fb48-48c1-a8b2-65687c050891,3d1bc7f4-e0ed-4100-bb03-38598f2cbad7
4384,53,05a7a3d1-7c6c-47f8-998e-e3b8c5197310,e7e211f1-95b2-480d-900e-a52636204a2b
4385,90,38c9196d-0034-4fbd-a084-4bc43501f659,0d04db60-61ba-493c-b8f5-64806ed374ee
4386,339,ba9d429f-6afd-4023-845b-2aa123d997f4,b9e2d565-51c3-43fa-b24c-0b4876a04ad5
4387,317,d82b8dd2-28e4-436d-ad39-2febe94fde1b,e537790d-92f1-498a-8aa8-99092f013857
4388,151,3ec92cc5-99da-4a7a-9a17-4c8dfb772b3c,fe2bc426-db9d-4afc-bc4b-01f296a4ee76
4389,379,c343b030-d3c4-4535-84d9-62d461173b86,92e8b438-8846-449c-ac25-b0b56f348abc
4390,79,49560825-430e-4be3-9a04-49d519c76218,f467d49a-6a05-4876-a165-a3c3705e5f61
4391,28,599bf975-acc5-4797-8d31-aff141f8b9c9,640ff5f6-c924-4484-811a-93df1f274cc9
4392,52,be5e67a2-d9fb-411f-83e8-680ac4dded16,6b527e1f-a3f1-4168-b2f8-d5a1b48ac071
4393,19,9c457310-6e44-4912-87fe-44e6941c74a0,358b94b5-3617-4f9f-983e-caf7e425ffac
4394,49,9cc7791b-7213-44bc-bf51-f517bbe0f1a2,8e7b59b7-63d6-484d-9517-c1a74563a05f
4395,79,286fdeec-2d47-418c-881e-db2f8c84d863,f467d49a-6a05-4876-a165-a3c3705e5f61
4395,1528,286fdeec-2d47-418c-881e-db2f8c84d863,50356f81-f0b5-4ecb-9c3d-27092c94904e
4396,40,75f8a7e8-b247-4be8-b0e8-51dcbd9136b4,bc62358e-434a-4b1e-b09d-72e879f7e685
4397,281,9816913e-9d68-4e77-9a33-90099a0a1bdb,e941b227-e695-4638-b86d-172090dc29df
4398,59,abd6df07-017d-4da3-958b-b54678fb9adc,0ab221c9-9090-45d3-8f78-9cc0012614df
4399,69,159f010b-b43b-4b9b-b6d4-5ecb29e1b09d,68d23985-95ce-4833-bfba-939d96e0c7ea
4400,9,05836f93-3136-4e29-9d3e-a553b9409fbb,d14906ed-d7ec-4889-9b2d-dcab4ebc44e7
4401,298,39953af0-b438-42a1-a4aa-718f1de936ef,eb210708-8256-4b12-ab4c-89b02264a3de
4402,81,5db1d9d7-a69f-4097-820f-1ca818229d9f,46a3a846-0594-4572-bd98-44af98531585
4403,279,846f0dd0-0f3c-4c51-aa4e-d53a7e5500a5,1a88a251-3cb7-4f11-90a0-5558530cdd81
4404,65,cb63f4e1-e3c1-49de-b5dd-052a206e26de,71c3836d-c92c-4a50-ab85-87c986635583
4405,73,e38618bb-1826-4aef-8a2e-f31f8b11a397,d6c08563-ea3f-452b-9ac1-b30d2b161ecd
4406,117,84395f2c-ee96-4090-bf6c-3dcf10bf0524,decee226-8684-4491-8c02-f0746c6bb6ac
4407,1529,5878b4c5-0593-4804-ab5c-562a93848dfe,69602411-58e2-4446-8849-c34cdefe5eda
4408,1530,511ccc8b-9a02-4186-ab2d-2e139e9ca7cd,24fd5e11-8de4-4539-9656-84da6a5d4158
4410,1531,3b669c29-88f1-4c76-a9df-af9ebcc631bb,2875ff69-1064-4a29-80dd-708b7d3da65e
4412,177,8f7750bf-7b26-48ae-949b-6b1ea42ff7df,04a9c418-a92b-4f1d-820c-5c37512c7927
4413,146,197dbc1b-0078-401d-9483-17a5ab5e2d63,0a98de96-f33e-4e1b-a352-9a64897be46f
4414,167,2512b0c4-1a7f-4136-b392-3374f9f417e9,453d83bd-9f1b-4e33-95c3-80cd8d1e6c7d
4415,65,35183e92-4024-406c-81ed-227f8883a5b6,71c3836d-c92c-4a50-ab85-87c986635583
4415,230,35183e92-4024-406c-81ed-227f8883a5b6,39a06e4a-d409-47fc-890f-3100b6861f45
4417,58,48c8eba8-8dae-4172-8e34-0cce7081ccb0,8a6b49c5-b377-4f5d-b0e8-9a7b626efb3c
4417,118,48c8eba8-8dae-4172-8e34-0cce7081ccb0,8bc215bc-cf61-4abe-8ea7-cad04832a04a
4421,319,c3598f64-78ee-4869-81d4-e0ea8acd36e5,10a617e2-a747-4cfc-811b-9c0a04640370
4422,122,68572b9f-324d-492b-b0e1-f4b234de0c85,22a9832f-e3b9-4ca0-858e-c354940c64ca
4423,135,8d84d581-9e5b-4796-b3bc-766f1b33a558,5457e420-c61b-41a5-8f33-2e01e353c04b
4425,89,17878078-b978-493f-92ff-d904985035a9,23ba372a-af2d-440f-b8ef-794ef52aa077
4425,140,17878078-b978-493f-92ff-d904985035a9,5e30830f-1a0b-4983-9ffd-39cd4239b236
4428,44,00bc4500-7ce2-45e9-9208-edc600ff2a57,e0d57de9-43eb-49d4-8cec-367087420e8b
4429,1532,80c5e341-e36c-4160-b052-329aed38959b,524570cc-5a32-46d8-a2b5-1f3ed7baa402
4430,233,b42d2b4a-cee0-4d3e-b977-de2a3c74eb7a,3327eaaa-95a2-486d-8521-1bd82d5cf37a
4433,81,5e95085c-56a9-4231-a2b1-2025f8a7b35e,46a3a846-0594-4572-bd98-44af98531585
4445,314,bf025831-e09b-4361-ac61-83df92495615,67997c91-3522-4e61-9358-7738da08a226
4451,408,a3020fe8-8095-4ddb-857f-378d6d9a5c47,c7d600dc-8aae-4b43-9272-760fae6c72c8
4452,1498,95a8ea75-f9d3-4c4b-b634-372776cb6587,971c57ee-08af-48f1-96a7-76ea1957e1f9
4452,1533,95a8ea75-f9d3-4c4b-b634-372776cb6587,b36bd98c-fe3d-41b0-8761-71845262e124
4453,1498,c8fd5620-a7c3-4e7e-9e53-1f116c23fd32,971c57ee-08af-48f1-96a7-76ea1957e1f9
4453,1534,c8fd5620-a7c3-4e7e-9e53-1f116c23fd32,fe7e7484-1f1e-4d4f-bb21-3db332fbddb0
4457,1502,d3ff63f9-a15d-42f8-b4cd-57f6153dac26,5c51afa6-d46a-40be-bfec-3951c5077731
4457,1534,d3ff63f9-a15d-42f8-b4cd-57f6153dac26,fe7e7484-1f1e-4d4f-bb21-3db332fbddb0
4458,230,89a6e911-691a-4792-a039-fff7970a0a23,39a06e4a-d409-47fc-890f-3100b6861f45
4463,1536,9326ee84-ae79-447e-8779-3ba723c098a3,5e625183-464a-48ac-9f85-12470551d672
4470,162,f2d86e5f-f70b-41c7-a73a-4e03176822a1,b5f24c2f-60b1-4a00-98c8-c025702f1644
4473,1537,44968326-93c2-4bd0-b59b-1d354f84e671,64965c5a-6794-4ab8-b7dc-de50eb7fae92
4474,21,e5aed348-d6c0-4adc-bd9e-9f048ad919dd,d0afac79-d069-449f-abb6-c18974f09fba
4475,20,7abba560-dd9e-4ef8-b28c-f08cf067a4ac,c0ebfcec-acbe-4caa-8a76-a5280664e028
4475,23,7abba560-dd9e-4ef8-b28c-f08cf067a4ac,0e0dcb78-b459-4bc7-9343-75025d5f3afb
4476,63,df6930e4-d9fb-41ad-b1d8-1015e0ba88a4,eef4ab4f-ca9e-434f-9627-d763fea63ca4
4478,12,ae4bf925-ac35-4bf4-b26c-2ccc78363492,d5670874-8030-4367-bddd-f202455e164b
4478,29,ae4bf925-ac35-4bf4-b26c-2ccc78363492,d80ebb28-a356-409c-b90f-99e519142cc4
4478,408,ae4bf925-ac35-4bf4-b26c-2ccc78363492,c7d600dc-8aae-4b43-9272-760fae6c72c8
4482,1,5e50d23b-b97c-4f11-a3b7-aa7e842e4121,b1d49301-fe07-4171-b989-7768419e0373
4482,24,5e50d23b-b97c-4f11-a3b7-aa7e842e4121,1a737b63-ad3c-462b-9c6b-cbdb07a44871
4484,1,0443b565-4451-4d62-b4be-f05ab3285e09,b1d49301-fe07-4171-b989-7768419e0373
4484,414,0443b565-4451-4d62-b4be-f05ab3285e09,271f01f4-959a-485b-a9d1-2a459a1ddeeb
4485,42,b12c0113-693a-4df7-9dae-6cb25506bf7b,7943dbc7-7395-45ed-ad7d-9b9247b90db0
4486,27,f441030f-69cc-4de7-98fc-f5fca2f4bf90,2cc1b34d-22dc-4f3e-9e6e-f1bc622ffc6b
4487,62,2406ff2c-8fc9-4053-b142-1903612f1967,40b736e4-3eff-44db-8fc8-e191322c321b
4488,20,95de9963-a3b3-4098-b410-d12d1b706bb4,c0ebfcec-acbe-4caa-8a76-a5280664e028
4489,65,03d88250-531c-4d32-b01b-8c4bac1572cf,71c3836d-c92c-4a50-ab85-87c986635583
4491,124,273086c3-d288-4ee8-94e6-277abe34b690,cce29796-6f71-4a60-bba2-58a4a1fd922a
4492,65,f97ea1a0-a375-4e29-aee5-421bdef84af6,71c3836d-c92c-4a50-ab85-87c986635583
4493,89,48784a91-a76b-4cf8-889e-94b235f92077,23ba372a-af2d-440f-b8ef-794ef52aa077
4493,140,48784a91-a76b-4cf8-889e-94b235f92077,5e30830f-1a0b-4983-9ffd-39cd4239b236
4494,89,b9c5e9a5-21aa-46eb-9a9f-d2df7651ab48,23ba372a-af2d-440f-b8ef-794ef52aa077
4494,140,b9c5e9a5-21aa-46eb-9a9f-d2df7651ab48,5e30830f-1a0b-4983-9ffd-39cd4239b236
4495,89,9004c4e5-8195-429e-9768-f27914553ebd,23ba372a-af2d-440f-b8ef-794ef52aa077
4495,140,9004c4e5-8195-429e-9768-f27914553ebd,5e30830f-1a0b-4983-9ffd-39cd4239b236
4496,140,2865582f-ed4f-49bf-a124-a236c7d91b51,5e30830f-1a0b-4983-9ffd-39cd4239b236
4496,159,2865582f-ed4f-49bf-a124-a236c7d91b51,b595ab89-f7cc-4a96-b19c-d87dc8689c89
4496,1541,2865582f-ed4f-49bf-a124-a236c7d91b51,b16cb5a3-0b36-4573-beac-99e9222925b4
4497,140,d7b0ca35-2b84-4d5f-aea4-177291d85906,5e30830f-1a0b-4983-9ffd-39cd4239b236
4497,159,d7b0ca35-2b84-4d5f-aea4-177291d85906,b595ab89-f7cc-4a96-b19c-d87dc8689c89
4497,1541,d7b0ca35-2b84-4d5f-aea4-177291d85906,b16cb5a3-0b36-4573-beac-99e9222925b4
4498,140,7cb739f8-c69b-4e0b-82a1-09af0e9d0ccf,5e30830f-1a0b-4983-9ffd-39cd4239b236
4498,159,7cb739f8-c69b-4e0b-82a1-09af0e9d0ccf,b595ab89-f7cc-4a96-b19c-d87dc8689c89
4499,65,48b0b170-894b-4505-beeb-8526252cc4d4,71c3836d-c92c-4a50-ab85-87c986635583
4500,21,384d79a6-ce57-469d-8082-76381bd11170,d0afac79-d069-449f-abb6-c18974f09fba
4501,81,6adc0fc1-b584-4235-8099-04bbfaf1895b,46a3a846-0594-4572-bd98-44af98531585
4502,9,acbd0c52-9342-406c-9303-20cd4b3fb61f,d14906ed-d7ec-4889-9b2d-dcab4ebc44e7
4503,140,c474ab19-676a-465f-8bb2-8e0ad9e33548,5e30830f-1a0b-4983-9ffd-39cd4239b236
4504,140,4317904a-3efb-49de-9cad-272f9bcbb4a3,5e30830f-1a0b-4983-9ffd-39cd4239b236
4505,140,5b97afbd-c95d-4327-a4f8-6710bc9eb411,5e30830f-1a0b-4983-9ffd-39cd4239b236
4506,140,d07e6621-a774-4a0a-92cb-95df6d9ce909,5e30830f-1a0b-4983-9ffd-39cd4239b236
4507,140,dc570f10-252e-43e6-8f2d-a3ef3bd5019c,5e30830f-1a0b-4983-9ffd-39cd4239b236
4508,24,384e80a8-5247-439e-a2e9-6e1978538651,1a737b63-ad3c-462b-9c6b-cbdb07a44871
4508,259,384e80a8-5247-439e-a2e9-6e1978538651,2c89c4a4-e2d6-43a8-a8ed-59770c8b5089
4509,268,92bf2457-6fd2-417a-8623-00b763dfeee1,aa3306e8-086b-47e0-8df6-81efcac93d77
4510,177,a70eb662-6476-4ea8-81ae-f1e37d62e972,04a9c418-a92b-4f1d-820c-5c37512c7927
4511,177,64352db9-c796-401d-b900-e814c2001254,04a9c418-a92b-4f1d-820c-5c37512c7927
4512,146,332e1e1a-b5e5-4d9c-9c92-8261379a9f2e,0a98de96-f33e-4e1b-a352-9a64897be46f
4513,272,f0533ca9-4358-44a8-a0f2-13d51c2b59a4,b2f6a3ae-50d1-48f1-b556-15e7696fa1a6
4514,152,2d7dadfa-46ca-46b3-99c2-0ff859358409,26c817ef-9b23-4973-82cc-e96a1a97d5dc
4515,253,288e7d9b-c790-4b76-a6c2-2510813a9b7e,0a17b295-c551-41da-ada5-924dddf4c0fc
4516,253,092aa087-8258-487e-9d33-1511d87b25e6,0a17b295-c551-41da-ada5-924dddf4c0fc
4517,265,b930c902-c231-4a72-a508-de050f8dcfff,3ea5fd91-147a-409d-a64c-650bf87fe7fd
4518,252,b6380810-0c83-41d4-bc20-45adbe41c09e,b8f7886c-1476-4a7e-ac54-12ab3fdd7fc9
4519,388,b552e49a-43bb-4cb8-a4d8-e13d8624c0c0,022241a6-e3e5-4d3d-8954-e86cdbec2042
4520,388,9b91c728-50f1-4afe-868f-bcf653456c50,022241a6-e3e5-4d3d-8954-e86cdbec2042
4521,157,4e51299b-5894-4720-af61-33d06bb7f827,e8ce0762-3e4d-48b6-9150-351d0b508b80
4522,176,f4ec99bc-c4fe-4f70-93c0-1aeea63544ea,2d645b0c-5c86-4ca6-9b35-8e7fecf04fdf
4526,40,0616d809-6eee-45a1-92eb-087873405182,bc62358e-434a-4b1e-b09d-72e879f7e685
4526,89,0616d809-6eee-45a1-92eb-087873405182,23ba372a-af2d-440f-b8ef-794ef52aa077
4527,124,113127a0-bd4f-478b-a58e-6ff5f12f3893,cce29796-6f71-4a60-bba2-58a4a1fd922a
4529,59,5103129e-77fc-497a-b81e-289f62cfcd27,0ab221c9-9090-45d3-8f78-9cc0012614df
4529,62,5103129e-77fc-497a-b81e-289f62cfcd27,40b736e4-3eff-44db-8fc8-e191322c321b
4530,408,cd87a8e8-a4ed-44c1-9538-bc3f1d626938,c7d600dc-8aae-4b43-9272-760fae6c72c8
4531,24,7f4b26f1-f9b1-483e-a9e0-b76b2752dab4,1a737b63-ad3c-462b-9c6b-cbdb07a44871
4532,24,912e60f7-5164-4976-ac46-f5e6e5800a31,1a737b63-ad3c-462b-9c6b-cbdb07a44871
4533,24,3e998dfd-cb4b-4f9c-844b-415d20af8af8,1a737b63-ad3c-462b-9c6b-cbdb07a44871
4534,81,6f965423-941f-4dd0-bf46-c10329fd0c56,46a3a846-0594-4572-bd98-44af98531585
4535,81,8f7b2e8a-468c-46cd-b54c-9477fb07a5e5,46a3a846-0594-4572-bd98-44af98531585
4536,89,52a07883-b640-4059-9cc8-3fe03ff5b137,23ba372a-af2d-440f-b8ef-794ef52aa077
4536,140,52a07883-b640-4059-9cc8-3fe03ff5b137,5e30830f-1a0b-4983-9ffd-39cd4239b236
4537,333,9255dffc-2068-42b0-9118-5bebd545f8b5,82961c9c-621d-484b-a662-70f7eac7d370
4538,167,5ab53a15-9bf2-4314-bf1f-3b8d99735f25,453d83bd-9f1b-4e33-95c3-80cd8d1e6c7d
4539,259,1f0df4dd-35c3-4e66-91ef-0f220724e1d7,2c89c4a4-e2d6-43a8-a8ed-59770c8b5089
4540,140,14a32453-ac28-4a7a-b145-7a5cd2915362,5e30830f-1a0b-4983-9ffd-39cd4239b236
4540,159,14a32453-ac28-4a7a-b145-7a5cd2915362,b595ab89-f7cc-4a96-b19c-d87dc8689c89
4554,1,35c4772f-0245-456a-8ae6-3655ee1e1219,b1d49301-fe07-4171-b989-7768419e0373
4555,28,9a3bb52f-f44d-4cd4-a8da-9f906d6cefb6,640ff5f6-c924-4484-811a-93df1f274cc9
4556,28,814bdb4e-171e-46fc-8765-c937ce3877b3,640ff5f6-c924-4484-811a-93df1f274cc9
4557,65,c86ac797-fd77-4fa5-be82-e238d3c6e665,71c3836d-c92c-4a50-ab85-87c986635583
4557,431,c86ac797-fd77-4fa5-be82-e238d3c6e665,8e1b01ba-6b90-4731-99a2-ddfbfd622059
4558,11,f38e0999-8df8-4ef1-a7e3-f4819454186e,8b4fb246-83a3-4768-8e01-4e82d9834957
4559,187,cfe8363e-7367-4255-8b22-394bd1c0565b,5388ccc6-fb1c-4762-8d2d-6b3316b0a2b1
4560,187,53761a01-b9c6-4785-8449-f3b206444b61,5388ccc6-fb1c-4762-8d2d-6b3316b0a2b1
4563,28,b077d93a-079c-45f5-aac8-21f0dec8f37d,640ff5f6-c924-4484-811a-93df1f274cc9
4563,153,b077d93a-079c-45f5-aac8-21f0dec8f37d,2f091f27-e43b-43ff-8d25-9edbd3a1c2fe
4563,187,b077d93a-079c-45f5-aac8-21f0dec8f37d,5388ccc6-fb1c-4762-8d2d-6b3316b0a2b1
4564,28,9b8b2988-fa94-4e20-a16d-82f5b49f7617,640ff5f6-c924-4484-811a-93df1f274cc9
4564,40,9b8b2988-fa94-4e20-a16d-82f5b49f7617,bc62358e-434a-4b1e-b09d-72e879f7e685
4564,59,9b8b2988-fa94-4e20-a16d-82f5b49f7617,0ab221c9-9090-45d3-8f78-9cc0012614df
4564,124,9b8b2988-fa94-4e20-a16d-82f5b49f7617,cce29796-6f71-4a60-bba2-58a4a1fd922a
4564,155,9b8b2988-fa94-4e20-a16d-82f5b49f7617,c29da24a-aa6b-4c32-bef8-8fcb970c47b3
4566,252,21dfcc2e-1672-4dd7-87d7-c9af5207aef5,b8f7886c-1476-4a7e-ac54-12ab3fdd7fc9
4567,1540,d7a82511-3cf5-4c03-a330-371bbd45e6e0,44e87040-f5c7-4fae-b518-21be160d6e5c
4570,153,3b76c070-140f-46c1-8c1d-a7b4ca9e19ed,2f091f27-e43b-43ff-8d25-9edbd3a1c2fe
4572,333,8585cef4-9368-46c1-b870-7c3f716e486f,82961c9c-621d-484b-a662-70f7eac7d370
4573,333,663a1e06-768d-460a-96c3-05aa2e93f8eb,82961c9c-621d-484b-a662-70f7eac7d370
4574,333,e7ec729c-93c1-4500-a667-a5518b3afcf2,82961c9c-621d-484b-a662-70f7eac7d370
4575,333,8d53dbc1-a52f-4bf0-b459-761c8231e797,82961c9c-621d-484b-a662-70f7eac7d370
4577,58,2e9db508-8745-4767-b59d-3d8fc0837369,8a6b49c5-b377-4f5d-b0e8-9a7b626efb3c
4577,118,2e9db508-8745-4767-b59d-3d8fc0837369,8bc215bc-cf61-4abe-8ea7-cad04832a04a
4577,408,2e9db508-8745-4767-b59d-3d8fc0837369,c7d600dc-8aae-4b43-9272-760fae6c72c8
4578,58,3f1a0d5a-d152-4030-9ad6-9575352e3c20,8a6b49c5-b377-4f5d-b0e8-9a7b626efb3c
4580,34,3d5e2f36-218d-437f-b79f-072f640f778a,728ba25f-56f0-49c7-aad3-cee18e334c2b
4580,408,3d5e2f36-218d-437f-b79f-072f640f778a,c7d600dc-8aae-4b43-9272-760fae6c72c8
4581,408,9e522401-7622-4902-8d51-293b6f868167,c7d600dc-8aae-4b43-9272-760fae6c72c8
4582,82,79e6255d-e55e-467a-9f33-b83764310993,80f418a2-b4cd-4dbf-9beb-f6412b56663d
4582,230,79e6255d-e55e-467a-9f33-b83764310993,39a06e4a-d409-47fc-890f-3100b6861f45
4583,175,07b4fed9-9b92-40d1-9037-8223d6db57d8,5af64a9f-5bc3-4d23-858a-37d42f54a257
4584,313,0e39a02b-151a-4346-a26a-a1ff017e129f,7cdaf277-88b2-4b4a-8940-37b2858ced3f
4585,155,2921822a-3288-4912-abd5-04cd0cb7bb09,c29da24a-aa6b-4c32-bef8-8fcb970c47b3
4586,82,64505ca5-8c81-41de-8b17-35df4743ccd3,80f418a2-b4cd-4dbf-9beb-f6412b56663d
4586,230,64505ca5-8c81-41de-8b17-35df4743ccd3,39a06e4a-d409-47fc-890f-3100b6861f45
4587,346,0bc76472-2f5b-40c2-a4f2-d81b8e9b15c9,1d4b523b-3d81-4a6a-bf18-28d1f4010425
4588,89,bb3d04ae-8ebc-4c54-a617-f244277e7d88,23ba372a-af2d-440f-b8ef-794ef52aa077
4589,65,f2e0378c-2758-481d-ab5f-87d56686c2fe,71c3836d-c92c-4a50-ab85-87c986635583
4590,65,f0cc6d8e-63c8-4326-9bc3-2e76e588b8e9,71c3836d-c92c-4a50-ab85-87c986635583
4591,65,6b70ffb8-3a80-4069-9fb0-9b794eb97531,71c3836d-c92c-4a50-ab85-87c986635583
4592,65,1c29b148-eb27-4928-a2ff-002d655b20bd,71c3836d-c92c-4a50-ab85-87c986635583
4593,65,1be5b645-ce3a-4111-87d8-ee25ff2772d9,71c3836d-c92c-4a50-ab85-87c986635583
4594,65,275042cf-7e35-42aa-ab48-0d095149a844,71c3836d-c92c-4a50-ab85-87c986635583
4595,65,4a8b2e70-72a2-4e51-a25a-f49a165158ba,71c3836d-c92c-4a50-ab85-87c986635583
4596,65,778323f4-a1a0-410f-814f-9d14fdcf0366,71c3836d-c92c-4a50-ab85-87c986635583
4597,65,e371e51b-cb0b-4299-8038-0ceeeab2bec2,71c3836d-c92c-4a50-ab85-87c986635583
4598,65,bc40d213-cded-413e-9b8f-64a369f1fb98,71c3836d-c92c-4a50-ab85-87c986635583
4599,65,92af7a1f-c940-4658-95eb-be2b7769cbb2,71c3836d-c92c-4a50-ab85-87c986635583
4600,65,66eacd76-faf9-4f4b-9efe-4fa221ecc72a,71c3836d-c92c-4a50-ab85-87c986635583
4601,65,19bfd579-a073-4c93-9a97-f4e283b95af8,71c3836d-c92c-4a50-ab85-87c986635583
4602,65,2bc4b2ff-f704-40c0-90fb-997f84ced40d,71c3836d-c92c-4a50-ab85-87c986635583
4603,65,f54440fb-9803-4696-ad46-6767d2b2d854,71c3836d-c92c-4a50-ab85-87c986635583
4604,65,966ec6c4-faec-4c8c-ab2b-82d413ac7186,71c3836d-c92c-4a50-ab85-87c986635583
4605,65,73cd7dd4-6d19-4214-9515-5a87ccd86693,71c3836d-c92c-4a50-ab85-87c986635583
4606,65,296e6447-64a0-4380-8603-c213b1cf06c0,71c3836d-c92c-4a50-ab85-87c986635583
4607,65,5e08bbeb-aac5-4f44-aa16-8ad26efbb729,71c3836d-c92c-4a50-ab85-87c986635583
4608,65,8c5085d9-4668-43d5-8565-c94c67c499ed,71c3836d-c92c-4a50-ab85-87c986635583
4609,65,13806a96-db2c-4f08-ba32-3c8931909e0d,71c3836d-c92c-4a50-ab85-87c986635583
4610,65,bef33899-17e8-4407-8daa-b193d549b0b4,71c3836d-c92c-4a50-ab85-87c986635583
4611,65,5e99556f-25ea-436b-817f-bdac1bebda3a,71c3836d-c92c-4a50-ab85-87c986635583
4612,65,ccb92900-da7b-4886-851f-de491c2dd549,71c3836d-c92c-4a50-ab85-87c986635583
4613,65,f0a1760b-3a75-46a4-926e-44f08cc98180,71c3836d-c92c-4a50-ab85-87c986635583
4614,65,cdd964b9-2715-4971-aab1-9197d78e7160,71c3836d-c92c-4a50-ab85-87c986635583
4615,65,ef645a03-3cad-4a28-b4b0-8f67e98c6ce2,71c3836d-c92c-4a50-ab85-87c986635583
4616,28,1bf09c82-044f-4657-a441-e0f4f2f6a972,640ff5f6-c924-4484-811a-93df1f274cc9
4617,28,2d36c580-1f39-4cbb-9238-f4923d2d8fbd,640ff5f6-c924-4484-811a-93df1f274cc9
4618,28,fc523c0b-3038-45f5-9e03-dc74c1c65381,640ff5f6-c924-4484-811a-93df1f274cc9
4619,28,6055edb6-3abb-4293-9275-bf75fc9daee5,640ff5f6-c924-4484-811a-93df1f274cc9
4620,28,3816e132-9fb0-4e4e-b86e-0263090302ce,640ff5f6-c924-4484-811a-93df1f274cc9
4621,28,62e7cc75-8a7f-4409-bbb0-4d3d9787f311,640ff5f6-c924-4484-811a-93df1f274cc9
4622,28,2c263e23-2127-4519-94bd-f54c0bac2f34,640ff5f6-c924-4484-811a-93df1f274cc9
4623,28,f0f68d79-d960-4fd8-880a-a4ec2138a325,640ff5f6-c924-4484-811a-93df1f274cc9
4624,28,27522f20-5640-490f-96a7-774b821ff571,640ff5f6-c924-4484-811a-93df1f274cc9
4625,28,baa0d388-a211-4072-afeb-bfcc092e4370,640ff5f6-c924-4484-811a-93df1f274cc9
4626,28,7eb099cc-b491-4509-8fcc-f92a4392fa07,640ff5f6-c924-4484-811a-93df1f274cc9
4627,28,6c8e2a97-7abf-40a4-8e78-70ecf9012860,640ff5f6-c924-4484-811a-93df1f274cc9
4628,28,1dcfa1fd-3183-469a-86d1-1fb1fbdb05ea,640ff5f6-c924-4484-811a-93df1f274cc9
4629,28,3370ea94-920b-4cd0-a29a-c6fa0fbae4b2,640ff5f6-c924-4484-811a-93df1f274cc9
4630,28,18aedfba-8652-4c34-974a-e7f8ca387ed4,640ff5f6-c924-4484-811a-93df1f274cc9
4631,28,788929fd-e426-4d2a-824d-a98a6db972d1,640ff5f6-c924-4484-811a-93df1f274cc9
4632,28,ff81684f-c1a2-4448-83e0-da167163ff8c,640ff5f6-c924-4484-811a-93df1f274cc9
4633,28,798e17ec-dac5-45c0-84fe-5694a989b31f,640ff5f6-c924-4484-811a-93df1f274cc9
4634,28,69bde6dd-6b3a-40c5-ab21-c7af80bb853f,640ff5f6-c924-4484-811a-93df1f274cc9
4635,28,81f0cf29-47de-49d0-8eee-675375feb8e6,640ff5f6-c924-4484-811a-93df1f274cc9
4636,28,9d797a39-b268-477f-b2e0-972e91ccf101,640ff5f6-c924-4484-811a-93df1f274cc9
4637,28,79907acf-0ae8-418d-9097-78619d68683d,640ff5f6-c924-4484-811a-93df1f274cc9
4638,21,bae02f34-8985-44cb-a32f-3830d4ea5fc3,d0afac79-d069-449f-abb6-c18974f09fba
4638,28,bae02f34-8985-44cb-a32f-3830d4ea5fc3,640ff5f6-c924-4484-811a-93df1f274cc9
4639,28,aa040f52-4666-4ef2-a05a-95496aed000b,640ff5f6-c924-4484-811a-93df1f274cc9
4640,28,b31b5e69-2e5b-4402-bb4b-d9b879671521,640ff5f6-c924-4484-811a-93df1f274cc9
4641,28,e76f503b-3921-402b-92b8-9c86ef765789,640ff5f6-c924-4484-811a-93df1f274cc9
4642,28,a918ae17-784a-404d-8aa7-dee4f9565d20,640ff5f6-c924-4484-811a-93df1f274cc9
4643,28,72905cf9-c7f8-44ad-8cf6-381579f6e4a2,640ff5f6-c924-4484-811a-93df1f274cc9
4645,28,ae8466a1-c2d5-466e-bff8-a59e5a451e8d,640ff5f6-c924-4484-811a-93df1f274cc9
4646,28,e1eec18b-2b2f-4535-926d-8f7c0f622e5d,640ff5f6-c924-4484-811a-93df1f274cc9
4647,28,9cd1a200-63f4-45d7-8e80-3926006b698a,640ff5f6-c924-4484-811a-93df1f274cc9
4648,28,31b6ef24-f2ef-4dea-9aa3-84b5e68bdb66,640ff5f6-c924-4484-811a-93df1f274cc9
4649,28,84275fe6-74d0-4ee1-96b2-bd29d11b5778,640ff5f6-c924-4484-811a-93df1f274cc9
4650,28,6e315463-1aa3-4dfb-a84b-289d54c1d430,640ff5f6-c924-4484-811a-93df1f274cc9
4651,28,0d54749c-ad6f-486e-8b7e-0c75ab3095f5,640ff5f6-c924-4484-811a-93df1f274cc9
4652,28,8941b813-5626-49d1-8d43-39d1f5b98842,640ff5f6-c924-4484-811a-93df1f274cc9
4653,28,63ea5ce6-e66e-40ad-bf06-0cc903948285,640ff5f6-c924-4484-811a-93df1f274cc9
4654,28,60968af3-9dbb-4087-8b30-2f11f0eac382,640ff5f6-c924-4484-811a-93df1f274cc9
4655,28,abce666e-f5ca-4c17-addf-b0f33b4e421e,640ff5f6-c924-4484-811a-93df1f274cc9
4656,28,fce8d227-3b19-4610-8947-822b6712c110,640ff5f6-c924-4484-811a-93df1f274cc9
4657,28,cb8bee7e-1d5f-4845-8cbe-fa0c108e520e,640ff5f6-c924-4484-811a-93df1f274cc9
4658,28,0f7688a2-68e0-4e55-946a-e0e84fe62dd6,640ff5f6-c924-4484-811a-93df1f274cc9
4659,28,116efe27-ba22-47a7-82e2-219cd876c3ad,640ff5f6-c924-4484-811a-93df1f274cc9
4660,28,2dccc29f-0081-47b8-90df-8e3ef9c81a4b,640ff5f6-c924-4484-811a-93df1f274cc9
4661,28,92deb1fd-c484-44a8-8f53-6f74515c58c1,640ff5f6-c924-4484-811a-93df1f274cc9
4662,28,85ac32e0-3b89-4fe2-a11a-9cd98e086a61,640ff5f6-c924-4484-811a-93df1f274cc9
4663,28,4f645885-d6dc-4a8f-89d0-0c82abf3eead,640ff5f6-c924-4484-811a-93df1f274cc9
4664,28,1675a054-0f81-499e-96a4-06bb126dcf62,640ff5f6-c924-4484-811a-93df1f274cc9
4664,81,1675a054-0f81-499e-96a4-06bb126dcf62,46a3a846-0594-4572-bd98-44af98531585
4665,28,5d3f6042-11e5-491d-8f40-051396f5fbb7,640ff5f6-c924-4484-811a-93df1f274cc9
4666,28,ef0f8f96-8e0b-4698-86f5-4106ee1a4c65,640ff5f6-c924-4484-811a-93df1f274cc9
4666,40,ef0f8f96-8e0b-4698-86f5-4106ee1a4c65,bc62358e-434a-4b1e-b09d-72e879f7e685
4666,65,ef0f8f96-8e0b-4698-86f5-4106ee1a4c65,71c3836d-c92c-4a50-ab85-87c986635583
4666,124,ef0f8f96-8e0b-4698-86f5-4106ee1a4c65,cce29796-6f71-4a60-bba2-58a4a1fd922a
4666,164,ef0f8f96-8e0b-4698-86f5-4106ee1a4c65,22696324-bb0d-45a4-8201-26ea3bbe9fdc
4667,28,647f1f62-2710-489c-a4de-1b10226141a1,640ff5f6-c924-4484-811a-93df1f274cc9
4668,28,05c153f9-b082-4af5-b7c2-c7ba7c7681e1,640ff5f6-c924-4484-811a-93df1f274cc9
4669,28,bae40f50-6e24-4dde-9b10-5faba2d4ac89,640ff5f6-c924-4484-811a-93df1f274cc9
4670,28,a49c8192-f277-4520-b3bd-fc861c825a16,640ff5f6-c924-4484-811a-93df1f274cc9
4671,28,691cc828-b519-4513-b4a2-27fc40aa9793,640ff5f6-c924-4484-811a-93df1f274cc9
4672,28,62966831-ee3a-4cc8-9a02-c20e3474aaf2,640ff5f6-c924-4484-811a-93df1f274cc9
4673,28,30880e44-8c26-4c56-87a2-ec26550d989e,640ff5f6-c924-4484-811a-93df1f274cc9
4674,28,da7ec6d1-e76b-4f17-9904-bd7d6942cb2c,640ff5f6-c924-4484-811a-93df1f274cc9
4675,28,c06285bf-6be6-4681-88a7-6f6cd2190745,640ff5f6-c924-4484-811a-93df1f274cc9
4676,28,1017993f-ef2c-4037-8ece-70ce800d8df6,640ff5f6-c924-4484-811a-93df1f274cc9
4677,28,e83371e6-fd37-41dd-ab66-576e1551e5a3,640ff5f6-c924-4484-811a-93df1f274cc9
4678,28,5df1240d-8ba8-4102-b5da-91d261b0c66d,640ff5f6-c924-4484-811a-93df1f274cc9
4679,28,d885dcad-9dc4-4583-ac8c-16889b83d9cd,640ff5f6-c924-4484-811a-93df1f274cc9
4680,28,07a9d54f-591c-4435-a0c8-c44406556245,640ff5f6-c924-4484-811a-93df1f274cc9
4681,28,166b0f5f-5ab5-4c1c-bed2-9663e2af1c96,640ff5f6-c924-4484-811a-93df1f274cc9
4683,153,8665fdce-25be-49bd-9bb4-b0980bf92c4f,2f091f27-e43b-43ff-8d25-9edbd3a1c2fe
4684,187,c788c2fe-b485-47b3-8e3b-d96b1588e2d1,5388ccc6-fb1c-4762-8d2d-6b3316b0a2b1
4684,246,c788c2fe-b485-47b3-8e3b-d96b1588e2d1,0c13df62-f42e-40f5-a090-08ca0b806338
4685,252,03b692c9-4c64-4d49-a4c6-52dcb73c8649,b8f7886c-1476-4a7e-ac54-12ab3fdd7fc9
4686,164,616638b5-087e-4271-83ac-384198ffa34d,22696324-bb0d-45a4-8201-26ea3bbe9fdc
4688,40,56ae2849-654c-4376-b3cb-4cf74d381d4e,bc62358e-434a-4b1e-b09d-72e879f7e685
4689,40,4caadd81-bdf0-4060-ad07-1c0c55cc8400,bc62358e-434a-4b1e-b09d-72e879f7e685
4690,40,ebd2880d-eb95-4bc2-ae84-59dc2cd49a1d,bc62358e-434a-4b1e-b09d-72e879f7e685
4691,40,fc23b505-face-4e4f-9b00-af4a49c7b03c,bc62358e-434a-4b1e-b09d-72e879f7e685
4692,40,391afb23-4266-4297-9bfa-d55e4d9e42ec,bc62358e-434a-4b1e-b09d-72e879f7e685
4693,40,3b8ba688-4a02-44f4-9314-560597fda030,bc62358e-434a-4b1e-b09d-72e879f7e685
4694,40,ec2ad4e2-4c97-4b30-972f-42fa6a3fa3f8,bc62358e-434a-4b1e-b09d-72e879f7e685
4695,40,c69dc985-cb46-416e-aaa4-2aa8e7c5fa1f,bc62358e-434a-4b1e-b09d-72e879f7e685
4696,40,2ab84e6f-f31b-458c-a446-dda8c839b504,bc62358e-434a-4b1e-b09d-72e879f7e685
4697,40,5f971e63-41dd-4589-8e8f-31536f913ec6,bc62358e-434a-4b1e-b09d-72e879f7e685
4697,279,5f971e63-41dd-4589-8e8f-31536f913ec6,1a88a251-3cb7-4f11-90a0-5558530cdd81
4697,332,5f971e63-41dd-4589-8e8f-31536f913ec6,b21a810c-3b2e-4151-810f-7f2334f23fe0
4698,40,c1c15a01-5a66-4943-8da1-da4fc654e0c4,bc62358e-434a-4b1e-b09d-72e879f7e685
4699,41,49e239ce-c460-4e33-a659-184db4523e31,e9efde2c-e2eb-4007-9b09-d5e84f47baac
4700,49,69dfc797-ce95-4a68-8b75-1b4b263e4626,8e7b59b7-63d6-484d-9517-c1a74563a05f
4701,49,d82707c9-303d-44a7-bf6d-cb5acffdb080,8e7b59b7-63d6-484d-9517-c1a74563a05f
4702,41,b965912e-8363-43fd-a366-caacc6a929c3,e9efde2c-e2eb-4007-9b09-d5e84f47baac
4703,414,2118e5d6-5ed7-437a-80a2-6d0d2dbf79f1,271f01f4-959a-485b-a9d1-2a459a1ddeeb
4704,41,1f823d08-86ea-469a-9a9d-4c8d47f6b035,e9efde2c-e2eb-4007-9b09-d5e84f47baac
4704,65,1f823d08-86ea-469a-9a9d-4c8d47f6b035,71c3836d-c92c-4a50-ab85-87c986635583
4705,41,329db467-8455-49fb-8767-5d4f8ccac825,e9efde2c-e2eb-4007-9b09-d5e84f47baac
4706,1544,4f9efbe2-6bc9-44df-9a91-1026d69ea178,869bcd14-a85a-4c4c-908c-1f245032e6e3
4707,1544,820268a7-f2ff-4e20-a0b4-7f773f59b543,869bcd14-a85a-4c4c-908c-1f245032e6e3
4708,1544,c84184d8-d601-4ee9-80a4-a9ddee56411d,869bcd14-a85a-4c4c-908c-1f245032e6e3
4709,50,c9ed09a1-6a13-409a-b960-f78996c7e008,7f0b9085-f86b-49d3-ad2f-6561dde3cf97
4710,414,949dff87-5b14-4e4c-be6e-6f4c7ee4dd06,271f01f4-959a-485b-a9d1-2a459a1ddeeb
4711,414,e6c14c0b-8aa2-4fe3-87eb-b3cfe29e99c5,271f01f4-959a-485b-a9d1-2a459a1ddeeb
4712,49,a9928196-4f9f-42b2-8856-e4a5e2568c13,8e7b59b7-63d6-484d-9517-c1a74563a05f
4713,49,b4b0710e-e7a4-4973-b020-547ffd324bfe,8e7b59b7-63d6-484d-9517-c1a74563a05f
4714,49,76e3de23-b8dc-434d-80a1-a5a47b4814e3,8e7b59b7-63d6-484d-9517-c1a74563a05f
4715,49,5f778670-4f03-42ef-869c-9da06eb7ac03,8e7b59b7-63d6-484d-9517-c1a74563a05f
4716,49,77ac3b7e-aeb1-46b7-a643-cfff61d5f22d,8e7b59b7-63d6-484d-9517-c1a74563a05f
4717,49,b8bbd5d7-292b-4d84-b4f8-45dc5be33433,8e7b59b7-63d6-484d-9517-c1a74563a05f
4717,124,b8bbd5d7-292b-4d84-b4f8-45dc5be33433,cce29796-6f71-4a60-bba2-58a4a1fd922a
4718,49,2928bd4d-2640-4928-b649-d0607c290ec0,8e7b59b7-63d6-484d-9517-c1a74563a05f
4719,49,106ddc7c-437c-4277-8d15-b100eb35b1e2,8e7b59b7-63d6-484d-9517-c1a74563a05f
4720,49,99d74ade-a50c-431c-a377-70b9abb76ad7,8e7b59b7-63d6-484d-9517-c1a74563a05f
4721,49,4e9fb749-6932-45f9-8614-9b85fd10dea3,8e7b59b7-63d6-484d-9517-c1a74563a05f
4722,49,9864affc-bef2-4add-a55d-cf3e2a7ca35c,8e7b59b7-63d6-484d-9517-c1a74563a05f
4723,49,1746bcf3-e86e-4e4d-9336-b7f5bbad5cb1,8e7b59b7-63d6-484d-9517-c1a74563a05f
4724,49,bfa88084-89dc-4dc0-a107-344feca484a0,8e7b59b7-63d6-484d-9517-c1a74563a05f
4725,65,3629e3a6-4afc-4edf-b2dd-489fca88037c,71c3836d-c92c-4a50-ab85-87c986635583
4726,65,25476f59-cdf7-4c80-b3ec-7b9b820e21f1,71c3836d-c92c-4a50-ab85-87c986635583
4727,65,a50aae9f-e632-43b0-a49b-6e8a13ce0b88,71c3836d-c92c-4a50-ab85-87c986635583
4728,65,5f1ba94e-a543-4e77-a448-b14ce2a6ad19,71c3836d-c92c-4a50-ab85-87c986635583
4730,65,0b4f09e8-6f72-4a11-a837-f9ea21bfc38d,71c3836d-c92c-4a50-ab85-87c986635583
4731,65,c237c687-095f-4b29-bb27-b5b0aa63cf31,71c3836d-c92c-4a50-ab85-87c986635583
4732,65,bb801f01-589c-4712-a398-775f72b3214f,71c3836d-c92c-4a50-ab85-87c986635583
4733,65,33b71c8d-01ae-40f1-b000-8fa5e5264c66,71c3836d-c92c-4a50-ab85-87c986635583
4734,65,f644b552-a92b-4853-b087-aa5d50873615,71c3836d-c92c-4a50-ab85-87c986635583
4735,65,f8d3f547-efe7-4e37-9731-1b80e3a59b62,71c3836d-c92c-4a50-ab85-87c986635583
4736,65,ce16ea56-f112-4dc2-a775-aedf2b45be15,71c3836d-c92c-4a50-ab85-87c986635583
4737,65,e9a0e267-2d67-4b80-8152-8a83875b4b45,71c3836d-c92c-4a50-ab85-87c986635583
4738,65,8b708e1c-a659-4d1b-8230-808a0cfccf89,71c3836d-c92c-4a50-ab85-87c986635583
4739,65,5295b0db-6a41-4a2f-b083-305eb745af3d,71c3836d-c92c-4a50-ab85-87c986635583
4740,65,85e45e8c-c6fb-4951-8be5-ff60706ebd8d,71c3836d-c92c-4a50-ab85-87c986635583
4741,65,101a15c4-6f7d-477b-a14e-d7a9229a0506,71c3836d-c92c-4a50-ab85-87c986635583
4742,65,d1171253-5cf9-464c-b62e-7b59b0e1b6e0,71c3836d-c92c-4a50-ab85-87c986635583
4743,65,5163a2a6-da00-4af2-a436-5a6ab37c4f36,71c3836d-c92c-4a50-ab85-87c986635583
4744,65,04594c20-0a87-4a75-9d64-c1aa0945a4a3,71c3836d-c92c-4a50-ab85-87c986635583
4745,9,ddd6294b-1114-4ad4-85da-18ecce51a88c,d14906ed-d7ec-4889-9b2d-dcab4ebc44e7
4745,28,ddd6294b-1114-4ad4-85da-18ecce51a88c,640ff5f6-c924-4484-811a-93df1f274cc9
4745,65,ddd6294b-1114-4ad4-85da-18ecce51a88c,71c3836d-c92c-4a50-ab85-87c986635583
4745,124,ddd6294b-1114-4ad4-85da-18ecce51a88c,cce29796-6f71-4a60-bba2-58a4a1fd922a
4746,28,d65f8177-335b-46b8-bc52-aed1daf278f8,640ff5f6-c924-4484-811a-93df1f274cc9
4747,89,25f77dce-4b6d-4f73-ba52-c17c15a7d312,23ba372a-af2d-440f-b8ef-794ef52aa077
4748,89,7d00e0c2-8312-4da6-8e8e-8836eccf0ce5,23ba372a-af2d-440f-b8ef-794ef52aa077
4749,89,17d2826c-0680-4199-9b91-926de078641c,23ba372a-af2d-440f-b8ef-794ef52aa077
4750,89,c63da6d0-e984-41f6-a8e3-1342f32f03e0,23ba372a-af2d-440f-b8ef-794ef52aa077
4751,89,10fe0cac-0786-4533-9f6f-13ffdae917c8,23ba372a-af2d-440f-b8ef-794ef52aa077
4752,89,d035a538-62a7-49f2-bb15-a7060f715d2b,23ba372a-af2d-440f-b8ef-794ef52aa077
4753,89,7670dc48-69bd-493e-90a9-f36910254414,23ba372a-af2d-440f-b8ef-794ef52aa077
4754,89,d8232467-88ef-4f27-b555-520f639c5d0c,23ba372a-af2d-440f-b8ef-794ef52aa077
4755,89,7c34c337-b6ef-4383-a7e7-69b2978e1552,23ba372a-af2d-440f-b8ef-794ef52aa077
4756,89,2879346a-2f26-4daf-aebc-26da3da152a6,23ba372a-af2d-440f-b8ef-794ef52aa077
4757,89,add6b242-4416-4ad9-bd4f-e3fcacb10f86,23ba372a-af2d-440f-b8ef-794ef52aa077
4758,89,74309399-8995-429b-8239-bc26c603559d,23ba372a-af2d-440f-b8ef-794ef52aa077
4759,89,55d9ce54-939b-44db-b366-0c9ba7731573,23ba372a-af2d-440f-b8ef-794ef52aa077
4760,89,5a374a1f-debd-44bf-b217-c6fd8eb5e3d4,23ba372a-af2d-440f-b8ef-794ef52aa077
4761,89,2e1513b0-4881-4456-853f-b1701fcfb6cc,23ba372a-af2d-440f-b8ef-794ef52aa077
4762,89,ce2a1831-c551-4b8f-a94d-41c47f171d1f,23ba372a-af2d-440f-b8ef-794ef52aa077
4763,89,5c12cd60-e62f-41f0-8e58-3b690de7d064,23ba372a-af2d-440f-b8ef-794ef52aa077
4764,89,60b84f9f-2e81-4b2d-b9b5-e9011e4dc811,23ba372a-af2d-440f-b8ef-794ef52aa077
4765,89,fe9fbada-9c08-4282-b68a-22fe5f1eabf5,23ba372a-af2d-440f-b8ef-794ef52aa077
4766,89,d8732265-5dfd-4795-b1de-552a1e56da68,23ba372a-af2d-440f-b8ef-794ef52aa077
4767,89,88208256-4a48-4152-97c0-7f9bea7a18e4,23ba372a-af2d-440f-b8ef-794ef52aa077
4768,89,057cff3f-3bff-4e5a-93f5-06b2b5237ad5,23ba372a-af2d-440f-b8ef-794ef52aa077
4769,89,1dd81615-3d74-40cf-b59a-fe77a385b5e2,23ba372a-af2d-440f-b8ef-794ef52aa077
4770,89,9b1ab84d-8c49-45da-babc-179ebf2030f7,23ba372a-af2d-440f-b8ef-794ef52aa077
4771,89,792a6307-0337-424c-ae3c-c3720e02b9b2,23ba372a-af2d-440f-b8ef-794ef52aa077
4772,89,b15c2d3a-3387-4a1a-9362-afc3964e3152,23ba372a-af2d-440f-b8ef-794ef52aa077
4773,89,de1858d4-e94f-4a86-b283-33abda8ff9b1,23ba372a-af2d-440f-b8ef-794ef52aa077
4774,89,29bc5cb4-95a3-4ff2-905f-1691b2ce4805,23ba372a-af2d-440f-b8ef-794ef52aa077
4775,89,15f78c79-b36d-4673-902f-d16c3f0255e8,23ba372a-af2d-440f-b8ef-794ef52aa077
4776,89,14518a02-e6aa-42ac-9f4f-e3c4bc9e2090,23ba372a-af2d-440f-b8ef-794ef52aa077
4777,89,99b0fb28-521c-4657-88b3-79d4ed831eef,23ba372a-af2d-440f-b8ef-794ef52aa077
4778,18,06c5e952-ceb0-4613-8b95-0f6eb01f88cb,1742965b-91bb-4c4e-b592-7e005ae1c874
4779,179,c4fb53b5-f159-4b52-888c-d4f75c9481d6,617a4cfd-dcaf-40c4-98a9-3d388c7ca4a0
4780,151,7ee37a73-d10c-4b47-b7f2-154d08ea48fd,fe2bc426-db9d-4afc-bc4b-01f296a4ee76
4782,89,5158af59-3306-4de4-b819-9cb1a497edb6,23ba372a-af2d-440f-b8ef-794ef52aa077
4783,65,4d833d23-ec60-453f-ac54-14e016cd33e9,71c3836d-c92c-4a50-ab85-87c986635583
4784,1,62fc501c-6180-4082-98e1-e565149e4c51,b1d49301-fe07-4171-b989-7768419e0373
4785,40,eb5bba1d-28c7-4de6-a06a-b6c3e0271195,bc62358e-434a-4b1e-b09d-72e879f7e685
4785,89,eb5bba1d-28c7-4de6-a06a-b6c3e0271195,23ba372a-af2d-440f-b8ef-794ef52aa077
4785,177,eb5bba1d-28c7-4de6-a06a-b6c3e0271195,04a9c418-a92b-4f1d-820c-5c37512c7927
4785,196,eb5bba1d-28c7-4de6-a06a-b6c3e0271195,e5db0d68-19e5-41fc-83b4-70650e5ff4ed
4786,42,69942fde-7cd1-4446-ab12-69d8ab6885c0,7943dbc7-7395-45ed-ad7d-9b9247b90db0
4787,42,a1f640bc-9521-4fdd-b105-13d1c315a464,7943dbc7-7395-45ed-ad7d-9b9247b90db0
4788,42,6827058f-658c-4aef-abda-8e80671a28cb,7943dbc7-7395-45ed-ad7d-9b9247b90db0
4789,42,0b2a855f-86c3-4c13-86da-13baf5ec83b4,7943dbc7-7395-45ed-ad7d-9b9247b90db0
4790,42,b36100de-84d9-4644-b08e-0bec5511ab17,7943dbc7-7395-45ed-ad7d-9b9247b90db0
4791,42,5ca2cb22-d5eb-411e-98f8-bb315e6bd079,7943dbc7-7395-45ed-ad7d-9b9247b90db0
4792,42,61b9b67e-f6c1-4960-9752-74d44b6f25a5,7943dbc7-7395-45ed-ad7d-9b9247b90db0
4793,42,4d471918-f518-43db-979a-ebff57e9e6a4,7943dbc7-7395-45ed-ad7d-9b9247b90db0
4794,42,6601c951-0cf4-4e38-9285-37ab27889ac5,7943dbc7-7395-45ed-ad7d-9b9247b90db0
4795,42,81ff2e6e-ca54-47b7-bdd2-c11c9e329bbf,7943dbc7-7395-45ed-ad7d-9b9247b90db0
4796,42,7c4232ca-6345-491e-8ba2-ed0b1ccdf9a3,7943dbc7-7395-45ed-ad7d-9b9247b90db0
4797,42,7413f5ef-bb97-4aed-b412-4c4c15383be3,7943dbc7-7395-45ed-ad7d-9b9247b90db0
4798,42,6d721736-6d97-4dba-a34d-ae67e56e2a04,7943dbc7-7395-45ed-ad7d-9b9247b90db0
4800,42,865aefb7-06e8-4b01-af4a-534771c829ac,7943dbc7-7395-45ed-ad7d-9b9247b90db0
4801,42,0f105bfa-6976-41fa-bf79-0d953f03752d,7943dbc7-7395-45ed-ad7d-9b9247b90db0
4802,42,bc105be9-8164-4eaf-85a8-d604772451a8,7943dbc7-7395-45ed-ad7d-9b9247b90db0
4803,42,cdded253-874d-4b68-b713-cd085482cd94,7943dbc7-7395-45ed-ad7d-9b9247b90db0
4804,42,a52255c0-0852-4758-91f4-25188de89510,7943dbc7-7395-45ed-ad7d-9b9247b90db0
4805,42,94f4de9f-2a66-4d28-8923-8f9cb789f64b,7943dbc7-7395-45ed-ad7d-9b9247b90db0
4806,42,9ce44da9-8d17-4444-a71a-72fe0eab151d,7943dbc7-7395-45ed-ad7d-9b9247b90db0
4807,42,3fa41504-33aa-47bb-aedc-78320a885057,7943dbc7-7395-45ed-ad7d-9b9247b90db0
4808,1493,0c03d0c7-0610-408e-af29-de2f79077e59,0e513df6-e201-4874-867f-249debc40d50
4809,1493,5faef38c-8e8c-4ded-994d-7aac181849d1,0e513df6-e201-4874-867f-249debc40d50
4811,42,a6488987-797c-47ff-9054-d3da7d8816ea,7943dbc7-7395-45ed-ad7d-9b9247b90db0
4812,42,85e2085e-c117-4261-b517-ab03c3ee0fcc,7943dbc7-7395-45ed-ad7d-9b9247b90db0
4813,194,0252026a-e85c-4f30-ab04-15d8739e905a,f8036622-785a-4070-8583-3e38742a8bd3
4814,1493,3cfccb2d-ab6a-4fda-bfa0-59259806d72f,0e513df6-e201-4874-867f-249debc40d50
4815,1493,333190ee-4e18-483f-9b3f-d7866cdf656a,0e513df6-e201-4874-867f-249debc40d50
4816,1493,7bbd2251-81f7-409f-be9b-61bcf7f572b4,0e513df6-e201-4874-867f-249debc40d50
4817,1493,c0c30701-5444-45db-9b76-595ec8f2b304,0e513df6-e201-4874-867f-249debc40d50
4818,1493,15f30de1-d579-4959-823a-a6304c3bc8e2,0e513df6-e201-4874-867f-249debc40d50
4819,1493,6ea320c7-78a6-4389-989a-f7c42d1b746b,0e513df6-e201-4874-867f-249debc40d50
4820,1493,e29893fe-3fd1-4a92-8369-37630e71d469,0e513df6-e201-4874-867f-249debc40d50
4821,1493,48be855e-77e1-4811-b947-9901001c0110,0e513df6-e201-4874-867f-249debc40d50
4822,1493,f3f59853-a29d-459c-832b-3ee930fd4c00,0e513df6-e201-4874-867f-249debc40d50
4823,1493,b7b88585-731e-4229-abec-0298ba4bf88e,0e513df6-e201-4874-867f-249debc40d50
4824,1493,04a8b787-2a34-4820-b546-5d210ae748f7,0e513df6-e201-4874-867f-249debc40d50
4825,1493,285614c7-6452-4439-b4e7-bbdde22c03d2,0e513df6-e201-4874-867f-249debc40d50
4826,1493,711808f6-6c49-46f1-b70a-4ff93e2e9879,0e513df6-e201-4874-867f-249debc40d50
4827,408,53d498ae-d396-45b9-a88a-85aa067f8f62,c7d600dc-8aae-4b43-9272-760fae6c72c8
4828,408,11643406-ac86-440c-b160-d53d9eeefd75,c7d600dc-8aae-4b43-9272-760fae6c72c8
4830,408,aad580ac-593b-405d-a167-fe3f07cdc414,c7d600dc-8aae-4b43-9272-760fae6c72c8
4831,408,f324e853-933d-4380-ba7d-855bc56f1f56,c7d600dc-8aae-4b43-9272-760fae6c72c8
4832,408,9f93edb0-5ae1-4d67-b0a2-b125b2689bae,c7d600dc-8aae-4b43-9272-760fae6c72c8
4833,21,e412d1e3-6cb9-4daa-ba9f-24f2a70f6146,d0afac79-d069-449f-abb6-c18974f09fba
4833,408,e412d1e3-6cb9-4daa-ba9f-24f2a70f6146,c7d600dc-8aae-4b43-9272-760fae6c72c8
4834,408,389903a5-c071-4222-ba25-733ce5b9be7d,c7d600dc-8aae-4b43-9272-760fae6c72c8
4835,408,bafe44d3-0ae2-40a3-aa39-40efafe8e8c3,c7d600dc-8aae-4b43-9272-760fae6c72c8
4836,408,ec4a440d-3346-4555-9cca-f0e00ff48e2a,c7d600dc-8aae-4b43-9272-760fae6c72c8
4837,34,d685b1aa-5048-42ac-ab2f-7af98f9f3a4e,728ba25f-56f0-49c7-aad3-cee18e334c2b
4837,230,d685b1aa-5048-42ac-ab2f-7af98f9f3a4e,39a06e4a-d409-47fc-890f-3100b6861f45
4837,408,d685b1aa-5048-42ac-ab2f-7af98f9f3a4e,c7d600dc-8aae-4b43-9272-760fae6c72c8
4838,408,5e18ab70-3559-4aff-a062-210682f7df01,c7d600dc-8aae-4b43-9272-760fae6c72c8
4839,408,3c22cbee-1ff7-459d-9583-a933a9e74a9c,c7d600dc-8aae-4b43-9272-760fae6c72c8
4840,408,533b4b9c-db73-464f-bdda-84d7df6ae065,c7d600dc-8aae-4b43-9272-760fae6c72c8
4841,408,8fca628d-2afd-49e6-bdfc-11eb7d96b7b8,c7d600dc-8aae-4b43-9272-760fae6c72c8
4842,408,46eb2286-3212-4e4b-b686-60206026581c,c7d600dc-8aae-4b43-9272-760fae6c72c8
4845,1543,426225d2-16a2-4f4d-bc17-67aa33ad6ec3,43e9effe-b26f-4e29-b36a-bf6dca01847f
4846,1547,45c3e1bc-f9f0-4d4f-8c61-2b7885d7307e,a17a7155-6798-483c-a161-3bdedfa0e105
4847,282,254c7ab6-d65e-4c68-8cbc-7352e66e448a,648f569b-573c-491d-a6f4-c20f5f9d6bec
4848,1548,07aa9814-bbf5-4ebd-a249-2d063519d44a,b6c0de0b-a9eb-4e31-9be1-409c4926eb09
4850,58,d2fb37c9-79fa-4574-9710-70997edcef4d,8a6b49c5-b377-4f5d-b0e8-9a7b626efb3c
4851,1549,63767745-52da-41cf-8b87-4976b8521aeb,f8ff1bb9-51ea-4a7a-b0cc-d7c9eaac5fa1
4852,368,7836f1b8-7ceb-414a-ae1a-3c6ab3e2e3f9,49f8e238-2f7f-4339-9a92-39d4bb28a19a
4854,368,7fdee1fd-4dc5-49cc-b1ca-517902a1d090,49f8e238-2f7f-4339-9a92-39d4bb28a19a
4856,368,b4727477-56e9-4de5-aa34-57332ff1a0ad,49f8e238-2f7f-4339-9a92-39d4bb28a19a
4857,1,676789bd-5607-4520-89ba-63b430f9f5f2,b1d49301-fe07-4171-b989-7768419e0373
4858,1550,8f91fe10-2098-4f39-aa6d-012468fbd86e,c0bbb579-18ea-4a3d-9764-fa7a5c5390e7
4859,34,01cc22c6-55d8-4cc6-ba20-72065c768164,728ba25f-56f0-49c7-aad3-cee18e334c2b
4861,12,75a1e87f-0988-4171-9f34-9145df556e64,d5670874-8030-4367-bddd-f202455e164b
4861,13,75a1e87f-0988-4171-9f34-9145df556e64,828c8fb0-2da9-4391-a674-aa5f33fcfaab
4862,34,711d320c-160c-45cb-982a-57350f2bd5a0,728ba25f-56f0-49c7-aad3-cee18e334c2b
4864,1551,f37bceb3-2714-479e-a275-3c201edb53c5,be3de188-d823-48a2-babc-c64b4dc13fb9
4866,317,a58b6f54-3dc5-44e0-9470-7c846fbac7dc,e537790d-92f1-498a-8aa8-99092f013857
4867,317,c3fa72d7-6e27-4f81-a24b-aa991b2577a8,e537790d-92f1-498a-8aa8-99092f013857
4868,317,eeaa0566-7273-4481-a05b-9b97f88df458,e537790d-92f1-498a-8aa8-99092f013857
4869,379,c8b3c7a2-afe2-4af6-a987-80f56b224037,92e8b438-8846-449c-ac25-b0b56f348abc
4870,155,74983de9-73bd-4721-ae35-2ab488bec8e2,c29da24a-aa6b-4c32-bef8-8fcb970c47b3
4871,155,c6a0079c-4cd4-4b24-a916-cca80ca580cf,c29da24a-aa6b-4c32-bef8-8fcb970c47b3
4872,155,af80abe9-a4f9-49bb-a55c-dc680bf7f0e6,c29da24a-aa6b-4c32-bef8-8fcb970c47b3
4873,155,73470d4e-6cb3-41ea-8398-4b2120402045,c29da24a-aa6b-4c32-bef8-8fcb970c47b3
4875,155,03a559c5-2065-420f-94c0-65a30ba394f5,c29da24a-aa6b-4c32-bef8-8fcb970c47b3
4876,155,651f2b3c-c619-4b07-9c1b-56c1f35c9eb5,c29da24a-aa6b-4c32-bef8-8fcb970c47b3
4877,155,e6fbb7e2-3696-4a6e-8c4c-679a4d21bb17,c29da24a-aa6b-4c32-bef8-8fcb970c47b3
4878,155,02102214-f9d2-4073-82e0-70b100e526d6,c29da24a-aa6b-4c32-bef8-8fcb970c47b3
4879,155,c7860899-2a51-4fe3-b228-f5b3da80c499,c29da24a-aa6b-4c32-bef8-8fcb970c47b3
4880,155,776fba5f-5b2e-4c84-92a4-9ccc1fbe1a4b,c29da24a-aa6b-4c32-bef8-8fcb970c47b3
4881,89,fc64b169-59e2-4906-b800-0631533ca9e9,23ba372a-af2d-440f-b8ef-794ef52aa077
4882,155,126a4dfe-12bb-4a94-8cc8-5caf3c00a8d9,c29da24a-aa6b-4c32-bef8-8fcb970c47b3
4883,155,ee16a4d2-d67c-491b-a32f-fc5d61e61e35,c29da24a-aa6b-4c32-bef8-8fcb970c47b3
4884,155,7f2ef5c2-e79a-4a05-a219-a37f30c3dfc8,c29da24a-aa6b-4c32-bef8-8fcb970c47b3
4885,155,aadf24df-cf39-460f-8868-396b94194939,c29da24a-aa6b-4c32-bef8-8fcb970c47b3
4886,155,fcbd8b80-caf5-4269-a6ac-3b3d5d406e31,c29da24a-aa6b-4c32-bef8-8fcb970c47b3
4887,155,c7bbbc42-55dd-45eb-9b53-55595531d1a4,c29da24a-aa6b-4c32-bef8-8fcb970c47b3
4888,155,30118f76-7f3f-479b-96d1-5cdaf5d281b3,c29da24a-aa6b-4c32-bef8-8fcb970c47b3
4889,155,b6244d1e-5eff-4cb0-b9fe-672d7530b17f,c29da24a-aa6b-4c32-bef8-8fcb970c47b3
4890,155,66bb7f8c-1ca0-4508-9855-5cff25dca90f,c29da24a-aa6b-4c32-bef8-8fcb970c47b3
4891,155,e50905bd-7e29-45fb-8ebd-0de113ce6cf3,c29da24a-aa6b-4c32-bef8-8fcb970c47b3
4891,175,e50905bd-7e29-45fb-8ebd-0de113ce6cf3,5af64a9f-5bc3-4d23-858a-37d42f54a257
4892,155,020ce451-79fb-4354-b042-94940cb6a5a9,c29da24a-aa6b-4c32-bef8-8fcb970c47b3
4893,155,cdc57443-1a23-46c0-a20a-cecf468cca89,c29da24a-aa6b-4c32-bef8-8fcb970c47b3
4894,155,b48d4f96-12c8-4cad-8ed7-66446de63ec0,c29da24a-aa6b-4c32-bef8-8fcb970c47b3
4895,155,cd9ad6e7-ef91-4394-b77a-f783935dc792,c29da24a-aa6b-4c32-bef8-8fcb970c47b3
4896,155,191c5d8a-52bb-4c7d-861d-bf213e03a5bc,c29da24a-aa6b-4c32-bef8-8fcb970c47b3
4897,155,1c6efe53-e9ff-4983-8f79-567b2e305b80,c29da24a-aa6b-4c32-bef8-8fcb970c47b3
4898,155,be62a0f8-3230-4b89-968c-d8ebae3e6eb4,c29da24a-aa6b-4c32-bef8-8fcb970c47b3
4900,155,8f1f4e1f-93bd-4f75-9c55-2ba30d399992,c29da24a-aa6b-4c32-bef8-8fcb970c47b3
4901,155,6eb8163e-07b1-4423-aba6-86cdc3dc8c8f,c29da24a-aa6b-4c32-bef8-8fcb970c47b3
4902,155,3f2a28fb-7ba2-4714-9905-8c3475522e1c,c29da24a-aa6b-4c32-bef8-8fcb970c47b3
4903,155,cac8eb3b-d459-48a8-b408-edf9b86058a0,c29da24a-aa6b-4c32-bef8-8fcb970c47b3
4904,155,593fb24f-38dd-4b3c-b0a4-a1dd5d7d2494,c29da24a-aa6b-4c32-bef8-8fcb970c47b3
4905,9,39c71bbc-6991-4915-8ab0-99952d6c3217,d14906ed-d7ec-4889-9b2d-dcab4ebc44e7
4905,49,39c71bbc-6991-4915-8ab0-99952d6c3217,8e7b59b7-63d6-484d-9517-c1a74563a05f
4905,155,39c71bbc-6991-4915-8ab0-99952d6c3217,c29da24a-aa6b-4c32-bef8-8fcb970c47b3
4906,155,2ef8a786-4cbc-4ca1-b4bc-c8407727b407,c29da24a-aa6b-4c32-bef8-8fcb970c47b3
4907,155,5556169c-1484-486a-8290-00c67ce866ac,c29da24a-aa6b-4c32-bef8-8fcb970c47b3
4908,155,858cb204-5119-485e-bb66-5404b093bc54,c29da24a-aa6b-4c32-bef8-8fcb970c47b3
4909,155,275cbdd6-c903-4fbd-91de-6f99fe267871,c29da24a-aa6b-4c32-bef8-8fcb970c47b3
4910,155,ff3aebab-5580-47ab-aa50-c54023845c6e,c29da24a-aa6b-4c32-bef8-8fcb970c47b3
4911,155,e48262f1-fdd2-4c68-b0c7-62fbf637c419,c29da24a-aa6b-4c32-bef8-8fcb970c47b3
4912,155,4e750a73-881e-4e7c-a26a-7b9f6094280b,c29da24a-aa6b-4c32-bef8-8fcb970c47b3
4913,155,a22454dc-ebd3-47a0-8390-f284357c1f91,c29da24a-aa6b-4c32-bef8-8fcb970c47b3
4914,155,7884eb91-2d3f-420e-9a18-d7397e9813f0,c29da24a-aa6b-4c32-bef8-8fcb970c47b3
4915,155,2ac72571-b706-4e2e-8740-31d114483f2d,c29da24a-aa6b-4c32-bef8-8fcb970c47b3
4916,155,03405ac8-e00a-4ea6-b042-23aefd036068,c29da24a-aa6b-4c32-bef8-8fcb970c47b3
4917,381,d9f22fb3-9a62-4bfc-9810-4e49711c4a54,b1af9d74-2781-4547-8454-6f1f793fb60b
4918,381,0653970b-9b95-4bad-ba4a-60a93adf77f8,b1af9d74-2781-4547-8454-6f1f793fb60b
4919,381,58e00f70-364c-4cf7-b4ee-d0a73834160a,b1af9d74-2781-4547-8454-6f1f793fb60b
4920,381,0b3320e5-3a57-4f00-ae0f-46fa89449a73,b1af9d74-2781-4547-8454-6f1f793fb60b
4921,381,46e1c61a-e0ee-4110-94fc-1997766ca52e,b1af9d74-2781-4547-8454-6f1f793fb60b
4922,381,b382d4bb-36ec-415b-8b98-2621f7416635,b1af9d74-2781-4547-8454-6f1f793fb60b
4923,381,0f965b3c-dc6a-4d6f-a527-9e2d11411710,b1af9d74-2781-4547-8454-6f1f793fb60b
4924,381,4c490f1a-bf9b-4d6e-a915-b1e2c50b4772,b1af9d74-2781-4547-8454-6f1f793fb60b
4925,381,8acba997-3d9c-45d8-bef3-11ecee62ac25,b1af9d74-2781-4547-8454-6f1f793fb60b
4926,381,bef845d0-38f2-4902-983c-6d4fea3e5fad,b1af9d74-2781-4547-8454-6f1f793fb60b
4927,381,287eaa48-31db-4e7a-9d74-8cc521633a28,b1af9d74-2781-4547-8454-6f1f793fb60b
4928,381,2ead532f-8af1-4143-a416-e703580d369f,b1af9d74-2781-4547-8454-6f1f793fb60b
4929,381,eba547a5-76e2-4898-b020-4462e38444fb,b1af9d74-2781-4547-8454-6f1f793fb60b
4930,381,8958033f-7581-4cf3-967c-9bb19dc7e4cf,b1af9d74-2781-4547-8454-6f1f793fb60b
4931,155,e98eec0d-3282-4a0e-92a4-14cc66183165,c29da24a-aa6b-4c32-bef8-8fcb970c47b3
4932,155,5e255367-eff4-4d99-b868-ab6fc0427cf7,c29da24a-aa6b-4c32-bef8-8fcb970c47b3
4933,155,a4e151d2-96f3-4f70-a05e-7a70fcf4c6f7,c29da24a-aa6b-4c32-bef8-8fcb970c47b3
4934,155,eb35cfb3-a911-4b0e-a72f-f469510242e2,c29da24a-aa6b-4c32-bef8-8fcb970c47b3
4935,381,a380d7fc-fe33-4406-89c6-a34af213c7fe,b1af9d74-2781-4547-8454-6f1f793fb60b
4936,155,2aeec649-18fa-429c-a281-44242537689a,c29da24a-aa6b-4c32-bef8-8fcb970c47b3
4937,155,ca891f4e-17c3-41c5-96ea-4037cdddd22b,c29da24a-aa6b-4c32-bef8-8fcb970c47b3
4938,155,544fdeb9-478d-4f90-8d4a-627ec7118f38,c29da24a-aa6b-4c32-bef8-8fcb970c47b3
4939,381,61f101c0-4a8d-4ab3-b575-41f1eb421f2b,b1af9d74-2781-4547-8454-6f1f793fb60b
4940,381,f1c49b7f-cfd3-4ab2-9e94-1805cbd7267f,b1af9d74-2781-4547-8454-6f1f793fb60b
4941,381,e0dbb48f-54a1-4573-b179-a4eb2753c199,b1af9d74-2781-4547-8454-6f1f793fb60b
4942,1,4d81510c-7230-4f86-96cb-1d0058cbe39b,b1d49301-fe07-4171-b989-7768419e0373
4942,381,4d81510c-7230-4f86-96cb-1d0058cbe39b,b1af9d74-2781-4547-8454-6f1f793fb60b
4943,65,1e446f71-3f27-4ee0-af79-3d769941f70b,71c3836d-c92c-4a50-ab85-87c986635583
4943,175,1e446f71-3f27-4ee0-af79-3d769941f70b,5af64a9f-5bc3-4d23-858a-37d42f54a257
4943,293,1e446f71-3f27-4ee0-af79-3d769941f70b,76d27797-08ed-44a0-8727-6aced26b594b
4943,346,1e446f71-3f27-4ee0-af79-3d769941f70b,1d4b523b-3d81-4a6a-bf18-28d1f4010425
4944,162,d0736679-3238-4cd1-a46e-28dcabfa90dc,b5f24c2f-60b1-4a00-98c8-c025702f1644
4945,124,6d526414-b4ac-49cd-8920-804404636b6a,cce29796-6f71-4a60-bba2-58a4a1fd922a
4946,124,3afcdccb-05d9-4d42-9ce5-9afaf7bb12fd,cce29796-6f71-4a60-bba2-58a4a1fd922a
4946,190,3afcdccb-05d9-4d42-9ce5-9afaf7bb12fd,c80f962f-6090-4fe5-b2b6-5147e6c843df
4947,124,86571405-2328-49f5-bf8d-912a9c2af033,cce29796-6f71-4a60-bba2-58a4a1fd922a
4948,124,557583d3-27a1-444a-81cf-be23caed483f,cce29796-6f71-4a60-bba2-58a4a1fd922a
4948,153,557583d3-27a1-444a-81cf-be23caed483f,2f091f27-e43b-43ff-8d25-9edbd3a1c2fe
4949,124,9ffdc640-09d1-4064-a4c5-3cbcfaf53f1a,cce29796-6f71-4a60-bba2-58a4a1fd922a
4950,124,aec5e724-8903-43f3-850d-697adcdc0723,cce29796-6f71-4a60-bba2-58a4a1fd922a
4951,124,623fab6d-553e-4a37-a46f-c9391ae19ff5,cce29796-6f71-4a60-bba2-58a4a1fd922a
4951,153,623fab6d-553e-4a37-a46f-c9391ae19ff5,2f091f27-e43b-43ff-8d25-9edbd3a1c2fe
4952,124,637f9356-36bb-46d6-b11c-8fdfba9bf2e6,cce29796-6f71-4a60-bba2-58a4a1fd922a
4953,124,2ffb83a3-7d4f-45cc-8a28-c2d86be2954b,cce29796-6f71-4a60-bba2-58a4a1fd922a
4954,124,54bab1e1-ea62-454c-988f-4097e05cb4d0,cce29796-6f71-4a60-bba2-58a4a1fd922a
4955,124,5c6198dc-3737-4d04-a16e-b7883b963b09,cce29796-6f71-4a60-bba2-58a4a1fd922a
4956,124,ebd7c9cd-c418-49ba-935e-f8e51f995106,cce29796-6f71-4a60-bba2-58a4a1fd922a
4957,124,fab283e1-08c0-4f9d-a5bb-103b528a608b,cce29796-6f71-4a60-bba2-58a4a1fd922a
4959,124,a786bbdf-d1f9-4a56-b680-73060f844fb4,cce29796-6f71-4a60-bba2-58a4a1fd922a
4960,124,4e21bf0c-b075-4e15-9014-ff1922aaa765,cce29796-6f71-4a60-bba2-58a4a1fd922a
4961,124,6abc40bb-396c-4744-a2a4-12527ac96b6f,cce29796-6f71-4a60-bba2-58a4a1fd922a
4962,124,115e4844-a929-4612-8745-cae230f31167,cce29796-6f71-4a60-bba2-58a4a1fd922a
4963,124,507105fa-f61c-40fd-bbc0-cd3b195b2b40,cce29796-6f71-4a60-bba2-58a4a1fd922a
4964,124,81322aa9-f72e-406a-ad87-1274aedca38f,cce29796-6f71-4a60-bba2-58a4a1fd922a
4965,124,f22a9b03-4cae-4263-996a-e975a8d9d6c6,cce29796-6f71-4a60-bba2-58a4a1fd922a
4966,124,0bcbabc7-76ff-4975-be73-dfb9664a3df4,cce29796-6f71-4a60-bba2-58a4a1fd922a
4967,124,395324d8-d613-4ad0-9184-27dabbcef95a,cce29796-6f71-4a60-bba2-58a4a1fd922a
4968,124,213eba82-0e75-42c3-88fb-44087ced4b74,cce29796-6f71-4a60-bba2-58a4a1fd922a
4969,124,a83c12ff-1aa5-406b-8fab-cd20f5159521,cce29796-6f71-4a60-bba2-58a4a1fd922a
4970,124,fea56d7e-36b2-4976-9e3f-1ce658085d5e,cce29796-6f71-4a60-bba2-58a4a1fd922a
4971,124,ccbc053f-819e-4786-a742-18b96890edb1,cce29796-6f71-4a60-bba2-58a4a1fd922a
4972,124,ecd78daf-eea1-483c-9f72-31a3fd205eb9,cce29796-6f71-4a60-bba2-58a4a1fd922a
4973,124,89723c32-291a-4a71-85cf-9999646504e4,cce29796-6f71-4a60-bba2-58a4a1fd922a
4974,124,ce9891f9-6a16-44fd-8219-39d06044518b,cce29796-6f71-4a60-bba2-58a4a1fd922a
4975,124,0c0310b5-7384-479d-acbd-d802c3992952,cce29796-6f71-4a60-bba2-58a4a1fd922a
4976,124,a91d5653-f6ea-4038-aa45-65da90d8afcf,cce29796-6f71-4a60-bba2-58a4a1fd922a
4977,124,54728b24-f47b-4e69-95e2-5896ab352b49,cce29796-6f71-4a60-bba2-58a4a1fd922a
4978,124,0f5deba5-4f40-4c6c-bc28-c5ce553d2768,cce29796-6f71-4a60-bba2-58a4a1fd922a
4979,124,9472fbf4-7758-4388-a532-cd5a8d1793ff,cce29796-6f71-4a60-bba2-58a4a1fd922a
4980,124,1f2f1c19-9d8d-47ac-82b1-df72b1721ec3,cce29796-6f71-4a60-bba2-58a4a1fd922a
4981,124,51fc81a0-ab3e-4335-9598-40ae1785e8b5,cce29796-6f71-4a60-bba2-58a4a1fd922a
4983,124,df04a822-0cca-43cc-814c-d5691ff330fb,cce29796-6f71-4a60-bba2-58a4a1fd922a
4984,28,8a0fc502-3793-4591-ba1b-49b8e47ff23d,640ff5f6-c924-4484-811a-93df1f274cc9
4984,117,8a0fc502-3793-4591-ba1b-49b8e47ff23d,decee226-8684-4491-8c02-f0746c6bb6ac
4984,124,8a0fc502-3793-4591-ba1b-49b8e47ff23d,cce29796-6f71-4a60-bba2-58a4a1fd922a
4985,124,647e3eda-dcb6-47fc-91e4-36967315befe,cce29796-6f71-4a60-bba2-58a4a1fd922a
4986,124,5e6fc906-aaa1-487b-b174-346cc2e863ee,cce29796-6f71-4a60-bba2-58a4a1fd922a
4987,124,fd279e6c-ad2d-48cd-8a10-1e5753214286,cce29796-6f71-4a60-bba2-58a4a1fd922a
4988,124,9b51c9f9-d25d-4e67-949b-32e3b498217d,cce29796-6f71-4a60-bba2-58a4a1fd922a
4989,124,a69da856-858b-4da1-b4a5-3049b7011840,cce29796-6f71-4a60-bba2-58a4a1fd922a
4990,124,8cfc86a9-6124-4bf4-b8b1-04257352c383,cce29796-6f71-4a60-bba2-58a4a1fd922a
4991,42,a86043d4-d9b4-4173-870e-47b2ec35536e,7943dbc7-7395-45ed-ad7d-9b9247b90db0
4991,65,a86043d4-d9b4-4173-870e-47b2ec35536e,71c3836d-c92c-4a50-ab85-87c986635583
4991,89,a86043d4-d9b4-4173-870e-47b2ec35536e,23ba372a-af2d-440f-b8ef-794ef52aa077
4991,124,a86043d4-d9b4-4173-870e-47b2ec35536e,cce29796-6f71-4a60-bba2-58a4a1fd922a
4991,155,a86043d4-d9b4-4173-870e-47b2ec35536e,c29da24a-aa6b-4c32-bef8-8fcb970c47b3
4991,177,a86043d4-d9b4-4173-870e-47b2ec35536e,04a9c418-a92b-4f1d-820c-5c37512c7927
4991,196,a86043d4-d9b4-4173-870e-47b2ec35536e,e5db0d68-19e5-41fc-83b4-70650e5ff4ed
4991,319,a86043d4-d9b4-4173-870e-47b2ec35536e,10a617e2-a747-4cfc-811b-9c0a04640370
4992,124,32aba08e-d001-49af-bc92-f0b4692e0745,cce29796-6f71-4a60-bba2-58a4a1fd922a
4993,44,de8d3815-3013-4b11-8911-b4cf10273a0a,e0d57de9-43eb-49d4-8cec-367087420e8b
4994,162,5dbc7f1c-29b5-41c5-9a83-b7a1e821f389,b5f24c2f-60b1-4a00-98c8-c025702f1644
4995,44,22136618-5ef2-4d4a-bca7-0ee36be16288,e0d57de9-43eb-49d4-8cec-367087420e8b
4996,21,d8642f75-e6fb-484a-a45e-1b58e598ef2c,d0afac79-d069-449f-abb6-c18974f09fba
4997,21,7f5617cc-dc95-4743-abe6-4d81ed0168d6,d0afac79-d069-449f-abb6-c18974f09fba
4998,21,14b123bb-5eea-4f63-b7f6-936872fbb17c,d0afac79-d069-449f-abb6-c18974f09fba
4999,21,e8d5fe13-4ed7-4c09-b5a8-9c82da769de7,d0afac79-d069-449f-abb6-c18974f09fba
5000,21,63c64994-e9f6-4412-bf0b-2a22a3a61905,d0afac79-d069-449f-abb6-c18974f09fba
5001,21,6b80c602-a5f8-4400-a68e-ace3cbb5f184,d0afac79-d069-449f-abb6-c18974f09fba
5002,21,5919f61b-9ae8-4139-b0e3-592a41f23ef6,d0afac79-d069-449f-abb6-c18974f09fba
5003,21,d2593c15-9205-4be4-b538-4c34b3b7bcbd,d0afac79-d069-449f-abb6-c18974f09fba
5003,118,d2593c15-9205-4be4-b538-4c34b3b7bcbd,8bc215bc-cf61-4abe-8ea7-cad04832a04a
5004,21,8ff966dd-79d6-44a9-90d2-c9a9b59be20a,d0afac79-d069-449f-abb6-c18974f09fba
5005,21,f4f61845-613c-4744-b36b-c646860fe050,d0afac79-d069-449f-abb6-c18974f09fba
5006,21,5944f20a-61ab-4f01-bcf1-be61957fa0c0,d0afac79-d069-449f-abb6-c18974f09fba
5007,21,88ce7573-3aca-43f6-992b-6e2612f70e62,d0afac79-d069-449f-abb6-c18974f09fba
5008,21,2701a774-2086-4a12-b302-937ccab69be4,d0afac79-d069-449f-abb6-c18974f09fba
5009,21,5d67564e-ee1d-487b-80c8-adb2780fda1e,d0afac79-d069-449f-abb6-c18974f09fba
5010,21,ff4588bb-ee9e-4d33-8c71-673218fb7ff0,d0afac79-d069-449f-abb6-c18974f09fba
5011,21,2af75ef1-a603-47d3-83dd-a818bbb1d6ce,d0afac79-d069-449f-abb6-c18974f09fba
5012,21,c746a831-eea0-4bea-bc11-2632cebde135,d0afac79-d069-449f-abb6-c18974f09fba
5013,21,b8672f57-947d-4901-b653-33189438d9e0,d0afac79-d069-449f-abb6-c18974f09fba
5014,21,225ff37c-075e-49ed-b212-bd299a83a7ef,d0afac79-d069-449f-abb6-c18974f09fba
5015,21,657411bd-83ca-47d7-865f-eed562c0860f,d0afac79-d069-449f-abb6-c18974f09fba
5016,21,0a1e6df3-9527-42c9-bd2b-72552cfec8db,d0afac79-d069-449f-abb6-c18974f09fba
5018,21,42660fa4-8d2c-4632-abcf-9afc56878313,d0afac79-d069-449f-abb6-c18974f09fba
5019,21,19de9083-84c7-4e09-be05-8c703854105a,d0afac79-d069-449f-abb6-c18974f09fba
5020,21,d0b58ff9-8b15-4cad-b365-9891fb69d528,d0afac79-d069-449f-abb6-c18974f09fba
5021,21,eef8a34c-3763-46b2-8e43-03ff3e4608a7,d0afac79-d069-449f-abb6-c18974f09fba
5022,21,ae4aa1ce-7067-4c6d-a154-91bbfcb9c3f1,d0afac79-d069-449f-abb6-c18974f09fba
5023,21,93377706-b556-4c76-ba53-4ae1e70d9bba,d0afac79-d069-449f-abb6-c18974f09fba
5024,21,c8dcf159-5b70-401e-bc15-b235fa42dad1,d0afac79-d069-449f-abb6-c18974f09fba
5025,21,f2d958d3-b8d6-4d84-8cf2-16b463f224fc,d0afac79-d069-449f-abb6-c18974f09fba
5026,21,e43d85b0-9a4f-448d-8a3a-a3c5287eb5ab,d0afac79-d069-449f-abb6-c18974f09fba
5027,21,b9e8d05f-5732-4f50-9ca4-86a1c1f98d9c,d0afac79-d069-449f-abb6-c18974f09fba
5028,21,5779025a-153c-4871-a2cb-1326fed826fe,d0afac79-d069-449f-abb6-c18974f09fba
5029,21,d7bf8219-8ea7-49e4-8853-45a9a1194e97,d0afac79-d069-449f-abb6-c18974f09fba
5030,21,0bd73220-004f-4b86-af75-890e198fd731,d0afac79-d069-449f-abb6-c18974f09fba
5031,21,6b33d580-4657-41ce-b587-76e9276a38b9,d0afac79-d069-449f-abb6-c18974f09fba
5032,21,74da2d0c-bf4d-4936-aa94-a61de866734f,d0afac79-d069-449f-abb6-c18974f09fba
5033,21,80b378b2-e342-4e4f-9cb3-9e6bb3026fba,d0afac79-d069-449f-abb6-c18974f09fba
5034,21,b9cac111-7788-4b1b-9f31-12a3d3cbc2cc,d0afac79-d069-449f-abb6-c18974f09fba
5035,21,7b963f4c-2b6f-41a8-b9dd-74bd70c6b7f4,d0afac79-d069-449f-abb6-c18974f09fba
5036,21,0af1849c-b870-49db-8519-8a3c445552de,d0afac79-d069-449f-abb6-c18974f09fba
5037,28,4e0661d0-091c-409e-9ae2-ab72181bb955,640ff5f6-c924-4484-811a-93df1f274cc9
5037,153,4e0661d0-091c-409e-9ae2-ab72181bb955,2f091f27-e43b-43ff-8d25-9edbd3a1c2fe
5038,414,64fb3983-d4eb-4c41-a6f6-c1ba37ae56a7,271f01f4-959a-485b-a9d1-2a459a1ddeeb
5040,262,6cb90460-b511-404f-b16e-df249f333283,7a8dabeb-ed7e-4ae9-a16f-3b60097e83d9
5041,262,66a5ba22-4d34-4a88-a208-e1018d460a46,7a8dabeb-ed7e-4ae9-a16f-3b60097e83d9
5050,167,c792b7a9-a616-4300-b337-26496442b0bb,453d83bd-9f1b-4e33-95c3-80cd8d1e6c7d
5051,255,20a1b658-25f5-470f-9ce8-634e2c6f1db6,747d634d-f346-49cd-aa18-fe7a62198c7c
5052,255,becc8267-bd26-47c1-b49a-e9d718f4448d,747d634d-f346-49cd-aa18-fe7a62198c7c
5053,176,e97a3b27-6e29-4863-a96e-0c91136e77d4,2d645b0c-5c86-4ca6-9b35-8e7fecf04fdf
5054,265,5105731b-24bb-48fa-bf5c-6e82909431e6,3ea5fd91-147a-409d-a64c-650bf87fe7fd
5055,252,0e0bc42a-d42c-4e7a-93df-dccabf1d8587,b8f7886c-1476-4a7e-ac54-12ab3fdd7fc9
5056,252,13d6eee2-db9f-4693-a9c8-3aab57a6617c,b8f7886c-1476-4a7e-ac54-12ab3fdd7fc9
5058,252,22ac5bdf-3de3-4457-bd7a-28a4997362c1,b8f7886c-1476-4a7e-ac54-12ab3fdd7fc9
5059,252,51d195a6-bd21-4bb6-99c3-d42198e25bdc,b8f7886c-1476-4a7e-ac54-12ab3fdd7fc9
5060,267,eb0d0c60-58fe-4dda-aa91-21bc107e28cf,3159d781-02ed-4a5f-8607-bad6f71f4fcb
5061,267,f33c199f-fe71-4d10-bd6f-1ada621c4a89,3159d781-02ed-4a5f-8607-bad6f71f4fcb
5062,267,3bb83585-5353-4ba7-b01e-4757f58e5ef4,3159d781-02ed-4a5f-8607-bad6f71f4fcb
5063,267,7ffa8a9a-bbaa-4be2-81eb-7ffa2083766b,3159d781-02ed-4a5f-8607-bad6f71f4fcb
5064,146,d34f7492-f3bd-4ea9-a52a-19e9269d6f47,0a98de96-f33e-4e1b-a352-9a64897be46f
5065,146,e4062c21-f2a6-45bc-9619-8ff774914116,0a98de96-f33e-4e1b-a352-9a64897be46f
5066,146,e4c63c05-1e06-47d2-b1fe-f2900012f56f,0a98de96-f33e-4e1b-a352-9a64897be46f
5069,262,9232ef73-ee00-4c04-b24d-4fb67e3abb71,7a8dabeb-ed7e-4ae9-a16f-3b60097e83d9
5071,157,c79fccf0-22f2-4723-8eba-85815f73ac4b,e8ce0762-3e4d-48b6-9150-351d0b508b80
5072,157,24d281d2-5557-4333-b9fc-3bee71e17306,e8ce0762-3e4d-48b6-9150-351d0b508b80
5073,268,637c0f77-7823-4637-91e8-682d34776f9f,aa3306e8-086b-47e0-8df6-81efcac93d77
5074,268,5f1be412-f3dc-4d1f-93ff-ca616fc09a83,aa3306e8-086b-47e0-8df6-81efcac93d77
5075,268,328df5ca-99cf-4fda-9310-d879007095d6,aa3306e8-086b-47e0-8df6-81efcac93d77
5076,268,27920127-0a73-444a-ad15-0882e3fbde8c,aa3306e8-086b-47e0-8df6-81efcac93d77
5077,268,3735727b-ae33-421f-b55d-cdafdb89c149,aa3306e8-086b-47e0-8df6-81efcac93d77
5078,268,abc8776d-c56e-46a9-b104-bffe14a1ab43,aa3306e8-086b-47e0-8df6-81efcac93d77
5079,268,9f4a1a8a-0572-4c32-bf25-4c38b0d44d86,aa3306e8-086b-47e0-8df6-81efcac93d77
5080,268,04e27db3-00f8-414c-acbd-899b2fdf6bed,aa3306e8-086b-47e0-8df6-81efcac93d77
5081,268,c9aa5723-a10e-4c43-8b32-898b5ad4eb6e,aa3306e8-086b-47e0-8df6-81efcac93d77
5082,268,7829fda1-1784-4297-83d3-b704bd4b3966,aa3306e8-086b-47e0-8df6-81efcac93d77
5083,268,aa336f88-44cb-4779-9560-efef94cd5802,aa3306e8-086b-47e0-8df6-81efcac93d77
5084,268,8284ab39-be07-4512-b384-0390e4384436,aa3306e8-086b-47e0-8df6-81efcac93d77
5085,268,71ffa1f0-763d-49d6-a1bf-1d391eee2d49,aa3306e8-086b-47e0-8df6-81efcac93d77
5086,268,999d63b0-2897-427e-88b6-1583307cf233,aa3306e8-086b-47e0-8df6-81efcac93d77
5088,177,1a7da03f-729a-4b2e-abb2-ec4ba14cf98e,04a9c418-a92b-4f1d-820c-5c37512c7927
5089,155,41780401-0f66-4b99-8f91-279517c80894,c29da24a-aa6b-4c32-bef8-8fcb970c47b3
5090,177,28f1afcf-16b8-4602-934c-a3b321426879,04a9c418-a92b-4f1d-820c-5c37512c7927
5091,177,979337fe-b57d-4b28-88b2-7f8b114d3a3f,04a9c418-a92b-4f1d-820c-5c37512c7927
5092,320,9ad0fbc9-c075-4e00-859f-9bfe54dae66e,1b8326f9-25c4-444d-9220-de540ef54093
5093,177,5dce9176-d441-43db-9948-510992bf9cdd,04a9c418-a92b-4f1d-820c-5c37512c7927
5094,179,d8fc589a-658e-4197-935c-30c24dea0b4a,617a4cfd-dcaf-40c4-98a9-3d388c7ca4a0
5095,253,126a8321-8a95-48ad-8920-6e82e1760afa,0a17b295-c551-41da-ada5-924dddf4c0fc
5096,259,229d13b8-db55-48e3-ac95-e00c11922f3a,2c89c4a4-e2d6-43a8-a8ed-59770c8b5089
5097,253,6370f21f-3ea5-4958-bf17-3796b175f005,0a17b295-c551-41da-ada5-924dddf4c0fc
5098,259,2d441ab4-6194-4e52-9a3f-6ed5f0febcd6,2c89c4a4-e2d6-43a8-a8ed-59770c8b5089
5099,259,96b3b29e-0ba0-466c-a654-f4e08e762a8f,2c89c4a4-e2d6-43a8-a8ed-59770c8b5089
5100,117,7637c985-3842-410f-a9a7-17732f33389d,decee226-8684-4491-8c02-f0746c6bb6ac
5101,24,22c2cd70-ff99-4e7f-82c6-0ab1c0a5556d,1a737b63-ad3c-462b-9c6b-cbdb07a44871
5102,28,1268af7f-7d52-4e83-9d18-95a641751e99,640ff5f6-c924-4484-811a-93df1f274cc9
5102,65,1268af7f-7d52-4e83-9d18-95a641751e99,71c3836d-c92c-4a50-ab85-87c986635583
5102,124,1268af7f-7d52-4e83-9d18-95a641751e99,cce29796-6f71-4a60-bba2-58a4a1fd922a
5102,190,1268af7f-7d52-4e83-9d18-95a641751e99,c80f962f-6090-4fe5-b2b6-5147e6c843df
5103,49,da83f392-9b25-4637-82bb-868fc292a4de,8e7b59b7-63d6-484d-9517-c1a74563a05f
5104,9,df57601d-6dc5-4001-8778-3bec99b9f186,d14906ed-d7ec-4889-9b2d-dcab4ebc44e7
5104,40,df57601d-6dc5-4001-8778-3bec99b9f186,bc62358e-434a-4b1e-b09d-72e879f7e685
5104,42,df57601d-6dc5-4001-8778-3bec99b9f186,7943dbc7-7395-45ed-ad7d-9b9247b90db0
5104,65,df57601d-6dc5-4001-8778-3bec99b9f186,71c3836d-c92c-4a50-ab85-87c986635583
5104,89,df57601d-6dc5-4001-8778-3bec99b9f186,23ba372a-af2d-440f-b8ef-794ef52aa077
5104,124,df57601d-6dc5-4001-8778-3bec99b9f186,cce29796-6f71-4a60-bba2-58a4a1fd922a
5104,155,df57601d-6dc5-4001-8778-3bec99b9f186,c29da24a-aa6b-4c32-bef8-8fcb970c47b3
5104,177,df57601d-6dc5-4001-8778-3bec99b9f186,04a9c418-a92b-4f1d-820c-5c37512c7927
5104,190,df57601d-6dc5-4001-8778-3bec99b9f186,c80f962f-6090-4fe5-b2b6-5147e6c843df
5104,196,df57601d-6dc5-4001-8778-3bec99b9f186,e5db0d68-19e5-41fc-83b4-70650e5ff4ed
5105,11,d86d31f0-d838-4c6d-a39f-e20b93105340,8b4fb246-83a3-4768-8e01-4e82d9834957
5105,59,d86d31f0-d838-4c6d-a39f-e20b93105340,0ab221c9-9090-45d3-8f78-9cc0012614df
5105,155,d86d31f0-d838-4c6d-a39f-e20b93105340,c29da24a-aa6b-4c32-bef8-8fcb970c47b3
5105,187,d86d31f0-d838-4c6d-a39f-e20b93105340,5388ccc6-fb1c-4762-8d2d-6b3316b0a2b1
5106,28,6fb3f994-2c34-4034-a652-70046762212d,640ff5f6-c924-4484-811a-93df1f274cc9
5106,65,6fb3f994-2c34-4034-a652-70046762212d,71c3836d-c92c-4a50-ab85-87c986635583
5107,285,c32de062-751a-4847-af8a-96aeb1749922,c6e6a686-dd33-42fd-a0d6-80a5ab29ebde
5109,47,e7e47836-67c0-457c-a7b8-fdd849907025,0d181d3c-e1eb-4c24-a3d5-e971ea585b52
5110,34,56fb9a22-0d17-4500-bc2b-dec503ba6e1a,728ba25f-56f0-49c7-aad3-cee18e334c2b
5111,285,7a3a439f-3924-491d-93de-70bc990e5663,c6e6a686-dd33-42fd-a0d6-80a5ab29ebde
5112,440,24e1c087-ae18-45ed-85f9-d1d1a35ee719,c2a4b0a5-51c9-47c9-805d-3f18aafcf880
5113,11,8c1a4a90-9e26-4462-beaa-add7addcab8d,8b4fb246-83a3-4768-8e01-4e82d9834957
5114,11,2f4740cc-1d00-415e-8401-8744f04a0bb8,8b4fb246-83a3-4768-8e01-4e82d9834957
5115,117,ed79d262-ac35-47d0-8f8a-6d890fe4bc97,decee226-8684-4491-8c02-f0746c6bb6ac
5116,117,33bc8813-fe2e-42dc-86ef-298c363fddc6,decee226-8684-4491-8c02-f0746c6bb6ac
5118,81,2c87a73f-bd76-4080-af48-3fccf668936b,46a3a846-0594-4572-bd98-44af98531585
5119,81,70e54e48-67e3-4ba1-9cc0-3068384122d1,46a3a846-0594-4572-bd98-44af98531585
5120,81,6dbf7271-f1bd-4ecd-841f-6ed926f42ec5,46a3a846-0594-4572-bd98-44af98531585
5121,81,a125f130-d0cc-4c47-bfc0-5b206e1d0c2e,46a3a846-0594-4572-bd98-44af98531585
5122,28,0056b5e3-96dd-448f-938c-4dfcde8c3b31,640ff5f6-c924-4484-811a-93df1f274cc9
5123,28,8ddeaf4e-49ab-44f2-8983-afa5ea2d06dc,640ff5f6-c924-4484-811a-93df1f274cc9
5124,28,02229951-f324-4d80-a64c-b9327d472204,640ff5f6-c924-4484-811a-93df1f274cc9
5125,28,a7b1359b-a845-4e44-b539-57d33b3a7ae9,640ff5f6-c924-4484-811a-93df1f274cc9
5126,28,87724a8f-50d2-40fb-b1ec-2a09cf1bf3c3,640ff5f6-c924-4484-811a-93df1f274cc9
5127,28,9c3bc14d-23c8-4fcc-9ee3-a8112f084edb,640ff5f6-c924-4484-811a-93df1f274cc9
5128,40,e578a911-3cba-4dff-bf6c-d8b0502ec5a1,bc62358e-434a-4b1e-b09d-72e879f7e685
5129,65,5f1b6a73-4ad2-4b6e-b114-51ea9f91991e,71c3836d-c92c-4a50-ab85-87c986635583
5130,65,ed00fe55-c165-4e37-8341-bfc02b83abb5,71c3836d-c92c-4a50-ab85-87c986635583
5131,162,8f5324e1-f6b3-478a-8265-2bd402eb10a0,b5f24c2f-60b1-4a00-98c8-c025702f1644
5132,65,02193f28-c6b1-4b0c-bbda-e355e71cbd99,71c3836d-c92c-4a50-ab85-87c986635583
5133,65,21daeb7c-1f8c-4786-81b4-cfec33885222,71c3836d-c92c-4a50-ab85-87c986635583
5134,65,4710511a-23b5-44ba-825e-23e74eca03a1,71c3836d-c92c-4a50-ab85-87c986635583
5135,65,039e063d-f052-4a06-8bc5-340e579298e5,71c3836d-c92c-4a50-ab85-87c986635583
5136,65,93f9d29a-aafe-4875-a59d-821630553412,71c3836d-c92c-4a50-ab85-87c986635583
5137,65,603f3ed0-4346-4b91-939c-776cef6edb8e,71c3836d-c92c-4a50-ab85-87c986635583
5138,65,78ff27fb-5ca4-4ca1-957c-7bc722ec6bd7,71c3836d-c92c-4a50-ab85-87c986635583
5139,65,bf03cb66-529e-434b-8ce9-cbcdfccd3660,71c3836d-c92c-4a50-ab85-87c986635583
5140,28,c682b098-6726-4708-a68e-7615700aaf4e,640ff5f6-c924-4484-811a-93df1f274cc9
5141,65,c23538af-285a-46df-8257-67ad6e875e31,71c3836d-c92c-4a50-ab85-87c986635583
5142,65,aa4b95c3-0d10-4937-9699-390aa3b9e13f,71c3836d-c92c-4a50-ab85-87c986635583
5143,65,2d3e7209-4de2-4569-8bfa-f2af47290326,71c3836d-c92c-4a50-ab85-87c986635583
5144,65,64a65f28-94f5-4f86-8db8-78c8a5d77f65,71c3836d-c92c-4a50-ab85-87c986635583
5145,65,eb3f6d66-7ba2-4529-95b7-75ce1174d07d,71c3836d-c92c-4a50-ab85-87c986635583
5146,66,7fa49a29-748d-4612-bd16-2aa0337afc13,c0d44e8b-293f-4877-ac80-c2693890ce0e
5147,151,c0b579e9-5672-4186-90d0-40b8326982f5,fe2bc426-db9d-4afc-bc4b-01f296a4ee76
5148,151,68e45d58-a83a-4f45-862d-83aec1b4a7db,fe2bc426-db9d-4afc-bc4b-01f296a4ee76
5149,151,46790cb8-e376-4a6f-95cd-8d3faf753a30,fe2bc426-db9d-4afc-bc4b-01f296a4ee76
5150,151,27ca5aab-01a2-4af9-96c5-62494c0ee64c,fe2bc426-db9d-4afc-bc4b-01f296a4ee76
5151,151,dfdfd736-f135-4721-91d4-2e7023c6f5ba,fe2bc426-db9d-4afc-bc4b-01f296a4ee76
5152,151,50bfd1e1-ad53-4e8b-a741-eef29c8c69a9,fe2bc426-db9d-4afc-bc4b-01f296a4ee76
5153,19,e151e45b-0ad3-4f12-83b3-ed62968705cc,358b94b5-3617-4f9f-983e-caf7e425ffac
5154,9,9e99fe89-cb53-49d6-b3cb-bb0f1c54905b,d14906ed-d7ec-4889-9b2d-dcab4ebc44e7
5155,21,7a300662-3b60-49c0-8eb3-821d9e990634,d0afac79-d069-449f-abb6-c18974f09fba
5156,21,ae66c5d1-9908-4af8-b85c-3ee6300b8fd7,d0afac79-d069-449f-abb6-c18974f09fba
5157,21,9b1901a6-04dc-475b-ab71-23d931a2f2d8,d0afac79-d069-449f-abb6-c18974f09fba
5158,279,5b576356-6c25-4793-9797-5bd03d7574a8,1a88a251-3cb7-4f11-90a0-5558530cdd81
5159,21,068e05b6-907c-4b66-a226-7ecdc264ee13,d0afac79-d069-449f-abb6-c18974f09fba
5160,11,7f1976b4-2c1b-4f11-9f07-b5d55be27164,8b4fb246-83a3-4768-8e01-4e82d9834957
5161,28,a7d92a31-2c27-49a2-8e95-4727b51b328e,640ff5f6-c924-4484-811a-93df1f274cc9
5162,281,4d863311-140a-42de-bbe0-73a1d5b7591a,e941b227-e695-4638-b86d-172090dc29df
5165,124,a0929630-839e-4779-a25c-be08b4a59a74,cce29796-6f71-4a60-bba2-58a4a1fd922a
5166,124,4d332ecd-62a8-402e-9bed-0be203bd91f6,cce29796-6f71-4a60-bba2-58a4a1fd922a
5167,124,91b7367d-6afc-46cd-a29a-6a13d809e863,cce29796-6f71-4a60-bba2-58a4a1fd922a
5168,124,06807932-aff6-45b4-a397-5d8a134d3efd,cce29796-6f71-4a60-bba2-58a4a1fd922a
5169,124,1e0dbb74-5f87-4d9c-8e80-ea045c194070,cce29796-6f71-4a60-bba2-58a4a1fd922a
5170,44,03e4b8b7-7012-47c0-8702-00a6727f2a07,e0d57de9-43eb-49d4-8cec-367087420e8b
5171,124,310c2e9f-9f5e-47aa-8ea6-3e2f27f46370,cce29796-6f71-4a60-bba2-58a4a1fd922a
5173,44,c34c741e-dc41-4cd5-aed9-ddb6ee183b1c,e0d57de9-43eb-49d4-8cec-367087420e8b
5174,62,d735a47b-efb8-4184-8672-2720f3977318,40b736e4-3eff-44db-8fc8-e191322c321b
5176,62,44b41274-bd8f-447b-9ce9-1ab31a7a29b6,40b736e4-3eff-44db-8fc8-e191322c321b
5176,124,44b41274-bd8f-447b-9ce9-1ab31a7a29b6,cce29796-6f71-4a60-bba2-58a4a1fd922a
5177,62,34824ab4-2b2f-4cbe-a8f6-ea69da673b46,40b736e4-3eff-44db-8fc8-e191322c321b
5177,319,34824ab4-2b2f-4cbe-a8f6-ea69da673b46,10a617e2-a747-4cfc-811b-9c0a04640370
5181,164,c8d0e7c5-d017-4c52-965a-a2e6d6812278,22696324-bb0d-45a4-8201-26ea3bbe9fdc
5183,164,87fcf5c2-95a1-4b62-a669-74eac563ad25,22696324-bb0d-45a4-8201-26ea3bbe9fdc
5184,61,70875957-17c0-4430-9511-63faa2f14b8c,aa653b24-bf71-4f0e-b1cf-5d87565d9ba5
5185,82,d81bdd07-9037-472e-943f-5d4e7b9ae9aa,80f418a2-b4cd-4dbf-9beb-f6412b56663d
5186,79,0251daf1-ff2b-4f11-ac3e-a5f0d9705653,f467d49a-6a05-4876-a165-a3c3705e5f61
5187,61,81293e78-5f61-4177-86d3-e801c1126063,aa653b24-bf71-4f0e-b1cf-5d87565d9ba5
5188,79,42c97dfa-cb1e-4782-8b57-55420ebfe1b9,f467d49a-6a05-4876-a165-a3c3705e5f61
5189,49,f7186949-bd5e-40ee-ae3b-14138bdb30f7,8e7b59b7-63d6-484d-9517-c1a74563a05f
5189,89,f7186949-bd5e-40ee-ae3b-14138bdb30f7,23ba372a-af2d-440f-b8ef-794ef52aa077
5189,175,f7186949-bd5e-40ee-ae3b-14138bdb30f7,5af64a9f-5bc3-4d23-858a-37d42f54a257
5190,49,87c91195-5d6d-4f80-b7d0-8b5d7bfd9e74,8e7b59b7-63d6-484d-9517-c1a74563a05f
5191,49,c7b1f801-52b3-4ba9-83e6-17d240c30887,8e7b59b7-63d6-484d-9517-c1a74563a05f
5192,282,ca4609ea-1638-46fa-b7a9-d0c27b7fac3e,648f569b-573c-491d-a6f4-c20f5f9d6bec
5193,282,73eff2a5-8ec0-40dd-ab7a-4c203c2ce725,648f569b-573c-491d-a6f4-c20f5f9d6bec
5194,42,a18f44b3-626a-4a89-bac0-dfd77efb83e9,7943dbc7-7395-45ed-ad7d-9b9247b90db0
5195,1556,cfe4bdcc-0519-4ca7-91b0-cae84e727bc3,ba309a1a-1b80-4267-a4a2-9584e16c3a97
5196,337,b406f910-4aad-48e0-ae55-893ec0e2e4ca,4fe9d1f0-bf6d-49f6-aa39-9adcf0a2756d
5197,337,dd9496da-485c-4fbc-8cbf-263d9e3f2c37,4fe9d1f0-bf6d-49f6-aa39-9adcf0a2756d
5198,177,5cd22c67-767f-4f9e-9017-e9b2c4f411b0,04a9c418-a92b-4f1d-820c-5c37512c7927
5198,1461,5cd22c67-767f-4f9e-9017-e9b2c4f411b0,2bd46c51-f41b-4c6e-a55d-d4371f495117
5199,177,da69f9ca-9938-4616-947a-48a0043d1f1c,04a9c418-a92b-4f1d-820c-5c37512c7927
5199,1461,da69f9ca-9938-4616-947a-48a0043d1f1c,2bd46c51-f41b-4c6e-a55d-d4371f495117
5200,177,dd436f53-d912-4981-8502-2eb45dd92eac,04a9c418-a92b-4f1d-820c-5c37512c7927
5200,1461,dd436f53-d912-4981-8502-2eb45dd92eac,2bd46c51-f41b-4c6e-a55d-d4371f495117
5201,177,56117a55-50c9-4d4c-b28f-54a6a175b3df,04a9c418-a92b-4f1d-820c-5c37512c7927
5201,1461,56117a55-50c9-4d4c-b28f-54a6a175b3df,2bd46c51-f41b-4c6e-a55d-d4371f495117
5202,323,4edb3fe3-47af-407d-ad8d-3169e1aba0fd,fb3cfb51-ea14-4695-9b25-a025d3ffd25a
5203,326,9028c077-272b-4365-956d-6504cdf741e1,c0659eab-b968-40bc-98e8-4ec754e083de
5204,326,bd7923be-a306-436c-a037-6d652c5f23ba,c0659eab-b968-40bc-98e8-4ec754e083de
5205,326,b562429d-d4a1-4c6d-a393-df1df57427a8,c0659eab-b968-40bc-98e8-4ec754e083de
5206,319,60910af1-ffd0-44ec-ac4e-af41a2700c8e,10a617e2-a747-4cfc-811b-9c0a04640370
5207,319,0019f0a5-1974-45b6-9819-698179466272,10a617e2-a747-4cfc-811b-9c0a04640370
5208,319,389f0097-ff53-4553-ba66-88a716195b3c,10a617e2-a747-4cfc-811b-9c0a04640370
5209,299,863fefd2-be08-4c38-87c5-25001661b653,0d04cc2b-f17d-4cb3-9a59-d50df338e72a
5210,81,efe38e99-33d8-4779-8ffc-66bf7522867c,46a3a846-0594-4572-bd98-44af98531585
5210,190,efe38e99-33d8-4779-8ffc-66bf7522867c,c80f962f-6090-4fe5-b2b6-5147e6c843df
5211,190,b6cc3ad5-0403-455f-a4ff-df3e4ddd829a,c80f962f-6090-4fe5-b2b6-5147e6c843df
5212,190,8803d30c-a728-4f42-a142-46df51c8cba1,c80f962f-6090-4fe5-b2b6-5147e6c843df
5213,190,a87c64fc-ad24-4633-a2a1-919fc7a695cc,c80f962f-6090-4fe5-b2b6-5147e6c843df
5214,124,f94f97c9-8397-417c-947d-de11c2af1712,cce29796-6f71-4a60-bba2-58a4a1fd922a
5215,21,17e050d5-c4ed-4923-b042-6054650de9c2,d0afac79-d069-449f-abb6-c18974f09fba
5216,190,4c760118-95f2-4f69-927e-7f5442a4d252,c80f962f-6090-4fe5-b2b6-5147e6c843df
5217,190,27eec4db-7a85-476d-9804-28d77bac81f5,c80f962f-6090-4fe5-b2b6-5147e6c843df
5223,230,67108ab4-afbf-4c85-b787-855082d2fa88,39a06e4a-d409-47fc-890f-3100b6861f45
5224,118,ef28a785-1e41-4bc4-a78d-e8cd363a8f3f,8bc215bc-cf61-4abe-8ea7-cad04832a04a
5225,118,9d6a9332-87c7-4a3a-bd15-4901567b605f,8bc215bc-cf61-4abe-8ea7-cad04832a04a
5226,118,056b8f54-e670-4035-9421-17df84f6ff22,8bc215bc-cf61-4abe-8ea7-cad04832a04a
5227,363,02c557e8-40f3-46a6-b969-c8dbb7c9c169,6c9d5de9-9355-4f52-b514-a0f51190e8dd
5228,177,4c0007b4-c37c-4723-82a4-73699564c97b,04a9c418-a92b-4f1d-820c-5c37512c7927
5229,78,de139708-3838-4eb3-8a17-41f065177966,e598af88-94df-4ba8-aee4-6b4b52b51545
5231,86,b3a52dd1-a7c7-4e27-9b96-4594314c3926,6361e1ff-75aa-4916-a429-5b6e5c026f08
5232,86,ad5b39bd-9384-4912-9c56-04c3bb0823dc,6361e1ff-75aa-4916-a429-5b6e5c026f08
5233,58,c51d8309-f8df-47ee-b558-d02b7f8aa645,8a6b49c5-b377-4f5d-b0e8-9a7b626efb3c
5234,246,6aeac9a7-f48c-4943-bf8d-8b149dbfbd19,0c13df62-f42e-40f5-a090-08ca0b806338
5235,349,900710f1-df9a-4071-a02a-cebc9343ae30,3416ba80-bc50-4878-bde9-db3e2d9caa87
5236,379,349b62d2-5921-48bd-b1b0-866362e8f5f8,92e8b438-8846-449c-ac25-b0b56f348abc
5237,379,ff554442-7259-48c0-b7b0-4a3e5f2f10ed,92e8b438-8846-449c-ac25-b0b56f348abc
5239,1544,56a05355-f01c-4cec-9b28-1bda9012e534,869bcd14-a85a-4c4c-908c-1f245032e6e3
5241,140,d9e24153-c90d-4373-8354-c767bfc31f27,5e30830f-1a0b-4983-9ffd-39cd4239b236
5242,140,9232d99a-64c3-4941-8d27-c127b58a3b65,5e30830f-1a0b-4983-9ffd-39cd4239b236
5243,140,8ebdcdae-50ca-4faf-b7f3-5d53933b8ef0,5e30830f-1a0b-4983-9ffd-39cd4239b236
5244,140,e57c0d59-b681-463e-9b11-ebb2002fc3d3,5e30830f-1a0b-4983-9ffd-39cd4239b236
5245,140,e04c146e-c047-46ab-a9ff-c1679d5531d5,5e30830f-1a0b-4983-9ffd-39cd4239b236
5246,140,988cc4ca-9aef-4d10-8857-1e3cd819f021,5e30830f-1a0b-4983-9ffd-39cd4239b236
5247,140,0c4234e7-fb9d-4a4d-b02b-8b07dbd793ef,5e30830f-1a0b-4983-9ffd-39cd4239b236
5248,89,3955914a-e0c9-4138-a30a-23acfae53908,23ba372a-af2d-440f-b8ef-794ef52aa077
5249,159,1ad9b72d-69c4-45b0-a84b-808cd71ad274,b595ab89-f7cc-4a96-b19c-d87dc8689c89
5250,159,01281039-d15f-49df-a8ff-97b4954f1f13,b595ab89-f7cc-4a96-b19c-d87dc8689c89
5251,159,9680f519-c0d1-46bb-bdaa-14678b2086d7,b595ab89-f7cc-4a96-b19c-d87dc8689c89
5252,159,08301f2d-999d-4b3e-84f5-a4db68305628,b595ab89-f7cc-4a96-b19c-d87dc8689c89
5253,159,368b52e6-d156-482e-8ae6-cf8a2cb9cb39,b595ab89-f7cc-4a96-b19c-d87dc8689c89
5254,159,3ea2af79-a9ce-42aa-896b-c020aec3c1b6,b595ab89-f7cc-4a96-b19c-d87dc8689c89
5255,140,e3b4488d-f91b-4bf5-aa56-c00f6e17c0d6,5e30830f-1a0b-4983-9ffd-39cd4239b236
5256,140,bd0547c5-4f52-4df9-83bc-22bac60b5bb4,5e30830f-1a0b-4983-9ffd-39cd4239b236
5257,140,5aaefd79-76bd-417b-bd9f-ea7418881193,5e30830f-1a0b-4983-9ffd-39cd4239b236
5258,140,5340a4fc-3983-4583-84d4-73e420a90c81,5e30830f-1a0b-4983-9ffd-39cd4239b236
5259,140,2db01f80-b655-4c67-8701-5c0e8fd6de7d,5e30830f-1a0b-4983-9ffd-39cd4239b236
5260,140,6a6b396c-8a20-4d57-a944-32a6ac9fdf52,5e30830f-1a0b-4983-9ffd-39cd4239b236
5264,140,85a53379-7383-452e-ae71-251406a7b870,5e30830f-1a0b-4983-9ffd-39cd4239b236
5265,140,32b3beb8-8f1a-48ed-99fc-eda9f2cedeeb,5e30830f-1a0b-4983-9ffd-39cd4239b236
5266,140,8a7f89f1-71f0-44c0-adb3-c3bb22e9c320,5e30830f-1a0b-4983-9ffd-39cd4239b236
5268,140,30a564fd-24c0-4663-870e-d9cbb5e16d5a,5e30830f-1a0b-4983-9ffd-39cd4239b236
5269,337,9bf4ddd2-6148-4f24-a1dc-e429d4983f3c,4fe9d1f0-bf6d-49f6-aa39-9adcf0a2756d
5270,166,767a4f05-60f6-40af-98f7-4f1e19d2a4b1,8d62ed42-8920-427e-bdcd-b5ad58e3dcb6
5271,177,ee0851fe-e5a9-4194-be2f-40ec27f6ca54,04a9c418-a92b-4f1d-820c-5c37512c7927
5271,1461,ee0851fe-e5a9-4194-be2f-40ec27f6ca54,2bd46c51-f41b-4c6e-a55d-d4371f495117
5272,190,7707e86c-6e78-4436-814a-288469c22ef5,c80f962f-6090-4fe5-b2b6-5147e6c843df
5273,58,d909e053-a45a-4f29-8084-5770a7620478,8a6b49c5-b377-4f5d-b0e8-9a7b626efb3c
5273,408,d909e053-a45a-4f29-8084-5770a7620478,c7d600dc-8aae-4b43-9272-760fae6c72c8
5276,1497,d7e94e3e-8771-47ed-9d24-af6646d0d3d1,04fb07ec-2e11-42ea-96ce-6537bfdfb5d8
5277,1497,c536e0f4-fcd6-4dda-9210-eaba9a0ae746,04fb07ec-2e11-42ea-96ce-6537bfdfb5d8
5278,1497,62a48349-f607-43c5-853d-6a7804301d4d,04fb07ec-2e11-42ea-96ce-6537bfdfb5d8
5279,1497,27762394-c073-4d70-a6ef-0363e1f82a72,04fb07ec-2e11-42ea-96ce-6537bfdfb5d8
5280,416,54be079e-b14c-429f-a2c9-c1627d8540c7,ba87d479-2ed3-4348-9066-dda3a6379996
5281,416,dfe918a4-c199-451f-b05c-5d5c774bba56,ba87d479-2ed3-4348-9066-dda3a6379996
5282,327,d46c7056-1759-4bca-8c7d-005647436125,6b01ad1e-f257-4296-b5f5-0178bb9835b3
5283,327,e3abb380-785a-4c37-b2a6-c8945618556d,6b01ad1e-f257-4296-b5f5-0178bb9835b3
5284,86,28a4cd73-25af-4de7-b349-938263ffa1a2,6361e1ff-75aa-4916-a429-5b6e5c026f08
5286,1553,17aeec17-4021-4b29-8824-8b14ee9e196e,5e4073ab-23e4-4a3d-8ecf-e774c2dd7e56
5286,1554,17aeec17-4021-4b29-8824-8b14ee9e196e,9162a90d-febc-4366-ab7b-2cb0380dfcfd
5287,1442,9b1e4bf7-189d-439c-b61b-26c7bf07a459,7b52ff40-4c83-4e63-bca8-e187a94807f4
5288,1442,84320eb3-ee1d-4026-a2a1-fc5d37b1384e,7b52ff40-4c83-4e63-bca8-e187a94807f4
5289,1442,cf26e422-e79f-4689-af41-e5b64eabf928,7b52ff40-4c83-4e63-bca8-e187a94807f4
5290,1442,23521709-0f82-4943-afae-171341973507,7b52ff40-4c83-4e63-bca8-e187a94807f4
5291,1442,7124f808-40bc-438f-9ddb-d964837eb412,7b52ff40-4c83-4e63-bca8-e187a94807f4
5292,1442,b80e361d-f8ff-489b-9c87-75d706852d88,7b52ff40-4c83-4e63-bca8-e187a94807f4
5293,1442,670989bc-ff96-43c0-afbb-f40559016821,7b52ff40-4c83-4e63-bca8-e187a94807f4
5294,1442,6ce96c85-d7ea-4e01-99c3-a53b3e5364f1,7b52ff40-4c83-4e63-bca8-e187a94807f4
5295,1442,d5f0cc1d-de5a-4084-a90d-4344e8583d0b,7b52ff40-4c83-4e63-bca8-e187a94807f4
5296,65,568ce719-b188-48ac-97a2-eb5fcaf6fc7d,71c3836d-c92c-4a50-ab85-87c986635583
5298,196,06d248e3-8ae3-4cfe-9792-974e8f34b2fc,e5db0d68-19e5-41fc-83b4-70650e5ff4ed
5299,155,2c027ddd-8522-439c-b99a-f38979a4117a,c29da24a-aa6b-4c32-bef8-8fcb970c47b3
5299,196,2c027ddd-8522-439c-b99a-f38979a4117a,e5db0d68-19e5-41fc-83b4-70650e5ff4ed
5300,408,98baed92-8460-4671-b7b4-803bb552465c,c7d600dc-8aae-4b43-9272-760fae6c72c8
5301,140,e057c1d7-7ac5-418d-91aa-76642690ed23,5e30830f-1a0b-4983-9ffd-39cd4239b236
5302,140,ad1f1e3b-975f-47c1-aa3b-87d58f453b92,5e30830f-1a0b-4983-9ffd-39cd4239b236
5303,92,7755bc87-51bb-4aeb-b676-06f03e41f86d,fe87806b-6dd7-4ca3-b670-d134caaebda3
5305,58,38bbccc4-55a1-4b5b-82ea-33614bc6a82d,8a6b49c5-b377-4f5d-b0e8-9a7b626efb3c
5306,58,11819fe2-2ab9-4832-b5f2-010d85c7af6b,8a6b49c5-b377-4f5d-b0e8-9a7b626efb3c
5307,65,1f027d88-99f2-45c0-b5a8-b6a2df7a4093,71c3836d-c92c-4a50-ab85-87c986635583
5308,65,a75a3ce4-c0d0-41d2-a8bc-37d59a894523,71c3836d-c92c-4a50-ab85-87c986635583
5309,65,ea3d442e-c3cd-4a86-8d85-08439e189af0,71c3836d-c92c-4a50-ab85-87c986635583
5310,65,245ad9a9-1d86-4c2d-9d12-1cc7234d6123,71c3836d-c92c-4a50-ab85-87c986635583
5311,65,fc46f85b-5a21-4275-8204-2ced748d6005,71c3836d-c92c-4a50-ab85-87c986635583
5312,65,dd342e63-cc09-45a3-8936-4748625f62b1,71c3836d-c92c-4a50-ab85-87c986635583
5313,65,19248efc-e40d-42a2-82f0-b93eeb2f583c,71c3836d-c92c-4a50-ab85-87c986635583
5314,65,b816be94-6fe4-4c9a-b2b9-ae4356d0e8c0,71c3836d-c92c-4a50-ab85-87c986635583
5315,65,fd590506-e8e3-4f23-9a8e-5b4b987cf2a7,71c3836d-c92c-4a50-ab85-87c986635583
5316,78,bf340618-bc9a-441c-b7d7-7cb4e7a4f22f,e598af88-94df-4ba8-aee4-6b4b52b51545
5316,82,bf340618-bc9a-441c-b7d7-7cb4e7a4f22f,80f418a2-b4cd-4dbf-9beb-f6412b56663d
5319,190,2d74adda-3baf-4298-967b-1416409f9b03,c80f962f-6090-4fe5-b2b6-5147e6c843df
5320,28,325b23dd-5b91-483a-8a62-7a45c2b570b3,640ff5f6-c924-4484-811a-93df1f274cc9
5321,1588,8e6ec91e-4411-4197-8a49-9e8754d4b943,6a93bcd1-bb61-4020-83f9-b5c33e37b840
5322,259,7996472b-326c-460d-908a-e0dad3d0bf8a,2c89c4a4-e2d6-43a8-a8ed-59770c8b5089
5323,89,18779e34-e041-4406-9a27-982a76e73a9a,23ba372a-af2d-440f-b8ef-794ef52aa077
5325,187,799c19ec-873e-4c8c-9af0-26e134d2badf,5388ccc6-fb1c-4762-8d2d-6b3316b0a2b1
5326,152,dbeb76c4-1cc6-4f32-a9dc-7666fa9e6866,26c817ef-9b23-4973-82cc-e96a1a97d5dc
5328,1442,3466c0d8-8917-45df-bc07-1614b37442ac,7b52ff40-4c83-4e63-bca8-e187a94807f4
5329,1470,6c15920d-97df-43f1-bd07-d32db16bc285,a9f45f14-8a38-4946-936c-f41a85d83024
5330,153,2aa49f97-7cb5-4353-bc23-a81cc011054e,2f091f27-e43b-43ff-8d25-9edbd3a1c2fe
5331,86,753b555a-0287-4b48-9972-523671ff82ac,6361e1ff-75aa-4916-a429-5b6e5c026f08
5332,253,59c52c9f-034e-427f-8b75-9d0083cab502,0a17b295-c551-41da-ada5-924dddf4c0fc
5333,117,9af7e6a5-9984-418e-b0ce-a4fb26fd6202,decee226-8684-4491-8c02-f0746c6bb6ac
5334,24,7e9c375e-211c-4254-a5d6-fa22aa16b97e,1a737b63-ad3c-462b-9c6b-cbdb07a44871
5335,34,1bd2af49-19f4-4167-b92b-5c49a22c9111,728ba25f-56f0-49c7-aad3-cee18e334c2b
5336,81,f415c78a-bc96-4a87-87c9-0872439cc101,46a3a846-0594-4572-bd98-44af98531585
5337,151,31011bb2-9e22-4fe9-9e19-722cdf6df67a,fe2bc426-db9d-4afc-bc4b-01f296a4ee76
5338,59,ccf2a310-d778-482b-9c6c-9c663ea0d77e,0ab221c9-9090-45d3-8f78-9cc0012614df
5339,1555,770f3599-6dd7-4522-ae8e-08d2ac733a6f,c282d450-dff6-4d80-9143-a5e67f18b31e
5346,1546,7b320907-16da-485e-a991-6ba94689dec5,fb16427d-65dc-4c0d-ace2-6d899b127d1d
5347,1546,e01fe747-245d-44ec-b1ab-e298eeb99279,fb16427d-65dc-4c0d-ace2-6d899b127d1d
5349,1583,eeba094f-548b-4a9c-9a18-403e23453133,05e4c166-f7b7-45e6-9ca6-370b197a4dfd
5350,1583,2a0ef2e8-e252-4d50-8f7d-7bb8ef9789a4,05e4c166-f7b7-45e6-9ca6-370b197a4dfd
5353,1,fba45990-d9c8-4979-84ce-e8a7e541abb5,b1d49301-fe07-4171-b989-7768419e0373
5354,62,6ed9a075-2310-4f8f-913f-237e24d6919d,40b736e4-3eff-44db-8fc8-e191322c321b
5358,1442,6245f3c5-1787-4b84-abf7-fecfe3d0f63a,7b52ff40-4c83-4e63-bca8-e187a94807f4
5359,1557,d5a7a844-3068-4d6d-9773-3a92d3b1fd9f,c0dd2649-ca84-4f10-89a9-6f6230a8ed2b
5360,1557,1ac869d8-7fb7-495e-8c18-4ec745c796ec,c0dd2649-ca84-4f10-89a9-6f6230a8ed2b
5361,1557,86c91a65-21c8-41d3-860b-d7c3b699ee91,c0dd2649-ca84-4f10-89a9-6f6230a8ed2b
5362,1557,0ca445c3-b961-49a4-b2fb-92def3195799,c0dd2649-ca84-4f10-89a9-6f6230a8ed2b
5363,1557,f4ad948b-c6d2-421e-a293-0180c6dedcf6,c0dd2649-ca84-4f10-89a9-6f6230a8ed2b
5364,151,1e7edf7b-808d-4631-83a7-0291c31413bf,fe2bc426-db9d-4afc-bc4b-01f296a4ee76
5365,65,d4699fe7-ca3c-4b81-972c-77d9427c809d,71c3836d-c92c-4a50-ab85-87c986635583
5366,81,ca72b68d-7ee6-485d-87a7-d5f1c74acb14,46a3a846-0594-4572-bd98-44af98531585
5367,140,c733e1ce-c740-4601-933b-fe9e3fb13b35,5e30830f-1a0b-4983-9ffd-39cd4239b236
5368,140,7c31469a-f93a-457f-a251-9b763b1e9cfe,5e30830f-1a0b-4983-9ffd-39cd4239b236
5369,140,bc210cf7-efd6-41f7-88d9-d0bea17d44e7,5e30830f-1a0b-4983-9ffd-39cd4239b236
5370,140,25c98ef8-d6dc-4817-bb49-4f642eae6bb4,5e30830f-1a0b-4983-9ffd-39cd4239b236
5371,89,1e1276bd-fde8-496b-acd2-d72ff834e793,23ba372a-af2d-440f-b8ef-794ef52aa077
5371,140,1e1276bd-fde8-496b-acd2-d72ff834e793,5e30830f-1a0b-4983-9ffd-39cd4239b236
5372,140,1576f5a6-8529-4cfe-ab12-e1a85de44fc9,5e30830f-1a0b-4983-9ffd-39cd4239b236
5373,140,1813957e-318d-483c-8f53-e79494f60734,5e30830f-1a0b-4983-9ffd-39cd4239b236
5374,140,4e2449a2-4d7d-4fca-a506-22e4b72b89ce,5e30830f-1a0b-4983-9ffd-39cd4239b236
5378,117,3a5d0409-f258-4c5c-ae22-100c7c6c90d1,decee226-8684-4491-8c02-f0746c6bb6ac
5379,117,7c71cecf-7e9b-4e18-b3ca-d6e7a6f0c8d6,decee226-8684-4491-8c02-f0746c6bb6ac
5380,117,b963d2ae-c54d-4ba2-90e0-574362a982fe,decee226-8684-4491-8c02-f0746c6bb6ac
5381,117,0361f94c-3151-4bde-936b-2b063d58ab7b,decee226-8684-4491-8c02-f0746c6bb6ac
5382,146,c585c7b7-035a-4ed3-91bc-55b54a69bdd2,0a98de96-f33e-4e1b-a352-9a64897be46f
5383,190,0987e38e-e636-437f-ae18-113fd20801f6,c80f962f-6090-4fe5-b2b6-5147e6c843df
5384,190,d258ebff-6c83-42be-a613-079de91d1e86,c80f962f-6090-4fe5-b2b6-5147e6c843df
5385,190,490bdad0-6be4-407e-a970-0fe103990706,c80f962f-6090-4fe5-b2b6-5147e6c843df
5386,124,cf09c127-8396-4ee5-a358-6d53fa811058,cce29796-6f71-4a60-bba2-58a4a1fd922a
5386,190,cf09c127-8396-4ee5-a358-6d53fa811058,c80f962f-6090-4fe5-b2b6-5147e6c843df
5387,190,8d8e8feb-526e-4e47-a0e8-ff22b96d798f,c80f962f-6090-4fe5-b2b6-5147e6c843df
5388,190,4bbe20b9-1c5d-4537-833f-1a1fb3c6d76b,c80f962f-6090-4fe5-b2b6-5147e6c843df
5389,190,85599478-70c0-430a-a408-c2e9dea5424d,c80f962f-6090-4fe5-b2b6-5147e6c843df
5390,190,f77909df-80b7-4ea4-bde3-25183b574bf9,c80f962f-6090-4fe5-b2b6-5147e6c843df
5391,190,d4eafdb9-3351-4895-aa3c-ff332b6f9e5a,c80f962f-6090-4fe5-b2b6-5147e6c843df
5392,190,82da52e5-65c6-4020-bfcd-7a1a64e82556,c80f962f-6090-4fe5-b2b6-5147e6c843df
5393,190,44e734d1-e66d-4cce-9c20-b30dea2d9e50,c80f962f-6090-4fe5-b2b6-5147e6c843df
5394,190,077b7bb1-77c4-40ca-8518-78831a4ede60,c80f962f-6090-4fe5-b2b6-5147e6c843df
5395,190,055a5439-331e-45a3-9cbf-2e45ee840ffe,c80f962f-6090-4fe5-b2b6-5147e6c843df
5396,190,b2ff6232-f5e5-4f49-b232-b22a4b975840,c80f962f-6090-4fe5-b2b6-5147e6c843df
5397,190,de844070-ab52-4946-afd7-cc76383a4a7d,c80f962f-6090-4fe5-b2b6-5147e6c843df
5398,190,c104e578-04b6-43b1-89cb-bb236028c4a9,c80f962f-6090-4fe5-b2b6-5147e6c843df
5399,190,b5a8eaae-5859-44d6-aa2b-6f549bcf3c07,c80f962f-6090-4fe5-b2b6-5147e6c843df
5400,190,e2b85a0e-5c36-4cc3-9e12-2dfb47a28798,c80f962f-6090-4fe5-b2b6-5147e6c843df
5401,190,b935c859-e509-4718-8dba-7fbc5eb7517b,c80f962f-6090-4fe5-b2b6-5147e6c843df
5402,190,32c5c96a-d83b-4d69-8c2e-17087583d51c,c80f962f-6090-4fe5-b2b6-5147e6c843df
5403,190,be155bf7-a654-427f-b233-9efecd977303,c80f962f-6090-4fe5-b2b6-5147e6c843df
5404,190,c6309912-578e-4d01-bbde-d29c5817aad2,c80f962f-6090-4fe5-b2b6-5147e6c843df
5405,190,3f885023-c4e4-456f-80f3-5191f8e2b860,c80f962f-6090-4fe5-b2b6-5147e6c843df
5406,190,4010c547-d2df-4524-8b27-f0695c089a7f,c80f962f-6090-4fe5-b2b6-5147e6c843df
5407,175,3084f3d4-c780-4050-b9f5-42eb6df4ead3,5af64a9f-5bc3-4d23-858a-37d42f54a257
5407,190,3084f3d4-c780-4050-b9f5-42eb6df4ead3,c80f962f-6090-4fe5-b2b6-5147e6c843df
5408,190,176ce1b0-61f1-45d0-a86f-1bf8c2825ad0,c80f962f-6090-4fe5-b2b6-5147e6c843df
5409,190,bc254668-8d95-4374-9854-9298ac5c34ca,c80f962f-6090-4fe5-b2b6-5147e6c843df
5410,190,48f1b7e4-da54-4e92-aed0-27c761d45fe9,c80f962f-6090-4fe5-b2b6-5147e6c843df
5413,65,a358d053-e03b-4621-bc08-3aa084569439,71c3836d-c92c-4a50-ab85-87c986635583
5414,65,fe538731-3a06-4bc1-94ba-8dfdcdb6e7bf,71c3836d-c92c-4a50-ab85-87c986635583
5415,65,b8791e86-64c3-4c66-ac35-1e916983f331,71c3836d-c92c-4a50-ab85-87c986635583
5417,65,02c534aa-f5eb-4df2-8f82-8cb89133ce91,71c3836d-c92c-4a50-ab85-87c986635583
5419,1558,2f2a328b-2657-4e8e-a727-7e6b35edec08,d27ef9b3-97c1-49be-bc75-62750ca9a165
5422,278,3f853914-f867-4128-858c-73a41a844c02,5effd1a7-b26d-439a-a53a-311cbdd983e7
5423,278,e02e9126-6190-4ffd-b4c3-936eeb7e0e0f,5effd1a7-b26d-439a-a53a-311cbdd983e7
5424,115,86457ab4-d782-4176-a123-82d4a8923647,e40eeb7c-22e2-4141-886e-aa5be74621b2
5426,279,2fab3284-bf26-4f26-8365-4b69fb7ba913,1a88a251-3cb7-4f11-90a0-5558530cdd81
5428,24,15640469-911c-414d-ab14-7801a20fa4ec,1a737b63-ad3c-462b-9c6b-cbdb07a44871
5430,65,c5862f0a-eea0-47bf-bfa0-c3af6940f52b,71c3836d-c92c-4a50-ab85-87c986635583
5431,65,15fe61dc-dc3b-4920-814d-cc257cb5a936,71c3836d-c92c-4a50-ab85-87c986635583
5432,65,f4b8ec56-640e-49e8-8626-5c8c210cca7d,71c3836d-c92c-4a50-ab85-87c986635583
5433,65,57b28d90-5239-41ab-bee8-26b8454fc0ec,71c3836d-c92c-4a50-ab85-87c986635583
5434,65,aa8d257f-49bc-4c64-bda2-e50a14ce25c5,71c3836d-c92c-4a50-ab85-87c986635583
5435,65,5ca44e0c-be8d-48a6-a7f7-644f38901fb7,71c3836d-c92c-4a50-ab85-87c986635583
5436,65,ab658aa7-1187-4606-bb0d-936929847886,71c3836d-c92c-4a50-ab85-87c986635583
5437,65,d1fad768-37dc-4049-940b-c5153adea02d,71c3836d-c92c-4a50-ab85-87c986635583
5438,65,d8795839-b771-44f0-89c2-d125d7c33168,71c3836d-c92c-4a50-ab85-87c986635583
5439,65,17a92c9b-3d6b-453b-9383-fa4efc33343f,71c3836d-c92c-4a50-ab85-87c986635583
5440,140,cb8ef100-082e-436e-bba5-a507c48e40f8,5e30830f-1a0b-4983-9ffd-39cd4239b236
5441,1497,dd1a2116-f4b7-4cc9-ac4d-ad285cadd246,04fb07ec-2e11-42ea-96ce-6537bfdfb5d8
5442,1497,1a492a18-c190-437a-9d59-cfe2084d90e8,04fb07ec-2e11-42ea-96ce-6537bfdfb5d8
5443,1497,5421d3d1-70dc-4ac0-b819-2843ec876897,04fb07ec-2e11-42ea-96ce-6537bfdfb5d8
5444,117,034e72e2-a271-4735-85ec-44bcad378066,decee226-8684-4491-8c02-f0746c6bb6ac
5446,117,9502ec41-7a40-4b98-a1fe-824d8e3898f1,decee226-8684-4491-8c02-f0746c6bb6ac
5447,146,d5bf7d9b-e1a3-412d-b49f-ceae9fb51e4e,0a98de96-f33e-4e1b-a352-9a64897be46f
5448,190,1ac3b63a-3222-422e-9505-4d2354c56dc7,c80f962f-6090-4fe5-b2b6-5147e6c843df
5449,190,5ccf0fb2-0a3f-4bae-9593-4f660f16297e,c80f962f-6090-4fe5-b2b6-5147e6c843df
5450,190,13911957-73cd-4cb6-a204-3eaf99606170,c80f962f-6090-4fe5-b2b6-5147e6c843df
5451,190,abb0b806-2880-466e-b632-9dbb962c8049,c80f962f-6090-4fe5-b2b6-5147e6c843df
5452,190,b079224c-b1ee-41a0-a05b-aa78c49edb15,c80f962f-6090-4fe5-b2b6-5147e6c843df
5453,190,34949161-b42e-4873-a05e-0221304f78f8,c80f962f-6090-4fe5-b2b6-5147e6c843df
5454,190,cf26469c-7a7c-43ef-9d96-a26f13966d60,c80f962f-6090-4fe5-b2b6-5147e6c843df
5455,190,69cf169a-62ee-4c4f-9223-ed294e776a24,c80f962f-6090-4fe5-b2b6-5147e6c843df
5456,190,185037a3-799f-4f38-99cd-5657af9820dc,c80f962f-6090-4fe5-b2b6-5147e6c843df
5457,190,58039976-e217-417b-8335-e5f9f0451bb8,c80f962f-6090-4fe5-b2b6-5147e6c843df
5458,190,40b44028-37e6-479c-aa4f-aa68b1c0409a,c80f962f-6090-4fe5-b2b6-5147e6c843df
5459,190,53e10aa7-540f-4f09-8aa5-01c0f8275c50,c80f962f-6090-4fe5-b2b6-5147e6c843df
5460,190,60b009c7-3e68-4889-948a-a12ccd4e00cb,c80f962f-6090-4fe5-b2b6-5147e6c843df
5461,1558,ee2e068f-26b9-4f88-8099-066702021e19,d27ef9b3-97c1-49be-bc75-62750ca9a165
5462,1558,74330fe2-977e-4589-86ea-0f254355ab6c,d27ef9b3-97c1-49be-bc75-62750ca9a165
5463,1558,29dc48c2-534e-4f27-8891-221cf4fbd02b,d27ef9b3-97c1-49be-bc75-62750ca9a165
5464,1558,d831eab5-391a-4cbe-82e3-2de637695246,d27ef9b3-97c1-49be-bc75-62750ca9a165
5465,159,7d9e7523-0a52-468e-80da-1c33e53ca52c,b595ab89-f7cc-4a96-b19c-d87dc8689c89
5466,159,7354329b-861b-4ab4-adcb-62b5e8a3ad1c,b595ab89-f7cc-4a96-b19c-d87dc8689c89
5467,159,5c60bb62-4b44-4d2d-b459-c41289a46eb7,b595ab89-f7cc-4a96-b19c-d87dc8689c89
5468,159,119ad703-bff9-4471-8065-c190c4bc4ee2,b595ab89-f7cc-4a96-b19c-d87dc8689c89
5469,159,87799a73-1545-4b3c-a133-8c1d64b8c33b,b595ab89-f7cc-4a96-b19c-d87dc8689c89
5470,159,993ce452-11b3-4e5a-9b96-ad071f7d9724,b595ab89-f7cc-4a96-b19c-d87dc8689c89
5471,159,5d68caf9-e35d-483f-8819-e7cb4f981887,b595ab89-f7cc-4a96-b19c-d87dc8689c89
5472,159,baea5fcf-6659-4070-855c-ae77059e3543,b595ab89-f7cc-4a96-b19c-d87dc8689c89
5473,159,6850a43a-2d82-470d-9784-5d5e3d85db7c,b595ab89-f7cc-4a96-b19c-d87dc8689c89
5474,159,85d46ee0-84e6-4d9a-80b0-35c10a69b799,b595ab89-f7cc-4a96-b19c-d87dc8689c89
5476,159,dac17c89-45b9-4ecf-b5ed-d377ca87a0e3,b595ab89-f7cc-4a96-b19c-d87dc8689c89
5477,159,fc5ddd02-2375-4f96-998d-0d1cbefc5043,b595ab89-f7cc-4a96-b19c-d87dc8689c89
5478,159,c279ae76-34e7-428a-99ad-4958b9aec851,b595ab89-f7cc-4a96-b19c-d87dc8689c89
5479,159,50686523-3e42-400f-b842-1ba17775b93c,b595ab89-f7cc-4a96-b19c-d87dc8689c89
5480,159,b6ea3fb9-2bb7-447d-bb14-90c15e79e0eb,b595ab89-f7cc-4a96-b19c-d87dc8689c89
5481,159,4c5c9798-1b1e-4127-9ecb-575eb134665c,b595ab89-f7cc-4a96-b19c-d87dc8689c89
5482,159,e15297b1-a693-4243-9fd4-ad28bf27fe9d,b595ab89-f7cc-4a96-b19c-d87dc8689c89
5483,159,acdaacba-2611-4212-a2a1-ae14542e430b,b595ab89-f7cc-4a96-b19c-d87dc8689c89
5484,159,6fc71acd-940c-48cb-8d65-4f8460820fa1,b595ab89-f7cc-4a96-b19c-d87dc8689c89
5485,159,8c58e521-9f0d-45c4-933f-5e4dc2300989,b595ab89-f7cc-4a96-b19c-d87dc8689c89
5486,159,1b26e9af-39a0-4ec3-b14f-895ede393a33,b595ab89-f7cc-4a96-b19c-d87dc8689c89
5487,159,5fc20327-ea1b-48ac-a966-ffa78404a368,b595ab89-f7cc-4a96-b19c-d87dc8689c89
5488,159,052c1c34-cae5-49c7-a8bd-9902f6c9af60,b595ab89-f7cc-4a96-b19c-d87dc8689c89
5489,159,d5ab7cac-2547-4f66-9bcc-eda52e844e9e,b595ab89-f7cc-4a96-b19c-d87dc8689c89
5490,159,4979b054-ebc9-4764-b8b9-39975b9052d7,b595ab89-f7cc-4a96-b19c-d87dc8689c89
5491,159,e3b67a97-54b0-4778-bfdd-e30466ac3571,b595ab89-f7cc-4a96-b19c-d87dc8689c89
5492,159,ebada0a5-fc95-4463-8f2b-083410b71d86,b595ab89-f7cc-4a96-b19c-d87dc8689c89
5493,159,a0cc460e-fa87-487d-8b2f-8516d1c44101,b595ab89-f7cc-4a96-b19c-d87dc8689c89
5494,159,8b44ec2d-5f3b-4171-a104-af8804173698,b595ab89-f7cc-4a96-b19c-d87dc8689c89
5495,159,26390fc8-49ce-4e81-8f64-8ca2bdb647ad,b595ab89-f7cc-4a96-b19c-d87dc8689c89
5496,159,c2c035f4-ad92-4ab5-b88a-1c5b57e8d666,b595ab89-f7cc-4a96-b19c-d87dc8689c89
5497,159,416933cc-d122-480e-a629-6b12c3abb2ed,b595ab89-f7cc-4a96-b19c-d87dc8689c89
5498,159,d99af8ac-00db-4791-80a0-b7c20a29389a,b595ab89-f7cc-4a96-b19c-d87dc8689c89
5499,159,8f84f357-a416-4e0a-a08c-acb3f72f0352,b595ab89-f7cc-4a96-b19c-d87dc8689c89
5500,159,e15997d0-7a53-4d1e-909d-09a5b61a9447,b595ab89-f7cc-4a96-b19c-d87dc8689c89
5501,159,47017fa9-d8a6-4081-b9be-126595e96727,b595ab89-f7cc-4a96-b19c-d87dc8689c89
5502,159,31a7d85f-cebd-4f6d-bcbb-b3dd3d0dfd3d,b595ab89-f7cc-4a96-b19c-d87dc8689c89
5503,1558,d5c044e1-a16a-45ae-97e9-be89c6909eba,d27ef9b3-97c1-49be-bc75-62750ca9a165
5504,1558,1eca7d71-60a6-4c7f-9e5f-67cf2dd86acd,d27ef9b3-97c1-49be-bc75-62750ca9a165
5505,140,1be138c3-b3b9-412d-b6bf-48740f0a0531,5e30830f-1a0b-4983-9ffd-39cd4239b236
5505,159,1be138c3-b3b9-412d-b6bf-48740f0a0531,b595ab89-f7cc-4a96-b19c-d87dc8689c89
5505,175,1be138c3-b3b9-412d-b6bf-48740f0a0531,5af64a9f-5bc3-4d23-858a-37d42f54a257
5506,152,9bb2b0e9-7867-4f1e-99a7-2da2aeabf275,26c817ef-9b23-4973-82cc-e96a1a97d5dc
5506,153,9bb2b0e9-7867-4f1e-99a7-2da2aeabf275,2f091f27-e43b-43ff-8d25-9edbd3a1c2fe
5506,379,9bb2b0e9-7867-4f1e-99a7-2da2aeabf275,92e8b438-8846-449c-ac25-b0b56f348abc
5507,62,d04e5381-f24c-459e-a776-631e9aa33eef,40b736e4-3eff-44db-8fc8-e191322c321b
5507,124,d04e5381-f24c-459e-a776-631e9aa33eef,cce29796-6f71-4a60-bba2-58a4a1fd922a
5507,177,d04e5381-f24c-459e-a776-631e9aa33eef,04a9c418-a92b-4f1d-820c-5c37512c7927
5508,177,a68b93bd-4656-4d28-af50-6d2694aa7ac6,04a9c418-a92b-4f1d-820c-5c37512c7927
5508,279,a68b93bd-4656-4d28-af50-6d2694aa7ac6,1a88a251-3cb7-4f11-90a0-5558530cdd81
5509,159,5b8b0db6-1402-44e4-8f27-0b368d5ad595,b595ab89-f7cc-4a96-b19c-d87dc8689c89
5510,159,79a4dac3-fe01-430c-97de-a7f051a622b1,b595ab89-f7cc-4a96-b19c-d87dc8689c89
5511,159,401eef4e-0699-4c55-a3ce-cefa298edcd1,b595ab89-f7cc-4a96-b19c-d87dc8689c89
5512,159,a2eef453-38c0-40d6-867c-d0afc89ae27d,b595ab89-f7cc-4a96-b19c-d87dc8689c89
5513,159,294d48d9-abc2-45cd-be64-be599d2b7428,b595ab89-f7cc-4a96-b19c-d87dc8689c89
5514,159,3e9a8ba7-f116-4567-8632-895f4d29c8b1,b595ab89-f7cc-4a96-b19c-d87dc8689c89
5515,124,c5a0759a-c1f5-48f3-af35-60f5d0a6e66e,cce29796-6f71-4a60-bba2-58a4a1fd922a
5515,159,c5a0759a-c1f5-48f3-af35-60f5d0a6e66e,b595ab89-f7cc-4a96-b19c-d87dc8689c89
5516,159,36bb9b5a-4c82-4d34-aac6-8f8bb3f7ad63,b595ab89-f7cc-4a96-b19c-d87dc8689c89
5517,159,44895fc4-1ffc-4705-a774-54603184dff2,b595ab89-f7cc-4a96-b19c-d87dc8689c89
5518,159,58eab197-9ea5-486a-adaf-92855d6d1d49,b595ab89-f7cc-4a96-b19c-d87dc8689c89
5519,159,c0cc43a2-3433-4f9f-8d5a-10b4a14cc030,b595ab89-f7cc-4a96-b19c-d87dc8689c89
5520,21,644ea384-8a72-4a09-92a4-dee488c03505,d0afac79-d069-449f-abb6-c18974f09fba
5520,34,644ea384-8a72-4a09-92a4-dee488c03505,728ba25f-56f0-49c7-aad3-cee18e334c2b
5521,155,1df31dd4-59ec-472e-91cc-f78383a9e70f,c29da24a-aa6b-4c32-bef8-8fcb970c47b3
5522,253,c27dab67-5eb5-4530-afff-08254145faab,0a17b295-c551-41da-ada5-924dddf4c0fc
5523,253,b2e56343-1d40-4bb7-a08d-5534762de21e,0a17b295-c551-41da-ada5-924dddf4c0fc
5524,253,dd4373c8-40f3-4510-9744-4cf6b15dbf6c,0a17b295-c551-41da-ada5-924dddf4c0fc
5525,177,1b77b0be-6ce0-40e6-bac8-34da0e397252,04a9c418-a92b-4f1d-820c-5c37512c7927
5526,177,26ecdf64-1d00-42cf-acab-03aaaf532eec,04a9c418-a92b-4f1d-820c-5c37512c7927
5527,177,0a4ace91-2ad9-4e5c-b756-b52af8af1c0b,04a9c418-a92b-4f1d-820c-5c37512c7927
5528,177,1aeb8dcc-15f0-42c7-bf3a-e7f692f888e5,04a9c418-a92b-4f1d-820c-5c37512c7927
5529,177,05727868-6429-464d-ab0f-34ab7e64ba87,04a9c418-a92b-4f1d-820c-5c37512c7927
5530,177,9a530f0d-da8f-4203-bac3-23a9bd2f033b,04a9c418-a92b-4f1d-820c-5c37512c7927
5531,177,9a68213b-b8d4-4e6d-97c0-0e306db10d88,04a9c418-a92b-4f1d-820c-5c37512c7927
5532,28,eda79872-5583-497b-b638-54768c4b33b5,640ff5f6-c924-4484-811a-93df1f274cc9
5532,177,eda79872-5583-497b-b638-54768c4b33b5,04a9c418-a92b-4f1d-820c-5c37512c7927
5533,177,8687d60e-cd10-4541-8ef6-5ada6e6f4446,04a9c418-a92b-4f1d-820c-5c37512c7927
5534,177,3789b325-5922-411f-80f0-e5b17082dc7d,04a9c418-a92b-4f1d-820c-5c37512c7927
5535,177,051b015e-30d0-4fc3-b390-355aef33ec83,04a9c418-a92b-4f1d-820c-5c37512c7927
5536,177,ba7852e2-14e7-4844-9060-9a981a930c8d,04a9c418-a92b-4f1d-820c-5c37512c7927
5537,177,e9393581-ef37-43d0-a365-ca16365d7ebc,04a9c418-a92b-4f1d-820c-5c37512c7927
5538,177,22d9754c-ae36-44ff-98a4-439568b6ea96,04a9c418-a92b-4f1d-820c-5c37512c7927
5539,177,1b55a599-83ed-4456-9339-69cab7ee7ca3,04a9c418-a92b-4f1d-820c-5c37512c7927
5540,179,244e28a9-50d3-4680-b8ac-20366ed117e6,617a4cfd-dcaf-40c4-98a9-3d388c7ca4a0
5542,162,6af70c27-b4b5-484a-9414-12507f4f511d,b5f24c2f-60b1-4a00-98c8-c025702f1644
5543,179,1d7b10b3-a6e2-4caf-8810-2cabccf9f88f,617a4cfd-dcaf-40c4-98a9-3d388c7ca4a0
5544,252,d667c8d9-204d-4655-8bad-24c8e02b0801,b8f7886c-1476-4a7e-ac54-12ab3fdd7fc9
5545,252,d41c3332-621e-4c3c-a384-31e5fe5929c0,b8f7886c-1476-4a7e-ac54-12ab3fdd7fc9
5546,252,db2c1c3b-35a6-43cc-9ccf-afb198a58e14,b8f7886c-1476-4a7e-ac54-12ab3fdd7fc9
5547,42,d44694d7-4f3d-4e03-af57-b5196e5fb861,7943dbc7-7395-45ed-ad7d-9b9247b90db0
5549,253,234a1821-6339-4e40-a6b3-ed943d2778bf,0a17b295-c551-41da-ada5-924dddf4c0fc
5551,253,e244eff2-3bbc-4ccb-ac6a-c5e6c072e813,0a17b295-c551-41da-ada5-924dddf4c0fc
5552,65,31f6f215-9a4d-4921-b528-186c0c25343a,71c3836d-c92c-4a50-ab85-87c986635583
5552,177,31f6f215-9a4d-4921-b528-186c0c25343a,04a9c418-a92b-4f1d-820c-5c37512c7927
5553,177,8b64cee9-b317-41b0-a1ad-0a080eca5e38,04a9c418-a92b-4f1d-820c-5c37512c7927
5554,177,fba8fb4f-5995-4d3f-93e1-d74ffff6c8c0,04a9c418-a92b-4f1d-820c-5c37512c7927
5555,1559,03b3d9e6-88fa-4e09-af3a-c3ae01a8267f,d0d43bab-a051-4801-a316-1b03d17f2e45
5556,1559,b37ff157-da28-49e7-acf2-7d23272203d4,d0d43bab-a051-4801-a316-1b03d17f2e45
5557,1559,2313b367-9432-413c-8fcc-ac98f197b6c4,d0d43bab-a051-4801-a316-1b03d17f2e45
5558,49,911f82e7-17f6-4c85-bd1d-ca873819a025,8e7b59b7-63d6-484d-9517-c1a74563a05f
5559,12,40dec662-bfb1-4c73-9bb6-ac49d4fa5ce2,d5670874-8030-4367-bddd-f202455e164b
5560,1565,37929a09-438c-4eb9-b162-7235b53ff97a,d11ecbe1-8b62-4c9d-8c7b-f15b847c0d90
5566,96,148c7797-ee97-441e-8fbf-b5b68e63e5de,8b54abd3-797c-471c-ad4a-1bde5ea69734
5571,1444,81e9ed35-f267-4d87-b124-9c7ff6192f9c,aaa53d76-f1c9-4458-9063-17c408265d13
5572,1444,4b23c0d4-a562-414b-9297-3571e23003b6,aaa53d76-f1c9-4458-9063-17c408265d13
5573,1444,9b2dd2b9-0550-4d4c-bbe4-7aec04b1e278,aaa53d76-f1c9-4458-9063-17c408265d13
5574,1444,d7ff53f9-54f0-41e2-ba33-5f67a3cd6ce9,aaa53d76-f1c9-4458-9063-17c408265d13
5575,1560,d2e221b6-38e8-4464-bf29-24d744ecd2f8,3862025d-a49e-4cbc-8f7e-858c757202bd
5576,1560,15980479-aaa9-411c-a8f5-a9b5bf3fac22,3862025d-a49e-4cbc-8f7e-858c757202bd
5577,1560,37907439-0928-4d5d-b74c-640d74cb2de4,3862025d-a49e-4cbc-8f7e-858c757202bd
5578,1560,758a857a-53b4-4163-975a-c4659f98bbc1,3862025d-a49e-4cbc-8f7e-858c757202bd
5579,1561,50952574-4841-4f7c-920b-0f5f08870e5f,365ec50f-31cf-48ec-90d8-399845d82491
5580,1562,5cab4ba9-545c-48af-ade6-54f090d686cc,7d0b713a-2cca-467a-a7ec-b3575ca205e8
5581,1565,e167ee63-ed7c-481c-8bc3-86a0ca6d68e3,d11ecbe1-8b62-4c9d-8c7b-f15b847c0d90
5582,1566,859288e2-7fec-4202-b0ad-02b625b644e0,2717d189-8d10-45f2-9393-b7c16da9ae8a
5583,1567,5c9d23e0-6010-4313-85b3-53081d2c12d9,5718fb5e-ddef-4bb0-809e-d25198636262
5584,1565,c8a29aab-3731-4f55-9e76-1f2e76056ec2,d11ecbe1-8b62-4c9d-8c7b-f15b847c0d90
5584,1567,c8a29aab-3731-4f55-9e76-1f2e76056ec2,5718fb5e-ddef-4bb0-809e-d25198636262
5585,86,f0d2e8cc-ceff-4bcc-91db-821961703743,6361e1ff-75aa-4916-a429-5b6e5c026f08
5586,86,5347cf9d-4a30-4864-a639-3c5d0a5f5dac,6361e1ff-75aa-4916-a429-5b6e5c026f08
5587,86,49fd58f6-35e3-48f7-91e9-c35d7e365d7c,6361e1ff-75aa-4916-a429-5b6e5c026f08
5588,1444,83d5076d-430b-406b-8a8c-a33a2bddeded,aaa53d76-f1c9-4458-9063-17c408265d13
5589,1560,b301f11a-9236-4e5e-9822-fac14c3411bb,3862025d-a49e-4cbc-8f7e-858c757202bd
5590,1567,06e27b64-234d-40d5-95ba-496ddcd44175,5718fb5e-ddef-4bb0-809e-d25198636262
5591,262,ab979f9d-865e-43fb-88bf-b5f71430d524,7a8dabeb-ed7e-4ae9-a16f-3b60097e83d9
5592,388,bac430af-308d-4337-aee4-4431a7857099,022241a6-e3e5-4d3d-8954-e86cdbec2042
5593,268,14a0c397-eb16-4c24-8528-a0ec9877e65a,aa3306e8-086b-47e0-8df6-81efcac93d77
5594,268,17bb4510-280c-45b9-a72f-73b001f1b1e4,aa3306e8-086b-47e0-8df6-81efcac93d77
5595,388,f6c62e75-17ea-449b-a46b-45178447b19b,022241a6-e3e5-4d3d-8954-e86cdbec2042
5596,268,eab821b3-17a4-4853-9fe2-6cf8efb74f1b,aa3306e8-086b-47e0-8df6-81efcac93d77
5597,157,da985058-fb0e-4fa5-8341-e41b34fef442,e8ce0762-3e4d-48b6-9150-351d0b508b80
5598,176,69eb6836-1962-466a-ae3e-4458313505a9,2d645b0c-5c86-4ca6-9b35-8e7fecf04fdf
5599,252,335809e8-ea22-43c9-8381-3286cda62853,b8f7886c-1476-4a7e-ac54-12ab3fdd7fc9
5600,152,af278863-4141-40cf-b4e9-f49245ff1dd2,26c817ef-9b23-4973-82cc-e96a1a97d5dc
5601,253,100767c5-11ad-47ba-a139-e360b9d48a51,0a17b295-c551-41da-ada5-924dddf4c0fc
5602,253,49832ed3-c710-4abd-a77a-74057d98c8e7,0a17b295-c551-41da-ada5-924dddf4c0fc
5603,157,0e3e83a4-caee-4795-bc70-0b8c67520a34,e8ce0762-3e4d-48b6-9150-351d0b508b80
5604,157,4df0793f-ec6b-419f-9dba-c7cc2521b01e,e8ce0762-3e4d-48b6-9150-351d0b508b80
5605,274,cffc4c4f-4189-4666-95e6-43cc0c92caae,5fd4126d-bead-4b27-9dc0-6aa814e05f49
5606,152,7fe5073b-cc55-4cf7-84b0-dd337eab713b,26c817ef-9b23-4973-82cc-e96a1a97d5dc
5607,268,a209b260-97d3-4370-bc21-705c1fc11a37,aa3306e8-086b-47e0-8df6-81efcac93d77
5608,152,5ddf3390-8db7-4223-8900-2a9c593a076e,26c817ef-9b23-4973-82cc-e96a1a97d5dc
5609,268,0300696b-10c3-4c07-b820-c3eb553961f1,aa3306e8-086b-47e0-8df6-81efcac93d77
5610,388,49cc854e-f188-41f5-9fd8-6dcc61540707,022241a6-e3e5-4d3d-8954-e86cdbec2042
5611,266,4af22aed-95d8-4eb5-977d-d517eea3a671,29c7b9ca-ed1b-451a-becf-f4cce3d8951b
5612,167,dc0fb1eb-b121-4858-8109-42b6e8c656f0,453d83bd-9f1b-4e33-95c3-80cd8d1e6c7d
5613,255,38a81e74-155f-405f-8505-319cb8578180,747d634d-f346-49cd-aa18-fe7a62198c7c
5614,376,aa577b94-f556-4150-8539-b621e5d71d7a,125ce8e1-aed7-4d08-9a46-08e79baae0d4
5615,179,acd7f852-eeab-4534-b11c-71628f1913b8,617a4cfd-dcaf-40c4-98a9-3d388c7ca4a0
5616,268,614ec30a-224a-4f0a-8e2d-a41299137e74,aa3306e8-086b-47e0-8df6-81efcac93d77
5617,259,b556fc6b-5905-4a66-a865-cab2bb34360c,2c89c4a4-e2d6-43a8-a8ed-59770c8b5089
5618,152,8688d571-43c1-4190-8051-25e9addb065a,26c817ef-9b23-4973-82cc-e96a1a97d5dc
5619,9,7bf1ef5f-dc39-45dd-b436-a26f5be5c194,d14906ed-d7ec-4889-9b2d-dcab4ebc44e7
5619,81,7bf1ef5f-dc39-45dd-b436-a26f5be5c194,46a3a846-0594-4572-bd98-44af98531585
5619,151,7bf1ef5f-dc39-45dd-b436-a26f5be5c194,fe2bc426-db9d-4afc-bc4b-01f296a4ee76
5619,152,7bf1ef5f-dc39-45dd-b436-a26f5be5c194,26c817ef-9b23-4973-82cc-e96a1a97d5dc
5619,252,7bf1ef5f-dc39-45dd-b436-a26f5be5c194,b8f7886c-1476-4a7e-ac54-12ab3fdd7fc9
5619,253,7bf1ef5f-dc39-45dd-b436-a26f5be5c194,0a17b295-c551-41da-ada5-924dddf4c0fc
5620,259,c00d887c-b860-4af4-9c76-0554ee74ffda,2c89c4a4-e2d6-43a8-a8ed-59770c8b5089
5621,274,0032283a-22bd-42de-b82a-12ddb98fcfb7,5fd4126d-bead-4b27-9dc0-6aa814e05f49
5622,21,270ae384-15ac-4cf2-bf30-c5101ee88e62,d0afac79-d069-449f-abb6-c18974f09fba
5622,40,270ae384-15ac-4cf2-bf30-c5101ee88e62,bc62358e-434a-4b1e-b09d-72e879f7e685
5622,49,270ae384-15ac-4cf2-bf30-c5101ee88e62,8e7b59b7-63d6-484d-9517-c1a74563a05f
5622,59,270ae384-15ac-4cf2-bf30-c5101ee88e62,0ab221c9-9090-45d3-8f78-9cc0012614df
5622,117,270ae384-15ac-4cf2-bf30-c5101ee88e62,decee226-8684-4491-8c02-f0746c6bb6ac
5622,152,270ae384-15ac-4cf2-bf30-c5101ee88e62,26c817ef-9b23-4973-82cc-e96a1a97d5dc
5624,255,3037110d-8d14-42e3-93fc-02134ec84b14,747d634d-f346-49cd-aa18-fe7a62198c7c
5625,146,ea364195-c7e3-4937-afff-127a364fa304,0a98de96-f33e-4e1b-a352-9a64897be46f
5626,253,41562227-93b2-4979-95f0-27302c7bbc66,0a17b295-c551-41da-ada5-924dddf4c0fc
5627,388,9c3b3885-7037-4366-af8b-6e5a5d62c026,022241a6-e3e5-4d3d-8954-e86cdbec2042
5628,262,7512118d-aa5f-4836-bf9b-09fc3aaf220f,7a8dabeb-ed7e-4ae9-a16f-3b60097e83d9
5629,1464,b101f33e-2368-4e1a-85e4-49dccfcffa28,401efe31-71c3-421b-b443-aa458eead89a
5630,268,ad570bfc-00cb-4c0b-b9e8-60990d837f12,aa3306e8-086b-47e0-8df6-81efcac93d77
5631,1464,4fd49925-9120-48e5-bf68-1926b9507409,401efe31-71c3-421b-b443-aa458eead89a
5632,177,d174df3f-9fd1-4eab-ab71-95fd75bff47c,04a9c418-a92b-4f1d-820c-5c37512c7927
5633,253,3c1d1ab6-1c06-475a-9eaa-e08901d75609,0a17b295-c551-41da-ada5-924dddf4c0fc
5634,255,ab5e4fb6-2b9c-4ab1-87aa-a86b54128134,747d634d-f346-49cd-aa18-fe7a62198c7c
5635,264,76346b13-aa89-4663-9457-da01df110666,2910befc-9380-4580-9fb8-db3a48f51a32
5636,388,055cc483-1ba1-41ca-ac27-61c0b448c882,022241a6-e3e5-4d3d-8954-e86cdbec2042
5637,265,899cbde8-6c3d-4e7f-86e9-9d36fe6872f7,3ea5fd91-147a-409d-a64c-650bf87fe7fd
5638,268,02a23b06-6083-4c82-afe6-b19a4cc003f9,aa3306e8-086b-47e0-8df6-81efcac93d77
5639,268,5b1d1517-f781-405a-a884-a09636f84605,aa3306e8-086b-47e0-8df6-81efcac93d77
5640,268,9d259abf-bed4-4c47-880b-481badfbe637,aa3306e8-086b-47e0-8df6-81efcac93d77
5641,268,6076a884-423a-4bd9-b7cf-94d3acdea8f1,aa3306e8-086b-47e0-8df6-81efcac93d77
5642,265,a68e1aa3-e177-435e-b30d-8481b29d2996,3ea5fd91-147a-409d-a64c-650bf87fe7fd
5643,268,8a9d76e6-a3f5-44a3-94ac-322cac8efc20,aa3306e8-086b-47e0-8df6-81efcac93d77
5644,265,faa63b72-2196-4f06-8c68-48261a25d87b,3ea5fd91-147a-409d-a64c-650bf87fe7fd
5645,262,d54b49a8-57e8-4381-a882-3126f47306e9,7a8dabeb-ed7e-4ae9-a16f-3b60097e83d9
5646,255,84fc91dd-ea5b-41ed-b43a-7cad5c1e5c97,747d634d-f346-49cd-aa18-fe7a62198c7c
5647,149,4c8ac025-372a-4ae3-abf8-7d94e5406cce,e4d63e54-e6c0-4a81-9333-876f96d8be6c
5647,401,4c8ac025-372a-4ae3-abf8-7d94e5406cce,28dbc433-5824-4b91-ab0d-406b655ae8b1
5648,1568,866af1b2-e916-4a77-840d-3ee65a9680e5,8aef1a39-db51-422c-a7eb-a98eb397dddd
5649,1569,185a7b46-6ecb-4135-8d5f-480098d1a8c2,a0dd5677-23b8-4040-9318-ce7536cc4186
5650,62,50d5f0de-ecb1-46f3-b794-915281aec470,40b736e4-3eff-44db-8fc8-e191322c321b
5650,157,50d5f0de-ecb1-46f3-b794-915281aec470,e8ce0762-3e4d-48b6-9150-351d0b508b80
5650,267,50d5f0de-ecb1-46f3-b794-915281aec470,3159d781-02ed-4a5f-8607-bad6f71f4fcb
5651,256,3346163d-8ecf-4f84-bbf1-03134c455bb9,9fe81f16-3a72-4b65-9941-0fb6c2db42fa
5652,157,9b167c61-5a77-4c41-9cf6-61454640d397,e8ce0762-3e4d-48b6-9150-351d0b508b80
5653,149,3369d54f-caf1-452f-81f1-834423f7ef7b,e4d63e54-e6c0-4a81-9333-876f96d8be6c
5654,149,48b2ea84-6dd0-407e-9785-daaf779288f6,e4d63e54-e6c0-4a81-9333-876f96d8be6c
5655,149,7454ebec-ca52-414d-b504-24949dfa2f75,e4d63e54-e6c0-4a81-9333-876f96d8be6c
5656,391,9652593e-fc4d-4ca1-855e-b1654f3ff264,8fe12dcc-2137-4fdd-891e-b0df22326725
5657,146,d8d6b39b-c9db-4017-a886-8917012d017e,0a98de96-f33e-4e1b-a352-9a64897be46f
5658,1570,8be852ad-e80a-4498-8c08-4f6662f5a4bd,cae2ece8-ddac-4816-a098-bfcad9072ce4
5659,1571,dcfeb06c-2b28-4db9-9eea-672e3ef83c29,174992f6-9c6e-4491-838f-cf55166e8337
5660,149,dca814a1-bef3-4dfd-8538-822f9d033237,e4d63e54-e6c0-4a81-9333-876f96d8be6c
5661,1572,ac98cb5a-46ba-4a52-ada8-804cdff3decf,29111125-d207-443c-ae0f-54aff7df5d95
5662,1573,e9a8038e-4d1e-4aae-9bfb-657e4bf30d56,a1f73616-9d38-4651-bbb8-b4d3dabd633d
5663,1574,a672fa0a-6bd0-4108-9a80-807e5f73f7e5,601a1107-d17c-4adf-a596-77591b7091eb
5664,149,58a3aff2-b097-4d51-b513-4aea09620b2c,e4d63e54-e6c0-4a81-9333-876f96d8be6c
5665,255,e484799c-4fe7-4a30-805a-507ee3d2693d,747d634d-f346-49cd-aa18-fe7a62198c7c
5666,149,8b0d8ed2-8fa6-4710-aefa-02761cf122eb,e4d63e54-e6c0-4a81-9333-876f96d8be6c
5667,1575,f51212d4-f682-42ce-96fd-1bcaa03152c6,0643813c-3164-4f40-9221-b7b7e4917747
5668,259,d99d9b98-45f4-4037-beda-a0d862b0608a,2c89c4a4-e2d6-43a8-a8ed-59770c8b5089
5669,11,810a2ac6-3d44-41dc-9e00-861e50a5c1fd,8b4fb246-83a3-4768-8e01-4e82d9834957
5671,11,23804bcd-207b-4ff9-ad91-2866bcc96bf0,8b4fb246-83a3-4768-8e01-4e82d9834957
5672,11,12d58c2f-a8c5-42b1-be59-70453e9f98d7,8b4fb246-83a3-4768-8e01-4e82d9834957
5673,11,3deaba66-54d4-4143-a96b-d84a5e8a7c26,8b4fb246-83a3-4768-8e01-4e82d9834957
5674,11,ccc54b93-0ef8-4fe4-80ff-e80fd9623ae1,8b4fb246-83a3-4768-8e01-4e82d9834957
5675,28,7467b1c9-4ac8-42dd-882f-053d9cea12f2,640ff5f6-c924-4484-811a-93df1f274cc9
5676,153,8a59ec8c-1d9f-4cf6-a205-f90623d245ae,2f091f27-e43b-43ff-8d25-9edbd3a1c2fe
5677,28,c8d74958-0aa8-4cb1-befa-6991b755bba3,640ff5f6-c924-4484-811a-93df1f274cc9
5678,153,0f6abf76-e326-4aa0-bf3a-7f821f70a5e8,2f091f27-e43b-43ff-8d25-9edbd3a1c2fe
5680,153,ea4c8ae4-975d-49b4-bba1-f1e04680f334,2f091f27-e43b-43ff-8d25-9edbd3a1c2fe
5681,153,14c2ab16-474f-4720-b45f-e85c017e6691,2f091f27-e43b-43ff-8d25-9edbd3a1c2fe
5682,153,91a36691-f973-417b-94ce-ae48ea465cdd,2f091f27-e43b-43ff-8d25-9edbd3a1c2fe
5683,153,0b5acbe3-2166-4c92-a47f-5a0bc87f1864,2f091f27-e43b-43ff-8d25-9edbd3a1c2fe
5684,153,81d9b8ae-7a33-4fe7-8bae-f6098e340bae,2f091f27-e43b-43ff-8d25-9edbd3a1c2fe
5685,153,f799e536-7d02-4f37-8a71-8dface42e5ba,2f091f27-e43b-43ff-8d25-9edbd3a1c2fe
5686,153,d2dbeef1-32b4-4be6-8cdb-01e3c44aaf82,2f091f27-e43b-43ff-8d25-9edbd3a1c2fe
5687,153,221f041a-2718-4617-8d16-d24de0750901,2f091f27-e43b-43ff-8d25-9edbd3a1c2fe
5688,281,f87d9ca6-e49a-4f85-8fea-4c650eef24e5,e941b227-e695-4638-b86d-172090dc29df
5689,152,04d3de83-213f-4634-9a27-3dffc6f6e3b9,26c817ef-9b23-4973-82cc-e96a1a97d5dc
5690,152,c8ede84d-123e-4292-b9e5-9e1ba2dfbdc7,26c817ef-9b23-4973-82cc-e96a1a97d5dc
5691,196,1bc62336-e750-4bd0-9faf-93b95762fd14,e5db0d68-19e5-41fc-83b4-70650e5ff4ed
5692,28,85a9f97e-529d-4f30-923e-0a82b8c48588,640ff5f6-c924-4484-811a-93df1f274cc9
5693,11,288a0dfa-368f-4a28-b5cf-b6aa8d78e9cb,8b4fb246-83a3-4768-8e01-4e82d9834957
5694,11,3a14d834-f9d0-4167-8cbd-eb7f96d2c4fd,8b4fb246-83a3-4768-8e01-4e82d9834957
5695,11,d361bc4b-10d5-4f60-ac8b-c1fd472b978e,8b4fb246-83a3-4768-8e01-4e82d9834957
5696,11,9df4e073-9f3a-4902-bf68-a1a3e92096ea,8b4fb246-83a3-4768-8e01-4e82d9834957
5697,11,3bbcb359-7531-4c65-88a7-52a4ebb26fdf,8b4fb246-83a3-4768-8e01-4e82d9834957
5698,11,c7fa4658-69db-4492-bc4d-46dbb3ab002c,8b4fb246-83a3-4768-8e01-4e82d9834957
5699,11,6793317d-4fb8-445d-88dc-21b703bdcf45,8b4fb246-83a3-4768-8e01-4e82d9834957
5702,153,bf563901-ff9d-4920-9d80-c8ce21fe2abd,2f091f27-e43b-43ff-8d25-9edbd3a1c2fe
5703,153,63f9c886-241b-41af-a2dc-33be4ac0f748,2f091f27-e43b-43ff-8d25-9edbd3a1c2fe
5704,187,ccc02c7b-12d2-437b-82be-72e859bb6d05,5388ccc6-fb1c-4762-8d2d-6b3316b0a2b1
5705,153,27c32689-b512-4354-bffc-102066fdfbb2,2f091f27-e43b-43ff-8d25-9edbd3a1c2fe
5706,28,eb31643a-135d-455b-80ff-78e3a676b0b7,640ff5f6-c924-4484-811a-93df1f274cc9
5707,65,25e39853-15de-4d9a-b520-02eedecfebdb,71c3836d-c92c-4a50-ab85-87c986635583
5708,155,1a5f7ca4-a9fc-4ad4-99d1-3f3d856ea0b5,c29da24a-aa6b-4c32-bef8-8fcb970c47b3
5709,124,30a7e987-efdb-4333-b1c9-73a1115bcfd8,cce29796-6f71-4a60-bba2-58a4a1fd922a
5710,90,6da6edf6-fb92-457d-b920-109030ab19f1,0d04db60-61ba-493c-b8f5-64806ed374ee
5711,157,a0ef5aa9-4dc4-418c-86db-bc2483139387,e8ce0762-3e4d-48b6-9150-351d0b508b80
5712,157,76a109aa-0fd1-4a82-9923-d57594292e69,e8ce0762-3e4d-48b6-9150-351d0b508b80
5713,151,d10fac08-59df-47c0-bc98-d1b81beb4da6,fe2bc426-db9d-4afc-bc4b-01f296a4ee76
5714,151,755f531c-9f50-42b2-bdd1-a555cb690e98,fe2bc426-db9d-4afc-bc4b-01f296a4ee76
5715,164,21b22c1c-cfd3-48d9-82d3-39eda8d1bea8,22696324-bb0d-45a4-8201-26ea3bbe9fdc
5716,164,10ea24e8-6ccb-44c8-ac5e-ceafaa988ea6,22696324-bb0d-45a4-8201-26ea3bbe9fdc
5717,164,fd29e670-b410-4f78-a322-f1630ddd2ef6,22696324-bb0d-45a4-8201-26ea3bbe9fdc
5718,164,06d72807-4a1e-46cc-ae91-d6df4069fac3,22696324-bb0d-45a4-8201-26ea3bbe9fdc
5719,164,c15cef91-96e2-41aa-bd26-6c3411c5fcb7,22696324-bb0d-45a4-8201-26ea3bbe9fdc
5720,164,6b9212d0-ec52-4d08-a25a-e474c3b427f9,22696324-bb0d-45a4-8201-26ea3bbe9fdc
5721,196,9dd99498-1527-4bac-afc8-39de1751b44e,e5db0d68-19e5-41fc-83b4-70650e5ff4ed
5722,196,20644ab1-b395-45e1-8642-d945141f3c02,e5db0d68-19e5-41fc-83b4-70650e5ff4ed
5723,196,9a3dcfa0-5442-42d8-9521-7b71b849dd50,e5db0d68-19e5-41fc-83b4-70650e5ff4ed
5724,196,2e1bb21e-1e8b-4ae9-b324-2fb334985902,e5db0d68-19e5-41fc-83b4-70650e5ff4ed
5725,196,d435c3dd-2dae-4621-afcf-a59d4aa348b2,e5db0d68-19e5-41fc-83b4-70650e5ff4ed
5726,196,b1e543f5-2f73-448f-9460-3e91afbc0ee0,e5db0d68-19e5-41fc-83b4-70650e5ff4ed
5727,196,bb2479c0-ed6e-4a67-93aa-e351168748e3,e5db0d68-19e5-41fc-83b4-70650e5ff4ed
5728,196,11a4c86c-c52d-4c5b-94dd-58af427042bd,e5db0d68-19e5-41fc-83b4-70650e5ff4ed
5729,196,261d1ede-413c-41fa-937f-09068b82c4aa,e5db0d68-19e5-41fc-83b4-70650e5ff4ed
5730,196,92867aa1-6067-402f-8939-c589b50fb03c,e5db0d68-19e5-41fc-83b4-70650e5ff4ed
5731,196,1c6d8e3e-c2ec-43e6-b159-62c35c1bc8b3,e5db0d68-19e5-41fc-83b4-70650e5ff4ed
5732,196,7b27539f-ce50-46f5-81e2-5047448b51a7,e5db0d68-19e5-41fc-83b4-70650e5ff4ed
5733,66,322b9580-2028-4a3e-8009-7c33cd7dca79,c0d44e8b-293f-4877-ac80-c2693890ce0e
5734,36,9fdf370d-5eeb-44d5-937a-eda3338901f1,acdac7eb-bd18-45d9-8f99-50376e188e9f
5735,36,d109137c-29e8-4b17-bfa1-f35167a6836e,acdac7eb-bd18-45d9-8f99-50376e188e9f
5736,24,f0b9a9d6-9348-4e91-b221-308d6f4b3512,1a737b63-ad3c-462b-9c6b-cbdb07a44871
5737,24,f58bd36b-e431-48b2-87f1-87a307831059,1a737b63-ad3c-462b-9c6b-cbdb07a44871
5738,24,b4cf98c1-d20c-4e1e-995a-4d9e6c3aa275,1a737b63-ad3c-462b-9c6b-cbdb07a44871
5739,24,9420b6ca-640d-4e93-be25-00d3274ccece,1a737b63-ad3c-462b-9c6b-cbdb07a44871
5740,24,b3a1ed56-b0eb-4da0-ac06-de2d258b4c05,1a737b63-ad3c-462b-9c6b-cbdb07a44871
5741,24,407e4d2a-d968-4489-a230-da1fd2af2cc4,1a737b63-ad3c-462b-9c6b-cbdb07a44871
5742,155,0dd8d6e6-5a97-432c-9a42-c0ad47639047,c29da24a-aa6b-4c32-bef8-8fcb970c47b3
5743,196,92d7698f-82de-4653-856e-2cb163068003,e5db0d68-19e5-41fc-83b4-70650e5ff4ed
5744,196,d3627314-d621-4f80-8dac-4253fb1014e9,e5db0d68-19e5-41fc-83b4-70650e5ff4ed
5745,196,c15b960f-a88c-4da2-b83a-6957f99481a2,e5db0d68-19e5-41fc-83b4-70650e5ff4ed
5746,196,8a671f2d-c1c3-4137-9999-f257be71ab3d,e5db0d68-19e5-41fc-83b4-70650e5ff4ed
5747,196,39d5d069-afd1-4169-95eb-9feb087e7509,e5db0d68-19e5-41fc-83b4-70650e5ff4ed
5748,196,343dc316-709b-4040-8f54-c59801695e74,e5db0d68-19e5-41fc-83b4-70650e5ff4ed
5751,24,0e709b58-a481-40a1-ad84-0a238a9c1bc2,1a737b63-ad3c-462b-9c6b-cbdb07a44871
5752,24,2262bb61-90ed-4dfe-b142-6d20347efc98,1a737b63-ad3c-462b-9c6b-cbdb07a44871
5754,299,17be67ee-cf79-4663-8cb7-6dd32132f502,0d04cc2b-f17d-4cb3-9a59-d50df338e72a
5755,299,6785f37d-f72d-451b-99c9-98974d76c130,0d04cc2b-f17d-4cb3-9a59-d50df338e72a
5756,299,f983aabe-70e9-4953-9929-368862b5e4a8,0d04cc2b-f17d-4cb3-9a59-d50df338e72a
5757,299,1580470b-7f95-4a1a-a2bb-54056476f50a,0d04cc2b-f17d-4cb3-9a59-d50df338e72a
5758,299,aaf936ef-392f-4745-b0bc-c940a619cc16,0d04cc2b-f17d-4cb3-9a59-d50df338e72a
5759,166,ad843770-e424-49a9-99f2-365a64b93d80,8d62ed42-8920-427e-bdcd-b5ad58e3dcb6
5760,166,f8f55579-7f91-4cc9-97dc-f9adff1902e6,8d62ed42-8920-427e-bdcd-b5ad58e3dcb6
5761,166,de7d31c9-1d5b-4b5a-9996-1c5ef62195dc,8d62ed42-8920-427e-bdcd-b5ad58e3dcb6
5762,166,d6854343-947d-4de1-af22-6a7a55bd0737,8d62ed42-8920-427e-bdcd-b5ad58e3dcb6
5763,166,56c66ab5-7616-4cd6-9274-745af19274e1,8d62ed42-8920-427e-bdcd-b5ad58e3dcb6
5764,166,6a0e4b76-13ab-4cd6-ab84-2cb033307b2b,8d62ed42-8920-427e-bdcd-b5ad58e3dcb6
5765,24,184be85f-430b-4839-9d7a-e10e1d95b996,1a737b63-ad3c-462b-9c6b-cbdb07a44871
5766,24,82264792-5590-41f2-b6a9-f029788078d3,1a737b63-ad3c-462b-9c6b-cbdb07a44871
5767,24,00d74c33-f49d-44b6-91ed-f9ed6dc1819a,1a737b63-ad3c-462b-9c6b-cbdb07a44871
5769,196,99fa60d2-5a83-4b94-830b-75e09cb464a5,e5db0d68-19e5-41fc-83b4-70650e5ff4ed
5770,196,79c0264f-970b-4807-915f-aaa8fb0204f0,e5db0d68-19e5-41fc-83b4-70650e5ff4ed
5771,196,56489201-e6a0-443d-8b26-f103314ab20c,e5db0d68-19e5-41fc-83b4-70650e5ff4ed
5772,196,017cb442-8eae-4bb7-938f-f864ce078a65,e5db0d68-19e5-41fc-83b4-70650e5ff4ed
5773,196,8b2739f8-4a42-45a0-959f-847cd433a8a4,e5db0d68-19e5-41fc-83b4-70650e5ff4ed
5774,146,a4a0349c-3373-4168-b946-676d7702d8b4,0a98de96-f33e-4e1b-a352-9a64897be46f
5775,346,caac2da3-a628-4d8c-be27-e449831b357e,1d4b523b-3d81-4a6a-bf18-28d1f4010425
5780,65,5d211775-c4ad-46f4-8e0f-ebb09dc0df7e,71c3836d-c92c-4a50-ab85-87c986635583
5782,50,9a02405b-c13b-4843-8350-b30093de3ca9,7f0b9085-f86b-49d3-ad2f-6561dde3cf97
5790,65,c17505ee-5d65-4e07-bbf5-a27b63758088,71c3836d-c92c-4a50-ab85-87c986635583
5800,28,562888e7-3663-41d6-8c4a-5d7403bc9897,640ff5f6-c924-4484-811a-93df1f274cc9
5801,50,fec692d8-e005-498d-b325-8a620825115a,7f0b9085-f86b-49d3-ad2f-6561dde3cf97
5803,65,f1350a77-3d3a-4932-82f6-d70f9bff6b14,71c3836d-c92c-4a50-ab85-87c986635583
5804,175,9dd1c390-1b8f-4e2e-97ef-46ca9ae1e7c4,5af64a9f-5bc3-4d23-858a-37d42f54a257
5805,175,d15299b0-b58d-4ae9-9a6d-b1b580070115,5af64a9f-5bc3-4d23-858a-37d42f54a257
5806,42,de5647ee-b857-401c-a0ee-e599c209595e,7943dbc7-7395-45ed-ad7d-9b9247b90db0
5807,40,72c33730-0912-4592-bd12-c76e3975d671,bc62358e-434a-4b1e-b09d-72e879f7e685
5807,65,72c33730-0912-4592-bd12-c76e3975d671,71c3836d-c92c-4a50-ab85-87c986635583
5807,89,72c33730-0912-4592-bd12-c76e3975d671,23ba372a-af2d-440f-b8ef-794ef52aa077
5807,124,72c33730-0912-4592-bd12-c76e3975d671,cce29796-6f71-4a60-bba2-58a4a1fd922a
5807,155,72c33730-0912-4592-bd12-c76e3975d671,c29da24a-aa6b-4c32-bef8-8fcb970c47b3
5807,177,72c33730-0912-4592-bd12-c76e3975d671,04a9c418-a92b-4f1d-820c-5c37512c7927
5807,190,72c33730-0912-4592-bd12-c76e3975d671,c80f962f-6090-4fe5-b2b6-5147e6c843df
5810,293,e68bbcc2-e7bb-4b85-a62b-0c07367dca1a,76d27797-08ed-44a0-8727-6aced26b594b
5810,433,e68bbcc2-e7bb-4b85-a62b-0c07367dca1a,ed957d1a-ba90-41b1-bb1b-aa99c24c7dee
5810,1460,e68bbcc2-e7bb-4b85-a62b-0c07367dca1a,dd3974fe-c361-41a8-aa3e-e80ab38cac6d
5811,416,ef578ee9-06ea-46da-93ed-2cd1d37011f7,ba87d479-2ed3-4348-9066-dda3a6379996
5812,416,3d00e2f1-db61-451a-af14-bca30c133914,ba87d479-2ed3-4348-9066-dda3a6379996
5813,416,43ae89ab-8e1e-42f7-9e50-2fe9b69eab60,ba87d479-2ed3-4348-9066-dda3a6379996
5814,1461,0aea298f-a952-4760-88b3-fa78e81a7f17,2bd46c51-f41b-4c6e-a55d-d4371f495117
5815,162,2837dab6-ada8-4fe1-baf3-2ba285044bb9,b5f24c2f-60b1-4a00-98c8-c025702f1644
5817,177,67279679-ee50-46ea-844a-4d1e60fc0558,04a9c418-a92b-4f1d-820c-5c37512c7927
5818,175,02c57ec7-f942-4a09-90ae-44a972f8ec33,5af64a9f-5bc3-4d23-858a-37d42f54a257
5819,175,b70b727b-27c4-43e2-aa20-a7f1ff11932b,5af64a9f-5bc3-4d23-858a-37d42f54a257
5821,153,baab4aa5-affe-4017-b1fe-a651c77e05e3,2f091f27-e43b-43ff-8d25-9edbd3a1c2fe
5824,65,db614528-a39b-4918-b2e4-87ca59af91a5,71c3836d-c92c-4a50-ab85-87c986635583
5825,21,3991ac04-b248-42bc-b743-4a7a4fc9b83e,d0afac79-d069-449f-abb6-c18974f09fba
5829,42,fcb6d902-7708-4a76-8b3e-12aa75bab351,7943dbc7-7395-45ed-ad7d-9b9247b90db0
5830,65,ed94e7e2-c7cc-4cbf-9e9b-e3ea3d775452,71c3836d-c92c-4a50-ab85-87c986635583
5831,175,2c8854d2-4ac6-4978-8ed0-c5ef4960e3c7,5af64a9f-5bc3-4d23-858a-37d42f54a257
5832,21,82ada0da-ecef-444e-a07d-8da291bc04af,d0afac79-d069-449f-abb6-c18974f09fba
5833,65,0fb08684-0eb5-4c96-ace0-015654702b6c,71c3836d-c92c-4a50-ab85-87c986635583
5835,420,860251d0-1ee8-479e-8b71-9727bc7bd065,04890db4-d2f7-41e8-be13-4a90729e9d8a
5836,420,bac0b93f-401c-4625-b471-fe8e93bad7d1,04890db4-d2f7-41e8-be13-4a90729e9d8a
5838,19,7cc81ec9-fb26-4194-870a-72c43999abe3,358b94b5-3617-4f9f-983e-caf7e425ffac
5839,1578,2003b53f-2b10-42af-983d-e78617b9ab3a,c1b7ef47-e3b9-416b-852d-1fde89ce17b3
5840,188,2b3d5882-7bb4-4eb8-bd82-6c445106eef1,0e1e71cc-7469-4f2e-9280-0dcdf13f9ec7
5841,188,78bc88a2-36a0-466c-b3f3-36a2c233fa06,0e1e71cc-7469-4f2e-9280-0dcdf13f9ec7
5842,11,7bf2f387-722e-49ce-af36-d58fc5f707cd,8b4fb246-83a3-4768-8e01-4e82d9834957
5842,124,7bf2f387-722e-49ce-af36-d58fc5f707cd,cce29796-6f71-4a60-bba2-58a4a1fd922a
5842,155,7bf2f387-722e-49ce-af36-d58fc5f707cd,c29da24a-aa6b-4c32-bef8-8fcb970c47b3
5842,190,7bf2f387-722e-49ce-af36-d58fc5f707cd,c80f962f-6090-4fe5-b2b6-5147e6c843df
5846,264,07fd9f78-bed7-4dfe-bdf4-e86c9c237d15,2910befc-9380-4580-9fb8-db3a48f51a32
5847,259,6fe91133-3518-47f0-909e-0d67b860de68,2c89c4a4-e2d6-43a8-a8ed-59770c8b5089
5848,273,5d0497ff-49d7-416d-b24c-07c8254c49f0,da2236c0-007f-4a71-b699-bb6b66dd7ed3
5849,152,66e80653-f681-4c05-adf6-4265132e7f4e,26c817ef-9b23-4973-82cc-e96a1a97d5dc
5850,260,8fdc86da-c3d9-46f7-9acd-0f4b8a5602a0,c65e9440-68ee-4527-8f37-51f0ae41dc62
5851,255,e0f85357-a560-4e15-8678-3e58d631dca2,747d634d-f346-49cd-aa18-fe7a62198c7c
5852,261,544fcad1-2015-41c9-a400-b2d4bdec7f8d,e4a04c82-17dc-4102-a878-768acce951da
5853,157,f3e1244f-ab15-40b6-88c0-51dfcdbb6d02,e8ce0762-3e4d-48b6-9150-351d0b508b80
5854,272,8d4a8db9-1ce9-4a6d-bbcf-a458186947a1,b2f6a3ae-50d1-48f1-b556-15e7696fa1a6
5855,271,ca5246bb-b7d8-44b9-97cf-b229d5346ac9,3bc1e710-0aa1-41bc-8c54-ae1c774b424b
5856,270,e688ce99-0004-43dc-bbbf-c843a3171f09,e9fbdb0a-2ead-45e4-9f80-e161bf6190b5
5857,274,a682a6a8-3efd-4f53-8051-0ace444868ff,5fd4126d-bead-4b27-9dc0-6aa814e05f49
5858,253,8530caab-ce65-4d80-b319-ded297b45995,0a17b295-c551-41da-ada5-924dddf4c0fc
5859,268,0077dc8a-6a23-4676-ac69-cd0de37bbf13,aa3306e8-086b-47e0-8df6-81efcac93d77
5860,269,860af09b-4c3c-470e-a0a7-4c1cca9ddd82,a5eab8a6-7b1f-4654-938f-facc622c203e
5861,179,83305dde-5905-4c8e-9b19-480458bc3ca5,617a4cfd-dcaf-40c4-98a9-3d388c7ca4a0
5862,252,89664a20-d2af-4321-9601-7ef5b036c945,b8f7886c-1476-4a7e-ac54-12ab3fdd7fc9
5863,275,d45fbad8-140d-4ae0-9636-f998f3fa18bd,ae0561c0-ef27-4f22-bca3-d0ecb6c680d8
5864,272,d89c2fe7-c9c6-4d7c-9db9-3eba389ebe0a,b2f6a3ae-50d1-48f1-b556-15e7696fa1a6
5865,42,194235e7-0e10-45cb-9174-b2d535a77bca,7943dbc7-7395-45ed-ad7d-9b9247b90db0
5865,65,194235e7-0e10-45cb-9174-b2d535a77bca,71c3836d-c92c-4a50-ab85-87c986635583
5866,42,a2880e1c-f275-437e-9d3d-bfc15cb24fca,7943dbc7-7395-45ed-ad7d-9b9247b90db0
5866,65,a2880e1c-f275-437e-9d3d-bfc15cb24fca,71c3836d-c92c-4a50-ab85-87c986635583
5867,140,039d4d4e-08d9-43b2-b67b-e0d07f756972,5e30830f-1a0b-4983-9ffd-39cd4239b236
5868,359,471f3428-db1d-4c24-9947-ae5f00f83ff2,81969007-7a95-4611-9bd4-295cac82e8f3
5869,1579,9ec9e808-c4f6-4512-938c-d43ad6b128a9,31ef7b08-fa9a-4aa9-b51d-662c6adf2b8c
5870,1,95869a24-f023-48e2-acb3-126f1d3b04da,b1d49301-fe07-4171-b989-7768419e0373
5888,177,8bcfe5ee-e741-4949-9d12-6a5338a2f35a,04a9c418-a92b-4f1d-820c-5c37512c7927
5889,40,76b01d21-3e81-43b3-8371-cf4451801ef4,bc62358e-434a-4b1e-b09d-72e879f7e685
5891,42,3ff55ef5-0c00-4b87-ad74-78bdbad1b9d7,7943dbc7-7395-45ed-ad7d-9b9247b90db0
5892,42,60b63cb4-ab09-4386-9f55-aebceae8c725,7943dbc7-7395-45ed-ad7d-9b9247b90db0
5893,140,9cf98472-126a-48ff-a57a-cc3b075c0f35,5e30830f-1a0b-4983-9ffd-39cd4239b236
5899,1560,945348f3-cec0-4349-8c50-b67498d1bb27,3862025d-a49e-4cbc-8f7e-858c757202bd
5900,11,5601cd6d-fe43-419b-a79f-a31062d55f8e,8b4fb246-83a3-4768-8e01-4e82d9834957
5901,1470,86a4ca1c-62b5-4f58-a974-c9fbadecc0eb,a9f45f14-8a38-4946-936c-f41a85d83024
5902,1470,e6cec5ad-b1df-4823-9e9a-24b13e47312e,a9f45f14-8a38-4946-936c-f41a85d83024
5903,408,a1a7ae89-83d9-4d0f-8306-c9eaacd57efa,c7d600dc-8aae-4b43-9272-760fae6c72c8
5904,21,e36783ce-39d3-4a3b-92ea-918f456cb70e,d0afac79-d069-449f-abb6-c18974f09fba
5904,408,e36783ce-39d3-4a3b-92ea-918f456cb70e,c7d600dc-8aae-4b43-9272-760fae6c72c8
5910,1497,7c99ad16-ae40-420d-ad98-4f2975de2f94,04fb07ec-2e11-42ea-96ce-6537bfdfb5d8
5926,98,028a5fc2-ae06-4360-90e6-453915e519ec,adf43c98-e96e-431b-b078-4f34a409f17d
5927,29,19f8c17d-56b9-4e88-a7b9-890c83ce1caa,d80ebb28-a356-409c-b90f-99e519142cc4
5927,195,19f8c17d-56b9-4e88-a7b9-890c83ce1caa,241b1600-9f60-4711-b263-86da415c0421
5927,408,19f8c17d-56b9-4e88-a7b9-890c83ce1caa,c7d600dc-8aae-4b43-9272-760fae6c72c8
5928,1581,393e2d52-f72f-468a-a42b-1ba00b515b50,6154082d-0680-44d2-8faa-cecdb8357719
5929,10,d9014174-1785-46db-bccd-d148efb46c2c,187d60d2-fb67-4939-883b-883114182179
5929,29,d9014174-1785-46db-bccd-d148efb46c2c,d80ebb28-a356-409c-b90f-99e519142cc4
5930,1580,def153d4-48ab-49a2-a3a1-9865101b7ed1,7b49b6a6-f2ed-44d1-92ab-276482c3e72e
5931,50,bca93684-3b25-4b3e-ae27-8e3581cfb70b,7f0b9085-f86b-49d3-ad2f-6561dde3cf97
5933,190,41233383-185e-4ad5-bf30-db1d0a55db7c,c80f962f-6090-4fe5-b2b6-5147e6c843df
5934,190,9878433c-8e63-4d44-aaea-06f04b80fc45,c80f962f-6090-4fe5-b2b6-5147e6c843df
5935,28,67455eec-8c39-437b-8937-749f5b4623cb,640ff5f6-c924-4484-811a-93df1f274cc9
5936,255,4b6ab40a-9a7d-4c73-a32c-c0bb8b995d0b,747d634d-f346-49cd-aa18-fe7a62198c7c
5938,34,00faff41-8e11-4748-8649-46d767e8921f,728ba25f-56f0-49c7-aad3-cee18e334c2b
5941,430,6f9ed74b-498a-4da8-a988-9095ff2fad8c,42ee27be-026f-44fb-a84b-853fcf8e469e
5942,7,46b42a45-32d6-464a-976f-1978918f4e61,9a6635ff-a522-447b-8ef1-dc57c04eae60
5942,98,46b42a45-32d6-464a-976f-1978918f4e61,adf43c98-e96e-431b-b078-4f34a409f17d
5944,34,6e7b4b93-7cc3-4d06-8b55-8f122ee9cc1b,728ba25f-56f0-49c7-aad3-cee18e334c2b
5947,27,3dc9cad5-d050-4a27-af30-c10dd19a55e4,2cc1b34d-22dc-4f3e-9e6e-f1bc622ffc6b
5949,159,7751e921-b3a7-49e0-90cc-e25543f92596,b595ab89-f7cc-4a96-b19c-d87dc8689c89
5950,159,98512c44-f7b1-45c5-b682-f8f1b19fb1a3,b595ab89-f7cc-4a96-b19c-d87dc8689c89
5951,159,aa513697-8d97-4e36-bb0f-0e84c02030d0,b595ab89-f7cc-4a96-b19c-d87dc8689c89
5952,1582,c9982930-ed67-4170-a8df-18df970e6ec2,2001a597-a307-4b80-a98b-c757f5561d2f
5953,1582,402669cb-cce3-458d-bd2b-79c4264062bc,2001a597-a307-4b80-a98b-c757f5561d2f
5954,1582,1debf460-a01f-4471-b3b2-0367b17ec80c,2001a597-a307-4b80-a98b-c757f5561d2f
5955,58,caafa1ca-013b-483b-ae0c-ae96734ed13b,8a6b49c5-b377-4f5d-b0e8-9a7b626efb3c
5956,58,195b9ac0-4927-493e-88c9-aabb2cdcaed5,8a6b49c5-b377-4f5d-b0e8-9a7b626efb3c
5957,58,4f0e0008-b446-4429-afed-4b94f756fcf6,8a6b49c5-b377-4f5d-b0e8-9a7b626efb3c
5958,1583,cc8515bb-bebb-41fa-939a-73403433e247,05e4c166-f7b7-45e6-9ca6-370b197a4dfd
5959,1583,6ecedddc-ade7-414f-ba8e-107cc16eaf5d,05e4c166-f7b7-45e6-9ca6-370b197a4dfd
5960,1583,c4dcbcc6-1e99-44ee-8586-01d1ef9eccd2,05e4c166-f7b7-45e6-9ca6-370b197a4dfd
5961,1583,d8c6962b-02a3-4696-bf24-207eec5f1f15,05e4c166-f7b7-45e6-9ca6-370b197a4dfd
5962,1583,ca441023-d39d-4e0d-9f39-6bb4aa65f325,05e4c166-f7b7-45e6-9ca6-370b197a4dfd
5963,1583,d4a43004-9f32-48cd-aeb2-18b51e050d0d,05e4c166-f7b7-45e6-9ca6-370b197a4dfd
5964,1442,27fdd549-b252-4f93-afe9-bd863e35465f,7b52ff40-4c83-4e63-bca8-e187a94807f4
5965,1442,57f5be31-8130-480e-b3b7-5259c90907d6,7b52ff40-4c83-4e63-bca8-e187a94807f4
5966,1442,da1aa164-11eb-4d3e-a54c-b10c6860732f,7b52ff40-4c83-4e63-bca8-e187a94807f4
5967,1442,bdee92df-9257-42cc-84a7-0690e6b9ef7b,7b52ff40-4c83-4e63-bca8-e187a94807f4
5968,1442,e9e2b9b2-af53-4395-a64d-3892c045a51c,7b52ff40-4c83-4e63-bca8-e187a94807f4
5969,1442,d7facf53-2022-4569-8841-5494e8228202,7b52ff40-4c83-4e63-bca8-e187a94807f4
5970,1442,754d5db4-6826-4229-9941-464fbdfe396c,7b52ff40-4c83-4e63-bca8-e187a94807f4
5971,1442,0de8b763-22b6-46af-9000-282f374a88c7,7b52ff40-4c83-4e63-bca8-e187a94807f4
5972,1442,59f96e75-5936-47a8-9fcf-af503b072ad0,7b52ff40-4c83-4e63-bca8-e187a94807f4
5973,1442,0935e5ec-eff7-4d6f-99f7-3e3c26a0a7be,7b52ff40-4c83-4e63-bca8-e187a94807f4
5974,1584,81785ea6-8640-4108-ad63-41559823ba7a,5522b196-2206-477a-a45d-affab53bf86e
5975,1584,3bc4313f-04bd-44cb-b120-3af75f5203b5,5522b196-2206-477a-a45d-affab53bf86e
5976,1584,30922fba-69b5-42d8-9382-5616c7561929,5522b196-2206-477a-a45d-affab53bf86e
5977,1584,08eddedc-b039-4be2-a65f-b364aab6a080,5522b196-2206-477a-a45d-affab53bf86e
5978,1584,412cfcdb-eb9d-4412-be7c-e8e1e0f8a592,5522b196-2206-477a-a45d-affab53bf86e
5979,82,71668d76-9508-4e07-80ba-c9b9657bceca,80f418a2-b4cd-4dbf-9beb-f6412b56663d
5981,21,a02fe922-98cf-4d3f-bd28-a488e89c39c6,d0afac79-d069-449f-abb6-c18974f09fba
5982,1,956234f3-cad0-4de0-87df-3b97a07fa26e,b1d49301-fe07-4171-b989-7768419e0373
5983,1,558904d2-47fb-43b5-a128-9fce684930c1,b1d49301-fe07-4171-b989-7768419e0373
5985,1448,98384ed2-3f5d-4c8a-8692-d42bf247dd9e,0eed33e1-7c22-4d32-89be-a5e8425aab0b
5986,177,c518b8fc-c65c-4ce2-803b-e48ed5b3e223,04a9c418-a92b-4f1d-820c-5c37512c7927
5987,1493,826347ca-6280-404d-9d73-84a820ce30e9,0e513df6-e201-4874-867f-249debc40d50
5988,11,a7c5087c-1bb3-4f96-b8fb-543d1107bb7b,8b4fb246-83a3-4768-8e01-4e82d9834957
5988,28,a7c5087c-1bb3-4f96-b8fb-543d1107bb7b,640ff5f6-c924-4484-811a-93df1f274cc9
5988,40,a7c5087c-1bb3-4f96-b8fb-543d1107bb7b,bc62358e-434a-4b1e-b09d-72e879f7e685
5988,201,a7c5087c-1bb3-4f96-b8fb-543d1107bb7b,40ceb884-0d17-403f-bb7f-8610d8557483
5989,319,77a8d3f7-53ff-4e47-a7bb-193a5a0c622f,10a617e2-a747-4cfc-811b-9c0a04640370
5990,319,e53dbe56-ac62-47d9-bc9d-d1a0851f8266,10a617e2-a747-4cfc-811b-9c0a04640370
5991,319,555866e7-a71d-49f0-a98e-cfe9f9c0dc38,10a617e2-a747-4cfc-811b-9c0a04640370
5992,319,d6d3fd7f-38dd-4fdb-931e-c3dff7f7a58d,10a617e2-a747-4cfc-811b-9c0a04640370
5993,319,884090fb-0870-48fa-af03-b50f033ee4a7,10a617e2-a747-4cfc-811b-9c0a04640370
5994,319,7e611954-d431-40bd-ba13-5d42237e0611,10a617e2-a747-4cfc-811b-9c0a04640370
5995,319,b08e9d16-3e08-4eb4-bb34-0e47660e9c1f,10a617e2-a747-4cfc-811b-9c0a04640370
6004,117,1781f447-ebe6-4385-a4c2-68ba8b36c182,decee226-8684-4491-8c02-f0746c6bb6ac
6005,117,e93798cb-7abf-476c-9611-25f0c63d2364,decee226-8684-4491-8c02-f0746c6bb6ac
6006,117,c692edd4-9ad2-4b1f-a43d-f2ebb23c5cec,decee226-8684-4491-8c02-f0746c6bb6ac
6007,117,3a7c0107-020b-4d66-8f6a-7fe7f54f00ca,decee226-8684-4491-8c02-f0746c6bb6ac
6008,117,b542c581-c605-4bd2-8361-04eb5d408761,decee226-8684-4491-8c02-f0746c6bb6ac
6009,117,c764ed65-0eb6-4646-8ff5-3d1a87a28f0f,decee226-8684-4491-8c02-f0746c6bb6ac
6010,24,3d2eef74-a2cf-4c84-9d99-7586292c454f,1a737b63-ad3c-462b-9c6b-cbdb07a44871
6010,117,3d2eef74-a2cf-4c84-9d99-7586292c454f,decee226-8684-4491-8c02-f0746c6bb6ac
6010,259,3d2eef74-a2cf-4c84-9d99-7586292c454f,2c89c4a4-e2d6-43a8-a8ed-59770c8b5089
6011,62,5d9d2c3d-4c72-4cfc-a021-66c81ff3b335,40b736e4-3eff-44db-8fc8-e191322c321b
6012,62,7e94dfdc-c423-4bfb-be8b-79938f6be12f,40b736e4-3eff-44db-8fc8-e191322c321b
6013,62,965fff77-e2bd-44db-93fc-eaabb4e68a30,40b736e4-3eff-44db-8fc8-e191322c321b
6015,86,2d43c4e9-ab39-420c-86e7-94060f81820c,6361e1ff-75aa-4916-a429-5b6e5c026f08
6016,327,3248f061-7e92-4ead-838c-3ec8493eba30,6b01ad1e-f257-4296-b5f5-0178bb9835b3
6017,327,984974ce-baad-47ea-8fc6-a8bdddbad24b,6b01ad1e-f257-4296-b5f5-0178bb9835b3
6018,327,080f175f-922c-463d-8498-34d9380479cf,6b01ad1e-f257-4296-b5f5-0178bb9835b3
6019,38,fb9f657d-29fd-45ba-ade2-6cd217b16538,2cd79a7f-97d7-4335-b032-40e87299c155
6020,58,2ca56c7b-81e6-4606-b864-194244719d60,8a6b49c5-b377-4f5d-b0e8-9a7b626efb3c
6020,155,2ca56c7b-81e6-4606-b864-194244719d60,c29da24a-aa6b-4c32-bef8-8fcb970c47b3
6024,1,3a261694-4ab4-406b-8119-39433fa55d71,b1d49301-fe07-4171-b989-7768419e0373
6025,1,60dd070d-48a0-41c6-8b92-7e413a2fad4a,b1d49301-fe07-4171-b989-7768419e0373
6026,1,89975f3c-8c5d-4c95-985c-216ec97cf65b,b1d49301-fe07-4171-b989-7768419e0373
6027,1554,802aff09-c8e9-4452-b9b1-45c6ad4ae46b,9162a90d-febc-4366-ab7b-2cb0380dfcfd
6028,1554,1a806c2d-0301-42be-bdd4-30691904355e,9162a90d-febc-4366-ab7b-2cb0380dfcfd
6029,1554,e5f05278-2657-4dd5-85df-273cd5009993,9162a90d-febc-4366-ab7b-2cb0380dfcfd
6030,1554,a3b7c0b0-10e2-46ae-9066-9741929c52f1,9162a90d-febc-4366-ab7b-2cb0380dfcfd
6031,1554,c1b6cc52-0c20-40f1-bce6-07eb4addf7bb,9162a90d-febc-4366-ab7b-2cb0380dfcfd
6032,1554,99d1e769-4f17-4045-88b2-644f73539ea8,9162a90d-febc-4366-ab7b-2cb0380dfcfd
6033,431,f6ee8a10-6015-4685-bd5f-725ca867abfd,8e1b01ba-6b90-4731-99a2-ddfbfd622059
6034,1456,84f9c3d7-ac77-4458-9b21-ea56d04bb95c,ef2d1f14-6b44-4a12-a5d6-f35a7d4e1a2e
6035,1456,43878780-316e-4826-8179-08b37478ed15,ef2d1f14-6b44-4a12-a5d6-f35a7d4e1a2e
6036,323,3da8641e-7fc7-4814-9a84-48d1e8d9f558,fb3cfb51-ea14-4695-9b25-a025d3ffd25a
6037,326,dca850ff-31d6-4f97-9367-853eab88fb8e,c0659eab-b968-40bc-98e8-4ec754e083de
6038,326,8cf9d079-61df-488e-848e-c1e28a4ebd0d,c0659eab-b968-40bc-98e8-4ec754e083de
6039,9,04fd4267-a525-4c22-b195-d85b92b45e2f,d14906ed-d7ec-4889-9b2d-dcab4ebc44e7
6040,9,d3849057-e9d1-44f5-aca6-cb6fd3e5f974,d14906ed-d7ec-4889-9b2d-dcab4ebc44e7
6041,9,05b6e329-bc84-4595-9507-d4299cb24171,d14906ed-d7ec-4889-9b2d-dcab4ebc44e7
6042,21,10b0a36f-b9cc-4254-82bf-b83d9a03ecfa,d0afac79-d069-449f-abb6-c18974f09fba
6043,58,9a4fab1a-5cfe-400a-9890-32544641aef0,8a6b49c5-b377-4f5d-b0e8-9a7b626efb3c
6045,86,ded09446-4cfb-4b26-9ed5-fe1e7bbee3fc,6361e1ff-75aa-4916-a429-5b6e5c026f08
6046,38,0bcd5b6a-c948-4ea1-b559-036cd83983b9,2cd79a7f-97d7-4335-b032-40e87299c155
6047,1440,c35ced99-67ef-49b3-aeaf-b42b122f10b0,14fe1427-a73d-42b6-8334-6470327464fc
6048,1440,f2c52eb5-7f56-474f-aa25-b7116b9d2fbd,14fe1427-a73d-42b6-8334-6470327464fc
6050,420,69af2417-48fc-475d-a46b-d632078f1dab,04890db4-d2f7-41e8-be13-4a90729e9d8a
6051,1440,7bc67202-94bf-4483-80c7-1c004117fee7,14fe1427-a73d-42b6-8334-6470327464fc
6053,362,6f50ecec-3012-4502-bbcd-3dd491a2287d,8d96bedd-fd59-488c-beac-8342f2260284
6054,362,ba0dfe02-4120-4935-ae96-d427193226d4,8d96bedd-fd59-488c-beac-8342f2260284
6056,362,04cbb42e-41ef-4b67-81db-6c83b4b8645a,8d96bedd-fd59-488c-beac-8342f2260284
6057,81,484285e3-9701-4545-b101-c597f230cff2,46a3a846-0594-4572-bd98-44af98531585
6058,155,c1b4c074-7964-493a-9a85-965a70a209a4,c29da24a-aa6b-4c32-bef8-8fcb970c47b3
6060,349,4591508b-3c8b-49fe-8f67-d98e53ecd0dd,3416ba80-bc50-4878-bde9-db3e2d9caa87
6061,155,37eebbe4-20cb-4444-bc02-a501fc2bf5fc,c29da24a-aa6b-4c32-bef8-8fcb970c47b3
6062,155,4d06343c-8136-449c-8f4f-b9c1b5fbf2c3,c29da24a-aa6b-4c32-bef8-8fcb970c47b3
6063,155,30314cab-71b0-4cb6-92b5-136c4fda20f0,c29da24a-aa6b-4c32-bef8-8fcb970c47b3
6064,362,95263809-1dce-4a7a-8ead-d0f57683cdf6,8d96bedd-fd59-488c-beac-8342f2260284
6065,18,8e3b6e84-b229-4975-9541-7ace879cdaa4,1742965b-91bb-4c4e-b592-7e005ae1c874
6066,420,90364e47-e724-423b-97b3-15812f41618f,04890db4-d2f7-41e8-be13-4a90729e9d8a
6067,420,a160648e-ab95-46f5-a0ea-92e71e452634,04890db4-d2f7-41e8-be13-4a90729e9d8a
6071,65,a8be625b-6d21-46fc-9ac5-e2b8f7298d02,71c3836d-c92c-4a50-ab85-87c986635583
6072,21,63bd85ba-7602-4a83-b212-32d1f6a22b28,d0afac79-d069-449f-abb6-c18974f09fba
6074,190,bb8db5c9-d30e-4942-8de2-f56a27db0a7a,c80f962f-6090-4fe5-b2b6-5147e6c843df
6075,1472,d7787e18-bf29-4c4c-87fd-5dfcc11a9197,77e7f43c-8ad3-46c2-b435-49d89ac4d2d5
6076,65,ca3030d4-4e26-4094-a485-374a74fa452f,71c3836d-c92c-4a50-ab85-87c986635583
6077,246,51d7d52f-229e-4e1b-9a13-9eb665e00e32,0c13df62-f42e-40f5-a090-08ca0b806338
6078,246,091f5c05-879b-4bea-9ad9-c6968dc765c8,0c13df62-f42e-40f5-a090-08ca0b806338
6079,246,426314f9-604e-434a-b7e6-31f5a976c86f,0c13df62-f42e-40f5-a090-08ca0b806338
6080,268,d5b9268a-df46-4115-bc13-386688841d1d,aa3306e8-086b-47e0-8df6-81efcac93d77
6081,40,7760b341-8164-4c38-a0fc-816ffbdd16d4,bc62358e-434a-4b1e-b09d-72e879f7e685
6081,155,7760b341-8164-4c38-a0fc-816ffbdd16d4,c29da24a-aa6b-4c32-bef8-8fcb970c47b3
6082,431,f51f702f-7ebb-4bd2-a12f-d55eea3b6907,8e1b01ba-6b90-4731-99a2-ddfbfd622059
6082,432,f51f702f-7ebb-4bd2-a12f-d55eea3b6907,2dcf225e-f8fd-4b69-8bba-c07674f80ede
6083,431,dd42a8d5-f418-4989-9103-e426c3da5f00,8e1b01ba-6b90-4731-99a2-ddfbfd622059
6083,432,dd42a8d5-f418-4989-9103-e426c3da5f00,2dcf225e-f8fd-4b69-8bba-c07674f80ede
6084,65,e597e41a-59bd-4c06-ad1b-f43e06acfb37,71c3836d-c92c-4a50-ab85-87c986635583
6085,65,3e5664f6-c782-4290-914a-22dca33c6aaf,71c3836d-c92c-4a50-ab85-87c986635583
6086,65,e259b4ac-4990-42c9-a637-a1a3eeebf9d1,71c3836d-c92c-4a50-ab85-87c986635583
6087,65,4c9b7b0b-4126-4837-873e-32a6ab244f56,71c3836d-c92c-4a50-ab85-87c986635583
6088,65,8c053173-84c6-4490-b1ee-47ccf9ea92be,71c3836d-c92c-4a50-ab85-87c986635583
6089,1,3e86440d-e18f-4c2b-8f70-1e0ee9b99004,b1d49301-fe07-4171-b989-7768419e0373
6091,21,488ee481-6acc-4ea3-845c-a6295c77158c,d0afac79-d069-449f-abb6-c18974f09fba
6093,65,93461c69-18d8-4b46-81f7-724c852d9846,71c3836d-c92c-4a50-ab85-87c986635583
6094,305,003b0b1d-3e9f-47db-9c97-202a3411b354,37c14e43-471b-4cba-ab88-160730fbc35f
6097,28,4308c46e-238a-4786-968b-f45945ff1f51,640ff5f6-c924-4484-811a-93df1f274cc9
6098,28,7e016d24-2943-4c64-a8e3-56df17b8112c,640ff5f6-c924-4484-811a-93df1f274cc9
6099,155,9755704e-1a8a-4f3e-b5b1-4d65ba1648b9,c29da24a-aa6b-4c32-bef8-8fcb970c47b3
6101,190,e6802772-16df-49b0-bf24-0f901bae2d6b,c80f962f-6090-4fe5-b2b6-5147e6c843df
6102,190,bcee57fc-dd35-4b58-be49-b6a4debc5caf,c80f962f-6090-4fe5-b2b6-5147e6c843df
6103,253,5eb4172f-5617-42ce-895d-f62973fa01d5,0a17b295-c551-41da-ada5-924dddf4c0fc
6104,175,d7f2dc4f-08bb-4aff-85f0-e79e423f3e18,5af64a9f-5bc3-4d23-858a-37d42f54a257
6105,287,62b5e3e4-5236-47d2-ba95-9299ed9b3691,36d7f24f-c38e-42a9-8fd1-f579226298ab
6106,155,18eb4502-14b1-46b3-8772-68c9c7b7ba21,c29da24a-aa6b-4c32-bef8-8fcb970c47b3
6106,381,18eb4502-14b1-46b3-8772-68c9c7b7ba21,b1af9d74-2781-4547-8454-6f1f793fb60b
6107,65,9eff54d2-b636-469d-8bc4-e9888b879ecb,71c3836d-c92c-4a50-ab85-87c986635583
6108,1,e2103204-72af-4858-8689-c5d401629bed,b1d49301-fe07-4171-b989-7768419e0373
6109,1,87735c88-abb0-4592-86c7-7e12b412e229,b1d49301-fe07-4171-b989-7768419e0373
6110,155,be4188b2-e5f8-4694-ab5f-da61c84b38ee,c29da24a-aa6b-4c32-bef8-8fcb970c47b3
6111,124,8b177a2a-517a-4848-ad1d-d2aa5399e7ff,cce29796-6f71-4a60-bba2-58a4a1fd922a
6112,21,319f7a13-a0c1-45c2-a633-81e8ecddfef7,d0afac79-d069-449f-abb6-c18974f09fba
6113,190,779e4c70-9d47-429c-8101-0b79c3c6947c,c80f962f-6090-4fe5-b2b6-5147e6c843df
6115,65,585b3f86-4ada-4160-a243-636eed7a68ad,71c3836d-c92c-4a50-ab85-87c986635583
6117,1483,c27523d4-23e3-415f-a1dd-753f5502f204,8e5df789-53ba-4204-83cd-72cf251692d5
6118,175,83876d96-7d9d-4ee4-9b63-4ed6e0c2dd94,5af64a9f-5bc3-4d23-858a-37d42f54a257
6119,65,2abbab5c-9e90-439a-9495-2716d7aab093,71c3836d-c92c-4a50-ab85-87c986635583
6120,155,39d454fd-7560-48c5-9743-77cff9f941b2,c29da24a-aa6b-4c32-bef8-8fcb970c47b3
6122,11,54f4ff3d-5668-4302-bcc9-6d31859c4ee3,8b4fb246-83a3-4768-8e01-4e82d9834957
6123,11,82a99d6c-9c35-4030-9e31-c57d87e13756,8b4fb246-83a3-4768-8e01-4e82d9834957
6124,11,c609a9fb-8255-4ca6-9f45-17328ea43d5b,8b4fb246-83a3-4768-8e01-4e82d9834957
6125,21,b1e1b9f9-2378-4f02-b4c9-cdeebc05cf0b,d0afac79-d069-449f-abb6-c18974f09fba
6126,21,a4bfeea2-2c50-44b2-bd09-1642423d22bb,d0afac79-d069-449f-abb6-c18974f09fba
6127,177,93345be9-2ef8-435b-8d8e-972bfaa552f3,04a9c418-a92b-4f1d-820c-5c37512c7927
6128,65,9e35497b-66d1-4d8b-89af-7f2d288d3cfd,71c3836d-c92c-4a50-ab85-87c986635583
6129,431,2b9b1ac5-045f-47e8-9d36-fd1476f391f2,8e1b01ba-6b90-4731-99a2-ddfbfd622059
6129,432,2b9b1ac5-045f-47e8-9d36-fd1476f391f2,2dcf225e-f8fd-4b69-8bba-c07674f80ede
6130,1,bd85ff0f-ea96-486b-b8fe-8160063ac928,b1d49301-fe07-4171-b989-7768419e0373
6131,58,6ce204fe-a18d-43ad-9c5d-6efe32fda018,8a6b49c5-b377-4f5d-b0e8-9a7b626efb3c
6133,58,e918d8da-8247-45a1-b956-06a9f9d93b73,8a6b49c5-b377-4f5d-b0e8-9a7b626efb3c
6134,379,855469a3-f83a-49b1-9aab-207a57628115,92e8b438-8846-449c-ac25-b0b56f348abc
6137,28,5208c71e-8b1d-45b3-b8b9-3ae877b1d9ff,640ff5f6-c924-4484-811a-93df1f274cc9
6138,232,431129a1-51aa-42f9-815b-d45ad6f16e8a,681290ad-c6c4-4501-a053-6fb632a97fb0
6139,1497,284e9287-a1af-4180-b4c0-1a9a7c07b612,04fb07ec-2e11-42ea-96ce-6537bfdfb5d8
6140,65,cdeb1438-0aed-4196-a477-d32e7b2bfaa3,71c3836d-c92c-4a50-ab85-87c986635583
6145,18,b538dc24-92de-4177-9997-9c5cea193e28,1742965b-91bb-4c4e-b592-7e005ae1c874
6146,18,6df38e74-a365-4e17-bfba-b61f1cd59abe,1742965b-91bb-4c4e-b592-7e005ae1c874
6147,89,fa0154fb-1889-4d79-a8ab-c76a3cb658b1,23ba372a-af2d-440f-b8ef-794ef52aa077
6148,89,0ccb47d2-5b27-4ab6-ad23-d4d312ecffe2,23ba372a-af2d-440f-b8ef-794ef52aa077
6149,181,4a96acda-b47c-419d-9b7f-75ed7895faff,f42a1786-eb79-4530-8fcf-b13b93446f6f
6150,181,7d8f2c65-a606-42d9-af68-e34574d85e7c,f42a1786-eb79-4530-8fcf-b13b93446f6f
6151,181,b1c7b5dd-088f-4569-b547-8e30c5e97d06,f42a1786-eb79-4530-8fcf-b13b93446f6f
6152,181,9777678b-f561-4120-a286-e286e24cfaad,f42a1786-eb79-4530-8fcf-b13b93446f6f
6153,181,40420833-0681-4c03-adbd-f354b6008258,f42a1786-eb79-4530-8fcf-b13b93446f6f
6154,1588,3836de23-31c9-4dca-9c6b-a8c788b3225f,6a93bcd1-bb61-4020-83f9-b5c33e37b840
6155,1588,5685ee8b-d2f7-4ebe-9c0b-6a4c171b4c43,6a93bcd1-bb61-4020-83f9-b5c33e37b840
6156,1588,c723a907-db2f-4fdf-898c-b454afd7a80b,6a93bcd1-bb61-4020-83f9-b5c33e37b840
6157,1588,e41f5254-6c3a-48e6-9078-d6e0adba51bd,6a93bcd1-bb61-4020-83f9-b5c33e37b840
6158,1588,3dfb5aad-fb3c-41cb-9df5-29499f888191,6a93bcd1-bb61-4020-83f9-b5c33e37b840
6159,1588,748914a4-67ad-46dd-8518-c59e105ab92c,6a93bcd1-bb61-4020-83f9-b5c33e37b840
6160,1588,55bda32b-6b2c-45c0-bc36-1333822af0a2,6a93bcd1-bb61-4020-83f9-b5c33e37b840
6161,1588,6cf983cf-1ece-488a-a17c-f083f22b0f66,6a93bcd1-bb61-4020-83f9-b5c33e37b840
6162,1588,852d1e45-6709-40f1-bc7f-612e4cfef2f5,6a93bcd1-bb61-4020-83f9-b5c33e37b840
6163,1588,6781e42a-4011-4ee3-9e7e-65d79b51df1a,6a93bcd1-bb61-4020-83f9-b5c33e37b840
6164,1588,336644be-a435-456a-901a-22a2aeedc424,6a93bcd1-bb61-4020-83f9-b5c33e37b840
6165,1588,3ee4103c-fc25-41ce-94b5-daa260c94dc0,6a93bcd1-bb61-4020-83f9-b5c33e37b840
6166,1588,99f95e0a-13f4-4522-a5f8-882b00f20893,6a93bcd1-bb61-4020-83f9-b5c33e37b840
6167,1588,acef0d4f-7bbc-4ae3-bcf3-ed695a7b64f9,6a93bcd1-bb61-4020-83f9-b5c33e37b840
6168,1588,989c3bf9-4e9c-4d02-a077-4b6ed69c5b18,6a93bcd1-bb61-4020-83f9-b5c33e37b840
6169,1588,b27f0be0-6a37-430c-b442-ce390a1e9711,6a93bcd1-bb61-4020-83f9-b5c33e37b840
6170,1588,298e7a0d-b0bc-4c7a-a11b-07c26d82c630,6a93bcd1-bb61-4020-83f9-b5c33e37b840
6171,1588,750fd616-282a-4a3d-8bc6-9be27e2de4ac,6a93bcd1-bb61-4020-83f9-b5c33e37b840
6172,190,63384bb1-5d18-46c2-9b29-574af3e2e54e,c80f962f-6090-4fe5-b2b6-5147e6c843df
6173,333,ad18816d-9039-481a-8521-7ad137e75f85,82961c9c-621d-484b-a662-70f7eac7d370
6174,1588,a7543175-db38-4f91-b9ef-f14301405809,6a93bcd1-bb61-4020-83f9-b5c33e37b840
6175,1588,388a6421-dc4f-4950-8397-df2430e0ee39,6a93bcd1-bb61-4020-83f9-b5c33e37b840
6176,1588,96055078-5dc8-4038-99ba-43177605c144,6a93bcd1-bb61-4020-83f9-b5c33e37b840
6177,1588,9d656ac8-c446-4f05-879e-f21fa8e5f2a4,6a93bcd1-bb61-4020-83f9-b5c33e37b840
6178,232,e28e2d02-b68c-4b9f-9465-21c20baa368c,681290ad-c6c4-4501-a053-6fb632a97fb0
6179,232,9c3c24a2-6884-46cc-9eb7-bc7ec1a3610d,681290ad-c6c4-4501-a053-6fb632a97fb0
6180,232,09319f63-62c5-4881-9df3-1143c25f4125,681290ad-c6c4-4501-a053-6fb632a97fb0
6181,232,6d66e2a6-50f5-4136-a6c4-724c05edaf19,681290ad-c6c4-4501-a053-6fb632a97fb0
6182,232,cc656f7c-a1bc-45ae-9133-aa861a2bd26a,681290ad-c6c4-4501-a053-6fb632a97fb0
6183,232,6077c75d-9794-4411-b250-6ff36bd51990,681290ad-c6c4-4501-a053-6fb632a97fb0
6185,11,94f7b219-e0a3-48f2-bc0d-58d7b14d4758,8b4fb246-83a3-4768-8e01-4e82d9834957
6185,28,94f7b219-e0a3-48f2-bc0d-58d7b14d4758,640ff5f6-c924-4484-811a-93df1f274cc9
6185,42,94f7b219-e0a3-48f2-bc0d-58d7b14d4758,7943dbc7-7395-45ed-ad7d-9b9247b90db0
6185,65,94f7b219-e0a3-48f2-bc0d-58d7b14d4758,71c3836d-c92c-4a50-ab85-87c986635583
6186,346,534165fd-04b2-4701-abce-7301736c0a2f,1d4b523b-3d81-4a6a-bf18-28d1f4010425
6187,151,44cefcd2-d5de-4df3-8b37-ffac516ca7b3,fe2bc426-db9d-4afc-bc4b-01f296a4ee76
6190,65,3fd11e99-13ed-443e-8a6c-ff8c57f7c75f,71c3836d-c92c-4a50-ab85-87c986635583
6191,89,0732de8b-fa0b-48e2-8351-66033d3f7617,23ba372a-af2d-440f-b8ef-794ef52aa077
6191,140,0732de8b-fa0b-48e2-8351-66033d3f7617,5e30830f-1a0b-4983-9ffd-39cd4239b236
6191,1589,0732de8b-fa0b-48e2-8351-66033d3f7617,a33faa37-ec2b-4f90-93de-8b96e3aadcc7
6192,190,94604dac-8e7c-43ce-a7f7-4a1b126f7b13,c80f962f-6090-4fe5-b2b6-5147e6c843df
6193,190,bf0efda5-8eed-4694-838c-e289189c3d7a,c80f962f-6090-4fe5-b2b6-5147e6c843df
6194,177,e04cf6c7-fff4-4fd2-88f9-1c2068d03011,04a9c418-a92b-4f1d-820c-5c37512c7927
6195,162,9c11bb7f-7960-4013-a34a-dc2a827ab672,b5f24c2f-60b1-4a00-98c8-c025702f1644
6196,153,03de7b10-47a1-4980-9aea-2a749d3297c3,2f091f27-e43b-43ff-8d25-9edbd3a1c2fe
6197,81,2ee37f72-4ccf-4170-bf9c-73b1ecae11f4,46a3a846-0594-4572-bd98-44af98531585
6197,187,2ee37f72-4ccf-4170-bf9c-73b1ecae11f4,5388ccc6-fb1c-4762-8d2d-6b3316b0a2b1
6197,190,2ee37f72-4ccf-4170-bf9c-73b1ecae11f4,c80f962f-6090-4fe5-b2b6-5147e6c843df
6198,42,0ca54e6c-164b-4c98-a68b-f68cce18457c,7943dbc7-7395-45ed-ad7d-9b9247b90db0
6198,89,0ca54e6c-164b-4c98-a68b-f68cce18457c,23ba372a-af2d-440f-b8ef-794ef52aa077
6198,153,0ca54e6c-164b-4c98-a68b-f68cce18457c,2f091f27-e43b-43ff-8d25-9edbd3a1c2fe
6198,196,0ca54e6c-164b-4c98-a68b-f68cce18457c,e5db0d68-19e5-41fc-83b4-70650e5ff4ed
6199,408,3214d4ca-f2c5-44dc-93ec-0a44921465b1,c7d600dc-8aae-4b43-9272-760fae6c72c8
6200,42,35cb24f5-c78e-4d85-a510-d911ae7ceee2,7943dbc7-7395-45ed-ad7d-9b9247b90db0
6201,49,d78b859e-2b92-414c-889b-24ce58506bfe,8e7b59b7-63d6-484d-9517-c1a74563a05f
6202,355,8ed23d1a-598b-440a-af84-2cea190557b0,fa616da0-9988-4ea3-b425-0802d6041cc7
6203,9,3e557198-5608-4a87-92ed-5b836369b52e,d14906ed-d7ec-4889-9b2d-dcab4ebc44e7
6203,40,3e557198-5608-4a87-92ed-5b836369b52e,bc62358e-434a-4b1e-b09d-72e879f7e685
6203,49,3e557198-5608-4a87-92ed-5b836369b52e,8e7b59b7-63d6-484d-9517-c1a74563a05f
6203,65,3e557198-5608-4a87-92ed-5b836369b52e,71c3836d-c92c-4a50-ab85-87c986635583
6203,89,3e557198-5608-4a87-92ed-5b836369b52e,23ba372a-af2d-440f-b8ef-794ef52aa077
6203,124,3e557198-5608-4a87-92ed-5b836369b52e,cce29796-6f71-4a60-bba2-58a4a1fd922a
6203,146,3e557198-5608-4a87-92ed-5b836369b52e,0a98de96-f33e-4e1b-a352-9a64897be46f
6203,177,3e557198-5608-4a87-92ed-5b836369b52e,04a9c418-a92b-4f1d-820c-5c37512c7927
6203,196,3e557198-5608-4a87-92ed-5b836369b52e,e5db0d68-19e5-41fc-83b4-70650e5ff4ed
6203,1493,3e557198-5608-4a87-92ed-5b836369b52e,0e513df6-e201-4874-867f-249debc40d50
6208,1483,be0ae145-b5b9-4ce3-80d0-7a257902911a,8e5df789-53ba-4204-83cd-72cf251692d5
6209,1483,ba792839-1364-483f-a953-e64730f0a581,8e5df789-53ba-4204-83cd-72cf251692d5
6210,1483,e717a8a3-c734-43fb-8891-d17a349c036e,8e5df789-53ba-4204-83cd-72cf251692d5
6211,83,325bacce-58c5-49e9-9457-901c84565318,25146304-b1ed-4ec0-a9f2-ae1b212b4821
6212,83,4d6f16bc-a4a4-4509-a840-a4e2398b3096,25146304-b1ed-4ec0-a9f2-ae1b212b4821
6213,83,038fbff2-9663-4f44-94ed-959a2a830c53,25146304-b1ed-4ec0-a9f2-ae1b212b4821
6214,83,56db3ed7-017d-48df-a360-69e21d06c6ca,25146304-b1ed-4ec0-a9f2-ae1b212b4821
6215,83,a12b0e74-083c-43dd-9d6f-45852d847c29,25146304-b1ed-4ec0-a9f2-ae1b212b4821
6216,83,7f86c238-b9d6-4577-9693-c8669e773881,25146304-b1ed-4ec0-a9f2-ae1b212b4821
6217,83,6b832058-8304-423b-83cf-f6ce44c5e7e6,25146304-b1ed-4ec0-a9f2-ae1b212b4821
6218,83,1fb2f5bf-6804-4cef-9c85-6ede73d0b837,25146304-b1ed-4ec0-a9f2-ae1b212b4821
6219,83,6be049a7-914e-46a4-9e6a-db0ef4ccda74,25146304-b1ed-4ec0-a9f2-ae1b212b4821
6220,83,514ac930-1d64-48d7-aa52-8b20a3bec704,25146304-b1ed-4ec0-a9f2-ae1b212b4821
6221,83,8ecb0323-47ec-45fa-b50c-99a986ab949f,25146304-b1ed-4ec0-a9f2-ae1b212b4821
6222,124,879b511d-9e45-4f17-9b76-480f2191c11b,cce29796-6f71-4a60-bba2-58a4a1fd922a
6223,36,3c86e4ff-aae9-46ac-87f7-fdcac5c31dd2,acdac7eb-bd18-45d9-8f99-50376e188e9f
6223,40,3c86e4ff-aae9-46ac-87f7-fdcac5c31dd2,bc62358e-434a-4b1e-b09d-72e879f7e685
6223,65,3c86e4ff-aae9-46ac-87f7-fdcac5c31dd2,71c3836d-c92c-4a50-ab85-87c986635583
6223,124,3c86e4ff-aae9-46ac-87f7-fdcac5c31dd2,cce29796-6f71-4a60-bba2-58a4a1fd922a
6224,124,26e46aa0-47d2-4d63-aa77-f686c6bc1cc1,cce29796-6f71-4a60-bba2-58a4a1fd922a
6224,1442,26e46aa0-47d2-4d63-aa77-f686c6bc1cc1,7b52ff40-4c83-4e63-bca8-e187a94807f4
6225,31,60cb9f26-593e-4af1-8d7a-877c6a66998f,82d4075a-e535-4601-b1f6-ac9532c4d6c3
6226,259,90fd4092-f898-43c1-89e4-035cf7fcd42b,2c89c4a4-e2d6-43a8-a8ed-59770c8b5089
6227,28,731dbbd5-9118-4a4e-8c05-d38a02d12cae,640ff5f6-c924-4484-811a-93df1f274cc9
6228,1438,a7bc6b37-9ded-4ac1-81a9-6ad02145f3f5,c16b4a3e-8fee-465c-a2b9-0b70a682f57b
6229,1438,013f6c13-88e6-4615-8873-3e3e326845e0,c16b4a3e-8fee-465c-a2b9-0b70a682f57b
6230,89,797000f5-a044-4c7a-9aa8-69478384fb0f,23ba372a-af2d-440f-b8ef-794ef52aa077
6232,153,826c243f-2694-4cd7-999c-5838139d272f,2f091f27-e43b-43ff-8d25-9edbd3a1c2fe
6233,89,0ad5ad2b-feb6-47b4-be1f-01a27eca6826,23ba372a-af2d-440f-b8ef-794ef52aa077
6233,164,0ad5ad2b-feb6-47b4-be1f-01a27eca6826,22696324-bb0d-45a4-8201-26ea3bbe9fdc
6233,281,0ad5ad2b-feb6-47b4-be1f-01a27eca6826,e941b227-e695-4638-b86d-172090dc29df
6234,89,83626b74-523b-4a07-8d2a-8102baa467bc,23ba372a-af2d-440f-b8ef-794ef52aa077
6234,140,83626b74-523b-4a07-8d2a-8102baa467bc,5e30830f-1a0b-4983-9ffd-39cd4239b236
6235,89,0071b256-3822-47eb-896e-aeb0a9091b4a,23ba372a-af2d-440f-b8ef-794ef52aa077
6235,140,0071b256-3822-47eb-896e-aeb0a9091b4a,5e30830f-1a0b-4983-9ffd-39cd4239b236
6236,89,16ac5a47-c93e-40f1-a230-cc396d1d9508,23ba372a-af2d-440f-b8ef-794ef52aa077
6236,140,16ac5a47-c93e-40f1-a230-cc396d1d9508,5e30830f-1a0b-4983-9ffd-39cd4239b236
6237,89,5ef9e0d4-5d18-4891-96b6-afc2076e396e,23ba372a-af2d-440f-b8ef-794ef52aa077
6237,140,5ef9e0d4-5d18-4891-96b6-afc2076e396e,5e30830f-1a0b-4983-9ffd-39cd4239b236
6238,89,432e2454-34a2-40a1-b699-fbb6e987045e,23ba372a-af2d-440f-b8ef-794ef52aa077
6238,140,432e2454-34a2-40a1-b699-fbb6e987045e,5e30830f-1a0b-4983-9ffd-39cd4239b236
6239,89,58b7ac97-d3a8-45e9-84a2-2234bfa0f745,23ba372a-af2d-440f-b8ef-794ef52aa077
6239,140,58b7ac97-d3a8-45e9-84a2-2234bfa0f745,5e30830f-1a0b-4983-9ffd-39cd4239b236
6240,89,5380ec71-cd2d-4e08-90c0-f3e8f194fd61,23ba372a-af2d-440f-b8ef-794ef52aa077
6240,140,5380ec71-cd2d-4e08-90c0-f3e8f194fd61,5e30830f-1a0b-4983-9ffd-39cd4239b236
6241,268,ecb0e707-2781-4efc-8bda-7fe862c1be6d,aa3306e8-086b-47e0-8df6-81efcac93d77
6242,268,3503317c-aa96-4550-8118-ed1c9e600bab,aa3306e8-086b-47e0-8df6-81efcac93d77
6243,152,981c7811-12e6-4dec-bf4d-4c7b710f4974,26c817ef-9b23-4973-82cc-e96a1a97d5dc
6244,388,1906069e-59e0-4f1c-bcfb-809d5b4ec248,022241a6-e3e5-4d3d-8954-e86cdbec2042
6245,28,4a7712d8-8e68-47eb-832c-1e7f520e866b,640ff5f6-c924-4484-811a-93df1f274cc9
6245,153,4a7712d8-8e68-47eb-832c-1e7f520e866b,2f091f27-e43b-43ff-8d25-9edbd3a1c2fe
6245,164,4a7712d8-8e68-47eb-832c-1e7f520e866b,22696324-bb0d-45a4-8201-26ea3bbe9fdc
6246,28,636f2059-d71b-4aaf-b20b-fcadf3d72482,640ff5f6-c924-4484-811a-93df1f274cc9
6247,65,6cef8be6-2074-44bb-9317-38674d4616fb,71c3836d-c92c-4a50-ab85-87c986635583
6248,65,e7de69d6-c535-4239-8099-ad53a1248ae7,71c3836d-c92c-4a50-ab85-87c986635583
6249,65,a96df9e4-b933-4059-b52f-38db0686abf6,71c3836d-c92c-4a50-ab85-87c986635583
6250,65,8a577c9a-471e-4b06-9dc4-24cd1984a613,71c3836d-c92c-4a50-ab85-87c986635583
6251,65,e000f341-630d-412a-809a-227248432d4f,71c3836d-c92c-4a50-ab85-87c986635583
6252,65,b975124b-ec26-4ba1-97c9-d732e1cf7b64,71c3836d-c92c-4a50-ab85-87c986635583
6253,65,e34ca0b7-38d3-4a15-8904-fce80de7eb5c,71c3836d-c92c-4a50-ab85-87c986635583
6254,24,536b86e0-32c5-4ca2-ad94-c5e05ec6bb24,1a737b63-ad3c-462b-9c6b-cbdb07a44871
6254,28,536b86e0-32c5-4ca2-ad94-c5e05ec6bb24,640ff5f6-c924-4484-811a-93df1f274cc9
6254,140,536b86e0-32c5-4ca2-ad94-c5e05ec6bb24,5e30830f-1a0b-4983-9ffd-39cd4239b236
6254,153,536b86e0-32c5-4ca2-ad94-c5e05ec6bb24,2f091f27-e43b-43ff-8d25-9edbd3a1c2fe
6254,187,536b86e0-32c5-4ca2-ad94-c5e05ec6bb24,5388ccc6-fb1c-4762-8d2d-6b3316b0a2b1
6255,140,164d99b3-d273-4c23-ac2f-597908817ff1,5e30830f-1a0b-4983-9ffd-39cd4239b236
6256,140,fe376a6e-3515-419f-846a-d289f11e7ea6,5e30830f-1a0b-4983-9ffd-39cd4239b236
6257,140,b8333031-b3e5-4448-b26e-f8c79b4e7f5d,5e30830f-1a0b-4983-9ffd-39cd4239b236
6258,140,55ef2fa9-2fea-47c9-9c7d-1ec99870db9b,5e30830f-1a0b-4983-9ffd-39cd4239b236
6259,346,34fd53e0-7cf9-4fe6-a48e-5fe8837c87eb,1d4b523b-3d81-4a6a-bf18-28d1f4010425
6259,1560,34fd53e0-7cf9-4fe6-a48e-5fe8837c87eb,3862025d-a49e-4cbc-8f7e-858c757202bd
6260,420,53c81987-cb06-456f-950d-c86adbdf3c6d,04890db4-d2f7-41e8-be13-4a90729e9d8a
6261,420,e26c8e6b-9794-4be4-86de-feed9d980119,04890db4-d2f7-41e8-be13-4a90729e9d8a
6262,420,c39a1d09-da0e-403f-bd5f-0019c8c801d3,04890db4-d2f7-41e8-be13-4a90729e9d8a
6262,1558,c39a1d09-da0e-403f-bd5f-0019c8c801d3,d27ef9b3-97c1-49be-bc75-62750ca9a165
6263,420,6f630cb7-d804-44aa-8cbd-05dd1f3ee74b,04890db4-d2f7-41e8-be13-4a90729e9d8a
6264,420,b20d838d-ee6b-4519-a57a-8de9c7365c55,04890db4-d2f7-41e8-be13-4a90729e9d8a
6265,420,49f7b9f6-756c-4ea6-bc9d-44dcfbf9cdd0,04890db4-d2f7-41e8-be13-4a90729e9d8a
6266,65,f6fed3b4-afd4-4e0a-a0e3-8e97ad60ca13,71c3836d-c92c-4a50-ab85-87c986635583
6267,65,1ac5aa5c-f37e-4dab-994c-2e0f861a98cb,71c3836d-c92c-4a50-ab85-87c986635583
6268,1470,edbebce0-7a5c-4f6e-8237-64dbff2f6dc3,a9f45f14-8a38-4946-936c-f41a85d83024
6269,1470,d225953e-78dc-4d33-bd7c-9ab62f0a2851,a9f45f14-8a38-4946-936c-f41a85d83024
6270,140,f2bfd7ac-a433-4144-9be9-709bec75d7f4,5e30830f-1a0b-4983-9ffd-39cd4239b236
6271,140,a6a9eb3a-d52f-4e75-8a73-ace7915ea6d3,5e30830f-1a0b-4983-9ffd-39cd4239b236
6273,392,5eec3813-2c9c-4da5-b887-64261cce1f6d,a22c646e-578c-4855-aed1-3c46802dddda
6274,392,fd3d43e2-75f7-4841-bbae-ceb7da92caaf,a22c646e-578c-4855-aed1-3c46802dddda
6275,40,53ba2941-ee71-4487-93dd-19c8599e9b59,bc62358e-434a-4b1e-b09d-72e879f7e685
6275,65,53ba2941-ee71-4487-93dd-19c8599e9b59,71c3836d-c92c-4a50-ab85-87c986635583
6275,124,53ba2941-ee71-4487-93dd-19c8599e9b59,cce29796-6f71-4a60-bba2-58a4a1fd922a
6275,155,53ba2941-ee71-4487-93dd-19c8599e9b59,c29da24a-aa6b-4c32-bef8-8fcb970c47b3
6277,124,02ecd502-8020-4c3c-968b-9f9c6114f4d7,cce29796-6f71-4a60-bba2-58a4a1fd922a
6278,421,43d21d34-1741-42ba-a133-29d42fda6588,edfc2047-0c9d-4809-904c-07330947ecaa
6280,155,785ab1ec-3e1a-4f45-8e0f-32f3f1c82a98,c29da24a-aa6b-4c32-bef8-8fcb970c47b3
6281,155,f06723a9-d560-4781-ae2e-6eef97832b1d,c29da24a-aa6b-4c32-bef8-8fcb970c47b3
6282,177,340d76df-e6a9-4c8a-9651-0bb4cb5a2d2a,04a9c418-a92b-4f1d-820c-5c37512c7927
6283,65,350a560e-6dff-41bc-b8f2-5dd467ff964c,71c3836d-c92c-4a50-ab85-87c986635583
6291,122,3fa6ec11-a030-40d0-a620-f23fef46747b,22a9832f-e3b9-4ca0-858e-c354940c64ca
6298,1460,45d72cd8-1486-419f-abc5-7f99463915f7,dd3974fe-c361-41a8-aa3e-e80ab38cac6d
6300,65,e424f766-7b09-4209-9430-b84da5521d22,71c3836d-c92c-4a50-ab85-87c986635583
6301,40,3cd72e28-e5f2-4b42-bd68-f0ae94880891,bc62358e-434a-4b1e-b09d-72e879f7e685
6302,408,bcc79717-ac95-4b6b-9782-ee341e90ab1e,c7d600dc-8aae-4b43-9272-760fae6c72c8
6303,190,d593fb33-3253-4209-be3c-981785961313,c80f962f-6090-4fe5-b2b6-5147e6c843df
6304,190,4a6edd34-1e1f-4d71-8e01-519f903c3ffb,c80f962f-6090-4fe5-b2b6-5147e6c843df
6305,190,c51aff9e-34de-4985-a5d5-34ec9e36460c,c80f962f-6090-4fe5-b2b6-5147e6c843df
6306,1558,e09fd966-6fcb-4f63-a31d-4e9d77648b35,d27ef9b3-97c1-49be-bc75-62750ca9a165
6307,196,d26a2e95-9843-4f84-9f36-b015359b613c,e5db0d68-19e5-41fc-83b4-70650e5ff4ed
6308,196,a36e28f9-0447-4a47-a9a7-98555dde8742,e5db0d68-19e5-41fc-83b4-70650e5ff4ed
6309,319,59f22810-cad0-4574-bc0b-297fa60f443f,10a617e2-a747-4cfc-811b-9c0a04640370
6310,82,ecf6aae1-f0ca-4fe2-8804-b8ec43c091da,80f418a2-b4cd-4dbf-9beb-f6412b56663d
6310,230,ecf6aae1-f0ca-4fe2-8804-b8ec43c091da,39a06e4a-d409-47fc-890f-3100b6861f45
6311,408,fb3af35a-e408-4a87-bb77-3efbb8df8485,c7d600dc-8aae-4b43-9272-760fae6c72c8
6312,431,0bf92032-2cce-49cf-8fc0-6ca4e39ab320,8e1b01ba-6b90-4731-99a2-ddfbfd622059
6312,432,0bf92032-2cce-49cf-8fc0-6ca4e39ab320,2dcf225e-f8fd-4b69-8bba-c07674f80ede
6313,420,7de2bcd6-57c6-454f-9f87-f844b3985fc9,04890db4-d2f7-41e8-be13-4a90729e9d8a
6314,327,4a903aaf-d3bf-4d97-9b1e-2e336bb6a688,6b01ad1e-f257-4296-b5f5-0178bb9835b3
6314,420,4a903aaf-d3bf-4d97-9b1e-2e336bb6a688,04890db4-d2f7-41e8-be13-4a90729e9d8a
6315,420,463f0690-ad76-4b76-bd7c-f6746d218271,04890db4-d2f7-41e8-be13-4a90729e9d8a
6316,420,b293e755-d94a-4bc6-94df-3deb5d9a4ad4,04890db4-d2f7-41e8-be13-4a90729e9d8a
6326,431,012d43eb-ce3e-4be3-b385-05b3fb1473c1,8e1b01ba-6b90-4731-99a2-ddfbfd622059
6329,65,cfe884ad-3246-46e9-9584-1f04af9faeef,71c3836d-c92c-4a50-ab85-87c986635583
6330,65,8744c1fa-bfe2-405e-b4b1-4f9f834434c1,71c3836d-c92c-4a50-ab85-87c986635583
6331,65,85155e07-b7fc-4a2f-bef1-3f657e9c1216,71c3836d-c92c-4a50-ab85-87c986635583
6348,279,219ce0fb-777f-42d6-b25a-fc677e94fd89,1a88a251-3cb7-4f11-90a0-5558530cdd81
6349,7,4e55bc2d-a1b0-4a4a-802c-ea5d9fb33191,9a6635ff-a522-447b-8ef1-dc57c04eae60
6350,11,217f54c0-83ab-4109-87c2-501f918de4a8,8b4fb246-83a3-4768-8e01-4e82d9834957
6351,155,ba3917bc-e199-4126-8667-9c2f096658ef,c29da24a-aa6b-4c32-bef8-8fcb970c47b3
6354,1590,491480a8-16e2-4189-9e29-956f63401b25,9564533e-7dbe-45e9-aebd-dd8a57607c8d
6355,34,84515fdf-1e24-4b6c-8979-3db0040d0112,728ba25f-56f0-49c7-aad3-cee18e334c2b
6356,124,f5555d56-602b-440e-9bac-00453e80d784,cce29796-6f71-4a60-bba2-58a4a1fd922a
6356,153,f5555d56-602b-440e-9bac-00453e80d784,2f091f27-e43b-43ff-8d25-9edbd3a1c2fe
6356,175,f5555d56-602b-440e-9bac-00453e80d784,5af64a9f-5bc3-4d23-858a-37d42f54a257
6356,190,f5555d56-602b-440e-9bac-00453e80d784,c80f962f-6090-4fe5-b2b6-5147e6c843df
6357,65,32cb511b-ccec-4cfb-8f97-34de82acd2d4,71c3836d-c92c-4a50-ab85-87c986635583
6358,305,1d9dbac3-e98e-45a8-b5d6-099e336cd3ca,37c14e43-471b-4cba-ab88-160730fbc35f
6359,21,a6878742-f186-42c9-8abf-10556969a0d6,d0afac79-d069-449f-abb6-c18974f09fba
6361,44,93bd1ab3-83e4-424a-8154-967e7ff0fe4a,e0d57de9-43eb-49d4-8cec-367087420e8b
6363,379,0ae870e4-9aa9-4283-8ae1-fd50f35e2fa9,92e8b438-8846-449c-ac25-b0b56f348abc
6367,175,15cc0e43-7f3b-4823-b974-9ba12abf2c60,5af64a9f-5bc3-4d23-858a-37d42f54a257
6368,175,30a7f789-80d6-400f-b147-2a8815b11c8f,5af64a9f-5bc3-4d23-858a-37d42f54a257
6375,58,c94631de-8c33-4b93-8086-80d720cf3bb9,8a6b49c5-b377-4f5d-b0e8-9a7b626efb3c
6380,34,5c3078af-4692-4b38-a450-82b009be7d7c,728ba25f-56f0-49c7-aad3-cee18e334c2b
6380,408,5c3078af-4692-4b38-a450-82b009be7d7c,c7d600dc-8aae-4b43-9272-760fae6c72c8
6381,34,ac730a45-ae0c-44bb-b2da-081e7433f0f6,728ba25f-56f0-49c7-aad3-cee18e334c2b
6381,408,ac730a45-ae0c-44bb-b2da-081e7433f0f6,c7d600dc-8aae-4b43-9272-760fae6c72c8
6382,408,d8ef3a2d-0a36-4736-b865-8ca367c0f5de,c7d600dc-8aae-4b43-9272-760fae6c72c8
6383,408,38019582-e102-48e5-a30f-062860c96f98,c7d600dc-8aae-4b43-9272-760fae6c72c8
6384,408,8f92c5d5-2a5c-48bf-88e3-24878e5de95b,c7d600dc-8aae-4b43-9272-760fae6c72c8
6385,190,501ccfef-7942-40ab-b39d-28b9a28b3a95,c80f962f-6090-4fe5-b2b6-5147e6c843df
6386,164,a4618291-9b6e-4d7f-bba3-3de5f432e318,22696324-bb0d-45a4-8201-26ea3bbe9fdc
6387,42,0a0cc208-ecf4-478b-b7c0-cb9986e8beec,7943dbc7-7395-45ed-ad7d-9b9247b90db0
6389,151,68d95551-51bb-4670-8d8d-945f78f5693f,fe2bc426-db9d-4afc-bc4b-01f296a4ee76
6392,177,e1d17e40-a162-4f4f-ad9b-523ebe4d16e2,04a9c418-a92b-4f1d-820c-5c37512c7927
6393,177,1d8e13e6-987d-4d76-b50c-601279ea8668,04a9c418-a92b-4f1d-820c-5c37512c7927
6394,2,99d204b2-3898-4ff9-8412-9b533fad6118,529b3e1e-65ca-4450-b120-cf3dcec3f063
6394,12,99d204b2-3898-4ff9-8412-9b533fad6118,d5670874-8030-4367-bddd-f202455e164b
6394,83,99d204b2-3898-4ff9-8412-9b533fad6118,25146304-b1ed-4ec0-a9f2-ae1b212b4821
6397,89,55f37ac0-cd88-4ddf-8ae6-dd2e5b0052a6,23ba372a-af2d-440f-b8ef-794ef52aa077
6397,140,55f37ac0-cd88-4ddf-8ae6-dd2e5b0052a6,5e30830f-1a0b-4983-9ffd-39cd4239b236
6398,140,89743f2a-9189-42d4-bc72-acd47c006e57,5e30830f-1a0b-4983-9ffd-39cd4239b236
6401,232,993d1593-d480-43af-b9cc-06951b9803fa,681290ad-c6c4-4501-a053-6fb632a97fb0
6403,232,72eb51b3-efe0-43c1-bcef-988760054aec,681290ad-c6c4-4501-a053-6fb632a97fb0
6404,2,b62fdaa2-9776-4487-9b27-8b5020f5e652,529b3e1e-65ca-4450-b120-cf3dcec3f063
6404,12,b62fdaa2-9776-4487-9b27-8b5020f5e652,d5670874-8030-4367-bddd-f202455e164b
6404,83,b62fdaa2-9776-4487-9b27-8b5020f5e652,25146304-b1ed-4ec0-a9f2-ae1b212b4821
6405,2,7f54c40b-b942-4ce4-bfc2-45af9d3b98e8,529b3e1e-65ca-4450-b120-cf3dcec3f063
6405,12,7f54c40b-b942-4ce4-bfc2-45af9d3b98e8,d5670874-8030-4367-bddd-f202455e164b
6405,83,7f54c40b-b942-4ce4-bfc2-45af9d3b98e8,25146304-b1ed-4ec0-a9f2-ae1b212b4821
6406,2,90fa4073-8be0-465a-8417-96bf477cff21,529b3e1e-65ca-4450-b120-cf3dcec3f063
6406,12,90fa4073-8be0-465a-8417-96bf477cff21,d5670874-8030-4367-bddd-f202455e164b
6406,83,90fa4073-8be0-465a-8417-96bf477cff21,25146304-b1ed-4ec0-a9f2-ae1b212b4821
6407,2,80e7fec7-bf62-4d82-8eb6-943972b22013,529b3e1e-65ca-4450-b120-cf3dcec3f063
6407,12,80e7fec7-bf62-4d82-8eb6-943972b22013,d5670874-8030-4367-bddd-f202455e164b
6407,83,80e7fec7-bf62-4d82-8eb6-943972b22013,25146304-b1ed-4ec0-a9f2-ae1b212b4821
6412,21,a0b70df6-11bd-4813-afc1-61f6b352648b,d0afac79-d069-449f-abb6-c18974f09fba
6419,363,a6f585b1-511b-495b-b14e-33d0d2d914e6,6c9d5de9-9355-4f52-b514-a0f51190e8dd
6420,363,7ab61058-4ce6-47ae-975f-b55bf007417c,6c9d5de9-9355-4f52-b514-a0f51190e8dd
6421,363,b039f3ee-b9a4-48ef-a819-dee4ec9fffca,6c9d5de9-9355-4f52-b514-a0f51190e8dd
6422,140,6d1bcde3-d1cb-4722-99a1-00cb92aca08e,5e30830f-1a0b-4983-9ffd-39cd4239b236
6422,159,6d1bcde3-d1cb-4722-99a1-00cb92aca08e,b595ab89-f7cc-4a96-b19c-d87dc8689c89
6426,420,ea3e8ac8-e085-486e-8500-079ec38ee20a,04890db4-d2f7-41e8-be13-4a90729e9d8a
6427,420,4b6e1614-820a-47f8-9ddb-9e0f7a514baf,04890db4-d2f7-41e8-be13-4a90729e9d8a
6428,420,2602629d-d547-4779-a138-bc08f5381faf,04890db4-d2f7-41e8-be13-4a90729e9d8a
6429,420,a084d614-e32a-45ac-9413-bf319a721c48,04890db4-d2f7-41e8-be13-4a90729e9d8a
6430,420,2ad18b2e-1a00-42b8-8f44-0163129ea198,04890db4-d2f7-41e8-be13-4a90729e9d8a
6431,420,7da470a5-355e-431c-99a1-3d319fd8c2b3,04890db4-d2f7-41e8-be13-4a90729e9d8a
6432,305,5f04aa20-7510-4219-a4c1-58cd6f1827c0,37c14e43-471b-4cba-ab88-160730fbc35f
6433,305,5fa58b6a-7653-4866-b361-3e997defc86d,37c14e43-471b-4cba-ab88-160730fbc35f
6434,305,65493ed4-eab4-4649-aab2-3bbc699d0593,37c14e43-471b-4cba-ab88-160730fbc35f
6435,305,6d5af290-f6f8-4ea2-bba5-fb80d898c79a,37c14e43-471b-4cba-ab88-160730fbc35f
6436,305,01b2c17f-0edc-4dad-afcf-4f0be0d909b0,37c14e43-471b-4cba-ab88-160730fbc35f
6437,305,d9bf7bcd-6d4b-4e93-8649-9f2f538882f2,37c14e43-471b-4cba-ab88-160730fbc35f
6438,305,c3c7ec6f-d7bb-480d-8fe6-b51dbafce19f,37c14e43-471b-4cba-ab88-160730fbc35f
6439,305,df3fb284-01b8-4f11-a72d-dbcb7c40bdba,37c14e43-471b-4cba-ab88-160730fbc35f
6440,305,168ea506-cdaf-4a1d-aec6-78a80670c7ba,37c14e43-471b-4cba-ab88-160730fbc35f
6444,155,086186b1-480e-4d12-b2b8-2050640dfeae,c29da24a-aa6b-4c32-bef8-8fcb970c47b3
6449,21,92742d70-4ba8-4202-8bf1-f02fd84d6efc,d0afac79-d069-449f-abb6-c18974f09fba
6449,28,92742d70-4ba8-4202-8bf1-f02fd84d6efc,640ff5f6-c924-4484-811a-93df1f274cc9
6449,40,92742d70-4ba8-4202-8bf1-f02fd84d6efc,bc62358e-434a-4b1e-b09d-72e879f7e685
6449,124,92742d70-4ba8-4202-8bf1-f02fd84d6efc,cce29796-6f71-4a60-bba2-58a4a1fd922a
6456,42,829fcd20-544a-46e3-aa60-11d38cd33eb7,7943dbc7-7395-45ed-ad7d-9b9247b90db0
6459,65,6cf8143e-2401-49af-a8e9-b96fff895247,71c3836d-c92c-4a50-ab85-87c986635583
6461,65,4c8cf394-1e86-48ff-8386-883e85a31b0e,71c3836d-c92c-4a50-ab85-87c986635583
6461,341,4c8cf394-1e86-48ff-8386-883e85a31b0e,6b4c7caf-333b-45f9-8863-e6782196a24b
6462,28,3e7cc922-3eaa-432e-8e6f-69fe7a3436e2,640ff5f6-c924-4484-811a-93df1f274cc9
6463,1,7e69c9e7-b9d3-4e24-a142-c3bccfe93254,b1d49301-fe07-4171-b989-7768419e0373
6465,28,10bbdbd9-4bd5-4f19-bc71-5be89c543168,640ff5f6-c924-4484-811a-93df1f274cc9
6466,65,091ba8a6-ec4e-4359-bc10-9a7a94bc410a,71c3836d-c92c-4a50-ab85-87c986635583
6467,34,0b20ca12-bb2e-424f-84fd-b4d9d125e856,728ba25f-56f0-49c7-aad3-cee18e334c2b
6467,230,0b20ca12-bb2e-424f-84fd-b4d9d125e856,39a06e4a-d409-47fc-890f-3100b6861f45
6468,62,a3fa2f47-aeec-4eba-97cd-9e5458e9f57c,40b736e4-3eff-44db-8fc8-e191322c321b
6470,28,93c4ea25-89b5-4bdc-95fa-3ec946047f93,640ff5f6-c924-4484-811a-93df1f274cc9
6470,153,93c4ea25-89b5-4bdc-95fa-3ec946047f93,2f091f27-e43b-43ff-8d25-9edbd3a1c2fe
6476,65,ecbc6616-5380-4a6d-b638-2404ae9d075f,71c3836d-c92c-4a50-ab85-87c986635583
6478,1558,9e8b74cd-a702-4aff-9da8-2f152b268cea,d27ef9b3-97c1-49be-bc75-62750ca9a165
6479,162,eccb7f9a-3198-4509-ad90-1d1a18db3abf,b5f24c2f-60b1-4a00-98c8-c025702f1644
6488,44,ec7f4ca8-e6b2-4d45-9f76-ecc92de61cdc,e0d57de9-43eb-49d4-8cec-367087420e8b
6490,89,39d5d63a-b08f-4b75-8162-20ceb48709a6,23ba372a-af2d-440f-b8ef-794ef52aa077
6492,11,bf3bed4f-1be9-4e4f-868b-26f397021056,8b4fb246-83a3-4768-8e01-4e82d9834957
6494,9,1021f3b6-757d-4a1e-a4db-120100fbab49,d14906ed-d7ec-4889-9b2d-dcab4ebc44e7
6494,28,1021f3b6-757d-4a1e-a4db-120100fbab49,640ff5f6-c924-4484-811a-93df1f274cc9
6494,42,1021f3b6-757d-4a1e-a4db-120100fbab49,7943dbc7-7395-45ed-ad7d-9b9247b90db0
6498,40,379454df-c491-4036-877a-3ce25972be98,bc62358e-434a-4b1e-b09d-72e879f7e685
6498,65,379454df-c491-4036-877a-3ce25972be98,71c3836d-c92c-4a50-ab85-87c986635583
6498,124,379454df-c491-4036-877a-3ce25972be98,cce29796-6f71-4a60-bba2-58a4a1fd922a
6499,44,c4bed828-6fe3-4ed8-bd99-6930da539f56,e0d57de9-43eb-49d4-8cec-367087420e8b
6503,126,14e8a617-9316-4ec4-ba52-da4eb9f8f25f,f0f7a169-7d6b-4660-b7ca-48eec3f105a6
6504,126,d4ef728e-4c9a-45cf-8e7c-3a55d40cb814,f0f7a169-7d6b-4660-b7ca-48eec3f105a6
6505,126,39ab4547-35b0-4026-b527-95d7d89413cf,f0f7a169-7d6b-4660-b7ca-48eec3f105a6
6506,34,70f4521a-680e-4b8b-92df-3ee0e140ad69,728ba25f-56f0-49c7-aad3-cee18e334c2b
6506,414,70f4521a-680e-4b8b-92df-3ee0e140ad69,271f01f4-959a-485b-a9d1-2a459a1ddeeb
6507,178,8160d79c-8cb8-4c28-9863-771b1fb9f94c,c93d087f-2920-4d6c-8295-9b1d115bd66f
6508,178,3ca9fa99-438a-47db-8efb-2dd9698e59f2,c93d087f-2920-4d6c-8295-9b1d115bd66f
6509,178,2037820d-baf0-4cb6-9dc6-460b01162ab5,c93d087f-2920-4d6c-8295-9b1d115bd66f
6511,65,981c8b3b-3830-434d-a6d4-5fac19a89f09,71c3836d-c92c-4a50-ab85-87c986635583
6512,9,62bd07e6-ff76-4a76-8f8a-708998b64a46,d14906ed-d7ec-4889-9b2d-dcab4ebc44e7
6512,21,62bd07e6-ff76-4a76-8f8a-708998b64a46,d0afac79-d069-449f-abb6-c18974f09fba
6512,28,62bd07e6-ff76-4a76-8f8a-708998b64a46,640ff5f6-c924-4484-811a-93df1f274cc9
6512,124,62bd07e6-ff76-4a76-8f8a-708998b64a46,cce29796-6f71-4a60-bba2-58a4a1fd922a
6512,175,62bd07e6-ff76-4a76-8f8a-708998b64a46,5af64a9f-5bc3-4d23-858a-37d42f54a257
6516,414,d9221558-9661-4a9d-b3ad-be5fa08b5bed,271f01f4-959a-485b-a9d1-2a459a1ddeeb
6518,1444,e3101e87-cd52-4735-89c7-7bd0d7296081,aaa53d76-f1c9-4458-9063-17c408265d13
6519,28,3c3659ee-67bd-4b76-8602-626dbd98d8c6,640ff5f6-c924-4484-811a-93df1f274cc9
6523,65,eb87239e-33ac-4430-8878-f2fe2747387e,71c3836d-c92c-4a50-ab85-87c986635583
6524,164,8eb73e70-dcb6-4c19-b971-272bec875556,22696324-bb0d-45a4-8201-26ea3bbe9fdc
6526,21,8f82d5f2-e36e-4d0c-868a-7c006dea22f1,d0afac79-d069-449f-abb6-c18974f09fba
6528,21,f3adb423-8f67-46be-9ea1-ab8c95fc67e0,d0afac79-d069-449f-abb6-c18974f09fba
6528,28,f3adb423-8f67-46be-9ea1-ab8c95fc67e0,640ff5f6-c924-4484-811a-93df1f274cc9
6528,40,f3adb423-8f67-46be-9ea1-ab8c95fc67e0,bc62358e-434a-4b1e-b09d-72e879f7e685
6528,117,f3adb423-8f67-46be-9ea1-ab8c95fc67e0,decee226-8684-4491-8c02-f0746c6bb6ac
6531,176,bc5a1e55-6f5f-4d87-9700-82a35274e6ef,2d645b0c-5c86-4ca6-9b35-8e7fecf04fdf
6532,28,1292e1e8-7bf6-47d4-8229-dfcf57cb3245,640ff5f6-c924-4484-811a-93df1f274cc9
6533,40,2f1c5930-3a7e-4f89-a6fb-dbd674db8269,bc62358e-434a-4b1e-b09d-72e879f7e685
6534,49,f5904a2f-5d0d-40b0-948a-d87d0f850f12,8e7b59b7-63d6-484d-9517-c1a74563a05f
6535,11,43656ae0-6f43-4b36-b2a6-424ea20d139d,8b4fb246-83a3-4768-8e01-4e82d9834957
6535,28,43656ae0-6f43-4b36-b2a6-424ea20d139d,640ff5f6-c924-4484-811a-93df1f274cc9
6536,40,9074914c-e61e-40ba-b9fe-0d44f7cccc5a,bc62358e-434a-4b1e-b09d-72e879f7e685
6538,58,92f1f44d-1a65-4deb-8468-e9552fc70426,8a6b49c5-b377-4f5d-b0e8-9a7b626efb3c
6539,40,5a5f5e28-ea88-4428-851c-2716358b3d75,bc62358e-434a-4b1e-b09d-72e879f7e685
6540,21,60f0d7ff-c75e-4588-8ba7-cc1559805c45,d0afac79-d069-449f-abb6-c18974f09fba
6541,21,4a6e5508-6318-4e94-a9b6-0938d163c665,d0afac79-d069-449f-abb6-c18974f09fba
6543,28,87fdda00-37cd-42a9-bd3a-5e519bdcffc2,640ff5f6-c924-4484-811a-93df1f274cc9
6544,9,2a3b9ff1-c8a1-4570-9161-a229094f1bcd,d14906ed-d7ec-4889-9b2d-dcab4ebc44e7
6544,21,2a3b9ff1-c8a1-4570-9161-a229094f1bcd,d0afac79-d069-449f-abb6-c18974f09fba
6544,28,2a3b9ff1-c8a1-4570-9161-a229094f1bcd,640ff5f6-c924-4484-811a-93df1f274cc9
6544,40,2a3b9ff1-c8a1-4570-9161-a229094f1bcd,bc62358e-434a-4b1e-b09d-72e879f7e685
6544,44,2a3b9ff1-c8a1-4570-9161-a229094f1bcd,e0d57de9-43eb-49d4-8cec-367087420e8b
6544,58,2a3b9ff1-c8a1-4570-9161-a229094f1bcd,8a6b49c5-b377-4f5d-b0e8-9a7b626efb3c
6544,65,2a3b9ff1-c8a1-4570-9161-a229094f1bcd,71c3836d-c92c-4a50-ab85-87c986635583
6544,124,2a3b9ff1-c8a1-4570-9161-a229094f1bcd,cce29796-6f71-4a60-bba2-58a4a1fd922a
6545,408,0eed5277-b73b-4c50-940d-e657c8fe0888,c7d600dc-8aae-4b43-9272-760fae6c72c8
6547,28,de0e0bff-a47f-4b75-a2f9-7a6bd641f94b,640ff5f6-c924-4484-811a-93df1f274cc9
6547,65,de0e0bff-a47f-4b75-a2f9-7a6bd641f94b,71c3836d-c92c-4a50-ab85-87c986635583
6550,336,549ba695-3eed-49c8-82b8-560fd0d871a4,2ddadfb3-aaf7-4b32-9d1e-99b5b6343bdc
6552,28,76752ad0-a219-4211-8847-52096aa48987,640ff5f6-c924-4484-811a-93df1f274cc9
6553,28,6f737094-b5f1-4b02-b2a1-936b7d26aec9,640ff5f6-c924-4484-811a-93df1f274cc9
6556,65,c53f9116-ab1f-4571-99a4-429d7aebe4b3,71c3836d-c92c-4a50-ab85-87c986635583
6557,162,81393657-53fd-4993-b991-e87a851b345a,b5f24c2f-60b1-4a00-98c8-c025702f1644
6558,11,f159bf8d-3db1-4ec6-9d1a-ce3d555c9225,8b4fb246-83a3-4768-8e01-4e82d9834957
6558,28,f159bf8d-3db1-4ec6-9d1a-ce3d555c9225,640ff5f6-c924-4484-811a-93df1f274cc9
6558,65,f159bf8d-3db1-4ec6-9d1a-ce3d555c9225,71c3836d-c92c-4a50-ab85-87c986635583
6558,89,f159bf8d-3db1-4ec6-9d1a-ce3d555c9225,23ba372a-af2d-440f-b8ef-794ef52aa077
6558,159,f159bf8d-3db1-4ec6-9d1a-ce3d555c9225,b595ab89-f7cc-4a96-b19c-d87dc8689c89
6558,1539,f159bf8d-3db1-4ec6-9d1a-ce3d555c9225,351e534f-c5d4-454d-9278-cc5f8bc8bc2c
6560,1466,a79b74ef-7216-498a-b885-b3640cc4e8e2,c6b766e9-7314-44c1-b56d-389486ecccf8
6561,11,64ff6b05-9fe0-4776-b3ab-b4db1d5ee760,8b4fb246-83a3-4768-8e01-4e82d9834957
6561,124,64ff6b05-9fe0-4776-b3ab-b4db1d5ee760,cce29796-6f71-4a60-bba2-58a4a1fd922a
6562,343,2245a4fe-a67e-44c9-b997-7be927e2e404,fa4f4c6d-d652-4ce1-8b63-236e2d55711f
6563,343,6d0c49ba-ad32-4bd5-b81a-933bc8b6f2b6,fa4f4c6d-d652-4ce1-8b63-236e2d55711f
6564,49,ba80fcdd-508c-4483-af1e-7ee5eead5616,8e7b59b7-63d6-484d-9517-c1a74563a05f
6569,432,b7f547ce-e0a9-40ce-bb16-8e9a40c8e1f0,2dcf225e-f8fd-4b69-8bba-c07674f80ede
6570,1528,a41c055c-ddc9-4967-b94b-839e29b30202,50356f81-f0b5-4ecb-9c3d-27092c94904e
6571,1588,16bcde28-3960-4ef9-9501-6d83224d4a4c,6a93bcd1-bb61-4020-83f9-b5c33e37b840
6572,1470,76cdd55a-e69c-4c1b-8ac1-bf49d93da7d8,a9f45f14-8a38-4946-936c-f41a85d83024
6573,155,c632f71a-3d1a-4db6-9231-7c93f1e7803e,c29da24a-aa6b-4c32-bef8-8fcb970c47b3
6574,153,922cd99d-97e9-4bb9-b324-6efa8d84e359,2f091f27-e43b-43ff-8d25-9edbd3a1c2fe
6577,187,9f385488-e69e-4a06-9ed4-2277d3b05afb,5388ccc6-fb1c-4762-8d2d-6b3316b0a2b1
6579,58,6f6f9b9a-027a-42fa-b014-8528aa7a6f38,8a6b49c5-b377-4f5d-b0e8-9a7b626efb3c
6581,230,9aafbbd8-8558-4360-9d1b-9ffde5c486f8,39a06e4a-d409-47fc-890f-3100b6861f45
6581,408,9aafbbd8-8558-4360-9d1b-9ffde5c486f8,c7d600dc-8aae-4b43-9272-760fae6c72c8
6582,1559,50d5314d-38b0-4c97-9cec-67f0b6c77463,d0d43bab-a051-4801-a316-1b03d17f2e45
6583,153,a9f9af44-6a9c-42c7-85ce-b5bd24705f89,2f091f27-e43b-43ff-8d25-9edbd3a1c2fe
6583,287,a9f9af44-6a9c-42c7-85ce-b5bd24705f89,36d7f24f-c38e-42a9-8fd1-f579226298ab
6584,293,99527997-6cbb-4ed0-9450-7fbd03c721bd,76d27797-08ed-44a0-8727-6aced26b594b
6585,62,ddd7899e-9f72-43d5-aed6-8652810076d3,40b736e4-3eff-44db-8fc8-e191322c321b
6586,19,bec52a95-9760-4038-b9bd-bfa57db65428,358b94b5-3617-4f9f-983e-caf7e425ffac
6587,54,e329551e-8acb-4b93-abb3-aa1af9869241,3d1bc7f4-e0ed-4100-bb03-38598f2cbad7
6589,151,a4d2a6c7-2c8e-4f3c-a7ab-1098ab9eda77,fe2bc426-db9d-4afc-bc4b-01f296a4ee76
6590,21,d230652b-3be9-41bf-90d7-d2f5787f0f7f,d0afac79-d069-449f-abb6-c18974f09fba
6592,89,49ca41ac-4f42-433c-b492-5a5e304de86e,23ba372a-af2d-440f-b8ef-794ef52aa077
6593,40,75f32bb8-8ad1-4ffb-b039-9dd2ddf26c87,bc62358e-434a-4b1e-b09d-72e879f7e685
6600,21,79f08126-f546-44a8-bc99-9f0988a810d0,d0afac79-d069-449f-abb6-c18974f09fba
6602,58,31669c04-ecfa-4087-88af-483543478788,8a6b49c5-b377-4f5d-b0e8-9a7b626efb3c
6603,152,60563dd7-734c-4139-bf00-edcbf14d91d8,26c817ef-9b23-4973-82cc-e96a1a97d5dc
6604,305,7adbb464-2ddb-46cd-b99f-e52ed2a8dd7f,37c14e43-471b-4cba-ab88-160730fbc35f
6605,89,11c294d6-37be-4e25-9edd-483ad1df96fb,23ba372a-af2d-440f-b8ef-794ef52aa077
6607,1476,72ae08a5-74b6-4aab-98f9-b48b5de308d5,690e6f6b-0a11-4395-b4a5-1233530e0c9d
6610,232,b8c2bac9-0a65-4b27-b700-0ca144901a25,681290ad-c6c4-4501-a053-6fb632a97fb0
6611,232,ab180d3e-bea7-42c7-8759-6ff0943a0337,681290ad-c6c4-4501-a053-6fb632a97fb0
6612,232,2182635a-1c7b-4a40-b2a2-5132b561fa29,681290ad-c6c4-4501-a053-6fb632a97fb0
6613,232,10f22dd6-5416-41e1-922f-2f796e97f82f,681290ad-c6c4-4501-a053-6fb632a97fb0
6614,232,fd283d1a-3351-4c97-9ee4-39ac4ae4b5b5,681290ad-c6c4-4501-a053-6fb632a97fb0
6615,232,8fe6b5b2-87f4-4214-93e7-7ea22d9ddb96,681290ad-c6c4-4501-a053-6fb632a97fb0
6616,162,24138c92-aeb6-4155-be3b-0ea7d9dc462e,b5f24c2f-60b1-4a00-98c8-c025702f1644
6617,89,fcb36199-7ba7-49ec-85e7-c9857c172ec0,23ba372a-af2d-440f-b8ef-794ef52aa077
6621,140,1d32a491-2eab-4632-bb02-2667087338e9,5e30830f-1a0b-4983-9ffd-39cd4239b236
6622,140,1f2712c2-97ee-4b27-89f5-ffa72a394224,5e30830f-1a0b-4983-9ffd-39cd4239b236
6623,140,7578fb75-8667-4083-aeb3-17a09a9bf6af,5e30830f-1a0b-4983-9ffd-39cd4239b236
6624,140,8940d4ac-cf2f-448c-b38e-6f009b5e3a25,5e30830f-1a0b-4983-9ffd-39cd4239b236
6625,140,cd91b455-dde7-4d83-b7c8-7972f405943c,5e30830f-1a0b-4983-9ffd-39cd4239b236
6626,140,8957033b-9c30-42c4-8b61-131008e5c722,5e30830f-1a0b-4983-9ffd-39cd4239b236
6627,140,7cdd1bb6-0a12-4c3e-9678-68adb7f76d86,5e30830f-1a0b-4983-9ffd-39cd4239b236
6628,40,a807cb7e-f753-42f3-a13e-73d1da1f8c43,bc62358e-434a-4b1e-b09d-72e879f7e685
6628,42,a807cb7e-f753-42f3-a13e-73d1da1f8c43,7943dbc7-7395-45ed-ad7d-9b9247b90db0
6628,65,a807cb7e-f753-42f3-a13e-73d1da1f8c43,71c3836d-c92c-4a50-ab85-87c986635583
6628,89,a807cb7e-f753-42f3-a13e-73d1da1f8c43,23ba372a-af2d-440f-b8ef-794ef52aa077
6628,124,a807cb7e-f753-42f3-a13e-73d1da1f8c43,cce29796-6f71-4a60-bba2-58a4a1fd922a
6629,40,9018b93c-aefe-4ca0-828f-df78280aac6a,bc62358e-434a-4b1e-b09d-72e879f7e685
6629,42,9018b93c-aefe-4ca0-828f-df78280aac6a,7943dbc7-7395-45ed-ad7d-9b9247b90db0
6629,65,9018b93c-aefe-4ca0-828f-df78280aac6a,71c3836d-c92c-4a50-ab85-87c986635583
6629,89,9018b93c-aefe-4ca0-828f-df78280aac6a,23ba372a-af2d-440f-b8ef-794ef52aa077
6629,124,9018b93c-aefe-4ca0-828f-df78280aac6a,cce29796-6f71-4a60-bba2-58a4a1fd922a
6629,177,9018b93c-aefe-4ca0-828f-df78280aac6a,04a9c418-a92b-4f1d-820c-5c37512c7927
6629,196,9018b93c-aefe-4ca0-828f-df78280aac6a,e5db0d68-19e5-41fc-83b4-70650e5ff4ed
6630,40,734eef7e-9f3e-4698-8d67-d4252676d04a,bc62358e-434a-4b1e-b09d-72e879f7e685
6630,42,734eef7e-9f3e-4698-8d67-d4252676d04a,7943dbc7-7395-45ed-ad7d-9b9247b90db0
6630,65,734eef7e-9f3e-4698-8d67-d4252676d04a,71c3836d-c92c-4a50-ab85-87c986635583
6630,89,734eef7e-9f3e-4698-8d67-d4252676d04a,23ba372a-af2d-440f-b8ef-794ef52aa077
6630,124,734eef7e-9f3e-4698-8d67-d4252676d04a,cce29796-6f71-4a60-bba2-58a4a1fd922a
6630,177,734eef7e-9f3e-4698-8d67-d4252676d04a,04a9c418-a92b-4f1d-820c-5c37512c7927
6630,196,734eef7e-9f3e-4698-8d67-d4252676d04a,e5db0d68-19e5-41fc-83b4-70650e5ff4ed
6631,40,84fe9488-5af8-473a-84fe-ccdbbf434624,bc62358e-434a-4b1e-b09d-72e879f7e685
6631,42,84fe9488-5af8-473a-84fe-ccdbbf434624,7943dbc7-7395-45ed-ad7d-9b9247b90db0
6631,65,84fe9488-5af8-473a-84fe-ccdbbf434624,71c3836d-c92c-4a50-ab85-87c986635583
6631,89,84fe9488-5af8-473a-84fe-ccdbbf434624,23ba372a-af2d-440f-b8ef-794ef52aa077
6631,124,84fe9488-5af8-473a-84fe-ccdbbf434624,cce29796-6f71-4a60-bba2-58a4a1fd922a
6631,155,84fe9488-5af8-473a-84fe-ccdbbf434624,c29da24a-aa6b-4c32-bef8-8fcb970c47b3
6631,177,84fe9488-5af8-473a-84fe-ccdbbf434624,04a9c418-a92b-4f1d-820c-5c37512c7927
6631,196,84fe9488-5af8-473a-84fe-ccdbbf434624,e5db0d68-19e5-41fc-83b4-70650e5ff4ed
6632,177,03436df5-b42d-463d-abcd-f5aedab747a5,04a9c418-a92b-4f1d-820c-5c37512c7927
6633,96,1dc0a8c2-0b54-45ea-91d4-2b5445a1aabe,8b54abd3-797c-471c-ad4a-1bde5ea69734
6633,116,1dc0a8c2-0b54-45ea-91d4-2b5445a1aabe,2a898059-bc57-4390-a10a-0358c8ee3847
