FilmId,LanguageId,FilmGuid,LanguageGuid
35,51,6f8daeab-1f04-4f4b-8776-60d9ed842331,128ec9c0-9293-4d2f-bf04-855a76e8dbe0
36,35,d41c0270-e690-42b4-8070-040baadafe9f,4e44d169-1292-4d6e-b5b9-fddc14fbbcdc
37,94,99ebd537-386c-420a-af14-10e2f96120ae,25006cc4-a12b-4570-918f-78a97dca46a3
38,51,cb6bf66f-78b7-4a38-b29e-9509b733751d,128ec9c0-9293-4d2f-bf04-855a76e8dbe0
39,51,9d58f94c-200e-4d17-a992-d604868827d1,128ec9c0-9293-4d2f-bf04-855a76e8dbe0
40,51,c71808f6-5c5e-4b03-9744-85a7f7a1b8e7,128ec9c0-9293-4d2f-bf04-855a76e8dbe0
47,51,6667e295-22be-4890-8e38-23349c70b1cd,128ec9c0-9293-4d2f-bf04-855a76e8dbe0
49,51,74beb27d-5521-46e5-8abe-aeb9109e63e6,128ec9c0-9293-4d2f-bf04-855a76e8dbe0
50,35,19fe292e-fca0-49a9-8b67-aac1549022ef,4e44d169-1292-4d6e-b5b9-fddc14fbbcdc
53,35,b0599d98-bd7b-4b18-8923-c6532318f787,4e44d169-1292-4d6e-b5b9-fddc14fbbcdc
54,26,36252683-c77a-4ced-9ec4-713cfc5f2ac9,5db38fdd-3b64-4392-9002-ce7512bf3ceb
55,51,3b35c78d-82c9-4a85-967f-a726485c7341,128ec9c0-9293-4d2f-bf04-855a76e8dbe0
56,35,6e225c2d-c0a2-4fb5-8883-f07cdc9857f0,4e44d169-1292-4d6e-b5b9-fddc14fbbcdc
57,94,ab46b514-9034-4c83-b493-4db8fe515283,25006cc4-a12b-4570-918f-78a97dca46a3
58,94,31b7035e-e54b-45ae-834c-551e554ec496,25006cc4-a12b-4570-918f-78a97dca46a3
59,51,bd70b36c-424a-4029-9170-6d1a0f3cab04,128ec9c0-9293-4d2f-bf04-855a76e8dbe0
60,94,85f100e3-71e1-4f0d-8cce-0de5024d70a0,25006cc4-a12b-4570-918f-78a97dca46a3
61,56,eac36f81-4356-40d2-813b-6d076ea09d81,fe758c24-6a48-4f9c-8424-ea1956da1ac4
62,94,d21ea840-864b-4234-931e-8c5163147e2c,25006cc4-a12b-4570-918f-78a97dca46a3
63,94,5ff9501f-f58c-48c5-aade-9bfcd01d3ac0,25006cc4-a12b-4570-918f-78a97dca46a3
64,94,f3734f9a-1a98-43bb-8a92-647833504906,25006cc4-a12b-4570-918f-78a97dca46a3
65,64,899e8007-8b8b-42c6-a367-02b68b23ca5c,1e85dcaf-bd03-48dc-98bd-73e2e2779c7b
66,56,af9d5c1c-4d6d-4254-8b94-168e5b2ff7ec,fe758c24-6a48-4f9c-8424-ea1956da1ac4
67,51,68d4e16e-1be6-4563-8619-3d0d1334451e,128ec9c0-9293-4d2f-bf04-855a76e8dbe0
68,94,4e78c693-7ab1-4010-b11a-147f5f7fe2a2,25006cc4-a12b-4570-918f-78a97dca46a3
69,26,f281e26d-c7bb-47a5-849f-2adb3423b327,5db38fdd-3b64-4392-9002-ce7512bf3ceb
70,51,40e555ef-59f3-4d20-9dd2-ad2ceb7e4d12,128ec9c0-9293-4d2f-bf04-855a76e8dbe0
71,51,ff435f8c-291a-4762-bc0f-328d228fccdd,128ec9c0-9293-4d2f-bf04-855a76e8dbe0
72,94,6966b69d-174b-4664-ab46-5b3017bbbca7,25006cc4-a12b-4570-918f-78a97dca46a3
73,51,5431b800-d42d-4317-9f7f-90938a78e6ed,128ec9c0-9293-4d2f-bf04-855a76e8dbe0
74,51,ae730ade-5bc4-42ad-af92-755e939429bd,128ec9c0-9293-4d2f-bf04-855a76e8dbe0
76,51,44b7a159-3df2-423e-95e1-6038e1754e52,128ec9c0-9293-4d2f-bf04-855a76e8dbe0
77,51,67ee8187-3ec4-47bb-ab33-f49587b77e18,128ec9c0-9293-4d2f-bf04-855a76e8dbe0
78,51,81a360f3-f0a2-4903-b375-a885264bdfac,128ec9c0-9293-4d2f-bf04-855a76e8dbe0
80,51,56808d12-9892-42df-a970-c5ac584b6b78,128ec9c0-9293-4d2f-bf04-855a76e8dbe0
81,51,899e5f5b-7b7e-4612-ab0e-1408c034b001,128ec9c0-9293-4d2f-bf04-855a76e8dbe0
82,51,bfb820fc-4ff7-4870-a903-3e72b47fe279,128ec9c0-9293-4d2f-bf04-855a76e8dbe0
83,51,749a8596-aa48-4e7d-91d0-c04293475976,128ec9c0-9293-4d2f-bf04-855a76e8dbe0
84,94,1eef7a25-2621-47ea-8691-4d0a92b21195,25006cc4-a12b-4570-918f-78a97dca46a3
85,94,c06887af-2a3d-4b5d-b9cb-bdd3a853a65b,25006cc4-a12b-4570-918f-78a97dca46a3
86,26,1d63ecbd-c59d-4187-8e42-bb97c13e4c6a,5db38fdd-3b64-4392-9002-ce7512bf3ceb
87,56,b531ee37-7cda-48b8-83fa-283ebff8e6bc,fe758c24-6a48-4f9c-8424-ea1956da1ac4
88,56,8cb24502-60f6-4c9d-a3a3-468a9bfb819f,fe758c24-6a48-4f9c-8424-ea1956da1ac4
89,26,d02dbe90-d63d-4a3e-9df2-790bdfddb46d,5db38fdd-3b64-4392-9002-ce7512bf3ceb
90,94,1f6a5167-47a8-4523-bee4-9b7a58a9dbdd,25006cc4-a12b-4570-918f-78a97dca46a3
91,51,b926a39e-e6b5-4afd-8ab7-39303e9b3442,128ec9c0-9293-4d2f-bf04-855a76e8dbe0
92,94,844b6d5d-b89e-454f-b35b-d7e76244cb41,25006cc4-a12b-4570-918f-78a97dca46a3
93,51,0b69bba9-cbcf-4ff6-8687-a60d169f5e73,128ec9c0-9293-4d2f-bf04-855a76e8dbe0
94,51,9113743c-b4ed-4180-827f-7e3aa40f54f6,128ec9c0-9293-4d2f-bf04-855a76e8dbe0
95,51,7d013e7f-0d18-488c-964d-5e827080a2e3,128ec9c0-9293-4d2f-bf04-855a76e8dbe0
96,51,a06264a4-54e4-4cc7-b0fb-9c9741378c88,128ec9c0-9293-4d2f-bf04-855a76e8dbe0
97,51,6581ff71-7e62-4281-9d10-afcb1467afa7,128ec9c0-9293-4d2f-bf04-855a76e8dbe0
98,51,0579d7c7-75ac-4734-b227-4bfa1eb4e55f,128ec9c0-9293-4d2f-bf04-855a76e8dbe0
100,51,f1278e01-f1d6-473d-bb93-f53abd97006f,128ec9c0-9293-4d2f-bf04-855a76e8dbe0
101,51,35ff991c-175f-4dcb-85ba-082cac8e755c,128ec9c0-9293-4d2f-bf04-855a76e8dbe0
102,51,f41abd3b-8a10-4381-9801-17a4aa424ca6,128ec9c0-9293-4d2f-bf04-855a76e8dbe0
103,51,92cde026-876a-4c30-8cdc-aa15753a1b62,128ec9c0-9293-4d2f-bf04-855a76e8dbe0
104,51,9f1255bf-228d-49c3-9c79-4cf73262e12d,128ec9c0-9293-4d2f-bf04-855a76e8dbe0
105,51,ee768c26-45e7-4d79-99ca-26141c2f590b,128ec9c0-9293-4d2f-bf04-855a76e8dbe0
106,51,a4104146-3d5e-431e-85d9-3285f6f039b9,128ec9c0-9293-4d2f-bf04-855a76e8dbe0
107,51,fb35308a-fce1-47fe-9f1c-9ebd832378e0,128ec9c0-9293-4d2f-bf04-855a76e8dbe0
108,51,d8274a80-6a23-4595-8230-ba44cdbb6787,128ec9c0-9293-4d2f-bf04-855a76e8dbe0
109,51,0441c548-bfe9-4638-8d52-2f828208e973,128ec9c0-9293-4d2f-bf04-855a76e8dbe0
110,51,f273b90c-181d-491d-94a5-5fb4a649b8a7,128ec9c0-9293-4d2f-bf04-855a76e8dbe0
111,51,b82c2e62-1c7d-4359-8d14-a2cb4f2545ff,128ec9c0-9293-4d2f-bf04-855a76e8dbe0
112,51,b256c08e-0102-4f5c-9510-263525a3e1c6,128ec9c0-9293-4d2f-bf04-855a76e8dbe0
113,51,2b68cb60-0334-4d1e-a188-2d7db22104f9,128ec9c0-9293-4d2f-bf04-855a76e8dbe0
114,51,b4538c21-2859-458a-b0fd-764539d87d73,128ec9c0-9293-4d2f-bf04-855a76e8dbe0
115,51,a2aae0dc-4bcd-42be-b9a3-c3f68e88c9f2,128ec9c0-9293-4d2f-bf04-855a76e8dbe0
116,28,00e08c10-9c66-4453-8184-550f5af074c6,927df241-9b2c-4a41-bbe1-d6151a413b40
117,51,5c16b60b-43d1-4600-8da2-eaa2c955f9f0,128ec9c0-9293-4d2f-bf04-855a76e8dbe0
119,51,e9cb636c-3810-4d41-b68d-381d457c2c75,128ec9c0-9293-4d2f-bf04-855a76e8dbe0
120,51,ed5e2d90-0ddb-4955-b471-abe1fda190c5,128ec9c0-9293-4d2f-bf04-855a76e8dbe0
121,34,01ec92cd-5372-4b7d-9756-e987225eea87,db5c71e1-57ef-4e4d-b808-9c9c6d40f47f
123,51,8afa579f-c4b5-4388-89d8-500232f5a050,128ec9c0-9293-4d2f-bf04-855a76e8dbe0
124,26,9071440b-518b-4d90-84fa-8c274607d025,5db38fdd-3b64-4392-9002-ce7512bf3ceb
126,51,5428ab76-3b63-409b-9dc5-e9c0e3551705,128ec9c0-9293-4d2f-bf04-855a76e8dbe0
127,51,59e3dfd6-9018-41f1-800a-a5604a5a95e8,128ec9c0-9293-4d2f-bf04-855a76e8dbe0
128,51,00847e15-78f6-4437-bfa9-ddbc6ba00b3e,128ec9c0-9293-4d2f-bf04-855a76e8dbe0
129,51,b88190e6-79f6-4b01-bf1d-2923d8bfe5ce,128ec9c0-9293-4d2f-bf04-855a76e8dbe0
130,29,b9e94db8-330d-4014-9bc0-5848426ca6fb,927df241-9b2c-4a41-bbe1-d6151a413b41
130,51,b9e94db8-330d-4014-9bc0-5848426ca6fb,128ec9c0-9293-4d2f-bf04-855a76e8dbe0
131,29,e5904739-d9ca-4d85-9c8c-fd602e444e9d,927df241-9b2c-4a41-bbe1-d6151a413b41
131,51,e5904739-d9ca-4d85-9c8c-fd602e444e9d,128ec9c0-9293-4d2f-bf04-855a76e8dbe0
132,29,670b647e-21f6-4194-a2b0-04fbc0ff6fe5,927df241-9b2c-4a41-bbe1-d6151a413b41
132,51,670b647e-21f6-4194-a2b0-04fbc0ff6fe5,128ec9c0-9293-4d2f-bf04-855a76e8dbe0
133,29,b40d0e48-afeb-42d0-bde0-e2756f74e395,927df241-9b2c-4a41-bbe1-d6151a413b41
133,51,b40d0e48-afeb-42d0-bde0-e2756f74e395,128ec9c0-9293-4d2f-bf04-855a76e8dbe0
134,29,210b9528-e0ce-4645-9fd6-91890f69d746,927df241-9b2c-4a41-bbe1-d6151a413b41
134,51,210b9528-e0ce-4645-9fd6-91890f69d746,128ec9c0-9293-4d2f-bf04-855a76e8dbe0
135,29,cea4c695-7be0-4dc0-95e8-35b52c4116c5,927df241-9b2c-4a41-bbe1-d6151a413b41
135,51,cea4c695-7be0-4dc0-95e8-35b52c4116c5,128ec9c0-9293-4d2f-bf04-855a76e8dbe0
136,29,4666d732-32b9-49ad-8aca-6229c8569d1c,927df241-9b2c-4a41-bbe1-d6151a413b41
136,51,4666d732-32b9-49ad-8aca-6229c8569d1c,128ec9c0-9293-4d2f-bf04-855a76e8dbe0
137,29,9ccf0441-94fa-4895-8796-72ffc789b3ea,927df241-9b2c-4a41-bbe1-d6151a413b41
137,51,9ccf0441-94fa-4895-8796-72ffc789b3ea,128ec9c0-9293-4d2f-bf04-855a76e8dbe0
138,29,631c6d0e-a99b-4035-adcc-0034c93a7fce,927df241-9b2c-4a41-bbe1-d6151a413b41
138,51,631c6d0e-a99b-4035-adcc-0034c93a7fce,128ec9c0-9293-4d2f-bf04-855a76e8dbe0
139,29,dd1bfd18-a403-4f37-9dc7-694c2b9cdeb1,927df241-9b2c-4a41-bbe1-d6151a413b41
139,51,dd1bfd18-a403-4f37-9dc7-694c2b9cdeb1,128ec9c0-9293-4d2f-bf04-855a76e8dbe0
140,29,5f0a88fa-ab91-4314-9bdf-646e2aba30e9,927df241-9b2c-4a41-bbe1-d6151a413b41
140,51,5f0a88fa-ab91-4314-9bdf-646e2aba30e9,128ec9c0-9293-4d2f-bf04-855a76e8dbe0
141,29,17b23e09-ef19-4b17-a4ca-7e017d6367d3,927df241-9b2c-4a41-bbe1-d6151a413b41
141,51,17b23e09-ef19-4b17-a4ca-7e017d6367d3,128ec9c0-9293-4d2f-bf04-855a76e8dbe0
142,29,e993c61d-d49f-4de3-9b1b-fc46a9d13998,927df241-9b2c-4a41-bbe1-d6151a413b41
142,51,e993c61d-d49f-4de3-9b1b-fc46a9d13998,128ec9c0-9293-4d2f-bf04-855a76e8dbe0
143,29,e609728c-6616-4c6f-8f0f-e366799ddcf6,927df241-9b2c-4a41-bbe1-d6151a413b41
143,51,e609728c-6616-4c6f-8f0f-e366799ddcf6,128ec9c0-9293-4d2f-bf04-855a76e8dbe0
144,35,2731dba8-7473-443d-834e-c52005aaeef4,4e44d169-1292-4d6e-b5b9-fddc14fbbcdc
145,94,e800bf9f-69b0-4b19-9c06-eb7cd30c2edd,25006cc4-a12b-4570-918f-78a97dca46a3
149,51,3ba1fe20-03cf-444f-8f2a-406f3d7f0eb7,128ec9c0-9293-4d2f-bf04-855a76e8dbe0
150,35,4aacb0e4-449d-43de-94c4-fe279e230dd3,4e44d169-1292-4d6e-b5b9-fddc14fbbcdc
151,51,f0df7e9c-8d82-46ee-8d8c-31da1f927e1f,128ec9c0-9293-4d2f-bf04-855a76e8dbe0
153,137,6987dd6c-853b-466e-ab10-1105408c287f,3387e5b6-d36d-4475-8b34-e918249b7474
155,137,f36a9f01-5d79-4d2c-b4ea-acd3cd2fd863,3387e5b6-d36d-4475-8b34-e918249b7474
156,137,43437bed-3b26-4840-84db-8bc79e13fe1a,3387e5b6-d36d-4475-8b34-e918249b7474
157,137,5da10ba2-8d69-40db-a2c2-7d26de879d2f,3387e5b6-d36d-4475-8b34-e918249b7474
158,137,e38a48d7-1494-48a4-83d9-d56319dffbce,3387e5b6-d36d-4475-8b34-e918249b7474
159,137,a6a589f3-c6fc-4ff4-8378-4d3085ef878d,3387e5b6-d36d-4475-8b34-e918249b7474
160,137,0b3a4aad-53d9-40dc-873a-c90e61ea03a7,3387e5b6-d36d-4475-8b34-e918249b7474
162,51,d295111f-1446-4648-a788-c444e9cac13a,128ec9c0-9293-4d2f-bf04-855a76e8dbe0
163,56,e7a7e9bf-04ee-4f5a-b5d4-78d54f6e9372,fe758c24-6a48-4f9c-8424-ea1956da1ac4
164,56,a1f65ab8-a158-4516-8170-86da55f7861e,fe758c24-6a48-4f9c-8424-ea1956da1ac4
165,6,7b13bc17-44c6-4ab4-ad09-e17b3f9bcd13,60d0dc9e-4acd-4836-9376-f0bc5ea2f635
165,35,7b13bc17-44c6-4ab4-ad09-e17b3f9bcd13,4e44d169-1292-4d6e-b5b9-fddc14fbbcdc
166,51,25126dae-ff76-40bf-a412-730a91a5bf7c,128ec9c0-9293-4d2f-bf04-855a76e8dbe0
167,56,ef87fdcc-8007-4a37-b292-7b95e9ad19df,fe758c24-6a48-4f9c-8424-ea1956da1ac4
168,27,5375d133-8242-47b3-b4bf-18771eb96c9e,4f571464-c0f6-460c-a1f2-fd307f5fe744
168,112,5375d133-8242-47b3-b4bf-18771eb96c9e,68cb3e51-ebdc-4355-bbff-0a3453a371f1
169,51,dab08451-f057-4181-8919-6a476dcd6c4e,128ec9c0-9293-4d2f-bf04-855a76e8dbe0
169,56,dab08451-f057-4181-8919-6a476dcd6c4e,fe758c24-6a48-4f9c-8424-ea1956da1ac4
170,56,ab6d2c67-d76e-4baa-829a-fd7efa0ed626,fe758c24-6a48-4f9c-8424-ea1956da1ac4
171,51,8629f9db-77ff-43c8-b16e-7ab1e293236c,128ec9c0-9293-4d2f-bf04-855a76e8dbe0
172,51,fa85aca4-daf4-452d-981e-88ec86bfb057,128ec9c0-9293-4d2f-bf04-855a76e8dbe0
173,35,ca68dc99-1730-45c0-950f-695a85e16b75,4e44d169-1292-4d6e-b5b9-fddc14fbbcdc
176,137,8c86bb46-5801-4e65-a263-c21bf85b8a19,3387e5b6-d36d-4475-8b34-e918249b7474
178,51,3b0a20b0-687f-4103-b096-01eed4a067af,128ec9c0-9293-4d2f-bf04-855a76e8dbe0
179,51,c677c3bb-62ec-475d-9a46-eb2df5b6d2ea,128ec9c0-9293-4d2f-bf04-855a76e8dbe0
180,51,21630b1e-cacd-4361-96c8-36463604e5cd,128ec9c0-9293-4d2f-bf04-855a76e8dbe0
181,51,52dbcdbe-9fcd-4827-8142-991c6642e296,128ec9c0-9293-4d2f-bf04-855a76e8dbe0
182,51,4f96aa6f-249c-45b3-8a70-d7ed29bf20e3,128ec9c0-9293-4d2f-bf04-855a76e8dbe0
183,51,0ca34589-fc18-464b-aa5e-a2ed03499a51,128ec9c0-9293-4d2f-bf04-855a76e8dbe0
184,51,451b635f-04a9-4605-ad55-29bba4b32318,128ec9c0-9293-4d2f-bf04-855a76e8dbe0
185,51,18540a75-5bc2-4da4-a37f-09d68856232f,128ec9c0-9293-4d2f-bf04-855a76e8dbe0
186,51,c3b08d47-bcb9-48fc-bfda-f410603cba53,128ec9c0-9293-4d2f-bf04-855a76e8dbe0
187,137,c80b0824-d692-4d2a-a738-a4d8d17534c4,3387e5b6-d36d-4475-8b34-e918249b7474
188,25,70cd727e-acd6-4f74-ad45-05aed7303ad6,b9df3400-41bb-46a8-8b68-7e951f1806b9
189,51,4549679e-7256-4bc1-a795-1e40da475b3b,128ec9c0-9293-4d2f-bf04-855a76e8dbe0
190,51,201aa7c3-09e7-4cdd-a688-559328bc1c33,128ec9c0-9293-4d2f-bf04-855a76e8dbe0
191,51,985a44e0-07b4-461e-8a87-5a6f60a92e1e,128ec9c0-9293-4d2f-bf04-855a76e8dbe0
192,51,52eac77c-2951-4c3a-b15c-fb169d8dabc9,128ec9c0-9293-4d2f-bf04-855a76e8dbe0
193,51,2805d225-b412-4268-91fe-9a59aafd5db1,128ec9c0-9293-4d2f-bf04-855a76e8dbe0
194,51,2fdbfee1-a96d-4971-b143-5640a0586427,128ec9c0-9293-4d2f-bf04-855a76e8dbe0
195,51,d4b92f26-1b30-4130-a55b-4e04fae0c551,128ec9c0-9293-4d2f-bf04-855a76e8dbe0
196,51,d4ce58b6-39e4-4f40-be7b-dbbc7747bfef,128ec9c0-9293-4d2f-bf04-855a76e8dbe0
197,51,87cabccd-a8b3-4637-9c88-604377bca5e5,128ec9c0-9293-4d2f-bf04-855a76e8dbe0
198,51,05d15c32-75a0-43ab-a56c-3647bf4bea7c,128ec9c0-9293-4d2f-bf04-855a76e8dbe0
199,51,06d37862-302b-4b34-abce-a9ba52c88081,128ec9c0-9293-4d2f-bf04-855a76e8dbe0
200,51,9a00ec54-764a-4e35-8baa-6efefe39f472,128ec9c0-9293-4d2f-bf04-855a76e8dbe0
201,51,6b40d66b-37eb-4c53-bef3-70e72da9c75a,128ec9c0-9293-4d2f-bf04-855a76e8dbe0
202,51,75b4ebe5-a639-49a4-b13e-c42837e3910d,128ec9c0-9293-4d2f-bf04-855a76e8dbe0
203,51,151a54f9-7606-411b-9e48-a80f87db5c1a,128ec9c0-9293-4d2f-bf04-855a76e8dbe0
204,27,81e3ff67-76e8-443b-8c93-dcac70538891,4f571464-c0f6-460c-a1f2-fd307f5fe744
204,51,81e3ff67-76e8-443b-8c93-dcac70538891,128ec9c0-9293-4d2f-bf04-855a76e8dbe0
205,51,79a186b3-bb4b-41fc-8b93-390228745aab,128ec9c0-9293-4d2f-bf04-855a76e8dbe0
206,35,a0c82ebb-0022-43ef-b04a-ef3d9d7c9922,4e44d169-1292-4d6e-b5b9-fddc14fbbcdc
206,51,a0c82ebb-0022-43ef-b04a-ef3d9d7c9922,128ec9c0-9293-4d2f-bf04-855a76e8dbe0
207,137,785d2da8-8051-4105-840c-97088747e0ea,3387e5b6-d36d-4475-8b34-e918249b7474
208,137,21a5bcd0-950f-495f-a81c-cd76e2acd917,3387e5b6-d36d-4475-8b34-e918249b7474
209,51,ea4e4b41-d734-4b18-941f-ab713f6898d5,128ec9c0-9293-4d2f-bf04-855a76e8dbe0
210,137,6c8251da-d1ed-48cf-a7ea-0ed28be9f04e,3387e5b6-d36d-4475-8b34-e918249b7474
211,51,ba325fb6-0fc0-4e90-a65b-927de9ec15f2,128ec9c0-9293-4d2f-bf04-855a76e8dbe0
212,51,bdc09e26-8f73-46bb-a52f-e2de880bbc49,128ec9c0-9293-4d2f-bf04-855a76e8dbe0
213,51,69084a15-6369-4705-98fb-97af77759600,128ec9c0-9293-4d2f-bf04-855a76e8dbe0
214,51,05669239-85f1-42a8-a90f-9650f749b60c,128ec9c0-9293-4d2f-bf04-855a76e8dbe0
215,51,326a569c-8509-417b-af65-b93e87e77217,128ec9c0-9293-4d2f-bf04-855a76e8dbe0
216,51,3840e603-d4f7-4d5c-8579-4a5a95cde5da,128ec9c0-9293-4d2f-bf04-855a76e8dbe0
217,51,6d3182f5-b20c-4b4b-a78a-4580f7a0a022,128ec9c0-9293-4d2f-bf04-855a76e8dbe0
218,51,87b4b39c-7c82-4f2a-a536-5565285a7302,128ec9c0-9293-4d2f-bf04-855a76e8dbe0
218,56,87b4b39c-7c82-4f2a-a536-5565285a7302,fe758c24-6a48-4f9c-8424-ea1956da1ac4
219,35,a25562df-ffe2-4133-aebc-b09b82a06273,4e44d169-1292-4d6e-b5b9-fddc14fbbcdc
221,51,5e812151-ca04-46f3-9c2a-c4b71bfc91eb,128ec9c0-9293-4d2f-bf04-855a76e8dbe0
222,51,1f124ccb-d13e-4023-86fd-185cdff07331,128ec9c0-9293-4d2f-bf04-855a76e8dbe0
223,51,16cface4-e364-4ab8-ab5d-d01b2bc64c8a,128ec9c0-9293-4d2f-bf04-855a76e8dbe0
223,138,16cface4-e364-4ab8-ab5d-d01b2bc64c8a,a5be143c-038b-4661-9a23-3d71d40aa7d6
224,51,976dfa19-0a25-4d64-84fb-28101dd754ad,128ec9c0-9293-4d2f-bf04-855a76e8dbe0
225,51,5510b858-ad39-4e92-8a70-2a01c05cae66,128ec9c0-9293-4d2f-bf04-855a76e8dbe0
226,51,a96284d5-50ef-4165-b025-1c09fa7eb4e6,128ec9c0-9293-4d2f-bf04-855a76e8dbe0
227,64,39394eb8-3db3-4de0-9ca5-0b9f9d6780be,1e85dcaf-bd03-48dc-98bd-73e2e2779c7b
229,35,c2180b40-d03b-4198-8bcf-3388de135aea,4e44d169-1292-4d6e-b5b9-fddc14fbbcdc
230,26,3193e920-89b9-4cf0-aaa3-03c50586a149,5db38fdd-3b64-4392-9002-ce7512bf3ceb
231,56,89e8dd23-97d9-4271-8621-5143c3937492,fe758c24-6a48-4f9c-8424-ea1956da1ac4
232,6,059cfb7d-7278-4a44-86a4-b63931e7bc76,60d0dc9e-4acd-4836-9376-f0bc5ea2f635
233,40,70ed0e66-225a-44b3-86c0-cf9784c7bf4d,4fa23b9d-0f0a-49a5-848f-591e23711c37
233,88,70ed0e66-225a-44b3-86c0-cf9784c7bf4d,4a8f0ef7-dbdb-44d7-ad0c-53df3a82b320
234,51,452d1259-13b1-47bd-a3c2-25e3c39b9ac1,128ec9c0-9293-4d2f-bf04-855a76e8dbe0
235,51,0ed69a81-c65c-46b8-a10d-ccbeb6b1563d,128ec9c0-9293-4d2f-bf04-855a76e8dbe0
236,51,7bfa4331-6b14-4cdb-b469-1a41a4818932,128ec9c0-9293-4d2f-bf04-855a76e8dbe0
237,51,106f2781-ca79-489e-986b-7a9925070985,128ec9c0-9293-4d2f-bf04-855a76e8dbe0
238,51,221569fc-ad5a-4ce9-8ef4-8d52500a8604,128ec9c0-9293-4d2f-bf04-855a76e8dbe0
239,51,44d5cf74-7e78-462a-ae3f-34df527fbe6d,128ec9c0-9293-4d2f-bf04-855a76e8dbe0
240,51,a73b85e4-ee91-4262-95cc-fbc6baa9c58f,128ec9c0-9293-4d2f-bf04-855a76e8dbe0
241,51,07d56152-f57e-4d10-833a-cc749bf96bc0,128ec9c0-9293-4d2f-bf04-855a76e8dbe0
242,51,53fe6adc-27a0-4938-88b2-9a8cb126af04,128ec9c0-9293-4d2f-bf04-855a76e8dbe0
243,51,4869ca15-5c01-41e3-9a0b-16c2bc3ee694,128ec9c0-9293-4d2f-bf04-855a76e8dbe0
244,40,5d879ffd-3650-4e5e-adbe-e498ebfa9988,4fa23b9d-0f0a-49a5-848f-591e23711c37
245,56,3818d9ea-b02d-4179-80a9-b885ba812106,fe758c24-6a48-4f9c-8424-ea1956da1ac4
246,51,8b9bc419-0e06-4fa9-8af5-8e6973a2f7bb,128ec9c0-9293-4d2f-bf04-855a76e8dbe0
247,51,fc59eee0-359a-4935-b19d-6edb6b69d1f2,128ec9c0-9293-4d2f-bf04-855a76e8dbe0
248,64,580b8ebc-56a5-41f7-9945-7bbefab02ba2,1e85dcaf-bd03-48dc-98bd-73e2e2779c7b
249,28,aed34e6e-87b8-40cc-b4bf-3bdde65b54bb,927df241-9b2c-4a41-bbe1-d6151a413b40
250,51,ed41d42c-df81-4db3-aff0-921b283eb7e0,128ec9c0-9293-4d2f-bf04-855a76e8dbe0
252,23,c7ba02a2-1e7d-4374-ad8c-531337380fc2,b933ec53-1f11-4e21-a043-67a2419ee067
252,139,c7ba02a2-1e7d-4374-ad8c-531337380fc2,2e5acb96-569b-439b-b810-4108d057b544
253,35,264469c9-fc83-465c-8f1d-47a0a26ea211,4e44d169-1292-4d6e-b5b9-fddc14fbbcdc
254,35,5234daff-af3c-4e90-8f29-1d43b8b616cf,4e44d169-1292-4d6e-b5b9-fddc14fbbcdc
256,51,620b7281-3cc0-4016-9227-f4659708fd7c,128ec9c0-9293-4d2f-bf04-855a76e8dbe0
257,51,bdc42759-e4fd-400f-8772-87e805788f39,128ec9c0-9293-4d2f-bf04-855a76e8dbe0
258,51,0a281be6-1884-44c5-9adc-c4fdbf2452ed,128ec9c0-9293-4d2f-bf04-855a76e8dbe0
258,56,0a281be6-1884-44c5-9adc-c4fdbf2452ed,fe758c24-6a48-4f9c-8424-ea1956da1ac4
259,51,b11ae331-51d8-4694-8b72-0535632299c8,128ec9c0-9293-4d2f-bf04-855a76e8dbe0
260,51,fcc0d565-0492-4713-ae7d-90af1d9ff1eb,128ec9c0-9293-4d2f-bf04-855a76e8dbe0
261,51,c7abdbc5-fa2c-4a33-ba42-f65a142c1e96,128ec9c0-9293-4d2f-bf04-855a76e8dbe0
262,51,e24092eb-3540-4a6a-a821-7c023ee912bd,128ec9c0-9293-4d2f-bf04-855a76e8dbe0
263,94,7b4c511c-5588-4ac9-b83a-f01f9087dedf,25006cc4-a12b-4570-918f-78a97dca46a3
264,26,c2396fdf-e645-4734-bc1a-037ea0a05f11,5db38fdd-3b64-4392-9002-ce7512bf3ceb
265,51,311572ec-e6d7-44fe-ad37-6d38dc3b42e5,128ec9c0-9293-4d2f-bf04-855a76e8dbe0
265,56,311572ec-e6d7-44fe-ad37-6d38dc3b42e5,fe758c24-6a48-4f9c-8424-ea1956da1ac4
266,82,a7dec8f0-c137-43d4-a76a-8b881c75c370,b4fdee65-3eb6-4778-bb61-a692022ef406
267,51,d33eebeb-aa71-4db9-912e-f6d7d5804682,128ec9c0-9293-4d2f-bf04-855a76e8dbe0
268,109,f945d058-9740-4c4f-a9ed-4ee080097081,564888a3-9c45-45fe-a75d-22f142fe28c1
269,35,8775d3ab-1241-46a2-bdf5-9015166abb6d,4e44d169-1292-4d6e-b5b9-fddc14fbbcdc
269,51,8775d3ab-1241-46a2-bdf5-9015166abb6d,128ec9c0-9293-4d2f-bf04-855a76e8dbe0
269,93,8775d3ab-1241-46a2-bdf5-9015166abb6d,38962bb9-86b9-4d16-ad61-6436782a7783
270,35,7cafd6d3-b3db-4c65-9f1a-d7f2b4969d4f,4e44d169-1292-4d6e-b5b9-fddc14fbbcdc
270,47,7cafd6d3-b3db-4c65-9f1a-d7f2b4969d4f,2872938c-9c70-477b-83c3-3fe8ba4abc89
270,51,7cafd6d3-b3db-4c65-9f1a-d7f2b4969d4f,128ec9c0-9293-4d2f-bf04-855a76e8dbe0
271,35,100e257b-c58d-4339-ad82-97292078d827,4e44d169-1292-4d6e-b5b9-fddc14fbbcdc
272,51,3cdfa645-58e3-41a6-af9b-baa1d3287112,128ec9c0-9293-4d2f-bf04-855a76e8dbe0
273,56,5455566e-abf8-425d-a55c-e9c57ded2f5a,fe758c24-6a48-4f9c-8424-ea1956da1ac4
274,51,59d9adc9-5528-437c-b476-b9147e2aa4a1,128ec9c0-9293-4d2f-bf04-855a76e8dbe0
275,40,e9e2768d-b0f1-474c-ac6a-1b85f87e5834,4fa23b9d-0f0a-49a5-848f-591e23711c37
275,51,e9e2768d-b0f1-474c-ac6a-1b85f87e5834,128ec9c0-9293-4d2f-bf04-855a76e8dbe0
276,51,64c3db96-08d1-4ac3-8438-416b291700a3,128ec9c0-9293-4d2f-bf04-855a76e8dbe0
277,51,931d1701-2945-4965-bd67-4a09bedf491f,128ec9c0-9293-4d2f-bf04-855a76e8dbe0
278,51,f97444e7-2f2e-45ae-9333-8bbf6ae68168,128ec9c0-9293-4d2f-bf04-855a76e8dbe0
279,51,974fb1bb-9d91-4da8-b90d-116350423661,128ec9c0-9293-4d2f-bf04-855a76e8dbe0
279,55,974fb1bb-9d91-4da8-b90d-116350423661,270ebc71-de8e-476e-9eaf-4d3a9ac687da
280,51,9762a2a9-f1c1-4f27-a5a8-1d5be850f50a,128ec9c0-9293-4d2f-bf04-855a76e8dbe0
281,51,afa9641a-e294-4270-9166-ec07f72eda5b,128ec9c0-9293-4d2f-bf04-855a76e8dbe0
282,51,7ac30f1e-302f-4fb1-a471-0e75390bddf0,128ec9c0-9293-4d2f-bf04-855a76e8dbe0
283,51,701b77f6-12fa-44d8-8368-a15f0cb4c221,128ec9c0-9293-4d2f-bf04-855a76e8dbe0
284,40,5a90d22a-8b6d-4c70-b136-85af7a027746,4fa23b9d-0f0a-49a5-848f-591e23711c37
284,51,5a90d22a-8b6d-4c70-b136-85af7a027746,128ec9c0-9293-4d2f-bf04-855a76e8dbe0
285,88,dc5f3cf8-daea-4435-8889-ca75539968e2,4a8f0ef7-dbdb-44d7-ad0c-53df3a82b320
286,51,3a849124-236e-4d8e-8c15-387757dab186,128ec9c0-9293-4d2f-bf04-855a76e8dbe0
287,51,7c31c8a3-a849-4c00-8f69-943d320be4e1,128ec9c0-9293-4d2f-bf04-855a76e8dbe0
289,6,1db9fdd6-1cd8-46d7-8b2f-11b772eab5a7,60d0dc9e-4acd-4836-9376-f0bc5ea2f635
289,35,1db9fdd6-1cd8-46d7-8b2f-11b772eab5a7,4e44d169-1292-4d6e-b5b9-fddc14fbbcdc
289,40,1db9fdd6-1cd8-46d7-8b2f-11b772eab5a7,4fa23b9d-0f0a-49a5-848f-591e23711c37
289,51,1db9fdd6-1cd8-46d7-8b2f-11b772eab5a7,128ec9c0-9293-4d2f-bf04-855a76e8dbe0
289,109,1db9fdd6-1cd8-46d7-8b2f-11b772eab5a7,564888a3-9c45-45fe-a75d-22f142fe28c1
290,64,cb67e403-8675-46f8-92b4-f10fbaa1b90b,1e85dcaf-bd03-48dc-98bd-73e2e2779c7b
291,35,5f56e4c9-5fd5-4224-9f68-e2091635e183,4e44d169-1292-4d6e-b5b9-fddc14fbbcdc
291,51,5f56e4c9-5fd5-4224-9f68-e2091635e183,128ec9c0-9293-4d2f-bf04-855a76e8dbe0
292,51,f9fac54b-b88b-4fa4-a1a2-789a84ab9587,128ec9c0-9293-4d2f-bf04-855a76e8dbe0
293,51,78aa7748-65bc-437a-ae5d-0f6be1b2f21d,128ec9c0-9293-4d2f-bf04-855a76e8dbe0
294,51,0293d71a-76e2-4cfa-9940-709ec0115512,128ec9c0-9293-4d2f-bf04-855a76e8dbe0
295,137,5feb3015-46b6-46d6-8ebc-be0c9daea4b2,3387e5b6-d36d-4475-8b34-e918249b7474
296,51,9acd7601-0f26-41f2-8d1b-a5806016adf6,128ec9c0-9293-4d2f-bf04-855a76e8dbe0
297,51,f9f782ea-bee0-4b47-a26e-76af6ec50a0c,128ec9c0-9293-4d2f-bf04-855a76e8dbe0
298,51,53762511-fc45-47f1-9734-1daa1f093670,128ec9c0-9293-4d2f-bf04-855a76e8dbe0
299,51,d8c43a32-9e18-42b4-848e-a06d0a1a204e,128ec9c0-9293-4d2f-bf04-855a76e8dbe0
300,51,3e7bf88f-4996-44cb-aa0d-0631fcf63756,128ec9c0-9293-4d2f-bf04-855a76e8dbe0
301,51,cc05a364-2711-457f-9924-2427af896811,128ec9c0-9293-4d2f-bf04-855a76e8dbe0
302,51,ff16827b-a6b3-4031-ac0e-f6ea18e20cfa,128ec9c0-9293-4d2f-bf04-855a76e8dbe0
303,51,b8c0179b-d24b-4219-9888-3555f5a3d9ee,128ec9c0-9293-4d2f-bf04-855a76e8dbe0
304,51,5d8c6e93-9a5b-4a0e-99ee-47245d5b9484,128ec9c0-9293-4d2f-bf04-855a76e8dbe0
304,88,5d8c6e93-9a5b-4a0e-99ee-47245d5b9484,4a8f0ef7-dbdb-44d7-ad0c-53df3a82b320
305,51,9784c030-886d-48ca-8d65-c3045b8bd693,128ec9c0-9293-4d2f-bf04-855a76e8dbe0
306,51,741f6cc1-d85d-4a65-ad46-f476c7e9d579,128ec9c0-9293-4d2f-bf04-855a76e8dbe0
307,51,0f64b5ee-5f47-45b1-a33f-980aef2d46ce,128ec9c0-9293-4d2f-bf04-855a76e8dbe0
309,51,b7fe1230-c6be-4671-835e-3bb2e507cf5f,128ec9c0-9293-4d2f-bf04-855a76e8dbe0
310,51,598d9812-9f1c-4533-b6b3-5073c335fb76,128ec9c0-9293-4d2f-bf04-855a76e8dbe0
311,74,7e1a70a2-12cd-477e-9342-a1fe9be10dc4,c0109eca-a809-467b-bfd2-3bea6f3a89f1
312,51,6b1c2460-38f2-4730-a465-cd59a178ebba,128ec9c0-9293-4d2f-bf04-855a76e8dbe0
313,137,2236aca3-841b-4f6f-9832-fb9912d1cb99,3387e5b6-d36d-4475-8b34-e918249b7474
314,51,b961b5b4-07f6-484e-a918-a1990dcb204d,128ec9c0-9293-4d2f-bf04-855a76e8dbe0
315,94,012eee4f-9b42-4940-8f59-5bb293f4b390,25006cc4-a12b-4570-918f-78a97dca46a3
316,35,3a4235c4-f048-45b8-a04f-ea878e28eb8f,4e44d169-1292-4d6e-b5b9-fddc14fbbcdc
318,51,574e6cdf-5227-45dc-a039-b0a7b6f20c7d,128ec9c0-9293-4d2f-bf04-855a76e8dbe0
319,51,89f5c943-c8d2-4dce-838e-3f4c4e3a3916,128ec9c0-9293-4d2f-bf04-855a76e8dbe0
320,51,b3de115f-5835-4532-991f-8bd239e51a58,128ec9c0-9293-4d2f-bf04-855a76e8dbe0
321,55,0404e6b5-3e8a-4158-ad12-a6ebdf6dd987,270ebc71-de8e-476e-9eaf-4d3a9ac687da
322,51,6fe35a3e-008f-4350-9e39-623ec6baf712,128ec9c0-9293-4d2f-bf04-855a76e8dbe0
323,137,b46435a1-5b18-4ccd-8e7d-abe2cff4b7b5,3387e5b6-d36d-4475-8b34-e918249b7474
324,40,a21bb50e-4670-4af5-947e-fe7491896060,4fa23b9d-0f0a-49a5-848f-591e23711c37
325,51,6ababa41-a87d-46b9-9a3e-266cb9ceb9ba,128ec9c0-9293-4d2f-bf04-855a76e8dbe0
326,40,f2138944-1ce9-4ae2-a688-064c01bb1755,4fa23b9d-0f0a-49a5-848f-591e23711c37
327,51,cb51d7d3-1314-4a00-bffb-ecda6991f5c7,128ec9c0-9293-4d2f-bf04-855a76e8dbe0
328,40,e38573f2-9388-4b20-b2c1-600ef635a65c,4fa23b9d-0f0a-49a5-848f-591e23711c37
329,40,749e4d09-5346-4569-84a3-76268237ec43,4fa23b9d-0f0a-49a5-848f-591e23711c37
330,137,782f1f71-6180-4860-9e51-98873c0957d0,3387e5b6-d36d-4475-8b34-e918249b7474
331,6,9a0594b5-6bc3-4995-9f6d-24a1734495e2,60d0dc9e-4acd-4836-9376-f0bc5ea2f635
332,35,b4f0282b-648d-4d1b-b66b-1bea62f5d06b,4e44d169-1292-4d6e-b5b9-fddc14fbbcdc
333,51,97007fd0-10a4-407c-8d07-9370a61b73c4,128ec9c0-9293-4d2f-bf04-855a76e8dbe0
334,51,ac3f14b6-99d7-4c3b-88db-f9f2177e8e58,128ec9c0-9293-4d2f-bf04-855a76e8dbe0
335,55,68a123e4-204f-44db-87e9-58a0596d8e1b,270ebc71-de8e-476e-9eaf-4d3a9ac687da
336,35,84e9384e-6da3-4839-b407-8b6262b32eb4,4e44d169-1292-4d6e-b5b9-fddc14fbbcdc
337,55,a4fbe1e2-f7f3-4c23-865e-6176f2fe5475,270ebc71-de8e-476e-9eaf-4d3a9ac687da
338,55,c9db7b2e-8ba5-490e-90ea-72212ae3e8ae,270ebc71-de8e-476e-9eaf-4d3a9ac687da
339,51,bcab2f56-08db-4224-9e51-74cbca7266d1,128ec9c0-9293-4d2f-bf04-855a76e8dbe0
340,137,7f703d90-0cd2-4c41-a855-b86b6bdc1c04,3387e5b6-d36d-4475-8b34-e918249b7474
341,137,7ca877a9-3c1a-4305-b766-ee50bbee3984,3387e5b6-d36d-4475-8b34-e918249b7474
342,137,497214fb-02ba-461d-8ce6-002d8b2c6b66,3387e5b6-d36d-4475-8b34-e918249b7474
343,137,df11f3e1-3f65-479b-80ca-14ddfac50a3f,3387e5b6-d36d-4475-8b34-e918249b7474
345,51,f3bfe6d9-5340-4259-ba83-1f125ac82275,128ec9c0-9293-4d2f-bf04-855a76e8dbe0
346,109,60de6af6-a40e-40a6-b71e-c180c35206e4,564888a3-9c45-45fe-a75d-22f142fe28c1
347,6,8918b1db-3bc0-4217-b5eb-840791cc6fd1,60d0dc9e-4acd-4836-9376-f0bc5ea2f635
348,51,3eeb2a19-b4f9-42cc-bab6-250eb673818e,128ec9c0-9293-4d2f-bf04-855a76e8dbe0
349,51,d27b25f0-43cd-49c3-ac91-56dceba60ed3,128ec9c0-9293-4d2f-bf04-855a76e8dbe0
350,56,4cf9bba1-7fae-44b8-9ed8-6cd5190bdcda,fe758c24-6a48-4f9c-8424-ea1956da1ac4
351,51,7f59385f-2297-4557-aeb7-3bdd58cac961,128ec9c0-9293-4d2f-bf04-855a76e8dbe0
352,55,d38d2036-8126-4a87-ac9f-859eee2cf67c,270ebc71-de8e-476e-9eaf-4d3a9ac687da
356,40,1e6734b0-2036-40aa-9bdc-a49fc0b2e47f,4fa23b9d-0f0a-49a5-848f-591e23711c37
357,51,c1cc89fd-166c-4479-bb9f-326832a47b47,128ec9c0-9293-4d2f-bf04-855a76e8dbe0
358,35,a8a4c416-8b0f-4ecc-b5e2-c8f7be85db7c,4e44d169-1292-4d6e-b5b9-fddc14fbbcdc
358,51,a8a4c416-8b0f-4ecc-b5e2-c8f7be85db7c,128ec9c0-9293-4d2f-bf04-855a76e8dbe0
359,35,94ccd65e-a1db-4c3f-ab31-9a725b94be98,4e44d169-1292-4d6e-b5b9-fddc14fbbcdc
360,51,3dec88c8-6f0d-498b-8072-c9602a1c6973,128ec9c0-9293-4d2f-bf04-855a76e8dbe0
361,35,689bd1f4-613e-4ce1-81be-f2e9a9ddd368,4e44d169-1292-4d6e-b5b9-fddc14fbbcdc
362,35,49f3e819-57d6-43fb-876a-b312fc0a639f,4e44d169-1292-4d6e-b5b9-fddc14fbbcdc
363,51,f2cc35b9-5ca5-4e95-924c-c3f793af52ae,128ec9c0-9293-4d2f-bf04-855a76e8dbe0
364,51,16b44a12-f550-4ad1-83d9-100ea3a2cdfe,128ec9c0-9293-4d2f-bf04-855a76e8dbe0
365,40,c947f34d-ecd1-4f9e-85cf-ce2e06c7e05d,4fa23b9d-0f0a-49a5-848f-591e23711c37
366,51,8c42a6b9-284d-4084-9363-76f523325ba4,128ec9c0-9293-4d2f-bf04-855a76e8dbe0
367,51,72ac3880-9cfb-449d-a2ab-543c78a9dbe9,128ec9c0-9293-4d2f-bf04-855a76e8dbe0
368,40,6ea4c22f-ebf6-424e-a612-94644b4ca8ec,4fa23b9d-0f0a-49a5-848f-591e23711c37
369,137,7648f9a9-cded-4c24-81d1-2e4e50240ea8,3387e5b6-d36d-4475-8b34-e918249b7474
370,51,748ccc79-e602-4022-bec1-120d599e80ec,128ec9c0-9293-4d2f-bf04-855a76e8dbe0
371,51,698c0f6b-392c-4abe-90ce-766109e5bc09,128ec9c0-9293-4d2f-bf04-855a76e8dbe0
372,51,8c4e6fc5-74d2-4c0b-b227-f19b07ad7fa4,128ec9c0-9293-4d2f-bf04-855a76e8dbe0
373,137,22cfb085-3999-44b7-9fed-3ee6e0be7d5c,3387e5b6-d36d-4475-8b34-e918249b7474
374,6,837b6ff8-4d94-457c-a6ea-2e708250c8a6,60d0dc9e-4acd-4836-9376-f0bc5ea2f635
375,35,63d7adbb-8c53-4e26-ad43-bedd36f581b5,4e44d169-1292-4d6e-b5b9-fddc14fbbcdc
377,6,f0204f74-6e0e-4ab4-9e74-13834c20ec64,60d0dc9e-4acd-4836-9376-f0bc5ea2f635
378,6,254100ca-59c9-49c9-b6ad-708f0365ec19,60d0dc9e-4acd-4836-9376-f0bc5ea2f635
378,23,254100ca-59c9-49c9-b6ad-708f0365ec19,b933ec53-1f11-4e21-a043-67a2419ee067
378,127,254100ca-59c9-49c9-b6ad-708f0365ec19,a2ed7333-36c9-4d28-91d4-73b47b4e60fe
378,140,254100ca-59c9-49c9-b6ad-708f0365ec19,deabd6e3-9c2d-4a79-afef-942da4b9550d
379,6,bc778cba-45cb-4d5b-9bc7-92f28effbb35,60d0dc9e-4acd-4836-9376-f0bc5ea2f635
380,51,7a721af0-0544-4e1d-91fe-e84736927296,128ec9c0-9293-4d2f-bf04-855a76e8dbe0
381,35,dad26079-eebf-4f48-ac66-0cacc8443c43,4e44d169-1292-4d6e-b5b9-fddc14fbbcdc
383,6,d0e7ad32-a955-47ed-97bb-ced3d79b1ab9,60d0dc9e-4acd-4836-9376-f0bc5ea2f635
385,35,12c93ecb-b05e-457b-a441-f230002fc637,4e44d169-1292-4d6e-b5b9-fddc14fbbcdc
386,51,d4632c06-e0ae-4a2b-bef1-60a24ed1ddc5,128ec9c0-9293-4d2f-bf04-855a76e8dbe0
387,109,79c455d2-582e-480b-88c3-0393c94e09d2,564888a3-9c45-45fe-a75d-22f142fe28c1
388,94,6d2d7759-b8a8-4327-8254-a6cf97c667a5,25006cc4-a12b-4570-918f-78a97dca46a3
389,51,22a596e7-e11b-4a8d-b089-f3d66bfc649a,128ec9c0-9293-4d2f-bf04-855a76e8dbe0
390,47,0a845884-2ab4-4520-9d57-984e4c1d6aef,2872938c-9c70-477b-83c3-3fe8ba4abc89
391,51,f7600540-7bee-4b70-b50f-d0daef4a8c52,128ec9c0-9293-4d2f-bf04-855a76e8dbe0
392,51,fa5a2caa-f383-4671-8b21-05db3b93eaf7,128ec9c0-9293-4d2f-bf04-855a76e8dbe0
393,47,579cb5f4-c8d6-4b0b-93e6-430868e14829,2872938c-9c70-477b-83c3-3fe8ba4abc89
395,6,d074d0a3-63b0-4733-9b8c-bfed06d915ba,60d0dc9e-4acd-4836-9376-f0bc5ea2f635
395,51,d074d0a3-63b0-4733-9b8c-bfed06d915ba,128ec9c0-9293-4d2f-bf04-855a76e8dbe0
396,55,07462411-932c-40e2-aead-47d678647faa,270ebc71-de8e-476e-9eaf-4d3a9ac687da
397,6,088c11cf-f0e4-48cc-a03b-0a2573e19c3c,60d0dc9e-4acd-4836-9376-f0bc5ea2f635
397,51,088c11cf-f0e4-48cc-a03b-0a2573e19c3c,128ec9c0-9293-4d2f-bf04-855a76e8dbe0
398,51,fb32c3f7-122d-41c4-bc04-876e1cd413cb,128ec9c0-9293-4d2f-bf04-855a76e8dbe0
399,51,3bc06681-4513-440e-9f45-ed90f40f07cc,128ec9c0-9293-4d2f-bf04-855a76e8dbe0
400,137,ef68eb31-8696-4b87-8b66-23d5c7542f2e,3387e5b6-d36d-4475-8b34-e918249b7474
401,51,6d862903-d990-45e6-9f8f-79b98de9ff6d,128ec9c0-9293-4d2f-bf04-855a76e8dbe0
402,55,61cb6125-c612-4ef6-aa81-e7c8b017cf88,270ebc71-de8e-476e-9eaf-4d3a9ac687da
403,51,31ff63da-1e7a-4562-9806-72fa21d1d81e,128ec9c0-9293-4d2f-bf04-855a76e8dbe0
404,40,bd54f808-d66f-4aaa-9be8-d51f5d9b01d6,4fa23b9d-0f0a-49a5-848f-591e23711c37
405,51,72387f81-53ae-4c67-a933-a812a00afbc5,128ec9c0-9293-4d2f-bf04-855a76e8dbe0
406,51,83e64a87-2ea1-4fdd-b68d-e5505f39f70a,128ec9c0-9293-4d2f-bf04-855a76e8dbe0
407,6,3550eac4-3513-4881-a72d-c96a63cdd030,60d0dc9e-4acd-4836-9376-f0bc5ea2f635
408,55,c19cb81c-8224-42c5-9fbc-1a85b1d8dc4c,270ebc71-de8e-476e-9eaf-4d3a9ac687da
409,109,298eb78b-0f85-43cb-aed3-e3e9ce8cd69b,564888a3-9c45-45fe-a75d-22f142fe28c1
410,51,aa57cec9-d3dc-4e80-af42-cba1d5f089d6,128ec9c0-9293-4d2f-bf04-855a76e8dbe0
411,51,400115ea-3218-40ac-9e52-8bd65a41684e,128ec9c0-9293-4d2f-bf04-855a76e8dbe0
412,51,602ff652-6756-4af6-94f6-03a9b430daac,128ec9c0-9293-4d2f-bf04-855a76e8dbe0
413,137,57bbab54-8736-42e6-b992-68bf34468bd0,3387e5b6-d36d-4475-8b34-e918249b7474
414,137,b780bf84-4b82-4539-8169-cc0edb67a831,3387e5b6-d36d-4475-8b34-e918249b7474
415,137,413ac895-5e3c-4d14-a90d-5ee61c5166ff,3387e5b6-d36d-4475-8b34-e918249b7474
416,137,38e4ab9b-71bd-40b8-8863-e6df0cd2c0d2,3387e5b6-d36d-4475-8b34-e918249b7474
417,51,169cdb9b-d5e0-46e4-b1d3-fb3b7e953599,128ec9c0-9293-4d2f-bf04-855a76e8dbe0
418,6,addb1dc0-a3b0-4f0d-9342-2dd86599920e,60d0dc9e-4acd-4836-9376-f0bc5ea2f635
419,55,d84ffcf6-7052-462f-a7fa-266f2ab02f6f,270ebc71-de8e-476e-9eaf-4d3a9ac687da
420,51,3264beef-807b-4949-86df-09bbb4ebd8af,128ec9c0-9293-4d2f-bf04-855a76e8dbe0
421,6,4b6f9a99-c9cd-4801-9c9b-202b9c860842,60d0dc9e-4acd-4836-9376-f0bc5ea2f635
422,6,89b23ec9-85be-40dd-b108-cbf32fa07b6c,60d0dc9e-4acd-4836-9376-f0bc5ea2f635
423,35,5c1bd913-d77c-4f44-900a-6283c31cbce0,4e44d169-1292-4d6e-b5b9-fddc14fbbcdc
423,137,5c1bd913-d77c-4f44-900a-6283c31cbce0,3387e5b6-d36d-4475-8b34-e918249b7474
426,137,a7c3e643-1aa2-44ec-8202-cb47a6e84d47,3387e5b6-d36d-4475-8b34-e918249b7474
427,35,e389f7b3-34f2-4280-978c-2f6c39574837,4e44d169-1292-4d6e-b5b9-fddc14fbbcdc
428,51,bb0d702b-9ab4-4b95-9034-8489bd3d8bab,128ec9c0-9293-4d2f-bf04-855a76e8dbe0
429,40,b54f65a9-9678-45b0-a3df-d99ab03142f7,4fa23b9d-0f0a-49a5-848f-591e23711c37
430,51,08224604-5f68-413e-b2cc-2595f7d3febc,128ec9c0-9293-4d2f-bf04-855a76e8dbe0
431,137,68444386-9b31-4a5d-b5bd-d0b20e2399f7,3387e5b6-d36d-4475-8b34-e918249b7474
432,51,a2bfd4ad-fb2b-4dae-b21d-a3355c4d7908,128ec9c0-9293-4d2f-bf04-855a76e8dbe0
432,89,a2bfd4ad-fb2b-4dae-b21d-a3355c4d7908,d66c728d-eb3c-4695-a4d2-3f77f8a5ca59
433,137,d71c9004-53df-4aca-b9b6-54e50a0813e9,3387e5b6-d36d-4475-8b34-e918249b7474
434,137,a50e8f4b-6892-42bf-8c5c-f85f3201423e,3387e5b6-d36d-4475-8b34-e918249b7474
435,137,a44aeee3-a048-49d1-8426-728512d2165f,3387e5b6-d36d-4475-8b34-e918249b7474
436,137,a074f2cb-aeb0-469f-bc72-8ef5abb5004c,3387e5b6-d36d-4475-8b34-e918249b7474
437,137,38341666-48d6-4611-90e0-ed6c39e6d69c,3387e5b6-d36d-4475-8b34-e918249b7474
438,137,6a9d5a87-9235-4052-a9a6-143e200bd19e,3387e5b6-d36d-4475-8b34-e918249b7474
439,137,53219f63-9c7f-4b6a-b045-c1b1fc052a93,3387e5b6-d36d-4475-8b34-e918249b7474
440,51,d9e3e0ee-5be1-44e0-85b4-a13e87a20ad6,128ec9c0-9293-4d2f-bf04-855a76e8dbe0
442,51,1ded0dad-02ce-409d-9a60-47c242ecb8d2,128ec9c0-9293-4d2f-bf04-855a76e8dbe0
443,51,779b6262-f90a-463c-a7c6-d7ee6585dc70,128ec9c0-9293-4d2f-bf04-855a76e8dbe0
444,51,0d149a9f-aa8f-4c4d-964f-292324b0230c,128ec9c0-9293-4d2f-bf04-855a76e8dbe0
445,51,d9a2e1ca-314d-406c-b2c7-68d97718bc20,128ec9c0-9293-4d2f-bf04-855a76e8dbe0
446,51,da0b1f6d-4460-4bf2-aa7f-5eff50849bef,128ec9c0-9293-4d2f-bf04-855a76e8dbe0
447,94,dd63cd8a-b22f-4b8e-8fe0-d9c1dda4967e,25006cc4-a12b-4570-918f-78a97dca46a3
448,40,27c14718-25cd-4077-8acb-1d4fa8507b46,4fa23b9d-0f0a-49a5-848f-591e23711c37
449,94,76ee7ba0-db3e-44d2-a557-4b396db24097,25006cc4-a12b-4570-918f-78a97dca46a3
450,26,37c86fd5-3c65-469a-9fc0-6d5866912491,5db38fdd-3b64-4392-9002-ce7512bf3ceb
451,51,dd315d7c-c922-44e3-9e67-056e3f70c78f,128ec9c0-9293-4d2f-bf04-855a76e8dbe0
452,51,2f36ca89-4c3c-4b93-ba87-382618d43894,128ec9c0-9293-4d2f-bf04-855a76e8dbe0
453,51,3c4a84db-fba1-49b7-82cd-e6d72e161914,128ec9c0-9293-4d2f-bf04-855a76e8dbe0
454,51,c33fc1bc-38cc-4b5a-8f3a-29f11221ec5d,128ec9c0-9293-4d2f-bf04-855a76e8dbe0
455,51,39947c13-4313-4a8c-a173-7a2bcd3dd2a3,128ec9c0-9293-4d2f-bf04-855a76e8dbe0
456,51,3870b237-1637-48d9-ac05-28b1720ae759,128ec9c0-9293-4d2f-bf04-855a76e8dbe0
457,51,d9b36b69-7d5c-4e6a-bc7d-58ac41ad092a,128ec9c0-9293-4d2f-bf04-855a76e8dbe0
458,51,5d3e4c82-f030-4721-8bb8-e186bd38c446,128ec9c0-9293-4d2f-bf04-855a76e8dbe0
459,51,ac2203a5-fa8b-4997-9ee3-b043c166ec59,128ec9c0-9293-4d2f-bf04-855a76e8dbe0
460,51,75a49984-b099-499d-87bb-b4debc7affb8,128ec9c0-9293-4d2f-bf04-855a76e8dbe0
461,51,b74066b4-7870-467d-8515-6653b67ee33f,128ec9c0-9293-4d2f-bf04-855a76e8dbe0
462,51,fc8a2224-2503-4f83-ab5f-1a15db45f8c7,128ec9c0-9293-4d2f-bf04-855a76e8dbe0
462,67,fc8a2224-2503-4f83-ab5f-1a15db45f8c7,21d18762-d7d2-4ce4-a7b4-ea2efcbc1e17
462,93,fc8a2224-2503-4f83-ab5f-1a15db45f8c7,38962bb9-86b9-4d16-ad61-6436782a7783
463,51,9f3efa4b-7a7c-4bee-87a1-26caff8993b8,128ec9c0-9293-4d2f-bf04-855a76e8dbe0
464,51,4af21549-2b8c-44ac-9515-8df146bfc505,128ec9c0-9293-4d2f-bf04-855a76e8dbe0
465,49,6346cd1f-e78a-4e52-a5b7-63549eac88bb,f2254bb4-1713-4d95-ac26-98d0ec049c0d
465,51,6346cd1f-e78a-4e52-a5b7-63549eac88bb,128ec9c0-9293-4d2f-bf04-855a76e8dbe0
466,51,ea6af652-e551-4751-8052-6bad15899298,128ec9c0-9293-4d2f-bf04-855a76e8dbe0
467,51,d6ce32d8-821d-4ad6-a668-88e26e02e8e4,128ec9c0-9293-4d2f-bf04-855a76e8dbe0
469,137,e49161b5-64eb-4758-9969-94054d18156b,3387e5b6-d36d-4475-8b34-e918249b7474
470,137,be03e49b-468d-4430-b493-ed5fa25f0b27,3387e5b6-d36d-4475-8b34-e918249b7474
471,137,17f9cf4e-3b2e-4de5-b015-cc91d91d4622,3387e5b6-d36d-4475-8b34-e918249b7474
472,137,a2dd378b-2cce-4bd2-ba42-86df30b6d0f1,3387e5b6-d36d-4475-8b34-e918249b7474
473,51,8e026d97-6d4d-4f69-9b6c-e0f6e2d37b56,128ec9c0-9293-4d2f-bf04-855a76e8dbe0
474,35,148c7d23-e4d6-432c-a4be-a7dc29e7bd7a,4e44d169-1292-4d6e-b5b9-fddc14fbbcdc
475,51,c4a9fc09-e384-499d-b4ab-f5ac9d895146,128ec9c0-9293-4d2f-bf04-855a76e8dbe0
476,35,b98bc1f3-ca99-40dc-8da4-2be1c167be7a,4e44d169-1292-4d6e-b5b9-fddc14fbbcdc
476,51,b98bc1f3-ca99-40dc-8da4-2be1c167be7a,128ec9c0-9293-4d2f-bf04-855a76e8dbe0
477,51,94cb857d-6e14-48cd-b2fb-0c181bb6f526,128ec9c0-9293-4d2f-bf04-855a76e8dbe0
478,51,23bfd4ad-8e82-40c0-84b7-d5be78c17d90,128ec9c0-9293-4d2f-bf04-855a76e8dbe0
479,34,790b7dea-29e4-42b6-ae43-0e79d6f62a3a,db5c71e1-57ef-4e4d-b808-9c9c6d40f47f
480,51,2b0a11e5-a05b-41c7-adfc-99ccc1eeb3ef,128ec9c0-9293-4d2f-bf04-855a76e8dbe0
481,51,f300ba0b-8c6d-4f6a-9d05-ab530fb3007b,128ec9c0-9293-4d2f-bf04-855a76e8dbe0
482,51,2cedd088-c593-4964-a04f-a5d8437b749a,128ec9c0-9293-4d2f-bf04-855a76e8dbe0
483,51,f3ca0129-b2d9-48bf-adbe-5068a3acfb94,128ec9c0-9293-4d2f-bf04-855a76e8dbe0
484,40,8f89b4b0-842a-4523-ab55-dbfb4a590a50,4fa23b9d-0f0a-49a5-848f-591e23711c37
485,109,6adc4f56-a0f4-47f0-a6c2-4d30b37c288e,564888a3-9c45-45fe-a75d-22f142fe28c1
486,51,2310d354-2c29-47da-bd3a-6d336a749d58,128ec9c0-9293-4d2f-bf04-855a76e8dbe0
487,51,888d4839-215d-4834-b52f-200e55122153,128ec9c0-9293-4d2f-bf04-855a76e8dbe0
488,109,1f6d7bd4-0358-4671-ac0e-2796270c85a1,564888a3-9c45-45fe-a75d-22f142fe28c1
489,51,7f3cc9ac-9d7f-4ee0-9855-15d69935384d,128ec9c0-9293-4d2f-bf04-855a76e8dbe0
491,40,f7fe9986-e10a-4b4b-a83d-2b18d4e6e298,4fa23b9d-0f0a-49a5-848f-591e23711c37
492,55,fab03ff4-42c5-4d53-b9eb-c965fb396ccb,270ebc71-de8e-476e-9eaf-4d3a9ac687da
495,51,884eddd3-a96b-4c16-b591-58dde1478998,128ec9c0-9293-4d2f-bf04-855a76e8dbe0
496,137,b31c8c07-2de9-4a97-84cd-2563bec43a1f,3387e5b6-d36d-4475-8b34-e918249b7474
497,35,04f10e66-3dc7-4c08-9ef3-e95fe71f0e49,4e44d169-1292-4d6e-b5b9-fddc14fbbcdc
498,51,bc89b8f3-7be6-4c4c-9f86-51f8d3a58fd0,128ec9c0-9293-4d2f-bf04-855a76e8dbe0
500,137,13b1d0ac-83da-48b4-b541-11f95c0a793b,3387e5b6-d36d-4475-8b34-e918249b7474
501,137,91a280da-948b-462d-9eab-b74bffb523e5,3387e5b6-d36d-4475-8b34-e918249b7474
502,137,2a44e274-67c1-4c0d-9046-4f26b1d485d0,3387e5b6-d36d-4475-8b34-e918249b7474
503,137,5b46c4a0-b2b4-4c3c-abd1-1c8a453c9aea,3387e5b6-d36d-4475-8b34-e918249b7474
504,137,58e609c1-42e3-4729-9893-52d29fda8207,3387e5b6-d36d-4475-8b34-e918249b7474
505,137,e0f91dbc-3094-40e8-813f-174546b9b12f,3387e5b6-d36d-4475-8b34-e918249b7474
506,137,35e34f05-ee71-4608-a5cf-2c6f0a3cfb5e,3387e5b6-d36d-4475-8b34-e918249b7474
508,137,a3665810-1ecd-4124-9f8d-9d3719eb67e9,3387e5b6-d36d-4475-8b34-e918249b7474
509,137,b91ebafc-c839-47ff-b6ff-272581e32b44,3387e5b6-d36d-4475-8b34-e918249b7474
510,137,f07914f1-df66-4a36-a0df-b5d8f8166619,3387e5b6-d36d-4475-8b34-e918249b7474
511,137,bf306582-60f8-4d7f-85eb-8942671e77f6,3387e5b6-d36d-4475-8b34-e918249b7474
512,137,78c82c98-52ec-4a0f-bffc-2e01f14be5e8,3387e5b6-d36d-4475-8b34-e918249b7474
513,137,fe572a59-3d18-4fd1-9630-7d157552a833,3387e5b6-d36d-4475-8b34-e918249b7474
514,137,a27081c5-f7d6-42d7-94f6-746dd775a3f1,3387e5b6-d36d-4475-8b34-e918249b7474
515,137,b0ae66c8-22f8-4390-861d-84d22f72b1d6,3387e5b6-d36d-4475-8b34-e918249b7474
516,137,91adf393-79f9-44b9-80c2-47e9cf858f15,3387e5b6-d36d-4475-8b34-e918249b7474
517,137,233a2918-fe6d-4898-8279-0960a99b448b,3387e5b6-d36d-4475-8b34-e918249b7474
518,137,b3968b63-8fdc-4927-b9a3-1e756fae90f3,3387e5b6-d36d-4475-8b34-e918249b7474
519,137,89e058f6-f495-4c3d-8667-faecbefe7f09,3387e5b6-d36d-4475-8b34-e918249b7474
520,137,d15fd240-9f3c-42ea-bf8a-e373a1703611,3387e5b6-d36d-4475-8b34-e918249b7474
521,137,da9a96e3-1c45-4761-9860-0fe300b1f5e3,3387e5b6-d36d-4475-8b34-e918249b7474
522,137,5492a97d-32c8-4e10-ac6c-d0375eef1023,3387e5b6-d36d-4475-8b34-e918249b7474
523,137,e67176cc-8130-489b-8ddd-849a32eea870,3387e5b6-d36d-4475-8b34-e918249b7474
524,137,96375764-4862-4e3f-b3d8-26d24239e20f,3387e5b6-d36d-4475-8b34-e918249b7474
525,35,79ea0954-9ae9-467b-93e4-e00cb6d9dab8,4e44d169-1292-4d6e-b5b9-fddc14fbbcdc
526,35,73fbe5e8-ac64-4234-aa13-8fbe5a664355,4e44d169-1292-4d6e-b5b9-fddc14fbbcdc
528,51,fe086e47-85e8-4900-b4fc-76dab980b761,128ec9c0-9293-4d2f-bf04-855a76e8dbe0
529,51,343936e4-a201-4ce4-b41c-003d7b8b017a,128ec9c0-9293-4d2f-bf04-855a76e8dbe0
530,51,8cde8e40-9e0c-42a2-be60-7a17254205cb,128ec9c0-9293-4d2f-bf04-855a76e8dbe0
531,51,228b14fe-c55f-4dda-bb22-2510b634b71f,128ec9c0-9293-4d2f-bf04-855a76e8dbe0
532,51,27aec25a-dbfd-4f67-b579-7811137927f4,128ec9c0-9293-4d2f-bf04-855a76e8dbe0
533,51,8a9db480-5244-4b6a-a92c-e5bd4daadd7d,128ec9c0-9293-4d2f-bf04-855a76e8dbe0
534,51,685deabc-04c8-47a4-8224-7c85c5b1d47f,128ec9c0-9293-4d2f-bf04-855a76e8dbe0
535,137,4488e079-76e3-4a64-90f5-49589e169a30,3387e5b6-d36d-4475-8b34-e918249b7474
536,51,acdb0e56-c113-4695-a7a3-868895777d69,128ec9c0-9293-4d2f-bf04-855a76e8dbe0
537,137,1eb77007-e3c4-4d67-a556-c8ce7ac86733,3387e5b6-d36d-4475-8b34-e918249b7474
538,137,6c9256f9-bcbb-448a-866b-0ccc4d4ca851,3387e5b6-d36d-4475-8b34-e918249b7474
539,137,474460b7-7995-4f70-a53f-3c973d768076,3387e5b6-d36d-4475-8b34-e918249b7474
540,137,6f47fcf3-30ff-41b7-af3f-5449c8442e4f,3387e5b6-d36d-4475-8b34-e918249b7474
541,137,b66ae29c-0ae7-4e38-8d86-d21e5c197363,3387e5b6-d36d-4475-8b34-e918249b7474
542,51,b0d9f135-0ceb-4e0c-8e9a-cf9fe2874ecc,128ec9c0-9293-4d2f-bf04-855a76e8dbe0
542,137,b0d9f135-0ceb-4e0c-8e9a-cf9fe2874ecc,3387e5b6-d36d-4475-8b34-e918249b7474
543,46,3c7cd148-c8aa-4efb-b27b-c6f7b9aa3d69,3628564c-ce28-4570-8b37-4c1cc4ec385a
544,51,fb9f8071-fb05-45ff-9e11-f84d327ec60d,128ec9c0-9293-4d2f-bf04-855a76e8dbe0
545,51,409c80b7-8b48-46a8-aede-32bdf789655c,128ec9c0-9293-4d2f-bf04-855a76e8dbe0
546,51,93e05280-7275-454e-b461-4995f0dab1dc,128ec9c0-9293-4d2f-bf04-855a76e8dbe0
547,137,be415ff6-9056-4e56-9a4d-089df531cf47,3387e5b6-d36d-4475-8b34-e918249b7474
548,137,e0810b8b-57eb-46cf-b669-cb004cad6a1b,3387e5b6-d36d-4475-8b34-e918249b7474
549,137,8cf0fc26-d1c5-4afa-834f-94d04da752f8,3387e5b6-d36d-4475-8b34-e918249b7474
550,137,db47e0a5-5c5a-4c9e-b224-d4219b4a9087,3387e5b6-d36d-4475-8b34-e918249b7474
551,137,e18abd28-2997-4cfd-aae2-af37b45e85f2,3387e5b6-d36d-4475-8b34-e918249b7474
552,137,f1285f95-5c72-4726-8263-d3ed0e049205,3387e5b6-d36d-4475-8b34-e918249b7474
553,137,37ed7b7b-76c8-46ad-904e-d65cec0184aa,3387e5b6-d36d-4475-8b34-e918249b7474
554,137,63349960-1f92-42b7-9e08-42fe04dc33aa,3387e5b6-d36d-4475-8b34-e918249b7474
555,137,9c406531-2597-4a68-8ec5-9d10c2866391,3387e5b6-d36d-4475-8b34-e918249b7474
556,137,ebfc5536-f8cc-40e0-980c-849fe85d28f3,3387e5b6-d36d-4475-8b34-e918249b7474
557,40,15014250-1a3e-469e-a03a-2868ac96225b,4fa23b9d-0f0a-49a5-848f-591e23711c37
558,137,90083338-e230-4586-8775-b23b51d06b0a,3387e5b6-d36d-4475-8b34-e918249b7474
559,137,2b3056b5-0011-4b09-a74d-2e174b424a58,3387e5b6-d36d-4475-8b34-e918249b7474
561,137,3528d38c-0d3a-4aa9-b201-732f0e9e5d4b,3387e5b6-d36d-4475-8b34-e918249b7474
562,137,5e35ae84-f825-4fcc-b723-1743f7c79e11,3387e5b6-d36d-4475-8b34-e918249b7474
563,51,cb8ad62f-a92a-49ba-90f5-b05412dc9913,128ec9c0-9293-4d2f-bf04-855a76e8dbe0
564,137,71ba06b8-458f-4564-af3b-98ad9abaf734,3387e5b6-d36d-4475-8b34-e918249b7474
565,137,e08f9b66-54c7-49d3-99a5-26a0abdfab2d,3387e5b6-d36d-4475-8b34-e918249b7474
566,51,a9812d43-d0f6-42e4-99b6-c11160a53da6,128ec9c0-9293-4d2f-bf04-855a76e8dbe0
567,137,a0689797-fdce-42a8-89d1-67b60c35549c,3387e5b6-d36d-4475-8b34-e918249b7474
568,40,0d0cf5c3-1301-445b-bfb7-25820775f6cb,4fa23b9d-0f0a-49a5-848f-591e23711c37
569,137,7315f866-be3d-46d2-9e52-54e9c39bfee3,3387e5b6-d36d-4475-8b34-e918249b7474
570,137,982136b4-97eb-4723-b04c-645ba05f47c8,3387e5b6-d36d-4475-8b34-e918249b7474
571,40,f087f4c4-4ebe-4f41-9897-35051b8bfcc8,4fa23b9d-0f0a-49a5-848f-591e23711c37
572,51,9baebf3d-51fc-44ec-a31d-ceae6284e62e,128ec9c0-9293-4d2f-bf04-855a76e8dbe0
572,137,9baebf3d-51fc-44ec-a31d-ceae6284e62e,3387e5b6-d36d-4475-8b34-e918249b7474
573,137,b074b6c0-00cf-4581-8765-698cf65ad0f3,3387e5b6-d36d-4475-8b34-e918249b7474
574,51,0f18145f-62a1-48a2-ac0d-f067b7d63445,128ec9c0-9293-4d2f-bf04-855a76e8dbe0
576,137,07f3180d-923b-42ef-ae5b-5fdd29734824,3387e5b6-d36d-4475-8b34-e918249b7474
577,51,e11e906b-01b2-4678-91fa-14cca251ea6c,128ec9c0-9293-4d2f-bf04-855a76e8dbe0
577,55,e11e906b-01b2-4678-91fa-14cca251ea6c,270ebc71-de8e-476e-9eaf-4d3a9ac687da
578,51,2b8f0336-c05b-4679-b837-ec464708bfc3,128ec9c0-9293-4d2f-bf04-855a76e8dbe0
579,35,46424eda-4906-4849-9d75-85db38edcfcb,4e44d169-1292-4d6e-b5b9-fddc14fbbcdc
580,51,218dcdba-ad4d-4c42-8ec0-5e1bf44e0312,128ec9c0-9293-4d2f-bf04-855a76e8dbe0
581,51,f3d95b5a-9c7b-4ab2-8b07-41056cbe0c90,128ec9c0-9293-4d2f-bf04-855a76e8dbe0
582,35,1c8cd99f-fe3f-43e2-bd11-1cdb921b5a03,4e44d169-1292-4d6e-b5b9-fddc14fbbcdc
582,51,1c8cd99f-fe3f-43e2-bd11-1cdb921b5a03,128ec9c0-9293-4d2f-bf04-855a76e8dbe0
583,51,677140c0-ea1c-430b-a827-79aeeee8d109,128ec9c0-9293-4d2f-bf04-855a76e8dbe0
584,55,2d582783-f7c7-4a4f-b8fd-02a3a7965c34,270ebc71-de8e-476e-9eaf-4d3a9ac687da
585,51,994130ed-a15d-41a9-8ea2-f92963c1fa19,128ec9c0-9293-4d2f-bf04-855a76e8dbe0
586,40,4b54fd4d-9910-47b8-8313-bd8a732b7281,4fa23b9d-0f0a-49a5-848f-591e23711c37
587,51,fb1a9e3a-f9f6-463e-84fa-5a16e1f6a5f6,128ec9c0-9293-4d2f-bf04-855a76e8dbe0
588,23,7896ccd3-763d-4c99-b768-7a66856efd4a,b933ec53-1f11-4e21-a043-67a2419ee067
588,140,7896ccd3-763d-4c99-b768-7a66856efd4a,deabd6e3-9c2d-4a79-afef-942da4b9550d
589,40,54edbebc-5211-43ee-92b3-3f288928f56d,4fa23b9d-0f0a-49a5-848f-591e23711c37
590,51,9af9d324-b9d9-44e5-a4c8-2e38594dbcd7,128ec9c0-9293-4d2f-bf04-855a76e8dbe0
591,35,b1ab6012-fb43-4f59-8311-c5c2e4d5d7b0,4e44d169-1292-4d6e-b5b9-fddc14fbbcdc
591,106,b1ab6012-fb43-4f59-8311-c5c2e4d5d7b0,4ff7967b-ba33-4eb7-a6f1-43348acfd978
592,51,c013a6aa-7358-4dc6-ad6a-34c2298ac81d,128ec9c0-9293-4d2f-bf04-855a76e8dbe0
593,51,7926498b-cf64-4db4-9916-fbaf539d6bf1,128ec9c0-9293-4d2f-bf04-855a76e8dbe0
594,51,55d2908d-f1c2-4a9d-b246-ddc426637091,128ec9c0-9293-4d2f-bf04-855a76e8dbe0
595,51,ed78f412-1282-4912-9765-5342ffcada12,128ec9c0-9293-4d2f-bf04-855a76e8dbe0
597,137,78a43505-038b-4d50-a06d-61d1f5df1447,3387e5b6-d36d-4475-8b34-e918249b7474
598,28,e0a71fb4-0799-45c2-837e-d0d2a8764b54,927df241-9b2c-4a41-bbe1-d6151a413b40
601,137,b166e5cd-25a3-4589-8e73-bc82a16c3ad5,3387e5b6-d36d-4475-8b34-e918249b7474
602,137,d4592a6e-2639-4b58-a49e-cffd376e27de,3387e5b6-d36d-4475-8b34-e918249b7474
603,137,cbaaf3ee-4645-4f76-9f05-d6e71800f38f,3387e5b6-d36d-4475-8b34-e918249b7474
604,137,36234b15-9ccd-4b2c-a10b-7f0363c1dc5f,3387e5b6-d36d-4475-8b34-e918249b7474
605,137,f3f8620b-d0b3-4207-8986-d7597f0db2f9,3387e5b6-d36d-4475-8b34-e918249b7474
606,137,2f1283c3-d34e-4706-b66e-7c6dffec7620,3387e5b6-d36d-4475-8b34-e918249b7474
607,137,1f1005ac-d784-402e-b8ee-5d162608477b,3387e5b6-d36d-4475-8b34-e918249b7474
608,137,cdf33fdd-e440-4f50-84d3-96e7d3ed02cc,3387e5b6-d36d-4475-8b34-e918249b7474
609,51,b9d1719c-10f4-4afc-8b56-27333cfec45f,128ec9c0-9293-4d2f-bf04-855a76e8dbe0
610,51,d77d0e6b-8bf9-4f28-98ba-79bdb9068d77,128ec9c0-9293-4d2f-bf04-855a76e8dbe0
611,51,d76200c6-9a7a-4363-8163-23d12b013a9d,128ec9c0-9293-4d2f-bf04-855a76e8dbe0
612,55,5e0cec65-6d15-4bf2-bde1-0162ee31a35a,270ebc71-de8e-476e-9eaf-4d3a9ac687da
613,51,f0db993b-22b2-4979-adc0-f24daff29be6,128ec9c0-9293-4d2f-bf04-855a76e8dbe0
614,35,ff445c35-0bad-4c51-b7a0-fb28991e4a92,4e44d169-1292-4d6e-b5b9-fddc14fbbcdc
615,51,3a4c8b71-3388-4baa-8c92-288e500ee928,128ec9c0-9293-4d2f-bf04-855a76e8dbe0
616,51,21264770-0f6d-4d95-819b-8eddf2d18ed1,128ec9c0-9293-4d2f-bf04-855a76e8dbe0
617,51,57c3e453-353f-49b9-977f-b3bbbb7cca79,128ec9c0-9293-4d2f-bf04-855a76e8dbe0
618,51,fe018963-3091-46f8-9870-fc365bd6e6d3,128ec9c0-9293-4d2f-bf04-855a76e8dbe0
619,51,77c386fe-0a9f-4875-8e6c-42ba3a42fea4,128ec9c0-9293-4d2f-bf04-855a76e8dbe0
620,94,7ffcf922-ecf9-40b1-9ab6-79d591c2acd7,25006cc4-a12b-4570-918f-78a97dca46a3
622,94,39b32237-717e-4c73-ba38-47e9f7db797f,25006cc4-a12b-4570-918f-78a97dca46a3
623,55,54d49db1-90da-4224-8a47-cd3ac576c657,270ebc71-de8e-476e-9eaf-4d3a9ac687da
624,94,e955de84-30c4-46c4-b206-57ae99c70d4c,25006cc4-a12b-4570-918f-78a97dca46a3
625,40,cd275f87-62ef-4ca1-99a3-a5a71469b3bc,4fa23b9d-0f0a-49a5-848f-591e23711c37
626,94,2a12e13a-75ab-4d30-8138-d2bde0939e3a,25006cc4-a12b-4570-918f-78a97dca46a3
627,51,17452221-5d5b-4867-a6a8-a24b6f2bb25a,128ec9c0-9293-4d2f-bf04-855a76e8dbe0
628,40,e7e96e82-cb9e-44a5-ba9f-8d0fc5dd6fa7,4fa23b9d-0f0a-49a5-848f-591e23711c37
629,40,4253b412-d3eb-459d-847c-1d647722b1c7,4fa23b9d-0f0a-49a5-848f-591e23711c37
630,94,0de4431e-8dac-4d37-a6e8-c937f513dd6d,25006cc4-a12b-4570-918f-78a97dca46a3
631,94,e05833d3-f2e9-48fb-94ee-9a275a162870,25006cc4-a12b-4570-918f-78a97dca46a3
632,94,207533be-2414-48ed-afa1-67e983c10601,25006cc4-a12b-4570-918f-78a97dca46a3
633,51,3422aaa2-f055-471b-b08f-79b8c3680f0c,128ec9c0-9293-4d2f-bf04-855a76e8dbe0
634,55,a4758649-fb44-4204-9566-a237f6128248,270ebc71-de8e-476e-9eaf-4d3a9ac687da
635,51,7893ed87-6a81-4c06-9be7-964730eab77c,128ec9c0-9293-4d2f-bf04-855a76e8dbe0
636,51,dd302847-9770-41d5-86b0-12c18c0e34d2,128ec9c0-9293-4d2f-bf04-855a76e8dbe0
637,94,4f8df2c2-eb70-4839-a48a-3fff22b116cd,25006cc4-a12b-4570-918f-78a97dca46a3
638,51,2cf092e0-b46e-4c55-b30e-723427940415,128ec9c0-9293-4d2f-bf04-855a76e8dbe0
639,94,6c502e5c-a376-4b09-9e58-972674301222,25006cc4-a12b-4570-918f-78a97dca46a3
640,94,2768bf01-d6d9-4d52-a442-a360b0664c38,25006cc4-a12b-4570-918f-78a97dca46a3
641,94,4ffb4b84-3de4-4415-bc60-f315313bec3b,25006cc4-a12b-4570-918f-78a97dca46a3
642,94,8b21f8a1-bb4b-4f9e-bfb5-c4f63880080d,25006cc4-a12b-4570-918f-78a97dca46a3
643,94,ebe6d816-ade9-4e8a-8d8d-bbefe95e3232,25006cc4-a12b-4570-918f-78a97dca46a3
644,94,76553fa3-aae2-4c0b-adb5-3d9ee645b488,25006cc4-a12b-4570-918f-78a97dca46a3
645,51,cba2a48a-55ef-4d93-85f8-006431d46bc2,128ec9c0-9293-4d2f-bf04-855a76e8dbe0
646,51,03ed42a6-2d47-437d-adcb-c505fbefd60b,128ec9c0-9293-4d2f-bf04-855a76e8dbe0
647,51,dead54f8-38db-4516-afc6-bdb51ede0b06,128ec9c0-9293-4d2f-bf04-855a76e8dbe0
648,51,cc2885fe-cf65-4bd8-bd35-05d44cc6c866,128ec9c0-9293-4d2f-bf04-855a76e8dbe0
649,51,e29aa342-6966-48d8-b616-a8d10d08a317,128ec9c0-9293-4d2f-bf04-855a76e8dbe0
650,51,d6d054f5-816e-4f3a-93e1-169ae36ac073,128ec9c0-9293-4d2f-bf04-855a76e8dbe0
651,51,f29a0254-eabf-4c97-8ad2-d078a18a6ae5,128ec9c0-9293-4d2f-bf04-855a76e8dbe0
652,51,3e75c40e-01c4-4df9-a37d-a99ea09bdf0b,128ec9c0-9293-4d2f-bf04-855a76e8dbe0
653,123,892deabb-73ef-4623-af9f-0ed07f5ef087,e282bd33-9620-400d-91e8-b974d12c0866
654,51,071c6ac6-4083-47a1-9187-d17932656397,128ec9c0-9293-4d2f-bf04-855a76e8dbe0
655,51,fe61360a-5953-4484-a692-42b28590b698,128ec9c0-9293-4d2f-bf04-855a76e8dbe0
656,89,57c53901-1519-4ebd-aaec-062ca1224b6c,d66c728d-eb3c-4695-a4d2-3f77f8a5ca59
657,109,c05e6814-e925-433e-a3b5-c7983a31e117,564888a3-9c45-45fe-a75d-22f142fe28c1
658,55,abf6f5da-a2c6-4f24-9ea6-0b76ea6b729c,270ebc71-de8e-476e-9eaf-4d3a9ac687da
659,51,101bf9d8-2e7a-4edc-af82-c374de914626,128ec9c0-9293-4d2f-bf04-855a76e8dbe0
660,94,6cee9fda-eec2-4f72-bd42-a9b872516ae4,25006cc4-a12b-4570-918f-78a97dca46a3
661,51,78d593f6-cf0d-47f0-a506-7bf9e5db9b9e,128ec9c0-9293-4d2f-bf04-855a76e8dbe0
662,55,cb4d3e27-d330-4073-ad8c-cbd9a91dc473,270ebc71-de8e-476e-9eaf-4d3a9ac687da
663,51,5cb54093-ede8-4868-8456-259442752cc4,128ec9c0-9293-4d2f-bf04-855a76e8dbe0
664,51,a98d5363-f213-4e4d-b049-6a08fe5ea146,128ec9c0-9293-4d2f-bf04-855a76e8dbe0
665,40,dad62fc7-4067-4331-8c1e-c8fbad3fdbf9,4fa23b9d-0f0a-49a5-848f-591e23711c37
666,51,e4200e9d-41b9-4892-adc8-61d17ac05305,128ec9c0-9293-4d2f-bf04-855a76e8dbe0
667,51,9f0dd071-8fed-4d71-bfaf-0830935715b3,128ec9c0-9293-4d2f-bf04-855a76e8dbe0
668,51,d366b285-d487-447f-b005-07adb063c4bf,128ec9c0-9293-4d2f-bf04-855a76e8dbe0
669,94,674b417b-7f6f-48d9-a24a-914c1c33e28b,25006cc4-a12b-4570-918f-78a97dca46a3
670,51,63d254bf-ed60-4bbc-be00-5a5a58a7bd21,128ec9c0-9293-4d2f-bf04-855a76e8dbe0
671,51,7a4eecc0-7ebf-4ab2-ba2b-28994638e8bb,128ec9c0-9293-4d2f-bf04-855a76e8dbe0
672,51,ba80ff93-467b-4c71-b31c-a58ef3e6fada,128ec9c0-9293-4d2f-bf04-855a76e8dbe0
674,51,b17169e5-bc7c-4773-88a3-440f9be50262,128ec9c0-9293-4d2f-bf04-855a76e8dbe0
675,51,2ad55985-d123-42fd-b774-14bf74928814,128ec9c0-9293-4d2f-bf04-855a76e8dbe0
676,51,b090adc7-2767-4b38-a3f6-82b84142d087,128ec9c0-9293-4d2f-bf04-855a76e8dbe0
677,51,79f9e759-5ba6-49d9-995e-d6c9ecfdd3e8,128ec9c0-9293-4d2f-bf04-855a76e8dbe0
677,109,79f9e759-5ba6-49d9-995e-d6c9ecfdd3e8,564888a3-9c45-45fe-a75d-22f142fe28c1
678,51,acd4e3b6-2db1-4677-813c-300d24eaf2b1,128ec9c0-9293-4d2f-bf04-855a76e8dbe0
679,51,14f4bf4a-312e-427d-b278-e0990154e19c,128ec9c0-9293-4d2f-bf04-855a76e8dbe0
680,51,17d8439f-5dcc-4ba0-9656-f6fa52873e79,128ec9c0-9293-4d2f-bf04-855a76e8dbe0
682,51,577e8885-eb91-4e98-9a61-c7c722da7e0e,128ec9c0-9293-4d2f-bf04-855a76e8dbe0
683,26,a08b7192-f4f4-48cc-84d2-ae25d701f521,5db38fdd-3b64-4392-9002-ce7512bf3ceb
683,40,a08b7192-f4f4-48cc-84d2-ae25d701f521,4fa23b9d-0f0a-49a5-848f-591e23711c37
684,51,92c59c95-d9f4-487e-9831-06694e678f05,128ec9c0-9293-4d2f-bf04-855a76e8dbe0
685,51,bd5f5ac6-e0b1-40a1-838d-637088b0110a,128ec9c0-9293-4d2f-bf04-855a76e8dbe0
686,51,671e9433-1225-4daa-9712-d2c88c9a58c9,128ec9c0-9293-4d2f-bf04-855a76e8dbe0
687,51,cc42f5f6-c3db-4929-8f10-309e32d59025,128ec9c0-9293-4d2f-bf04-855a76e8dbe0
688,51,5a255778-12da-43d2-a631-57f158d120ea,128ec9c0-9293-4d2f-bf04-855a76e8dbe0
690,94,291b6e3d-b7a8-4ccd-9a77-327cbda489e8,25006cc4-a12b-4570-918f-78a97dca46a3
691,51,2e29c174-154b-4e5a-bdd8-804aafb72515,128ec9c0-9293-4d2f-bf04-855a76e8dbe0
692,51,b68a5c53-ae9d-4b0c-92c6-25fb3d299b51,128ec9c0-9293-4d2f-bf04-855a76e8dbe0
693,51,0d79d4cb-f4ec-497f-b330-81aa5037e945,128ec9c0-9293-4d2f-bf04-855a76e8dbe0
694,26,340dc5e9-21ea-47bf-a3ab-5d6d821b6852,5db38fdd-3b64-4392-9002-ce7512bf3ceb
694,40,340dc5e9-21ea-47bf-a3ab-5d6d821b6852,4fa23b9d-0f0a-49a5-848f-591e23711c37
694,106,340dc5e9-21ea-47bf-a3ab-5d6d821b6852,4ff7967b-ba33-4eb7-a6f1-43348acfd978
695,51,e1ca7b87-08cf-4728-83da-24ddd4974a6d,128ec9c0-9293-4d2f-bf04-855a76e8dbe0
697,51,76b5aaf9-0871-4ceb-8267-a93588102198,128ec9c0-9293-4d2f-bf04-855a76e8dbe0
698,46,7cfb7f8a-c878-464c-ba8b-32363b4556ef,3628564c-ce28-4570-8b37-4c1cc4ec385a
699,51,14b2d84b-76f5-4fb1-958a-153ee48528f0,128ec9c0-9293-4d2f-bf04-855a76e8dbe0
700,55,e6f6c97d-64b1-484c-8c04-0015b117d9ef,270ebc71-de8e-476e-9eaf-4d3a9ac687da
701,51,02fd16cd-a423-4dcb-b870-91ebcaf87c72,128ec9c0-9293-4d2f-bf04-855a76e8dbe0
703,89,2757d651-8556-4334-9a63-49925b025851,d66c728d-eb3c-4695-a4d2-3f77f8a5ca59
704,56,26d41a11-cb20-4a13-9dcd-3ffff7913752,fe758c24-6a48-4f9c-8424-ea1956da1ac4
705,55,513a6738-fb19-47c3-8f35-6fe5a2485643,270ebc71-de8e-476e-9eaf-4d3a9ac687da
706,55,c4b22777-1c6a-49b1-bbef-cb25a092d71a,270ebc71-de8e-476e-9eaf-4d3a9ac687da
707,51,9c0d7275-ea4a-4233-8fe8-3034289037f3,128ec9c0-9293-4d2f-bf04-855a76e8dbe0
708,23,435c967b-e500-4198-aaa8-331081540bc7,b933ec53-1f11-4e21-a043-67a2419ee067
708,139,435c967b-e500-4198-aaa8-331081540bc7,2e5acb96-569b-439b-b810-4108d057b544
709,51,bbcbdf31-6b61-4501-926c-95507844d720,128ec9c0-9293-4d2f-bf04-855a76e8dbe0
710,51,dc1db5d1-63d7-407c-bdb8-3640c04648c1,128ec9c0-9293-4d2f-bf04-855a76e8dbe0
711,51,bd513d15-045c-44d0-b0f5-e508dc3fa39b,128ec9c0-9293-4d2f-bf04-855a76e8dbe0
712,51,f3fdadcd-c175-4d4d-8177-819ad171b4f0,128ec9c0-9293-4d2f-bf04-855a76e8dbe0
712,109,f3fdadcd-c175-4d4d-8177-819ad171b4f0,564888a3-9c45-45fe-a75d-22f142fe28c1
713,51,8cfaa655-a9b9-4d68-a459-30a4c5076d91,128ec9c0-9293-4d2f-bf04-855a76e8dbe0
714,51,b774dbe7-4220-4566-b369-7f49835c1b84,128ec9c0-9293-4d2f-bf04-855a76e8dbe0
715,40,a3f4e4dd-2383-4ee3-b15c-849db53dcd17,4fa23b9d-0f0a-49a5-848f-591e23711c37
716,51,11c0f7a4-d00d-4203-bc22-e365d51974f7,128ec9c0-9293-4d2f-bf04-855a76e8dbe0
717,51,e1751b11-e204-4bb8-a4a9-d3ca6bf225b1,128ec9c0-9293-4d2f-bf04-855a76e8dbe0
718,51,55d77343-6157-4ab2-80aa-c38a502a960a,128ec9c0-9293-4d2f-bf04-855a76e8dbe0
719,51,38abb82e-4069-4a76-85e6-f8dec6cc6104,128ec9c0-9293-4d2f-bf04-855a76e8dbe0
720,51,e6ea176d-42cf-48f9-a357-8859da5a9465,128ec9c0-9293-4d2f-bf04-855a76e8dbe0
721,51,2445a73e-9f98-469d-a21c-e5ffe65b8a00,128ec9c0-9293-4d2f-bf04-855a76e8dbe0
722,68,e099f1bd-6dc9-479d-9806-e0d342fa601a,9c91e337-de90-4248-93d0-9d1dd02cdfbd
722,94,e099f1bd-6dc9-479d-9806-e0d342fa601a,25006cc4-a12b-4570-918f-78a97dca46a3
724,51,b6b8cb8f-53eb-446c-9e47-5f62c53bed06,128ec9c0-9293-4d2f-bf04-855a76e8dbe0
725,51,ee441f5d-99a3-4078-aabe-a8f691f9c938,128ec9c0-9293-4d2f-bf04-855a76e8dbe0
726,51,03612b69-3d67-4ef9-8847-91c61f2c98ad,128ec9c0-9293-4d2f-bf04-855a76e8dbe0
727,51,bb37f4ac-feef-4973-9ea3-50c3649782a1,128ec9c0-9293-4d2f-bf04-855a76e8dbe0
728,51,202361b5-127d-4c6a-bc90-708aa7398038,128ec9c0-9293-4d2f-bf04-855a76e8dbe0
730,51,86fbce79-e516-4836-a872-e3c9cc9beb76,128ec9c0-9293-4d2f-bf04-855a76e8dbe0
731,73,9df968de-1cec-41cb-9436-8b764c84ecc5,450c6427-d40b-40ff-9c41-811ba47c6dc4
732,51,150e1a68-0eee-4924-87eb-6b881503cfe2,128ec9c0-9293-4d2f-bf04-855a76e8dbe0
733,51,8283c571-69b5-41bd-bd11-bf41434601d1,128ec9c0-9293-4d2f-bf04-855a76e8dbe0
734,51,3ac43e96-1807-4af1-bf66-aea21406d85b,128ec9c0-9293-4d2f-bf04-855a76e8dbe0
735,51,b601ea63-9dea-4004-9c92-c88fd38e436d,128ec9c0-9293-4d2f-bf04-855a76e8dbe0
736,28,ef453c1b-f82a-4dad-a8e2-b4a5c4436650,927df241-9b2c-4a41-bbe1-d6151a413b40
736,51,ef453c1b-f82a-4dad-a8e2-b4a5c4436650,128ec9c0-9293-4d2f-bf04-855a76e8dbe0
737,51,96d5c334-c608-4112-b91c-d93cc14782db,128ec9c0-9293-4d2f-bf04-855a76e8dbe0
738,35,d71c6ea6-8fa3-48e8-959c-56e2f7d59577,4e44d169-1292-4d6e-b5b9-fddc14fbbcdc
739,51,52d04db1-449c-4ac6-a361-c34c3419f925,128ec9c0-9293-4d2f-bf04-855a76e8dbe0
740,51,8d2f4766-c2ec-42db-a63c-447c7cf19641,128ec9c0-9293-4d2f-bf04-855a76e8dbe0
741,51,8fbbc4bf-5c8e-4cd2-99bd-f256adcc6ef0,128ec9c0-9293-4d2f-bf04-855a76e8dbe0
742,51,ef89097b-0cfb-4e24-8a69-1ee63de032cc,128ec9c0-9293-4d2f-bf04-855a76e8dbe0
743,35,50ead5da-629f-425e-8204-06bd7c0741a1,4e44d169-1292-4d6e-b5b9-fddc14fbbcdc
743,94,50ead5da-629f-425e-8204-06bd7c0741a1,25006cc4-a12b-4570-918f-78a97dca46a3
744,35,ddb17a8b-4603-4547-9422-f2d7fcdb4643,4e44d169-1292-4d6e-b5b9-fddc14fbbcdc
745,51,da9af0df-648c-49c3-8eda-118d4726e5dd,128ec9c0-9293-4d2f-bf04-855a76e8dbe0
746,56,99fe24e7-c254-40b8-8018-bdc7d643d8bf,fe758c24-6a48-4f9c-8424-ea1956da1ac4
747,51,5a4fea35-e4f9-4542-b68e-70da4f4629b8,128ec9c0-9293-4d2f-bf04-855a76e8dbe0
749,51,d9cdf488-122c-41ac-a75d-98b80c8fb976,128ec9c0-9293-4d2f-bf04-855a76e8dbe0
750,51,cd35426d-c472-465a-bd09-25b9e227dc56,128ec9c0-9293-4d2f-bf04-855a76e8dbe0
751,51,8deadea7-afa9-462d-9b01-8a96787cffd5,128ec9c0-9293-4d2f-bf04-855a76e8dbe0
752,51,cda15f7e-3c1c-466c-92de-6b16153b608b,128ec9c0-9293-4d2f-bf04-855a76e8dbe0
753,137,15576a83-8b4c-42e1-b222-bc7ee2877922,3387e5b6-d36d-4475-8b34-e918249b7474
754,137,8ba2a763-07c9-451c-9fb9-ba60e31498df,3387e5b6-d36d-4475-8b34-e918249b7474
755,51,1a1482a4-f58d-42ae-b514-d199debd7c26,128ec9c0-9293-4d2f-bf04-855a76e8dbe0
757,51,396657bb-b3ea-4b31-93ce-ff0d75a2f371,128ec9c0-9293-4d2f-bf04-855a76e8dbe0
758,51,5197642f-4b5d-417b-9762-4e3f8300e22c,128ec9c0-9293-4d2f-bf04-855a76e8dbe0
759,51,2f3062f1-b24f-4702-b84a-eebb9ffe7fc9,128ec9c0-9293-4d2f-bf04-855a76e8dbe0
761,51,e838706e-2c4a-4fea-b541-45cc72110b16,128ec9c0-9293-4d2f-bf04-855a76e8dbe0
762,51,6b71dac0-0b07-4143-ba78-077dbd663a0e,128ec9c0-9293-4d2f-bf04-855a76e8dbe0
763,51,34d4c7d1-2879-463c-b502-3d748d2f841c,128ec9c0-9293-4d2f-bf04-855a76e8dbe0
764,51,1f27f18e-2b9b-4a13-9d0a-21d8578105b2,128ec9c0-9293-4d2f-bf04-855a76e8dbe0
765,51,adb85363-51b0-4d92-9813-e54c6e81fed7,128ec9c0-9293-4d2f-bf04-855a76e8dbe0
766,51,c65ec572-7d1f-46be-bb14-0ace1b358228,128ec9c0-9293-4d2f-bf04-855a76e8dbe0
767,51,78f999a4-9995-4e15-93d5-46f74f84d6ff,128ec9c0-9293-4d2f-bf04-855a76e8dbe0
769,26,3a60d9ad-2705-4d19-ad45-3a2f1fe55788,5db38fdd-3b64-4392-9002-ce7512bf3ceb
770,51,d4b13ea5-ddde-4b5e-8d80-1104dbc02e66,128ec9c0-9293-4d2f-bf04-855a76e8dbe0
770,55,d4b13ea5-ddde-4b5e-8d80-1104dbc02e66,270ebc71-de8e-476e-9eaf-4d3a9ac687da
770,109,d4b13ea5-ddde-4b5e-8d80-1104dbc02e66,564888a3-9c45-45fe-a75d-22f142fe28c1
771,51,6cd0b0c1-5e28-4f1a-ba5b-c3fd19664380,128ec9c0-9293-4d2f-bf04-855a76e8dbe0
772,137,07d02e73-6209-4841-ac2d-849f8c073dd6,3387e5b6-d36d-4475-8b34-e918249b7474
773,51,b576acf2-498f-4ad4-8013-4f88811412fa,128ec9c0-9293-4d2f-bf04-855a76e8dbe0
774,137,e45edbe4-4f5b-40bf-8f8a-013d40d75506,3387e5b6-d36d-4475-8b34-e918249b7474
775,137,d0747c0d-605d-4f03-82ce-9f93389ccdfa,3387e5b6-d36d-4475-8b34-e918249b7474
776,55,26b70620-36bf-4028-a545-081be99dd23e,270ebc71-de8e-476e-9eaf-4d3a9ac687da
777,89,56e3ac5c-e198-4ff8-a5e6-e9623509215f,d66c728d-eb3c-4695-a4d2-3f77f8a5ca59
777,109,56e3ac5c-e198-4ff8-a5e6-e9623509215f,564888a3-9c45-45fe-a75d-22f142fe28c1
778,40,438d30d9-afbd-4df7-9952-785a0d908d15,4fa23b9d-0f0a-49a5-848f-591e23711c37
779,51,1d3596d2-e015-4b7e-a8bd-236e1e178d6c,128ec9c0-9293-4d2f-bf04-855a76e8dbe0
780,51,27c96b6f-be2a-4046-b5f1-56371a39dbc4,128ec9c0-9293-4d2f-bf04-855a76e8dbe0
781,51,877a4341-9ecc-49b8-9ba4-f08688548a64,128ec9c0-9293-4d2f-bf04-855a76e8dbe0
782,51,8fc038ab-a66c-4c45-9aef-1b745642c59c,128ec9c0-9293-4d2f-bf04-855a76e8dbe0
783,51,8ace7dc9-aa5c-4fb4-b72b-81ff57f7d189,128ec9c0-9293-4d2f-bf04-855a76e8dbe0
784,51,785fd2e8-c1e2-4973-96e9-2bbe0e776e1c,128ec9c0-9293-4d2f-bf04-855a76e8dbe0
785,51,751a7b75-ec0e-4931-94da-9f77d4ccddaa,128ec9c0-9293-4d2f-bf04-855a76e8dbe0
786,51,4ad3fe57-7af8-4f71-b52e-aacba25eb186,128ec9c0-9293-4d2f-bf04-855a76e8dbe0
787,51,269253d9-4fc2-45d7-99d8-ad7d505ef8d7,128ec9c0-9293-4d2f-bf04-855a76e8dbe0
788,35,db49a492-dcb0-4314-89fa-b09dd5b23289,4e44d169-1292-4d6e-b5b9-fddc14fbbcdc
788,51,db49a492-dcb0-4314-89fa-b09dd5b23289,128ec9c0-9293-4d2f-bf04-855a76e8dbe0
789,51,205a2f6c-ee78-4be4-adf5-7133c4c1305b,128ec9c0-9293-4d2f-bf04-855a76e8dbe0
790,41,4cf74ec6-4a1d-4591-b29b-40de7d34f1e9,45040cf8-bcce-4383-acc5-eacf98b8efa7
791,35,53b39276-c270-4cea-81eb-f1bd9ce10311,4e44d169-1292-4d6e-b5b9-fddc14fbbcdc
791,137,53b39276-c270-4cea-81eb-f1bd9ce10311,3387e5b6-d36d-4475-8b34-e918249b7474
792,35,ffd2526a-a935-4d70-a522-3604d764bd97,4e44d169-1292-4d6e-b5b9-fddc14fbbcdc
792,137,ffd2526a-a935-4d70-a522-3604d764bd97,3387e5b6-d36d-4475-8b34-e918249b7474
793,35,797870c7-42f5-4fa0-ae6a-79d480fcb33c,4e44d169-1292-4d6e-b5b9-fddc14fbbcdc
794,51,95ad0ce6-c05c-4a74-8f1b-bd3477ffaab4,128ec9c0-9293-4d2f-bf04-855a76e8dbe0
795,51,c655c5f1-a23f-44d5-a154-59f2fb5c7b1c,128ec9c0-9293-4d2f-bf04-855a76e8dbe0
796,51,e3ac0190-9f62-4554-a801-a52795f75fcd,128ec9c0-9293-4d2f-bf04-855a76e8dbe0
797,51,f203c307-f31f-40ac-8745-c0546c983d18,128ec9c0-9293-4d2f-bf04-855a76e8dbe0
798,109,1f096e93-12f2-46ca-82cf-8db584c8493c,564888a3-9c45-45fe-a75d-22f142fe28c1
799,51,e8c37e16-17b1-4f56-8f38-1fa6917c0485,128ec9c0-9293-4d2f-bf04-855a76e8dbe0
800,109,48e9fc72-d680-43d3-9e06-1c15cd709f64,564888a3-9c45-45fe-a75d-22f142fe28c1
801,51,43ab0762-bc5c-4dbd-a5bd-5b830ec8e430,128ec9c0-9293-4d2f-bf04-855a76e8dbe0
802,51,526e8b49-68e2-41f1-b254-aa33777592a2,128ec9c0-9293-4d2f-bf04-855a76e8dbe0
803,51,0daf754c-18d5-44d8-afeb-464cbdb27c5d,128ec9c0-9293-4d2f-bf04-855a76e8dbe0
804,51,10bb9e62-1919-49f6-9147-6dcc444c38fd,128ec9c0-9293-4d2f-bf04-855a76e8dbe0
805,35,516c6fce-7ac6-4a47-867a-f201a594a196,4e44d169-1292-4d6e-b5b9-fddc14fbbcdc
806,51,c666b7d8-09d5-4260-8f2a-2ab88c6e295d,128ec9c0-9293-4d2f-bf04-855a76e8dbe0
807,51,412efcea-9bb2-4a6f-a185-7db11190f982,128ec9c0-9293-4d2f-bf04-855a76e8dbe0
808,51,0c7390de-4752-431a-871c-26bd6c49e8cf,128ec9c0-9293-4d2f-bf04-855a76e8dbe0
809,51,3a8a1b78-a5aa-406d-adae-b4f1756b35d4,128ec9c0-9293-4d2f-bf04-855a76e8dbe0
810,35,745c5589-eac3-4a41-9772-3a4c7b758901,4e44d169-1292-4d6e-b5b9-fddc14fbbcdc
811,51,8e90758a-e001-4fec-af3a-6bf4194d710f,128ec9c0-9293-4d2f-bf04-855a76e8dbe0
811,137,8e90758a-e001-4fec-af3a-6bf4194d710f,3387e5b6-d36d-4475-8b34-e918249b7474
812,51,6598cc52-962c-4e44-9c67-c4e92d48803d,128ec9c0-9293-4d2f-bf04-855a76e8dbe0
812,137,6598cc52-962c-4e44-9c67-c4e92d48803d,3387e5b6-d36d-4475-8b34-e918249b7474
813,51,137fbc5e-7310-4d69-bf48-b63c02c3913a,128ec9c0-9293-4d2f-bf04-855a76e8dbe0
813,137,137fbc5e-7310-4d69-bf48-b63c02c3913a,3387e5b6-d36d-4475-8b34-e918249b7474
814,51,1757e75f-9731-4a71-89f4-956ffb05472b,128ec9c0-9293-4d2f-bf04-855a76e8dbe0
814,137,1757e75f-9731-4a71-89f4-956ffb05472b,3387e5b6-d36d-4475-8b34-e918249b7474
815,51,d92af1e9-db3b-41ac-be55-175a4df5b6c8,128ec9c0-9293-4d2f-bf04-855a76e8dbe0
816,51,f2d305da-7c9f-4816-a0ad-e680a0aa1096,128ec9c0-9293-4d2f-bf04-855a76e8dbe0
817,51,f69c87c8-446f-4b03-b7f7-1ae8b8811f2e,128ec9c0-9293-4d2f-bf04-855a76e8dbe0
818,51,2d9288ea-dbec-4fb4-91a0-72b8d41b0cfb,128ec9c0-9293-4d2f-bf04-855a76e8dbe0
819,94,11ea781a-536e-4aca-94a1-0fd16092fc18,25006cc4-a12b-4570-918f-78a97dca46a3
820,51,055fc931-434e-4a9e-a744-636d4e902eb8,128ec9c0-9293-4d2f-bf04-855a76e8dbe0
821,51,b919741f-2474-4d9b-808d-9a3835b34a82,128ec9c0-9293-4d2f-bf04-855a76e8dbe0
822,51,b1a55c45-2475-4068-af3e-4e656c9703d6,128ec9c0-9293-4d2f-bf04-855a76e8dbe0
823,51,8c2d4c9c-4c73-4d4c-87b3-48fb66d0f350,128ec9c0-9293-4d2f-bf04-855a76e8dbe0
824,51,e80bf9de-630b-4881-be8a-0722405fd64c,128ec9c0-9293-4d2f-bf04-855a76e8dbe0
824,56,e80bf9de-630b-4881-be8a-0722405fd64c,fe758c24-6a48-4f9c-8424-ea1956da1ac4
825,51,01d5d590-3e0c-4421-bc8c-9178de0a0026,128ec9c0-9293-4d2f-bf04-855a76e8dbe0
826,51,a14a1990-e77c-4a1b-9da8-25bf8949cea6,128ec9c0-9293-4d2f-bf04-855a76e8dbe0
827,51,7cfe3516-4371-4b79-b452-899c4b940dde,128ec9c0-9293-4d2f-bf04-855a76e8dbe0
828,35,aa255e6c-ef88-468f-9f8a-b340e193d6ea,4e44d169-1292-4d6e-b5b9-fddc14fbbcdc
828,51,aa255e6c-ef88-468f-9f8a-b340e193d6ea,128ec9c0-9293-4d2f-bf04-855a76e8dbe0
829,51,a336b032-ea3e-47a6-a73c-c36aa89134e8,128ec9c0-9293-4d2f-bf04-855a76e8dbe0
830,51,923126cf-69c1-4306-89e5-e612b436cbef,128ec9c0-9293-4d2f-bf04-855a76e8dbe0
831,51,3b710c27-6094-4c48-b901-b02f71abbf35,128ec9c0-9293-4d2f-bf04-855a76e8dbe0
832,51,0465ba20-0cc4-4b81-a2de-3fbbd987da16,128ec9c0-9293-4d2f-bf04-855a76e8dbe0
833,51,ac983f0d-1b08-40eb-8b31-eb8f828d8007,128ec9c0-9293-4d2f-bf04-855a76e8dbe0
833,109,ac983f0d-1b08-40eb-8b31-eb8f828d8007,564888a3-9c45-45fe-a75d-22f142fe28c1
834,35,a1c76e72-6056-4914-9bba-6052dc22aff0,4e44d169-1292-4d6e-b5b9-fddc14fbbcdc
834,51,a1c76e72-6056-4914-9bba-6052dc22aff0,128ec9c0-9293-4d2f-bf04-855a76e8dbe0
834,89,a1c76e72-6056-4914-9bba-6052dc22aff0,d66c728d-eb3c-4695-a4d2-3f77f8a5ca59
835,51,bc7f8ce7-3dc7-4924-8046-1b27a7f22ca1,128ec9c0-9293-4d2f-bf04-855a76e8dbe0
836,51,72b2dfd7-cf76-4e87-ba9d-f1c62a16fdb2,128ec9c0-9293-4d2f-bf04-855a76e8dbe0
837,35,5893ad47-5f4b-4fee-9977-82bc4d78599f,4e44d169-1292-4d6e-b5b9-fddc14fbbcdc
837,51,5893ad47-5f4b-4fee-9977-82bc4d78599f,128ec9c0-9293-4d2f-bf04-855a76e8dbe0
837,109,5893ad47-5f4b-4fee-9977-82bc4d78599f,564888a3-9c45-45fe-a75d-22f142fe28c1
838,51,114ffa98-8220-4ebc-aaef-0bb5bf5dc46a,128ec9c0-9293-4d2f-bf04-855a76e8dbe0
839,51,810b734d-edb0-4011-b2b6-8fa71d3f1189,128ec9c0-9293-4d2f-bf04-855a76e8dbe0
840,55,cdc715ec-4cde-4a3b-902b-72557cb078a2,270ebc71-de8e-476e-9eaf-4d3a9ac687da
841,51,bea419de-9cfe-473b-b9b1-ce8e87d1cfb3,128ec9c0-9293-4d2f-bf04-855a76e8dbe0
842,51,5227452d-860f-4138-852a-17f4607bb9b4,128ec9c0-9293-4d2f-bf04-855a76e8dbe0
843,51,818dbc0a-117d-4155-b35e-c6454fc81ea1,128ec9c0-9293-4d2f-bf04-855a76e8dbe0
844,51,7a1934ad-49d1-4c08-8961-2357b6c4c162,128ec9c0-9293-4d2f-bf04-855a76e8dbe0
845,51,e0d59271-2b5d-46ce-8ac9-1e3b3e2023fc,128ec9c0-9293-4d2f-bf04-855a76e8dbe0
846,51,5142c1ed-455c-49e4-908f-8a699b88ec60,128ec9c0-9293-4d2f-bf04-855a76e8dbe0
847,51,3ac37f0b-b463-4ae2-8461-0e01e8a8c080,128ec9c0-9293-4d2f-bf04-855a76e8dbe0
848,51,d808fd12-8860-4e05-a8e3-3ab017c692d4,128ec9c0-9293-4d2f-bf04-855a76e8dbe0
848,142,d808fd12-8860-4e05-a8e3-3ab017c692d4,942de002-9a05-4cd5-b3d3-10a7b5c58de5
849,51,b0cdc5f8-4f0d-4be3-bef3-b636f2091845,128ec9c0-9293-4d2f-bf04-855a76e8dbe0
849,76,b0cdc5f8-4f0d-4be3-bef3-b636f2091845,3ba0beb3-e0ff-4052-8eb1-78652a0e3ba2
849,143,b0cdc5f8-4f0d-4be3-bef3-b636f2091845,1e8d4e14-7816-47e9-acf0-e07a5c99f00d
850,51,d15802a7-bd73-48e5-af4a-f69f5d6cc424,128ec9c0-9293-4d2f-bf04-855a76e8dbe0
851,27,04102bf1-e244-4a3c-97de-c6ef870d8dc3,4f571464-c0f6-460c-a1f2-fd307f5fe744
851,40,04102bf1-e244-4a3c-97de-c6ef870d8dc3,4fa23b9d-0f0a-49a5-848f-591e23711c37
851,51,04102bf1-e244-4a3c-97de-c6ef870d8dc3,128ec9c0-9293-4d2f-bf04-855a76e8dbe0
852,35,bef503d8-ac44-46b9-8029-fe55e7d9985e,4e44d169-1292-4d6e-b5b9-fddc14fbbcdc
852,40,bef503d8-ac44-46b9-8029-fe55e7d9985e,4fa23b9d-0f0a-49a5-848f-591e23711c37
852,51,bef503d8-ac44-46b9-8029-fe55e7d9985e,128ec9c0-9293-4d2f-bf04-855a76e8dbe0
853,51,4a3e41e1-868c-4c36-9b61-2f6cd00d7b60,128ec9c0-9293-4d2f-bf04-855a76e8dbe0
854,35,68a7c6cf-41cb-4099-9005-b347d6b5ff61,4e44d169-1292-4d6e-b5b9-fddc14fbbcdc
855,51,00723d6d-ba8c-43be-8e71-f6acbb109bd0,128ec9c0-9293-4d2f-bf04-855a76e8dbe0
856,137,241f5cf7-2f06-4672-82f5-0f0daaccb285,3387e5b6-d36d-4475-8b34-e918249b7474
857,51,f414c641-e1de-409c-847d-f54dd10f1f36,128ec9c0-9293-4d2f-bf04-855a76e8dbe0
858,94,1b774937-e283-445e-a2b2-e0bb1f7d468a,25006cc4-a12b-4570-918f-78a97dca46a3
859,18,e96466d1-306b-4fc0-988d-215dc6b81fc5,9cdfa3f7-a653-43e7-94a8-b666f2d68914
861,51,de4d3d64-a472-4709-819c-bee1f28f4934,128ec9c0-9293-4d2f-bf04-855a76e8dbe0
862,51,0585c66c-af8f-4eb9-a311-3babf3d0ee85,128ec9c0-9293-4d2f-bf04-855a76e8dbe0
863,40,ffe0f496-ac94-4622-ab72-2af56e55938f,4fa23b9d-0f0a-49a5-848f-591e23711c37
863,51,ffe0f496-ac94-4622-ab72-2af56e55938f,128ec9c0-9293-4d2f-bf04-855a76e8dbe0
863,55,ffe0f496-ac94-4622-ab72-2af56e55938f,270ebc71-de8e-476e-9eaf-4d3a9ac687da
864,51,59d6f8fb-9a0c-4d41-af5e-4c966102f7ed,128ec9c0-9293-4d2f-bf04-855a76e8dbe0
865,35,3e39ef41-49f6-45b3-9d1a-165b9d62c200,4e44d169-1292-4d6e-b5b9-fddc14fbbcdc
865,51,3e39ef41-49f6-45b3-9d1a-165b9d62c200,128ec9c0-9293-4d2f-bf04-855a76e8dbe0
866,129,7ce348cb-688c-41a8-b5f4-d32d04095289,45ed65c9-8447-4bc3-a522-f16ef2fa5618
867,51,386cac06-88de-4a42-8a23-ea9d36b53697,128ec9c0-9293-4d2f-bf04-855a76e8dbe0
868,51,999ccc66-4c00-41b4-8d79-32d2e6741d8e,128ec9c0-9293-4d2f-bf04-855a76e8dbe0
869,51,590ce547-01f5-4d00-92b3-9183b239bf19,128ec9c0-9293-4d2f-bf04-855a76e8dbe0
870,51,ea06cd1a-32ee-4b3e-b700-ca152e5e86ac,128ec9c0-9293-4d2f-bf04-855a76e8dbe0
871,51,a5cd7198-16e6-4a0a-8126-e86a6469ae91,128ec9c0-9293-4d2f-bf04-855a76e8dbe0
871,55,a5cd7198-16e6-4a0a-8126-e86a6469ae91,270ebc71-de8e-476e-9eaf-4d3a9ac687da
872,51,be1e482c-b4a0-45d4-a0e3-72c1cc337fd4,128ec9c0-9293-4d2f-bf04-855a76e8dbe0
873,51,c7c07f3e-491e-4f50-9a4b-e7e6167686b9,128ec9c0-9293-4d2f-bf04-855a76e8dbe0
874,51,85a5d619-3ff2-47d1-b416-00a3111b7339,128ec9c0-9293-4d2f-bf04-855a76e8dbe0
875,51,ef1a3ed6-bfe4-4a0e-a919-91e88dc422f0,128ec9c0-9293-4d2f-bf04-855a76e8dbe0
876,51,c29017d8-d8a3-4f59-aa2b-b00214aeb872,128ec9c0-9293-4d2f-bf04-855a76e8dbe0
877,51,2ef83af1-e2b5-4551-95fb-d1b7a46723a5,128ec9c0-9293-4d2f-bf04-855a76e8dbe0
878,51,b51f193a-0121-4e67-83bf-cd9dc219062d,128ec9c0-9293-4d2f-bf04-855a76e8dbe0
879,51,ad5fcc5a-f956-41a5-b1f5-ff432fe0dec6,128ec9c0-9293-4d2f-bf04-855a76e8dbe0
880,51,b9f4559e-13df-45b1-9b19-ad999393678a,128ec9c0-9293-4d2f-bf04-855a76e8dbe0
881,40,d4ace233-2e80-482d-9f47-61d2bc3d3095,4fa23b9d-0f0a-49a5-848f-591e23711c37
881,51,d4ace233-2e80-482d-9f47-61d2bc3d3095,128ec9c0-9293-4d2f-bf04-855a76e8dbe0
882,51,e7bf693d-d3e5-491f-b25a-36ee696bb884,128ec9c0-9293-4d2f-bf04-855a76e8dbe0
882,109,e7bf693d-d3e5-491f-b25a-36ee696bb884,564888a3-9c45-45fe-a75d-22f142fe28c1
884,51,da25ecf9-66f7-4a72-b395-3e31612621d3,128ec9c0-9293-4d2f-bf04-855a76e8dbe0
885,51,9c5af6fe-1c3f-4601-bc0f-c5c5ade4cb58,128ec9c0-9293-4d2f-bf04-855a76e8dbe0
886,40,f1eaf7f3-8c21-4924-aa53-06c6e838c568,4fa23b9d-0f0a-49a5-848f-591e23711c37
887,51,8e21fc12-4e86-4c20-99b6-957643ca200a,128ec9c0-9293-4d2f-bf04-855a76e8dbe0
888,51,fbe14029-4acf-4bbd-8652-317b4a6b6248,128ec9c0-9293-4d2f-bf04-855a76e8dbe0
888,109,fbe14029-4acf-4bbd-8652-317b4a6b6248,564888a3-9c45-45fe-a75d-22f142fe28c1
889,51,6732d871-b1c0-4b6f-a9da-427e3036331b,128ec9c0-9293-4d2f-bf04-855a76e8dbe0
890,137,52385383-5559-4de1-a2c1-830a3434f366,3387e5b6-d36d-4475-8b34-e918249b7474
891,51,e12abe43-825d-4edb-b0d4-451ec75fd1a4,128ec9c0-9293-4d2f-bf04-855a76e8dbe0
892,51,7d1d13ae-e92f-4479-876b-56e5487b3eb1,128ec9c0-9293-4d2f-bf04-855a76e8dbe0
893,51,0d646b42-e8a2-4196-9c56-d4114b08170e,128ec9c0-9293-4d2f-bf04-855a76e8dbe0
894,51,589f0a37-d791-4c0f-ae4e-f27ba6dd71e4,128ec9c0-9293-4d2f-bf04-855a76e8dbe0
895,51,642227cc-659f-4399-aead-57c6f7c3bb53,128ec9c0-9293-4d2f-bf04-855a76e8dbe0
896,51,6f8b8e19-237a-4693-b644-43f906ee7478,128ec9c0-9293-4d2f-bf04-855a76e8dbe0
897,51,482dedac-0832-4a45-a2f8-ea2042199d02,128ec9c0-9293-4d2f-bf04-855a76e8dbe0
898,51,26a99476-bc17-479c-bae1-e9baf0ff41bb,128ec9c0-9293-4d2f-bf04-855a76e8dbe0
899,137,fd06ae72-786a-4c58-8265-ed689d728c18,3387e5b6-d36d-4475-8b34-e918249b7474
900,137,45884784-7159-4955-a580-596af2fb35a4,3387e5b6-d36d-4475-8b34-e918249b7474
901,137,cd1c6710-a9d6-4773-9824-e02f0e0f2303,3387e5b6-d36d-4475-8b34-e918249b7474
902,51,4381e613-25e6-4399-ac70-c23c901861e1,128ec9c0-9293-4d2f-bf04-855a76e8dbe0
903,51,a5571f40-e555-47bc-91e1-c113ddb18a96,128ec9c0-9293-4d2f-bf04-855a76e8dbe0
904,51,d7fa24d5-4754-470f-a50c-5e1113ef8926,128ec9c0-9293-4d2f-bf04-855a76e8dbe0
905,40,42521c3a-bd04-4c7e-b696-953f76be9d0e,4fa23b9d-0f0a-49a5-848f-591e23711c37
906,40,27f0c6e7-d5ab-4968-a3c4-ed97bdadc4c7,4fa23b9d-0f0a-49a5-848f-591e23711c37
907,51,b17398dd-a961-475d-9432-9a0f94eef323,128ec9c0-9293-4d2f-bf04-855a76e8dbe0
908,51,910f2df8-70af-4aeb-b9ab-13850767250c,128ec9c0-9293-4d2f-bf04-855a76e8dbe0
909,51,f3f1c4c9-8758-400a-8a99-604ca8fc2537,128ec9c0-9293-4d2f-bf04-855a76e8dbe0
910,51,312de521-460c-4055-83da-d8cc41852d2b,128ec9c0-9293-4d2f-bf04-855a76e8dbe0
911,51,58b435a2-c7d5-4fbc-b7ea-9d43c95f161b,128ec9c0-9293-4d2f-bf04-855a76e8dbe0
912,51,30c990a0-4819-44b2-b128-80e19a28432b,128ec9c0-9293-4d2f-bf04-855a76e8dbe0
913,51,f97098bd-6c92-47d5-8d21-7467ef835c00,128ec9c0-9293-4d2f-bf04-855a76e8dbe0
914,40,14b5cda7-b1e9-4c73-8b1d-fc3e068a4264,4fa23b9d-0f0a-49a5-848f-591e23711c37
914,51,14b5cda7-b1e9-4c73-8b1d-fc3e068a4264,128ec9c0-9293-4d2f-bf04-855a76e8dbe0
916,40,14df891b-3a31-412a-93cd-994182269b16,4fa23b9d-0f0a-49a5-848f-591e23711c37
917,51,5536f127-24c2-4adb-9a1c-624bd1b55022,128ec9c0-9293-4d2f-bf04-855a76e8dbe0
921,51,cbf2942c-5651-4616-b1e3-f8390bed8c8e,128ec9c0-9293-4d2f-bf04-855a76e8dbe0
922,51,737290d7-4753-4305-a4a2-c98cc2d49b78,128ec9c0-9293-4d2f-bf04-855a76e8dbe0
923,51,77534527-d73f-433c-b479-112309409307,128ec9c0-9293-4d2f-bf04-855a76e8dbe0
924,51,0fff8d24-1b0f-4123-8253-1ec366003ac3,128ec9c0-9293-4d2f-bf04-855a76e8dbe0
925,51,cbc6d922-3e82-4813-8de8-1ecc0990d226,128ec9c0-9293-4d2f-bf04-855a76e8dbe0
926,40,d9c2353a-8571-4d76-9676-c44ed9fe6b21,4fa23b9d-0f0a-49a5-848f-591e23711c37
927,51,61f56c2f-85dd-43d6-aa0d-2049d7c8d125,128ec9c0-9293-4d2f-bf04-855a76e8dbe0
928,51,b6cabfc5-bb9e-438e-9057-6d760201252f,128ec9c0-9293-4d2f-bf04-855a76e8dbe0
929,35,996ef6db-83dc-4bfe-9a7e-59388843ff07,4e44d169-1292-4d6e-b5b9-fddc14fbbcdc
931,40,3d373236-9605-451a-a9df-bed68b49dae1,4fa23b9d-0f0a-49a5-848f-591e23711c37
931,51,3d373236-9605-451a-a9df-bed68b49dae1,128ec9c0-9293-4d2f-bf04-855a76e8dbe0
933,137,8809df3d-963e-4310-8096-7cec50151ecf,3387e5b6-d36d-4475-8b34-e918249b7474
934,137,6b203a7a-eefe-46e0-b579-eb964dfee936,3387e5b6-d36d-4475-8b34-e918249b7474
935,137,b7c1b617-f5e5-4dcb-b617-656ac991fecd,3387e5b6-d36d-4475-8b34-e918249b7474
936,137,bf3cedd1-473d-4b07-ac2e-9e0b03124449,3387e5b6-d36d-4475-8b34-e918249b7474
937,137,1d97f9ac-b39f-4c4d-ae03-b487aeabfe8b,3387e5b6-d36d-4475-8b34-e918249b7474
938,137,8fbd24dc-6823-4c41-a36f-b8306b8fbf3b,3387e5b6-d36d-4475-8b34-e918249b7474
939,137,2c720783-b387-4690-86b6-1ec576e554b4,3387e5b6-d36d-4475-8b34-e918249b7474
940,137,c302e780-ac06-43c1-b34a-5baafcdf4638,3387e5b6-d36d-4475-8b34-e918249b7474
942,51,e161c833-c3e3-48b7-9ce6-80035dcb90a8,128ec9c0-9293-4d2f-bf04-855a76e8dbe0
943,51,514853c0-76f5-4704-914d-1a0b2f547641,128ec9c0-9293-4d2f-bf04-855a76e8dbe0
944,51,5cbdbc5d-1ebb-4f78-84fc-d645f8d7cbce,128ec9c0-9293-4d2f-bf04-855a76e8dbe0
945,51,c2e81706-a713-4768-88b6-5ca1774819d4,128ec9c0-9293-4d2f-bf04-855a76e8dbe0
946,51,b7531804-8a27-494d-bdc3-c6b4302f688c,128ec9c0-9293-4d2f-bf04-855a76e8dbe0
947,51,bff1ab8d-e424-4296-bcd5-4763bd95ec56,128ec9c0-9293-4d2f-bf04-855a76e8dbe0
948,51,66d0fc34-9b61-4c6f-ae6d-0b32535f7f17,128ec9c0-9293-4d2f-bf04-855a76e8dbe0
949,51,93c6c9d4-133e-4b9f-bbee-0875b86f3407,128ec9c0-9293-4d2f-bf04-855a76e8dbe0
950,56,fc7a9e41-4f18-4256-a300-6a7e80c417bc,fe758c24-6a48-4f9c-8424-ea1956da1ac4
951,51,ad4a42e2-34fe-4930-a695-f098e9204ef7,128ec9c0-9293-4d2f-bf04-855a76e8dbe0
952,56,4d108f58-f087-4c0f-b5a7-1956bee0d59a,fe758c24-6a48-4f9c-8424-ea1956da1ac4
954,51,d4a9156b-a02a-43d8-b970-95f2ba69d83d,128ec9c0-9293-4d2f-bf04-855a76e8dbe0
955,51,b887ff3c-2dcb-4c0f-9d11-d3484d629798,128ec9c0-9293-4d2f-bf04-855a76e8dbe0
956,51,33081d70-ccd7-4518-ad3f-b687a7fc13c9,128ec9c0-9293-4d2f-bf04-855a76e8dbe0
957,51,d3f43acd-662d-4d30-8c17-5076fb6b7222,128ec9c0-9293-4d2f-bf04-855a76e8dbe0
958,51,de5acb82-c857-460e-b8aa-5ae9809ef411,128ec9c0-9293-4d2f-bf04-855a76e8dbe0
959,35,aad2ea5b-0b70-447d-8a98-6c0f053e259c,4e44d169-1292-4d6e-b5b9-fddc14fbbcdc
960,51,66a8dd73-6d6b-4d90-be9a-08d92772c07e,128ec9c0-9293-4d2f-bf04-855a76e8dbe0
961,51,7c2e314e-d7d8-4ed0-af13-9a6c6ecb08c3,128ec9c0-9293-4d2f-bf04-855a76e8dbe0
962,51,58bd9893-1a91-4ae1-8e7e-92ecdf0c4ea4,128ec9c0-9293-4d2f-bf04-855a76e8dbe0
963,51,8accb88b-7f43-4ac8-b692-4d021223c2aa,128ec9c0-9293-4d2f-bf04-855a76e8dbe0
964,51,97d48fef-56c3-4656-8995-61fd983a436e,128ec9c0-9293-4d2f-bf04-855a76e8dbe0
965,35,137d152b-4065-4455-98fe-985a9e33d00e,4e44d169-1292-4d6e-b5b9-fddc14fbbcdc
965,51,137d152b-4065-4455-98fe-985a9e33d00e,128ec9c0-9293-4d2f-bf04-855a76e8dbe0
966,51,246fae9e-5b13-4283-bc76-5f50d8fc5f74,128ec9c0-9293-4d2f-bf04-855a76e8dbe0
967,51,6e1aab41-eaf4-44e1-931e-3a268f61de3c,128ec9c0-9293-4d2f-bf04-855a76e8dbe0
968,40,dd116352-46ac-401e-a1a8-4507e5b105f7,4fa23b9d-0f0a-49a5-848f-591e23711c37
969,51,3bfe6775-741f-4ae2-a1d2-85cfcd4edbb2,128ec9c0-9293-4d2f-bf04-855a76e8dbe0
970,137,2667ebf7-af35-4dcc-9e35-2e140c981832,3387e5b6-d36d-4475-8b34-e918249b7474
971,51,59913991-832a-44d5-a959-122edf8129be,128ec9c0-9293-4d2f-bf04-855a76e8dbe0
972,51,09a35f44-7ed8-4aa5-8edb-54a34ce6d3a0,128ec9c0-9293-4d2f-bf04-855a76e8dbe0
973,137,8e57302c-278e-46db-ad8f-649007c3f33c,3387e5b6-d36d-4475-8b34-e918249b7474
974,51,b71f9792-e93f-4b89-896b-10a68a81033b,128ec9c0-9293-4d2f-bf04-855a76e8dbe0
975,51,df11c1e5-9baa-48c6-ae26-7a04f7a26521,128ec9c0-9293-4d2f-bf04-855a76e8dbe0
976,51,82a277b3-51bc-4742-93a3-de0422efc85e,128ec9c0-9293-4d2f-bf04-855a76e8dbe0
977,51,4f6044ba-8df8-414e-a2cf-347ba9064bd8,128ec9c0-9293-4d2f-bf04-855a76e8dbe0
978,51,699e4b1b-171e-4ebe-9a40-08a9dc6b396d,128ec9c0-9293-4d2f-bf04-855a76e8dbe0
979,51,43034a8d-8239-4eba-acd7-58a57cee47d3,128ec9c0-9293-4d2f-bf04-855a76e8dbe0
980,51,97e6ac01-05fb-4e22-945c-676a04abc5bf,128ec9c0-9293-4d2f-bf04-855a76e8dbe0
981,51,e01f5386-6d5a-4bf4-8ed2-47533261fe38,128ec9c0-9293-4d2f-bf04-855a76e8dbe0
982,51,42dd3392-3f6e-41fe-94a9-691e01b58c9b,128ec9c0-9293-4d2f-bf04-855a76e8dbe0
983,109,af6740e2-8316-424e-b392-ae725317970a,564888a3-9c45-45fe-a75d-22f142fe28c1
984,51,dfd2b2f2-b784-4fcb-bcc3-6b36b67215b7,128ec9c0-9293-4d2f-bf04-855a76e8dbe0
985,40,df2ea1c5-3908-4909-b1ee-85582c651821,4fa23b9d-0f0a-49a5-848f-591e23711c37
985,51,df2ea1c5-3908-4909-b1ee-85582c651821,128ec9c0-9293-4d2f-bf04-855a76e8dbe0
988,51,d4acb289-5227-43b8-980c-8b3648be856b,128ec9c0-9293-4d2f-bf04-855a76e8dbe0
989,40,a9c161f8-fe0b-479b-a29d-7d2326002547,4fa23b9d-0f0a-49a5-848f-591e23711c37
990,35,ad06c7f4-7b52-43f5-8913-10d19d8b11a9,4e44d169-1292-4d6e-b5b9-fddc14fbbcdc
991,35,09d3d190-e3c3-4c9f-b044-c5e5e21d8f89,4e44d169-1292-4d6e-b5b9-fddc14fbbcdc
992,40,42cdfa7c-7639-4d85-a2f5-f02e354e8770,4fa23b9d-0f0a-49a5-848f-591e23711c37
993,26,b29ee4fe-35b1-419e-8738-a134ea7a73e7,5db38fdd-3b64-4392-9002-ce7512bf3ceb
993,40,b29ee4fe-35b1-419e-8738-a134ea7a73e7,4fa23b9d-0f0a-49a5-848f-591e23711c37
994,27,6bcf27b4-0714-46b7-8412-2d5cd0c37337,4f571464-c0f6-460c-a1f2-fd307f5fe744
995,51,6fe3d3d1-40f4-43ad-8065-eb1000955d71,128ec9c0-9293-4d2f-bf04-855a76e8dbe0
996,137,7dde4fc8-11d7-4f71-8a09-c411fc40a1b6,3387e5b6-d36d-4475-8b34-e918249b7474
997,51,a23279e4-2e69-43a1-a308-4f1b728c3200,128ec9c0-9293-4d2f-bf04-855a76e8dbe0
998,51,b9fc2262-ad0c-445b-8e5c-68d1bae11434,128ec9c0-9293-4d2f-bf04-855a76e8dbe0
999,51,8074b0e4-efc2-4027-aa5a-29f836d8f578,128ec9c0-9293-4d2f-bf04-855a76e8dbe0
1000,51,d1789319-db32-43ea-987e-4927bb8f893c,128ec9c0-9293-4d2f-bf04-855a76e8dbe0
1001,51,92d5893b-27d0-4899-bbea-975806511c63,128ec9c0-9293-4d2f-bf04-855a76e8dbe0
1002,40,e4b76e5d-ac30-498d-b36e-4ca72a8de0d5,4fa23b9d-0f0a-49a5-848f-591e23711c37
1003,51,08538ada-045b-4163-881c-b9ade05b2dc4,128ec9c0-9293-4d2f-bf04-855a76e8dbe0
1004,129,7dbb5205-6fd4-4f97-ba3a-17531dcbf87c,45ed65c9-8447-4bc3-a522-f16ef2fa5618
1005,35,ad49aaa8-c9ec-413b-af99-ec41d5f85324,4e44d169-1292-4d6e-b5b9-fddc14fbbcdc
1005,137,ad49aaa8-c9ec-413b-af99-ec41d5f85324,3387e5b6-d36d-4475-8b34-e918249b7474
1006,35,7a7a7136-3729-441e-89da-4a8889696213,4e44d169-1292-4d6e-b5b9-fddc14fbbcdc
1006,51,7a7a7136-3729-441e-89da-4a8889696213,128ec9c0-9293-4d2f-bf04-855a76e8dbe0
1007,51,a8f0bed5-2019-4af1-8f30-834c4cbd91da,128ec9c0-9293-4d2f-bf04-855a76e8dbe0
1008,51,07c9f07a-aac3-414b-8f8b-b01dd83d6315,128ec9c0-9293-4d2f-bf04-855a76e8dbe0
1009,51,595fcffc-db85-418a-a2a7-2e9a280cb80e,128ec9c0-9293-4d2f-bf04-855a76e8dbe0
1010,51,4de8428e-bfc0-41d0-b1fc-195beeaa6571,128ec9c0-9293-4d2f-bf04-855a76e8dbe0
1011,51,524ea30b-8782-4f33-b7fd-f76be4075e7d,128ec9c0-9293-4d2f-bf04-855a76e8dbe0
1011,137,524ea30b-8782-4f33-b7fd-f76be4075e7d,3387e5b6-d36d-4475-8b34-e918249b7474
1012,51,4cb3434d-5a90-4f23-9ec5-2124f53130bb,128ec9c0-9293-4d2f-bf04-855a76e8dbe0
1012,137,4cb3434d-5a90-4f23-9ec5-2124f53130bb,3387e5b6-d36d-4475-8b34-e918249b7474
1013,137,fdc8c57f-c459-43a4-b0e7-b4a82cf45a58,3387e5b6-d36d-4475-8b34-e918249b7474
1014,137,bd142876-84f9-4989-971d-961742852244,3387e5b6-d36d-4475-8b34-e918249b7474
1015,137,39587598-1969-4561-8c74-79f9fd4f59a0,3387e5b6-d36d-4475-8b34-e918249b7474
1016,137,fe043f45-8ab7-4360-a5c1-169d26754504,3387e5b6-d36d-4475-8b34-e918249b7474
1017,137,dbd295b9-3d02-4a60-8c04-a3d30a635ad1,3387e5b6-d36d-4475-8b34-e918249b7474
1018,137,8c15ea97-2bda-422a-8754-af2318df2775,3387e5b6-d36d-4475-8b34-e918249b7474
1019,35,cfa7d897-5a0a-4ad5-a00e-72b87ba78254,4e44d169-1292-4d6e-b5b9-fddc14fbbcdc
1019,51,cfa7d897-5a0a-4ad5-a00e-72b87ba78254,128ec9c0-9293-4d2f-bf04-855a76e8dbe0
1020,51,9597d0b2-152e-4843-b819-6716d3f89958,128ec9c0-9293-4d2f-bf04-855a76e8dbe0
1021,35,93f4418c-f8c6-4944-a88b-30b0697080cb,4e44d169-1292-4d6e-b5b9-fddc14fbbcdc
1021,51,93f4418c-f8c6-4944-a88b-30b0697080cb,128ec9c0-9293-4d2f-bf04-855a76e8dbe0
1021,89,93f4418c-f8c6-4944-a88b-30b0697080cb,d66c728d-eb3c-4695-a4d2-3f77f8a5ca59
1022,51,3dfd614a-f265-4243-b868-7cd6e440d285,128ec9c0-9293-4d2f-bf04-855a76e8dbe0
1023,55,90fd703a-bfe4-4ebb-90b7-cbcb382b6e07,270ebc71-de8e-476e-9eaf-4d3a9ac687da
1024,51,9f1b1ffd-b9e5-4204-945b-9ddbe11310c1,128ec9c0-9293-4d2f-bf04-855a76e8dbe0
1024,55,9f1b1ffd-b9e5-4204-945b-9ddbe11310c1,270ebc71-de8e-476e-9eaf-4d3a9ac687da
1025,51,8c2ae7a6-f8f5-474e-b3ae-666b7b5b7a7a,128ec9c0-9293-4d2f-bf04-855a76e8dbe0
1026,51,acd65d84-4b2b-44b6-8642-29ee479706a8,128ec9c0-9293-4d2f-bf04-855a76e8dbe0
1027,51,4c4e83f7-de29-4eba-bb53-9b65d39a5965,128ec9c0-9293-4d2f-bf04-855a76e8dbe0
1028,51,09aa8164-8664-445d-8a03-6ee60edaec0d,128ec9c0-9293-4d2f-bf04-855a76e8dbe0
1030,64,2c4fdee3-1ae2-422c-9177-2ce2113e4c65,1e85dcaf-bd03-48dc-98bd-73e2e2779c7b
1031,51,b0cbae03-d468-42b4-a151-469c63fb9e0c,128ec9c0-9293-4d2f-bf04-855a76e8dbe0
1031,55,b0cbae03-d468-42b4-a151-469c63fb9e0c,270ebc71-de8e-476e-9eaf-4d3a9ac687da
1033,51,0d85f038-e799-435c-b2e7-23529ef3bf08,128ec9c0-9293-4d2f-bf04-855a76e8dbe0
1034,56,c87b6c62-d6bc-4d14-a643-c521d8c11de2,fe758c24-6a48-4f9c-8424-ea1956da1ac4
1035,51,1d4b8a86-a178-4b50-bf1e-2a5e833b40e4,128ec9c0-9293-4d2f-bf04-855a76e8dbe0
1035,112,1d4b8a86-a178-4b50-bf1e-2a5e833b40e4,68cb3e51-ebdc-4355-bbff-0a3453a371f1
1036,51,0f164a7d-65c1-4f0a-9168-e31f549e4f07,128ec9c0-9293-4d2f-bf04-855a76e8dbe0
1037,51,14359f8e-4020-4a87-ad63-38d401011eea,128ec9c0-9293-4d2f-bf04-855a76e8dbe0
1038,35,d2f6a660-77e9-4a7c-939b-39371fec8c82,4e44d169-1292-4d6e-b5b9-fddc14fbbcdc
1038,51,d2f6a660-77e9-4a7c-939b-39371fec8c82,128ec9c0-9293-4d2f-bf04-855a76e8dbe0
1039,51,112638c2-85a9-4660-8ea0-ae2f516d1f16,128ec9c0-9293-4d2f-bf04-855a76e8dbe0
1039,137,112638c2-85a9-4660-8ea0-ae2f516d1f16,3387e5b6-d36d-4475-8b34-e918249b7474
1040,51,a90aa3ce-0401-432f-845c-3321814f3697,128ec9c0-9293-4d2f-bf04-855a76e8dbe0
1041,51,ad6d43f1-db4e-4308-99e2-b66e6b7b7684,128ec9c0-9293-4d2f-bf04-855a76e8dbe0
1042,51,238f935e-d51d-41a8-83d6-df0b0dcd635e,128ec9c0-9293-4d2f-bf04-855a76e8dbe0
1043,51,48bea0a3-e274-49aa-9e7f-73d6e3871abe,128ec9c0-9293-4d2f-bf04-855a76e8dbe0
1044,51,92629f87-6506-4264-b390-84e411247f81,128ec9c0-9293-4d2f-bf04-855a76e8dbe0
1045,51,8abd045c-3fa3-44ad-98d4-02ac984babbd,128ec9c0-9293-4d2f-bf04-855a76e8dbe0
1046,51,89b8769e-d7d7-488d-8479-4f02f0ba3321,128ec9c0-9293-4d2f-bf04-855a76e8dbe0
1047,51,4cf6f750-aeaf-4684-b4d1-77d489890f3d,128ec9c0-9293-4d2f-bf04-855a76e8dbe0
1048,51,d0e7fee2-6a07-45cb-bf66-6f68a26a4098,128ec9c0-9293-4d2f-bf04-855a76e8dbe0
1049,51,ddf10549-55f7-4e65-85d6-9e976495abdc,128ec9c0-9293-4d2f-bf04-855a76e8dbe0
1050,51,da79468f-7edc-4038-af84-bbd63b22a606,128ec9c0-9293-4d2f-bf04-855a76e8dbe0
1051,51,90016225-9ab6-4c73-a0f9-c2004ed83e6c,128ec9c0-9293-4d2f-bf04-855a76e8dbe0
1052,51,bb1cb37e-67ec-44ff-9a60-074b3f6c1029,128ec9c0-9293-4d2f-bf04-855a76e8dbe0
1053,51,bb35080e-c7b3-48bf-92a1-f204cf0b72df,128ec9c0-9293-4d2f-bf04-855a76e8dbe0
1054,51,762269dd-df3e-45a3-801a-e3f1e35e2ea6,128ec9c0-9293-4d2f-bf04-855a76e8dbe0
1055,51,b492b5d3-58e8-4b85-869e-3c1b32bddfb2,128ec9c0-9293-4d2f-bf04-855a76e8dbe0
1056,51,6added82-65e7-4f88-89c7-48199c08e669,128ec9c0-9293-4d2f-bf04-855a76e8dbe0
1057,51,0855d39e-9d09-4635-8e3b-ab9e23674c45,128ec9c0-9293-4d2f-bf04-855a76e8dbe0
1058,51,bbd1f1f0-aa32-42cf-9436-67aeb66a1c6a,128ec9c0-9293-4d2f-bf04-855a76e8dbe0
1059,51,2109d8ec-025e-4b3d-948d-908cacadc926,128ec9c0-9293-4d2f-bf04-855a76e8dbe0
1060,51,70b1be55-7cd2-4a5a-86e3-c23422507a55,128ec9c0-9293-4d2f-bf04-855a76e8dbe0
1061,26,2e09b4ef-f84c-446a-a48b-51d0cd41183e,5db38fdd-3b64-4392-9002-ce7512bf3ceb
1062,51,d4962b70-4121-4e1b-b2e1-cae481c2eadd,128ec9c0-9293-4d2f-bf04-855a76e8dbe0
1063,51,27a2e27c-2f88-433f-b297-61022fc72767,128ec9c0-9293-4d2f-bf04-855a76e8dbe0
1064,51,5f7e6a15-cb07-45d5-a392-119c15a53215,128ec9c0-9293-4d2f-bf04-855a76e8dbe0
1065,51,685d35d9-f364-4963-8330-5a21aa8f82a0,128ec9c0-9293-4d2f-bf04-855a76e8dbe0
1066,51,7796ce0a-43c9-428c-b2d6-6ae77284e0c4,128ec9c0-9293-4d2f-bf04-855a76e8dbe0
1067,51,44f0d293-0f4f-4347-90b8-bd59a9aeafb2,128ec9c0-9293-4d2f-bf04-855a76e8dbe0
1068,51,7fe441c1-f05b-438c-810b-07e8d9a686d8,128ec9c0-9293-4d2f-bf04-855a76e8dbe0
1069,51,a48d2acf-ca9a-4ff8-97eb-0a88d1cf7c32,128ec9c0-9293-4d2f-bf04-855a76e8dbe0
1070,51,6a6f3aa5-c1d0-43da-a4b0-9303f52422af,128ec9c0-9293-4d2f-bf04-855a76e8dbe0
1071,51,54f60e56-c3ce-4c02-a0c6-fa8f94cfe179,128ec9c0-9293-4d2f-bf04-855a76e8dbe0
1072,23,84986825-fd22-44f5-8da4-844c833bf087,b933ec53-1f11-4e21-a043-67a2419ee067
1072,140,84986825-fd22-44f5-8da4-844c833bf087,deabd6e3-9c2d-4a79-afef-942da4b9550d
1073,35,0a86bd84-10fe-4315-b664-c59338ac2c85,4e44d169-1292-4d6e-b5b9-fddc14fbbcdc
1074,35,b77ab614-92a5-47da-8ef1-15212b4bc229,4e44d169-1292-4d6e-b5b9-fddc14fbbcdc
1074,51,b77ab614-92a5-47da-8ef1-15212b4bc229,128ec9c0-9293-4d2f-bf04-855a76e8dbe0
1075,51,31c1791c-0fa1-4d97-b105-85470c211123,128ec9c0-9293-4d2f-bf04-855a76e8dbe0
1076,35,33f8bb17-301f-4941-bb29-a5626eae4db7,4e44d169-1292-4d6e-b5b9-fddc14fbbcdc
1077,26,a345685f-ec1b-42d7-b2de-d81b31c38b50,5db38fdd-3b64-4392-9002-ce7512bf3ceb
1078,51,ff59b982-4ce5-4bc1-a1a1-0eb5cb107254,128ec9c0-9293-4d2f-bf04-855a76e8dbe0
1079,51,d1b090b3-b6b0-4eb1-a888-c0d2e9172fef,128ec9c0-9293-4d2f-bf04-855a76e8dbe0
1080,51,d82cd3bc-4d3a-4b7d-a6fa-f0b3e278ab96,128ec9c0-9293-4d2f-bf04-855a76e8dbe0
1081,51,13fa090e-39e2-44f4-b3cb-e727c5774024,128ec9c0-9293-4d2f-bf04-855a76e8dbe0
1082,51,3a00b4e1-d81d-40ac-b488-d8b2c5659f69,128ec9c0-9293-4d2f-bf04-855a76e8dbe0
1083,51,74866db1-82aa-4174-9051-a39a96d52c51,128ec9c0-9293-4d2f-bf04-855a76e8dbe0
1084,51,6ca3bdde-64da-4027-ba98-d208598e0385,128ec9c0-9293-4d2f-bf04-855a76e8dbe0
1085,137,77d51ac6-7889-442e-ab53-c5606cb430f2,3387e5b6-d36d-4475-8b34-e918249b7474
1086,94,a2134128-c8ea-4aaa-9a7e-c4b27ddaa85d,25006cc4-a12b-4570-918f-78a97dca46a3
1087,51,cb48ab4d-5659-4d7c-b606-50c86687d4a5,128ec9c0-9293-4d2f-bf04-855a76e8dbe0
1087,56,cb48ab4d-5659-4d7c-b606-50c86687d4a5,fe758c24-6a48-4f9c-8424-ea1956da1ac4
1088,26,285e4290-c797-41fb-b15e-f3428c06b2fb,5db38fdd-3b64-4392-9002-ce7512bf3ceb
1089,18,ae4c05c5-c60b-482e-a8eb-2bc76c832e7e,9cdfa3f7-a653-43e7-94a8-b666f2d68914
1089,94,ae4c05c5-c60b-482e-a8eb-2bc76c832e7e,25006cc4-a12b-4570-918f-78a97dca46a3
1090,35,9a55dc3f-49d9-4d61-af93-56608daf4fe9,4e44d169-1292-4d6e-b5b9-fddc14fbbcdc
1091,51,e0768bfe-3734-44c3-a4e6-e82e5b0a4435,128ec9c0-9293-4d2f-bf04-855a76e8dbe0
1093,51,4f5e8a5b-a24f-49b8-af49-55fc7423cb16,128ec9c0-9293-4d2f-bf04-855a76e8dbe0
1094,51,d8bfcef5-42e0-4940-ba15-6cd651df37de,128ec9c0-9293-4d2f-bf04-855a76e8dbe0
1095,51,a2c622b9-381b-42be-98ea-2cd70dbc1b47,128ec9c0-9293-4d2f-bf04-855a76e8dbe0
1096,26,48bc5e17-2e5f-4d9f-a630-09c1ca167baa,5db38fdd-3b64-4392-9002-ce7512bf3ceb
1097,51,6f403fc8-0ff4-4f0e-8a89-e31003fad38a,128ec9c0-9293-4d2f-bf04-855a76e8dbe0
1098,51,6fe6a9c7-ed5f-4800-8a4a-92e8ad8af96b,128ec9c0-9293-4d2f-bf04-855a76e8dbe0
1099,94,4c2324be-d555-48da-b278-c0356c26119f,25006cc4-a12b-4570-918f-78a97dca46a3
1100,51,f5957f47-ba84-49d6-92db-0926c79391af,128ec9c0-9293-4d2f-bf04-855a76e8dbe0
1101,40,34ee99ea-b45f-4145-bddc-48f74224c096,4fa23b9d-0f0a-49a5-848f-591e23711c37
1102,51,a8c59b64-2952-4ed6-a67e-ba63cc2ab844,128ec9c0-9293-4d2f-bf04-855a76e8dbe0
1103,51,3363b7bb-cfa1-4bdd-9f76-57ea62e3fec1,128ec9c0-9293-4d2f-bf04-855a76e8dbe0
1104,35,1980db9a-0306-44f6-9cef-cba2faec9f5f,4e44d169-1292-4d6e-b5b9-fddc14fbbcdc
1104,51,1980db9a-0306-44f6-9cef-cba2faec9f5f,128ec9c0-9293-4d2f-bf04-855a76e8dbe0
1104,94,1980db9a-0306-44f6-9cef-cba2faec9f5f,25006cc4-a12b-4570-918f-78a97dca46a3
1105,51,4a4cdc42-3c6f-4bd0-a07d-97aee66aafe1,128ec9c0-9293-4d2f-bf04-855a76e8dbe0
1106,51,eda84c63-699e-416b-963b-fa45b98a1eaa,128ec9c0-9293-4d2f-bf04-855a76e8dbe0
1107,51,0b732368-d692-45f3-9d3e-0b67a0cbaf01,128ec9c0-9293-4d2f-bf04-855a76e8dbe0
1108,94,4ce30e42-ed2f-442d-b174-07c86ca65a9b,25006cc4-a12b-4570-918f-78a97dca46a3
1109,51,a1de8e1b-1e4d-49e6-a47c-7188aa5ab69f,128ec9c0-9293-4d2f-bf04-855a76e8dbe0
1110,51,5a1535ac-c752-4c6e-83dc-45fc4e604019,128ec9c0-9293-4d2f-bf04-855a76e8dbe0
1111,51,04d76d89-345a-4efc-aa24-8ec029f1d5d3,128ec9c0-9293-4d2f-bf04-855a76e8dbe0
1112,27,7b9ec535-2a8a-49db-8bf3-d07b6b3d2bed,4f571464-c0f6-460c-a1f2-fd307f5fe744
1115,94,01c5af33-6681-48a3-8974-444beff1a0ff,25006cc4-a12b-4570-918f-78a97dca46a3
1117,51,f337318b-9040-400b-bc54-a2f3a39d3536,128ec9c0-9293-4d2f-bf04-855a76e8dbe0
1118,94,0ebe30bd-bc8e-46b3-b5f5-db4d02b96ccf,25006cc4-a12b-4570-918f-78a97dca46a3
1119,51,00cf476f-1736-45ca-818f-2976142c5752,128ec9c0-9293-4d2f-bf04-855a76e8dbe0
1120,27,82efdb31-420d-4520-8275-e895ff9b63b7,4f571464-c0f6-460c-a1f2-fd307f5fe744
1120,35,82efdb31-420d-4520-8275-e895ff9b63b7,4e44d169-1292-4d6e-b5b9-fddc14fbbcdc
1120,40,82efdb31-420d-4520-8275-e895ff9b63b7,4fa23b9d-0f0a-49a5-848f-591e23711c37
1120,51,82efdb31-420d-4520-8275-e895ff9b63b7,128ec9c0-9293-4d2f-bf04-855a76e8dbe0
1122,51,3cafcf28-db15-412e-8419-d6edf7acd9ab,128ec9c0-9293-4d2f-bf04-855a76e8dbe0
1123,26,9dac3303-2323-4e08-95e8-e1d529d0a1a2,5db38fdd-3b64-4392-9002-ce7512bf3ceb
1124,26,ffb21862-805d-4c0d-addc-64a3834512da,5db38fdd-3b64-4392-9002-ce7512bf3ceb
1125,26,119f2c4c-af9a-4421-8f89-fb65a33854ef,5db38fdd-3b64-4392-9002-ce7512bf3ceb
1126,26,7683bd74-8d9a-400c-bce8-45b011844f70,5db38fdd-3b64-4392-9002-ce7512bf3ceb
1127,26,522d0cb5-80f0-4b4b-8bd6-883f65e3c96a,5db38fdd-3b64-4392-9002-ce7512bf3ceb
1128,26,4240d4cc-34ed-44a8-8f15-d464ae529bb6,5db38fdd-3b64-4392-9002-ce7512bf3ceb
1129,26,7aff3bf8-a9e2-495e-a078-2806c1643f51,5db38fdd-3b64-4392-9002-ce7512bf3ceb
1130,26,08cc0ffc-0aba-4ab6-83e7-a3059b5dbf23,5db38fdd-3b64-4392-9002-ce7512bf3ceb
1131,26,7adcaa94-b1f4-4211-9504-8304ed51c62b,5db38fdd-3b64-4392-9002-ce7512bf3ceb
1132,26,3fb5765d-ea89-4827-af24-33e3774f73d6,5db38fdd-3b64-4392-9002-ce7512bf3ceb
1133,26,58620175-c406-4616-91a2-3f5ffa8660cb,5db38fdd-3b64-4392-9002-ce7512bf3ceb
1134,26,0e677fed-5932-4ef6-bb93-f8e271927fa7,5db38fdd-3b64-4392-9002-ce7512bf3ceb
1135,40,54470fb4-e39c-4dfe-8be8-006c1ec1d0f5,4fa23b9d-0f0a-49a5-848f-591e23711c37
1135,106,54470fb4-e39c-4dfe-8be8-006c1ec1d0f5,4ff7967b-ba33-4eb7-a6f1-43348acfd978
1136,55,e4196d5e-aade-4321-9da8-cee5a7c62c34,270ebc71-de8e-476e-9eaf-4d3a9ac687da
1136,106,e4196d5e-aade-4321-9da8-cee5a7c62c34,4ff7967b-ba33-4eb7-a6f1-43348acfd978
1137,106,a7224148-1896-4ff4-b250-babed8b5da28,4ff7967b-ba33-4eb7-a6f1-43348acfd978
1138,40,a7ec6133-9af8-4642-bc3b-272333004dfb,4fa23b9d-0f0a-49a5-848f-591e23711c37
1138,106,a7ec6133-9af8-4642-bc3b-272333004dfb,4ff7967b-ba33-4eb7-a6f1-43348acfd978
1139,106,156a09db-1bd4-4b9f-a9a0-2f98e06b0af6,4ff7967b-ba33-4eb7-a6f1-43348acfd978
1140,40,26171aff-4438-4055-9030-4686f527c71c,4fa23b9d-0f0a-49a5-848f-591e23711c37
1141,55,98cb532d-7e6f-4b3c-9954-ca0572fa0b41,270ebc71-de8e-476e-9eaf-4d3a9ac687da
1141,106,98cb532d-7e6f-4b3c-9954-ca0572fa0b41,4ff7967b-ba33-4eb7-a6f1-43348acfd978
1142,26,a5f84a71-8cb5-4942-a22e-22386aefc3a8,5db38fdd-3b64-4392-9002-ce7512bf3ceb
1143,26,c5893b22-ce72-486b-944c-b00afe6b9c5c,5db38fdd-3b64-4392-9002-ce7512bf3ceb
1144,40,d9aebca4-9640-449f-9026-aff3111f3715,4fa23b9d-0f0a-49a5-848f-591e23711c37
1145,26,bc4cadc8-7084-45b2-8c53-61a1875254d1,5db38fdd-3b64-4392-9002-ce7512bf3ceb
1146,40,b26f987a-f35d-47e8-b735-33bf6a6c120e,4fa23b9d-0f0a-49a5-848f-591e23711c37
1147,40,2dde9aed-b2bf-40ba-a49f-8ff8dd19735a,4fa23b9d-0f0a-49a5-848f-591e23711c37
1148,40,abad5c80-74e3-4242-a73c-8b581a855da2,4fa23b9d-0f0a-49a5-848f-591e23711c37
1149,106,5674dd98-563e-4251-b7fc-a2fb127eed29,4ff7967b-ba33-4eb7-a6f1-43348acfd978
1150,51,2f051a6b-2f6f-4611-a894-41e616ccb960,128ec9c0-9293-4d2f-bf04-855a76e8dbe0
1151,51,810856f7-b5fb-4785-92ad-71612b415fb4,128ec9c0-9293-4d2f-bf04-855a76e8dbe0
1152,51,73368fde-d537-45b6-b25e-a251e0cbea0b,128ec9c0-9293-4d2f-bf04-855a76e8dbe0
1153,51,f5f86108-726a-4194-a38f-e20b689e5ee4,128ec9c0-9293-4d2f-bf04-855a76e8dbe0
1154,51,02554a69-295a-4335-9192-0688a377a684,128ec9c0-9293-4d2f-bf04-855a76e8dbe0
1155,51,80e9278d-7fd2-4111-9e7c-509de51bdf52,128ec9c0-9293-4d2f-bf04-855a76e8dbe0
1156,51,5af6b1d8-d0ee-4400-885f-724e8013213a,128ec9c0-9293-4d2f-bf04-855a76e8dbe0
1157,51,2df22183-227d-4012-867f-1eaee5a646a2,128ec9c0-9293-4d2f-bf04-855a76e8dbe0
1158,51,fbacc494-41fe-407e-9e91-55d90454b83e,128ec9c0-9293-4d2f-bf04-855a76e8dbe0
1159,51,ed5213b4-d3bf-40ec-a314-8da2dc8453e7,128ec9c0-9293-4d2f-bf04-855a76e8dbe0
1160,51,b5b8dc5f-3bdc-41e0-b26f-24359f8ca2e9,128ec9c0-9293-4d2f-bf04-855a76e8dbe0
1161,51,87da858d-e37f-42d5-a0a2-b361a1eb4253,128ec9c0-9293-4d2f-bf04-855a76e8dbe0
1162,40,cefcfb76-26c7-49ef-abaa-c8137c8cb8f8,4fa23b9d-0f0a-49a5-848f-591e23711c37
1163,40,6f12e21c-1964-441e-ab40-ea6598d3fbbb,4fa23b9d-0f0a-49a5-848f-591e23711c37
1164,40,6484086c-1bd1-48c3-9c66-b24b27ce8044,4fa23b9d-0f0a-49a5-848f-591e23711c37
1165,40,babeddfd-b165-43c6-b297-ce4a3d53dec6,4fa23b9d-0f0a-49a5-848f-591e23711c37
1166,40,5761454a-44f6-4aff-9308-b234518de62a,4fa23b9d-0f0a-49a5-848f-591e23711c37
1167,40,08f1936a-413b-4e6a-a195-c4f1638db7e2,4fa23b9d-0f0a-49a5-848f-591e23711c37
1168,40,e13c58a2-c674-4af3-ba8e-0946bf50947c,4fa23b9d-0f0a-49a5-848f-591e23711c37
1169,40,71cddd80-4b2f-44e8-80d8-15653f461f00,4fa23b9d-0f0a-49a5-848f-591e23711c37
1170,40,b6500e4e-ebd9-4dbc-857d-7a848c04c3c9,4fa23b9d-0f0a-49a5-848f-591e23711c37
1171,40,042db3ef-d289-45ae-b366-0acb0f87d4a3,4fa23b9d-0f0a-49a5-848f-591e23711c37
1171,79,042db3ef-d289-45ae-b366-0acb0f87d4a3,64825928-835d-4a9e-bc9d-54fccf759ccd
1172,40,c8842033-0344-48ec-91e2-d503ee51baa6,4fa23b9d-0f0a-49a5-848f-591e23711c37
1173,40,f2df57a0-500e-4ae3-9a3a-cf32c36aa608,4fa23b9d-0f0a-49a5-848f-591e23711c37
1174,40,2efad7de-2d38-42d7-85c6-9ea78dfcc8bd,4fa23b9d-0f0a-49a5-848f-591e23711c37
1175,40,8224d484-44a4-4ea3-94ff-a6760be400e7,4fa23b9d-0f0a-49a5-848f-591e23711c37
1176,51,63da4ac0-5d49-4a8b-a5f2-3e68b253d769,128ec9c0-9293-4d2f-bf04-855a76e8dbe0
1177,40,0dcea660-05ae-461c-8deb-2357baaf8df1,4fa23b9d-0f0a-49a5-848f-591e23711c37
1178,40,2e8e964b-44f5-4bcd-b61b-8e4850c9a207,4fa23b9d-0f0a-49a5-848f-591e23711c37
1179,51,a9df8ef6-6a7f-4d06-8bf2-455f94ba51d5,128ec9c0-9293-4d2f-bf04-855a76e8dbe0
1180,40,be39a969-c484-4b0f-9765-631429492f34,4fa23b9d-0f0a-49a5-848f-591e23711c37
1181,40,7985b2e3-4ff3-415b-bef1-55902ffa9985,4fa23b9d-0f0a-49a5-848f-591e23711c37
1182,51,90822ded-3af5-4a0b-961b-14f4c8b0b9d3,128ec9c0-9293-4d2f-bf04-855a76e8dbe0
1183,40,f5058317-9483-42ee-8107-bf5465db4cdb,4fa23b9d-0f0a-49a5-848f-591e23711c37
1184,40,508f1564-c1b1-4086-af38-356cff9c6602,4fa23b9d-0f0a-49a5-848f-591e23711c37
1185,55,3f3ee9d2-511c-4df3-8466-9c2bad496b4c,270ebc71-de8e-476e-9eaf-4d3a9ac687da
1186,40,e3584331-d5b9-4344-82a5-95a1b3983151,4fa23b9d-0f0a-49a5-848f-591e23711c37
1187,40,4c6418a3-5428-4fea-8dba-2e294f3916a8,4fa23b9d-0f0a-49a5-848f-591e23711c37
1188,55,35496582-dd86-4b63-acdc-edfad99d42b7,270ebc71-de8e-476e-9eaf-4d3a9ac687da
1189,40,94b81d1c-bbc2-4f09-9088-d55e6528067b,4fa23b9d-0f0a-49a5-848f-591e23711c37
1190,40,bc171eea-d8f6-435f-b5cd-aade95b269db,4fa23b9d-0f0a-49a5-848f-591e23711c37
1191,40,9d515958-a102-4ab5-a2b2-cfb7c9bb40c4,4fa23b9d-0f0a-49a5-848f-591e23711c37
1192,40,15228921-3941-4f94-85aa-4e897f2ea613,4fa23b9d-0f0a-49a5-848f-591e23711c37
1193,40,8e04d561-3e0c-4bd8-8b85-4c0c64bb6eb2,4fa23b9d-0f0a-49a5-848f-591e23711c37
1194,40,58ae5dbb-d40b-4fcb-8f11-e46434bde749,4fa23b9d-0f0a-49a5-848f-591e23711c37
1195,40,96533b51-e33a-4926-96c2-2878a2d57245,4fa23b9d-0f0a-49a5-848f-591e23711c37
1196,94,634d51b1-8d0a-4d3a-853d-dbe09bd5454a,25006cc4-a12b-4570-918f-78a97dca46a3
1197,51,f01c29e7-ce2e-44a0-bad6-033189cdd69a,128ec9c0-9293-4d2f-bf04-855a76e8dbe0
1198,40,d4126b69-0e67-458d-8f9a-a8188ce729c1,4fa23b9d-0f0a-49a5-848f-591e23711c37
1198,56,d4126b69-0e67-458d-8f9a-a8188ce729c1,fe758c24-6a48-4f9c-8424-ea1956da1ac4
1199,51,46f2e1d5-0831-4d9e-9cfa-6d670f6c57d9,128ec9c0-9293-4d2f-bf04-855a76e8dbe0
1200,51,c1c4a093-c66b-4f6b-a1c2-baa2a58ba5c4,128ec9c0-9293-4d2f-bf04-855a76e8dbe0
1202,51,b4b3ef02-e88b-492a-a3cc-f508b28dbbba,128ec9c0-9293-4d2f-bf04-855a76e8dbe0
1203,51,b7ffdc65-58e4-4e3b-8ac7-6196dd56deb1,128ec9c0-9293-4d2f-bf04-855a76e8dbe0
1204,137,38219cd1-c18b-4ce8-ad1e-d1267b2e21af,3387e5b6-d36d-4475-8b34-e918249b7474
1205,137,1f0ee9e2-3fe7-4609-b21a-bcf2613ef07f,3387e5b6-d36d-4475-8b34-e918249b7474
1206,40,a341e5d6-086b-4efa-88da-c3d2e1a5aa8f,4fa23b9d-0f0a-49a5-848f-591e23711c37
1208,51,5f4deec4-798a-4e1c-b718-48bb11320bd6,128ec9c0-9293-4d2f-bf04-855a76e8dbe0
1209,51,ba3ad952-4fcf-4354-bf28-c3638a6799c1,128ec9c0-9293-4d2f-bf04-855a76e8dbe0
1210,94,7b7795b3-0aef-432c-b6bc-7d9eebd147f9,25006cc4-a12b-4570-918f-78a97dca46a3
1211,51,b1c28768-bb67-46ed-9e3e-2b775ff3d592,128ec9c0-9293-4d2f-bf04-855a76e8dbe0
1212,35,41da2891-0275-4ee1-bcbd-b16ca7dcfe20,4e44d169-1292-4d6e-b5b9-fddc14fbbcdc
1212,51,41da2891-0275-4ee1-bcbd-b16ca7dcfe20,128ec9c0-9293-4d2f-bf04-855a76e8dbe0
1213,51,f06f2594-28fe-471d-834a-9eb7dc9444c2,128ec9c0-9293-4d2f-bf04-855a76e8dbe0
1214,51,de682c53-2478-4903-8fa5-9c284f2f0bf5,128ec9c0-9293-4d2f-bf04-855a76e8dbe0
1215,40,682fc572-6f48-4a65-a6b1-c5fe047d94a4,4fa23b9d-0f0a-49a5-848f-591e23711c37
1216,51,b6b69129-fdea-4f94-b4a4-90642cbb2dff,128ec9c0-9293-4d2f-bf04-855a76e8dbe0
1217,51,ee26d74a-dee5-406f-87b9-97dd7c3f7856,128ec9c0-9293-4d2f-bf04-855a76e8dbe0
1218,137,b8a68ffd-bdf5-4ee9-b403-a9b73c4a0d80,3387e5b6-d36d-4475-8b34-e918249b7474
1219,137,aba034ff-5de2-4950-9a80-2996535fd9ab,3387e5b6-d36d-4475-8b34-e918249b7474
1220,137,56a8e906-b4ad-487b-9ad8-50a1797d7670,3387e5b6-d36d-4475-8b34-e918249b7474
1221,137,0fdd44f5-66c5-49a3-bfa6-a4edf0f41b74,3387e5b6-d36d-4475-8b34-e918249b7474
1222,137,8ad12fdf-c4ad-4f7b-b198-23e0b426f4e2,3387e5b6-d36d-4475-8b34-e918249b7474
1223,35,6b484fa4-7116-4cc2-9d9c-9c1ce458aa81,4e44d169-1292-4d6e-b5b9-fddc14fbbcdc
1223,137,6b484fa4-7116-4cc2-9d9c-9c1ce458aa81,3387e5b6-d36d-4475-8b34-e918249b7474
1224,137,60f212fd-e151-404e-9c2d-cc127460d6e4,3387e5b6-d36d-4475-8b34-e918249b7474
1226,137,6cc25124-fe1b-4846-93c5-6b21b56cd3a5,3387e5b6-d36d-4475-8b34-e918249b7474
1227,35,4c89b568-28a5-4990-aded-a4257eb8f41a,4e44d169-1292-4d6e-b5b9-fddc14fbbcdc
1227,137,4c89b568-28a5-4990-aded-a4257eb8f41a,3387e5b6-d36d-4475-8b34-e918249b7474
1228,51,4fa67cb0-5712-47ab-aa92-bd86077910c6,128ec9c0-9293-4d2f-bf04-855a76e8dbe0
1229,40,12545174-9da9-42e3-8d64-f2010d7912c5,4fa23b9d-0f0a-49a5-848f-591e23711c37
1230,51,1ddbf058-f0fa-4c57-aee4-ce26cd8858c1,128ec9c0-9293-4d2f-bf04-855a76e8dbe0
1231,137,cc00c2fe-0eee-4e76-84a6-aaa1732db700,3387e5b6-d36d-4475-8b34-e918249b7474
1232,137,cec91451-33b0-488c-a506-fdf70d53febb,3387e5b6-d36d-4475-8b34-e918249b7474
1233,137,5e4953ed-fffa-4035-83ad-d3054d213cbd,3387e5b6-d36d-4475-8b34-e918249b7474
1234,137,ed1c6ea8-095d-45db-82d0-7df03dd07990,3387e5b6-d36d-4475-8b34-e918249b7474
1235,137,d65d193d-890e-4be4-ae5a-e0907a2ec2ba,3387e5b6-d36d-4475-8b34-e918249b7474
1236,137,284180db-6a49-4ae8-80db-4fa92e8f4755,3387e5b6-d36d-4475-8b34-e918249b7474
1237,137,51fedce4-0b92-4b29-9af2-6512f1101f67,3387e5b6-d36d-4475-8b34-e918249b7474
1238,137,e31a624c-a259-491e-8e78-6226df83c151,3387e5b6-d36d-4475-8b34-e918249b7474
1239,35,f1800c61-e0f1-4fd9-ba79-38835c6feac2,4e44d169-1292-4d6e-b5b9-fddc14fbbcdc
1240,51,93624263-4482-4a7c-ad9f-4e73a835120e,128ec9c0-9293-4d2f-bf04-855a76e8dbe0
1241,51,433368ec-08a9-4a59-8916-99009e2c11c3,128ec9c0-9293-4d2f-bf04-855a76e8dbe0
1242,51,e9f9cb28-c043-4aa3-8e1c-9ef57064ea71,128ec9c0-9293-4d2f-bf04-855a76e8dbe0
1243,51,926a57c9-1a4f-46e9-8842-6712602eb966,128ec9c0-9293-4d2f-bf04-855a76e8dbe0
1244,51,051f5989-923e-40a1-873b-01bbcc2cf6d5,128ec9c0-9293-4d2f-bf04-855a76e8dbe0
1245,51,afb282d8-e2f2-40c0-9e1b-da05189b8896,128ec9c0-9293-4d2f-bf04-855a76e8dbe0
1246,51,dd4fc78a-dc98-4fcb-8710-9ccf66a5169d,128ec9c0-9293-4d2f-bf04-855a76e8dbe0
1247,51,00bd0361-2341-4559-b7fe-ed0df95707ba,128ec9c0-9293-4d2f-bf04-855a76e8dbe0
1248,51,fa3d0e93-7afc-4264-8820-a8f57ee88a2b,128ec9c0-9293-4d2f-bf04-855a76e8dbe0
1250,51,879ef04b-c2ce-4b67-9e7a-b1c8be4d7628,128ec9c0-9293-4d2f-bf04-855a76e8dbe0
1251,51,5d17c162-11ff-4d23-afae-e9c48664ecdc,128ec9c0-9293-4d2f-bf04-855a76e8dbe0
1252,35,a9da62e7-50f5-4a70-91b1-9b3d93099880,4e44d169-1292-4d6e-b5b9-fddc14fbbcdc
1253,51,db3cc3f9-10ac-4974-92cd-879b57dafb98,128ec9c0-9293-4d2f-bf04-855a76e8dbe0
1254,40,f5ecfc35-c225-4d05-b1dc-ab6c596bf3ad,4fa23b9d-0f0a-49a5-848f-591e23711c37
1255,40,33d269f3-8a32-487b-808d-631b242cd6f7,4fa23b9d-0f0a-49a5-848f-591e23711c37
1256,51,7d9ff4de-f45a-4f52-81f5-9c7818815238,128ec9c0-9293-4d2f-bf04-855a76e8dbe0
1257,51,5c4455cc-2934-46e7-a881-dd5e01e78795,128ec9c0-9293-4d2f-bf04-855a76e8dbe0
1258,109,1caee04a-4af4-48f7-b664-fd4163449f81,564888a3-9c45-45fe-a75d-22f142fe28c1
1259,51,c8175f13-3376-4fe6-a0cb-87f17ff25dcc,128ec9c0-9293-4d2f-bf04-855a76e8dbe0
1260,109,c117d84c-6804-4c8e-9055-60bfbe62c9b0,564888a3-9c45-45fe-a75d-22f142fe28c1
1261,109,f76c6bb6-f3b5-460d-8ef8-a8645c697cbd,564888a3-9c45-45fe-a75d-22f142fe28c1
1262,51,89731817-e622-488d-8b59-852b833f25ed,128ec9c0-9293-4d2f-bf04-855a76e8dbe0
1263,51,666d1e2c-8039-4a2b-8444-7f0303cadd86,128ec9c0-9293-4d2f-bf04-855a76e8dbe0
1264,51,6f0ee309-5b19-46b4-9a60-7d9b2e738c19,128ec9c0-9293-4d2f-bf04-855a76e8dbe0
1265,51,ca4e3f3a-b2ca-4c45-a9a9-71befe163338,128ec9c0-9293-4d2f-bf04-855a76e8dbe0
1266,28,cb0a64bf-6d38-427b-8165-8af9112bfb4b,927df241-9b2c-4a41-bbe1-d6151a413b40
1267,94,87aa375e-c007-4fa0-b0c0-fbc166c6b279,25006cc4-a12b-4570-918f-78a97dca46a3
1271,40,1aba7c2c-21c4-483b-8ea7-2030630d39c1,4fa23b9d-0f0a-49a5-848f-591e23711c37
1274,35,b92aa292-df1f-4b82-98e7-a33e25d3cd9b,4e44d169-1292-4d6e-b5b9-fddc14fbbcdc
1274,137,b92aa292-df1f-4b82-98e7-a33e25d3cd9b,3387e5b6-d36d-4475-8b34-e918249b7474
1275,35,8ad93ecc-927b-4072-a816-fb36ae8cfd9d,4e44d169-1292-4d6e-b5b9-fddc14fbbcdc
1275,137,8ad93ecc-927b-4072-a816-fb36ae8cfd9d,3387e5b6-d36d-4475-8b34-e918249b7474
1276,35,264a157f-2760-4962-ab9d-62f6bcadcc75,4e44d169-1292-4d6e-b5b9-fddc14fbbcdc
1276,137,264a157f-2760-4962-ab9d-62f6bcadcc75,3387e5b6-d36d-4475-8b34-e918249b7474
1277,35,4bfeaf4d-2606-4c25-9699-812273534ce1,4e44d169-1292-4d6e-b5b9-fddc14fbbcdc
1277,137,4bfeaf4d-2606-4c25-9699-812273534ce1,3387e5b6-d36d-4475-8b34-e918249b7474
1278,35,bea624bd-6b30-4e5c-8c0d-7aeecb6a6a56,4e44d169-1292-4d6e-b5b9-fddc14fbbcdc
1278,137,bea624bd-6b30-4e5c-8c0d-7aeecb6a6a56,3387e5b6-d36d-4475-8b34-e918249b7474
1279,137,18a39e3f-460a-41c8-89d3-586f56b58529,3387e5b6-d36d-4475-8b34-e918249b7474
1280,35,f0658963-6378-4f62-82f9-dc06358d4bc5,4e44d169-1292-4d6e-b5b9-fddc14fbbcdc
1280,137,f0658963-6378-4f62-82f9-dc06358d4bc5,3387e5b6-d36d-4475-8b34-e918249b7474
1281,137,ee2c1cdd-ffe6-4517-be76-a82790d41087,3387e5b6-d36d-4475-8b34-e918249b7474
1282,35,a5248b6d-6094-4193-acbb-9ea3f4f392e1,4e44d169-1292-4d6e-b5b9-fddc14fbbcdc
1282,137,a5248b6d-6094-4193-acbb-9ea3f4f392e1,3387e5b6-d36d-4475-8b34-e918249b7474
1283,35,d51d9d78-5f0d-415a-8a5d-f16fe4ce96b3,4e44d169-1292-4d6e-b5b9-fddc14fbbcdc
1283,137,d51d9d78-5f0d-415a-8a5d-f16fe4ce96b3,3387e5b6-d36d-4475-8b34-e918249b7474
1285,35,56302406-5fd5-4f99-a88f-9d890a678521,4e44d169-1292-4d6e-b5b9-fddc14fbbcdc
1285,137,56302406-5fd5-4f99-a88f-9d890a678521,3387e5b6-d36d-4475-8b34-e918249b7474
1286,51,9d56f1c4-4003-401b-b2ec-b7a46dda63b9,128ec9c0-9293-4d2f-bf04-855a76e8dbe0
1286,137,9d56f1c4-4003-401b-b2ec-b7a46dda63b9,3387e5b6-d36d-4475-8b34-e918249b7474
1287,35,82db6762-ec18-43e4-8ae3-a8a0431e950a,4e44d169-1292-4d6e-b5b9-fddc14fbbcdc
1287,137,82db6762-ec18-43e4-8ae3-a8a0431e950a,3387e5b6-d36d-4475-8b34-e918249b7474
1288,40,e10cd949-e5de-4f50-9006-c6631e45b407,4fa23b9d-0f0a-49a5-848f-591e23711c37
1288,137,e10cd949-e5de-4f50-9006-c6631e45b407,3387e5b6-d36d-4475-8b34-e918249b7474
1290,35,0061094e-ffb8-483d-ba17-377c9fa0ea1a,4e44d169-1292-4d6e-b5b9-fddc14fbbcdc
1290,137,0061094e-ffb8-483d-ba17-377c9fa0ea1a,3387e5b6-d36d-4475-8b34-e918249b7474
1291,35,556fdfb4-9260-4234-9166-42e4597c01f5,4e44d169-1292-4d6e-b5b9-fddc14fbbcdc
1291,137,556fdfb4-9260-4234-9166-42e4597c01f5,3387e5b6-d36d-4475-8b34-e918249b7474
1294,40,77b40738-36f8-4c7d-9c26-993ad5c61c44,4fa23b9d-0f0a-49a5-848f-591e23711c37
1294,137,77b40738-36f8-4c7d-9c26-993ad5c61c44,3387e5b6-d36d-4475-8b34-e918249b7474
1295,51,ad6fec22-1b39-449d-a70a-37210874210c,128ec9c0-9293-4d2f-bf04-855a76e8dbe0
1295,137,ad6fec22-1b39-449d-a70a-37210874210c,3387e5b6-d36d-4475-8b34-e918249b7474
1296,40,793e383b-6901-4c9e-9c98-8dfe88ed74bb,4fa23b9d-0f0a-49a5-848f-591e23711c37
1296,137,793e383b-6901-4c9e-9c98-8dfe88ed74bb,3387e5b6-d36d-4475-8b34-e918249b7474
1297,137,6adca5de-e7f8-44f3-b6eb-8e8e26f6004e,3387e5b6-d36d-4475-8b34-e918249b7474
1298,51,983192f8-cf60-4f54-9035-3fae37fa8b27,128ec9c0-9293-4d2f-bf04-855a76e8dbe0
1298,137,983192f8-cf60-4f54-9035-3fae37fa8b27,3387e5b6-d36d-4475-8b34-e918249b7474
1299,51,6db43299-7a54-4e24-b51f-69e515d2a199,128ec9c0-9293-4d2f-bf04-855a76e8dbe0
1299,137,6db43299-7a54-4e24-b51f-69e515d2a199,3387e5b6-d36d-4475-8b34-e918249b7474
1301,51,1fb41f0d-127e-49e2-82b4-74595ed970b3,128ec9c0-9293-4d2f-bf04-855a76e8dbe0
1301,137,1fb41f0d-127e-49e2-82b4-74595ed970b3,3387e5b6-d36d-4475-8b34-e918249b7474
1302,51,7990802a-86e9-460c-b950-02198b53bd67,128ec9c0-9293-4d2f-bf04-855a76e8dbe0
1302,137,7990802a-86e9-460c-b950-02198b53bd67,3387e5b6-d36d-4475-8b34-e918249b7474
1303,51,dc087220-ef4a-4e9b-aa79-1d485ec3a9a2,128ec9c0-9293-4d2f-bf04-855a76e8dbe0
1303,137,dc087220-ef4a-4e9b-aa79-1d485ec3a9a2,3387e5b6-d36d-4475-8b34-e918249b7474
1304,51,4c792a5d-b2bb-49cc-976a-ede1db397094,128ec9c0-9293-4d2f-bf04-855a76e8dbe0
1304,137,4c792a5d-b2bb-49cc-976a-ede1db397094,3387e5b6-d36d-4475-8b34-e918249b7474
1305,51,d4fa149e-258b-4fc1-9f8c-527ea8f0c4d1,128ec9c0-9293-4d2f-bf04-855a76e8dbe0
1305,137,d4fa149e-258b-4fc1-9f8c-527ea8f0c4d1,3387e5b6-d36d-4475-8b34-e918249b7474
1306,51,ab3f02f2-63b9-49d7-9c52-09687fb95c13,128ec9c0-9293-4d2f-bf04-855a76e8dbe0
1307,51,5479d345-f886-4f6f-8162-5e426dc399e5,128ec9c0-9293-4d2f-bf04-855a76e8dbe0
1308,51,576a2f4f-4085-45c7-ab6a-efc6fab37ee9,128ec9c0-9293-4d2f-bf04-855a76e8dbe0
1309,51,294e2401-0b0e-49e6-82e3-ccaeded71f1b,128ec9c0-9293-4d2f-bf04-855a76e8dbe0
1310,51,9ecb4448-7f0e-4b56-83fb-fd49448339ac,128ec9c0-9293-4d2f-bf04-855a76e8dbe0
1311,51,80ad1f38-cbdd-4cf4-98fd-0fe735a089a3,128ec9c0-9293-4d2f-bf04-855a76e8dbe0
1312,51,3dc9d033-c2eb-429a-83e6-af18f1433cf5,128ec9c0-9293-4d2f-bf04-855a76e8dbe0
1313,51,0ac1c8d0-07df-461e-9881-f30cba8b0205,128ec9c0-9293-4d2f-bf04-855a76e8dbe0
1314,51,aaa70017-94c8-4888-b960-b77f7fbe9a0f,128ec9c0-9293-4d2f-bf04-855a76e8dbe0
1315,51,1882c731-f42d-48f0-90ed-60fff9a97dee,128ec9c0-9293-4d2f-bf04-855a76e8dbe0
1316,51,7732a04b-1a96-4c96-82dd-a41d2cfb9e8a,128ec9c0-9293-4d2f-bf04-855a76e8dbe0
1317,51,2bdd0723-33e6-4569-8f98-577b351f6465,128ec9c0-9293-4d2f-bf04-855a76e8dbe0
1318,51,0954cdaf-51f6-4bba-a6f4-bed6574b10c0,128ec9c0-9293-4d2f-bf04-855a76e8dbe0
1319,51,eadf9eac-5462-4272-8b0a-c0f84c1ee0d7,128ec9c0-9293-4d2f-bf04-855a76e8dbe0
1320,51,73e91589-e32e-420a-babe-884ef90b59e6,128ec9c0-9293-4d2f-bf04-855a76e8dbe0
1321,51,8ecb38d4-5628-4e80-8442-5aeaf7a14368,128ec9c0-9293-4d2f-bf04-855a76e8dbe0
1322,51,0757a40e-9e56-4339-b97f-3e5991d207dd,128ec9c0-9293-4d2f-bf04-855a76e8dbe0
1323,51,7b337d46-7379-47b8-bc3f-be725b67feb2,128ec9c0-9293-4d2f-bf04-855a76e8dbe0
1325,51,1da1e89b-16f2-4581-bd50-d9dfd54ca64f,128ec9c0-9293-4d2f-bf04-855a76e8dbe0
1326,51,8eddd207-39f8-4def-92bd-6c79a6eaecc9,128ec9c0-9293-4d2f-bf04-855a76e8dbe0
1327,51,8e5a8ae0-5e50-43f2-9263-b0b104cbff1e,128ec9c0-9293-4d2f-bf04-855a76e8dbe0
1328,51,692833ac-4ba0-4e8f-a65c-9febf150214e,128ec9c0-9293-4d2f-bf04-855a76e8dbe0
1329,51,f5cf4167-3ef7-4b5d-8798-fe27fb53d236,128ec9c0-9293-4d2f-bf04-855a76e8dbe0
1330,51,3c27d6ea-3163-482b-a648-83e6db1d934b,128ec9c0-9293-4d2f-bf04-855a76e8dbe0
1331,51,41a58335-19e7-4833-bb8d-474a75fbdc9c,128ec9c0-9293-4d2f-bf04-855a76e8dbe0
1332,51,f40a825a-5748-4de7-aa53-8d3bf6f58954,128ec9c0-9293-4d2f-bf04-855a76e8dbe0
1334,51,1ca9f2c5-87cc-43e4-b1cf-1c0d3c3c2528,128ec9c0-9293-4d2f-bf04-855a76e8dbe0
1335,51,c459b82f-d812-4b22-805f-e13481c54de9,128ec9c0-9293-4d2f-bf04-855a76e8dbe0
1336,51,60fe9320-d172-4dd4-ab36-314baa5b29ee,128ec9c0-9293-4d2f-bf04-855a76e8dbe0
1337,51,484eec37-591b-459b-a530-d2fa696fbd9e,128ec9c0-9293-4d2f-bf04-855a76e8dbe0
1338,51,f2f4fdcd-a82c-4581-80c2-a4ae3e36aca2,128ec9c0-9293-4d2f-bf04-855a76e8dbe0
1339,51,492535b2-6eb1-4430-af52-24b09e6f2fbb,128ec9c0-9293-4d2f-bf04-855a76e8dbe0
1340,51,e0ca0151-d14e-41f6-8cde-bab24262490b,128ec9c0-9293-4d2f-bf04-855a76e8dbe0
1341,51,6f45c981-fbe9-41ff-80bd-58eb32bce0a6,128ec9c0-9293-4d2f-bf04-855a76e8dbe0
1342,51,45c9c1db-b56c-4a19-869f-e666ccb4aa19,128ec9c0-9293-4d2f-bf04-855a76e8dbe0
1343,51,e6291793-d10b-4de7-b782-ac15a9fcec5e,128ec9c0-9293-4d2f-bf04-855a76e8dbe0
1344,51,7c525f60-1517-4bd0-b23c-4d9dfea4e89a,128ec9c0-9293-4d2f-bf04-855a76e8dbe0
1345,51,045d5c68-244d-4d1c-90d5-74647ef2f4b8,128ec9c0-9293-4d2f-bf04-855a76e8dbe0
1346,40,9b4c2925-0e75-4f3e-8c65-5301ef0874c9,4fa23b9d-0f0a-49a5-848f-591e23711c37
1346,137,9b4c2925-0e75-4f3e-8c65-5301ef0874c9,3387e5b6-d36d-4475-8b34-e918249b7474
1347,40,0b7e004e-76cb-4392-a6a4-ad33b37c898d,4fa23b9d-0f0a-49a5-848f-591e23711c37
1347,137,0b7e004e-76cb-4392-a6a4-ad33b37c898d,3387e5b6-d36d-4475-8b34-e918249b7474
1349,40,be22bed9-2740-4063-90a3-185084901a3b,4fa23b9d-0f0a-49a5-848f-591e23711c37
1349,137,be22bed9-2740-4063-90a3-185084901a3b,3387e5b6-d36d-4475-8b34-e918249b7474
1350,51,154c57b2-5c1b-40fb-967a-63c5bcd3c74f,128ec9c0-9293-4d2f-bf04-855a76e8dbe0
1351,51,90824bf5-e25a-4be9-82ba-2a8989c8bf82,128ec9c0-9293-4d2f-bf04-855a76e8dbe0
1352,51,211f180c-a28f-4883-92cf-82a615fcedb1,128ec9c0-9293-4d2f-bf04-855a76e8dbe0
1353,51,891981a1-483c-4d32-9e0a-0b2296a73114,128ec9c0-9293-4d2f-bf04-855a76e8dbe0
1354,51,07073296-3b75-47aa-95c9-97de0287ae39,128ec9c0-9293-4d2f-bf04-855a76e8dbe0
1355,51,3a34651a-c512-4de5-861e-09a469f645f6,128ec9c0-9293-4d2f-bf04-855a76e8dbe0
1356,51,6ff2a2e3-57d2-483f-857f-bd17bce1703d,128ec9c0-9293-4d2f-bf04-855a76e8dbe0
1357,51,a010e6a2-7edc-4c76-9db5-05936c9bd35e,128ec9c0-9293-4d2f-bf04-855a76e8dbe0
1358,51,dd3fd450-075e-4a3e-a7b9-371939763e99,128ec9c0-9293-4d2f-bf04-855a76e8dbe0
1359,51,a31b43e0-970f-41d4-ac3f-7dd3bfcfb34e,128ec9c0-9293-4d2f-bf04-855a76e8dbe0
1360,51,4bbfd1b1-bd69-4678-b986-13e8fb814028,128ec9c0-9293-4d2f-bf04-855a76e8dbe0
1361,51,d6a3f65b-3e9f-4d1d-ac7a-9a6dd13d15ef,128ec9c0-9293-4d2f-bf04-855a76e8dbe0
1362,51,a36cdb70-b38a-450d-84d6-f701a847655c,128ec9c0-9293-4d2f-bf04-855a76e8dbe0
1363,51,197cafdc-3385-4ece-9fb4-0c2d1279ccde,128ec9c0-9293-4d2f-bf04-855a76e8dbe0
1364,51,f63fa6ad-ff65-426f-ad92-5962169abc56,128ec9c0-9293-4d2f-bf04-855a76e8dbe0
1365,51,78d2eb36-a7d5-4129-a844-1aa7bdde0f33,128ec9c0-9293-4d2f-bf04-855a76e8dbe0
1366,51,61eeecf9-9537-4e47-9a78-a8632bb1d118,128ec9c0-9293-4d2f-bf04-855a76e8dbe0
1367,51,edef6980-fd62-4324-90f8-5bc45d21a7e1,128ec9c0-9293-4d2f-bf04-855a76e8dbe0
1368,51,8e7d282a-4f5c-4ed1-a84e-848bcc1c7c1d,128ec9c0-9293-4d2f-bf04-855a76e8dbe0
1369,51,7949477c-cca7-4bcd-b6c4-c3b0a4aca573,128ec9c0-9293-4d2f-bf04-855a76e8dbe0
1370,51,6059bdb1-ae3b-41c8-a009-232afebde06b,128ec9c0-9293-4d2f-bf04-855a76e8dbe0
1371,51,fccb1e5b-1244-49f8-92e5-b7763d675132,128ec9c0-9293-4d2f-bf04-855a76e8dbe0
1372,51,e0548118-0081-4248-8388-c514330abee6,128ec9c0-9293-4d2f-bf04-855a76e8dbe0
1373,51,0ae023cd-38ab-42c8-896b-0f2283d95f78,128ec9c0-9293-4d2f-bf04-855a76e8dbe0
1374,51,f0a944a0-0067-4272-9357-2e25e048a757,128ec9c0-9293-4d2f-bf04-855a76e8dbe0
1375,51,387a5af9-8b1d-4b96-b42e-92755cc5dc9c,128ec9c0-9293-4d2f-bf04-855a76e8dbe0
1376,51,f4d9dc60-c5b8-4997-a64d-59e95493b024,128ec9c0-9293-4d2f-bf04-855a76e8dbe0
1377,51,4b28ca27-11bc-4255-a82d-316428346d59,128ec9c0-9293-4d2f-bf04-855a76e8dbe0
1378,51,443efc76-5bd6-46ab-ba03-c04c56e6196a,128ec9c0-9293-4d2f-bf04-855a76e8dbe0
1379,51,43a714b8-42e3-4e7a-950f-45373afdb383,128ec9c0-9293-4d2f-bf04-855a76e8dbe0
1380,51,11408acb-1433-4b2b-aed8-c261c622e8d1,128ec9c0-9293-4d2f-bf04-855a76e8dbe0
1381,51,38494595-60c8-4864-9201-55f5061b475a,128ec9c0-9293-4d2f-bf04-855a76e8dbe0
1382,51,97663b29-8869-4e67-b359-e785dbf663cd,128ec9c0-9293-4d2f-bf04-855a76e8dbe0
1383,51,84536d1f-f5cb-4b31-ad6d-00d212e87bd2,128ec9c0-9293-4d2f-bf04-855a76e8dbe0
1384,51,904499db-2bb6-438b-9421-7cf6e3feb25a,128ec9c0-9293-4d2f-bf04-855a76e8dbe0
1385,51,4dd3555a-5d50-4eb1-a89d-8cce3a69bd58,128ec9c0-9293-4d2f-bf04-855a76e8dbe0
1386,51,1158fa75-497b-45aa-8725-26c08f180a21,128ec9c0-9293-4d2f-bf04-855a76e8dbe0
1387,51,813b441b-5b94-4ac5-a449-de150515bf24,128ec9c0-9293-4d2f-bf04-855a76e8dbe0
1388,51,5ce23186-6c66-4029-b99d-af28d442d266,128ec9c0-9293-4d2f-bf04-855a76e8dbe0
1389,51,ed4bfb7f-8e94-4ef8-9278-37a4a7d67f97,128ec9c0-9293-4d2f-bf04-855a76e8dbe0
1390,51,abed54ac-c4b9-41f5-ac7b-227858a47424,128ec9c0-9293-4d2f-bf04-855a76e8dbe0
1391,51,6604add0-884e-4768-93d8-c2c9ab34445e,128ec9c0-9293-4d2f-bf04-855a76e8dbe0
1392,51,518d777d-33c3-4762-bf3f-4df2b8f45cd7,128ec9c0-9293-4d2f-bf04-855a76e8dbe0
1393,51,de138b23-6e01-4f68-9c2a-c252298ad229,128ec9c0-9293-4d2f-bf04-855a76e8dbe0
1394,51,09311b43-7fef-4a1f-85a5-bfdc9329d526,128ec9c0-9293-4d2f-bf04-855a76e8dbe0
1395,51,be0f519a-86e3-45e9-88b8-ce7659787eac,128ec9c0-9293-4d2f-bf04-855a76e8dbe0
1396,51,1164e6bf-d780-4001-b379-e51dd98712aa,128ec9c0-9293-4d2f-bf04-855a76e8dbe0
1397,51,cbe09782-4ba6-4774-97e5-ae0a332c8317,128ec9c0-9293-4d2f-bf04-855a76e8dbe0
1398,51,7b879d21-425d-4bf8-8bd5-26bbb54bf2c9,128ec9c0-9293-4d2f-bf04-855a76e8dbe0
1399,51,125d375c-d85a-433d-8292-ccc7e5ff7172,128ec9c0-9293-4d2f-bf04-855a76e8dbe0
1400,51,f01397de-3eb0-4120-b8d8-9984e4a8ca5e,128ec9c0-9293-4d2f-bf04-855a76e8dbe0
1401,51,8f00d2e8-236f-43e0-9fa0-1f93d4194ea6,128ec9c0-9293-4d2f-bf04-855a76e8dbe0
1402,51,736a31dc-6f0f-47db-bd0a-f5f4ca6d24e3,128ec9c0-9293-4d2f-bf04-855a76e8dbe0
1403,51,5a10d763-bf5f-4127-aa40-28c2676569ea,128ec9c0-9293-4d2f-bf04-855a76e8dbe0
1405,51,bab5a124-426d-4d3b-acc2-6496e60333d3,128ec9c0-9293-4d2f-bf04-855a76e8dbe0
1406,51,5cafdc79-bade-4302-97e1-a5eb2a0a0fc7,128ec9c0-9293-4d2f-bf04-855a76e8dbe0
1407,51,f7e3dd49-ae36-401b-b277-7a35a8337ce8,128ec9c0-9293-4d2f-bf04-855a76e8dbe0
1408,51,77db40cd-9dae-4875-ba38-fd7388c1ae3b,128ec9c0-9293-4d2f-bf04-855a76e8dbe0
1409,51,c11682be-1086-4e8e-8e82-bfe42caf9627,128ec9c0-9293-4d2f-bf04-855a76e8dbe0
1410,51,c96880ae-696b-47b1-9399-353b2aea2104,128ec9c0-9293-4d2f-bf04-855a76e8dbe0
1411,51,31eee8c0-75b8-4b97-8f67-29fc0b2abf8e,128ec9c0-9293-4d2f-bf04-855a76e8dbe0
1412,51,542da1c8-346e-469a-b2bd-618c5d156747,128ec9c0-9293-4d2f-bf04-855a76e8dbe0
1413,51,bc33c0a9-122a-4595-9f75-ba57ce618407,128ec9c0-9293-4d2f-bf04-855a76e8dbe0
1414,51,23b6ded0-ca2f-49db-b4c5-47aa42dfa286,128ec9c0-9293-4d2f-bf04-855a76e8dbe0
1415,51,0daedae5-988d-4613-a17c-de676a79e5f3,128ec9c0-9293-4d2f-bf04-855a76e8dbe0
1416,51,24e178bd-9e63-48fa-b904-940cff43ceba,128ec9c0-9293-4d2f-bf04-855a76e8dbe0
1417,51,df38226b-47c0-4fc9-913b-16d930df7601,128ec9c0-9293-4d2f-bf04-855a76e8dbe0
1418,51,7b12b783-cee1-4871-a2f3-165bb79a05f1,128ec9c0-9293-4d2f-bf04-855a76e8dbe0
1419,51,91c526ae-7fe2-4901-b99b-79b5de07e4e5,128ec9c0-9293-4d2f-bf04-855a76e8dbe0
1420,51,9f92d193-3331-48be-a901-df7fc48233ff,128ec9c0-9293-4d2f-bf04-855a76e8dbe0
1421,51,db6ac393-d3f2-4456-95f1-27c980b00855,128ec9c0-9293-4d2f-bf04-855a76e8dbe0
1422,51,8d4db237-093d-4013-89a5-39754adb9376,128ec9c0-9293-4d2f-bf04-855a76e8dbe0
1423,51,97dae587-c601-4aa3-90cf-d78adceb118b,128ec9c0-9293-4d2f-bf04-855a76e8dbe0
1424,51,ad7672bb-e8e6-4998-96e5-8c64360e87ec,128ec9c0-9293-4d2f-bf04-855a76e8dbe0
1425,51,bae3dae1-2d4a-4458-84d2-41ab49cc82f5,128ec9c0-9293-4d2f-bf04-855a76e8dbe0
1426,51,0b537835-c67c-4c78-9401-8c724afef486,128ec9c0-9293-4d2f-bf04-855a76e8dbe0
1427,51,30d6607c-df00-4330-85c4-52a3dd0f4d6b,128ec9c0-9293-4d2f-bf04-855a76e8dbe0
1428,51,4e925776-4720-4aae-ab51-d9449814209c,128ec9c0-9293-4d2f-bf04-855a76e8dbe0
1429,51,dd3a0847-497a-4828-898b-e6776f5d0114,128ec9c0-9293-4d2f-bf04-855a76e8dbe0
1430,51,9d4588e8-0d16-4b10-9620-b078066e8cd5,128ec9c0-9293-4d2f-bf04-855a76e8dbe0
1431,51,0e9ab88a-2fe5-4183-9c7a-89d4beddb3ff,128ec9c0-9293-4d2f-bf04-855a76e8dbe0
1432,51,912f7c9d-d7cc-4a14-94b1-5bfb44a94eda,128ec9c0-9293-4d2f-bf04-855a76e8dbe0
1433,51,489ddb78-ec67-46f8-9cf1-a30e9bdb5871,128ec9c0-9293-4d2f-bf04-855a76e8dbe0
1434,51,4ad5320b-07a1-4c8e-b3c8-17efdd3bc191,128ec9c0-9293-4d2f-bf04-855a76e8dbe0
1435,51,e4d8b51c-8cfb-48e6-ba1d-2458d7f7542a,128ec9c0-9293-4d2f-bf04-855a76e8dbe0
1436,51,caf84883-81e0-48a4-96fa-bbfc6eff8329,128ec9c0-9293-4d2f-bf04-855a76e8dbe0
1437,51,5bcee67c-8f52-498d-a7f8-9e169efc9724,128ec9c0-9293-4d2f-bf04-855a76e8dbe0
1438,51,0b1dbf9c-046d-46ee-b8dd-e21c405177ae,128ec9c0-9293-4d2f-bf04-855a76e8dbe0
1439,51,c5a19e6b-6775-4199-ba87-92e4bc9df159,128ec9c0-9293-4d2f-bf04-855a76e8dbe0
1440,51,7d6e3d38-aa60-440e-9307-16b8b9138526,128ec9c0-9293-4d2f-bf04-855a76e8dbe0
1441,51,13b954bd-3cf1-477d-9ed0-2b13a7b1c08b,128ec9c0-9293-4d2f-bf04-855a76e8dbe0
1442,51,057cb251-f7fe-4e44-a7db-c911f1168c1f,128ec9c0-9293-4d2f-bf04-855a76e8dbe0
1443,51,025fefea-7a01-4c3a-992a-7e75df460a18,128ec9c0-9293-4d2f-bf04-855a76e8dbe0
1445,35,20cedc20-fb5e-402b-a2bf-9f948aabebd7,4e44d169-1292-4d6e-b5b9-fddc14fbbcdc
1446,51,7e56bcec-294c-4c9f-b99a-7e4235676f24,128ec9c0-9293-4d2f-bf04-855a76e8dbe0
1446,55,7e56bcec-294c-4c9f-b99a-7e4235676f24,270ebc71-de8e-476e-9eaf-4d3a9ac687da
1447,51,4bce0fe9-5f22-486b-8ed6-dab208ff0515,128ec9c0-9293-4d2f-bf04-855a76e8dbe0
1447,89,4bce0fe9-5f22-486b-8ed6-dab208ff0515,d66c728d-eb3c-4695-a4d2-3f77f8a5ca59
1448,140,d9027141-8573-481a-80be-404730f793ce,deabd6e3-9c2d-4a79-afef-942da4b9550d
1449,35,84798aa4-2ef6-4285-80cc-a263c21945b6,4e44d169-1292-4d6e-b5b9-fddc14fbbcdc
1449,51,84798aa4-2ef6-4285-80cc-a263c21945b6,128ec9c0-9293-4d2f-bf04-855a76e8dbe0
1450,18,6c7db0a3-fc8f-41e8-b95b-b12c72ad88d4,9cdfa3f7-a653-43e7-94a8-b666f2d68914
1451,94,f89038f2-4b1c-476d-a0d5-c0e35c873393,25006cc4-a12b-4570-918f-78a97dca46a3
1452,7,c5ed5ec8-f852-439e-a617-1b405c8812f4,33d16719-b10d-4ec8-becd-4c3fe7c0411e
1452,94,c5ed5ec8-f852-439e-a617-1b405c8812f4,25006cc4-a12b-4570-918f-78a97dca46a3
1453,94,742756a4-ca3e-4c34-ba63-2c0f6637778f,25006cc4-a12b-4570-918f-78a97dca46a3
1455,51,a53109a5-0e4d-49af-bee4-64f701a7304b,128ec9c0-9293-4d2f-bf04-855a76e8dbe0
1456,51,1f812afe-6eac-4312-b325-99418b7afe53,128ec9c0-9293-4d2f-bf04-855a76e8dbe0
1457,35,18f8f9d8-eb4e-404a-9188-dda5ae5f17c0,4e44d169-1292-4d6e-b5b9-fddc14fbbcdc
1458,35,135d87e6-b11c-46a4-b2c9-6e89612b3cc1,4e44d169-1292-4d6e-b5b9-fddc14fbbcdc
1459,51,a82d5f83-7686-4f39-a77a-bbae36623ad4,128ec9c0-9293-4d2f-bf04-855a76e8dbe0
1459,65,a82d5f83-7686-4f39-a77a-bbae36623ad4,a6aee757-29b0-4e74-9367-7fb4b8078626
1460,56,00491260-edb4-4202-b9ef-e46a57e871dc,fe758c24-6a48-4f9c-8424-ea1956da1ac4
1461,56,2546c794-a5f6-469c-8254-ea5b86d8791b,fe758c24-6a48-4f9c-8424-ea1956da1ac4
1462,40,1375b273-3606-4026-9f6a-9706d11ba030,4fa23b9d-0f0a-49a5-848f-591e23711c37
1462,55,1375b273-3606-4026-9f6a-9706d11ba030,270ebc71-de8e-476e-9eaf-4d3a9ac687da
1463,55,66eb680b-4d32-4cff-bfac-70e09082a9e6,270ebc71-de8e-476e-9eaf-4d3a9ac687da
1464,51,c12b9e1d-ea78-44f7-8802-3538fe7afd95,128ec9c0-9293-4d2f-bf04-855a76e8dbe0
1465,51,c5e4324d-b457-4798-90c5-837d60a80fdf,128ec9c0-9293-4d2f-bf04-855a76e8dbe0
1466,51,f83fa023-bb59-4cbf-b59b-e63519cb4bc3,128ec9c0-9293-4d2f-bf04-855a76e8dbe0
1468,51,41200efb-6dcb-4ca8-8a04-1652db0b7e00,128ec9c0-9293-4d2f-bf04-855a76e8dbe0
1472,26,a2f2497d-af42-49a4-9e85-d2ef5dd0e8b5,5db38fdd-3b64-4392-9002-ce7512bf3ceb
1473,26,0b008316-e92f-4f5e-bdc2-b18fd5ccc913,5db38fdd-3b64-4392-9002-ce7512bf3ceb
1474,26,0d45d34e-486c-4eaa-801e-fa0ada381985,5db38fdd-3b64-4392-9002-ce7512bf3ceb
1475,26,bafb9e28-0f3e-4cbb-8859-52abccc2067c,5db38fdd-3b64-4392-9002-ce7512bf3ceb
1476,26,c58ec47f-6f69-462c-9933-1e9e8f74eb4c,5db38fdd-3b64-4392-9002-ce7512bf3ceb
1477,26,d152898d-71b9-4dc1-9fb2-8d092051f791,5db38fdd-3b64-4392-9002-ce7512bf3ceb
1478,26,6e6a1c08-fc4d-475a-90e1-b9c1c9e19505,5db38fdd-3b64-4392-9002-ce7512bf3ceb
1479,26,156c5539-aa9f-43f1-acab-f35e5fc4a66a,5db38fdd-3b64-4392-9002-ce7512bf3ceb
1480,94,af433661-f77d-491f-8f64-d8d6440638fa,25006cc4-a12b-4570-918f-78a97dca46a3
1481,94,178f3afe-2a5f-4f41-8cc7-cb41fb3dd529,25006cc4-a12b-4570-918f-78a97dca46a3
1486,51,17d0bbbc-3022-459e-869d-3c0d3cbfd207,128ec9c0-9293-4d2f-bf04-855a76e8dbe0
1487,94,5d579bf5-e001-4ffd-bf91-ab7a44c9611e,25006cc4-a12b-4570-918f-78a97dca46a3
1489,51,b3f84392-9d2d-4ff4-abc6-22face0d6e5d,128ec9c0-9293-4d2f-bf04-855a76e8dbe0
1489,137,b3f84392-9d2d-4ff4-abc6-22face0d6e5d,3387e5b6-d36d-4475-8b34-e918249b7474
1490,51,2caea920-ed0e-4986-ae7f-13e7cde117a3,128ec9c0-9293-4d2f-bf04-855a76e8dbe0
1491,51,4480e0d5-5e0a-4178-aa61-dbe1d62f3b7c,128ec9c0-9293-4d2f-bf04-855a76e8dbe0
1492,51,de475485-f60c-442e-9334-4fad3958c264,128ec9c0-9293-4d2f-bf04-855a76e8dbe0
1493,51,de1e050f-4483-41e5-89e5-8d9e1ca9f370,128ec9c0-9293-4d2f-bf04-855a76e8dbe0
1494,137,2e1af169-2785-4d8f-a408-d03a2a6c1e55,3387e5b6-d36d-4475-8b34-e918249b7474
1495,94,4a48f961-4dba-4117-b0a8-50bb01b251b4,25006cc4-a12b-4570-918f-78a97dca46a3
1496,94,bd284b06-205e-4292-99dd-1c532a844ffb,25006cc4-a12b-4570-918f-78a97dca46a3
1497,94,f077e1d0-854b-46b2-bca8-64845a8c21ea,25006cc4-a12b-4570-918f-78a97dca46a3
1498,94,a9d6db54-cce6-42e3-bf37-64df41813667,25006cc4-a12b-4570-918f-78a97dca46a3
1499,94,0ea859cf-a257-4edd-91f4-a6bbf8b71ad1,25006cc4-a12b-4570-918f-78a97dca46a3
1500,94,92489e1a-2bb6-4811-80ab-b628050fddd8,25006cc4-a12b-4570-918f-78a97dca46a3
1501,94,5fadc341-35d2-47a6-a0a0-48acc401cf2c,25006cc4-a12b-4570-918f-78a97dca46a3
1502,94,ec276168-fffa-4999-8258-cd9a0872f897,25006cc4-a12b-4570-918f-78a97dca46a3
1503,94,f386e23b-6605-4ba8-abfa-b5f7f64be85b,25006cc4-a12b-4570-918f-78a97dca46a3
1504,51,c0869ab6-a2e4-4268-a308-4d26e839a4af,128ec9c0-9293-4d2f-bf04-855a76e8dbe0
1505,51,9853cfae-c70e-4809-8d86-abafc581cc52,128ec9c0-9293-4d2f-bf04-855a76e8dbe0
1506,51,3478713b-2fa8-4def-942b-1660a92d51e1,128ec9c0-9293-4d2f-bf04-855a76e8dbe0
1507,51,57df49cf-56a7-4c62-9a1f-e1b8cabdea19,128ec9c0-9293-4d2f-bf04-855a76e8dbe0
1508,51,811d9bf3-f89e-40cc-b19f-d01b6352aa49,128ec9c0-9293-4d2f-bf04-855a76e8dbe0
1509,51,d6535429-cf16-4da6-b219-ab891d347587,128ec9c0-9293-4d2f-bf04-855a76e8dbe0
1510,94,f4409bfa-7505-47d2-ae6a-4fec06d90156,25006cc4-a12b-4570-918f-78a97dca46a3
1511,51,a69b7ba5-89d1-4f65-b0e7-873e87f9671c,128ec9c0-9293-4d2f-bf04-855a76e8dbe0
1512,51,f3e4d62f-5081-40d2-9b6e-7fae698dbdf2,128ec9c0-9293-4d2f-bf04-855a76e8dbe0
1513,51,8b505abd-0d83-44a3-ad74-f68a301bc88b,128ec9c0-9293-4d2f-bf04-855a76e8dbe0
1514,51,ef5fa121-7c40-47e8-9b1f-21f0aa3e5251,128ec9c0-9293-4d2f-bf04-855a76e8dbe0
1515,137,dbbc8190-2a1b-4d9e-95e3-c72f27394025,3387e5b6-d36d-4475-8b34-e918249b7474
1516,51,cf69a2c0-0784-4b44-be33-ac22999ace64,128ec9c0-9293-4d2f-bf04-855a76e8dbe0
1517,51,103a3b7c-f5b8-46d7-8438-095661ebc1a6,128ec9c0-9293-4d2f-bf04-855a76e8dbe0
1518,51,f224a6f5-56d1-45c1-9a8d-4ec11a26f2a5,128ec9c0-9293-4d2f-bf04-855a76e8dbe0
1519,40,59e1be30-225e-4ae6-8701-c9b2c79d51c2,4fa23b9d-0f0a-49a5-848f-591e23711c37
1520,51,07d0e909-9ac1-4d1b-b879-384868f0a273,128ec9c0-9293-4d2f-bf04-855a76e8dbe0
1521,51,7d9d5dcd-98b4-4a3b-8cdc-6397cb30cab5,128ec9c0-9293-4d2f-bf04-855a76e8dbe0
1522,40,5683d7e8-f5d3-426d-8610-cdeef8576563,4fa23b9d-0f0a-49a5-848f-591e23711c37
1523,40,54d29132-01d7-4fbb-9f13-ae35157c85e2,4fa23b9d-0f0a-49a5-848f-591e23711c37
1524,40,f58d1f42-22eb-4359-8067-bda7ee74469d,4fa23b9d-0f0a-49a5-848f-591e23711c37
1525,40,1e9dd292-cb4f-4a46-9c2b-84a44ec53268,4fa23b9d-0f0a-49a5-848f-591e23711c37
1526,40,18fe1990-0c9b-437c-8769-0363137ba1e9,4fa23b9d-0f0a-49a5-848f-591e23711c37
1527,40,eb3772db-57cc-495f-b7e8-548b910ecb46,4fa23b9d-0f0a-49a5-848f-591e23711c37
1528,51,699d6118-2ec2-465c-ba13-fff77605cbfd,128ec9c0-9293-4d2f-bf04-855a76e8dbe0
1529,51,8f2378e5-e847-4124-8050-079a190ae8b3,128ec9c0-9293-4d2f-bf04-855a76e8dbe0
1530,51,be75b64c-b47c-46eb-bfcc-c83017b2bd8c,128ec9c0-9293-4d2f-bf04-855a76e8dbe0
1531,51,736c0d66-95cb-450c-abf6-406c71b8ffc2,128ec9c0-9293-4d2f-bf04-855a76e8dbe0
1532,51,b187826d-bf24-43d1-ab91-8107bb0c55e3,128ec9c0-9293-4d2f-bf04-855a76e8dbe0
1533,51,b59c1f19-6498-4f2f-866f-e8e721c92d98,128ec9c0-9293-4d2f-bf04-855a76e8dbe0
1534,40,1e907639-e0f4-481b-bf1c-0f716885cb94,4fa23b9d-0f0a-49a5-848f-591e23711c37
1535,40,7984973f-8f26-409b-bf90-06975598fce4,4fa23b9d-0f0a-49a5-848f-591e23711c37
1536,40,930bbded-2e8d-48d5-9daa-b900f0e0239e,4fa23b9d-0f0a-49a5-848f-591e23711c37
1537,40,313b94fe-b722-4828-8744-e94dbd29b30a,4fa23b9d-0f0a-49a5-848f-591e23711c37
1538,40,3443511c-4c3e-4499-b4c6-4027bb2c8768,4fa23b9d-0f0a-49a5-848f-591e23711c37
1539,40,c9b7a2d7-9234-405f-8e82-0d036ab3e9d5,4fa23b9d-0f0a-49a5-848f-591e23711c37
1543,35,d2363bd8-a2d5-46f5-8b80-ea40f7e8ceee,4e44d169-1292-4d6e-b5b9-fddc14fbbcdc
1544,51,0f1fcaed-5278-4f12-ad61-3ed91c4dfed6,128ec9c0-9293-4d2f-bf04-855a76e8dbe0
1545,51,d8f24a24-995b-4839-8925-804acef85fe8,128ec9c0-9293-4d2f-bf04-855a76e8dbe0
1546,51,babdbfbe-3ae7-42e1-97a1-cb8dde0a428f,128ec9c0-9293-4d2f-bf04-855a76e8dbe0
1547,51,770df001-4e9d-488b-bfa0-6eef5e23d8ad,128ec9c0-9293-4d2f-bf04-855a76e8dbe0
1548,51,248441d4-aa88-4b4a-b8b0-8c1d2114afa9,128ec9c0-9293-4d2f-bf04-855a76e8dbe0
1549,51,71e9ded1-919e-4504-b948-503128e55e5d,128ec9c0-9293-4d2f-bf04-855a76e8dbe0
1550,94,a9bc7ef7-e904-40cd-99af-74c9315d144f,25006cc4-a12b-4570-918f-78a97dca46a3
1551,94,38617715-378c-4cce-82a4-4a722e1dc6fd,25006cc4-a12b-4570-918f-78a97dca46a3
1552,94,c64a2c76-d2c6-4b70-b007-c1b223e3dbbc,25006cc4-a12b-4570-918f-78a97dca46a3
1553,94,6020287d-b76c-47d7-934f-6c9fd887822d,25006cc4-a12b-4570-918f-78a97dca46a3
1554,94,48868508-334d-4fb9-a1ce-4b3d73d2528a,25006cc4-a12b-4570-918f-78a97dca46a3
1555,51,77649a55-15f2-412b-a65e-7d05c4cea6b1,128ec9c0-9293-4d2f-bf04-855a76e8dbe0
1556,56,08eae1b9-9c6a-41fe-8fbd-4d615e5a39e7,fe758c24-6a48-4f9c-8424-ea1956da1ac4
1557,56,725164f4-c796-4938-9464-31736e37c37c,fe758c24-6a48-4f9c-8424-ea1956da1ac4
1558,56,ad8b3e1a-b06b-4162-8191-571279f14d05,fe758c24-6a48-4f9c-8424-ea1956da1ac4
1559,94,48c5c56d-c177-4c1c-b7e8-9a2003f47ee3,25006cc4-a12b-4570-918f-78a97dca46a3
1561,94,a2bb7498-ab5a-4220-8739-90065314acc2,25006cc4-a12b-4570-918f-78a97dca46a3
1562,94,538080ab-5ba7-45b1-9acc-2c20413e0fc3,25006cc4-a12b-4570-918f-78a97dca46a3
1563,94,356246c7-7017-4587-a1e0-ed8d6efc35f7,25006cc4-a12b-4570-918f-78a97dca46a3
1564,94,c0b32dcd-5190-4c12-bb74-3e53d754f51b,25006cc4-a12b-4570-918f-78a97dca46a3
1565,35,45cab1f5-4b29-40b1-89e3-9a8c0941eb35,4e44d169-1292-4d6e-b5b9-fddc14fbbcdc
1566,51,2ad7474f-c2f4-4b84-90d8-9735a9aefe5d,128ec9c0-9293-4d2f-bf04-855a76e8dbe0
1567,51,2aebd6ff-940a-435f-84a0-b51ba7350958,128ec9c0-9293-4d2f-bf04-855a76e8dbe0
1568,51,484f89d6-bd9e-47ea-aae2-8895c8360e13,128ec9c0-9293-4d2f-bf04-855a76e8dbe0
1569,51,6e98aef4-5f3f-4078-9b86-87a9378fc7ee,128ec9c0-9293-4d2f-bf04-855a76e8dbe0
1570,51,3dd5527e-d94c-44e7-9445-70221e65b0f5,128ec9c0-9293-4d2f-bf04-855a76e8dbe0
1571,51,f92c86d7-16a0-41d6-bd11-692740bd7c04,128ec9c0-9293-4d2f-bf04-855a76e8dbe0
1572,34,294f8550-beb5-44d7-94e3-70c8c4434635,db5c71e1-57ef-4e4d-b808-9c9c6d40f47f
1573,94,65e9db3f-0167-4fff-aec2-271473697ddf,25006cc4-a12b-4570-918f-78a97dca46a3
1574,137,61a59cdd-4b28-40cf-8139-b256af49e6ba,3387e5b6-d36d-4475-8b34-e918249b7474
1576,40,a0a2a0fc-287f-48c2-9765-baaa83567504,4fa23b9d-0f0a-49a5-848f-591e23711c37
1577,40,69f722df-53a7-404b-96d3-e50bda904cd6,4fa23b9d-0f0a-49a5-848f-591e23711c37
1580,51,b0b700e6-80bf-46f1-81ec-ea14cfea9271,128ec9c0-9293-4d2f-bf04-855a76e8dbe0
1581,51,937080f8-d7d8-4bf4-b096-ab6b1dd1a2d8,128ec9c0-9293-4d2f-bf04-855a76e8dbe0
1582,51,25bd0e01-b2b9-4549-8e8f-ebb7ab402c61,128ec9c0-9293-4d2f-bf04-855a76e8dbe0
1583,51,06712ab8-1110-40e2-8db9-7677965bd346,128ec9c0-9293-4d2f-bf04-855a76e8dbe0
1584,51,8415d1b0-f5de-419f-b0c5-aaa433da2204,128ec9c0-9293-4d2f-bf04-855a76e8dbe0
1585,51,e4370f3c-8196-4da1-8436-fb42da758fdd,128ec9c0-9293-4d2f-bf04-855a76e8dbe0
1586,137,7c75e62d-dabc-4797-ba47-93ba2a5f8302,3387e5b6-d36d-4475-8b34-e918249b7474
1588,35,ad08fd56-45b0-468e-aee6-69a31fdcc942,4e44d169-1292-4d6e-b5b9-fddc14fbbcdc
1590,26,f5a2f498-3a84-4e0e-ad5e-e9cc96fdb8a5,5db38fdd-3b64-4392-9002-ce7512bf3ceb
1591,26,97f16670-e98e-4159-9445-ca7b003a43d7,5db38fdd-3b64-4392-9002-ce7512bf3ceb
1592,26,e7b0b1f6-7fe9-43e5-8b1a-ec07efc2380e,5db38fdd-3b64-4392-9002-ce7512bf3ceb
1593,26,08476a5b-b59a-442c-85da-6e44973a3ad2,5db38fdd-3b64-4392-9002-ce7512bf3ceb
1594,26,3d094c33-3b44-4dbf-b8da-4dcea9b5ee94,5db38fdd-3b64-4392-9002-ce7512bf3ceb
1595,26,c439390d-fc4d-48c1-826a-cdf5ff5728cb,5db38fdd-3b64-4392-9002-ce7512bf3ceb
1596,26,2c2fd973-d4f0-4d6f-81df-55f1c52c750e,5db38fdd-3b64-4392-9002-ce7512bf3ceb
1597,26,08121b24-2caf-4624-8dac-3df3b01e4480,5db38fdd-3b64-4392-9002-ce7512bf3ceb
1598,26,1b3556e0-a2c0-4359-9b55-7bde4e82c887,5db38fdd-3b64-4392-9002-ce7512bf3ceb
1599,26,e7d4ecc9-0be8-4f4e-a50b-2684c91d0d84,5db38fdd-3b64-4392-9002-ce7512bf3ceb
1600,26,548e6551-d74e-4829-a4be-081e8ae625e4,5db38fdd-3b64-4392-9002-ce7512bf3ceb
1601,40,845b8a61-aa3d-4775-bb12-971f617b9408,4fa23b9d-0f0a-49a5-848f-591e23711c37
1602,26,c055fe89-1315-4cc7-a690-5595b0b74396,5db38fdd-3b64-4392-9002-ce7512bf3ceb
1603,26,e22ab732-04f8-47b7-ab70-29f2ba4b5f6a,5db38fdd-3b64-4392-9002-ce7512bf3ceb
1604,26,6a9ba710-7b8c-4687-865a-47fa06043902,5db38fdd-3b64-4392-9002-ce7512bf3ceb
1605,26,8f58ea8d-2de1-4bc1-b0dc-bb1c12418e77,5db38fdd-3b64-4392-9002-ce7512bf3ceb
1608,51,1d4770a0-9980-4501-ba5a-cb93bba14db6,128ec9c0-9293-4d2f-bf04-855a76e8dbe0
1610,51,89702e85-ac64-48d4-8e43-cb3d988f1894,128ec9c0-9293-4d2f-bf04-855a76e8dbe0
1610,109,89702e85-ac64-48d4-8e43-cb3d988f1894,564888a3-9c45-45fe-a75d-22f142fe28c1
1611,109,eaec4e9b-f568-4aef-b797-08412c0cb630,564888a3-9c45-45fe-a75d-22f142fe28c1
1612,26,e014d13d-b658-4e97-be34-c66ab1e5c3b7,5db38fdd-3b64-4392-9002-ce7512bf3ceb
1613,26,fa2208a6-473a-4485-9275-b38b4f0ebc17,5db38fdd-3b64-4392-9002-ce7512bf3ceb
1615,26,ea6545ed-454a-47ec-82a2-bd825d54f580,5db38fdd-3b64-4392-9002-ce7512bf3ceb
1616,26,13d5e4fd-94f6-4669-a594-55b95f013068,5db38fdd-3b64-4392-9002-ce7512bf3ceb
1617,26,1cd5dc64-f175-4d94-bda3-8d04e2532025,5db38fdd-3b64-4392-9002-ce7512bf3ceb
1618,26,2fdcf02f-6356-433c-93a8-39d40bd752eb,5db38fdd-3b64-4392-9002-ce7512bf3ceb
1619,51,539153cb-6b0b-4f2c-9088-ffdefcdee835,128ec9c0-9293-4d2f-bf04-855a76e8dbe0
1620,51,49b5d9e3-26cc-41e4-8855-29e488023b65,128ec9c0-9293-4d2f-bf04-855a76e8dbe0
1621,51,5b979231-ca4d-4159-a94a-ca8559753d83,128ec9c0-9293-4d2f-bf04-855a76e8dbe0
1623,51,d45a6b0c-d919-4090-a2e8-ac4618c0beda,128ec9c0-9293-4d2f-bf04-855a76e8dbe0
1624,40,0f68dcab-cfe5-4366-bf88-95c641894845,4fa23b9d-0f0a-49a5-848f-591e23711c37
1625,40,3f285a22-db95-45a7-b5ef-3be581cc59ea,4fa23b9d-0f0a-49a5-848f-591e23711c37
1626,40,b2a4bc2c-b093-46a8-9a1b-3463a62eb6ca,4fa23b9d-0f0a-49a5-848f-591e23711c37
1627,40,d5170d46-d7b6-4ea6-adb4-cfbac464296f,4fa23b9d-0f0a-49a5-848f-591e23711c37
1628,40,58e053ac-db4a-46f5-93ad-23664f05de2b,4fa23b9d-0f0a-49a5-848f-591e23711c37
1629,40,e8531414-aa27-47a8-a466-b53173656e88,4fa23b9d-0f0a-49a5-848f-591e23711c37
1630,40,f0fd576e-7a78-4e39-b51d-b2bf42d039f2,4fa23b9d-0f0a-49a5-848f-591e23711c37
1631,40,96d0b011-13e4-4347-b28b-16f750ba86f3,4fa23b9d-0f0a-49a5-848f-591e23711c37
1632,40,ffee1eac-9eee-4628-94ce-12a3e8ea21b1,4fa23b9d-0f0a-49a5-848f-591e23711c37
1633,40,203c52c3-d8c7-499a-b053-15809d5c9203,4fa23b9d-0f0a-49a5-848f-591e23711c37
1634,40,a83f2b9d-0115-4be2-b8ae-9420875abc35,4fa23b9d-0f0a-49a5-848f-591e23711c37
1636,40,ce261021-be58-478f-bdee-d7ef6f3f7cbf,4fa23b9d-0f0a-49a5-848f-591e23711c37
1637,40,a3c866a3-5ba4-4da7-bb0b-d4eada5dddd1,4fa23b9d-0f0a-49a5-848f-591e23711c37
1638,40,015d14d4-15af-4ffd-a81d-af493e654d19,4fa23b9d-0f0a-49a5-848f-591e23711c37
1639,40,5665393f-86a3-492e-9141-da31b49ed3aa,4fa23b9d-0f0a-49a5-848f-591e23711c37
1640,40,62e01820-0750-489a-bf2a-f7f76fe59f11,4fa23b9d-0f0a-49a5-848f-591e23711c37
1641,40,62e27370-f1f3-4151-90ed-08126987b22d,4fa23b9d-0f0a-49a5-848f-591e23711c37
1642,40,b4daa46d-9922-4e6b-b77d-64fe98598b87,4fa23b9d-0f0a-49a5-848f-591e23711c37
1643,40,1ce557d8-7e25-400f-beb0-a5a1b8f0cdb5,4fa23b9d-0f0a-49a5-848f-591e23711c37
1644,40,528ebe32-3a54-40e3-bf81-0a791db9aa98,4fa23b9d-0f0a-49a5-848f-591e23711c37
1646,40,fa0c2101-fa97-4fc7-9037-7dc16e0168fa,4fa23b9d-0f0a-49a5-848f-591e23711c37
1647,40,59210989-e87e-45db-b1e1-72f33ebda6a9,4fa23b9d-0f0a-49a5-848f-591e23711c37
1648,40,edb87109-6a12-4346-b8bf-fdebb65fcf82,4fa23b9d-0f0a-49a5-848f-591e23711c37
1649,40,db2aaa1f-417d-4de1-b258-21554740df6a,4fa23b9d-0f0a-49a5-848f-591e23711c37
1650,40,be0e04a5-e08c-42e7-bd67-3ca893b7b939,4fa23b9d-0f0a-49a5-848f-591e23711c37
1651,40,b4c02764-6032-43f3-85fd-02354d909fc9,4fa23b9d-0f0a-49a5-848f-591e23711c37
1652,40,54376f92-6a3f-44fa-870e-256c612a2a05,4fa23b9d-0f0a-49a5-848f-591e23711c37
1653,40,b3b3b27a-f231-412b-87b4-9cc36e34735a,4fa23b9d-0f0a-49a5-848f-591e23711c37
1654,40,6f24c8be-8106-4e45-ac99-298d7030e08d,4fa23b9d-0f0a-49a5-848f-591e23711c37
1655,40,d7184eb3-5e2b-431e-814a-be8ac55eeebf,4fa23b9d-0f0a-49a5-848f-591e23711c37
1656,40,0d16668e-dc7d-4ff2-bbfc-b21b1eb2b825,4fa23b9d-0f0a-49a5-848f-591e23711c37
1657,40,a74713fb-fe01-40d5-80d4-b3370fd72be1,4fa23b9d-0f0a-49a5-848f-591e23711c37
1658,40,19da5c0d-2a2f-49ad-a822-a04ae9edeb7b,4fa23b9d-0f0a-49a5-848f-591e23711c37
1659,35,be25d739-408c-47f8-8d06-ab9325061e11,4e44d169-1292-4d6e-b5b9-fddc14fbbcdc
1661,56,42798a62-44cc-451c-93b0-10de6b06ab17,fe758c24-6a48-4f9c-8424-ea1956da1ac4
1662,56,c61546cf-17bb-44b9-8023-c05c92c056ee,fe758c24-6a48-4f9c-8424-ea1956da1ac4
1663,35,e7cc2f05-12cf-4ab0-b1b7-b935745645e3,4e44d169-1292-4d6e-b5b9-fddc14fbbcdc
1664,94,cec69cbb-27ac-447d-947a-9f351f21aa93,25006cc4-a12b-4570-918f-78a97dca46a3
1665,94,ebd57799-1182-4c72-a70e-0285c4474e97,25006cc4-a12b-4570-918f-78a97dca46a3
1666,94,60cd9afb-0cd2-4aff-9e91-5c2c10663ae7,25006cc4-a12b-4570-918f-78a97dca46a3
1667,40,72516400-4d9e-41cf-80db-beeb60efcbce,4fa23b9d-0f0a-49a5-848f-591e23711c37
1668,56,006c5ddf-0d86-4298-9da9-16c6f986a5b6,fe758c24-6a48-4f9c-8424-ea1956da1ac4
1669,35,22766421-5d74-4812-81ac-92568f5dc370,4e44d169-1292-4d6e-b5b9-fddc14fbbcdc
1670,56,147a4b4a-47c8-4d92-ac52-6022a95c4925,fe758c24-6a48-4f9c-8424-ea1956da1ac4
1671,51,09164319-c084-4b7c-b738-68e698cd1bb6,128ec9c0-9293-4d2f-bf04-855a76e8dbe0
1672,40,cfc5dad1-3531-4d4c-bd3d-7f958214e33e,4fa23b9d-0f0a-49a5-848f-591e23711c37
1673,40,ea0aba46-7108-4f89-9ca8-1923d34a3f33,4fa23b9d-0f0a-49a5-848f-591e23711c37
1674,40,0b097030-e4fa-4bdf-a90b-26a99f99efc9,4fa23b9d-0f0a-49a5-848f-591e23711c37
1675,51,9a74d939-70c5-4d53-97e5-6fda312fa9fd,128ec9c0-9293-4d2f-bf04-855a76e8dbe0
1676,51,ae4c5d2d-802d-45ee-aee2-0d1b0ae771b9,128ec9c0-9293-4d2f-bf04-855a76e8dbe0
1677,35,d5513a85-bd15-4661-a740-510343ebb370,4e44d169-1292-4d6e-b5b9-fddc14fbbcdc
1679,40,4de164ac-37cf-466a-a171-7a5369fb448e,4fa23b9d-0f0a-49a5-848f-591e23711c37
1680,26,220d674e-5060-42bb-853b-6548b1084178,5db38fdd-3b64-4392-9002-ce7512bf3ceb
1681,94,ffbf5fcc-c11b-4091-9546-2d95dc032406,25006cc4-a12b-4570-918f-78a97dca46a3
1682,94,155ebe73-b1bb-4022-b332-ab1fbd0a219c,25006cc4-a12b-4570-918f-78a97dca46a3
1683,137,4a15df6c-0939-42bb-856b-0ee1777bc7c1,3387e5b6-d36d-4475-8b34-e918249b7474
1684,137,ca05e70d-220b-45c1-abe2-0b9257492fdd,3387e5b6-d36d-4475-8b34-e918249b7474
1685,137,c4230652-d5bb-480d-b5c0-7703def26d08,3387e5b6-d36d-4475-8b34-e918249b7474
1686,137,2c0f9ed9-1be3-4133-b4d0-73e69c71c615,3387e5b6-d36d-4475-8b34-e918249b7474
1687,137,f1c626ed-a011-4186-b26f-3130f380d9ff,3387e5b6-d36d-4475-8b34-e918249b7474
1688,137,7e9bfe67-b800-4d69-9e2c-ba4d5c13fd63,3387e5b6-d36d-4475-8b34-e918249b7474
1689,51,d793246d-51f3-4928-94c4-6816452583ff,128ec9c0-9293-4d2f-bf04-855a76e8dbe0
1690,137,756ca14b-ee49-43c6-a5f5-a46da0704d2a,3387e5b6-d36d-4475-8b34-e918249b7474
1691,137,3e175a09-b478-4f46-895f-02598b656225,3387e5b6-d36d-4475-8b34-e918249b7474
1692,51,32632d73-38f3-4851-be01-aabb675bbffa,128ec9c0-9293-4d2f-bf04-855a76e8dbe0
1692,137,32632d73-38f3-4851-be01-aabb675bbffa,3387e5b6-d36d-4475-8b34-e918249b7474
1693,51,276aea5a-f218-4bb6-a681-8414bda33615,128ec9c0-9293-4d2f-bf04-855a76e8dbe0
1693,137,276aea5a-f218-4bb6-a681-8414bda33615,3387e5b6-d36d-4475-8b34-e918249b7474
1694,137,c0afa4d2-b632-4168-987d-9a14c4681c2c,3387e5b6-d36d-4475-8b34-e918249b7474
1695,137,dc6dbfba-dba0-4997-83f1-6f3c73e6cf5d,3387e5b6-d36d-4475-8b34-e918249b7474
1696,137,60f282c3-0f7f-4c65-9bf3-b5a088e1c5e6,3387e5b6-d36d-4475-8b34-e918249b7474
1697,137,562bd3af-9454-4583-8ba1-ba9eedd7a931,3387e5b6-d36d-4475-8b34-e918249b7474
1698,137,571e2de1-b32b-4cab-ba07-4478f378f37c,3387e5b6-d36d-4475-8b34-e918249b7474
1699,137,c6c8b1d7-1ede-4e1e-8c09-bf3327b7049d,3387e5b6-d36d-4475-8b34-e918249b7474
1700,137,a1a47f25-16b6-4b0b-a484-180142319986,3387e5b6-d36d-4475-8b34-e918249b7474
1701,137,cbbc816e-2c92-4fe0-a0f4-c881f13db81c,3387e5b6-d36d-4475-8b34-e918249b7474
1702,137,ec44478e-e532-465a-88d3-5b5a502cfcba,3387e5b6-d36d-4475-8b34-e918249b7474
1703,137,eaefa540-06fa-41d6-a5c8-acbd94af4548,3387e5b6-d36d-4475-8b34-e918249b7474
1704,109,1a74f34b-9ccb-4083-bc08-50ecc43c18ff,564888a3-9c45-45fe-a75d-22f142fe28c1
1705,51,314e61e9-5bb3-45c4-afe1-925bcf4c6c6d,128ec9c0-9293-4d2f-bf04-855a76e8dbe0
1706,51,bb273bc9-7a5e-4526-bf92-11e6f199600b,128ec9c0-9293-4d2f-bf04-855a76e8dbe0
1707,51,0ff02c46-acac-4427-b02b-8e7844369bc7,128ec9c0-9293-4d2f-bf04-855a76e8dbe0
1708,51,db02dba7-809b-45cb-b99b-5ed07bf9898a,128ec9c0-9293-4d2f-bf04-855a76e8dbe0
1709,51,09efb6e4-ccb4-4ab4-bb3d-fe3157eb859e,128ec9c0-9293-4d2f-bf04-855a76e8dbe0
1710,51,58a2782a-2bdb-4559-8f6d-a2219d1596a8,128ec9c0-9293-4d2f-bf04-855a76e8dbe0
1711,51,06dad814-7b8c-485f-8806-6cc204abcf62,128ec9c0-9293-4d2f-bf04-855a76e8dbe0
1712,51,366d5072-a2a0-4e71-ada2-bfc484ac298b,128ec9c0-9293-4d2f-bf04-855a76e8dbe0
1713,51,bbd40200-3472-423a-bdbb-f2412fbd6f6a,128ec9c0-9293-4d2f-bf04-855a76e8dbe0
1714,51,a22c40db-2136-4e3f-a8c0-1764caea94fa,128ec9c0-9293-4d2f-bf04-855a76e8dbe0
1715,51,2cd9a04b-283d-4800-a6c0-a4bb13822672,128ec9c0-9293-4d2f-bf04-855a76e8dbe0
1715,111,2cd9a04b-283d-4800-a6c0-a4bb13822672,accae554-284a-49d7-b402-049feab331af
1716,35,32cb065d-16cf-4efa-80b8-a756edf06f93,4e44d169-1292-4d6e-b5b9-fddc14fbbcdc
1717,94,ed805ed1-6ad3-48e0-82b3-b2a2b4650a3b,25006cc4-a12b-4570-918f-78a97dca46a3
1718,55,38def6e9-ca53-403a-b5e6-4f8865926317,270ebc71-de8e-476e-9eaf-4d3a9ac687da
1719,51,a919b06a-85a7-4ea3-aa80-d460cdacab3d,128ec9c0-9293-4d2f-bf04-855a76e8dbe0
1720,40,aa94f9ef-effb-4cd5-8751-314f153b8119,4fa23b9d-0f0a-49a5-848f-591e23711c37
1721,51,a21d1530-47f8-436e-965b-1d27eeca16ea,128ec9c0-9293-4d2f-bf04-855a76e8dbe0
1722,51,73e2f783-6aff-4bd2-af1e-2e5d92172899,128ec9c0-9293-4d2f-bf04-855a76e8dbe0
1723,128,9bc80000-b765-4f2d-b3a5-7a6d80d33a74,846904c7-46e8-42ca-919a-3c6ce92f09fe
1724,51,bd111894-7a1c-4ff4-8ab0-f331c8463638,128ec9c0-9293-4d2f-bf04-855a76e8dbe0
1725,40,357b6cfc-d396-4978-a190-b86f4bc994b2,4fa23b9d-0f0a-49a5-848f-591e23711c37
1726,51,bcf93944-5cd4-4177-ad6f-1d7babcdbe3b,128ec9c0-9293-4d2f-bf04-855a76e8dbe0
1727,51,b4543392-5392-4598-9162-f18e5d4a44b2,128ec9c0-9293-4d2f-bf04-855a76e8dbe0
1728,51,913888f9-2f4b-4a7a-992a-44e419ba6b6c,128ec9c0-9293-4d2f-bf04-855a76e8dbe0
1729,51,4fe3675b-88a9-4595-9e5f-c5b3a0db5ff9,128ec9c0-9293-4d2f-bf04-855a76e8dbe0
1730,51,943a6ee3-6797-4f81-8a58-98ea9e4e82c3,128ec9c0-9293-4d2f-bf04-855a76e8dbe0
1731,137,2e43c90d-3d0f-4eb4-bd4f-b54fac62b178,3387e5b6-d36d-4475-8b34-e918249b7474
1732,51,6190fb21-7fde-492c-ac7c-35baebe03da7,128ec9c0-9293-4d2f-bf04-855a76e8dbe0
1733,56,b4a98c66-c6a7-43a9-a604-884a8ffc7e2b,fe758c24-6a48-4f9c-8424-ea1956da1ac4
1734,137,7486d2e7-60b2-45b7-b884-78160d94211a,3387e5b6-d36d-4475-8b34-e918249b7474
1735,51,c9904690-01f7-4ad2-a863-5cb8d6f87c37,128ec9c0-9293-4d2f-bf04-855a76e8dbe0
1736,51,6e1d51e9-dce5-4b38-88f4-7fac64d8650f,128ec9c0-9293-4d2f-bf04-855a76e8dbe0
1737,26,83fcf02a-f65d-4902-9e80-421831353e43,5db38fdd-3b64-4392-9002-ce7512bf3ceb
1738,51,926d494c-c72d-4c07-b176-5d5fa33ea0f5,128ec9c0-9293-4d2f-bf04-855a76e8dbe0
1739,94,43caaccf-ad6e-4b06-9546-7f40623f0b18,25006cc4-a12b-4570-918f-78a97dca46a3
1740,94,3ba72685-2d58-40e7-bd2a-041897087e85,25006cc4-a12b-4570-918f-78a97dca46a3
1741,94,0e9ef5be-06ec-48e2-a580-0d76fc379684,25006cc4-a12b-4570-918f-78a97dca46a3
1742,94,a32fa203-e819-4da6-a419-634d6815d841,25006cc4-a12b-4570-918f-78a97dca46a3
1743,94,a43bd18b-26cd-4d76-837f-703f0aafb2f4,25006cc4-a12b-4570-918f-78a97dca46a3
1745,94,388f3803-cc66-4dd7-8cb2-142f63d0eca6,25006cc4-a12b-4570-918f-78a97dca46a3
1746,94,75b39342-f3f3-41d8-869e-545ca9f2a10a,25006cc4-a12b-4570-918f-78a97dca46a3
1748,94,287741ac-07d2-4b4f-9148-79fdfcb185fc,25006cc4-a12b-4570-918f-78a97dca46a3
1749,51,f236e30c-b045-4802-a854-021ba77288bc,128ec9c0-9293-4d2f-bf04-855a76e8dbe0
1750,40,c59429e8-2549-4665-a420-d3ea432d706d,4fa23b9d-0f0a-49a5-848f-591e23711c37
1751,56,55637c8b-4e8c-433f-b3ed-f238b908c327,fe758c24-6a48-4f9c-8424-ea1956da1ac4
1752,51,8441f5f9-44df-447d-b876-5201cd2363fa,128ec9c0-9293-4d2f-bf04-855a76e8dbe0
1753,35,c3b76fa9-9960-494c-a66c-e9c48683ea77,4e44d169-1292-4d6e-b5b9-fddc14fbbcdc
1754,35,45f0bf82-3af3-49e1-8ab8-58592d90cf59,4e44d169-1292-4d6e-b5b9-fddc14fbbcdc
1755,51,41e3cf39-e0a9-4ef8-93c0-b9ebe6c6c25e,128ec9c0-9293-4d2f-bf04-855a76e8dbe0
1756,55,6a9d15f7-8d8b-4b35-9bf6-b68f8930484b,270ebc71-de8e-476e-9eaf-4d3a9ac687da
1757,26,83140242-e02c-4b15-ac68-8873a6349875,5db38fdd-3b64-4392-9002-ce7512bf3ceb
1758,51,16cbb8f5-1e12-4bc9-8201-d04a44d58196,128ec9c0-9293-4d2f-bf04-855a76e8dbe0
1759,51,6401958e-8c28-4da4-84d3-c61026c94094,128ec9c0-9293-4d2f-bf04-855a76e8dbe0
1760,51,66fbdfa9-4c59-4217-870f-5acd33288858,128ec9c0-9293-4d2f-bf04-855a76e8dbe0
1761,40,6a187daa-3b58-4f1c-b1b9-a3c9a53029e9,4fa23b9d-0f0a-49a5-848f-591e23711c37
1762,82,10ba0cec-3b23-4ad9-8e30-aa21efdae6c2,b4fdee65-3eb6-4778-bb61-a692022ef406
1763,51,3bdce19c-1fa2-4a0d-b3d2-6eb2f0dc9fb4,128ec9c0-9293-4d2f-bf04-855a76e8dbe0
1763,82,3bdce19c-1fa2-4a0d-b3d2-6eb2f0dc9fb4,b4fdee65-3eb6-4778-bb61-a692022ef406
1764,35,3987f098-577d-426c-992f-4493246e5704,4e44d169-1292-4d6e-b5b9-fddc14fbbcdc
1765,51,01566ba0-5aed-4777-a434-5efddfe1dd7b,128ec9c0-9293-4d2f-bf04-855a76e8dbe0
1766,51,c980192f-3967-4cf2-90a7-e8f93f5cd405,128ec9c0-9293-4d2f-bf04-855a76e8dbe0
1767,51,d6ec7828-c258-4778-9d1f-d414db896fe7,128ec9c0-9293-4d2f-bf04-855a76e8dbe0
1768,51,c988a24e-58fd-458f-bd85-d5bdcd705100,128ec9c0-9293-4d2f-bf04-855a76e8dbe0
1769,51,fdecd702-fad5-4507-bcbf-cd75bfee744c,128ec9c0-9293-4d2f-bf04-855a76e8dbe0
1771,82,326b7969-9a03-4a76-8706-004b544ed496,b4fdee65-3eb6-4778-bb61-a692022ef406
1772,82,8458336f-5293-466b-b205-28772659fbb5,b4fdee65-3eb6-4778-bb61-a692022ef406
1773,82,45a94a9b-38a3-42c5-9dd0-433fa0a08437,b4fdee65-3eb6-4778-bb61-a692022ef406
1775,82,245d0e51-613d-4ad3-9614-ed0e996aa018,b4fdee65-3eb6-4778-bb61-a692022ef406
1776,82,b2e9251c-5799-4e1f-9377-622d80ab3160,b4fdee65-3eb6-4778-bb61-a692022ef406
1777,82,2e249d77-dd0e-4aaa-900d-f52dda820fec,b4fdee65-3eb6-4778-bb61-a692022ef406
1779,82,9cfe92c9-9509-4ef5-82d5-8c65ea7707ed,b4fdee65-3eb6-4778-bb61-a692022ef406
1780,82,79826471-be96-4fba-87ea-583d4eb9bf28,b4fdee65-3eb6-4778-bb61-a692022ef406
1781,51,d30900b4-229f-4d07-80c4-f0e5e15072ab,128ec9c0-9293-4d2f-bf04-855a76e8dbe0
1781,54,d30900b4-229f-4d07-80c4-f0e5e15072ab,3a139f20-24d4-4560-a938-b4afe35ed51f
1782,64,9063b493-8d10-4cab-8423-e27b18c10161,1e85dcaf-bd03-48dc-98bd-73e2e2779c7b
1783,51,e589bf20-9cf9-4ce9-a0b8-44e85fe80708,128ec9c0-9293-4d2f-bf04-855a76e8dbe0
1784,51,f1a481ca-8561-483a-a258-22910aae56d9,128ec9c0-9293-4d2f-bf04-855a76e8dbe0
1784,76,f1a481ca-8561-483a-a258-22910aae56d9,3ba0beb3-e0ff-4052-8eb1-78652a0e3ba2
1786,40,ceeb41cd-f687-4e16-b0d1-d2b3ff84c712,4fa23b9d-0f0a-49a5-848f-591e23711c37
1787,51,68bcf2d3-3e38-4d69-952e-6942ccc96f8f,128ec9c0-9293-4d2f-bf04-855a76e8dbe0
1787,67,68bcf2d3-3e38-4d69-952e-6942ccc96f8f,21d18762-d7d2-4ce4-a7b4-ea2efcbc1e17
1788,137,50ebd4d8-85c7-4d3f-a3f2-06f72f6f43da,3387e5b6-d36d-4475-8b34-e918249b7474
1789,51,5c2a5391-8947-4e28-b5a8-ec145a3c937e,128ec9c0-9293-4d2f-bf04-855a76e8dbe0
1790,35,77f135e2-5191-41b8-a2e2-6cbb252c8fc0,4e44d169-1292-4d6e-b5b9-fddc14fbbcdc
1791,51,044b1bb7-b564-4046-a27f-bfbd641b4189,128ec9c0-9293-4d2f-bf04-855a76e8dbe0
1792,51,64226d97-22d5-4392-ac2b-ff20094acd78,128ec9c0-9293-4d2f-bf04-855a76e8dbe0
1793,51,799342fa-80ec-443c-b6d0-4878d125a289,128ec9c0-9293-4d2f-bf04-855a76e8dbe0
1794,51,48943f52-5417-46bd-b324-24edb27d051c,128ec9c0-9293-4d2f-bf04-855a76e8dbe0
1795,51,d3a3b751-7cfd-4b33-bc4d-680368ab4d6f,128ec9c0-9293-4d2f-bf04-855a76e8dbe0
1797,40,d2fe839b-356e-4b18-b358-1296cbb87fec,4fa23b9d-0f0a-49a5-848f-591e23711c37
1797,137,d2fe839b-356e-4b18-b358-1296cbb87fec,3387e5b6-d36d-4475-8b34-e918249b7474
1798,40,febfd6bf-3e4a-46d9-a6f9-03d12ce2b649,4fa23b9d-0f0a-49a5-848f-591e23711c37
1798,137,febfd6bf-3e4a-46d9-a6f9-03d12ce2b649,3387e5b6-d36d-4475-8b34-e918249b7474
1800,26,45502eac-a0e4-4f44-aa9d-11544e3b554a,5db38fdd-3b64-4392-9002-ce7512bf3ceb
1800,51,45502eac-a0e4-4f44-aa9d-11544e3b554a,128ec9c0-9293-4d2f-bf04-855a76e8dbe0
1801,109,bd64c0dc-d98b-40b4-a437-85d0c9c042cb,564888a3-9c45-45fe-a75d-22f142fe28c1
1802,23,409c7a7e-02ba-4d1f-9592-986585ec0ffb,b933ec53-1f11-4e21-a043-67a2419ee067
1802,139,409c7a7e-02ba-4d1f-9592-986585ec0ffb,2e5acb96-569b-439b-b810-4108d057b544
1802,140,409c7a7e-02ba-4d1f-9592-986585ec0ffb,deabd6e3-9c2d-4a79-afef-942da4b9550d
1803,137,5b014a52-1898-4309-96f2-156c3a571200,3387e5b6-d36d-4475-8b34-e918249b7474
1804,35,c88f5a20-59c3-497b-bdc0-11e48212ee1b,4e44d169-1292-4d6e-b5b9-fddc14fbbcdc
1805,137,540cef04-8077-4d5a-b9dc-476e8dfef5d3,3387e5b6-d36d-4475-8b34-e918249b7474
1806,137,0e4b1ad0-90ec-4342-8864-18abbaf750f3,3387e5b6-d36d-4475-8b34-e918249b7474
1807,51,3a13b65b-41df-4e49-b238-ac942a6d3510,128ec9c0-9293-4d2f-bf04-855a76e8dbe0
1808,51,93ca6efb-35a1-4ca1-9efc-3aa79ef8f87d,128ec9c0-9293-4d2f-bf04-855a76e8dbe0
1809,51,b90546fb-33de-4c18-bea1-f6e84975eca0,128ec9c0-9293-4d2f-bf04-855a76e8dbe0
1810,51,edaf6121-c967-4c18-b3e5-6d1cea5d5c86,128ec9c0-9293-4d2f-bf04-855a76e8dbe0
1811,34,9850b7f1-ee6e-462b-a9d2-3b5a670555c4,db5c71e1-57ef-4e4d-b808-9c9c6d40f47f
1811,51,9850b7f1-ee6e-462b-a9d2-3b5a670555c4,128ec9c0-9293-4d2f-bf04-855a76e8dbe0
1812,35,be30f36e-e928-4ee2-9857-2c5c51297592,4e44d169-1292-4d6e-b5b9-fddc14fbbcdc
1813,51,54e509ee-50af-4602-8da3-fa2091eb8837,128ec9c0-9293-4d2f-bf04-855a76e8dbe0
1814,51,4c4118b4-73d8-482f-8df4-01492a7ba4f9,128ec9c0-9293-4d2f-bf04-855a76e8dbe0
1815,51,352287f8-d420-4982-96d0-e1431f3fa623,128ec9c0-9293-4d2f-bf04-855a76e8dbe0
1816,23,63803182-13bb-4a44-ad00-c2f5f38010ad,b933ec53-1f11-4e21-a043-67a2419ee067
1816,51,63803182-13bb-4a44-ad00-c2f5f38010ad,128ec9c0-9293-4d2f-bf04-855a76e8dbe0
1816,140,63803182-13bb-4a44-ad00-c2f5f38010ad,deabd6e3-9c2d-4a79-afef-942da4b9550d
1817,26,3c5e3927-3515-41f7-8423-7bfebec799fc,5db38fdd-3b64-4392-9002-ce7512bf3ceb
1818,55,f1392d91-f1b8-49dd-a5ab-ecb12b8b163e,270ebc71-de8e-476e-9eaf-4d3a9ac687da
1819,94,061700a1-e44c-419d-baa5-95acd1ea2b73,25006cc4-a12b-4570-918f-78a97dca46a3
1820,51,9c41bd14-dec6-4878-9291-ddecfe36e490,128ec9c0-9293-4d2f-bf04-855a76e8dbe0
1821,137,019e8a31-cd90-4041-b7b3-04bd614038ae,3387e5b6-d36d-4475-8b34-e918249b7474
1822,51,5cb354bc-ee04-421e-838b-4ca6652928b0,128ec9c0-9293-4d2f-bf04-855a76e8dbe0
1823,51,3a135bb8-546b-4045-b94f-1c46a582e1f8,128ec9c0-9293-4d2f-bf04-855a76e8dbe0
1824,51,2ee758b0-527f-4bfd-80ec-df175ec05700,128ec9c0-9293-4d2f-bf04-855a76e8dbe0
1825,51,2fb101bb-66f5-45b0-9218-26521abdb184,128ec9c0-9293-4d2f-bf04-855a76e8dbe0
1826,51,c26c1648-0c3f-47e3-989f-83dd8d193130,128ec9c0-9293-4d2f-bf04-855a76e8dbe0
1827,137,0495aaff-a6a8-421a-bf7c-66eaed55d13b,3387e5b6-d36d-4475-8b34-e918249b7474
1828,51,6d2da112-3c01-4251-91e3-7988d6e97de1,128ec9c0-9293-4d2f-bf04-855a76e8dbe0
1829,51,8745cbeb-9447-4efb-9def-f853d4cf784b,128ec9c0-9293-4d2f-bf04-855a76e8dbe0
1830,51,5726baca-30c2-4122-b84b-8429cd2a1467,128ec9c0-9293-4d2f-bf04-855a76e8dbe0
1831,51,7c774634-81d8-46cb-a4b7-4dedce0a8469,128ec9c0-9293-4d2f-bf04-855a76e8dbe0
1832,51,119f576a-ed5f-4722-a151-4a663de70143,128ec9c0-9293-4d2f-bf04-855a76e8dbe0
1833,51,aaa59e19-914f-414d-8123-a971cd7a4a5a,128ec9c0-9293-4d2f-bf04-855a76e8dbe0
1834,51,a9188353-3b94-4cf4-8f8c-26826346be72,128ec9c0-9293-4d2f-bf04-855a76e8dbe0
1835,51,e0965333-11b4-476b-a59d-b933d81f6ab1,128ec9c0-9293-4d2f-bf04-855a76e8dbe0
1836,51,cf27837a-cec9-4f54-8e84-77d5a777b9d2,128ec9c0-9293-4d2f-bf04-855a76e8dbe0
1837,51,b87bc218-31c6-4277-905b-0811b8d01977,128ec9c0-9293-4d2f-bf04-855a76e8dbe0
1838,51,3ad60083-86b8-471e-8b60-24fc82fbbaca,128ec9c0-9293-4d2f-bf04-855a76e8dbe0
1839,51,9c698599-5160-46ce-9d53-9250f8179687,128ec9c0-9293-4d2f-bf04-855a76e8dbe0
1840,51,b256ee4f-6998-4eac-a0f9-9d0966ce77b1,128ec9c0-9293-4d2f-bf04-855a76e8dbe0
1841,51,430159fc-e3fb-40fc-b611-e1b8f5d748bd,128ec9c0-9293-4d2f-bf04-855a76e8dbe0
1842,51,d4858afe-438b-4d65-8e5e-19d59783a836,128ec9c0-9293-4d2f-bf04-855a76e8dbe0
1842,137,d4858afe-438b-4d65-8e5e-19d59783a836,3387e5b6-d36d-4475-8b34-e918249b7474
1843,51,0d67b6a2-c7dc-4af9-8bcc-15f66c63ae0f,128ec9c0-9293-4d2f-bf04-855a76e8dbe0
1844,94,26e75cf6-9956-4d8c-9138-6856f4688825,25006cc4-a12b-4570-918f-78a97dca46a3
1845,55,e70d881a-c577-4de7-9048-40d44473c53a,270ebc71-de8e-476e-9eaf-4d3a9ac687da
1846,94,447595b9-160b-4636-840d-15b74dabae99,25006cc4-a12b-4570-918f-78a97dca46a3
1847,51,f1cbf25e-2f41-4600-98ef-0d085037b629,128ec9c0-9293-4d2f-bf04-855a76e8dbe0
1847,137,f1cbf25e-2f41-4600-98ef-0d085037b629,3387e5b6-d36d-4475-8b34-e918249b7474
1848,51,48288b3f-b5fd-47d1-9041-d6f0be2fefde,128ec9c0-9293-4d2f-bf04-855a76e8dbe0
1848,137,48288b3f-b5fd-47d1-9041-d6f0be2fefde,3387e5b6-d36d-4475-8b34-e918249b7474
1849,51,cd1358a0-68e5-4f7c-9ffc-3440cc00fb28,128ec9c0-9293-4d2f-bf04-855a76e8dbe0
1849,166,cd1358a0-68e5-4f7c-9ffc-3440cc00fb28,dcd26af7-a25a-4ee7-9cd5-11cfd3906fa0
1850,40,7ecd549b-b5a0-4ff8-9f39-2479b6bb1df7,4fa23b9d-0f0a-49a5-848f-591e23711c37
1851,51,77aa190b-c6c3-4ac8-9a18-4959ee1308c2,128ec9c0-9293-4d2f-bf04-855a76e8dbe0
1852,51,a8d3bdc7-a4ba-45a5-b5ac-ef2d27e60143,128ec9c0-9293-4d2f-bf04-855a76e8dbe0
1853,51,461d6b6d-8ddd-41a5-ab9b-616c41faf0bc,128ec9c0-9293-4d2f-bf04-855a76e8dbe0
1854,56,dec301f6-59fe-4969-a94c-4059d5d49499,fe758c24-6a48-4f9c-8424-ea1956da1ac4
1855,51,3a61ab79-8a55-48f1-b754-a06bb38e4f2a,128ec9c0-9293-4d2f-bf04-855a76e8dbe0
1856,109,4daedeb7-b348-42ea-a9f1-2339786d7c3b,564888a3-9c45-45fe-a75d-22f142fe28c1
1857,64,a2e00013-926e-4722-a1c4-455dc4fad017,1e85dcaf-bd03-48dc-98bd-73e2e2779c7b
1858,51,3e896c8e-153f-485e-af14-4af17a3203e9,128ec9c0-9293-4d2f-bf04-855a76e8dbe0
1859,51,d703c4cf-45a9-4b28-9640-1c8f6704d67c,128ec9c0-9293-4d2f-bf04-855a76e8dbe0
1860,51,17f9a290-f079-4f32-a09f-c92ca9a28bb9,128ec9c0-9293-4d2f-bf04-855a76e8dbe0
1861,47,5195b377-67c8-4af2-b96f-a9245970df63,2872938c-9c70-477b-83c3-3fe8ba4abc89
1862,145,747948e1-e858-4f0b-ba0d-d67b02a46414,297d4d32-8572-402a-b355-667664ddfb76
1863,47,289452fb-6769-44b7-981d-4942c66fa172,2872938c-9c70-477b-83c3-3fe8ba4abc89
1863,74,289452fb-6769-44b7-981d-4942c66fa172,c0109eca-a809-467b-bfd2-3bea6f3a89f1
1863,115,289452fb-6769-44b7-981d-4942c66fa172,70f08629-bd0f-420c-95d9-6d0244c63fc2
1864,47,1ce8fe2a-1900-4a2b-b1d6-d1648c774227,2872938c-9c70-477b-83c3-3fe8ba4abc89
1864,94,1ce8fe2a-1900-4a2b-b1d6-d1648c774227,25006cc4-a12b-4570-918f-78a97dca46a3
1865,13,eac8f2a1-46b8-4665-9d37-9856e03343df,a263e7c4-1347-484f-8344-72141530517c
1866,51,d5ea6cf9-2df0-4e3a-a7be-dc9c13c0a1a2,128ec9c0-9293-4d2f-bf04-855a76e8dbe0
1867,56,392729f2-9ef9-470c-8836-d750fea6020a,fe758c24-6a48-4f9c-8424-ea1956da1ac4
1868,51,2c8a5a93-f196-4ad1-80ac-49e458d49684,128ec9c0-9293-4d2f-bf04-855a76e8dbe0
1869,51,c89e40ae-181c-4cc4-869a-5ebd1b9e8dc2,128ec9c0-9293-4d2f-bf04-855a76e8dbe0
1870,51,43cd22b8-b923-40dc-a3ec-621aa953132f,128ec9c0-9293-4d2f-bf04-855a76e8dbe0
1871,137,d100511f-ddc4-4abe-8467-4df0d01e681b,3387e5b6-d36d-4475-8b34-e918249b7474
1872,51,8eac3bc1-74e8-4871-bfbd-f4dc5d16e5d5,128ec9c0-9293-4d2f-bf04-855a76e8dbe0
1873,40,09cb5fcf-4d19-4861-82cb-fb2dbb9c4f6c,4fa23b9d-0f0a-49a5-848f-591e23711c37
1874,51,cd18c3c3-e194-463b-b4f1-7de334905d17,128ec9c0-9293-4d2f-bf04-855a76e8dbe0
1875,26,11ba86cd-cb54-4cd4-9ce4-c9bc62bbb5cf,5db38fdd-3b64-4392-9002-ce7512bf3ceb
1875,40,11ba86cd-cb54-4cd4-9ce4-c9bc62bbb5cf,4fa23b9d-0f0a-49a5-848f-591e23711c37
1876,51,4be20fef-ce2a-4175-af54-9e760db1e3ec,128ec9c0-9293-4d2f-bf04-855a76e8dbe0
1877,51,d98fa3e7-315f-45cc-a90e-3ce50ba394c2,128ec9c0-9293-4d2f-bf04-855a76e8dbe0
1878,51,8c328b26-e121-4b61-8829-40f401f7a6c0,128ec9c0-9293-4d2f-bf04-855a76e8dbe0
1879,51,4489c715-1194-4bd8-8af8-6e2da61c5260,128ec9c0-9293-4d2f-bf04-855a76e8dbe0
1881,28,48b9c037-1b08-4bd2-946b-f076d49e333d,927df241-9b2c-4a41-bbe1-d6151a413b40
1882,51,e4cab9b1-4a07-4a1a-9ea0-87280352c7ec,128ec9c0-9293-4d2f-bf04-855a76e8dbe0
1883,51,f9c0ce18-c3a3-4df6-9199-eff77ce12871,128ec9c0-9293-4d2f-bf04-855a76e8dbe0
1884,51,68c6776f-4493-417c-a926-fc20af29665e,128ec9c0-9293-4d2f-bf04-855a76e8dbe0
1885,51,1bcfa360-d2c0-48ff-8991-364acf605667,128ec9c0-9293-4d2f-bf04-855a76e8dbe0
1886,51,282a9ee5-0e3b-49e8-8722-1969d2b7c835,128ec9c0-9293-4d2f-bf04-855a76e8dbe0
1887,145,92de9b91-6218-4356-9552-474e3fe31e1f,297d4d32-8572-402a-b355-667664ddfb76
1888,145,00558396-aba4-46ae-9bc7-849f15e00126,297d4d32-8572-402a-b355-667664ddfb76
1889,51,d454fc9b-12fd-4918-8f74-615dcd03bed6,128ec9c0-9293-4d2f-bf04-855a76e8dbe0
1890,94,8ef4ec25-e42a-4f13-bf04-35b9dbce7d7b,25006cc4-a12b-4570-918f-78a97dca46a3
1891,51,9537d91c-6b6c-4b43-a34c-0755b59d1906,128ec9c0-9293-4d2f-bf04-855a76e8dbe0
1892,94,3caa1bf5-e0b5-4b5b-8171-9677222b5787,25006cc4-a12b-4570-918f-78a97dca46a3
1893,51,ef8e13b4-9543-45a3-9881-82507a207ea7,128ec9c0-9293-4d2f-bf04-855a76e8dbe0
1894,51,ff8ba64c-5dbc-4d11-9ba3-8ffb43d504f0,128ec9c0-9293-4d2f-bf04-855a76e8dbe0
1895,94,b5576bd8-5b9a-46f8-a451-d9fbecf69b8a,25006cc4-a12b-4570-918f-78a97dca46a3
1896,94,14ad8bf2-7be0-4154-b0e5-2d071b2112bb,25006cc4-a12b-4570-918f-78a97dca46a3
1897,94,0eeb407a-95d7-42de-b16f-92ed8e363fcc,25006cc4-a12b-4570-918f-78a97dca46a3
1898,94,4b8a83b6-ebf9-44ed-a1e3-d9e09f0e535a,25006cc4-a12b-4570-918f-78a97dca46a3
1899,51,cd37965c-ab1d-4903-b0f6-0ec56cc1afed,128ec9c0-9293-4d2f-bf04-855a76e8dbe0
1900,94,d40f5deb-f50b-4f6d-8258-b3e79c06dc6f,25006cc4-a12b-4570-918f-78a97dca46a3
1901,94,ad089aad-9076-4aa6-a286-e6cd18caaa03,25006cc4-a12b-4570-918f-78a97dca46a3
1902,35,bea8b07c-40f1-4eca-9854-d28dfdf31882,4e44d169-1292-4d6e-b5b9-fddc14fbbcdc
1903,94,7d8025b2-fc35-4072-9b37-a3c5e7d16d84,25006cc4-a12b-4570-918f-78a97dca46a3
1904,51,f4e6f35e-6d29-4c9a-af78-7829481a12d6,128ec9c0-9293-4d2f-bf04-855a76e8dbe0
1905,51,2b4b30c9-0b9d-42f6-9696-f99efeed6145,128ec9c0-9293-4d2f-bf04-855a76e8dbe0
1906,51,50fefc58-9dfc-4f8a-a362-8f55c5da9cbc,128ec9c0-9293-4d2f-bf04-855a76e8dbe0
1907,51,9ee6bf50-db94-4970-a38b-4fd0db96e046,128ec9c0-9293-4d2f-bf04-855a76e8dbe0
1908,51,5a73e4cd-65a8-4409-9ac4-a36e2f392224,128ec9c0-9293-4d2f-bf04-855a76e8dbe0
1909,51,3a681510-30f2-4cdb-aeb1-5569a14d33d8,128ec9c0-9293-4d2f-bf04-855a76e8dbe0
1910,51,36b7dce5-215f-4ca2-a3b9-0a90e0328d93,128ec9c0-9293-4d2f-bf04-855a76e8dbe0
1911,64,448fd9af-3b21-4896-8926-ce76b3d04710,1e85dcaf-bd03-48dc-98bd-73e2e2779c7b
1913,94,808ae75d-b1ad-44af-9cc0-15f320a3885a,25006cc4-a12b-4570-918f-78a97dca46a3
1914,94,b86fa477-c7c3-4ce9-8864-81e4fb123cc2,25006cc4-a12b-4570-918f-78a97dca46a3
1915,99,599c501d-5f8d-469e-9f01-5f54328522e9,501c6680-46c4-4dd9-8b93-998921a295d3
1916,51,ab3e75e0-198a-493b-8735-bbf961b53c96,128ec9c0-9293-4d2f-bf04-855a76e8dbe0
1917,26,a4733c0e-e7da-4698-a6bf-7b08c1984a98,5db38fdd-3b64-4392-9002-ce7512bf3ceb
1918,51,6d6b3022-f5f0-46a4-84a4-3f436fed738f,128ec9c0-9293-4d2f-bf04-855a76e8dbe0
1919,56,d14e8d13-8f5b-4156-9f71-18eb06c78fa9,fe758c24-6a48-4f9c-8424-ea1956da1ac4
1920,94,bcdbd2a1-453d-4942-b045-f8e4fe89f5ae,25006cc4-a12b-4570-918f-78a97dca46a3
1921,13,02291790-ed6f-4bf9-bb07-f073467c54d9,a263e7c4-1347-484f-8344-72141530517c
1922,13,c946c12d-e911-4bcf-87ed-b3aae783053c,a263e7c4-1347-484f-8344-72141530517c
1923,51,ee68fce4-c62c-4ad9-ba11-89d2a3c119f2,128ec9c0-9293-4d2f-bf04-855a76e8dbe0
1924,51,9c23216f-57c3-4c63-9012-0a632fbffc5e,128ec9c0-9293-4d2f-bf04-855a76e8dbe0
1925,51,ed98905b-4efe-4eaa-b344-02aefd526ffe,128ec9c0-9293-4d2f-bf04-855a76e8dbe0
1926,51,92d41dd1-90fc-471c-ad69-0f28caeea9cd,128ec9c0-9293-4d2f-bf04-855a76e8dbe0
1927,51,d07cca7a-11ec-4436-b5a9-d7aec9336fb8,128ec9c0-9293-4d2f-bf04-855a76e8dbe0
1928,94,29c411ae-869c-4ebc-b066-2fa11869dd22,25006cc4-a12b-4570-918f-78a97dca46a3
1929,56,871e8b20-f86c-45e0-8f9b-54d9429e4d06,fe758c24-6a48-4f9c-8424-ea1956da1ac4
1929,94,871e8b20-f86c-45e0-8f9b-54d9429e4d06,25006cc4-a12b-4570-918f-78a97dca46a3
1930,35,86f465cf-61db-4dc8-b135-aae0217dbb2c,4e44d169-1292-4d6e-b5b9-fddc14fbbcdc
1931,51,23c6fee1-4c75-4a80-bba2-d3875fea5281,128ec9c0-9293-4d2f-bf04-855a76e8dbe0
1932,51,9252a7c7-ceea-4fff-9d31-7e85ea2d5fc6,128ec9c0-9293-4d2f-bf04-855a76e8dbe0
1933,51,873b24b3-1afc-40fe-86a2-198d0aebd7d1,128ec9c0-9293-4d2f-bf04-855a76e8dbe0
1934,51,b8daf950-3282-4025-b396-e84c8d84adbe,128ec9c0-9293-4d2f-bf04-855a76e8dbe0
1935,51,60861c2f-d63e-4c1f-9b41-dcf4a10335c6,128ec9c0-9293-4d2f-bf04-855a76e8dbe0
1936,60,df4b909b-65ba-4b45-8ce6-621754825fe1,a0f3eb56-41fb-468a-a0fd-d4e769901f2d
1936,94,df4b909b-65ba-4b45-8ce6-621754825fe1,25006cc4-a12b-4570-918f-78a97dca46a3
1937,51,4dc01dfd-1a49-46a8-be8a-850f56621cb2,128ec9c0-9293-4d2f-bf04-855a76e8dbe0
1938,51,6e7c2aca-7c8d-46b7-b7b7-099db4a2a81b,128ec9c0-9293-4d2f-bf04-855a76e8dbe0
1939,51,fdf662df-b003-41d2-be19-357cdd50de1e,128ec9c0-9293-4d2f-bf04-855a76e8dbe0
1940,35,03669dcf-4f5a-4efb-ae0b-c92bf86c9c91,4e44d169-1292-4d6e-b5b9-fddc14fbbcdc
1941,47,ff178dfd-7006-49a6-b806-da5e31f42c47,2872938c-9c70-477b-83c3-3fe8ba4abc89
1942,51,80956068-fbe9-421e-9a7d-f87cc167c93a,128ec9c0-9293-4d2f-bf04-855a76e8dbe0
1943,51,5ffa478d-0358-48b2-8ec8-510ec3cab6e0,128ec9c0-9293-4d2f-bf04-855a76e8dbe0
1943,137,5ffa478d-0358-48b2-8ec8-510ec3cab6e0,3387e5b6-d36d-4475-8b34-e918249b7474
1944,51,51f53d30-103b-4fd1-b1e7-3401c6079e18,128ec9c0-9293-4d2f-bf04-855a76e8dbe0
1945,51,96c99a05-35c9-49a1-937f-aa1d6ae0408b,128ec9c0-9293-4d2f-bf04-855a76e8dbe0
1946,51,cbb556fc-285e-4975-b43a-1e3c45088638,128ec9c0-9293-4d2f-bf04-855a76e8dbe0
1947,51,b634d8be-07ae-4089-8a9e-80de779eed34,128ec9c0-9293-4d2f-bf04-855a76e8dbe0
1948,56,e5712b87-41d3-4abb-82a4-772e52002f7d,fe758c24-6a48-4f9c-8424-ea1956da1ac4
1949,51,49a5689a-f085-46cc-ba91-7f325871d6a5,128ec9c0-9293-4d2f-bf04-855a76e8dbe0
1950,51,03375144-1b45-4d9e-9e9b-db7570e2e2a9,128ec9c0-9293-4d2f-bf04-855a76e8dbe0
1951,51,21282200-e237-478c-a142-44b9d2c312a5,128ec9c0-9293-4d2f-bf04-855a76e8dbe0
1952,51,e3dc0a45-8445-4c82-8c79-e46a8b1df899,128ec9c0-9293-4d2f-bf04-855a76e8dbe0
1953,51,8724d3ab-95f1-45bf-91ec-67ff8874bf66,128ec9c0-9293-4d2f-bf04-855a76e8dbe0
1954,51,2b0bd1ab-b373-41fe-b3fc-f449ef90d54e,128ec9c0-9293-4d2f-bf04-855a76e8dbe0
1955,51,039f2514-d8eb-4b87-8e5f-caed1e7e99f2,128ec9c0-9293-4d2f-bf04-855a76e8dbe0
1956,51,105388de-4933-4c96-8c55-d118ca7e558a,128ec9c0-9293-4d2f-bf04-855a76e8dbe0
1957,35,4a46804d-449f-4e59-92f1-c7e34efe594a,4e44d169-1292-4d6e-b5b9-fddc14fbbcdc
1959,51,48c12d67-a236-42d6-9638-e4a7d4342f58,128ec9c0-9293-4d2f-bf04-855a76e8dbe0
1960,51,cfba92ee-c0cb-4fbd-86b3-301aa8b51fb0,128ec9c0-9293-4d2f-bf04-855a76e8dbe0
1961,51,61f612f6-eaa9-4091-ad05-bef1e68286f1,128ec9c0-9293-4d2f-bf04-855a76e8dbe0
1962,51,b29b3486-64d4-4dd9-8859-fee087a1269e,128ec9c0-9293-4d2f-bf04-855a76e8dbe0
1963,51,1cdcd205-4b7c-4ecb-ab78-19309dc0b85b,128ec9c0-9293-4d2f-bf04-855a76e8dbe0
1964,51,cc93e9c1-94df-43c8-bbc2-d43cce93e877,128ec9c0-9293-4d2f-bf04-855a76e8dbe0
1965,51,b2aee34e-d720-4d14-8a93-8d5dfb0079cc,128ec9c0-9293-4d2f-bf04-855a76e8dbe0
1966,51,acb657c4-b080-4c24-9b22-d1456f8ce525,128ec9c0-9293-4d2f-bf04-855a76e8dbe0
1967,51,27dba8fc-a377-4b6f-9b6d-2b414441f730,128ec9c0-9293-4d2f-bf04-855a76e8dbe0
1968,40,76fb6a9b-7da7-4408-b4e1-e53b2efc6371,4fa23b9d-0f0a-49a5-848f-591e23711c37
1969,47,aec3498e-b830-411d-88b3-8ac776c52f0b,2872938c-9c70-477b-83c3-3fe8ba4abc89
1970,51,901b5f62-5fcb-42fc-8a39-70586a0f58d3,128ec9c0-9293-4d2f-bf04-855a76e8dbe0
1971,48,2d27043a-6104-4a3d-b593-2c85cd9f9e53,c5b0606d-4e0c-42cb-9abd-f99bf45fe357
1972,51,82803b47-02c3-43ba-a356-13672511a335,128ec9c0-9293-4d2f-bf04-855a76e8dbe0
1973,55,082ef3ec-f2a4-4fb3-a50e-c569c55f686e,270ebc71-de8e-476e-9eaf-4d3a9ac687da
1974,94,33460202-cb52-4166-9ea6-c17e8bff1be5,25006cc4-a12b-4570-918f-78a97dca46a3
1975,51,6d310283-3be3-4800-88ba-d20bce41adfe,128ec9c0-9293-4d2f-bf04-855a76e8dbe0
1976,51,6bc37d8c-c77c-4bcf-995a-afa141ef03a1,128ec9c0-9293-4d2f-bf04-855a76e8dbe0
1977,51,d5b4f81a-6730-46f8-8de3-ececfe2c552f,128ec9c0-9293-4d2f-bf04-855a76e8dbe0
1978,51,a7b5755e-64d0-41f0-a7f9-6297e21f1f64,128ec9c0-9293-4d2f-bf04-855a76e8dbe0
1979,51,f7575c66-6938-43c6-b09f-b27f4d8eb556,128ec9c0-9293-4d2f-bf04-855a76e8dbe0
1980,51,2695115c-b25f-4011-885c-556376a198cf,128ec9c0-9293-4d2f-bf04-855a76e8dbe0
1981,51,e8c402b6-3254-409e-853f-ce3f92a14111,128ec9c0-9293-4d2f-bf04-855a76e8dbe0
1982,51,269336df-aa93-4e38-b403-1c8341677447,128ec9c0-9293-4d2f-bf04-855a76e8dbe0
1983,51,6eac7402-4354-4af9-92d1-6139c83b6e0a,128ec9c0-9293-4d2f-bf04-855a76e8dbe0
1983,137,6eac7402-4354-4af9-92d1-6139c83b6e0a,3387e5b6-d36d-4475-8b34-e918249b7474
1984,51,ab2dd19b-2668-481c-ab99-9d148314bbdd,128ec9c0-9293-4d2f-bf04-855a76e8dbe0
1984,137,ab2dd19b-2668-481c-ab99-9d148314bbdd,3387e5b6-d36d-4475-8b34-e918249b7474
1985,51,f43a8e9f-c6a9-4a37-8bc0-c88808714b29,128ec9c0-9293-4d2f-bf04-855a76e8dbe0
1985,137,f43a8e9f-c6a9-4a37-8bc0-c88808714b29,3387e5b6-d36d-4475-8b34-e918249b7474
1986,47,d90e5f00-f834-4294-8198-bb57e282cfcf,2872938c-9c70-477b-83c3-3fe8ba4abc89
1986,137,d90e5f00-f834-4294-8198-bb57e282cfcf,3387e5b6-d36d-4475-8b34-e918249b7474
1987,47,5929a2d9-64ed-4c79-a645-00ecd1151466,2872938c-9c70-477b-83c3-3fe8ba4abc89
1988,137,ffc55984-1af5-4625-8313-5a41886edfeb,3387e5b6-d36d-4475-8b34-e918249b7474
1989,51,43b3269c-02ca-4eb7-a928-91994eae1c73,128ec9c0-9293-4d2f-bf04-855a76e8dbe0
1989,137,43b3269c-02ca-4eb7-a928-91994eae1c73,3387e5b6-d36d-4475-8b34-e918249b7474
1990,51,d46ce24c-8727-4725-a099-cc33b8b6ebd8,128ec9c0-9293-4d2f-bf04-855a76e8dbe0
1990,137,d46ce24c-8727-4725-a099-cc33b8b6ebd8,3387e5b6-d36d-4475-8b34-e918249b7474
1991,51,ae650456-7149-4c0d-b96f-8a67c47f849a,128ec9c0-9293-4d2f-bf04-855a76e8dbe0
1992,47,b798ca08-c25f-4cb0-b440-4825da795a34,2872938c-9c70-477b-83c3-3fe8ba4abc89
1993,47,d9a7e05f-67ee-46d6-8e4d-4e2c92308ceb,2872938c-9c70-477b-83c3-3fe8ba4abc89
1993,137,d9a7e05f-67ee-46d6-8e4d-4e2c92308ceb,3387e5b6-d36d-4475-8b34-e918249b7474
1994,47,4fe1e160-84f9-4621-a328-8054614d159a,2872938c-9c70-477b-83c3-3fe8ba4abc89
1995,137,526070c1-4419-43ab-83c6-17070835049a,3387e5b6-d36d-4475-8b34-e918249b7474
1996,47,26bc91c6-9116-46ab-982c-b9363625e6eb,2872938c-9c70-477b-83c3-3fe8ba4abc89
1997,137,e7abf781-3e80-425a-994f-01798ea76c0a,3387e5b6-d36d-4475-8b34-e918249b7474
1998,137,4b0aa7c5-1d08-4f8a-9ab7-952114a58e6e,3387e5b6-d36d-4475-8b34-e918249b7474
1999,137,76f6d6b9-f056-4ef6-bc36-8860afe3e7e5,3387e5b6-d36d-4475-8b34-e918249b7474
2000,47,516c9461-a92f-4a6a-9732-0d92fcd6e835,2872938c-9c70-477b-83c3-3fe8ba4abc89
2001,47,d3282f87-fc83-445a-b7e6-32d848c117fe,2872938c-9c70-477b-83c3-3fe8ba4abc89
2002,13,0dc2b458-6462-4204-a87c-7371fc963f46,a263e7c4-1347-484f-8344-72141530517c
2003,47,362bf334-97fa-4717-8106-64fcd4205645,2872938c-9c70-477b-83c3-3fe8ba4abc89
2003,127,362bf334-97fa-4717-8106-64fcd4205645,a2ed7333-36c9-4d28-91d4-73b47b4e60fe
2004,47,7e60bd15-927f-4769-9f5f-8dcc3b41da48,2872938c-9c70-477b-83c3-3fe8ba4abc89
2005,51,6d61687b-86a4-495e-a487-9edd1b4732eb,128ec9c0-9293-4d2f-bf04-855a76e8dbe0
2005,137,6d61687b-86a4-495e-a487-9edd1b4732eb,3387e5b6-d36d-4475-8b34-e918249b7474
2006,35,48b7ec58-ad7b-47d4-92ba-b8889701fa6d,4e44d169-1292-4d6e-b5b9-fddc14fbbcdc
2007,51,8edf3027-bd0a-464f-81ed-648c4039e44c,128ec9c0-9293-4d2f-bf04-855a76e8dbe0
2008,51,6dab9fb6-2cda-46d6-b0ed-4601eee0b9d9,128ec9c0-9293-4d2f-bf04-855a76e8dbe0
2010,51,6ec405c7-d7b7-4381-9e50-544fb429e771,128ec9c0-9293-4d2f-bf04-855a76e8dbe0
2011,51,1648bec0-b740-45e4-b7dd-67dc5d9715bb,128ec9c0-9293-4d2f-bf04-855a76e8dbe0
2012,51,bc21deb9-fc02-43fc-9d40-11f6fa159305,128ec9c0-9293-4d2f-bf04-855a76e8dbe0
2013,51,4c0ed350-a536-4c6b-a103-1dd0b262f364,128ec9c0-9293-4d2f-bf04-855a76e8dbe0
2014,51,019a5abb-9139-4327-989a-755810e74db1,128ec9c0-9293-4d2f-bf04-855a76e8dbe0
2015,51,f2c10a15-d4cc-48cb-a97a-c261666e6814,128ec9c0-9293-4d2f-bf04-855a76e8dbe0
2016,51,ebe3d083-4936-4389-851e-583a8a0ae164,128ec9c0-9293-4d2f-bf04-855a76e8dbe0
2017,51,e2b2556c-3430-4561-9712-f110e2d3abab,128ec9c0-9293-4d2f-bf04-855a76e8dbe0
2018,51,8373abc6-2373-446a-8a93-a2193fd09d96,128ec9c0-9293-4d2f-bf04-855a76e8dbe0
2019,51,d89bd7f1-3d01-4f83-872a-9d27d8848555,128ec9c0-9293-4d2f-bf04-855a76e8dbe0
2020,51,34e392da-0b40-464e-904d-41ab5d91f096,128ec9c0-9293-4d2f-bf04-855a76e8dbe0
2021,51,d2c64626-d7e0-4ea3-ab29-6867c607abd4,128ec9c0-9293-4d2f-bf04-855a76e8dbe0
2022,51,e74e6799-a697-424d-975f-99422eb9d196,128ec9c0-9293-4d2f-bf04-855a76e8dbe0
2023,51,59c035a0-7ee6-4f4a-818d-cd1469422697,128ec9c0-9293-4d2f-bf04-855a76e8dbe0
2024,51,fbcf19d5-332b-4e24-993c-c209af07500b,128ec9c0-9293-4d2f-bf04-855a76e8dbe0
2025,51,6a7c2d48-53d3-4dd4-9622-80ea5ad46cfb,128ec9c0-9293-4d2f-bf04-855a76e8dbe0
2026,51,a2964305-c5e1-4e35-bc5c-c4923b3808c6,128ec9c0-9293-4d2f-bf04-855a76e8dbe0
2027,51,03703764-4a1f-4951-9c91-59f6844be76d,128ec9c0-9293-4d2f-bf04-855a76e8dbe0
2028,51,1709a8d2-9d54-49dc-8d52-5df89eb47f66,128ec9c0-9293-4d2f-bf04-855a76e8dbe0
2029,51,eca54128-f1b2-4115-9a50-ddeecb0cce71,128ec9c0-9293-4d2f-bf04-855a76e8dbe0
2030,40,afb6a727-c77d-4016-a810-985aa13ed382,4fa23b9d-0f0a-49a5-848f-591e23711c37
2031,26,8194635d-7230-4c66-9a71-a5fce09acb9e,5db38fdd-3b64-4392-9002-ce7512bf3ceb
2031,67,8194635d-7230-4c66-9a71-a5fce09acb9e,21d18762-d7d2-4ce4-a7b4-ea2efcbc1e17
2032,51,cc51cb0b-f86b-4519-b538-4489c7f36cbe,128ec9c0-9293-4d2f-bf04-855a76e8dbe0
2033,47,689f364e-ee85-48b0-b21b-6ea81a7f9c6d,2872938c-9c70-477b-83c3-3fe8ba4abc89
2034,51,11c1a64e-079c-41b4-9112-e78716eaf9a8,128ec9c0-9293-4d2f-bf04-855a76e8dbe0
2035,51,00a5ac90-dbc5-4cd6-8457-508f5ab8867e,128ec9c0-9293-4d2f-bf04-855a76e8dbe0
2036,94,4a21ee08-f0b0-434c-a158-7a9d95d4d9d6,25006cc4-a12b-4570-918f-78a97dca46a3
2037,51,5837d9ac-c2f8-4b41-a5d5-8e9017d6ab75,128ec9c0-9293-4d2f-bf04-855a76e8dbe0
2038,23,43276ed0-28d7-43a9-aa54-13e8c3114ba2,b933ec53-1f11-4e21-a043-67a2419ee067
2038,51,43276ed0-28d7-43a9-aa54-13e8c3114ba2,128ec9c0-9293-4d2f-bf04-855a76e8dbe0
2038,56,43276ed0-28d7-43a9-aa54-13e8c3114ba2,fe758c24-6a48-4f9c-8424-ea1956da1ac4
2038,139,43276ed0-28d7-43a9-aa54-13e8c3114ba2,2e5acb96-569b-439b-b810-4108d057b544
2038,140,43276ed0-28d7-43a9-aa54-13e8c3114ba2,deabd6e3-9c2d-4a79-afef-942da4b9550d
2039,51,bd49552b-33a4-4911-b856-74916787b724,128ec9c0-9293-4d2f-bf04-855a76e8dbe0
2040,51,0cea8086-229b-453c-93f9-560b80ca4651,128ec9c0-9293-4d2f-bf04-855a76e8dbe0
2041,51,0152d55c-ed6f-49c6-a18a-2268ec936170,128ec9c0-9293-4d2f-bf04-855a76e8dbe0
2042,51,2b6ead70-d034-4c0c-a528-f9ed347877c5,128ec9c0-9293-4d2f-bf04-855a76e8dbe0
2043,51,7dbf348b-0efc-4fa1-ba94-3899df274381,128ec9c0-9293-4d2f-bf04-855a76e8dbe0
2044,82,05b0219a-5db8-40ad-9e60-36ed393d43a3,b4fdee65-3eb6-4778-bb61-a692022ef406
2045,44,28a52552-a1eb-4f3a-ac2c-94b9977feebd,6eb28fdd-ded1-471d-8e0b-fdfd5fff160e
2045,47,28a52552-a1eb-4f3a-ac2c-94b9977feebd,2872938c-9c70-477b-83c3-3fe8ba4abc89
2046,26,0fae58b5-54d9-41a0-9770-fa0715452bd9,5db38fdd-3b64-4392-9002-ce7512bf3ceb
2047,26,350497f4-4d65-46a8-9c29-a2008f7ca693,5db38fdd-3b64-4392-9002-ce7512bf3ceb
2048,26,7673172a-2247-4590-b21c-6a95d4fc2633,5db38fdd-3b64-4392-9002-ce7512bf3ceb
2049,26,9363c7b8-0b9d-4732-9646-2910595183f3,5db38fdd-3b64-4392-9002-ce7512bf3ceb
2050,26,72b7786a-1b16-44c8-a99e-2346b5f9d75c,5db38fdd-3b64-4392-9002-ce7512bf3ceb
2051,26,9d5890dc-985e-4cf9-965f-e05f62336822,5db38fdd-3b64-4392-9002-ce7512bf3ceb
2052,26,2aefb106-1c55-4162-9f46-af283ec811d1,5db38fdd-3b64-4392-9002-ce7512bf3ceb
2053,26,2ad7d293-23c8-46ba-bd79-9a385f0e0bc4,5db38fdd-3b64-4392-9002-ce7512bf3ceb
2054,26,a46c2dde-b545-4b36-a3cc-18be890fcbf9,5db38fdd-3b64-4392-9002-ce7512bf3ceb
2055,26,33ebda45-2fe7-4176-a875-70fc966badc5,5db38fdd-3b64-4392-9002-ce7512bf3ceb
2056,26,aab2a4b5-a389-4d9e-811a-fb47ddfe6d4b,5db38fdd-3b64-4392-9002-ce7512bf3ceb
2057,26,5d5f283f-645d-4988-9102-970198656782,5db38fdd-3b64-4392-9002-ce7512bf3ceb
2058,26,5bd30cfd-03de-4644-9e07-408fd1c2b85d,5db38fdd-3b64-4392-9002-ce7512bf3ceb
2059,26,d7e7ab39-c771-4346-b89b-20d6cdd41163,5db38fdd-3b64-4392-9002-ce7512bf3ceb
2060,26,17ca53c9-47d4-488c-babd-1b4adfd6053b,5db38fdd-3b64-4392-9002-ce7512bf3ceb
2061,26,53253a16-e5d9-40b1-8f97-9a89aff80c69,5db38fdd-3b64-4392-9002-ce7512bf3ceb
2062,26,c0a448f7-7481-4aab-bfee-f768fadab5cd,5db38fdd-3b64-4392-9002-ce7512bf3ceb
2063,26,c738cc3a-8141-421e-94ff-f54cd3f0c1e7,5db38fdd-3b64-4392-9002-ce7512bf3ceb
2064,26,cedabb8c-3410-4bc5-841e-bc1e1df8afbc,5db38fdd-3b64-4392-9002-ce7512bf3ceb
2065,26,7202d9ba-dcfc-4053-b80e-59b55805acc2,5db38fdd-3b64-4392-9002-ce7512bf3ceb
2066,26,6b8ff9c6-aa12-4896-8ca5-ec6cdf14167d,5db38fdd-3b64-4392-9002-ce7512bf3ceb
2067,26,7d3f0335-43b5-49b8-a958-dc0f69429145,5db38fdd-3b64-4392-9002-ce7512bf3ceb
2068,26,273c4f4d-aff7-42a4-9a32-ac87c94c9b8c,5db38fdd-3b64-4392-9002-ce7512bf3ceb
2069,26,7882668f-1ac4-4fc1-9948-461a12546787,5db38fdd-3b64-4392-9002-ce7512bf3ceb
2069,106,7882668f-1ac4-4fc1-9948-461a12546787,4ff7967b-ba33-4eb7-a6f1-43348acfd978
2070,26,b101915b-6cff-4bd0-aeac-7440c6f98abc,5db38fdd-3b64-4392-9002-ce7512bf3ceb
2072,26,030745c0-d5a1-4473-ac69-2acf1f85497f,5db38fdd-3b64-4392-9002-ce7512bf3ceb
2073,26,95e61ae4-16a5-422e-9401-c98c03655fb5,5db38fdd-3b64-4392-9002-ce7512bf3ceb
2074,26,d073957f-edcc-41e1-a15c-bb09597bbd5f,5db38fdd-3b64-4392-9002-ce7512bf3ceb
2075,26,5a4b50f4-2657-49bc-ab14-860f82c2558b,5db38fdd-3b64-4392-9002-ce7512bf3ceb
2076,26,525953cd-d14f-47c0-b00e-ca509eb4474f,5db38fdd-3b64-4392-9002-ce7512bf3ceb
2077,26,157c9295-91f5-4c38-9630-7814864233d0,5db38fdd-3b64-4392-9002-ce7512bf3ceb
2078,26,3597fff4-d9d8-43f2-be6b-f3f3994afc7b,5db38fdd-3b64-4392-9002-ce7512bf3ceb
2079,26,eb580b16-15bb-47ae-910e-aa4e315c01b7,5db38fdd-3b64-4392-9002-ce7512bf3ceb
2080,26,56ab1c71-9916-413f-a060-636aea372c7b,5db38fdd-3b64-4392-9002-ce7512bf3ceb
2081,26,6b52e093-fde3-4e62-a0dc-e3bf443263e1,5db38fdd-3b64-4392-9002-ce7512bf3ceb
2082,26,6457e9f1-ca3b-45e4-a2fb-7522cf146d05,5db38fdd-3b64-4392-9002-ce7512bf3ceb
2083,26,3638cbd0-d393-45cc-8f9e-28d397f44b55,5db38fdd-3b64-4392-9002-ce7512bf3ceb
2084,26,f86afa4b-714b-420b-b6f4-67a535b620b9,5db38fdd-3b64-4392-9002-ce7512bf3ceb
2085,26,a6bdf280-8ac9-4e77-b0cd-7eb36b651161,5db38fdd-3b64-4392-9002-ce7512bf3ceb
2086,26,7d29b763-c6d4-40bf-a9ef-8e75d98428e6,5db38fdd-3b64-4392-9002-ce7512bf3ceb
2087,26,022df9c4-7feb-4eb5-9cb9-237052d394c8,5db38fdd-3b64-4392-9002-ce7512bf3ceb
2088,26,ecaee111-b25e-4a69-bcd3-139354b14044,5db38fdd-3b64-4392-9002-ce7512bf3ceb
2089,26,efa10d1a-f863-4c7b-9ab4-0a7aba88ba15,5db38fdd-3b64-4392-9002-ce7512bf3ceb
2090,26,e9a2d955-6fa1-4b66-bf63-11ddd8256905,5db38fdd-3b64-4392-9002-ce7512bf3ceb
2091,26,fc900569-120f-4813-9f91-4f92979392f9,5db38fdd-3b64-4392-9002-ce7512bf3ceb
2092,26,1c5590f0-8ff7-42c9-8762-a5386b520a77,5db38fdd-3b64-4392-9002-ce7512bf3ceb
2093,94,a7859f45-c28b-4a7c-a933-7c99829927a5,25006cc4-a12b-4570-918f-78a97dca46a3
2094,94,c3a1b8d0-fd02-4e81-a1a4-9706ae04d226,25006cc4-a12b-4570-918f-78a97dca46a3
2095,94,ad476925-6f8c-4725-bafb-330c3cdda5d6,25006cc4-a12b-4570-918f-78a97dca46a3
2096,94,afa3f9de-f922-48de-b063-6cef95428041,25006cc4-a12b-4570-918f-78a97dca46a3
2097,94,98d01c57-23a3-43dc-a277-6b0dee6be606,25006cc4-a12b-4570-918f-78a97dca46a3
2098,94,471bc394-bd83-48b3-9fde-3be352006413,25006cc4-a12b-4570-918f-78a97dca46a3
2099,94,fab86597-9479-4361-9bef-57deb92d03bc,25006cc4-a12b-4570-918f-78a97dca46a3
2100,94,f3b8935f-afee-4664-aa8c-77ad2f09e264,25006cc4-a12b-4570-918f-78a97dca46a3
2101,94,baf5fbee-0d54-45aa-86de-31d77e890d97,25006cc4-a12b-4570-918f-78a97dca46a3
2102,51,41c4fd9c-a48c-4de5-85dc-b8ba89a13b45,128ec9c0-9293-4d2f-bf04-855a76e8dbe0
2103,106,296cf5c1-94c0-44e1-a2b1-6e328ea6ed4b,4ff7967b-ba33-4eb7-a6f1-43348acfd978
2104,94,36103db6-4843-47af-876b-5c9c0d6a0b8b,25006cc4-a12b-4570-918f-78a97dca46a3
2105,94,1f009c82-ac10-4e89-b908-c823704e6648,25006cc4-a12b-4570-918f-78a97dca46a3
2106,51,80a5c5a6-b48a-455c-86d0-6bcce2f9abaf,128ec9c0-9293-4d2f-bf04-855a76e8dbe0
2107,51,95003359-9ac5-4c85-bf42-234652c3927e,128ec9c0-9293-4d2f-bf04-855a76e8dbe0
2108,94,bad494d7-299f-4fe9-8f9f-137c5be3be04,25006cc4-a12b-4570-918f-78a97dca46a3
2109,94,5c4b11ab-0026-41aa-bb4b-c8308285809b,25006cc4-a12b-4570-918f-78a97dca46a3
2110,137,5a3c03f0-7471-4986-ab5a-183ffa4a5520,3387e5b6-d36d-4475-8b34-e918249b7474
2113,40,0f9ec265-c5c7-4696-b618-cee3faf2bbd0,4fa23b9d-0f0a-49a5-848f-591e23711c37
2114,51,d17f557e-d131-49fd-9e70-243067b53722,128ec9c0-9293-4d2f-bf04-855a76e8dbe0
2115,55,6b63d459-d87b-4092-b55f-98e129cf34ea,270ebc71-de8e-476e-9eaf-4d3a9ac687da
2116,94,3136d4e3-3e34-481b-aa90-6096791c3c41,25006cc4-a12b-4570-918f-78a97dca46a3
2116,126,3136d4e3-3e34-481b-aa90-6096791c3c41,7a54cb57-4518-4ee3-b447-3ab0095a379f
2117,94,cbadb3e9-ad88-431a-a7ef-f7b3d45cd5fb,25006cc4-a12b-4570-918f-78a97dca46a3
2118,94,9b91f9b3-7449-4000-a29c-82cccebe9b94,25006cc4-a12b-4570-918f-78a97dca46a3
2119,40,d358a7d7-282c-49c3-b5fa-844b2c0359c4,4fa23b9d-0f0a-49a5-848f-591e23711c37
2119,51,d358a7d7-282c-49c3-b5fa-844b2c0359c4,128ec9c0-9293-4d2f-bf04-855a76e8dbe0
2120,94,cb7e9441-83e1-4141-bdc0-73da7a0d3224,25006cc4-a12b-4570-918f-78a97dca46a3
2121,94,928ed8b0-4802-4dbd-a65e-2655a55de52d,25006cc4-a12b-4570-918f-78a97dca46a3
2122,94,ebda7d41-35e8-4960-bfad-bddb241f604a,25006cc4-a12b-4570-918f-78a97dca46a3
2123,94,b329f9ae-16c4-44eb-9ea0-78772c6fc787,25006cc4-a12b-4570-918f-78a97dca46a3
2124,94,67d00080-12eb-444b-a0e2-c2b1d2a16c83,25006cc4-a12b-4570-918f-78a97dca46a3
2125,94,e3d48f4b-0097-4061-82e4-7b7d848e3cfc,25006cc4-a12b-4570-918f-78a97dca46a3
2126,94,ea80e975-caec-4349-bc9b-4baf4fbc8682,25006cc4-a12b-4570-918f-78a97dca46a3
2127,94,5bd3bf3e-51be-411b-b16b-38d9be243489,25006cc4-a12b-4570-918f-78a97dca46a3
2128,94,0ba71a02-d3be-48af-b365-54ac0187b4be,25006cc4-a12b-4570-918f-78a97dca46a3
2129,94,84a4f279-42b9-4651-9005-f094bf1002dc,25006cc4-a12b-4570-918f-78a97dca46a3
2130,94,0f2dfd50-f17f-4f53-9fba-41fbd9029174,25006cc4-a12b-4570-918f-78a97dca46a3
2131,94,c8fb8ffb-10ff-4689-bdfe-2f657f657cdb,25006cc4-a12b-4570-918f-78a97dca46a3
2132,51,0553c941-9304-442e-a521-748c5f6ef347,128ec9c0-9293-4d2f-bf04-855a76e8dbe0
2133,28,c6694dc4-5697-43f3-b7c7-5dbea650dc7a,927df241-9b2c-4a41-bbe1-d6151a413b40
2136,47,9f9072b9-dc19-496d-89b9-1bf3eada9033,2872938c-9c70-477b-83c3-3fe8ba4abc89
2137,51,af3a7651-3df7-4eee-97c0-920efc204314,128ec9c0-9293-4d2f-bf04-855a76e8dbe0
2138,47,21f2864c-7a31-4abf-bacf-5db820f7174e,2872938c-9c70-477b-83c3-3fe8ba4abc89
2139,47,24f56ccb-f65c-4986-aa1e-485333bfcfca,2872938c-9c70-477b-83c3-3fe8ba4abc89
2140,94,c99b126b-d667-4ac9-ae9b-dbd5c60a92b4,25006cc4-a12b-4570-918f-78a97dca46a3
2141,94,189024aa-6e49-42d6-a718-b3318911e060,25006cc4-a12b-4570-918f-78a97dca46a3
2143,94,a1e02d0d-c6b7-4ff2-8b2e-42b564af6e04,25006cc4-a12b-4570-918f-78a97dca46a3
2144,94,45c782d3-1457-4c61-986d-d3b1f1e984ee,25006cc4-a12b-4570-918f-78a97dca46a3
2145,55,67ce799b-982d-4b39-ae51-f968bd2394c0,270ebc71-de8e-476e-9eaf-4d3a9ac687da
2146,55,af432b3c-1cdf-4a00-b3b4-bdd36e0f16d3,270ebc71-de8e-476e-9eaf-4d3a9ac687da
2147,55,ae8e115d-33a6-49f2-bc67-bb2857f174a9,270ebc71-de8e-476e-9eaf-4d3a9ac687da
2148,55,389e3956-43df-4161-833e-8539c1f37c3a,270ebc71-de8e-476e-9eaf-4d3a9ac687da
2149,55,4635e845-68a1-49b8-92a9-bfe6c3b9c84c,270ebc71-de8e-476e-9eaf-4d3a9ac687da
2150,55,0ffa43e5-cc25-42e0-a3a9-0c73fec453b7,270ebc71-de8e-476e-9eaf-4d3a9ac687da
2151,55,1a0e0dcc-21dd-4e22-a0f6-4bca5b978b55,270ebc71-de8e-476e-9eaf-4d3a9ac687da
2152,51,c98330af-b238-4b14-9bdd-1c40e62275d2,128ec9c0-9293-4d2f-bf04-855a76e8dbe0
2152,55,c98330af-b238-4b14-9bdd-1c40e62275d2,270ebc71-de8e-476e-9eaf-4d3a9ac687da
2153,51,b002e9c8-040e-4344-bd9d-b8cd7a45b439,128ec9c0-9293-4d2f-bf04-855a76e8dbe0
2154,40,9faea646-1e3e-4989-b53c-2ae8327a80ac,4fa23b9d-0f0a-49a5-848f-591e23711c37
2154,55,9faea646-1e3e-4989-b53c-2ae8327a80ac,270ebc71-de8e-476e-9eaf-4d3a9ac687da
2155,56,962a635b-e46c-41a5-8552-0e317fb0c01b,fe758c24-6a48-4f9c-8424-ea1956da1ac4
2156,94,72a698f9-367e-4aff-8cc8-5b7571e163f8,25006cc4-a12b-4570-918f-78a97dca46a3
2157,94,f8e59d3d-f6b2-4d70-b6f4-c7822d13d0e0,25006cc4-a12b-4570-918f-78a97dca46a3
2158,31,391c736e-feb5-4b73-b82d-15018e61cd84,d0225294-49b3-458d-893d-ecd576c7391f
2160,51,a6564eb8-cb9d-4d51-83c2-f52b36de0168,128ec9c0-9293-4d2f-bf04-855a76e8dbe0
2161,51,6dcd0554-0e86-4146-9585-a6a210373b2c,128ec9c0-9293-4d2f-bf04-855a76e8dbe0
2162,64,9ea3b36b-b898-4ade-b2f4-d6a2c2ccf3ed,1e85dcaf-bd03-48dc-98bd-73e2e2779c7b
2163,51,7bcb043c-a0d6-4bdc-94e1-17a0618a2c72,128ec9c0-9293-4d2f-bf04-855a76e8dbe0
2164,51,7c3a411e-af87-4b2e-97ee-bf00dd0c07ec,128ec9c0-9293-4d2f-bf04-855a76e8dbe0
2165,51,5646fda2-24e4-440e-8108-a3b7ec330e26,128ec9c0-9293-4d2f-bf04-855a76e8dbe0
2166,51,d3a04ea3-ac45-41fb-890c-a571c22348df,128ec9c0-9293-4d2f-bf04-855a76e8dbe0
2167,51,d48b20bc-31b9-43e7-adf2-7b6c45fca0a8,128ec9c0-9293-4d2f-bf04-855a76e8dbe0
2168,51,52adc4ad-0eac-4784-860b-a537e7bfac84,128ec9c0-9293-4d2f-bf04-855a76e8dbe0
2169,51,2a1c0041-c76a-4471-81e3-9f32e5eeffe5,128ec9c0-9293-4d2f-bf04-855a76e8dbe0
2170,51,0bca9594-f762-4302-a91b-d37907006642,128ec9c0-9293-4d2f-bf04-855a76e8dbe0
2171,51,f93615a6-9c27-477b-a74f-d74cf863e97f,128ec9c0-9293-4d2f-bf04-855a76e8dbe0
2172,51,873f901e-29dc-4ef8-89fe-082d739fde79,128ec9c0-9293-4d2f-bf04-855a76e8dbe0
2173,51,a8559ada-5c92-4c12-b85d-e85453c744b4,128ec9c0-9293-4d2f-bf04-855a76e8dbe0
2174,51,6c74d6b1-6e58-4e0d-9838-ac2295ee6fe4,128ec9c0-9293-4d2f-bf04-855a76e8dbe0
2175,51,cf60554f-6909-4b3b-afb9-dbffc966a2d7,128ec9c0-9293-4d2f-bf04-855a76e8dbe0
2176,51,82dc5d6b-c40a-42ba-81e7-6143e6f9d128,128ec9c0-9293-4d2f-bf04-855a76e8dbe0
2177,88,f0ca160e-1c23-474c-9517-5176cdd02dcb,4a8f0ef7-dbdb-44d7-ad0c-53df3a82b320
2178,51,4f23302e-bb94-4ba5-bbf0-0a2c74dd8ad6,128ec9c0-9293-4d2f-bf04-855a76e8dbe0
2179,51,bbcf4a2c-44b2-4e9e-b1d7-c59d2a0b17a5,128ec9c0-9293-4d2f-bf04-855a76e8dbe0
2180,23,092d9f3d-f168-4934-84bb-a3f88a1bbe00,b933ec53-1f11-4e21-a043-67a2419ee067
2180,139,092d9f3d-f168-4934-84bb-a3f88a1bbe00,2e5acb96-569b-439b-b810-4108d057b544
2180,140,092d9f3d-f168-4934-84bb-a3f88a1bbe00,deabd6e3-9c2d-4a79-afef-942da4b9550d
2181,109,78cd5251-2b06-491f-8af2-d761e7e4870c,564888a3-9c45-45fe-a75d-22f142fe28c1
2182,51,c1cabdd2-a1b5-4529-a082-7fffa7396a91,128ec9c0-9293-4d2f-bf04-855a76e8dbe0
2184,39,eccacabc-aeac-4e1e-8595-4895addc679f,3c964b4d-fe96-4fcf-9f6a-61207bf52f77
2185,146,1f2a9aee-dbf6-4b4e-b80c-0657c377ee04,f1ab9e21-4ac3-4aa5-a379-e579cd9ff414
2185,147,1f2a9aee-dbf6-4b4e-b80c-0657c377ee04,79806a20-27dc-4236-8b30-f0631802e346
2186,51,d4156b0b-b4f8-4024-8e70-a38b47e61757,128ec9c0-9293-4d2f-bf04-855a76e8dbe0
2186,148,d4156b0b-b4f8-4024-8e70-a38b47e61757,76ed40d2-a1ae-47e3-8b1b-3cddefacf372
2187,23,892f8d35-7026-4c45-9b8a-9f0a38d0ef24,b933ec53-1f11-4e21-a043-67a2419ee067
2188,51,ee75d528-b8cd-496b-b462-88a6159d2365,128ec9c0-9293-4d2f-bf04-855a76e8dbe0
2190,51,073c3774-ee10-432a-ad0a-a115317cf26f,128ec9c0-9293-4d2f-bf04-855a76e8dbe0
2191,35,bb0a18ac-4eca-4f02-9e02-ed17a4f32a8d,4e44d169-1292-4d6e-b5b9-fddc14fbbcdc
2192,6,0462fbe0-783a-44a9-b397-1143920eb392,60d0dc9e-4acd-4836-9376-f0bc5ea2f635
2192,87,0462fbe0-783a-44a9-b397-1143920eb392,af43285f-20bd-4d67-aaa9-063a6258046b
2193,51,27323d9a-a6ce-40f9-8e3d-1de5c484dd7a,128ec9c0-9293-4d2f-bf04-855a76e8dbe0
2194,88,1eaa7c6a-aa42-4b65-a550-d9cfae215147,4a8f0ef7-dbdb-44d7-ad0c-53df3a82b320
2195,94,8ca45f23-3275-4ca7-948c-4cb27584ca4f,25006cc4-a12b-4570-918f-78a97dca46a3
2196,88,1c5b4f17-c545-4d9a-8e3a-9bc76bfc232d,4a8f0ef7-dbdb-44d7-ad0c-53df3a82b320
2197,88,27d7cb71-f112-494f-88ae-3f6a0c8afb36,4a8f0ef7-dbdb-44d7-ad0c-53df3a82b320
2198,88,e2c511c3-9642-47d8-91e3-42b30027966c,4a8f0ef7-dbdb-44d7-ad0c-53df3a82b320
2199,88,a8366161-b0a9-49e9-98b9-5ed78dde2cf1,4a8f0ef7-dbdb-44d7-ad0c-53df3a82b320
2200,88,ce5d772c-b499-489f-8bd8-b03370738fdc,4a8f0ef7-dbdb-44d7-ad0c-53df3a82b320
2201,88,ea59ab52-ef07-4f61-8398-a9fb67eee98e,4a8f0ef7-dbdb-44d7-ad0c-53df3a82b320
2202,88,6a50edfc-c950-4126-84c1-01822006e5a8,4a8f0ef7-dbdb-44d7-ad0c-53df3a82b320
2203,88,126996d9-53f7-4b98-9df5-0e2a980e04bd,4a8f0ef7-dbdb-44d7-ad0c-53df3a82b320
2204,88,59286a92-3815-4ef5-8cd0-5f95d3628371,4a8f0ef7-dbdb-44d7-ad0c-53df3a82b320
2205,88,7e21dbaf-7507-4091-b5ab-9bd972e31ce9,4a8f0ef7-dbdb-44d7-ad0c-53df3a82b320
2206,88,f420a9a0-70ff-40d8-a870-460ecf578343,4a8f0ef7-dbdb-44d7-ad0c-53df3a82b320
2207,88,3ef191bb-d9ee-4c88-be97-06f96effb128,4a8f0ef7-dbdb-44d7-ad0c-53df3a82b320
2208,109,f6ab39ad-8c6a-4a50-8ee9-348748e6bf72,564888a3-9c45-45fe-a75d-22f142fe28c1
2209,51,35ce89f5-1cea-4930-846e-f61225dc049c,128ec9c0-9293-4d2f-bf04-855a76e8dbe0
2210,51,bcc375d4-c7f1-46d3-a1e6-7b86a8eda154,128ec9c0-9293-4d2f-bf04-855a76e8dbe0
2211,51,ad13cbac-58e0-4675-a706-a9c53ee27ce6,128ec9c0-9293-4d2f-bf04-855a76e8dbe0
2212,40,24483bce-0cdf-44b1-95d4-9e1d16a4c2a5,4fa23b9d-0f0a-49a5-848f-591e23711c37
2213,51,8531a172-6b06-4c01-a75a-63a34f09022e,128ec9c0-9293-4d2f-bf04-855a76e8dbe0
2214,51,7d58b7a1-0c57-48a1-9a20-fda7a15eb0f0,128ec9c0-9293-4d2f-bf04-855a76e8dbe0
2217,88,d5b54ad6-c043-4ab4-bf67-b750d0590665,4a8f0ef7-dbdb-44d7-ad0c-53df3a82b320
2218,88,cb440adc-a07b-45ba-b867-30a7119cb5fd,4a8f0ef7-dbdb-44d7-ad0c-53df3a82b320
2219,88,42fdeda1-5a12-4a3c-8791-3f61df48d952,4a8f0ef7-dbdb-44d7-ad0c-53df3a82b320
2220,88,b4f1c348-aaa9-4ed9-8a9e-abbcc9397289,4a8f0ef7-dbdb-44d7-ad0c-53df3a82b320
2221,88,51a281ed-addd-46fe-84ca-c1666b5d685e,4a8f0ef7-dbdb-44d7-ad0c-53df3a82b320
2222,88,250e0af7-99f9-4902-94f2-d56acee2c83e,4a8f0ef7-dbdb-44d7-ad0c-53df3a82b320
2223,88,c75bcaaa-4d5e-4cf1-9c44-6e18798dfcc1,4a8f0ef7-dbdb-44d7-ad0c-53df3a82b320
2224,88,170adcef-badd-48b0-9ac0-fdaafd8509a6,4a8f0ef7-dbdb-44d7-ad0c-53df3a82b320
2225,88,eb772dd0-68ef-4975-aa36-9762d4527291,4a8f0ef7-dbdb-44d7-ad0c-53df3a82b320
2226,88,ee01e7a4-70df-4140-bc48-6ae91bb08bf2,4a8f0ef7-dbdb-44d7-ad0c-53df3a82b320
2227,88,5e67ce9e-4ac4-4202-acee-adde2a3ef6ca,4a8f0ef7-dbdb-44d7-ad0c-53df3a82b320
2228,40,c84de123-c7c2-40cc-95cc-df83dfd35dca,4fa23b9d-0f0a-49a5-848f-591e23711c37
2228,67,c84de123-c7c2-40cc-95cc-df83dfd35dca,21d18762-d7d2-4ce4-a7b4-ea2efcbc1e17
2228,94,c84de123-c7c2-40cc-95cc-df83dfd35dca,25006cc4-a12b-4570-918f-78a97dca46a3
2229,35,9f4720a2-f14e-418d-b4df-7717512ea92b,4e44d169-1292-4d6e-b5b9-fddc14fbbcdc
2229,132,9f4720a2-f14e-418d-b4df-7717512ea92b,d04bf62f-6a29-4a4d-8e0f-0f5c16488ccd
2230,51,213ab2f8-7c91-48d9-ae9e-7b9fcfdddbb5,128ec9c0-9293-4d2f-bf04-855a76e8dbe0
2231,35,baca2cf1-084a-4816-b06b-29ce7d937a6f,4e44d169-1292-4d6e-b5b9-fddc14fbbcdc
2232,51,72adccb5-234e-4416-82fe-9d9703aa3e42,128ec9c0-9293-4d2f-bf04-855a76e8dbe0
2233,51,4b4cff63-2305-4e9b-8fb5-9967e7b448c6,128ec9c0-9293-4d2f-bf04-855a76e8dbe0
2234,51,ba965a7f-a56a-4e1d-8013-b27a50b010c2,128ec9c0-9293-4d2f-bf04-855a76e8dbe0
2235,27,e599f41a-9b1b-4201-b255-04c81d8ebde6,4f571464-c0f6-460c-a1f2-fd307f5fe744
2236,51,ac480b35-5a87-4fd6-8e6f-a44bbbab875d,128ec9c0-9293-4d2f-bf04-855a76e8dbe0
2236,109,ac480b35-5a87-4fd6-8e6f-a44bbbab875d,564888a3-9c45-45fe-a75d-22f142fe28c1
2238,51,c9cc5e93-57b1-4585-95ef-55d7909222cd,128ec9c0-9293-4d2f-bf04-855a76e8dbe0
2239,51,1b98055c-f33a-418d-a892-bcbc9991e5ab,128ec9c0-9293-4d2f-bf04-855a76e8dbe0
2240,51,ae600dab-14da-4e26-a905-5da3b38360d8,128ec9c0-9293-4d2f-bf04-855a76e8dbe0
2241,35,03a73443-806f-418f-aae8-fe9762841534,4e44d169-1292-4d6e-b5b9-fddc14fbbcdc
2241,51,03a73443-806f-418f-aae8-fe9762841534,128ec9c0-9293-4d2f-bf04-855a76e8dbe0
2241,55,03a73443-806f-418f-aae8-fe9762841534,270ebc71-de8e-476e-9eaf-4d3a9ac687da
2242,51,1d1af0dc-c116-40d2-bfc4-246b2caff56f,128ec9c0-9293-4d2f-bf04-855a76e8dbe0
2243,51,aca5f053-3096-4de1-b876-7ff160478951,128ec9c0-9293-4d2f-bf04-855a76e8dbe0
2244,35,f8b13f8a-5429-4520-a3c4-00ce0ea3263d,4e44d169-1292-4d6e-b5b9-fddc14fbbcdc
2244,40,f8b13f8a-5429-4520-a3c4-00ce0ea3263d,4fa23b9d-0f0a-49a5-848f-591e23711c37
2244,51,f8b13f8a-5429-4520-a3c4-00ce0ea3263d,128ec9c0-9293-4d2f-bf04-855a76e8dbe0
2244,67,f8b13f8a-5429-4520-a3c4-00ce0ea3263d,21d18762-d7d2-4ce4-a7b4-ea2efcbc1e17
2245,51,67a6c479-a3be-4b84-bd65-ff8b1592f70b,128ec9c0-9293-4d2f-bf04-855a76e8dbe0
2245,134,67a6c479-a3be-4b84-bd65-ff8b1592f70b,b3cfa286-80f5-4540-a90b-cee2fd1999f4
2246,51,c29d626c-3fae-4c0c-8459-a04e9ca9ad83,128ec9c0-9293-4d2f-bf04-855a76e8dbe0
2247,51,091bffe1-99a8-4998-9717-13bb0c4ec2a9,128ec9c0-9293-4d2f-bf04-855a76e8dbe0
2248,51,697fac64-272b-44de-a5de-b5a9b1fcc104,128ec9c0-9293-4d2f-bf04-855a76e8dbe0
2249,41,813116a5-7977-407f-afb9-a589ffa764a4,45040cf8-bcce-4383-acc5-eacf98b8efa7
2249,51,813116a5-7977-407f-afb9-a589ffa764a4,128ec9c0-9293-4d2f-bf04-855a76e8dbe0
2250,51,f50d65ca-15a2-4cc0-965e-7ba31c86238e,128ec9c0-9293-4d2f-bf04-855a76e8dbe0
2251,35,3fd7df63-5b82-44ba-86ec-0a9df1da073a,4e44d169-1292-4d6e-b5b9-fddc14fbbcdc
2251,51,3fd7df63-5b82-44ba-86ec-0a9df1da073a,128ec9c0-9293-4d2f-bf04-855a76e8dbe0
2252,35,b69b08df-9f0e-4c98-9326-161a92674dcf,4e44d169-1292-4d6e-b5b9-fddc14fbbcdc
2252,51,b69b08df-9f0e-4c98-9326-161a92674dcf,128ec9c0-9293-4d2f-bf04-855a76e8dbe0
2252,55,b69b08df-9f0e-4c98-9326-161a92674dcf,270ebc71-de8e-476e-9eaf-4d3a9ac687da
2253,51,1779b486-912f-4559-820d-b68fb6c77811,128ec9c0-9293-4d2f-bf04-855a76e8dbe0
2254,51,36f1b5ba-6587-4e72-b0af-fa336a201e5a,128ec9c0-9293-4d2f-bf04-855a76e8dbe0
2255,51,d1f1219c-90f7-4fe3-940b-3d8c6e10005e,128ec9c0-9293-4d2f-bf04-855a76e8dbe0
2256,23,9271914a-8aee-446a-82ec-b7a4f5a01ae6,b933ec53-1f11-4e21-a043-67a2419ee067
2256,139,9271914a-8aee-446a-82ec-b7a4f5a01ae6,2e5acb96-569b-439b-b810-4108d057b544
2256,140,9271914a-8aee-446a-82ec-b7a4f5a01ae6,deabd6e3-9c2d-4a79-afef-942da4b9550d
2257,35,3bb75169-d22d-421c-99d6-c19aa1d81302,4e44d169-1292-4d6e-b5b9-fddc14fbbcdc
2257,51,3bb75169-d22d-421c-99d6-c19aa1d81302,128ec9c0-9293-4d2f-bf04-855a76e8dbe0
2257,94,3bb75169-d22d-421c-99d6-c19aa1d81302,25006cc4-a12b-4570-918f-78a97dca46a3
2257,109,3bb75169-d22d-421c-99d6-c19aa1d81302,564888a3-9c45-45fe-a75d-22f142fe28c1
2257,149,3bb75169-d22d-421c-99d6-c19aa1d81302,faf4fae4-8299-4ac0-9fd6-b4b96ccac58f
2258,51,4c15501a-e2ba-40a2-ba49-c56fe711a08a,128ec9c0-9293-4d2f-bf04-855a76e8dbe0
2259,35,f43098c8-1726-4a25-9130-befd4f631aca,4e44d169-1292-4d6e-b5b9-fddc14fbbcdc
2259,51,f43098c8-1726-4a25-9130-befd4f631aca,128ec9c0-9293-4d2f-bf04-855a76e8dbe0
2259,109,f43098c8-1726-4a25-9130-befd4f631aca,564888a3-9c45-45fe-a75d-22f142fe28c1
2260,51,087f8bff-3e82-4996-8327-dafb144680e6,128ec9c0-9293-4d2f-bf04-855a76e8dbe0
2260,99,087f8bff-3e82-4996-8327-dafb144680e6,501c6680-46c4-4dd9-8b93-998921a295d3
2261,51,192a9fcf-f741-4613-a386-927d709211b9,128ec9c0-9293-4d2f-bf04-855a76e8dbe0
2262,51,f465a6b6-cfdc-4d08-afb0-f96d8ace03b0,128ec9c0-9293-4d2f-bf04-855a76e8dbe0
2262,109,f465a6b6-cfdc-4d08-afb0-f96d8ace03b0,564888a3-9c45-45fe-a75d-22f142fe28c1
2263,51,c6722722-42c9-4bee-b28b-7bb0aa20754c,128ec9c0-9293-4d2f-bf04-855a76e8dbe0
2264,35,fa889da8-17a4-46d4-a416-2f64bbd0993b,4e44d169-1292-4d6e-b5b9-fddc14fbbcdc
2264,51,fa889da8-17a4-46d4-a416-2f64bbd0993b,128ec9c0-9293-4d2f-bf04-855a76e8dbe0
2265,55,01436534-cb6a-4c0f-9ba5-8c80302f3884,270ebc71-de8e-476e-9eaf-4d3a9ac687da
2266,41,3f692df8-ef20-4c3e-bba7-c57fcd0e6037,45040cf8-bcce-4383-acc5-eacf98b8efa7
2266,51,3f692df8-ef20-4c3e-bba7-c57fcd0e6037,128ec9c0-9293-4d2f-bf04-855a76e8dbe0
2266,55,3f692df8-ef20-4c3e-bba7-c57fcd0e6037,270ebc71-de8e-476e-9eaf-4d3a9ac687da
2267,51,9b1d8aaa-dcf2-429c-8efc-f9d7ad2dc5c2,128ec9c0-9293-4d2f-bf04-855a76e8dbe0
2268,51,f5efc208-8b33-4356-a43b-ce5464ec9b54,128ec9c0-9293-4d2f-bf04-855a76e8dbe0
2269,35,e821f932-1343-49ed-927a-86797cc0b52d,4e44d169-1292-4d6e-b5b9-fddc14fbbcdc
2269,51,e821f932-1343-49ed-927a-86797cc0b52d,128ec9c0-9293-4d2f-bf04-855a76e8dbe0
2269,56,e821f932-1343-49ed-927a-86797cc0b52d,fe758c24-6a48-4f9c-8424-ea1956da1ac4
2270,35,9390f963-f8ba-4a13-b257-45670738d12b,4e44d169-1292-4d6e-b5b9-fddc14fbbcdc
2270,40,9390f963-f8ba-4a13-b257-45670738d12b,4fa23b9d-0f0a-49a5-848f-591e23711c37
2270,51,9390f963-f8ba-4a13-b257-45670738d12b,128ec9c0-9293-4d2f-bf04-855a76e8dbe0
2271,51,72bbb935-0e42-4ff2-8196-11490c926dc2,128ec9c0-9293-4d2f-bf04-855a76e8dbe0
2272,51,a500c6f7-9e02-43ad-ae41-54843a0205a3,128ec9c0-9293-4d2f-bf04-855a76e8dbe0
2273,51,e4d88ad5-bf3c-4e6d-b9c5-bf1050257aba,128ec9c0-9293-4d2f-bf04-855a76e8dbe0
2274,35,589e6356-cffb-46cd-8837-16ff9b1dee1c,4e44d169-1292-4d6e-b5b9-fddc14fbbcdc
2274,51,589e6356-cffb-46cd-8837-16ff9b1dee1c,128ec9c0-9293-4d2f-bf04-855a76e8dbe0
2275,88,05442da4-4f76-4ae5-93d0-4d87cdf5e265,4a8f0ef7-dbdb-44d7-ad0c-53df3a82b320
2276,88,a6a0824a-710d-42de-bbe9-fde47d77adf0,4a8f0ef7-dbdb-44d7-ad0c-53df3a82b320
2277,88,e1c03119-e679-483f-9669-7fe46d514ae7,4a8f0ef7-dbdb-44d7-ad0c-53df3a82b320
2278,88,9eb3b2af-72be-475c-b04c-9306a2923240,4a8f0ef7-dbdb-44d7-ad0c-53df3a82b320
2279,88,5b54831e-4128-4b88-8acc-0f5b95fe3251,4a8f0ef7-dbdb-44d7-ad0c-53df3a82b320
2280,35,b48bdcef-e174-40b4-80cc-17ce19c1ac9c,4e44d169-1292-4d6e-b5b9-fddc14fbbcdc
2280,137,b48bdcef-e174-40b4-80cc-17ce19c1ac9c,3387e5b6-d36d-4475-8b34-e918249b7474
2281,51,a6d8c509-9d6d-41f8-93d3-d9752d5567ac,128ec9c0-9293-4d2f-bf04-855a76e8dbe0
2282,51,80726515-bbe6-445b-be5d-5497054f0a06,128ec9c0-9293-4d2f-bf04-855a76e8dbe0
2282,109,80726515-bbe6-445b-be5d-5497054f0a06,564888a3-9c45-45fe-a75d-22f142fe28c1
2284,88,18558354-6cf0-42c6-a503-a57a0d59174d,4a8f0ef7-dbdb-44d7-ad0c-53df3a82b320
2285,88,f29cc2de-3bac-413b-ae37-caf91b3f0468,4a8f0ef7-dbdb-44d7-ad0c-53df3a82b320
2286,51,12424b90-1318-4e0f-8ed5-d52ccec507e2,128ec9c0-9293-4d2f-bf04-855a76e8dbe0
2287,51,d3be348c-6155-4e11-a87e-f9ecf59075f5,128ec9c0-9293-4d2f-bf04-855a76e8dbe0
2288,51,0aad3344-f3d6-4a48-ad88-cca15777c73b,128ec9c0-9293-4d2f-bf04-855a76e8dbe0
2289,35,37280b63-ddb1-4865-9f07-229e9d25f628,4e44d169-1292-4d6e-b5b9-fddc14fbbcdc
2289,48,37280b63-ddb1-4865-9f07-229e9d25f628,c5b0606d-4e0c-42cb-9abd-f99bf45fe357
2289,51,37280b63-ddb1-4865-9f07-229e9d25f628,128ec9c0-9293-4d2f-bf04-855a76e8dbe0
2289,109,37280b63-ddb1-4865-9f07-229e9d25f628,564888a3-9c45-45fe-a75d-22f142fe28c1
2290,51,dd55c712-3be0-4d40-9125-9d94e31f869c,128ec9c0-9293-4d2f-bf04-855a76e8dbe0
2291,51,0cc0c314-5730-4952-8672-90d49fc36c4a,128ec9c0-9293-4d2f-bf04-855a76e8dbe0
2291,109,0cc0c314-5730-4952-8672-90d49fc36c4a,564888a3-9c45-45fe-a75d-22f142fe28c1
2292,51,cb6b2667-8bcc-4765-8871-245c97856bc1,128ec9c0-9293-4d2f-bf04-855a76e8dbe0
2293,88,aea412a4-4bfb-45c8-a4b0-a7551e78155a,4a8f0ef7-dbdb-44d7-ad0c-53df3a82b320
2294,88,68567bd9-afaa-4e28-b26f-d1380b9f714d,4a8f0ef7-dbdb-44d7-ad0c-53df3a82b320
2294,137,68567bd9-afaa-4e28-b26f-d1380b9f714d,3387e5b6-d36d-4475-8b34-e918249b7474
2295,88,eb22d9b0-e048-4f9f-ac50-66961a4793e9,4a8f0ef7-dbdb-44d7-ad0c-53df3a82b320
2296,88,74390f3a-385f-46de-94db-5e42e09321a4,4a8f0ef7-dbdb-44d7-ad0c-53df3a82b320
2297,88,1591b924-bb7d-474e-9755-9508a82645c5,4a8f0ef7-dbdb-44d7-ad0c-53df3a82b320
2298,88,03824ce5-a970-4219-9289-33e2bab3fcb3,4a8f0ef7-dbdb-44d7-ad0c-53df3a82b320
2299,88,7187ef9f-8a1a-4dc5-9fae-6c2f6343db6f,4a8f0ef7-dbdb-44d7-ad0c-53df3a82b320
2300,34,3f6b5a17-fdf0-4df9-b97b-a0dbfd964c07,db5c71e1-57ef-4e4d-b808-9c9c6d40f47f
2301,34,917121b6-9b58-43b5-8199-3df47bc5b133,db5c71e1-57ef-4e4d-b808-9c9c6d40f47f
2302,88,40aeb901-ef81-488a-a6bb-37294de0fd83,4a8f0ef7-dbdb-44d7-ad0c-53df3a82b320
2303,51,9b80ed5e-6e80-4f2a-a03c-fd1cae1af4bf,128ec9c0-9293-4d2f-bf04-855a76e8dbe0
2304,51,a17ffb1a-806f-45f2-a6ed-4efbb03b5edd,128ec9c0-9293-4d2f-bf04-855a76e8dbe0
2305,132,4273e0b7-4fb7-4754-9913-1736f5cc14df,d04bf62f-6a29-4a4d-8e0f-0f5c16488ccd
2306,35,3ad2be26-cae0-48aa-8b7e-50eb73cb7a84,4e44d169-1292-4d6e-b5b9-fddc14fbbcdc
2306,132,3ad2be26-cae0-48aa-8b7e-50eb73cb7a84,d04bf62f-6a29-4a4d-8e0f-0f5c16488ccd
2307,35,394e1fc6-4d9c-4e0a-b369-4d97c14c901f,4e44d169-1292-4d6e-b5b9-fddc14fbbcdc
2308,88,5a047ded-0835-468f-b757-34bc13bd4c42,4a8f0ef7-dbdb-44d7-ad0c-53df3a82b320
2309,88,8c25d6e3-76b8-4e5e-ba09-8592e2f84c37,4a8f0ef7-dbdb-44d7-ad0c-53df3a82b320
2310,88,fc369282-e42b-47d3-b7a9-393bab45a42f,4a8f0ef7-dbdb-44d7-ad0c-53df3a82b320
2311,88,7efeecce-57e0-4e4f-9c5a-6bbd007cd97d,4a8f0ef7-dbdb-44d7-ad0c-53df3a82b320
2312,88,67df5567-7544-436e-89ae-a6e38d9b52a5,4a8f0ef7-dbdb-44d7-ad0c-53df3a82b320
2313,88,c9755b26-56ce-44d4-aff4-fdfe97eb07dc,4a8f0ef7-dbdb-44d7-ad0c-53df3a82b320
2314,88,66231583-db56-4062-9b01-4e46d2b95c6d,4a8f0ef7-dbdb-44d7-ad0c-53df3a82b320
2315,88,20d8651f-12f4-4c59-8bdc-97334af2e519,4a8f0ef7-dbdb-44d7-ad0c-53df3a82b320
2316,88,6b701a6b-9c70-42f6-aa13-86f011b23c28,4a8f0ef7-dbdb-44d7-ad0c-53df3a82b320
2317,88,74417443-63c4-4f72-8b4a-3c24261e298d,4a8f0ef7-dbdb-44d7-ad0c-53df3a82b320
2318,88,906b93aa-cb5a-4906-bd98-941a5b16c75e,4a8f0ef7-dbdb-44d7-ad0c-53df3a82b320
2319,88,b1d97ab9-e932-405a-ae25-4a8d8b446fb4,4a8f0ef7-dbdb-44d7-ad0c-53df3a82b320
2320,88,5f446c64-aaca-42bd-9ed5-4bdecf5d7954,4a8f0ef7-dbdb-44d7-ad0c-53df3a82b320
2322,88,948deaca-cfdb-4575-9661-3b960832bd0e,4a8f0ef7-dbdb-44d7-ad0c-53df3a82b320
2323,88,01c05bb3-0852-4ad7-9de2-f004744b7534,4a8f0ef7-dbdb-44d7-ad0c-53df3a82b320
2324,88,2c6847fd-b394-4e54-9c35-81a49aa487d4,4a8f0ef7-dbdb-44d7-ad0c-53df3a82b320
2325,88,32836ec6-cfff-4ca6-9108-5b2dae4ef7a3,4a8f0ef7-dbdb-44d7-ad0c-53df3a82b320
2326,88,26f0fa23-9ec6-45de-a9c7-6affb29a94eb,4a8f0ef7-dbdb-44d7-ad0c-53df3a82b320
2327,88,59e19669-c00c-4915-838a-0b356b490cae,4a8f0ef7-dbdb-44d7-ad0c-53df3a82b320
2328,88,7b50b16a-c49b-43bc-a36a-4500b89a139b,4a8f0ef7-dbdb-44d7-ad0c-53df3a82b320
2329,137,1b977461-b5e2-400d-bdd4-f8dd36a8309d,3387e5b6-d36d-4475-8b34-e918249b7474
2330,88,0815ec6b-6c87-4639-a3a4-a668183770a2,4a8f0ef7-dbdb-44d7-ad0c-53df3a82b320
2331,88,d37f26a2-1f7b-44f1-b3e9-eba0495943d7,4a8f0ef7-dbdb-44d7-ad0c-53df3a82b320
2332,88,7fb66726-8ad2-4551-a59c-d619ea48b2cb,4a8f0ef7-dbdb-44d7-ad0c-53df3a82b320
2333,88,8b800627-e5f2-4133-8697-fa8129f82a58,4a8f0ef7-dbdb-44d7-ad0c-53df3a82b320
2334,37,265b79f5-cff8-4323-8a41-b7255cd7c07a,b523a9b5-b7cc-4c2c-8be9-2b42cb4dde0e
2334,51,265b79f5-cff8-4323-8a41-b7255cd7c07a,128ec9c0-9293-4d2f-bf04-855a76e8dbe0
2334,54,265b79f5-cff8-4323-8a41-b7255cd7c07a,3a139f20-24d4-4560-a938-b4afe35ed51f
2335,56,26ae8f95-c3c0-4f2d-a74c-4b410752695e,fe758c24-6a48-4f9c-8424-ea1956da1ac4
2336,109,254ab803-7285-4ba0-be78-5c979ad99a81,564888a3-9c45-45fe-a75d-22f142fe28c1
2337,56,21fc8aae-fb81-4503-ab81-8b710d94972e,fe758c24-6a48-4f9c-8424-ea1956da1ac4
2338,51,520a86ed-3bba-4d95-9d3e-4a62e586aeb9,128ec9c0-9293-4d2f-bf04-855a76e8dbe0
2339,51,0e8b7d83-aec0-49b4-8dba-9a94188cf957,128ec9c0-9293-4d2f-bf04-855a76e8dbe0
2340,56,408ae7c0-b7a7-4e38-94a8-17b6b7c50fd9,fe758c24-6a48-4f9c-8424-ea1956da1ac4
2341,51,40ff17fa-dfe4-4107-9e0e-2f549e89e628,128ec9c0-9293-4d2f-bf04-855a76e8dbe0
2342,6,fd694468-9b40-405b-b3e0-8c19d0945115,60d0dc9e-4acd-4836-9376-f0bc5ea2f635
2342,51,fd694468-9b40-405b-b3e0-8c19d0945115,128ec9c0-9293-4d2f-bf04-855a76e8dbe0
2343,51,ea8300b5-5806-4cc3-8ebf-2b38f274311b,128ec9c0-9293-4d2f-bf04-855a76e8dbe0
2344,51,d5643080-3724-4f37-9775-0edfa1aeb9f5,128ec9c0-9293-4d2f-bf04-855a76e8dbe0
2345,51,43dd0950-68b3-4937-ba73-6c554e30f29e,128ec9c0-9293-4d2f-bf04-855a76e8dbe0
2346,35,095d2f2b-418a-49ce-8aeb-87ac8dae7ced,4e44d169-1292-4d6e-b5b9-fddc14fbbcdc
2346,51,095d2f2b-418a-49ce-8aeb-87ac8dae7ced,128ec9c0-9293-4d2f-bf04-855a76e8dbe0
2346,56,095d2f2b-418a-49ce-8aeb-87ac8dae7ced,fe758c24-6a48-4f9c-8424-ea1956da1ac4
2347,51,867464a8-b1c2-472e-bc26-60fecd7761c1,128ec9c0-9293-4d2f-bf04-855a76e8dbe0
2347,93,867464a8-b1c2-472e-bc26-60fecd7761c1,38962bb9-86b9-4d16-ad61-6436782a7783
2348,51,f294fd27-bb98-4839-bda3-593c8d0741a5,128ec9c0-9293-4d2f-bf04-855a76e8dbe0
2349,35,c6b09026-e923-4234-883d-1df363989064,4e44d169-1292-4d6e-b5b9-fddc14fbbcdc
2349,40,c6b09026-e923-4234-883d-1df363989064,4fa23b9d-0f0a-49a5-848f-591e23711c37
2349,55,c6b09026-e923-4234-883d-1df363989064,270ebc71-de8e-476e-9eaf-4d3a9ac687da
2350,35,9035c177-5b9c-4941-a352-1bdabad02fe6,4e44d169-1292-4d6e-b5b9-fddc14fbbcdc
2351,51,f6e088ea-95c7-4201-a5b6-e3d6f390ccde,128ec9c0-9293-4d2f-bf04-855a76e8dbe0
2352,51,90abdc8d-9276-4125-8dd4-ff1bb128ef31,128ec9c0-9293-4d2f-bf04-855a76e8dbe0
2353,51,f0228635-eef9-449b-8cf9-3d42777bc18f,128ec9c0-9293-4d2f-bf04-855a76e8dbe0
2354,51,2a0bd133-7ea2-4549-9bd6-a7fc4cc45c6e,128ec9c0-9293-4d2f-bf04-855a76e8dbe0
2355,51,7a0f2cd9-490c-43ca-9361-a77f0c536695,128ec9c0-9293-4d2f-bf04-855a76e8dbe0
2356,51,697e64c7-fff7-4f63-a7f2-b2bd54bffa7e,128ec9c0-9293-4d2f-bf04-855a76e8dbe0
2357,51,1c3d7909-28b4-499c-8625-3964b8b7e067,128ec9c0-9293-4d2f-bf04-855a76e8dbe0
2358,64,c7766fc3-de1d-41a1-b045-760e7d1d1d8c,1e85dcaf-bd03-48dc-98bd-73e2e2779c7b
2359,64,1a6e7f74-d257-4e9b-8036-4f638a3b354d,1e85dcaf-bd03-48dc-98bd-73e2e2779c7b
2360,64,236aadbe-bb72-41ce-80eb-82b2b098a164,1e85dcaf-bd03-48dc-98bd-73e2e2779c7b
2361,64,b3983474-d884-4f8b-a8a6-7e1cfd47c401,1e85dcaf-bd03-48dc-98bd-73e2e2779c7b
2362,64,54bfdebf-3cb3-4d0b-87fa-83b42885706e,1e85dcaf-bd03-48dc-98bd-73e2e2779c7b
2363,64,4bc54e05-0456-407e-899a-89d97d716ace,1e85dcaf-bd03-48dc-98bd-73e2e2779c7b
2364,64,f570dbb5-2e1d-4369-9565-d0d0042fd2f0,1e85dcaf-bd03-48dc-98bd-73e2e2779c7b
2365,64,5e7cb9f3-8fc8-42c8-97df-8082cf41e415,1e85dcaf-bd03-48dc-98bd-73e2e2779c7b
2366,64,5c21162d-5dcf-4ea9-bdac-9d2223e6bd63,1e85dcaf-bd03-48dc-98bd-73e2e2779c7b
2367,64,f81b8b01-8786-4e2b-a07f-7a1622fe7830,1e85dcaf-bd03-48dc-98bd-73e2e2779c7b
2368,64,2d58f006-6585-407b-b7f1-e99526259e9c,1e85dcaf-bd03-48dc-98bd-73e2e2779c7b
2369,64,242458f7-09c3-4c9f-ae03-7c942f52da61,1e85dcaf-bd03-48dc-98bd-73e2e2779c7b
2370,64,8de3d3d5-5723-45bb-88c8-400437355561,1e85dcaf-bd03-48dc-98bd-73e2e2779c7b
2371,64,6af60d02-2dc1-4ff6-8b11-d9dd766e36be,1e85dcaf-bd03-48dc-98bd-73e2e2779c7b
2373,64,13fc1e93-1ec6-4e61-903f-f263f4d00be4,1e85dcaf-bd03-48dc-98bd-73e2e2779c7b
2374,64,bddf1472-04e2-4071-be16-f7f01601610a,1e85dcaf-bd03-48dc-98bd-73e2e2779c7b
2375,137,beef1c40-ca68-42f8-8059-06d6c13e87e2,3387e5b6-d36d-4475-8b34-e918249b7474
2378,137,a0768df1-f765-4eec-9a7d-92945a375a20,3387e5b6-d36d-4475-8b34-e918249b7474
2379,64,7d4c9112-51f1-4e6b-b138-0fc1782ae1c4,1e85dcaf-bd03-48dc-98bd-73e2e2779c7b
2380,64,c47ad63d-6286-44a1-b941-4eb00bb8d6d3,1e85dcaf-bd03-48dc-98bd-73e2e2779c7b
2381,51,b0969735-7537-4e02-afd1-3169f7aec5b2,128ec9c0-9293-4d2f-bf04-855a76e8dbe0
2381,64,b0969735-7537-4e02-afd1-3169f7aec5b2,1e85dcaf-bd03-48dc-98bd-73e2e2779c7b
2382,64,77bd51ec-ad90-4912-aad3-4dd4a5af3bec,1e85dcaf-bd03-48dc-98bd-73e2e2779c7b
2383,64,d21d2c21-944d-4f40-ad58-8b74ceb56b77,1e85dcaf-bd03-48dc-98bd-73e2e2779c7b
2384,64,c3fc9dcb-ba33-4360-a3b8-fd91879c001b,1e85dcaf-bd03-48dc-98bd-73e2e2779c7b
2385,64,0f71d08f-8aa3-43cd-a9dc-4b3c28fc5181,1e85dcaf-bd03-48dc-98bd-73e2e2779c7b
2386,64,8e6a0544-4bc7-447e-81ad-960516d128aa,1e85dcaf-bd03-48dc-98bd-73e2e2779c7b
2387,64,9b0d3e15-2c64-4f3c-8d64-42c0dff65a1c,1e85dcaf-bd03-48dc-98bd-73e2e2779c7b
2387,137,9b0d3e15-2c64-4f3c-8d64-42c0dff65a1c,3387e5b6-d36d-4475-8b34-e918249b7474
2388,64,af1fc4fa-bdc7-4108-8607-2d97748eee75,1e85dcaf-bd03-48dc-98bd-73e2e2779c7b
2389,64,79387335-4ba8-45ee-ac36-a02d5188b03a,1e85dcaf-bd03-48dc-98bd-73e2e2779c7b
2390,64,e5e1594f-4562-4838-b44e-f0e3b61ee005,1e85dcaf-bd03-48dc-98bd-73e2e2779c7b
2391,64,ef6782e4-2e8f-4121-b7c2-440f409895e0,1e85dcaf-bd03-48dc-98bd-73e2e2779c7b
2392,64,6a943726-ceec-4e6e-a4c4-982294e3ea65,1e85dcaf-bd03-48dc-98bd-73e2e2779c7b
2393,64,3a499830-2e75-4cac-b925-50aa8cab523f,1e85dcaf-bd03-48dc-98bd-73e2e2779c7b
2394,109,ecb3d0f9-033f-4280-afef-9d0ecd96c4aa,564888a3-9c45-45fe-a75d-22f142fe28c1
2395,89,a630b3ad-ec2a-4afe-bf5b-cb0ae71f327b,d66c728d-eb3c-4695-a4d2-3f77f8a5ca59
2396,89,d840060d-7e9e-49a6-9f4d-95cc2c099524,d66c728d-eb3c-4695-a4d2-3f77f8a5ca59
2397,6,da80f819-90e7-46b9-90fb-6e2291dbe83a,60d0dc9e-4acd-4836-9376-f0bc5ea2f635
2397,35,da80f819-90e7-46b9-90fb-6e2291dbe83a,4e44d169-1292-4d6e-b5b9-fddc14fbbcdc
2398,137,234a6074-1c19-4cb0-a17a-d5156010867f,3387e5b6-d36d-4475-8b34-e918249b7474
2399,51,b2428fde-f242-4e2b-9d44-cf8bfe72fd9e,128ec9c0-9293-4d2f-bf04-855a76e8dbe0
2400,40,ff3f2371-e8d4-43a0-a475-c177d3503093,4fa23b9d-0f0a-49a5-848f-591e23711c37
2400,137,ff3f2371-e8d4-43a0-a475-c177d3503093,3387e5b6-d36d-4475-8b34-e918249b7474
2401,35,9b140dc8-f6ff-4906-a003-dc092bf26d9a,4e44d169-1292-4d6e-b5b9-fddc14fbbcdc
2402,35,f4091e66-23c1-466f-b7a0-da64b7e3c69b,4e44d169-1292-4d6e-b5b9-fddc14fbbcdc
2403,35,bff5c4d7-a6ff-4d0d-9a89-c8d025394788,4e44d169-1292-4d6e-b5b9-fddc14fbbcdc
2404,26,96a99bc0-15a1-4c39-9f8f-108c253e7771,5db38fdd-3b64-4392-9002-ce7512bf3ceb
2405,51,06ffa9ce-c18b-434f-9e92-71c8c000af90,128ec9c0-9293-4d2f-bf04-855a76e8dbe0
2406,34,ac197291-2e6b-4ba7-86d5-24b80381c213,db5c71e1-57ef-4e4d-b808-9c9c6d40f47f
2407,140,a36b204d-1fda-46f0-b08f-6a7ad093b58c,deabd6e3-9c2d-4a79-afef-942da4b9550d
2408,23,6a843dc5-15b7-4944-b6db-64f5ecd7c2d7,b933ec53-1f11-4e21-a043-67a2419ee067
2408,140,6a843dc5-15b7-4944-b6db-64f5ecd7c2d7,deabd6e3-9c2d-4a79-afef-942da4b9550d
2409,23,7d5117e6-9895-44e8-bb58-0fa2e269e5dd,b933ec53-1f11-4e21-a043-67a2419ee067
2409,139,7d5117e6-9895-44e8-bb58-0fa2e269e5dd,2e5acb96-569b-439b-b810-4108d057b544
2410,51,14083ec5-686e-402d-b484-d2a12b69961e,128ec9c0-9293-4d2f-bf04-855a76e8dbe0
2411,56,70bbfe7e-12c8-45cb-8154-a0a79c14faf6,fe758c24-6a48-4f9c-8424-ea1956da1ac4
2412,51,ba0b0e21-828f-4381-8bef-d6f86244acca,128ec9c0-9293-4d2f-bf04-855a76e8dbe0
2412,140,ba0b0e21-828f-4381-8bef-d6f86244acca,deabd6e3-9c2d-4a79-afef-942da4b9550d
2413,140,52b4b38f-1ff9-4f99-b7bd-0d570817b2c0,deabd6e3-9c2d-4a79-afef-942da4b9550d
2414,140,c686874d-9254-4219-b30d-1ffa8dde49fd,deabd6e3-9c2d-4a79-afef-942da4b9550d
2415,140,00ecad6b-bfa9-479e-8756-ca70f94f2636,deabd6e3-9c2d-4a79-afef-942da4b9550d
2416,35,528e8e08-85d6-4e33-9de7-60d624eea3c0,4e44d169-1292-4d6e-b5b9-fddc14fbbcdc
2416,51,528e8e08-85d6-4e33-9de7-60d624eea3c0,128ec9c0-9293-4d2f-bf04-855a76e8dbe0
2416,55,528e8e08-85d6-4e33-9de7-60d624eea3c0,270ebc71-de8e-476e-9eaf-4d3a9ac687da
2416,109,528e8e08-85d6-4e33-9de7-60d624eea3c0,564888a3-9c45-45fe-a75d-22f142fe28c1
2417,51,a94aa375-af74-4e1d-a186-61bc642eb69a,128ec9c0-9293-4d2f-bf04-855a76e8dbe0
2418,51,a9368654-641f-463c-8d23-475039933dce,128ec9c0-9293-4d2f-bf04-855a76e8dbe0
2419,51,187f18bc-1b74-424d-82cd-87bfa275ec66,128ec9c0-9293-4d2f-bf04-855a76e8dbe0
2420,51,64031670-de96-4306-ba31-812b4a31ba53,128ec9c0-9293-4d2f-bf04-855a76e8dbe0
2421,51,dc717148-c7ba-420d-a2b6-37a4f86337ca,128ec9c0-9293-4d2f-bf04-855a76e8dbe0
2422,51,77e59e89-7655-43c4-a2b2-56e1cfdea687,128ec9c0-9293-4d2f-bf04-855a76e8dbe0
2423,51,ec6a9d38-06f9-43c9-aae9-34f42bb126a0,128ec9c0-9293-4d2f-bf04-855a76e8dbe0
2424,51,2507d483-82e5-47c3-aceb-dddc2cc28e25,128ec9c0-9293-4d2f-bf04-855a76e8dbe0
2425,51,dbe61453-446d-4057-8e72-a71911656272,128ec9c0-9293-4d2f-bf04-855a76e8dbe0
2426,51,2f57a13a-071b-460f-b449-4607a43567c9,128ec9c0-9293-4d2f-bf04-855a76e8dbe0
2427,51,5aae6994-333d-45a0-9c76-802fb636dd66,128ec9c0-9293-4d2f-bf04-855a76e8dbe0
2428,51,0fcf443f-9763-449b-8fe3-e3ebde7fcc04,128ec9c0-9293-4d2f-bf04-855a76e8dbe0
2430,26,95f01262-5074-4219-86b1-1e2ff18781a9,5db38fdd-3b64-4392-9002-ce7512bf3ceb
2431,26,3fe52bbd-7658-42cc-a5f0-390513232954,5db38fdd-3b64-4392-9002-ce7512bf3ceb
2432,26,6f753536-01ea-41c3-b605-0e0365590dd0,5db38fdd-3b64-4392-9002-ce7512bf3ceb
2433,26,3c390c42-0783-44b0-a2bb-8beec091111d,5db38fdd-3b64-4392-9002-ce7512bf3ceb
2434,26,02db9d28-7efc-45da-a01e-06e7055d25c6,5db38fdd-3b64-4392-9002-ce7512bf3ceb
2435,26,4a6f8c75-49ae-4a31-8ad4-dc459c98f849,5db38fdd-3b64-4392-9002-ce7512bf3ceb
2436,26,2d76fd09-1942-42eb-abf1-297017fd8326,5db38fdd-3b64-4392-9002-ce7512bf3ceb
2437,26,4b0e0548-8af9-496e-8864-b9895c49f9b9,5db38fdd-3b64-4392-9002-ce7512bf3ceb
2438,26,2a7b7429-dd05-4198-a55e-c23aa9dd71fd,5db38fdd-3b64-4392-9002-ce7512bf3ceb
2438,35,2a7b7429-dd05-4198-a55e-c23aa9dd71fd,4e44d169-1292-4d6e-b5b9-fddc14fbbcdc
2438,51,2a7b7429-dd05-4198-a55e-c23aa9dd71fd,128ec9c0-9293-4d2f-bf04-855a76e8dbe0
2440,26,5aced9c2-640d-4a9d-9a7a-3ceb3f4099bf,5db38fdd-3b64-4392-9002-ce7512bf3ceb
2441,26,8710f87d-27e1-484a-a6b9-70950b3b1071,5db38fdd-3b64-4392-9002-ce7512bf3ceb
2442,26,12d636dc-1bc2-4cb5-8e2f-bf3e81134c22,5db38fdd-3b64-4392-9002-ce7512bf3ceb
2443,55,d0e3e6fd-2152-4cbc-b99a-bbb28b34725d,270ebc71-de8e-476e-9eaf-4d3a9ac687da
2443,106,d0e3e6fd-2152-4cbc-b99a-bbb28b34725d,4ff7967b-ba33-4eb7-a6f1-43348acfd978
3430,40,efd817d6-6c8d-4b76-a77a-7cd23d7d6ca6,4fa23b9d-0f0a-49a5-848f-591e23711c37
3431,40,13b8c34d-4f80-4e99-86f2-910f53206343,4fa23b9d-0f0a-49a5-848f-591e23711c37
3432,137,9c627d52-a5aa-4ba5-b51e-f08536d3fc38,3387e5b6-d36d-4475-8b34-e918249b7474
3433,40,1d7babd6-ec3d-40dd-9571-d0556a542566,4fa23b9d-0f0a-49a5-848f-591e23711c37
3434,40,00c0b056-b8d8-4f6e-9c62-17385cde8901,4fa23b9d-0f0a-49a5-848f-591e23711c37
3435,40,751f4d6f-ec78-44e1-9a85-46f49d9e582c,4fa23b9d-0f0a-49a5-848f-591e23711c37
3436,40,bd4f9bb3-7db0-4bf9-855d-cace666ce8bf,4fa23b9d-0f0a-49a5-848f-591e23711c37
3437,40,26c6f4c8-53b4-4009-bdb6-3e05967e2f53,4fa23b9d-0f0a-49a5-848f-591e23711c37
3438,40,3d33d92c-7e75-4a46-8916-e023edf6abe7,4fa23b9d-0f0a-49a5-848f-591e23711c37
3439,40,3693c7fe-d681-48b2-9018-8d9886e9a157,4fa23b9d-0f0a-49a5-848f-591e23711c37
3440,40,bd2531bf-7de3-4e62-9b0a-8dea1dece676,4fa23b9d-0f0a-49a5-848f-591e23711c37
3441,40,70fc4e30-49b9-4106-b78f-95f83139aeb3,4fa23b9d-0f0a-49a5-848f-591e23711c37
3442,40,e06400f2-759c-4d38-9ca1-1a291a85f4fe,4fa23b9d-0f0a-49a5-848f-591e23711c37
3443,40,64bb060b-05b9-430f-a4e6-b6f72d52d477,4fa23b9d-0f0a-49a5-848f-591e23711c37
3444,40,732e2b61-1148-4978-be5e-01d9190f2d57,4fa23b9d-0f0a-49a5-848f-591e23711c37
3445,40,b041f98a-150e-4f1b-8d72-6a66b1c288ca,4fa23b9d-0f0a-49a5-848f-591e23711c37
3446,137,426712c0-077e-41cc-8c3b-837d61117dc0,3387e5b6-d36d-4475-8b34-e918249b7474
3447,40,1abd1675-181b-41ed-887f-88c95c635d29,4fa23b9d-0f0a-49a5-848f-591e23711c37
3448,40,a9415ecc-1fa0-40be-953e-62344cfa90ec,4fa23b9d-0f0a-49a5-848f-591e23711c37
3449,40,554f2391-71f3-444d-bfda-e29c4adefa1d,4fa23b9d-0f0a-49a5-848f-591e23711c37
3450,40,c720028a-787d-434a-9ed3-ef3cc70efda9,4fa23b9d-0f0a-49a5-848f-591e23711c37
3451,40,3707720b-9236-4cb2-b493-08711ef1289f,4fa23b9d-0f0a-49a5-848f-591e23711c37
3452,40,0e1d0595-8cef-4e3b-92dd-9da409ad5f9b,4fa23b9d-0f0a-49a5-848f-591e23711c37
3453,40,e66a1c05-8954-4d59-877f-b67418ec6dda,4fa23b9d-0f0a-49a5-848f-591e23711c37
3454,40,e6cff0c5-8a13-4369-ac86-bec491071983,4fa23b9d-0f0a-49a5-848f-591e23711c37
3455,137,94f901aa-cead-4fdb-b9a6-3ab3ad2934e7,3387e5b6-d36d-4475-8b34-e918249b7474
3456,137,f759180e-bfa9-454e-9741-ac232602df40,3387e5b6-d36d-4475-8b34-e918249b7474
3457,40,8b048db1-0b3d-40ed-a7de-63ab2ca08ed5,4fa23b9d-0f0a-49a5-848f-591e23711c37
3458,51,72cf46b9-cf6b-496f-8788-f1db42ea9f84,128ec9c0-9293-4d2f-bf04-855a76e8dbe0
3459,35,90a809a1-1272-4e03-b2f3-f3513d462704,4e44d169-1292-4d6e-b5b9-fddc14fbbcdc
3460,51,7d6e1c10-b858-4b32-9477-7e27f42fb1c1,128ec9c0-9293-4d2f-bf04-855a76e8dbe0
3461,51,acf74e58-8dcc-4332-8612-7ca35135690f,128ec9c0-9293-4d2f-bf04-855a76e8dbe0
3462,88,90abcbd6-75c7-48ac-b642-7afb667f0904,4a8f0ef7-dbdb-44d7-ad0c-53df3a82b320
3463,51,cbe55d7f-426e-411d-b0c6-c8b308468355,128ec9c0-9293-4d2f-bf04-855a76e8dbe0
3464,40,bb304dd2-23cf-4da6-9dd9-4af3088fdbc6,4fa23b9d-0f0a-49a5-848f-591e23711c37
3465,40,d16b6173-3f76-469d-aee1-57c9aeee49e2,4fa23b9d-0f0a-49a5-848f-591e23711c37
3466,40,5195c6ea-03a4-450c-96f0-5a1349965225,4fa23b9d-0f0a-49a5-848f-591e23711c37
3466,137,5195c6ea-03a4-450c-96f0-5a1349965225,3387e5b6-d36d-4475-8b34-e918249b7474
3467,40,31f3deb2-667a-4c9c-ae38-d04b4a14b467,4fa23b9d-0f0a-49a5-848f-591e23711c37
3468,51,8150c575-2dad-4dc9-b187-7142fe2aba73,128ec9c0-9293-4d2f-bf04-855a76e8dbe0
3469,40,8622e6a9-bad6-42ba-aa8f-9e2302608ad3,4fa23b9d-0f0a-49a5-848f-591e23711c37
3470,40,7e3094ee-e84a-4d0a-9021-748cc35925dc,4fa23b9d-0f0a-49a5-848f-591e23711c37
3471,51,27d57f15-5239-4b27-a850-9a88c7eb9a23,128ec9c0-9293-4d2f-bf04-855a76e8dbe0
3472,51,987cf8c5-df99-472b-aa7a-096bd17c7036,128ec9c0-9293-4d2f-bf04-855a76e8dbe0
3472,56,987cf8c5-df99-472b-aa7a-096bd17c7036,fe758c24-6a48-4f9c-8424-ea1956da1ac4
3473,51,1d90547e-19d2-4ece-8350-588cd7d31151,128ec9c0-9293-4d2f-bf04-855a76e8dbe0
3474,51,c937e077-8b41-4d90-bda9-62aa9006b133,128ec9c0-9293-4d2f-bf04-855a76e8dbe0
3475,51,8bdf7aca-7fd3-4f0a-a6cc-2173ff662e88,128ec9c0-9293-4d2f-bf04-855a76e8dbe0
3476,51,c4b242b9-4b2d-4ff6-90c2-734d9cb53eb7,128ec9c0-9293-4d2f-bf04-855a76e8dbe0
3477,51,ed769c2a-7999-4611-9371-70dd4c4101ad,128ec9c0-9293-4d2f-bf04-855a76e8dbe0
3478,51,b5a78556-e6b1-448c-a9ad-5d0b2c7e9558,128ec9c0-9293-4d2f-bf04-855a76e8dbe0
3479,51,35378fde-bf00-4453-9d2a-7be49ea840fd,128ec9c0-9293-4d2f-bf04-855a76e8dbe0
3480,51,398fa7e7-479a-43d4-8a98-5747bbf6868f,128ec9c0-9293-4d2f-bf04-855a76e8dbe0
3481,51,896eb0a9-b59a-46b9-b900-72c5b49d8041,128ec9c0-9293-4d2f-bf04-855a76e8dbe0
3482,51,bce418eb-c85c-4d05-8504-5159eda2e470,128ec9c0-9293-4d2f-bf04-855a76e8dbe0
3483,51,6b77d0a0-1e53-43b9-97eb-d4dbbf508866,128ec9c0-9293-4d2f-bf04-855a76e8dbe0
3484,51,44afea15-bb7b-4795-a0b7-5cba0c5c6d1b,128ec9c0-9293-4d2f-bf04-855a76e8dbe0
3485,23,93da5256-dc40-49ca-8443-02a9d0046823,b933ec53-1f11-4e21-a043-67a2419ee067
3485,140,93da5256-dc40-49ca-8443-02a9d0046823,deabd6e3-9c2d-4a79-afef-942da4b9550d
3486,35,b5df88e4-905e-4154-ad09-f5b1a72a2470,4e44d169-1292-4d6e-b5b9-fddc14fbbcdc
3487,23,28e17fc1-466d-45d9-a456-b22fb7680754,b933ec53-1f11-4e21-a043-67a2419ee067
3487,140,28e17fc1-466d-45d9-a456-b22fb7680754,deabd6e3-9c2d-4a79-afef-942da4b9550d
3488,23,bf6feeda-e234-4e4c-9a86-b3709a733bb3,b933ec53-1f11-4e21-a043-67a2419ee067
3488,140,bf6feeda-e234-4e4c-9a86-b3709a733bb3,deabd6e3-9c2d-4a79-afef-942da4b9550d
3489,23,7a603ab5-ae41-498a-b1c6-57d10685b478,b933ec53-1f11-4e21-a043-67a2419ee067
3489,140,7a603ab5-ae41-498a-b1c6-57d10685b478,deabd6e3-9c2d-4a79-afef-942da4b9550d
3490,23,35ed3051-7086-4992-89ea-92bbf43d7003,b933ec53-1f11-4e21-a043-67a2419ee067
3491,23,fd7e5385-7ea6-49e4-980b-af806dce5289,b933ec53-1f11-4e21-a043-67a2419ee067
3491,140,fd7e5385-7ea6-49e4-980b-af806dce5289,deabd6e3-9c2d-4a79-afef-942da4b9550d
3492,23,11370c8a-43ef-4805-aa7b-7e4563392be9,b933ec53-1f11-4e21-a043-67a2419ee067
3492,140,11370c8a-43ef-4805-aa7b-7e4563392be9,deabd6e3-9c2d-4a79-afef-942da4b9550d
3493,139,c94f6d0b-a5aa-4faa-98d8-fdd8349947ce,2e5acb96-569b-439b-b810-4108d057b544
3495,23,094783cf-3be2-4281-994d-93a2effdfe86,b933ec53-1f11-4e21-a043-67a2419ee067
3495,140,094783cf-3be2-4281-994d-93a2effdfe86,deabd6e3-9c2d-4a79-afef-942da4b9550d
3496,23,22f4c0ff-6557-44d4-b6dd-69ebbd73f866,b933ec53-1f11-4e21-a043-67a2419ee067
3496,140,22f4c0ff-6557-44d4-b6dd-69ebbd73f866,deabd6e3-9c2d-4a79-afef-942da4b9550d
3497,23,c591937a-509a-4619-bbc5-769c10d2392c,b933ec53-1f11-4e21-a043-67a2419ee067
3497,140,c591937a-509a-4619-bbc5-769c10d2392c,deabd6e3-9c2d-4a79-afef-942da4b9550d
3499,51,ac007b27-4eea-4e76-aa46-03c33478b5a2,128ec9c0-9293-4d2f-bf04-855a76e8dbe0
3500,23,f3353a80-ae1b-4af1-9669-e3ee8ae1c05e,b933ec53-1f11-4e21-a043-67a2419ee067
3500,140,f3353a80-ae1b-4af1-9669-e3ee8ae1c05e,deabd6e3-9c2d-4a79-afef-942da4b9550d
3501,23,18366615-8323-4d8d-a771-13973594a208,b933ec53-1f11-4e21-a043-67a2419ee067
3501,140,18366615-8323-4d8d-a771-13973594a208,deabd6e3-9c2d-4a79-afef-942da4b9550d
3502,23,2e765d58-391c-4926-ad9c-632beb153e8b,b933ec53-1f11-4e21-a043-67a2419ee067
3502,140,2e765d58-391c-4926-ad9c-632beb153e8b,deabd6e3-9c2d-4a79-afef-942da4b9550d
3503,56,0f249bd4-5396-4669-a958-77aa5639532d,fe758c24-6a48-4f9c-8424-ea1956da1ac4
3504,56,f29c6966-5b95-4ba7-b3d0-39f3fcf4037b,fe758c24-6a48-4f9c-8424-ea1956da1ac4
3505,35,288681f6-bc57-45d5-8f43-0aa384a87222,4e44d169-1292-4d6e-b5b9-fddc14fbbcdc
3505,51,288681f6-bc57-45d5-8f43-0aa384a87222,128ec9c0-9293-4d2f-bf04-855a76e8dbe0
3505,56,288681f6-bc57-45d5-8f43-0aa384a87222,fe758c24-6a48-4f9c-8424-ea1956da1ac4
3506,56,139ad425-c7f9-4e54-ab70-8441671e5a2b,fe758c24-6a48-4f9c-8424-ea1956da1ac4
3507,56,a49fa006-5f15-43d0-b657-29fea7d7e2f2,fe758c24-6a48-4f9c-8424-ea1956da1ac4
3508,56,f08ebe99-23e1-4ec8-9578-45515aa1e130,fe758c24-6a48-4f9c-8424-ea1956da1ac4
3509,56,7b605195-b81a-4faf-9a8e-cf2ca0bd4348,fe758c24-6a48-4f9c-8424-ea1956da1ac4
3510,56,ea04f100-d6f7-4ed8-9cd0-aa8eae8886f4,fe758c24-6a48-4f9c-8424-ea1956da1ac4
3511,51,fd94f6a6-7a43-48ac-b572-bbcd2f5c2afe,128ec9c0-9293-4d2f-bf04-855a76e8dbe0
3511,56,fd94f6a6-7a43-48ac-b572-bbcd2f5c2afe,fe758c24-6a48-4f9c-8424-ea1956da1ac4
3512,51,f5b50e75-377d-4aae-852b-db06af7bbf8c,128ec9c0-9293-4d2f-bf04-855a76e8dbe0
3512,113,f5b50e75-377d-4aae-852b-db06af7bbf8c,dd7f7eb4-8ef6-47a5-bf4f-dba9a54d4a3b
3512,142,f5b50e75-377d-4aae-852b-db06af7bbf8c,942de002-9a05-4cd5-b3d3-10a7b5c58de5
3513,51,b50a93a4-ae44-4d16-b858-7fb105bbaf56,128ec9c0-9293-4d2f-bf04-855a76e8dbe0
3514,51,fb841138-ac74-4474-a707-b6d22c3068bf,128ec9c0-9293-4d2f-bf04-855a76e8dbe0
3515,51,84a9d4dc-fa71-47c3-8fc7-a0842a58d032,128ec9c0-9293-4d2f-bf04-855a76e8dbe0
3516,35,9c1f99a8-2375-41f5-a9a2-30fb2aa9f1b2,4e44d169-1292-4d6e-b5b9-fddc14fbbcdc
3517,112,7b376998-6496-4d7f-9969-ae68f19c7bfb,68cb3e51-ebdc-4355-bbff-0a3453a371f1
3519,82,b87b484f-a97e-46cb-8f0a-b1aee66300fd,b4fdee65-3eb6-4778-bb61-a692022ef406
3520,27,6beb29b5-c136-483a-a921-e97e05285dce,4f571464-c0f6-460c-a1f2-fd307f5fe744
3521,82,e614e3fc-001d-495c-bae2-412e2ea5cc79,b4fdee65-3eb6-4778-bb61-a692022ef406
3522,82,52683e06-23bd-4bc0-bb47-1d836b7e4a2e,b4fdee65-3eb6-4778-bb61-a692022ef406
3523,51,28cc164b-808a-4efc-ba4f-d0fe60ad9554,128ec9c0-9293-4d2f-bf04-855a76e8dbe0
3523,112,28cc164b-808a-4efc-ba4f-d0fe60ad9554,68cb3e51-ebdc-4355-bbff-0a3453a371f1
3524,27,beb85c28-c3d7-43e5-93d3-1836c0f84579,4f571464-c0f6-460c-a1f2-fd307f5fe744
3525,27,efa19953-1b5b-4949-af83-d35923189fbe,4f571464-c0f6-460c-a1f2-fd307f5fe744
3526,27,035f440f-2f73-4995-85d9-37dc34e01d6d,4f571464-c0f6-460c-a1f2-fd307f5fe744
3527,40,460a0a30-0f88-4213-bb89-5a2eff78548a,4fa23b9d-0f0a-49a5-848f-591e23711c37
3528,51,dbdf7aa5-3c2a-4767-b089-403a4f95bdd1,128ec9c0-9293-4d2f-bf04-855a76e8dbe0
3529,94,29c07974-d432-4498-9f85-a194d375a2ff,25006cc4-a12b-4570-918f-78a97dca46a3
3530,94,3b8bafa8-78ac-4735-8365-e3e8d29eeab7,25006cc4-a12b-4570-918f-78a97dca46a3
3531,94,797a3b1d-9e12-48e1-a18e-3d65a0ad9971,25006cc4-a12b-4570-918f-78a97dca46a3
3532,94,1b4002db-5201-4a8e-b2af-8772a9312a5d,25006cc4-a12b-4570-918f-78a97dca46a3
3533,94,e1b10a63-2e0f-452a-9fb8-7773576c07a6,25006cc4-a12b-4570-918f-78a97dca46a3
3534,94,5443303b-3392-433b-a5db-d360a99656e4,25006cc4-a12b-4570-918f-78a97dca46a3
3535,94,e66fa45a-a874-4eda-a50d-7f03fd1cd14b,25006cc4-a12b-4570-918f-78a97dca46a3
3536,94,4292c9d0-d476-45e0-9dca-37ec2db0de15,25006cc4-a12b-4570-918f-78a97dca46a3
3537,94,36dd4423-5e72-4ad3-b6ed-71634ec85566,25006cc4-a12b-4570-918f-78a97dca46a3
3538,94,a84149bd-a6fb-45de-94ac-36e94920cbf3,25006cc4-a12b-4570-918f-78a97dca46a3
3539,31,f1d66ef1-2245-4d1a-8cf0-d9ba5b1c3a59,d0225294-49b3-458d-893d-ecd576c7391f
3540,94,293a9164-d011-4376-95dd-5a7d98a63986,25006cc4-a12b-4570-918f-78a97dca46a3
3541,94,3856b01c-34c6-4705-b3e6-d478ab337296,25006cc4-a12b-4570-918f-78a97dca46a3
3541,126,3856b01c-34c6-4705-b3e6-d478ab337296,7a54cb57-4518-4ee3-b447-3ab0095a379f
3542,94,766b3005-435d-4835-aa23-4937a9c5ae7e,25006cc4-a12b-4570-918f-78a97dca46a3
3543,26,9d81e6e0-0f0c-473d-97fd-3ffd25322d29,5db38fdd-3b64-4392-9002-ce7512bf3ceb
3544,26,1a16d82b-18f4-42ee-95d1-ce0c6599d786,5db38fdd-3b64-4392-9002-ce7512bf3ceb
3545,26,177fbabe-cf44-4335-8c6e-e0884c098223,5db38fdd-3b64-4392-9002-ce7512bf3ceb
3546,56,d3adbed3-7a8b-406b-900a-6b61277fae74,fe758c24-6a48-4f9c-8424-ea1956da1ac4
3547,35,9262c21a-fd5b-4650-ad9b-29d0c3d73b88,4e44d169-1292-4d6e-b5b9-fddc14fbbcdc
3548,51,0e16df8e-fada-41e7-b5d5-069a6703ca83,128ec9c0-9293-4d2f-bf04-855a76e8dbe0
3548,109,0e16df8e-fada-41e7-b5d5-069a6703ca83,564888a3-9c45-45fe-a75d-22f142fe28c1
3549,51,1b932a4b-1197-479e-95b8-08a3d12ec886,128ec9c0-9293-4d2f-bf04-855a76e8dbe0
3549,109,1b932a4b-1197-479e-95b8-08a3d12ec886,564888a3-9c45-45fe-a75d-22f142fe28c1
3550,23,940d5f82-bb1f-4ff7-b8ba-ef9757d76d53,b933ec53-1f11-4e21-a043-67a2419ee067
3550,139,940d5f82-bb1f-4ff7-b8ba-ef9757d76d53,2e5acb96-569b-439b-b810-4108d057b544
3550,140,940d5f82-bb1f-4ff7-b8ba-ef9757d76d53,deabd6e3-9c2d-4a79-afef-942da4b9550d
3551,51,9ec4df0b-3408-4efe-b664-a7b8815522d4,128ec9c0-9293-4d2f-bf04-855a76e8dbe0
3552,51,6cc535f4-d2fa-404a-ba2f-9133dd9dda12,128ec9c0-9293-4d2f-bf04-855a76e8dbe0
3553,51,836c29d4-0d1b-4cea-ba72-897e1c421aaa,128ec9c0-9293-4d2f-bf04-855a76e8dbe0
3554,144,9a767d88-5528-4e13-a96c-f430fe782e11,e44a1d2f-d83d-48c2-a628-a6816cdb3e2d
3555,109,2f5a1a91-bce9-4457-9a41-653881db7333,564888a3-9c45-45fe-a75d-22f142fe28c1
3556,40,346c19d9-3de5-4bad-9abf-80a4fbc60ba7,4fa23b9d-0f0a-49a5-848f-591e23711c37
3557,51,93b7b0cc-da99-4db5-978d-654b7a74c084,128ec9c0-9293-4d2f-bf04-855a76e8dbe0
3558,51,32d8df66-bdde-43fa-866f-fc92b623f7d5,128ec9c0-9293-4d2f-bf04-855a76e8dbe0
3559,40,939cf2e8-6b20-4c16-9881-4b15b8950cb3,4fa23b9d-0f0a-49a5-848f-591e23711c37
3560,56,0ccd12df-7845-4a1e-9c4b-4943eaf20a0c,fe758c24-6a48-4f9c-8424-ea1956da1ac4
3561,51,8abac2cf-c50c-4d70-9342-649d668c480d,128ec9c0-9293-4d2f-bf04-855a76e8dbe0
3562,51,a97438c5-5510-49d1-9f26-b3827f203315,128ec9c0-9293-4d2f-bf04-855a76e8dbe0
3564,55,ae8959c4-2629-480c-be84-b8c644e7e81c,270ebc71-de8e-476e-9eaf-4d3a9ac687da
3565,51,bdad6d5f-1768-41c6-90c9-92a9f0e4a9c3,128ec9c0-9293-4d2f-bf04-855a76e8dbe0
3565,94,bdad6d5f-1768-41c6-90c9-92a9f0e4a9c3,25006cc4-a12b-4570-918f-78a97dca46a3
3565,126,bdad6d5f-1768-41c6-90c9-92a9f0e4a9c3,7a54cb57-4518-4ee3-b447-3ab0095a379f
3566,94,669150d5-c06b-46be-943c-c2da3de4fff6,25006cc4-a12b-4570-918f-78a97dca46a3
3567,55,a3351db6-770f-485b-8f3d-29dcf504ef7f,270ebc71-de8e-476e-9eaf-4d3a9ac687da
3568,51,b2af09ec-2d80-4bab-a88c-4c6a8ebdfd08,128ec9c0-9293-4d2f-bf04-855a76e8dbe0
3569,51,36a3ad60-b9ad-4524-a019-3d0182a88953,128ec9c0-9293-4d2f-bf04-855a76e8dbe0
3570,26,ec4acffe-1954-4012-8dca-a3f05159ad89,5db38fdd-3b64-4392-9002-ce7512bf3ceb
3571,51,7c1d9ff7-a312-4fe8-91b6-666166f9a497,128ec9c0-9293-4d2f-bf04-855a76e8dbe0
3571,56,7c1d9ff7-a312-4fe8-91b6-666166f9a497,fe758c24-6a48-4f9c-8424-ea1956da1ac4
3572,56,6363ce7e-39e9-4865-a681-4482dc948c7b,fe758c24-6a48-4f9c-8424-ea1956da1ac4
3573,51,c4fecccd-c340-46d4-b8fe-0a9a30739abe,128ec9c0-9293-4d2f-bf04-855a76e8dbe0
3574,51,36930279-5293-46cf-85c5-40336d8877d7,128ec9c0-9293-4d2f-bf04-855a76e8dbe0
3575,35,dcbb39a4-87e6-4686-a439-b8ccb26ea3d1,4e44d169-1292-4d6e-b5b9-fddc14fbbcdc
3575,51,dcbb39a4-87e6-4686-a439-b8ccb26ea3d1,128ec9c0-9293-4d2f-bf04-855a76e8dbe0
3576,35,7ca7f043-9eb4-482d-acea-50ff9a4eb009,4e44d169-1292-4d6e-b5b9-fddc14fbbcdc
3576,51,7ca7f043-9eb4-482d-acea-50ff9a4eb009,128ec9c0-9293-4d2f-bf04-855a76e8dbe0
3576,55,7ca7f043-9eb4-482d-acea-50ff9a4eb009,270ebc71-de8e-476e-9eaf-4d3a9ac687da
3577,109,2fc48868-440f-4dd4-b504-b1a78f6ed820,564888a3-9c45-45fe-a75d-22f142fe28c1
3578,28,8cc9f588-6ddf-4be7-b81c-cabb578695d2,927df241-9b2c-4a41-bbe1-d6151a413b40
3579,40,aff86d9a-c08e-4653-a60a-755cca1044d7,4fa23b9d-0f0a-49a5-848f-591e23711c37
3580,40,fb3c4a86-3de9-45a1-bc8b-50ee41077748,4fa23b9d-0f0a-49a5-848f-591e23711c37
3581,56,2564cc0b-5ad5-418e-af2e-898a222d9998,fe758c24-6a48-4f9c-8424-ea1956da1ac4
3582,55,271d9bf9-c595-4cd1-b5d9-c497bbb59f70,270ebc71-de8e-476e-9eaf-4d3a9ac687da
3583,55,cafd854d-5439-46f5-a165-b346be3251b9,270ebc71-de8e-476e-9eaf-4d3a9ac687da
3584,40,01fad5ff-ba8e-4333-896d-96392555e397,4fa23b9d-0f0a-49a5-848f-591e23711c37
3585,40,1cacc366-b9fa-4853-896d-53f786e12e2b,4fa23b9d-0f0a-49a5-848f-591e23711c37
3587,40,75203f11-4a73-45e1-bd4c-d9dcb1279bfc,4fa23b9d-0f0a-49a5-848f-591e23711c37
3588,40,c3353c67-d242-417e-8765-3c3af9eac944,4fa23b9d-0f0a-49a5-848f-591e23711c37
3589,40,406f8844-a535-4ad3-b995-40de0305582e,4fa23b9d-0f0a-49a5-848f-591e23711c37
3590,40,310b8c0b-dd24-4814-af4f-e88bda860928,4fa23b9d-0f0a-49a5-848f-591e23711c37
3591,40,14c88368-a6fd-4a86-beb3-c32fdc9723ee,4fa23b9d-0f0a-49a5-848f-591e23711c37
3592,40,041a0961-a00d-4a90-8d57-1aa7fa6630de,4fa23b9d-0f0a-49a5-848f-591e23711c37
3593,40,33a1d8b6-a92a-47ca-bf63-514db51cc865,4fa23b9d-0f0a-49a5-848f-591e23711c37
3594,51,d2e76109-bcbf-4ba8-a7c9-984e662d3faf,128ec9c0-9293-4d2f-bf04-855a76e8dbe0
3595,40,042cda62-0f09-40fc-be77-51e38a828096,4fa23b9d-0f0a-49a5-848f-591e23711c37
3596,40,4bc8ea50-639f-46c5-bc18-f0b05436dd90,4fa23b9d-0f0a-49a5-848f-591e23711c37
3596,51,4bc8ea50-639f-46c5-bc18-f0b05436dd90,128ec9c0-9293-4d2f-bf04-855a76e8dbe0
3597,40,83c7cc62-8527-4911-9758-5cee9084c7a6,4fa23b9d-0f0a-49a5-848f-591e23711c37
3597,55,83c7cc62-8527-4911-9758-5cee9084c7a6,270ebc71-de8e-476e-9eaf-4d3a9ac687da
3598,40,2e2b99a9-229d-4a13-a8b4-9653530211d4,4fa23b9d-0f0a-49a5-848f-591e23711c37
3598,137,2e2b99a9-229d-4a13-a8b4-9653530211d4,3387e5b6-d36d-4475-8b34-e918249b7474
3599,40,0e2e6239-6646-48fd-8b92-f147a77b9686,4fa23b9d-0f0a-49a5-848f-591e23711c37
3600,40,c8bc91b2-ecb7-4274-9c86-77bafa6047d4,4fa23b9d-0f0a-49a5-848f-591e23711c37
3601,40,33eaa69a-b3b4-4e1d-b89b-0b79f3eef5af,4fa23b9d-0f0a-49a5-848f-591e23711c37
3602,40,3b6a5728-ae08-43d4-a11f-d675e9d2ffe4,4fa23b9d-0f0a-49a5-848f-591e23711c37
3603,40,a21a662a-c9a3-4b9a-a2c4-f0ed342dafae,4fa23b9d-0f0a-49a5-848f-591e23711c37
3604,40,8878e7f9-18d5-433b-81c3-d39c2a668356,4fa23b9d-0f0a-49a5-848f-591e23711c37
3605,40,d4e0301c-cdb2-494c-9336-f93416b55917,4fa23b9d-0f0a-49a5-848f-591e23711c37
3606,40,29a40d4f-a67f-44bc-b2f7-2b303f29f87a,4fa23b9d-0f0a-49a5-848f-591e23711c37
3607,40,b7639ec7-a5e6-49d4-9120-fec23f373c5a,4fa23b9d-0f0a-49a5-848f-591e23711c37
3608,40,647203be-5ca7-47a4-9f2a-9fed0269bf05,4fa23b9d-0f0a-49a5-848f-591e23711c37
3609,40,3d90e19b-2e45-4c18-8255-3400d55486b6,4fa23b9d-0f0a-49a5-848f-591e23711c37
3610,40,f672da42-f25b-48c1-9d92-c8153de01ded,4fa23b9d-0f0a-49a5-848f-591e23711c37
3611,40,7fc0469c-3e19-4ba1-8231-768a9767d3b1,4fa23b9d-0f0a-49a5-848f-591e23711c37
3612,40,90a48960-13e2-4ccc-8f15-1bab561057a0,4fa23b9d-0f0a-49a5-848f-591e23711c37
3613,40,aa0eb04d-e0fb-4098-9df4-4b429c3a0bee,4fa23b9d-0f0a-49a5-848f-591e23711c37
3614,40,998e6f3c-35ed-459d-a74f-a9584e045293,4fa23b9d-0f0a-49a5-848f-591e23711c37
3615,40,5410ab4b-35ad-46f4-b22f-4431aecb00b4,4fa23b9d-0f0a-49a5-848f-591e23711c37
3616,40,d83ea1f0-4f6c-46fa-8737-da99108f4c48,4fa23b9d-0f0a-49a5-848f-591e23711c37
3618,40,267e0e1e-8a6f-4a65-8384-13029f230670,4fa23b9d-0f0a-49a5-848f-591e23711c37
3619,128,8972d3a7-1f24-4340-9f4f-b23f81bae998,846904c7-46e8-42ca-919a-3c6ce92f09fe
3620,40,91a810e9-2bdf-4230-8df8-3cbf68fbccff,4fa23b9d-0f0a-49a5-848f-591e23711c37
3621,40,c6ad81f1-f3b3-427f-a642-1f3034c1ff91,4fa23b9d-0f0a-49a5-848f-591e23711c37
3623,40,3cac4c35-b098-4b19-ad98-52fb776f6acd,4fa23b9d-0f0a-49a5-848f-591e23711c37
3624,40,449a31ce-831b-4157-a7ee-aa1bfa5131dc,4fa23b9d-0f0a-49a5-848f-591e23711c37
3625,40,81d74878-4a30-4407-8760-e29beb2c6e8f,4fa23b9d-0f0a-49a5-848f-591e23711c37
3626,40,aa73692f-7fff-47cf-8405-3b44516e704a,4fa23b9d-0f0a-49a5-848f-591e23711c37
3627,6,6afe8b8b-e15c-4387-a2f8-b646e5c7421b,60d0dc9e-4acd-4836-9376-f0bc5ea2f635
3628,51,ae1d390d-7781-4e45-90aa-6deef0e96dbd,128ec9c0-9293-4d2f-bf04-855a76e8dbe0
3629,40,c45b40ab-52f8-490c-8b62-fb5d633fdd4c,4fa23b9d-0f0a-49a5-848f-591e23711c37
3630,40,ac0ce683-0788-4904-b623-35c3b154343a,4fa23b9d-0f0a-49a5-848f-591e23711c37
3631,137,275828dc-7a55-43db-8ff8-f14494c63ba5,3387e5b6-d36d-4475-8b34-e918249b7474
3632,40,677d4bfb-f97e-4af8-ac66-9fe8119df83a,4fa23b9d-0f0a-49a5-848f-591e23711c37
3633,40,fc2b6511-a904-4560-904d-e4438c5d5061,4fa23b9d-0f0a-49a5-848f-591e23711c37
3634,40,21c74f74-9c5d-4ace-8e97-6f3faa4b8612,4fa23b9d-0f0a-49a5-848f-591e23711c37
3635,40,6261becd-1f92-4deb-b4e5-2dc130844883,4fa23b9d-0f0a-49a5-848f-591e23711c37
3636,40,765890e0-768a-4297-9c4b-7946e63daaaf,4fa23b9d-0f0a-49a5-848f-591e23711c37
3637,40,d8c1d51c-b065-4dde-8b4d-63bb483165fc,4fa23b9d-0f0a-49a5-848f-591e23711c37
3638,35,55fc68b5-31a4-4e0b-8b2d-58b859607ec1,4e44d169-1292-4d6e-b5b9-fddc14fbbcdc
3639,51,c3fba201-7bc1-4227-a5e3-0b7e3a7b06a0,128ec9c0-9293-4d2f-bf04-855a76e8dbe0
3640,51,f74383af-1c3a-4c56-9d7b-851656e6e208,128ec9c0-9293-4d2f-bf04-855a76e8dbe0
3641,51,5cedda00-1f47-491b-a31b-11b2909e8e65,128ec9c0-9293-4d2f-bf04-855a76e8dbe0
3642,51,2e28df0a-8e19-470c-b857-611ccaf5fd03,128ec9c0-9293-4d2f-bf04-855a76e8dbe0
3644,51,adebc5ab-dd7b-49c6-98f2-96ea9e80b8e3,128ec9c0-9293-4d2f-bf04-855a76e8dbe0
3646,51,9369a7d7-a4a3-4355-a2ca-1d8e05f25715,128ec9c0-9293-4d2f-bf04-855a76e8dbe0
3647,51,8e610daf-d9ba-4ddd-bf7c-b11c0b26dabc,128ec9c0-9293-4d2f-bf04-855a76e8dbe0
3649,51,4c2b3759-2259-4aa6-9d1a-590346530812,128ec9c0-9293-4d2f-bf04-855a76e8dbe0
3650,51,0a1c7a07-4244-4a9a-8e55-27acdc38f3d0,128ec9c0-9293-4d2f-bf04-855a76e8dbe0
3651,51,551a6ba4-cd56-4457-b3d5-3fe0ee3ffd0a,128ec9c0-9293-4d2f-bf04-855a76e8dbe0
3651,68,551a6ba4-cd56-4457-b3d5-3fe0ee3ffd0a,9c91e337-de90-4248-93d0-9d1dd02cdfbd
3651,70,551a6ba4-cd56-4457-b3d5-3fe0ee3ffd0a,7a8c5e91-8e6c-4e32-95d3-f3eb2390280c
3652,51,6df17453-77ec-49b5-aca8-b5f221770886,128ec9c0-9293-4d2f-bf04-855a76e8dbe0
3653,51,df6be0c1-0b82-4c3d-a88f-f706669cf944,128ec9c0-9293-4d2f-bf04-855a76e8dbe0
3654,51,61457fc5-daf3-4d90-b36d-7a7b74602d0a,128ec9c0-9293-4d2f-bf04-855a76e8dbe0
3655,51,4c92160e-98ae-420a-98bd-a69aee34b08c,128ec9c0-9293-4d2f-bf04-855a76e8dbe0
3656,51,7ac9b58d-4d1e-434d-af9e-f0ef52973575,128ec9c0-9293-4d2f-bf04-855a76e8dbe0
3657,51,9c24333f-a34e-4b00-b644-28e19cce0c7a,128ec9c0-9293-4d2f-bf04-855a76e8dbe0
3658,51,a7016a96-8c8c-4c71-8f71-17d7a69060e6,128ec9c0-9293-4d2f-bf04-855a76e8dbe0
3659,51,ba2fa748-f62f-40dc-a466-179b9b82da59,128ec9c0-9293-4d2f-bf04-855a76e8dbe0
3660,51,ba6ef1de-2213-41e2-9c34-670d0a8e3e20,128ec9c0-9293-4d2f-bf04-855a76e8dbe0
3662,51,a6266ddb-545f-4242-907b-a6e5f971bb91,128ec9c0-9293-4d2f-bf04-855a76e8dbe0
3663,51,edf1471b-8c27-450c-a814-8898f1813019,128ec9c0-9293-4d2f-bf04-855a76e8dbe0
3664,51,164e2edd-895f-409b-a9a3-e87b80ca4a3a,128ec9c0-9293-4d2f-bf04-855a76e8dbe0
3665,51,f0e3d511-0364-4e43-9aaf-d9c4676032d8,128ec9c0-9293-4d2f-bf04-855a76e8dbe0
3666,51,d671668a-46c6-43f4-8c3e-1882b25fa74b,128ec9c0-9293-4d2f-bf04-855a76e8dbe0
3667,26,b496aa1d-bb00-4cc2-ad8d-e6a91081f8c5,5db38fdd-3b64-4392-9002-ce7512bf3ceb
3667,51,b496aa1d-bb00-4cc2-ad8d-e6a91081f8c5,128ec9c0-9293-4d2f-bf04-855a76e8dbe0
3667,98,b496aa1d-bb00-4cc2-ad8d-e6a91081f8c5,be780d31-0e95-45fa-9256-19c77a769c5c
3668,51,495f8932-0919-487e-a89c-7d7941b4a323,128ec9c0-9293-4d2f-bf04-855a76e8dbe0
3669,51,d850841c-3d84-4652-905e-55a8d4b95b4d,128ec9c0-9293-4d2f-bf04-855a76e8dbe0
3670,40,bdcd032e-b073-46b2-ba80-abe007d4871f,4fa23b9d-0f0a-49a5-848f-591e23711c37
3670,46,bdcd032e-b073-46b2-ba80-abe007d4871f,3628564c-ce28-4570-8b37-4c1cc4ec385a
3670,55,bdcd032e-b073-46b2-ba80-abe007d4871f,270ebc71-de8e-476e-9eaf-4d3a9ac687da
3670,67,bdcd032e-b073-46b2-ba80-abe007d4871f,21d18762-d7d2-4ce4-a7b4-ea2efcbc1e17
3670,88,bdcd032e-b073-46b2-ba80-abe007d4871f,4a8f0ef7-dbdb-44d7-ad0c-53df3a82b320
3670,94,bdcd032e-b073-46b2-ba80-abe007d4871f,25006cc4-a12b-4570-918f-78a97dca46a3
3671,51,af1ebeba-aeda-4b5a-b5f0-8a9130822f21,128ec9c0-9293-4d2f-bf04-855a76e8dbe0
3672,109,9ad96563-7494-4b1c-a297-94151d69a1c1,564888a3-9c45-45fe-a75d-22f142fe28c1
3673,51,c06d3eca-4ae0-4df9-a8bd-07f8a2e417b8,128ec9c0-9293-4d2f-bf04-855a76e8dbe0
3674,51,f767eae9-bdd1-424f-8f54-b18d38c03008,128ec9c0-9293-4d2f-bf04-855a76e8dbe0
3675,56,356d4348-68a3-44ec-adfa-7c561b34177f,fe758c24-6a48-4f9c-8424-ea1956da1ac4
3676,137,7e2d487f-c5e8-4baa-aec8-069a93c16a13,3387e5b6-d36d-4475-8b34-e918249b7474
3677,35,52e88d71-21e0-4c09-a948-3b1617e1ddaa,4e44d169-1292-4d6e-b5b9-fddc14fbbcdc
3678,51,33578b81-77cb-4e42-b405-b68870d82e61,128ec9c0-9293-4d2f-bf04-855a76e8dbe0
3679,51,1520e509-f1f6-4a60-a4d0-9098bb2317aa,128ec9c0-9293-4d2f-bf04-855a76e8dbe0
3680,51,786b8064-f05b-48b1-b136-36a30332673c,128ec9c0-9293-4d2f-bf04-855a76e8dbe0
3681,51,1891681e-6d7a-459a-aaab-a758bcd856db,128ec9c0-9293-4d2f-bf04-855a76e8dbe0
3682,35,0b9d82ba-908a-48dd-972c-4cbc82264308,4e44d169-1292-4d6e-b5b9-fddc14fbbcdc
3682,51,0b9d82ba-908a-48dd-972c-4cbc82264308,128ec9c0-9293-4d2f-bf04-855a76e8dbe0
3682,67,0b9d82ba-908a-48dd-972c-4cbc82264308,21d18762-d7d2-4ce4-a7b4-ea2efcbc1e17
3683,51,93540290-27fe-474b-ae28-ac95e77cb54e,128ec9c0-9293-4d2f-bf04-855a76e8dbe0
3684,35,92ac2eb6-8020-4e16-973d-0b7bdfd323da,4e44d169-1292-4d6e-b5b9-fddc14fbbcdc
3685,56,c1a6d58f-d883-4571-b957-1ae84539f270,fe758c24-6a48-4f9c-8424-ea1956da1ac4
3686,51,b374270c-d3ea-404e-bc0a-1a9bf4489692,128ec9c0-9293-4d2f-bf04-855a76e8dbe0
3687,51,458a629a-b344-4a6d-9d81-ee499c74922f,128ec9c0-9293-4d2f-bf04-855a76e8dbe0
3688,51,d3f1838d-97e2-4752-9549-824fdf34b9d1,128ec9c0-9293-4d2f-bf04-855a76e8dbe0
3689,51,e6545707-2771-47cd-810e-0189c451dc0b,128ec9c0-9293-4d2f-bf04-855a76e8dbe0
3690,51,79cae4bb-edc9-416d-bb1d-78d2bcc47a01,128ec9c0-9293-4d2f-bf04-855a76e8dbe0
3691,51,cb607735-767c-4635-94c6-356979571c4a,128ec9c0-9293-4d2f-bf04-855a76e8dbe0
3692,94,c1e22df7-a89b-486c-a7e1-5dca3a3bf27c,25006cc4-a12b-4570-918f-78a97dca46a3
3693,88,92af1b89-7619-454d-a285-73ca4fda7aab,4a8f0ef7-dbdb-44d7-ad0c-53df3a82b320
3694,88,959903d6-7a24-4305-8543-dbae03e6dd6d,4a8f0ef7-dbdb-44d7-ad0c-53df3a82b320
3695,89,3dead85a-1cd5-4889-8712-cabf12c36e63,d66c728d-eb3c-4695-a4d2-3f77f8a5ca59
3696,106,f96d7ada-3f2c-4ba8-9e04-1180ac1818ae,4ff7967b-ba33-4eb7-a6f1-43348acfd978
3697,51,43a854f1-d624-4519-99ff-8c246bda1b14,128ec9c0-9293-4d2f-bf04-855a76e8dbe0
3698,88,8d47b0ee-3c57-499e-af44-a03c8fbcc1d0,4a8f0ef7-dbdb-44d7-ad0c-53df3a82b320
3699,109,0430816d-80bb-432b-9673-3d92606a547c,564888a3-9c45-45fe-a75d-22f142fe28c1
3700,51,e328b797-7851-408f-be0f-c6fe85585bb5,128ec9c0-9293-4d2f-bf04-855a76e8dbe0
3701,40,3eb5a9ac-89c8-4bc1-8b7c-c1e16d5613f8,4fa23b9d-0f0a-49a5-848f-591e23711c37
3702,51,420e6a59-a2b7-40e8-bdb3-9d63e94df78f,128ec9c0-9293-4d2f-bf04-855a76e8dbe0
3703,94,1a8d0a36-71c2-466f-8e17-6a52c7051d82,25006cc4-a12b-4570-918f-78a97dca46a3
3704,88,e6e8d554-591c-48cd-9bd4-3f59595ff58f,4a8f0ef7-dbdb-44d7-ad0c-53df3a82b320
3705,51,dd9b9234-7f37-4c77-acfa-ac4e2d54fd01,128ec9c0-9293-4d2f-bf04-855a76e8dbe0
3706,51,9d8da41e-20aa-4540-97a1-6fd3a076a9f2,128ec9c0-9293-4d2f-bf04-855a76e8dbe0
3707,56,f425c9b0-89db-4663-964f-6840bf35470f,fe758c24-6a48-4f9c-8424-ea1956da1ac4
3708,51,6284e62b-c30c-408c-8bb0-d81ddbff53c5,128ec9c0-9293-4d2f-bf04-855a76e8dbe0
3709,129,bf7cb01f-95e7-4528-9b94-224b291fcb4a,45ed65c9-8447-4bc3-a522-f16ef2fa5618
3710,88,51d1035f-d037-43c5-bc76-1fc9fc346eb3,4a8f0ef7-dbdb-44d7-ad0c-53df3a82b320
3711,94,e7bd14a3-c0d5-47cd-91ad-771664623dac,25006cc4-a12b-4570-918f-78a97dca46a3
3712,35,bac79341-b644-4f59-a92f-0ecfa80779dd,4e44d169-1292-4d6e-b5b9-fddc14fbbcdc
3712,51,bac79341-b644-4f59-a92f-0ecfa80779dd,128ec9c0-9293-4d2f-bf04-855a76e8dbe0
3713,26,f19a1ef7-40f9-41b5-b996-229fcc0b45c2,5db38fdd-3b64-4392-9002-ce7512bf3ceb
3714,51,b9739618-0368-4351-a45d-22cbaf69b6a2,128ec9c0-9293-4d2f-bf04-855a76e8dbe0
3715,40,44124242-c4f0-4090-8705-2b7f3d9314c6,4fa23b9d-0f0a-49a5-848f-591e23711c37
3715,51,44124242-c4f0-4090-8705-2b7f3d9314c6,128ec9c0-9293-4d2f-bf04-855a76e8dbe0
3715,55,44124242-c4f0-4090-8705-2b7f3d9314c6,270ebc71-de8e-476e-9eaf-4d3a9ac687da
3716,132,2749a21b-a0cf-4c70-9720-9b49c842449e,d04bf62f-6a29-4a4d-8e0f-0f5c16488ccd
3717,51,c05bae81-e789-494a-95ee-5d2ff9aed57b,128ec9c0-9293-4d2f-bf04-855a76e8dbe0
3718,40,666aee4f-8547-463a-af74-b63fb6522274,4fa23b9d-0f0a-49a5-848f-591e23711c37
3719,88,7c752f98-15cb-44bf-94ef-a11035e3ea80,4a8f0ef7-dbdb-44d7-ad0c-53df3a82b320
3720,51,959ca0f9-e449-42be-a74e-ed1f814f4a84,128ec9c0-9293-4d2f-bf04-855a76e8dbe0
3720,109,959ca0f9-e449-42be-a74e-ed1f814f4a84,564888a3-9c45-45fe-a75d-22f142fe28c1
3721,51,415548a5-7252-46f0-a4cd-9779b1654f92,128ec9c0-9293-4d2f-bf04-855a76e8dbe0
3722,51,28423532-4cb8-44f0-9b82-117f875be2df,128ec9c0-9293-4d2f-bf04-855a76e8dbe0
3722,109,28423532-4cb8-44f0-9b82-117f875be2df,564888a3-9c45-45fe-a75d-22f142fe28c1
3723,35,006fdf2c-54be-4ebf-a31e-b0842c9604b1,4e44d169-1292-4d6e-b5b9-fddc14fbbcdc
3723,51,006fdf2c-54be-4ebf-a31e-b0842c9604b1,128ec9c0-9293-4d2f-bf04-855a76e8dbe0
3724,6,1db410eb-e618-4ad9-be47-6a93389f6585,60d0dc9e-4acd-4836-9376-f0bc5ea2f635
3724,35,1db410eb-e618-4ad9-be47-6a93389f6585,4e44d169-1292-4d6e-b5b9-fddc14fbbcdc
3725,35,17a069de-aa87-41a5-a8e1-27ad4d52020a,4e44d169-1292-4d6e-b5b9-fddc14fbbcdc
3726,51,d995f495-92c3-4fc5-b3b4-706df022ec8a,128ec9c0-9293-4d2f-bf04-855a76e8dbe0
3727,137,3ce1ae33-414c-4880-b88d-9e076f8966e8,3387e5b6-d36d-4475-8b34-e918249b7474
3728,77,54fbae41-8da7-43ef-ab8d-2a4628040a48,cbd8c19c-5fbc-42e1-9abb-92d9b231387b
3729,51,bbceb2fd-8013-4387-86ee-b389387c0470,128ec9c0-9293-4d2f-bf04-855a76e8dbe0
3730,51,c15e5233-6154-48a3-82f1-bd1102ab8d54,128ec9c0-9293-4d2f-bf04-855a76e8dbe0
3731,51,0676095c-e283-422b-9dea-f639db39859f,128ec9c0-9293-4d2f-bf04-855a76e8dbe0
3731,109,0676095c-e283-422b-9dea-f639db39859f,564888a3-9c45-45fe-a75d-22f142fe28c1
3732,26,75fec878-ab5b-4fcf-b176-1fea0eac7c08,5db38fdd-3b64-4392-9002-ce7512bf3ceb
3733,51,9b3fa283-ea2d-4f5e-bf48-809e158cbb1f,128ec9c0-9293-4d2f-bf04-855a76e8dbe0
3734,40,e6f60960-d6ac-4511-b835-13163394d79b,4fa23b9d-0f0a-49a5-848f-591e23711c37
3735,51,2bd418ae-9022-4714-83d5-c3b6e4ece878,128ec9c0-9293-4d2f-bf04-855a76e8dbe0
3736,51,9a86d5b8-da77-4fe4-9506-27cb26033bd5,128ec9c0-9293-4d2f-bf04-855a76e8dbe0
3736,88,9a86d5b8-da77-4fe4-9506-27cb26033bd5,4a8f0ef7-dbdb-44d7-ad0c-53df3a82b320
3737,51,33263e3f-d364-4d83-bf45-18559d4dee8e,128ec9c0-9293-4d2f-bf04-855a76e8dbe0
3738,23,09610f62-7940-4139-87fd-972c47fcf446,b933ec53-1f11-4e21-a043-67a2419ee067
3738,140,09610f62-7940-4139-87fd-972c47fcf446,deabd6e3-9c2d-4a79-afef-942da4b9550d
3739,35,27b8a835-6d87-4a54-8ca4-9723b4f3537a,4e44d169-1292-4d6e-b5b9-fddc14fbbcdc
3739,51,27b8a835-6d87-4a54-8ca4-9723b4f3537a,128ec9c0-9293-4d2f-bf04-855a76e8dbe0
3739,94,27b8a835-6d87-4a54-8ca4-9723b4f3537a,25006cc4-a12b-4570-918f-78a97dca46a3
3740,51,d1974ed9-4961-4fba-b1cd-9791c8893330,128ec9c0-9293-4d2f-bf04-855a76e8dbe0
3740,94,d1974ed9-4961-4fba-b1cd-9791c8893330,25006cc4-a12b-4570-918f-78a97dca46a3
3740,126,d1974ed9-4961-4fba-b1cd-9791c8893330,7a54cb57-4518-4ee3-b447-3ab0095a379f
3741,126,6c6d252b-0511-45be-8fd1-4f914b8d2a7e,7a54cb57-4518-4ee3-b447-3ab0095a379f
3742,56,56118dcd-ca8d-4f3b-adc6-9068677948c8,fe758c24-6a48-4f9c-8424-ea1956da1ac4
3743,40,4ff19710-2892-4408-b738-3955f35bf12b,4fa23b9d-0f0a-49a5-848f-591e23711c37
3744,35,d02466b8-6f93-4fae-a96d-8114f047c436,4e44d169-1292-4d6e-b5b9-fddc14fbbcdc
3745,35,c916c639-1ccf-40ae-ab4c-961092420caa,4e44d169-1292-4d6e-b5b9-fddc14fbbcdc
3746,35,d936b890-ea90-49e2-9f02-d34b18da4494,4e44d169-1292-4d6e-b5b9-fddc14fbbcdc
3747,35,152d4f6c-f884-402f-8f05-d22360010cbb,4e44d169-1292-4d6e-b5b9-fddc14fbbcdc
3748,35,2fdd7a14-9546-4fe0-8e9d-07fa00d67264,4e44d169-1292-4d6e-b5b9-fddc14fbbcdc
3749,51,14822550-98b0-4d14-83f6-4b19f189cc8b,128ec9c0-9293-4d2f-bf04-855a76e8dbe0
3750,51,68836542-62ca-426d-9f61-ecc9d5a47797,128ec9c0-9293-4d2f-bf04-855a76e8dbe0
3751,51,3ef2a7e6-2f79-40ee-9c1a-f9ae10f9dcdf,128ec9c0-9293-4d2f-bf04-855a76e8dbe0
3752,51,abd285ad-8290-4ade-aac0-5d76050b03d5,128ec9c0-9293-4d2f-bf04-855a76e8dbe0
3753,51,18b7257a-d8db-4aad-b4dd-c0966d2ebf98,128ec9c0-9293-4d2f-bf04-855a76e8dbe0
3754,150,51959171-70aa-47d8-8120-b69f64e2da18,93a6a059-a0dd-480b-be21-80a4ed3002d4
3755,51,20a4bb4a-c8ef-466c-87a5-88243898dc1d,128ec9c0-9293-4d2f-bf04-855a76e8dbe0
3756,51,4ca816f1-190b-4203-a4c5-ca03491cf18f,128ec9c0-9293-4d2f-bf04-855a76e8dbe0
3757,51,020670a7-73f9-40d9-a230-e49086603a47,128ec9c0-9293-4d2f-bf04-855a76e8dbe0
3758,51,a3529eda-af28-4c97-8e21-9c60acda34c9,128ec9c0-9293-4d2f-bf04-855a76e8dbe0
3759,51,ffa32684-9c77-45ac-8585-c3a5cc1d9326,128ec9c0-9293-4d2f-bf04-855a76e8dbe0
3760,51,294afc71-d34d-4452-a6a7-77a7f991dd0c,128ec9c0-9293-4d2f-bf04-855a76e8dbe0
3762,48,18ff4f84-3c24-43cf-ad27-b3c6ce96972c,c5b0606d-4e0c-42cb-9abd-f99bf45fe357
3762,51,18ff4f84-3c24-43cf-ad27-b3c6ce96972c,128ec9c0-9293-4d2f-bf04-855a76e8dbe0
3762,109,18ff4f84-3c24-43cf-ad27-b3c6ce96972c,564888a3-9c45-45fe-a75d-22f142fe28c1
3763,51,d2de9ed1-c0f1-45a4-b3f9-3ca710da733f,128ec9c0-9293-4d2f-bf04-855a76e8dbe0
3764,51,3645f449-8833-47db-a392-7760f0162e92,128ec9c0-9293-4d2f-bf04-855a76e8dbe0
3764,55,3645f449-8833-47db-a392-7760f0162e92,270ebc71-de8e-476e-9eaf-4d3a9ac687da
3765,40,71bbdc1d-97d1-4c2d-80b8-223b493249ed,4fa23b9d-0f0a-49a5-848f-591e23711c37
3765,55,71bbdc1d-97d1-4c2d-80b8-223b493249ed,270ebc71-de8e-476e-9eaf-4d3a9ac687da
3766,51,c2458097-63bc-4304-86be-b092b916fa47,128ec9c0-9293-4d2f-bf04-855a76e8dbe0
3767,35,ad4e145b-829e-4ce7-aeaf-9c3260435839,4e44d169-1292-4d6e-b5b9-fddc14fbbcdc
3769,56,36383db2-8721-4250-8614-41e4ddc306dd,fe758c24-6a48-4f9c-8424-ea1956da1ac4
3770,40,ab594c4c-ee25-4db4-8523-1df54c1e74f2,4fa23b9d-0f0a-49a5-848f-591e23711c37
3771,40,04755e74-5224-4a8c-b452-f5633c3c98a2,4fa23b9d-0f0a-49a5-848f-591e23711c37
3772,102,92e2721d-9345-4d03-b3dd-dfe8a9e1113c,7a5bfcac-29ca-45b1-bf3e-c6cc3d11d0ff
3773,121,45fbe88d-f0bb-41c9-b505-04563de6a22f,aa0c18c7-f02c-48d5-9ecd-4ab2a350c002
3774,51,795b4dc6-eab9-4b24-8de7-22fea96ff0d8,128ec9c0-9293-4d2f-bf04-855a76e8dbe0
3775,56,1dde689c-5c4b-4663-b6bb-bba950fba494,fe758c24-6a48-4f9c-8424-ea1956da1ac4
3776,119,5c754b3c-058d-4e72-b073-7639e4f8c2e4,3d3f69c7-72e0-427a-a3c2-eea3ee272f87
3777,51,6ad36c31-0117-4f51-bc50-fcc6b3261b10,128ec9c0-9293-4d2f-bf04-855a76e8dbe0
3778,25,3c478788-ae88-48d2-9ed5-da47f0cd5dbd,b9df3400-41bb-46a8-8b68-7e951f1806b9
3779,25,fe726e60-1165-406a-9391-574cb54ed4c9,b9df3400-41bb-46a8-8b68-7e951f1806b9
3780,25,dfb9ae28-a008-4f00-93de-7e82f5786274,b9df3400-41bb-46a8-8b68-7e951f1806b9
3781,25,857c27da-093b-4dbe-9890-426f4c16c4e3,b9df3400-41bb-46a8-8b68-7e951f1806b9
3782,25,9a5f914d-1c63-4799-aff3-8358432593de,b9df3400-41bb-46a8-8b68-7e951f1806b9
3783,25,fd3416c4-5303-4ea2-972a-2a4ac9b4c84f,b9df3400-41bb-46a8-8b68-7e951f1806b9
3784,35,9a7273c2-b2ac-4d63-832f-824c70e8698d,4e44d169-1292-4d6e-b5b9-fddc14fbbcdc
3785,51,a8ac21e8-9b5c-468e-801e-36065d94a918,128ec9c0-9293-4d2f-bf04-855a76e8dbe0
3786,51,2477c283-51d1-438d-900a-1502b800e2f0,128ec9c0-9293-4d2f-bf04-855a76e8dbe0
3787,51,44f96085-ad81-4a05-aa0a-a652b928ca23,128ec9c0-9293-4d2f-bf04-855a76e8dbe0
3788,51,3254f51d-bb8c-4b47-acf8-57e58e499879,128ec9c0-9293-4d2f-bf04-855a76e8dbe0
3789,107,f9c32322-75b7-4425-bad4-b5019914fced,d2824434-f3ce-495e-a9c2-573cae2f6f6e
3790,56,1c0c4ca6-57e9-40fe-9ec5-e0e1d26f1064,fe758c24-6a48-4f9c-8424-ea1956da1ac4
3791,40,e85c7b2e-bc60-44d7-b38c-567a3ea134a5,4fa23b9d-0f0a-49a5-848f-591e23711c37
3792,93,a3176558-7158-4983-b848-c3df5ef1733c,38962bb9-86b9-4d16-ad61-6436782a7783
3793,23,cca706b8-ccc9-4c94-ba44-9dfadd45a790,b933ec53-1f11-4e21-a043-67a2419ee067
3793,56,cca706b8-ccc9-4c94-ba44-9dfadd45a790,fe758c24-6a48-4f9c-8424-ea1956da1ac4
3793,140,cca706b8-ccc9-4c94-ba44-9dfadd45a790,deabd6e3-9c2d-4a79-afef-942da4b9550d
3794,98,9d9b8846-940d-4491-a871-393a2e25d4cd,be780d31-0e95-45fa-9256-19c77a769c5c
3795,40,32e34290-995d-4e60-9faf-5a63c7052008,4fa23b9d-0f0a-49a5-848f-591e23711c37
3796,40,f750c200-5aa6-454c-bf99-18f490310ef4,4fa23b9d-0f0a-49a5-848f-591e23711c37
3797,51,203bf547-3a3c-4bbd-8bd1-59228a8d26b5,128ec9c0-9293-4d2f-bf04-855a76e8dbe0
3798,51,7f7b26b4-7416-4890-8d68-1b09b6a25341,128ec9c0-9293-4d2f-bf04-855a76e8dbe0
3799,51,93c3845f-e1a6-45b3-aae1-f29f0bc20bcb,128ec9c0-9293-4d2f-bf04-855a76e8dbe0
3800,51,c253a88e-7695-4351-9939-18ea1ac40c74,128ec9c0-9293-4d2f-bf04-855a76e8dbe0
3801,51,2d04fb76-abc1-4f5d-9db9-8fb025893cb8,128ec9c0-9293-4d2f-bf04-855a76e8dbe0
3802,51,ce066122-e42f-4a20-bee8-a843c6b25e2d,128ec9c0-9293-4d2f-bf04-855a76e8dbe0
3803,51,ffc51784-db54-4294-9dc7-39c9f78f7f7a,128ec9c0-9293-4d2f-bf04-855a76e8dbe0
3805,51,0d0e1309-19c3-47c3-8f7a-0b716f4a3cd3,128ec9c0-9293-4d2f-bf04-855a76e8dbe0
3806,51,e7435821-b697-4975-be4f-ab58ed697d37,128ec9c0-9293-4d2f-bf04-855a76e8dbe0
3807,51,75826dfe-9394-49f7-bd52-0246479f7a12,128ec9c0-9293-4d2f-bf04-855a76e8dbe0
3808,51,80774514-9480-44dd-a86f-4ba9f2f2a7b4,128ec9c0-9293-4d2f-bf04-855a76e8dbe0
3809,51,5465295c-8af5-4cec-80ce-b430e8d6528e,128ec9c0-9293-4d2f-bf04-855a76e8dbe0
3810,51,b7bebc35-b06c-4e83-b3bd-ac399dc2d4bb,128ec9c0-9293-4d2f-bf04-855a76e8dbe0
3811,6,d2e347cd-a225-48a9-81c0-4453bd618065,60d0dc9e-4acd-4836-9376-f0bc5ea2f635
3812,6,a3cfbb03-ca87-4687-808e-c24d8b14427d,60d0dc9e-4acd-4836-9376-f0bc5ea2f635
3813,6,91c440ef-336e-4d0c-a467-dc2270f59643,60d0dc9e-4acd-4836-9376-f0bc5ea2f635
3814,140,83025a97-4610-48c9-b237-bd16604ac07d,deabd6e3-9c2d-4a79-afef-942da4b9550d
3815,140,9fc97f7d-d0a9-49a5-baf0-20582e7e6a6a,deabd6e3-9c2d-4a79-afef-942da4b9550d
3816,140,459b8981-f9dd-4535-a254-be201f90a619,deabd6e3-9c2d-4a79-afef-942da4b9550d
3817,35,37a2b940-370d-43f0-9ade-0cce800e79ba,4e44d169-1292-4d6e-b5b9-fddc14fbbcdc
3817,51,37a2b940-370d-43f0-9ade-0cce800e79ba,128ec9c0-9293-4d2f-bf04-855a76e8dbe0
3818,51,b14fecb3-46a9-436f-a7a6-81990f571edf,128ec9c0-9293-4d2f-bf04-855a76e8dbe0
3820,51,83200a0f-f9c6-4c04-8600-aa0c7038a22f,128ec9c0-9293-4d2f-bf04-855a76e8dbe0
3821,51,df79dd1f-bcfe-428b-a6c1-fabc9666a6ab,128ec9c0-9293-4d2f-bf04-855a76e8dbe0
3822,51,f4509ad8-decb-4806-bf17-7532cd2de425,128ec9c0-9293-4d2f-bf04-855a76e8dbe0
3823,51,0acb9e15-3401-4976-9e1a-5c979537351b,128ec9c0-9293-4d2f-bf04-855a76e8dbe0
3824,51,f78b5eb0-5a60-430e-9132-2cc8908704c2,128ec9c0-9293-4d2f-bf04-855a76e8dbe0
3826,88,44df39ad-e015-49f0-921f-01e4c32511ea,4a8f0ef7-dbdb-44d7-ad0c-53df3a82b320
3827,88,f571b36d-e57c-4c55-b8ef-6d7e45a3127a,4a8f0ef7-dbdb-44d7-ad0c-53df3a82b320
3828,88,57995620-e81d-4068-936b-4d7bf9e445ae,4a8f0ef7-dbdb-44d7-ad0c-53df3a82b320
3829,88,a5fa1219-a7c7-4785-b754-dad3aef05a73,4a8f0ef7-dbdb-44d7-ad0c-53df3a82b320
3830,88,3f77347e-6c0f-406e-88b3-86fab02e25d0,4a8f0ef7-dbdb-44d7-ad0c-53df3a82b320
3831,35,e9d8f04a-ae9a-48ad-8676-361866328ec1,4e44d169-1292-4d6e-b5b9-fddc14fbbcdc
3832,51,ca924c39-50a6-4d02-8aa9-3b18dedb4713,128ec9c0-9293-4d2f-bf04-855a76e8dbe0
3833,51,8193f526-c5e0-430c-b0c2-bd97645f5595,128ec9c0-9293-4d2f-bf04-855a76e8dbe0
3834,51,c603047d-44ab-493b-9c41-fc7738cbe584,128ec9c0-9293-4d2f-bf04-855a76e8dbe0
3835,51,10d28a1e-2668-42fb-9e13-7202a5893217,128ec9c0-9293-4d2f-bf04-855a76e8dbe0
3836,51,4996a7ed-bc14-4dba-8902-71c6434ce72d,128ec9c0-9293-4d2f-bf04-855a76e8dbe0
3837,51,a8844e3a-2e58-4e6b-b249-5bdbc118aa71,128ec9c0-9293-4d2f-bf04-855a76e8dbe0
3838,51,3aa7d1b2-08dc-46c9-ae5e-cdde49167b9a,128ec9c0-9293-4d2f-bf04-855a76e8dbe0
3838,94,3aa7d1b2-08dc-46c9-ae5e-cdde49167b9a,25006cc4-a12b-4570-918f-78a97dca46a3
3839,51,a7d0fbd4-94a5-4f1e-b724-12967580d9c9,128ec9c0-9293-4d2f-bf04-855a76e8dbe0
3840,40,306e4737-a01f-40b8-b1c1-2197e6e41e5c,4fa23b9d-0f0a-49a5-848f-591e23711c37
3841,51,09be52d5-222e-4a5c-926c-ebad4442889f,128ec9c0-9293-4d2f-bf04-855a76e8dbe0
3842,51,86fe2479-77e7-421d-ac4f-bb52d4b00999,128ec9c0-9293-4d2f-bf04-855a76e8dbe0
3843,51,d5c4c06b-0ef4-409f-a6e3-700273c6b850,128ec9c0-9293-4d2f-bf04-855a76e8dbe0
3844,26,957b7e92-2c86-4274-8535-36eff1c81681,5db38fdd-3b64-4392-9002-ce7512bf3ceb
3845,51,00f01184-1ffa-4c90-81cd-cc243c5a0cbf,128ec9c0-9293-4d2f-bf04-855a76e8dbe0
3846,51,3b25bdb4-7092-4ff5-94e0-7e3424dd97dd,128ec9c0-9293-4d2f-bf04-855a76e8dbe0
3847,51,47f0617c-fd29-4982-a093-2c34642cbb7c,128ec9c0-9293-4d2f-bf04-855a76e8dbe0
3848,51,96220a29-8513-4140-90a3-45d1b37b3d4a,128ec9c0-9293-4d2f-bf04-855a76e8dbe0
3849,51,a19d354e-0c83-452d-843d-0049f4bae5d4,128ec9c0-9293-4d2f-bf04-855a76e8dbe0
3850,51,0a9a59e2-ce6c-47da-a4b5-42b1062ef251,128ec9c0-9293-4d2f-bf04-855a76e8dbe0
3851,109,083d5fae-6c74-4d5c-8bd5-557130594ed3,564888a3-9c45-45fe-a75d-22f142fe28c1
3852,51,de249cce-dcea-40e6-b1d3-fd4c25c81485,128ec9c0-9293-4d2f-bf04-855a76e8dbe0
3853,55,1e510ffa-094c-4d4e-8527-f45f36ab4c27,270ebc71-de8e-476e-9eaf-4d3a9ac687da
3854,51,fbb63048-fe77-46e1-9c46-8658aa94c889,128ec9c0-9293-4d2f-bf04-855a76e8dbe0
3855,40,058a4649-e266-43e5-ba1f-b7df9247171c,4fa23b9d-0f0a-49a5-848f-591e23711c37
3856,51,0d13444e-67d5-4f30-8dd1-33f51ed40c44,128ec9c0-9293-4d2f-bf04-855a76e8dbe0
3857,40,6a9a6f32-de4e-42d0-8f18-2e3263139a91,4fa23b9d-0f0a-49a5-848f-591e23711c37
3858,40,cec0cd5a-000c-440d-851c-5f326aa50fa6,4fa23b9d-0f0a-49a5-848f-591e23711c37
3859,40,9e83f22d-d59c-4c7e-bd9c-bb5a8209beb5,4fa23b9d-0f0a-49a5-848f-591e23711c37
3860,40,29d885c5-0dd0-451f-93ac-142bd1945cb7,4fa23b9d-0f0a-49a5-848f-591e23711c37
3861,40,d10d4c0e-fc14-4484-83f4-f5c0d9847131,4fa23b9d-0f0a-49a5-848f-591e23711c37
3862,56,87b12adf-2b9b-4973-83c9-051c639d2389,fe758c24-6a48-4f9c-8424-ea1956da1ac4
3863,56,ac28bfc3-ed91-42e9-b027-f431af9c2e6d,fe758c24-6a48-4f9c-8424-ea1956da1ac4
3864,47,f3b02c04-38bb-4258-902e-0d7892bb6d46,2872938c-9c70-477b-83c3-3fe8ba4abc89
3865,51,52630460-1861-45b6-81e6-d28e0f83e4b8,128ec9c0-9293-4d2f-bf04-855a76e8dbe0
3866,51,eb625b3b-20c5-41cf-a4d0-386e73c52907,128ec9c0-9293-4d2f-bf04-855a76e8dbe0
3867,51,9682779a-2644-41ed-8ad5-736dd17e4b9a,128ec9c0-9293-4d2f-bf04-855a76e8dbe0
3868,35,8220228b-47f9-4909-a1ea-5a4356c70db8,4e44d169-1292-4d6e-b5b9-fddc14fbbcdc
3869,35,07929fce-f380-4cda-86bb-4f53f968992d,4e44d169-1292-4d6e-b5b9-fddc14fbbcdc
3870,35,527df9d6-14e7-47c4-aea6-d0cd5b2afd00,4e44d169-1292-4d6e-b5b9-fddc14fbbcdc
3871,35,c926a801-a04a-4d3c-8a8f-e089a9406814,4e44d169-1292-4d6e-b5b9-fddc14fbbcdc
3872,51,fd319c68-1a0b-4e3b-a1ef-ec2033bed7d9,128ec9c0-9293-4d2f-bf04-855a76e8dbe0
3873,51,1f63c0fb-9aa7-4d74-8807-9fa417d062a7,128ec9c0-9293-4d2f-bf04-855a76e8dbe0
3874,26,0af649f4-90df-4020-b4a4-7d6d60ef81f2,5db38fdd-3b64-4392-9002-ce7512bf3ceb
3875,22,11d2adf9-84b1-4b20-a17c-9948fbc39393,bd9347f8-7777-4209-864c-651141cb12a0
3875,51,11d2adf9-84b1-4b20-a17c-9948fbc39393,128ec9c0-9293-4d2f-bf04-855a76e8dbe0
3875,109,11d2adf9-84b1-4b20-a17c-9948fbc39393,564888a3-9c45-45fe-a75d-22f142fe28c1
3876,51,dfa87b4a-1cef-4861-a233-55f1ac9d8d17,128ec9c0-9293-4d2f-bf04-855a76e8dbe0
3877,51,4f4be01b-1c45-43aa-bf5c-6ff03cd329b3,128ec9c0-9293-4d2f-bf04-855a76e8dbe0
3878,56,94ee14c8-98f1-4878-8d44-a9b5aa4db829,fe758c24-6a48-4f9c-8424-ea1956da1ac4
3879,51,a34d50e6-4088-4a93-98ee-d1282fe3088f,128ec9c0-9293-4d2f-bf04-855a76e8dbe0
3880,35,38a4fade-bafc-42ec-a74a-b0f048f06d0f,4e44d169-1292-4d6e-b5b9-fddc14fbbcdc
3881,51,80fd7d3d-5166-42e3-917e-862b102bd251,128ec9c0-9293-4d2f-bf04-855a76e8dbe0
3882,51,72a2b3df-9772-4369-9ded-5768630e1251,128ec9c0-9293-4d2f-bf04-855a76e8dbe0
3883,51,7065cccc-1781-49ce-9abd-824b58e13e7a,128ec9c0-9293-4d2f-bf04-855a76e8dbe0
3884,94,a0118f89-93da-4f3d-9cb1-b3c2d5f6092e,25006cc4-a12b-4570-918f-78a97dca46a3
3885,94,6aad2295-ae8b-4c68-b942-1b5106daaa1f,25006cc4-a12b-4570-918f-78a97dca46a3
3886,48,3fe7bc77-b500-414d-af23-467457c83069,c5b0606d-4e0c-42cb-9abd-f99bf45fe357
3886,56,3fe7bc77-b500-414d-af23-467457c83069,fe758c24-6a48-4f9c-8424-ea1956da1ac4
3887,10,930eb108-7226-4ac8-8072-f6f5a0321383,6b085981-1ae4-4ffc-a50d-d1fe0eb4737c
3887,39,930eb108-7226-4ac8-8072-f6f5a0321383,3c964b4d-fe96-4fcf-9f6a-61207bf52f77
3887,94,930eb108-7226-4ac8-8072-f6f5a0321383,25006cc4-a12b-4570-918f-78a97dca46a3
3888,51,751883d0-c526-4c89-808c-b4a780eec565,128ec9c0-9293-4d2f-bf04-855a76e8dbe0
3889,94,f8c2bf69-5e17-4122-af26-e2cac131d58c,25006cc4-a12b-4570-918f-78a97dca46a3
3890,94,b90676ec-42fd-4e93-b6ad-96b5fe4d5a6f,25006cc4-a12b-4570-918f-78a97dca46a3
3892,94,956d1a97-086a-4663-b780-9e190aba37fd,25006cc4-a12b-4570-918f-78a97dca46a3
3893,94,f9184332-0a64-4ac5-9cd9-5529d64bfa57,25006cc4-a12b-4570-918f-78a97dca46a3
3894,40,35af6caf-0568-420c-8b40-63a1a8720636,4fa23b9d-0f0a-49a5-848f-591e23711c37
3894,51,35af6caf-0568-420c-8b40-63a1a8720636,128ec9c0-9293-4d2f-bf04-855a76e8dbe0
3894,94,35af6caf-0568-420c-8b40-63a1a8720636,25006cc4-a12b-4570-918f-78a97dca46a3
3894,112,35af6caf-0568-420c-8b40-63a1a8720636,68cb3e51-ebdc-4355-bbff-0a3453a371f1
3895,51,26246fdf-6787-46af-b68e-83580543a4c0,128ec9c0-9293-4d2f-bf04-855a76e8dbe0
3896,51,348b6f1e-26d3-4974-b716-d9bcc482a06f,128ec9c0-9293-4d2f-bf04-855a76e8dbe0
3897,51,fb090555-7664-4b13-953a-90e43bfbe888,128ec9c0-9293-4d2f-bf04-855a76e8dbe0
3898,51,058c1e25-ed67-4e77-97ca-3102109aede6,128ec9c0-9293-4d2f-bf04-855a76e8dbe0
3898,137,058c1e25-ed67-4e77-97ca-3102109aede6,3387e5b6-d36d-4475-8b34-e918249b7474
3899,51,efa671ac-9a33-4b73-834f-81371cfe8c5a,128ec9c0-9293-4d2f-bf04-855a76e8dbe0
3899,137,efa671ac-9a33-4b73-834f-81371cfe8c5a,3387e5b6-d36d-4475-8b34-e918249b7474
3900,51,7495cf07-0ebe-493a-92b7-21ab9b6a3f34,128ec9c0-9293-4d2f-bf04-855a76e8dbe0
3900,137,7495cf07-0ebe-493a-92b7-21ab9b6a3f34,3387e5b6-d36d-4475-8b34-e918249b7474
3901,51,b5ad29d4-8d73-4b60-a2e4-5793a6542981,128ec9c0-9293-4d2f-bf04-855a76e8dbe0
3901,137,b5ad29d4-8d73-4b60-a2e4-5793a6542981,3387e5b6-d36d-4475-8b34-e918249b7474
3902,51,4d5ef706-c341-4bfa-810b-8433a611e4aa,128ec9c0-9293-4d2f-bf04-855a76e8dbe0
3902,137,4d5ef706-c341-4bfa-810b-8433a611e4aa,3387e5b6-d36d-4475-8b34-e918249b7474
3903,51,6d3776fd-eaf1-4702-899f-601f38a0bbf4,128ec9c0-9293-4d2f-bf04-855a76e8dbe0
3903,137,6d3776fd-eaf1-4702-899f-601f38a0bbf4,3387e5b6-d36d-4475-8b34-e918249b7474
3904,51,2e425b50-5b51-4306-9c8d-2bbb5700f352,128ec9c0-9293-4d2f-bf04-855a76e8dbe0
3904,137,2e425b50-5b51-4306-9c8d-2bbb5700f352,3387e5b6-d36d-4475-8b34-e918249b7474
3905,51,c7d73442-fe39-4b16-a0b1-bade11366e82,128ec9c0-9293-4d2f-bf04-855a76e8dbe0
3905,137,c7d73442-fe39-4b16-a0b1-bade11366e82,3387e5b6-d36d-4475-8b34-e918249b7474
3906,51,006de4a5-559e-4bcd-816e-e84369543fa8,128ec9c0-9293-4d2f-bf04-855a76e8dbe0
3906,137,006de4a5-559e-4bcd-816e-e84369543fa8,3387e5b6-d36d-4475-8b34-e918249b7474
3907,51,db186cfb-8b1d-4fe4-ad82-1d558e003625,128ec9c0-9293-4d2f-bf04-855a76e8dbe0
3907,137,db186cfb-8b1d-4fe4-ad82-1d558e003625,3387e5b6-d36d-4475-8b34-e918249b7474
3908,51,40753f6d-dfdc-4beb-8a7b-10f91da2693c,128ec9c0-9293-4d2f-bf04-855a76e8dbe0
3908,137,40753f6d-dfdc-4beb-8a7b-10f91da2693c,3387e5b6-d36d-4475-8b34-e918249b7474
3909,51,989d6b92-d2af-4caa-aa0b-437dce1fae5d,128ec9c0-9293-4d2f-bf04-855a76e8dbe0
3909,137,989d6b92-d2af-4caa-aa0b-437dce1fae5d,3387e5b6-d36d-4475-8b34-e918249b7474
3910,51,efb3a9cb-e39e-4937-8a97-f93babddf1aa,128ec9c0-9293-4d2f-bf04-855a76e8dbe0
3910,137,efb3a9cb-e39e-4937-8a97-f93babddf1aa,3387e5b6-d36d-4475-8b34-e918249b7474
3911,51,b2f4963e-5c86-4ef1-b6be-c33ae3ba31bf,128ec9c0-9293-4d2f-bf04-855a76e8dbe0
3911,137,b2f4963e-5c86-4ef1-b6be-c33ae3ba31bf,3387e5b6-d36d-4475-8b34-e918249b7474
3912,51,1e79edc4-b0db-4527-a1f9-5d54d99cdf00,128ec9c0-9293-4d2f-bf04-855a76e8dbe0
3912,137,1e79edc4-b0db-4527-a1f9-5d54d99cdf00,3387e5b6-d36d-4475-8b34-e918249b7474
3913,51,8d3b76a0-de2c-4ee7-816c-b4d8294b69ae,128ec9c0-9293-4d2f-bf04-855a76e8dbe0
3913,137,8d3b76a0-de2c-4ee7-816c-b4d8294b69ae,3387e5b6-d36d-4475-8b34-e918249b7474
3914,51,edc91a3f-af0c-47e5-a80b-2f202e125674,128ec9c0-9293-4d2f-bf04-855a76e8dbe0
3914,137,edc91a3f-af0c-47e5-a80b-2f202e125674,3387e5b6-d36d-4475-8b34-e918249b7474
3915,51,4e85242d-d386-4db4-9f8b-0462267c16c3,128ec9c0-9293-4d2f-bf04-855a76e8dbe0
3915,137,4e85242d-d386-4db4-9f8b-0462267c16c3,3387e5b6-d36d-4475-8b34-e918249b7474
3916,51,9437ff34-1233-413d-ba92-48d5cf676871,128ec9c0-9293-4d2f-bf04-855a76e8dbe0
3916,137,9437ff34-1233-413d-ba92-48d5cf676871,3387e5b6-d36d-4475-8b34-e918249b7474
3917,51,e02e28e1-1692-444e-8709-88201ed834b9,128ec9c0-9293-4d2f-bf04-855a76e8dbe0
3917,137,e02e28e1-1692-444e-8709-88201ed834b9,3387e5b6-d36d-4475-8b34-e918249b7474
3918,51,b86f5d8d-2287-45b9-b1f6-37c3f7459c44,128ec9c0-9293-4d2f-bf04-855a76e8dbe0
3918,137,b86f5d8d-2287-45b9-b1f6-37c3f7459c44,3387e5b6-d36d-4475-8b34-e918249b7474
3919,51,5159dbd5-acd3-435a-853e-62b81da40fa8,128ec9c0-9293-4d2f-bf04-855a76e8dbe0
3919,137,5159dbd5-acd3-435a-853e-62b81da40fa8,3387e5b6-d36d-4475-8b34-e918249b7474
3920,51,b6b2f2be-c160-4a0a-9d2f-69acad69b964,128ec9c0-9293-4d2f-bf04-855a76e8dbe0
3920,137,b6b2f2be-c160-4a0a-9d2f-69acad69b964,3387e5b6-d36d-4475-8b34-e918249b7474
3921,51,bf37bc27-6150-4c92-8c64-79e06d4cec3a,128ec9c0-9293-4d2f-bf04-855a76e8dbe0
3921,137,bf37bc27-6150-4c92-8c64-79e06d4cec3a,3387e5b6-d36d-4475-8b34-e918249b7474
3922,51,dfb74154-60e9-47fb-894e-08217b6825b3,128ec9c0-9293-4d2f-bf04-855a76e8dbe0
3923,51,d6a3a875-1d40-4e8e-b98a-bd555c0c33f9,128ec9c0-9293-4d2f-bf04-855a76e8dbe0
3923,137,d6a3a875-1d40-4e8e-b98a-bd555c0c33f9,3387e5b6-d36d-4475-8b34-e918249b7474
3924,51,0a965d3a-9326-4614-a471-d6e40a358c2d,128ec9c0-9293-4d2f-bf04-855a76e8dbe0
3924,137,0a965d3a-9326-4614-a471-d6e40a358c2d,3387e5b6-d36d-4475-8b34-e918249b7474
3925,51,cfc3a932-6f42-44bf-8c7a-c19acef4754d,128ec9c0-9293-4d2f-bf04-855a76e8dbe0
3925,137,cfc3a932-6f42-44bf-8c7a-c19acef4754d,3387e5b6-d36d-4475-8b34-e918249b7474
3926,51,5b8b1634-62e9-452c-b87f-b25a585d997a,128ec9c0-9293-4d2f-bf04-855a76e8dbe0
3926,137,5b8b1634-62e9-452c-b87f-b25a585d997a,3387e5b6-d36d-4475-8b34-e918249b7474
3927,51,853d71af-d775-4345-a8c0-c4c3dad32358,128ec9c0-9293-4d2f-bf04-855a76e8dbe0
3927,137,853d71af-d775-4345-a8c0-c4c3dad32358,3387e5b6-d36d-4475-8b34-e918249b7474
3928,51,f1024d44-c74c-4014-9856-66e9516ad3ff,128ec9c0-9293-4d2f-bf04-855a76e8dbe0
3928,137,f1024d44-c74c-4014-9856-66e9516ad3ff,3387e5b6-d36d-4475-8b34-e918249b7474
3929,51,6ee8e6de-0470-4dba-9ca2-26e42383387e,128ec9c0-9293-4d2f-bf04-855a76e8dbe0
3929,137,6ee8e6de-0470-4dba-9ca2-26e42383387e,3387e5b6-d36d-4475-8b34-e918249b7474
3930,51,219ddcb1-d0e2-4bbb-9924-0529177fa87a,128ec9c0-9293-4d2f-bf04-855a76e8dbe0
3930,137,219ddcb1-d0e2-4bbb-9924-0529177fa87a,3387e5b6-d36d-4475-8b34-e918249b7474
3931,51,a1f0ceb4-c641-4ad7-9587-85ace1583bc8,128ec9c0-9293-4d2f-bf04-855a76e8dbe0
3931,137,a1f0ceb4-c641-4ad7-9587-85ace1583bc8,3387e5b6-d36d-4475-8b34-e918249b7474
3932,51,b73c16e7-814a-484e-9c75-e1b1f10b20aa,128ec9c0-9293-4d2f-bf04-855a76e8dbe0
3932,137,b73c16e7-814a-484e-9c75-e1b1f10b20aa,3387e5b6-d36d-4475-8b34-e918249b7474
3933,51,10ca2b53-27b0-4351-9d63-c35bc1d60e7c,128ec9c0-9293-4d2f-bf04-855a76e8dbe0
3933,137,10ca2b53-27b0-4351-9d63-c35bc1d60e7c,3387e5b6-d36d-4475-8b34-e918249b7474
3934,51,44451640-5abd-44bc-8c43-89f63cf8c1bd,128ec9c0-9293-4d2f-bf04-855a76e8dbe0
3934,137,44451640-5abd-44bc-8c43-89f63cf8c1bd,3387e5b6-d36d-4475-8b34-e918249b7474
3935,51,c9b74bfc-f2c5-4f75-b34d-d0a1e5e9f7be,128ec9c0-9293-4d2f-bf04-855a76e8dbe0
3935,137,c9b74bfc-f2c5-4f75-b34d-d0a1e5e9f7be,3387e5b6-d36d-4475-8b34-e918249b7474
3936,51,2cd26c1c-8fdd-4978-90b3-b257958cee42,128ec9c0-9293-4d2f-bf04-855a76e8dbe0
3936,137,2cd26c1c-8fdd-4978-90b3-b257958cee42,3387e5b6-d36d-4475-8b34-e918249b7474
3937,51,de4cf174-b0ad-44e7-90ee-4eecca0cec07,128ec9c0-9293-4d2f-bf04-855a76e8dbe0
3937,137,de4cf174-b0ad-44e7-90ee-4eecca0cec07,3387e5b6-d36d-4475-8b34-e918249b7474
3938,51,a54a4024-83e9-4ffb-a822-ae8ddfa9e5aa,128ec9c0-9293-4d2f-bf04-855a76e8dbe0
3938,137,a54a4024-83e9-4ffb-a822-ae8ddfa9e5aa,3387e5b6-d36d-4475-8b34-e918249b7474
3939,51,2875a28f-124c-4465-ab1e-8f53394faa5d,128ec9c0-9293-4d2f-bf04-855a76e8dbe0
3939,137,2875a28f-124c-4465-ab1e-8f53394faa5d,3387e5b6-d36d-4475-8b34-e918249b7474
3940,51,c5c72277-d0dd-44c4-9ce0-310847d89472,128ec9c0-9293-4d2f-bf04-855a76e8dbe0
3940,137,c5c72277-d0dd-44c4-9ce0-310847d89472,3387e5b6-d36d-4475-8b34-e918249b7474
3941,51,a2e88fc1-ec46-4529-8770-de1d63826420,128ec9c0-9293-4d2f-bf04-855a76e8dbe0
3941,137,a2e88fc1-ec46-4529-8770-de1d63826420,3387e5b6-d36d-4475-8b34-e918249b7474
3942,51,d3aefe19-4435-4f37-b7e6-87c7c58ee8aa,128ec9c0-9293-4d2f-bf04-855a76e8dbe0
3942,137,d3aefe19-4435-4f37-b7e6-87c7c58ee8aa,3387e5b6-d36d-4475-8b34-e918249b7474
3943,51,0e255094-4af5-49ce-b6e8-95f3c94490c6,128ec9c0-9293-4d2f-bf04-855a76e8dbe0
3943,137,0e255094-4af5-49ce-b6e8-95f3c94490c6,3387e5b6-d36d-4475-8b34-e918249b7474
3944,51,917cb96f-a1f3-419e-ad21-8942a7cd01d0,128ec9c0-9293-4d2f-bf04-855a76e8dbe0
3944,137,917cb96f-a1f3-419e-ad21-8942a7cd01d0,3387e5b6-d36d-4475-8b34-e918249b7474
3945,51,995413e5-7753-41cb-82f4-7a236ac9f565,128ec9c0-9293-4d2f-bf04-855a76e8dbe0
3945,137,995413e5-7753-41cb-82f4-7a236ac9f565,3387e5b6-d36d-4475-8b34-e918249b7474
3946,51,e51a2a0e-2637-43ed-8fbf-83e023c4046d,128ec9c0-9293-4d2f-bf04-855a76e8dbe0
3946,137,e51a2a0e-2637-43ed-8fbf-83e023c4046d,3387e5b6-d36d-4475-8b34-e918249b7474
3947,51,2a9e87f7-24ce-46d5-af07-c1193716b88b,128ec9c0-9293-4d2f-bf04-855a76e8dbe0
3947,137,2a9e87f7-24ce-46d5-af07-c1193716b88b,3387e5b6-d36d-4475-8b34-e918249b7474
3948,51,09abb3ab-241f-4061-8224-07717eccc005,128ec9c0-9293-4d2f-bf04-855a76e8dbe0
3948,137,09abb3ab-241f-4061-8224-07717eccc005,3387e5b6-d36d-4475-8b34-e918249b7474
3949,51,5a886860-f328-464a-a692-9251410902c8,128ec9c0-9293-4d2f-bf04-855a76e8dbe0
3949,55,5a886860-f328-464a-a692-9251410902c8,270ebc71-de8e-476e-9eaf-4d3a9ac687da
3949,67,5a886860-f328-464a-a692-9251410902c8,21d18762-d7d2-4ce4-a7b4-ea2efcbc1e17
3950,51,5282a383-bc12-40db-8c73-45994fa746e4,128ec9c0-9293-4d2f-bf04-855a76e8dbe0
3951,51,d9c1b391-3052-443c-bcf8-4210ba84fb63,128ec9c0-9293-4d2f-bf04-855a76e8dbe0
3952,51,96ea4e08-db43-47c0-b7bc-1fc12345bed7,128ec9c0-9293-4d2f-bf04-855a76e8dbe0
3953,51,ff4173a4-89b9-42ac-810f-38aad53da98c,128ec9c0-9293-4d2f-bf04-855a76e8dbe0
3954,51,41c7ae8a-4596-4679-986b-336b74448934,128ec9c0-9293-4d2f-bf04-855a76e8dbe0
3955,51,27f4f219-7362-41ee-b1bc-769104688dab,128ec9c0-9293-4d2f-bf04-855a76e8dbe0
3956,51,0a634a44-f1e2-4e30-a4a7-df622f67ad19,128ec9c0-9293-4d2f-bf04-855a76e8dbe0
3957,51,10722a40-2461-44b2-8bfc-a6aef276aaf4,128ec9c0-9293-4d2f-bf04-855a76e8dbe0
3958,51,d3ce1e26-42f5-4065-aded-fe6c1737f6f8,128ec9c0-9293-4d2f-bf04-855a76e8dbe0
3958,109,d3ce1e26-42f5-4065-aded-fe6c1737f6f8,564888a3-9c45-45fe-a75d-22f142fe28c1
3959,35,e6da53ae-ba78-4b47-8cdc-041a9e697128,4e44d169-1292-4d6e-b5b9-fddc14fbbcdc
3959,51,e6da53ae-ba78-4b47-8cdc-041a9e697128,128ec9c0-9293-4d2f-bf04-855a76e8dbe0
3960,51,bfcdcbf9-572d-456f-8a38-cd7ee59ec607,128ec9c0-9293-4d2f-bf04-855a76e8dbe0
3961,51,c210f0c3-f041-4339-afbf-5707a881801b,128ec9c0-9293-4d2f-bf04-855a76e8dbe0
3962,55,994ed7ac-d439-4059-9af5-85ab3b07f4bf,270ebc71-de8e-476e-9eaf-4d3a9ac687da
3963,28,aa6e15e3-3693-451f-8d50-c9788a0cadb4,927df241-9b2c-4a41-bbe1-d6151a413b40
3964,51,c14d52a4-f603-4852-acf7-0f11256b11da,128ec9c0-9293-4d2f-bf04-855a76e8dbe0
3964,89,c14d52a4-f603-4852-acf7-0f11256b11da,d66c728d-eb3c-4695-a4d2-3f77f8a5ca59
3964,109,c14d52a4-f603-4852-acf7-0f11256b11da,564888a3-9c45-45fe-a75d-22f142fe28c1
3965,89,1ac87a47-258d-4ad4-9ab9-aacb622baaec,d66c728d-eb3c-4695-a4d2-3f77f8a5ca59
3966,40,c75cfff0-23ea-421e-ba6e-4cb9726b78f2,4fa23b9d-0f0a-49a5-848f-591e23711c37
3967,40,5af6618b-77b1-4f11-8ea1-88b5648c7ecf,4fa23b9d-0f0a-49a5-848f-591e23711c37
3968,40,e853a802-76d4-4b36-933c-14657861a69d,4fa23b9d-0f0a-49a5-848f-591e23711c37
3969,73,502f5fc1-1fdd-4836-825a-0e43a222998a,450c6427-d40b-40ff-9c41-811ba47c6dc4
3970,25,622b2ab9-5038-4fc2-a6de-fb00c8dfc4fc,b9df3400-41bb-46a8-8b68-7e951f1806b9
3971,25,f4255ac3-92f6-47aa-bd4c-685c1f717c8d,b9df3400-41bb-46a8-8b68-7e951f1806b9
3972,25,7d646af0-998a-4246-bbf4-a77cbb9c3dcd,b9df3400-41bb-46a8-8b68-7e951f1806b9
3973,25,afdffa3a-2104-4848-83c7-d2968442d2ff,b9df3400-41bb-46a8-8b68-7e951f1806b9
3974,25,25b9d9b3-46cf-464e-b11f-bf6a40f9611c,b9df3400-41bb-46a8-8b68-7e951f1806b9
3975,55,4505c59f-98be-4dba-bcd4-ba6549c6ab30,270ebc71-de8e-476e-9eaf-4d3a9ac687da
3976,51,3d7a84d7-77e9-417c-b3af-f684d7914b46,128ec9c0-9293-4d2f-bf04-855a76e8dbe0
3977,51,b4ae2d7f-08f2-4a99-aa24-a46aa25c614c,128ec9c0-9293-4d2f-bf04-855a76e8dbe0
3978,55,76f71da1-ae57-4542-8e02-98037f7877ba,270ebc71-de8e-476e-9eaf-4d3a9ac687da
3979,35,14eefca2-b6fb-4108-b005-446407c1ac0d,4e44d169-1292-4d6e-b5b9-fddc14fbbcdc
3979,40,14eefca2-b6fb-4108-b005-446407c1ac0d,4fa23b9d-0f0a-49a5-848f-591e23711c37
3979,51,14eefca2-b6fb-4108-b005-446407c1ac0d,128ec9c0-9293-4d2f-bf04-855a76e8dbe0
3980,51,b436a533-813b-4cd6-81c5-c466c2c4f1f3,128ec9c0-9293-4d2f-bf04-855a76e8dbe0
3981,51,7b4dfce8-6a83-4849-b803-dc4e3656dfaf,128ec9c0-9293-4d2f-bf04-855a76e8dbe0
3981,56,7b4dfce8-6a83-4849-b803-dc4e3656dfaf,fe758c24-6a48-4f9c-8424-ea1956da1ac4
3982,56,de5d8c27-6b91-46b4-9bf7-ba56c94c9ca2,fe758c24-6a48-4f9c-8424-ea1956da1ac4
3983,51,239c0b15-5a04-484e-a2a4-29650f607078,128ec9c0-9293-4d2f-bf04-855a76e8dbe0
3984,51,71bc0f58-8ce2-4f2f-93f8-ca15daf4eccc,128ec9c0-9293-4d2f-bf04-855a76e8dbe0
3985,51,a840e2ea-2614-4b0f-9387-17bd108c5ad6,128ec9c0-9293-4d2f-bf04-855a76e8dbe0
3986,28,97be96f1-a030-45f2-b653-7f923f92346e,927df241-9b2c-4a41-bbe1-d6151a413b40
3987,51,1093ca41-9ae6-49ec-b707-e7477f5b371c,128ec9c0-9293-4d2f-bf04-855a76e8dbe0
3988,51,c4471e37-bef0-4f48-bfde-98a18dbf6198,128ec9c0-9293-4d2f-bf04-855a76e8dbe0
3989,51,656c3331-5bf2-4b77-98c0-cb41cbcf75f8,128ec9c0-9293-4d2f-bf04-855a76e8dbe0
3990,94,191943b0-df1e-432f-aebd-8cb8e801f590,25006cc4-a12b-4570-918f-78a97dca46a3
3991,51,891b44ff-7cd8-48e4-8b0f-8e2046aaf946,128ec9c0-9293-4d2f-bf04-855a76e8dbe0
3992,51,43813adf-af99-4ec2-8673-0929b94f3d35,128ec9c0-9293-4d2f-bf04-855a76e8dbe0
3992,109,43813adf-af99-4ec2-8673-0929b94f3d35,564888a3-9c45-45fe-a75d-22f142fe28c1
3993,51,59662777-a925-4e2d-9d99-8f154ceb7a3c,128ec9c0-9293-4d2f-bf04-855a76e8dbe0
3994,35,0a8c83e6-1c7f-4efe-bc25-5e8480d1b4ed,4e44d169-1292-4d6e-b5b9-fddc14fbbcdc
3995,51,d41e8a21-28ec-4034-8ed4-a39f68626713,128ec9c0-9293-4d2f-bf04-855a76e8dbe0
3996,6,a17dd3d5-7e98-4289-881b-e4eb826b2c59,60d0dc9e-4acd-4836-9376-f0bc5ea2f635
3996,35,a17dd3d5-7e98-4289-881b-e4eb826b2c59,4e44d169-1292-4d6e-b5b9-fddc14fbbcdc
3997,6,4eb6affa-7512-496e-9f18-9cf0ea897e42,60d0dc9e-4acd-4836-9376-f0bc5ea2f635
3998,51,7eafccb5-e7d1-496c-ba96-2974faef138f,128ec9c0-9293-4d2f-bf04-855a76e8dbe0
3998,137,7eafccb5-e7d1-496c-ba96-2974faef138f,3387e5b6-d36d-4475-8b34-e918249b7474
3999,40,b11cc57f-6a39-4b2c-ad2a-e356b3da2c37,4fa23b9d-0f0a-49a5-848f-591e23711c37
4000,48,51df1be7-6f49-460f-96a7-4c7dc07fa78e,c5b0606d-4e0c-42cb-9abd-f99bf45fe357
4001,48,0df894a3-04b8-4be3-b525-d61c64c62fd1,c5b0606d-4e0c-42cb-9abd-f99bf45fe357
4002,94,7cfb5031-950d-4db9-9011-0324f405745b,25006cc4-a12b-4570-918f-78a97dca46a3
4003,64,1c06f55a-84fa-4e04-9f55-694a29e8263c,1e85dcaf-bd03-48dc-98bd-73e2e2779c7b
4005,40,6ab7473f-5be7-4523-a794-faaaf929a34e,4fa23b9d-0f0a-49a5-848f-591e23711c37
4006,35,14b2cda2-b500-4726-937d-e2ac073bbb1c,4e44d169-1292-4d6e-b5b9-fddc14fbbcdc
4007,55,82308a16-2a57-4b8b-9c63-01bbc609da3a,270ebc71-de8e-476e-9eaf-4d3a9ac687da
4009,55,db0f48fe-f39d-49ac-b053-45ebc654545a,270ebc71-de8e-476e-9eaf-4d3a9ac687da
4010,39,159b5d7d-01cb-4207-94ee-17e4ed65ff95,3c964b4d-fe96-4fcf-9f6a-61207bf52f77
4011,18,14e95116-5b31-4771-bce5-b40b88f29897,9cdfa3f7-a653-43e7-94a8-b666f2d68914
4012,51,8e75bb3c-468d-4fae-a654-4619513b6206,128ec9c0-9293-4d2f-bf04-855a76e8dbe0
4013,51,c2265406-ad31-42b4-aa7e-8b3541ebcaca,128ec9c0-9293-4d2f-bf04-855a76e8dbe0
4014,51,8867a975-9bab-4461-abb9-163f7edb7564,128ec9c0-9293-4d2f-bf04-855a76e8dbe0
4015,123,64d96b48-2f3e-4ff3-9951-248afdd7b30f,e282bd33-9620-400d-91e8-b974d12c0866
4016,123,248b30b9-4d12-4239-84d5-6b6065e1fa50,e282bd33-9620-400d-91e8-b974d12c0866
4017,23,6c263231-aa16-44f8-92e7-c091fb5da0f4,b933ec53-1f11-4e21-a043-67a2419ee067
4017,56,6c263231-aa16-44f8-92e7-c091fb5da0f4,fe758c24-6a48-4f9c-8424-ea1956da1ac4
4017,139,6c263231-aa16-44f8-92e7-c091fb5da0f4,2e5acb96-569b-439b-b810-4108d057b544
4017,140,6c263231-aa16-44f8-92e7-c091fb5da0f4,deabd6e3-9c2d-4a79-afef-942da4b9550d
4018,23,5e72a73b-3917-4cbc-b86e-f9dcc54b144f,b933ec53-1f11-4e21-a043-67a2419ee067
4018,139,5e72a73b-3917-4cbc-b86e-f9dcc54b144f,2e5acb96-569b-439b-b810-4108d057b544
4019,23,26e07f49-6959-4f4e-967b-453fa71df48a,b933ec53-1f11-4e21-a043-67a2419ee067
4019,139,26e07f49-6959-4f4e-967b-453fa71df48a,2e5acb96-569b-439b-b810-4108d057b544
4019,140,26e07f49-6959-4f4e-967b-453fa71df48a,deabd6e3-9c2d-4a79-afef-942da4b9550d
4020,23,2c0b7135-0299-41ac-a9cc-c11b3e4097a9,b933ec53-1f11-4e21-a043-67a2419ee067
4020,139,2c0b7135-0299-41ac-a9cc-c11b3e4097a9,2e5acb96-569b-439b-b810-4108d057b544
4020,140,2c0b7135-0299-41ac-a9cc-c11b3e4097a9,deabd6e3-9c2d-4a79-afef-942da4b9550d
4021,51,83a472d7-4a47-4ee7-b630-e300f4e9761a,128ec9c0-9293-4d2f-bf04-855a76e8dbe0
4022,123,8d9b3683-7a6b-4804-b6c1-d19a9169784c,e282bd33-9620-400d-91e8-b974d12c0866
4023,123,0132a130-04e3-46c6-a2ff-3d3c88b239d1,e282bd33-9620-400d-91e8-b974d12c0866
4024,123,52e004b5-38a6-4f9e-99de-a0a0fe15c218,e282bd33-9620-400d-91e8-b974d12c0866
4025,51,348216a1-87d5-432e-955d-7802ecdf8bf0,128ec9c0-9293-4d2f-bf04-855a76e8dbe0
4026,35,f2e762db-bd4e-44e8-9df2-faf90054d566,4e44d169-1292-4d6e-b5b9-fddc14fbbcdc
4026,51,f2e762db-bd4e-44e8-9df2-faf90054d566,128ec9c0-9293-4d2f-bf04-855a76e8dbe0
4027,51,a61d9c65-5dff-442b-85ff-2fcdb5ab2e06,128ec9c0-9293-4d2f-bf04-855a76e8dbe0
4028,35,1dd637fb-335a-4d86-878d-b3eb610740f0,4e44d169-1292-4d6e-b5b9-fddc14fbbcdc
4029,35,d63ac984-7189-4cb5-951b-2524463abb62,4e44d169-1292-4d6e-b5b9-fddc14fbbcdc
4029,51,d63ac984-7189-4cb5-951b-2524463abb62,128ec9c0-9293-4d2f-bf04-855a76e8dbe0
4030,35,f94b1ebe-1886-43af-860a-e3e85629960b,4e44d169-1292-4d6e-b5b9-fddc14fbbcdc
4030,51,f94b1ebe-1886-43af-860a-e3e85629960b,128ec9c0-9293-4d2f-bf04-855a76e8dbe0
4031,35,e3bf8410-3802-4f2c-b0af-5696e8f5e5d2,4e44d169-1292-4d6e-b5b9-fddc14fbbcdc
4031,51,e3bf8410-3802-4f2c-b0af-5696e8f5e5d2,128ec9c0-9293-4d2f-bf04-855a76e8dbe0
4032,123,baa0d80b-8723-495f-a4e0-ac9101352ac4,e282bd33-9620-400d-91e8-b974d12c0866
4033,123,ec98feea-1f0b-40af-84f0-f18f1f6895f2,e282bd33-9620-400d-91e8-b974d12c0866
4034,123,47c32d89-2b9b-4146-93e2-d7057fb2847c,e282bd33-9620-400d-91e8-b974d12c0866
4035,123,87721f5d-e383-46c4-999c-be617a15d404,e282bd33-9620-400d-91e8-b974d12c0866
4036,109,4b77014f-3e4f-4942-b491-df0228f14bdc,564888a3-9c45-45fe-a75d-22f142fe28c1
4037,109,0006b5f8-bae4-44bb-be1b-5305506aa2a0,564888a3-9c45-45fe-a75d-22f142fe28c1
4038,109,0b153f7d-504e-4ff9-a015-b167a706b654,564888a3-9c45-45fe-a75d-22f142fe28c1
4039,51,61825e55-0fa8-44d3-8c5d-1ae78c6de649,128ec9c0-9293-4d2f-bf04-855a76e8dbe0
4040,51,ce9e936f-fa08-4df0-a8db-51614ab1a547,128ec9c0-9293-4d2f-bf04-855a76e8dbe0
4041,51,195ac9c0-ceef-4a1e-8383-cf526602342d,128ec9c0-9293-4d2f-bf04-855a76e8dbe0
4041,137,195ac9c0-ceef-4a1e-8383-cf526602342d,3387e5b6-d36d-4475-8b34-e918249b7474
4042,51,ab6ecd9f-7e86-442b-8d67-6fa0d35d6661,128ec9c0-9293-4d2f-bf04-855a76e8dbe0
4043,51,912b5bf8-bacb-4ab0-b232-a646f8613470,128ec9c0-9293-4d2f-bf04-855a76e8dbe0
4044,56,af106bcb-f92c-4712-b100-c04b9ffdd82f,fe758c24-6a48-4f9c-8424-ea1956da1ac4
4045,51,a6836998-c507-48be-8934-84344d8dd9ca,128ec9c0-9293-4d2f-bf04-855a76e8dbe0
4046,56,365447c3-a2d9-4098-a46a-af687366bc24,fe758c24-6a48-4f9c-8424-ea1956da1ac4
4047,51,b3deecb6-1258-4636-8fd5-48e3534bbe95,128ec9c0-9293-4d2f-bf04-855a76e8dbe0
4048,51,fbc6a26e-dff4-4961-9899-d66a88a2b0ab,128ec9c0-9293-4d2f-bf04-855a76e8dbe0
4049,73,b3398670-28a0-4a99-96d9-776a3013a627,450c6427-d40b-40ff-9c41-811ba47c6dc4
4050,51,2808847e-f489-4355-9285-ef26451e5418,128ec9c0-9293-4d2f-bf04-855a76e8dbe0
4051,51,87fb45dc-c521-4450-a54b-1b6f36e98211,128ec9c0-9293-4d2f-bf04-855a76e8dbe0
4052,51,b462071e-8865-48c5-8233-e28b88dc521a,128ec9c0-9293-4d2f-bf04-855a76e8dbe0
4053,51,e335f957-9787-4dc6-9146-4c432604b1a4,128ec9c0-9293-4d2f-bf04-855a76e8dbe0
4054,51,fdb62783-9617-4b19-8a44-ca38b47a0d76,128ec9c0-9293-4d2f-bf04-855a76e8dbe0
4055,51,fe7115e1-d73c-479a-8ddc-1eda2e159f13,128ec9c0-9293-4d2f-bf04-855a76e8dbe0
4056,51,937585cc-f2b7-48fe-8ab1-b7cac58fe8cc,128ec9c0-9293-4d2f-bf04-855a76e8dbe0
4057,51,512f09c6-546f-43e3-84b0-db3b0697b49a,128ec9c0-9293-4d2f-bf04-855a76e8dbe0
4058,51,d039d89f-628c-4d2d-ac59-b37f25fd8720,128ec9c0-9293-4d2f-bf04-855a76e8dbe0
4059,51,0ce98135-d8ce-459b-8e9a-81cede59512e,128ec9c0-9293-4d2f-bf04-855a76e8dbe0
4060,51,31eb08f3-1e5f-43c0-86ab-1b19af0c6bb3,128ec9c0-9293-4d2f-bf04-855a76e8dbe0
4061,51,f9f75447-eead-48b1-aa15-2d9629b2e806,128ec9c0-9293-4d2f-bf04-855a76e8dbe0
4062,123,241bb85b-6451-44a7-b91e-ff3a2cb1e9c3,e282bd33-9620-400d-91e8-b974d12c0866
4063,94,24e38991-07dd-4d83-b135-bb0c2fdfeaf8,25006cc4-a12b-4570-918f-78a97dca46a3
4064,94,df8c8cb8-414a-4346-b2ef-ae9e66e51734,25006cc4-a12b-4570-918f-78a97dca46a3
4065,94,f25a4632-5656-40c1-90ea-026a3f9ec7b6,25006cc4-a12b-4570-918f-78a97dca46a3
4066,94,5845b80e-3a5e-48fb-a5b9-6dfa7d756909,25006cc4-a12b-4570-918f-78a97dca46a3
4067,94,2635794d-5d3c-471f-9104-74456e364ab1,25006cc4-a12b-4570-918f-78a97dca46a3
4068,94,9a6d76a5-8a39-45af-8844-2d180d1fe206,25006cc4-a12b-4570-918f-78a97dca46a3
4069,28,b54afd9d-6ad4-460e-aacc-1f6530fc389a,927df241-9b2c-4a41-bbe1-d6151a413b40
4070,94,b3e1a8f5-bc9c-45ff-82b6-303298cd55e9,25006cc4-a12b-4570-918f-78a97dca46a3
4071,94,9e89d88f-62c4-4c8e-b17e-b58057e01dfc,25006cc4-a12b-4570-918f-78a97dca46a3
4072,94,356af00b-f0b8-493a-afd3-807b927ad864,25006cc4-a12b-4570-918f-78a97dca46a3
4073,94,3bea3d95-1789-4d9f-8d5a-13865666d5b7,25006cc4-a12b-4570-918f-78a97dca46a3
4074,94,53ae1ff1-8ea5-4caa-bd8a-e9c1300631b3,25006cc4-a12b-4570-918f-78a97dca46a3
4075,94,c6cb4ac1-94ac-4641-bd9e-c5140aab696a,25006cc4-a12b-4570-918f-78a97dca46a3
4076,94,415cf795-9011-410d-b1c1-44a05f923b46,25006cc4-a12b-4570-918f-78a97dca46a3
4077,51,96c4bb80-6ebc-4379-8f68-135601c24467,128ec9c0-9293-4d2f-bf04-855a76e8dbe0
4078,51,63bee971-c997-4e68-8f5e-def3c79dce72,128ec9c0-9293-4d2f-bf04-855a76e8dbe0
4079,51,e7eb5afa-487f-4de7-baa2-7217255d85d1,128ec9c0-9293-4d2f-bf04-855a76e8dbe0
4080,51,281d0b4a-fe55-4fe2-bf99-332362b12049,128ec9c0-9293-4d2f-bf04-855a76e8dbe0
4081,51,c4a451ae-7e09-4f08-9aaf-4970030d1dcb,128ec9c0-9293-4d2f-bf04-855a76e8dbe0
4081,137,c4a451ae-7e09-4f08-9aaf-4970030d1dcb,3387e5b6-d36d-4475-8b34-e918249b7474
4082,73,cef59e5c-72a6-4db9-9b2f-db47eb6c981e,450c6427-d40b-40ff-9c41-811ba47c6dc4
4083,73,6399c789-3326-40bf-a7b9-77ee7f2aa352,450c6427-d40b-40ff-9c41-811ba47c6dc4
4084,51,cb9bff7e-e332-46d0-a4bb-f36444430a7d,128ec9c0-9293-4d2f-bf04-855a76e8dbe0
4085,51,98eb7431-c883-41bd-a5d1-2950632e5c7f,128ec9c0-9293-4d2f-bf04-855a76e8dbe0
4087,106,be780fce-53f7-4b0a-8121-969ff9f45b30,4ff7967b-ba33-4eb7-a6f1-43348acfd978
4088,137,0648472b-c7eb-4ea7-a60e-7718cf0e829a,3387e5b6-d36d-4475-8b34-e918249b7474
4089,51,48085da2-120f-468b-a37e-4b2df36e811c,128ec9c0-9293-4d2f-bf04-855a76e8dbe0
4090,109,6f8a861e-63c3-4d88-89c5-700460b3ddc0,564888a3-9c45-45fe-a75d-22f142fe28c1
4091,51,d9da879c-4bfa-4b44-85ba-ee6860bcf72e,128ec9c0-9293-4d2f-bf04-855a76e8dbe0
4092,94,f1ec7d0a-f7e9-4be2-ab9d-adc9208e4802,25006cc4-a12b-4570-918f-78a97dca46a3
4093,94,10b6a23b-3eb5-4fa7-835f-a49147084e25,25006cc4-a12b-4570-918f-78a97dca46a3
4094,89,6a5cb727-2c4b-4221-9412-089b2856122c,d66c728d-eb3c-4695-a4d2-3f77f8a5ca59
4095,7,28220426-0204-47a8-8f2a-a43285c763bd,33d16719-b10d-4ec8-becd-4c3fe7c0411e
4096,123,b6da38c8-7ab8-4d2f-8396-56fe47fb23dd,e282bd33-9620-400d-91e8-b974d12c0866
4097,51,95262dd0-aee7-4719-82ea-19f57a4eb61b,128ec9c0-9293-4d2f-bf04-855a76e8dbe0
4098,27,5582a1d5-7200-4861-b883-2e351433a496,4f571464-c0f6-460c-a1f2-fd307f5fe744
4098,51,5582a1d5-7200-4861-b883-2e351433a496,128ec9c0-9293-4d2f-bf04-855a76e8dbe0
4099,123,3f5f2a3e-a144-46a4-a989-d7a31d7ecc5b,e282bd33-9620-400d-91e8-b974d12c0866
4100,51,b63b7eb1-3311-481a-9718-35bc51da5dcc,128ec9c0-9293-4d2f-bf04-855a76e8dbe0
4100,137,b63b7eb1-3311-481a-9718-35bc51da5dcc,3387e5b6-d36d-4475-8b34-e918249b7474
4101,51,3ea1ef1b-0ac2-407a-a775-59d9cf9bcd2a,128ec9c0-9293-4d2f-bf04-855a76e8dbe0
4102,51,efc215b3-7e9b-42d9-81c7-3cd32d1249b6,128ec9c0-9293-4d2f-bf04-855a76e8dbe0
4103,51,c236ffec-4a3a-478c-9021-97675cf1c5ca,128ec9c0-9293-4d2f-bf04-855a76e8dbe0
4104,35,e4577faf-ba4c-4947-9f45-9f7667367a12,4e44d169-1292-4d6e-b5b9-fddc14fbbcdc
4105,88,22501887-4dcc-4ea3-86d3-84c86474e47a,4a8f0ef7-dbdb-44d7-ad0c-53df3a82b320
4106,109,3fd42629-854a-4fd4-b6d7-29cae1288107,564888a3-9c45-45fe-a75d-22f142fe28c1
4107,35,b91d8cf8-0749-4aff-b6ed-eed1a5a4c88e,4e44d169-1292-4d6e-b5b9-fddc14fbbcdc
4108,51,d44f6e73-0d76-405f-b477-688aa505dfea,128ec9c0-9293-4d2f-bf04-855a76e8dbe0
4109,51,57b17aa1-e3d8-4a4d-9384-7cc66120055a,128ec9c0-9293-4d2f-bf04-855a76e8dbe0
4110,51,afe5df3d-548a-4413-95c9-dd24aa7e3537,128ec9c0-9293-4d2f-bf04-855a76e8dbe0
4110,140,afe5df3d-548a-4413-95c9-dd24aa7e3537,deabd6e3-9c2d-4a79-afef-942da4b9550d
4111,140,fe79811c-753d-47f8-ae23-fbcb82a95a0a,deabd6e3-9c2d-4a79-afef-942da4b9550d
4112,140,c05bba98-a833-4f16-b261-ef037cc92faa,deabd6e3-9c2d-4a79-afef-942da4b9550d
4113,140,d7f1ea00-b2e7-4ac9-96ee-f2459cd1f14e,deabd6e3-9c2d-4a79-afef-942da4b9550d
4114,140,602bc6b1-eb48-41f2-874d-b374b8b8fd2d,deabd6e3-9c2d-4a79-afef-942da4b9550d
4115,140,6817b133-7236-4689-83a9-a06c6839dad9,deabd6e3-9c2d-4a79-afef-942da4b9550d
4116,23,db8d0b9c-414d-4a01-9922-7d0e301945e1,b933ec53-1f11-4e21-a043-67a2419ee067
4117,23,35df2ccc-b196-4772-8ac7-d36df8bf4de9,b933ec53-1f11-4e21-a043-67a2419ee067
4118,51,bab123ad-0a1a-49b9-94b4-4468cf9f91bc,128ec9c0-9293-4d2f-bf04-855a76e8dbe0
4119,51,7c60dfc3-0874-4d40-bbef-62ba4624bb8b,128ec9c0-9293-4d2f-bf04-855a76e8dbe0
4120,51,9f6d80ab-8597-4278-863d-50cd9ea6df08,128ec9c0-9293-4d2f-bf04-855a76e8dbe0
4121,51,ba2d93b2-4750-4fbf-a712-f7131df84bab,128ec9c0-9293-4d2f-bf04-855a76e8dbe0
4122,94,6a9105ab-eee8-424f-8504-9cd41b1761d3,25006cc4-a12b-4570-918f-78a97dca46a3
4123,51,82ac8351-04be-4a80-8921-d717e78bd1e6,128ec9c0-9293-4d2f-bf04-855a76e8dbe0
4123,151,82ac8351-04be-4a80-8921-d717e78bd1e6,c8ba2a88-6e49-443e-a5fb-f8fcd754e549
4124,123,4b010242-f909-45b1-b75c-d58f9a948aaa,e282bd33-9620-400d-91e8-b974d12c0866
4125,51,b794d611-f080-45ca-868b-ddb9a7094a44,128ec9c0-9293-4d2f-bf04-855a76e8dbe0
4125,137,b794d611-f080-45ca-868b-ddb9a7094a44,3387e5b6-d36d-4475-8b34-e918249b7474
4126,40,2bce6779-e991-459a-928c-99b6a6cadb8e,4fa23b9d-0f0a-49a5-848f-591e23711c37
4126,51,2bce6779-e991-459a-928c-99b6a6cadb8e,128ec9c0-9293-4d2f-bf04-855a76e8dbe0
4126,99,2bce6779-e991-459a-928c-99b6a6cadb8e,501c6680-46c4-4dd9-8b93-998921a295d3
4127,40,ea79e48a-7419-4c05-aaf3-545fa8411cd9,4fa23b9d-0f0a-49a5-848f-591e23711c37
4128,56,1db71333-160c-4a72-9185-3ec0986d16b5,fe758c24-6a48-4f9c-8424-ea1956da1ac4
4129,51,bdd8a342-4092-4ef0-852c-bd37219f368e,128ec9c0-9293-4d2f-bf04-855a76e8dbe0
4129,56,bdd8a342-4092-4ef0-852c-bd37219f368e,fe758c24-6a48-4f9c-8424-ea1956da1ac4
4130,65,1a09dd4f-0a14-46ce-abcb-6ca9d13e221b,a6aee757-29b0-4e74-9367-7fb4b8078626
4130,123,1a09dd4f-0a14-46ce-abcb-6ca9d13e221b,e282bd33-9620-400d-91e8-b974d12c0866
4131,51,93003465-eb17-4fe2-8cb8-7035320f663b,128ec9c0-9293-4d2f-bf04-855a76e8dbe0
4132,51,cf9776b7-f733-4b7e-9b06-cecb844e148d,128ec9c0-9293-4d2f-bf04-855a76e8dbe0
4133,94,bf7232f9-e078-47d9-aca3-4661f1495eb1,25006cc4-a12b-4570-918f-78a97dca46a3
4134,51,f393ba84-525b-4b5d-b241-cc6e5d50450d,128ec9c0-9293-4d2f-bf04-855a76e8dbe0
4135,51,db8aaadb-0320-45b7-a349-a5984e47e704,128ec9c0-9293-4d2f-bf04-855a76e8dbe0
4136,51,0a1bef5d-fd5a-46b9-93e7-f76ed695b091,128ec9c0-9293-4d2f-bf04-855a76e8dbe0
4137,109,22d9ca58-fbaf-454b-b6a1-b11ae83581a4,564888a3-9c45-45fe-a75d-22f142fe28c1
4138,51,110c08b2-77e4-46cd-b07a-2b72c01b9460,128ec9c0-9293-4d2f-bf04-855a76e8dbe0
4139,64,fb6022de-903a-40cd-a6d1-b8a818bab049,1e85dcaf-bd03-48dc-98bd-73e2e2779c7b
4140,40,3c9a632e-58b2-4348-833e-d02e74dfc2c8,4fa23b9d-0f0a-49a5-848f-591e23711c37
4141,51,04240a19-38a5-46c1-a5ec-ebd321dfa42f,128ec9c0-9293-4d2f-bf04-855a76e8dbe0
4142,34,91fc5a05-1949-4343-92e0-5eb5bde44755,db5c71e1-57ef-4e4d-b808-9c9c6d40f47f
4144,51,2949be89-d6c5-4974-95b1-5289ad8c00ed,128ec9c0-9293-4d2f-bf04-855a76e8dbe0
4145,35,c8ab85b4-bf8a-4537-b55e-e0ba53ce9e77,4e44d169-1292-4d6e-b5b9-fddc14fbbcdc
4146,51,99c1f599-c9a7-4f5b-9c88-427559df6323,128ec9c0-9293-4d2f-bf04-855a76e8dbe0
4147,51,feec8599-21c4-4d14-8317-e96fd4eeb7fc,128ec9c0-9293-4d2f-bf04-855a76e8dbe0
4149,109,69e787b8-740e-4c16-8752-19cab7071e7c,564888a3-9c45-45fe-a75d-22f142fe28c1
4150,51,960830f3-63e6-4d7c-be3b-0c5763bc393e,128ec9c0-9293-4d2f-bf04-855a76e8dbe0
4152,51,20c14238-a470-4415-aae4-65a7c2a8bef3,128ec9c0-9293-4d2f-bf04-855a76e8dbe0
4154,51,adeaaa17-2114-44f4-b525-0fedd93fa5bb,128ec9c0-9293-4d2f-bf04-855a76e8dbe0
4154,137,adeaaa17-2114-44f4-b525-0fedd93fa5bb,3387e5b6-d36d-4475-8b34-e918249b7474
4157,51,b69440bd-d5c5-430f-8630-fbc896641acc,128ec9c0-9293-4d2f-bf04-855a76e8dbe0
4159,51,3f506ecd-74c2-4d2e-900a-345ffc698aaf,128ec9c0-9293-4d2f-bf04-855a76e8dbe0
4159,137,3f506ecd-74c2-4d2e-900a-345ffc698aaf,3387e5b6-d36d-4475-8b34-e918249b7474
4160,40,bf6d41fe-f321-4f96-a1ff-223e005ed56c,4fa23b9d-0f0a-49a5-848f-591e23711c37
4161,56,802c6c69-f3b5-45ea-8ba1-a24b264a4398,fe758c24-6a48-4f9c-8424-ea1956da1ac4
4162,51,6612d65e-1925-4289-a2bc-32810e2e35ec,128ec9c0-9293-4d2f-bf04-855a76e8dbe0
4163,56,b7366d99-4930-4c3e-bdd3-949b443b77dc,fe758c24-6a48-4f9c-8424-ea1956da1ac4
4164,51,6a681185-758d-447b-a12c-c4583351dc52,128ec9c0-9293-4d2f-bf04-855a76e8dbe0
4165,51,bfc2999e-056d-4142-b993-758108c30fdb,128ec9c0-9293-4d2f-bf04-855a76e8dbe0
4166,51,4280a273-1936-42cc-abc9-4d6944a8af00,128ec9c0-9293-4d2f-bf04-855a76e8dbe0
4167,51,f3a5265c-e94b-40fd-842b-d2c601a56bda,128ec9c0-9293-4d2f-bf04-855a76e8dbe0
4168,51,ef3366fc-a8dc-4266-8aec-dfe4683c56e1,128ec9c0-9293-4d2f-bf04-855a76e8dbe0
4169,51,353c40b3-0067-466d-917b-72c79e31edb1,128ec9c0-9293-4d2f-bf04-855a76e8dbe0
4170,51,3bee6e82-21e7-48f4-9ae0-af116d5156af,128ec9c0-9293-4d2f-bf04-855a76e8dbe0
4171,82,fe9283df-0fe5-47b9-af13-cd4a5d7264a6,b4fdee65-3eb6-4778-bb61-a692022ef406
4172,56,3afc7a56-0669-4fe1-8d81-4078df0d9695,fe758c24-6a48-4f9c-8424-ea1956da1ac4
4174,51,e962c99b-9a5e-45ff-8d8e-6031ada1e363,128ec9c0-9293-4d2f-bf04-855a76e8dbe0
4175,51,5442513c-c538-4e1b-ad25-ad4caab70dc4,128ec9c0-9293-4d2f-bf04-855a76e8dbe0
4176,109,abc7b757-41d5-4bb2-a103-c1ac247b24d9,564888a3-9c45-45fe-a75d-22f142fe28c1
4177,109,0f20a16c-b288-47a5-883e-960868f9513d,564888a3-9c45-45fe-a75d-22f142fe28c1
4178,109,edced7b9-bd94-487d-91a3-54dea18b48dc,564888a3-9c45-45fe-a75d-22f142fe28c1
4179,88,0856dec1-b26c-4094-ad7c-7fff2873d392,4a8f0ef7-dbdb-44d7-ad0c-53df3a82b320
4180,94,f6e0ea88-6d04-4161-bbd1-74dde38feaf0,25006cc4-a12b-4570-918f-78a97dca46a3
4181,94,798fb182-1e16-4a51-b16b-47e2eca8a45a,25006cc4-a12b-4570-918f-78a97dca46a3
4182,51,97e01a44-6c36-4d1a-881b-56ef44edafa1,128ec9c0-9293-4d2f-bf04-855a76e8dbe0
4183,51,8cc4941a-ca99-4932-8714-1e844de4a11a,128ec9c0-9293-4d2f-bf04-855a76e8dbe0
4184,51,5425475a-4f8f-4d5d-a7eb-a95d64368538,128ec9c0-9293-4d2f-bf04-855a76e8dbe0
4186,51,ff97ee80-ab64-4261-8b08-ad87ddbb018c,128ec9c0-9293-4d2f-bf04-855a76e8dbe0
4187,51,f1a6e8f2-197f-49c0-b9f3-b7ebee799a7e,128ec9c0-9293-4d2f-bf04-855a76e8dbe0
4191,51,f2898e47-2f31-48d1-93d1-8bb817bd348a,128ec9c0-9293-4d2f-bf04-855a76e8dbe0
4192,51,6ac1b7f2-d4c0-45b2-8711-4cd02acc2998,128ec9c0-9293-4d2f-bf04-855a76e8dbe0
4193,109,8f791bf9-27f7-476f-bf69-945a81eadcb4,564888a3-9c45-45fe-a75d-22f142fe28c1
4194,51,0740b7a0-20aa-4351-8828-102b3f1826a1,128ec9c0-9293-4d2f-bf04-855a76e8dbe0
4195,40,bbec1663-851a-4d00-a26d-886886968b46,4fa23b9d-0f0a-49a5-848f-591e23711c37
4196,40,5b8362f7-2480-49e5-acba-272d027648e1,4fa23b9d-0f0a-49a5-848f-591e23711c37
4197,51,e2b6c473-0a97-4f38-9546-62cf477822ff,128ec9c0-9293-4d2f-bf04-855a76e8dbe0
4198,35,e56d5123-6490-40cc-8708-e788e83cc6aa,4e44d169-1292-4d6e-b5b9-fddc14fbbcdc
4199,35,bb903786-b43b-47d2-a512-10eea7d1c559,4e44d169-1292-4d6e-b5b9-fddc14fbbcdc
4200,51,9cf6bebc-b8de-48b6-863c-590bff0575e4,128ec9c0-9293-4d2f-bf04-855a76e8dbe0
4201,51,3ed757d3-2b43-4516-b820-7a0533aa05cc,128ec9c0-9293-4d2f-bf04-855a76e8dbe0
4202,51,a3980f47-434e-4271-8b94-e00bd5cec70b,128ec9c0-9293-4d2f-bf04-855a76e8dbe0
4203,26,abb23064-8aaa-4de6-9e77-dd8b7542f661,5db38fdd-3b64-4392-9002-ce7512bf3ceb
4203,51,abb23064-8aaa-4de6-9e77-dd8b7542f661,128ec9c0-9293-4d2f-bf04-855a76e8dbe0
4204,40,8e1d574c-e0bb-4c4a-8fbc-b39930df0df9,4fa23b9d-0f0a-49a5-848f-591e23711c37
4205,40,c081b313-486b-4f15-a49f-07c112a8177b,4fa23b9d-0f0a-49a5-848f-591e23711c37
4206,51,b56151bc-bb19-4d45-8d20-3c762c8d0b05,128ec9c0-9293-4d2f-bf04-855a76e8dbe0
4207,51,daab1326-9a3e-40db-806d-793233052e12,128ec9c0-9293-4d2f-bf04-855a76e8dbe0
4208,51,a2130800-8501-440d-83f6-d58e75f4f45d,128ec9c0-9293-4d2f-bf04-855a76e8dbe0
4209,51,059b96de-3b72-4888-980c-6755218d2196,128ec9c0-9293-4d2f-bf04-855a76e8dbe0
4210,40,826b9278-561f-4a8d-b260-effda30c05dd,4fa23b9d-0f0a-49a5-848f-591e23711c37
4211,51,8afdcbf8-3969-4e17-a44b-54332e341efb,128ec9c0-9293-4d2f-bf04-855a76e8dbe0
4212,55,30a87a8e-3459-4f75-846e-3ee699ab9af3,270ebc71-de8e-476e-9eaf-4d3a9ac687da
4213,51,ca6a8e9e-46c4-468f-9070-2cf621ca8460,128ec9c0-9293-4d2f-bf04-855a76e8dbe0
4214,35,473ea637-9e3f-4509-91ab-2e04ebe8cdd2,4e44d169-1292-4d6e-b5b9-fddc14fbbcdc
4214,69,473ea637-9e3f-4509-91ab-2e04ebe8cdd2,3a920c1e-e3cb-4322-a95d-fec1d513b2c3
4215,51,e82306f5-283a-4115-b6ff-02dfb92aa503,128ec9c0-9293-4d2f-bf04-855a76e8dbe0
4216,51,b71c1911-3fa3-4b63-bba2-494b25131dfd,128ec9c0-9293-4d2f-bf04-855a76e8dbe0
4217,51,3731ad00-31d6-4a87-8354-3476cb347cf4,128ec9c0-9293-4d2f-bf04-855a76e8dbe0
4218,51,8494ff36-9319-4000-8ed4-2322d83ad9e1,128ec9c0-9293-4d2f-bf04-855a76e8dbe0
4218,137,8494ff36-9319-4000-8ed4-2322d83ad9e1,3387e5b6-d36d-4475-8b34-e918249b7474
4219,51,f1cc88cf-a119-4e34-96f1-764b73ded4f2,128ec9c0-9293-4d2f-bf04-855a76e8dbe0
4219,137,f1cc88cf-a119-4e34-96f1-764b73ded4f2,3387e5b6-d36d-4475-8b34-e918249b7474
4220,51,6c988ed5-6dd7-4e9e-bb39-e98cf73c52d5,128ec9c0-9293-4d2f-bf04-855a76e8dbe0
4220,137,6c988ed5-6dd7-4e9e-bb39-e98cf73c52d5,3387e5b6-d36d-4475-8b34-e918249b7474
4221,51,4d553d44-1973-4e1e-a73c-3c08f223bc9a,128ec9c0-9293-4d2f-bf04-855a76e8dbe0
4222,51,f2686b14-adde-4a5d-931e-888a57cb88a7,128ec9c0-9293-4d2f-bf04-855a76e8dbe0
4222,137,f2686b14-adde-4a5d-931e-888a57cb88a7,3387e5b6-d36d-4475-8b34-e918249b7474
4223,45,ce2bee21-dfe0-4194-b613-a1da016f37cd,5967b7a7-f974-4ff5-b565-f4cc3e0080ac
4225,45,3b39c0ef-2258-4b86-804f-679b51ea56af,5967b7a7-f974-4ff5-b565-f4cc3e0080ac
4228,40,39b991fb-e240-4d05-9b37-9dfa6ef7462e,4fa23b9d-0f0a-49a5-848f-591e23711c37
4230,23,b67e4f48-d7cf-4ff2-952e-79830ad0b7ad,b933ec53-1f11-4e21-a043-67a2419ee067
4230,140,b67e4f48-d7cf-4ff2-952e-79830ad0b7ad,deabd6e3-9c2d-4a79-afef-942da4b9550d
4231,51,a0edb4f0-a306-4d94-a163-03af773c7201,128ec9c0-9293-4d2f-bf04-855a76e8dbe0
4232,51,ecfcd852-5a65-4f16-90ce-e56e46176ab4,128ec9c0-9293-4d2f-bf04-855a76e8dbe0
4233,51,d3c2b610-c81c-4448-8ebf-b42c3d6c2f28,128ec9c0-9293-4d2f-bf04-855a76e8dbe0
4234,51,2235d457-011c-4edf-89a5-c12284396560,128ec9c0-9293-4d2f-bf04-855a76e8dbe0
4234,140,2235d457-011c-4edf-89a5-c12284396560,deabd6e3-9c2d-4a79-afef-942da4b9550d
4235,51,78846363-0f52-4565-ac11-e60f568104d4,128ec9c0-9293-4d2f-bf04-855a76e8dbe0
4236,126,72a7aa57-edc6-4061-bed5-0f56daa58f07,7a54cb57-4518-4ee3-b447-3ab0095a379f
4237,51,82751c82-b8e7-4444-812b-db8e6b20e978,128ec9c0-9293-4d2f-bf04-855a76e8dbe0
4237,126,82751c82-b8e7-4444-812b-db8e6b20e978,7a54cb57-4518-4ee3-b447-3ab0095a379f
4238,51,da8f98cd-ee1d-4269-ba41-6b5d14e2d139,128ec9c0-9293-4d2f-bf04-855a76e8dbe0
4239,89,65f1bab2-7a95-4ef9-a68c-6b0aa4de08a2,d66c728d-eb3c-4695-a4d2-3f77f8a5ca59
4240,89,e1428f12-d3df-4b89-abcf-ccdd26bf2b27,d66c728d-eb3c-4695-a4d2-3f77f8a5ca59
4241,89,56983ddb-4dae-4d18-9286-66c791e6f7a1,d66c728d-eb3c-4695-a4d2-3f77f8a5ca59
4242,51,1e0b5f5a-67be-450b-a27a-7147f50c7aa9,128ec9c0-9293-4d2f-bf04-855a76e8dbe0
4243,51,abbac00b-026c-4d7e-bab0-036469db2ff9,128ec9c0-9293-4d2f-bf04-855a76e8dbe0
4244,40,c7f3b7d9-ea8d-46c5-84d1-d7372b89d757,4fa23b9d-0f0a-49a5-848f-591e23711c37
4245,40,e4855f86-7b99-4f72-840b-1afe1a2d0838,4fa23b9d-0f0a-49a5-848f-591e23711c37
4246,40,70c88ecb-0580-4dfd-be33-b6df9bfe3fbf,4fa23b9d-0f0a-49a5-848f-591e23711c37
4247,40,49911267-6300-4139-b2a7-310e7e2e4011,4fa23b9d-0f0a-49a5-848f-591e23711c37
4248,40,ef832511-bd2f-48c4-9961-cdd459075e46,4fa23b9d-0f0a-49a5-848f-591e23711c37
4249,40,9500a0b9-1bae-470b-ad62-894dfe3bf78c,4fa23b9d-0f0a-49a5-848f-591e23711c37
4250,40,16cd838d-4d19-4e60-a4df-b6a87ba4e854,4fa23b9d-0f0a-49a5-848f-591e23711c37
4251,40,3a4818c0-72b9-4078-93ab-019700f0cdbf,4fa23b9d-0f0a-49a5-848f-591e23711c37
4252,40,3a2d243e-1543-43ef-8ca2-306496f79b86,4fa23b9d-0f0a-49a5-848f-591e23711c37
4253,40,a1c120da-200e-4de9-8c80-7d1a3feee035,4fa23b9d-0f0a-49a5-848f-591e23711c37
4254,40,6f01eb7f-d7ae-439f-960a-a2de4edc0421,4fa23b9d-0f0a-49a5-848f-591e23711c37
4255,40,e32a4400-da7c-44c4-a72c-0868c62f2187,4fa23b9d-0f0a-49a5-848f-591e23711c37
4256,40,49f8a682-0163-417b-b1dc-4113daee7ad8,4fa23b9d-0f0a-49a5-848f-591e23711c37
4257,40,92578d14-0029-463a-8e38-2abba47d1f89,4fa23b9d-0f0a-49a5-848f-591e23711c37
4258,40,2bae7f59-1aa0-4464-a001-3627166c4ba5,4fa23b9d-0f0a-49a5-848f-591e23711c37
4259,40,034c0e0d-7d21-4f80-90d9-12803c3b5f91,4fa23b9d-0f0a-49a5-848f-591e23711c37
4260,40,d85c04d6-5c5b-4d5c-a575-5461c6afefae,4fa23b9d-0f0a-49a5-848f-591e23711c37
4261,40,8f9a1965-463b-4097-9568-f7197536eb04,4fa23b9d-0f0a-49a5-848f-591e23711c37
4262,26,8c286637-3f4e-4824-a980-da0243dc1865,5db38fdd-3b64-4392-9002-ce7512bf3ceb
4263,94,dc637434-2187-4d7e-aef3-8c423031fa17,25006cc4-a12b-4570-918f-78a97dca46a3
4264,51,1a64f2b4-14cc-4f28-a08f-ee421e895ea2,128ec9c0-9293-4d2f-bf04-855a76e8dbe0
4265,51,c2d27150-d26f-4169-8cd0-2d334c0626cd,128ec9c0-9293-4d2f-bf04-855a76e8dbe0
4266,51,bd29a8a5-cf4e-4892-bc80-3d4a82550ed5,128ec9c0-9293-4d2f-bf04-855a76e8dbe0
4267,126,6821ae26-70ba-4eee-9345-5a6b0ea80aa6,7a54cb57-4518-4ee3-b447-3ab0095a379f
4268,126,1927a371-6c5d-4dca-a7eb-18427f035a7d,7a54cb57-4518-4ee3-b447-3ab0095a379f
4269,140,eea4538f-2076-4736-bb61-d97c32a96495,deabd6e3-9c2d-4a79-afef-942da4b9550d
4270,139,b7d1551a-1697-4524-a5d6-0a13dd2aaba2,2e5acb96-569b-439b-b810-4108d057b544
4270,140,b7d1551a-1697-4524-a5d6-0a13dd2aaba2,deabd6e3-9c2d-4a79-afef-942da4b9550d
4271,94,e4da193d-68a0-470c-9211-bf785aac0ce4,25006cc4-a12b-4570-918f-78a97dca46a3
4272,51,a95e225d-802f-4745-b806-98047676e17e,128ec9c0-9293-4d2f-bf04-855a76e8dbe0
4272,55,a95e225d-802f-4745-b806-98047676e17e,270ebc71-de8e-476e-9eaf-4d3a9ac687da
4273,55,3c64318c-b34f-4667-b464-155e88046d67,270ebc71-de8e-476e-9eaf-4d3a9ac687da
4274,55,228557bd-b45f-4b1f-8e6e-a8f19c9eb164,270ebc71-de8e-476e-9eaf-4d3a9ac687da
4275,51,3c4563a0-af24-474f-9c0e-511c97ec970b,128ec9c0-9293-4d2f-bf04-855a76e8dbe0
4276,51,e104e9e3-5c59-44c2-8886-f2622636075f,128ec9c0-9293-4d2f-bf04-855a76e8dbe0
4277,51,99c1ab75-6859-4886-91c7-3eb1a08e23b6,128ec9c0-9293-4d2f-bf04-855a76e8dbe0
4281,51,f54a5e12-1432-4430-a664-fb60d8a9b9a3,128ec9c0-9293-4d2f-bf04-855a76e8dbe0
4283,94,461220e2-657b-4c78-b012-03463538331b,25006cc4-a12b-4570-918f-78a97dca46a3
4284,51,8a91e51d-db36-4bd8-ab19-1bac71008c31,128ec9c0-9293-4d2f-bf04-855a76e8dbe0
4285,51,a34f9651-f2e0-43a2-b1a3-7bf7eb052647,128ec9c0-9293-4d2f-bf04-855a76e8dbe0
4286,82,7a0d03c7-70bd-480e-81ba-42b37f395c96,b4fdee65-3eb6-4778-bb61-a692022ef406
4287,109,8b5be996-4b86-4fe6-8d3f-15f2b0bd22d0,564888a3-9c45-45fe-a75d-22f142fe28c1
4288,109,d2481e72-9b1c-4c8c-92e8-479759129475,564888a3-9c45-45fe-a75d-22f142fe28c1
4289,51,d096d90c-581f-4773-895d-f1a31a60c8fb,128ec9c0-9293-4d2f-bf04-855a76e8dbe0
4290,51,58f998fd-4705-4121-bc90-18a88ecc085e,128ec9c0-9293-4d2f-bf04-855a76e8dbe0
4291,51,e0b49438-8a1e-4960-b28c-096d4eda5ee6,128ec9c0-9293-4d2f-bf04-855a76e8dbe0
4292,35,fc80100a-c315-4451-b6d9-36c73878419b,4e44d169-1292-4d6e-b5b9-fddc14fbbcdc
4293,51,845521c1-3397-42e5-b70b-c978af6ec02b,128ec9c0-9293-4d2f-bf04-855a76e8dbe0
4294,40,decc3599-10c1-4e2a-9cfb-afc1588c4563,4fa23b9d-0f0a-49a5-848f-591e23711c37
4295,35,a8099554-8b42-476e-be3b-18834f714878,4e44d169-1292-4d6e-b5b9-fddc14fbbcdc
4295,51,a8099554-8b42-476e-be3b-18834f714878,128ec9c0-9293-4d2f-bf04-855a76e8dbe0
4295,94,a8099554-8b42-476e-be3b-18834f714878,25006cc4-a12b-4570-918f-78a97dca46a3
4296,51,84c761ae-d002-4864-bab1-a167253d54f0,128ec9c0-9293-4d2f-bf04-855a76e8dbe0
4297,51,b1def4b6-44dd-491b-afbb-5c88c345f1e7,128ec9c0-9293-4d2f-bf04-855a76e8dbe0
4298,35,78b139b0-08ae-4dd4-b746-0dcf183a772f,4e44d169-1292-4d6e-b5b9-fddc14fbbcdc
4299,34,f4de1708-e0e6-4c2f-9f16-4ea290694ab0,db5c71e1-57ef-4e4d-b808-9c9c6d40f47f
4302,51,e04b16c1-ff02-40f9-8c67-bf0e401c5a6a,128ec9c0-9293-4d2f-bf04-855a76e8dbe0
4303,51,17010993-95fb-4d5c-a7d3-f94d93da7e45,128ec9c0-9293-4d2f-bf04-855a76e8dbe0
4304,64,fcb7e815-ba69-4f0c-8c8a-ad4e989e1704,1e85dcaf-bd03-48dc-98bd-73e2e2779c7b
4305,64,84a3351a-9855-44b8-8854-726c25e749a2,1e85dcaf-bd03-48dc-98bd-73e2e2779c7b
4306,140,788fabd7-0191-48b9-acc7-3c59caaca439,deabd6e3-9c2d-4a79-afef-942da4b9550d
4307,140,35ade0ea-bc30-49ba-8513-506afa4afaf7,deabd6e3-9c2d-4a79-afef-942da4b9550d
4308,56,abd6ea49-c0d7-408a-930e-b2247e15c810,fe758c24-6a48-4f9c-8424-ea1956da1ac4
4309,139,d9a2a17b-7972-4afd-bbfc-09f589680ec2,2e5acb96-569b-439b-b810-4108d057b544
4310,140,329c765b-5010-4d88-96c1-ac5d488582ce,deabd6e3-9c2d-4a79-afef-942da4b9550d
4311,56,0b7ab598-2796-401a-885a-fd4a8259fb3b,fe758c24-6a48-4f9c-8424-ea1956da1ac4
4312,56,6ae704a0-2e5e-4b0f-b6de-32d2537ea296,fe758c24-6a48-4f9c-8424-ea1956da1ac4
4313,140,dcb8dc25-f828-4b7e-aab0-3181185966d0,deabd6e3-9c2d-4a79-afef-942da4b9550d
4314,23,b367f02b-57bb-40e0-aa5e-54623e3b8238,b933ec53-1f11-4e21-a043-67a2419ee067
4315,139,1826479a-105d-441f-a0cf-4e5f712afde2,2e5acb96-569b-439b-b810-4108d057b544
4316,51,55d5fc7d-02e0-4983-82fb-328c6ffb81b5,128ec9c0-9293-4d2f-bf04-855a76e8dbe0
4318,51,5bc1f3ce-2f73-42e6-8991-6bffcfc584c6,128ec9c0-9293-4d2f-bf04-855a76e8dbe0
4318,140,5bc1f3ce-2f73-42e6-8991-6bffcfc584c6,deabd6e3-9c2d-4a79-afef-942da4b9550d
4319,140,a6095a86-5fc6-4b7e-badd-b4abb1068c79,deabd6e3-9c2d-4a79-afef-942da4b9550d
4320,94,037fca67-92e2-4ce7-af61-20fe6cd285db,25006cc4-a12b-4570-918f-78a97dca46a3
4321,10,4b5a5fae-8124-4b66-bec2-18d76318bab9,6b085981-1ae4-4ffc-a50d-d1fe0eb4737c
4322,94,d2255193-f856-45b4-9036-063684640cbb,25006cc4-a12b-4570-918f-78a97dca46a3
4323,10,46abb2f6-f76c-41d7-9886-6e8af4a4f2d6,6b085981-1ae4-4ffc-a50d-d1fe0eb4737c
4323,94,46abb2f6-f76c-41d7-9886-6e8af4a4f2d6,25006cc4-a12b-4570-918f-78a97dca46a3
4324,94,bf855b96-c3dc-499f-84ec-ecf2b1145b46,25006cc4-a12b-4570-918f-78a97dca46a3
4325,94,a6affe3b-53a4-4d63-b8e4-827886c6c8d0,25006cc4-a12b-4570-918f-78a97dca46a3
4326,94,3ea7dd12-d71d-443c-ab3c-dd7d7c488c9b,25006cc4-a12b-4570-918f-78a97dca46a3
4327,7,36f2418a-d158-4ded-ac75-3f39a0462782,33d16719-b10d-4ec8-becd-4c3fe7c0411e
4328,94,7c279b99-3e30-45ca-8dee-eba61afea0d7,25006cc4-a12b-4570-918f-78a97dca46a3
4330,7,f28d8aa6-c714-42d3-bd52-cbbcf617f1e6,33d16719-b10d-4ec8-becd-4c3fe7c0411e
4330,94,f28d8aa6-c714-42d3-bd52-cbbcf617f1e6,25006cc4-a12b-4570-918f-78a97dca46a3
4332,7,58e02cd9-3080-40d2-8914-00371600a3eb,33d16719-b10d-4ec8-becd-4c3fe7c0411e
4333,94,b98a5cf3-ae61-414f-9312-57c47f597e46,25006cc4-a12b-4570-918f-78a97dca46a3
4334,7,96275a7c-7fa6-464f-a38e-61a60ca19420,33d16719-b10d-4ec8-becd-4c3fe7c0411e
4334,94,96275a7c-7fa6-464f-a38e-61a60ca19420,25006cc4-a12b-4570-918f-78a97dca46a3
4335,7,c62b3b02-c613-4fff-b82a-fe22dbb5fe39,33d16719-b10d-4ec8-becd-4c3fe7c0411e
4335,94,c62b3b02-c613-4fff-b82a-fe22dbb5fe39,25006cc4-a12b-4570-918f-78a97dca46a3
4336,94,be19948c-1f7c-4449-a8f3-c9245862b0cd,25006cc4-a12b-4570-918f-78a97dca46a3
4337,94,7854c44e-ad73-430a-90c4-2617f012dc8a,25006cc4-a12b-4570-918f-78a97dca46a3
4339,94,1d1f6623-de7d-458e-b10d-0f98c1f09d09,25006cc4-a12b-4570-918f-78a97dca46a3
4340,94,35ca6750-76bb-4ce1-8534-04f7f4efc154,25006cc4-a12b-4570-918f-78a97dca46a3
4341,94,a2f0c45e-ab95-4cf8-8e9e-0a68f0b7cf6b,25006cc4-a12b-4570-918f-78a97dca46a3
4342,94,e77f5896-596c-4266-92de-310f3d14cfab,25006cc4-a12b-4570-918f-78a97dca46a3
4343,94,86b34011-e7cd-41c2-a5b6-5326754e9d5c,25006cc4-a12b-4570-918f-78a97dca46a3
4344,94,b9851b40-625f-4a23-a1e9-0bf6ea0d9daa,25006cc4-a12b-4570-918f-78a97dca46a3
4345,94,9afdf2a6-a9f2-4cae-a1fc-c32ccf486dbe,25006cc4-a12b-4570-918f-78a97dca46a3
4346,94,b0166803-f21b-458a-b75a-14a6fa0db746,25006cc4-a12b-4570-918f-78a97dca46a3
4347,51,6420b856-5779-4453-8cf1-794f70553b86,128ec9c0-9293-4d2f-bf04-855a76e8dbe0
4348,51,0415ba37-055b-4857-b4ac-cf5cdd576dea,128ec9c0-9293-4d2f-bf04-855a76e8dbe0
4351,40,0a8c19bd-ef47-45ae-9871-1c772bb00caf,4fa23b9d-0f0a-49a5-848f-591e23711c37
4351,51,0a8c19bd-ef47-45ae-9871-1c772bb00caf,128ec9c0-9293-4d2f-bf04-855a76e8dbe0
4351,94,0a8c19bd-ef47-45ae-9871-1c772bb00caf,25006cc4-a12b-4570-918f-78a97dca46a3
4351,109,0a8c19bd-ef47-45ae-9871-1c772bb00caf,564888a3-9c45-45fe-a75d-22f142fe28c1
4352,64,af684ad2-511c-4c15-b769-b919c2ccb44c,1e85dcaf-bd03-48dc-98bd-73e2e2779c7b
4353,94,e9f8d470-0ea4-4c86-bb97-58aca0e253df,25006cc4-a12b-4570-918f-78a97dca46a3
4354,94,2811029c-85b7-4f8b-a813-9e3b2e689e6f,25006cc4-a12b-4570-918f-78a97dca46a3
4356,94,91a4f3e1-cea6-4568-a4d6-ed2eb17fb868,25006cc4-a12b-4570-918f-78a97dca46a3
4357,31,479ff1b5-bf55-4c9c-bf12-3c78480a3d74,d0225294-49b3-458d-893d-ecd576c7391f
4357,94,479ff1b5-bf55-4c9c-bf12-3c78480a3d74,25006cc4-a12b-4570-918f-78a97dca46a3
4358,31,e5bc6011-929f-493a-8aa5-38773044abe0,d0225294-49b3-458d-893d-ecd576c7391f
4359,31,1b12cbfd-f0ec-468d-80ed-f20302d048ad,d0225294-49b3-458d-893d-ecd576c7391f
4359,94,1b12cbfd-f0ec-468d-80ed-f20302d048ad,25006cc4-a12b-4570-918f-78a97dca46a3
4360,31,64263a48-8db2-4c16-af6a-324162d08532,d0225294-49b3-458d-893d-ecd576c7391f
4361,31,2f10ae34-b783-4037-acf9-f9ac4e741caf,d0225294-49b3-458d-893d-ecd576c7391f
4361,94,2f10ae34-b783-4037-acf9-f9ac4e741caf,25006cc4-a12b-4570-918f-78a97dca46a3
4362,31,1e183635-162d-4f29-930b-7a7d35607a32,d0225294-49b3-458d-893d-ecd576c7391f
4363,31,ec3bb75c-3dcc-489c-b685-44ab5f6ee213,d0225294-49b3-458d-893d-ecd576c7391f
4363,94,ec3bb75c-3dcc-489c-b685-44ab5f6ee213,25006cc4-a12b-4570-918f-78a97dca46a3
4364,94,91fba972-8348-4bfe-a718-68c3f4bdc293,25006cc4-a12b-4570-918f-78a97dca46a3
4365,94,683c631e-ea99-47b6-a040-3af6787a4f96,25006cc4-a12b-4570-918f-78a97dca46a3
4366,94,3deb11f4-4387-4d87-9353-152c6feee7ee,25006cc4-a12b-4570-918f-78a97dca46a3
4367,40,2cc608ba-e506-4a6d-8f8f-aa9997caaf8b,4fa23b9d-0f0a-49a5-848f-591e23711c37
4367,51,2cc608ba-e506-4a6d-8f8f-aa9997caaf8b,128ec9c0-9293-4d2f-bf04-855a76e8dbe0
4367,94,2cc608ba-e506-4a6d-8f8f-aa9997caaf8b,25006cc4-a12b-4570-918f-78a97dca46a3
4368,94,55347dcf-98e8-4af7-a441-e943dc48415b,25006cc4-a12b-4570-918f-78a97dca46a3
4370,56,f5fdc213-b869-431d-9ab0-02804d084452,fe758c24-6a48-4f9c-8424-ea1956da1ac4
4371,51,c23379c6-3c08-4f97-9f6b-37ced96b25f3,128ec9c0-9293-4d2f-bf04-855a76e8dbe0
4371,109,c23379c6-3c08-4f97-9f6b-37ced96b25f3,564888a3-9c45-45fe-a75d-22f142fe28c1
4372,40,75041395-9c7b-49ba-adef-8a46b20e7105,4fa23b9d-0f0a-49a5-848f-591e23711c37
4374,51,2f6eeab9-4286-48eb-a85b-422cb02a515f,128ec9c0-9293-4d2f-bf04-855a76e8dbe0
4375,51,07b0d164-2d97-4ff4-9d07-2fbfed2472ac,128ec9c0-9293-4d2f-bf04-855a76e8dbe0
4376,51,7823fd68-5da3-4f47-a736-404355f55a2f,128ec9c0-9293-4d2f-bf04-855a76e8dbe0
4377,35,e00ab232-8d54-466d-bc4e-83787c0ddf82,4e44d169-1292-4d6e-b5b9-fddc14fbbcdc
4377,51,e00ab232-8d54-466d-bc4e-83787c0ddf82,128ec9c0-9293-4d2f-bf04-855a76e8dbe0
4378,40,7708b22f-4934-43b6-b326-a9f265d60d48,4fa23b9d-0f0a-49a5-848f-591e23711c37
4379,51,6cdd1849-6b19-479e-bc4c-97c86af8b261,128ec9c0-9293-4d2f-bf04-855a76e8dbe0
4380,35,c175c3ae-c0ce-41fb-9c40-9b75d21827db,4e44d169-1292-4d6e-b5b9-fddc14fbbcdc
4380,46,c175c3ae-c0ce-41fb-9c40-9b75d21827db,3628564c-ce28-4570-8b37-4c1cc4ec385a
4380,94,c175c3ae-c0ce-41fb-9c40-9b75d21827db,25006cc4-a12b-4570-918f-78a97dca46a3
4381,94,38a0bf15-a566-44c7-a9b6-e23ed3898b97,25006cc4-a12b-4570-918f-78a97dca46a3
4382,51,0a059b47-8d10-47b6-bdd7-c9d9f62c3935,128ec9c0-9293-4d2f-bf04-855a76e8dbe0
4383,35,3f3e4c9d-fb48-48c1-a8b2-65687c050891,4e44d169-1292-4d6e-b5b9-fddc14fbbcdc
4383,40,3f3e4c9d-fb48-48c1-a8b2-65687c050891,4fa23b9d-0f0a-49a5-848f-591e23711c37
4383,51,3f3e4c9d-fb48-48c1-a8b2-65687c050891,128ec9c0-9293-4d2f-bf04-855a76e8dbe0
4383,55,3f3e4c9d-fb48-48c1-a8b2-65687c050891,270ebc71-de8e-476e-9eaf-4d3a9ac687da
4384,40,05a7a3d1-7c6c-47f8-998e-e3b8c5197310,4fa23b9d-0f0a-49a5-848f-591e23711c37
4385,40,38c9196d-0034-4fbd-a084-4bc43501f659,4fa23b9d-0f0a-49a5-848f-591e23711c37
4386,35,ba9d429f-6afd-4023-845b-2aa123d997f4,4e44d169-1292-4d6e-b5b9-fddc14fbbcdc
4386,40,ba9d429f-6afd-4023-845b-2aa123d997f4,4fa23b9d-0f0a-49a5-848f-591e23711c37
4386,51,ba9d429f-6afd-4023-845b-2aa123d997f4,128ec9c0-9293-4d2f-bf04-855a76e8dbe0
4386,55,ba9d429f-6afd-4023-845b-2aa123d997f4,270ebc71-de8e-476e-9eaf-4d3a9ac687da
4387,40,d82b8dd2-28e4-436d-ad39-2febe94fde1b,4fa23b9d-0f0a-49a5-848f-591e23711c37
4388,40,3ec92cc5-99da-4a7a-9a17-4c8dfb772b3c,4fa23b9d-0f0a-49a5-848f-591e23711c37
4389,40,c343b030-d3c4-4535-84d9-62d461173b86,4fa23b9d-0f0a-49a5-848f-591e23711c37
4390,40,49560825-430e-4be3-9a04-49d519c76218,4fa23b9d-0f0a-49a5-848f-591e23711c37
4391,40,599bf975-acc5-4797-8d31-aff141f8b9c9,4fa23b9d-0f0a-49a5-848f-591e23711c37
4392,40,be5e67a2-d9fb-411f-83e8-680ac4dded16,4fa23b9d-0f0a-49a5-848f-591e23711c37
4393,40,9c457310-6e44-4912-87fe-44e6941c74a0,4fa23b9d-0f0a-49a5-848f-591e23711c37
4394,40,9cc7791b-7213-44bc-bf51-f517bbe0f1a2,4fa23b9d-0f0a-49a5-848f-591e23711c37
4395,35,286fdeec-2d47-418c-881e-db2f8c84d863,4e44d169-1292-4d6e-b5b9-fddc14fbbcdc
4395,40,286fdeec-2d47-418c-881e-db2f8c84d863,4fa23b9d-0f0a-49a5-848f-591e23711c37
4395,51,286fdeec-2d47-418c-881e-db2f8c84d863,128ec9c0-9293-4d2f-bf04-855a76e8dbe0
4395,55,286fdeec-2d47-418c-881e-db2f8c84d863,270ebc71-de8e-476e-9eaf-4d3a9ac687da
4396,40,75f8a7e8-b247-4be8-b0e8-51dcbd9136b4,4fa23b9d-0f0a-49a5-848f-591e23711c37
4397,40,9816913e-9d68-4e77-9a33-90099a0a1bdb,4fa23b9d-0f0a-49a5-848f-591e23711c37
4398,40,abd6df07-017d-4da3-958b-b54678fb9adc,4fa23b9d-0f0a-49a5-848f-591e23711c37
4399,40,159f010b-b43b-4b9b-b6d4-5ecb29e1b09d,4fa23b9d-0f0a-49a5-848f-591e23711c37
4400,40,05836f93-3136-4e29-9d3e-a553b9409fbb,4fa23b9d-0f0a-49a5-848f-591e23711c37
4401,40,39953af0-b438-42a1-a4aa-718f1de936ef,4fa23b9d-0f0a-49a5-848f-591e23711c37
4402,40,5db1d9d7-a69f-4097-820f-1ca818229d9f,4fa23b9d-0f0a-49a5-848f-591e23711c37
4403,40,846f0dd0-0f3c-4c51-aa4e-d53a7e5500a5,4fa23b9d-0f0a-49a5-848f-591e23711c37
4404,40,cb63f4e1-e3c1-49de-b5dd-052a206e26de,4fa23b9d-0f0a-49a5-848f-591e23711c37
4405,35,e38618bb-1826-4aef-8a2e-f31f8b11a397,4e44d169-1292-4d6e-b5b9-fddc14fbbcdc
4405,40,e38618bb-1826-4aef-8a2e-f31f8b11a397,4fa23b9d-0f0a-49a5-848f-591e23711c37
4405,51,e38618bb-1826-4aef-8a2e-f31f8b11a397,128ec9c0-9293-4d2f-bf04-855a76e8dbe0
4405,55,e38618bb-1826-4aef-8a2e-f31f8b11a397,270ebc71-de8e-476e-9eaf-4d3a9ac687da
4406,40,84395f2c-ee96-4090-bf6c-3dcf10bf0524,4fa23b9d-0f0a-49a5-848f-591e23711c37
4407,51,5878b4c5-0593-4804-ab5c-562a93848dfe,128ec9c0-9293-4d2f-bf04-855a76e8dbe0
4408,51,511ccc8b-9a02-4186-ab2d-2e139e9ca7cd,128ec9c0-9293-4d2f-bf04-855a76e8dbe0
4409,51,9a54d37c-9c69-48b5-b766-3b3c163a25bf,128ec9c0-9293-4d2f-bf04-855a76e8dbe0
4409,64,9a54d37c-9c69-48b5-b766-3b3c163a25bf,1e85dcaf-bd03-48dc-98bd-73e2e2779c7b
4410,51,3b669c29-88f1-4c76-a9df-af9ebcc631bb,128ec9c0-9293-4d2f-bf04-855a76e8dbe0
4411,35,0bf8a6a8-6293-4cd9-816b-5b7d5017f3e3,4e44d169-1292-4d6e-b5b9-fddc14fbbcdc
4412,41,8f7750bf-7b26-48ae-949b-6b1ea42ff7df,45040cf8-bcce-4383-acc5-eacf98b8efa7
4412,51,8f7750bf-7b26-48ae-949b-6b1ea42ff7df,128ec9c0-9293-4d2f-bf04-855a76e8dbe0
4413,51,197dbc1b-0078-401d-9483-17a5ab5e2d63,128ec9c0-9293-4d2f-bf04-855a76e8dbe0
4414,51,2512b0c4-1a7f-4136-b392-3374f9f417e9,128ec9c0-9293-4d2f-bf04-855a76e8dbe0
4415,51,35183e92-4024-406c-81ed-227f8883a5b6,128ec9c0-9293-4d2f-bf04-855a76e8dbe0
4417,51,48c8eba8-8dae-4172-8e34-0cce7081ccb0,128ec9c0-9293-4d2f-bf04-855a76e8dbe0
4418,51,3bd51fe0-e1c6-434e-b538-87a5b7bb25a5,128ec9c0-9293-4d2f-bf04-855a76e8dbe0
4419,51,eb22a058-6766-48a7-9ab0-2ad0b028701e,128ec9c0-9293-4d2f-bf04-855a76e8dbe0
4421,51,c3598f64-78ee-4869-81d4-e0ea8acd36e5,128ec9c0-9293-4d2f-bf04-855a76e8dbe0
4422,51,68572b9f-324d-492b-b0e1-f4b234de0c85,128ec9c0-9293-4d2f-bf04-855a76e8dbe0
4423,51,8d84d581-9e5b-4796-b3bc-766f1b33a558,128ec9c0-9293-4d2f-bf04-855a76e8dbe0
4424,94,e273fe68-0f59-4309-a8d6-a943f4736c9f,25006cc4-a12b-4570-918f-78a97dca46a3
4425,51,17878078-b978-493f-92ff-d904985035a9,128ec9c0-9293-4d2f-bf04-855a76e8dbe0
4426,51,ac6f0a4f-79fa-4b96-9f04-13aba3102552,128ec9c0-9293-4d2f-bf04-855a76e8dbe0
4428,51,00bc4500-7ce2-45e9-9208-edc600ff2a57,128ec9c0-9293-4d2f-bf04-855a76e8dbe0
4429,55,80c5e341-e36c-4160-b052-329aed38959b,270ebc71-de8e-476e-9eaf-4d3a9ac687da
4430,109,b42d2b4a-cee0-4d3e-b977-de2a3c74eb7a,564888a3-9c45-45fe-a75d-22f142fe28c1
4432,51,1bda57c1-6c5f-439a-9902-ee94f30d3578,128ec9c0-9293-4d2f-bf04-855a76e8dbe0
4433,51,5e95085c-56a9-4231-a2b1-2025f8a7b35e,128ec9c0-9293-4d2f-bf04-855a76e8dbe0
4434,94,05a79044-9bc3-4915-9d89-b09a9de85ca9,25006cc4-a12b-4570-918f-78a97dca46a3
4435,94,e006b767-fb77-45b2-8195-c9d144ecd037,25006cc4-a12b-4570-918f-78a97dca46a3
4436,94,d5710d1e-da9f-4498-b100-4013932fbf5e,25006cc4-a12b-4570-918f-78a97dca46a3
4439,94,b0b64ecf-53eb-4b69-baed-c5224adfa541,25006cc4-a12b-4570-918f-78a97dca46a3
4440,94,556028b7-ddc3-47bd-807e-f4bb8b34351b,25006cc4-a12b-4570-918f-78a97dca46a3
4442,126,7611e387-4150-4fda-b31d-aca93599b4ba,7a54cb57-4518-4ee3-b447-3ab0095a379f
4443,126,565ef60f-62ec-4efd-88b5-9bd80b1eed95,7a54cb57-4518-4ee3-b447-3ab0095a379f
4445,126,bf025831-e09b-4361-ac61-83df92495615,7a54cb57-4518-4ee3-b447-3ab0095a379f
4446,126,d970c1d9-4e1c-4c2c-8d62-6a5c9964e043,7a54cb57-4518-4ee3-b447-3ab0095a379f
4447,126,8e3531cf-3a0d-4f92-b51c-0ee00b707065,7a54cb57-4518-4ee3-b447-3ab0095a379f
4448,126,1faa7916-da74-4689-b881-1bc9fef73bc0,7a54cb57-4518-4ee3-b447-3ab0095a379f
4449,94,11c6359a-1e32-402c-9fe0-a2c8c7eea8f2,25006cc4-a12b-4570-918f-78a97dca46a3
4450,94,4cff1c01-13ac-4e13-93e1-50d06efd268a,25006cc4-a12b-4570-918f-78a97dca46a3
4451,126,a3020fe8-8095-4ddb-857f-378d6d9a5c47,7a54cb57-4518-4ee3-b447-3ab0095a379f
4452,126,95a8ea75-f9d3-4c4b-b634-372776cb6587,7a54cb57-4518-4ee3-b447-3ab0095a379f
4453,126,c8fd5620-a7c3-4e7e-9e53-1f116c23fd32,7a54cb57-4518-4ee3-b447-3ab0095a379f
4454,126,b2a9f9a3-a38f-4420-9b3d-10aeaec32ea9,7a54cb57-4518-4ee3-b447-3ab0095a379f
4455,126,dcccd3f1-2a8b-47b7-ad1b-0ce7c925ba45,7a54cb57-4518-4ee3-b447-3ab0095a379f
4457,126,d3ff63f9-a15d-42f8-b4cd-57f6153dac26,7a54cb57-4518-4ee3-b447-3ab0095a379f
4458,94,89a6e911-691a-4792-a039-fff7970a0a23,25006cc4-a12b-4570-918f-78a97dca46a3
4458,126,89a6e911-691a-4792-a039-fff7970a0a23,7a54cb57-4518-4ee3-b447-3ab0095a379f
4459,94,e9127466-72f6-4457-8fb4-1a864e1ed169,25006cc4-a12b-4570-918f-78a97dca46a3
4459,126,e9127466-72f6-4457-8fb4-1a864e1ed169,7a54cb57-4518-4ee3-b447-3ab0095a379f
4460,126,e0ebd795-4809-45bf-a938-bd1b63592bdd,7a54cb57-4518-4ee3-b447-3ab0095a379f
4461,126,66cd3558-911e-495f-9ed9-60d2721f6e02,7a54cb57-4518-4ee3-b447-3ab0095a379f
4462,126,3369f55e-e93b-4675-b471-b15865c07b59,7a54cb57-4518-4ee3-b447-3ab0095a379f
4463,126,9326ee84-ae79-447e-8779-3ba723c098a3,7a54cb57-4518-4ee3-b447-3ab0095a379f
4464,94,1460d005-bbb2-45c4-976f-717981bf57ed,25006cc4-a12b-4570-918f-78a97dca46a3
4464,126,1460d005-bbb2-45c4-976f-717981bf57ed,7a54cb57-4518-4ee3-b447-3ab0095a379f
4465,94,242caed1-2a96-4342-bbaf-74d34b006b6e,25006cc4-a12b-4570-918f-78a97dca46a3
4465,126,242caed1-2a96-4342-bbaf-74d34b006b6e,7a54cb57-4518-4ee3-b447-3ab0095a379f
4466,126,32f826f8-3be4-411b-9ecc-d725c9cd0225,7a54cb57-4518-4ee3-b447-3ab0095a379f
4467,126,2d920ddb-a60c-4007-ad0d-a1c5374b06e9,7a54cb57-4518-4ee3-b447-3ab0095a379f
4469,94,c01ffbc5-0f18-48cc-9113-715160e4ee4f,25006cc4-a12b-4570-918f-78a97dca46a3
4469,126,c01ffbc5-0f18-48cc-9113-715160e4ee4f,7a54cb57-4518-4ee3-b447-3ab0095a379f
4470,94,f2d86e5f-f70b-41c7-a73a-4e03176822a1,25006cc4-a12b-4570-918f-78a97dca46a3
4470,126,f2d86e5f-f70b-41c7-a73a-4e03176822a1,7a54cb57-4518-4ee3-b447-3ab0095a379f
4472,126,3b4af7dc-7931-4e18-920a-865b91b23b09,7a54cb57-4518-4ee3-b447-3ab0095a379f
4473,126,44968326-93c2-4bd0-b59b-1d354f84e671,7a54cb57-4518-4ee3-b447-3ab0095a379f
4474,51,e5aed348-d6c0-4adc-bd9e-9f048ad919dd,128ec9c0-9293-4d2f-bf04-855a76e8dbe0
4475,20,7abba560-dd9e-4ef8-b28c-f08cf067a4ac,222b591c-b551-4e97-9cd4-c95ff39d6011
4476,20,df6930e4-d9fb-41ad-b1d8-1015e0ba88a4,222b591c-b551-4e97-9cd4-c95ff39d6011
4477,20,6cc43c80-cb6b-45ac-be06-f82c83280b84,222b591c-b551-4e97-9cd4-c95ff39d6011
4478,20,ae4bf925-ac35-4bf4-b26c-2ccc78363492,222b591c-b551-4e97-9cd4-c95ff39d6011
4480,35,8d1be19b-5884-42f5-82ac-287a7dda76d5,4e44d169-1292-4d6e-b5b9-fddc14fbbcdc
4480,51,8d1be19b-5884-42f5-82ac-287a7dda76d5,128ec9c0-9293-4d2f-bf04-855a76e8dbe0
4480,94,8d1be19b-5884-42f5-82ac-287a7dda76d5,25006cc4-a12b-4570-918f-78a97dca46a3
4482,51,5e50d23b-b97c-4f11-a3b7-aa7e842e4121,128ec9c0-9293-4d2f-bf04-855a76e8dbe0
4484,48,0443b565-4451-4d62-b4be-f05ab3285e09,c5b0606d-4e0c-42cb-9abd-f99bf45fe357
4484,94,0443b565-4451-4d62-b4be-f05ab3285e09,25006cc4-a12b-4570-918f-78a97dca46a3
4485,51,b12c0113-693a-4df7-9dae-6cb25506bf7b,128ec9c0-9293-4d2f-bf04-855a76e8dbe0
4486,126,f441030f-69cc-4de7-98fc-f5fca2f4bf90,7a54cb57-4518-4ee3-b447-3ab0095a379f
4487,94,2406ff2c-8fc9-4053-b142-1903612f1967,25006cc4-a12b-4570-918f-78a97dca46a3
4489,51,03d88250-531c-4d32-b01b-8c4bac1572cf,128ec9c0-9293-4d2f-bf04-855a76e8dbe0
4490,137,b5b4ec7b-7531-452f-8019-e1503810da63,3387e5b6-d36d-4475-8b34-e918249b7474
4491,137,273086c3-d288-4ee8-94e6-277abe34b690,3387e5b6-d36d-4475-8b34-e918249b7474
4492,51,f97ea1a0-a375-4e29-aee5-421bdef84af6,128ec9c0-9293-4d2f-bf04-855a76e8dbe0
4493,51,48784a91-a76b-4cf8-889e-94b235f92077,128ec9c0-9293-4d2f-bf04-855a76e8dbe0
4494,51,b9c5e9a5-21aa-46eb-9a9f-d2df7651ab48,128ec9c0-9293-4d2f-bf04-855a76e8dbe0
4495,51,9004c4e5-8195-429e-9768-f27914553ebd,128ec9c0-9293-4d2f-bf04-855a76e8dbe0
4496,51,2865582f-ed4f-49bf-a124-a236c7d91b51,128ec9c0-9293-4d2f-bf04-855a76e8dbe0
4497,51,d7b0ca35-2b84-4d5f-aea4-177291d85906,128ec9c0-9293-4d2f-bf04-855a76e8dbe0
4498,115,7cb739f8-c69b-4e0b-82a1-09af0e9d0ccf,70f08629-bd0f-420c-95d9-6d0244c63fc2
4499,94,48b0b170-894b-4505-beeb-8526252cc4d4,25006cc4-a12b-4570-918f-78a97dca46a3
4500,51,384d79a6-ce57-469d-8082-76381bd11170,128ec9c0-9293-4d2f-bf04-855a76e8dbe0
4501,109,6adc0fc1-b584-4235-8099-04bbfaf1895b,564888a3-9c45-45fe-a75d-22f142fe28c1
4502,51,acbd0c52-9342-406c-9303-20cd4b3fb61f,128ec9c0-9293-4d2f-bf04-855a76e8dbe0
4503,56,c474ab19-676a-465f-8bb2-8e0ad9e33548,fe758c24-6a48-4f9c-8424-ea1956da1ac4
4504,56,4317904a-3efb-49de-9cad-272f9bcbb4a3,fe758c24-6a48-4f9c-8424-ea1956da1ac4
4505,56,5b97afbd-c95d-4327-a4f8-6710bc9eb411,fe758c24-6a48-4f9c-8424-ea1956da1ac4
4506,56,d07e6621-a774-4a0a-92cb-95df6d9ce909,fe758c24-6a48-4f9c-8424-ea1956da1ac4
4507,47,dc570f10-252e-43e6-8f2d-a3ef3bd5019c,2872938c-9c70-477b-83c3-3fe8ba4abc89
4508,51,384e80a8-5247-439e-a2e9-6e1978538651,128ec9c0-9293-4d2f-bf04-855a76e8dbe0
4509,27,92bf2457-6fd2-417a-8623-00b763dfeee1,4f571464-c0f6-460c-a1f2-fd307f5fe744
4510,51,a70eb662-6476-4ea8-81ae-f1e37d62e972,128ec9c0-9293-4d2f-bf04-855a76e8dbe0
4510,113,a70eb662-6476-4ea8-81ae-f1e37d62e972,dd7f7eb4-8ef6-47a5-bf4f-dba9a54d4a3b
4510,142,a70eb662-6476-4ea8-81ae-f1e37d62e972,942de002-9a05-4cd5-b3d3-10a7b5c58de5
4511,51,64352db9-c796-401d-b900-e814c2001254,128ec9c0-9293-4d2f-bf04-855a76e8dbe0
4512,94,332e1e1a-b5e5-4d9c-9c92-8261379a9f2e,25006cc4-a12b-4570-918f-78a97dca46a3
4513,51,f0533ca9-4358-44a8-a0f2-13d51c2b59a4,128ec9c0-9293-4d2f-bf04-855a76e8dbe0
4514,51,2d7dadfa-46ca-46b3-99c2-0ff859358409,128ec9c0-9293-4d2f-bf04-855a76e8dbe0
4515,99,288e7d9b-c790-4b76-a6c2-2510813a9b7e,501c6680-46c4-4dd9-8b93-998921a295d3
4516,51,092aa087-8258-487e-9d33-1511d87b25e6,128ec9c0-9293-4d2f-bf04-855a76e8dbe0
4517,99,b930c902-c231-4a72-a508-de050f8dcfff,501c6680-46c4-4dd9-8b93-998921a295d3
4518,27,b6380810-0c83-41d4-bc20-45adbe41c09e,4f571464-c0f6-460c-a1f2-fd307f5fe744
4519,55,b552e49a-43bb-4cb8-a4d8-e13d8624c0c0,270ebc71-de8e-476e-9eaf-4d3a9ac687da
4520,27,9b91c728-50f1-4afe-868f-bcf653456c50,4f571464-c0f6-460c-a1f2-fd307f5fe744
4521,94,4e51299b-5894-4720-af61-33d06bb7f827,25006cc4-a12b-4570-918f-78a97dca46a3
4522,51,f4ec99bc-c4fe-4f70-93c0-1aeea63544ea,128ec9c0-9293-4d2f-bf04-855a76e8dbe0
4526,51,0616d809-6eee-45a1-92eb-087873405182,128ec9c0-9293-4d2f-bf04-855a76e8dbe0
4527,51,113127a0-bd4f-478b-a58e-6ff5f12f3893,128ec9c0-9293-4d2f-bf04-855a76e8dbe0
4529,51,5103129e-77fc-497a-b81e-289f62cfcd27,128ec9c0-9293-4d2f-bf04-855a76e8dbe0
4530,94,cd87a8e8-a4ed-44c1-9538-bc3f1d626938,25006cc4-a12b-4570-918f-78a97dca46a3
4531,51,7f4b26f1-f9b1-483e-a9e0-b76b2752dab4,128ec9c0-9293-4d2f-bf04-855a76e8dbe0
4532,51,912e60f7-5164-4976-ac46-f5e6e5800a31,128ec9c0-9293-4d2f-bf04-855a76e8dbe0
4532,109,912e60f7-5164-4976-ac46-f5e6e5800a31,564888a3-9c45-45fe-a75d-22f142fe28c1
4533,51,3e998dfd-cb4b-4f9c-844b-415d20af8af8,128ec9c0-9293-4d2f-bf04-855a76e8dbe0
4534,51,6f965423-941f-4dd0-bf46-c10329fd0c56,128ec9c0-9293-4d2f-bf04-855a76e8dbe0
4534,56,6f965423-941f-4dd0-bf46-c10329fd0c56,fe758c24-6a48-4f9c-8424-ea1956da1ac4
4535,56,8f7b2e8a-468c-46cd-b54c-9477fb07a5e5,fe758c24-6a48-4f9c-8424-ea1956da1ac4
4536,56,52a07883-b640-4059-9cc8-3fe03ff5b137,fe758c24-6a48-4f9c-8424-ea1956da1ac4
4537,56,9255dffc-2068-42b0-9118-5bebd545f8b5,fe758c24-6a48-4f9c-8424-ea1956da1ac4
4538,56,5ab53a15-9bf2-4314-bf1f-3b8d99735f25,fe758c24-6a48-4f9c-8424-ea1956da1ac4
4539,56,1f0df4dd-35c3-4e66-91ef-0f220724e1d7,fe758c24-6a48-4f9c-8424-ea1956da1ac4
4540,56,14a32453-ac28-4a7a-b145-7a5cd2915362,fe758c24-6a48-4f9c-8424-ea1956da1ac4
4541,56,4c8d169b-daf4-40e5-b421-e4cbfcabc1b9,fe758c24-6a48-4f9c-8424-ea1956da1ac4
4542,56,a4f31ea7-7f03-4706-9dcc-ef3136812e9b,fe758c24-6a48-4f9c-8424-ea1956da1ac4
4543,56,735319d5-49ce-42ea-8ead-68c42c893986,fe758c24-6a48-4f9c-8424-ea1956da1ac4
4544,56,8c9a033c-61e6-430c-a04e-895552a103c4,fe758c24-6a48-4f9c-8424-ea1956da1ac4
4545,56,ae150a2d-7923-4e55-a0c8-5317dd72987c,fe758c24-6a48-4f9c-8424-ea1956da1ac4
4546,56,2df8b871-5132-4ea8-9445-fc8c0c33fe3b,fe758c24-6a48-4f9c-8424-ea1956da1ac4
4547,56,818a29f0-155a-49c4-a268-7d08eeffeef5,fe758c24-6a48-4f9c-8424-ea1956da1ac4
4548,56,ebc4a065-db1f-4f07-97f8-2fa792ef9eae,fe758c24-6a48-4f9c-8424-ea1956da1ac4
4549,56,d4204bcb-bae0-412e-bdff-d2007a26b6f5,fe758c24-6a48-4f9c-8424-ea1956da1ac4
4550,56,c0a4fabd-e0c7-463f-8687-98294be776a7,fe758c24-6a48-4f9c-8424-ea1956da1ac4
4551,56,47a73079-ba74-45af-887a-f07036b75065,fe758c24-6a48-4f9c-8424-ea1956da1ac4
4552,56,660ec385-4e58-490d-9541-54c96fd55a6e,fe758c24-6a48-4f9c-8424-ea1956da1ac4
4553,56,65903dd5-bed7-4e6e-91da-2c220c7d0116,fe758c24-6a48-4f9c-8424-ea1956da1ac4
4554,56,35c4772f-0245-456a-8ae6-3655ee1e1219,fe758c24-6a48-4f9c-8424-ea1956da1ac4
4556,109,814bdb4e-171e-46fc-8765-c937ce3877b3,564888a3-9c45-45fe-a75d-22f142fe28c1
4557,56,c86ac797-fd77-4fa5-be82-e238d3c6e665,fe758c24-6a48-4f9c-8424-ea1956da1ac4
4558,109,f38e0999-8df8-4ef1-a7e3-f4819454186e,564888a3-9c45-45fe-a75d-22f142fe28c1
4559,51,cfe8363e-7367-4255-8b22-394bd1c0565b,128ec9c0-9293-4d2f-bf04-855a76e8dbe0
4560,51,53761a01-b9c6-4785-8449-f3b206444b61,128ec9c0-9293-4d2f-bf04-855a76e8dbe0
4563,51,b077d93a-079c-45f5-aac8-21f0dec8f37d,128ec9c0-9293-4d2f-bf04-855a76e8dbe0
4564,51,9b8b2988-fa94-4e20-a16d-82f5b49f7617,128ec9c0-9293-4d2f-bf04-855a76e8dbe0
4565,129,22e5eb23-0252-47ca-bb36-6a62d6750f65,45ed65c9-8447-4bc3-a522-f16ef2fa5618
4566,51,21dfcc2e-1672-4dd7-87d7-c9af5207aef5,128ec9c0-9293-4d2f-bf04-855a76e8dbe0
4567,51,d7a82511-3cf5-4c03-a330-371bbd45e6e0,128ec9c0-9293-4d2f-bf04-855a76e8dbe0
4569,10,de215813-d85b-4c1a-9fc6-317522c624b3,6b085981-1ae4-4ffc-a50d-d1fe0eb4737c
4570,51,3b76c070-140f-46c1-8c1d-a7b4ca9e19ed,128ec9c0-9293-4d2f-bf04-855a76e8dbe0
4571,47,3a921560-0452-4f87-a34d-8bf0126c3927,2872938c-9c70-477b-83c3-3fe8ba4abc89
4572,51,8585cef4-9368-46c1-b870-7c3f716e486f,128ec9c0-9293-4d2f-bf04-855a76e8dbe0
4573,51,663a1e06-768d-460a-96c3-05aa2e93f8eb,128ec9c0-9293-4d2f-bf04-855a76e8dbe0
4574,51,e7ec729c-93c1-4500-a667-a5518b3afcf2,128ec9c0-9293-4d2f-bf04-855a76e8dbe0
4575,51,8d53dbc1-a52f-4bf0-b459-761c8231e797,128ec9c0-9293-4d2f-bf04-855a76e8dbe0
4576,94,127972dd-41c3-4ebd-be51-4b9525e8ee94,25006cc4-a12b-4570-918f-78a97dca46a3
4577,94,2e9db508-8745-4767-b59d-3d8fc0837369,25006cc4-a12b-4570-918f-78a97dca46a3
4578,137,3f1a0d5a-d152-4030-9ad6-9575352e3c20,3387e5b6-d36d-4475-8b34-e918249b7474
4579,94,3767d009-a0ad-4ab4-8814-24d94e423d6d,25006cc4-a12b-4570-918f-78a97dca46a3
4580,94,3d5e2f36-218d-437f-b79f-072f640f778a,25006cc4-a12b-4570-918f-78a97dca46a3
4581,94,9e522401-7622-4902-8d51-293b6f868167,25006cc4-a12b-4570-918f-78a97dca46a3
4582,94,79e6255d-e55e-467a-9f33-b83764310993,25006cc4-a12b-4570-918f-78a97dca46a3
4583,51,07b4fed9-9b92-40d1-9037-8223d6db57d8,128ec9c0-9293-4d2f-bf04-855a76e8dbe0
4584,51,0e39a02b-151a-4346-a26a-a1ff017e129f,128ec9c0-9293-4d2f-bf04-855a76e8dbe0
4585,51,2921822a-3288-4912-abd5-04cd0cb7bb09,128ec9c0-9293-4d2f-bf04-855a76e8dbe0
4586,94,64505ca5-8c81-41de-8b17-35df4743ccd3,25006cc4-a12b-4570-918f-78a97dca46a3
4587,35,0bc76472-2f5b-40c2-a4f2-d81b8e9b15c9,4e44d169-1292-4d6e-b5b9-fddc14fbbcdc
4587,51,0bc76472-2f5b-40c2-a4f2-d81b8e9b15c9,128ec9c0-9293-4d2f-bf04-855a76e8dbe0
4588,35,bb3d04ae-8ebc-4c54-a617-f244277e7d88,4e44d169-1292-4d6e-b5b9-fddc14fbbcdc
4588,51,bb3d04ae-8ebc-4c54-a617-f244277e7d88,128ec9c0-9293-4d2f-bf04-855a76e8dbe0
4588,118,bb3d04ae-8ebc-4c54-a617-f244277e7d88,7d02c046-57b7-4b14-9813-eb12fc2350e0
4588,119,bb3d04ae-8ebc-4c54-a617-f244277e7d88,3d3f69c7-72e0-427a-a3c2-eea3ee272f87
4588,139,bb3d04ae-8ebc-4c54-a617-f244277e7d88,2e5acb96-569b-439b-b810-4108d057b544
4588,140,bb3d04ae-8ebc-4c54-a617-f244277e7d88,deabd6e3-9c2d-4a79-afef-942da4b9550d
4589,51,f2e0378c-2758-481d-ab5f-87d56686c2fe,128ec9c0-9293-4d2f-bf04-855a76e8dbe0
4590,89,f0cc6d8e-63c8-4326-9bc3-2e76e588b8e9,d66c728d-eb3c-4695-a4d2-3f77f8a5ca59
4591,51,6b70ffb8-3a80-4069-9fb0-9b794eb97531,128ec9c0-9293-4d2f-bf04-855a76e8dbe0
4592,109,1c29b148-eb27-4928-a2ff-002d655b20bd,564888a3-9c45-45fe-a75d-22f142fe28c1
4593,89,1be5b645-ce3a-4111-87d8-ee25ff2772d9,d66c728d-eb3c-4695-a4d2-3f77f8a5ca59
4594,51,275042cf-7e35-42aa-ab48-0d095149a844,128ec9c0-9293-4d2f-bf04-855a76e8dbe0
4595,47,4a8b2e70-72a2-4e51-a25a-f49a165158ba,2872938c-9c70-477b-83c3-3fe8ba4abc89
4596,51,778323f4-a1a0-410f-814f-9d14fdcf0366,128ec9c0-9293-4d2f-bf04-855a76e8dbe0
4597,51,e371e51b-cb0b-4299-8038-0ceeeab2bec2,128ec9c0-9293-4d2f-bf04-855a76e8dbe0
4598,47,bc40d213-cded-413e-9b8f-64a369f1fb98,2872938c-9c70-477b-83c3-3fe8ba4abc89
4599,115,92af7a1f-c940-4658-95eb-be2b7769cbb2,70f08629-bd0f-420c-95d9-6d0244c63fc2
4600,51,66eacd76-faf9-4f4b-9efe-4fa221ecc72a,128ec9c0-9293-4d2f-bf04-855a76e8dbe0
4602,51,2bc4b2ff-f704-40c0-90fb-997f84ced40d,128ec9c0-9293-4d2f-bf04-855a76e8dbe0
4603,87,f54440fb-9803-4696-ad46-6767d2b2d854,af43285f-20bd-4d67-aaa9-063a6258046b
4604,51,966ec6c4-faec-4c8c-ab2b-82d413ac7186,128ec9c0-9293-4d2f-bf04-855a76e8dbe0
4605,55,73cd7dd4-6d19-4214-9515-5a87ccd86693,270ebc71-de8e-476e-9eaf-4d3a9ac687da
4606,113,296e6447-64a0-4380-8603-c213b1cf06c0,dd7f7eb4-8ef6-47a5-bf4f-dba9a54d4a3b
4606,142,296e6447-64a0-4380-8603-c213b1cf06c0,942de002-9a05-4cd5-b3d3-10a7b5c58de5
4607,51,5e08bbeb-aac5-4f44-aa16-8ad26efbb729,128ec9c0-9293-4d2f-bf04-855a76e8dbe0
4608,51,8c5085d9-4668-43d5-8565-c94c67c499ed,128ec9c0-9293-4d2f-bf04-855a76e8dbe0
4609,51,13806a96-db2c-4f08-ba32-3c8931909e0d,128ec9c0-9293-4d2f-bf04-855a76e8dbe0
4610,51,bef33899-17e8-4407-8daa-b193d549b0b4,128ec9c0-9293-4d2f-bf04-855a76e8dbe0
4611,51,5e99556f-25ea-436b-817f-bdac1bebda3a,128ec9c0-9293-4d2f-bf04-855a76e8dbe0
4612,51,ccb92900-da7b-4886-851f-de491c2dd549,128ec9c0-9293-4d2f-bf04-855a76e8dbe0
4613,23,f0a1760b-3a75-46a4-926e-44f08cc98180,b933ec53-1f11-4e21-a043-67a2419ee067
4614,51,cdd964b9-2715-4971-aab1-9197d78e7160,128ec9c0-9293-4d2f-bf04-855a76e8dbe0
4615,51,ef645a03-3cad-4a28-b4b0-8f67e98c6ce2,128ec9c0-9293-4d2f-bf04-855a76e8dbe0
4616,51,1bf09c82-044f-4657-a441-e0f4f2f6a972,128ec9c0-9293-4d2f-bf04-855a76e8dbe0
4617,51,2d36c580-1f39-4cbb-9238-f4923d2d8fbd,128ec9c0-9293-4d2f-bf04-855a76e8dbe0
4618,51,fc523c0b-3038-45f5-9e03-dc74c1c65381,128ec9c0-9293-4d2f-bf04-855a76e8dbe0
4619,34,6055edb6-3abb-4293-9275-bf75fc9daee5,db5c71e1-57ef-4e4d-b808-9c9c6d40f47f
4620,51,3816e132-9fb0-4e4e-b86e-0263090302ce,128ec9c0-9293-4d2f-bf04-855a76e8dbe0
4621,109,62e7cc75-8a7f-4409-bbb0-4d3d9787f311,564888a3-9c45-45fe-a75d-22f142fe28c1
4622,47,2c263e23-2127-4519-94bd-f54c0bac2f34,2872938c-9c70-477b-83c3-3fe8ba4abc89
4623,137,f0f68d79-d960-4fd8-880a-a4ec2138a325,3387e5b6-d36d-4475-8b34-e918249b7474
4624,51,27522f20-5640-490f-96a7-774b821ff571,128ec9c0-9293-4d2f-bf04-855a76e8dbe0
4626,51,7eb099cc-b491-4509-8fcc-f92a4392fa07,128ec9c0-9293-4d2f-bf04-855a76e8dbe0
4628,51,1dcfa1fd-3183-469a-86d1-1fb1fbdb05ea,128ec9c0-9293-4d2f-bf04-855a76e8dbe0
4629,51,3370ea94-920b-4cd0-a29a-c6fa0fbae4b2,128ec9c0-9293-4d2f-bf04-855a76e8dbe0
4630,51,18aedfba-8652-4c34-974a-e7f8ca387ed4,128ec9c0-9293-4d2f-bf04-855a76e8dbe0
4631,51,788929fd-e426-4d2a-824d-a98a6db972d1,128ec9c0-9293-4d2f-bf04-855a76e8dbe0
4632,51,ff81684f-c1a2-4448-83e0-da167163ff8c,128ec9c0-9293-4d2f-bf04-855a76e8dbe0
4633,51,798e17ec-dac5-45c0-84fe-5694a989b31f,128ec9c0-9293-4d2f-bf04-855a76e8dbe0
4634,137,69bde6dd-6b3a-40c5-ab21-c7af80bb853f,3387e5b6-d36d-4475-8b34-e918249b7474
4635,51,81f0cf29-47de-49d0-8eee-675375feb8e6,128ec9c0-9293-4d2f-bf04-855a76e8dbe0
4636,137,9d797a39-b268-477f-b2e0-972e91ccf101,3387e5b6-d36d-4475-8b34-e918249b7474
4637,137,79907acf-0ae8-418d-9097-78619d68683d,3387e5b6-d36d-4475-8b34-e918249b7474
4638,51,bae02f34-8985-44cb-a32f-3830d4ea5fc3,128ec9c0-9293-4d2f-bf04-855a76e8dbe0
4639,64,aa040f52-4666-4ef2-a05a-95496aed000b,1e85dcaf-bd03-48dc-98bd-73e2e2779c7b
4640,39,b31b5e69-2e5b-4402-bb4b-d9b879671521,3c964b4d-fe96-4fcf-9f6a-61207bf52f77
4641,51,e76f503b-3921-402b-92b8-9c86ef765789,128ec9c0-9293-4d2f-bf04-855a76e8dbe0
4642,94,a918ae17-784a-404d-8aa7-dee4f9565d20,25006cc4-a12b-4570-918f-78a97dca46a3
4645,51,ae8466a1-c2d5-466e-bff8-a59e5a451e8d,128ec9c0-9293-4d2f-bf04-855a76e8dbe0
4645,88,ae8466a1-c2d5-466e-bff8-a59e5a451e8d,4a8f0ef7-dbdb-44d7-ad0c-53df3a82b320
4648,56,31b6ef24-f2ef-4dea-9aa3-84b5e68bdb66,fe758c24-6a48-4f9c-8424-ea1956da1ac4
4651,25,0d54749c-ad6f-486e-8b7e-0c75ab3095f5,b9df3400-41bb-46a8-8b68-7e951f1806b9
4652,51,8941b813-5626-49d1-8d43-39d1f5b98842,128ec9c0-9293-4d2f-bf04-855a76e8dbe0
4653,51,63ea5ce6-e66e-40ad-bf06-0cc903948285,128ec9c0-9293-4d2f-bf04-855a76e8dbe0
4654,51,60968af3-9dbb-4087-8b30-2f11f0eac382,128ec9c0-9293-4d2f-bf04-855a76e8dbe0
4655,51,abce666e-f5ca-4c17-addf-b0f33b4e421e,128ec9c0-9293-4d2f-bf04-855a76e8dbe0
4656,153,fce8d227-3b19-4610-8947-822b6712c110,a4cf7ca6-145e-4e3b-8799-0087fc708d0a
4657,51,cb8bee7e-1d5f-4845-8cbe-fa0c108e520e,128ec9c0-9293-4d2f-bf04-855a76e8dbe0
4658,51,0f7688a2-68e0-4e55-946a-e0e84fe62dd6,128ec9c0-9293-4d2f-bf04-855a76e8dbe0
4659,51,116efe27-ba22-47a7-82e2-219cd876c3ad,128ec9c0-9293-4d2f-bf04-855a76e8dbe0
4660,51,2dccc29f-0081-47b8-90df-8e3ef9c81a4b,128ec9c0-9293-4d2f-bf04-855a76e8dbe0
4661,51,92deb1fd-c484-44a8-8f53-6f74515c58c1,128ec9c0-9293-4d2f-bf04-855a76e8dbe0
4663,35,4f645885-d6dc-4a8f-89d0-0c82abf3eead,4e44d169-1292-4d6e-b5b9-fddc14fbbcdc
4664,51,1675a054-0f81-499e-96a4-06bb126dcf62,128ec9c0-9293-4d2f-bf04-855a76e8dbe0
4665,51,5d3f6042-11e5-491d-8f40-051396f5fbb7,128ec9c0-9293-4d2f-bf04-855a76e8dbe0
4666,123,ef0f8f96-8e0b-4698-86f5-4106ee1a4c65,e282bd33-9620-400d-91e8-b974d12c0866
4667,51,647f1f62-2710-489c-a4de-1b10226141a1,128ec9c0-9293-4d2f-bf04-855a76e8dbe0
4668,51,05c153f9-b082-4af5-b7c2-c7ba7c7681e1,128ec9c0-9293-4d2f-bf04-855a76e8dbe0
4669,28,bae40f50-6e24-4dde-9b10-5faba2d4ac89,927df241-9b2c-4a41-bbe1-d6151a413b40
4670,35,a49c8192-f277-4520-b3bd-fc861c825a16,4e44d169-1292-4d6e-b5b9-fddc14fbbcdc
4671,51,691cc828-b519-4513-b4a2-27fc40aa9793,128ec9c0-9293-4d2f-bf04-855a76e8dbe0
4672,26,62966831-ee3a-4cc8-9a02-c20e3474aaf2,5db38fdd-3b64-4392-9002-ce7512bf3ceb
4673,51,30880e44-8c26-4c56-87a2-ec26550d989e,128ec9c0-9293-4d2f-bf04-855a76e8dbe0
4674,51,da7ec6d1-e76b-4f17-9904-bd7d6942cb2c,128ec9c0-9293-4d2f-bf04-855a76e8dbe0
4676,40,1017993f-ef2c-4037-8ece-70ce800d8df6,4fa23b9d-0f0a-49a5-848f-591e23711c37
4677,51,e83371e6-fd37-41dd-ab66-576e1551e5a3,128ec9c0-9293-4d2f-bf04-855a76e8dbe0
4678,51,5df1240d-8ba8-4102-b5da-91d261b0c66d,128ec9c0-9293-4d2f-bf04-855a76e8dbe0
4679,51,d885dcad-9dc4-4583-ac8c-16889b83d9cd,128ec9c0-9293-4d2f-bf04-855a76e8dbe0
4680,40,07a9d54f-591c-4435-a0c8-c44406556245,4fa23b9d-0f0a-49a5-848f-591e23711c37
4680,82,07a9d54f-591c-4435-a0c8-c44406556245,b4fdee65-3eb6-4778-bb61-a692022ef406
4680,112,07a9d54f-591c-4435-a0c8-c44406556245,68cb3e51-ebdc-4355-bbff-0a3453a371f1
4681,94,166b0f5f-5ab5-4c1c-bed2-9663e2af1c96,25006cc4-a12b-4570-918f-78a97dca46a3
4683,51,8665fdce-25be-49bd-9bb4-b0980bf92c4f,128ec9c0-9293-4d2f-bf04-855a76e8dbe0
4684,51,c788c2fe-b485-47b3-8e3b-d96b1588e2d1,128ec9c0-9293-4d2f-bf04-855a76e8dbe0
4685,51,03b692c9-4c64-4d49-a4c6-52dcb73c8649,128ec9c0-9293-4d2f-bf04-855a76e8dbe0
4686,51,616638b5-087e-4271-83ac-384198ffa34d,128ec9c0-9293-4d2f-bf04-855a76e8dbe0
4688,51,56ae2849-654c-4376-b3cb-4cf74d381d4e,128ec9c0-9293-4d2f-bf04-855a76e8dbe0
4689,51,4caadd81-bdf0-4060-ad07-1c0c55cc8400,128ec9c0-9293-4d2f-bf04-855a76e8dbe0
4690,40,ebd2880d-eb95-4bc2-ae84-59dc2cd49a1d,4fa23b9d-0f0a-49a5-848f-591e23711c37
4691,34,fc23b505-face-4e4f-9b00-af4a49c7b03c,db5c71e1-57ef-4e4d-b808-9c9c6d40f47f
4692,56,391afb23-4266-4297-9bfa-d55e4d9e42ec,fe758c24-6a48-4f9c-8424-ea1956da1ac4
4693,51,3b8ba688-4a02-44f4-9314-560597fda030,128ec9c0-9293-4d2f-bf04-855a76e8dbe0
4694,51,ec2ad4e2-4c97-4b30-972f-42fa6a3fa3f8,128ec9c0-9293-4d2f-bf04-855a76e8dbe0
4695,46,c69dc985-cb46-416e-aaa4-2aa8e7c5fa1f,3628564c-ce28-4570-8b37-4c1cc4ec385a
4696,51,2ab84e6f-f31b-458c-a446-dda8c839b504,128ec9c0-9293-4d2f-bf04-855a76e8dbe0
4697,137,5f971e63-41dd-4589-8e8f-31536f913ec6,3387e5b6-d36d-4475-8b34-e918249b7474
4698,113,c1c15a01-5a66-4943-8da1-da4fc654e0c4,dd7f7eb4-8ef6-47a5-bf4f-dba9a54d4a3b
4698,142,c1c15a01-5a66-4943-8da1-da4fc654e0c4,942de002-9a05-4cd5-b3d3-10a7b5c58de5
4699,51,49e239ce-c460-4e33-a659-184db4523e31,128ec9c0-9293-4d2f-bf04-855a76e8dbe0
4701,51,d82707c9-303d-44a7-bf6d-cb5acffdb080,128ec9c0-9293-4d2f-bf04-855a76e8dbe0
4702,74,b965912e-8363-43fd-a366-caacc6a929c3,c0109eca-a809-467b-bfd2-3bea6f3a89f1
4703,51,2118e5d6-5ed7-437a-80a2-6d0d2dbf79f1,128ec9c0-9293-4d2f-bf04-855a76e8dbe0
4704,115,1f823d08-86ea-469a-9a9d-4c8d47f6b035,70f08629-bd0f-420c-95d9-6d0244c63fc2
4705,47,329db467-8455-49fb-8767-5d4f8ccac825,2872938c-9c70-477b-83c3-3fe8ba4abc89
4705,50,329db467-8455-49fb-8767-5d4f8ccac825,90c27777-4623-4460-9aa3-f57839e1a2ed
4705,55,329db467-8455-49fb-8767-5d4f8ccac825,270ebc71-de8e-476e-9eaf-4d3a9ac687da
4706,35,4f9efbe2-6bc9-44df-9a91-1026d69ea178,4e44d169-1292-4d6e-b5b9-fddc14fbbcdc
4707,51,820268a7-f2ff-4e20-a0b4-7f773f59b543,128ec9c0-9293-4d2f-bf04-855a76e8dbe0
4708,51,c84184d8-d601-4ee9-80a4-a9ddee56411d,128ec9c0-9293-4d2f-bf04-855a76e8dbe0
4709,40,c9ed09a1-6a13-409a-b960-f78996c7e008,4fa23b9d-0f0a-49a5-848f-591e23711c37
4710,51,949dff87-5b14-4e4c-be6e-6f4c7ee4dd06,128ec9c0-9293-4d2f-bf04-855a76e8dbe0
4711,51,e6c14c0b-8aa2-4fe3-87eb-b3cfe29e99c5,128ec9c0-9293-4d2f-bf04-855a76e8dbe0
4712,40,a9928196-4f9f-42b2-8856-e4a5e2568c13,4fa23b9d-0f0a-49a5-848f-591e23711c37
4713,51,b4b0710e-e7a4-4973-b020-547ffd324bfe,128ec9c0-9293-4d2f-bf04-855a76e8dbe0
4714,109,76e3de23-b8dc-434d-80a1-a5a47b4814e3,564888a3-9c45-45fe-a75d-22f142fe28c1
4715,51,5f778670-4f03-42ef-869c-9da06eb7ac03,128ec9c0-9293-4d2f-bf04-855a76e8dbe0
4716,51,77ac3b7e-aeb1-46b7-a643-cfff61d5f22d,128ec9c0-9293-4d2f-bf04-855a76e8dbe0
4717,23,b8bbd5d7-292b-4d84-b4f8-45dc5be33433,b933ec53-1f11-4e21-a043-67a2419ee067
4718,51,2928bd4d-2640-4928-b649-d0607c290ec0,128ec9c0-9293-4d2f-bf04-855a76e8dbe0
4719,51,106ddc7c-437c-4277-8d15-b100eb35b1e2,128ec9c0-9293-4d2f-bf04-855a76e8dbe0
4720,51,99d74ade-a50c-431c-a377-70b9abb76ad7,128ec9c0-9293-4d2f-bf04-855a76e8dbe0
4721,51,4e9fb749-6932-45f9-8614-9b85fd10dea3,128ec9c0-9293-4d2f-bf04-855a76e8dbe0
4722,51,9864affc-bef2-4add-a55d-cf3e2a7ca35c,128ec9c0-9293-4d2f-bf04-855a76e8dbe0
4723,51,1746bcf3-e86e-4e4d-9336-b7f5bbad5cb1,128ec9c0-9293-4d2f-bf04-855a76e8dbe0
4723,89,1746bcf3-e86e-4e4d-9336-b7f5bbad5cb1,d66c728d-eb3c-4695-a4d2-3f77f8a5ca59
4724,51,bfa88084-89dc-4dc0-a107-344feca484a0,128ec9c0-9293-4d2f-bf04-855a76e8dbe0
4724,140,bfa88084-89dc-4dc0-a107-344feca484a0,deabd6e3-9c2d-4a79-afef-942da4b9550d
4725,51,3629e3a6-4afc-4edf-b2dd-489fca88037c,128ec9c0-9293-4d2f-bf04-855a76e8dbe0
4726,51,25476f59-cdf7-4c80-b3ec-7b9b820e21f1,128ec9c0-9293-4d2f-bf04-855a76e8dbe0
4727,94,a50aae9f-e632-43b0-a49b-6e8a13ce0b88,25006cc4-a12b-4570-918f-78a97dca46a3
4728,40,5f1ba94e-a543-4e77-a448-b14ce2a6ad19,4fa23b9d-0f0a-49a5-848f-591e23711c37
4730,51,0b4f09e8-6f72-4a11-a837-f9ea21bfc38d,128ec9c0-9293-4d2f-bf04-855a76e8dbe0
4731,112,c237c687-095f-4b29-bb27-b5b0aa63cf31,68cb3e51-ebdc-4355-bbff-0a3453a371f1
4732,51,bb801f01-589c-4712-a398-775f72b3214f,128ec9c0-9293-4d2f-bf04-855a76e8dbe0
4733,51,33b71c8d-01ae-40f1-b000-8fa5e5264c66,128ec9c0-9293-4d2f-bf04-855a76e8dbe0
4734,51,f644b552-a92b-4853-b087-aa5d50873615,128ec9c0-9293-4d2f-bf04-855a76e8dbe0
4735,51,f8d3f547-efe7-4e37-9731-1b80e3a59b62,128ec9c0-9293-4d2f-bf04-855a76e8dbe0
4736,35,ce16ea56-f112-4dc2-a775-aedf2b45be15,4e44d169-1292-4d6e-b5b9-fddc14fbbcdc
4737,51,e9a0e267-2d67-4b80-8152-8a83875b4b45,128ec9c0-9293-4d2f-bf04-855a76e8dbe0
4738,51,8b708e1c-a659-4d1b-8230-808a0cfccf89,128ec9c0-9293-4d2f-bf04-855a76e8dbe0
4739,139,5295b0db-6a41-4a2f-b083-305eb745af3d,2e5acb96-569b-439b-b810-4108d057b544
4740,154,85e45e8c-c6fb-4951-8be5-ff60706ebd8d,5f963f65-f5db-43e6-b210-ef4cfdaf8181
4741,51,101a15c4-6f7d-477b-a14e-d7a9229a0506,128ec9c0-9293-4d2f-bf04-855a76e8dbe0
4742,94,d1171253-5cf9-464c-b62e-7b59b0e1b6e0,25006cc4-a12b-4570-918f-78a97dca46a3
4743,94,5163a2a6-da00-4af2-a436-5a6ab37c4f36,25006cc4-a12b-4570-918f-78a97dca46a3
4744,137,04594c20-0a87-4a75-9d64-c1aa0945a4a3,3387e5b6-d36d-4475-8b34-e918249b7474
4745,51,ddd6294b-1114-4ad4-85da-18ecce51a88c,128ec9c0-9293-4d2f-bf04-855a76e8dbe0
4746,51,d65f8177-335b-46b8-bc52-aed1daf278f8,128ec9c0-9293-4d2f-bf04-855a76e8dbe0
4747,51,25f77dce-4b6d-4f73-ba52-c17c15a7d312,128ec9c0-9293-4d2f-bf04-855a76e8dbe0
4748,51,7d00e0c2-8312-4da6-8e8e-8836eccf0ce5,128ec9c0-9293-4d2f-bf04-855a76e8dbe0
4748,94,7d00e0c2-8312-4da6-8e8e-8836eccf0ce5,25006cc4-a12b-4570-918f-78a97dca46a3
4749,35,17d2826c-0680-4199-9b91-926de078641c,4e44d169-1292-4d6e-b5b9-fddc14fbbcdc
4750,40,c63da6d0-e984-41f6-a8e3-1342f32f03e0,4fa23b9d-0f0a-49a5-848f-591e23711c37
4751,123,10fe0cac-0786-4533-9f6f-13ffdae917c8,e282bd33-9620-400d-91e8-b974d12c0866
4752,137,d035a538-62a7-49f2-bb15-a7060f715d2b,3387e5b6-d36d-4475-8b34-e918249b7474
4753,51,7670dc48-69bd-493e-90a9-f36910254414,128ec9c0-9293-4d2f-bf04-855a76e8dbe0
4754,51,d8232467-88ef-4f27-b555-520f639c5d0c,128ec9c0-9293-4d2f-bf04-855a76e8dbe0
4755,137,7c34c337-b6ef-4383-a7e7-69b2978e1552,3387e5b6-d36d-4475-8b34-e918249b7474
4756,127,2879346a-2f26-4daf-aebc-26da3da152a6,a2ed7333-36c9-4d28-91d4-73b47b4e60fe
4757,51,add6b242-4416-4ad9-bd4f-e3fcacb10f86,128ec9c0-9293-4d2f-bf04-855a76e8dbe0
4758,137,74309399-8995-429b-8239-bc26c603559d,3387e5b6-d36d-4475-8b34-e918249b7474
4759,137,55d9ce54-939b-44db-b366-0c9ba7731573,3387e5b6-d36d-4475-8b34-e918249b7474
4760,94,5a374a1f-debd-44bf-b217-c6fd8eb5e3d4,25006cc4-a12b-4570-918f-78a97dca46a3
4761,137,2e1513b0-4881-4456-853f-b1701fcfb6cc,3387e5b6-d36d-4475-8b34-e918249b7474
4762,47,ce2a1831-c551-4b8f-a94d-41c47f171d1f,2872938c-9c70-477b-83c3-3fe8ba4abc89
4763,137,5c12cd60-e62f-41f0-8e58-3b690de7d064,3387e5b6-d36d-4475-8b34-e918249b7474
4764,155,60b84f9f-2e81-4b2d-b9b5-e9011e4dc811,fb5e00c5-7e54-42b7-8b65-192a0d87e0c1
4765,137,fe9fbada-9c08-4282-b68a-22fe5f1eabf5,3387e5b6-d36d-4475-8b34-e918249b7474
4766,47,d8732265-5dfd-4795-b1de-552a1e56da68,2872938c-9c70-477b-83c3-3fe8ba4abc89
4767,137,88208256-4a48-4152-97c0-7f9bea7a18e4,3387e5b6-d36d-4475-8b34-e918249b7474
4768,113,057cff3f-3bff-4e5a-93f5-06b2b5237ad5,dd7f7eb4-8ef6-47a5-bf4f-dba9a54d4a3b
4768,142,057cff3f-3bff-4e5a-93f5-06b2b5237ad5,942de002-9a05-4cd5-b3d3-10a7b5c58de5
4769,137,1dd81615-3d74-40cf-b59a-fe77a385b5e2,3387e5b6-d36d-4475-8b34-e918249b7474
4770,34,9b1ab84d-8c49-45da-babc-179ebf2030f7,db5c71e1-57ef-4e4d-b808-9c9c6d40f47f
4771,137,792a6307-0337-424c-ae3c-c3720e02b9b2,3387e5b6-d36d-4475-8b34-e918249b7474
4772,137,b15c2d3a-3387-4a1a-9362-afc3964e3152,3387e5b6-d36d-4475-8b34-e918249b7474
4773,51,de1858d4-e94f-4a86-b283-33abda8ff9b1,128ec9c0-9293-4d2f-bf04-855a76e8dbe0
4774,137,29bc5cb4-95a3-4ff2-905f-1691b2ce4805,3387e5b6-d36d-4475-8b34-e918249b7474
4775,51,15f78c79-b36d-4673-902f-d16c3f0255e8,128ec9c0-9293-4d2f-bf04-855a76e8dbe0
4776,51,14518a02-e6aa-42ac-9f4f-e3c4bc9e2090,128ec9c0-9293-4d2f-bf04-855a76e8dbe0
4777,51,99b0fb28-521c-4657-88b3-79d4ed831eef,128ec9c0-9293-4d2f-bf04-855a76e8dbe0
4778,40,06c5e952-ceb0-4613-8b95-0f6eb01f88cb,4fa23b9d-0f0a-49a5-848f-591e23711c37
4779,40,c4fb53b5-f159-4b52-888c-d4f75c9481d6,4fa23b9d-0f0a-49a5-848f-591e23711c37
4780,40,7ee37a73-d10c-4b47-b7f2-154d08ea48fd,4fa23b9d-0f0a-49a5-848f-591e23711c37
4782,109,5158af59-3306-4de4-b819-9cb1a497edb6,564888a3-9c45-45fe-a75d-22f142fe28c1
4783,137,4d833d23-ec60-453f-ac54-14e016cd33e9,3387e5b6-d36d-4475-8b34-e918249b7474
4784,51,62fc501c-6180-4082-98e1-e565149e4c51,128ec9c0-9293-4d2f-bf04-855a76e8dbe0
4785,51,eb5bba1d-28c7-4de6-a06a-b6c3e0271195,128ec9c0-9293-4d2f-bf04-855a76e8dbe0
4786,40,69942fde-7cd1-4446-ab12-69d8ab6885c0,4fa23b9d-0f0a-49a5-848f-591e23711c37
4787,51,a1f640bc-9521-4fdd-b105-13d1c315a464,128ec9c0-9293-4d2f-bf04-855a76e8dbe0
4788,51,6827058f-658c-4aef-abda-8e80671a28cb,128ec9c0-9293-4d2f-bf04-855a76e8dbe0
4789,51,0b2a855f-86c3-4c13-86da-13baf5ec83b4,128ec9c0-9293-4d2f-bf04-855a76e8dbe0
4790,51,b36100de-84d9-4644-b08e-0bec5511ab17,128ec9c0-9293-4d2f-bf04-855a76e8dbe0
4791,51,5ca2cb22-d5eb-411e-98f8-bb315e6bd079,128ec9c0-9293-4d2f-bf04-855a76e8dbe0
4792,51,61b9b67e-f6c1-4960-9752-74d44b6f25a5,128ec9c0-9293-4d2f-bf04-855a76e8dbe0
4793,156,4d471918-f518-43db-979a-ebff57e9e6a4,01426640-a226-410d-b31e-2e63260c27ba
4794,51,6601c951-0cf4-4e38-9285-37ab27889ac5,128ec9c0-9293-4d2f-bf04-855a76e8dbe0
4795,51,81ff2e6e-ca54-47b7-bdd2-c11c9e329bbf,128ec9c0-9293-4d2f-bf04-855a76e8dbe0
4796,51,7c4232ca-6345-491e-8ba2-ed0b1ccdf9a3,128ec9c0-9293-4d2f-bf04-855a76e8dbe0
4797,51,7413f5ef-bb97-4aed-b412-4c4c15383be3,128ec9c0-9293-4d2f-bf04-855a76e8dbe0
4798,26,6d721736-6d97-4dba-a34d-ae67e56e2a04,5db38fdd-3b64-4392-9002-ce7512bf3ceb
4800,51,865aefb7-06e8-4b01-af4a-534771c829ac,128ec9c0-9293-4d2f-bf04-855a76e8dbe0
4801,51,0f105bfa-6976-41fa-bf79-0d953f03752d,128ec9c0-9293-4d2f-bf04-855a76e8dbe0
4802,51,bc105be9-8164-4eaf-85a8-d604772451a8,128ec9c0-9293-4d2f-bf04-855a76e8dbe0
4803,51,cdded253-874d-4b68-b713-cd085482cd94,128ec9c0-9293-4d2f-bf04-855a76e8dbe0
4804,51,a52255c0-0852-4758-91f4-25188de89510,128ec9c0-9293-4d2f-bf04-855a76e8dbe0
4805,51,94f4de9f-2a66-4d28-8923-8f9cb789f64b,128ec9c0-9293-4d2f-bf04-855a76e8dbe0
4805,55,94f4de9f-2a66-4d28-8923-8f9cb789f64b,270ebc71-de8e-476e-9eaf-4d3a9ac687da
4806,51,9ce44da9-8d17-4444-a71a-72fe0eab151d,128ec9c0-9293-4d2f-bf04-855a76e8dbe0
4807,51,3fa41504-33aa-47bb-aedc-78320a885057,128ec9c0-9293-4d2f-bf04-855a76e8dbe0
4808,137,0c03d0c7-0610-408e-af29-de2f79077e59,3387e5b6-d36d-4475-8b34-e918249b7474
4809,23,5faef38c-8e8c-4ded-994d-7aac181849d1,b933ec53-1f11-4e21-a043-67a2419ee067
4809,137,5faef38c-8e8c-4ded-994d-7aac181849d1,3387e5b6-d36d-4475-8b34-e918249b7474
4811,51,a6488987-797c-47ff-9054-d3da7d8816ea,128ec9c0-9293-4d2f-bf04-855a76e8dbe0
4812,27,85e2085e-c117-4261-b517-ab03c3ee0fcc,4f571464-c0f6-460c-a1f2-fd307f5fe744
4813,51,0252026a-e85c-4f30-ab04-15d8739e905a,128ec9c0-9293-4d2f-bf04-855a76e8dbe0
4814,139,3cfccb2d-ab6a-4fda-bfa0-59259806d72f,2e5acb96-569b-439b-b810-4108d057b544
4815,51,333190ee-4e18-483f-9b3f-d7866cdf656a,128ec9c0-9293-4d2f-bf04-855a76e8dbe0
4816,51,7bbd2251-81f7-409f-be9b-61bcf7f572b4,128ec9c0-9293-4d2f-bf04-855a76e8dbe0
4817,51,c0c30701-5444-45db-9b76-595ec8f2b304,128ec9c0-9293-4d2f-bf04-855a76e8dbe0
4818,139,15f30de1-d579-4959-823a-a6304c3bc8e2,2e5acb96-569b-439b-b810-4108d057b544
4819,51,6ea320c7-78a6-4389-989a-f7c42d1b746b,128ec9c0-9293-4d2f-bf04-855a76e8dbe0
4820,51,e29893fe-3fd1-4a92-8369-37630e71d469,128ec9c0-9293-4d2f-bf04-855a76e8dbe0
4821,51,48be855e-77e1-4811-b947-9901001c0110,128ec9c0-9293-4d2f-bf04-855a76e8dbe0
4822,51,f3f59853-a29d-459c-832b-3ee930fd4c00,128ec9c0-9293-4d2f-bf04-855a76e8dbe0
4823,51,b7b88585-731e-4229-abec-0298ba4bf88e,128ec9c0-9293-4d2f-bf04-855a76e8dbe0
4824,140,04a8b787-2a34-4820-b546-5d210ae748f7,deabd6e3-9c2d-4a79-afef-942da4b9550d
4825,51,285614c7-6452-4439-b4e7-bbdde22c03d2,128ec9c0-9293-4d2f-bf04-855a76e8dbe0
4826,51,711808f6-6c49-46f1-b70a-4ff93e2e9879,128ec9c0-9293-4d2f-bf04-855a76e8dbe0
4827,94,53d498ae-d396-45b9-a88a-85aa067f8f62,25006cc4-a12b-4570-918f-78a97dca46a3
4828,51,11643406-ac86-440c-b160-d53d9eeefd75,128ec9c0-9293-4d2f-bf04-855a76e8dbe0
4831,51,f324e853-933d-4380-ba7d-855bc56f1f56,128ec9c0-9293-4d2f-bf04-855a76e8dbe0
4832,51,9f93edb0-5ae1-4d67-b0a2-b125b2689bae,128ec9c0-9293-4d2f-bf04-855a76e8dbe0
4833,35,e412d1e3-6cb9-4daa-ba9f-24f2a70f6146,4e44d169-1292-4d6e-b5b9-fddc14fbbcdc
4834,51,389903a5-c071-4222-ba25-733ce5b9be7d,128ec9c0-9293-4d2f-bf04-855a76e8dbe0
4835,51,bafe44d3-0ae2-40a3-aa39-40efafe8e8c3,128ec9c0-9293-4d2f-bf04-855a76e8dbe0
4836,51,ec4a440d-3346-4555-9cca-f0e00ff48e2a,128ec9c0-9293-4d2f-bf04-855a76e8dbe0
4836,88,ec4a440d-3346-4555-9cca-f0e00ff48e2a,4a8f0ef7-dbdb-44d7-ad0c-53df3a82b320
4837,94,d685b1aa-5048-42ac-ab2f-7af98f9f3a4e,25006cc4-a12b-4570-918f-78a97dca46a3
4838,51,5e18ab70-3559-4aff-a062-210682f7df01,128ec9c0-9293-4d2f-bf04-855a76e8dbe0
4839,94,3c22cbee-1ff7-459d-9583-a933a9e74a9c,25006cc4-a12b-4570-918f-78a97dca46a3
4840,94,533b4b9c-db73-464f-bdda-84d7df6ae065,25006cc4-a12b-4570-918f-78a97dca46a3
4841,51,8fca628d-2afd-49e6-bdfc-11eb7d96b7b8,128ec9c0-9293-4d2f-bf04-855a76e8dbe0
4841,109,8fca628d-2afd-49e6-bdfc-11eb7d96b7b8,564888a3-9c45-45fe-a75d-22f142fe28c1
4842,6,46eb2286-3212-4e4b-b686-60206026581c,60d0dc9e-4acd-4836-9376-f0bc5ea2f635
4842,50,46eb2286-3212-4e4b-b686-60206026581c,90c27777-4623-4460-9aa3-f57839e1a2ed
4842,51,46eb2286-3212-4e4b-b686-60206026581c,128ec9c0-9293-4d2f-bf04-855a76e8dbe0
4842,55,46eb2286-3212-4e4b-b686-60206026581c,270ebc71-de8e-476e-9eaf-4d3a9ac687da
4842,56,46eb2286-3212-4e4b-b686-60206026581c,fe758c24-6a48-4f9c-8424-ea1956da1ac4
4842,67,46eb2286-3212-4e4b-b686-60206026581c,21d18762-d7d2-4ce4-a7b4-ea2efcbc1e17
4842,94,46eb2286-3212-4e4b-b686-60206026581c,25006cc4-a12b-4570-918f-78a97dca46a3
4842,140,46eb2286-3212-4e4b-b686-60206026581c,deabd6e3-9c2d-4a79-afef-942da4b9550d
4843,94,c0e74bf3-d18c-4ec4-bf47-f5621628ddb5,25006cc4-a12b-4570-918f-78a97dca46a3
4844,40,6a8bcff9-fb27-44d3-985c-1add63a3f1b1,4fa23b9d-0f0a-49a5-848f-591e23711c37
4845,40,426225d2-16a2-4f4d-bc17-67aa33ad6ec3,4fa23b9d-0f0a-49a5-848f-591e23711c37
4846,40,45c3e1bc-f9f0-4d4f-8c61-2b7885d7307e,4fa23b9d-0f0a-49a5-848f-591e23711c37
4847,40,254c7ab6-d65e-4c68-8cbc-7352e66e448a,4fa23b9d-0f0a-49a5-848f-591e23711c37
4848,40,07aa9814-bbf5-4ebd-a249-2d063519d44a,4fa23b9d-0f0a-49a5-848f-591e23711c37
4849,40,87e6bd7f-5136-441d-9d53-9d8ef6b34b91,4fa23b9d-0f0a-49a5-848f-591e23711c37
4850,40,d2fb37c9-79fa-4574-9710-70997edcef4d,4fa23b9d-0f0a-49a5-848f-591e23711c37
4851,40,63767745-52da-41cf-8b87-4976b8521aeb,4fa23b9d-0f0a-49a5-848f-591e23711c37
4852,40,7836f1b8-7ceb-414a-ae1a-3c6ab3e2e3f9,4fa23b9d-0f0a-49a5-848f-591e23711c37
4853,40,70e4e03d-1bb5-4974-99b4-f8943edc10fa,4fa23b9d-0f0a-49a5-848f-591e23711c37
4854,26,7fdee1fd-4dc5-49cc-b1ca-517902a1d090,5db38fdd-3b64-4392-9002-ce7512bf3ceb
4855,51,019fdc8c-653f-4371-8600-446dea508c24,128ec9c0-9293-4d2f-bf04-855a76e8dbe0
4856,40,b4727477-56e9-4de5-aa34-57332ff1a0ad,4fa23b9d-0f0a-49a5-848f-591e23711c37
4857,40,676789bd-5607-4520-89ba-63b430f9f5f2,4fa23b9d-0f0a-49a5-848f-591e23711c37
4858,40,8f91fe10-2098-4f39-aa6d-012468fbd86e,4fa23b9d-0f0a-49a5-848f-591e23711c37
4859,40,01cc22c6-55d8-4cc6-ba20-72065c768164,4fa23b9d-0f0a-49a5-848f-591e23711c37
4860,40,de42cc2d-f2d6-4021-8459-107247f373f2,4fa23b9d-0f0a-49a5-848f-591e23711c37
4861,40,75a1e87f-0988-4171-9f34-9145df556e64,4fa23b9d-0f0a-49a5-848f-591e23711c37
4862,40,711d320c-160c-45cb-982a-57350f2bd5a0,4fa23b9d-0f0a-49a5-848f-591e23711c37
4863,40,6c0e3b7e-fa7a-4a4c-9d36-1d32d74cd869,4fa23b9d-0f0a-49a5-848f-591e23711c37
4864,40,f37bceb3-2714-479e-a275-3c201edb53c5,4fa23b9d-0f0a-49a5-848f-591e23711c37
4865,40,085047f6-acb3-4631-ba46-8f3cb6a0efe8,4fa23b9d-0f0a-49a5-848f-591e23711c37
4866,40,a58b6f54-3dc5-44e0-9470-7c846fbac7dc,4fa23b9d-0f0a-49a5-848f-591e23711c37
4867,137,c3fa72d7-6e27-4f81-a24b-aa991b2577a8,3387e5b6-d36d-4475-8b34-e918249b7474
4868,40,eeaa0566-7273-4481-a05b-9b97f88df458,4fa23b9d-0f0a-49a5-848f-591e23711c37
4869,40,c8b3c7a2-afe2-4af6-a987-80f56b224037,4fa23b9d-0f0a-49a5-848f-591e23711c37
4870,109,74983de9-73bd-4721-ae35-2ab488bec8e2,564888a3-9c45-45fe-a75d-22f142fe28c1
4871,51,c6a0079c-4cd4-4b24-a916-cca80ca580cf,128ec9c0-9293-4d2f-bf04-855a76e8dbe0
4871,109,c6a0079c-4cd4-4b24-a916-cca80ca580cf,564888a3-9c45-45fe-a75d-22f142fe28c1
4872,51,af80abe9-a4f9-49bb-a55c-dc680bf7f0e6,128ec9c0-9293-4d2f-bf04-855a76e8dbe0
4873,94,73470d4e-6cb3-41ea-8398-4b2120402045,25006cc4-a12b-4570-918f-78a97dca46a3
4875,51,03a559c5-2065-420f-94c0-65a30ba394f5,128ec9c0-9293-4d2f-bf04-855a76e8dbe0
4876,51,651f2b3c-c619-4b07-9c1b-56c1f35c9eb5,128ec9c0-9293-4d2f-bf04-855a76e8dbe0
4877,51,e6fbb7e2-3696-4a6e-8c4c-679a4d21bb17,128ec9c0-9293-4d2f-bf04-855a76e8dbe0
4878,51,02102214-f9d2-4073-82e0-70b100e526d6,128ec9c0-9293-4d2f-bf04-855a76e8dbe0
4879,51,c7860899-2a51-4fe3-b228-f5b3da80c499,128ec9c0-9293-4d2f-bf04-855a76e8dbe0
4880,89,776fba5f-5b2e-4c84-92a4-9ccc1fbe1a4b,d66c728d-eb3c-4695-a4d2-3f77f8a5ca59
4881,51,fc64b169-59e2-4906-b800-0631533ca9e9,128ec9c0-9293-4d2f-bf04-855a76e8dbe0
4881,113,fc64b169-59e2-4906-b800-0631533ca9e9,dd7f7eb4-8ef6-47a5-bf4f-dba9a54d4a3b
4881,142,fc64b169-59e2-4906-b800-0631533ca9e9,942de002-9a05-4cd5-b3d3-10a7b5c58de5
4882,51,126a4dfe-12bb-4a94-8cc8-5caf3c00a8d9,128ec9c0-9293-4d2f-bf04-855a76e8dbe0
4883,109,ee16a4d2-d67c-491b-a32f-fc5d61e61e35,564888a3-9c45-45fe-a75d-22f142fe28c1
4884,51,7f2ef5c2-e79a-4a05-a219-a37f30c3dfc8,128ec9c0-9293-4d2f-bf04-855a76e8dbe0
4885,51,aadf24df-cf39-460f-8868-396b94194939,128ec9c0-9293-4d2f-bf04-855a76e8dbe0
4886,51,fcbd8b80-caf5-4269-a6ac-3b3d5d406e31,128ec9c0-9293-4d2f-bf04-855a76e8dbe0
4887,51,c7bbbc42-55dd-45eb-9b53-55595531d1a4,128ec9c0-9293-4d2f-bf04-855a76e8dbe0
4888,51,30118f76-7f3f-479b-96d1-5cdaf5d281b3,128ec9c0-9293-4d2f-bf04-855a76e8dbe0
4889,51,b6244d1e-5eff-4cb0-b9fe-672d7530b17f,128ec9c0-9293-4d2f-bf04-855a76e8dbe0
4890,64,66bb7f8c-1ca0-4508-9855-5cff25dca90f,1e85dcaf-bd03-48dc-98bd-73e2e2779c7b
4891,51,e50905bd-7e29-45fb-8ebd-0de113ce6cf3,128ec9c0-9293-4d2f-bf04-855a76e8dbe0
4892,51,020ce451-79fb-4354-b042-94940cb6a5a9,128ec9c0-9293-4d2f-bf04-855a76e8dbe0
4893,51,cdc57443-1a23-46c0-a20a-cecf468cca89,128ec9c0-9293-4d2f-bf04-855a76e8dbe0
4894,51,b48d4f96-12c8-4cad-8ed7-66446de63ec0,128ec9c0-9293-4d2f-bf04-855a76e8dbe0
4895,109,cd9ad6e7-ef91-4394-b77a-f783935dc792,564888a3-9c45-45fe-a75d-22f142fe28c1
4896,51,191c5d8a-52bb-4c7d-861d-bf213e03a5bc,128ec9c0-9293-4d2f-bf04-855a76e8dbe0
4897,137,1c6efe53-e9ff-4983-8f79-567b2e305b80,3387e5b6-d36d-4475-8b34-e918249b7474
4898,51,be62a0f8-3230-4b89-968c-d8ebae3e6eb4,128ec9c0-9293-4d2f-bf04-855a76e8dbe0
4900,51,8f1f4e1f-93bd-4f75-9c55-2ba30d399992,128ec9c0-9293-4d2f-bf04-855a76e8dbe0
4901,51,6eb8163e-07b1-4423-aba6-86cdc3dc8c8f,128ec9c0-9293-4d2f-bf04-855a76e8dbe0
4902,22,3f2a28fb-7ba2-4714-9905-8c3475522e1c,bd9347f8-7777-4209-864c-651141cb12a0
4902,109,3f2a28fb-7ba2-4714-9905-8c3475522e1c,564888a3-9c45-45fe-a75d-22f142fe28c1
4903,28,cac8eb3b-d459-48a8-b408-edf9b86058a0,927df241-9b2c-4a41-bbe1-d6151a413b40
4904,51,593fb24f-38dd-4b3c-b0a4-a1dd5d7d2494,128ec9c0-9293-4d2f-bf04-855a76e8dbe0
4905,51,39c71bbc-6991-4915-8ab0-99952d6c3217,128ec9c0-9293-4d2f-bf04-855a76e8dbe0
4906,35,2ef8a786-4cbc-4ca1-b4bc-c8407727b407,4e44d169-1292-4d6e-b5b9-fddc14fbbcdc
4907,51,5556169c-1484-486a-8290-00c67ce866ac,128ec9c0-9293-4d2f-bf04-855a76e8dbe0
4908,51,858cb204-5119-485e-bb66-5404b093bc54,128ec9c0-9293-4d2f-bf04-855a76e8dbe0
4909,51,275cbdd6-c903-4fbd-91de-6f99fe267871,128ec9c0-9293-4d2f-bf04-855a76e8dbe0
4910,35,ff3aebab-5580-47ab-aa50-c54023845c6e,4e44d169-1292-4d6e-b5b9-fddc14fbbcdc
4911,56,e48262f1-fdd2-4c68-b0c7-62fbf637c419,fe758c24-6a48-4f9c-8424-ea1956da1ac4
4912,51,4e750a73-881e-4e7c-a26a-7b9f6094280b,128ec9c0-9293-4d2f-bf04-855a76e8dbe0
4913,51,a22454dc-ebd3-47a0-8390-f284357c1f91,128ec9c0-9293-4d2f-bf04-855a76e8dbe0
4914,51,7884eb91-2d3f-420e-9a18-d7397e9813f0,128ec9c0-9293-4d2f-bf04-855a76e8dbe0
4915,51,2ac72571-b706-4e2e-8740-31d114483f2d,128ec9c0-9293-4d2f-bf04-855a76e8dbe0
4916,51,03405ac8-e00a-4ea6-b042-23aefd036068,128ec9c0-9293-4d2f-bf04-855a76e8dbe0
4917,137,d9f22fb3-9a62-4bfc-9810-4e49711c4a54,3387e5b6-d36d-4475-8b34-e918249b7474
4918,94,0653970b-9b95-4bad-ba4a-60a93adf77f8,25006cc4-a12b-4570-918f-78a97dca46a3
4919,51,58e00f70-364c-4cf7-b4ee-d0a73834160a,128ec9c0-9293-4d2f-bf04-855a76e8dbe0
4920,51,0b3320e5-3a57-4f00-ae0f-46fa89449a73,128ec9c0-9293-4d2f-bf04-855a76e8dbe0
4921,51,46e1c61a-e0ee-4110-94fc-1997766ca52e,128ec9c0-9293-4d2f-bf04-855a76e8dbe0
4922,51,b382d4bb-36ec-415b-8b98-2621f7416635,128ec9c0-9293-4d2f-bf04-855a76e8dbe0
4923,51,0f965b3c-dc6a-4d6f-a527-9e2d11411710,128ec9c0-9293-4d2f-bf04-855a76e8dbe0
4924,51,4c490f1a-bf9b-4d6e-a915-b1e2c50b4772,128ec9c0-9293-4d2f-bf04-855a76e8dbe0
4925,51,8acba997-3d9c-45d8-bef3-11ecee62ac25,128ec9c0-9293-4d2f-bf04-855a76e8dbe0
4926,51,bef845d0-38f2-4902-983c-6d4fea3e5fad,128ec9c0-9293-4d2f-bf04-855a76e8dbe0
4928,51,2ead532f-8af1-4143-a416-e703580d369f,128ec9c0-9293-4d2f-bf04-855a76e8dbe0
4929,51,eba547a5-76e2-4898-b020-4462e38444fb,128ec9c0-9293-4d2f-bf04-855a76e8dbe0
4930,51,8958033f-7581-4cf3-967c-9bb19dc7e4cf,128ec9c0-9293-4d2f-bf04-855a76e8dbe0
4931,51,e98eec0d-3282-4a0e-92a4-14cc66183165,128ec9c0-9293-4d2f-bf04-855a76e8dbe0
4932,109,5e255367-eff4-4d99-b868-ab6fc0427cf7,564888a3-9c45-45fe-a75d-22f142fe28c1
4933,51,a4e151d2-96f3-4f70-a05e-7a70fcf4c6f7,128ec9c0-9293-4d2f-bf04-855a76e8dbe0
4934,35,eb35cfb3-a911-4b0e-a72f-f469510242e2,4e44d169-1292-4d6e-b5b9-fddc14fbbcdc
4935,51,a380d7fc-fe33-4406-89c6-a34af213c7fe,128ec9c0-9293-4d2f-bf04-855a76e8dbe0
4936,51,2aeec649-18fa-429c-a281-44242537689a,128ec9c0-9293-4d2f-bf04-855a76e8dbe0
4937,89,ca891f4e-17c3-41c5-96ea-4037cdddd22b,d66c728d-eb3c-4695-a4d2-3f77f8a5ca59
4938,40,544fdeb9-478d-4f90-8d4a-627ec7118f38,4fa23b9d-0f0a-49a5-848f-591e23711c37
4939,51,61f101c0-4a8d-4ab3-b575-41f1eb421f2b,128ec9c0-9293-4d2f-bf04-855a76e8dbe0
4940,51,f1c49b7f-cfd3-4ab2-9e94-1805cbd7267f,128ec9c0-9293-4d2f-bf04-855a76e8dbe0
4941,51,e0dbb48f-54a1-4573-b179-a4eb2753c199,128ec9c0-9293-4d2f-bf04-855a76e8dbe0
4942,51,4d81510c-7230-4f86-96cb-1d0058cbe39b,128ec9c0-9293-4d2f-bf04-855a76e8dbe0
4943,51,1e446f71-3f27-4ee0-af79-3d769941f70b,128ec9c0-9293-4d2f-bf04-855a76e8dbe0
4944,94,d0736679-3238-4cd1-a46e-28dcabfa90dc,25006cc4-a12b-4570-918f-78a97dca46a3
4945,51,6d526414-b4ac-49cd-8920-804404636b6a,128ec9c0-9293-4d2f-bf04-855a76e8dbe0
4946,113,3afcdccb-05d9-4d42-9ce5-9afaf7bb12fd,dd7f7eb4-8ef6-47a5-bf4f-dba9a54d4a3b
4946,142,3afcdccb-05d9-4d42-9ce5-9afaf7bb12fd,942de002-9a05-4cd5-b3d3-10a7b5c58de5
4947,51,86571405-2328-49f5-bf8d-912a9c2af033,128ec9c0-9293-4d2f-bf04-855a76e8dbe0
4948,51,557583d3-27a1-444a-81cf-be23caed483f,128ec9c0-9293-4d2f-bf04-855a76e8dbe0
4949,51,9ffdc640-09d1-4064-a4c5-3cbcfaf53f1a,128ec9c0-9293-4d2f-bf04-855a76e8dbe0
4950,139,aec5e724-8903-43f3-850d-697adcdc0723,2e5acb96-569b-439b-b810-4108d057b544
4951,140,623fab6d-553e-4a37-a46f-c9391ae19ff5,deabd6e3-9c2d-4a79-afef-942da4b9550d
4952,140,637f9356-36bb-46d6-b11c-8fdfba9bf2e6,deabd6e3-9c2d-4a79-afef-942da4b9550d
4953,51,2ffb83a3-7d4f-45cc-8a28-c2d86be2954b,128ec9c0-9293-4d2f-bf04-855a76e8dbe0
4954,55,54bab1e1-ea62-454c-988f-4097e05cb4d0,270ebc71-de8e-476e-9eaf-4d3a9ac687da
4955,51,5c6198dc-3737-4d04-a16e-b7883b963b09,128ec9c0-9293-4d2f-bf04-855a76e8dbe0
4957,51,fab283e1-08c0-4f9d-a5bb-103b528a608b,128ec9c0-9293-4d2f-bf04-855a76e8dbe0
4959,51,a786bbdf-d1f9-4a56-b680-73060f844fb4,128ec9c0-9293-4d2f-bf04-855a76e8dbe0
4960,51,4e21bf0c-b075-4e15-9014-ff1922aaa765,128ec9c0-9293-4d2f-bf04-855a76e8dbe0
4961,51,6abc40bb-396c-4744-a2a4-12527ac96b6f,128ec9c0-9293-4d2f-bf04-855a76e8dbe0
4962,51,115e4844-a929-4612-8745-cae230f31167,128ec9c0-9293-4d2f-bf04-855a76e8dbe0
4962,140,115e4844-a929-4612-8745-cae230f31167,deabd6e3-9c2d-4a79-afef-942da4b9550d
4963,51,507105fa-f61c-40fd-bbc0-cd3b195b2b40,128ec9c0-9293-4d2f-bf04-855a76e8dbe0
4964,51,81322aa9-f72e-406a-ad87-1274aedca38f,128ec9c0-9293-4d2f-bf04-855a76e8dbe0
4965,23,f22a9b03-4cae-4263-996a-e975a8d9d6c6,b933ec53-1f11-4e21-a043-67a2419ee067
4966,51,0bcbabc7-76ff-4975-be73-dfb9664a3df4,128ec9c0-9293-4d2f-bf04-855a76e8dbe0
4967,137,395324d8-d613-4ad0-9184-27dabbcef95a,3387e5b6-d36d-4475-8b34-e918249b7474
4968,35,213eba82-0e75-42c3-88fb-44087ced4b74,4e44d169-1292-4d6e-b5b9-fddc14fbbcdc
4969,51,a83c12ff-1aa5-406b-8fab-cd20f5159521,128ec9c0-9293-4d2f-bf04-855a76e8dbe0
4970,40,fea56d7e-36b2-4976-9e3f-1ce658085d5e,4fa23b9d-0f0a-49a5-848f-591e23711c37
4971,28,ccbc053f-819e-4786-a742-18b96890edb1,927df241-9b2c-4a41-bbe1-d6151a413b40
4971,51,ccbc053f-819e-4786-a742-18b96890edb1,128ec9c0-9293-4d2f-bf04-855a76e8dbe0
4972,51,ecd78daf-eea1-483c-9f72-31a3fd205eb9,128ec9c0-9293-4d2f-bf04-855a76e8dbe0
4973,51,89723c32-291a-4a71-85cf-9999646504e4,128ec9c0-9293-4d2f-bf04-855a76e8dbe0
4975,48,0c0310b5-7384-479d-acbd-d802c3992952,c5b0606d-4e0c-42cb-9abd-f99bf45fe357
4976,35,a91d5653-f6ea-4038-aa45-65da90d8afcf,4e44d169-1292-4d6e-b5b9-fddc14fbbcdc
4976,40,a91d5653-f6ea-4038-aa45-65da90d8afcf,4fa23b9d-0f0a-49a5-848f-591e23711c37
4976,157,a91d5653-f6ea-4038-aa45-65da90d8afcf,b249258a-dd6b-42c9-9b77-6b967655f43c
4977,51,54728b24-f47b-4e69-95e2-5896ab352b49,128ec9c0-9293-4d2f-bf04-855a76e8dbe0
4978,41,0f5deba5-4f40-4c6c-bc28-c5ce553d2768,45040cf8-bcce-4383-acc5-eacf98b8efa7
4979,51,9472fbf4-7758-4388-a532-cd5a8d1793ff,128ec9c0-9293-4d2f-bf04-855a76e8dbe0
4980,34,1f2f1c19-9d8d-47ac-82b1-df72b1721ec3,db5c71e1-57ef-4e4d-b808-9c9c6d40f47f
4981,40,51fc81a0-ab3e-4335-9598-40ae1785e8b5,4fa23b9d-0f0a-49a5-848f-591e23711c37
4983,109,df04a822-0cca-43cc-814c-d5691ff330fb,564888a3-9c45-45fe-a75d-22f142fe28c1
4984,35,8a0fc502-3793-4591-ba1b-49b8e47ff23d,4e44d169-1292-4d6e-b5b9-fddc14fbbcdc
4985,140,647e3eda-dcb6-47fc-91e4-36967315befe,deabd6e3-9c2d-4a79-afef-942da4b9550d
4986,140,5e6fc906-aaa1-487b-b174-346cc2e863ee,deabd6e3-9c2d-4a79-afef-942da4b9550d
4987,41,fd279e6c-ad2d-48cd-8a10-1e5753214286,45040cf8-bcce-4383-acc5-eacf98b8efa7
4988,51,9b51c9f9-d25d-4e67-949b-32e3b498217d,128ec9c0-9293-4d2f-bf04-855a76e8dbe0
4989,56,a69da856-858b-4da1-b4a5-3049b7011840,fe758c24-6a48-4f9c-8424-ea1956da1ac4
4990,118,8cfc86a9-6124-4bf4-b8b1-04257352c383,7d02c046-57b7-4b14-9813-eb12fc2350e0
4991,51,a86043d4-d9b4-4173-870e-47b2ec35536e,128ec9c0-9293-4d2f-bf04-855a76e8dbe0
4992,51,32aba08e-d001-49af-bc92-f0b4692e0745,128ec9c0-9293-4d2f-bf04-855a76e8dbe0
4993,88,de8d3815-3013-4b11-8911-b4cf10273a0a,4a8f0ef7-dbdb-44d7-ad0c-53df3a82b320
4994,28,5dbc7f1c-29b5-41c5-9a83-b7a1e821f389,927df241-9b2c-4a41-bbe1-d6151a413b40
4995,51,22136618-5ef2-4d4a-bca7-0ee36be16288,128ec9c0-9293-4d2f-bf04-855a76e8dbe0
4996,51,d8642f75-e6fb-484a-a45e-1b58e598ef2c,128ec9c0-9293-4d2f-bf04-855a76e8dbe0
4997,51,7f5617cc-dc95-4743-abe6-4d81ed0168d6,128ec9c0-9293-4d2f-bf04-855a76e8dbe0
4998,51,14b123bb-5eea-4f63-b7f6-936872fbb17c,128ec9c0-9293-4d2f-bf04-855a76e8dbe0
4999,51,e8d5fe13-4ed7-4c09-b5a8-9c82da769de7,128ec9c0-9293-4d2f-bf04-855a76e8dbe0
5000,51,63c64994-e9f6-4412-bf0b-2a22a3a61905,128ec9c0-9293-4d2f-bf04-855a76e8dbe0
5001,55,6b80c602-a5f8-4400-a68e-ace3cbb5f184,270ebc71-de8e-476e-9eaf-4d3a9ac687da
5003,51,d2593c15-9205-4be4-b538-4c34b3b7bcbd,128ec9c0-9293-4d2f-bf04-855a76e8dbe0
5004,137,8ff966dd-79d6-44a9-90d2-c9a9b59be20a,3387e5b6-d36d-4475-8b34-e918249b7474
5005,70,f4f61845-613c-4744-b36b-c646860fe050,7a8c5e91-8e6c-4e32-95d3-f3eb2390280c
5007,51,88ce7573-3aca-43f6-992b-6e2612f70e62,128ec9c0-9293-4d2f-bf04-855a76e8dbe0
5008,71,2701a774-2086-4a12-b302-937ccab69be4,363840f9-6f1c-4ee4-b67f-159d8998e1d9
5010,51,ff4588bb-ee9e-4d33-8c71-673218fb7ff0,128ec9c0-9293-4d2f-bf04-855a76e8dbe0
5011,40,2af75ef1-a603-47d3-83dd-a818bbb1d6ce,4fa23b9d-0f0a-49a5-848f-591e23711c37
5012,51,c746a831-eea0-4bea-bc11-2632cebde135,128ec9c0-9293-4d2f-bf04-855a76e8dbe0
5013,40,b8672f57-947d-4901-b653-33189438d9e0,4fa23b9d-0f0a-49a5-848f-591e23711c37
5014,51,225ff37c-075e-49ed-b212-bd299a83a7ef,128ec9c0-9293-4d2f-bf04-855a76e8dbe0
5016,51,0a1e6df3-9527-42c9-bd2b-72552cfec8db,128ec9c0-9293-4d2f-bf04-855a76e8dbe0
5018,51,42660fa4-8d2c-4632-abcf-9afc56878313,128ec9c0-9293-4d2f-bf04-855a76e8dbe0
5019,40,19de9083-84c7-4e09-be05-8c703854105a,4fa23b9d-0f0a-49a5-848f-591e23711c37
5019,51,19de9083-84c7-4e09-be05-8c703854105a,128ec9c0-9293-4d2f-bf04-855a76e8dbe0
5020,40,d0b58ff9-8b15-4cad-b365-9891fb69d528,4fa23b9d-0f0a-49a5-848f-591e23711c37
5021,40,eef8a34c-3763-46b2-8e43-03ff3e4608a7,4fa23b9d-0f0a-49a5-848f-591e23711c37
5022,51,ae4aa1ce-7067-4c6d-a154-91bbfcb9c3f1,128ec9c0-9293-4d2f-bf04-855a76e8dbe0
5023,51,93377706-b556-4c76-ba53-4ae1e70d9bba,128ec9c0-9293-4d2f-bf04-855a76e8dbe0
5024,35,c8dcf159-5b70-401e-bc15-b235fa42dad1,4e44d169-1292-4d6e-b5b9-fddc14fbbcdc
5025,35,f2d958d3-b8d6-4d84-8cf2-16b463f224fc,4e44d169-1292-4d6e-b5b9-fddc14fbbcdc
5026,35,e43d85b0-9a4f-448d-8a3a-a3c5287eb5ab,4e44d169-1292-4d6e-b5b9-fddc14fbbcdc
5027,51,b9e8d05f-5732-4f50-9ca4-86a1c1f98d9c,128ec9c0-9293-4d2f-bf04-855a76e8dbe0
5028,51,5779025a-153c-4871-a2cb-1326fed826fe,128ec9c0-9293-4d2f-bf04-855a76e8dbe0
5029,137,d7bf8219-8ea7-49e4-8853-45a9a1194e97,3387e5b6-d36d-4475-8b34-e918249b7474
5030,40,0bd73220-004f-4b86-af75-890e198fd731,4fa23b9d-0f0a-49a5-848f-591e23711c37
5030,137,0bd73220-004f-4b86-af75-890e198fd731,3387e5b6-d36d-4475-8b34-e918249b7474
5031,109,6b33d580-4657-41ce-b587-76e9276a38b9,564888a3-9c45-45fe-a75d-22f142fe28c1
5032,51,74da2d0c-bf4d-4936-aa94-a61de866734f,128ec9c0-9293-4d2f-bf04-855a76e8dbe0
5033,51,80b378b2-e342-4e4f-9cb3-9e6bb3026fba,128ec9c0-9293-4d2f-bf04-855a76e8dbe0
5034,51,b9cac111-7788-4b1b-9f31-12a3d3cbc2cc,128ec9c0-9293-4d2f-bf04-855a76e8dbe0
5035,51,7b963f4c-2b6f-41a8-b9dd-74bd70c6b7f4,128ec9c0-9293-4d2f-bf04-855a76e8dbe0
5036,51,0af1849c-b870-49db-8519-8a3c445552de,128ec9c0-9293-4d2f-bf04-855a76e8dbe0
5037,51,4e0661d0-091c-409e-9ae2-ab72181bb955,128ec9c0-9293-4d2f-bf04-855a76e8dbe0
5038,112,64fb3983-d4eb-4c41-a6f6-c1ba37ae56a7,68cb3e51-ebdc-4355-bbff-0a3453a371f1
5039,34,56046234-c294-48e2-83cc-22b2c03dfa29,db5c71e1-57ef-4e4d-b808-9c9c6d40f47f
5040,26,6cb90460-b511-404f-b16e-df249f333283,5db38fdd-3b64-4392-9002-ce7512bf3ceb
5041,94,66a5ba22-4d34-4a88-a208-e1018d460a46,25006cc4-a12b-4570-918f-78a97dca46a3
5043,94,7a5eb4de-eded-4f00-9068-69d93ebec4b2,25006cc4-a12b-4570-918f-78a97dca46a3
5044,94,f018f06b-10d8-4d6b-b6db-dd5af9838901,25006cc4-a12b-4570-918f-78a97dca46a3
5045,94,e072fefd-09b6-45dc-9095-99122d3c5ee4,25006cc4-a12b-4570-918f-78a97dca46a3
5046,94,5f8916b5-5ff3-40a2-9fa1-c2789d7a979c,25006cc4-a12b-4570-918f-78a97dca46a3
5048,55,b4770b63-e09f-45a2-bc99-b5c16f842203,270ebc71-de8e-476e-9eaf-4d3a9ac687da
5048,106,b4770b63-e09f-45a2-bc99-b5c16f842203,4ff7967b-ba33-4eb7-a6f1-43348acfd978
5049,94,bf1f54d0-a9bd-4141-8037-555d6c89a51e,25006cc4-a12b-4570-918f-78a97dca46a3
5050,51,c792b7a9-a616-4300-b337-26496442b0bb,128ec9c0-9293-4d2f-bf04-855a76e8dbe0
5051,137,20a1b658-25f5-470f-9ce8-634e2c6f1db6,3387e5b6-d36d-4475-8b34-e918249b7474
5052,137,becc8267-bd26-47c1-b49a-e9d718f4448d,3387e5b6-d36d-4475-8b34-e918249b7474
5053,51,e97a3b27-6e29-4863-a96e-0c91136e77d4,128ec9c0-9293-4d2f-bf04-855a76e8dbe0
5053,113,e97a3b27-6e29-4863-a96e-0c91136e77d4,dd7f7eb4-8ef6-47a5-bf4f-dba9a54d4a3b
5053,142,e97a3b27-6e29-4863-a96e-0c91136e77d4,942de002-9a05-4cd5-b3d3-10a7b5c58de5
5054,40,5105731b-24bb-48fa-bf5c-6e82909431e6,4fa23b9d-0f0a-49a5-848f-591e23711c37
5055,51,0e0bc42a-d42c-4e7a-93df-dccabf1d8587,128ec9c0-9293-4d2f-bf04-855a76e8dbe0
5056,51,13d6eee2-db9f-4693-a9c8-3aab57a6617c,128ec9c0-9293-4d2f-bf04-855a76e8dbe0
5058,51,22ac5bdf-3de3-4457-bd7a-28a4997362c1,128ec9c0-9293-4d2f-bf04-855a76e8dbe0
5059,40,51d195a6-bd21-4bb6-99c3-d42198e25bdc,4fa23b9d-0f0a-49a5-848f-591e23711c37
5060,51,eb0d0c60-58fe-4dda-aa91-21bc107e28cf,128ec9c0-9293-4d2f-bf04-855a76e8dbe0
5061,94,f33c199f-fe71-4d10-bd6f-1ada621c4a89,25006cc4-a12b-4570-918f-78a97dca46a3
5062,27,3bb83585-5353-4ba7-b01e-4757f58e5ef4,4f571464-c0f6-460c-a1f2-fd307f5fe744
5063,27,7ffa8a9a-bbaa-4be2-81eb-7ffa2083766b,4f571464-c0f6-460c-a1f2-fd307f5fe744
5064,40,d34f7492-f3bd-4ea9-a52a-19e9269d6f47,4fa23b9d-0f0a-49a5-848f-591e23711c37
5065,40,e4062c21-f2a6-45bc-9619-8ff774914116,4fa23b9d-0f0a-49a5-848f-591e23711c37
5066,64,e4c63c05-1e06-47d2-b1fe-f2900012f56f,1e85dcaf-bd03-48dc-98bd-73e2e2779c7b
5069,40,9232ef73-ee00-4c04-b24d-4fb67e3abb71,4fa23b9d-0f0a-49a5-848f-591e23711c37
5071,51,c79fccf0-22f2-4723-8eba-85815f73ac4b,128ec9c0-9293-4d2f-bf04-855a76e8dbe0
5072,51,24d281d2-5557-4333-b9fc-3bee71e17306,128ec9c0-9293-4d2f-bf04-855a76e8dbe0
5073,40,637c0f77-7823-4637-91e8-682d34776f9f,4fa23b9d-0f0a-49a5-848f-591e23711c37
5074,35,5f1be412-f3dc-4d1f-93ff-ca616fc09a83,4e44d169-1292-4d6e-b5b9-fddc14fbbcdc
5075,51,328df5ca-99cf-4fda-9310-d879007095d6,128ec9c0-9293-4d2f-bf04-855a76e8dbe0
5076,56,27920127-0a73-444a-ad15-0882e3fbde8c,fe758c24-6a48-4f9c-8424-ea1956da1ac4
5077,51,3735727b-ae33-421f-b55d-cdafdb89c149,128ec9c0-9293-4d2f-bf04-855a76e8dbe0
5078,51,abc8776d-c56e-46a9-b104-bffe14a1ab43,128ec9c0-9293-4d2f-bf04-855a76e8dbe0
5079,51,9f4a1a8a-0572-4c32-bf25-4c38b0d44d86,128ec9c0-9293-4d2f-bf04-855a76e8dbe0
5080,71,04e27db3-00f8-414c-acbd-899b2fdf6bed,363840f9-6f1c-4ee4-b67f-159d8998e1d9
5081,71,c9aa5723-a10e-4c43-8b32-898b5ad4eb6e,363840f9-6f1c-4ee4-b67f-159d8998e1d9
5082,40,7829fda1-1784-4297-83d3-b704bd4b3966,4fa23b9d-0f0a-49a5-848f-591e23711c37
5083,89,aa336f88-44cb-4779-9560-efef94cd5802,d66c728d-eb3c-4695-a4d2-3f77f8a5ca59
5084,56,8284ab39-be07-4512-b384-0390e4384436,fe758c24-6a48-4f9c-8424-ea1956da1ac4
5085,109,71ffa1f0-763d-49d6-a1bf-1d391eee2d49,564888a3-9c45-45fe-a75d-22f142fe28c1
5086,112,999d63b0-2897-427e-88b6-1583307cf233,68cb3e51-ebdc-4355-bbff-0a3453a371f1
5088,51,1a7da03f-729a-4b2e-abb2-ec4ba14cf98e,128ec9c0-9293-4d2f-bf04-855a76e8dbe0
5090,51,28f1afcf-16b8-4602-934c-a3b321426879,128ec9c0-9293-4d2f-bf04-855a76e8dbe0
5091,51,979337fe-b57d-4b28-88b2-7f8b114d3a3f,128ec9c0-9293-4d2f-bf04-855a76e8dbe0
5092,51,9ad0fbc9-c075-4e00-859f-9bfe54dae66e,128ec9c0-9293-4d2f-bf04-855a76e8dbe0
5093,109,5dce9176-d441-43db-9948-510992bf9cdd,564888a3-9c45-45fe-a75d-22f142fe28c1
5094,51,d8fc589a-658e-4197-935c-30c24dea0b4a,128ec9c0-9293-4d2f-bf04-855a76e8dbe0
5095,3,126a8321-8a95-48ad-8920-6e82e1760afa,39dbb860-c444-4939-8495-1f8008eaad2c
5095,51,126a8321-8a95-48ad-8920-6e82e1760afa,128ec9c0-9293-4d2f-bf04-855a76e8dbe0
5096,137,229d13b8-db55-48e3-ac95-e00c11922f3a,3387e5b6-d36d-4475-8b34-e918249b7474
5097,40,6370f21f-3ea5-4958-bf17-3796b175f005,4fa23b9d-0f0a-49a5-848f-591e23711c37
5099,94,96b3b29e-0ba0-466c-a654-f4e08e762a8f,25006cc4-a12b-4570-918f-78a97dca46a3
5100,26,7637c985-3842-410f-a9a7-17732f33389d,5db38fdd-3b64-4392-9002-ce7512bf3ceb
5100,68,7637c985-3842-410f-a9a7-17732f33389d,9c91e337-de90-4248-93d0-9d1dd02cdfbd
5100,94,7637c985-3842-410f-a9a7-17732f33389d,25006cc4-a12b-4570-918f-78a97dca46a3
5101,51,22c2cd70-ff99-4e7f-82c6-0ab1c0a5556d,128ec9c0-9293-4d2f-bf04-855a76e8dbe0
5102,51,1268af7f-7d52-4e83-9d18-95a641751e99,128ec9c0-9293-4d2f-bf04-855a76e8dbe0
5103,51,da83f392-9b25-4637-82bb-868fc292a4de,128ec9c0-9293-4d2f-bf04-855a76e8dbe0
5104,51,df57601d-6dc5-4001-8778-3bec99b9f186,128ec9c0-9293-4d2f-bf04-855a76e8dbe0
5105,51,d86d31f0-d838-4c6d-a39f-e20b93105340,128ec9c0-9293-4d2f-bf04-855a76e8dbe0
5106,28,6fb3f994-2c34-4034-a652-70046762212d,927df241-9b2c-4a41-bbe1-d6151a413b40
5107,94,c32de062-751a-4847-af8a-96aeb1749922,25006cc4-a12b-4570-918f-78a97dca46a3
5108,94,3c0ee289-6e1a-4b80-a218-da5c6add00d5,25006cc4-a12b-4570-918f-78a97dca46a3
5109,137,e7e47836-67c0-457c-a7b8-fdd849907025,3387e5b6-d36d-4475-8b34-e918249b7474
5110,51,56fb9a22-0d17-4500-bc2b-dec503ba6e1a,128ec9c0-9293-4d2f-bf04-855a76e8dbe0
5111,35,7a3a439f-3924-491d-93de-70bc990e5663,4e44d169-1292-4d6e-b5b9-fddc14fbbcdc
5112,26,24e1c087-ae18-45ed-85f9-d1d1a35ee719,5db38fdd-3b64-4392-9002-ce7512bf3ceb
5113,55,8c1a4a90-9e26-4462-beaa-add7addcab8d,270ebc71-de8e-476e-9eaf-4d3a9ac687da
5114,35,2f4740cc-1d00-415e-8401-8744f04a0bb8,4e44d169-1292-4d6e-b5b9-fddc14fbbcdc
5114,51,2f4740cc-1d00-415e-8401-8744f04a0bb8,128ec9c0-9293-4d2f-bf04-855a76e8dbe0
5114,109,2f4740cc-1d00-415e-8401-8744f04a0bb8,564888a3-9c45-45fe-a75d-22f142fe28c1
5115,94,ed79d262-ac35-47d0-8f8a-6d890fe4bc97,25006cc4-a12b-4570-918f-78a97dca46a3
5116,35,33bc8813-fe2e-42dc-86ef-298c363fddc6,4e44d169-1292-4d6e-b5b9-fddc14fbbcdc
5118,89,2c87a73f-bd76-4080-af48-3fccf668936b,d66c728d-eb3c-4695-a4d2-3f77f8a5ca59
5119,94,70e54e48-67e3-4ba1-9cc0-3068384122d1,25006cc4-a12b-4570-918f-78a97dca46a3
5120,51,6dbf7271-f1bd-4ecd-841f-6ed926f42ec5,128ec9c0-9293-4d2f-bf04-855a76e8dbe0
5121,51,a125f130-d0cc-4c47-bfc0-5b206e1d0c2e,128ec9c0-9293-4d2f-bf04-855a76e8dbe0
5122,109,0056b5e3-96dd-448f-938c-4dfcde8c3b31,564888a3-9c45-45fe-a75d-22f142fe28c1
5123,49,8ddeaf4e-49ab-44f2-8983-afa5ea2d06dc,f2254bb4-1713-4d95-ac26-98d0ec049c0d
5124,56,02229951-f324-4d80-a64c-b9327d472204,fe758c24-6a48-4f9c-8424-ea1956da1ac4
5125,25,a7b1359b-a845-4e44-b539-57d33b3a7ae9,b9df3400-41bb-46a8-8b68-7e951f1806b9
5126,51,87724a8f-50d2-40fb-b1ec-2a09cf1bf3c3,128ec9c0-9293-4d2f-bf04-855a76e8dbe0
5127,51,9c3bc14d-23c8-4fcc-9ee3-a8112f084edb,128ec9c0-9293-4d2f-bf04-855a76e8dbe0
5128,51,e578a911-3cba-4dff-bf6c-d8b0502ec5a1,128ec9c0-9293-4d2f-bf04-855a76e8dbe0
5129,137,5f1b6a73-4ad2-4b6e-b114-51ea9f91991e,3387e5b6-d36d-4475-8b34-e918249b7474
5130,51,ed00fe55-c165-4e37-8341-bfc02b83abb5,128ec9c0-9293-4d2f-bf04-855a76e8dbe0
5131,51,8f5324e1-f6b3-478a-8265-2bd402eb10a0,128ec9c0-9293-4d2f-bf04-855a76e8dbe0
5131,55,8f5324e1-f6b3-478a-8265-2bd402eb10a0,270ebc71-de8e-476e-9eaf-4d3a9ac687da
5132,56,02193f28-c6b1-4b0c-bbda-e355e71cbd99,fe758c24-6a48-4f9c-8424-ea1956da1ac4
5133,109,21daeb7c-1f8c-4786-81b4-cfec33885222,564888a3-9c45-45fe-a75d-22f142fe28c1
5134,26,4710511a-23b5-44ba-825e-23e74eca03a1,5db38fdd-3b64-4392-9002-ce7512bf3ceb
5135,89,039e063d-f052-4a06-8bc5-340e579298e5,d66c728d-eb3c-4695-a4d2-3f77f8a5ca59
5136,113,93f9d29a-aafe-4875-a59d-821630553412,dd7f7eb4-8ef6-47a5-bf4f-dba9a54d4a3b
5136,142,93f9d29a-aafe-4875-a59d-821630553412,942de002-9a05-4cd5-b3d3-10a7b5c58de5
5137,27,603f3ed0-4346-4b91-939c-776cef6edb8e,4f571464-c0f6-460c-a1f2-fd307f5fe744
5138,137,78ff27fb-5ca4-4ca1-957c-7bc722ec6bd7,3387e5b6-d36d-4475-8b34-e918249b7474
5139,89,bf03cb66-529e-434b-8ce9-cbcdfccd3660,d66c728d-eb3c-4695-a4d2-3f77f8a5ca59
5140,51,c682b098-6726-4708-a68e-7615700aaf4e,128ec9c0-9293-4d2f-bf04-855a76e8dbe0
5141,51,c23538af-285a-46df-8257-67ad6e875e31,128ec9c0-9293-4d2f-bf04-855a76e8dbe0
5141,73,c23538af-285a-46df-8257-67ad6e875e31,450c6427-d40b-40ff-9c41-811ba47c6dc4
5142,73,aa4b95c3-0d10-4937-9699-390aa3b9e13f,450c6427-d40b-40ff-9c41-811ba47c6dc4
5143,109,2d3e7209-4de2-4569-8bfa-f2af47290326,564888a3-9c45-45fe-a75d-22f142fe28c1
5144,51,64a65f28-94f5-4f86-8db8-78c8a5d77f65,128ec9c0-9293-4d2f-bf04-855a76e8dbe0
5145,51,eb3f6d66-7ba2-4529-95b7-75ce1174d07d,128ec9c0-9293-4d2f-bf04-855a76e8dbe0
5146,40,7fa49a29-748d-4612-bd16-2aa0337afc13,4fa23b9d-0f0a-49a5-848f-591e23711c37
5147,94,c0b579e9-5672-4186-90d0-40b8326982f5,25006cc4-a12b-4570-918f-78a97dca46a3
5148,56,68e45d58-a83a-4f45-862d-83aec1b4a7db,fe758c24-6a48-4f9c-8424-ea1956da1ac4
5149,94,46790cb8-e376-4a6f-95cd-8d3faf753a30,25006cc4-a12b-4570-918f-78a97dca46a3
5150,56,27ca5aab-01a2-4af9-96c5-62494c0ee64c,fe758c24-6a48-4f9c-8424-ea1956da1ac4
5151,40,dfdfd736-f135-4721-91d4-2e7023c6f5ba,4fa23b9d-0f0a-49a5-848f-591e23711c37
5152,70,50bfd1e1-ad53-4e8b-a741-eef29c8c69a9,7a8c5e91-8e6c-4e32-95d3-f3eb2390280c
5153,106,e151e45b-0ad3-4f12-83b3-ed62968705cc,4ff7967b-ba33-4eb7-a6f1-43348acfd978
5154,35,9e99fe89-cb53-49d6-b3cb-bb0f1c54905b,4e44d169-1292-4d6e-b5b9-fddc14fbbcdc
5155,26,7a300662-3b60-49c0-8eb3-821d9e990634,5db38fdd-3b64-4392-9002-ce7512bf3ceb
5156,51,ae66c5d1-9908-4af8-b85c-3ee6300b8fd7,128ec9c0-9293-4d2f-bf04-855a76e8dbe0
5157,51,9b1901a6-04dc-475b-ab71-23d931a2f2d8,128ec9c0-9293-4d2f-bf04-855a76e8dbe0
5158,40,5b576356-6c25-4793-9797-5bd03d7574a8,4fa23b9d-0f0a-49a5-848f-591e23711c37
5159,51,068e05b6-907c-4b66-a226-7ecdc264ee13,128ec9c0-9293-4d2f-bf04-855a76e8dbe0
5160,51,7f1976b4-2c1b-4f11-9f07-b5d55be27164,128ec9c0-9293-4d2f-bf04-855a76e8dbe0
5161,51,a7d92a31-2c27-49a2-8e95-4727b51b328e,128ec9c0-9293-4d2f-bf04-855a76e8dbe0
5162,51,4d863311-140a-42de-bbe0-73a1d5b7591a,128ec9c0-9293-4d2f-bf04-855a76e8dbe0
5165,40,a0929630-839e-4779-a25c-be08b4a59a74,4fa23b9d-0f0a-49a5-848f-591e23711c37
5166,51,4d332ecd-62a8-402e-9bed-0be203bd91f6,128ec9c0-9293-4d2f-bf04-855a76e8dbe0
5167,56,91b7367d-6afc-46cd-a29a-6a13d809e863,fe758c24-6a48-4f9c-8424-ea1956da1ac4
5168,40,06807932-aff6-45b4-a397-5d8a134d3efd,4fa23b9d-0f0a-49a5-848f-591e23711c37
5169,89,1e0dbb74-5f87-4d9c-8e80-ea045c194070,d66c728d-eb3c-4695-a4d2-3f77f8a5ca59
5170,40,03e4b8b7-7012-47c0-8702-00a6727f2a07,4fa23b9d-0f0a-49a5-848f-591e23711c37
5171,51,310c2e9f-9f5e-47aa-8ea6-3e2f27f46370,128ec9c0-9293-4d2f-bf04-855a76e8dbe0
5173,40,c34c741e-dc41-4cd5-aed9-ddb6ee183b1c,4fa23b9d-0f0a-49a5-848f-591e23711c37
5174,51,d735a47b-efb8-4184-8672-2720f3977318,128ec9c0-9293-4d2f-bf04-855a76e8dbe0
5176,51,44b41274-bd8f-447b-9ce9-1ab31a7a29b6,128ec9c0-9293-4d2f-bf04-855a76e8dbe0
5177,51,34824ab4-2b2f-4cbe-a8f6-ea69da673b46,128ec9c0-9293-4d2f-bf04-855a76e8dbe0
5181,88,c8d0e7c5-d017-4c52-965a-a2e6d6812278,4a8f0ef7-dbdb-44d7-ad0c-53df3a82b320
5182,140,69a4a2dd-d4d7-4625-a79c-c05768b7c879,deabd6e3-9c2d-4a79-afef-942da4b9550d
5182,158,69a4a2dd-d4d7-4625-a79c-c05768b7c879,e01b1c0e-ca49-4e2f-9b2e-b10bf38e40cb
5183,26,87fcf5c2-95a1-4b62-a669-74eac563ad25,5db38fdd-3b64-4392-9002-ce7512bf3ceb
5184,40,70875957-17c0-4430-9511-63faa2f14b8c,4fa23b9d-0f0a-49a5-848f-591e23711c37
5185,56,d81bdd07-9037-472e-943f-5d4e7b9ae9aa,fe758c24-6a48-4f9c-8424-ea1956da1ac4
5186,40,0251daf1-ff2b-4f11-ac3e-a5f0d9705653,4fa23b9d-0f0a-49a5-848f-591e23711c37
5187,40,81293e78-5f61-4177-86d3-e801c1126063,4fa23b9d-0f0a-49a5-848f-591e23711c37
5188,28,42c97dfa-cb1e-4782-8b57-55420ebfe1b9,927df241-9b2c-4a41-bbe1-d6151a413b40
5188,51,42c97dfa-cb1e-4782-8b57-55420ebfe1b9,128ec9c0-9293-4d2f-bf04-855a76e8dbe0
5188,159,42c97dfa-cb1e-4782-8b57-55420ebfe1b9,e757cb26-1f23-471d-b95c-60bb3a10c473
5189,51,f7186949-bd5e-40ee-ae3b-14138bdb30f7,128ec9c0-9293-4d2f-bf04-855a76e8dbe0
5190,40,87c91195-5d6d-4f80-b7d0-8b5d7bfd9e74,4fa23b9d-0f0a-49a5-848f-591e23711c37
5191,118,c7b1f801-52b3-4ba9-83e6-17d240c30887,7d02c046-57b7-4b14-9813-eb12fc2350e0
5192,40,ca4609ea-1638-46fa-b7a9-d0c27b7fac3e,4fa23b9d-0f0a-49a5-848f-591e23711c37
5193,51,73eff2a5-8ec0-40dd-ab7a-4c203c2ce725,128ec9c0-9293-4d2f-bf04-855a76e8dbe0
5194,51,a18f44b3-626a-4a89-bac0-dfd77efb83e9,128ec9c0-9293-4d2f-bf04-855a76e8dbe0
5195,40,cfe4bdcc-0519-4ca7-91b0-cae84e727bc3,4fa23b9d-0f0a-49a5-848f-591e23711c37
5196,40,b406f910-4aad-48e0-ae55-893ec0e2e4ca,4fa23b9d-0f0a-49a5-848f-591e23711c37
5196,137,b406f910-4aad-48e0-ae55-893ec0e2e4ca,3387e5b6-d36d-4475-8b34-e918249b7474
5197,40,dd9496da-485c-4fbc-8cbf-263d9e3f2c37,4fa23b9d-0f0a-49a5-848f-591e23711c37
5198,35,5cd22c67-767f-4f9e-9017-e9b2c4f411b0,4e44d169-1292-4d6e-b5b9-fddc14fbbcdc
5198,137,5cd22c67-767f-4f9e-9017-e9b2c4f411b0,3387e5b6-d36d-4475-8b34-e918249b7474
5199,40,da69f9ca-9938-4616-947a-48a0043d1f1c,4fa23b9d-0f0a-49a5-848f-591e23711c37
5200,40,dd436f53-d912-4981-8502-2eb45dd92eac,4fa23b9d-0f0a-49a5-848f-591e23711c37
5201,40,56117a55-50c9-4d4c-b28f-54a6a175b3df,4fa23b9d-0f0a-49a5-848f-591e23711c37
5201,51,56117a55-50c9-4d4c-b28f-54a6a175b3df,128ec9c0-9293-4d2f-bf04-855a76e8dbe0
5202,40,4edb3fe3-47af-407d-ad8d-3169e1aba0fd,4fa23b9d-0f0a-49a5-848f-591e23711c37
5202,137,4edb3fe3-47af-407d-ad8d-3169e1aba0fd,3387e5b6-d36d-4475-8b34-e918249b7474
5203,40,9028c077-272b-4365-956d-6504cdf741e1,4fa23b9d-0f0a-49a5-848f-591e23711c37
5204,51,bd7923be-a306-436c-a037-6d652c5f23ba,128ec9c0-9293-4d2f-bf04-855a76e8dbe0
5205,40,b562429d-d4a1-4c6d-a393-df1df57427a8,4fa23b9d-0f0a-49a5-848f-591e23711c37
5206,51,60910af1-ffd0-44ec-ac4e-af41a2700c8e,128ec9c0-9293-4d2f-bf04-855a76e8dbe0
5206,56,60910af1-ffd0-44ec-ac4e-af41a2700c8e,fe758c24-6a48-4f9c-8424-ea1956da1ac4
5207,51,0019f0a5-1974-45b6-9819-698179466272,128ec9c0-9293-4d2f-bf04-855a76e8dbe0
5208,35,389f0097-ff53-4553-ba66-88a716195b3c,4e44d169-1292-4d6e-b5b9-fddc14fbbcdc
5208,51,389f0097-ff53-4553-ba66-88a716195b3c,128ec9c0-9293-4d2f-bf04-855a76e8dbe0
5209,51,863fefd2-be08-4c38-87c5-25001661b653,128ec9c0-9293-4d2f-bf04-855a76e8dbe0
5210,51,efe38e99-33d8-4779-8ffc-66bf7522867c,128ec9c0-9293-4d2f-bf04-855a76e8dbe0
5211,26,b6cc3ad5-0403-455f-a4ff-df3e4ddd829a,5db38fdd-3b64-4392-9002-ce7512bf3ceb
5212,51,8803d30c-a728-4f42-a142-46df51c8cba1,128ec9c0-9293-4d2f-bf04-855a76e8dbe0
5213,55,a87c64fc-ad24-4633-a2a1-919fc7a695cc,270ebc71-de8e-476e-9eaf-4d3a9ac687da
5214,68,f94f97c9-8397-417c-947d-de11c2af1712,9c91e337-de90-4248-93d0-9d1dd02cdfbd
5215,31,17e050d5-c4ed-4923-b042-6054650de9c2,d0225294-49b3-458d-893d-ecd576c7391f
5216,94,4c760118-95f2-4f69-927e-7f5442a4d252,25006cc4-a12b-4570-918f-78a97dca46a3
5217,31,27eec4db-7a85-476d-9804-28d77bac81f5,d0225294-49b3-458d-893d-ecd576c7391f
5218,94,04228117-a0e9-4312-839f-4d5aba5d94a7,25006cc4-a12b-4570-918f-78a97dca46a3
5219,94,d62678bc-212e-4146-af89-bad49aa7195b,25006cc4-a12b-4570-918f-78a97dca46a3
5220,94,eb476949-f69d-46e5-97ca-002d743d45ff,25006cc4-a12b-4570-918f-78a97dca46a3
5221,94,d00e6692-00bb-463f-91ae-91cee8264ca2,25006cc4-a12b-4570-918f-78a97dca46a3
5222,94,66a43ae2-2cb5-454b-aa98-57fc659bd29a,25006cc4-a12b-4570-918f-78a97dca46a3
5223,94,67108ab4-afbf-4c85-b787-855082d2fa88,25006cc4-a12b-4570-918f-78a97dca46a3
5224,94,ef28a785-1e41-4bc4-a78d-e8cd363a8f3f,25006cc4-a12b-4570-918f-78a97dca46a3
5225,94,9d6a9332-87c7-4a3a-bd15-4901567b605f,25006cc4-a12b-4570-918f-78a97dca46a3
5226,94,056b8f54-e670-4035-9421-17df84f6ff22,25006cc4-a12b-4570-918f-78a97dca46a3
5227,51,02c557e8-40f3-46a6-b969-c8dbb7c9c169,128ec9c0-9293-4d2f-bf04-855a76e8dbe0
5228,137,4c0007b4-c37c-4723-82a4-73699564c97b,3387e5b6-d36d-4475-8b34-e918249b7474
5229,94,de139708-3838-4eb3-8a17-41f065177966,25006cc4-a12b-4570-918f-78a97dca46a3
5230,35,4991aee3-3202-44d7-9dad-e3af5d33956e,4e44d169-1292-4d6e-b5b9-fddc14fbbcdc
5231,94,b3a52dd1-a7c7-4e27-9b96-4594314c3926,25006cc4-a12b-4570-918f-78a97dca46a3
5232,94,ad5b39bd-9384-4912-9c56-04c3bb0823dc,25006cc4-a12b-4570-918f-78a97dca46a3
5233,94,c51d8309-f8df-47ee-b558-d02b7f8aa645,25006cc4-a12b-4570-918f-78a97dca46a3
5234,94,6aeac9a7-f48c-4943-bf8d-8b149dbfbd19,25006cc4-a12b-4570-918f-78a97dca46a3
5235,126,900710f1-df9a-4071-a02a-cebc9343ae30,7a54cb57-4518-4ee3-b447-3ab0095a379f
5236,51,349b62d2-5921-48bd-b1b0-866362e8f5f8,128ec9c0-9293-4d2f-bf04-855a76e8dbe0
5236,93,349b62d2-5921-48bd-b1b0-866362e8f5f8,38962bb9-86b9-4d16-ad61-6436782a7783
5236,94,349b62d2-5921-48bd-b1b0-866362e8f5f8,25006cc4-a12b-4570-918f-78a97dca46a3
5237,93,ff554442-7259-48c0-b7b0-4a3e5f2f10ed,38962bb9-86b9-4d16-ad61-6436782a7783
5238,93,20f7918a-b865-49ee-b95f-7614fe20d397,38962bb9-86b9-4d16-ad61-6436782a7783
5239,93,56a05355-f01c-4cec-9b28-1bda9012e534,38962bb9-86b9-4d16-ad61-6436782a7783
5240,137,1d0f2356-f4a7-46b4-9c09-7eb42f48fc78,3387e5b6-d36d-4475-8b34-e918249b7474
5241,94,d9e24153-c90d-4373-8354-c767bfc31f27,25006cc4-a12b-4570-918f-78a97dca46a3
5242,87,9232d99a-64c3-4941-8d27-c127b58a3b65,af43285f-20bd-4d67-aaa9-063a6258046b
5243,51,8ebdcdae-50ca-4faf-b7f3-5d53933b8ef0,128ec9c0-9293-4d2f-bf04-855a76e8dbe0
5244,115,e57c0d59-b681-463e-9b11-ebb2002fc3d3,70f08629-bd0f-420c-95d9-6d0244c63fc2
5245,51,e04c146e-c047-46ab-a9ff-c1679d5531d5,128ec9c0-9293-4d2f-bf04-855a76e8dbe0
5246,51,988cc4ca-9aef-4d10-8857-1e3cd819f021,128ec9c0-9293-4d2f-bf04-855a76e8dbe0
5247,112,0c4234e7-fb9d-4a4d-b02b-8b07dbd793ef,68cb3e51-ebdc-4355-bbff-0a3453a371f1
5248,73,3955914a-e0c9-4138-a30a-23acfae53908,450c6427-d40b-40ff-9c41-811ba47c6dc4
5249,73,1ad9b72d-69c4-45b0-a84b-808cd71ad274,450c6427-d40b-40ff-9c41-811ba47c6dc4
5250,51,01281039-d15f-49df-a8ff-97b4954f1f13,128ec9c0-9293-4d2f-bf04-855a76e8dbe0
5251,123,9680f519-c0d1-46bb-bdaa-14678b2086d7,e282bd33-9620-400d-91e8-b974d12c0866
5252,89,08301f2d-999d-4b3e-84f5-a4db68305628,d66c728d-eb3c-4695-a4d2-3f77f8a5ca59
5253,140,368b52e6-d156-482e-8ae6-cf8a2cb9cb39,deabd6e3-9c2d-4a79-afef-942da4b9550d
5254,47,3ea2af79-a9ce-42aa-896b-c020aec3c1b6,2872938c-9c70-477b-83c3-3fe8ba4abc89
5255,51,e3b4488d-f91b-4bf5-aa56-c00f6e17c0d6,128ec9c0-9293-4d2f-bf04-855a76e8dbe0
5255,137,e3b4488d-f91b-4bf5-aa56-c00f6e17c0d6,3387e5b6-d36d-4475-8b34-e918249b7474
5256,51,bd0547c5-4f52-4df9-83bc-22bac60b5bb4,128ec9c0-9293-4d2f-bf04-855a76e8dbe0
5257,160,5aaefd79-76bd-417b-bd9f-ea7418881193,f1bb1f95-bc3c-444f-91a6-8d73b6722396
5258,94,5340a4fc-3983-4583-84d4-73e420a90c81,25006cc4-a12b-4570-918f-78a97dca46a3
5259,51,2db01f80-b655-4c67-8701-5c0e8fd6de7d,128ec9c0-9293-4d2f-bf04-855a76e8dbe0
5260,51,6a6b396c-8a20-4d57-a944-32a6ac9fdf52,128ec9c0-9293-4d2f-bf04-855a76e8dbe0
5261,94,b849e658-f286-4b4e-9fbf-c3d38bb17d29,25006cc4-a12b-4570-918f-78a97dca46a3
5262,23,0410ac34-b463-43f3-a1da-441f9edfd20d,b933ec53-1f11-4e21-a043-67a2419ee067
5263,23,2b241ea4-a316-4757-b59b-b509c0c1ac24,b933ec53-1f11-4e21-a043-67a2419ee067
5264,35,85a53379-7383-452e-ae71-251406a7b870,4e44d169-1292-4d6e-b5b9-fddc14fbbcdc
5264,40,85a53379-7383-452e-ae71-251406a7b870,4fa23b9d-0f0a-49a5-848f-591e23711c37
5264,51,85a53379-7383-452e-ae71-251406a7b870,128ec9c0-9293-4d2f-bf04-855a76e8dbe0
5264,89,85a53379-7383-452e-ae71-251406a7b870,d66c728d-eb3c-4695-a4d2-3f77f8a5ca59
5264,140,85a53379-7383-452e-ae71-251406a7b870,deabd6e3-9c2d-4a79-afef-942da4b9550d
5265,35,32b3beb8-8f1a-48ed-99fc-eda9f2cedeeb,4e44d169-1292-4d6e-b5b9-fddc14fbbcdc
5265,40,32b3beb8-8f1a-48ed-99fc-eda9f2cedeeb,4fa23b9d-0f0a-49a5-848f-591e23711c37
5265,51,32b3beb8-8f1a-48ed-99fc-eda9f2cedeeb,128ec9c0-9293-4d2f-bf04-855a76e8dbe0
5265,89,32b3beb8-8f1a-48ed-99fc-eda9f2cedeeb,d66c728d-eb3c-4695-a4d2-3f77f8a5ca59
5265,140,32b3beb8-8f1a-48ed-99fc-eda9f2cedeeb,deabd6e3-9c2d-4a79-afef-942da4b9550d
5266,35,8a7f89f1-71f0-44c0-adb3-c3bb22e9c320,4e44d169-1292-4d6e-b5b9-fddc14fbbcdc
5266,40,8a7f89f1-71f0-44c0-adb3-c3bb22e9c320,4fa23b9d-0f0a-49a5-848f-591e23711c37
5266,51,8a7f89f1-71f0-44c0-adb3-c3bb22e9c320,128ec9c0-9293-4d2f-bf04-855a76e8dbe0
5266,89,8a7f89f1-71f0-44c0-adb3-c3bb22e9c320,d66c728d-eb3c-4695-a4d2-3f77f8a5ca59
5266,140,8a7f89f1-71f0-44c0-adb3-c3bb22e9c320,deabd6e3-9c2d-4a79-afef-942da4b9550d
5267,47,0556bbbc-6a2b-4b00-90ca-6b74769830da,2872938c-9c70-477b-83c3-3fe8ba4abc89
5268,6,30a564fd-24c0-4663-870e-d9cbb5e16d5a,60d0dc9e-4acd-4836-9376-f0bc5ea2f635
5269,40,9bf4ddd2-6148-4f24-a1dc-e429d4983f3c,4fa23b9d-0f0a-49a5-848f-591e23711c37
5270,40,767a4f05-60f6-40af-98f7-4f1e19d2a4b1,4fa23b9d-0f0a-49a5-848f-591e23711c37
5271,35,ee0851fe-e5a9-4194-be2f-40ec27f6ca54,4e44d169-1292-4d6e-b5b9-fddc14fbbcdc
5272,94,7707e86c-6e78-4436-814a-288469c22ef5,25006cc4-a12b-4570-918f-78a97dca46a3
5273,94,d909e053-a45a-4f29-8084-5770a7620478,25006cc4-a12b-4570-918f-78a97dca46a3
5274,99,90104aea-9732-4d96-9417-ad91e6b957e4,501c6680-46c4-4dd9-8b93-998921a295d3
5275,73,735d845d-507b-4c7c-8dbe-d3d9c6f58a84,450c6427-d40b-40ff-9c41-811ba47c6dc4
5276,139,d7e94e3e-8771-47ed-9d24-af6646d0d3d1,2e5acb96-569b-439b-b810-4108d057b544
5277,23,c536e0f4-fcd6-4dda-9210-eaba9a0ae746,b933ec53-1f11-4e21-a043-67a2419ee067
5278,51,62a48349-f607-43c5-853d-6a7804301d4d,128ec9c0-9293-4d2f-bf04-855a76e8dbe0
5278,140,62a48349-f607-43c5-853d-6a7804301d4d,deabd6e3-9c2d-4a79-afef-942da4b9550d
5279,23,27762394-c073-4d70-a6ef-0363e1f82a72,b933ec53-1f11-4e21-a043-67a2419ee067
5279,139,27762394-c073-4d70-a6ef-0363e1f82a72,2e5acb96-569b-439b-b810-4108d057b544
5280,64,54be079e-b14c-429f-a2c9-c1627d8540c7,1e85dcaf-bd03-48dc-98bd-73e2e2779c7b
5281,51,dfe918a4-c199-451f-b05c-5d5c774bba56,128ec9c0-9293-4d2f-bf04-855a76e8dbe0
5281,64,dfe918a4-c199-451f-b05c-5d5c774bba56,1e85dcaf-bd03-48dc-98bd-73e2e2779c7b
5282,56,d46c7056-1759-4bca-8c7d-005647436125,fe758c24-6a48-4f9c-8424-ea1956da1ac4
5283,56,e3abb380-785a-4c37-b2a6-c8945618556d,fe758c24-6a48-4f9c-8424-ea1956da1ac4
5284,51,28a4cd73-25af-4de7-b349-938263ffa1a2,128ec9c0-9293-4d2f-bf04-855a76e8dbe0
5285,56,ee1fa593-c4c6-4591-a59f-d311edefcd5f,fe758c24-6a48-4f9c-8424-ea1956da1ac4
5286,56,17aeec17-4021-4b29-8824-8b14ee9e196e,fe758c24-6a48-4f9c-8424-ea1956da1ac4
5287,137,9b1e4bf7-189d-439c-b61b-26c7bf07a459,3387e5b6-d36d-4475-8b34-e918249b7474
5288,137,84320eb3-ee1d-4026-a2a1-fc5d37b1384e,3387e5b6-d36d-4475-8b34-e918249b7474
5289,137,cf26e422-e79f-4689-af41-e5b64eabf928,3387e5b6-d36d-4475-8b34-e918249b7474
5290,56,23521709-0f82-4943-afae-171341973507,fe758c24-6a48-4f9c-8424-ea1956da1ac4
5291,56,7124f808-40bc-438f-9ddb-d964837eb412,fe758c24-6a48-4f9c-8424-ea1956da1ac4
5292,56,b80e361d-f8ff-489b-9c87-75d706852d88,fe758c24-6a48-4f9c-8424-ea1956da1ac4
5292,140,b80e361d-f8ff-489b-9c87-75d706852d88,deabd6e3-9c2d-4a79-afef-942da4b9550d
5293,56,670989bc-ff96-43c0-afbb-f40559016821,fe758c24-6a48-4f9c-8424-ea1956da1ac4
5294,56,6ce96c85-d7ea-4e01-99c3-a53b3e5364f1,fe758c24-6a48-4f9c-8424-ea1956da1ac4
5295,140,d5f0cc1d-de5a-4084-a90d-4344e8583d0b,deabd6e3-9c2d-4a79-afef-942da4b9550d
5296,129,568ce719-b188-48ac-97a2-eb5fcaf6fc7d,45ed65c9-8447-4bc3-a522-f16ef2fa5618
5297,94,d4a238d2-10b8-4b4c-b690-c709a758b70b,25006cc4-a12b-4570-918f-78a97dca46a3
5298,51,06d248e3-8ae3-4cfe-9792-974e8f34b2fc,128ec9c0-9293-4d2f-bf04-855a76e8dbe0
5299,51,2c027ddd-8522-439c-b99a-f38979a4117a,128ec9c0-9293-4d2f-bf04-855a76e8dbe0
5300,94,98baed92-8460-4671-b7b4-803bb552465c,25006cc4-a12b-4570-918f-78a97dca46a3
5301,27,e057c1d7-7ac5-418d-91aa-76642690ed23,4f571464-c0f6-460c-a1f2-fd307f5fe744
5302,27,ad1f1e3b-975f-47c1-aa3b-87d58f453b92,4f571464-c0f6-460c-a1f2-fd307f5fe744
5303,40,7755bc87-51bb-4aeb-b676-06f03e41f86d,4fa23b9d-0f0a-49a5-848f-591e23711c37
5304,51,07dc0971-36e2-4650-8c52-65c71abb0ec7,128ec9c0-9293-4d2f-bf04-855a76e8dbe0
5305,137,38bbccc4-55a1-4b5b-82ea-33614bc6a82d,3387e5b6-d36d-4475-8b34-e918249b7474
5306,40,11819fe2-2ab9-4832-b5f2-010d85c7af6b,4fa23b9d-0f0a-49a5-848f-591e23711c37
5307,139,1f027d88-99f2-45c0-b5a8-b6a2df7a4093,2e5acb96-569b-439b-b810-4108d057b544
5308,51,a75a3ce4-c0d0-41d2-a8bc-37d59a894523,128ec9c0-9293-4d2f-bf04-855a76e8dbe0
5309,51,ea3d442e-c3cd-4a86-8d85-08439e189af0,128ec9c0-9293-4d2f-bf04-855a76e8dbe0
5310,23,245ad9a9-1d86-4c2d-9d12-1cc7234d6123,b933ec53-1f11-4e21-a043-67a2419ee067
5310,140,245ad9a9-1d86-4c2d-9d12-1cc7234d6123,deabd6e3-9c2d-4a79-afef-942da4b9550d
5311,56,fc46f85b-5a21-4275-8204-2ced748d6005,fe758c24-6a48-4f9c-8424-ea1956da1ac4
5312,51,dd342e63-cc09-45a3-8936-4748625f62b1,128ec9c0-9293-4d2f-bf04-855a76e8dbe0
5313,35,19248efc-e40d-42a2-82f0-b93eeb2f583c,4e44d169-1292-4d6e-b5b9-fddc14fbbcdc
5314,51,b816be94-6fe4-4c9a-b2b9-ae4356d0e8c0,128ec9c0-9293-4d2f-bf04-855a76e8dbe0
5315,123,fd590506-e8e3-4f23-9a8e-5b4b987cf2a7,e282bd33-9620-400d-91e8-b974d12c0866
5316,51,bf340618-bc9a-441c-b7d7-7cb4e7a4f22f,128ec9c0-9293-4d2f-bf04-855a76e8dbe0
5317,51,4361effe-37f3-4909-9bd4-459ab48ff550,128ec9c0-9293-4d2f-bf04-855a76e8dbe0
5318,51,17e2c103-ecff-4482-aa31-cb2ffbcc3b11,128ec9c0-9293-4d2f-bf04-855a76e8dbe0
5319,51,2d74adda-3baf-4298-967b-1416409f9b03,128ec9c0-9293-4d2f-bf04-855a76e8dbe0
5320,51,325b23dd-5b91-483a-8a62-7a45c2b570b3,128ec9c0-9293-4d2f-bf04-855a76e8dbe0
5321,51,8e6ec91e-4411-4197-8a49-9e8754d4b943,128ec9c0-9293-4d2f-bf04-855a76e8dbe0
5322,51,7996472b-326c-460d-908a-e0dad3d0bf8a,128ec9c0-9293-4d2f-bf04-855a76e8dbe0
5323,51,18779e34-e041-4406-9a27-982a76e73a9a,128ec9c0-9293-4d2f-bf04-855a76e8dbe0
5324,51,2e2c37fc-146d-4537-9a70-71bb2f28cb9a,128ec9c0-9293-4d2f-bf04-855a76e8dbe0
5325,51,799c19ec-873e-4c8c-9af0-26e134d2badf,128ec9c0-9293-4d2f-bf04-855a76e8dbe0
5326,51,dbeb76c4-1cc6-4f32-a9dc-7666fa9e6866,128ec9c0-9293-4d2f-bf04-855a76e8dbe0
5327,51,6483e227-2798-4de9-99c5-d0cd5e133e8a,128ec9c0-9293-4d2f-bf04-855a76e8dbe0
5328,51,3466c0d8-8917-45df-bc07-1614b37442ac,128ec9c0-9293-4d2f-bf04-855a76e8dbe0
5329,51,6c15920d-97df-43f1-bd07-d32db16bc285,128ec9c0-9293-4d2f-bf04-855a76e8dbe0
5330,51,2aa49f97-7cb5-4353-bc23-a81cc011054e,128ec9c0-9293-4d2f-bf04-855a76e8dbe0
5331,51,753b555a-0287-4b48-9972-523671ff82ac,128ec9c0-9293-4d2f-bf04-855a76e8dbe0
5332,51,59c52c9f-034e-427f-8b75-9d0083cab502,128ec9c0-9293-4d2f-bf04-855a76e8dbe0
5333,51,9af7e6a5-9984-418e-b0ce-a4fb26fd6202,128ec9c0-9293-4d2f-bf04-855a76e8dbe0
5334,51,7e9c375e-211c-4254-a5d6-fa22aa16b97e,128ec9c0-9293-4d2f-bf04-855a76e8dbe0
5335,51,1bd2af49-19f4-4167-b92b-5c49a22c9111,128ec9c0-9293-4d2f-bf04-855a76e8dbe0
5336,51,f415c78a-bc96-4a87-87c9-0872439cc101,128ec9c0-9293-4d2f-bf04-855a76e8dbe0
5337,51,31011bb2-9e22-4fe9-9e19-722cdf6df67a,128ec9c0-9293-4d2f-bf04-855a76e8dbe0
5338,51,ccf2a310-d778-482b-9c6c-9c663ea0d77e,128ec9c0-9293-4d2f-bf04-855a76e8dbe0
5339,51,770f3599-6dd7-4522-ae8e-08d2ac733a6f,128ec9c0-9293-4d2f-bf04-855a76e8dbe0
5340,51,2ca82fd8-046b-44ab-b939-401e6b626a39,128ec9c0-9293-4d2f-bf04-855a76e8dbe0
5341,51,2af503b3-ae39-4813-9530-44fc0534eab0,128ec9c0-9293-4d2f-bf04-855a76e8dbe0
5342,51,36cc3f0f-df18-42a6-95bf-d480dcab1bfd,128ec9c0-9293-4d2f-bf04-855a76e8dbe0
5344,51,f85c1944-6eb3-4a9d-8538-27b6c0b5748d,128ec9c0-9293-4d2f-bf04-855a76e8dbe0
5345,51,cdf5f702-1646-4f61-a343-af8d0565635b,128ec9c0-9293-4d2f-bf04-855a76e8dbe0
5346,70,7b320907-16da-485e-a991-6ba94689dec5,7a8c5e91-8e6c-4e32-95d3-f3eb2390280c
5346,94,7b320907-16da-485e-a991-6ba94689dec5,25006cc4-a12b-4570-918f-78a97dca46a3
5347,70,e01fe747-245d-44ec-b1ab-e298eeb99279,7a8c5e91-8e6c-4e32-95d3-f3eb2390280c
5348,93,b35cd435-b715-4e5b-b54e-1c053f5d57da,38962bb9-86b9-4d16-ad61-6436782a7783
5349,56,eeba094f-548b-4a9c-9a18-403e23453133,fe758c24-6a48-4f9c-8424-ea1956da1ac4
5350,56,2a0ef2e8-e252-4d50-8f7d-7bb8ef9789a4,fe758c24-6a48-4f9c-8424-ea1956da1ac4
5351,51,425e6402-4da4-4abc-8721-e397cdf93237,128ec9c0-9293-4d2f-bf04-855a76e8dbe0
5352,94,dbf61d64-f710-4256-84f0-169e3dbf578a,25006cc4-a12b-4570-918f-78a97dca46a3
5353,51,fba45990-d9c8-4979-84ce-e8a7e541abb5,128ec9c0-9293-4d2f-bf04-855a76e8dbe0
5353,94,fba45990-d9c8-4979-84ce-e8a7e541abb5,25006cc4-a12b-4570-918f-78a97dca46a3
5353,139,fba45990-d9c8-4979-84ce-e8a7e541abb5,2e5acb96-569b-439b-b810-4108d057b544
5353,140,fba45990-d9c8-4979-84ce-e8a7e541abb5,deabd6e3-9c2d-4a79-afef-942da4b9550d
5354,40,6ed9a075-2310-4f8f-913f-237e24d6919d,4fa23b9d-0f0a-49a5-848f-591e23711c37
5354,51,6ed9a075-2310-4f8f-913f-237e24d6919d,128ec9c0-9293-4d2f-bf04-855a76e8dbe0
5355,26,7f9e9227-d95f-45b4-8806-c90cccfd577d,5db38fdd-3b64-4392-9002-ce7512bf3ceb
5356,51,b7ef411c-2c34-46ee-af6c-ceea11343041,128ec9c0-9293-4d2f-bf04-855a76e8dbe0
5356,112,b7ef411c-2c34-46ee-af6c-ceea11343041,68cb3e51-ebdc-4355-bbff-0a3453a371f1
5357,26,7b0e5ca2-7530-4c51-b288-daa31365cfb8,5db38fdd-3b64-4392-9002-ce7512bf3ceb
5357,40,7b0e5ca2-7530-4c51-b288-daa31365cfb8,4fa23b9d-0f0a-49a5-848f-591e23711c37
5358,56,6245f3c5-1787-4b84-abf7-fecfe3d0f63a,fe758c24-6a48-4f9c-8424-ea1956da1ac4
5359,140,d5a7a844-3068-4d6d-9773-3a92d3b1fd9f,deabd6e3-9c2d-4a79-afef-942da4b9550d
5360,140,1ac869d8-7fb7-495e-8c18-4ec745c796ec,deabd6e3-9c2d-4a79-afef-942da4b9550d
5361,51,86c91a65-21c8-41d3-860b-d7c3b699ee91,128ec9c0-9293-4d2f-bf04-855a76e8dbe0
5362,140,0ca445c3-b961-49a4-b2fb-92def3195799,deabd6e3-9c2d-4a79-afef-942da4b9550d
5363,139,f4ad948b-c6d2-421e-a293-0180c6dedcf6,2e5acb96-569b-439b-b810-4108d057b544
5364,51,1e7edf7b-808d-4631-83a7-0291c31413bf,128ec9c0-9293-4d2f-bf04-855a76e8dbe0
5364,109,1e7edf7b-808d-4631-83a7-0291c31413bf,564888a3-9c45-45fe-a75d-22f142fe28c1
5365,6,d4699fe7-ca3c-4b81-972c-77d9427c809d,60d0dc9e-4acd-4836-9376-f0bc5ea2f635
5366,40,ca72b68d-7ee6-485d-87a7-d5f1c74acb14,4fa23b9d-0f0a-49a5-848f-591e23711c37
5367,51,c733e1ce-c740-4601-933b-fe9e3fb13b35,128ec9c0-9293-4d2f-bf04-855a76e8dbe0
5368,6,7c31469a-f93a-457f-a251-9b763b1e9cfe,60d0dc9e-4acd-4836-9376-f0bc5ea2f635
5369,123,bc210cf7-efd6-41f7-88d9-d0bea17d44e7,e282bd33-9620-400d-91e8-b974d12c0866
5370,55,25c98ef8-d6dc-4817-bb49-4f642eae6bb4,270ebc71-de8e-476e-9eaf-4d3a9ac687da
5371,137,1e1276bd-fde8-496b-acd2-d72ff834e793,3387e5b6-d36d-4475-8b34-e918249b7474
5372,51,1576f5a6-8529-4cfe-ab12-e1a85de44fc9,128ec9c0-9293-4d2f-bf04-855a76e8dbe0
5373,51,1813957e-318d-483c-8f53-e79494f60734,128ec9c0-9293-4d2f-bf04-855a76e8dbe0
5374,47,4e2449a2-4d7d-4fca-a506-22e4b72b89ce,2872938c-9c70-477b-83c3-3fe8ba4abc89
5376,51,a8cf731f-1acb-433b-b82a-854551714514,128ec9c0-9293-4d2f-bf04-855a76e8dbe0
5377,51,642c3c73-9a17-4d64-ab9f-069eb1278e28,128ec9c0-9293-4d2f-bf04-855a76e8dbe0
5378,51,3a5d0409-f258-4c5c-ae22-100c7c6c90d1,128ec9c0-9293-4d2f-bf04-855a76e8dbe0
5379,51,7c71cecf-7e9b-4e18-b3ca-d6e7a6f0c8d6,128ec9c0-9293-4d2f-bf04-855a76e8dbe0
5380,51,b963d2ae-c54d-4ba2-90e0-574362a982fe,128ec9c0-9293-4d2f-bf04-855a76e8dbe0
5381,51,0361f94c-3151-4bde-936b-2b063d58ab7b,128ec9c0-9293-4d2f-bf04-855a76e8dbe0
5382,51,c585c7b7-035a-4ed3-91bc-55b54a69bdd2,128ec9c0-9293-4d2f-bf04-855a76e8dbe0
5383,51,0987e38e-e636-437f-ae18-113fd20801f6,128ec9c0-9293-4d2f-bf04-855a76e8dbe0
5384,26,d258ebff-6c83-42be-a613-079de91d1e86,5db38fdd-3b64-4392-9002-ce7512bf3ceb
5385,26,490bdad0-6be4-407e-a970-0fe103990706,5db38fdd-3b64-4392-9002-ce7512bf3ceb
5386,93,cf09c127-8396-4ee5-a358-6d53fa811058,38962bb9-86b9-4d16-ad61-6436782a7783
5387,55,8d8e8feb-526e-4e47-a0e8-ff22b96d798f,270ebc71-de8e-476e-9eaf-4d3a9ac687da
5388,51,4bbe20b9-1c5d-4537-833f-1a1fb3c6d76b,128ec9c0-9293-4d2f-bf04-855a76e8dbe0
5389,51,85599478-70c0-430a-a408-c2e9dea5424d,128ec9c0-9293-4d2f-bf04-855a76e8dbe0
5390,51,f77909df-80b7-4ea4-bde3-25183b574bf9,128ec9c0-9293-4d2f-bf04-855a76e8dbe0
5391,51,d4eafdb9-3351-4895-aa3c-ff332b6f9e5a,128ec9c0-9293-4d2f-bf04-855a76e8dbe0
5392,137,82da52e5-65c6-4020-bfcd-7a1a64e82556,3387e5b6-d36d-4475-8b34-e918249b7474
5393,40,44e734d1-e66d-4cce-9c20-b30dea2d9e50,4fa23b9d-0f0a-49a5-848f-591e23711c37
5394,6,077b7bb1-77c4-40ca-8518-78831a4ede60,60d0dc9e-4acd-4836-9376-f0bc5ea2f635
5395,55,055a5439-331e-45a3-9cbf-2e45ee840ffe,270ebc71-de8e-476e-9eaf-4d3a9ac687da
5396,51,b2ff6232-f5e5-4f49-b232-b22a4b975840,128ec9c0-9293-4d2f-bf04-855a76e8dbe0
5397,51,de844070-ab52-4946-afd7-cc76383a4a7d,128ec9c0-9293-4d2f-bf04-855a76e8dbe0
5398,51,c104e578-04b6-43b1-89cb-bb236028c4a9,128ec9c0-9293-4d2f-bf04-855a76e8dbe0
5399,35,b5a8eaae-5859-44d6-aa2b-6f549bcf3c07,4e44d169-1292-4d6e-b5b9-fddc14fbbcdc
5400,55,e2b85a0e-5c36-4cc3-9e12-2dfb47a28798,270ebc71-de8e-476e-9eaf-4d3a9ac687da
5401,55,b935c859-e509-4718-8dba-7fbc5eb7517b,270ebc71-de8e-476e-9eaf-4d3a9ac687da
5402,51,32c5c96a-d83b-4d69-8c2e-17087583d51c,128ec9c0-9293-4d2f-bf04-855a76e8dbe0
5403,51,be155bf7-a654-427f-b233-9efecd977303,128ec9c0-9293-4d2f-bf04-855a76e8dbe0
5404,89,c6309912-578e-4d01-bbde-d29c5817aad2,d66c728d-eb3c-4695-a4d2-3f77f8a5ca59
5406,109,4010c547-d2df-4524-8b27-f0695c089a7f,564888a3-9c45-45fe-a75d-22f142fe28c1
5407,109,3084f3d4-c780-4050-b9f5-42eb6df4ead3,564888a3-9c45-45fe-a75d-22f142fe28c1
5409,94,bc254668-8d95-4374-9854-9298ac5c34ca,25006cc4-a12b-4570-918f-78a97dca46a3
5410,55,48f1b7e4-da54-4e92-aed0-27c761d45fe9,270ebc71-de8e-476e-9eaf-4d3a9ac687da
5411,51,4daf399c-a3cc-49b8-af2e-42fc52fe7715,128ec9c0-9293-4d2f-bf04-855a76e8dbe0
5412,51,6b11378d-304c-4e48-8111-b5fd5d423444,128ec9c0-9293-4d2f-bf04-855a76e8dbe0
5413,51,a358d053-e03b-4621-bc08-3aa084569439,128ec9c0-9293-4d2f-bf04-855a76e8dbe0
5414,51,fe538731-3a06-4bc1-94ba-8dfdcdb6e7bf,128ec9c0-9293-4d2f-bf04-855a76e8dbe0
5415,51,b8791e86-64c3-4c66-ac35-1e916983f331,128ec9c0-9293-4d2f-bf04-855a76e8dbe0
5416,51,1114a526-5b04-4e5d-b6cb-91caf467f3f3,128ec9c0-9293-4d2f-bf04-855a76e8dbe0
5417,35,02c534aa-f5eb-4df2-8f82-8cb89133ce91,4e44d169-1292-4d6e-b5b9-fddc14fbbcdc
5417,41,02c534aa-f5eb-4df2-8f82-8cb89133ce91,45040cf8-bcce-4383-acc5-eacf98b8efa7
5417,51,02c534aa-f5eb-4df2-8f82-8cb89133ce91,128ec9c0-9293-4d2f-bf04-855a76e8dbe0
5417,109,02c534aa-f5eb-4df2-8f82-8cb89133ce91,564888a3-9c45-45fe-a75d-22f142fe28c1
5418,51,544404b3-73fe-4d7c-a75b-33fa07cd9eac,128ec9c0-9293-4d2f-bf04-855a76e8dbe0
5419,51,2f2a328b-2657-4e8e-a727-7e6b35edec08,128ec9c0-9293-4d2f-bf04-855a76e8dbe0
5419,140,2f2a328b-2657-4e8e-a727-7e6b35edec08,deabd6e3-9c2d-4a79-afef-942da4b9550d
5420,13,4ae42421-1782-49b4-97b8-6b3ecc3424a4,a263e7c4-1347-484f-8344-72141530517c
5421,56,0a7c2a79-f18f-4d04-a6d2-94e6b30a839f,fe758c24-6a48-4f9c-8424-ea1956da1ac4
5422,51,3f853914-f867-4128-858c-73a41a844c02,128ec9c0-9293-4d2f-bf04-855a76e8dbe0
5423,51,e02e9126-6190-4ffd-b4c3-936eeb7e0e0f,128ec9c0-9293-4d2f-bf04-855a76e8dbe0
5424,40,86457ab4-d782-4176-a123-82d4a8923647,4fa23b9d-0f0a-49a5-848f-591e23711c37
5425,40,84a18e0f-acf0-4ba7-8ee0-ac975dde7dbc,4fa23b9d-0f0a-49a5-848f-591e23711c37
5426,27,2fab3284-bf26-4f26-8365-4b69fb7ba913,4f571464-c0f6-460c-a1f2-fd307f5fe744
5427,26,59bd7959-90e0-49ce-a192-bdf8030e9229,5db38fdd-3b64-4392-9002-ce7512bf3ceb
5428,51,15640469-911c-414d-ab14-7801a20fa4ec,128ec9c0-9293-4d2f-bf04-855a76e8dbe0
5429,23,57c2a495-c791-45ba-bcc1-db64464fb70e,b933ec53-1f11-4e21-a043-67a2419ee067
5430,51,c5862f0a-eea0-47bf-bfa0-c3af6940f52b,128ec9c0-9293-4d2f-bf04-855a76e8dbe0
5431,51,15fe61dc-dc3b-4920-814d-cc257cb5a936,128ec9c0-9293-4d2f-bf04-855a76e8dbe0
5432,51,f4b8ec56-640e-49e8-8626-5c8c210cca7d,128ec9c0-9293-4d2f-bf04-855a76e8dbe0
5433,51,57b28d90-5239-41ab-bee8-26b8454fc0ec,128ec9c0-9293-4d2f-bf04-855a76e8dbe0
5434,51,aa8d257f-49bc-4c64-bda2-e50a14ce25c5,128ec9c0-9293-4d2f-bf04-855a76e8dbe0
5435,51,5ca44e0c-be8d-48a6-a7f7-644f38901fb7,128ec9c0-9293-4d2f-bf04-855a76e8dbe0
5436,74,ab658aa7-1187-4606-bb0d-936929847886,c0109eca-a809-467b-bfd2-3bea6f3a89f1
5437,51,d1fad768-37dc-4049-940b-c5153adea02d,128ec9c0-9293-4d2f-bf04-855a76e8dbe0
5438,109,d8795839-b771-44f0-89c2-d125d7c33168,564888a3-9c45-45fe-a75d-22f142fe28c1
5439,137,17a92c9b-3d6b-453b-9383-fa4efc33343f,3387e5b6-d36d-4475-8b34-e918249b7474
5440,40,cb8ef100-082e-436e-bba5-a507c48e40f8,4fa23b9d-0f0a-49a5-848f-591e23711c37
5441,137,dd1a2116-f4b7-4cc9-ac4d-ad285cadd246,3387e5b6-d36d-4475-8b34-e918249b7474
5442,137,1a492a18-c190-437a-9d59-cfe2084d90e8,3387e5b6-d36d-4475-8b34-e918249b7474
5444,35,034e72e2-a271-4735-85ec-44bcad378066,4e44d169-1292-4d6e-b5b9-fddc14fbbcdc
5444,137,034e72e2-a271-4735-85ec-44bcad378066,3387e5b6-d36d-4475-8b34-e918249b7474
5445,51,55b5b781-5b52-479f-9cc3-b91815b826f0,128ec9c0-9293-4d2f-bf04-855a76e8dbe0
5446,51,9502ec41-7a40-4b98-a1fe-824d8e3898f1,128ec9c0-9293-4d2f-bf04-855a76e8dbe0
5447,51,d5bf7d9b-e1a3-412d-b49f-ceae9fb51e4e,128ec9c0-9293-4d2f-bf04-855a76e8dbe0
5448,35,1ac3b63a-3222-422e-9505-4d2354c56dc7,4e44d169-1292-4d6e-b5b9-fddc14fbbcdc
5448,51,1ac3b63a-3222-422e-9505-4d2354c56dc7,128ec9c0-9293-4d2f-bf04-855a76e8dbe0
5448,89,1ac3b63a-3222-422e-9505-4d2354c56dc7,d66c728d-eb3c-4695-a4d2-3f77f8a5ca59
5449,51,5ccf0fb2-0a3f-4bae-9593-4f660f16297e,128ec9c0-9293-4d2f-bf04-855a76e8dbe0
5450,47,13911957-73cd-4cb6-a204-3eaf99606170,2872938c-9c70-477b-83c3-3fe8ba4abc89
5451,27,abb0b806-2880-466e-b632-9dbb962c8049,4f571464-c0f6-460c-a1f2-fd307f5fe744
5452,51,b079224c-b1ee-41a0-a05b-aa78c49edb15,128ec9c0-9293-4d2f-bf04-855a76e8dbe0
5453,51,34949161-b42e-4873-a05e-0221304f78f8,128ec9c0-9293-4d2f-bf04-855a76e8dbe0
5454,55,cf26469c-7a7c-43ef-9d96-a26f13966d60,270ebc71-de8e-476e-9eaf-4d3a9ac687da
5455,51,69cf169a-62ee-4c4f-9223-ed294e776a24,128ec9c0-9293-4d2f-bf04-855a76e8dbe0
5456,35,185037a3-799f-4f38-99cd-5657af9820dc,4e44d169-1292-4d6e-b5b9-fddc14fbbcdc
5457,51,58039976-e217-417b-8335-e5f9f0451bb8,128ec9c0-9293-4d2f-bf04-855a76e8dbe0
5458,40,40b44028-37e6-479c-aa4f-aa68b1c0409a,4fa23b9d-0f0a-49a5-848f-591e23711c37
5459,55,53e10aa7-540f-4f09-8aa5-01c0f8275c50,270ebc71-de8e-476e-9eaf-4d3a9ac687da
5460,51,60b009c7-3e68-4889-948a-a12ccd4e00cb,128ec9c0-9293-4d2f-bf04-855a76e8dbe0
5461,140,ee2e068f-26b9-4f88-8099-066702021e19,deabd6e3-9c2d-4a79-afef-942da4b9550d
5462,140,74330fe2-977e-4589-86ea-0f254355ab6c,deabd6e3-9c2d-4a79-afef-942da4b9550d
5463,140,29dc48c2-534e-4f27-8891-221cf4fbd02b,deabd6e3-9c2d-4a79-afef-942da4b9550d
5465,87,7d9e7523-0a52-468e-80da-1c33e53ca52c,af43285f-20bd-4d67-aaa9-063a6258046b
5466,94,7354329b-861b-4ab4-adcb-62b5e8a3ad1c,25006cc4-a12b-4570-918f-78a97dca46a3
5467,51,5c60bb62-4b44-4d2d-b459-c41289a46eb7,128ec9c0-9293-4d2f-bf04-855a76e8dbe0
5468,51,119ad703-bff9-4471-8065-c190c4bc4ee2,128ec9c0-9293-4d2f-bf04-855a76e8dbe0
5469,35,87799a73-1545-4b3c-a133-8c1d64b8c33b,4e44d169-1292-4d6e-b5b9-fddc14fbbcdc
5470,74,993ce452-11b3-4e5a-9b96-ad071f7d9724,c0109eca-a809-467b-bfd2-3bea6f3a89f1
5471,137,5d68caf9-e35d-483f-8819-e7cb4f981887,3387e5b6-d36d-4475-8b34-e918249b7474
5472,137,baea5fcf-6659-4070-855c-ae77059e3543,3387e5b6-d36d-4475-8b34-e918249b7474
5473,94,6850a43a-2d82-470d-9784-5d5e3d85db7c,25006cc4-a12b-4570-918f-78a97dca46a3
5474,51,85d46ee0-84e6-4d9a-80b0-35c10a69b799,128ec9c0-9293-4d2f-bf04-855a76e8dbe0
5476,13,dac17c89-45b9-4ecf-b5ed-d377ca87a0e3,a263e7c4-1347-484f-8344-72141530517c
5477,137,fc5ddd02-2375-4f96-998d-0d1cbefc5043,3387e5b6-d36d-4475-8b34-e918249b7474
5478,99,c279ae76-34e7-428a-99ad-4958b9aec851,501c6680-46c4-4dd9-8b93-998921a295d3
5479,50,50686523-3e42-400f-b842-1ba17775b93c,90c27777-4623-4460-9aa3-f57839e1a2ed
5480,47,b6ea3fb9-2bb7-447d-bb14-90c15e79e0eb,2872938c-9c70-477b-83c3-3fe8ba4abc89
5480,90,b6ea3fb9-2bb7-447d-bb14-90c15e79e0eb,15063be2-23ca-4b30-ac32-dce9586f186b
5481,47,4c5c9798-1b1e-4127-9ecb-575eb134665c,2872938c-9c70-477b-83c3-3fe8ba4abc89
5482,55,e15297b1-a693-4243-9fd4-ad28bf27fe9d,270ebc71-de8e-476e-9eaf-4d3a9ac687da
5483,13,acdaacba-2611-4212-a2a1-ae14542e430b,a263e7c4-1347-484f-8344-72141530517c
5484,47,6fc71acd-940c-48cb-8d65-4f8460820fa1,2872938c-9c70-477b-83c3-3fe8ba4abc89
5485,51,8c58e521-9f0d-45c4-933f-5e4dc2300989,128ec9c0-9293-4d2f-bf04-855a76e8dbe0
5486,55,1b26e9af-39a0-4ec3-b14f-895ede393a33,270ebc71-de8e-476e-9eaf-4d3a9ac687da
5487,115,5fc20327-ea1b-48ac-a966-ffa78404a368,70f08629-bd0f-420c-95d9-6d0244c63fc2
5488,109,052c1c34-cae5-49c7-a8bd-9902f6c9af60,564888a3-9c45-45fe-a75d-22f142fe28c1
5489,55,d5ab7cac-2547-4f66-9bcc-eda52e844e9e,270ebc71-de8e-476e-9eaf-4d3a9ac687da
5491,47,e3b67a97-54b0-4778-bfdd-e30466ac3571,2872938c-9c70-477b-83c3-3fe8ba4abc89
5492,127,ebada0a5-fc95-4463-8f2b-083410b71d86,a2ed7333-36c9-4d28-91d4-73b47b4e60fe
5493,55,a0cc460e-fa87-487d-8b2f-8516d1c44101,270ebc71-de8e-476e-9eaf-4d3a9ac687da
5494,123,8b44ec2d-5f3b-4171-a104-af8804173698,e282bd33-9620-400d-91e8-b974d12c0866
5495,47,26390fc8-49ce-4e81-8f64-8ca2bdb647ad,2872938c-9c70-477b-83c3-3fe8ba4abc89
5496,90,c2c035f4-ad92-4ab5-b88a-1c5b57e8d666,15063be2-23ca-4b30-ac32-dce9586f186b
5497,140,416933cc-d122-480e-a629-6b12c3abb2ed,deabd6e3-9c2d-4a79-afef-942da4b9550d
5498,145,d99af8ac-00db-4791-80a0-b7c20a29389a,297d4d32-8572-402a-b355-667664ddfb76
5499,47,8f84f357-a416-4e0a-a08c-acb3f72f0352,2872938c-9c70-477b-83c3-3fe8ba4abc89
5500,115,e15997d0-7a53-4d1e-909d-09a5b61a9447,70f08629-bd0f-420c-95d9-6d0244c63fc2
5501,137,47017fa9-d8a6-4081-b9be-126595e96727,3387e5b6-d36d-4475-8b34-e918249b7474
5502,137,31a7d85f-cebd-4f6d-bcbb-b3dd3d0dfd3d,3387e5b6-d36d-4475-8b34-e918249b7474
5503,140,d5c044e1-a16a-45ae-97e9-be89c6909eba,deabd6e3-9c2d-4a79-afef-942da4b9550d
5504,23,1eca7d71-60a6-4c7f-9e5f-67cf2dd86acd,b933ec53-1f11-4e21-a043-67a2419ee067
5504,140,1eca7d71-60a6-4c7f-9e5f-67cf2dd86acd,deabd6e3-9c2d-4a79-afef-942da4b9550d
5505,51,1be138c3-b3b9-412d-b6bf-48740f0a0531,128ec9c0-9293-4d2f-bf04-855a76e8dbe0
5506,51,9bb2b0e9-7867-4f1e-99a7-2da2aeabf275,128ec9c0-9293-4d2f-bf04-855a76e8dbe0
5507,51,d04e5381-f24c-459e-a776-631e9aa33eef,128ec9c0-9293-4d2f-bf04-855a76e8dbe0
5508,51,a68b93bd-4656-4d28-af50-6d2694aa7ac6,128ec9c0-9293-4d2f-bf04-855a76e8dbe0
5509,137,5b8b0db6-1402-44e4-8f27-0b368d5ad595,3387e5b6-d36d-4475-8b34-e918249b7474
5510,137,79a4dac3-fe01-430c-97de-a7f051a622b1,3387e5b6-d36d-4475-8b34-e918249b7474
5511,51,401eef4e-0699-4c55-a3ce-cefa298edcd1,128ec9c0-9293-4d2f-bf04-855a76e8dbe0
5512,47,a2eef453-38c0-40d6-867c-d0afc89ae27d,2872938c-9c70-477b-83c3-3fe8ba4abc89
5513,6,294d48d9-abc2-45cd-be64-be599d2b7428,60d0dc9e-4acd-4836-9376-f0bc5ea2f635
5514,6,3e9a8ba7-f116-4567-8632-895f4d29c8b1,60d0dc9e-4acd-4836-9376-f0bc5ea2f635
5515,6,c5a0759a-c1f5-48f3-af35-60f5d0a6e66e,60d0dc9e-4acd-4836-9376-f0bc5ea2f635
5515,10,c5a0759a-c1f5-48f3-af35-60f5d0a6e66e,6b085981-1ae4-4ffc-a50d-d1fe0eb4737c
5515,35,c5a0759a-c1f5-48f3-af35-60f5d0a6e66e,4e44d169-1292-4d6e-b5b9-fddc14fbbcdc
5515,51,c5a0759a-c1f5-48f3-af35-60f5d0a6e66e,128ec9c0-9293-4d2f-bf04-855a76e8dbe0
5515,56,c5a0759a-c1f5-48f3-af35-60f5d0a6e66e,fe758c24-6a48-4f9c-8424-ea1956da1ac4
5515,94,c5a0759a-c1f5-48f3-af35-60f5d0a6e66e,25006cc4-a12b-4570-918f-78a97dca46a3
5515,109,c5a0759a-c1f5-48f3-af35-60f5d0a6e66e,564888a3-9c45-45fe-a75d-22f142fe28c1
5515,123,c5a0759a-c1f5-48f3-af35-60f5d0a6e66e,e282bd33-9620-400d-91e8-b974d12c0866
5516,4,36bb9b5a-4c82-4d34-aac6-8f8bb3f7ad63,ec46ef66-0491-44e8-a19d-5a90311959f9
5516,51,36bb9b5a-4c82-4d34-aac6-8f8bb3f7ad63,128ec9c0-9293-4d2f-bf04-855a76e8dbe0
5518,140,58eab197-9ea5-486a-adaf-92855d6d1d49,deabd6e3-9c2d-4a79-afef-942da4b9550d
5519,3,c0cc43a2-3433-4f9f-8d5a-10b4a14cc030,39dbb860-c444-4939-8495-1f8008eaad2c
5519,51,c0cc43a2-3433-4f9f-8d5a-10b4a14cc030,128ec9c0-9293-4d2f-bf04-855a76e8dbe0
5520,51,644ea384-8a72-4a09-92a4-dee488c03505,128ec9c0-9293-4d2f-bf04-855a76e8dbe0
5521,51,1df31dd4-59ec-472e-91cc-f78383a9e70f,128ec9c0-9293-4d2f-bf04-855a76e8dbe0
5522,51,c27dab67-5eb5-4530-afff-08254145faab,128ec9c0-9293-4d2f-bf04-855a76e8dbe0
5523,27,b2e56343-1d40-4bb7-a08d-5534762de21e,4f571464-c0f6-460c-a1f2-fd307f5fe744
5524,51,dd4373c8-40f3-4510-9744-4cf6b15dbf6c,128ec9c0-9293-4d2f-bf04-855a76e8dbe0
5525,34,1b77b0be-6ce0-40e6-bac8-34da0e397252,db5c71e1-57ef-4e4d-b808-9c9c6d40f47f
5526,93,26ecdf64-1d00-42cf-acab-03aaaf532eec,38962bb9-86b9-4d16-ad61-6436782a7783
5527,51,0a4ace91-2ad9-4e5c-b756-b52af8af1c0b,128ec9c0-9293-4d2f-bf04-855a76e8dbe0
5528,51,1aeb8dcc-15f0-42c7-bf3a-e7f692f888e5,128ec9c0-9293-4d2f-bf04-855a76e8dbe0
5529,51,05727868-6429-464d-ab0f-34ab7e64ba87,128ec9c0-9293-4d2f-bf04-855a76e8dbe0
5530,51,9a530f0d-da8f-4203-bac3-23a9bd2f033b,128ec9c0-9293-4d2f-bf04-855a76e8dbe0
5531,64,9a68213b-b8d4-4e6d-97c0-0e306db10d88,1e85dcaf-bd03-48dc-98bd-73e2e2779c7b
5532,51,eda79872-5583-497b-b638-54768c4b33b5,128ec9c0-9293-4d2f-bf04-855a76e8dbe0
5533,51,8687d60e-cd10-4541-8ef6-5ada6e6f4446,128ec9c0-9293-4d2f-bf04-855a76e8dbe0
5534,51,3789b325-5922-411f-80f0-e5b17082dc7d,128ec9c0-9293-4d2f-bf04-855a76e8dbe0
5534,140,3789b325-5922-411f-80f0-e5b17082dc7d,deabd6e3-9c2d-4a79-afef-942da4b9550d
5535,51,051b015e-30d0-4fc3-b390-355aef33ec83,128ec9c0-9293-4d2f-bf04-855a76e8dbe0
5536,51,ba7852e2-14e7-4844-9060-9a981a930c8d,128ec9c0-9293-4d2f-bf04-855a76e8dbe0
5537,51,e9393581-ef37-43d0-a365-ca16365d7ebc,128ec9c0-9293-4d2f-bf04-855a76e8dbe0
5538,51,22d9754c-ae36-44ff-98a4-439568b6ea96,128ec9c0-9293-4d2f-bf04-855a76e8dbe0
5539,51,1b55a599-83ed-4456-9339-69cab7ee7ca3,128ec9c0-9293-4d2f-bf04-855a76e8dbe0
5540,51,244e28a9-50d3-4680-b8ac-20366ed117e6,128ec9c0-9293-4d2f-bf04-855a76e8dbe0
5541,35,9c7a4122-956f-4bfb-9f42-6847bb61be01,4e44d169-1292-4d6e-b5b9-fddc14fbbcdc
5542,35,6af70c27-b4b5-484a-9414-12507f4f511d,4e44d169-1292-4d6e-b5b9-fddc14fbbcdc
5542,47,6af70c27-b4b5-484a-9414-12507f4f511d,2872938c-9c70-477b-83c3-3fe8ba4abc89
5542,51,6af70c27-b4b5-484a-9414-12507f4f511d,128ec9c0-9293-4d2f-bf04-855a76e8dbe0
5542,56,6af70c27-b4b5-484a-9414-12507f4f511d,fe758c24-6a48-4f9c-8424-ea1956da1ac4
5543,51,1d7b10b3-a6e2-4caf-8810-2cabccf9f88f,128ec9c0-9293-4d2f-bf04-855a76e8dbe0
5544,51,d667c8d9-204d-4655-8bad-24c8e02b0801,128ec9c0-9293-4d2f-bf04-855a76e8dbe0
5545,51,d41c3332-621e-4c3c-a384-31e5fe5929c0,128ec9c0-9293-4d2f-bf04-855a76e8dbe0
5546,51,db2c1c3b-35a6-43cc-9ccf-afb198a58e14,128ec9c0-9293-4d2f-bf04-855a76e8dbe0
5547,64,d44694d7-4f3d-4e03-af57-b5196e5fb861,1e85dcaf-bd03-48dc-98bd-73e2e2779c7b
5549,51,234a1821-6339-4e40-a6b3-ed943d2778bf,128ec9c0-9293-4d2f-bf04-855a76e8dbe0
5551,51,e244eff2-3bbc-4ccb-ac6a-c5e6c072e813,128ec9c0-9293-4d2f-bf04-855a76e8dbe0
5552,51,31f6f215-9a4d-4921-b528-186c0c25343a,128ec9c0-9293-4d2f-bf04-855a76e8dbe0
5553,51,8b64cee9-b317-41b0-a1ad-0a080eca5e38,128ec9c0-9293-4d2f-bf04-855a76e8dbe0
5554,47,fba8fb4f-5995-4d3f-93e1-d74ffff6c8c0,2872938c-9c70-477b-83c3-3fe8ba4abc89
5554,56,fba8fb4f-5995-4d3f-93e1-d74ffff6c8c0,fe758c24-6a48-4f9c-8424-ea1956da1ac4
5554,73,fba8fb4f-5995-4d3f-93e1-d74ffff6c8c0,450c6427-d40b-40ff-9c41-811ba47c6dc4
5555,51,03b3d9e6-88fa-4e09-af3a-c3ae01a8267f,128ec9c0-9293-4d2f-bf04-855a76e8dbe0
5556,109,b37ff157-da28-49e7-acf2-7d23272203d4,564888a3-9c45-45fe-a75d-22f142fe28c1
5557,51,2313b367-9432-413c-8fcc-ac98f197b6c4,128ec9c0-9293-4d2f-bf04-855a76e8dbe0
5558,51,911f82e7-17f6-4c85-bd1d-ca873819a025,128ec9c0-9293-4d2f-bf04-855a76e8dbe0
5559,137,40dec662-bfb1-4c73-9bb6-ac49d4fa5ce2,3387e5b6-d36d-4475-8b34-e918249b7474
5560,51,37929a09-438c-4eb9-b162-7235b53ff97a,128ec9c0-9293-4d2f-bf04-855a76e8dbe0
5561,6,e89000b1-4ea5-4cce-8d7c-436b77de29b0,60d0dc9e-4acd-4836-9376-f0bc5ea2f635
5562,26,fd26d2a5-afb9-4cb0-a7b5-688b6b47ce6a,5db38fdd-3b64-4392-9002-ce7512bf3ceb
5563,64,f8e901a3-49c4-49be-8b05-f5c9338c9ef4,1e85dcaf-bd03-48dc-98bd-73e2e2779c7b
5564,51,be358845-af9b-4756-a6a7-906f11f33275,128ec9c0-9293-4d2f-bf04-855a76e8dbe0
5565,51,e7fef660-1226-4a57-b5c8-5a701c3b6b03,128ec9c0-9293-4d2f-bf04-855a76e8dbe0
5566,137,148c7797-ee97-441e-8fbf-b5b68e63e5de,3387e5b6-d36d-4475-8b34-e918249b7474
5567,51,8035e520-d434-4dfd-8bbf-2c95b9f447cb,128ec9c0-9293-4d2f-bf04-855a76e8dbe0
5568,137,9b92da81-7b84-449b-b1c2-5ca82099edd5,3387e5b6-d36d-4475-8b34-e918249b7474
5569,89,89b04483-1390-46f4-92d5-09922a9c7b92,d66c728d-eb3c-4695-a4d2-3f77f8a5ca59
5570,137,3cb092a6-3a00-44fc-97d3-9930c46cacfc,3387e5b6-d36d-4475-8b34-e918249b7474
5571,51,81e9ed35-f267-4d87-b124-9c7ff6192f9c,128ec9c0-9293-4d2f-bf04-855a76e8dbe0
5572,94,4b23c0d4-a562-414b-9297-3571e23003b6,25006cc4-a12b-4570-918f-78a97dca46a3
5573,51,9b2dd2b9-0550-4d4c-bbe4-7aec04b1e278,128ec9c0-9293-4d2f-bf04-855a76e8dbe0
5574,51,d7ff53f9-54f0-41e2-ba33-5f67a3cd6ce9,128ec9c0-9293-4d2f-bf04-855a76e8dbe0
5575,51,d2e221b6-38e8-4464-bf29-24d744ecd2f8,128ec9c0-9293-4d2f-bf04-855a76e8dbe0
5576,51,15980479-aaa9-411c-a8f5-a9b5bf3fac22,128ec9c0-9293-4d2f-bf04-855a76e8dbe0
5577,35,37907439-0928-4d5d-b74c-640d74cb2de4,4e44d169-1292-4d6e-b5b9-fddc14fbbcdc
5578,51,758a857a-53b4-4163-975a-c4659f98bbc1,128ec9c0-9293-4d2f-bf04-855a76e8dbe0
5579,51,50952574-4841-4f7c-920b-0f5f08870e5f,128ec9c0-9293-4d2f-bf04-855a76e8dbe0
5580,51,5cab4ba9-545c-48af-ade6-54f090d686cc,128ec9c0-9293-4d2f-bf04-855a76e8dbe0
5581,51,e167ee63-ed7c-481c-8bc3-86a0ca6d68e3,128ec9c0-9293-4d2f-bf04-855a76e8dbe0
5582,51,859288e2-7fec-4202-b0ad-02b625b644e0,128ec9c0-9293-4d2f-bf04-855a76e8dbe0
5582,89,859288e2-7fec-4202-b0ad-02b625b644e0,d66c728d-eb3c-4695-a4d2-3f77f8a5ca59
5583,51,5c9d23e0-6010-4313-85b3-53081d2c12d9,128ec9c0-9293-4d2f-bf04-855a76e8dbe0
5584,94,c8a29aab-3731-4f55-9e76-1f2e76056ec2,25006cc4-a12b-4570-918f-78a97dca46a3
5585,51,f0d2e8cc-ceff-4bcc-91db-821961703743,128ec9c0-9293-4d2f-bf04-855a76e8dbe0
5587,51,49fd58f6-35e3-48f7-91e9-c35d7e365d7c,128ec9c0-9293-4d2f-bf04-855a76e8dbe0
5588,51,83d5076d-430b-406b-8a8c-a33a2bddeded,128ec9c0-9293-4d2f-bf04-855a76e8dbe0
5588,55,83d5076d-430b-406b-8a8c-a33a2bddeded,270ebc71-de8e-476e-9eaf-4d3a9ac687da
5589,35,b301f11a-9236-4e5e-9822-fac14c3411bb,4e44d169-1292-4d6e-b5b9-fddc14fbbcdc
5589,51,b301f11a-9236-4e5e-9822-fac14c3411bb,128ec9c0-9293-4d2f-bf04-855a76e8dbe0
5589,55,b301f11a-9236-4e5e-9822-fac14c3411bb,270ebc71-de8e-476e-9eaf-4d3a9ac687da
5589,67,b301f11a-9236-4e5e-9822-fac14c3411bb,21d18762-d7d2-4ce4-a7b4-ea2efcbc1e17
5590,94,06e27b64-234d-40d5-95ba-496ddcd44175,25006cc4-a12b-4570-918f-78a97dca46a3
5591,51,ab979f9d-865e-43fb-88bf-b5f71430d524,128ec9c0-9293-4d2f-bf04-855a76e8dbe0
5592,109,bac430af-308d-4337-aee4-4431a7857099,564888a3-9c45-45fe-a75d-22f142fe28c1
5593,51,14a0c397-eb16-4c24-8528-a0ec9877e65a,128ec9c0-9293-4d2f-bf04-855a76e8dbe0
5594,51,17bb4510-280c-45b9-a72f-73b001f1b1e4,128ec9c0-9293-4d2f-bf04-855a76e8dbe0
5595,35,f6c62e75-17ea-449b-a46b-45178447b19b,4e44d169-1292-4d6e-b5b9-fddc14fbbcdc
5596,27,eab821b3-17a4-4853-9fe2-6cf8efb74f1b,4f571464-c0f6-460c-a1f2-fd307f5fe744
5596,51,eab821b3-17a4-4853-9fe2-6cf8efb74f1b,128ec9c0-9293-4d2f-bf04-855a76e8dbe0
5597,138,da985058-fb0e-4fa5-8341-e41b34fef442,a5be143c-038b-4661-9a23-3d71d40aa7d6
5600,34,af278863-4141-40cf-b4e9-f49245ff1dd2,db5c71e1-57ef-4e4d-b808-9c9c6d40f47f
5601,35,100767c5-11ad-47ba-a139-e360b9d48a51,4e44d169-1292-4d6e-b5b9-fddc14fbbcdc
5602,55,49832ed3-c710-4abd-a77a-74057d98c8e7,270ebc71-de8e-476e-9eaf-4d3a9ac687da
5603,35,0e3e83a4-caee-4795-bc70-0b8c67520a34,4e44d169-1292-4d6e-b5b9-fddc14fbbcdc
5605,35,cffc4c4f-4189-4666-95e6-43cc0c92caae,4e44d169-1292-4d6e-b5b9-fddc14fbbcdc
5606,51,7fe5073b-cc55-4cf7-84b0-dd337eab713b,128ec9c0-9293-4d2f-bf04-855a76e8dbe0
5607,94,a209b260-97d3-4370-bc21-705c1fc11a37,25006cc4-a12b-4570-918f-78a97dca46a3
5608,51,5ddf3390-8db7-4223-8900-2a9c593a076e,128ec9c0-9293-4d2f-bf04-855a76e8dbe0
5610,109,49cc854e-f188-41f5-9fd8-6dcc61540707,564888a3-9c45-45fe-a75d-22f142fe28c1
5611,40,4af22aed-95d8-4eb5-977d-d517eea3a671,4fa23b9d-0f0a-49a5-848f-591e23711c37
5612,51,dc0fb1eb-b121-4858-8109-42b6e8c656f0,128ec9c0-9293-4d2f-bf04-855a76e8dbe0
5613,106,38a81e74-155f-405f-8505-319cb8578180,4ff7967b-ba33-4eb7-a6f1-43348acfd978
5614,94,aa577b94-f556-4150-8539-b621e5d71d7a,25006cc4-a12b-4570-918f-78a97dca46a3
5615,41,acd7f852-eeab-4534-b11c-71628f1913b8,45040cf8-bcce-4383-acc5-eacf98b8efa7
5616,51,614ec30a-224a-4f0a-8e2d-a41299137e74,128ec9c0-9293-4d2f-bf04-855a76e8dbe0
5617,26,b556fc6b-5905-4a66-a865-cab2bb34360c,5db38fdd-3b64-4392-9002-ce7512bf3ceb
5618,51,8688d571-43c1-4190-8051-25e9addb065a,128ec9c0-9293-4d2f-bf04-855a76e8dbe0
5619,51,7bf1ef5f-dc39-45dd-b436-a26f5be5c194,128ec9c0-9293-4d2f-bf04-855a76e8dbe0
5620,27,c00d887c-b860-4af4-9c76-0554ee74ffda,4f571464-c0f6-460c-a1f2-fd307f5fe744
5620,112,c00d887c-b860-4af4-9c76-0554ee74ffda,68cb3e51-ebdc-4355-bbff-0a3453a371f1
5621,28,0032283a-22bd-42de-b82a-12ddb98fcfb7,927df241-9b2c-4a41-bbe1-d6151a413b40
5622,40,270ae384-15ac-4cf2-bf30-c5101ee88e62,4fa23b9d-0f0a-49a5-848f-591e23711c37
5623,56,d7b67f86-1c01-49e1-aabc-66b428521bda,fe758c24-6a48-4f9c-8424-ea1956da1ac4
5624,26,3037110d-8d14-42e3-93fc-02134ec84b14,5db38fdd-3b64-4392-9002-ce7512bf3ceb
5625,40,ea364195-c7e3-4937-afff-127a364fa304,4fa23b9d-0f0a-49a5-848f-591e23711c37
5626,40,41562227-93b2-4979-95f0-27302c7bbc66,4fa23b9d-0f0a-49a5-848f-591e23711c37
5627,27,9c3b3885-7037-4366-af8b-6e5a5d62c026,4f571464-c0f6-460c-a1f2-fd307f5fe744
5628,112,7512118d-aa5f-4836-bf9b-09fc3aaf220f,68cb3e51-ebdc-4355-bbff-0a3453a371f1
5629,27,b101f33e-2368-4e1a-85e4-49dccfcffa28,4f571464-c0f6-460c-a1f2-fd307f5fe744
5630,55,ad570bfc-00cb-4c0b-b9e8-60990d837f12,270ebc71-de8e-476e-9eaf-4d3a9ac687da
5631,27,4fd49925-9120-48e5-bf68-1926b9507409,4f571464-c0f6-460c-a1f2-fd307f5fe744
5632,35,d174df3f-9fd1-4eab-ab71-95fd75bff47c,4e44d169-1292-4d6e-b5b9-fddc14fbbcdc
5633,137,3c1d1ab6-1c06-475a-9eaa-e08901d75609,3387e5b6-d36d-4475-8b34-e918249b7474
5634,112,ab5e4fb6-2b9c-4ab1-87aa-a86b54128134,68cb3e51-ebdc-4355-bbff-0a3453a371f1
5635,27,76346b13-aa89-4663-9457-da01df110666,4f571464-c0f6-460c-a1f2-fd307f5fe744
5636,27,055cc483-1ba1-41ca-ac27-61c0b448c882,4f571464-c0f6-460c-a1f2-fd307f5fe744
5637,137,899cbde8-6c3d-4e7f-86e9-9d36fe6872f7,3387e5b6-d36d-4475-8b34-e918249b7474
5638,137,02a23b06-6083-4c82-afe6-b19a4cc003f9,3387e5b6-d36d-4475-8b34-e918249b7474
5639,137,5b1d1517-f781-405a-a884-a09636f84605,3387e5b6-d36d-4475-8b34-e918249b7474
5640,40,9d259abf-bed4-4c47-880b-481badfbe637,4fa23b9d-0f0a-49a5-848f-591e23711c37
5640,137,9d259abf-bed4-4c47-880b-481badfbe637,3387e5b6-d36d-4475-8b34-e918249b7474
5641,51,6076a884-423a-4bd9-b7cf-94d3acdea8f1,128ec9c0-9293-4d2f-bf04-855a76e8dbe0
5641,137,6076a884-423a-4bd9-b7cf-94d3acdea8f1,3387e5b6-d36d-4475-8b34-e918249b7474
5642,137,a68e1aa3-e177-435e-b30d-8481b29d2996,3387e5b6-d36d-4475-8b34-e918249b7474
5643,51,8a9d76e6-a3f5-44a3-94ac-322cac8efc20,128ec9c0-9293-4d2f-bf04-855a76e8dbe0
5643,137,8a9d76e6-a3f5-44a3-94ac-322cac8efc20,3387e5b6-d36d-4475-8b34-e918249b7474
5644,137,faa63b72-2196-4f06-8c68-48261a25d87b,3387e5b6-d36d-4475-8b34-e918249b7474
5645,27,d54b49a8-57e8-4381-a882-3126f47306e9,4f571464-c0f6-460c-a1f2-fd307f5fe744
5646,26,84fc91dd-ea5b-41ed-b43a-7cad5c1e5c97,5db38fdd-3b64-4392-9002-ce7512bf3ceb
5647,109,4c8ac025-372a-4ae3-abf8-7d94e5406cce,564888a3-9c45-45fe-a75d-22f142fe28c1
5648,51,866af1b2-e916-4a77-840d-3ee65a9680e5,128ec9c0-9293-4d2f-bf04-855a76e8dbe0
5649,51,185a7b46-6ecb-4135-8d5f-480098d1a8c2,128ec9c0-9293-4d2f-bf04-855a76e8dbe0
5650,51,50d5f0de-ecb1-46f3-b794-915281aec470,128ec9c0-9293-4d2f-bf04-855a76e8dbe0
5651,51,3346163d-8ecf-4f84-bbf1-03134c455bb9,128ec9c0-9293-4d2f-bf04-855a76e8dbe0
5652,160,9b167c61-5a77-4c41-9cf6-61454640d397,f1bb1f95-bc3c-444f-91a6-8d73b6722396
5653,51,3369d54f-caf1-452f-81f1-834423f7ef7b,128ec9c0-9293-4d2f-bf04-855a76e8dbe0
5654,40,48b2ea84-6dd0-407e-9785-daaf779288f6,4fa23b9d-0f0a-49a5-848f-591e23711c37
5656,94,9652593e-fc4d-4ca1-855e-b1654f3ff264,25006cc4-a12b-4570-918f-78a97dca46a3
5657,27,d8d6b39b-c9db-4017-a886-8917012d017e,4f571464-c0f6-460c-a1f2-fd307f5fe744
5658,70,8be852ad-e80a-4498-8c08-4f6662f5a4bd,7a8c5e91-8e6c-4e32-95d3-f3eb2390280c
5659,41,dcfeb06c-2b28-4db9-9eea-672e3ef83c29,45040cf8-bcce-4383-acc5-eacf98b8efa7
5660,94,dca814a1-bef3-4dfd-8538-822f9d033237,25006cc4-a12b-4570-918f-78a97dca46a3
5661,35,ac98cb5a-46ba-4a52-ada8-804cdff3decf,4e44d169-1292-4d6e-b5b9-fddc14fbbcdc
5662,94,e9a8038e-4d1e-4aae-9bfb-657e4bf30d56,25006cc4-a12b-4570-918f-78a97dca46a3
5663,109,a672fa0a-6bd0-4108-9a80-807e5f73f7e5,564888a3-9c45-45fe-a75d-22f142fe28c1
5665,35,e484799c-4fe7-4a30-805a-507ee3d2693d,4e44d169-1292-4d6e-b5b9-fddc14fbbcdc
5666,137,8b0d8ed2-8fa6-4710-aefa-02761cf122eb,3387e5b6-d36d-4475-8b34-e918249b7474
5667,137,f51212d4-f682-42ce-96fd-1bcaa03152c6,3387e5b6-d36d-4475-8b34-e918249b7474
5668,56,d99d9b98-45f4-4037-beda-a0d862b0608a,fe758c24-6a48-4f9c-8424-ea1956da1ac4
5669,51,810a2ac6-3d44-41dc-9e00-861e50a5c1fd,128ec9c0-9293-4d2f-bf04-855a76e8dbe0
5671,51,23804bcd-207b-4ff9-ad91-2866bcc96bf0,128ec9c0-9293-4d2f-bf04-855a76e8dbe0
5672,137,12d58c2f-a8c5-42b1-be59-70453e9f98d7,3387e5b6-d36d-4475-8b34-e918249b7474
5673,51,3deaba66-54d4-4143-a96b-d84a5e8a7c26,128ec9c0-9293-4d2f-bf04-855a76e8dbe0
5674,109,ccc54b93-0ef8-4fe4-80ff-e80fd9623ae1,564888a3-9c45-45fe-a75d-22f142fe28c1
5675,51,7467b1c9-4ac8-42dd-882f-053d9cea12f2,128ec9c0-9293-4d2f-bf04-855a76e8dbe0
5676,51,8a59ec8c-1d9f-4cf6-a205-f90623d245ae,128ec9c0-9293-4d2f-bf04-855a76e8dbe0
5677,35,c8d74958-0aa8-4cb1-befa-6991b755bba3,4e44d169-1292-4d6e-b5b9-fddc14fbbcdc
5678,51,0f6abf76-e326-4aa0-bf3a-7f821f70a5e8,128ec9c0-9293-4d2f-bf04-855a76e8dbe0
5679,140,8955782f-0b64-451c-904f-ae7782e325fd,deabd6e3-9c2d-4a79-afef-942da4b9550d
5680,51,ea4c8ae4-975d-49b4-bba1-f1e04680f334,128ec9c0-9293-4d2f-bf04-855a76e8dbe0
5681,51,14c2ab16-474f-4720-b45f-e85c017e6691,128ec9c0-9293-4d2f-bf04-855a76e8dbe0
5682,51,91a36691-f973-417b-94ce-ae48ea465cdd,128ec9c0-9293-4d2f-bf04-855a76e8dbe0
5683,51,0b5acbe3-2166-4c92-a47f-5a0bc87f1864,128ec9c0-9293-4d2f-bf04-855a76e8dbe0
5684,23,81d9b8ae-7a33-4fe7-8bae-f6098e340bae,b933ec53-1f11-4e21-a043-67a2419ee067
5685,51,f799e536-7d02-4f37-8a71-8dface42e5ba,128ec9c0-9293-4d2f-bf04-855a76e8dbe0
5686,94,d2dbeef1-32b4-4be6-8cdb-01e3c44aaf82,25006cc4-a12b-4570-918f-78a97dca46a3
5687,51,221f041a-2718-4617-8d16-d24de0750901,128ec9c0-9293-4d2f-bf04-855a76e8dbe0
5688,51,f87d9ca6-e49a-4f85-8fea-4c650eef24e5,128ec9c0-9293-4d2f-bf04-855a76e8dbe0
5689,51,04d3de83-213f-4634-9a27-3dffc6f6e3b9,128ec9c0-9293-4d2f-bf04-855a76e8dbe0
5691,51,1bc62336-e750-4bd0-9faf-93b95762fd14,128ec9c0-9293-4d2f-bf04-855a76e8dbe0
5692,51,85a9f97e-529d-4f30-923e-0a82b8c48588,128ec9c0-9293-4d2f-bf04-855a76e8dbe0
5693,51,288a0dfa-368f-4a28-b5cf-b6aa8d78e9cb,128ec9c0-9293-4d2f-bf04-855a76e8dbe0
5694,51,3a14d834-f9d0-4167-8cbd-eb7f96d2c4fd,128ec9c0-9293-4d2f-bf04-855a76e8dbe0
5695,137,d361bc4b-10d5-4f60-ac8b-c1fd472b978e,3387e5b6-d36d-4475-8b34-e918249b7474
5696,137,9df4e073-9f3a-4902-bf68-a1a3e92096ea,3387e5b6-d36d-4475-8b34-e918249b7474
5697,40,3bbcb359-7531-4c65-88a7-52a4ebb26fdf,4fa23b9d-0f0a-49a5-848f-591e23711c37
5698,137,c7fa4658-69db-4492-bc4d-46dbb3ab002c,3387e5b6-d36d-4475-8b34-e918249b7474
5699,55,6793317d-4fb8-445d-88dc-21b703bdcf45,270ebc71-de8e-476e-9eaf-4d3a9ac687da
5701,140,214c3749-2dac-408c-8ba9-e3eed9294a3d,deabd6e3-9c2d-4a79-afef-942da4b9550d
5702,51,bf563901-ff9d-4920-9d80-c8ce21fe2abd,128ec9c0-9293-4d2f-bf04-855a76e8dbe0
5703,51,63f9c886-241b-41af-a2dc-33be4ac0f748,128ec9c0-9293-4d2f-bf04-855a76e8dbe0
5704,51,ccc02c7b-12d2-437b-82be-72e859bb6d05,128ec9c0-9293-4d2f-bf04-855a76e8dbe0
5705,51,27c32689-b512-4354-bffc-102066fdfbb2,128ec9c0-9293-4d2f-bf04-855a76e8dbe0
5706,51,eb31643a-135d-455b-80ff-78e3a676b0b7,128ec9c0-9293-4d2f-bf04-855a76e8dbe0
5707,51,25e39853-15de-4d9a-b520-02eedecfebdb,128ec9c0-9293-4d2f-bf04-855a76e8dbe0
5708,51,1a5f7ca4-a9fc-4ad4-99d1-3f3d856ea0b5,128ec9c0-9293-4d2f-bf04-855a76e8dbe0
5709,51,30a7e987-efdb-4333-b1c9-73a1115bcfd8,128ec9c0-9293-4d2f-bf04-855a76e8dbe0
5710,47,6da6edf6-fb92-457d-b920-109030ab19f1,2872938c-9c70-477b-83c3-3fe8ba4abc89
5711,137,a0ef5aa9-4dc4-418c-86db-bc2483139387,3387e5b6-d36d-4475-8b34-e918249b7474
5712,23,76a109aa-0fd1-4a82-9923-d57594292e69,b933ec53-1f11-4e21-a043-67a2419ee067
5713,40,d10fac08-59df-47c0-bc98-d1b81beb4da6,4fa23b9d-0f0a-49a5-848f-591e23711c37
5715,51,21b22c1c-cfd3-48d9-82d3-39eda8d1bea8,128ec9c0-9293-4d2f-bf04-855a76e8dbe0
5717,137,fd29e670-b410-4f78-a322-f1630ddd2ef6,3387e5b6-d36d-4475-8b34-e918249b7474
5718,109,06d72807-4a1e-46cc-ae91-d6df4069fac3,564888a3-9c45-45fe-a75d-22f142fe28c1
5719,47,c15cef91-96e2-41aa-bd26-6c3411c5fcb7,2872938c-9c70-477b-83c3-3fe8ba4abc89
5720,51,6b9212d0-ec52-4d08-a25a-e474c3b427f9,128ec9c0-9293-4d2f-bf04-855a76e8dbe0
5721,40,9dd99498-1527-4bac-afc8-39de1751b44e,4fa23b9d-0f0a-49a5-848f-591e23711c37
5722,51,20644ab1-b395-45e1-8642-d945141f3c02,128ec9c0-9293-4d2f-bf04-855a76e8dbe0
5723,109,9a3dcfa0-5442-42d8-9521-7b71b849dd50,564888a3-9c45-45fe-a75d-22f142fe28c1
5724,93,2e1bb21e-1e8b-4ae9-b324-2fb334985902,38962bb9-86b9-4d16-ad61-6436782a7783
5725,51,d435c3dd-2dae-4621-afcf-a59d4aa348b2,128ec9c0-9293-4d2f-bf04-855a76e8dbe0
5726,51,b1e543f5-2f73-448f-9460-3e91afbc0ee0,128ec9c0-9293-4d2f-bf04-855a76e8dbe0
5727,51,bb2479c0-ed6e-4a67-93aa-e351168748e3,128ec9c0-9293-4d2f-bf04-855a76e8dbe0
5728,51,11a4c86c-c52d-4c5b-94dd-58af427042bd,128ec9c0-9293-4d2f-bf04-855a76e8dbe0
5729,109,261d1ede-413c-41fa-937f-09068b82c4aa,564888a3-9c45-45fe-a75d-22f142fe28c1
5730,109,92867aa1-6067-402f-8939-c589b50fb03c,564888a3-9c45-45fe-a75d-22f142fe28c1
5731,51,1c6d8e3e-c2ec-43e6-b159-62c35c1bc8b3,128ec9c0-9293-4d2f-bf04-855a76e8dbe0
5732,51,7b27539f-ce50-46f5-81e2-5047448b51a7,128ec9c0-9293-4d2f-bf04-855a76e8dbe0
5733,51,322b9580-2028-4a3e-8009-7c33cd7dca79,128ec9c0-9293-4d2f-bf04-855a76e8dbe0
5734,35,9fdf370d-5eeb-44d5-937a-eda3338901f1,4e44d169-1292-4d6e-b5b9-fddc14fbbcdc
5734,51,9fdf370d-5eeb-44d5-937a-eda3338901f1,128ec9c0-9293-4d2f-bf04-855a76e8dbe0
5736,51,f0b9a9d6-9348-4e91-b221-308d6f4b3512,128ec9c0-9293-4d2f-bf04-855a76e8dbe0
5737,51,f58bd36b-e431-48b2-87f1-87a307831059,128ec9c0-9293-4d2f-bf04-855a76e8dbe0
5738,137,b4cf98c1-d20c-4e1e-995a-4d9e6c3aa275,3387e5b6-d36d-4475-8b34-e918249b7474
5739,51,9420b6ca-640d-4e93-be25-00d3274ccece,128ec9c0-9293-4d2f-bf04-855a76e8dbe0
5740,137,b3a1ed56-b0eb-4da0-ac06-de2d258b4c05,3387e5b6-d36d-4475-8b34-e918249b7474
5741,51,407e4d2a-d968-4489-a230-da1fd2af2cc4,128ec9c0-9293-4d2f-bf04-855a76e8dbe0
5742,35,0dd8d6e6-5a97-432c-9a42-c0ad47639047,4e44d169-1292-4d6e-b5b9-fddc14fbbcdc
5742,51,0dd8d6e6-5a97-432c-9a42-c0ad47639047,128ec9c0-9293-4d2f-bf04-855a76e8dbe0
5743,55,92d7698f-82de-4653-856e-2cb163068003,270ebc71-de8e-476e-9eaf-4d3a9ac687da
5744,64,d3627314-d621-4f80-8dac-4253fb1014e9,1e85dcaf-bd03-48dc-98bd-73e2e2779c7b
5745,27,c15b960f-a88c-4da2-b83a-6957f99481a2,4f571464-c0f6-460c-a1f2-fd307f5fe744
5746,55,8a671f2d-c1c3-4137-9999-f257be71ab3d,270ebc71-de8e-476e-9eaf-4d3a9ac687da
5747,40,39d5d069-afd1-4169-95eb-9feb087e7509,4fa23b9d-0f0a-49a5-848f-591e23711c37
5748,51,343dc316-709b-4040-8f54-c59801695e74,128ec9c0-9293-4d2f-bf04-855a76e8dbe0
5749,137,4f1cb021-d4d7-454b-873a-29f3e86fa744,3387e5b6-d36d-4475-8b34-e918249b7474
5750,94,a3fa6207-46d5-4fd8-be38-4b8bfe0ce745,25006cc4-a12b-4570-918f-78a97dca46a3
5751,51,0e709b58-a481-40a1-ad84-0a238a9c1bc2,128ec9c0-9293-4d2f-bf04-855a76e8dbe0
5752,51,2262bb61-90ed-4dfe-b142-6d20347efc98,128ec9c0-9293-4d2f-bf04-855a76e8dbe0
5753,51,9304b3a5-3076-4edb-acf5-1874c4bbf481,128ec9c0-9293-4d2f-bf04-855a76e8dbe0
5754,51,17be67ee-cf79-4663-8cb7-6dd32132f502,128ec9c0-9293-4d2f-bf04-855a76e8dbe0
5755,56,6785f37d-f72d-451b-99c9-98974d76c130,fe758c24-6a48-4f9c-8424-ea1956da1ac4
5756,51,f983aabe-70e9-4953-9929-368862b5e4a8,128ec9c0-9293-4d2f-bf04-855a76e8dbe0
5757,51,1580470b-7f95-4a1a-a2bb-54056476f50a,128ec9c0-9293-4d2f-bf04-855a76e8dbe0
5758,94,aaf936ef-392f-4745-b0bc-c940a619cc16,25006cc4-a12b-4570-918f-78a97dca46a3
5759,35,ad843770-e424-49a9-99f2-365a64b93d80,4e44d169-1292-4d6e-b5b9-fddc14fbbcdc
5760,51,f8f55579-7f91-4cc9-97dc-f9adff1902e6,128ec9c0-9293-4d2f-bf04-855a76e8dbe0
5761,40,de7d31c9-1d5b-4b5a-9996-1c5ef62195dc,4fa23b9d-0f0a-49a5-848f-591e23711c37
5762,51,d6854343-947d-4de1-af22-6a7a55bd0737,128ec9c0-9293-4d2f-bf04-855a76e8dbe0
5762,137,d6854343-947d-4de1-af22-6a7a55bd0737,3387e5b6-d36d-4475-8b34-e918249b7474
5763,94,56c66ab5-7616-4cd6-9274-745af19274e1,25006cc4-a12b-4570-918f-78a97dca46a3
5764,26,6a0e4b76-13ab-4cd6-ab84-2cb033307b2b,5db38fdd-3b64-4392-9002-ce7512bf3ceb
5765,51,184be85f-430b-4839-9d7a-e10e1d95b996,128ec9c0-9293-4d2f-bf04-855a76e8dbe0
5766,137,82264792-5590-41f2-b6a9-f029788078d3,3387e5b6-d36d-4475-8b34-e918249b7474
5767,56,00d74c33-f49d-44b6-91ed-f9ed6dc1819a,fe758c24-6a48-4f9c-8424-ea1956da1ac4
5768,51,7ae4038f-e27c-46ec-8740-41c2ef79f9f3,128ec9c0-9293-4d2f-bf04-855a76e8dbe0
5769,51,99fa60d2-5a83-4b94-830b-75e09cb464a5,128ec9c0-9293-4d2f-bf04-855a76e8dbe0
5770,137,79c0264f-970b-4807-915f-aaa8fb0204f0,3387e5b6-d36d-4475-8b34-e918249b7474
5771,51,56489201-e6a0-443d-8b26-f103314ab20c,128ec9c0-9293-4d2f-bf04-855a76e8dbe0
5772,137,017cb442-8eae-4bb7-938f-f864ce078a65,3387e5b6-d36d-4475-8b34-e918249b7474
5773,35,8b2739f8-4a42-45a0-959f-847cd433a8a4,4e44d169-1292-4d6e-b5b9-fddc14fbbcdc
5773,55,8b2739f8-4a42-45a0-959f-847cd433a8a4,270ebc71-de8e-476e-9eaf-4d3a9ac687da
5774,51,a4a0349c-3373-4168-b946-676d7702d8b4,128ec9c0-9293-4d2f-bf04-855a76e8dbe0
5775,51,caac2da3-a628-4d8c-be27-e449831b357e,128ec9c0-9293-4d2f-bf04-855a76e8dbe0
5776,129,276fbe9c-7965-4776-9dae-0bd5ee94410a,45ed65c9-8447-4bc3-a522-f16ef2fa5618
5777,129,48feb743-f548-435a-bd15-185b28b5bbb3,45ed65c9-8447-4bc3-a522-f16ef2fa5618
5778,129,1944797b-1d49-4343-a78f-14ba7387389b,45ed65c9-8447-4bc3-a522-f16ef2fa5618
5779,129,4dba0364-3751-42d4-bc4c-842fa832f0ce,45ed65c9-8447-4bc3-a522-f16ef2fa5618
5780,51,5d211775-c4ad-46f4-8e0f-ebb09dc0df7e,128ec9c0-9293-4d2f-bf04-855a76e8dbe0
5781,35,57aa5313-81f7-40a4-a372-fcb311b1c274,4e44d169-1292-4d6e-b5b9-fddc14fbbcdc
5782,129,9a02405b-c13b-4843-8350-b30093de3ca9,45ed65c9-8447-4bc3-a522-f16ef2fa5618
5783,129,399454fc-eac7-4e29-a76a-89c43df75d8d,45ed65c9-8447-4bc3-a522-f16ef2fa5618
5784,129,a0e7a0c7-9438-4e9f-af0b-411449c7d87d,45ed65c9-8447-4bc3-a522-f16ef2fa5618
5785,129,ba6c1f86-d535-4926-9ea5-087758af319f,45ed65c9-8447-4bc3-a522-f16ef2fa5618
5786,129,4a24527c-00ce-4900-8ac9-d4a710c54791,45ed65c9-8447-4bc3-a522-f16ef2fa5618
5787,129,af664223-3e9f-49d9-9cd8-c144cde5325c,45ed65c9-8447-4bc3-a522-f16ef2fa5618
5788,129,46556ef1-6df8-4fc4-aca2-7f265e58dff4,45ed65c9-8447-4bc3-a522-f16ef2fa5618
5789,129,08fe5ea8-5a10-4f7c-a2ef-28afbb873628,45ed65c9-8447-4bc3-a522-f16ef2fa5618
5790,129,c17505ee-5d65-4e07-bbf5-a27b63758088,45ed65c9-8447-4bc3-a522-f16ef2fa5618
5791,129,1e911f34-b65e-416f-b0ae-56b04bea152f,45ed65c9-8447-4bc3-a522-f16ef2fa5618
5792,129,e4c5b223-8058-48b2-b656-5dfcfa0d96dd,45ed65c9-8447-4bc3-a522-f16ef2fa5618
5793,129,bebdb31d-9bd2-4782-a635-1dd6d7eba7de,45ed65c9-8447-4bc3-a522-f16ef2fa5618
5794,129,cefed2e9-82a0-4d7c-9330-12ea857166c7,45ed65c9-8447-4bc3-a522-f16ef2fa5618
5795,129,a453870b-adca-43db-bcbd-294d9353598a,45ed65c9-8447-4bc3-a522-f16ef2fa5618
5796,129,39792591-de2e-4628-8bdb-e9066e2d5719,45ed65c9-8447-4bc3-a522-f16ef2fa5618
5798,51,1ed128cc-986b-46bd-81b2-9e6121657ee2,128ec9c0-9293-4d2f-bf04-855a76e8dbe0
5799,51,c19424d6-f20a-4f70-b608-34a832e68e5a,128ec9c0-9293-4d2f-bf04-855a76e8dbe0
5801,68,fec692d8-e005-498d-b325-8a620825115a,9c91e337-de90-4248-93d0-9d1dd02cdfbd
5802,68,806597ee-d470-4fe6-a8e0-6f57e60ec06f,9c91e337-de90-4248-93d0-9d1dd02cdfbd
5803,51,f1350a77-3d3a-4932-82f6-d70f9bff6b14,128ec9c0-9293-4d2f-bf04-855a76e8dbe0
5804,51,9dd1c390-1b8f-4e2e-97ef-46ca9ae1e7c4,128ec9c0-9293-4d2f-bf04-855a76e8dbe0
5805,51,d15299b0-b58d-4ae9-9a6d-b1b580070115,128ec9c0-9293-4d2f-bf04-855a76e8dbe0
5806,51,de5647ee-b857-401c-a0ee-e599c209595e,128ec9c0-9293-4d2f-bf04-855a76e8dbe0
5807,51,72c33730-0912-4592-bd12-c76e3975d671,128ec9c0-9293-4d2f-bf04-855a76e8dbe0
5808,31,85256876-3b78-4813-becc-92e47375b6ff,d0225294-49b3-458d-893d-ecd576c7391f
5809,31,a9f78c7a-5071-4aa5-9f31-276253c2aba7,d0225294-49b3-458d-893d-ecd576c7391f
5809,68,a9f78c7a-5071-4aa5-9f31-276253c2aba7,9c91e337-de90-4248-93d0-9d1dd02cdfbd
5810,40,e68bbcc2-e7bb-4b85-a62b-0c07367dca1a,4fa23b9d-0f0a-49a5-848f-591e23711c37
5810,51,e68bbcc2-e7bb-4b85-a62b-0c07367dca1a,128ec9c0-9293-4d2f-bf04-855a76e8dbe0
5810,67,e68bbcc2-e7bb-4b85-a62b-0c07367dca1a,21d18762-d7d2-4ce4-a7b4-ea2efcbc1e17
5810,161,e68bbcc2-e7bb-4b85-a62b-0c07367dca1a,994af154-e01c-4dee-a3a7-b3eb6d741e16
5810,162,e68bbcc2-e7bb-4b85-a62b-0c07367dca1a,674a2494-698a-4727-bbd0-16225d8cfcf5
5811,64,ef578ee9-06ea-46da-93ed-2cd1d37011f7,1e85dcaf-bd03-48dc-98bd-73e2e2779c7b
5812,64,3d00e2f1-db61-451a-af14-bca30c133914,1e85dcaf-bd03-48dc-98bd-73e2e2779c7b
5813,64,43ae89ab-8e1e-42f7-9e50-2fe9b69eab60,1e85dcaf-bd03-48dc-98bd-73e2e2779c7b
5814,51,0aea298f-a952-4760-88b3-fa78e81a7f17,128ec9c0-9293-4d2f-bf04-855a76e8dbe0
5814,109,0aea298f-a952-4760-88b3-fa78e81a7f17,564888a3-9c45-45fe-a75d-22f142fe28c1
5815,51,2837dab6-ada8-4fe1-baf3-2ba285044bb9,128ec9c0-9293-4d2f-bf04-855a76e8dbe0
5816,51,2b053423-67cf-48f0-bcfe-b2004b5fceb7,128ec9c0-9293-4d2f-bf04-855a76e8dbe0
5816,109,2b053423-67cf-48f0-bcfe-b2004b5fceb7,564888a3-9c45-45fe-a75d-22f142fe28c1
5817,51,67279679-ee50-46ea-844a-4d1e60fc0558,128ec9c0-9293-4d2f-bf04-855a76e8dbe0
5817,55,67279679-ee50-46ea-844a-4d1e60fc0558,270ebc71-de8e-476e-9eaf-4d3a9ac687da
5818,51,02c57ec7-f942-4a09-90ae-44a972f8ec33,128ec9c0-9293-4d2f-bf04-855a76e8dbe0
5819,51,b70b727b-27c4-43e2-aa20-a7f1ff11932b,128ec9c0-9293-4d2f-bf04-855a76e8dbe0
5821,51,baab4aa5-affe-4017-b1fe-a651c77e05e3,128ec9c0-9293-4d2f-bf04-855a76e8dbe0
5822,51,74d04096-1a66-4e01-b954-47002f03772c,128ec9c0-9293-4d2f-bf04-855a76e8dbe0
5823,51,afbbb52b-e52f-4209-9dde-95ddec7254d5,128ec9c0-9293-4d2f-bf04-855a76e8dbe0
5824,51,db614528-a39b-4918-b2e4-87ca59af91a5,128ec9c0-9293-4d2f-bf04-855a76e8dbe0
5824,109,db614528-a39b-4918-b2e4-87ca59af91a5,564888a3-9c45-45fe-a75d-22f142fe28c1
5825,51,3991ac04-b248-42bc-b743-4a7a4fc9b83e,128ec9c0-9293-4d2f-bf04-855a76e8dbe0
5826,56,61913e03-6f5b-4628-a7cd-faab4a6180f1,fe758c24-6a48-4f9c-8424-ea1956da1ac4
5827,56,0757f0d2-fa53-4e2e-8878-b22621ac903a,fe758c24-6a48-4f9c-8424-ea1956da1ac4
5828,56,9688e1cd-b13a-406b-a198-e4651a872396,fe758c24-6a48-4f9c-8424-ea1956da1ac4
5829,51,fcb6d902-7708-4a76-8b3e-12aa75bab351,128ec9c0-9293-4d2f-bf04-855a76e8dbe0
5829,111,fcb6d902-7708-4a76-8b3e-12aa75bab351,accae554-284a-49d7-b402-049feab331af
5830,51,ed94e7e2-c7cc-4cbf-9e9b-e3ea3d775452,128ec9c0-9293-4d2f-bf04-855a76e8dbe0
5831,51,2c8854d2-4ac6-4978-8ed0-c5ef4960e3c7,128ec9c0-9293-4d2f-bf04-855a76e8dbe0
5832,51,82ada0da-ecef-444e-a07d-8da291bc04af,128ec9c0-9293-4d2f-bf04-855a76e8dbe0
5833,140,0fb08684-0eb5-4c96-ace0-015654702b6c,deabd6e3-9c2d-4a79-afef-942da4b9550d
5834,94,87e672d9-e26e-4304-b1b8-ffe615e63cef,25006cc4-a12b-4570-918f-78a97dca46a3
5835,23,860251d0-1ee8-479e-8b71-9727bc7bd065,b933ec53-1f11-4e21-a043-67a2419ee067
5835,140,860251d0-1ee8-479e-8b71-9727bc7bd065,deabd6e3-9c2d-4a79-afef-942da4b9550d
5836,140,bac0b93f-401c-4625-b471-fe8e93bad7d1,deabd6e3-9c2d-4a79-afef-942da4b9550d
5837,140,d29387cd-1025-4fae-84b5-01122cbe64fb,deabd6e3-9c2d-4a79-afef-942da4b9550d
5838,140,7cc81ec9-fb26-4194-870a-72c43999abe3,deabd6e3-9c2d-4a79-afef-942da4b9550d
5839,51,2003b53f-2b10-42af-983d-e78617b9ab3a,128ec9c0-9293-4d2f-bf04-855a76e8dbe0
5840,51,2b3d5882-7bb4-4eb8-bd82-6c445106eef1,128ec9c0-9293-4d2f-bf04-855a76e8dbe0
5841,51,78bc88a2-36a0-466c-b3f3-36a2c233fa06,128ec9c0-9293-4d2f-bf04-855a76e8dbe0
5842,35,7bf2f387-722e-49ce-af36-d58fc5f707cd,4e44d169-1292-4d6e-b5b9-fddc14fbbcdc
5842,40,7bf2f387-722e-49ce-af36-d58fc5f707cd,4fa23b9d-0f0a-49a5-848f-591e23711c37
5842,51,7bf2f387-722e-49ce-af36-d58fc5f707cd,128ec9c0-9293-4d2f-bf04-855a76e8dbe0
5843,51,9bd85ae1-e741-4f7c-b2ea-cd0423d84452,128ec9c0-9293-4d2f-bf04-855a76e8dbe0
5843,55,9bd85ae1-e741-4f7c-b2ea-cd0423d84452,270ebc71-de8e-476e-9eaf-4d3a9ac687da
5844,48,8eda7152-89c8-43b1-a46d-26818aaa9106,c5b0606d-4e0c-42cb-9abd-f99bf45fe357
5844,55,8eda7152-89c8-43b1-a46d-26818aaa9106,270ebc71-de8e-476e-9eaf-4d3a9ac687da
5844,56,8eda7152-89c8-43b1-a46d-26818aaa9106,fe758c24-6a48-4f9c-8424-ea1956da1ac4
5845,51,92cdd943-8706-4ee6-9392-a15dcaed7130,128ec9c0-9293-4d2f-bf04-855a76e8dbe0
5845,64,92cdd943-8706-4ee6-9392-a15dcaed7130,1e85dcaf-bd03-48dc-98bd-73e2e2779c7b
5845,109,92cdd943-8706-4ee6-9392-a15dcaed7130,564888a3-9c45-45fe-a75d-22f142fe28c1
5846,27,07fd9f78-bed7-4dfe-bdf4-e86c9c237d15,4f571464-c0f6-460c-a1f2-fd307f5fe744
5847,27,6fe91133-3518-47f0-909e-0d67b860de68,4f571464-c0f6-460c-a1f2-fd307f5fe744
5848,27,5d0497ff-49d7-416d-b24c-07c8254c49f0,4f571464-c0f6-460c-a1f2-fd307f5fe744
5849,27,66e80653-f681-4c05-adf6-4265132e7f4e,4f571464-c0f6-460c-a1f2-fd307f5fe744
5850,27,8fdc86da-c3d9-46f7-9acd-0f4b8a5602a0,4f571464-c0f6-460c-a1f2-fd307f5fe744
5851,27,e0f85357-a560-4e15-8678-3e58d631dca2,4f571464-c0f6-460c-a1f2-fd307f5fe744
5852,27,544fcad1-2015-41c9-a400-b2d4bdec7f8d,4f571464-c0f6-460c-a1f2-fd307f5fe744
5853,27,f3e1244f-ab15-40b6-88c0-51dfcdbb6d02,4f571464-c0f6-460c-a1f2-fd307f5fe744
5854,27,8d4a8db9-1ce9-4a6d-bbcf-a458186947a1,4f571464-c0f6-460c-a1f2-fd307f5fe744
5855,27,ca5246bb-b7d8-44b9-97cf-b229d5346ac9,4f571464-c0f6-460c-a1f2-fd307f5fe744
5856,27,e688ce99-0004-43dc-bbbf-c843a3171f09,4f571464-c0f6-460c-a1f2-fd307f5fe744
5857,27,a682a6a8-3efd-4f53-8051-0ace444868ff,4f571464-c0f6-460c-a1f2-fd307f5fe744
5858,27,8530caab-ce65-4d80-b319-ded297b45995,4f571464-c0f6-460c-a1f2-fd307f5fe744
5859,27,0077dc8a-6a23-4676-ac69-cd0de37bbf13,4f571464-c0f6-460c-a1f2-fd307f5fe744
5860,27,860af09b-4c3c-470e-a0a7-4c1cca9ddd82,4f571464-c0f6-460c-a1f2-fd307f5fe744
5861,27,83305dde-5905-4c8e-9b19-480458bc3ca5,4f571464-c0f6-460c-a1f2-fd307f5fe744
5862,27,89664a20-d2af-4321-9601-7ef5b036c945,4f571464-c0f6-460c-a1f2-fd307f5fe744
5863,27,d45fbad8-140d-4ae0-9636-f998f3fa18bd,4f571464-c0f6-460c-a1f2-fd307f5fe744
5864,27,d89c2fe7-c9c6-4d7c-9db9-3eba389ebe0a,4f571464-c0f6-460c-a1f2-fd307f5fe744
5865,56,194235e7-0e10-45cb-9174-b2d535a77bca,fe758c24-6a48-4f9c-8424-ea1956da1ac4
5866,56,a2880e1c-f275-437e-9d3d-bfc15cb24fca,fe758c24-6a48-4f9c-8424-ea1956da1ac4
5867,47,039d4d4e-08d9-43b2-b67b-e0d07f756972,2872938c-9c70-477b-83c3-3fe8ba4abc89
5868,51,471f3428-db1d-4c24-9947-ae5f00f83ff2,128ec9c0-9293-4d2f-bf04-855a76e8dbe0
5869,12,9ec9e808-c4f6-4512-938c-d43ad6b128a9,afec0769-74f7-4603-b3ca-584d53c058cc
5870,109,95869a24-f023-48e2-acb3-126f1d3b04da,564888a3-9c45-45fe-a75d-22f142fe28c1
5871,163,b4cfe0e6-15e6-4033-8464-da2416e03ed1,2e035bd0-4378-420d-b933-2dfee856b8f0
5872,12,f3f83e5b-e72c-4f80-b642-f6a814b7dc11,afec0769-74f7-4603-b3ca-584d53c058cc
5873,163,3bb0dd24-8454-4041-9a87-2e0291015b41,2e035bd0-4378-420d-b933-2dfee856b8f0
5874,118,e0ab2048-c333-4d99-a7e6-17ac45967ac8,7d02c046-57b7-4b14-9813-eb12fc2350e0
5875,51,bb33bd9c-e157-455d-a16b-bb3c257a70b4,128ec9c0-9293-4d2f-bf04-855a76e8dbe0
5875,163,bb33bd9c-e157-455d-a16b-bb3c257a70b4,2e035bd0-4378-420d-b933-2dfee856b8f0
5876,50,363e91a3-3d24-422b-85ff-d604503a5472,90c27777-4623-4460-9aa3-f57839e1a2ed
5877,139,c875ee79-9c2f-483c-a8d8-9159c4b2bb88,2e5acb96-569b-439b-b810-4108d057b544
5877,140,c875ee79-9c2f-483c-a8d8-9159c4b2bb88,deabd6e3-9c2d-4a79-afef-942da4b9550d
5878,163,62bd40de-60b4-4c2e-b159-7b3b5f583ddf,2e035bd0-4378-420d-b933-2dfee856b8f0
5879,118,d3b801b1-6895-4d6d-9a7d-5cae19f35e3d,7d02c046-57b7-4b14-9813-eb12fc2350e0
5880,118,e67ca74e-189e-4f3e-932f-0c101eb5ddeb,7d02c046-57b7-4b14-9813-eb12fc2350e0
5881,118,062bd8eb-af0b-4f7f-8dbc-8d621182acfd,7d02c046-57b7-4b14-9813-eb12fc2350e0
5882,118,839f49ee-efc5-4efc-945c-f32730530a5c,7d02c046-57b7-4b14-9813-eb12fc2350e0
5882,163,839f49ee-efc5-4efc-945c-f32730530a5c,2e035bd0-4378-420d-b933-2dfee856b8f0
5883,118,92148514-2a67-4ec3-aabc-c2413a39a44f,7d02c046-57b7-4b14-9813-eb12fc2350e0
5884,118,1635389d-53f2-49d7-ae58-2d37ae8216e6,7d02c046-57b7-4b14-9813-eb12fc2350e0
5885,118,2e082bc4-f0be-49ad-978e-0e67903ee02f,7d02c046-57b7-4b14-9813-eb12fc2350e0
5886,26,4032ac28-4697-4479-8f47-c4e8460d7ffe,5db38fdd-3b64-4392-9002-ce7512bf3ceb
5886,51,4032ac28-4697-4479-8f47-c4e8460d7ffe,128ec9c0-9293-4d2f-bf04-855a76e8dbe0
5887,26,97f52fc4-46ac-45e3-b314-2e056484638d,5db38fdd-3b64-4392-9002-ce7512bf3ceb
5888,140,8bcfe5ee-e741-4949-9d12-6a5338a2f35a,deabd6e3-9c2d-4a79-afef-942da4b9550d
5889,51,76b01d21-3e81-43b3-8371-cf4451801ef4,128ec9c0-9293-4d2f-bf04-855a76e8dbe0
5889,109,76b01d21-3e81-43b3-8371-cf4451801ef4,564888a3-9c45-45fe-a75d-22f142fe28c1
5889,139,76b01d21-3e81-43b3-8371-cf4451801ef4,2e5acb96-569b-439b-b810-4108d057b544
5889,140,76b01d21-3e81-43b3-8371-cf4451801ef4,deabd6e3-9c2d-4a79-afef-942da4b9550d
5890,94,9ff85a57-0dc0-4a65-bd08-8726e250e2d3,25006cc4-a12b-4570-918f-78a97dca46a3
5891,51,3ff55ef5-0c00-4b87-ad74-78bdbad1b9d7,128ec9c0-9293-4d2f-bf04-855a76e8dbe0
5892,51,60b63cb4-ab09-4386-9f55-aebceae8c725,128ec9c0-9293-4d2f-bf04-855a76e8dbe0
5893,40,9cf98472-126a-48ff-a57a-cc3b075c0f35,4fa23b9d-0f0a-49a5-848f-591e23711c37
5894,35,03d3a702-b9ac-40a3-baf6-b58e153f9e34,4e44d169-1292-4d6e-b5b9-fddc14fbbcdc
5894,55,03d3a702-b9ac-40a3-baf6-b58e153f9e34,270ebc71-de8e-476e-9eaf-4d3a9ac687da
5895,56,5ab92490-1db4-469f-9d36-2eecd6b97a39,fe758c24-6a48-4f9c-8424-ea1956da1ac4
5895,109,5ab92490-1db4-469f-9d36-2eecd6b97a39,564888a3-9c45-45fe-a75d-22f142fe28c1
5896,6,6881b8eb-863c-46e6-adfa-5f867701f826,60d0dc9e-4acd-4836-9376-f0bc5ea2f635
5897,35,1ccf015a-eff4-488b-9789-e9e94f43ff21,4e44d169-1292-4d6e-b5b9-fddc14fbbcdc
5897,137,1ccf015a-eff4-488b-9789-e9e94f43ff21,3387e5b6-d36d-4475-8b34-e918249b7474
5898,35,0e399b69-c13e-4569-8726-4f7c01ef1eb0,4e44d169-1292-4d6e-b5b9-fddc14fbbcdc
5898,137,0e399b69-c13e-4569-8726-4f7c01ef1eb0,3387e5b6-d36d-4475-8b34-e918249b7474
5899,51,945348f3-cec0-4349-8c50-b67498d1bb27,128ec9c0-9293-4d2f-bf04-855a76e8dbe0
5900,51,5601cd6d-fe43-419b-a79f-a31062d55f8e,128ec9c0-9293-4d2f-bf04-855a76e8dbe0
5901,46,86a4ca1c-62b5-4f58-a974-c9fbadecc0eb,3628564c-ce28-4570-8b37-4c1cc4ec385a
5901,51,86a4ca1c-62b5-4f58-a974-c9fbadecc0eb,128ec9c0-9293-4d2f-bf04-855a76e8dbe0
5902,51,e6cec5ad-b1df-4823-9e9a-24b13e47312e,128ec9c0-9293-4d2f-bf04-855a76e8dbe0
5902,109,e6cec5ad-b1df-4823-9e9a-24b13e47312e,564888a3-9c45-45fe-a75d-22f142fe28c1
5903,56,a1a7ae89-83d9-4d0f-8306-c9eaacd57efa,fe758c24-6a48-4f9c-8424-ea1956da1ac4
5904,51,e36783ce-39d3-4a3b-92ea-918f456cb70e,128ec9c0-9293-4d2f-bf04-855a76e8dbe0
5905,23,0a27a1b8-9a7e-4ffc-90f4-bee2874553d5,b933ec53-1f11-4e21-a043-67a2419ee067
5905,51,0a27a1b8-9a7e-4ffc-90f4-bee2874553d5,128ec9c0-9293-4d2f-bf04-855a76e8dbe0
5906,51,7bdc86ac-edab-4808-bce8-b962b7a1ad6c,128ec9c0-9293-4d2f-bf04-855a76e8dbe0
5907,35,e229ab65-efa5-4484-ad8d-6c04c401fd4b,4e44d169-1292-4d6e-b5b9-fddc14fbbcdc
5908,94,4caa6abb-0950-41fb-baf6-0f9c07cd0c5c,25006cc4-a12b-4570-918f-78a97dca46a3
5909,51,018abf16-a7b2-4aee-91a7-406aa7854e67,128ec9c0-9293-4d2f-bf04-855a76e8dbe0
5910,23,7c99ad16-ae40-420d-ad98-4f2975de2f94,b933ec53-1f11-4e21-a043-67a2419ee067
5911,51,304c884c-7741-4bda-b832-fe487cd3271d,128ec9c0-9293-4d2f-bf04-855a76e8dbe0
5912,35,8cd5e727-37cb-49cf-9d95-6921b65c6070,4e44d169-1292-4d6e-b5b9-fddc14fbbcdc
5912,51,8cd5e727-37cb-49cf-9d95-6921b65c6070,128ec9c0-9293-4d2f-bf04-855a76e8dbe0
5913,51,d94cfc44-aa15-4df8-9068-43257b14518b,128ec9c0-9293-4d2f-bf04-855a76e8dbe0
5914,35,97d177e4-b2d4-427c-b403-f592cfe4a67b,4e44d169-1292-4d6e-b5b9-fddc14fbbcdc
5914,51,97d177e4-b2d4-427c-b403-f592cfe4a67b,128ec9c0-9293-4d2f-bf04-855a76e8dbe0
5915,109,ea8be4ec-187b-45af-9959-0ddc21d0b52b,564888a3-9c45-45fe-a75d-22f142fe28c1
5916,51,df2c786a-34b7-4fc4-9f96-91c7f39974a9,128ec9c0-9293-4d2f-bf04-855a76e8dbe0
5917,51,86de3cdf-933d-478e-bab1-10a219ae103d,128ec9c0-9293-4d2f-bf04-855a76e8dbe0
5918,51,3ebdde65-c5f0-4e35-95c9-7e533b58e19f,128ec9c0-9293-4d2f-bf04-855a76e8dbe0
5919,51,c7f7e347-9ff9-4440-b1d4-3b7f6a1e338d,128ec9c0-9293-4d2f-bf04-855a76e8dbe0
5920,51,cd7b5ecc-055d-441a-9d4d-db924065b029,128ec9c0-9293-4d2f-bf04-855a76e8dbe0
5921,51,2ae37098-fee6-45c3-a81f-553b68277940,128ec9c0-9293-4d2f-bf04-855a76e8dbe0
5922,51,935df296-ea14-48be-8a5c-e18439619b07,128ec9c0-9293-4d2f-bf04-855a76e8dbe0
5923,51,da262c70-2da1-4b34-a4ad-c6c95d8183f9,128ec9c0-9293-4d2f-bf04-855a76e8dbe0
5924,51,05da94cc-1be8-4f0b-87f5-15b1e7d4ea6c,128ec9c0-9293-4d2f-bf04-855a76e8dbe0
5925,56,00130da6-94f5-49d9-863b-38e0a680cc06,fe758c24-6a48-4f9c-8424-ea1956da1ac4
5926,56,028a5fc2-ae06-4360-90e6-453915e519ec,fe758c24-6a48-4f9c-8424-ea1956da1ac4
5927,56,19f8c17d-56b9-4e88-a7b9-890c83ce1caa,fe758c24-6a48-4f9c-8424-ea1956da1ac4
5928,51,393e2d52-f72f-468a-a42b-1ba00b515b50,128ec9c0-9293-4d2f-bf04-855a76e8dbe0
5929,51,d9014174-1785-46db-bccd-d148efb46c2c,128ec9c0-9293-4d2f-bf04-855a76e8dbe0
5930,94,def153d4-48ab-49a2-a3a1-9865101b7ed1,25006cc4-a12b-4570-918f-78a97dca46a3
5930,126,def153d4-48ab-49a2-a3a1-9865101b7ed1,7a54cb57-4518-4ee3-b447-3ab0095a379f
5931,49,bca93684-3b25-4b3e-ae27-8e3581cfb70b,f2254bb4-1713-4d95-ac26-98d0ec049c0d
5932,51,b65df754-9138-4a7a-bfd9-51a24f739749,128ec9c0-9293-4d2f-bf04-855a76e8dbe0
5933,51,41233383-185e-4ad5-bf30-db1d0a55db7c,128ec9c0-9293-4d2f-bf04-855a76e8dbe0
5934,51,9878433c-8e63-4d44-aaea-06f04b80fc45,128ec9c0-9293-4d2f-bf04-855a76e8dbe0
5935,51,67455eec-8c39-437b-8937-749f5b4623cb,128ec9c0-9293-4d2f-bf04-855a76e8dbe0
5936,94,4b6ab40a-9a7d-4c73-a32c-c0bb8b995d0b,25006cc4-a12b-4570-918f-78a97dca46a3
5937,51,0f0fa356-821f-4bab-8a91-6afd1299fcc2,128ec9c0-9293-4d2f-bf04-855a76e8dbe0
5938,94,00faff41-8e11-4748-8649-46d767e8921f,25006cc4-a12b-4570-918f-78a97dca46a3
5938,126,00faff41-8e11-4748-8649-46d767e8921f,7a54cb57-4518-4ee3-b447-3ab0095a379f
5939,26,436884c5-0fbb-4db2-884c-7222dc069a1a,5db38fdd-3b64-4392-9002-ce7512bf3ceb
5939,51,436884c5-0fbb-4db2-884c-7222dc069a1a,128ec9c0-9293-4d2f-bf04-855a76e8dbe0
5940,13,42477686-7581-42b3-a2bc-2494fcd00c1e,a263e7c4-1347-484f-8344-72141530517c
5941,26,6f9ed74b-498a-4da8-a988-9095ff2fad8c,5db38fdd-3b64-4392-9002-ce7512bf3ceb
5942,51,46b42a45-32d6-464a-976f-1978918f4e61,128ec9c0-9293-4d2f-bf04-855a76e8dbe0
5943,51,7d7d6057-77fe-41d0-b8ef-f76adad78ff5,128ec9c0-9293-4d2f-bf04-855a76e8dbe0
5944,37,6e7b4b93-7cc3-4d06-8b55-8f122ee9cc1b,b523a9b5-b7cc-4c2c-8be9-2b42cb4dde0e
5944,51,6e7b4b93-7cc3-4d06-8b55-8f122ee9cc1b,128ec9c0-9293-4d2f-bf04-855a76e8dbe0
5945,163,4b9d9576-04dc-43cd-b779-3c89b8fee208,2e035bd0-4378-420d-b933-2dfee856b8f0
5946,157,ff11e94c-896e-4faf-9c9c-c5db173aa398,b249258a-dd6b-42c9-9b77-6b967655f43c
5947,109,3dc9cad5-d050-4a27-af30-c10dd19a55e4,564888a3-9c45-45fe-a75d-22f142fe28c1
5948,35,a91ddb44-586e-448d-9195-e24081ff299b,4e44d169-1292-4d6e-b5b9-fddc14fbbcdc
5948,51,a91ddb44-586e-448d-9195-e24081ff299b,128ec9c0-9293-4d2f-bf04-855a76e8dbe0
5948,55,a91ddb44-586e-448d-9195-e24081ff299b,270ebc71-de8e-476e-9eaf-4d3a9ac687da
5948,94,a91ddb44-586e-448d-9195-e24081ff299b,25006cc4-a12b-4570-918f-78a97dca46a3
5949,13,7751e921-b3a7-49e0-90cc-e25543f92596,a263e7c4-1347-484f-8344-72141530517c
5950,47,98512c44-f7b1-45c5-b682-f8f1b19fb1a3,2872938c-9c70-477b-83c3-3fe8ba4abc89
5951,47,aa513697-8d97-4e36-bb0f-0e84c02030d0,2872938c-9c70-477b-83c3-3fe8ba4abc89
5952,56,c9982930-ed67-4170-a8df-18df970e6ec2,fe758c24-6a48-4f9c-8424-ea1956da1ac4
5952,137,c9982930-ed67-4170-a8df-18df970e6ec2,3387e5b6-d36d-4475-8b34-e918249b7474
5953,56,402669cb-cce3-458d-bd2b-79c4264062bc,fe758c24-6a48-4f9c-8424-ea1956da1ac4
5953,137,402669cb-cce3-458d-bd2b-79c4264062bc,3387e5b6-d36d-4475-8b34-e918249b7474
5955,56,caafa1ca-013b-483b-ae0c-ae96734ed13b,fe758c24-6a48-4f9c-8424-ea1956da1ac4
5956,56,195b9ac0-4927-493e-88c9-aabb2cdcaed5,fe758c24-6a48-4f9c-8424-ea1956da1ac4
5956,137,195b9ac0-4927-493e-88c9-aabb2cdcaed5,3387e5b6-d36d-4475-8b34-e918249b7474
5957,56,4f0e0008-b446-4429-afed-4b94f756fcf6,fe758c24-6a48-4f9c-8424-ea1956da1ac4
5957,137,4f0e0008-b446-4429-afed-4b94f756fcf6,3387e5b6-d36d-4475-8b34-e918249b7474
5958,56,cc8515bb-bebb-41fa-939a-73403433e247,fe758c24-6a48-4f9c-8424-ea1956da1ac4
5959,56,6ecedddc-ade7-414f-ba8e-107cc16eaf5d,fe758c24-6a48-4f9c-8424-ea1956da1ac4
5960,56,c4dcbcc6-1e99-44ee-8586-01d1ef9eccd2,fe758c24-6a48-4f9c-8424-ea1956da1ac4
5961,56,d8c6962b-02a3-4696-bf24-207eec5f1f15,fe758c24-6a48-4f9c-8424-ea1956da1ac4
5962,56,ca441023-d39d-4e0d-9f39-6bb4aa65f325,fe758c24-6a48-4f9c-8424-ea1956da1ac4
5962,137,ca441023-d39d-4e0d-9f39-6bb4aa65f325,3387e5b6-d36d-4475-8b34-e918249b7474
5963,51,d4a43004-9f32-48cd-aeb2-18b51e050d0d,128ec9c0-9293-4d2f-bf04-855a76e8dbe0
5964,140,27fdd549-b252-4f93-afe9-bd863e35465f,deabd6e3-9c2d-4a79-afef-942da4b9550d
5965,56,57f5be31-8130-480e-b3b7-5259c90907d6,fe758c24-6a48-4f9c-8424-ea1956da1ac4
5966,56,da1aa164-11eb-4d3e-a54c-b10c6860732f,fe758c24-6a48-4f9c-8424-ea1956da1ac4
5967,56,bdee92df-9257-42cc-84a7-0690e6b9ef7b,fe758c24-6a48-4f9c-8424-ea1956da1ac4
5967,137,bdee92df-9257-42cc-84a7-0690e6b9ef7b,3387e5b6-d36d-4475-8b34-e918249b7474
5968,56,e9e2b9b2-af53-4395-a64d-3892c045a51c,fe758c24-6a48-4f9c-8424-ea1956da1ac4
5968,137,e9e2b9b2-af53-4395-a64d-3892c045a51c,3387e5b6-d36d-4475-8b34-e918249b7474
5969,56,d7facf53-2022-4569-8841-5494e8228202,fe758c24-6a48-4f9c-8424-ea1956da1ac4
5969,137,d7facf53-2022-4569-8841-5494e8228202,3387e5b6-d36d-4475-8b34-e918249b7474
5970,56,754d5db4-6826-4229-9941-464fbdfe396c,fe758c24-6a48-4f9c-8424-ea1956da1ac4
5970,137,754d5db4-6826-4229-9941-464fbdfe396c,3387e5b6-d36d-4475-8b34-e918249b7474
5971,56,0de8b763-22b6-46af-9000-282f374a88c7,fe758c24-6a48-4f9c-8424-ea1956da1ac4
5972,56,59f96e75-5936-47a8-9fcf-af503b072ad0,fe758c24-6a48-4f9c-8424-ea1956da1ac4
5973,51,0935e5ec-eff7-4d6f-99f7-3e3c26a0a7be,128ec9c0-9293-4d2f-bf04-855a76e8dbe0
5973,56,0935e5ec-eff7-4d6f-99f7-3e3c26a0a7be,fe758c24-6a48-4f9c-8424-ea1956da1ac4
5974,56,81785ea6-8640-4108-ad63-41559823ba7a,fe758c24-6a48-4f9c-8424-ea1956da1ac4
5974,137,81785ea6-8640-4108-ad63-41559823ba7a,3387e5b6-d36d-4475-8b34-e918249b7474
5975,56,3bc4313f-04bd-44cb-b120-3af75f5203b5,fe758c24-6a48-4f9c-8424-ea1956da1ac4
5977,137,08eddedc-b039-4be2-a65f-b364aab6a080,3387e5b6-d36d-4475-8b34-e918249b7474
5978,56,412cfcdb-eb9d-4412-be7c-e8e1e0f8a592,fe758c24-6a48-4f9c-8424-ea1956da1ac4
5979,94,71668d76-9508-4e07-80ba-c9b9657bceca,25006cc4-a12b-4570-918f-78a97dca46a3
5980,51,1a95db1e-c6b4-4fe5-adea-9bb0afc5337c,128ec9c0-9293-4d2f-bf04-855a76e8dbe0
5981,51,a02fe922-98cf-4d3f-bd28-a488e89c39c6,128ec9c0-9293-4d2f-bf04-855a76e8dbe0
5982,26,956234f3-cad0-4de0-87df-3b97a07fa26e,5db38fdd-3b64-4392-9002-ce7512bf3ceb
5983,26,558904d2-47fb-43b5-a128-9fce684930c1,5db38fdd-3b64-4392-9002-ce7512bf3ceb
5984,35,52e15e64-54b2-4c62-9a41-3816d53221e0,4e44d169-1292-4d6e-b5b9-fddc14fbbcdc
5984,137,52e15e64-54b2-4c62-9a41-3816d53221e0,3387e5b6-d36d-4475-8b34-e918249b7474
5985,112,98384ed2-3f5d-4c8a-8692-d42bf247dd9e,68cb3e51-ebdc-4355-bbff-0a3453a371f1
5986,35,c518b8fc-c65c-4ce2-803b-e48ed5b3e223,4e44d169-1292-4d6e-b5b9-fddc14fbbcdc
5986,51,c518b8fc-c65c-4ce2-803b-e48ed5b3e223,128ec9c0-9293-4d2f-bf04-855a76e8dbe0
5987,23,826347ca-6280-404d-9d73-84a820ce30e9,b933ec53-1f11-4e21-a043-67a2419ee067
5988,35,a7c5087c-1bb3-4f96-b8fb-543d1107bb7b,4e44d169-1292-4d6e-b5b9-fddc14fbbcdc
5989,56,77a8d3f7-53ff-4e47-a7bb-193a5a0c622f,fe758c24-6a48-4f9c-8424-ea1956da1ac4
5990,51,e53dbe56-ac62-47d9-bc9d-d1a0851f8266,128ec9c0-9293-4d2f-bf04-855a76e8dbe0
5990,109,e53dbe56-ac62-47d9-bc9d-d1a0851f8266,564888a3-9c45-45fe-a75d-22f142fe28c1
5991,51,555866e7-a71d-49f0-a98e-cfe9f9c0dc38,128ec9c0-9293-4d2f-bf04-855a76e8dbe0
5992,51,d6d3fd7f-38dd-4fdb-931e-c3dff7f7a58d,128ec9c0-9293-4d2f-bf04-855a76e8dbe0
5993,51,884090fb-0870-48fa-af03-b50f033ee4a7,128ec9c0-9293-4d2f-bf04-855a76e8dbe0
5994,51,7e611954-d431-40bd-ba13-5d42237e0611,128ec9c0-9293-4d2f-bf04-855a76e8dbe0
5995,94,b08e9d16-3e08-4eb4-bb34-0e47660e9c1f,25006cc4-a12b-4570-918f-78a97dca46a3
5996,51,09fe3c33-c3d2-49ec-8f63-0a344d7774ad,128ec9c0-9293-4d2f-bf04-855a76e8dbe0
5997,56,c5285ee8-e004-464d-b2f2-947ae66f8da8,fe758c24-6a48-4f9c-8424-ea1956da1ac4
5997,137,c5285ee8-e004-464d-b2f2-947ae66f8da8,3387e5b6-d36d-4475-8b34-e918249b7474
5998,56,7856aa29-7561-4f55-85b6-16b9d12dd3ea,fe758c24-6a48-4f9c-8424-ea1956da1ac4
5998,137,7856aa29-7561-4f55-85b6-16b9d12dd3ea,3387e5b6-d36d-4475-8b34-e918249b7474
5999,56,17c508a9-968a-480c-9c59-24f53718c43d,fe758c24-6a48-4f9c-8424-ea1956da1ac4
5999,137,17c508a9-968a-480c-9c59-24f53718c43d,3387e5b6-d36d-4475-8b34-e918249b7474
6000,56,0ac432a6-159e-4cd1-a50b-eae66a6e8a40,fe758c24-6a48-4f9c-8424-ea1956da1ac4
6001,56,38baeb06-9cb4-4ee3-ab66-19806974203e,fe758c24-6a48-4f9c-8424-ea1956da1ac4
6002,56,ad966c92-bf25-4685-9216-3a401f744804,fe758c24-6a48-4f9c-8424-ea1956da1ac4
6002,137,ad966c92-bf25-4685-9216-3a401f744804,3387e5b6-d36d-4475-8b34-e918249b7474
6003,51,afecf290-5384-40c8-9d32-38ecc6359ab1,128ec9c0-9293-4d2f-bf04-855a76e8dbe0
6004,56,1781f447-ebe6-4385-a4c2-68ba8b36c182,fe758c24-6a48-4f9c-8424-ea1956da1ac4
6005,56,e93798cb-7abf-476c-9611-25f0c63d2364,fe758c24-6a48-4f9c-8424-ea1956da1ac4
6006,56,c692edd4-9ad2-4b1f-a43d-f2ebb23c5cec,fe758c24-6a48-4f9c-8424-ea1956da1ac4
6006,137,c692edd4-9ad2-4b1f-a43d-f2ebb23c5cec,3387e5b6-d36d-4475-8b34-e918249b7474
6007,56,3a7c0107-020b-4d66-8f6a-7fe7f54f00ca,fe758c24-6a48-4f9c-8424-ea1956da1ac4
6008,56,b542c581-c605-4bd2-8361-04eb5d408761,fe758c24-6a48-4f9c-8424-ea1956da1ac4
6009,56,c764ed65-0eb6-4646-8ff5-3d1a87a28f0f,fe758c24-6a48-4f9c-8424-ea1956da1ac4
6010,56,3d2eef74-a2cf-4c84-9d99-7586292c454f,fe758c24-6a48-4f9c-8424-ea1956da1ac4
6011,56,5d9d2c3d-4c72-4cfc-a021-66c81ff3b335,fe758c24-6a48-4f9c-8424-ea1956da1ac4
6011,137,5d9d2c3d-4c72-4cfc-a021-66c81ff3b335,3387e5b6-d36d-4475-8b34-e918249b7474
6012,56,7e94dfdc-c423-4bfb-be8b-79938f6be12f,fe758c24-6a48-4f9c-8424-ea1956da1ac4
6013,56,965fff77-e2bd-44db-93fc-eaabb4e68a30,fe758c24-6a48-4f9c-8424-ea1956da1ac4
6013,137,965fff77-e2bd-44db-93fc-eaabb4e68a30,3387e5b6-d36d-4475-8b34-e918249b7474
6014,56,24dc310d-1c76-41c7-984a-59447c703d6d,fe758c24-6a48-4f9c-8424-ea1956da1ac4
6015,51,2d43c4e9-ab39-420c-86e7-94060f81820c,128ec9c0-9293-4d2f-bf04-855a76e8dbe0
6016,56,3248f061-7e92-4ead-838c-3ec8493eba30,fe758c24-6a48-4f9c-8424-ea1956da1ac4
6017,56,984974ce-baad-47ea-8fc6-a8bdddbad24b,fe758c24-6a48-4f9c-8424-ea1956da1ac4
6018,56,080f175f-922c-463d-8498-34d9380479cf,fe758c24-6a48-4f9c-8424-ea1956da1ac4
6019,56,fb9f657d-29fd-45ba-ade2-6cd217b16538,fe758c24-6a48-4f9c-8424-ea1956da1ac4
6020,35,2ca56c7b-81e6-4606-b864-194244719d60,4e44d169-1292-4d6e-b5b9-fddc14fbbcdc
6021,56,eb333402-fe13-4ea4-8663-2278200ad77f,fe758c24-6a48-4f9c-8424-ea1956da1ac4
6022,56,ee7ebf41-6b58-449e-9431-77ca4aef3aea,fe758c24-6a48-4f9c-8424-ea1956da1ac4
6023,56,769fe246-0469-49e1-8b82-7cafa8ee7c4e,fe758c24-6a48-4f9c-8424-ea1956da1ac4
6024,56,3a261694-4ab4-406b-8119-39433fa55d71,fe758c24-6a48-4f9c-8424-ea1956da1ac4
6025,56,60dd070d-48a0-41c6-8b92-7e413a2fad4a,fe758c24-6a48-4f9c-8424-ea1956da1ac4
6026,56,89975f3c-8c5d-4c95-985c-216ec97cf65b,fe758c24-6a48-4f9c-8424-ea1956da1ac4
6027,56,802aff09-c8e9-4452-b9b1-45c6ad4ae46b,fe758c24-6a48-4f9c-8424-ea1956da1ac4
6027,137,802aff09-c8e9-4452-b9b1-45c6ad4ae46b,3387e5b6-d36d-4475-8b34-e918249b7474
6029,56,e5f05278-2657-4dd5-85df-273cd5009993,fe758c24-6a48-4f9c-8424-ea1956da1ac4
6029,137,e5f05278-2657-4dd5-85df-273cd5009993,3387e5b6-d36d-4475-8b34-e918249b7474
6030,56,a3b7c0b0-10e2-46ae-9066-9741929c52f1,fe758c24-6a48-4f9c-8424-ea1956da1ac4
6030,137,a3b7c0b0-10e2-46ae-9066-9741929c52f1,3387e5b6-d36d-4475-8b34-e918249b7474
6032,56,99d1e769-4f17-4045-88b2-644f73539ea8,fe758c24-6a48-4f9c-8424-ea1956da1ac4
6033,56,f6ee8a10-6015-4685-bd5f-725ca867abfd,fe758c24-6a48-4f9c-8424-ea1956da1ac4
6034,40,84f9c3d7-ac77-4458-9b21-ea56d04bb95c,4fa23b9d-0f0a-49a5-848f-591e23711c37
6035,18,43878780-316e-4826-8179-08b37478ed15,9cdfa3f7-a653-43e7-94a8-b666f2d68914
6036,137,3da8641e-7fc7-4814-9a84-48d1e8d9f558,3387e5b6-d36d-4475-8b34-e918249b7474
6037,51,dca850ff-31d6-4f97-9367-853eab88fb8e,128ec9c0-9293-4d2f-bf04-855a76e8dbe0
6038,40,8cf9d079-61df-488e-848e-c1e28a4ebd0d,4fa23b9d-0f0a-49a5-848f-591e23711c37
6039,40,04fd4267-a525-4c22-b195-d85b92b45e2f,4fa23b9d-0f0a-49a5-848f-591e23711c37
6040,51,d3849057-e9d1-44f5-aca6-cb6fd3e5f974,128ec9c0-9293-4d2f-bf04-855a76e8dbe0
6041,40,05b6e329-bc84-4595-9507-d4299cb24171,4fa23b9d-0f0a-49a5-848f-591e23711c37
6041,137,05b6e329-bc84-4595-9507-d4299cb24171,3387e5b6-d36d-4475-8b34-e918249b7474
6042,40,10b0a36f-b9cc-4254-82bf-b83d9a03ecfa,4fa23b9d-0f0a-49a5-848f-591e23711c37
6042,137,10b0a36f-b9cc-4254-82bf-b83d9a03ecfa,3387e5b6-d36d-4475-8b34-e918249b7474
6043,46,9a4fab1a-5cfe-400a-9890-32544641aef0,3628564c-ce28-4570-8b37-4c1cc4ec385a
6043,51,9a4fab1a-5cfe-400a-9890-32544641aef0,128ec9c0-9293-4d2f-bf04-855a76e8dbe0
6044,56,9e49e705-714a-4d0c-af8e-6c1f9202d9ba,fe758c24-6a48-4f9c-8424-ea1956da1ac4
6045,51,ded09446-4cfb-4b26-9ed5-fe1e7bbee3fc,128ec9c0-9293-4d2f-bf04-855a76e8dbe0
6046,56,0bcd5b6a-c948-4ea1-b559-036cd83983b9,fe758c24-6a48-4f9c-8424-ea1956da1ac4
6047,51,c35ced99-67ef-49b3-aeaf-b42b122f10b0,128ec9c0-9293-4d2f-bf04-855a76e8dbe0
6048,40,f2c52eb5-7f56-474f-aa25-b7116b9d2fbd,4fa23b9d-0f0a-49a5-848f-591e23711c37
6048,51,f2c52eb5-7f56-474f-aa25-b7116b9d2fbd,128ec9c0-9293-4d2f-bf04-855a76e8dbe0
6050,140,69af2417-48fc-475d-a46b-d632078f1dab,deabd6e3-9c2d-4a79-afef-942da4b9550d
6051,40,7bc67202-94bf-4483-80c7-1c004117fee7,4fa23b9d-0f0a-49a5-848f-591e23711c37
6051,51,7bc67202-94bf-4483-80c7-1c004117fee7,128ec9c0-9293-4d2f-bf04-855a76e8dbe0
6052,35,efe7c269-7062-4794-ae88-06dc37288a41,4e44d169-1292-4d6e-b5b9-fddc14fbbcdc
6052,137,efe7c269-7062-4794-ae88-06dc37288a41,3387e5b6-d36d-4475-8b34-e918249b7474
6053,94,6f50ecec-3012-4502-bbcd-3dd491a2287d,25006cc4-a12b-4570-918f-78a97dca46a3
6054,51,ba0dfe02-4120-4935-ae96-d427193226d4,128ec9c0-9293-4d2f-bf04-855a76e8dbe0
6055,94,a316f375-77c7-4e73-979d-ce3a5407a659,25006cc4-a12b-4570-918f-78a97dca46a3
6056,40,04cbb42e-41ef-4b67-81db-6c83b4b8645a,4fa23b9d-0f0a-49a5-848f-591e23711c37
6057,40,484285e3-9701-4545-b101-c597f230cff2,4fa23b9d-0f0a-49a5-848f-591e23711c37
6057,51,484285e3-9701-4545-b101-c597f230cff2,128ec9c0-9293-4d2f-bf04-855a76e8dbe0
6058,51,c1b4c074-7964-493a-9a85-965a70a209a4,128ec9c0-9293-4d2f-bf04-855a76e8dbe0
6058,137,c1b4c074-7964-493a-9a85-965a70a209a4,3387e5b6-d36d-4475-8b34-e918249b7474
6059,51,a3e84010-4479-4f33-828d-6e3e8cebdaad,128ec9c0-9293-4d2f-bf04-855a76e8dbe0
6059,137,a3e84010-4479-4f33-828d-6e3e8cebdaad,3387e5b6-d36d-4475-8b34-e918249b7474
6060,51,4591508b-3c8b-49fe-8f67-d98e53ecd0dd,128ec9c0-9293-4d2f-bf04-855a76e8dbe0
6061,51,37eebbe4-20cb-4444-bc02-a501fc2bf5fc,128ec9c0-9293-4d2f-bf04-855a76e8dbe0
6062,51,4d06343c-8136-449c-8f4f-b9c1b5fbf2c3,128ec9c0-9293-4d2f-bf04-855a76e8dbe0
6063,51,30314cab-71b0-4cb6-92b5-136c4fda20f0,128ec9c0-9293-4d2f-bf04-855a76e8dbe0
6064,51,95263809-1dce-4a7a-8ead-d0f57683cdf6,128ec9c0-9293-4d2f-bf04-855a76e8dbe0
6065,51,8e3b6e84-b229-4975-9541-7ace879cdaa4,128ec9c0-9293-4d2f-bf04-855a76e8dbe0
6066,64,90364e47-e724-423b-97b3-15812f41618f,1e85dcaf-bd03-48dc-98bd-73e2e2779c7b
6067,51,a160648e-ab95-46f5-a0ea-92e71e452634,128ec9c0-9293-4d2f-bf04-855a76e8dbe0
6068,51,aca8ce2f-3e32-4505-b44e-cd768d46a347,128ec9c0-9293-4d2f-bf04-855a76e8dbe0
6069,35,bd27d5b5-af6e-4a41-b12a-fe41f20e9ea8,4e44d169-1292-4d6e-b5b9-fddc14fbbcdc
6070,94,0de33c2c-0270-42a7-98b4-59139c0347bf,25006cc4-a12b-4570-918f-78a97dca46a3
6071,51,a8be625b-6d21-46fc-9ac5-e2b8f7298d02,128ec9c0-9293-4d2f-bf04-855a76e8dbe0
6073,51,c855286b-2147-46b9-ab9f-c2d00a6517be,128ec9c0-9293-4d2f-bf04-855a76e8dbe0
6074,51,bb8db5c9-d30e-4942-8de2-f56a27db0a7a,128ec9c0-9293-4d2f-bf04-855a76e8dbe0
6075,51,d7787e18-bf29-4c4c-87fd-5dfcc11a9197,128ec9c0-9293-4d2f-bf04-855a76e8dbe0
6076,118,ca3030d4-4e26-4094-a485-374a74fa452f,7d02c046-57b7-4b14-9813-eb12fc2350e0
6077,35,51d7d52f-229e-4e1b-9a13-9eb665e00e32,4e44d169-1292-4d6e-b5b9-fddc14fbbcdc
6077,51,51d7d52f-229e-4e1b-9a13-9eb665e00e32,128ec9c0-9293-4d2f-bf04-855a76e8dbe0
6078,51,091f5c05-879b-4bea-9ad9-c6968dc765c8,128ec9c0-9293-4d2f-bf04-855a76e8dbe0
6079,51,426314f9-604e-434a-b7e6-31f5a976c86f,128ec9c0-9293-4d2f-bf04-855a76e8dbe0
6080,51,d5b9268a-df46-4115-bc13-386688841d1d,128ec9c0-9293-4d2f-bf04-855a76e8dbe0
6081,35,7760b341-8164-4c38-a0fc-816ffbdd16d4,4e44d169-1292-4d6e-b5b9-fddc14fbbcdc
6081,51,7760b341-8164-4c38-a0fc-816ffbdd16d4,128ec9c0-9293-4d2f-bf04-855a76e8dbe0
6081,56,7760b341-8164-4c38-a0fc-816ffbdd16d4,fe758c24-6a48-4f9c-8424-ea1956da1ac4
6081,109,7760b341-8164-4c38-a0fc-816ffbdd16d4,564888a3-9c45-45fe-a75d-22f142fe28c1
6082,51,f51f702f-7ebb-4bd2-a12f-d55eea3b6907,128ec9c0-9293-4d2f-bf04-855a76e8dbe0
6083,140,dd42a8d5-f418-4989-9103-e426c3da5f00,deabd6e3-9c2d-4a79-afef-942da4b9550d
6084,51,e597e41a-59bd-4c06-ad1b-f43e06acfb37,128ec9c0-9293-4d2f-bf04-855a76e8dbe0
6085,51,3e5664f6-c782-4290-914a-22dca33c6aaf,128ec9c0-9293-4d2f-bf04-855a76e8dbe0
6086,35,e259b4ac-4990-42c9-a637-a1a3eeebf9d1,4e44d169-1292-4d6e-b5b9-fddc14fbbcdc
6086,51,e259b4ac-4990-42c9-a637-a1a3eeebf9d1,128ec9c0-9293-4d2f-bf04-855a76e8dbe0
6086,67,e259b4ac-4990-42c9-a637-a1a3eeebf9d1,21d18762-d7d2-4ce4-a7b4-ea2efcbc1e17
6087,51,4c9b7b0b-4126-4837-873e-32a6ab244f56,128ec9c0-9293-4d2f-bf04-855a76e8dbe0
6088,51,8c053173-84c6-4490-b1ee-47ccf9ea92be,128ec9c0-9293-4d2f-bf04-855a76e8dbe0
6089,51,3e86440d-e18f-4c2b-8f70-1e0ee9b99004,128ec9c0-9293-4d2f-bf04-855a76e8dbe0
6090,51,887b2a5d-fbe6-4d60-8deb-26ed2701bf14,128ec9c0-9293-4d2f-bf04-855a76e8dbe0
6091,51,488ee481-6acc-4ea3-845c-a6295c77158c,128ec9c0-9293-4d2f-bf04-855a76e8dbe0
6092,51,d0c186c7-ede2-4c47-96d7-8dbc5f05e6b6,128ec9c0-9293-4d2f-bf04-855a76e8dbe0
6093,82,93461c69-18d8-4b46-81f7-724c852d9846,b4fdee65-3eb6-4778-bb61-a692022ef406
6094,51,003b0b1d-3e9f-47db-9c97-202a3411b354,128ec9c0-9293-4d2f-bf04-855a76e8dbe0
6095,51,8d076635-805e-498c-b2f3-101e3c3fc9fc,128ec9c0-9293-4d2f-bf04-855a76e8dbe0
6096,46,e15bd181-7070-46cf-879e-2658b3b00aa2,3628564c-ce28-4570-8b37-4c1cc4ec385a
6097,51,4308c46e-238a-4786-968b-f45945ff1f51,128ec9c0-9293-4d2f-bf04-855a76e8dbe0
6098,51,7e016d24-2943-4c64-a8e3-56df17b8112c,128ec9c0-9293-4d2f-bf04-855a76e8dbe0
6098,167,7e016d24-2943-4c64-a8e3-56df17b8112c,c46e0f34-c84d-4eaa-ab22-d1adf50bde59
6099,51,9755704e-1a8a-4f3e-b5b1-4d65ba1648b9,128ec9c0-9293-4d2f-bf04-855a76e8dbe0
6100,35,eda5a0bf-b589-4cac-9b1b-116d8d18292d,4e44d169-1292-4d6e-b5b9-fddc14fbbcdc
6101,51,e6802772-16df-49b0-bf24-0f901bae2d6b,128ec9c0-9293-4d2f-bf04-855a76e8dbe0
6102,51,bcee57fc-dd35-4b58-be49-b6a4debc5caf,128ec9c0-9293-4d2f-bf04-855a76e8dbe0
6103,51,5eb4172f-5617-42ce-895d-f62973fa01d5,128ec9c0-9293-4d2f-bf04-855a76e8dbe0
6104,51,d7f2dc4f-08bb-4aff-85f0-e79e423f3e18,128ec9c0-9293-4d2f-bf04-855a76e8dbe0
6105,51,62b5e3e4-5236-47d2-ba95-9299ed9b3691,128ec9c0-9293-4d2f-bf04-855a76e8dbe0
6106,51,18eb4502-14b1-46b3-8772-68c9c7b7ba21,128ec9c0-9293-4d2f-bf04-855a76e8dbe0
6107,51,9eff54d2-b636-469d-8bc4-e9888b879ecb,128ec9c0-9293-4d2f-bf04-855a76e8dbe0
6108,23,e2103204-72af-4858-8689-c5d401629bed,b933ec53-1f11-4e21-a043-67a2419ee067
6109,51,87735c88-abb0-4592-86c7-7e12b412e229,128ec9c0-9293-4d2f-bf04-855a76e8dbe0
6110,51,be4188b2-e5f8-4694-ab5f-da61c84b38ee,128ec9c0-9293-4d2f-bf04-855a76e8dbe0
6111,6,8b177a2a-517a-4848-ad1d-d2aa5399e7ff,60d0dc9e-4acd-4836-9376-f0bc5ea2f635
6112,51,319f7a13-a0c1-45c2-a633-81e8ecddfef7,128ec9c0-9293-4d2f-bf04-855a76e8dbe0
6113,51,779e4c70-9d47-429c-8101-0b79c3c6947c,128ec9c0-9293-4d2f-bf04-855a76e8dbe0
6114,94,f8a3cb58-ff36-4403-b84a-de3516a7d619,25006cc4-a12b-4570-918f-78a97dca46a3
6115,56,585b3f86-4ada-4160-a243-636eed7a68ad,fe758c24-6a48-4f9c-8424-ea1956da1ac4
6116,51,29ccbd3c-0a40-4a60-ae93-180e88846560,128ec9c0-9293-4d2f-bf04-855a76e8dbe0
6117,51,c27523d4-23e3-415f-a1dd-753f5502f204,128ec9c0-9293-4d2f-bf04-855a76e8dbe0
6117,140,c27523d4-23e3-415f-a1dd-753f5502f204,deabd6e3-9c2d-4a79-afef-942da4b9550d
6118,35,83876d96-7d9d-4ee4-9b63-4ed6e0c2dd94,4e44d169-1292-4d6e-b5b9-fddc14fbbcdc
6118,89,83876d96-7d9d-4ee4-9b63-4ed6e0c2dd94,d66c728d-eb3c-4695-a4d2-3f77f8a5ca59
6119,89,2abbab5c-9e90-439a-9495-2716d7aab093,d66c728d-eb3c-4695-a4d2-3f77f8a5ca59
6120,51,39d454fd-7560-48c5-9743-77cff9f941b2,128ec9c0-9293-4d2f-bf04-855a76e8dbe0
6121,51,a83c543c-d35e-4870-a877-8d24ad026021,128ec9c0-9293-4d2f-bf04-855a76e8dbe0
6122,51,54f4ff3d-5668-4302-bcc9-6d31859c4ee3,128ec9c0-9293-4d2f-bf04-855a76e8dbe0
6123,51,82a99d6c-9c35-4030-9e31-c57d87e13756,128ec9c0-9293-4d2f-bf04-855a76e8dbe0
6124,51,c609a9fb-8255-4ca6-9f45-17328ea43d5b,128ec9c0-9293-4d2f-bf04-855a76e8dbe0
6125,51,b1e1b9f9-2378-4f02-b4c9-cdeebc05cf0b,128ec9c0-9293-4d2f-bf04-855a76e8dbe0
6126,51,a4bfeea2-2c50-44b2-bd09-1642423d22bb,128ec9c0-9293-4d2f-bf04-855a76e8dbe0
6127,56,93345be9-2ef8-435b-8d8e-972bfaa552f3,fe758c24-6a48-4f9c-8424-ea1956da1ac4
6128,51,9e35497b-66d1-4d8b-89af-7f2d288d3cfd,128ec9c0-9293-4d2f-bf04-855a76e8dbe0
6129,140,2b9b1ac5-045f-47e8-9d36-fd1476f391f2,deabd6e3-9c2d-4a79-afef-942da4b9550d
6130,56,bd85ff0f-ea96-486b-b8fe-8160063ac928,fe758c24-6a48-4f9c-8424-ea1956da1ac4
6131,94,6ce204fe-a18d-43ad-9c5d-6efe32fda018,25006cc4-a12b-4570-918f-78a97dca46a3
6132,94,15e9448f-efc1-496a-8e77-39dd03b89bdd,25006cc4-a12b-4570-918f-78a97dca46a3
6133,51,e918d8da-8247-45a1-b956-06a9f9d93b73,128ec9c0-9293-4d2f-bf04-855a76e8dbe0
6134,94,855469a3-f83a-49b1-9aab-207a57628115,25006cc4-a12b-4570-918f-78a97dca46a3
6135,94,ec3aa1e0-d443-47c2-838a-071c91e10357,25006cc4-a12b-4570-918f-78a97dca46a3
6136,94,ba2f8d1d-f714-44dd-b49c-c9b4104a6727,25006cc4-a12b-4570-918f-78a97dca46a3
6137,51,5208c71e-8b1d-45b3-b8b9-3ae877b1d9ff,128ec9c0-9293-4d2f-bf04-855a76e8dbe0
6138,94,431129a1-51aa-42f9-815b-d45ad6f16e8a,25006cc4-a12b-4570-918f-78a97dca46a3
6138,126,431129a1-51aa-42f9-815b-d45ad6f16e8a,7a54cb57-4518-4ee3-b447-3ab0095a379f
6139,23,284e9287-a1af-4180-b4c0-1a9a7c07b612,b933ec53-1f11-4e21-a043-67a2419ee067
6140,89,cdeb1438-0aed-4196-a477-d32e7b2bfaa3,d66c728d-eb3c-4695-a4d2-3f77f8a5ca59
6141,94,67ff9ec0-24d9-417f-9863-cbfcd1b933d1,25006cc4-a12b-4570-918f-78a97dca46a3
6142,94,7484b335-14ae-4fea-8013-1c2211894b4a,25006cc4-a12b-4570-918f-78a97dca46a3
6143,94,3c2fd4df-1202-4de4-a878-046f7293603f,25006cc4-a12b-4570-918f-78a97dca46a3
6144,56,d57ac0a8-f3ec-47ec-ba9d-b5ffd012cbe1,fe758c24-6a48-4f9c-8424-ea1956da1ac4
6145,140,b538dc24-92de-4177-9997-9c5cea193e28,deabd6e3-9c2d-4a79-afef-942da4b9550d
6145,163,b538dc24-92de-4177-9997-9c5cea193e28,2e035bd0-4378-420d-b933-2dfee856b8f0
6146,23,6df38e74-a365-4e17-bfba-b61f1cd59abe,b933ec53-1f11-4e21-a043-67a2419ee067
6147,51,fa0154fb-1889-4d79-a8ab-c76a3cb658b1,128ec9c0-9293-4d2f-bf04-855a76e8dbe0
6148,51,0ccb47d2-5b27-4ab6-ad23-d4d312ecffe2,128ec9c0-9293-4d2f-bf04-855a76e8dbe0
6149,35,4a96acda-b47c-419d-9b7f-75ed7895faff,4e44d169-1292-4d6e-b5b9-fddc14fbbcdc
6149,137,4a96acda-b47c-419d-9b7f-75ed7895faff,3387e5b6-d36d-4475-8b34-e918249b7474
6150,51,7d8f2c65-a606-42d9-af68-e34574d85e7c,128ec9c0-9293-4d2f-bf04-855a76e8dbe0
6151,51,b1c7b5dd-088f-4569-b547-8e30c5e97d06,128ec9c0-9293-4d2f-bf04-855a76e8dbe0
6152,51,9777678b-f561-4120-a286-e286e24cfaad,128ec9c0-9293-4d2f-bf04-855a76e8dbe0
6153,35,40420833-0681-4c03-adbd-f354b6008258,4e44d169-1292-4d6e-b5b9-fddc14fbbcdc
6153,137,40420833-0681-4c03-adbd-f354b6008258,3387e5b6-d36d-4475-8b34-e918249b7474
6154,51,3836de23-31c9-4dca-9c6b-a8c788b3225f,128ec9c0-9293-4d2f-bf04-855a76e8dbe0
6154,109,3836de23-31c9-4dca-9c6b-a8c788b3225f,564888a3-9c45-45fe-a75d-22f142fe28c1
6155,51,5685ee8b-d2f7-4ebe-9c0b-6a4c171b4c43,128ec9c0-9293-4d2f-bf04-855a76e8dbe0
6156,51,c723a907-db2f-4fdf-898c-b454afd7a80b,128ec9c0-9293-4d2f-bf04-855a76e8dbe0
6157,51,e41f5254-6c3a-48e6-9078-d6e0adba51bd,128ec9c0-9293-4d2f-bf04-855a76e8dbe0
6157,137,e41f5254-6c3a-48e6-9078-d6e0adba51bd,3387e5b6-d36d-4475-8b34-e918249b7474
6158,109,3dfb5aad-fb3c-41cb-9df5-29499f888191,564888a3-9c45-45fe-a75d-22f142fe28c1
6159,40,748914a4-67ad-46dd-8518-c59e105ab92c,4fa23b9d-0f0a-49a5-848f-591e23711c37
6160,35,55bda32b-6b2c-45c0-bc36-1333822af0a2,4e44d169-1292-4d6e-b5b9-fddc14fbbcdc
6160,137,55bda32b-6b2c-45c0-bc36-1333822af0a2,3387e5b6-d36d-4475-8b34-e918249b7474
6161,51,6cf983cf-1ece-488a-a17c-f083f22b0f66,128ec9c0-9293-4d2f-bf04-855a76e8dbe0
6162,51,852d1e45-6709-40f1-bc7f-612e4cfef2f5,128ec9c0-9293-4d2f-bf04-855a76e8dbe0
6163,51,6781e42a-4011-4ee3-9e7e-65d79b51df1a,128ec9c0-9293-4d2f-bf04-855a76e8dbe0
6163,137,6781e42a-4011-4ee3-9e7e-65d79b51df1a,3387e5b6-d36d-4475-8b34-e918249b7474
6165,93,3ee4103c-fc25-41ce-94b5-daa260c94dc0,38962bb9-86b9-4d16-ad61-6436782a7783
6166,51,99f95e0a-13f4-4522-a5f8-882b00f20893,128ec9c0-9293-4d2f-bf04-855a76e8dbe0
6167,51,acef0d4f-7bbc-4ae3-bcf3-ed695a7b64f9,128ec9c0-9293-4d2f-bf04-855a76e8dbe0
6168,137,989c3bf9-4e9c-4d02-a077-4b6ed69c5b18,3387e5b6-d36d-4475-8b34-e918249b7474
6169,109,b27f0be0-6a37-430c-b442-ce390a1e9711,564888a3-9c45-45fe-a75d-22f142fe28c1
6170,51,298e7a0d-b0bc-4c7a-a11b-07c26d82c630,128ec9c0-9293-4d2f-bf04-855a76e8dbe0
6170,91,298e7a0d-b0bc-4c7a-a11b-07c26d82c630,63ec02b2-1117-4d26-bc1e-02ef725729eb
6171,51,750fd616-282a-4a3d-8bc6-9be27e2de4ac,128ec9c0-9293-4d2f-bf04-855a76e8dbe0
6172,56,63384bb1-5d18-46c2-9b29-574af3e2e54e,fe758c24-6a48-4f9c-8424-ea1956da1ac4
6173,51,ad18816d-9039-481a-8521-7ad137e75f85,128ec9c0-9293-4d2f-bf04-855a76e8dbe0
6175,51,388a6421-dc4f-4950-8397-df2430e0ee39,128ec9c0-9293-4d2f-bf04-855a76e8dbe0
6176,51,96055078-5dc8-4038-99ba-43177605c144,128ec9c0-9293-4d2f-bf04-855a76e8dbe0
6176,112,96055078-5dc8-4038-99ba-43177605c144,68cb3e51-ebdc-4355-bbff-0a3453a371f1
6177,51,9d656ac8-c446-4f05-879e-f21fa8e5f2a4,128ec9c0-9293-4d2f-bf04-855a76e8dbe0
6178,137,e28e2d02-b68c-4b9f-9465-21c20baa368c,3387e5b6-d36d-4475-8b34-e918249b7474
6179,94,9c3c24a2-6884-46cc-9eb7-bc7ec1a3610d,25006cc4-a12b-4570-918f-78a97dca46a3
6180,126,09319f63-62c5-4881-9df3-1143c25f4125,7a54cb57-4518-4ee3-b447-3ab0095a379f
6181,94,6d66e2a6-50f5-4136-a6c4-724c05edaf19,25006cc4-a12b-4570-918f-78a97dca46a3
6182,94,cc656f7c-a1bc-45ae-9133-aa861a2bd26a,25006cc4-a12b-4570-918f-78a97dca46a3
6183,94,6077c75d-9794-4411-b250-6ff36bd51990,25006cc4-a12b-4570-918f-78a97dca46a3
6184,35,bf70eb6b-536d-4669-82c0-d5066059ea8a,4e44d169-1292-4d6e-b5b9-fddc14fbbcdc
6185,35,94f7b219-e0a3-48f2-bc0d-58d7b14d4758,4e44d169-1292-4d6e-b5b9-fddc14fbbcdc
6185,51,94f7b219-e0a3-48f2-bc0d-58d7b14d4758,128ec9c0-9293-4d2f-bf04-855a76e8dbe0
6186,40,534165fd-04b2-4701-abce-7301736c0a2f,4fa23b9d-0f0a-49a5-848f-591e23711c37
6186,51,534165fd-04b2-4701-abce-7301736c0a2f,128ec9c0-9293-4d2f-bf04-855a76e8dbe0
6187,51,44cefcd2-d5de-4df3-8b37-ffac516ca7b3,128ec9c0-9293-4d2f-bf04-855a76e8dbe0
6188,51,cb66eacb-ea43-49dd-ad14-ef86b62c9a9a,128ec9c0-9293-4d2f-bf04-855a76e8dbe0
6189,71,aa213ae5-db26-4e67-93d4-cca915c03e5d,363840f9-6f1c-4ee4-b67f-159d8998e1d9
6190,51,3fd11e99-13ed-443e-8a6c-ff8c57f7c75f,128ec9c0-9293-4d2f-bf04-855a76e8dbe0
6191,35,0732de8b-fa0b-48e2-8351-66033d3f7617,4e44d169-1292-4d6e-b5b9-fddc14fbbcdc
6191,40,0732de8b-fa0b-48e2-8351-66033d3f7617,4fa23b9d-0f0a-49a5-848f-591e23711c37
6191,41,0732de8b-fa0b-48e2-8351-66033d3f7617,45040cf8-bcce-4383-acc5-eacf98b8efa7
6191,51,0732de8b-fa0b-48e2-8351-66033d3f7617,128ec9c0-9293-4d2f-bf04-855a76e8dbe0
6191,123,0732de8b-fa0b-48e2-8351-66033d3f7617,e282bd33-9620-400d-91e8-b974d12c0866
6192,51,94604dac-8e7c-43ce-a7f7-4a1b126f7b13,128ec9c0-9293-4d2f-bf04-855a76e8dbe0
6193,51,bf0efda5-8eed-4694-838c-e289189c3d7a,128ec9c0-9293-4d2f-bf04-855a76e8dbe0
6194,51,e04cf6c7-fff4-4fd2-88f9-1c2068d03011,128ec9c0-9293-4d2f-bf04-855a76e8dbe0
6195,51,9c11bb7f-7960-4013-a34a-dc2a827ab672,128ec9c0-9293-4d2f-bf04-855a76e8dbe0
6196,40,03de7b10-47a1-4980-9aea-2a749d3297c3,4fa23b9d-0f0a-49a5-848f-591e23711c37
6196,109,03de7b10-47a1-4980-9aea-2a749d3297c3,564888a3-9c45-45fe-a75d-22f142fe28c1
6197,51,2ee37f72-4ccf-4170-bf9c-73b1ecae11f4,128ec9c0-9293-4d2f-bf04-855a76e8dbe0
6197,109,2ee37f72-4ccf-4170-bf9c-73b1ecae11f4,564888a3-9c45-45fe-a75d-22f142fe28c1
6198,51,0ca54e6c-164b-4c98-a68b-f68cce18457c,128ec9c0-9293-4d2f-bf04-855a76e8dbe0
6199,35,3214d4ca-f2c5-44dc-93ec-0a44921465b1,4e44d169-1292-4d6e-b5b9-fddc14fbbcdc
6199,40,3214d4ca-f2c5-44dc-93ec-0a44921465b1,4fa23b9d-0f0a-49a5-848f-591e23711c37
6199,51,3214d4ca-f2c5-44dc-93ec-0a44921465b1,128ec9c0-9293-4d2f-bf04-855a76e8dbe0
6199,56,3214d4ca-f2c5-44dc-93ec-0a44921465b1,fe758c24-6a48-4f9c-8424-ea1956da1ac4
6199,67,3214d4ca-f2c5-44dc-93ec-0a44921465b1,21d18762-d7d2-4ce4-a7b4-ea2efcbc1e17
6199,94,3214d4ca-f2c5-44dc-93ec-0a44921465b1,25006cc4-a12b-4570-918f-78a97dca46a3
6199,109,3214d4ca-f2c5-44dc-93ec-0a44921465b1,564888a3-9c45-45fe-a75d-22f142fe28c1
6200,56,35cb24f5-c78e-4d85-a510-d911ae7ceee2,fe758c24-6a48-4f9c-8424-ea1956da1ac4
6201,35,d78b859e-2b92-414c-889b-24ce58506bfe,4e44d169-1292-4d6e-b5b9-fddc14fbbcdc
6201,137,d78b859e-2b92-414c-889b-24ce58506bfe,3387e5b6-d36d-4475-8b34-e918249b7474
6202,51,8ed23d1a-598b-440a-af84-2cea190557b0,128ec9c0-9293-4d2f-bf04-855a76e8dbe0
6203,51,3e557198-5608-4a87-92ed-5b836369b52e,128ec9c0-9293-4d2f-bf04-855a76e8dbe0
6204,47,43071920-c1e9-435a-b87d-52408fbf529c,2872938c-9c70-477b-83c3-3fe8ba4abc89
6205,47,39f1f39d-2c3a-470d-bc67-517350c7664b,2872938c-9c70-477b-83c3-3fe8ba4abc89
6206,47,943bdc40-8499-452a-ba87-7744239a8cc6,2872938c-9c70-477b-83c3-3fe8ba4abc89
6206,115,943bdc40-8499-452a-ba87-7744239a8cc6,70f08629-bd0f-420c-95d9-6d0244c63fc2
6207,47,5b6c3352-b359-47ca-96b6-c0254752751c,2872938c-9c70-477b-83c3-3fe8ba4abc89
6208,137,be0ae145-b5b9-4ce3-80d0-7a257902911a,3387e5b6-d36d-4475-8b34-e918249b7474
6209,47,ba792839-1364-483f-a953-e64730f0a581,2872938c-9c70-477b-83c3-3fe8ba4abc89
6210,47,e717a8a3-c734-43fb-8891-d17a349c036e,2872938c-9c70-477b-83c3-3fe8ba4abc89
6211,137,325bacce-58c5-49e9-9457-901c84565318,3387e5b6-d36d-4475-8b34-e918249b7474
6212,137,4d6f16bc-a4a4-4509-a840-a4e2398b3096,3387e5b6-d36d-4475-8b34-e918249b7474
6213,137,038fbff2-9663-4f44-94ed-959a2a830c53,3387e5b6-d36d-4475-8b34-e918249b7474
6214,47,56db3ed7-017d-48df-a360-69e21d06c6ca,2872938c-9c70-477b-83c3-3fe8ba4abc89
6215,47,a12b0e74-083c-43dd-9d6f-45852d847c29,2872938c-9c70-477b-83c3-3fe8ba4abc89
6216,90,7f86c238-b9d6-4577-9693-c8669e773881,15063be2-23ca-4b30-ac32-dce9586f186b
6217,90,6b832058-8304-423b-83cf-f6ce44c5e7e6,15063be2-23ca-4b30-ac32-dce9586f186b
6218,47,1fb2f5bf-6804-4cef-9c85-6ede73d0b837,2872938c-9c70-477b-83c3-3fe8ba4abc89
6219,115,6be049a7-914e-46a4-9e6a-db0ef4ccda74,70f08629-bd0f-420c-95d9-6d0244c63fc2
6220,145,514ac930-1d64-48d7-aa52-8b20a3bec704,297d4d32-8572-402a-b355-667664ddfb76
6221,47,8ecb0323-47ec-45fa-b50c-99a986ab949f,2872938c-9c70-477b-83c3-3fe8ba4abc89
6222,139,879b511d-9e45-4f17-9b76-480f2191c11b,2e5acb96-569b-439b-b810-4108d057b544
6223,40,3c86e4ff-aae9-46ac-87f7-fdcac5c31dd2,4fa23b9d-0f0a-49a5-848f-591e23711c37
6224,47,26e46aa0-47d2-4d63-aa77-f686c6bc1cc1,2872938c-9c70-477b-83c3-3fe8ba4abc89
6224,56,26e46aa0-47d2-4d63-aa77-f686c6bc1cc1,fe758c24-6a48-4f9c-8424-ea1956da1ac4
6225,94,60cb9f26-593e-4af1-8d7a-877c6a66998f,25006cc4-a12b-4570-918f-78a97dca46a3
6226,51,90fd4092-f898-43c1-89e4-035cf7fcd42b,128ec9c0-9293-4d2f-bf04-855a76e8dbe0
6227,51,731dbbd5-9118-4a4e-8c05-d38a02d12cae,128ec9c0-9293-4d2f-bf04-855a76e8dbe0
6228,94,a7bc6b37-9ded-4ac1-81a9-6ad02145f3f5,25006cc4-a12b-4570-918f-78a97dca46a3
6229,94,013f6c13-88e6-4615-8873-3e3e326845e0,25006cc4-a12b-4570-918f-78a97dca46a3
6230,51,797000f5-a044-4c7a-9aa8-69478384fb0f,128ec9c0-9293-4d2f-bf04-855a76e8dbe0
6231,26,0b02c794-5fcd-416b-8646-fb9b81458d59,5db38fdd-3b64-4392-9002-ce7512bf3ceb
6232,51,826c243f-2694-4cd7-999c-5838139d272f,128ec9c0-9293-4d2f-bf04-855a76e8dbe0
6233,51,0ad5ad2b-feb6-47b4-be1f-01a27eca6826,128ec9c0-9293-4d2f-bf04-855a76e8dbe0
6234,137,83626b74-523b-4a07-8d2a-8102baa467bc,3387e5b6-d36d-4475-8b34-e918249b7474
6235,47,0071b256-3822-47eb-896e-aeb0a9091b4a,2872938c-9c70-477b-83c3-3fe8ba4abc89
6236,47,16ac5a47-c93e-40f1-a230-cc396d1d9508,2872938c-9c70-477b-83c3-3fe8ba4abc89
6237,47,5ef9e0d4-5d18-4891-96b6-afc2076e396e,2872938c-9c70-477b-83c3-3fe8ba4abc89
6238,47,432e2454-34a2-40a1-b699-fbb6e987045e,2872938c-9c70-477b-83c3-3fe8ba4abc89
6239,47,58b7ac97-d3a8-45e9-84a2-2234bfa0f745,2872938c-9c70-477b-83c3-3fe8ba4abc89
6240,109,5380ec71-cd2d-4e08-90c0-f3e8f194fd61,564888a3-9c45-45fe-a75d-22f142fe28c1
6241,35,ecb0e707-2781-4efc-8bda-7fe862c1be6d,4e44d169-1292-4d6e-b5b9-fddc14fbbcdc
6243,137,981c7811-12e6-4dec-bf4d-4c7b710f4974,3387e5b6-d36d-4475-8b34-e918249b7474
6244,27,1906069e-59e0-4f1c-bcfb-809d5b4ec248,4f571464-c0f6-460c-a1f2-fd307f5fe744
6245,51,4a7712d8-8e68-47eb-832c-1e7f520e866b,128ec9c0-9293-4d2f-bf04-855a76e8dbe0
6246,94,636f2059-d71b-4aaf-b20b-fcadf3d72482,25006cc4-a12b-4570-918f-78a97dca46a3
6247,51,6cef8be6-2074-44bb-9317-38674d4616fb,128ec9c0-9293-4d2f-bf04-855a76e8dbe0
6248,51,e7de69d6-c535-4239-8099-ad53a1248ae7,128ec9c0-9293-4d2f-bf04-855a76e8dbe0
6249,51,a96df9e4-b933-4059-b52f-38db0686abf6,128ec9c0-9293-4d2f-bf04-855a76e8dbe0
6250,113,8a577c9a-471e-4b06-9dc4-24cd1984a613,dd7f7eb4-8ef6-47a5-bf4f-dba9a54d4a3b
6250,142,8a577c9a-471e-4b06-9dc4-24cd1984a613,942de002-9a05-4cd5-b3d3-10a7b5c58de5
6251,134,e000f341-630d-412a-809a-227248432d4f,b3cfa286-80f5-4540-a90b-cee2fd1999f4
6252,94,b975124b-ec26-4ba1-97c9-d732e1cf7b64,25006cc4-a12b-4570-918f-78a97dca46a3
6253,47,e34ca0b7-38d3-4a15-8904-fce80de7eb5c,2872938c-9c70-477b-83c3-3fe8ba4abc89
6254,51,536b86e0-32c5-4ca2-ad94-c5e05ec6bb24,128ec9c0-9293-4d2f-bf04-855a76e8dbe0
6255,137,164d99b3-d273-4c23-ac2f-597908817ff1,3387e5b6-d36d-4475-8b34-e918249b7474
6256,47,fe376a6e-3515-419f-846a-d289f11e7ea6,2872938c-9c70-477b-83c3-3fe8ba4abc89
6257,47,b8333031-b3e5-4448-b26e-f8c79b4e7f5d,2872938c-9c70-477b-83c3-3fe8ba4abc89
6258,123,55ef2fa9-2fea-47c9-9c7d-1ec99870db9b,e282bd33-9620-400d-91e8-b974d12c0866
6259,139,34fd53e0-7cf9-4fe6-a48e-5fe8837c87eb,2e5acb96-569b-439b-b810-4108d057b544
6260,140,53c81987-cb06-456f-950d-c86adbdf3c6d,deabd6e3-9c2d-4a79-afef-942da4b9550d
6261,140,e26c8e6b-9794-4be4-86de-feed9d980119,deabd6e3-9c2d-4a79-afef-942da4b9550d
6262,140,c39a1d09-da0e-403f-bd5f-0019c8c801d3,deabd6e3-9c2d-4a79-afef-942da4b9550d
6263,51,6f630cb7-d804-44aa-8cbd-05dd1f3ee74b,128ec9c0-9293-4d2f-bf04-855a76e8dbe0
6263,140,6f630cb7-d804-44aa-8cbd-05dd1f3ee74b,deabd6e3-9c2d-4a79-afef-942da4b9550d
6264,140,b20d838d-ee6b-4519-a57a-8de9c7365c55,deabd6e3-9c2d-4a79-afef-942da4b9550d
6265,140,49f7b9f6-756c-4ea6-bc9d-44dcfbf9cdd0,deabd6e3-9c2d-4a79-afef-942da4b9550d
6266,64,f6fed3b4-afd4-4e0a-a0e3-8e97ad60ca13,1e85dcaf-bd03-48dc-98bd-73e2e2779c7b
6267,64,1ac5aa5c-f37e-4dab-994c-2e0f861a98cb,1e85dcaf-bd03-48dc-98bd-73e2e2779c7b
6268,51,edbebce0-7a5c-4f6e-8237-64dbff2f6dc3,128ec9c0-9293-4d2f-bf04-855a76e8dbe0
6269,51,d225953e-78dc-4d33-bd7c-9ab62f0a2851,128ec9c0-9293-4d2f-bf04-855a76e8dbe0
6270,47,f2bfd7ac-a433-4144-9be9-709bec75d7f4,2872938c-9c70-477b-83c3-3fe8ba4abc89
6271,47,a6a9eb3a-d52f-4e75-8a73-ace7915ea6d3,2872938c-9c70-477b-83c3-3fe8ba4abc89
6272,94,65f52b25-312d-47c8-8ba8-02240385ede8,25006cc4-a12b-4570-918f-78a97dca46a3
6273,34,5eec3813-2c9c-4da5-b887-64261cce1f6d,db5c71e1-57ef-4e4d-b808-9c9c6d40f47f
6274,34,fd3d43e2-75f7-4841-bbae-ceb7da92caaf,db5c71e1-57ef-4e4d-b808-9c9c6d40f47f
6274,51,fd3d43e2-75f7-4841-bbae-ceb7da92caaf,128ec9c0-9293-4d2f-bf04-855a76e8dbe0
6275,51,53ba2941-ee71-4487-93dd-19c8599e9b59,128ec9c0-9293-4d2f-bf04-855a76e8dbe0
6276,51,00a34c12-6dfe-476b-9531-94f755e0ee72,128ec9c0-9293-4d2f-bf04-855a76e8dbe0
6277,73,02ecd502-8020-4c3c-968b-9f9c6114f4d7,450c6427-d40b-40ff-9c41-811ba47c6dc4
6278,51,43d21d34-1741-42ba-a133-29d42fda6588,128ec9c0-9293-4d2f-bf04-855a76e8dbe0
6278,140,43d21d34-1741-42ba-a133-29d42fda6588,deabd6e3-9c2d-4a79-afef-942da4b9550d
6279,51,930ca7eb-d721-44bc-b731-ba0fe7a5ced8,128ec9c0-9293-4d2f-bf04-855a76e8dbe0
6280,51,785ab1ec-3e1a-4f45-8e0f-32f3f1c82a98,128ec9c0-9293-4d2f-bf04-855a76e8dbe0
6281,51,f06723a9-d560-4781-ae2e-6eef97832b1d,128ec9c0-9293-4d2f-bf04-855a76e8dbe0
6282,51,340d76df-e6a9-4c8a-9651-0bb4cb5a2d2a,128ec9c0-9293-4d2f-bf04-855a76e8dbe0
6283,51,350a560e-6dff-41bc-b8f2-5dd467ff964c,128ec9c0-9293-4d2f-bf04-855a76e8dbe0
6284,51,863365f4-3a58-47fa-93ae-8b806880b8e6,128ec9c0-9293-4d2f-bf04-855a76e8dbe0
6284,56,863365f4-3a58-47fa-93ae-8b806880b8e6,fe758c24-6a48-4f9c-8424-ea1956da1ac4
6284,89,863365f4-3a58-47fa-93ae-8b806880b8e6,d66c728d-eb3c-4695-a4d2-3f77f8a5ca59
6285,56,135ceebd-92bd-4d5d-a866-62079d93ca0c,fe758c24-6a48-4f9c-8424-ea1956da1ac4
6286,56,306d571a-9bec-4905-81a8-4b7064f4d9c8,fe758c24-6a48-4f9c-8424-ea1956da1ac4
6287,56,4d97d359-d3f5-4832-ad55-46a7f6a44366,fe758c24-6a48-4f9c-8424-ea1956da1ac4
6288,56,67dd5bbb-88d4-424c-a6b0-c4a3b7e3a010,fe758c24-6a48-4f9c-8424-ea1956da1ac4
6289,56,ab810cfd-9f06-429e-9bf6-c828a52ba3f9,fe758c24-6a48-4f9c-8424-ea1956da1ac4
6290,35,7d87dc94-2cca-48bd-aebc-46bbe2c5ee0d,4e44d169-1292-4d6e-b5b9-fddc14fbbcdc
6290,51,7d87dc94-2cca-48bd-aebc-46bbe2c5ee0d,128ec9c0-9293-4d2f-bf04-855a76e8dbe0
6290,56,7d87dc94-2cca-48bd-aebc-46bbe2c5ee0d,fe758c24-6a48-4f9c-8424-ea1956da1ac4
6290,64,7d87dc94-2cca-48bd-aebc-46bbe2c5ee0d,1e85dcaf-bd03-48dc-98bd-73e2e2779c7b
6290,109,7d87dc94-2cca-48bd-aebc-46bbe2c5ee0d,564888a3-9c45-45fe-a75d-22f142fe28c1
6291,13,3fa6ec11-a030-40d0-a620-f23fef46747b,a263e7c4-1347-484f-8344-72141530517c
6292,13,631a2c7f-7695-47ec-a2f7-bbdeba24e992,a263e7c4-1347-484f-8344-72141530517c
6293,51,51b8f714-065c-4238-ab18-d20160b77c4b,128ec9c0-9293-4d2f-bf04-855a76e8dbe0
6294,8,39ae43eb-0387-414b-8a11-b3ff0bc18bd3,c19c4b47-9922-412b-9a86-4a3e1f929b6e
6295,8,d132b7c0-36de-441d-a7d9-80b760642896,c19c4b47-9922-412b-9a86-4a3e1f929b6e
6296,8,5e727fb3-0633-4213-b503-15ea60bca175,c19c4b47-9922-412b-9a86-4a3e1f929b6e
6297,94,53d8dc6b-d3ab-45b6-9482-b05717f34944,25006cc4-a12b-4570-918f-78a97dca46a3
6298,51,45d72cd8-1486-419f-abc5-7f99463915f7,128ec9c0-9293-4d2f-bf04-855a76e8dbe0
6299,51,3acca71d-386e-477f-8faf-246584367197,128ec9c0-9293-4d2f-bf04-855a76e8dbe0
6300,115,e424f766-7b09-4209-9430-b84da5521d22,70f08629-bd0f-420c-95d9-6d0244c63fc2
6300,145,e424f766-7b09-4209-9430-b84da5521d22,297d4d32-8572-402a-b355-667664ddfb76
6301,35,3cd72e28-e5f2-4b42-bd68-f0ae94880891,4e44d169-1292-4d6e-b5b9-fddc14fbbcdc
6302,51,bcc79717-ac95-4b6b-9782-ee341e90ab1e,128ec9c0-9293-4d2f-bf04-855a76e8dbe0
6303,51,d593fb33-3253-4209-be3c-981785961313,128ec9c0-9293-4d2f-bf04-855a76e8dbe0
6304,51,4a6edd34-1e1f-4d71-8e01-519f903c3ffb,128ec9c0-9293-4d2f-bf04-855a76e8dbe0
6305,51,c51aff9e-34de-4985-a5d5-34ec9e36460c,128ec9c0-9293-4d2f-bf04-855a76e8dbe0
6306,140,e09fd966-6fcb-4f63-a31d-4e9d77648b35,deabd6e3-9c2d-4a79-afef-942da4b9550d
6307,51,d26a2e95-9843-4f84-9f36-b015359b613c,128ec9c0-9293-4d2f-bf04-855a76e8dbe0
6308,51,a36e28f9-0447-4a47-a9a7-98555dde8742,128ec9c0-9293-4d2f-bf04-855a76e8dbe0
6309,51,59f22810-cad0-4574-bc0b-297fa60f443f,128ec9c0-9293-4d2f-bf04-855a76e8dbe0
6309,94,59f22810-cad0-4574-bc0b-297fa60f443f,25006cc4-a12b-4570-918f-78a97dca46a3
6310,94,ecf6aae1-f0ca-4fe2-8804-b8ec43c091da,25006cc4-a12b-4570-918f-78a97dca46a3
6311,94,fb3af35a-e408-4a87-bb77-3efbb8df8485,25006cc4-a12b-4570-918f-78a97dca46a3
6312,23,0bf92032-2cce-49cf-8fc0-6ca4e39ab320,b933ec53-1f11-4e21-a043-67a2419ee067
6312,51,0bf92032-2cce-49cf-8fc0-6ca4e39ab320,128ec9c0-9293-4d2f-bf04-855a76e8dbe0
6313,56,7de2bcd6-57c6-454f-9f87-f844b3985fc9,fe758c24-6a48-4f9c-8424-ea1956da1ac4
6314,51,4a903aaf-d3bf-4d97-9b1e-2e336bb6a688,128ec9c0-9293-4d2f-bf04-855a76e8dbe0
6314,56,4a903aaf-d3bf-4d97-9b1e-2e336bb6a688,fe758c24-6a48-4f9c-8424-ea1956da1ac4
6315,56,463f0690-ad76-4b76-bd7c-f6746d218271,fe758c24-6a48-4f9c-8424-ea1956da1ac4
6316,56,b293e755-d94a-4bc6-94df-3deb5d9a4ad4,fe758c24-6a48-4f9c-8424-ea1956da1ac4
6317,127,bd5b2df2-7685-45bb-813f-bb848329acf5,a2ed7333-36c9-4d28-91d4-73b47b4e60fe
6318,47,7c511984-2202-478a-8b66-2e3f93105ace,2872938c-9c70-477b-83c3-3fe8ba4abc89
6319,40,b205dcf5-122d-4531-8247-5a5ea966ca3a,4fa23b9d-0f0a-49a5-848f-591e23711c37
6320,40,dd6dd833-1cac-4118-87ca-ebfbf6e9a6d3,4fa23b9d-0f0a-49a5-848f-591e23711c37
6321,40,d7636aaa-dfe9-4fdb-9454-85892af1928b,4fa23b9d-0f0a-49a5-848f-591e23711c37
6323,139,996e6515-fa79-4bfb-b8b0-4fe2692c038e,2e5acb96-569b-439b-b810-4108d057b544
6325,140,15ffc116-a460-41ed-823d-625732c1adcd,deabd6e3-9c2d-4a79-afef-942da4b9550d
6326,140,012d43eb-ce3e-4be3-b385-05b3fb1473c1,deabd6e3-9c2d-4a79-afef-942da4b9550d
6327,94,3f5f7f63-919e-4cf1-a88d-b534c6841865,25006cc4-a12b-4570-918f-78a97dca46a3
6328,51,8f48a26f-6b06-463c-9635-7cf7780a2e5d,128ec9c0-9293-4d2f-bf04-855a76e8dbe0
6329,73,cfe884ad-3246-46e9-9584-1f04af9faeef,450c6427-d40b-40ff-9c41-811ba47c6dc4
6330,73,8744c1fa-bfe2-405e-b4b1-4f9f834434c1,450c6427-d40b-40ff-9c41-811ba47c6dc4
6331,50,85155e07-b7fc-4a2f-bef1-3f657e9c1216,90c27777-4623-4460-9aa3-f57839e1a2ed
6331,51,85155e07-b7fc-4a2f-bef1-3f657e9c1216,128ec9c0-9293-4d2f-bf04-855a76e8dbe0
6332,94,cdb3772f-30c7-4a37-827a-739cc70dad2d,25006cc4-a12b-4570-918f-78a97dca46a3
6333,94,9159f148-7844-4150-9e24-e58aa1e3de89,25006cc4-a12b-4570-918f-78a97dca46a3
6334,113,53b38141-c3a6-470f-9def-d02441ac9833,dd7f7eb4-8ef6-47a5-bf4f-dba9a54d4a3b
6334,142,53b38141-c3a6-470f-9def-d02441ac9833,942de002-9a05-4cd5-b3d3-10a7b5c58de5
6335,51,b3390871-f1ba-4e7f-8832-af2b1721dffe,128ec9c0-9293-4d2f-bf04-855a76e8dbe0
6335,113,b3390871-f1ba-4e7f-8832-af2b1721dffe,dd7f7eb4-8ef6-47a5-bf4f-dba9a54d4a3b
6335,142,b3390871-f1ba-4e7f-8832-af2b1721dffe,942de002-9a05-4cd5-b3d3-10a7b5c58de5
6336,34,82697419-9ca7-4143-b99c-5da340664449,db5c71e1-57ef-4e4d-b808-9c9c6d40f47f
6336,113,82697419-9ca7-4143-b99c-5da340664449,dd7f7eb4-8ef6-47a5-bf4f-dba9a54d4a3b
6336,142,82697419-9ca7-4143-b99c-5da340664449,942de002-9a05-4cd5-b3d3-10a7b5c58de5
6337,34,ae3c7d15-bd11-4c49-9d43-3e51fdc2f2a3,db5c71e1-57ef-4e4d-b808-9c9c6d40f47f
6337,113,ae3c7d15-bd11-4c49-9d43-3e51fdc2f2a3,dd7f7eb4-8ef6-47a5-bf4f-dba9a54d4a3b
6337,142,ae3c7d15-bd11-4c49-9d43-3e51fdc2f2a3,942de002-9a05-4cd5-b3d3-10a7b5c58de5
6338,113,5c34fcad-83bb-46c7-889c-a802fb93f829,dd7f7eb4-8ef6-47a5-bf4f-dba9a54d4a3b
6338,142,5c34fcad-83bb-46c7-889c-a802fb93f829,942de002-9a05-4cd5-b3d3-10a7b5c58de5
6339,113,fa782c50-fe80-459a-a6c3-4e54f9b05d8a,dd7f7eb4-8ef6-47a5-bf4f-dba9a54d4a3b
6339,142,fa782c50-fe80-459a-a6c3-4e54f9b05d8a,942de002-9a05-4cd5-b3d3-10a7b5c58de5
6340,113,b385715a-1f65-490f-a23d-1517cca8b040,dd7f7eb4-8ef6-47a5-bf4f-dba9a54d4a3b
6340,142,b385715a-1f65-490f-a23d-1517cca8b040,942de002-9a05-4cd5-b3d3-10a7b5c58de5
6341,113,b9e4868a-76f2-49b5-8d47-a074eee597d5,dd7f7eb4-8ef6-47a5-bf4f-dba9a54d4a3b
6341,142,b9e4868a-76f2-49b5-8d47-a074eee597d5,942de002-9a05-4cd5-b3d3-10a7b5c58de5
6342,113,e29ac04b-1d06-4aed-9496-574b0d3f79c2,dd7f7eb4-8ef6-47a5-bf4f-dba9a54d4a3b
6342,142,e29ac04b-1d06-4aed-9496-574b0d3f79c2,942de002-9a05-4cd5-b3d3-10a7b5c58de5
6343,113,7919f9d6-aa17-4f3f-bd5f-8ca3e7cf9ed9,dd7f7eb4-8ef6-47a5-bf4f-dba9a54d4a3b
6343,142,7919f9d6-aa17-4f3f-bd5f-8ca3e7cf9ed9,942de002-9a05-4cd5-b3d3-10a7b5c58de5
6344,113,411f4037-204b-4e7a-852b-924b6d4c86d2,dd7f7eb4-8ef6-47a5-bf4f-dba9a54d4a3b
6344,142,411f4037-204b-4e7a-852b-924b6d4c86d2,942de002-9a05-4cd5-b3d3-10a7b5c58de5
6345,113,3ca4b934-3d23-4efa-8e61-f0f2116a1cc7,dd7f7eb4-8ef6-47a5-bf4f-dba9a54d4a3b
6345,142,3ca4b934-3d23-4efa-8e61-f0f2116a1cc7,942de002-9a05-4cd5-b3d3-10a7b5c58de5
6346,51,8e118918-28d4-4c5d-bc4f-b40c90213566,128ec9c0-9293-4d2f-bf04-855a76e8dbe0
6347,34,fe1a9cd0-d308-4969-80f8-2fe8a7859ba4,db5c71e1-57ef-4e4d-b808-9c9c6d40f47f
6348,94,219ce0fb-777f-42d6-b25a-fc677e94fd89,25006cc4-a12b-4570-918f-78a97dca46a3
6349,47,4e55bc2d-a1b0-4a4a-802c-ea5d9fb33191,2872938c-9c70-477b-83c3-3fe8ba4abc89
6350,51,217f54c0-83ab-4109-87c2-501f918de4a8,128ec9c0-9293-4d2f-bf04-855a76e8dbe0
6351,51,ba3917bc-e199-4126-8667-9c2f096658ef,128ec9c0-9293-4d2f-bf04-855a76e8dbe0
6352,51,8df27c30-277b-4b28-9e5e-efbbbff03277,128ec9c0-9293-4d2f-bf04-855a76e8dbe0
6352,64,8df27c30-277b-4b28-9e5e-efbbbff03277,1e85dcaf-bd03-48dc-98bd-73e2e2779c7b
6352,139,8df27c30-277b-4b28-9e5e-efbbbff03277,2e5acb96-569b-439b-b810-4108d057b544
6353,51,cd6533a8-bab0-4d2a-8590-0ad3672c2e4d,128ec9c0-9293-4d2f-bf04-855a76e8dbe0
6354,51,491480a8-16e2-4189-9e29-956f63401b25,128ec9c0-9293-4d2f-bf04-855a76e8dbe0
6356,51,f5555d56-602b-440e-9bac-00453e80d784,128ec9c0-9293-4d2f-bf04-855a76e8dbe0
6357,55,32cb511b-ccec-4cfb-8f97-34de82acd2d4,270ebc71-de8e-476e-9eaf-4d3a9ac687da
6357,139,32cb511b-ccec-4cfb-8f97-34de82acd2d4,2e5acb96-569b-439b-b810-4108d057b544
6358,51,1d9dbac3-e98e-45a8-b5d6-099e336cd3ca,128ec9c0-9293-4d2f-bf04-855a76e8dbe0
6359,40,a6878742-f186-42c9-8abf-10556969a0d6,4fa23b9d-0f0a-49a5-848f-591e23711c37
6360,113,f5917dc5-cedd-4fa9-bd67-fd2507a306ea,dd7f7eb4-8ef6-47a5-bf4f-dba9a54d4a3b
6361,51,93bd1ab3-83e4-424a-8154-967e7ff0fe4a,128ec9c0-9293-4d2f-bf04-855a76e8dbe0
6362,55,66ed69de-f053-4741-a2d9-c8eaae4cc586,270ebc71-de8e-476e-9eaf-4d3a9ac687da
6363,93,0ae870e4-9aa9-4283-8ae1-fd50f35e2fa9,38962bb9-86b9-4d16-ad61-6436782a7783
6367,51,15cc0e43-7f3b-4823-b974-9ba12abf2c60,128ec9c0-9293-4d2f-bf04-855a76e8dbe0
6367,109,15cc0e43-7f3b-4823-b974-9ba12abf2c60,564888a3-9c45-45fe-a75d-22f142fe28c1
6368,51,30a7f789-80d6-400f-b147-2a8815b11c8f,128ec9c0-9293-4d2f-bf04-855a76e8dbe0
6368,137,30a7f789-80d6-400f-b147-2a8815b11c8f,3387e5b6-d36d-4475-8b34-e918249b7474
6369,94,357fe3ce-a7dd-4b7c-b4e8-7940cfd2f810,25006cc4-a12b-4570-918f-78a97dca46a3
6370,94,b3003398-7869-4d8c-a9c4-66bfe6539f22,25006cc4-a12b-4570-918f-78a97dca46a3
6371,94,4f5f0da4-9463-4cb1-a563-9f95089cb4fe,25006cc4-a12b-4570-918f-78a97dca46a3
6372,94,06c17917-236f-4a09-97da-6796fdd52884,25006cc4-a12b-4570-918f-78a97dca46a3
6373,51,78859783-97ce-4411-8bf7-644c039f573e,128ec9c0-9293-4d2f-bf04-855a76e8dbe0
6373,137,78859783-97ce-4411-8bf7-644c039f573e,3387e5b6-d36d-4475-8b34-e918249b7474
6374,51,d231354a-0dd3-4079-b03d-533b8add3c3e,128ec9c0-9293-4d2f-bf04-855a76e8dbe0
6374,137,d231354a-0dd3-4079-b03d-533b8add3c3e,3387e5b6-d36d-4475-8b34-e918249b7474
6375,51,c94631de-8c33-4b93-8086-80d720cf3bb9,128ec9c0-9293-4d2f-bf04-855a76e8dbe0
6376,40,d4a6969e-2f75-4c7d-94bc-79787dc43762,4fa23b9d-0f0a-49a5-848f-591e23711c37
6377,47,41cc00f3-7841-4500-92c2-c67a1ed43983,2872938c-9c70-477b-83c3-3fe8ba4abc89
6378,51,9686a0df-09f5-430f-b7a0-63e80fcf824e,128ec9c0-9293-4d2f-bf04-855a76e8dbe0
6378,166,9686a0df-09f5-430f-b7a0-63e80fcf824e,dcd26af7-a25a-4ee7-9cd5-11cfd3906fa0
6379,94,d4e70ab0-ac61-450b-9ee1-2103a47fe7f9,25006cc4-a12b-4570-918f-78a97dca46a3
6380,94,5c3078af-4692-4b38-a450-82b009be7d7c,25006cc4-a12b-4570-918f-78a97dca46a3
6381,94,ac730a45-ae0c-44bb-b2da-081e7433f0f6,25006cc4-a12b-4570-918f-78a97dca46a3
6383,94,38019582-e102-48e5-a30f-062860c96f98,25006cc4-a12b-4570-918f-78a97dca46a3
6384,94,8f92c5d5-2a5c-48bf-88e3-24878e5de95b,25006cc4-a12b-4570-918f-78a97dca46a3
6385,50,501ccfef-7942-40ab-b39d-28b9a28b3a95,90c27777-4623-4460-9aa3-f57839e1a2ed
6386,51,a4618291-9b6e-4d7f-bba3-3de5f432e318,128ec9c0-9293-4d2f-bf04-855a76e8dbe0
6387,51,0a0cc208-ecf4-478b-b7c0-cb9986e8beec,128ec9c0-9293-4d2f-bf04-855a76e8dbe0
6388,49,2983ed8e-35c4-407d-9ddd-538e46804e3d,f2254bb4-1713-4d95-ac26-98d0ec049c0d
6389,51,68d95551-51bb-4670-8d8d-945f78f5693f,128ec9c0-9293-4d2f-bf04-855a76e8dbe0
6390,137,f7e4bf67-f127-4dfe-b9de-f8bf265ad92f,3387e5b6-d36d-4475-8b34-e918249b7474
6391,140,ee954434-4820-4689-b71a-31b4971ed20a,deabd6e3-9c2d-4a79-afef-942da4b9550d
6392,51,e1d17e40-a162-4f4f-ad9b-523ebe4d16e2,128ec9c0-9293-4d2f-bf04-855a76e8dbe0
6393,51,1d8e13e6-987d-4d76-b50c-601279ea8668,128ec9c0-9293-4d2f-bf04-855a76e8dbe0
6394,113,99d204b2-3898-4ff9-8412-9b533fad6118,dd7f7eb4-8ef6-47a5-bf4f-dba9a54d4a3b
6394,142,99d204b2-3898-4ff9-8412-9b533fad6118,942de002-9a05-4cd5-b3d3-10a7b5c58de5
6395,94,3f151a9c-fdb7-4a4d-b94d-4980bb05085b,25006cc4-a12b-4570-918f-78a97dca46a3
6396,40,655ab745-e72c-4b93-9ead-75e569f852a7,4fa23b9d-0f0a-49a5-848f-591e23711c37
6397,51,55f37ac0-cd88-4ddf-8ae6-dd2e5b0052a6,128ec9c0-9293-4d2f-bf04-855a76e8dbe0
6398,94,89743f2a-9189-42d4-bc72-acd47c006e57,25006cc4-a12b-4570-918f-78a97dca46a3
6399,94,514e4ef8-451a-454a-af73-840f1fa00113,25006cc4-a12b-4570-918f-78a97dca46a3
6400,51,d033ab5e-c752-4c0c-8c91-3e27292843f1,128ec9c0-9293-4d2f-bf04-855a76e8dbe0
6400,55,d033ab5e-c752-4c0c-8c91-3e27292843f1,270ebc71-de8e-476e-9eaf-4d3a9ac687da
6401,51,993d1593-d480-43af-b9cc-06951b9803fa,128ec9c0-9293-4d2f-bf04-855a76e8dbe0
6401,94,993d1593-d480-43af-b9cc-06951b9803fa,25006cc4-a12b-4570-918f-78a97dca46a3
6402,23,be96ff65-cbb2-49fb-941e-2d4a09099b54,b933ec53-1f11-4e21-a043-67a2419ee067
6402,51,be96ff65-cbb2-49fb-941e-2d4a09099b54,128ec9c0-9293-4d2f-bf04-855a76e8dbe0
6402,94,be96ff65-cbb2-49fb-941e-2d4a09099b54,25006cc4-a12b-4570-918f-78a97dca46a3
6403,51,72eb51b3-efe0-43c1-bcef-988760054aec,128ec9c0-9293-4d2f-bf04-855a76e8dbe0
6403,94,72eb51b3-efe0-43c1-bcef-988760054aec,25006cc4-a12b-4570-918f-78a97dca46a3
6404,51,b62fdaa2-9776-4487-9b27-8b5020f5e652,128ec9c0-9293-4d2f-bf04-855a76e8dbe0
6404,113,b62fdaa2-9776-4487-9b27-8b5020f5e652,dd7f7eb4-8ef6-47a5-bf4f-dba9a54d4a3b
6404,142,b62fdaa2-9776-4487-9b27-8b5020f5e652,942de002-9a05-4cd5-b3d3-10a7b5c58de5
6405,51,7f54c40b-b942-4ce4-bfc2-45af9d3b98e8,128ec9c0-9293-4d2f-bf04-855a76e8dbe0
6405,142,7f54c40b-b942-4ce4-bfc2-45af9d3b98e8,942de002-9a05-4cd5-b3d3-10a7b5c58de5
6406,113,90fa4073-8be0-465a-8417-96bf477cff21,dd7f7eb4-8ef6-47a5-bf4f-dba9a54d4a3b
6406,142,90fa4073-8be0-465a-8417-96bf477cff21,942de002-9a05-4cd5-b3d3-10a7b5c58de5
6407,113,80e7fec7-bf62-4d82-8eb6-943972b22013,dd7f7eb4-8ef6-47a5-bf4f-dba9a54d4a3b
6407,142,80e7fec7-bf62-4d82-8eb6-943972b22013,942de002-9a05-4cd5-b3d3-10a7b5c58de5
6412,51,a0b70df6-11bd-4813-afc1-61f6b352648b,128ec9c0-9293-4d2f-bf04-855a76e8dbe0
6413,50,f75c0362-c9b6-4746-ab10-92534b16a6b6,90c27777-4623-4460-9aa3-f57839e1a2ed
6414,118,7c517795-b646-45dc-8406-c3cc092f867b,7d02c046-57b7-4b14-9813-eb12fc2350e0
6415,51,32d46048-aa48-43b7-8d3b-2656ca65cb59,128ec9c0-9293-4d2f-bf04-855a76e8dbe0
6416,118,e4a9fadf-ddc2-4069-b373-0cd06e9170e4,7d02c046-57b7-4b14-9813-eb12fc2350e0
6417,118,c9aeba1f-92e0-493f-8579-00da4e3c0997,7d02c046-57b7-4b14-9813-eb12fc2350e0
6418,73,1bebabb5-724e-484e-bcb2-f9033edfcc15,450c6427-d40b-40ff-9c41-811ba47c6dc4
6419,94,a6f585b1-511b-495b-b14e-33d0d2d914e6,25006cc4-a12b-4570-918f-78a97dca46a3
6420,94,7ab61058-4ce6-47ae-975f-b55bf007417c,25006cc4-a12b-4570-918f-78a97dca46a3
6421,137,b039f3ee-b9a4-48ef-a819-dee4ec9fffca,3387e5b6-d36d-4475-8b34-e918249b7474
6422,140,6d1bcde3-d1cb-4722-99a1-00cb92aca08e,deabd6e3-9c2d-4a79-afef-942da4b9550d
6423,109,c1616040-bfbd-4baf-ab37-2e6d97450d6e,564888a3-9c45-45fe-a75d-22f142fe28c1
6424,51,75d5b2ec-fab3-4eec-a400-3d6d236fa0c2,128ec9c0-9293-4d2f-bf04-855a76e8dbe0
6425,48,3dfc00bf-7e0e-4f44-a2d7-d636aaae1aa2,c5b0606d-4e0c-42cb-9abd-f99bf45fe357
6426,140,ea3e8ac8-e085-486e-8500-079ec38ee20a,deabd6e3-9c2d-4a79-afef-942da4b9550d
6427,140,4b6e1614-820a-47f8-9ddb-9e0f7a514baf,deabd6e3-9c2d-4a79-afef-942da4b9550d
6428,23,2602629d-d547-4779-a138-bc08f5381faf,b933ec53-1f11-4e21-a043-67a2419ee067
6428,140,2602629d-d547-4779-a138-bc08f5381faf,deabd6e3-9c2d-4a79-afef-942da4b9550d
6429,140,a084d614-e32a-45ac-9413-bf319a721c48,deabd6e3-9c2d-4a79-afef-942da4b9550d
6430,139,2ad18b2e-1a00-42b8-8f44-0163129ea198,2e5acb96-569b-439b-b810-4108d057b544
6431,56,7da470a5-355e-431c-99a1-3d319fd8c2b3,fe758c24-6a48-4f9c-8424-ea1956da1ac4
6431,162,7da470a5-355e-431c-99a1-3d319fd8c2b3,674a2494-698a-4727-bbd0-16225d8cfcf5
6432,137,5f04aa20-7510-4219-a4c1-58cd6f1827c0,3387e5b6-d36d-4475-8b34-e918249b7474
6433,51,5fa58b6a-7653-4866-b361-3e997defc86d,128ec9c0-9293-4d2f-bf04-855a76e8dbe0
6434,51,65493ed4-eab4-4649-aab2-3bbc699d0593,128ec9c0-9293-4d2f-bf04-855a76e8dbe0
6434,137,65493ed4-eab4-4649-aab2-3bbc699d0593,3387e5b6-d36d-4475-8b34-e918249b7474
6435,51,6d5af290-f6f8-4ea2-bba5-fb80d898c79a,128ec9c0-9293-4d2f-bf04-855a76e8dbe0
6436,109,01b2c17f-0edc-4dad-afcf-4f0be0d909b0,564888a3-9c45-45fe-a75d-22f142fe28c1
6437,81,d9bf7bcd-6d4b-4e93-8649-9f2f538882f2,67054f19-92d6-4d91-8f18-057df9dd82a2
6438,51,c3c7ec6f-d7bb-480d-8fe6-b51dbafce19f,128ec9c0-9293-4d2f-bf04-855a76e8dbe0
6439,51,df3fb284-01b8-4f11-a72d-dbcb7c40bdba,128ec9c0-9293-4d2f-bf04-855a76e8dbe0
6440,51,168ea506-cdaf-4a1d-aec6-78a80670c7ba,128ec9c0-9293-4d2f-bf04-855a76e8dbe0
6441,56,03e165e9-8d17-45f3-a60c-7a3689fcc7c7,fe758c24-6a48-4f9c-8424-ea1956da1ac4
6442,51,c6b0b0c0-cc8e-4686-809b-d172ceba78f6,128ec9c0-9293-4d2f-bf04-855a76e8dbe0
6443,56,bab7487c-d839-4629-b0fc-576dc5a4c7ae,fe758c24-6a48-4f9c-8424-ea1956da1ac4
6444,51,086186b1-480e-4d12-b2b8-2050640dfeae,128ec9c0-9293-4d2f-bf04-855a76e8dbe0
6445,51,7f6350d6-5ebc-4039-b5ba-aa87afa013ca,128ec9c0-9293-4d2f-bf04-855a76e8dbe0
6446,123,c9df803c-2ed3-4f60-9837-0606845109cd,e282bd33-9620-400d-91e8-b974d12c0866
6447,51,8c4cb1ed-3cf3-4903-b326-66236c4894bd,128ec9c0-9293-4d2f-bf04-855a76e8dbe0
6448,51,acac7bde-9b7c-4618-9418-43a1587a2c6c,128ec9c0-9293-4d2f-bf04-855a76e8dbe0
6449,51,92742d70-4ba8-4202-8bf1-f02fd84d6efc,128ec9c0-9293-4d2f-bf04-855a76e8dbe0
6450,51,3ac5525d-80ee-4b36-af61-8cc7ce300322,128ec9c0-9293-4d2f-bf04-855a76e8dbe0
6451,51,17314a9f-4b35-4cb5-bde3-4ba7a637b036,128ec9c0-9293-4d2f-bf04-855a76e8dbe0
6452,26,5b88d7f8-5ac8-4927-a555-e2552f6db73b,5db38fdd-3b64-4392-9002-ce7512bf3ceb
6453,106,c0d2789c-815d-417c-b6d4-b51843c28fd6,4ff7967b-ba33-4eb7-a6f1-43348acfd978
6454,28,21675fc2-042e-42bc-8236-affce2026d11,927df241-9b2c-4a41-bbe1-d6151a413b40
6455,137,d485ab30-d648-441e-93cb-1de7b47be950,3387e5b6-d36d-4475-8b34-e918249b7474
6456,35,829fcd20-544a-46e3-aa60-11d38cd33eb7,4e44d169-1292-4d6e-b5b9-fddc14fbbcdc
6456,51,829fcd20-544a-46e3-aa60-11d38cd33eb7,128ec9c0-9293-4d2f-bf04-855a76e8dbe0
6457,26,46d4ec96-1e98-41b8-9e6e-da553c816abe,5db38fdd-3b64-4392-9002-ce7512bf3ceb
6458,35,3f386104-f645-4555-89ca-bfafdd7be707,4e44d169-1292-4d6e-b5b9-fddc14fbbcdc
6459,93,6cf8143e-2401-49af-a8e9-b96fff895247,38962bb9-86b9-4d16-ad61-6436782a7783
6460,26,9d68ec97-d274-4a63-824e-0538779f2890,5db38fdd-3b64-4392-9002-ce7512bf3ceb
6461,51,4c8cf394-1e86-48ff-8386-883e85a31b0e,128ec9c0-9293-4d2f-bf04-855a76e8dbe0
6462,94,3e7cc922-3eaa-432e-8e6f-69fe7a3436e2,25006cc4-a12b-4570-918f-78a97dca46a3
6463,51,7e69c9e7-b9d3-4e24-a142-c3bccfe93254,128ec9c0-9293-4d2f-bf04-855a76e8dbe0
6464,26,8f27d7c2-55c0-460c-8f58-064eb0f036d4,5db38fdd-3b64-4392-9002-ce7512bf3ceb
6465,89,10bbdbd9-4bd5-4f19-bc71-5be89c543168,d66c728d-eb3c-4695-a4d2-3f77f8a5ca59
6466,26,091ba8a6-ec4e-4359-bc10-9a7a94bc410a,5db38fdd-3b64-4392-9002-ce7512bf3ceb
6467,40,0b20ca12-bb2e-424f-84fd-b4d9d125e856,4fa23b9d-0f0a-49a5-848f-591e23711c37
6467,51,0b20ca12-bb2e-424f-84fd-b4d9d125e856,128ec9c0-9293-4d2f-bf04-855a76e8dbe0
6468,51,a3fa2f47-aeec-4eba-97cd-9e5458e9f57c,128ec9c0-9293-4d2f-bf04-855a76e8dbe0
6469,51,c6f11a04-1731-4a81-9c87-b0911cbce642,128ec9c0-9293-4d2f-bf04-855a76e8dbe0
6470,51,93c4ea25-89b5-4bdc-95fa-3ec946047f93,128ec9c0-9293-4d2f-bf04-855a76e8dbe0
6471,94,14c8cd2f-ed09-42ac-9ab5-2cb89f9e72f9,25006cc4-a12b-4570-918f-78a97dca46a3
6472,26,2bd8e476-9432-4358-8d86-308af40b0039,5db38fdd-3b64-4392-9002-ce7512bf3ceb
6472,106,2bd8e476-9432-4358-8d86-308af40b0039,4ff7967b-ba33-4eb7-a6f1-43348acfd978
6473,40,3e2e6423-150b-4d0f-adbf-1589e70d14b1,4fa23b9d-0f0a-49a5-848f-591e23711c37
6474,94,c6190a2a-fcd2-4527-b9a8-9689e97acc8d,25006cc4-a12b-4570-918f-78a97dca46a3
6474,128,c6190a2a-fcd2-4527-b9a8-9689e97acc8d,846904c7-46e8-42ca-919a-3c6ce92f09fe
6475,34,e33a9285-13ef-46e1-a024-29f5023353d6,db5c71e1-57ef-4e4d-b808-9c9c6d40f47f
6476,51,ecbc6616-5380-4a6d-b638-2404ae9d075f,128ec9c0-9293-4d2f-bf04-855a76e8dbe0
6477,51,ccc12232-4808-404f-a8be-a62a725af718,128ec9c0-9293-4d2f-bf04-855a76e8dbe0
6478,140,9e8b74cd-a702-4aff-9da8-2f152b268cea,deabd6e3-9c2d-4a79-afef-942da4b9550d
6479,82,eccb7f9a-3198-4509-ad90-1d1a18db3abf,b4fdee65-3eb6-4778-bb61-a692022ef406
6480,94,5841dd19-b34c-4ac4-b2a9-4d735f64c406,25006cc4-a12b-4570-918f-78a97dca46a3
6481,93,b30d8796-cf6d-421b-8fb6-248a0536a34f,38962bb9-86b9-4d16-ad61-6436782a7783
6482,51,58e4eaea-06d4-4992-8649-9d64aedcf962,128ec9c0-9293-4d2f-bf04-855a76e8dbe0
6483,51,5a8ed00d-34a7-4131-af60-853b47e67952,128ec9c0-9293-4d2f-bf04-855a76e8dbe0
6484,94,430bcbaa-39c4-4c5c-b738-f5678810ff2b,25006cc4-a12b-4570-918f-78a97dca46a3
6485,106,d5e26a26-3316-49cc-82fa-d0d883c37842,4ff7967b-ba33-4eb7-a6f1-43348acfd978
6486,40,78777b15-bbfa-4542-a4cc-3123e309d1ad,4fa23b9d-0f0a-49a5-848f-591e23711c37
6486,98,78777b15-bbfa-4542-a4cc-3123e309d1ad,be780d31-0e95-45fa-9256-19c77a769c5c
6486,157,78777b15-bbfa-4542-a4cc-3123e309d1ad,b249258a-dd6b-42c9-9b77-6b967655f43c
6487,51,b3577a99-e6e6-47ed-a26c-45f6a926ee57,128ec9c0-9293-4d2f-bf04-855a76e8dbe0
6488,51,ec7f4ca8-e6b2-4d45-9f76-ecc92de61cdc,128ec9c0-9293-4d2f-bf04-855a76e8dbe0
6489,51,0ee2131c-2f53-4c34-8208-9d4cfb3997ae,128ec9c0-9293-4d2f-bf04-855a76e8dbe0
6489,137,0ee2131c-2f53-4c34-8208-9d4cfb3997ae,3387e5b6-d36d-4475-8b34-e918249b7474
6490,51,39d5d63a-b08f-4b75-8162-20ceb48709a6,128ec9c0-9293-4d2f-bf04-855a76e8dbe0
6491,51,3ab6c045-2e8f-4a48-adc9-b8942edf6df0,128ec9c0-9293-4d2f-bf04-855a76e8dbe0
6492,94,bf3bed4f-1be9-4e4f-868b-26f397021056,25006cc4-a12b-4570-918f-78a97dca46a3
6493,51,7702da00-d1d2-4b42-bfbd-495ff7ad786e,128ec9c0-9293-4d2f-bf04-855a76e8dbe0
6494,51,1021f3b6-757d-4a1e-a4db-120100fbab49,128ec9c0-9293-4d2f-bf04-855a76e8dbe0
6495,68,b483e88f-272f-4f91-9f6f-d23d79253b60,9c91e337-de90-4248-93d0-9d1dd02cdfbd
6496,51,caf8aa4d-6593-4995-a76a-754f354bc4bb,128ec9c0-9293-4d2f-bf04-855a76e8dbe0
6497,94,e8ef45e5-ff24-4cce-88dd-5142b3798d7b,25006cc4-a12b-4570-918f-78a97dca46a3
6498,51,379454df-c491-4036-877a-3ce25972be98,128ec9c0-9293-4d2f-bf04-855a76e8dbe0
6499,51,c4bed828-6fe3-4ed8-bd99-6930da539f56,128ec9c0-9293-4d2f-bf04-855a76e8dbe0
6500,51,11c76d5c-c7f1-452d-9e61-a364b63fce05,128ec9c0-9293-4d2f-bf04-855a76e8dbe0
6501,51,a9e58c08-44c5-4507-aeb5-afe8101e2985,128ec9c0-9293-4d2f-bf04-855a76e8dbe0
6502,109,f01c5cab-c8e3-4819-858f-4a06076f057b,564888a3-9c45-45fe-a75d-22f142fe28c1
6503,51,14e8a617-9316-4ec4-ba52-da4eb9f8f25f,128ec9c0-9293-4d2f-bf04-855a76e8dbe0
6503,137,14e8a617-9316-4ec4-ba52-da4eb9f8f25f,3387e5b6-d36d-4475-8b34-e918249b7474
6504,51,d4ef728e-4c9a-45cf-8e7c-3a55d40cb814,128ec9c0-9293-4d2f-bf04-855a76e8dbe0
6505,51,39ab4547-35b0-4026-b527-95d7d89413cf,128ec9c0-9293-4d2f-bf04-855a76e8dbe0
6506,34,70f4521a-680e-4b8b-92df-3ee0e140ad69,db5c71e1-57ef-4e4d-b808-9c9c6d40f47f
6507,51,8160d79c-8cb8-4c28-9863-771b1fb9f94c,128ec9c0-9293-4d2f-bf04-855a76e8dbe0
6508,40,3ca9fa99-438a-47db-8efb-2dd9698e59f2,4fa23b9d-0f0a-49a5-848f-591e23711c37
6509,51,2037820d-baf0-4cb6-9dc6-460b01162ab5,128ec9c0-9293-4d2f-bf04-855a76e8dbe0
6510,51,cde2a0eb-505a-4ab7-8047-6a50b9c97233,128ec9c0-9293-4d2f-bf04-855a76e8dbe0
6511,41,981c8b3b-3830-434d-a6d4-5fac19a89f09,45040cf8-bcce-4383-acc5-eacf98b8efa7
6512,51,62bd07e6-ff76-4a76-8f8a-708998b64a46,128ec9c0-9293-4d2f-bf04-855a76e8dbe0
6513,51,24f3483e-11a5-4c17-b458-7a65626acfe2,128ec9c0-9293-4d2f-bf04-855a76e8dbe0
6514,126,09af25a7-cce8-40d8-b87f-7b817d410f1c,7a54cb57-4518-4ee3-b447-3ab0095a379f
6515,51,51e299d6-e33b-40ed-bdef-909a08cb51c8,128ec9c0-9293-4d2f-bf04-855a76e8dbe0
6516,93,d9221558-9661-4a9d-b3ad-be5fa08b5bed,38962bb9-86b9-4d16-ad61-6436782a7783
6517,6,8fd90e2c-5bfd-4a1f-976f-82af2f10cff6,60d0dc9e-4acd-4836-9376-f0bc5ea2f635
6517,51,8fd90e2c-5bfd-4a1f-976f-82af2f10cff6,128ec9c0-9293-4d2f-bf04-855a76e8dbe0
6518,51,e3101e87-cd52-4735-89c7-7bd0d7296081,128ec9c0-9293-4d2f-bf04-855a76e8dbe0
6519,51,3c3659ee-67bd-4b76-8602-626dbd98d8c6,128ec9c0-9293-4d2f-bf04-855a76e8dbe0
6520,94,dbccbd5f-3a88-4207-aff2-b2208900b1e9,25006cc4-a12b-4570-918f-78a97dca46a3
6520,128,dbccbd5f-3a88-4207-aff2-b2208900b1e9,846904c7-46e8-42ca-919a-3c6ce92f09fe
6521,51,565d2513-041f-4fe8-90b1-ef1cedfc5958,128ec9c0-9293-4d2f-bf04-855a76e8dbe0
6522,94,51f71018-c356-43e7-9f63-a442283e69a2,25006cc4-a12b-4570-918f-78a97dca46a3
6523,51,eb87239e-33ac-4430-8878-f2fe2747387e,128ec9c0-9293-4d2f-bf04-855a76e8dbe0
6524,35,8eb73e70-dcb6-4c19-b971-272bec875556,4e44d169-1292-4d6e-b5b9-fddc14fbbcdc
6525,34,56bef25a-8563-48b6-b1ab-a9085a06b6a9,db5c71e1-57ef-4e4d-b808-9c9c6d40f47f
6526,26,8f82d5f2-e36e-4d0c-868a-7c006dea22f1,5db38fdd-3b64-4392-9002-ce7512bf3ceb
6527,51,773e0fbc-be7a-426c-aa97-8149108ef819,128ec9c0-9293-4d2f-bf04-855a76e8dbe0
6528,51,f3adb423-8f67-46be-9ea1-ab8c95fc67e0,128ec9c0-9293-4d2f-bf04-855a76e8dbe0
6529,94,c89c67ac-85c3-4dad-8963-21d930061024,25006cc4-a12b-4570-918f-78a97dca46a3
6530,82,c42bbe33-454e-4205-85e0-bfd71d1387f9,b4fdee65-3eb6-4778-bb61-a692022ef406
6531,51,bc5a1e55-6f5f-4d87-9700-82a35274e6ef,128ec9c0-9293-4d2f-bf04-855a76e8dbe0
6533,51,2f1c5930-3a7e-4f89-a6fb-dbd674db8269,128ec9c0-9293-4d2f-bf04-855a76e8dbe0
6534,51,f5904a2f-5d0d-40b0-948a-d87d0f850f12,128ec9c0-9293-4d2f-bf04-855a76e8dbe0
6536,35,9074914c-e61e-40ba-b9fe-0d44f7cccc5a,4e44d169-1292-4d6e-b5b9-fddc14fbbcdc
6537,109,d2681dd5-5557-49d2-987f-34b13ea64695,564888a3-9c45-45fe-a75d-22f142fe28c1
6538,94,92f1f44d-1a65-4deb-8468-e9552fc70426,25006cc4-a12b-4570-918f-78a97dca46a3
6539,35,5a5f5e28-ea88-4428-851c-2716358b3d75,4e44d169-1292-4d6e-b5b9-fddc14fbbcdc
6540,51,60f0d7ff-c75e-4588-8ba7-cc1559805c45,128ec9c0-9293-4d2f-bf04-855a76e8dbe0
6541,51,4a6e5508-6318-4e94-a9b6-0938d163c665,128ec9c0-9293-4d2f-bf04-855a76e8dbe0
6541,94,4a6e5508-6318-4e94-a9b6-0938d163c665,25006cc4-a12b-4570-918f-78a97dca46a3
6542,94,2ff342ac-6e0c-4f98-b2a7-9d4dc569370c,25006cc4-a12b-4570-918f-78a97dca46a3
6543,51,87fdda00-37cd-42a9-bd3a-5e519bdcffc2,128ec9c0-9293-4d2f-bf04-855a76e8dbe0
6544,40,2a3b9ff1-c8a1-4570-9161-a229094f1bcd,4fa23b9d-0f0a-49a5-848f-591e23711c37
6545,51,0eed5277-b73b-4c50-940d-e657c8fe0888,128ec9c0-9293-4d2f-bf04-855a76e8dbe0
6546,94,823e07d5-6178-45b0-bcb6-7de00c4f8b9e,25006cc4-a12b-4570-918f-78a97dca46a3
6547,56,de0e0bff-a47f-4b75-a2f9-7a6bd641f94b,fe758c24-6a48-4f9c-8424-ea1956da1ac4
6548,93,34e268e4-145a-4cca-9b6a-b0b33a931e9c,38962bb9-86b9-4d16-ad61-6436782a7783
6550,51,549ba695-3eed-49c8-82b8-560fd0d871a4,128ec9c0-9293-4d2f-bf04-855a76e8dbe0
6551,51,b28c1a55-2cd7-43a3-abeb-8d5cecc8c7f0,128ec9c0-9293-4d2f-bf04-855a76e8dbe0
6552,89,76752ad0-a219-4211-8847-52096aa48987,d66c728d-eb3c-4695-a4d2-3f77f8a5ca59
6553,89,6f737094-b5f1-4b02-b2a1-936b7d26aec9,d66c728d-eb3c-4695-a4d2-3f77f8a5ca59
6555,51,f73fe1fc-8d58-4566-a6fa-0d87bc201744,128ec9c0-9293-4d2f-bf04-855a76e8dbe0
6556,49,c53f9116-ab1f-4571-99a4-429d7aebe4b3,f2254bb4-1713-4d95-ac26-98d0ec049c0d
6557,40,81393657-53fd-4993-b991-e87a851b345a,4fa23b9d-0f0a-49a5-848f-591e23711c37
6558,51,f159bf8d-3db1-4ec6-9d1a-ce3d555c9225,128ec9c0-9293-4d2f-bf04-855a76e8dbe0
6558,137,f159bf8d-3db1-4ec6-9d1a-ce3d555c9225,3387e5b6-d36d-4475-8b34-e918249b7474
6559,51,4432492c-ef12-4e19-8af4-c1ce0ac27ceb,128ec9c0-9293-4d2f-bf04-855a76e8dbe0
6560,51,a79b74ef-7216-498a-b885-b3640cc4e8e2,128ec9c0-9293-4d2f-bf04-855a76e8dbe0
6561,51,64ff6b05-9fe0-4776-b3ab-b4db1d5ee760,128ec9c0-9293-4d2f-bf04-855a76e8dbe0
6562,26,2245a4fe-a67e-44c9-b997-7be927e2e404,5db38fdd-3b64-4392-9002-ce7512bf3ceb
6565,26,f282c3ae-89ea-4543-9b72-5e068b684832,5db38fdd-3b64-4392-9002-ce7512bf3ceb
6566,26,9ab28d1a-82f7-43e0-a6d4-ff9d78527807,5db38fdd-3b64-4392-9002-ce7512bf3ceb
6567,26,9b6a8de3-d529-43a5-b937-bb572f1474d3,5db38fdd-3b64-4392-9002-ce7512bf3ceb
6568,26,ff703952-aa4c-4d34-bff0-8034744f9064,5db38fdd-3b64-4392-9002-ce7512bf3ceb
6569,35,b7f547ce-e0a9-40ce-bb16-8e9a40c8e1f0,4e44d169-1292-4d6e-b5b9-fddc14fbbcdc
6570,35,a41c055c-ddc9-4967-b94b-839e29b30202,4e44d169-1292-4d6e-b5b9-fddc14fbbcdc
6573,109,c632f71a-3d1a-4db6-9231-7c93f1e7803e,564888a3-9c45-45fe-a75d-22f142fe28c1
6574,51,922cd99d-97e9-4bb9-b324-6efa8d84e359,128ec9c0-9293-4d2f-bf04-855a76e8dbe0
6575,26,0553bd04-840b-408a-92b4-1aad17228832,5db38fdd-3b64-4392-9002-ce7512bf3ceb
6576,93,1d8a4ca2-7b06-4cfe-9e44-893eeaa1e76a,38962bb9-86b9-4d16-ad61-6436782a7783
6577,51,9f385488-e69e-4a06-9ed4-2277d3b05afb,128ec9c0-9293-4d2f-bf04-855a76e8dbe0
6578,94,006ebe6b-b55d-4fa8-853b-fc30293e3505,25006cc4-a12b-4570-918f-78a97dca46a3
6579,94,6f6f9b9a-027a-42fa-b014-8528aa7a6f38,25006cc4-a12b-4570-918f-78a97dca46a3
6580,94,ae6b6c11-b3a2-4b06-b59f-bfd19a6ca569,25006cc4-a12b-4570-918f-78a97dca46a3
6581,94,9aafbbd8-8558-4360-9d1b-9ffde5c486f8,25006cc4-a12b-4570-918f-78a97dca46a3
6582,26,50d5314d-38b0-4c97-9cec-67f0b6c77463,5db38fdd-3b64-4392-9002-ce7512bf3ceb
6583,51,a9f9af44-6a9c-42c7-85ce-b5bd24705f89,128ec9c0-9293-4d2f-bf04-855a76e8dbe0
6584,51,99527997-6cbb-4ed0-9450-7fbd03c721bd,128ec9c0-9293-4d2f-bf04-855a76e8dbe0
6585,51,ddd7899e-9f72-43d5-aed6-8652810076d3,128ec9c0-9293-4d2f-bf04-855a76e8dbe0
6586,51,bec52a95-9760-4038-b9bd-bfa57db65428,128ec9c0-9293-4d2f-bf04-855a76e8dbe0
6587,51,e329551e-8acb-4b93-abb3-aa1af9869241,128ec9c0-9293-4d2f-bf04-855a76e8dbe0
6588,94,4a9deccf-f1bf-4f73-a984-e1fd2b57a548,25006cc4-a12b-4570-918f-78a97dca46a3
6589,94,a4d2a6c7-2c8e-4f3c-a7ab-1098ab9eda77,25006cc4-a12b-4570-918f-78a97dca46a3
6590,51,d230652b-3be9-41bf-90d7-d2f5787f0f7f,128ec9c0-9293-4d2f-bf04-855a76e8dbe0
6591,26,03fe5f2b-6dfe-4c0a-b296-ffe975e1d184,5db38fdd-3b64-4392-9002-ce7512bf3ceb
6592,26,49ca41ac-4f42-433c-b492-5a5e304de86e,5db38fdd-3b64-4392-9002-ce7512bf3ceb
6594,26,a6c046f7-a40f-40b2-b07e-ae1883db9f29,5db38fdd-3b64-4392-9002-ce7512bf3ceb
6595,26,2c4726b8-3aa6-414d-be94-4de1f6001f71,5db38fdd-3b64-4392-9002-ce7512bf3ceb
6596,26,fc6d1482-11c7-48f2-887a-4d66b48d392f,5db38fdd-3b64-4392-9002-ce7512bf3ceb
6597,26,cf5d1453-9fb5-4cf9-98a9-4fb312a0580e,5db38fdd-3b64-4392-9002-ce7512bf3ceb
6599,26,3dd0e4e6-dcbf-4aac-9ecc-af23cb3cfdab,5db38fdd-3b64-4392-9002-ce7512bf3ceb
6600,40,79f08126-f546-44a8-bc99-9f0988a810d0,4fa23b9d-0f0a-49a5-848f-591e23711c37
6600,88,79f08126-f546-44a8-bc99-9f0988a810d0,4a8f0ef7-dbdb-44d7-ad0c-53df3a82b320
6600,134,79f08126-f546-44a8-bc99-9f0988a810d0,b3cfa286-80f5-4540-a90b-cee2fd1999f4
6601,51,bfaed393-9a9f-44bb-8ca6-a27838e59756,128ec9c0-9293-4d2f-bf04-855a76e8dbe0
6602,26,31669c04-ecfa-4087-88af-483543478788,5db38fdd-3b64-4392-9002-ce7512bf3ceb
6603,27,60563dd7-734c-4139-bf00-edcbf14d91d8,4f571464-c0f6-460c-a1f2-fd307f5fe744
6603,51,60563dd7-734c-4139-bf00-edcbf14d91d8,128ec9c0-9293-4d2f-bf04-855a76e8dbe0
6604,26,7adbb464-2ddb-46cd-b99f-e52ed2a8dd7f,5db38fdd-3b64-4392-9002-ce7512bf3ceb
6605,26,11c294d6-37be-4e25-9edd-483ad1df96fb,5db38fdd-3b64-4392-9002-ce7512bf3ceb
6606,94,954a7893-a5e8-4463-a1c8-1b7f4fbfc2ab,25006cc4-a12b-4570-918f-78a97dca46a3
6607,94,72ae08a5-74b6-4aab-98f9-b48b5de308d5,25006cc4-a12b-4570-918f-78a97dca46a3
6608,94,7d37eb1d-89df-4a0f-bd38-cb437cd8be00,25006cc4-a12b-4570-918f-78a97dca46a3
6609,94,ec87ea56-dbf4-47fd-b389-3bf322d592b9,25006cc4-a12b-4570-918f-78a97dca46a3
6610,94,b8c2bac9-0a65-4b27-b700-0ca144901a25,25006cc4-a12b-4570-918f-78a97dca46a3
6610,137,b8c2bac9-0a65-4b27-b700-0ca144901a25,3387e5b6-d36d-4475-8b34-e918249b7474
6611,94,ab180d3e-bea7-42c7-8759-6ff0943a0337,25006cc4-a12b-4570-918f-78a97dca46a3
6612,137,2182635a-1c7b-4a40-b2a2-5132b561fa29,3387e5b6-d36d-4475-8b34-e918249b7474
6613,94,10f22dd6-5416-41e1-922f-2f796e97f82f,25006cc4-a12b-4570-918f-78a97dca46a3
6614,94,fd283d1a-3351-4c97-9ee4-39ac4ae4b5b5,25006cc4-a12b-4570-918f-78a97dca46a3
6615,126,8fe6b5b2-87f4-4214-93e7-7ea22d9ddb96,7a54cb57-4518-4ee3-b447-3ab0095a379f
6616,51,24138c92-aeb6-4155-be3b-0ea7d9dc462e,128ec9c0-9293-4d2f-bf04-855a76e8dbe0
6617,35,fcb36199-7ba7-49ec-85e7-c9857c172ec0,4e44d169-1292-4d6e-b5b9-fddc14fbbcdc
6617,51,fcb36199-7ba7-49ec-85e7-c9857c172ec0,128ec9c0-9293-4d2f-bf04-855a76e8dbe0
6618,51,55ffaceb-34f6-46a8-b0a2-10591504543e,128ec9c0-9293-4d2f-bf04-855a76e8dbe0
6619,41,ac409db8-2ab8-48d5-8e4e-2f0dada42cd5,45040cf8-bcce-4383-acc5-eacf98b8efa7
6619,94,ac409db8-2ab8-48d5-8e4e-2f0dada42cd5,25006cc4-a12b-4570-918f-78a97dca46a3
6620,26,c56bc6c2-dc65-4293-84ab-641cae9fc532,5db38fdd-3b64-4392-9002-ce7512bf3ceb
6621,26,1d32a491-2eab-4632-bb02-2667087338e9,5db38fdd-3b64-4392-9002-ce7512bf3ceb
6622,26,1f2712c2-97ee-4b27-89f5-ffa72a394224,5db38fdd-3b64-4392-9002-ce7512bf3ceb
6623,26,7578fb75-8667-4083-aeb3-17a09a9bf6af,5db38fdd-3b64-4392-9002-ce7512bf3ceb
6624,26,8940d4ac-cf2f-448c-b38e-6f009b5e3a25,5db38fdd-3b64-4392-9002-ce7512bf3ceb
6625,26,cd91b455-dde7-4d83-b7c8-7972f405943c,5db38fdd-3b64-4392-9002-ce7512bf3ceb
6626,26,8957033b-9c30-42c4-8b61-131008e5c722,5db38fdd-3b64-4392-9002-ce7512bf3ceb
6627,26,7cdd1bb6-0a12-4c3e-9678-68adb7f76d86,5db38fdd-3b64-4392-9002-ce7512bf3ceb
6628,51,a807cb7e-f753-42f3-a13e-73d1da1f8c43,128ec9c0-9293-4d2f-bf04-855a76e8dbe0
6629,51,9018b93c-aefe-4ca0-828f-df78280aac6a,128ec9c0-9293-4d2f-bf04-855a76e8dbe0
6630,51,734eef7e-9f3e-4698-8d67-d4252676d04a,128ec9c0-9293-4d2f-bf04-855a76e8dbe0
6631,51,84fe9488-5af8-473a-84fe-ccdbbf434624,128ec9c0-9293-4d2f-bf04-855a76e8dbe0
6632,51,03436df5-b42d-463d-abcd-f5aedab747a5,128ec9c0-9293-4d2f-bf04-855a76e8dbe0
6633,94,1dc0a8c2-0b54-45ea-91d4-2b5445a1aabe,25006cc4-a12b-4570-918f-78a97dca46a3
6634,94,6aa54f1a-5d22-46ac-a72d-d22248823576,25006cc4-a12b-4570-918f-78a97dca46a3
