FilmId,Guid,Title,OtherTitle,Color,ReleaseYear,Duration,Mode,Comment,Published
35,59d0a760-9478-4986-9784-aeee96d950e0,The Jeff Tree 2,23,BW,1992,78,L,,True
36,1e2e6fcf-fa81-4854-9544-b1a7d1b74158,Le piège d'Issoudun,Juniper Tree,C,2003,85,L,,True
37,b0b53f85-1029-489c-a261-0ac423f8b684,Priklyucheniya Buratino,"The Adventures of Buratino, Pinocchio and the Golden Key",C,1960,67,A,,True
38,206b9084-79be-4d6c-9232-21449208c9eb,Beauty and the Beast,,C,1991,84,A,,True
39,284521b6-a4c5-46bd-b0a4-efa9a983e8d6,Beauty and the Beast,,C,1992,67,A,,True
40,986efefd-27e0-4342-9951-26a300ef2347,Beauty and the Beast,,BW,1992,4,L,"Jack:  Corrections (on basis of film/film credits on YouTube): black and white, live
		writers - Eric Hammer and Ben Edlund
Missing: Camera, producers",True
47,47443563-14ca-458b-841f-9fe855b40276,Beauty and the Beast: The Enchanted Christmas,Beauty and the Beast 2,C,1997,72,A,"Jack:
Missing:
	Camera
	Producers",True
49,73f9c654-911c-4cd9-b210-f85a131bd391,Belle's Magical World,Beauty and the Beast: Belle's Magical World,C,1998,92,A,"Jack:
Missing: Camera
Queries: IMDB lists the title as Belle’s Magical World, while Wikipedia lists it as Beauty and the Beast: Belle’s Magical World (much like the second Disney Beauty and the Beast film, LVD 1-9) - please confirm how you would like this listed
",True
50,be804a68-93f5-40dc-81ae-bc3728b47f0c,Blanche Neige: La Suite,"Snow White: The Sequel; Blanche Neige, la suite",C,2007,82,A,,True
53,00c8f93a-61a2-46e1-903d-cf33723482e6,"Le chien, le général et les oiseaux","The Dog, the General, and the Birds",C,2003,75,A,,True
54,a8f37b36-e183-4db2-b3e8-a21610e10b10,Baron Prásil,"Baron Münchhausen, The Fabulous Baron Munchausen, The Great Baron",C,1961,83,M,,True
55,9e8a3d2e-5345-47fa-a101-b54f57d6181b,Faeries,,C,1999,77,A,"Jack:
Missing: Tale Title and Author (is this based on something?)
Queries: 1) 2005 release date listed in filmography doc does not correspond to IMDB listing (1999). Please confirm correct date. 2) Run time in doc (77 min) does not correspond to IMDB (90 min). Please confirm.",True
56,549f7911-c558-4b2c-8a40-707eceb51f53,Gandahar,Light Years,C,1988,83,A,OK PG,True
57,0028dcd0-73f7-4cf3-88a6-4ac9a189c0b0,Zolotaya antilopa,"The Golden Antelope, Fairy Tales from Far Off Lands",C,1954,31,A,,True
58,7c4edce0-92d4-473f-b90f-ae5cdabca5dd,Skazka o zolotom petushke,"The Golden Rooster, The Tale of the Golden Cockerel",C,1967,30,A,OK PG,True
59,05cda3a0-24cf-462b-a573-872a9e5ed5c2,Happily N'Ever After,,C,2006,75,A,,True
60,d90754dc-df63-4d05-8f1b-08ae4a647b4f,Konyok-gorbunok,"The Humpbacked Horse, Konjok Gorbunok, Das bucklige Pferdchen, Ivan and His Magic Pony (orig. 1947)",C,1975,73,A,"The Humpbacked Horse
Added: Tale Title - The Little Humpbacked Horse (http://en.wikipedia.org/wiki/Pyotr_Pavlovich_Yershov)
	Producer - Boris Wolf (http://en.wikipedia.org/wiki/The_Humpbacked_Horse_(film))
Queries: The author listed is Petr Erschov, but the Wikipedia page about the film suggests that the tale author is Pyotr Pavlovich Yershov. I’m not sure if these are alternate spellings of the same name or if they are different authors. Please confirm. Also, two dates are listed. According to Wikipedia, the second date was a remake by the same director. Do you want them listed together as they are now or separately, one for each date?",True
61,1146c65a-19a3-486b-892a-b7939f2bc90a,Jin-Roh: The Wolf Brigade,,M,1999,105,A,OK PG,True
62,762a8777-4330-485a-8ece-f6bf5a598258,Posledniy lepestok,"The Last Petal, Poslednu Lepestok",C,1977,27,A,"The Last Petal
Added: IMDB - http://www.imdb.com/title/tt0761878/
Missing: Tale title
Queries: Date listed does not match IMDB. I have also found different information re: camera, music, and producers on IMDB. Please confirm. ",True
63,0cfe9950-3a44-4aa1-a9d7-38c8ca40c52b,Kakhardakan gorg,The Magic Carpet,C,1948,37,A,,True
64,de72e7fb-dc0f-4cb8-81fd-af3c64078ea2,Tayna tretey planety,The Mystery of the Third Planet,C,1981,48,A,,True
65,b73d68ec-85d8-4d4e-a66e-e3d8fcd7d6a2,Mari iyagi,My Beautiful Girl Mari,C,2002,86,A,"Jack:
Spelling Corrections: Director - Sung-gang Lee (http://www.kmdb.or.kr/eng/mm_basic.asp?person_id=00017592, Wikipedia, IMBD)",True
66,cd806db9-3133-4694-85fb-9f26a15de07b,Elmer no boken,"My Father’s Dragon, Elmer et le dragon",C,1997,87,A,OK PG,True
67,74ead0f9-5e88-490b-b2c2-4faf4e8449b5,1001 Arabian Nights,"The Adventures of Aladdin, Les Aventures d'Aladin",C,1959,75,A,OK-pg.,True
68,f015adb9-fba5-4d7d-8c5e-489b84c72ac5,Skazka o tsare Saltanye,"The Prince, the Swan, and the Czar Saltan, The Tale of Czar Saltan, The Czar Saltan and the Wonder Island, The Tale of Tsar Saltan, Skaska O Zare Saltane, Zar Saltan und die Wunderinsel",C,1984,69,A,OK PG,True
69,887ae44f-62e5-4467-b9ce-6e963005f926,Bajaja,Prince Bajaja,C,1950,81,A,OK PG,True
70,5c2e252e-6f0b-4e5b-8c00-2c11a137f089,Prince Cinders,,C,1993,30,A,PG OK,True
71,59965b26-c41b-44d6-860e-ce8b4582ca10,The Princess and the Frog,,C,2009,97,A,OK PG,True
72,9712beec-8c69-41f6-9379-a950723cdbb0,Alenkiy tsvetochek,"The Scarlet Flower, Beauty and the Beast, Beauty and the Beast: A Tale of the Crimson Flower",C,1952,42,A,OK pg,True
73,f07940e6-e14b-4779-a4b1-561ca91f2a2d,Shrek,,C,2001,93,A,,True
74,645f9847-ca68-483b-9ec3-b071610718f1,Shrek 2,,C,2004,92,A,OK PG,True
75,354b05ba-553c-45e7-ba52-fd3b5d4b4052,The Ugly Duckling (Silly Symphonies),,C,1939,9,A,,True
76,35384b21-2e78-467c-881d-d8273b9a8cff,The Brave Little Tailor (Mickey Mouse),,C,1938,,A,,True
77,1e2244ef-18de-4f1c-8156-b333347e3cd7,Three Little Wolves (Silly Symphonies),,C,1936,9,A,,True
78,bc4fcd3e-de43-4b84-9c27-4bab3e5c34d2,The Golden Touch (Silly Symphonies),,C,1935,10,A,,True
79,3684dc5b-13d6-451f-b0d1-4886d1670ba1,The Flying Mouse (Silly Symphonies),,C,1934,,A,,True
80,bf214a17-ccda-4f79-81a6-bf2d62a6beb1,The Big Bad Wolf (Silly Symphonies),,C,1934,9,A,"https://www.youtube.com/watch?v=e4Lx5Bmpojw
",True
81,32c70919-a69f-4ccf-a2bc-2f6d404a3c93,Giantland (Mickey Mouse),Mickey and the Giant,BW,1933,8,A,"OK-PG
https://letterboxd.com/film/giantland/",True
82,b52d35fd-bef3-4394-9cee-ec9091c64b51,The Pied Piper (Silly Symphonies),,C,1933,7,A,,True
83,c886aa01-5b98-4d3b-a157-f7a5a82935b0,Shrek the Third,,C,2007,92,A,OK PG,True
84,0f336ba5-ad14-48ce-afb9-13ff7dd3a344,Snegurochka,The Snow Maiden,C,1952,67,A,OK PG,True
85,9e35bc40-8e99-4c74-ae92-8c00115868e8,Snezhnaya koroleva,The Snow Queen,C,1957,74,A,OK PG,True
86,7219f819-2030-4f40-9112-1f132fd17aa1,Čarodějův učeň aka Krabat,"Carodejuv ucen, The Sorcerer’s Apprentice, Krabat: The Sorcerer's Apprentice",C,1978,73,A,,True
87,a724e617-9f53-4e3f-8b81-18f92e9f6d8b,Hakuja den,"The Tale of the White Serpent, Panda and the Magic Serpent, Le Serpent Blanc, The White Snake Enchantress",C,1958,79,A,"IMDB says ""Panda and the Magic Serpent""",True
88,d8c7c3c5-a9ac-4580-82cb-da5f6cf3117e,Tatsu no ko Tarô,Taro the Dragon Boy,C,1979,75,A,"Taro The Dragon Boy
Added: Company - Toei Animation (IMDB)
	Tale Title - Tatsu no ko Taro (IMDB)
	IMDB - http://www.imdb.com/title/tt0061069/
Missing: Camera
Queries: Unable to confirm producer",True
89,972840bc-26b2-4414-a945-0429480dadb5,Pohádky tisíce a jedné noci,"A Thousand and One Nights, 1001 Nights",C,1974,88,A,OK-pg.,True
90,624a0115-a249-4fd5-9e44-07473bce506b,12 mesyatsev,"The Twelve Months, Dvenadtsat mesyatsev, The Twelve Months: A Winter Fairy Tale, Двенадцать месяцев",C,1956,55,A,,True
91,fe9f82d3-6ac2-46e4-92b3-a81bf2d64e2d,Twice Upon a Time,,C,1983,77,A,,True
92,2318c009-9a5f-4068-a77a-c929d293fbad,Dikie Lebedi,The Wild Swans,C,1962,57,A,,True
93,dab1e7cc-fe61-4b58-b386-0b0d27c13225,Wizards,,C,1977,80,A,,True
94,cf81cfd6-c4d7-48f8-863c-385d24c20c9d,Cinderella,Krazy Kat,C,1930,8,A,OK PG,True
95,80b7fbe1-49fc-4a16-8374-d7f92628e375,The Wolf at the Door,Scrappy,BW,1932,,A,,True
96,3fd4c5ff-1e45-4ea4-b57a-4a02ef4a6cfc,Tom Thumb’s Brother,,C,1941,7,A,,True
97,bb205c28-deaa-4f3c-8bdc-2e2071f6adc2,"Playing the Pied Piper ",,BW,1941,,A,"Jack:
	Tale Title - The Pied Piper of Hamelin (IMDB)",True
98,3f695c09-5f80-4dbb-9287-4ddda12ef731,Red Riding Hood Rides Again,,C,1941,7,A,OK PG,True
99,893ece53-813e-4def-8090-a6cf7a8764e0,Wolf Chases Pigs,,C,1942,,A,"Jack: Is this The Three Little Pigs? I couldn’t find a synopsis but that’s what the title sounds like. Also, the director is listed as Frank Tashlin but according to IMDB is Bob Wichersham. Please confirm.",True
100,a861409b-1539-452f-b179-2dd6fbf4d06a,Cinderella Goes to a Party,,C,1942,,A,"Jack:  Queries: Director listed is Frank Tashlin, but director according to IMDB is Alec Geiss. Please confirm.

https://www.bcdb.com/cartoon/992-Cinderella-Goes-To-A-Party
https://letterboxd.com/film/cinderella-goes-to-a-party/
https://www.youtube.com/watch?v=95IHvlNKkCM",True
101,7856aab8-d3f5-4f75-a044-d7c649c84e84,Willoughby’s Magic Hat,,BW,1943,7,A,,True
102,90643b1b-fdf4-482a-8133-01d64f4f2ba0,Duty and the Beast,,BW,1943,6,A,"https://www.bcdb.com/cartoon/978-Duty-And-The-Beast
https://www.dailymotion.com/video/x7z5u6w",True
103,ebd00867-520c-40ae-9b2a-0f008ab5da31,The Four Musicians of Bremen,,BW,1922,,A,OK PG,True
104,127c9d35-2aa4-442d-bb39-4a369896c846,Little Red Riding Hood,,BW,1922,6,A,OK PG,True
105,11dd7cab-30ae-4cb4-a77c-d77c3abeaee2,Puss in Boots,,BW,1922,9,A,OK PG,True
106,86361e73-138d-4d5d-9a8c-70af32840382,Jack and the Beanstalk,,BW,1922,,A,OK-PG,True
107,5b609da7-af1c-4890-b259-afcb9f031457,"Cinderella ",The Slipper-y Kid,BW,1922,7,A,OK PG,True
108,a939ef5e-6e12-43b0-8810-25d2b74699ba,The Merry Dwarfs (Silly Symphonies),,BW,1929,,A,,True
109,d57783d9-51c5-47a7-b911-1ba8235577ce,The Ugly Duckling (Silly Symphonies),,BW,1931,7,A,"OK PG
https://en.wikipedia.org/wiki/The_Ugly_Duckling_(1931_film)",True
110,cff85653-9f00-4878-9fc5-cb7bf2118567,Babes in the Woods (Silly Symphonies),,C,1932,8,A,"Jack? Missing: Cast, producer, camera, music, writer
",True
111,9c3446d1-8f65-4b3d-90f1-08f3d7b7b83c,Three Little Pigs (Silly Symphonies),,C,1933,8,A,,True
112,77a2f85f-6031-4f89-9cad-8dc229a989e5,H & G,H and G,C,2013,95,L,,True
113,23c1ec97-3e34-4ed5-8d3e-3c1956f15354,The Snow Queen,,C,2005,11,L,"https://www.winnipegfilmgroup.com/films/snow-queen-the/
",True
114,d543bc17-8d92-41cd-a2fc-3f32584cf1db,The Red Hood,,C,2009,9,L,,True
115,00e3c512-4dd1-4fac-8fc2-9e0ccd04e8bd,Hans Christian Andersen,,C,1952,112,L,,True
116,8d7a9976-4a11-41eb-a051-701a19b01456,Blind,,C,2007,99,L,,True
117,8f8c71d2-61dd-46c1-b605-e143c8d69501,Snow Queen,,C,2002,180,L,,True
119,d1b4ac1d-6baf-47ae-91fe-e4530a426e50,Hans Christian Andersen:  My Life as a Fairytale,,C,2003,176,L,,True
120,87aa3841-3f1d-4836-887f-c1a4aa07c827,The Snow Queen,,C,2005,56,M,,True
121,dcc64d99-fbf1-448b-ad1f-950077d4b654,Lumikuningatar,The Snow Queen,C,1986,90,L,,True
123,34a1380f-2356-4c41-8009-8ea5e25fbebf,Mother Goose Land,"Out of the Inkwell, Betty Boop",BW,1933,7,A,"Jack:  IMDB also says 1933
Questions: Wikipedia suggests this was released in 1933, not 1925. Change?",True
124,3a1f50fa-9774-403b-a278-981a169e8965,Kdopak by se vlka bál,Who's Afraid of the Wolf,C,2008,90,L,,True
126,847f46dc-9753-4457-b67e-bcda1850ec41,Jack and the Beanstalk,Talkatoon (Betty Boop),BW,1931,7,A,,True
127,d0f6bc5b-597e-4dfc-8e79-0110dcfd1598,Dizzy Red Riding-Hood,Dizzy Red Riding Hood; Talkatoon (Betty Boop),BW,1931,6,A,,True
128,88901939-862c-47b4-98cc-7227a0de92f2,Snow-White,"Snow White, Betty Boop",BW,1933,7,A,,True
129,a52d7011-4b74-43b4-abf0-a1cb7356f05e,Betty in Blunderland,Betty Boop,BW,1934,7,A,,True
130,fc69980a-4066-40c9-9e2f-ef0fe37a001f,Poor Cinderella,Betty Boop,C,1934,11,A,,True
131,adb2598c-b442-489b-8204-d95b0371b814,Little Dutch Mill,,C,1934,9,A,OK PG,True
132,ed445e78-3808-4cd4-ab80-75e5e0718adf,Betty Boop and the Little King,Betty Boop,BW,1936,7,A,"Jack:  Unsure of origin, but it appears that the character of the king might be credited to someone named Oscar Soglow, who is listed as a writer on the IMDB page. It does not say whether he wrote the screenplay or an original piece that influenced this short. How should I list this, if at all? Here is the place where I found that information: http://books.google.ca/books?id=MdGoAAAAQBAJ&pg=PA116&lpg=PA116&dq=oscar+e+soglow&source=bl&ots=oBFezqmXX3&sig=7vtv6V0n4D9pi39vLo8sGizgi5Y&hl=en&sa=X&ei=QmRbUvuKMY3HqQHeiYHADQ&ved=0CFkQ6AEwCQ#v=onepage&q=oscar%20e%20soglow&f=false (it's on page 116)",True
133,8f73a514-9c9b-4af0-abae-7a5c2b810a05,The Wizard of Ants,,BW,1941,7,A,"Jack: IMDB and the Youtube version I have found both list the title as ""The Wizard of Arts"" - please confirm

IMDB lists as colour, Youtube version is B&W, please confirm",True
134,4cc0c69c-809c-495c-a28a-e19bc58ef303,Jack and the Beanstalk,,C,1933,8,A,"OK PG
",True
135,43c1e6ca-e888-4e30-b0ec-5a60a9ba61b6,The Brave Tin Soldier,,C,1934,8,A,OK PG,True
136,62e2c47f-8b80-4a91-82cb-332136365eec,Puss in Boots,,C,1934,7,A,OK PG,True
137,76f8e8a0-4acd-49fc-bcf8-e5eb66bb20d6,Aladdin and his Wonderful Lamp,,C,1934,8,A,"Jack:  IMDB lists title as ""Aladdin and the Wonderful Lamp"" - please confirm

",True
138,225f981a-25df-4711-af07-54d61ae1ad10,Bremen Town Musicians,The Brementown Musicians,C,1935,9,A,"Jack:  IMDB lists title as ""The Brementown Musicians"" - please confirm",True
139,8dd4acc8-5698-4c7e-8bf5-d2c56ee7a341,Sinbad the Sailor,,C,1935,7,A,"Jack--Listed origin as One Thousand and One Nights, though this is disputed (see http://en.wikipedia.org/wiki/Sinbad_the_Sailor#Origins_and_sources) - please confirm
",True
140,2a13f0a9-dc06-4b51-9605-7e82be46fd40,Balloonland,"The Pincushion Man, Balloon Land",C,1935,7,A,"Jack:  IMDb lists title as ""Balloon Land"" - please confirm",True
141,305f1b28-73e2-436c-9f12-55a6bdb93085,Ali Baba,,C,1936,7,A,"Origin needs to be ATU 954 The Forty Thieves (Ali Baba)
",True
142,a4398cec-433d-4434-b242-31e2eec16067,Tom Thumb,,C,1936,7,A,,True
143,7df86a17-e17e-45bb-8df7-f094a4284ef1,Dick Whittington's Cat,,C,1936,8,A,,True
144,374022ec-948d-4785-a592-94d45bb9d164,La belle et la bête,Beauty and the Beast,BW,1946,96,L,,True
145,23fbf7d2-f4a6-4258-aaad-2888397e7f4e,Oslinaya shkura,"Oslinaja schkura, The Donkey's Hide, The Princess with the Donkey Skin, Die Prinzessin mit der Eselsbaut",C,1982,85,L,,True
147,d7d3458e-13e4-4219-802e-cc1213471b49,Barbe-bleue,Bluebeard,BW,1901,9,L,I didn't add a language because it's a silent film - is that correct?,True
148,34622cc6-f9ff-4177-8ef1-1c5e7dea2851,Barbe-bleue,Bluebeard,BW,1907,,L,"There was no option to not select a mode, so it is listed as live. I couldn't find anything to indicate whether that is accurate.",True
149,eb59c420-694c-4ceb-ae68-5ed0e95a8cab,Bluebeard,,BW,1944,72,L,,True
150,6df45edb-7781-4ef2-b1b5-e158176d6fb3,Landru,Bluebeard,C,1963,115,L,,True
151,3748c3a3-e43e-439c-a780-69cb8f848ecc,Bluebeard,,C,1972,125,L,IMDB also lists West Germany as a location - should we enter Germany or create a new country?,True
152,9af26eb6-2775-4e23-978b-c89a4e628866,Bluebeard Jr.,,BW,1922,,L,"IMDb doesn't state whether it is live or not, but there is no option to leave out the mode. It is a silent film, so I left language blank.",True
153,bc25a744-7eb0-4cc9-a428-f2545820ef5b,Le Manoir du Diable,"The House of the Devil, The Devil's Castle, The Haunted Castle",BW,1896,3,L,,True
155,64332dac-c5df-417b-b8ea-99c954677458,Barbe-bleue,Blue Beard,BW,1897,2,L,Silent,True
156,e6d9d4d5-62fd-4f5f-b125-62e4967ee5da,Cinderella and the Fairy Godmother,Cinderella,BW,1898,1,L,"Silent Film
Trick film
Presumed lost
https://letterboxd.com/film/cinderella-1898/details/ ",True
157,be03d317-0d60-48ea-a828-af2b6f1af895,Cendrillon,Cinderella,M,1899,6,L,"silent, hand-colored",True
158,51d0d5e9-ffd1-487b-96c5-e0fb447ba57e,La Pierre Philosophale,"The Philosopher's Stone, The Miser's Dream",BW,1899,1,U,silent,True
159,f83ccb6d-3f4b-47d5-825d-83b67fc7c905,Le Rêve du Radjah ou La Forêt Enchantée,"The Rajah's Dream or The Bewitched Wood; Oh! What a Night; or, The Sultan's Dream",BW,1900,3,L,https://www.youtube.com/watch?v=G3HlpRjrtR0,True
160,27640c46-9906-4079-964a-493ecf70cfba,"The Wizard, the Prince and the Good Fairy","Le Sorcier, le Prince et le Bon Genie; The Sorcerer, the Prince, and the Good Fairy",BW,1900,2,L,,True
162,7cf57936-5799-4f68-ac05-a6c732b96af1,Aladdin,,C,1992,90,A,,True
163,8d60357b-48ed-4fef-9dd4-7d1cde36b49f,"Saiyu-ki, Saiyûki",Alakazam the Great!,C,1960,88,A,,True
164,31e44bc5-95b3-43db-919a-9970dd3c1b0f,Arabian naito: Shindobaddo no bôken,Arabian Nights: The Adventures of Sinbad,C,1962,81,A,,True
165,2cb2725d-a5cb-49ed-92c2-cd7430aecc2b,Azur et Asmar,Azur & Asmar: The Princes' Quest,C,2007,99,A,,True
166,01725834-ded0-4699-86af-e79d57eb0716,Blood Tea and Red String,,C,2006,71,M,"Stop-Motion Animation; dialogue free (but not a silent film). ",True
167,0de81513-e2df-4777-b7c8-52f277eab33e,Shisha no sho,The Book of the Dead,C,2005,70,M,stop motion animation feature.,True
168,45a59784-97f8-47e1-add7-0c47e9874962,Drengen derville gore det unmulige,The Boy Who Wanted to Be a Bear,C,2002,75,A,,True
169,17f2fce9-a95e-47d4-b82d-c6e5a7caceec,Tenkû no shiro Rapyuta,Castle in the Sky,C,1986,126,A,Distributed by Toei Company and Walt Disney Pictures.,True
170,300f551e-e1ab-4b24-b706-37305ddda274,Rupan sansei: Kariosutoro no shiro,The Castle of Cagliostro,C,1979,110,A,,True
171,4d1d5947-35eb-4863-ad39-f753c1fa5407,The Sweet Hereafter,,C,1997,177,L,,True
172,d1544025-51c1-417f-9753-988695eaa43a,Felicia's Journey,,C,1999,116,L,,True
173,8c0e52ec-9a69-4f06-a755-d9d656e6dbc6,Babine,,C,2008,112,L,,True
174,849e0291-82e7-4772-aea1-7b13332aa0af,Sleeping Betty,Isabelle au bois dormant,C,2007,9,A,,True
175,9de5efb9-994a-4017-9213-f93a7f21aa8b,The Tender Tale of Cinderella Penguin,,C,1981,9,A,,True
176,f36c5bc2-c94a-4b3a-a77d-1c16444ffad5,Alice in Wonderland,Alice's Adventures in Wonderland,C,1903,8,L,,True
178,ce0e433f-e423-4aa5-a5ad-abb193380f41,Snow White: The Fairest of Them All,"Snow White, Snow White and the Seven Bachelors, Snow White and the 7 Bachelors, Snow White and the Seven Old Bachelors",C,2001,93,L,TV movie,True
179,2f3641d2-18c3-457e-814b-ffaf85c0416d,The Old Woman in the Woods,,C,2012,25,M,copyright date on my DVD says 2012 IMDb 2013 PG; not sure if it's close enough to ATU 442,True
180,c814d456-e225-4eb4-b67b-40f0587c8268,I Was A Rat,,C,2001,90,L,,True
181,749c8607-6b71-4065-a946-044cf0fd196d,Jacob Two Two Meets the Hooded Fang,,C,1999,96,L,my call PG,True
182,8a3a969b-313e-423f-904a-19b259f54ab4,Jacob Two-Two Meets the Hooded Fang,,C,1978,81,L,,True
183,1617e688-dd66-4751-88c8-69d32e3519c4,Deeply,,C,2000,101,L,fantasy?,True
184,d993485b-c0ac-4df0-8d35-c0508b8e0c81,Freeway 2: Confessions of a Trickbaby,Freeway II: Confessions of a Trickbaby,C,1999,97,L,some filming in Canada,True
185,208f2c79-697c-4f83-a4be-47e635215bae,Red Riding Hood,,C,2011,100,L,ick,True
186,d771971c-5a2d-4322-aed7-605a2621a353,Confessions of an Ugly Stepsister,,C,2002,90,L,mentioned in ES,True
187,ae88625b-79e5-4be1-aee6-74f4588ffac6,"Good Night, Sleep Tight",,C,2006,5,M,,True
188,3beb80c5-0309-42b6-921b-9f5754680711,Čudnovate zgode šegrta Hlapića,"Lapitch, The Little Shoemaker",C,1997,75,A,,True
189,2608ef52-6c7d-4b2c-9c34-5c0a20cb73bd,Tin Man,,C,2007,270,L,TV miniseries but discussed in ES,True
190,c9c06699-7d4f-43ff-b8bf-b93ae6fa5a8b,Alice,,C,2009,184,L,"NOT in ES, but given that Willing's other miniseries is....PG",True
191,3ece9a15-38c1-4e28-8dc8-296b9a963609,The Marsh,,C,2006,92,L,Reference to Brothers Grimm,True
192,8b460ea1-2ae3-4220-a32f-2ff60cd9c53c,Neverwas,,C,2005,103,L,,True
193,ca6ea4c3-394c-43e1-9b89-ee3541e6e387,Tideland,,C,2005,121,L,,True
194,1862c376-4acd-4cbb-bad7-1abe9685a318,The Beast of Dulle Griet,,C,2004,15,L,,True
195,92724331-9710-4632-ae56-a81e0b07afab,Hansel and Stella,,C,2007,4,L,,True
196,3be6efc0-23f2-4a11-a9f8-35b4dcdb6cd1,Hey Cinderella! Pauline,,C,1969,52,L,,True
197,e468a5a5-1b17-44a7-ba7e-9e8f1c09c045,"Know, I am You",,C,2007,11,M,,True
198,32d04ba5-9f1b-45e4-8bc8-80946fe47ae6,Mirror Mirror,,C,2012,105,L,,True
199,5abaa9dd-3182-4f1a-9169-69522f1545d5,Rainbow War,,C,1985,20,L,,True
200,d68f508c-595b-4912-8989-f2bf39c14a33,Red Shoes,,C,2009,11,L,https://www.youtube.com/watch?v=LC3Nenrbc9s,True
201,13faf563-ea00-448e-b1df-a909688ac932,Red,,C,2010,10,A,,True
202,761dcd7c-021f-4a63-8ed8-0d560c1c7be0,River,,C,2008,21,L,,True
203,56387904-0d84-4d35-a2e2-f958e13db3c3,Suckathumb,,C,2010,10,M,,True
204,361d300b-357b-47ad-8b4a-b464654b05ce,Den standhaftige tinnsoldat,The Steadfast Tin Soldier,C,1955,13,M,Changed to animated/live - archive.org video shows live action intro switches to animation,True
205,4d4b9532-590d-480c-bbbe-f6a8b33fac30,The Little Mermaid,,C,1974,26,A,,True
206,a9be1a60-2b03-4e55-a606-7344534c15c4,L'été de Boniface,Bonifacio in Summertime,C,2011,26,A,,True
207,f6ce9c6b-784c-4118-8dbd-198ce5077693,Paradise,,C,1984,15,A,Kind of Andersen?,True
208,c28e2c6c-9243-4984-973a-6d69a22871c5,The Town Mouse and the Country Mouse,Le rat de maison et le rat des champs,C,1980,5,A,,True
209,32b33bef-56eb-40ca-b7a7-0473affde5e7,The Bear and the Mouse,,C,1966,7,L,,True
210,97cc5a2f-7a1a-4241-bfb2-329d8a962a79,The Lion and the Mouse,,C,1976,4,A,,True
211,0ad320e2-f0fe-429b-a8ce-55570fb9e316,Little Red Riding Hood,,C,1969,5,A,,True
212,93b15e1e-ff7e-4087-83e7-c9f1990c9cf8,The North Wind and the Sun,,C,1972,2,A,,True
213,a9ab32dc-e245-40b1-96f1-987c86ebfb1a,The Wonderful World of the Brothers Grimm,,C,1962,135,L,,True
214,06d13e2f-5c30-4fec-bf01-1c87b577cb47,Whoever Slew Auntie Roo?,Who Slew Auntie Roo?,C,1972,91,L,,True
215,e73a623f-777e-4b79-9b5e-7fdc57c183a5,The Nightmare Before Christmas,,C,1993,76,A,,True
216,853699cf-df1e-4d84-83b5-e3198d37180f,The Wizard of Oz,,M,1939,102,L,,True
217,a65c8586-67fd-46d1-a8ea-f7ba8386cf97,Time Bandits,,C,1981,110,L,,True
218,d4886a3f-d83a-4f88-b2e2-e958bf18090e,Mononoke-hime,Princess Mononoke,C,1997,134,A,,True
219,3cf286ac-86ae-4b47-83bf-905cbc9c5943,Outremer,Overseas,C,1990,96,L,,True
221,361ce633-e08f-495c-b771-4bd57c32e5d4,Happily N'Ever After 2,Snow White: Another Bite at the Apple,C,2009,75,A,,True
222,feebcf08-9f9a-44db-97ca-fb9055047e31,Hansel & Gretel: Warriors of Witchcraft,,C,2013,83,L,a complete fucking waste of a million dollars; 83 minutes too long,True
223,f7518237-d318-4e4e-93ac-7650b5f8cb83,Dancehall Queen,,C,1997,98,L,,True
224,9f9e58e1-5cf4-4f78-99d3-eb4a3571fc71,Corpse Bride,,C,2005,77,A,,True
225,a3cc119f-a250-4f1b-b262-4ae3c067a5bf,Coraline,,C,2009,101,A,,True
226,5fd393eb-db6d-46d0-a966-854e633fc36d,Beastly,,C,2011,86,L,,True
227,78c877ad-99db-414a-ad9f-cbd56cf2bd81,Sin-de-rel-la,Cinderella,C,2006,94,L,,True
228,99537e74-c56c-4454-be27-7dddc5b40d2e,Shahrazad,,C,1946,,U,"I can't find any record of this film (except maybe some in languages I can't read, but I'm not even sure if they were about the film). I've added the info Jack had in the Enchanted Screen filmo. Is that enough?",True
229,2fe34fe2-a56c-4f58-8c2d-89ea1170ee6d,Barbe bleue,Bluebeard,C,2009,80,L,,True
230,a7dbb371-ece3-4f1b-b4e6-effa82d0b44e,Neco z Alenky,Alice,C,1988,84,L,,True
231,98fd1587-b3d5-4f03-9fe4-d0657d660d77,964 Pinocchio,Screams of Blasphemy,C,1991,97,L,IMDb says Hagi Suzuki and Onn-chan; my names from DVD PG,True
232,bb9ad096-641a-4c64-a5f5-91fd72198411,Ehky ya Scheherazade,"Scheherazade, Tell Me a Story, Eḥkī yā Shahrazād",C,2009,134,L,,True
233,7bbb5965-6bc9-479e-b412-8021b5ad0d54,Milchwald,In This Very Moment,C,2003,87,L,,True
234,67aa0d91-8499-4011-bb76-84f4c9b32bd0,Beauty and the Beast,Beauty and the Beasts: A Dark Tale,C,2009,90,L,,True
235,f0561f87-f6fe-417d-86cb-d99589295635,Hansel & Gretel,,C,2002,89,L,,True
236,84136365-5147-4f20-811b-13d738144fc6,Hansel & Gretel,,C,2013,90,L,,True
237,984d92dc-3dea-4e11-a833-e9baa17cb7ab,Hansel and Gretel,Faerie Tale Theatre,C,1983,51,L,in Zipes ES,True
238,d6c91001-6a6a-4b2e-b89b-58ff655d975f,Rapunzel,Faerie Tale Theatre,C,1983,51,L,In ES,True
239,68153348-97af-49ed-baf3-a155498e092a,Rumpelstiltskin,Faerie Tale Theatre,C,1982,40,L,IN ES,True
240,4c1f7ec9-e9f9-40d2-aceb-5704d44ab977,Little Red Riding Hood,Faerie Tale Theatre,C,1983,47,L,,True
241,1f3cb3b9-3c16-47f2-b73c-4cb0e9d3abbe,Hansel & Gretel: An Appalachian Version,"From the Brothers Grimm, Hansel & Gretel",C,1977,16,L,"https://www.folkstreams.net/film-detail.php?id=465
",True
242,f22ae9be-0a4f-483b-9256-d66ec79b4154,The Snow Queen,Faerie Tale Theatre,C,1985,49,L,,True
243,beca7697-584a-46e6-9880-45f65efe37d6,The Golden Compass,,C,2007,113,L,,True
244,7463c640-c2f7-4d41-8dc7-c5bf85217526,Deutschland bleiche Mutter,"Germany, Pale Mother",C,1980,123,L,,True
245,b42c932f-4317-466f-8421-fc6e3f91c324,Kaidan,"Kwaidan, Ghost Stories, 怪談",C,1964,125,L,,True
246,a53adc48-7087-4efd-b8f3-43ed9fdcb765,The Pied Piper,,C,1972,90,L,,True
247,6ead4115-6436-409a-bbb5-3c0c590492b6,Puss In Boots,,C,2011,90,A,,True
248,d324fa2f-61ab-4faf-88d4-af84d650cfdd,Henjel gwa Geuretel,"Hansel and Gretel, 헨젤과 그레텔",C,2007,117,L,"Phil-sung on DVD
Byeongwoo on DVD
Jeong-myoung",True
249,55fa9fbc-f7e5-45ee-a25d-d79a47f7473e,Grimm,,C,2003,103,L,,True
250,b9eff3cc-4d62-449e-9d15-f9be1bdcf127,Freeway,,C,1996,102,L,,True
252,8eceff05-b937-49ca-94d5-0c0df3e062b1,Zui xiong,Fairy Tale Killer,C,2012,90,L,,True
253,cf7dc9f7-37cb-4fa5-8b87-2f99f08e20a5,Peau d'âne,Donkey Skin,C,1970,89,L,,True
254,19c435ec-0497-4768-a91d-c95834cc8520,Promenons-nous dans les bois,Deep in the Woods,C,2000,87,L,,True
256,0fbfc9de-8f11-4ff5-9e1d-aaef083f1bb0,"I, Robot",,C,2004,115,L,,True
257,51e662a6-e65b-461c-9823-f008acaa5588,How to Train Your Dragon,,C,2010,98,A,,True
258,dde2ae31-4686-4aa0-bf73-70df44010571,Hauru no ugoku shiro,Howl's Moving Castle,C,2004,119,A,,True
259,b7d9abe0-d123-4ebb-b913-08e435ff6d94,Hoodwinked!,Hoodwinked,C,2005,80,A,,True
260,db4dffa7-fd6f-43d3-8a39-c97c773940bb,Neverland,,C,2011,180,L,other Nick Willing series in ES,True
261,8b484067-93d0-4118-a497-67261d956743,Mutzmag: An Appalachian Folktale,From the Brothers Grimm,C,1992,53,L,,True
262,372faa31-160d-4b5e-9385-f410fdfa4f1c,Mirrormask,,C,2005,104,M,,True
263,b7f7d4ef-cf65-4d28-bd7f-eca777f9c920,Rusalka,"Mermaid, Русалка",C,2007,100,L,,True
264,ec98dd98-7422-4316-94ba-57f16eb0a9d4,Otesánek,"Little Otik, Greedy Guts",C,2000,126,M,,True
265,cead243e-93a1-4d9d-a53f-b90ef5586ccf,Gake no ue no Ponyo,"Ponyo, Ponyo on the Cliff by the Sea",C,2008,101,A,,True
266,4485854b-e955-4787-af70-79908c2a5ba1,Kvitebjørn Kong Valemon,The Polar Bear King,C,1991,88,L,,True
267,56226cb5-5f1f-4272-a8d1-f115d2429f3f,Pinocchio 3000,,C,2004,80,A,,True
268,63d41cf8-1289-41a4-a882-0392af59e509,Pan's Labyrinth,El laberinto del fauno,C,2006,118,L,,True
269,c8245de6-066a-4248-aca1-811f4660f7ea,Ondine,,C,2009,103,L,,True
270,56fba3a6-6001-4ac3-81e6-ebc63d9f3bf6,Slumdog Millionaire,,C,2008,121,L,,True
271,30fc96bb-a7af-47e1-8984-dd370670b82c,La belle endormie,The Sleeping Beauty,C,2010,82,L,,True
272,36595576-899b-4a4b-9736-ae4f828d7e23,Sydney White,Sydney White and the Seven Dorks,C,2007,108,L,,True
273,7dd277d2-e5da-4b1b-8e26-acd40fdd6bba,Shôjo kakumei Utena: Adolescence mokushiroku,"Revolutionary Girl Utena: The Movie, 少女革命ウテナ",C,1999,100,A,,True
274,3dcc516a-c208-44c1-ad14-28d6b4784bcc,Rumpelstiltskin,,C,1995,87,L,,True
275,4e0b9c86-6349-4169-b778-bc04af2e0deb,Rotkäppchen: The Blood of Red Riding Hood,,C,2009,105,L,what a piece of crap,True
276,f3b940f7-3514-469b-83ac-088e50b4d6bc,Red Riding: In the Year of Our Lord 1974,The Red Riding Trilogy,C,2009,102,L,,True
277,993b9413-1625-4c0a-8d4c-51c63645948b,Red Riding: The Year of Our Lord 1983,Red Riding Trilogy,C,2009,100,L,,True
278,2797e819-205c-440e-b6e9-77d2f1c50592,Red Riding: The Year of our Lord 1980,Red Riding Trilogy,C,2009,93,L,,True
279,f66b48c7-4f11-4d92-b0a6-8c51d7ea3d46,Red Riding Hood,,C,2003,93,L,,True
280,4edb77a5-b68d-455f-89b5-4d7687179b41,Little Erin Merryweather,,C,2003,84,L,,True
281,c94da3e5-ea6d-4eb9-b673-d1797b9d049e,Rebecca,,BW,1940,130,L,"In Tatar's Secrets ",True
282,d5e33b50-0cf3-435a-9dcd-b5ed476b8180,Were the World Mine,,C,2008,95,L,,True
283,cd9e4e9c-977f-4ba7-92c9-52abe501de96,A Wicked Tale,,C,2005,45,L,"
",True
284,fafcc0ff-b38c-42da-bdc1-c9a62a6cc55f,Lady Oscar,,C,1979,124,L,,True
285,c19625d8-a34d-4064-a6d9-a1ab1aaea9f1,Rekopis znaleziony w Saragossie,The Saragossa Manuscript,BW,1965,175,L,,True
286,76d27d46-e677-41e6-87f8-f849c44e39d2,ParaNorman,,C,2012,92,A,,True
287,5a7375a9-1418-4963-8243-9af119641efd,Woodenhead,,BW,2003,90,L,,True
288,d600b24d-a0a9-4f4a-8528-a43aea9241ba,Tuvalu,,C,1999,101,L,,True
289,1550f35d-6656-4962-a1ee-08e6e6147493,Hanna,,C,2011,111,L,"Ok, sometimes it seems like people can see whatever fairy tale they want. Skrodzka, A. 2015 Cinematic Fairy Tales of Female Mobility in Post-Wall Europe: Hanna v. Mona, in East, West and Centre: Reframing Post 1989 European Cinema, eds. M Gott & T. Herzog, 109-126. Edinburgh: Edinburgh UP.  says it's Snow White
Kelly Oliver
Hunting Girls: Sexual Violence from The Hunger Games to Campus Rape
New York: Columbia University Press, 2016",True
290,d045fa5e-a987-49f7-aca9-659c5ffa1a54,Na-moo-eobs-neun san,Treeless Mountain,C,2008,89,L,,True
291,20343a85-8cfd-47fc-9048-df94bfd0daae,Fantastic Mr. Fox,,C,2009,87,A,,True
292,e362376f-bb8b-4373-8d37-0a57fc5cc8ae,Year of the Fish,,C,2007,96,M,,True
293,a6ef6b85-6069-418e-a170-c463d9512ca5,The Woodsman,,C,2004,87,L,,True
294,4e9cc1dc-5fd6-43bd-b48b-9153d95ab3b2,The Wolves of Kromer,,C,1998,82,L,,True
295,27fa5f64-0a00-496a-bbc3-f54519c008e1,Alice in Wonderland,,BW,1915,52,L,,True
296,6d5c651c-0378-4b58-9507-0a66f1858a30,Alice in Wonderland,,BW,1931,55,L,https://en.wikipedia.org/wiki/Alice_in_Wonderland_(1931_film),True
297,df72c573-9680-46de-bf15-2a88eb6942f1,Alice in Wonderland,,BW,1933,76,M,https://en.wikipedia.org/wiki/Alice_in_Wonderland_(1933_film),True
298,4a95be94-f994-46b3-83f2-14f5746fbe1d,Alice in Wonderland,,BW,1937,30,L,,True
299,766b1446-da52-4b73-86ef-0be4f444aac3,Alice in Wonderland,,C,1949,76,M,https://en.wikipedia.org/wiki/Alice_in_Wonderland_(1949_film),True
300,4e6caa05-aaaa-46fe-b28f-acd9d25e8cfc,Alice in Wonderland,,C,1951,75,A,,True
301,1163828a-79f1-45be-a481-4638692e40c4,Alice in Wonderland,Hallmark Hall of Fame: Alice in Wonderland,BW,1955,74,L,"I couldn't find company info, and I'm not sure of the mode - I think it is live but I can't find confirmation other than poorly-labeled YouTube videos.
AM: Definitely live. Also black and white, updated May 27, 2021. ",True
302,82b74192-c6ce-4b59-b37b-611dd7385b10,Alice in Wonderland,,BW,1966,72,L,,True
303,e539fa06-ae3e-41ba-b8d9-0b2e0302cebf,Alice in Wonderland or What's a Nice Kid Like You Doing in a Place Like This?,What's a Nice Kid Like You Doing in this Place?,C,1966,60,A,"The title is listed in the Enchanted Screen filmo as ""Alice in Wonderland, or What's a Nice Kid Like You Doing in this Place?"" but I've separated the two parts of the title. Is that correct? Also, IMDb lists the title as ""Alice in Wonderland, or What's a Nice Kid Like You Doing in a Place Like This?"" and I'm wondering if someone can confirm that the Enchanted Screen listing is in fact the correct title.",True
304,90ec9156-dff9-4a93-9330-8c0f6fa7e1ca,Alice,Alicja,C,1982,90,L,,True
305,0fedb800-bfe0-4acd-a3d5-0088daa6c022,Alice in Wonderland,,C,1985,187,L,,True
306,11d65602-8a91-40c0-9c96-fd205dc18fee,Alice in Wonderland 山,,C,1986,120,L,"This ran as four 30 minutes episodes, so I've totalled them. Is that correct?",True
307,08c3e406-992d-4b8d-a177-b5e07bafee73,Alice in Wonderland,Alice through the looking glass,C,1988,51,A,,True
309,97c5a109-bab5-4326-90f0-c93e3207f97f,Alice in Wonderland,,C,1995,45,A,,True
310,71805134-78fa-4d2d-b702-d42d21e20abc,Alice in Wonderland,,C,1999,131,L,,True
311,b4c6d6ab-c36b-4661-91d9-39bda5d4f9e6,Alice in Wonderland,,C,2005,133,L,"I couldn't find a company or a duration. The names of people associated with the film were listed as they are below, mostly with only one name. I couldn't find anything more complete.

https://en.wikipedia.org/wiki/Alice_in_Wonderland_(2005_film)
Google search showed duration (AM)",True
312,6627485a-bc29-4ea8-88b3-c8641b878464,Alice in Wonderland,,C,2010,108,L,,True
313,e5131ab5-c4ce-42c3-a7fb-9416d3a4c329,"Aladin, ou la lampe merveilleuse","Aladdin, or The Marvelous Lamp, Aladdin et la lampe merveilleuse, Aladdin and the Marvelous Lamp, Aladdin and His Wonder Lamp",C,1906,12,L,Did I list the title and alternate title correctly? Not sure about the protocol for films with multiple titles in multiple languages.,True
314,9296dc62-fc46-465c-8a0a-4fb447bb3a86,A-lad-in Bagdad,,C,1938,8,L,,True
315,6c165a45-4f6b-4e42-8e18-1fdaa43b85aa,Volshebnaya lampa Aladdina,"Aladins Wunderlampe, Aladdin and his Magic Lamp, Aladdin's Magic Lamp",C,1966,69,L,,True
316,7f6e8c7c-c7a1-4e6a-b921-c0c0a1fc9ba9,Aladin et la lampe merveilleuse,"Aladdin and His Magic Lamp, Aladdin and his Marvelous Lamp, Aladdin and the Magic Lamp, Aladdin and the Magical Lamp, Aladdin et la lampe magique",C,1970,71,A,,True
318,a5dd8db8-a766-468c-9356-4e1dc3cba84a,Aladdin and the Magic Lamp,Aladdin and the Wonderful Lamp,BW,1917,80,U,Film is listed in IMDB as made in 1917. Please confirm date. Unsure if live or animated.,True
319,36efcdd9-adb8-4808-84d6-560b90a9bbb6,Labyrinth,,C,1986,101,L,,True
320,63d6c142-76fb-4193-b5b8-318c3071db72,A.I. Artificial Intelligence,Artificial Intelligence: AI,C,2001,146,L,,True
321,c9fb25e3-c9dc-409e-beb8-a04c7d3c21ec,Baba Yaga,"The Devil Witch; Baba Yaga, Devil Witch",BW,1973,91,L,,True
322,d8b0bc8e-02d3-4d1a-9040-87d57d77c3ba,Dirty Dancing,,C,1987,100,L,"Pushing it, but....",True
323,8c6a0205-0cfc-40f3-ab3c-35ee30952f4a,Rumpelstiltskin,,BW,1915,,L,,True
324,e1653609-5d5e-4cd8-970b-8a305c9c3c2e,Rumpelstilzchen,Rumpelstiltskin,C,1955,82,L,,True
325,4736e156-f52a-4cc1-9bf5-28ab313d6802,The Black Cauldron,,C,1985,80,A,,True
326,6470a676-7b21-4cf4-b2ee-d0d5099fd8c5,Aufruhr im Schlaraffenland,"Mischief in Wonderland, Scandal in Fairyland",C,1957,80,L,Links in UW catalogue to English-language dubbed version,True
327,4456f5b9-f9c8-42ad-9563-bc05c11825bb,Penelope,,C,2006,104,L,,True
328,469d17c4-14f7-4451-ab4a-f4a966de7e99,Das Zaubermännchen,"Das Zauber-Männchen, Rumpelstiltskin, Das Zaubermännchen, Rumpelstiltskin and the Golden Secret",C,1960,73,L,,True
329,825ecec2-9502-4272-9f61-72a694f482d1,Das Stacheltier - Rumpelstilzchen,The Porcupine - Rumpelstiltskin,BW,1961,10,L,,True
330,f3bbfd7f-9be7-406d-bb98-694003eb3f37,Ali Baba et les 40 voleurs,"Ali Baba and the Forty Thieves, Ali Baba",C,1902,,L,https://en.wikipedia.org/wiki/Ali_Baba_and_the_Forty_Thieves_(1902_film),True
331,b0cd4bb7-48d5-4723-a624-7ba01b61c469,Ali Baba wa al arbain harame,Ali Baba and the Forty Thieves,BW,1942,,L,,True
332,10cc56ec-fe25-4f28-96b9-7f45ed8e232e,Ali Baba et les quarantes voleurs,Ali Baba and the Forty Thieves,C,1905,8,L,IMDB lists the release year as 1907. Please confirm.,True
333,24a43dac-83fe-4505-a839-0b7cbc5a9dfa,Ali Baba and the Forty Thieves,,C,1944,87,L,,True
334,be645af4-145b-480a-9d99-d90e2abc69b2,Son of Ali Baba,,C,1952,75,L,,True
335,9a1822ea-2d40-4468-bf26-9e7f93b4fceb,Les Nouvelles Aventures d’Ali Baba,"The New Adventures of Ali Baba, Le 7 fatiche di Alì Babà, The Seven Tasks of Ali Baba",C,1962,90,L,"Listed on IMDB as ""The Seven Tasks of Ali Baba"" (Le sette fatiche di Alì Babà) and ""The Seven Adventures of Ali Baba"" on other online sources. Please confirm title.",True
336,1c63a4a7-06e6-4ba8-8614-aff1141b27ff,Ali Baba et les 40 voleurs,Ali Baba and the Forty Thieves,C,1954,92,L,,True
337,ac2770b1-3a6b-4a56-935e-e3a277602dd5,Sindbad contro i sette saraceni,"Ali Baba and the 7 Saracens, Sinbad and the Seven Saracens, Ali Baba and the Seven Saracens - Hawk of Bagdad, Sinbad Against the 7 Saracens",C,1963,94,L,IMDb lists the year as 1964. Please confirm.,True
338,59da9836-4d5b-4f32-bbb6-ad3e96e77583,Le Sette Fatiche di Ali Baba,"Le 7 fatiche di Alì Babà, The Seven Tasks of Ali Baba, Ali Baba and the Sacred Crown",C,1962,90,L,"Some confusion between this film and The New Adventures of Ali Baba. Found sources indicating that they are alternate titles for the same film (This website, for example. Should it be included as a link? http://www.premiere.fr/film/Les-Nouvelles-Aventures-D-Ali-Baba-555530)",True
339,fe0499f6-6032-488e-9191-aeb629c69219,The Princess Bride,,C,1987,98,L,,True
340,7c496bd7-d328-40dc-8aac-e0a1f2b9c30e,Le Palais des Mille et Une Nuits,The Palace of the Thousand One Nights; The Palace of Arabian Knights,BW,1905,19,L,"https://en.wikipedia.org/wiki/The_Palace_of_the_Arabian_Nights
https://alchetron.com/The-Palace-of-the-Arabian-Nights
Black and white originally, colorized at some point",True
341,8d937e04-ce77-4a76-9856-e37728ab1217,Sumurun,One Arabian Night,BW,1920,85,L,"The durations listed on IMDb are different in two locations on the page. i've listed it as 85 min, the duration at the top of the page above the title. It is listed as 103 min under ""technical specs."" I've also added a book by Richard Rieß as a source, as he is listed under screenwriters on IMDb but only wrote source material. ",True
342,df7e1c21-b1e6-4aef-82d2-a190b19f2abd,Les contes de mille et une nuits,"Les Contes des Mille nuits et nuit; The Tales of the Thousand and One Nights, The Tales of a Thousand and One Nights",BW,1921,84,L,"https://letterboxd.com/film/the-tales-of-the-thousand-and-one-nights/

IMDb lists the original title as ""Les contes des mille et une nuit."" I found some links that support this being the original title, including this one: http://www.commeaucinema.com/film/les-contes-des-mille-et-une-nuits-fantastique,69294",True
343,8abfeca3-83cd-41a9-b94f-0a8341df8bd1,Two Arabian Knights,,BW,1927,92,L,"Robert Israel is listed on IMDb as the composer, and a few people are listed under other roles, all labeled as ""2004 alternate version."" Because this listing is for the original film, is it inappropriate to add these names? I have left them out for now.",True
345,43b28432-c77f-4bee-ae7a-38b28e0fc138,Arabian Nights,,C,1942,86,L,"IMDb lists the title as ""Arabian Nights."" ",True
346,2d100445-add7-464d-849a-dd17f6d2d746,Las mil y una noches,The Thousand and One Nights,C,1958,90,L,,True
347,9dc0877b-d1a1-4fa5-9116-acf9e55463a6,Alf layla wa-layla,"The Thousand and One Nights, Elf laila wa laila",C,1964,122,L,The spelling of the original title and the director's name are listed quite differently on IMDb. Please confirm.,True
348,e4927c3a-1c20-4bab-99a0-edc1ce9ebded,Le meraviglie di Aladino,"Les Mille et Une Nuits, The Thousand and One Nights, The Wonders of Aladdin",C,1961,100,L,,True
349,a8d8feff-f9ac-411e-b702-06e9e99b256a,The Arabian Knights,,C,1968,,A,,True
350,b391ff78-4ee0-41cd-842e-0ce411b55037,Senya ichiya monogatari,"The Thousand and One Nights, A Thousand and One Nights, Sen'ya ichiya monogatari",C,1969,128,M,,True
351,35fee9ba-85ac-4b91-8c25-abf3a988a500,Arabian Nights,,C,1972,22,A,,True
352,fbb8f68b-6fe6-420c-a9c5-4053dcb2603d,Il Fiore delle mille e una notte,"Arabian Nights; Flower of the Arabian Nights, A Thousand and One Nights",C,1974,130,L,"IMDb lists the English title as ""Arabian Nights.""",True
356,8a12e4dd-cc15-4e09-bb8d-30c982a31e73,Arabische Nächte,Arabian Nights,C,1979,91,L,,True
357,0191888e-2a69-4bb5-a561-89805d544da9,Arabian Adventure,,C,1979,98,L,,True
358,affd6be6-c257-4453-a680-f6eb2552d954,Les Mille et Une Nuits,"The Thousand and One Nights, 1001 Nights, Les 1001 Nuits",C,1990,98,L,,True
359,b69628a2-a694-493e-be3a-b15cdc806bd6,Á la recherché des Mille et Une Nuits,In search of the Thousand and One Nights,C,1991,77,L,"Most information was from this source: http://www.telerama.fr/cinema/films/a-la-recherche-des-mille-et-une-nuits,55056,casting.php",True
360,8ac5cbdf-a6c8-425a-880b-c751d8f7bdc6,Arabian Nights,Scooby-Doo in Arabian Nights,C,1994,69,A,,True
361,12761e4c-4dce-48a8-a7cb-eeb93340ae54,Pages arrachées aux Mille et Une Nuits,Pages taken from the Thousand and one Nights,C,1996,60,L,"No information was available on IMDB. The information here was obtained from this source: http://www.senscritique.com/film/Pages_arrachees_aux_mille_et_une_nuits/1375584/details

https://imagesdelaculture-cnc-fr.translate.goog/-/pages-arrachees-aux-mille-et-une-nuits?_x_tr_sl=fr&_x_tr_tl=en&_x_tr_hl=en&_x_tr_pto=sc",True
362,db1e947e-b3b8-41a5-8945-b05658d2f366,Les Mille et Une Nuits,"Alf layla wa ya laylali, The Thousand and One Nights, Les Mille et Mille Nuits",C,1999,15,L,"Information obtained from: http://www.telerama.fr/cinema/films/les-mille-et-mille-nuits,54749,casting.php

This film is listed on multiple websites as ""Les Mille et Mille Nuits"".",True
363,8152d00c-7e86-4a80-ab8b-a58050c58617,1001 Nights,,C,1999,23,A,IMDB lists the film as having been released in 1998.,True
364,56f0ba4f-7527-4e4b-919c-1c2dcb6d0265,Arabian Nights,,C,2000,175,L,,True
365,a5a1cb40-539c-4384-b06d-1f03f836033b,Noodlot,Kismet,BW,1916,,U,"https://letterboxd.com/film/kismet-1917/
",True
366,4028a4a5-9cd5-4b28-84ba-ab72c9f61ba1,Kismet,,BW,1920,95,L,,True
367,d4394d90-df43-4f8d-9ddc-0f744559028c,Kismet,,C,1930,90,L,,True
368,5fbcc363-c9ec-4ff8-b6e9-2497484fc6e3,Kismet,O zitianos tis Vagdatis,BW,1930,82,L,The year listed on IMDB is 1931. Please confirm the actual release year.,True
369,44814dcd-14da-4a47-b950-00d833a074d9,Kismet,,C,1932,,U,https://www.cinemaazi.com/film/kismet-1931,True
370,dba4cfa4-a342-428f-b13c-faab00d661e4,Kismet,,C,1944,100,L,,True
371,b24b97c0-5c66-450f-9f7a-6b196b9db883,Kismet,,C,1955,113,L,,True
372,b0689baf-5e95-47ac-9307-6f8db8960596,Kismet,,C,1967,90,L,"IMDB indicates that the person listed as director in The Enchanted Screen (Luther Davis) was a writer, and that the film was directed by Bob Henry. Please confirm the identity of the director.",True
373,f4ec8a63-8de8-49a4-8f35-f01a42a1411b,The Cobbler and the Caliph,,BW,1909,,U,,True
374,bf3b53bd-3158-45c2-8d26-94598c53493c,Ma'ruf al-iskafi,"Ma'ruf the Cobbler, Maarouf el eskafi, Maarouf the Cobbler",BW,1947,,U,"This film is titled on IMDB as ""Maarouf the Cobbler"" (Maarouf el eskafi), and the director's name is presented as ""Fouad El Jazairly"". Information on the mode, and company missing from the IMDB entry.",True
375,06a293ef-9b2e-46e7-8e6f-e0592c96fae3,"Marouf, the Cairo Cobbler",Marouf Savetier du Caire,BW,1947,90,U,"The company, colour, mode, duration, and language are missing for this film on both the IMDb and Wikipedia entries. The cast listed overlaps significantly with the other film made in 1947 based on this tale (Ma'ruf the Cobbler, dir. Fu'ad al-Jaza'irly). Can you confirm that they are indeed separate films and that the cast lists are accurate?

https://www.festival-cannes.com/en/films/marouf-savetier-du-caire ",True
376,7852f720-e7a6-462e-8bd1-29849dfb7e09,Kamar-al-Zaman,"Princess Budur, The Story of Qamar-e-Zaman",BW,1922,,U,"The information on the film's mode is not complete on IMDB.

https://www.bossprojectors.com/latest-update/princess-budur-a-k-a/4263 
https://www.moviebuff.com/princess-budur",True
377,068880e6-963f-4608-ba2d-2de17ad41438,Nur al-Din wa-l-bahara el-talata,"Nur al-Din and the Three Sailors, Nureddine wa bahhara el talata",BW,1944,105,L,"The spelling of the title and the other title are different from the IMDb listing and I couldn't find them listed elsewhere. Not sure if this is live or animated.
AM: Based on the IMDb photos, I think it's safe to leave it as live. ",True
378,518af632-c1bb-4c48-bf63-7095887a82f9,Kamar-al-Zaman,,BW,1931,,U,"The IMDB entry did not have information about the film's mode. 

https://www.indianfilmhistory.com/movie-details/kamar-al-zaman
https://chiloka.com/movie/kamar-al-zaman-1931 
https://www2.bfi.org.uk/films-tv-people/4ce2b8939340e ",True
379,51d99354-971b-4bb5-9613-2e549703ff9e,Qamar el-Zaman,"Kamar el-zaman, Time Moon",C,1976,,L,"IMDb spells the film name and the director's name differently, and suggests and English translation of the title (Time Moon). Colour and mode are missing.
AM: appears to be colour/live: https://www.musicman.com/00pic/11642.html",True
380,4be94753-0379-4c3d-bc62-ebd846fbe57c,Song of Scheherazade,Fandango,C,1947,105,L,,True
381,c2676979-89a2-4f33-9845-29f42e3ad860,Schéhérazade,Shéhérazade,C,1963,124,L,"IMDb suggests that the English title is the current title listed minus the accents, and that the French title is the current listed title is the French title if we take out the 'c'. ",True
382,c8413570-90d8-4fc5-b2a4-4f2e835611c2,Layali Shahrazad al-jamila,The Beautiful Days of Scheherazade,C,1982,97,L,"The information for this entry was obtained from the Companion Encyclopedia of Middle Eastern and North African Film, edited by Oliver Leaman (page 476). The entry lists the original title as ""Ayyam Chahrazad al-Hilwa"". It can be accessed through a google books preview:

http://books.google.ca/books?id=hP16fBJ06yUC&pg=PA476&lpg=PA476&dq=Les+beaux+jours+de+Chahrazade&source=bl&ots=J8ObjM9lam&sig=rv9Z3OlweJK3w9F-kDjiWFHJaHc&hl=xx-pirate&sa=X&ei=touzUuSqEOaY2QWr0oCwBg&ved=0CCkQ6AEwAQ#v=onepage&q=Les%20beaux%20jours%20de%20Chahrazade&f=false",True
383,fcfcb3f7-5079-47f8-8ef0-358c2e5f98af,Layali Shahrazad,Scheherazade's Nights,C,1991,87,L,"The link included is to the Arab Cinema Directory. The site suggests a different spelling of the director's name, and a different year.
 http://www.acdir.net/acdir/Films/Film_overview_en.aspx?f_id=978 
Note: Link didn't work on Oct 8, 2021, so I moved it to comments (AM)",True
384,8fa00315-bbe6-4df9-887e-c0bb59b5156f,Schéhérazade,Shéhérazade,C,1995,,A,,True
385,19919680-4405-4e8d-9f38-ee8d16668717,Il était une fois Donyazad,Once Upon a Time Donyazad,C,1996,30,U,"Is AlloCine an acceptable site to link?
https://www2.bfi.org.uk/films-tv-people/4ce2b8a840c5a",True
386,71b78797-772e-4c04-bb8c-dccf54856898,"Sinbad, the Sailor",Sinbad le Marin; The Adventures of Sinbad the Sailor; The Strange Adventures of Sinbad,C,1947,116,L,,True
387,bc84488a-98c3-4c42-910b-e15bbe500165,Simbad el Mareado,,BW,1950,96,L,,True
388,54d815e7-3638-4517-9796-bdcdeb37c92b,Sadko,The Magic Voyage of Sinbad,C,1952,85,L,,True
389,4a92b21d-1c39-4bd3-a3da-2f1828ad2d8d,Son of Sinbad,,C,1955,91,L,,True
390,09db54b2-4787-4b65-a176-f8ef638214da,Son of Sinbad,,BW,1958,,U,"Unsure of colour and mode.
AM: I'm guessing B&W, updated mode to unknown but it's probably live?
https://www.indianfilmhistory.com/movie-details/son-of-sinbad ",True
391,e95ebc7a-be58-46a7-be0c-db0580eebcdc,The 7th Voyage of Sinbad,The Seventh Voyage of Sinbad,C,1958,88,L,,True
392,f3a786d8-1e9d-4029-8456-686e1d523e5d,Captain Sinbad,,C,1963,85,L,,True
393,f1293871-0257-49e8-94c9-692cc8e6b4e9,"Sindbad, Ali Baba and Aladdin",Sindbad Alibaba and Aladdin,C,1963,137,L,"I'm not sure of this film's mode. Is AlloCine an okay link?
AM: mode appears to be live, based on IMDb images
IMDb lists release year as 1965",True
395,3499ef67-b43f-4457-9afa-061cfc9c8c87,The Golden Voyage of Sinbad,,C,1973,105,L,,True
396,2ce7f14b-b523-4726-8e5b-03685e11287c,Simbad Calife de Bagdad,"Simbad e il califfo di Bagdad, Sinbad and the Caliph of Baghdad",C,1973,101,L,The IMDb entry gives an English title and a different Italian title.,True
397,c8732d0b-fa87-4729-a0b0-d606017ad24a,Sinbad and the Eye of the Tiger,,C,1977,113,L,,True
398,0e050912-9516-4dd5-a08a-a7f6624e9a41,Sinbad of the Seven Seas,,C,1989,93,L,"The director's name is spelled differently on IMDb as compared to in The Enchanted Screen. I was able to confirm that the IMDb spelling is correct, so I've included it that way here.",True
399,1c0e1ab1-7f52-4741-ad6f-b4d081ca4e84,Sinbad: Legend of the Seven Seas,,C,2003,86,A,,True
400,c2113830-06eb-46ac-9a64-7b477affdc22,The Thief of Bagdad,The Thief of Baghdad,BW,1924,155,L,,True
401,b001417b-6ce5-41ae-891c-da066ec44888,The Thief of Bagdad,,C,1940,106,L,,True
402,fb06c6c9-4be7-4cbf-8355-4dc97d48de72,Ali califfo di Bagdad e ditorni,"Ali, Caliph of Bagdad; Ali Caliph of Bagdad and Suburbs",C,1948,,A,,True
403,d33d5757-6af7-4c59-bdd1-67ec6586ccd4,Bagdad,,C,1949,82,L,,True
404,370c5cbc-7498-4b78-bf83-4ddc38f740ca,Die Diebin von Bagdad,The Thief of Baghdad,BW,1952,91,L,Director Karel Lamac (credited as Carl Lamac),True
405,ddfed560-e7bd-45b3-b356-8d527990ffba,The Thief of Damascus,,C,1952,78,L,,True
406,178be240-12e0-4981-a7aa-9214e4639172,Siren of Bagdad,,BW,1953,73,L,,True
407,aa18ebf1-545b-4a92-853d-ddff964d92c0,Hallaq Baghdad,"Hallak Baghdad, The Barber of Baghdad",BW,1954,85,L,"The director's name and the title are spelled differently on the IMDb listing. (AM: Found the writer's name on a different site and kept it consistent with the original spelling as entered on IFTF). 
https://oscarpictures.com/en/portfolio-item/hallaq-baghdad/

I'm not sure of the mode. (AM: Appears to be live: https://www.mopopoc.com/2018/03/the-barber-of-baghdad-ismail-yasseen.html) 

https://karohat.com/en/Title/062326fd-6ac3-4fc4-9bf1-2e01bb549823
",True
408,ae0f6b7e-14b2-4778-a477-eed1f8668b5d,Il Ladro di Bagdad,The Thief of Baghdad,C,1961,100,L,,True
409,6a44cd17-6fc5-45d0-b81d-d9c63a5514ed,The Thief of Tibidabo,Le Voleur de Tibidabo,BW,1964,86,L,,True
410,919f8761-fc97-4718-9a6b-37868679b55d,The Pink of Bagdad,,C,1978,7,A,,True
411,cf6c5d2d-a245-4175-954d-a586c9a329dd,The Carpet from Bagdad,,BW,1915,,L,https://en.wikipedia.org/wiki/The_Carpet_from_Bagdad,True
412,14ad9004-784b-40f6-8b38-b44d5e3b988c,The Thief of Bagdad,,C,2003,5,L,One of the links I've included is to the director's website.,True
413,2a495259-398d-4481-8c28-5e544b3c5151,A Caliph of the New Bagdad,,BW,1916,,U,"IMDb does not indicate if the film is live or animated.
",True
414,587affc7-923a-44fa-ae80-7f756704509e,La principessa di Bagdad,The Princess of Bagdad,BW,1918,,L,"https://www.flickriver.com/photos/truusbobjantoo/49904810467/
",True
415,c5d20918-527e-48c9-b9b6-06b2eafede66,The Sheik,,BW,1921,80,L,,True
416,8ccb4806-6f0a-401a-a5be-148a258553f9,The Son of the Sheik,,BW,1926,68,L,,True
417,0d32414e-988d-44c9-9366-17bd2c22589a,Bagdad Daddy,,BW,1941,17,L,"""The Ambassadorettes"" and ""The Johnson Brothers"" are listed as cast members in the IMDb entry. Their individual IMDb pages list them both as individual people. I could not find any external indication if either one is an individual person or a group with a Google search.",True
418,f3ebb0e3-dae5-44da-b344-2590b84c13eb,Afrita Hanem,Little Miss Devil; Lady Afrita; The Genie Lady,BW,1949,97,L,,True
419,d19e9217-4d20-4388-85c8-0911548a08b7,La rosa di Bagdad,The Singing Princess,C,1949,76,A,,True
420,235b5686-f17a-463b-b050-ea8532e16f12,Bowery to Bagdad,,BW,1955,64,L,,True
421,45f9d438-0d8c-43be-b9c2-fac1f7e74437,al-Fanus al-sihri,The Magic Lamp,BW,1960,,U,"The IMDb entry does not indicate the film's mode, lists the film's original title as ""El fanous el sehri"", and gives the director's name as Fatin Abdel Wahab.",True
422,2dfd5ba2-14d3-4628-9af8-844416acc6fb,Nights,"Layalin, Lial, Layal",C,1982,110,L,"I'm not sure of the colour or mode, and was unable to find any listing of this film.
AM: I think it's live, but not sure of colour.

https://letterboxd.com/film/lial/
https://www-encyclocine-com.translate.goog/index.html?menu=0&film=63580&_x_tr_sl=fr&_x_tr_tl=en&_x_tr_hl=en&_x_tr_pto=nui,sc ",True
423,9efeefe5-cec9-4c3e-ae27-194b1b0ad4ab,The Wonderful Adventures of Herr Munchausen,"Monsieur de Crac, Mr. Crack",BW,1910,,U,IMDb year is 1912,True
424,b3478c1a-de5c-438b-9e8e-5e5010678525,'Ali Beh Mazhar wa-l-arba'in harami,Sir'Ali Mazhar and the 40 Thieves,C,1985,,L,The mode and colour of the film are not known. I was not able to find any listings of this film.,True
426,ab8e222f-5455-43b3-8dbd-68a46e4a62b3,Le avventure del Barone di Münchausen,The Adventures of Baron von Munchausen,BW,1914,,U,This film's mode is not indicated in IMDb.,True
427,22f78780-8350-4b49-9e2f-0f59fa32afab,Les fabuleuses aventures du légendaire Baron de Munchausen,The Fabulous Adventures of the Legendary Baron Munchausen,C,1962,78,A,IMDb says,True
428,4714d1dc-3a5b-473f-9495-aff832e7015f,The Adventures of Baron Münchausen,,C,1988,126,L,The IMDb listing for this movie indicates that it was released in 1988.,True
429,93f18fd7-e1f7-4b01-9058-ae7b3108907c,Bärenhäuter,"Bearskin, Der Bärenhäuter",C,1986,81,L,"The film is listed on IMDb as ""Der Bärenhäuter"".",True
430,83d811a1-9296-4b0b-8685-c5edf50bd8f9,"Bearskin, or The Man Who Didn't Wash for Seven Years",,C,1984,20,L,,True
431,ef11269e-9d3b-4bf7-b8a6-748062f50bfa,La Belle et la Bête,Beauty and the Beast,BW,1899,1,U,"Neither the film's director nor mode is listed on the IMDb entry.
https://letterboxd.com/film/beauty-and-the-beast-1899/",True
432,ba55f34b-7b12-4130-99ad-f0526a222acd,Bearskin: An Urban Fairy Tale,Na Pele do Urso,C,1989,95,L,I'm not sure about the colour and mode. I've corrected the spelling of Eduardo Guedes' name (I found multiple listings with the spelling I've used).,True
433,b762b11e-5adc-42b1-a2ba-f6a5b46e23af,Beauty and the Beast,,BW,1905,11,L,I'm not sure of the mode.,True
434,8284459f-41e5-4705-b1cc-6e5a28bfa355,Beauty and the Beast,,BW,1903,,L,The IMDb entry for this film does not name a director or state the mode.,True
435,4dca46fc-d711-434c-b239-3ce905eb999b,La Belle et la Bête,Beauty and the Beast,BW,1908,11,U,I'm not sure of the mode.,True
436,fc1e0560-5ec5-46d5-aeb0-23da205c45a6,Beauty and the Beast,,BW,1912,,L,I'm not sure of the mode. There is no director listed in the Enchanted Screen or online.,True
437,a85827fd-7e35-4fc6-93f6-02b0f7f4dace,Beauty and the Beast,,BW,1913,40,L,"I'm not sure of the mode. I've listed the director with his full first name rather than the initials listed in The Enchanted Screen, because I think it's more searchable this way. Is that okay?",True
438,875dcc21-e894-4a43-b02c-054d1e12d52d,Beauty and the Beast,,BW,1922,,L,I'm not sure of the mode.,True
439,c6db8632-b93d-409f-95d6-5f5db62478f9,Beauty and the Beast,,BW,1924,,A,"I'm not sure of the mode.
(AM) It's animated,according to IMDb",True
440,2552d3d4-3d81-47e4-bce0-3ff16a84da6a,Beauty and the Beast,Merrie Melodies,C,1934,8,A,,True
442,de2e0cc9-5f6f-4397-b3e2-1bfdcade266b,Beauty and the Beast,Fractured Fairy Tales,C,1960,4,A,,True
443,bcbb12aa-7c7c-465d-997f-66c8c1c62997,Beauty and her Beast,Fractured Fairy Tales,C,1960,4,A,,True
444,a58edc7f-5578-4a28-8a1f-cff89916c0ef,Son of Beauty and the Beast,Fractured Fairy Tales,C,1961,4,A,,True
445,02ed539a-e635-4b6d-8335-0a80ccaa4051,Beauty and the Beast,,C,1961,77,L,"The IMDb entry for this movie lists the release year as 1962, not 1961. Please confirm the actual year for this film.",True
446,d9bfec4e-8620-42cf-b8a3-3cc4ec06dfd2,Beauty and the Beast,,C,1969,50,L,,True
447,4846b714-0912-49e7-a974-b26f27f2d89b,"Finist, jasni sokol","Finist, the Bright Falcon, Finist, heller Falke, Finest, the Brave Falcon, Finist - Yasnyy sokol",C,1975,80,L,"This film's IMDb entry lists the original title as ""Finist - Yasnyy sokol"", the director's name as Gennadi Vasilyev, and the release year as 1976.",True
448,81ce9dd8-5ffb-4d15-8042-0467e2764baa,"Die Schöne und das Tier ",Beauty and the Beast,C,1976,24,A,Included links to original and English-dubbed versions,True
449,beb04ef2-5bcc-4990-bbb4-986e9fab8bf0,Alenkiy tsvetochek,"The Scarlet Flower, Аленький цветочек",C,1978,66,L,"On IMDb, the release year is listed as 1977 versus 1978. Please confirm the actual release year for this film.",True
450,9c531621-51a4-4919-8e12-e2b23311b408,Panna a netvor,Beauty and the Beast,C,1978,83,L,,True
451,142bc656-50e3-45a2-b5cb-6c37a3f0b408,Beauty and the Beast,,C,1982,35,L,,True
452,ddffab73-7b5e-4e8a-976a-f3bdeb553767,Beauty and the Beast,,C,1983,60,A,,True
453,1ab18d6d-24f6-43dc-8de2-6c1eb79ada82,Beauty and the Beast,Faerie Tale Theatre,C,1984,52,L,,True
454,d529376f-f2f5-4f42-bc3d-f2d2c78e4af0,Beauty and the Beast,,C,1986,94,L,"On IMDb, the release year is listed as 1987. Please confirm the release year for this film.",True
455,7e7d9828-eda1-42c2-baee-a4c399bdb18b,King Kong Lives,,C,1986,105,L,,True
456,b4bd1645-e03c-49df-ae5e-7af3f9fae2f9,Beauty and the Beast,,C,1987,60,L,,True
457,a47dac14-3d5e-42cc-b156-1c7d1572598a,Beauty and the Beast,,C,1993,49,A,"The IMDb entry does not list the directors for this film. A Google search of the film's title with the directors' names gave me a Wikipedia article for the film that listed both directors. The linked IMDb article was listed in the external links section at the bottom of the Wikipedia page. Also, the IMDb article lists the release year as 1992. Please confirm the actual release year.
http://en.wikipedia.org/wiki/Beauty_and_the_Beast_(1992_film)",True
458,98ae7fa8-36b6-438c-9847-a4afecc2dc79,Snow White: A Tale of Terror,Snow White in the Black Forest; The Grimm Brothers' Snow White,C,1997,100,L,,True
459,84caa21d-d41e-4daa-bec6-e5f376f8ce96,Little Red Riding Hood,,BW,1997,12,L,,True
460,78dc9658-2f74-4088-95d1-1340b26d71ea,Enchanted,,C,2007,107,M,,True
461,86077fda-ffad-4f1d-b48d-505ef5bcbddf,Aquamarine,,C,2006,104,L,,True
462,ce6d5899-cd56-4f27-a138-01375f935dee,The Fall,,C,2006,117,L,,True
463,7e94c4be-1e0d-4e55-a155-d05cae9bc160,Cinderella,,C,1950,74,A,,True
464,17ca3400-ba65-4a91-b4ff-3abd0031359f,Eyes Wide Shut,,C,1999,159,L,,True
465,a0107145-74ac-46cc-8291-9ecc567faf4f,No Such Thing,"Monster, Skrímsli",C,2001,102,L,,True
466,6286f61c-49b3-4b19-9ef9-ce7c09d5a7f7,Blood of Beasts,Beauty and the Beast,C,2003,90,L,"IMDb indicates that this movie was released in 2005, not 2003.",True
467,91f22919-109e-427c-93d9-f8db33d89571,Beauty and the Beast: A Latter-Day Tale,Belle and the Beast: A Christian Romance,C,2007,91,L,"IMDb seems to have combined the entries for this film and Belle and the Beast: A Christian Romance (2007) directed by B.J. Alexander. I found some other sources that indicate two separate films with some overlap in the cast and crew. For this entry I've used the title and director listed in The Enchanted Screen and used information from IMDb for the rest of the fields.

http://www.christianfilmdatabase.com/review/belle-and-the-beast-a-christian-romance/

http://www.fandango.com/beautyandthebeast:alatterdaytale_v390999/castandcrew",True
469,8ebb1930-fade-4ba6-aaac-cc6e17db7dce,Bluebeard,,BW,1902,,L,,True
470,69f2ab8a-fb6b-4bed-bb1d-74bc4982cfa5,Bluebeard,,BW,1909,,L,The IMDb entry for this film does not indicate if it is live or animated.,True
471,16001750-96a7-4338-be67-6ecdb2acaa8e,Monsieur Bluebeard,The Adventures of François Villon #3: Monsieur Bluebeard,BW,1914,,U,IMDb does not indicate the film's mode.,True
472,8d56ec65-846e-43b1-bb1a-547ae3b8b297,"Landru, der Blaubart von Paris","Landru, the Bluebeard of Paris",BW,1922,81,L,"The film's mode is not indicated on IMDb.
AM: appears to be live
http://www.charliechaplinarchive.org/en/collection/cerca/landru-der-blaubart-von-paris-anonimo-regia-di-hans-otto-lowenstein ",True
473,63370716-c0ed-4e96-857c-5c0112508158,Bluebeard's Brother,,BW,1932,6,A,,True
474,c1823fdb-61fc-4f3b-8b0d-87e4b77e4247,Barbe-Bleue,"Blue Beard, Barbe Bleue",C,1936,13,A,"The IMDb entry for this film lists the director for the film as Jean Painlevé, contrary to The Enchanted Screen. I found another source, a book called Science is Fiction: The Films of Jean Painlevé (eds. Jean Painlevé, Andy Masaki Bellows, Marina McDougall, Brigitte Berg), where René Bertrand is listed as the director (in addition, the book lists the release year as 1938 instead of 1936). I used the IMDb listing for the general information on the film and The Films of Jean Painlevé for the roles.",True
475,daf0437b-1d37-488c-ba6f-110891091e64,Love from a Stranger,A Night of Terror,BW,1937,86,L,,True
476,b0699f1a-8dd6-4b16-bd34-87fcef1be522,Bluebeard's Eighth Wife,,BW,1938,85,L,,True
477,8ec4087b-8e4c-413b-833d-b60855e8d4ac,Gaslight,Angel Street,BW,1940,84,L,,True
478,60e3d7b5-5542-40aa-9fee-b7c883f290f4,Gaslight,,BW,1944,114,L,In Tatar Secret,True
479,5f7b766e-bd96-477a-8e1e-66cb24c9268c,Kuningas jolla ei ollut sydäntä,The King Without a Heart,C,1982,92,L,,True
480,66947b5b-14fa-46ab-a903-b619adbe0c89,El moderno Barba Azul,"The Modern Blue Beard, Modern Bluebeard, Boom in the Moon",BW,1946,90,L,,True
481,cba285c2-7388-4293-8ecf-6584f46a7021,Monsieur Verdoux,,BW,1947,124,L,"The Wikipedia article for this film indicates that the film's script was written in large part by Orson Welles, and then purchased and revised by Charles Chaplin.

http://en.wikipedia.org/wiki/Monsieur_Verdoux#Production",True
482,59c13dc0-9919-4496-84cb-ca299ccc61aa,Secret Beyond the Door...,Fritz Lang's Secret Beyond the Door...,BW,1947,99,L,This film's IMDb entry indicates that the film was released in 1948. Please confirm the release year.,True
483,73bcf97a-b747-41ea-93e9-c0cbd9a0e520,"Bye, Bye Bluebeard",,C,1949,7,A,,True
484,30be14f2-7390-47b5-92ce-6194ca6249e9,Blaubart,"Barbe bleue, Bluebeard",C,1951,95,L,"I'm unsure whether the director's listed name is a first name, last name, or a combination that has been hyphenated. For this entry I entered his whole name as a first name. Please confirm how his name should be entered.

The IMDb entry lists Erich Kröhnke, Hans Rehfisch, and Boris von Borresholm as the writers of the film's German version. Does this indicate the existence of a non-German version of the film?

Angela added some credits as listed on the IMDB page. ",True
485,299754d6-f1c4-4b8e-853a-0f3d1417246f,Los lios de Barba Azul,The Confusions of Bluebeard,BW,1955,100,L,,True
486,a4c97338-e050-4196-a81e-35264980de11,Bluebeard's Ten Honeymoons,,BW,1960,92,L,,True
487,29cc54d3-b4ff-44d4-9945-c56086b69fa4,Bluebeard's Treasure,,BW,1962,5,A,"The IMDb entry does not list Hal Seeger as the director (no director is listed), but instead as the producer of the short.",True
488,8955c833-579a-4ada-b6e8-27c622599c33,Landru,Bluebeard,C,1973,30,U,,True
489,21aed2f6-8e16-4a0e-9a5e-aa3f4f384c7e,A Black Day for Bluebeard,,C,1974,75,L,,True
491,e748484b-ed81-4c80-83b2-144b2711fcaa,Blaubart,Bluebeard,C,1984,95,L,"IMDb lists the spelling of the director's first name as ""Krzysztof"" as opposed to ""Krzyszlof"". Please confirm the correct spelling.",True
492,44157fb9-1f8b-4636-a730-4b12a0ec93ab,"Barbablù, Barbablù","Bluebeard, Bluebeard",C,1987,118,L,I'm not sure of the mode.,True
493,8c47f40c-0d6b-448a-8a46-1a61eb4cc70e,La dernière femme de barbe bleue,"The Last Wife of Bluebeard, Bluebeard's Last Wife, Blue Beard's Last Wife",C,1996,13,A,IMDb suggests a different spelling of the director's name.,True
494,8aef1d3b-7b93-49aa-a98d-5eb7f2701c92,Ao hi ge,"Aotti Ge, Gurimu meisaku gekijou, Bluebeard",C,1988,25,A,The IMDb entry for this film is has little information. It indicates that the original title of this film is Gurimu meisaku gekijou. I also found a page for the film on the Big Cartoon Database. Is it okay that I included this as a link?,True
495,2f4f6497-4e36-4047-86ad-42773f2dbfcc,Bluebeard's Crate,What's with Andy?,C,2004,30,A,I've included a link to the Big Cartoon Database. Is that okay?,True
496,d4fbef72-5129-42c2-a57a-23f8ebdfff18,Bluebeard,,C,2008,15,L,I'm not sure of the mode.,True
497,1e101797-be6c-4979-9fdb-4cc43644dfc7,"Désiré Landru ",,C,2005,96,L,,True
498,f676bd80-da5e-4a57-b07b-3ec5a2be627b,Bluebeard,,C,2009,120,L,"I can't find any additional information about this film.
https://www.cinemaclock.com/films/bluebeard-2010
https://en.tv36.com/movie/mo00067888.html 
https://www.imdb.com/title/tt5924170/?ref_=nm_flmg_prd_1",True
500,7271750d-343c-438c-860c-b6671e6576fe,Cendrillon,"Cinderella, Cendrillon ou La pantoufle merveilleuse",BW,1907,15,L,I'm not sure of the mode.,True
501,0d94ced3-da4c-4b97-989b-e6dd85925680,A Modern Cinderella,,BW,1908,,U,The IMDb entry does not indicate the mode for this film.,True
502,d441dcf4-b348-4767-ab65-451377078aa0,Cinderella,,BW,1907,,U,"I'm not sure of the mode. The director's name is different on the IMDb listing, and there are no listings of the name in the Enchanted Screen (Lewis Fitzhamon), so I've matched the spelling with the IMDb listing.
UPDATE: Edited June 24 to edit spelling of director's name. On IMDb now as Lewin Fittzhamon (no longer Lewis Fitzhannon). ",True
503,be874aa6-20d2-497d-a32b-7e779eee5d8e,A Modern Cinderella,,BW,1911,,U,I'm not sure of the mode.,True
504,452a7228-192f-4f97-b61e-a0e2a1b8e567,A Modern Cinderella,,BW,1910,,L,"The IMDb entry for this film does not list the director, but I was able to find other sources indicating that it was J. Stuart Blackton:

http://www.citwf.com/person100625.htm

http://www.fandango.com/jstuartblackton/filmography/p185011",True
505,863711ee-d3a6-41dc-a022-5cb67665c2cb,Cinderella,,BW,1911,14,L,I'm not sure of the mode.,True
506,42efce75-9a5e-412c-b376-02fd513a3a9d,A Cowgirl Cinderella,,BW,1912,,U,IMDb does not list a director for this film. David Horsely (the director according to The Enchanted Screen) is listed as the producer on the film's entry. The entry does not indicate the film's mode.,True
508,6647217c-8c78-4cab-bd0e-b521cb39adfa,Cinderella,,BW,1912,,A,There is a second film made this year by a director named Arthur Cooper. I can't determine if it is the same as this one but I suspect it it. They are both listed in the Enchanted Screen. There is info about the second film here: http://www.bcdb.com/cartoon/58593-Cinderella.html,True
509,5f762b4c-fadc-4527-80c5-7377363a7bc5,Cinderella,,BW,1912,,L,The IMDb entry does not indicate the mode of this film.,True
510,7a8895d1-0723-4ae4-9b4c-5681dd6383a5,Lord Browning and Cinderella,,BW,1912,,U,I'm not sure of the mode.,True
511,8d6514fb-71a0-4b08-95e7-e99deea96883,Cenerentola,A Modern Cinderella,BW,1913,4,L,"The IMDb entry does not indicate the film's mode.
(AM) found a YouTube video, it's live
https://letterboxd.com/film/cinderella-1913/
",True
512,a6b0d677-f4af-4def-9f30-89b6c31acb19,A Southern Cinderella,,BW,1913,,L,"I'm not sure of the mode. This film is listed along with ""Cinderella's Gloves"" in the Enchanted Screen but I can't find any other indication that they are linked so I've listed them separately. Can you confirm that this is correct?",True
513,a43323d2-3d96-4b6a-9549-8319598dff37,Cinderella's Gloves,,BW,1913,11,U,I'm not sure of the mode.,True
514,5eaca785-5276-4a53-9362-36cdd0a305a7,Cinderella and the Boob,,BW,1913,,L,The IMDb entry does not indicate the mode of the film.,True
515,751e299e-0ac8-4642-9045-d7583d9079a7,A Reluctant Cinderella,,BW,1913,,L,I'm not sure of the mode.,True
516,a87dde84-ca34-412d-8223-89a324cad88a,An Awkward Cinderella,,BW,1914,,U,The film's mode is not indicated in the IMDb entry.,True
517,1e03c185-ef8a-4992-8359-ba8f81e645e5,Mr. Cinderella,,BW,1914,,L,"I'm not sure of the mode.
AM: I believe it's live - https://www.kinotv.com/page/film.php?filmcode=77115&q=0&l=en 
https://www.thanhouser.org/TCOCD/Filmography_files/3t8_20.htm",True
518,4e40c6b7-eee6-4ba3-bf6d-69fa04633166,Aschenbrödel,Cinderella,BW,1916,49,L,"I'm not sure of the mode.
(AM) Looks like it's live: https://www.lost-films.eu/films/show/id/16 ",True
519,b168ac9d-f652-4065-ab2f-2b5ad49e4205,Cinderella,The Stepsister,BW,1914,52,L,"On IMDb, the film is listed as Colour (Tinted)/Black and White. I found the film on youtube, and this seems to mean that the film was shot in black and white and the final product has been tinted as if through a filter. I was not sure which colour option to choose, so I used Colour/Black and White.

http://www.youtube.com/watch?v=1HCfRkJ2otY

AM - June 2021, IMDB now says just black & white so I've updated accordingly",True
520,0da582aa-573b-4738-a406-b08638d133b1,A Cripple Creek Cinderella,,BW,1916,,U,I'm not sure of the mode.,True
521,2a1877b6-18c8-429c-8cc4-05855aaadcb1,A Modern Cinderella,,BW,1917,,U,I'm not sure of the mode.,True
522,5d4d798b-0991-47cf-8a69-0e49bf5be4bb,The Cinderella Man,,BW,1917,60,L,"IMDb lists the director's name as George Loane Tucker. Please confirm the spelling of his name. Also, the mode of the film is not indicated in the IMDb entry.",True
523,7c710563-f74c-4fba-9585-2929e493d114,A Kentucky Cinderella,,BW,1917,,U,I'm not sure of the mode.,True
524,4dbc22e0-ffa9-43c6-82de-e8c84117ef73,A Studio Cinderella,,BW,1917,,L,The film's mode is not indicated in the IMDb entry.,True
525,d6e23cb5-6d2f-4020-a9a2-da9aa42b8e37,L'odyssée d'Alice Tremblay,Alice's Odyssey,C,2002,102,L,,True
526,655c671c-039b-4483-b223-f9aca802e40c,Ésimésac,,C,2012,100,L,,True
528,080866cc-1ab4-4275-be68-07193de322c3,Hansel & Gretel: Witch Hunters,,C,2013,88,L,,True
529,fd1cdd8a-8dfd-45cb-bab7-4760c5fdf78a,Hansel & Gretel Get Baked,,C,2013,86,L,,True
530,9d757538-b2bb-4733-ab78-3b0f102b01c3,Hoodwinked Too! Hood vs. Evil,Hoodwinked 2: Hood vs. Evil,C,2011,86,A,,True
531,f1510a2b-0236-4d8c-9841-795c985b902a,Frozen,,C,2013,102,A,,True
532,ea36017f-cc93-431a-ac07-ad7251229984,Snow White and the Huntsman,,C,2012,127,L,,True
533,b1e8d353-067f-4a35-9930-e3675d73e969,Hard Candy,,C,2005,104,L,,True
534,d8a2e4b4-3abf-499f-ab61-3953e04044a6,Jack the Giant Slayer,,C,2013,114,L,,True
535,c28ca73c-92c0-4186-832a-5f7aa7bd2f56,Coppelia: la poupée animée,"Coppelia, The Animated Doll",BW,1900,2,L,"https://en.wikipedia.org/wiki/Coppelia,_the_Animated_Doll
",True
536,249aefc7-1c11-4d57-a38c-43b0522a8fc1,Red Riding Hood,,C,1989,84,L,,True
537,69efabc3-50b4-4095-ab7c-ffb3d1735eed,Le Petit Chaperon Rouge,Little Red Riding Hood,BW,1901,,L,https://rateyourmusic.com/film/le_petit_chaperon_rouge_f2/,True
538,55cd8e29-eeb6-439e-92a7-4acc1b342042,Jack and the Beanstalk,,BW,1902,10,L,,True
539,cfe8546d-4e70-4f53-957b-2cc64622b444,La Belle au Bois-Dormant,Sleeping Beauty,BW,1902,14,U,"https://ioic.ch/en/movie/387
",True
540,3b5906cb-b8d2-4e6a-997c-d31f421d86f7,Le chat botté,Puss in Boots,BW,1903,9,L,https://www.youtube.com/watch?v=bNHkqepfzeQ,True
541,1abd44bd-1ec6-45e7-b422-c61267b281a5,Little Red Riding Hood,,BW,1911,,L,,True
542,3d09af02-0182-4845-a694-a7a274db23e8,The Wonderful Wizard of Oz,,BW,1910,13,L,,True
543,51714b37-af08-4334-8d6c-9c8c74faab22,Big Bad Wolves,,C,2013,110,L,,True
544,ccafe724-1c25-4a06-b12e-fc0986801061,Big Bad Wolves,,C,2006,13,L,,True
545,63df5b3b-e008-4471-b71c-6f566f80f3f4,Little Red Riding Hood,,C,2006,11,L,,True
546,39e1c5bc-8790-4bd5-93dd-ff736e6e8155,Teeth,,C,2007,98,L,,True
547,b1503583-63d0-47c6-9bd9-37b085ede82b,Cinderella and the Magic Slipper,,BW,1917,,L,"IMDb lists the director's last name as ""McConell"" but I can't find any other info about him. I've listed it as it is in the Enchanted Screen. I'm also not sure of the mode.",True
548,e9ba69a6-a618-4466-8b39-5e416cb8087f,Cinderella Cinders,,BW,1920,20,L,,True
549,67c0625c-1cc5-4ed3-b662-23287bf2cc9b,Daddy Long Legs,,BW,1919,85,L,,True
550,061d9da8-866b-4dcf-8e36-6573c7d4293a,A Kitchen Cinderella,,BW,1920,,U,I'm not sure of the mode.,True
551,c23af7e5-8042-4f0b-b96e-1e54fbe52712,A Rural Cinderella,,BW,1921,,L,I'm not sure of the mode.,True
552,9e8ccbf1-f90d-4bd5-ae8b-e20ee288ae9f,Cinderella's Twin,,BW,1921,,L,"In The Enchanted Screen, this film was listed along with another, The Irish Cinderella (c.1920), with only one director listed beneath both films. I couldn't find anything linking the two films, though, so I've listed them separately. The release date for this film listed on IMDb is 1920.",True
553,a53dbdb4-0965-4d91-975a-8f59f9fcd830,Cinderella of the Hills,,BW,1921,50,L,"I'm not sure of the mode.
AM - image on IMDb seems to imply it's live. ",True
554,265526cf-94c8-48a0-ac35-c5bc56a789ee,The Irish Cinderella,,BW,1922,,U,"This film is listed in The Enchanted Screen without a director. There was no IMDb entry for this film, but I was able to find some sources with very little information. They said that the film was released in 1922, but did not have much other useful information.

http://www.allmovie.com/movie/the-irish-cinderella-v25368/corrections",True
555,1fd21554-f117-49b5-8818-e56b6faa2ccd,Aschenputtel,Cinderella,BW,1922,13,A,,True
556,36e2a63d-9aec-490f-b07a-0a7d4558e467,A Lowland Cinderella,,BW,1922,22,L,"I'm not sure of the mode.
AM: I think it's live, shot on location in the UK: https://screenarchive.brighton.ac.uk/detail/8434/ ",True
557,18090344-f1c3-4eed-b318-a00810c4f5e8,Rumpelstilzchen,Rumpelstiltskin,C,1962,85,L,,True
558,43bb5b25-a3be-41a2-af28-3bb8efae4135,Cinderella,,BW,1924,,A,,True
559,2919481c-824a-4688-9178-7fe231fa2445,A Kick for Cinderella,Mutt and Jeff,BW,1924,,A,"IMDb lists a film by the same name made in the same year, but with a different director. It also suggests that this film (title and director matching The Enchanted Screen) was made in 1926.

https://www.bcdb.com/cartoon/47483-Kick-For-Cinderella",True
561,ff00859d-017c-45a2-a648-9f096db1d5f0,Der verlorene Schuh,The Lost Shoe,BW,1923,50,L,"E.T.A. Hoffmann and Clemens Brentano are credited on IMDb as writers of source material, but I could not find the titles of their original works that the film was based on.
https://www.youtube.com/watch?v=Lsmhmw2FEuM
https://en.wikipedia.org/wiki/The_Lost_Shoe
",True
562,27c01b6e-ed7f-49c6-951a-512b9da6057f,Cinderella,,BW,1925,,A,,True
563,9c792347-2345-49b3-b7dc-f95dd4933332,Rumpelstiltskin,,C,1985,30,A,,True
564,b31e0f3c-f37e-4a9a-bbde-a95096c6c88d,A Kiss for Cinderella,,BW,1925,105,L,,True
565,28e86a8e-444e-4cd7-af2b-fe22b8cf0a44,Mr. Cinderella,,BW,1926,,L,"I'm not sure of the mode.
AM: I think it's safe to keep it as live. I've seen posters now for many of his other films and they're live action.",True
566,40e36b85-17e6-49d7-b7b8-34fa4968c4bc,Rumpelstiltskin,,C,1987,84,L,,True
567,31e616a9-1539-441a-9045-d49aebd342a6,A Bowery Cinderella,Bowery Rose,BW,1927,57,L,"IMDb gives a different spelling of the title. I'm not sure of the mode.

Pretty sure the mode is live, though that's not stated explicitly: https://en.wikipedia.org/wiki/A_Bowery_Cinderella ",True
568,e75d228d-b05b-48d5-8055-e1c0832b4e7d,Rumpelstiltskin,,C,2007,82,L,,True
569,710e7317-406a-424a-8fe3-7020e823986d,Ella Cinders,,BW,1926,75,L,"William M. Conselman and Charles Plumb were the writer and illustrator of a comic strip, Ella Cinders, that was the source material for the film. They may have also been involved the writing of the film, but for now I listed them and their comic strip as origins for the film.

https://publicdomainmovie.net/movie/ella-cinders",True
570,7ecb0483-7444-4ca1-82ce-32aa74403561,The Patsy,,BW,1928,78,L,,True
571,6590050d-0152-4c7e-af62-c41ce578b40b,Rumpelstilzchen,,C,2009,58,L,,True
572,e72d39b0-2744-4c0e-8b97-6ef43d7717eb,The Bush Cinderella,,BW,1928,85,L,,True
573,1304b51e-c059-48d8-bce0-cb39150ed76e,La Belle au Bois Dormant,Sleeping Beauty,C,1908,11,L,"https://mubi.com/films/sleeping-beauty-1908
",True
574,b93898ba-97d9-4e72-b10e-634748a80ffa,Cinderella Blues,,BW,1931,8,A,,True
576,74f865df-f7e5-4a0f-95de-6a8c5330a28d,Sleeping Beauty,,BW,1924,,A,,True
577,f93f5701-5dc2-494c-b16c-1bb305d5d623,A Modern Cinderella,,BW,1932,17,U,I'm not sure of the mode.,True
578,84470adf-bd16-4ef4-a75e-3e5ef52daa9b,The Jazz Cinderella,Love is Like That,BW,1930,66,L,,True
579,63e0c7d8-366b-41f8-abc9-63d3612c2dbf,La Belle au Bois Dormant,Sleeping Beauty,BW,1935,6,A,,True
580,f0f04646-076f-4e09-8a91-ae95b30e6646,Cinderella,,BW,1933,8,A,,True
581,473dd23c-53aa-4d16-b709-2d08e70fafb3,Naughty Cinderella,,BW,1933,56,U,The entry for this film on IMDb does not indicate its mode.,True
582,fa80e7c4-bd7b-49e5-80c3-0fa3dccde0c9,Cinderella's Fella,Going Hollywood,BW,1933,78,L,,True
583,2612d163-9e42-405e-8bb5-7b2d879c92d4,Hollywood Here We Come,Hollywood Cinderella,BW,1934,,L,,True
584,2813c13b-5b58-4775-8a26-120999a4c202,La Bella Addormentata,Sleeping Beauty,BW,1942,90,L,,True
585,ed958da2-8a83-46b8-beb4-9c6691f1d105,Sleeping Beauty,,BW,1954,10,A,,True
586,ee418d5f-4546-437a-a7a8-dd2621d9ee31,Dornröschen,"Sleeping Beauty, Briar Rose",C,1955,82,L,https://www.youtube.com/watch?v=Rd-Zu_Y5wwA,True
587,d552a0c4-cba3-4a71-8175-6d45593c4276,Sleeping Beauty,,C,1959,75,A,,True
588,10bb2ef5-790f-4265-882c-6e6dcd341b84,Shui Mei Ren,Sleeping Beauty,BW,1960,,L,,True
589,19fceddc-3541-4b49-9af8-2b801c33580c,Dornröschen,"Sleeping Beauty, Briar Rose",C,1971,71,L,,True
590,43eac49f-2d90-4f90-989e-26ffecfe109f,Sleeping Beauty,,C,1987,90,L,,True
591,12c777d4-1d71-4825-9c07-d19dd77767e6,Sípová Ruzenka,Sleeping Beauty,C,1990,,L,,True
592,ff7cec74-b2e2-4454-8ed8-76118ad4416f,Sleeping Beauty,,C,1992,26,A,,True
593,8f6a9347-f250-4faa-8f9b-289838bdf98b,Sleeping Beauty,,C,1995,48,A,,True
594,e8d569b0-56eb-4347-bc79-e642db28c371,Teen Sorcery,"Sleeping Beauty and Kid Charming, The Sleeping Spell",C,1999,90,L,,True
595,ae2cc5dc-4d59-4a10-86d3-86d0a7f41011,Granny O'Grimm's Sleeping Beauty,,C,2008,6,A,,True
597,2d0a2e56-8772-4d1f-9f62-0168b658072b,The Legend of Snow White,,BW,1914,,U,"https://www.kinotv.com/mobil/film.php?filmcode=79314&q=88&l=cs
",True
598,9a5c0449-9156-47ad-856d-8406efcdac47,Repelsteeltje,Rumpelstiltskin,C,1973,57,L,,True
600,1d9be701-c45b-4738-9a52-c732d54c166b,Sleeping Beauty,,C,1991,26,A,,True
601,0df8a456-6cae-4a6e-a762-663341356bae,Chez la Sorciere,"The Sorceress's Home, The Bachelor's Paradise",BW,1901,2,L,,True
602,7d3907a9-c697-4028-8ae9-fd7860b42618,Le Petit Poucet,Little Tom Thumb,BW,1901,2,L,,True
603,9f1c84a3-ae4e-4fce-afeb-03b1cf0bdd59,Nain et géant,The Dwarf and the Giant,BW,1901,1,L,"https://centuryfilmproject.org/2019/09/02/the-dwarf-and-the-giant-1901/
https://en.wikipedia.org/wiki/The_Dwarf_and_the_Giant",True
604,8bbba488-4776-4454-aebd-7e81cd2958bf,La corbeille enchantée,The Enchanted Basket,BW,1903,2,L,,True
605,cd0d6369-931e-422f-924e-1e7fceee55ee,The Little Match Seller,,BW,1902,4,L,,True
606,94bc674e-f25a-472b-9ec8-c5c4a6bbebb2,Little Tom Thumb,Le Petit Poucet,BW,1903,2,U,,True
607,ac7c081a-8ec3-41dc-a848-bf642d346d79,Snow White,,BW,1916,63,L,,True
608,5615c637-fd00-42e2-8cc7-6831246750fe,Snow White,"The Grimm Brother's Snow White, Snow White in the Dark Woods",BW,1916,116,L,,True
609,d48bc177-aae8-4f64-8ff4-19060808702b,Snow White and the Seven Dwarfs,,C,1937,83,A,,True
610,096be065-c610-49fe-a6ee-8f16df97eb3f,Ball of Fire,,C,1941,111,L,"https://www.surlalunefairytales.com/s-z/snow-white-seven-dwarfs/snow-white-seven-dwarfs-modern-interp.html#film ",True
611,11785108-7a61-4169-94e1-620dd0f7ed80,Coal Black and de Sebben Dwarfs,Merrie Melodies,C,1943,7,A,,True
612,1f97bf21-e372-4288-ae7d-792711cc9d64,Biancaneve e i sette ladri,Snow White and the Seven Thieves,BW,1949,90,L,,True
613,d3f3bcd4-2c50-4957-8fe5-196c6cb61ccf,Mister Cinderella,Mr. Cinderella,BW,1936,75,L,,True
614,54cf4e92-9785-4744-89c9-dd02b5d33b03,Cendrillon,Cinderella,BW,1937,95,L,The film's mode is not indicated in its IMDb entry.,True
615,3f22f445-3add-4349-864a-6376dfe5f9e3,A Ride for Cinderella,,C,1937,9,A,"On IMDbb, Max Fleischer is credited only as the writer. Because he is named as the director in The Enchanted Screen, I've included him as the director as well.",True
616,1262fca0-6657-46f7-a915-8386548eed78,Farewell to Cinderella,,BW,1937,64,U,"The mode of this film is not indicated in the IMDb entry.
https://en.wikipedia.org/wiki/Farewell_to_Cinderella
https://www2.bfi.org.uk/films-tv-people/4ce2b6a9d922b
",True
617,3aa82160-0c37-4412-b8c2-88ae46b8d754,Cinderella Meets Fella,Merrie Melodies,C,1938,8,A,,True
618,62b91ac0-45e7-42ff-837c-1dca69b2fee1,Campus Cinderella,,C,1938,19,L,,True
619,8ab3fdfe-09c9-4d64-962a-d98a44fab741,The Glass Slipper,,C,1938,7,A,,True
620,33cb9024-60cc-43cd-b1eb-c5122347395a,Skazka stranstviy,"The Story of the Voyages, A Tale of Wanderings, Märchen einer Wanderung",C,1982,101,L,"http://letterboxd.com/film/the-story-of-the-voyages/ In this fantasy with dragons and flying machines, 10-year-old Marta is determined to find her brother who was kidnapped at Christmastime by a fake Saint Nick because the little boy is blessed with the ability to locate gold. A kindly, wise philosopher-type by the name of Orlando joins Marta in her search, and together they survive a gigantic sleeping dragon and imprisonment in a tower with no clear means of escape. They overcome that hurdle, but later on, Orlando succumbs to the evils of The Plague (an all-consuming woman!) and Marta continues on her search alone. Eventually, she does find her brother -- but that only introduces problems she had never considered.",True
622,3108097b-1510-4bd9-b111-f625c2b77f7a,Vsadnik na zolotom kone,The Rider on the Golden Horse,C,1980,89,L,ES p. 331,True
623,ce5c6df1-5302-4a5f-9a52-27d2056adacd,I Sette Nanni alla Riscossa,"The Seven Dwarfs to the Rescue, Blanche-Neige, Le Prince Noir, et Les 7 Nains",BW,1951,84,L,,True
624,e78f6d78-2f61-4008-b8de-fdfe038533cb,Kak Ivanushka-durachok za chudom khodil,"How Ivanushka the Fool Travelled in Search of Wonder, Wie der dumme Iwanuschka das Wunder suchte",C,1976,,L,,True
625,a2d5f0d3-cb4d-4431-bc2d-1c22b6a334bc,Schneewittchen und die sieben Zwerge,"Snow White and the Seven Dwarfs, Schneewittchen",C,1955,76,L,,True
626,ac8b590a-1501-4ad1-9127-bdb3fcbf5a2e,Zolotye roga,"Baba Yaga, The Golden Horns",C,1972,74,L,imdb 1973,True
627,63781e02-5a74-445d-ab8d-d0fc70731603,Snow White and the Three Stooges,,C,1961,107,L,,True
628,3b195780-6eb4-4b55-8df2-64086ee10318,Schneewittchen,Snow White,C,1961,63,L,,True
629,8a7c0318-faf1-48e1-9384-1d184f4320e7,Schneewittchen und die sieben Gaukler,"Snow White and the Seven Circus Performers, Snow White and the Seven Jugglers",C,1962,115,L,,True
630,d9f03a1f-1593-4021-b320-94af56febb04,Tayna zheleznoy dveri,The Secret of the Iron Door,C,1970,69,L,,True
631,8b40e315-d2d0-4317-809a-0c8fb62be56f,"Varvara-krasa, dlinnaya kosa","Barbara the Fair with the Silken Hair, Warwara the Beautiful, Die Schöne Warwara, The Fair Barbara",C,1969,85,L,,True
632,ac5f2d1b-136f-4465-a959-3f89a6b4f6f0,Vasilisa prekrasnaya,"Vasilisa the Beautiful, Vassalisa the Beautiful, Vassalisa the Fair",BW,1939,72,L,"Wikipedia suggests the film is based on ""The Frog Tsarevna,"" a Russian folk tale categorized as ATU 402, as well as ""Vasilisa the Beautiful"" and ""Cinderella."" Is it okay that I've included these based on a Wikipedia article? Also, I'm not sure of the mode.",True
633,23291864-2839-4941-8e17-a970ede486d7,Midnight,,BW,1939,94,L,,True
634,57934dce-9fe8-49ea-8bad-7eacf149d1e9,Cenerentola e il signor Bonaventura,Princess Cinderella,BW,1941,72,L,I'm not quite sure of the mode.,True
635,ebe749d1-5e70-4b33-a134-d022d52bc0f1,Swing Shift Cinderella,,C,1945,8,A,"Wikipedia suggests that the film includes elements of Little Red Riding Hood, so I've listed that as an origin. Here is the link to the article I got that from: http://en.wikipedia.org/wiki/Swing_Shift_Cinderella",True
636,7c3c2f47-3e9e-45a1-b9d1-9b2457f800c8,Cinderella Jones,,BW,1946,90,L,,True
637,28ed5f35-88a6-4863-8dba-4fa344ab8c77,Snegurochka,The Snow Maiden,C,1969,90,L,,True
638,c0e470e9-fec2-44ac-8277-766aec3ba60b,Cluny Brown,Clun Brown,BW,1946,100,L,"I found a correction for the title through IMDb, but I've kept the title from The Enchanted Screen as an alternate title. Is that what you were looking for?",True
639,30935644-0b3c-4fe3-8648-73377e48f5e2,"Ogon, voda i... mednye truby","Through Fire, Water and... Brass Pipes",C,1968,86,L,,True
640,f40939b9-9906-4ee2-a603-641b1ee8c95f,Viy,Spirit of Evil,C,1967,77,L,,True
641,6d8ecb40-f10d-4f02-a7ee-7653e031a3ea,Skazka o poteryannom vremeni,"A Tale of Lost Times, The Tale of Time Lost",C,1964,85,L,,True
642,191a79ad-27fa-453b-8f42-b5fcd73c70bd,Morozko,"Frosty, Father Frost, Jack Frost",C,1965,84,L,,True
643,f993a771-16b8-462a-9de7-f051a2b55aa2,Korolevstvo krivykh zerkal,Kingdom of Crooked Mirrors; The Kingdom of the Looking Glass,C,1964,75,L,,True
644,8b4f9179-ca13-4912-bc4e-114b1b58a609,Kamennyy tsvetok,The Stone Flower,C,1946,89,L,"Based on story from The Malachite Casket: https://en.wikipedia.org/wiki/The_Malachite_Casket_(fairy_tale) ",True
645,db334434-639a-41a5-b563-52f251d157da,The True Bride,The StoryTeller,C,1988,25,L,,True
646,bb578cf4-1a8b-4993-a080-40ce54ab6402,The Heartless Giant,The StoryTeller,C,1988,25,L,,True
647,e339022f-24a7-4154-947e-c627ed9dc4c0,Sapsorrow,The StoryTeller,C,1988,25,L,,True
648,46b0bcab-0412-4a1d-b776-1467fc81b231,The Three Ravens,The StoryTeller,C,1988,25,L,,True
649,d62b7cb9-127c-414f-b815-62dc36ed020f,Hans My Hedgehog,The StoryTeller,C,1988,25,L,,True
650,90ef1b1d-4444-48f6-ae98-bad751bed940,A Story Short,The StoryTeller,C,1988,25,L,,True
651,7a8c7fbf-52af-4597-8da4-7f3050224551,The Luck Child,The StoryTeller,C,1988,25,L,,True
652,b69ad248-fe31-43a1-afb2-68752c0b43ee,Fearnot,The StoryTeller,C,1988,25,L,,True
653,67de9ff9-40c1-4954-b247-21909369101b,Pamuk Prenses ve 7 Cüceler,Snow White and the Seven Dwarfs,C,1970,92,L,,True
654,7ad2bbd8-b2b3-434c-88a8-ce4536972e3f,The Soldier and Death,The StoryTeller,C,1988,25,L,,True
655,347a4c79-efb6-46de-93b8-54bf0bf63764,Snow White and the Seven Perverts,,C,1973,11,A,,True
656,a1f61c08-8864-4885-a7af-1911935243e6,Histórias Que Nossas Babás Não Contavam,Stories Our Nannies Don't Tell,C,1979,97,L,,True
657,98f800a5-30ec-472a-813f-9905193c921c,Blanca Nieves y sus 7 amantes,Snow White and her Seven Lovers,C,1980,95,L,,True
658,0e126eb7-e501-4814-b500-a673469edc3d,Biancaneve & Co.,Snow White & Co.,C,1982,93,L,,True
659,617f9de3-9592-44d9-9136-9390b594c6bc,The Dark Crystal,,C,1982,93,L,,True
660,61df913b-3236-4a73-8c27-8c1830a294d5,Zolushka,Cinderella,BW,1947,80,L,"I found a spelling of the title with Russian characters: ??´?????. Is this useful, or should I leave it with the anglicized name from the Enchanted Screen?",True
661,d261cf28-eed6-4202-bd05-6317a3e9195b,Sepia Cinderella,,BW,1947,75,L,"IMDb lists the duration as 70 min, but clarifies that it was 75 min for the original release. I've listed the original length. Is that appropriate?",True
662,6ca6a2aa-7d4c-4c41-8f4f-6eecfc36e9e0,Cenerentola,Cinderella,BW,1948,,L,I'm not sure of the mode.,True
663,7421cf7a-ff03-4e64-9e7a-0c07db39ed74,April in Paris,,C,1952,94,L,,True
664,c09eddd5-cfb0-40f2-a1bb-9b4ccddf9332,Sabrina,,BW,1954,113,L,,True
665,5ec4dc5e-c743-4814-9d57-42c0a939993f,Aschenputtel,Cinderella,C,1955,72,L,,True
666,6c9b156e-133d-4708-bd77-45d824ef7eeb,The Glass Slipper,,C,1955,93,L,,True
667,e60f9663-e6df-4d7e-9f13-3b92fa99187a,Cinderella,,C,1957,76,L,,True
668,14080556-5a1d-4456-a333-03cc694a7be9,Cinderfella,,C,1960,91,L,,True
669,59a081e3-5e72-421a-b56a-41f65de87376,Khrustalnyy bashmachok Zolushki,Cinderella,C,1960,84,L,,True
670,9e5a47ea-5552-4d60-98c3-676dc116ece3,Cinderella,Fractured Fairy Tales,C,1960,4,A,,True
671,61e69789-0b40-44e8-af3c-1bf25ffe17c5,Cinderella Returns,Fractured Fairy Tales,C,1962,4,A,,True
672,5f680d08-5fc1-430d-80c0-0dfe4025d71d,No Biz Like Show Biz,The Flintstones,C,1960,30,A,,True
674,645b8456-11dc-4403-bd0d-051f15b5208d,Slippery Slippers,,C,1962,,A,,True
675,99060d65-88b1-47aa-92b2-4b87452f47f3,Cinderella on the Left,Canada at War,BW,1962,28,L,"I've linked the film's NFB page.
AM - Updated the NFB page.",True
676,c45d5e5e-cffb-4619-8583-284c2b4eb452,Señorella and the Glass Huarache,,C,1964,6,A,,True
677,86bddb05-702d-4720-a483-637bb373ef68,La nueva Cenicienta,The New Cinderella,C,1964,92,L,,True
678,1549639d-55b5-489e-85cd-412025fa36ef,Cinderella,,C,1965,84,L,,True
679,34dbfc6c-8970-439c-8d37-c3076ad8d3a3,Sinderella and the Golden Bra,,C,1964,72,L,,True
680,83fed9ca-1a28-421f-95ce-381d58231dba,How Now Cinderella,,C,1965,6,A,"I'm not sure of the colour or the mode for this film.
AM: confirmed colour/animation: https://www.intanibase.com/iad_entries/entry.aspx?shortID=28920

https://www.bcdb.com/cartoon/9448-How-Now-Cinderella",True
681,e1b60c45-8aaf-497e-8c07-575fc29986e2,Cinderella,,C,1969,102,L,,True
682,20866e2e-a4ba-4720-9c95-fbf0b7d58fbe,Cinderella,,C,1972,30,A,"I'm not sure of the colour for this film.
(AM) It's colour.
Added more info: 
https://www.bcdb.com/cartoon/54928-Cinderella",True
683,0976023e-12b9-441b-805e-a578180b12fe,Tri Orisky Pro Popelku,"Drei Haselnüsse für Aschenbrödel, Three Wishes for Cinderella, Three Nuts for Cinderella",C,1974,75,L,"The IMDb entry for this film says that it was released in 1973, not 1974",True
684,0fca28b5-ecf9-4cca-94e4-37c459596964,Chickenrella,The New Tom & Jerry Show,C,1975,9,A,"https://www.youtube.com/watch?v=mBSiuKr0n2Q

William Hanna and Joseph Barbera originally listed as directors, but differs on IMDb so I've updated (AM)",True
685,2fddbbec-3c71-41d9-ba22-6bef12eb399e,The Slipper and the Rose,The Slipper and the Rose: The Story of Cinderella,C,1976,127,L,,True
686,4a301226-e9da-4e75-8b48-b12f3af2eede,Cinderella 2000,Civilization 2047,C,1977,89,L,,True
687,d6a8e0a5-73ed-46f8-9720-94475dc1ba95,Cinderella,,C,1977,94,L,,True
688,1e9f151e-7b8a-4f17-96d4-e2ee3c7eae7a,Cindy,,C,1978,98,L,,True
689,ba3f45f7-cee3-44fa-8fad-3aa3cecdf6c1,Cinderella,,C,1979,40,A,,True
690,5a855252-065e-41e7-a06e-3c374aa7bee8,Zolushka,Cinderella,C,1979,17,A,,True
691,9208b9c7-cd65-406e-b2d3-2ff7dbeb2e39,Snow White and the Seven Dwarfs,Faerie Tale Theatre,C,1984,54,L,,True
692,8e414752-28eb-499b-9346-15b9bae5914a,Snow White and the Seven Muppets,Muppet Babies,C,1985,60,A,,True
693,a1fa8734-5d0c-4346-9000-0b514f6b72a5,Snow White,,C,1987,85,L,,True
694,6f2c49d2-a303-436b-8a9f-4cbbb8264016,Schneewittchen und das Geheimnis der Zwerge,"Snow White and the Secret of the Dwarfs, Snehulienka, Snehurka",C,1992,90,L,,True
695,55911168-8613-446c-b57e-2696ce727ae5,Snow White,,C,1995,46,A,,True
697,b0b0a694-e439-480c-8b50-3d4098c69871,Prince Charming Magoo,Mr. Magoo: Prince Charming Magoo,C,1961,5,A,,True
698,e2421295-24f1-4b0e-b3d9-2ebfcbb30a39,Kalevet,Rabies,C,2010,90,L,,True
699,9f4e7596-7b52-4e10-9349-168e16b11d3a,Willa: An American Snow White,,C,1998,88,L,,True
700,be003803-2c5f-4511-a9d4-0e3e1e681d23,Biancaneve . .. dieci anni dopo,Snow White... Ten Years Later,C,1999,110,L,,True
701,89bb0c3d-cae5-43c1-b6c0-0ceeaaa368bd,Speak,,C,2004,89,L,,True
703,85a5b240-497c-467e-a2c8-8e36445bfbb9,Branca de Neve,Snow White: The Fairest of Them All,C,2000,75,L,"The production company Instituto do Cinema, Audiovisual e Multimédia (ICAM) was not inputing for me... it should be listed.",True
704,78e0164b-5760-4434-9d26-c11382569209,Kigutsu No Cinderella,The Cinderella Wearing Sabots,C,1979,25,A,,True
705,2bdba4f5-3c0e-42fb-8c43-af44faa00220,Cenerentola '80,"Cinderella '80, Cindy - Cinderella '80",C,1984,140,L,,True
706,5f6401f7-9970-447a-9830-483fd1cb0ae8,La Cenerentola,Cinderella,C,1983,155,L,"The director listed in the Enchanted Screen doesn't match the IMDb entry, so I've listed John Cox (director in the Enchanted Screen) as director but also included him as a producer (as per IMDb).",True
707,534b7d39-3583-48e3-a461-215b9a539bb9,Cinderella,Faerie Tale Theatre,C,1985,51,L,,True
708,a6f7646a-5c91-4084-9763-3d165b3e5cea,Mo deng xian lu qi yuan,Girl with the Diamond Slipper,C,1985,89,L,"I'm not sure of the mode.
It seems to be live, so I'll leave it as that (AM)",True
709,d7c000c1-aafa-41d8-a0b2-33460825d3ab,Cinderella? Cinderella?,Alvin & the Chipmunks; The Chipmunks Go to the Movies,C,1986,30,A,,True
710,4fbc5b49-674a-4cae-8c2b-2a9ba23e41f1,Cinderella,,C,1986,30,L,,True
711,fa667c27-ec29-4edf-bc18-19562f5bbe03,Pretty in Pink,,C,1986,96,L,,True
712,7115d4d8-a5bb-42c8-884b-66933ea8a1db,Maid to Order,,C,1987,93,L,,True
713,ce8ce583-c526-47de-abe8-f2317ec78574,Working Girl,,C,1988,113,L,Vivian Labrie ids as ATU 313 in Undisciplined Women,True
714,69748eb7-eb10-429f-b205-00ac2ac6f50c,Ashpet: An American Cinderella,,C,1988,45,L,,True
715,08f4a45d-0fdc-4662-8320-5c21d5843db1,Aschenputtel,Cinderella,C,1989,80,L,,True
716,ca894543-07fd-4bc6-b932-999eacd349e9,Pretty Woman,,C,1990,119,L,"Murphy, Terence Patrick. 2015. From fairy tale to film screenplay: working with plot genotypes.  Basingstoke:  Palgrave Macmillan.  says Frog Prince",True
717,aea06b12-3133-4c14-9e15-20361f5314d6,The Magic Riddle,,C,1991,93,A,,True
718,c7e4f38f-a2c4-44d5-9970-5e7cdcbc69c9,Cinderella,,C,1994,48,A,Ken and Stan Cayre are listed as producers in the Enchanted Screen but not on IMDb. I've included them here.,True
719,a12ecae8-f0fe-4342-b0ce-393ac6fc91b1,Cinderella Frozen in Time,"Cinderella... Frozen in Time, Dorothy Hamill's Ice Capades: Cinderella... Frozen in Time",C,1994,60,L,"I'm not sure of the mode.
AM - confirming mode is live
Added additional info from https://www.tcm.com/tcmdb/title/461670/dorothy-hamills-ice-capades-cinderella-frozen-in-time#overview ",True
720,7372100d-f762-4299-98e3-ef1b997d1e0c,A Tale of Cinderella,,C,1996,129,L,,True
721,420d13af-c432-4e08-ac50-e1e841ee02ea,Cinderella,,C,1997,88,L,,True
722,0c52c2ba-7cc1-44b9-ad67-32901259d325,Kurde,The Shoe,BW,1998,83,L,"IMDb lists the original title as ""Kurpe."" ",True
724,fcb0d04c-24c3-42b6-912b-bc862d60c159,Ever After,Ever After: A Cinderella Story,C,1998,121,L,,True
725,d47c2d78-925b-44fc-85e4-41b123b8c798,CinderElmo,,C,1999,65,L,,True
726,ff414de0-1b25-4666-bc76-7ab732faf13f,Cinderella; Single Again,,C,2000,7,L,,True
727,b91259a3-7c28-4888-823c-d5986972d364,Are You Cinderella?,,C,2000,20,L,https://vimeo.com/207217189,True
728,66d8e6b5-df19-4e6d-a5f8-f6c7a4e88f03,Cinderella,,C,2000,90,L,,True
730,ae78661c-973b-4730-8f20-a6252b9cfec2,The Adventures of Cinderella's Daughter,,C,2000,68,L,,True
731,0b5b44c6-58af-4d51-8132-ec065a457488,Mr. Cinderella,,C,2002,105,L,,True
732,01603c30-3b47-4407-a1d2-43ee885e0448,Cinderella II: Dreams Come True,Cinderella 2: Dreams Come True,C,2002,73,A,,True
733,6693c2f0-65b1-4d9f-83f2-7b6f3bbd62f3,Ella Enchanted,,C,2004,96,L,,True
734,ad658d4c-f488-442c-8fe6-8801203a0bed,Little Black Dress,,C,2009,,L,,True
735,d3a850f6-967a-474c-a6c1-02c902109f43,Red Riding Hood,,C,2006,82,L,,True
736,c7b36bd9-53be-4b5f-89c1-c22951bd8de7,Black XXX-Mas,,C,1999,11,L,,True
737,0545f303-05c1-4918-9905-4ed0f2cb47d5,Redux Riding Hood,,C,1997,15,A,,True
738,39ad5384-bb48-42ed-81ab-89d25d01f7f1,Le Dernier Chaperon Rouge,The Last Red Riding Hood,C,1998,26,L,https://www.youtube.com/watch?v=ZE2Rxj5lIkY,True
739,5dc03557-6df6-4464-93e5-cd233ed974af,Little Red Riding Hood,Happily Ever After: Fairy Tales for Every Child,C,1995,30,A,,True
740,1adbf78d-60c9-43a5-bb4f-1baef189c43d,Little Red Riding Hood,,C,1995,49,A,,True
741,84c04748-2ac4-431c-a9fd-ee5a8d993a35,The Trial of Red Riding Hood,,C,1992,,L,,True
742,b5d5e133-6fef-46db-8984-9814711926f4,In the Deep Woods,,C,1992,95,L,,True
743,6c349986-9dc5-4918-8fbb-d124c4c59af0,Seryy Volk end Krasnaya Shapochka,Grey Wolf and Little Red Riding Hood,C,1991,27,A,https://www.youtube.com/watch?v=ofQIK3FlOZ0,True
744,47442245-5542-4e3b-9738-4ed9561ba984,Bye Bye Chaperon Rouge,Bye Bye Red Riding Hood,C,1989,94,L,,True
745,b8ba93d0-ab8d-4622-b515-25276e320a83,The Company of Wolves,,C,1984,95,L,,True
746,fa15886a-1804-4da6-90eb-83f7ce1dafb8,Akazukinchan kiotsukete,"Take Care, Red Riding Hood",C,1970,89,L,,True
747,fdb2b24b-69ab-41ad-b6e3-59142c37a62e,A Cinderella Story,,C,2004,95,L,,True
749,c7af8b05-b42c-4314-99ec-7c1bac678175,Cinderella III: A Twist in Time,Cinderella 3: A Twist in Time,C,2007,70,A,,True
750,54fcc2aa-c135-4da4-a8d2-c8e805235075,A No Fairy Fairytale: The Cinderella Nightmare,,C,2008,10,U,I'm not sure of the mode.,True
751,326ff00a-001a-4b87-9615-4334a6bf59f9,A Scrooge Meets Cinderella Story,,C,2009,16,L,,True
752,71a81e4b-2fc1-4201-b6f0-9d0797ab5aab,Another Cinderella Story,,C,2008,90,L,,True
753,4209cd0f-759c-41c6-9cea-cc489086864e,Peau d'âne,Donkey Skin,BW,1908,15,L,"I'm not sure of the mode.
AM: Picture on IMDb would suggest that it is live. ",True
754,8070769d-3d2c-4297-adfe-338f40e8dbb0,Tattercoats,,BW,1924,,A,,True
755,1dc85c89-10f2-4a72-822d-b6f2b807fd5e,The Frog and the Princess,,C,1944,7,A,,True
756,229d4bd5-8e5f-471c-a92e-7ea29805019a,The Frog Prince,,BW,1954,11,A,"According to the IMDb entry, Lotte Reiniger was the director of this film. I found an outside source saying that Vivian Milroy was part of the production team.

http://viewconference.it/e2012/?p=6066",True
757,dbfc2abb-af43-49da-8c65-2f17109b5672,The Prince Frog,Tom Terrific,BW,1957,,A,,True
758,f53232b3-9066-4bc4-8003-a4c76e13542a,The Frog Prince,Fractured Fairy Tales,C,1960,4,A,,True
759,a110c663-a796-4d4e-8e89-2276cc656374,The Enchanted Frog,Fractured Fairy Tales,C,1962,,A,,True
761,78e83ee9-558e-43c2-a8a9-c60eb28d4a8d,The Tale of a Frog,Fractured Fairy Tales,C,1962,4,A,,True
762,9db37ba0-8c00-4d6d-8139-291a2253754a,The Frog Prince,,C,1966,6,A,,True
763,4ec4b339-c605-4140-87b3-b4f75b56ef3b,The Frog King,"From the Brothers Grimm: The Frog King, The Frog King, or Faithful Henry",C,1981,27,L,,True
764,415596ae-1339-4d64-8aa8-9f4e86c7ea3a,Tales from Muppetland: The Frog Prince,,C,1971,60,L,,True
765,0d79d31b-1382-4c0f-9f21-f6778dc0f674,The Tale of the Frog Prince,Faerie Tale Theatre,C,1982,55,L,I'm not sure of the mode.,True
766,dacbb576-f469-4b72-994e-b3498bf859d0,The Frog Prince,,C,1987,86,L,IMDb suggests the film was released in 1986.,True
767,5e43d184-2148-4401-8b10-430269a626cd,The Frog Prince,The French Lesson,C,1984,100,L,"I've included the release year listed in The Enchanted Screen (1984), although the IMDb indicates that the release year was 1986.",True
769,14586abc-1650-4226-8bfb-ca640bbff872,Zabí král,"The Frog Prince, The Frog King, Der Froschkönig",C,1991,90,L,,True
770,4cd58e4c-5eea-459c-b5cd-a58fadc40d78,The Barefoot Contessa,,C,1954,128,L,,True
771,640c49d6-ce5d-45f0-a9c0-b8752d685858,The Bohemian Girl,,BW,1930,71,L,,True
772,6fb8291b-bee1-4e91-97cb-005658a8161d,Cinder-Elfred,,BW,1914,,L,,True
773,94359426-5e22-4968-91f1-3c1f8a3f6d9b,The Bride,,C,1985,118,L,,True
774,9b8611a3-0c93-4fd5-b5a3-519d6fb0e68f,The Cigarette Girl,,BW,1917,,L,,True
775,266509d0-1544-4d55-8582-a94397f56349,Cinderella,,BW,1913,8,L,,True
776,8817ba21-9534-4f77-81a6-b257c775093d,C'era una volta...,"More Than a Miracle, Cinderella: Italian Style",C,1967,104,L,,True
777,af44783c-76b3-47ca-9f1e-4aae475534c2,Eréndira,,C,1983,103,L,,True
778,3214d5ac-37f8-4b24-a315-cba6abf09426,Grimms Märchen von lüsternen Pärche,Grimm's Fairy Tales for Adults,C,1969,76,L,,True
779,54726e58-ac15-4cc5-9dd7-2721770928ff,Carrie,,C,1976,98,L,,True
780,d3f3dfd1-547a-42b6-8c3a-947a37b4950e,Caught,,BW,1949,88,L,,True
781,f1e319dd-2cd2-418c-a7f7-3626e1ce3a7c,Cinderella Liberty,,C,1973,117,L,,True
782,912a783d-da25-435f-bf27-78bd2f39873f,Coming to America,,C,1988,116,L,,True
783,32f1c92a-a595-45a7-88ee-5328a03ac36a,5th Ave Girl,Fifth Avenue Girl,BW,1939,83,L,,True
784,3fb106ce-01b1-4ec6-86ea-72b883d72756,Flashdance,,C,1983,95,L,,True
785,c246b530-2a20-4fc5-a316-8482e97a1903,Fools for Scandal,,BW,1938,80,L,,True
786,13281614-bfdb-496c-988f-db460dae9cc0,The Good Fairy,,BW,1935,98,L,,True
787,fb708d4a-262d-43e8-9cf0-48e226ef60f1,Accidental Hero,Hero,C,1992,117,L,,True
788,460931f7-26a0-4ea8-8405-8386635397e4,The Hot Heiress,,BW,1931,79,L,,True
789,fe171226-be8c-43c4-84b1-65253bbffe6a,Rugrats Tales from the Crib: Snow White,,C,2005,72,A,,True
790,49f413ba-2aeb-4591-ba4c-2ac994a7c67d,To Syndromo tis Hionatis,The Snow White Syndrome,M,2008,75,L,,True
791,42eedde2-fb89-4645-bce7-652bc1ba5798,Le petit Poucet,Tom Thumb,BW,1909,11,L,"https://www.europeanfilmgateway.eu/detail/PETIT%20POUCET,%20LE%20(1909)/fdc::38f8b2fc041c1b143d1f0d306ed5fa45
https://www.youtube.com/watch?v=_0d9qnKiMFo",True
792,7789985b-a914-4c5d-9aec-b9e0b23a4c49,Le petit Poucet,Tom Thumb,BW,1912,22,L,"https://fr-m-wikipedia-org.translate.goog/wiki/Le_Petit_Poucet_(film,_1912)?_x_tr_sl=fr&_x_tr_tl=en&_x_tr_hl=en&_x_tr_pto=nui,sc",True
793,beca85e9-6bee-490c-9dc8-686600a6f416,Le petit Poucet,Tom Thumb,BW,1920,,U,,True
794,fb275c8d-852d-4f33-bcc1-f8ee3526465d,Tom Thumb,,BW,1934,,A,,True
795,26adbc23-6603-4763-b036-45f71342f0c5,"The Adventures of Tom Thumb, Jr.",,C,1940,8,A,,True
796,41ea0242-9b11-4768-8b8c-10216e5c443c,Tom Thumb in Trouble,Merrie Melodies,C,1940,8,A,,True
797,164a0da4-7620-4c72-b7fe-3b65d4604a48,The Mite Makes Right,,C,1948,8,A,"https://www.youtube.com/watch?v=hbKJIB53aRc
",True
798,98afde72-8c93-4dc1-86d2-c199818d4b53,Pulgarcito,Tom Thumb,C,1957,85,L,,True
799,03cfe1f4-3641-422d-9bb1-b7ef5f8e5490,Tom Thumb,,C,1958,98,L,,True
800,a86735a0-7412-4c62-bcc4-fc4db4030bde,Adventures of Joselito and Tom Thumb,Aventuras de Joselito y Pulgarcito,C,1960,87,L,,True
801,dbb54e79-0eb9-433f-9c88-61d72769bafe,Tom Thumb,Fractured Fairy Tales,C,1960,4,A,"TV spot, did not have an IMDb listing so I included the link above.",True
802,ab6148f1-3441-4723-89b8-0cbbcff604c4,Tom Thumb #2,"Race of the Tom Thumb, Peter Cooper",C,1960,4,A,"Again, no IMDb for this, but this link seemed steady.",True
803,106ee2c9-e2ac-4177-84d8-af18db52f52f,I Was a Teenage Thumb,,C,1963,7,A,,True
804,7f2b545d-39e9-4493-9e10-f164c047d048,Little Tom Thumb,,C,1966,6,A,"Also not listed on IMDb, but was on the Big Cartoon Database",True
805,5234e914-73de-4f56-a1a2-5f7222d63637,Le Petit Poucet,"Tom Thumb, Little Thumbling",C,1972,75,L,,True
806,a00db5ad-e3f1-4dfd-9eee-2f867b3f1b1d,Crossing to Freedom,The Pied Piper,C,1990,100,L,,True
807,20ba0eec-30af-4355-ba84-c29f315d1c4b,The Secret Adventures of Tom Thumb,,C,1993,60,M,,True
808,cfe267ba-5b70-4f7d-9aab-7e680ed058ed,Tom Thumb,,C,1995,10,A,"Again, no listing in IMDb but there was one in the Big Cartoon Database",True
809,a856b948-9f02-418a-aca7-ea8d1bfec2f7,The Adventures of Tom Thumb & Thumbelina,,C,2002,75,A,,True
810,7aded3f7-ff27-4737-8793-354e2d0721e0,Le Petit Poucet,"Tom Thumb, Little Thumbling",C,2001,90,L,,True
811,c9c56523-3ce4-48fe-8009-0ef5cdde8410,"His Majesty, the Scarecrow of Oz",The New Wizard of Oz,BW,1914,59,L,,True
812,286bed81-a9ac-4c01-a369-8ba2674435d5,The Patchwork Girl of Oz,The Ragged Girl of Oz,BW,1914,81,L,,True
813,03d88e68-2b08-4897-9974-fe5cf46150ad,The Magic Cloak of Oz,The Magic Cloak,BW,1914,38,L,,True
814,644d4595-831b-4604-a914-0f0d11144aae,The Wizard of Oz,The Wonderful Wizard of Oz,BW,1925,81,L,,True
815,039dd673-a97c-4094-993d-270194c23fa9,The Land of Oz,"The Land of Oz, a Sequel to the 'Wizard of Oz'",BW,1932,,L,https://oz.fandom.com/wiki/The_Land_of_Oz_(1932),True
816,8e2c2846-626b-4d2a-9887-1ab1a66702dc,The Wizard of Oz,,C,1933,9,A,,True
817,d97645c7-7793-4465-b280-586e93e8371e,Shirley Temple's Storybook: The Land of Oz,,C,1960,55,L,,True
818,4ef9f340-2f3d-4d98-8a38-c4bb6bd73f0c,The Wonderful Land of Oz,,C,1969,72,L,,True
819,62b25592-92cd-4f39-b31a-c74d67207bc3,Volshebnik izumrudnogo goroda,"The Wizard of the Emerald City, The Wizard of the City of Emeralds",C,1974,192,A,,True
820,f5dd609d-781c-4225-ab50-ad35a6263f6f,Journey Back to Oz,,C,1974,88,A,,True
821,ebe72665-f7a5-4a72-9c15-f36e4d151910,20th Century Oz,Oz – A Rock 'n' Roll Road Movie; Twentieth Century Oz,C,1976,90,L,,True
822,1c129626-6a88-441a-a1c0-95ee1793b158,"The Wiz ",,C,1978,118,L,,True
823,df56cd6b-d8dd-4dae-b6c3-8432269ac172,Dorothy in the Land of Oz,Thanksgiving in the Land of Oz,C,1980,25,A,,True
824,ef514844-f0df-4d38-b0e6-9eb9611ff146,Ozu No Mahôtsukai,The Wizard of Oz,C,1982,78,A,,True
825,d1332198-482d-49e9-a38d-5d538732a703,Return to Oz,,C,1985,109,L,,True
826,099f7da0-2c92-4a59-a5bc-7cf54194ac3b,The Wonderful Wizard of Oz,,C,1987,93,A,,True
827,d37c2c8e-56a2-4518-9993-3e84b045e7c2,The Wizard of Oz,,C,1991,25,A,,True
828,c175922b-948c-4894-8474-32dea74b3ed0,The Lion of Oz,Le Lion d'Oz,C,2000,74,A,,True
829,8914d94d-5918-4115-84fe-93227715f297,The Muppets' Wizard of Oz,,C,2005,120,L,,True
830,2b996fe6-f00b-4b96-b778-329847741725,Irene,,BW,1940,101,L,,True
831,d590f68d-b6cb-4b62-bf41-259fecbf152a,Jersey Girl,,C,2004,102,L,,True
832,ae24f262-d62c-4cfc-8f40-48a553540a0d,Leathernecking,Present Arms,BW,1930,79,L,,True
833,dd07b7e3-dca3-448f-acad-8595c62d74c7,Como agua para chocolate,Like Water for Chocolate,C,1992,113,L,,True
834,fb33cf61-971d-4368-a62a-fb995bb8ecb7,Love Actually,,C,2003,135,L,,True
835,3a5673b8-926f-4be4-ae0a-218306a13bc4,Love Me Tonight,,BW,1932,104,L,,True
836,5d40e89a-0f94-48cb-bcf7-d54b018c55ac,Lying to Be Perfect,Cinderella Pact,C,2010,89,L,,True
837,ba520e2a-f788-40f0-a41e-e0924a9c377d,Maid in Manhattan,,C,2002,105,L,,True
838,e1305f50-9395-4406-9db6-f1a71d9df48f,Mannequin,,BW,1937,95,L,,True
839,3a69b558-c662-4e05-a625-23832dee2360,Mannequin,,C,1987,90,L,,True
840,3709d9e8-4565-4cf0-9545-0c89d98ae29e,Matrimonio all'italiana,Marriage Italian Style,C,1964,102,L,,True
841,fe6489f6-30a6-4a7b-8b66-5b726cd0ebe5,Mean Girls,,C,2004,97,L,,True
842,ed308eba-dfe0-49e1-9b3d-8b9bab61c592,Midnight,,C,1989,86,L,,True
843,7621e5d0-b9ab-4a2a-bc1e-4e6ed6cbf79a,Mondo Trasho,,BW,1969,95,L,,True
844,c3516281-ab51-4d2a-974e-d2c3a47914f0,Mr. Deeds Goes to Town,,BW,1936,115,L,,True
845,cfab5d26-cb87-4023-8432-cb6da0c8e937,Mr. Deeds,,C,2002,96,L,,True
846,f5d32646-323c-44ee-9df3-d4d3138834d1,Muriel's Wedding,,C,1994,106,L,,True
847,20ae1a97-9b4c-41c5-8dda-293e32b30933,My Fair Lady,,C,1964,170,L,,True
848,70a529f7-91a4-4e45-a227-b5f07fcd48c5,An Officer and a Gentleman,,C,1982,124,L,,True
849,72e30cce-c567-4801-81cd-2bffa49455d9,The Piano,,C,1993,121,L,,True
850,8b1c7c25-81cb-4a43-ba73-e82eec04004d,Platinum Blonde,,BW,1931,89,L,,True
851,d3b3619b-6a9d-4094-86da-09d0893dab4b,The Prince and Me,The Prince & the Freshman,C,2004,111,L,,True
852,bec23220-47b6-4c4a-a84f-ac65fc3668c8,The Prince and the Showgirl,,C,1937,115,L,,True
853,9253645a-f483-42d0-9018-c1a587c53c25,The Princess Diaries,,C,2001,115,L,,True
854,33c30907-cf82-42e8-97e7-df791e2e453f,Princesse Tam-Tam,,BW,1935,77,L,,True
855,7ba1f814-43b7-4152-8633-150573b9460a,Grimm's Snow White,,C,2012,90,L,,True
856,2a30e24d-f34e-4910-8ee5-ae1f08618533,Blancanieves,Snow White,BW,2012,104,L,,True
857,fd9ae804-6c2a-4aa0-a0d5-abe14cd0f2b6,Private Number,,BW,1936,80,L,,True
858,f9290cdd-acad-4a31-bf45-89dc9f81fd87,Baba-yaga protiv!,"Baba-Yaga Against, Baba Yaga Against, Baba Yaga Is Against!, Баба Яга против!",C,1979,26,A,,True
859,8f12c413-8cd4-429d-a168-7e0af761cbb5,Malkiyat zmey i Baba Yaga,The Little Dragon and the Old Witch,C,1985,6,A,,True
861,2d0cde4f-a29c-47af-9125-05396153cdc9,Emily and the Baba Yaga,,C,2005,10,A,,True
862,3fb1aa43-f406-475a-b9d7-4dcc9a1e6783,Pygmalion,,BW,1938,96,L,,True
863,fdd14c37-943a-48c8-b3dc-f55e8d4dd820,Roman Holiday,,BW,1953,118,L,,True
864,916b91b1-8d9a-4aa1-9e87-3c8e15f0434b,Rose-Marie,Rose Marie,BW,1936,113,L,,True
865,d2f1fec4-ebb6-41a4-9574-926fcb551b5f,Sabrina,,C,1995,127,L,,True
866,5cfeca0b-b2fa-43a2-9186-6038ab5aa896,Mùi du du xanh,"The Scent of Green Papaya, Mùi đu đủ xanh",C,1993,104,L,,True
867,c0a1b2de-1767-41a0-ac14-3aae4ed32b94,Sergeant Madden,New York Cinderella,BW,1939,80,L,,True
868,6a1b8128-402d-481f-ac3b-f34b6cd72d09,The Silence of the Lambs,,C,1991,118,L,"Rankin, Grimm Pictures",True
869,c22f87ca-b18e-4d90-bd7f-1370df479008,Scream,,C,1996,111,L,"Walter Rankin, Grimm Pictures",True
870,ff88deed-5d24-4377-a161-99c1c01be87f,The Ring,,C,2002,115,L,"Walter Rankin, Grimm Pictures",True
871,8c60aeaf-a5cd-4431-a6c1-c56086a16fb2,The Talented Mr. Ripley,,C,1999,139,L,"Walter Rankin, Grimm Pictures",True
872,70b76a06-dc1c-4e76-bcc5-25c0d61d3013,Aliens,,C,1986,137,L,"Walter Rankin, Grimm Pictures",True
873,afef3686-0228-4b30-b235-d458494ea55a,Rosemary's Baby,,C,1968,136,L,"Walter Rankin, Grimm Pictures",True
874,03fa2f4e-5426-4b26-8403-4fff1c8cb3b9,What Lies Beneath,,C,2000,130,L,"Walter Rankin, Grimm Pictures; Bluebeard from Sue Short's FTF book",True
875,ddeed587-f32e-4cad-91fd-3f310c75bd78,Misery,,C,1990,107,L,"Walter Rankin, Grimm Pictures",True
876,c8897300-257e-4bc3-a214-bbc7e71359cc,Snow White: A Deadly Summer,,C,2012,85,L,,True
877,3f82d5b4-39c2-4ad3-b103-05bec08e3fa0,Oz the Great and Powerful,,C,2013,130,M,,True
878,63e0ad40-634a-4211-8f38-8832c822d28e,She's All That,,C,1999,95,L,,True
879,62a95097-0916-4e1b-ab38-c16021301bb2,Smooth Talk,,C,1985,92,L,,True
880,ecb81fa5-4139-4303-85ed-76b292046fe0,Some Kind of Wonderful,,C,1987,95,L,,True
881,16c7f5ab-33e8-4569-9667-c2428d175927,The Sound of Music,,C,1965,174,L,,True
882,cd8816dd-6af1-43eb-8bc1-123e53d699cf,Strictly Ballroom,,C,1992,94,L,,True
883,d6754411-20d9-491a-9f76-696b44283de2,Cinderella,,BW,1911,,U,,True
884,001d4d2c-f765-46cd-aec0-80f832c0f040,Cinderella Swings It,,BW,1943,69,L,,True
885,91bbc7c6-3b8c-4a44-8e3f-f852263a7641,Bread Crumbs,BreadCrumbs,C,2011,88,L,,True
886,389704f2-5ddf-490a-bfd3-636ddadcb070,Schneewittchen und die sieben Zwerge,"Snow White, Snow White and the Seven Dwarfs",BW,1962,,L,,True
887,c928f75b-10fb-4236-8332-4dd882e276c9,Circle of Friends,,C,1995,103,L,,True
888,ce2260ec-a7d2-478b-9936-d90a3c67f835,Clueless,,C,1995,97,L,,True
889,15dcf0d3-2bba-4bb7-b08f-bd3a54869cba,A Doll's House,,C,1973,105,L,,True
890,359676f4-34a1-4ec1-a922-5b06bc57d958,Good and Naughty,,BW,1926,60,L,,True
891,9cc09ca0-6af7-45fb-8ec3-a743bac36d97,Higher and Higher,,BW,1943,90,L,,True
892,55c189b5-25f4-4b1c-9b38-db95ecb0a17b,Sun Valley Serenade,,BW,1941,86,L,,True
893,d2974676-2c54-4879-b362-50aba64cf4b5,Sunny,,BW,1930,78,L,,True
894,13a71c14-804c-4144-9562-6b7113530e77,Sunny,,BW,1941,98,L,,True
895,33ff95c1-48d7-482b-a665-0ab846dcbe60,The Frog King,,BW,1994,9,U,I'm not sure of the mode.,True
896,af651de7-4be0-4d6d-ac70-0bf16c66c3a8,Frog Prince,,C,1995,10,A,"https://en.wikipedia.org/wiki/Wolves,_Witches_and_Giants",True
897,ff6896ac-0323-48dc-a5ee-1c85654ba33b,Prince Charming,,C,2001,87,L,,True
898,acf566ce-013e-4a5b-82ae-28d4dd1b265f,The Frog Prince,Cavalcade of Cartoon Comedy,C,2008,2,A,"I've included the link for two IMDb pages, one for the episode that this entry reflects and one for the series overall. The entry for the series is much more complete.",True
899,55f73ec7-8aae-4555-b36c-b1c754466c9f,Hansel and Gretel,,BW,1909,5,L,"I'm not sure of the mode.
AM: appears to be live.
https://letterboxd.com/film/hansel-and-gretel-1909/crew/
http://www.silentera.com/PSFL/data/H/HanselAndGretel1909.html ",True
900,5aba7921-3236-4689-bf3e-1c8bdfeb62e1,The Babes in the Woods,,BW,1917,50,U,I'm not sure of the mode.,True
901,4c895ea5-babd-42c1-bd7c-9d15540190c4,Hansel and Gretel,,BW,1923,,U,"I'm not sure of the mode.

http://www.silentera.com/PSFL/data/H/HanselAndGretel1923.html",True
902,7f79b244-abf2-4917-a0c4-49cfe7f5c116,Hansel and Gretel,,BW,1933,8,A,IMDb list Paul Terry as screenwriter only (not a director). I've listed him as both roles here to match The Enchanted Screen.,True
903,3a91e1c8-eb03-4199-b972-88c2e6a0e87f,Hansel and Gretel,"The Story of 'Hansel and Gretel', The Story of Hansel and Gretel",C,1951,10,A,,True
904,f59722c6-2b08-4f0c-8ea3-6ab1a5dd3179,Hansel and Gretel,,C,1952,6,A,,True
905,f5a650e3-ff48-403d-841c-0d0abb9c3f4f,Hänsel und Gretel,Hansel and Gretel,BW,1954,38,L,"I'm not sure of the mode.
AM: confirmed live",True
906,1231102d-265a-4741-9c8d-d844cb14cbc0,Hänsel und Gretel,Hansel and Gretel,C,1954,52,L,https://letterboxd.com/film/hansel-and-gretel-1954/,True
907,07ce787b-953e-4555-aafc-4be6815bf28a,Hansel and Gretel,Hansel and Gretel: An Opera Fantasy,C,1954,72,A,"Michael Myerberg is listed as a director in The Enchanted Screen but is only listed as producer on IMDb, so I've included him in both places. His last name is spelled incorrectly in The Enchanted Screen, so I've corrected it. Because this is an adaptation of an opera, I've included the composer and writer for the opera as composer and writer for the film. Is that correct?",True
908,109d099d-a368-4a58-8ff5-ab74915324c2,Hansel and Gretel,,BW,1955,10,A,,True
909,9c6184fd-0c79-49bf-9278-05c737108e67,Hansel and Gretel,Fractured Fairy Tales,C,1960,4,A,,True
910,02960c3a-3d55-4aa1-85d7-f12db651177e,Creepy Time Pal,,C,1960,7,A,,True
911,825912e4-f368-4456-89f3-9248009b6269,Hansel and Gretel,Mr. Piper and the Story of Hansel and Gretel,C,1963,30,A,I've included a link for the episode and for the series overall.,True
912,a94b8c5a-673e-45d0-afe4-0cd73515f62f,The Hansel and Gretel Case,Winsome Witch,C,1965,6,A,,True
913,fbcff008-3e62-49a6-b2c3-46352f9a4754,Hansel and Gretel,,C,1966,6,A,https://www2.bfi.org.uk/films-tv-people/4ce2b6d4d64b2,True
914,851936e7-a5d6-48a4-8430-714201285c6c,Hänsel und Gretel verliefen sich im Walde,"Hansel and Gretel Got Lost in the Woods, The Naked Wytche",C,1970,82,L,"IMDb lists the English title as ""The Naked Wytche,"" but I've listed both titles as they appear in The Enchanted Screen.",True
916,484222c6-337e-4729-915a-6323a59f4ce4,Hänsel und Gretel,,C,1976,43,A,"I'm not sure of the mode.
AM: animated: https://www.bcdb.com/cartoon/92323-H%E4nsel-und-Gretel",True
917,8f1f6f5f-0b2c-4cd2-881a-4d841eabca77,Hansel and Gretel,,C,1982,45,L,,True
920,2aaa74b4-66e8-498f-a652-3730ab4c7bd1,Hansel and Gretel,"Grimm Meisaku Gekijou, Grimm Masterpiece Theatre",C,1987,25,A,,True
921,c8e52dff-f7da-49c9-ab6d-9bbdeec07133,Hansel and Gretel,,C,1987,84,L,,True
922,e3a0053d-53b7-4ac3-8bb7-1ce93e50b49d,Hansel and Gretel,Alf Tales,C,1989,30,A,,True
923,4be1448b-5d86-461a-a06e-6964783d240b,Hansel and Garfield,Garfield and Friends,C,1989,60,A,I've included a link for the episode and for the series.,True
924,de7b7b37-5fc4-4ab5-bf59-8dd4b68872bc,Hansel and Gretel,"Wolves, Witches and Giants",C,1995,15,A,I've included the link for the series and for the episode.,True
925,cf8cf277-241d-4ad7-9f5d-5d829927f6e9,Hansel and Gretel,Mickey Mouse Works,C,1999,,A,"https://www.intanibase.com/iad_entries/entry.aspx?shortID=651
",True
926,44cb163d-2163-45ed-8b1d-569ae651fd63,Hänsel und Gretel,"Simsala Grimm - Die Märchen der Brüder Grimm; Hansel and Gretel, The Fairy Tales of the Brothers Grimm",C,1999,25,A,I've included the link for the episode and the series.,True
927,f467c534-f370-4676-9559-a056eaf661e0,The Wacky Adventures of Hansel & Gretel,,C,1999,27,L,https://www.amazon.com/Wacky-Adventures-Hansel-Gretel/dp/B000HWYHHI,True
928,b2fb17fb-b935-4405-b8b0-cb58f2da98d8,Master Hansel and Miss Gretel,,C,2001,,A,,True
929,61e344a0-9fff-4e51-b5f6-a84fd714ba49,Les Amants Criminels,Criminal Lovers,C,1999,96,L,,True
931,bfed1866-60c0-4364-b0b6-0daa5c222f86,Hänsel und Gretel,"Hansel and Gretel, Hänsel und Gretel - Sie sind innen hässlich",BW,2003,,A,,True
933,396b5807-c5cc-426b-b6fb-85dd81a24314,Jack and the Beanstalk,"Jack, the Giant Killer",BW,1912,14,L,https://letterboxd.com/film/jack-and-the-beanstalk-1912/,True
934,0b69b34f-df2f-4e23-823b-a66d605e2fc6,Jack and the Beanstalk,,BW,1913,,L,"I'm not sure of the mode.
AM: pretty sure it's live: https://www.thanhouser.org/tcocd/Filmography_files/b_vw5q.htm",True
935,880c5f90-9322-4a6f-a213-533a6c604aa4,Jack the Giant Killer,,BW,1916,,A,,True
936,e141a646-8e5e-40e2-9f08-877df319de8f,Jack and the Beanstalk,,BW,1917,100,L,,True
937,bd4d46b6-f947-486d-a8a2-310ebe790aae,Jack and the Beanstalk,,BW,1924,,L,I'm not sure of the mode.,True
938,3b6b82c2-b3ba-49df-8b8b-7a6b7fe96df9,Jack and the Beanstalk,,BW,1924,,A,,True
939,87ef78e0-0e29-47f8-b3ef-69f1e5db199f,The Giant Killer,,BW,1924,,A,,True
940,94eb4699-f8b7-44e6-82e7-869de9238236,Jack the Giant Killer,,BW,1925,,A,,True
941,b5fbbf6a-f0ef-4e23-8f30-b0ecff2c8cea,Jack the Giant Killer,,BW,1933,,A,I've corrected the spelling of the director's name.,True
942,fcec83ac-ba0d-4ab9-90f5-7623da5bf5eb,Jack-Wabbit and the Beanstalk,Merrie Melodies,C,1943,7,A,,True
943,cbe339b9-6839-4cb5-b83e-bfd280da71f6,Woody the Giant Killer,,C,1947,,A,,True
944,465c8d3a-51cf-4a58-b271-ae616b2fcb62,Jack and the Beanstalk,,C,1952,70,L,,True
945,358a9a3e-333e-41a1-b232-02a3cab76b16,Jack and the Beanstalk,,C,1955,12,A,,True
946,5d944141-7460-4cd9-8a6a-8fb00f4f183b,Popeye and the Spinach Stalk,Popye and the Spinach Stalk,C,1960,30,A,I've linked the episode and the series.,True
947,8711bd39-c43d-40f8-98a8-f3ebf92cb16c,Jack the Giant Killer,,C,1962,94,L,,True
948,d0f80a2b-80ed-4569-99cd-4a9379142701,Jack and the Beanstalk,,C,1965,51,L,,True
949,15229496-cfd9-4501-be38-db2c2c7ce811,Jack and the Beanstalk,,C,1967,51,A,,True
950,8a22671a-6ef2-49f2-9ece-9be621369804,Shônen Jakku to Mahô-tsukai,Jack and the Witch,C,1967,80,A,,True
951,d41b2ec0-3c7d-42e3-a0d4-cddf47a1242a,Jack and the Beanstalk,,C,1970,62,L,,True
952,a6b95b60-8486-4b29-b586-27db87bb96d5,Jack to mame no ki,"Jack and the Beanstalk, Jakku to Mame no Ki, ジャックと豆の木",C,1974,93,A,,True
954,0af39c3b-59ea-4858-b9e4-369488fc20b8,Jack and the Beanstalk,,C,1991,25,A,"I'm pretty sure the IMDb entry matches the film, but IMDb says the year is 1990 and the director's name is Jim Simon rather than James Simon. I've listed both names for now.",True
955,55eb907d-fb08-4c26-9c2a-f1f8e5cc9954,Jack and the Beanstalk,,C,1998,73,L,,True
956,ab1c98d9-d378-4eac-93a2-24b9b6266589,Jack and the Beanstalk,,C,2000,75,A,IMDb lists the year as 1999.,True
957,df973df9-7764-449a-8a62-36775d8e7677,Jack and the Beanstalk: The Real Story,,C,2001,180,L,,True
958,b9c1e842-b3b9-4307-8640-8990543cd48a,The Sword in the Stone,,C,1963,79,A,,True
959,7374aa45-a22d-4ce6-8f71-9671040d845f,Les Parisiennes,Tales of Paris,BW,1962,100,L,,True
960,f3d7a2e6-4fab-4ee3-a13b-a83ba92cbe72,Tammy and the Bachelor,,C,1957,89,L,,True
961,c4f88d1b-7c13-4fe3-a51a-ba66d4e06afe,Thin Ice,,BW,1937,79,L,,True
962,e732eb85-aa14-4579-a480-272394196a92,The Truth about Cats and Dogs,,C,1996,97,L,,True
963,fe766ec7-3eaf-4f5f-b658-7b3bcfc7a0b9,Wall Street,,C,1987,126,L,,True
964,7642cebf-da23-400e-98ce-7f8e10418069,White Palace,,C,1990,103,L,,True
965,b4bffb02-0c11-42db-971a-cf5e679253c8,Zouzou,Zou Zou,BW,1934,92,L,,True
966,d78d380c-8407-4f70-9eae-48c8050dcee8,First Love,,BW,1939,84,L,,True
967,4a0d156b-72fb-4781-9479-965f1fb4d152,Cinderella,,BW,1954,11,A,SLL says 1963 (but it also says 1919 for her earlier Aschenputtel and we say 1922),True
968,225b6e02-4544-442f-9e98-04e30c59b00c,Maria d'Oro und Bello Blue,Rolf Kauka's Once Upon a Time,C,1973,83,A,https://en.wikipedia.org/wiki/Once_Upon_a_Time_(1973_film),True
969,dac24178-8a32-4b1e-9ff9-59959a0bc3fb,DysEnchanted,,C,2004,8,L,,True
970,601093e3-022c-48e8-8bf4-79641a74ec3b,Cinderella Up-to-Date,,BW,1909,10,L,,True
971,2606c316-5c51-4ffa-a3be-5eabec343cc2,Edward Scissorhands,,C,1990,105,L,Sue Short ftf sez Pinocchio and I think she's got a point,True
972,02bc5150-7045-477e-b50f-d59278f6de9e,Jack and the Beanstalk,,C,2010,94,L,,True
973,8afb9b05-15b2-42e2-9c4a-c7e41915a64c,Peter Pan,,BW,1924,105,L,,True
974,796a38ca-45da-472c-9d12-884a32193a12,Peter Pan,,C,1953,77,A,,True
975,29386613-1b59-475f-9f8e-2a12c13e4c14,Peter Pan,,C,1960,100,L,,True
976,7de63b75-7bad-4c91-82c4-29054b845465,Peter Pan,,C,1988,46,A,,True
977,f5affc69-06b5-4a1e-838b-49c49f49a97b,Peter Pan and the Pirates,,C,1990,30,A,,True
978,01b0b8aa-18aa-4e1d-bb95-628b2177553e,Hook,,C,1991,144,L,,True
979,6bd122d2-960c-4c0c-9b50-ac0e72448494,Peter Pan,,C,2000,105,L,,True
980,07bb4f62-6e91-470b-a33b-a16ef72b6387,Fantasia,,C,1940,125,M,,True
981,0267b363-456c-4ba3-95c6-d778ca317d07,Fantasia 2000,,C,1999,74,M,,True
982,0efa988a-b93a-4cf9-a578-3efc8d4e7f19,The Gingerdead Man,,C,2005,70,L,,True
983,a81e1435-503c-4b95-9eb7-833e349830bb,Hable con ella,Talk to Her,C,2002,112,L,,True
984,cb6e0c5a-208f-4686-a408-a6293ebc0407,Lady in the Water,,C,2006,110,L,,True
985,179e89a7-d22d-4c67-868a-b3e46e265308,The Last Unicorn,,C,1982,92,A,,True
988,454eb146-f964-4329-a351-d17632189bf8,The Daydreamer,,C,1966,101,M,,True
989,a532654a-404d-464b-9141-9a927cc90515,Die Prinzessin und der Schweinehirt,The Princess and the Swineherd,BW,1953,81,L,,True
990,d9007855-2393-4f8e-bf01-2c4e90ea5756,La Bergère et le Ramoneur,The Curious Adventures of Mr. Wonderbird,C,1952,63,A,,True
991,00f65bbd-e4ad-400f-a9e7-250a9194cb66,The King and Mr. Bird,"The King and the Mockingbird, Le Roi et l'Oiseau",C,1980,83,A,,True
992,5b6bf928-9725-43f8-9423-2576a7c11b6b,Das Feuerzeug,The Tinderbox,C,1959,83,L,,True
993,497d935a-bc7b-4b17-8534-38b35e628906,"Vandronik, Der Reisekamerad",The Traveling Companion,C,1990,89,L,,True
994,d3e8f14d-c362-43ac-9aff-cd59db97830a,H. C. Andersen og den skæve skygge,H. C. Andersen's The Long Shadow,C,1998,78,A,,True
995,04419644-1afa-4107-92e8-1b8557c97f13,The Twelve Dancing Princesses,Happily Ever After: Fairy Tales for Every Child,C,1997,30,A,,True
996,ea1052d9-beea-4483-9805-3526732d73f9,Novoye platye korolya,"The Emperor's New Clothes, Cisarovy satyl Des Kaisers neue Kleider",BW,1919,30,L,,True
997,91d205a1-81f2-4549-8281-8f3f6187238c,The Emperor's New Clothes,Hans Christian Andersen's The Emperor's New Clothes,C,1953,7,A,,True
998,8bcafc0a-b91d-40d9-8a2d-6ccc1f71d653,The Emperor's New Clothes,The Enchanted World of Danny Kaye: The Emperor's New Clothes,C,1972,60,A,,True
999,48e33bd3-254b-419f-9c3d-221fa6034594,The Emperor's New Clothes,Faerie Tale Theatre,C,1985,49,L,,True
1000,767bdf2b-981a-40b7-b7ef-90004c5bd7cc,The Emperor's New Clothes,,C,1987,93,L,,True
1001,e312f9b9-c25f-4461-b4e8-4b81a464e4e6,The Emperor's New Clothes,,C,1991,30,A,,True
1002,e820ea14-c859-4f3b-8fe5-20d6d8b6ebd4,Císarovy nové saty,"The Emperor's New Clothes, Cisarovy satyl, Des Kaisers neue Kleider",C,1994,90,L,,True
1003,02356bb2-6209-494b-bfe5-33c3777c54a2,The Emperor's New Clothes,Happily Ever After: Fairy Tales for Every Child,C,1995,30,A,,True
1004,eac266e1-363f-43bf-abaf-6df940e7ebfc,The Emperor's New Clothes,,C,2007,5,A,,True
1005,feac450d-f865-43a5-bf00-06671a727bb2,La Petite Marchande d'Allumettes,"The Little Matchgirl, The Little Match Girl",BW,1928,40,L,,True
1006,a512f5ea-53aa-4310-a637-2d38fac32d53,The Little Match Girl,,C,1999,50,A,,True
1007,a09978e7-84ab-4e38-9d19-1053e7ded295,The Little Match Girl,,C,1990,30,A,,True
1008,473f7cd5-82d5-4927-8d94-5e443377823b,Return to Never Land,Peter Pan 2: Return to Never Land; Return to Neverland,C,2002,72,A,,True
1009,eb6ed27f-c786-4c2a-99aa-bfc7c152fb50,Neverland,,C,2003,83,L,,True
1010,72cb6c91-97dc-4d6f-8e6e-53b3123d3ab9,Peter Pan,,C,2003,113,L,,True
1011,f86a7cd8-3e85-4550-89fc-e190171decdd,The Pied Piper,The Pied Piper of Hamelin,BW,1907,,L,"I'm not sure of the mode. The director's name is spelled incorrectly in The Enchanted Screen, so I've corrected it here.
AM: mode appears live
http://www.screenonline.org.uk/film/id/1304282/index.html 
",True
1012,9732cd1e-c9ba-4475-af19-c0eea1737ae5,The Pied Piper of Hamelin,,BW,1911,10,L,"I'm not sure of the mode.
AM: appears to be live ",True
1013,7e9c9289-f708-4432-b077-c06710d5c95c,"Sammy Opheus, or The Pied Piper of the Jungle",,BW,1912,,L,I'm not sure of the mode.,True
1014,a0adbfdc-d66f-47e1-a232-15a9cb688ddc,The Pied Piper of Hamelin,,BW,1913,,U,I'm not sure of the mode.,True
1015,507c81c1-f97e-4516-940b-13f9699bfbca,Der Rattenfänger von Hameln,"Der Rattenfänger, The Ratcatcher of Hamelin, The Pied Piper",BW,1918,64,L,,True
1016,5997f245-b6fc-47cb-a680-1ab6234a9e51,Alice the Piper,,BW,1924,7,A,,True
1017,981221ff-5906-4039-bc73-f004e6d8fe9d,The Pied Piper,,BW,1924,,A,,True
1018,a52da284-0f27-40af-8c28-306aabd7add5,Pied Piper Malone,,BW,1924,77,L,"I'm not sure of the mode.
AM: appears to be live, based on posters/images now on IMDb.",True
1019,897c6f91-fe09-4a88-a853-7106c3061f9a,The Little Mermaid,,C,1989,83,A,,True
1020,45c4cc87-587f-4c0f-ad5a-28bdc7e6ad9f,The NeverEnding Story,Die unendliche Geschichte,C,1984,102,L,,True
1021,fb92c742-2d5c-438d-b599-abc474bc82d6,Notorious,,BW,1946,101,L,,True
1022,54f8b72d-55e9-4c7f-87d6-fcb0ef947ee1,Pinocchio,,C,1940,88,A,,True
1023,a4803219-bf2a-4ae0-91b7-f0847d56a464,Pinocchio,,C,2002,108,L,,True
1024,073fe413-2eb4-470b-8b8c-6a5ddce0b90a,The Adventures of Pinocchio,,C,1996,96,L,,True
1025,7f2657ec-79a6-4c6a-a253-e0dd0a8b28d5,The New Adventures of Pinocchio,,C,1999,94,L,,True
1026,b76e8c3a-4b89-4f8e-af4b-d67bcbf5ebd4,Pinocchio's Revenge,,C,1996,96,L,,True
1027,ca819a64-2771-45c7-a8f9-20074c3f4647,Pinocchio and the Emperor of the Night,,C,1987,87,A,,True
1028,783b7a2d-3dca-4bfd-a882-95cb754dce80,Pinocchio,The Erotic Adventures of Pinocchio,C,1971,79,L,,True
1030,3428460e-945a-4488-8071-9f3150ef7569,Bunhongsin,The Red Shoes,C,2005,103,L,,True
1031,cefd85c6-75a7-486d-bc42-5e86f5f8ac69,Robots,,C,2005,91,A,,True
1033,5526df8d-c7b3-4e11-a47b-29d88cf7d5f3,The Secret of My Succe$s,,C,1987,111,L,Vivian Labrie's article in Undisciplined Women identifies this as ATU 313,True
1034,a594acc3-6aea-46b1-b79b-a5fe1cee51b5,Sen to Chihiro no kamikakushi,Spirited Away,C,2001,125,A,,True
1035,163faf06-fffb-4fdf-b716-a99a290cc314,Splash,,C,1984,111,L,,True
1036,51e36a18-74f1-49b3-9e2f-d00e09f6422a,The Stepford Wives,,C,1975,115,L,,True
1037,e5bdd8ba-6383-4c61-b647-bbb4d6e3bf9d,The Stepford Wives,,C,2004,93,L,,True
1038,0c7d3d16-278b-4d31-bf00-832661e67898,10 Things I Hate About You,,C,1999,97,L,,True
1039,75271d58-ec44-4794-ae67-36c317f49adc,The Pied Piper of Hamelin,,BW,1926,,U,I'm not sure of the mode.,True
1040,8e971f46-cfbf-4bf2-a412-e41ee6fc364a,Pied Piper Porky,Looney Tunes,BW,1939,7,A,,True
1041,d80a4e18-efcb-4520-955c-ef837f9ddb72,The Pied Piper,,BW,1942,87,L,,True
1042,6c46655e-d126-4584-8042-080e7d249ab4,Pied Piper of Basin Street,,C,1945,6,A,"The director's name is listed as James Culhane in the Enchanted Screen, but IMDb gives the name as Shamus Culhane, and the second name is already connected to something else in the IFTF. I've included both names for now. Is that the best thing to do in this situation?",True
1043,25f52fdc-3a23-43cf-86e7-188c209bccfe,The Hep Cat,,C,1946,7,A,,True
1044,78394477-67ff-4697-b5db-890eafdb1960,Svengali's Cat,,C,1946,7,A,,True
1045,1669eebe-1ac9-4019-a5f5-3daf2844f5a2,Paying the Piper,Looney Tunes,C,1949,7,A,,True
1046,f5bc53dd-9631-40ba-b845-4e8f72c04bb0,The Last Mouse of Hamelin,,C,1955,7,A,,True
1047,5e59c51b-c288-4694-bce3-e957323b3e21,Too Hop to Handle,,C,1956,7,A,,True
1048,6a7f029f-767c-46ef-b3cf-f95731f28f8c,The Pied Piper of Hamelin,,C,1957,89,L,,True
1049,6a0dc379-e7d0-4b94-863d-78a2940ecd84,The Pied Piper,Fractured Fairy Tales,C,1960,4,A,,True
1050,ffe12fa4-5992-4224-b28c-1582baf73264,The Pied Piper Pipe,The Huckleberry Hound Show,C,1960,30,A,,True
1051,d2d15257-1ebd-4f54-96db-a87ca2ed72d4,The Pied Piper of Guadalupe,Looney Tunes,C,1961,6,A,,True
1052,2ff3d129-05b4-4fc7-be1f-a1fab2ccaade,The Clown and the Kids,,C,1967,75,L,,True
1053,63701aad-7109-4076-9f8b-8f564b0b8418,The Pied Piper of Hamelin,,C,1970,17,A,The year given at the link is 1969.,True
1054,3f6bedee-4b99-4d6f-985b-72692847db7d,Land of the Giants: Pay the Piper,,C,1970,60,L,,True
1055,e3ab61e5-ceb3-4910-b2a4-6a09bbf2e599,Simon and the Pied Piper,Simon in the Land of Chalk Drawings,C,1971,5,A,,True
1056,5669431f-15de-4999-809d-cdb79d64410a,The Pied Piper from Space,Challenge of the Super Friends,C,1978,30,A,,True
1057,e1a19196-a2a9-4edf-b51f-d65d8d69a6c7,Pied Piper Puss,Tom and Jerry,C,1980,7,A,,True
1058,9f41735b-945f-4c8b-8a29-a7647ade4fda,The Pied Piper of Hamelin,,C,1981,30,A,,True
1059,d3571841-a0d6-4299-9920-12492e76ed2c,The Pied Piper of New York Town,Spider-Man,C,1981,30,A,,True
1060,d103e5b5-ce92-47c9-b49b-8b2f09e305bc,The Pied Piper of Hamelin,Faerie Tale Theatre,C,1985,52,L,,True
1061,0f8ab1f7-282d-4d21-baa9-ee55542da928,Krysař,"The Ratcatcher, The Pied Piper of Hamelin, The Pied Piper",C,1985,53,A,,True
1062,4fa11f0d-9a8f-43c7-883d-b49ff7f02eaf,The Pied Piper Power Play,Chip 'n' Dale Rescue Rangers,C,1990,30,A,,True
1063,2e01709a-085a-4c86-ad46-696ab0420f76,The Pied Piper of Hamlin,,C,1992,50,A,,True
1064,d0c9d91e-845c-4c08-bdb9-ae66dc79e4b7,Suspicion,,BW,1941,99,L,in Tatar's Secret,True
1065,3d5415e8-20ae-4661-a10d-024dd441fe6d,Shadow of a Doubt,,BW,1943,108,L,In Tatar Secret,True
1066,83fb0a91-e12c-4283-bbab-67901a7b60d2,Dark Waters,,BW,1944,90,L,in Tatar Secret,True
1067,b05cad1f-48d2-49e4-b399-c92415b53a83,Jane Eyre,,BW,1943,97,L,in Tatar Secret,True
1068,4cca3389-819f-41a8-924b-473dc9dc5264,Spellbound,,BW,1945,111,L,in Tatar Secret,True
1069,2ec2fbff-cf90-498b-bb52-4ee6be216f55,Experiment Perilous,Angoisse,BW,1944,91,L,"in Tatar Secret
https://www2.bfi.org.uk/films-tv-people/4ce2b6a9b885e
",True
1070,6fae3f83-8ccf-4347-a93a-086a9d07625d,Undercurrent,,BW,1946,116,L,in Tatar Secret,True
1071,981c94b4-e5b3-4cc7-850e-917b51f36fb3,The Two Mrs. Carrolls,,BW,1947,99,L,in Tatar Secret,True
1072,bfe66dce-f19a-447e-a9a3-9909be8eee6f,"Da hong deng long gao gao gua, 大红灯笼高高挂",Raise the Red Lantern,C,1991,125,L,"in Tatar Secret
 https://baike.so.com/doc/1195517-7593199.html ",True
1073,a5593ad4-8e9d-459c-97b7-54316c1c56b7,Le poil de la bête,,C,2010,100,L,ew ew ew ew,True
1074,fd0e8172-8c09-4d46-a0ff-fad2146bea18,The Peanut Butter Solution,Opération beurre de pinottes,C,1985,94,L,"Jocelyn Gadbois said Rapunzel, based on preternatural hair growth,  I guess",True
1075,3419cf38-7ad5-4db0-bd29-50909914901e,C’est parce qu’on est petit qu’on peut pas être grand,The Great Land of Small,C,1987,93,L,,True
1076,40bdf868-8f93-4b43-8520-27421159a70d,La grenouille et la baleine,Tadpole and the Whale,C,1988,91,L,SUPER loosely TLM!,True
1077,9f62f0fc-ec73-4192-b380-70f330333ed9,The Flying Sneaker,"Danger Pleine Lune, Motýlí cas",C,1990,84,M,I THINK this was originally made in Czech,True
1078,763ed1f1-8f10-4331-b99b-70a11fa978e9,The Pied Piper of Taz-Mania,,C,1992,11,A,,True
1079,8b44985c-ef74-4050-9027-c22418ffa69c,Piped Piper of Gorpdale,,C,1993,10,A,,True
1080,e54747a3-70bb-42ac-a95c-82fad9f370a7,Pied Piper of Manhattan,,C,1997,30,A,,True
1081,d70c2681-1936-44e3-a56e-f3df4806c343,"It's the Pied Piper, Charlie Brown",,C,2000,25,A,,True
1082,f8863065-275e-45f5-9615-20a30192bdd2,The Pied Piper,Mona the Vampire,C,2003,30,A,,True
1083,bc36a05e-5112-4511-afee-c1e9d67e2dfd,The Piper,,C,2005,10,U,,True
1084,1320ebe4-c683-4d61-93e1-525b5caf1897,Pied Pussycat Piper,Krypto the Superdog,C,2006,30,A,,True
1085,331f6070-4381-4664-bede-ab6058b00795,Pinocchio,,BW,1911,50,L,I'm not sure of the mode.,True
1086,ad680a30-e745-4af4-86c0-d32ff802926e,Zolotoy klyuchik,The Golden Key,BW,1939,70,L,"I'm not sure of the mode.
AM: images on IMDB would appear to confirm live mode, B&W ",True
1087,c8970048-9243-440f-a1ac-5eee2bde93dd,Hans Christian Andersen's The Little Mermaid,Anderusen dôwa ningyo-hime,C,1975,68,A,,True
1088,ab38291c-d609-4519-b4b4-756dd5025e82,Malá morská víla,The Little Mermaid: Ariel's Beginning,C,1976,84,L,,True
1089,e5d49667-be24-4fb7-a916-6cb068a896b2,Rusalochka,The Little Mermaid,C,1976,81,L,,True
1090,c046f27e-d660-4828-b825-b5e64597e7f6,La Petite Sirène,"The Mermaid, The Little Mermaid",C,1980,105,L,,True
1091,22c54481-8a54-4871-84fa-15da2b09212f,The Little Mermaid,Faerie Tale Theatre,C,1987,47,A,,True
1093,02e74beb-3b87-4667-b684-c8b95f9d42c8,The Little Mermaid,,C,1992,30,A,,True
1094,7ebea8c9-d31f-4b44-855d-0cbb12f6bfa6,The Little Mermaid II: Return to the Sea,,C,2000,75,A,,True
1095,507cc955-57cd-4b4f-a4fe-113b372cd7b0,The Little Mermaid: Ariel's Beginning,The Little Mermaid III,C,2008,77,A,,True
1096,5721e8ae-b13d-4877-8c82-ea3d1487ba95,Císařův slavík,The Emperor's Nightingale,C,1949,72,M,,True
1097,2274060a-085e-4f8f-b319-968aa407bf26,The Nightingale,Faerie Tale Theatre,C,1983,54,L,,True
1098,5ce93445-1b1c-4698-a26e-71a7227e076c,Nightingale,,C,1992,30,A,,True
1099,82b43a39-77d1-4607-b514-679acbf6ca28,Printsessa na goroshine,The Princess and the Pea,C,1976,89,L,,True
1100,a2249347-0e0b-466f-b0d6-465cb4dc8da1,The Princess and the Pea,Die Prinzessin auf der Erbse,C,2002,75,A,,True
1101,2c5d73cc-4c45-4966-a546-65e4cce51a05,Die Prinzessin auf der Erbse,The Princess on the Pea,BW,1970,75,L,https://translate.google.com/translate?hl=en&sl=de&u=http://www.fernsehenderddr.de/index.php%3Fscript%3Ddokumentationsblatt-detail%26id1%3D16417&prev=search&pto=aue,True
1102,2b9ee7b9-e27b-4fdf-a7bd-845fbbc24550,Once Upon a Mattress,,C,2005,90,L,,True
1103,d0fc0860-55e5-4cd7-8cc4-c24db7346cd9,The Princess and the Pea,Faerie Tale Theatre,C,1984,53,L,,True
1104,e06f0d36-fbf7-4d12-93f4-ad899dded7df,The Red Shoes,,C,1948,133,L,,True
1105,141ec15c-4e96-4691-a7ea-33d8b6efccde,The Red Shoes,,C,1983,79,L,"I was unable to add ""The Children's Theater Company & School of Minneapolis"" under companies for some reason...",True
1106,a4986894-c757-4a96-82c4-9fe32042b4d5,The Red Shoes,,C,1990,27,A,,True
1107,56111080-f8a4-428d-b01d-237da67371f0,The Red Shoes,,C,2009,16,L,,True
1108,8b02dd24-dcf4-49b4-adc2-2d6915c7238e,Snezhnaya Koroleva,The Snow Queen,C,1966,86,L,,True
1109,11c0f0e5-85bf-4835-8355-94f8a761e225,The Snow Queen,,C,1976,56,A,,True
1110,b3408766-8de1-4a10-9e00-13c8d6075b08,The Snow Queen,,C,1992,30,A,,True
1111,0d690de7-0f5d-45fd-8038-8ced36dda6c5,The Snow Queen,,C,1995,75,A,,True
1112,465b3fae-b9ca-4b9e-a499-df46e86f601a,Snedronningen,The Snow Queen,C,2000,26,L,,True
1115,3eee7ea4-f2fe-43a9-bce1-a343b28aefdb,Snezhnaya koroleva,Snow Queen,C,2007,100,L,,True
1117,115cbbc0-86e5-462e-b8df-910ef80392ca,The Snow Queen,Die Schneekönigin,C,2013,90,L,,True
1118,493588ce-b8bb-4c17-ba64-27ea42e58085,Snezhnaya koroleva,Snow Queen,C,2012,80,A,,True
1119,16666bdc-e6e0-4913-8682-76d2b79522e9,Stanley the Ugly Duckling,,C,1982,25,A,,True
1120,ad4bc18c-9f29-4c85-993c-9c5e1b33d97f,The Ugly Duckling and Me,Grimme relling og mig,C,2006,90,A,"Added links to movie and TV series, as well as links to specific episodes/collections from Jack Zipes UW library donation - please let me know if I should adjust this",True
1122,c5a9c26e-b6be-4816-ad7c-82f6560ebd34,Puss in Boots,,C,1988,96,L,,True
1123,a9e8cb9c-c098-4aea-a4d5-383fcd1df250,Pyšná princezna,The Proud Princess,BW,1952,94,L,"I wasn't sure as to the origin...
https://fairy-folk-tale.fandom.com/wiki/Potrestan%C3%A1_p%C3%BDcha ",True
1124,d3773e46-d12e-468f-a817-5158ed252375,Byl jednou jeden král...,"Once Upon a Time, There Was a King...",C,1955,107,L,"I think it is 510 (as the tale has a daughter saying she loves her father as much as salt), but I don't know for sure the origin...",True
1125,169a54f0-6903-4c55-92f4-462f3bcf4074,"Obušku, z pytle ven!","Doggie and Three, Stick, Start Beating!",C,1956,77,L,Not sure the origin...,True
1126,284a36f1-5fa4-43d9-94e6-637ec93374de,Sílene smutná princezna,"The Insanely Sad Princess, The Incredibly Sad Princess, Die wahnsinnig traurige Prinzessin",C,1968,86,L,Not sure the origin...,True
1127,0d7a4418-6e0f-4abb-8522-38c3b452c3bb,Dívka na koštěti,"Girl on a Broom, The Girl on the Broomstick, Saxana - The Maiden on the Broomstick",C,1972,76,L,Not sure the origin...,True
1128,67e65a02-63ca-4fab-9c9b-23a89f11a389,Princ Bajaja,Prince Bajaja,C,1971,73,L,Not sure the origin...,True
1129,b0f708a3-fda1-4020-bc36-060e56ea44e2,Sest medvedu s Cibulkou,"Six Bears and a Clown, Sechs Bären mit Zwiebel",C,1972,88,L,Not sure of origin...,True
1130,347ecb10-d26a-4bc5-be7f-9eed5656abed,Jak se budi Princezny,"Waking Sleeping Beauty, How to Wake Up a Princess",C,1978,83,L,,True
1131,96209b48-5cc8-4b94-9416-c6de28b06d56,Princ a Večernice,"The Prince and the Evening Star, Der Prinz und der Abendstern, A herceg és a csillaglány, Il principe e la stella della sera, Królewicz i Gwiazda Wieczorna, Prinz und Abendstern",C,1979,86,L,Not sure of origin...,True
1132,19d29a9e-6926-4756-8982-99ea2c3c3e3f,Arabela,,C,1979,30,L,Not sure of origin...,True
1133,0f5f9514-24a3-4af5-8761-f3ab123c5afb,O statecném kovári,"The Brave Blacksmith, Vom tapferen Schmied",C,1983,80,L,Not sure of origin...,True
1134,2d5a1926-5e41-4f28-bbcf-fcb872f3e22d,Tri veteráni,"The Three Veterans, Die Prinzessin mit der langen Nase",C,1984,93,L,Not sure of origin...,True
1135,0cfff6a3-dad3-49b3-a2ea-ff0b39cb2030,Král Drozdia Brada,"King Thrushbeard, King Blackbird",C,1984,94,L,https://en.wikipedia.org/wiki/King_Thrushbeard_(1984),True
1136,93e88b60-b6fe-4233-8619-17afc6ab049b,Perinbaba,"The Feather Fairy, Lady Winter, Frau Holle",C,1985,89,L,,True
1137,e6d7e289-b2b5-4ff0-8867-6ede6106d520,Falosny princ,"The False Prince, Der falsche Prinz",C,1985,89,L,"Not sure the origin...
AM - added origin",True
1138,d9ac7e8e-b2d7-4666-94bf-bed229433d99,Galoše šťastia,"The Magic Galoshes, Galoschen des Glücks, The Galoshes of Happiness",C,1987,89,L,Not sure the origin...,True
1139,eae59519-38b9-486b-9ffe-73289d9876d6,"Mahuliena, zlatá panna","Mahuliena, Golden Maiden, Mahuliena: The Golden Princess, Der treue Johannes",C,1986,90,L,Not sure of origin...,True
1140,6267cad4-0e42-4efb-8862-3a6793accfe7,Der kleine und der große Klaus,Little and Big Claus,C,1971,58,L,Not sure of origin...,True
1141,04330d98-102f-4520-a9de-3ef202068638,Der große und der kleine Klaus,"Mikola a Mikolko, Big and Little Claus, The Great and Little Klaus",C,1988,83,L,,True
1142,dba4fc6d-fc07-400e-b047-772dac2055f5,O princezne Jasnence a létajícím sevci,"Princess Jasnenka and the Flying Shoemaker, The Princess and the Flying Shoemaker, The Princess and the Flying Cobbler, Die Prinzessin un der fliegende Schuster",C,1988,87,L,"Not sure of origins...
AM: Based on a story by Jan Drda, but the story isn't on IFTF already: O princezne Jasnence a ševci, který létal
https://en.wikipedia.org/wiki/Princess_Jasnenka_and_the_Flying_Shoemaker ",True
1143,de5947c7-a5e9-4b66-a97b-5bc2c5077203,O zivej vode,"Das Wasser des Lebens, The Water of Life",C,1988,89,L,"Not sure of origins...
AM: https://en.wikipedia.org/wiki/The_Water_of_Life_(German_fairy_tale) ",True
1144,75bcbd0b-d434-417a-805b-a3b035aa01b4,Die Dumme Augustine,The Dumb Augustine,C,1993,87,L,Not sure of origin...,True
1145,a328ef44-03dc-4f0b-a13e-d4054c6e0164,Arabela se vrací,Arabela Returns,C,1993,30,L,Not sure of origins...,True
1146,0e0ea39d-3f76-48e8-813d-02937820705e,Das Zauberbuch/Kouzelný Měšec,The Magic Book,C,1996,80,L,"Not sure of origins

https://www.youtube.com/watch?v=cpwkR209_Kc",True
1147,8d470328-4623-42c0-afee-13b88f02a1bf,Pták Ohnivák,"Der Feuervogel, The Firebird",C,1997,86,L,"Not sure of origins...
Maybe firebird? 
https://en.wikipedia.org/wiki/The_Firebird_and_Princess_Vasilisa
https://cs-m-wikipedia-org.translate.goog/wiki/Pt%C3%A1k_Ohniv%C3%A1k?_x_tr_sl=cs&_x_tr_tl=en&_x_tr_hl=en&_x_tr_pto=sc ",True
1148,fd126189-ae9c-4018-99f5-74551868595d,Jezerní Královna,"Die Seekönigin, Queen of the Lake, The Sea Queen",C,1998,89,L,"Not sure of origins...
AM added Swan Lake: https://cs.m.wikipedia.org/wiki/Jezerní_královna",True
1149,3d35d039-3ece-4119-80a2-97c0dcdaa686,Král sokolu,"Tomas and the Falcon King, Thomas and the Falcon King, Tomas und der Falkenkönig, Sokoliar Tomás, Thomas the Falconer",C,2000,96,L,Not sure the origin...,True
1150,63810147-5326-46e2-8cb7-313841e91bbb,Sleeping Beauty,Faerie Tale Theatre,C,1983,58,L,,True
1151,6b33e466-423b-4113-bae5-2aeb54e56b47,Jack and the Beanstalk,Faerie Tale Theatre,C,1983,58,L,,True
1152,1c1da6f7-10a7-4dfd-a029-a0e09dfc5441,Goldilocks and the Three Bears,Faerie Tale Theatre,C,1984,60,L,,True
1153,b2df5da6-8353-40e4-b7e4-052e5579d8f0,Pinocchio,Faerie Tale Theatre,C,1984,52,L,,True
1154,a7c22ad6-f81d-4ff8-81dc-4c5088ceaa5b,Thumbelina,Faerie Tale Theatre,C,1984,60,L,,True
1155,4211ad0f-252f-41d6-b61f-fa00e054f862,The Boy Who Left Home to Find Out About the Shivers,Faerie Tale Theatre,C,1984,50,L,,True
1156,708d9414-647d-45d2-835e-ad1f949ab62a,The Three Little Pigs,Faerie Tale Theatre,C,1985,52,L,Not sure of origin...,True
1157,c1dabd5d-c10e-4591-8904-573c52d6ec26,Puss in Boots,Faerie Tale Theatre,C,1985,60,L,,True
1158,e8ec5cbd-8816-41b1-99fe-c4c4eb249fa3,Aladdin and His Wonderful Lamp,Faerie Tale Theatre,C,1986,44,L,,True
1159,676c8ebc-f623-4ade-a6f5-f75e596fd815,The Princess Who Had Never Laughed,Faerie Tale Theatre,C,1986,47,L,"Not sure of origin
AM: ATU 559, referred to as 'Making the Princess Laugh' on Wikipedia
https://en.wikipedia.org/wiki/The_Princess_Who_Never_Smiled 
But ATU 559 is 'Dungbeetle' on IFTF",True
1160,fca27184-b448-4cc7-98f7-9a5caf35bd1d,Rip Van Winkle,Faerie Tale Theatre,C,1987,49,L,Not sure of origin...,True
1161,270a6799-0cdd-4a9e-85e0-be68a00a0639,The Dancing Princesses,Faerie Tale Theatre,C,1987,50,L,,True
1162,4bb5e6ac-a0c2-4d4f-8f4e-2f4a3d942a8a,Sechse kommen durch die Welt,"Six Make their Way through the World, How Six Made their Way through the World",C,1972,69,L,,True
1163,fb885837-0646-4702-a7d3-834c0acaf3ef,Das blaue Licht,The Blue Light,C,1976,82,L,,True
1164,37ec372a-1e61-478a-8467-0546e3b8bb7c,Das kalte Herz,"The Cold Heart, Heart of Stone",C,1950,106,L,,True
1165,6a0438dd-47d6-4b86-a31e-5423beece897,Die Geschichte vom kleinen Muck,"The Story of Little Muck, The Story of Little Mook",C,1953,100,L,,True
1166,2cd6cc47-7a92-411a-8445-cb99473088c1,Der Teufel vom Mühlenberg,The Devil from Mill Mountain,C,1955,87,L,Not sure of origin...,True
1167,049af247-b182-4d2d-9692-5d940027708b,Das tapfere Schneiderlein,The Brave Little Tailor,C,1956,83,L,"Not sure of origin...
Origin added.

https://translate.google.com/translate?hl=en&sl=de&u=https://www.defa-stiftung.de/filme/filme-suchen/das-tapfere-schneiderlein/&prev=search&pto=aue",True
1168,6057854e-7a7b-431b-909d-3a19afcc2f78,"Das singende, klingende Bäumchen","The Singing, Ringing Tree",C,1957,74,L,"Not sure of origin...
AM added origin:
https://en.wikipedia.org/wiki/The_Singing_Ringing_Tree
https://second.wiki/wiki/hurleburlebutz",True
1169,7eccb7a5-7fee-4b0e-aa10-daf9821001f5,Die Geschichte vom armen Hassan,The Story of Poor Hassan,C,1958,60,L,"Not sure of origin...
""This Brechtian children's film draws on motifs from an Uyghur fairy tale.""",True
1170,a57309fb-86ed-434c-8479-f595014cdf1a,Rotkäppchen,Little Red Riding Hood,C,1962,72,L,,True
1171,a21cf00f-9eac-495d-bc57-b3f2e7e6fff0,Die goldene Jurte,"The Golden Tent, The Golden Yurt",C,1961,79,L,"Not sure of origin...

Mongolian folktale
https://voicethrower.wordpress.com/2018/12/25/the-golden-yurt/
",True
1172,2fc17576-c3b0-45f5-9042-47a829bb7b96,Frau Holle,"Mother Holle, Mother Holly",C,1963,59,L,Not sure of origin...,True
1173,a2f05d20-04e8-47a7-9d29-23333de7f6b5,Die goldene Gans,The Golden Goose,C,1964,67,L,"Link to original version in UW catalogue, as well as English-language dubbed version",True
1174,d8603939-a29a-4ecf-b781-d80db1bb1eae,König Drosselbart,King Thrushbeard,C,1965,74,L,,True
1175,d5017ab9-81db-4724-8cc3-d270d9ff0134,Wie heiratet man einen König,"How to Marry a King, Wie man einen König heiratet",C,1969,74,L,"Not sure of origin...
Angela added: The Clever Farmgirl (ATU 875) on Oct 5, 2020

Also wouldn't allow me to input the following company: Künstlerische Arbeitsgruppe ""Jugend -und Kinderfilm""",True
1176,888e1036-d8dd-4ba4-a73e-556ebdaa6dce,Pinocchio,,BW,1957,60,L,"Hanya Holm, listed as the director in The Enchanted Screen, is given as the choreographer on iMDB.",True
1177,c96432f2-8651-4edc-a3e4-6dd04e54cdae,Hans Roeckle and the Devil,Hans Röckle und der Teufel,C,1974,75,L,"Not sure of origin...
https://second.wiki/wiki/meister_hans_rc3b6ckle_und_mister_flammfuc39f",True
1178,66de9e9f-d131-42ba-8480-46591b52aa43,Wer reißt denn gleich vorm Teufel aus,"Who's Afraid of the Devil?, The Devil's Three Golden Hairs",C,1977,92,L,,True
1179,7a0199df-8121-41a9-bfbc-2ccb7005e082,Pinocchio in Outer Space,,C,1965,71,A,"The director's name is spelled differently in The Enchanted Screen. I've included both spellings for now (according to what I've found online, ""Ray Goossens"" is the correct version).",True
1180,d19a3aed-e014-4fd9-87b6-cd62fceb518c,Turlis Abenteuer,"Pinocchio, The Adventures of Turli, Pinocchio's Adventures",C,1967,75,L,,True
1181,69c8b75c-1271-4e7e-93c7-43538bc273ec,Schneeweißchen und Rosenrot,Snow White and Rose Red,C,1979,70,L,,True
1182,71313bfa-811f-4514-8d40-2331cfd479dc,Pinocchio,,C,1968,90,L,,True
1183,27b136ac-59b1-47bf-9279-930334a61625,Gritta von Rattenzuhausbeiuns,"Gritta von Rattenhaus, Gritta from Rats at Home with Us  ",C,1985,83,L,Not sure of origin...,True
1184,7974ee61-b1a3-4e3e-af7c-aac9a7fe8442,Froschkönig,"The Frog Prince, The Frog King",C,1988,65,L,,True
1185,e2c207f5-68c2-42d9-9b96-421ebd969b7c,Le avventure di Pinocchio,The Adventures of Pinocchio,C,1972,303,L,This is a mini-series. Is it correct to list the duration as the duration of the entire series? (This is how it is listed on iMDB),True
1186,7ebc0c13-988c-4e57-8b82-d5f97d6566af,Der Eisenhans,Iron Jack,C,1988,79,L,Not sure of origin...,True
1187,4c82e0e2-753b-469f-8ea1-cb4c13d0bc49,Die Geschichte von der Gänseprinzessin und ihrem treuen Pferd Falada,The Story of the Goose Princess and her Faithful Horse Falada,C,1988,79,L,Not sure of origin...,True
1188,c7103da8-89e8-4a34-a5f5-fcbdd64f3495,Un burattino di nome Pinocchio,The Adventures of Pinocchio,C,1972,93,A,,True
1189,bd898cf2-2844-46d1-adc6-39b9cfae187d,Hans Makes His Fortune,"Hans macht sein Glück, Hans im Glück",BW,1952,88,L,,True
1190,d74f3dfc-0827-42db-bdb7-0b419f056cc0,Frau Holle,Mother Holly,C,1954,90,L,,True
1191,dc54d93f-b87d-4483-9d41-4e1cd9c84e7d,"Tischlein, deck dich","Table Be Covered, The Wishing-Table",C,1956,79,L,,True
1192,e626093a-589c-4aaf-9dc0-6af2b8928188,Rübezahl - Herr der Berge,"Rübezahl, der Herr der Berge",C,1957,73,L,"Not sure of origin...
AM: https://en.wikipedia.org/wiki/R%C3%BCbezahl ",True
1193,48f4f764-c31d-4505-864d-29a395cb59a7,Die Gänsemagd,The Goose Girl,C,1957,78,L,,True
1194,cf830970-81e0-4044-accd-b8e1c4a91834,Der Wolf und die sieben jungen Geißlein,"The Wolf and the Seven Kids, Der Wolf und die sieben jungen Geisslein, The Wolf and the Seven Little Goats, The Big Bad Wolf",C,1957,57,A,,True
1195,940538d5-6e02-4723-b2fc-90a8c6adbd53,Frau Holle,"Mother Holly, Frau Holle - Das Märchen von Goldmarie und Pechmarie",C,1961,73,L,,True
1196,f227eeab-087d-42e4-8af8-0f037d73efcc,Novye pokhozhdeniya Kota v Sapogakh,"Puss in Boots, Die Abenteuer des gestiefelten Katers",C,1958,87,L,,True
1197,c9b7821f-4739-4537-90c8-87ef2f7f64c4,Pinocchio,,C,1976,73,L,,True
1198,a0efca9c-cff5-4cf6-964e-eef1b3fb8d56,Pikorîo no bôken,The Adventures of Pinocchio,C,1976,25,A,,True
1199,a5fe77c4-6a1f-4682-b707-505ecff07153,Pinocchio's Christmas,,C,1980,60,A,,True
1200,d633497b-cdec-44f9-9696-c3496afdeacc,Pinocchio,,C,1993,49,A,"IMDB lists the release year as 1992. ",True
1201,d6cfcad9-1396-48b6-9879-a0868d7f40cd,Pinocchio,,C,1999,6,A,,True
1202,244000a0-e578-4fe6-bf1f-b64afd7c8a11,Geppetto,,C,2000,89,L,,True
1203,23bff165-9149-4b32-87f5-6a32403902bc,Pinocchio,,C,2008,179,L,,True
1204,a36b8ba6-efdd-437a-9d94-f198b8024a19,Le chat botté,Puss in Boots,BW,1908,,A,,True
1205,88c9736a-d1f4-4f5b-aefc-169a6dab78c1,Puss in Boots,,BW,1917,,U,I'm not sure of the mode for this film. Neither the iMDB page nor the Enchanted Screen listing include the director.,True
1206,6dbd5399-8b67-448d-bbf4-4aa736cb6468,Der Graf von Carabas,"Puss in Boots, Der gestiefelte Kater",BW,1936,13,A,,True
1207,2c07cdf6-4e67-47e3-a7ee-63e4eb7dcb0d,Puss in Boots,,BW,1954,13,A,,True
1208,a8fd6dc6-6112-4055-b02a-26807bfc43f5,Puss in Boots,,C,1982,,L,https://letterboxd.com/film/puss-in-boots-1/,True
1209,2b414b9c-93da-466a-93c8-7742a1770df8,Puss in Boots,,C,1993,50,A,"According to iMDB, the people listed as directors in The Enchanted Screen were actually the screenwriters. For now I have listed them in both locations.",True
1210,6bfb824e-fc83-4699-9dd8-3475e232688e,Kotvsapogakh,"Puss in Boots, Der gestiefelte Kater",C,1995,27,A,,True
1211,a5753880-c1eb-447e-b111-00fd21895d3d,Puss in Boots,,C,1999,75,A,,True
1212,d14006b0-d86c-41e3-9ace-8b5843e9320d,La véritable histoire du Chat Botté,The True Story of Puss in Boots,C,2009,80,A,,True
1213,c8439d01-3b4f-4eb5-94d5-4e12b403564c,Rapunzel,The Story of Rapunzel,C,1951,11,A,,True
1214,91d42b13-dcaf-42c5-b1a0-0a97d3a05232,"Rapunzel, Rapunzel",,C,1979,15,L,,True
1215,c790169e-604c-46f6-a19c-76822247a1ee,Rapunzel oder Der Zauber der Tränen,"Rapunzel, or The Magic of Tears",C,1988,84,L,,True
1216,80495ca9-cad9-4e29-9503-13f759ebc2b5,Classic Stories for Children,,C,1990,40,L,IMDB lists the release year as 1992.,True
1217,36e3dea6-7cbe-49b2-9477-1878ed8b9ae9,Barbie as Rapunzel,,C,2001,84,A,IMDB lists the release year as 2002.,True
1218,d7956122-22d0-4bac-816d-a1a58296cd0d,Le Puits Fantastique,The Enchanted Well,BW,1903,4,L,,True
1219,62e33a63-734a-4425-9a80-4f7ccc1451bd,Le Sorcier,"The Sorcerer's Revenge, Revenge is Sweet, The Witches' Revenge",BW,1903,4,L,"https://www.youtube.com/watch?v=i5IHSY84t0Q
https://en.wikipedia.org/wiki/The_Witch%27s_Revenge",True
1220,642ace05-41ea-4add-a861-752f5a8b4895,Le Royaume des fées,"The Kingdom of the Fairies; Fairyland: A Kingdom of Fairies; Fairyland; or, the Kingdom of the Fairies",M,1903,16,L,"https://en.wikipedia.org/wiki/The_Kingdom_of_the_Fairies ",True
1221,c5f7aa7b-3e73-4952-9612-a4eb6886ae97,L'enchanteur Alcofribas,"Alcofribas the Master Magician, The Enchanter Alcofribas",BW,1903,4,L,,True
1222,159f5bb7-5eb7-4801-b930-b07476d30c0a,La Lanterne Magique,"The Magic Lantern, The Trick Magic Lantern",BW,1903,3,L,,True
1223,b2d1b983-98ca-40a4-b1cb-44a116dad4d1,Le Petit Poucet,"Little Tom Thumb, Hop o' My Thumb ",BW,1905,4,L,,True
1224,b03519d0-49cb-4023-bc58-8e0ea1491ba3,The Dollmaker's Daughter,The Doll Maker's Daughter,BW,1906,10,U,,True
1226,df573b58-633b-41a5-8c6d-5ca0d23e54d8,Jack le ramoneur,"Jack the Chimney-Sweeper, Chimney Sweep",BW,1906,10,L,https://www.youtube.com/watch?v=Y1GyyUJp0WM,True
1227,85ef7045-76e5-4ee2-82ac-a7e639aedac2,La fée Carabosse ou le poignard fatal,"The Fairy Carabosse or The Fatal Dagger, The Witch",BW,1906,12,L,,True
1228,87def1b0-f841-4989-ac79-1f5e534d3d5d,Rapunzel: The Blonde Years,,C,2008,4,L,,True
1229,df7d1892-da4f-48f6-ba77-0aa3131223bc,Rapunzel,,C,2009,59,L,"I'm not sure of the mode.
AM: Confirmed mode is live.",True
1230,0ba424e4-c04f-48a6-a953-d287b182c6bc,Tangled,,C,2010,100,A,,True
1231,b7e36c45-d0cf-439e-bf2c-cb528b228d18,Little Red Riding Hood,,BW,1911,,U,,True
1232,2dc68224-c56e-4839-b8a0-9c788ff2f196,When Lillian Was Little Red Riding Hood,,BW,1913,,U,I'm not sure of the mode.,True
1233,e63eea63-c68a-4857-b235-1ef67cd9c526,Little Red Riding Hood,,BW,1918,21,L,,True
1234,6c1b4b7b-54b5-41d4-8044-a7df074c6488,Little Red Riding Hood,,BW,1922,20,L,"I'm not sure of the mode.
AM: I think it's likely live. ",True
1235,000eb2a0-0947-49fa-9d25-34391ab9cb42,Little Red Riding Hood,,BW,1922,8,A,,True
1236,7fdbe0cc-d7f1-4d0e-a56a-280e9b09a794,Cervená karkulka,Little Red Riding Hood,BW,1922,46,L,"I'm not sure of the mode.

(AM) found a video, it's live
https://en.wikipedia.org/wiki/Little_Red_Riding_Hood_(1920_film)
https://www.youtube.com/watch?v=UVoJV6iMZ24",True
1237,8c9061d9-972b-420e-a255-c733ec398bfa,Big Red Riding Hood,,BW,1925,10,L,,True
1238,130d3c68-91fc-4fc7-8cdf-75c838a2fd00,Little Red Riding Hood,,BW,1925,,A,,True
1239,b6b44ffc-368f-47e9-8358-ed3804e3e98b,Le petit chaperon rouge,Little Red Riding Hood,BW,1930,60,L,,True
1240,9d2a8117-525f-4aae-a9ca-548ff0420944,Red Riding Hood,,BW,1931,,A,,True
1241,73eba609-5812-4c03-ae47-c288fc3b80fe,A Modern Red Riding Hood,,BW,1935,6,A,,True
1242,a91820fb-5226-412a-859c-5bcf242affe8,Little Red Walking Hood,Merrie Melodies,C,1937,7,A,,True
1243,85e77f6d-b202-4884-8a07-71cb5bdf6b17,The Bear's Tale,Merrie Melodies,C,1940,9,A,,True
1244,29650899-9942-4c9b-9559-e85fa224305e,The Trial of Mr. Wolf,,C,1941,7,A,,True
1245,7ced63f9-7485-49c6-8fd1-c3e331fc8425,Red Hot Riding Hood,,C,1943,7,A,,True
1246,9df22184-4236-4210-98ce-65f6accb0ce9,Little Red Riding Rabbit,Merrie Melodies,C,1944,7,A,,True
1247,e57cf6ff-7ff0-4f5d-bb1b-85cebb094169,The Shooting of Dan McGoo,,C,1945,8,A,,True
1248,0ccb741e-daf8-4f48-b2d5-522ab65a287f,Wild and Woolfy,,C,1945,8,A,,True
1250,059da628-47f5-4277-85d3-ea279f59ef99,Little Rural Riding Hood,,C,1949,6,A,,True
1251,3e9e3915-fb35-4cef-9b10-3c365c0acb19,Little Red Riding Hood,The Story of Little Red Riding Hood,C,1949,9,A,,True
1252,9074020d-a251-4c99-b09a-98b443b30cd0,Une fille à croquer,"A Girl Good Enough to Eat, Good Enough to Eat",BW,1951,83,L,https://en.wikipedia.org/wiki/Good_Enough_to_Eat,True
1253,9dcb081a-5f1a-468e-847d-a0aa6f88856d,Little Red Rodent Hood,,C,1952,7,A,,True
1254,4ee6d93b-c0a4-4509-a49e-744f4acff8be,Rotkäppchen,"Little Red Riding Hood, Rotkäppchen und der Wolf, Little Red Cap and the Wolf",M,1953,85,L,"I'm not sure of the mode.
AM: appears to be live.",True
1255,12b80494-6561-4593-aff8-f0f411595606,Rotkäppchen,Little Red Riding Hood,C,1954,46,L,"I'm not sure of the mode.
AM: appears to be live: https://letterboxd.com/film/rotkappchen-1954/ ",True
1256,1919fa0e-9477-4d4e-8134-e6ab7dba59e2,Red Riding Hoodwinked,Looney Tunes,C,1955,7,A,,True
1257,4b6393a9-883d-4457-880f-6494cf54e5e0,Red Riding Hoodlum,The Woody Woodpecker and Friends Classic Cartoon Collection: Volume 2,C,1957,6,A,,True
1258,5dcc0f23-2572-4c86-a3e7-15df6cc616ff,La caperucita roja,Little Red Riding Hood,C,1960,85,L,,True
1259,0fdf2096-ccb2-4d2d-bb89-5b8250847c05,Riding Hood Magoo,,C,1961,5,A,The iMDB listing gives the release date as 1960.,True
1260,9bb85b0b-bf46-47c1-bfdf-45ed8465b0fb,La Caperucita y sus tres amigos,"Little Red Riding Hood and Her Three Friends, Little Red Riding Hood and Her Friends",C,1961,90,L,,True
1261,f39cce30-5020-439d-8ea3-2ab22d304924,Caperucita y Pulgarcito contra los monstruos,"Little Red Riding Hood and Tom Thumb vs. the Monsters, Little Red Riding Hood and the Monsters",C,1962,82,L,"IMDB lists the English title as ""Tom Thumb and Little Red Riding Hood.""",True
1262,2bba67be-8271-4a0b-a6f8-108adf1e091c,The Dangerous Christmas of Red Riding Hood,"The Dangerous Christmas of Red Riding Hood or Oh Wolf, Poor Wolf!",M,1965,50,L,,True
1263,e4aecacd-6fce-4967-bb7f-07db310c9f4a,Red Riding Ricochet,,C,1965,30,A,IMDB lists the release year as 1966.,True
1264,808b8191-59df-4e82-8dca-c9b6f9eb10a4,Rough Riding Hood,,C,1966,,A,,True
1265,cc8d5fcc-5520-4d63-8548-e9f55bde72d5,The Stuck-Up Wolf,,C,1967,,A,IMDB lists the director as Chuck Harriton rather than Al Eugster. I've listed both for now.,True
1266,8a48925e-5227-49c5-bcb9-3729a859866e,Little Red Riding-Hood and the Timebomb,,BW,1968,10,U,"https://www2.bfi.org.uk/films-tv-people/4ce2b75716ebd 
https://filmcommission-nl.translate.goog/database/production/little-red-riding-hood-and-the-time-bomb/?_x_tr_sl=nl&_x_tr_tl=en&_x_tr_hl=en&_x_tr_pto=nui,sc",True
1267,f00ad821-1b08-41e7-8b73-40ce3bc5c829,Pro Krasnuyu Shapochku,"Little Red Riding Hood, Pro Krasnui︠u︡ Shapochku",C,1977,135,L,,True
1269,972cbad2-bb3c-490a-8e30-280b05b2f0a5,Schneewittchen und die Zwerge,Snow White and the Seven Dwarfs,C,1939,,L,,True
1271,ae416dbe-aeae-41ac-a30c-3b996c150cf8,Die Prinzessin auf der Erbse,The Princess on the Pea,BW,1953,37,L,"Was listed as being made in East Germany, but IMDB says West Germany so I updated it (AM).
",True
1272,596b75b9-f0cb-4dbc-88af-0d6c04faf686,Aschenbrödl,Cinderella,C,1960,,U,,True
1273,0e8a8c1f-569f-4e84-8fe0-5068ff48fe46,Little Tom Thumb,Le petit Poucet,C,1908,,U,,True
1274,e7f19b74-4f71-4a00-b808-fce96d82b95b,Les bottes du diable,"Le diabolo, The Devil's Boots",BW,1908,4,U,Don't know origin...,True
1275,0316d12c-736f-4140-b624-f73142d28d01,Les deux fées,The Two Fairies,BW,1908,,U,"https://data-bnf-fr.translate.goog/fr/16468757/les_deux_fees___film/?_x_tr_sl=fr&_x_tr_tl=en&_x_tr_hl=en&_x_tr_pto=nui,sc
",True
1276,28cd71c3-8bfc-4623-a389-6da0a5dcf48c,Riquet à la houppe,"Riquet with the Tuft, Mr. Fuzz",BW,1908,,U,"https://en.wikipedia.org/wiki/Riquet_with_the_Tuft

https://www2.bfi.org.uk/films-tv-people/4ce2b7e0cc614
https://1-fr--academic-com.translate.goog/dic.nsf/frwiki/1437390?_x_tr_enc=1&_x_tr_sl=fr&_x_tr_tl=en&_x_tr_hl=en&_x_tr_pto=sc",True
1277,ba0adb2a-2621-49a6-9af2-3c19d79870b8,Conte de la grand-mère et rêve de l'enfant,"Grandmother's Story, The Grandmother's Tale and the Child's Dream",BW,1908,5,L,Not sure of origin...,True
1278,a34c66c9-8456-4c0f-8d37-9406609d994f,La Fontaine marveilleuse,The Marvelous Fountain,BW,1908,,L,Not sure of origin...,True
1279,04f77aae-08c7-4fe7-a920-568e7fa02b50,La Toile d'araignée merveilleuse,"The Marvelous Cobweb, The Painting of a Miraculous Spider, Incident from Don Quixote",BW,1908,5,L,"https://rateyourmusic.com/film/la_toile_daraignee_merveilleuse/
https://en.wikipedia.org/wiki/Incident_from_Don_Quixote ",True
1280,5f1340ee-e40f-436b-877d-f3fb1bcd6027,"La fée libellule ",Le lac enchanté; The Fairy Dragonfly; The Enchanted Lake,BW,1908,5,L,"not sure of origin
",True
1281,d51eee72-3579-451b-8fed-0b61f8ee73e3,Le Génie des cloches ou le Fils du sonneur,"The Spirit of the Clocks, or The Son of the Bell-Ringer; Fortune Favors the Brave",BW,1908,14,L,"https://en.wikipedia.org/wiki/Fortune_Favors_the_Brave_(film)

https://rateyourmusic-com.translate.goog/film/le_genie_des_cloches_ou_le_fils_du_sonneur/?_x_tr_sl=fr&_x_tr_tl=en&_x_tr_hl=en&_x_tr_pto=nui,sc

https://alchetron.com/Fortune-Favors-the-Brave-(film)",True
1282,23c9e7c8-d730-440c-be51-d25979b455bc,La bonne bergère et la mauvaise princesse,"The Good Shepherdess and the Wicked Princess, The Good Shepherdess and the Evil Princess",BW,1908,13,L,"not sure of origin...
https://www.youtube.com/watch?v=wR77b1AIFNA
https://www.filmaffinity.com/au/film907299.html
https://en.wikipedia.org/wiki/The_Good_Shepherdess_and_the_Evil_Princess",True
1283,cf84ac42-87d9-468e-be92-13cbb88e88e8,Le soulier de Cendrillon,Cinderella's Shoe,BW,1909,4,U,,True
1285,31e0383d-4f85-4e5e-9428-41f3a3d9a164,Le cousin de Cendrillon,Cinderella's Cousin,BW,1910,7,L,"https://www-wikiwand-com.translate.goog/fr/Le_Cousin_de_Cendrillon?_x_tr_sl=fr&_x_tr_tl=en&_x_tr_hl=en&_x_tr_pto=nui,sc
https://fr-m-wikipedia-org.translate.goog/wiki/Le_Cousin_de_Cendrillon?_x_tr_sl=fr&_x_tr_tl=en&_x_tr_hl=en&_x_tr_pto=nui,sc",True
1286,56e3ff97-2513-4d2d-aa07-16f83ad6f496,Alice's Adventures in Wonderland,,BW,1910,10,L,,True
1287,9f90c910-b794-49ef-a21d-95752099b25e,Les aventures de baron de Münchhausen,"Baron Munchausen's Dream, The Hallucinations of Baron Munchausen",BW,1911,11,L,"https://www.youtube.com/watch?v=POZxhqCp3-s

https://mubi.com/films/baron-munchausen-s-dream
Origin is not Munchhausen: https://en.wikipedia.org/wiki/Baron_Munchausen%27s_Dream",True
1288,4cd3abdc-6091-4e93-a3a0-ec1475037062,Der Schatten des Meeres,The Sea's Shadow; Specter of the Sea; The Shadow of the Sea,BW,1912,40,L,"not sure of origin...
https://rateyourmusic.com/film/der_schatten_des_meeres/
",True
1289,2b633b64-afd3-48e9-8e08-3a137cc255e2,Le petit Poucet,Little Tom Thumb,BW,1912,,U,,True
1290,6e7c8975-dff3-45b7-bcb8-ae7aebbb26f0,Cendrillon ou La pantoufle merveilleuse,"Cinderella or the Marvelous Slipper, Cinderella or The Glass Slipper",BW,1912,24,L,,True
1291,ecf74d64-610e-42e0-914a-8bbcef299c9a,Le Chevalier des Neiges,"The Knight of the Snow, The Knight of the Snows",BW,1912,16,L,"not sure of origin...
https://en.wikipedia.org/wiki/The_Knight_of_the_Snows
https://rateyourmusic.com/film/le_chevalier_des_neiges/ 

https://www.dailymotion.com/video/x4hpa0r
https://www.youtube.com/watch?v=wRvtPqmaRHI
",True
1294,5d365076-4250-4bd8-af2f-074b7d56494e,Der Student von Prag,The Student of Prague,BW,1913,41,L,not sure of origin...,True
1295,ba4a8b50-c00f-4786-abf8-c916981480cc,The Princess of Baghdad,,BW,1913,,L,,True
1296,6804aaf7-cd20-47c3-9b19-b4f982c3254c,Hoffmanns Erzählungen,The Tales of Hoffmann,BW,1915,67,L,"https://www.youtube.com/watch?v=22bsuekdr6Y

http://thedevilsmanor.blogspot.com/2011/11/tales-of-hoffman-hoffmans-erzahlungen.html
https://letterboxd.com/film/tales-of-hoffmann/",True
1297,00389b71-e0d3-4188-bc6b-ccd6db59a829,Schneewittchen,Snow White,BW,1915,,U,,True
1298,720ebd58-16be-4d80-ab34-8a9f316a6c87,A Daughter of the Gods,,BW,1916,180,L,,True
1299,583f8a17-d25a-42f7-a0ad-ae774ab6d8e9,Undine,,BW,1916,50,L,"not sure of origin...

https://en.wikipedia.org/wiki/Undine_(novella)",True
1301,6d9148d8-66ea-4a11-82cd-a9ae506e8e67,The Seven Swans,,BW,1917,50,L,,True
1302,3f6d9fc1-e087-44bf-a50e-700fac8e8b2b,Ali Baba and the Forty Thieves,,BW,1918,50,L,,True
1303,f43862e2-a787-436e-81a0-a4c26c4b6055,Queen of the Sea,,BW,1918,50,L,,True
1304,389f1913-3317-449b-98af-21aaa46d355a,The Blue Bird,,BW,1918,75,L,,True
1305,d2ab0901-3db6-48b2-98b0-45649423d22c,The Star Prince,"Twinkle, Twinkle, Little Star",BW,1918,54,L,"not sure of origin...
https://en.wikipedia.org/wiki/The_Star_Prince
https://moviessilently.com/2019/04/21/the-star-prince-1918-a-silent-film-review/
https://www.tcm.com/tcmdb/title/2243642/the-star-prince/#overview 
https://mubi.com/films/the-star-prince 
https://www.kanopy.com/product/star-prince
https://vimeo.com/262121923
",True
1306,75964e80-2221-492a-b708-b74021c3fac0,"Wolf, Wolf",Wolf! Wolf!,BW,1934,7,A,"I was not able to find an ATU number for ""The Boy Who Cried Wolf"" but I added it as an origin. I've also attributed the tale to Aesop's Fables. Is this appropriate?",True
1307,05a70038-2b11-4b5b-98c5-8f349e75a988,The Ginger Bread Boy,Gingerbread Boy,BW,1934,,A,,True
1308,ab31762d-aa4a-41e5-a1d2-3346dc01a55c,The Dizzy Dwarf,,BW,1934,10,A,,True
1309,c2f1fb4f-49c4-4d65-b095-28236fd3826f,Jolly Little Elves,The Woody Woodpecker and Friends Classic Cartoon Collection: Volume 2,C,1934,9,A,,True
1310,a4a92ce1-8f14-4e71-8555-bce1b3fedbe4,The Sleeping Princess,,C,1939,10,A,,True
1311,d2a6ad9d-4711-48a2-be85-a78c7c439d85,The Pied Piper of Basin Street,,C,1945,6,A,,True
1312,584a1d89-979c-4f4a-b640-d21cca2ae791,Witch Crafty,The Woody Woodpecker and Friends Classic Cartoon Collection: Volume 2,C,1955,,A,"I couldn't find any information about the origins of this cartoon, and the iMDB page did not include any plot information for me to work with.",True
1313,99e13ac0-f7a4-4f59-b510-d4a0c1d96faf,His Better Elf,The Woody Woodpecker and Friends Classic Cartoon Collection: Volume 2,C,1958,7,A,"I'm not sure of the origins. A synopsis is available on the iMDB page, but I was unable to connect it to a tale or tale type.",True
1314,bae2f88c-83e9-4cf7-ac04-3a453ed670ec,Little Woody Riding Hood,,C,1962,,A,,True
1315,0aaefab7-7e03-42e2-9aed-8b361b841c9b,Woody and the Beanstalk,,C,1966,7,A,,True
1316,a8c80ef0-78c6-469b-84b0-bc5fbc2540d8,The Genie with the Light Touch,,C,1972,6,A,,True
1317,7a26f23f-c5cb-4103-9754-8b34632e6d98,The Chinese Nightingale,,C,1935,10,A,,True
1318,f14db424-ddc5-40ac-abdf-4204276cc7bb,Puss n' Toots,,C,1942,7,A,,True
1319,2f8fe1a7-5df0-4795-9521-b96567c3ae46,Little Red School Mouse,,C,1949,7,A,,True
1320,dec935da-f97b-451d-a5b5-9805c63bde46,Puss 'N Boos,Casper,C,1954,7,A,,True
1321,e34a9922-620c-4516-ab28-ae8057f0cdc7,Little Audrey Riding Hood,,C,1955,7,A,,True
1322,b42b0a6f-3136-41e8-afaf-0993865fcbc2,Baggin' the Dragon,,C,1966,6,A,"I wasn't able to come up with an origin for this one, but there is a synopsis on the iMDB page that may help someone else identify it.",True
1323,4b03068f-a503-4390-8028-234bc3565cf7,From Nags to Witches,,C,1966,7,A,,True
1325,89156a08-92bd-4f92-b298-50c5fcb66883,The Forty Thieves,,BW,1931,,A,,True
1326,4d0a19dd-c56e-42f8-9176-75f358344422,King Zilch,,BW,1933,,A,"I was not able to come up with an origin for this film. There is a review by an iMDB user that alludes to some plot points, in case that is helpful in identifying it.",True
1327,80460a99-8d32-45f1-9ac5-28a65ef7df7c,A Gypsy Fiddler,,BW,1933,,A,"I'm not sure if this cartoon has an origin.
https://www.bcdb.com/cartoon/2432-Gypsy-Fiddler",True
1328,6aedf610-9e2e-4cad-91a1-8fb06a8ff96a,Beanstalk Jack,,BW,1933,6,A,,True
1329,14c3b535-f92e-4ced-9351-ad16fd4bbb10,Aladdin's Lamp,,BW,1935,7,A,,True
1330,f6f25fc0-ad66-44e8-81b5-22ac744b0bdb,A Wolf in Cheap Clothing,,BW,1936,7,A,Is there an origin for this tale?,True
1331,15d5c3e8-8b56-442f-827a-98ce19f82aec,String Bean Jack,,C,1938,,A,,True
1332,b4fe7eb1-c037-49e7-bc91-1a42b085f13e,The Wolf's Side of the Story,,BW,1938,,A,,True
1334,e900f0ee-15cc-488a-8e1e-6bec71f8c027,Wolf! Wolf!,,C,1944,6,A,,True
1335,01ef53fe-744f-4f5a-b602-b1b2e9630d25,A Wolf's Tale,,C,1944,7,A,,True
1336,17565fe8-8440-44e2-abed-82c083b07843,Mother Goose Nightmare,,C,1945,,A,I'm not sure of the origin.,True
1337,ab2eaddf-5a2e-40b2-8e01-34236534db74,The Wicked Wolf,,C,1946,7,A,,True
1338,bc8ed8bb-dbf2-403a-94b7-539c530cecbb,Beanstalk Jack,,C,1946,7,A,,True
1339,ce00ca53-da2b-459b-ac35-85a8ed259810,Crying Wolf,,C,1947,7,A,,True
1340,1ee77351-46de-4666-90f0-7880b5a8cf9a,Aladdin's Lamp,,C,1947,7,A,,True
1341,2042ad61-c2fe-41fa-b43b-d1e1cd6a6325,The Wolf's Pardon,,C,1947,6,A,,True
1342,5da3da48-0c94-4807-8afb-143918ef801d,The Witch's Cat,,C,1948,7,A,I'm not sure of the origin.,True
1343,03404c42-1e20-425e-93a4-6a7674c7d186,The Magic Slipper,,C,1948,,A,,True
1344,038b7fac-a092-4822-984c-57355bcbf6ab,The Tall Tale Teller,,C,1954,,A,I'm not sure of the origin.,True
1345,c2fdaa1a-79e1-4ce7-8de2-d7d7f1a36382,Reformed Wolf,,C,1954,7,A,I'm not sure of the origin.,True
1346,018d77fe-957f-4f31-a35a-5d99e19b18b2,Der müde Tod,Tired Death; Destiny; The Weary Death. A German Folk Song in Six Verses; Beyond the Wall; Between Worlds,M,1921,105,L,Not sure of origin...,True
1347,356c7e58-3369-474e-96ed-9835f79455b5,Dornröschen,"Sleeping Beauty, Briar Rose, Sleeping Beauty was a Beautiful Child",BW,1922,10,A,https://www.dailymotion.com/video/x6jserv,True
1349,634a680b-e06d-423b-8c75-e0a6ed0cf8fa,Der Student von Prag,"The Student of Prague, The Man Who Cheated Life",BW,1926,110,L,not sure of origin...,True
1350,b3690189-6201-4432-88df-38cd883f9c65,Rapunzel,Fractured Fairy Tales,C,1959,,A,,True
1351,8ba59ffe-0f31-4155-b163-3495d515ea69,The Brave Little Tailor,Fractured Fairy Tales,C,1959,,A,,True
1352,1e8e356c-b9b6-43ec-ac78-a3c1fdffb047,Rumpelstiltskin,Fractured Fairy Tales,C,1959,,A,,True
1353,5d182833-8032-4353-9472-8a3fb54529b9,Snow White,Fractured Fairy Tales,C,1961,,A,,True
1354,e1f74d57-e122-48ab-b75f-0936dc0bd471,Sleeping Beauty,Fractured Fairy Tales,C,1961,,A,,True
1355,53a3276f-2322-4061-8572-873992b9d2ce,Pinocchio,Fractured Fairy Tales,C,1961,,A,,True
1356,eeb11f5e-e989-4dc0-901e-75126dd44752,Ridinghoods Anonymous,Fractured Fairy Tales,C,1961,,A,,True
1357,45d52beb-fd41-416f-a346-44e3898cfad3,The Ugly Duckling,Fractured Fairy Tales,C,1961,,A,,True
1358,ca8db5c2-4c3c-4d7b-a478-ee2129f5ca8b,Rumpelstiltskin Returns,Fractured Fairy Tales,C,1962,,A,,True
1359,a872f9c5-8e0c-4051-999e-9478e718a415,Leaping Beauty,Fractured Fairy Tales,C,1962,,A,,True
1360,bcc087e9-a9cb-4143-a88e-29419622be26,The Magic Fish,Fractured Fairy Tales,C,1962,,A,,True
1361,d4a4fb8e-f365-4ffe-801a-fd0e75b86fa0,Slow White and Nose Red,Fractured Fairy Tales,C,1961,4,A,,True
1362,7b2f9ab3-7616-4487-bf44-1f65931fd34f,The Elves and the Shoemaker,Fractured Fairy Tales,C,1960,4,A,,True
1363,681401c4-a5c9-44be-b680-305a345b06e6,The Fisherman's Wishes,Fractured Fairy Tales,C,1959,4,A,,True
1364,45652d17-810f-44b4-8086-a393586d0931,Goldilocks,Fractured Fairy Tales,C,1959,4,A,,True
1365,97149bbc-61d3-4828-a07c-a48e613c942b,Jack and the Beanstalk,Fractured Fairy Tales,C,1959,4,A,,True
1366,ff5527b1-72fa-44c3-a7d1-f9dd90188de8,Puss and Boots,Fractured Fairy Tales,C,1959,4,A,,True
1367,ca1d74f2-0b82-4264-910f-3a211b0e1a1e,The Princess and the Pea,Fractured Fairy Tales,C,1960,4,A,,True
1368,5441feae-8c7f-4cc1-9574-d8c9f4a4d612,Sweet Little Beet,Fractured Fairy Tales,C,1960,4,A,"From the synopsis provided on the BCDB page (linked), I'm guessing this is based on Cinderella and have listed it as such. Is this correct?",True
1369,b5ea499e-deb2-40fd-81dc-e5cb17446f6f,Dick Wittington's Cat,Fractured Fairy Tales,C,1960,4,A,https://www.youtube.com/watch?v=lMsLnzypQSk,True
1370,a3375d31-8d44-4774-b259-d29f05d67fab,Sir Galahad or The Tomorrow Knight,Fractured Fairy Tales,C,1960,4,A,"This short is based on Arthurian legend, and I'm not sure how to add that as an origin. I've left it blank for now.",True
1371,423ebe96-b8ca-4bb6-a424-02d6d4984f74,King Midas,Fractured Fairy Tales,C,1960,4,A,I'm not sure how to list the origin for this tale. Perhaps as a Greek myth?,True
1372,9ca6e517-249b-4441-8a44-0f90fff13720,Little Red's Riding Hoods,Fractured Fairy Tales,C,1960,4,A,,True
1373,4c80cc92-be80-4fa6-93a1-cd1436907386,Snow White Inc.,Fractured Fairy Tales,C,1960,4,A,,True
1374,35523182-b66c-4cb4-b056-c7e758502039,Puss 'N Boots,Fractured Fairy Tales,C,1960,4,A,,True
1375,1c4ab926-8601-4aa1-b208-8169d7762341,Tiny Tom,Fractured Fairy Tales,C,1960,4,A,,True
1376,091efba3-c42a-41c7-9abc-a7e1f0884d62,Slipping Beauty,Fractured Fairy Tales,C,1960,4,A,,True
1377,448ae736-2a34-4a1c-bcb2-0ab4f1041f47,Aladdin's Lamp,Fractured Fairy Tales,C,1960,4,A,,True
1378,e5017b28-8eb1-4322-8c10-9f483cd7afec,Prince Darling,Fractured Fairy Tales,C,1960,4,A,"I'm unsure of the origin, but there is a synopsis at the link that may be helpful in determining it.",True
1379,ade1296f-7d42-4554-b3fa-102f758e284c,Son of Rumpelstiltskin,Fractured Fairy Tales,C,1960,4,A,,True
1380,870d762f-3dab-45e8-87b3-85b348f50586,The Golden Goose,Fractured Fairy Tales,C,1961,4,A,,True
1381,1a7e46d9-9236-4c01-bd5d-ecdb867630c8,The Goose and the Golden Egg,Fractured Fairy Tales,C,1961,4,A,,True
1382,a7fd40be-c42d-421c-a5e1-637c4c3b5d73,The Shoemaker and the Elves,Fractured Fairy Tales,C,1961,4,A,,True
1383,3113c860-9239-4369-a632-c9027006c465,Speeding Beauty,Fractured Fairy Tales,C,1961,4,A,,True
1384,5a59bda5-bb6b-4732-908a-746e9e427766,Three Little Piggs,Fractured Fairy Tales,C,1961,4,A,,True
1385,3c6ac620-85f7-4376-a820-a39c371e9275,Goldilocks and the Three Bears,Fractured Fairy Tales,C,1961,4,A,,True
1386,571bad6c-5657-48a6-a4ea-03d17a9aff71,Androcles and the Lion,Fractured Fairy Tales,C,1961,4,A,,True
1387,e7375b85-0d39-4cc7-9da8-75bf40a95a4b,The Fisherman and His Wife,Fractured Fairy Tales,C,1961,4,A,,True
1388,53b39935-ce49-4e96-91e1-9b484adca9f6,The Princess and the Goblins,Fractured Fairy Tales,C,1961,4,A,,True
1389,c89f4bdc-6f1d-481d-9339-eb544fcf3ca4,The Princess and the Goblin,,C,1991,82,A,,True
1390,6897812d-9c98-4f8f-b7f5-627dd690a7a6,Snow White Meets Rapunzel,Fractured Fairy Tales,C,1961,4,A,,True
1391,3028163c-868a-4ea2-a899-7d7f8f0d3d0d,The Little Princess,Fractured Fairy Tales,C,1961,4,A,"I'm not sure of the origin, but there is a detailed synopsis on the linked BCDB page that may be helpful.",True
1392,69a432c6-d93c-4fa7-869c-5ba69e79a4e0,Thom Tum,Fractured Fairy Tales,C,1961,4,A,,True
1393,6b209239-ceca-4ce8-9043-8f5717d9f93a,Prince Hyacinth and the Dear Little Princess,Fractured Fairy Tales,C,1961,4,A,"I'm not sure of the origin, but there is a detailed synopsis at the link that me be of help.",True
1394,56b85df7-4b50-4a85-bbab-53e092abeaa2,The Giant and the Beanstalk,Fractured Fairy Tales,C,1961,4,A,,True
1395,ce46e659-93b3-4578-a7ee-a8f3f802f62a,The Enchanted Fly,Fractured Fairy Tales,C,1961,4,A,I'm not sure of the origin of this short.,True
1396,ab7fd352-7d75-4c07-9502-4ee361abe7f9,Felicia and the Pot of Pinks,Fractured Fairy Tales,C,1961,4,A,,True
1397,4dfeb196-0e6f-4cb3-a2d6-8f82ce2cb26c,Hans Clinker,"Hans Klinker, Fractured Fairy Tales",C,1961,4,A,"I'm not sure of the origin.
https://www.youtube.com/watch?v=_CPO2BtOwT4",True
1398,38d476bb-1130-4aec-afe5-073d410dcaf1,The Witch's Broom,Fractured Fairy Tales,C,1962,4,A,I'm  not sure of the origin but the linked BCDB page has a potentially helpful synopsis.,True
1399,d817be2e-cefc-49c2-85a6-3857bb200365,Son of King Midas,Fractured Fairy Tales,C,1962,4,A,I'm not sure how to list the origin here. Maybe as a Greek myth?,True
1400,067d83e2-ae7a-4a9b-bbac-4a8328e5bfa1,The Magic Chicken,Fractured Fairy Tales,C,1962,4,A,I'm not sure of the origin.,True
1401,edad697a-d24b-4c23-ac74-81577c1c36ef,Aladdin and His Lump,Fractured Fairy Tales,C,1962,4,A,,True
1402,a4dffd6c-d67f-430d-9fee-f9b493c78f70,The Enchanted (G)Nat,Fractured Fairy Tales,C,1962,4,A,,True
1403,a267da21-970b-41e1-9973-7343318123c8,Milo and the Thirteen Helmets,Fractured Fairy Tales,C,1962,4,A,I'm not sure of the origin.,True
1405,912de884-2cf8-4e2c-9e34-dfc9648cff42,Booty and the Beast,Fractured Fairy Tales,C,1962,4,A,,True
1406,adc26e51-2618-4ffa-b31f-2d32c08951cc,The Hansel and Gretel Witch Project,Johnny Bravo,C,2002,10,A,,True
1407,b7fc1400-0e7c-469c-bc68-dbb1568beb61,Little Fred Riding Hood,Fractured Fairy Tales,C,1962,4,A,,True
1408,85cb1d41-2e63-49a3-8bd4-492559d1b91c,Goldilocks,"Goldilocks and the Three Bears, Fractured Fairy Tales",C,1962,4,A,,True
1409,b7017710-1314-4455-8a72-3d14c5cc03eb,The Ugly Almond Duckling,Fractured Fairy Tales,C,1962,4,A,,True
1410,429ff3ec-5224-4d6f-80e3-762e0f57fa95,John's Ogre Wife,Fractured Fairy Tales,C,1962,4,A,"I'm not sure of the origin, but there is a detailed synopsis at the link.",True
1411,3ea2347a-d2e0-4271-8463-75763d020671,The Absent-Minded King,Fractured Fairy Tales,C,1962,4,A,I'm not sure of the origin.,True
1412,2933f4c7-7c36-40a0-b9cf-7c162646c756,The Mysterious Castle,Fractured Fairy Tales,C,1962,1962,A,I'm not sure of the origin.,True
1413,06ed852a-abef-4ed7-b3e6-4d53a62373e6,The Little Tinker,Fractured Fairy Tales,C,1962,1962,A,I'm not sure of the origin.,True
1414,040e2ac0-02d9-46c6-8e9a-8608c5aca8d2,The Teeth of Baghdad,Fractured Fairy Tales,C,1962,1962,A,,True
1415,559df4af-4484-48f3-9273-0b56762b98c3,Little Man in the Tub,Fractured Fairy Tales,C,1962,4,A,I'm not sure of the origin.,True
1416,f9055390-a2f2-4b85-a333-6d241e0841f4,Red White,Fractured Fairy Tales,C,1962,1962,A,I watched a clip from the episode on youtube (https://www.youtube.com/watch?v=lfPjobwWoJQ) and as far as I can tell the main origin is Snow White.,True
1417,4de1cb6d-fa4e-44ba-a664-dda565e36262,Cutie and the Beast,Fractured Fairy Tales,C,1963,4,A,,True
1418,9d33c571-98db-43fa-a4eb-918e405e72da,The Flying Carpet,Fractured Fairy Tales,C,1963,4,A,,True
1419,f3c247e2-f05c-4b5c-b41b-806a5cf35057,The Count and the Bird,Fractured Fairy Tales,C,1963,4,A,"I'm not sure of the origin, but here is a brief description of the episode: ""The Count becomes rich when he discovers a bird who can lay eggs filled with gold coins"" (tvguide.com).",True
1420,a82c12d0-1d85-40a8-916a-58f74d045b4c,The Tale of a King,Fractured Fairy Tales,C,1963,4,A,I'm not sure of the origin.,True
1421,41cb1b5c-945f-4177-96b0-44d43812aebb,Sweeping Beauty,Fractured Fairy Tales,C,1963,4,A,,True
1422,3ef9abc3-cc40-409b-bc28-205206bfed80,The Wishing Hat,Fractured Fairy Tales,C,1963,4,A,I'm not sure of the origin.,True
1423,401a9a22-b86c-4823-89ef-80a7848a00d1,Son of Snow White,Fractured Fairy Tales,C,1963,4,A,,True
1424,7bbfd83a-7fa1-4b14-8d5d-dbd2f63e5ba9,Jack B. Nimble,Fractured Fairy Tales,C,1963,4,A,"I'm not sure how to list the origin here. Maybe as ""nursery rhyme""?",True
1425,d6d7e127-ee86-436a-9442-63852aa14ff1,Potter's Luck,Fractured Fairy Tales,C,1963,4,A,I'm not sure of the origin.,True
1426,98aec2aa-7982-4828-ae26-dd73e764b176,The Magic Lychee Nut,Fractured Fairy Tales,C,1963,4,A,I'm not sure of the origin.,True
1427,6f17ff3c-41e6-4ec4-8146-a59328ba7716,The King and the Witch,Fractured Fairy Tales,C,1963,4,A,"I'm not sure of the origin, but there is a synopsis at the link that may be helpful.",True
1428,02bf7857-26a2-4a32-a4e2-ca38f57aa5c9,The Seven Chickens,Fractured Fairy Tales,C,1963,4,A,I'm not sure of the origin.,True
1429,28a52a8b-5427-4397-9a61-e0b2f9c3b00d,A Youth Who Set Out to Learn What Fear Was,Fractured Fairy Tales,C,1963,4,A,,True
1430,514748dd-260a-47a4-b93e-4e841d46c1eb,Georgie and the Dragon,,C,1951,7,A,I'm not sure of the origin.,True
1431,6b175bb3-0180-4013-ae91-12131a1a6b42,Fairyland Follies,,BW,1931,7,A,I'm not sure of the origin.,True
1432,b3fa7679-6760-4bbc-8259-da90598ade26,The Miller's Daughter,Merrie Melodies,BW,1934,7,A,I'm not sure of the origin.,True
1433,a8ea2695-7f72-4f72-9e13-f98f29a19e20,Fish Tales,Looney Tunes,BW,1936,7,A,I'm not sure of the origin.,True
1434,4c6d9079-d1c3-474a-aee9-066935e014c5,Ali-Baba Bound,Looney Tunes,BW,1940,7,A,,True
1435,6989f08f-0185-49e9-909b-5d1d98ad21ea,The Sheepish Wolf,Merrie Melodies,C,1942,,A,,True
1436,88ba9e67-01e1-4998-b05b-95c9787e2182,Puss 'n Booty,Looney Tunes,BW,1943,7,A,,True
1437,71bd5d08-8917-4189-bd67-757fabbc945a,The Foxy Duckling,Merrie Melodies,C,1947,7,A,,True
1438,d1f2ffce-e2d9-4bb1-ac1b-6489f5c8aa93,A-Lad-in His Lamp,Looney Tunes,C,1948,7,A,,True
1439,f0c1a628-b918-4f5f-ba71-2826a495dd8f,Boobs in the Woods,Looney Tunes,C,1950,7,A,,True
1440,380bfcdc-2e20-4a03-9339-8ff60b768422,The Turn-Tale Wolf,Merrie Melodies,C,1952,7,A,,True
1441,4409622b-7c04-40ba-b3e5-3f9379b0af5a,Beanstalk Bunny,Merrie Melodies,C,1955,7,A,,True
1442,4fbb41d6-ee0f-424c-a051-d27346e95aa0,Ali Baba Bunny,Merrie Melodies,C,1957,7,A,,True
1443,9086fd5a-d899-4e66-aecf-64682a49e687,Tweety and the Beanstalk,Merrie Melodies,C,1957,6,A,,True
1445,33c36c78-c9d1-49fd-b65c-08d2558832d2,L'âge d'or,The Golden Age,BW,1930,60,L,I'm not sure of the origin.,True
1446,5237cd01-9193-4d06-974f-69e611896063,Miracolo a Milano,Miracle in Milan,BW,1951,100,L,,True
1447,715999c4-7fd1-437d-8578-c98d5b2cf1e8,The Piano Tuner of EarthQuakes,The Piano Tuner of Earthquakes,M,2005,99,L,,True
1448,39762a38-4ca5-4abb-9ce0-69c9b1a53f09,Wu ji,"The Promise, Master of the Crimson Armor, 無極",C,2005,121,L,I'm not sure of the origins of this film.,True
1449,3e5d3d0b-6d39-4a25-942b-7977c1f4f685,The Sorcerer's Apprentice,,C,2002,86,L,,True
1450,89d2176b-3a89-4c33-8781-66fbb0c54224,Yo ho ho,,C,1981,98,L,"From what I could glean, this seems to be an original fairy-tale film, but I'm not certain.",True
1451,601f70b8-f6e9-4a82-82eb-e5f27ba706aa,Rusalochka,The Mermaid,C,1968,29,A,,True
1452,2cbe1059-002a-41b4-b4be-e5b5be24c070,Kakhardakan gorg,"The Yellow Story, The Magic Carpet",C,1948,37,A,I'm not sure of the origin.,True
1453,3e2aef51-435f-4808-b6a1-3a0e3c89a05e,Pastushka i Trubochist,The Shepherdess and the Chimney Sweep,C,1965,29,A,,True
1455,9da1102d-c78d-4108-8127-b94411c46a18,The Hobbit,,C,1977,77,A,,True
1456,92cdc4aa-6e8f-4fff-a1f7-060e1837bf60,Hoppity Goes to Town,Mr. Bug Goes to Town,C,1941,78,A,not sure of origin...,True
1457,2aef5ba4-78e7-4447-8416-95a96564a96c,Kirikou et la Sorcière,Kirikou and the Sorceress,C,1998,74,A,not sure of origin...,True
1458,d695c0f2-adad-44ac-b27f-0712746f1746,Kirikou et les Bêtes Sauvages,Kirikou and the Wild Beasts,C,2005,75,A,no sure of origin...,True
1459,46ccdb61-4ba2-4baa-85cf-2f50afa5e94a,Efsaneya Kawayê Asinger,The Legend of Kawa the Blacksmith,C,2009,55,A,not sure of origin...,True
1460,38a9094d-c3b6-4f6a-88d0-8b36ffc57be3,Anju to Zushiômaru,"The Littlest Warrior, Anju to zushio-maru",C,1961,83,A,not sure of origin...,True
1461,2f1e34bc-1cf7-4cc7-b0dc-24bb1407f98b,Shônen Sarutobi Sasuke,Magic Boy,C,1959,83,A,not sure of origin...,True
1462,b7e029c1-011f-4fb8-aefb-018a2e974cf9,Momo alla conquista del tempo,Momo,C,2001,75,A,not sure of origin...,True
1463,6b55cbfc-0877-46a9-983c-1d42bf4f28cf,Opopomoz,,C,2003,75,A,not sure of origin...,True
1464,6b14fda7-7e70-4feb-ba76-79b94087059e,Raggedy Ann and Raggedy Andy,,C,1941,17,A,not sure of origin...,True
1465,bd485d68-a00c-4f50-9cda-6385cce1b392,The Secret of Kells,,C,2009,75,A,,True
1466,9acdeb08-f071-487c-a779-dadf25f7540e,Shrek Forever After,Shrek Forever After: The Final Chapter,C,2010,93,A,,True
1467,326dffe6-0529-42a5-bd6e-d6151bc0cdce,Abracadabra,,C,1970,9,A,,True
1468,8685ca0f-8295-4111-9ce4-5f04e840cfea,Inon or the Conquest of Fire,Inon ou la Conquête du feu,C,1972,10,A,"This film is based on an Algonquin legend. Is ""legend"" the appropriate origin tag?",True
1469,958da4f1-0176-440d-a227-739ace2f2448,La création des oiseaux,The Creation of Birds,C,1972,11,A,"This film is loosely based on Aboriginal legends, so I have listed its origin as ""legend."" Is this correct?",True
1470,d7b99995-1062-4aa0-8939-c257850c4a0a,Illusion,,C,1975,12,A,,True
1471,4ae43a1f-fd14-41e3-a487-779590960f9a,Taratata,,C,1977,9,A,I'm not sure of the origin.,True
1472,676af4e2-cba6-4628-9c0b-d7a6ed0e8ac5,Balada o zeleném drevu,"The Ballad of the Green Wood, A Ballad about Green Wood",C,1983,8,A,"I'm not sure of the origin.
AM: Slavic mythology",True
1473,ae71b64f-f9fc-44dc-b6ed-6a1b4a40f523,Klub odlozenych,The Club of the Laid Off,C,1989,25,A,I'm not sure of the origin.,True
1474,0d07b88a-cd80-40e2-96ee-6024daedc166,The Design,Projekt,C,1981,6,A,I'm not sure of the origin.,True
1475,d7d1a062-54c9-4520-8a58-ce064c3ce2ad,Diskzokej,"Disc Jockey, Disc-Jockey",M,1980,10,A,I'm not sure of the origin.,True
1476,b9cbc789-74cb-489e-8adc-60a447831281,Poslední lup,The Last Theft,M,1987,21,A,I'm not sure of the origin.,True
1477,c8ce2da4-eed4-46b1-9238-1067f68f3c0b,Hádanky za bonbón,Riddles for a Candy,C,1978,8,A,I'm not sure of the origin.,True
1478,7f8c35d7-5a94-4bae-ae02-dbf0cd32bf29,Zaniklý svet rukavic,The Vanished World of Gloves,M,1982,16,A,"I'm not sure of the origin or the mode.
AM: colour and b/w animated",True
1479,ea6b4992-a97b-4da3-9f3f-a3621fc7f93f,Toys in the Attic,"Na pude aneb Kdo má dneska narozeniny?, In the Attic – Who Has a Birthday Today?",C,2009,74,A,I'm not sure of the origin.,True
1480,11f75cc1-0621-48c6-84a4-325da27de82a,Krasnaya Shapochka,Little Red Riding Hood,BW,1937,11,A,,True
1481,34ca3b5e-8ebf-44a7-9f69-9e1d1e26045c,Ivashko i Baba-Yaga,"Ivashko and Baba-Yaga, Ivashka and Baba-Yaga",BW,1938,12,A,"What I was able to find on Baba Yaga stories and ATU numbers, ATU 327A seems to be a good fit. Is that appropriate?",True
1486,89854b11-6b27-4d78-9f1f-2d9b1e109476,Sita Sings the Blues,,C,2008,82,A,,True
1487,06db289d-adf8-493b-b16a-5161c22e6150,Skazka o tsare Saltane,"The Tale about Tszar Saltan, Tsar Saltan",BW,1943,35,A,,True
1489,82fae275-e9ff-4f5d-b9cd-cc86141198da,Goldie Locks and the Three Bears,The Peroxide Kid,BW,1922,7,A,"https://www.youtube.com/watch?v=7AlXYavuO7s - commentary suggests this is actually Alice and the Three Bears?
",True
1490,dfe32546-db3b-4a67-9f6a-214ddad1eb31,"Parade of the Wooden Soldiers ",Betty Boop,C,1933,8,A,,True
1491,5f6f4900-8e72-4f99-a1cd-c0013c3928e6,Betty Boop's Hallowe'en Party,,BW,1933,7,A,,True
1492,af846aee-8e25-4bb2-9ee7-ce3a6762451a,Popeye the Sailor Meets Sinbad the Sailor,,C,1936,16,A,,True
1493,3f3e9053-2fcc-48a8-81e3-2ebc9869e4b2,Popeye the Sailor Meets Ali Baba's Forty Thieves,,C,1937,17,A,,True
1494,2aa175f5-2443-4e9b-9f08-7f3f597eb212,Die Abenteuer des Prinzen Achmed,The Adventures of Prince Ahmed; The Adventures of Prince Achmed,BW,1926,81,A,"https://en.wikipedia.org/wiki/The_Adventures_of_Prince_Achmed
",True
1495,99e99bc3-ac67-4f98-8624-13ef8cc5fd81,Sindbad-Morehod,Sindbad the Sailor,BW,1944,21,A,,True
1496,d6c8979f-02f7-403e-915e-873773b04bbe,Skazka o Soldate,The Tale about the Soldier,C,1948,20,A,"I'm not sure of the origin. According to the link I've included, it is based on a Russian folktale, but I don't know its title and Googling is proving fruitless.",True
1497,3535eeb5-0166-4cd7-ad48-10e9f6b934d1,Chudesnyj Kolokol'Chik,"A Miraculous Bell, or The Magic Little Bell; Chudesnyy kolokolchik; A Little Wonderbell",C,1949,20,A,I'm not sure of the origin.,True
1498,56329da0-61cf-4dba-91bf-249636967a95,Noch' Pered Rozhdestvom,The Night Before Christmas,C,1951,49,A,I'm not sure of the origin.,True
1499,a43740ca-02ff-4819-ac71-ec76c59fa70b,Ispolnenie zhelaniy,"Fulfillment of a Wish, Wishes Come True",C,1957,30,A,,True
1500,3c66e0d1-d4be-4e92-ba93-b032289759f9,Hrabryj Portnyazhka,"Khrabryy portnyazhka, The Brave Tailor, A Brave Little Tailor",C,1964,31,A,Karen Wilson credited as writer of English adaptation,True
1501,968ed865-8f37-481e-bea8-0af78d8c6e93,Pro Zluyu Machehu,About the Cruel Stepmother,C,1966,19,A,I'm not sure of the origin.,True
1502,fd5906c1-71ee-4030-b2d4-86671858e5f2,Kot v Sapogah,"The Cat in Boots, Puss in Boots",C,1968,17,A,,True
1503,05b5aba9-d481-4a05-809f-c3ca007e3701,Kapriznaya Princessa,A Capricious Princess,C,1969,20,A,,True
1504,59425c6a-b45e-4d33-be5b-bab81e528479,Popeye the Sailor Meets Aladdin and his Wonderful Lamp,Aladdin and His Wonderful Lamp,C,1939,22,A,,True
1505,99926962-b38b-4564-bdce-e81b2ed5792f,The Wonder Gloves,,C,1951,7,A,not sure of origin...,True
1506,660f3ce4-0f10-42aa-ab07-b6f79b31f66f,The Unicorn in the Garden,,C,1953,7,A,not sure of origin...,True
1507,e930121e-ceda-40f1-9000-2f9e7f52fa89,The Fifty-First Dragon,,C,1954,11,A,not sure of origin...,True
1508,3bdf4d78-7bf9-4904-a955-04fa6e6795cb,Goldilocks Magoo,,C,1961,5,A,,True
1509,001cf5c8-8ac1-4d04-989c-736679ff0d81,Magoo and the Beanstalk,,C,1961,5,A,,True
1510,15534bb7-af5d-4103-95e8-cc368182430b,Volshebnaya Palochka,A Magic Wand,C,1972,17,A,"I'm not totally certain of the origin, but the description at the link included above indicates that it is ""Schoolboys's compositions on the theme: 'What would I make, if I had a magic wand?' come to life."" I've listed it as an original fairy tale film for now.",True
1511,9f23cda7-fe1a-4836-ba8b-1edda70f9d94,Bristlelip,,C,1982,20,L,,True
1512,692f14d6-f471-40ee-a0e6-69ccad29674f,The Goose Girl,,C,1983,18,L,,True
1513,41038ebc-5d06-4bcf-97b6-62e5a67c828c,Jack and the Dentist's Daughter,Jack & the Dentist's Daughter,C,1985,40,L,,True
1514,7244a320-6881-45d1-97cd-dd7e5fecccb9,"Soldier Jack, or The Man Who Caught Death in a Sack",,C,1988,40,L,I'm not sure of the origin.,True
1515,ee10e917-ebaf-4fcb-911c-39ff65c55e95,Kaliftorch,Calif Storch,BW,1929,10,A,I'm not sure of the origin.,True
1516,bc5f940d-d732-46ac-918e-bf51f2414123,The Night of the Hunter,,BW,1955,93,L,http://emptybees.wordpress.com/2012/12/03/five-fairy-tale-movies-that-arent-based-on-fairy-tales/#more-237,True
1517,7888d9ac-9389-4790-a598-f159c49afb26,The Curse of the Cat People,,BW,1944,70,L,http://emptybees.wordpress.com/2012/12/03/five-fairy-tale-movies-that-arent-based-on-fairy-tales/#more-237 and recommendation,True
1518,517959da-ee1e-4f90-a129-91d27fc52cd3,The Wizard's Apprentice,,BW,1930,10,L,,True
1519,2714156c-0dd3-4263-932a-3d37b47d8b87,Krabat and the Legend of the Satanic Mill,Krabat,C,2008,120,L,,True
1520,af1e434e-db20-45d6-9617-5202b74d8c27,The Sorcerer's Apprentice,,C,2010,109,L,,True
1521,7a9b3f03-a0c9-4341-bcb0-f0936c2e92f7,Maleficent,,C,2014,97,L,,True
1522,47d59656-95ca-4717-81b6-595cc8199ac0,Die Bremer Stadtmusikanten,The Bremen Town Musicians,BW,1935,31,A,,True
1523,710b57e5-26b3-4955-8e46-cd35b0fd46d7,"Von einem, der auszog, das Gruseln zu lernen","Von einem, der auszog, um fas Fürchten zu lernen, The Boy Who Went Out to Learn about Fear",BW,1935,,A,"I couldn't find any stable links to add, but the information listed here came directly from Jack's filmo doc.",True
1524,47602950-f64c-4df6-9920-defb78d1e29b,Tischlein Deck Dich,Table Be Covered,BW,1936,25,A,,True
1525,816cfb54-f02a-4ca5-9e29-8c6f399a0c60,Die Sieben Raben,The Seven Ravens,BW,1937,53,A,Cinematographer credited as Alfons Lusteck on IMDb,True
1526,fa360733-5059-4563-8193-0af94a5e74fd,Der gestiefelte Kater,Puss in Boots,BW,1940,20,A,,True
1527,92ca3107-f640-4a54-8d1e-9d445df66e30,Dornröschen,"Sleeping Beauty, Briar Rose",BW,1943,12,A,,True
1528,67a9fe3a-3f73-4560-a85e-f126987b42f8,The Reluctant Dragon,,C,1941,74,M,,True
1529,313f75a9-5ef1-4db5-a906-282430f9756a,Mulan,,C,1998,88,A,"I'm not sure how to classify the origin for this film, as it is based on a true-ish story. I've listed it as a legend for now.",True
1530,83d36407-3152-4348-9571-ae8907b6c837,The Emperor's New Groove,,C,2000,78,A,,True
1531,dc452001-2fa3-4147-a56a-1f902c009c95,Brave,,C,2012,93,A,,True
1532,47830177-c238-4138-b591-979372add7e3,Mary Poppins,,C,1964,139,M,,True
1533,70f2b7ce-52df-40d7-93e4-3271a83b1325,Pete's Dragon,,C,1977,128,M,,True
1534,2da72d47-8b67-4fbf-ab90-726a1980e743,Vom mutigen Hans,,C,1959,22,A,I'm not sure of the origin.,True
1535,47945162-18d1-4f74-83e4-80ae3ab32438,Die Prinzessin auf der Erbse,The Princess and the Pea,C,1960,15,A,,True
1536,3fe163a1-5ee8-4d55-bbe7-d6629941c41d,Zündhölzer,,C,1963,,A,"I'm not 100% sure of the origin but ""match girl"" is what came up when I tried to translate the title so I've listed it as such for now.",True
1537,4633b548-b7a2-4db6-acae-3e21df586ba0,Urwaldmärchen,,C,1965,13,A,I'm not sure of the origin.,True
1538,5d2ec678-295b-4275-87d9-1690b571060b,Dornröschen,"Sleeping Beauty, Briar Rose",C,1965,,A,,True
1539,bfb88c74-e3a7-496f-a669-0652f846ace1,"Spindel, Werbeschiffchen und Nadel","Spindel, Loom, and Needle",C,1974,,A,,True
1543,57da63ab-66b3-4123-bf4a-88dccc48fa68,La table tournante,,C,1988,80,A,I'm not sure of the origin.,True
1544,63601b0f-20fa-48e0-92e6-fcfd22facb0e,King Midas,The Story of King Midas,C,1953,10,A,I'm not sure how to list the origin of this film.,True
1545,c950fdd4-15dd-4bf0-b7b6-fc8ec525027c,The Story of 'The Tortoise & the Hare',,C,,12,A,I've listed the date as it appears in Jack's filmo doc. The iMDB page clarifies that the film was begun in 1953 and was finished and release in 2002.,True
1546,db613a65-9827-4ee7-b9b3-9b450df0ee26,Muppet Classic Theater,,C,1994,68,L,This collection also includes the King Midas tale.,True
1547,f874a9a8-18a3-4070-95ec-c0c1f766fb98,The Headless Horseman,,C,1934,,A,,True
1548,5659d6f7-f68c-462f-8fca-4b47ebdb6da2,The King's Tailor,The Valiant Tailor,C,1934,8,A,I'm not sure of the origin.,True
1549,b43c670b-e393-41d9-94b2-c30a58a798e1,The Three Bears,,C,1935,8,A,,True
1550,d7ed6f9c-fd87-4f49-b3ab-c0266080d9e0,Starik i Zhuravl,An Old Man and the Crane,C,1958,10,A,I'm not sure of the origin.,True
1551,083125e9-ea29-4f7e-8a70-a6ebffddceb3,Vlyublennoe Oblako,The Cloud in Love,C,1959,17,A,I'm not sure of the origin.,True
1552,826bd263-bf1d-4cee-aac6-e28a4e566de0,Novichok,Novice,C,1961,16,A,I'm not sure of the origin.,True
1553,158d03bd-1c93-41bf-bca0-56a8a84ffe95,Cheburashka,,C,1972,19,A,I'm not sure of the origin.,True
1554,5a9732d6-99aa-4e74-a7ae-c1739b315670,Nasledstvo volshebnika Bakhrama,The Inheritance of the Magician Bakhram,C,1975,,A,I'm not sure of the origin.,True
1555,bc4b46b0-2a2c-45f0-aae5-a00457a2ac99,Little Suck-a-Thumb,,C,1992,8,L,"https://www.kaplanworks.com/little-suck-a-thumb/
",True
1556,f3ee09d2-dc1f-4b54-a515-9c36c24a037c,Kaze no tani no Naushika,Nausicaä of the Valley of the Wind,C,1984,117,A,I'm not sure of the origin.,True
1557,2c6a4af1-8d63-4c67-8ce5-c6326cec7311,Majo no takkyûbin,Kiki's Delivery Service,C,1989,103,A,,True
1558,e5b29b2c-7595-45d6-b2d4-3f6938a81d18,Kurenai no buta,Porco Rosso,C,1992,94,A,I'm not sure of the origin.,True
1559,780cbce1-7c66-4ffd-8aeb-29d44388489e,25-e - pervyy den,"25 October, the First Day; The 25th, the First Day",C,1968,8,A,"I'm not sure of the origin.
https://www.youtube.com/watch?v=YYN5D-Ke-ws",True
1561,e5571b23-af8a-43ab-9842-6a6925e0e1c9,Lisa i zayats,The Fox and the Hare,C,1973,12,A,I'm not sure of the origin.,True
1562,8a19f52d-ed7a-4d63-bac9-7e6ccae3ccf3,Tsaplya i zhuravi,The Heron and the Crane,C,1974,10,A,I'm not sure of the origin.,True
1563,424176ff-c81f-4c05-819c-fa11ae1c0366,Yozhik v tumane,Hedgehog in the Fog,C,1975,11,A,I'm not sure of the origin.,True
1564,7ea8402c-f5ab-4ed8-aad8-edde3c6f765e,Skazka skazok,"The Little Grey Wolf Will Come, Tale of Tales",C,1979,29,A,"I'm not sure of the origin.
Yuriy Norshteyn credited as Yuri Norstein.",True
1565,069ef892-4c0e-4cac-9f35-940af79d89c2,Princes et Princesses,"Princes and Princesses, The Princess of Diamonds, Le Princesse des Diamants, Le Manteau de la Vieille Dame, The Coat of the Old Woman",C,2000,70,A,I'm not sure of the origin.,True
1566,820e09df-1d68-46ea-87b3-8aa671e64fd8,The Sleeping Beauty,,C,1935,5,A,,True
1567,f7574472-9fd7-4905-86e8-e023e525312c,Aladdin and the Magic Lamp,,C,1936,8,A,"https://www.youtube.com/watch?v=-f0pJ8WEqfA
https://letterboxd.com/film/aladdin-and-the-magic-lamp-1936/",True
1568,6903191b-5369-4110-9ddf-6d8e22471138,Sinbad,,C,1936,,A,,True
1569,bea40c3f-441d-44c4-a6d9-90e149cadb0c,Tulips Shall Grow,,C,1942,7,A,"I'm not sure of the origin, but the description on iMDB suggests that it is an original fairy tale film and I've listed it as such for now.",True
1570,9f3e666b-0155-4615-897a-bde7ed31f82c,Sky Princess,,C,1942,7,A,I'm not sure of the origin.,True
1571,c1648a5c-e3a8-4992-8a1a-e9ae8f2b608e,Jasper and the Beanstalk,,C,1945,8,A,,True
1572,0eda90fa-6dc6-421b-95ff-a65b95f76328,Sampo,The Day the Earth Froze,C,1959,67,L,"The iMDB page describes the plot as ""based on Finnish mythology"" 
https://en.wikipedia.org/wiki/Sampo",True
1573,0b522abd-cd87-45c2-b232-98f9a63a859a,Skazka o tsare Saltane,The Tale of Tsar Saltan,C,1967,87,L,,True
1574,5d1587fc-dcf6-421a-84d0-588809b64659,Der fliegende Koffer,"The Flying Suitcase, The Flying Koffer",BW,1922,9,A,"I'm not sure of the origin.
AM: Added ""The Flying Trunk"" by HCA to origins:
https://en.wikipedia.org/wiki/The_Flying_Trunk",True
1575,b711bdeb-5ff0-49ad-9fe6-0a097fd4feab,Das gestohlene Herz,The Stolen Heart,BW,1934,12,A,"I'm not sure of the origin.
A fable by Ernst Keienberg (AM)
https://www.filmportal.de/en/movie/das-gestohlene-herz_027db17b7aa5537ae04053d50b376892",True
1576,d4d94779-17ed-423a-ba2b-1ff3bce02bb1,Der kleine Schornsteinfeger,The Little Chimney Sweep,BW,1935,17,A,I'm not sure of the origin.,True
1577,78b36815-bd34-48c2-a6fa-4eee5d35eeec,Die goldene Gans,"The Goose that Lays the Golden Eggs, The Golden Goose",BW,1944,10,A,,True
1578,13ba3d36-5583-480b-9d10-3c392f37f358,Thumbelina,Däumlienchen,BW,1954,10,A,,True
1579,ead1e5b1-a8d1-4188-b991-9570c6699b2e,The Three Wishes,,BW,1954,10,A,,True
1580,55af8722-0eb5-4bf1-b19a-2b5c06c30044,Caliph Storch,The Caliph Stork,BW,1954,10,A,"I'm not sure of the origin.
AM: updated origin to 'Caliph Stork', Wilhelm Hauff",True
1581,15f2a247-9a4c-4063-925a-eb5c6f76f428,Snow White and Rose Red,,BW,1954,11,A,,True
1582,09dc0861-d00a-4e1c-b3f3-46007fdc6603,The Gallant Little Tailor,,BW,1954,10,A,,True
1583,7860bdaa-a832-4ff7-b498-bff6632842b5,Aladdin and the Magic Lamp,,BW,1954,14,A,,True
1584,4980a473-260b-4237-b247-576a38742ecf,The Frog Prince,,C,1961,10,A,,True
1585,3f3a0739-5156-4bcb-a8c1-243f74d5166d,The Village,,C,2004,108,L,LRRH sez Sue Short FTF book,True
1586,13faee30-33b8-43b1-92e6-bf0400a7b972,Le rat de ville et le rat des champs,The City Mouse and the Country Mouse,BW,1926,10,A,I'm not sure of the mode.,True
1587,e4b9e876-8e08-4824-9a1d-b57e5cedfdb3,Le lion devenu vieux,"Deux fables de La Fontaine, The Lion Who Became Old",BW,1932,9,A,I'm not sure of the origin.,True
1588,f29a1781-9faa-4290-95e1-c36ca8135541,Fétiche,The Mascot,BW,1934,26,A,"I'm not sure of the origin.
IMDb running time says 37 min",True
1589,8502dcbd-ce32-4ec5-9fa3-7917ac184665,Fleur de fougère,,C,1949,23,A,I'm not sure of the origin.,True
1590,77131e3c-b613-4619-871e-b9d0ff03ba5c,Poslední trik pana Schwarcewalldea a pana Edgara,The Last Trick,C,1964,12,A,I'm not sure of the origin.,True
1591,c5338d75-1552-4cc1-8175-69450f741bc6,Don Sajn,Don Juan,C,1970,30,A,I'm not sure how to list the origin.,True
1592,280e4703-08d3-4d49-825b-53364fc7591d,Zahrada,The Garden,BW,1968,17,L,I'm not sure of the origin.,True
1593,488b6286-2018-4cfe-a022-cbd7050d2d1b,Kostnice,The Ossuary,C,1970,10,L,"I'm not sure of the origin.
https://www.youtube.com/watch?v=UnLNeqSf8hU
https://mubi.com/films/the-ossuary
https://letterboxd.com/film/the-ossuary/crew/",True
1594,d110e9fe-d1e5-4eff-a431-0a15456d8349,Otrantský zámek,"Castle of Otranto, The Otrants Castle",C,1977,15,A,,True
1595,45a0ef28-69a5-4c8e-a806-88ac62d411ba,Tma/Svetlo/Tma,Darkness Light Darkness,C,1990,6,A,I'm not sure of the origin.,True
1596,d18f550d-7a4b-44c2-8cce-096add4d2e15,Muzné hry,"The Male Game, Manly Games",C,1988,17,A,I'm not sure of the origin.,True
1597,4fba6eea-953b-47e3-9f87-82c52b835ddf,Zánik domu Usheru,The Fall of the House of Usher,BW,1982,15,A,,True
1598,f177049c-a2e1-45be-a86a-300b1c794d00,Et Cetera,Etcetera,C,1966,8,A,I'm not sure of the origin.,True
1599,e6125fbd-6d57-428e-b242-384fc911a45d,Rakvickarna,Punch and Judy,C,1968,10,A,"I'm not sure of the origin.
http://www.kratkyfilm.eu/catalogue/html/indexa.htm: ""Coffin Factory""",True
1600,00988557-7d68-47bb-b7f3-e8438bb02d2e,Byt,The Flat,BW,1968,13,A,I'm not sure of the origin.,True
1601,00ea5a4e-34d0-4c74-9841-5868024bdce3,Picknick mit Weismann,Picnic with Weissmann,C,1968,11,A,I'm not sure of the origin.,True
1602,576a4423-7ad4-4596-a3cb-63e22d99659f,Tichý týden v dome,A Quiet Week in the House,C,1969,20,A,I'm not sure of the origin.,True
1603,f7b6003a-0904-4b7e-adcd-2f220d84e2ac,Moznosti dialogu,Dimensions of Dialogue,C,1983,12,A,I'm not sure of the origin.,True
1604,fb804da5-d277-4752-bd64-c8697866e63c,Do pivnice,"Down to the Cellar, Do sklepa",C,1983,15,A,,True
1605,8783125f-7cdc-4f4c-9ccb-2f0f4a0e2a8d,"Kyvadlo, jáma a nadeje","The Pendulum, the Pit and the Hope",BW,1984,15,A,,True
1606,4b53c708-3bf8-4c5d-84d1-d3c81c889ad4,Zamilované maso,"Meat Love, Fleischliche Liebe",C,1989,1,A,"I'm not sure of the origin.
https://mubi.com/films/meat-love",True
1607,708657ae-4c50-419d-a200-f6557db8726c,Flora,,C,1989,1,A,I'm nor sure of the origin.,True
1608,fe34777a-7be9-4e10-971f-cf75bb5457fe,Konec stalinismu v Cechách,The Death of Stalinism in Bohemia,C,1991,10,A,I'm not sure of the origin.,True
1609,b67127d7-5db5-4318-ba15-433b01981c7b,Jídlo,Food,C,1993,17,A,I'm not sure of the origin.,True
1610,89745cf8-f201-47ac-9e33-95cc0d516c3d,Cronos,,C,1993,94,L,I'm not sure of the origin.,True
1611,0af0991b-e351-440e-90f2-4df317923adb,El espinazo del diablo,The Devil's Backbone,C,2001,106,L,I'm not sure of the origin.,True
1612,368a1980-11a4-4759-b2ba-ab1d20128708,Zasadil dedek repu,Grandpa Planted a Beet,C,1945,10,A,I'm not sure of the origin.,True
1613,a16beef6-1b21-4c4a-b2cf-a87bb515e9a7,Zvírátka a petrovstí,The Animals and the People of Petrov,C,1946,9,A,I'm not sure of the origin.,True
1615,82a24eac-0b2f-493a-80e6-3e1ca5d8dfd1,Spalicek,"The Czech Year, A Treasury of Fairy Tales",C,1947,75,A,I'm not sure of the origin.,True
1616,b9438840-2cc8-4925-ae80-66b832f81cad,Certuv mlýn,The Devil's Mill,C,1949,21,A,"I'm not totally sure of the origin. I found sources stating that ""The Devil's Mill"" is an Irish legend, and others saying that it is a variation of ATU 565. I've listed the film as both for now.",True
1617,7d7001b5-c4fe-4724-a08e-2538e1d88413,O zlaté rybce,The Golden Fish,BW,1951,15,A,,True
1618,d16b8676-38fc-41ab-8d9a-ead22971b3d7,Kybernetická babicka,The Cybernetic Grandmother,C,1962,29,A,I'm not sure of the origin.,True
1619,7e0492eb-3ad8-44a6-8017-ffbfadab3eef,Bold King Cole,Felix the Cat,M,1936,7,A,not sure of origin...,True
1620,965059f3-8a66-4f86-8fde-b56ee405a250,The Goose That Laid the Golden Egg,Felix the Cat and the Goose That Laid the Golden Eggs,C,1936,7,A,,True
1621,e499e036-33bb-42ac-b2cc-230ac08275d6,Ali Baba Bound,Ali-Baba Bound,BW,1940,7,A,,True
1623,4023f16f-7200-4abb-a5a0-8d65dfa34b33,Three Little Bops,Looney Tunes,C,1957,7,A,,True
1624,b5a320c6-c563-4b24-aa67-550770068016,Frau Holle,"Mother Holle, Mother Holly",C,1953,29,A,,True
1625,925dfe86-0aaa-420c-93d7-83ae2fc3b2f8,König Drosselbart,King Thrushbeard,C,1956,,A,,True
1626,2b56e042-cedd-4d1e-8a69-e5ca12915294,Die Kaisers neue Kleider,The Emperor's New Clothes,BW,1957,19,A,"https://www-defa--stiftung-de.translate.goog/filme/filme-suchen/des-kaisers-neue-kleider/?_x_tr_sl=de&_x_tr_tl=en&_x_tr_hl=en&_x_tr_pto=sc

https://www-filmportal-de.translate.goog/film/des-kaisers-neue-kleider_e79f212e72824e259a521b26df2802f2?_x_tr_sl=de&_x_tr_tl=en&_x_tr_hl=en&_x_tr_pto=sc",True
1627,5c228022-eab7-41e3-aebf-00d66703912c,Das Zauberfaß,The Magic Barrel,C,1957,,A,"https://www-defa--stiftung-de.translate.goog/filme/filme-suchen/das-zauberfass/?_x_tr_sl=de&_x_tr_tl=en&_x_tr_hl=en&_x_tr_pto=sc
Chinese fairy tale",True
1628,56157a26-f175-4388-86e5-490f678325ad,Die Geschichte von den fünf Brüdern,The Story about the Five Brothers,BW,1957,13,A,"https://www-filmportal-de.translate.goog/en/movie/die-geschichte-von-den-funf-brudern_ea43d4a75e155006e03053d50b37753d?_x_tr_sl=de&_x_tr_tl=en&_x_tr_hl=en&_x_tr_pto=sc 

https://www-defa--stiftung-de.translate.goog/filme/filme-suchen/die-geschichte-von-den-fuenf-bruedern/?_x_tr_sl=de&_x_tr_tl=en&_x_tr_hl=en&_x_tr_pto=sc",True
1629,dbfce953-1133-4127-b0e5-49456720a050,Die Wunschring,The Wish Ring,BW,1958,19,A,,True
1630,b3073c28-e667-48fd-8792-739964fecba5,Jorinde und Joringel,Jorinde and Joringel,C,1958,,A,,True
1631,34df2a8d-6ee5-49c7-8f4d-8f482a970961,Däumelinchens Abenteuer,"Thumbelina's Adventures, Tom Thumb's Adventures",C,1959,16,A,,True
1632,68b4245e-512a-4a80-871c-88265d94cd6f,Sechse kommen durch die ganze Welt,Six Make their Way through the World,C,1959,27,A,,True
1633,098dc75b-5f67-4778-a252-49c79ef29ace,Vom mutigen Hans,Brave Hans,C,1959,22,A,,True
1634,ec67a453-2c30-4252-add9-cb55db17f2a5,Rumpelstilzchen,Rumpelstiltskin,C,1960,,A,,True
1636,ad42bc79-33e8-4290-bc06-dc4cd0484ebd,Die kluge Bauerntochter,The Clever Farmer's Daughter,C,1961,,A,https://www-defa--stiftung-de.translate.goog/filme/filme-suchen/die-kluge-bauerntochter-1/?_x_tr_sl=de&_x_tr_tl=en&_x_tr_hl=en&_x_tr_pto=sc,True
1637,0036aac0-4334-4272-b0f8-7d7cc52ccc12,Das Märchen vom goldenen Schützen,The Golden Marksman,C,1963,14,A,,True
1638,fdc86846-c020-4783-91ba-c585c89f2835,Die Schweinehirt,The Swineherd,C,1963,,A,,True
1639,81ee3c81-18f9-4214-abd4-3bc24556fa12,Zündhölzer,The Tinderbox,C,1963,,A,,True
1640,63ff8291-abf1-4c52-8020-25b2ed729f71,Das tapfere Schneiderlein,"The Brave Little Tailor, The Valiant Tailor",C,1964,31,A,,True
1641,0302f4db-b31c-43e7-804f-9899261c95cc,Der Meisterdieb,The Master Thief,C,1966,,A,,True
1642,116f2af7-217a-4c4a-87fe-0768261123c6,Der gestiefelte Kater,Puss in Boots,C,1966,26,A,,True
1643,08463d5d-7821-444b-88f9-7f83e7e68ded,"Von einem, der auszog, das Gruseln zu lernen",The Boy Who Went Out to Learn about Fear,C,1970,,A,,True
1644,b9450c5c-57d9-485b-8da2-302b7117af15,Die Prinzessin und der Ziegenhirt,The Princess and the Goatherd,C,1975,12,A,"https://www-filmportal-de.translate.goog/film/die-prinzessin-und-der-ziegenhirt_d801cc9081544e5a84721693414f604e?_x_tr_sl=de&_x_tr_tl=en&_x_tr_hl=en&_x_tr_pto=sc

https://www-defa--stiftung-de.translate.goog/filme/filme-suchen/die-prinzessin-und-der-ziegenhirt/?_x_tr_sl=de&_x_tr_tl=en&_x_tr_hl=en&_x_tr_pto=sc 
",True
1646,6123cb3c-507c-4116-8680-b63d6f174773,Rotkäppchen,Little Red Riding Hood,C,1977,12,A,,True
1647,16698a2e-9b3b-4d8f-8bb8-869f402b50b5,Urwaldmärchen,The Jungle Fairy Tale,C,1978,,A,,True
1648,b11442f5-b486-4102-a317-11c43ed8a302,"""Klein Zaches"", genannt Zinober","""Little Zaches,"" Named Zinober",C,1979,31,A,"https://www-filmportal-de.translate.goog/film/klein-zaches-genannt-zinnober_fc236509f1ee42df9a6d25837a256cf3?_x_tr_sl=de&_x_tr_tl=en&_x_tr_hl=en&_x_tr_pto=sc
https://www-defa--stiftung-de.translate.goog/en/films/film-search/klein-zaches-genannt-zinnober/?_x_tr_sl=de&_x_tr_tl=en&_x_tr_hl=en&_x_tr_pto=sc",True
1649,fbe1939c-8949-4baa-a6c1-5d6ff3630c37,Rapunzel,,C,1982,,A,,True
1650,abd10017-3b22-45e0-aff6-d39a996d99ac,Das Häßliche junge Entlein,The Ugly Duckling,C,1982,15,A,"https://letterboxd.com/film/das-hassliche-junge-entlein/crew/
https://www.defa-stiftung.de/filme/filme-suchen/das-haessliche-junge-entlein/",True
1651,b337bf8d-0169-4e00-ac34-438bd18534a0,Aschenputtel,Cinderella,BW,1984,21,A,,True
1652,d1d8ce17-a1e6-4ba6-81e9-ede69af3a20b,Die Geschichte vom Kalif Storch,The Story about Caliph Stork,C,1984,28,A,https://letterboxd.com/film/die-geschichte-vom-kalif-storch/,True
1653,9d1c9fc1-8af6-4c87-8b2c-b23fc5f64136,Zwerg Nase,The Dwarf Nose,C,1986,39,A,,True
1654,50e41ec8-ded6-4bef-8d86-9c5e12d7e160,Die Wahrheit um den Froschkönig,"The Truth about the Frog King, The Truth About the Frog Prince",C,1986,8,A,"https://letterboxd.com/film/the-truth-about-the-frog-prince/

https://www-defa--stiftung-de.translate.goog/filme/filme-suchen/die-wahrheit-um-den-froschkoenig/?_x_tr_sl=de&_x_tr_tl=en&_x_tr_hl=en&_x_tr_pto=sc",True
1655,9a9ba830-5e60-43c1-abdb-df3f251ae96c,Die Gänsemagd,The Goose Maiden,C,1987,11,A,,True
1656,ee819950-134c-4bb2-964c-1290b530e6f0,Dornröschen war ein schönes Kind,Sleeping Beauty was a Beautiful Child,C,1988,5,A,,True
1657,a2fb09f3-3865-4775-a170-9b236b804ddb,Das Myrtenfräulein,The Myrtle Maiden,C,1989,,A,"Not sure of origin...
AM: Brentano, Clemens: ""The Myrtle Lady"", fairy tale 

https://www.bcdb.com/cartoon/92352-Das-Myrtenfr%C3%A4ulein

https://www-defa--stiftung-de.translate.goog/filme/filme-suchen/das-myrtenfraeulein/?_x_tr_sl=de&_x_tr_tl=en&_x_tr_hl=en&_x_tr_pto=sc",True
1658,d7ea5f1f-d674-4f7d-b8df-9fc91a4ddfd3,Die Bremer Stadtmusikanten,The Bremen Town Musicians,C,1935,,A,,True
1659,0ce0ddcd-e5b8-4ed8-be32-5432baecb68b,La Reine Cruelle et le Montreur de Fabulo,The Cruel Queen and the Showman of Story,C,2000,,A,,True
1660,b8505a41-fd0c-4dd6-af1a-201ac6dc0a28,The Dancing Frog,The Story of the Dancing Frog,C,1989,30,A,It wouldn't let me put in Société Suisse de Radiodiffusion et Télévision (SSR) as another company,True
1661,7ae52c1b-e1dd-48b7-8e0d-b173358e37e2,Oni,The Demon,C,1972,8,A,Not sure of origin...,True
1662,99f10084-a888-40b0-a224-3065f5d7a1b2,Dôjôji,"Dojoji Temple, Doujouji",C,1976,19,A,"Not sure of origin...
AM: Maybe https://en.wikipedia.org/wiki/D%C5%8Dj%C5%8Dji_(Noh_play)",True
1663,a6fedacb-4de5-4eb2-ad78-936c0acf70f7,Le Garçon des Figues,Fig Boy,C,2000,,A,,True
1664,ac88afea-5366-4743-9d1e-1a0cab333520,Tsvetik-Semitsvetik,"Cvetik-Semicvetik, The Flower with Seven Colors",C,1948,20,A,Not sure of origin...,True
1665,ca312302-a5cb-42dd-a962-6e08c6f93123,Tsarevna-lyagushka,The Frog Princess; Carevna-Lyagushka; Fairy Tales from Far Off Lands,C,1954,38,A,https://www.youtube.com/watch?v=EIsAwnot_RE,True
1666,00a5e4a3-4d4a-4526-b3f1-a9b40d98e424,Devochka v Dzhunglyah,A Girl in the Jungle,C,1956,,A,,True
1667,54021874-9b69-4ae8-8910-dc42e60d6d8a,Hänsel und Gretel,Hansel and Gretel,C,1935,,A,,True
1668,51ad91dc-11fe-4e08-9640-3eaf1b6221ea,Mori no densetsu,Legend of the Forest,C,1987,,A,,True
1669,cef24f00-b860-4f2c-93e2-4e35f40d9fb5,La Flûte Magique,"The Magic Flute, The Magical Flute",C,1946,9,A,"OK, it's really neither, but elements of both.  Music enchants, creatures follow musician playing.",True
1670,0d1f5733-8b2e-4af1-a9dd-7044dfcf487c,Ningyo,Mermaid,C,1964,8,A,,True
1671,0e1a7b6d-5c4f-4dd7-88f5-e414923b85b9,Mike Mulligan and His Steam Shovel,,C,1990,25,A,,True
1672,6ea1e704-8541-45d5-8c24-118314ffa7fd,Es waren einmal drei Schwestern...,"Silberwasser, Once Upon a Time There were Three Sisters",C,1983,17,A,,True
1673,786da516-1bf7-4867-98a0-459ed99121ac,Der gestifelte Kater,Puss in Boots,C,1935,,A,,True
1674,72d379dd-6e9c-4c0b-8fc7-afa17f070c15,Rotkäppchen und der Wolf,Red Riding Hood and the Wolf,C,1945,,A,,True
1675,e219115a-72e9-46f4-88c8-b57e086b12e8,The Reluctant Dragon,,C,1987,30,A,,True
1676,e83088a5-abc4-4811-8591-a1104a321f1e,The Reluctant Dragon,,C,1981,12,A,,True
1677,05af2c95-3db8-4ea6-a853-d8b3e8957005,L'Épouvantail,The Scarecrow,C,1943,,A,,True
1679,7b6147ba-4e74-4993-9f8e-0c4c600fbbcc,Dornröschen,"Sleeping Beauty, Briar Rose",C,1935,,A,,True
1680,5cd27f1d-f0a5-406d-8c1a-74f71a97b0b5,Perak a SS,"The Spring-Man and the SS, The Chimney Sweep",C,1946,,A,,True
1681,2b2773a8-a51b-4d83-b27e-5fab4f1114f5,Skazka o Rybake i Rybke,"The Tale about the Fisherman and the Fish, The Tale of the Fisherman and the Goldfish",C,1950,32,A,,True
1682,2b4a4e8b-5763-4c39-82e5-42cf4c0c1ba0,Skaz o Chapaeve,The Tale about Chapayev,C,1958,25,A,I'm not sure of the origin.,True
1683,8c8824ea-4e1d-4f19-ad05-6e67097a8ce6,Vente d'esclaves au harem,,BW,1897,,U,"I'm not sure of the origin, or the mode.",True
1684,10b3ecc3-9a17-43d9-8ebc-a02ec44dc63c,Danse au sérail,Dancing in a Harem,BW,1897,,U,I'm not sure of the origin or the mode.,True
1685,e8b3c88e-308e-4ac7-a389-0b831f0a5c32,An Intrigue in the Harem,,BW,1899,,U,"I'm not sure of the mode, the origin, or the director.",True
1686,4ae9d951-9374-4167-927e-90a11e54fc8a,Queen of a Harem,Queen of the Harem,BW,1899,,U,"I'm not sure of the origin, the mode, or the director.",True
1687,8d5fefba-55fa-42f0-8b6c-02b1d12281f5,Dance in a Turkish Harem,,BW,1899,,L,"I'm not sure of the origin, the mode, or the director.",True
1688,f923b85a-f5ee-4b43-bbb0-71a319810378,Rescue from a Harem,,BW,1900,,U,"I'm not sure of the origin, the mode, or the director.",True
1689,fe30b1da-aaaa-4f54-82fe-c733d7e5e124,A Prisoner of the Harem,,BW,1912,,L,I'm not sure of the origin.,True
1690,772861bb-e8b1-4f66-91e1-0e79799bb02a,A Prisoner in the Harem,,BW,1913,,L,I'm not sure of the origin.,True
1691,7ee454a9-3b16-4fe5-b51c-e514968a9219,The Sultan's Harem,,BW,1913,,A,I'm not sure of the origin.,True
1692,ec388773-b957-4840-8a96-10f6e16b532d,Saved from the Harem,,BW,1915,,L,I'm not sure of the origin.,True
1693,22b87925-d8cf-4f05-9a6c-e8c7fa25168f,Shorty Inherits a Harem,,BW,1915,,L,I'm not sure of the origin.,True
1694,5770ac89-795b-497e-84bf-6621487ec191,Lizzie Breaks Into the Harem,,BW,1915,,U,I'm not sure of the origin.,True
1695,8f7ba2e3-0ca2-46a3-ae32-395a6b63739c,The Harem Scarem Deacon,,BW,1916,,L,"I'm not sure of the origin.
https://www.silentfilmstillarchive.com/harem_scarem_deacon.htm",True
1696,ab674ab8-97c4-4db9-9c92-e436fdda1809,The Sultan's Wife,Caught in a Harem,BW,1917,18,L,I'm not sure of the origin.,True
1697,bfc9738b-11a8-422b-84ca-8b946202ac68,Harem Skarem,,BW,1921,,U,I'm not sure of the origin.,True
1698,827c1e6b-3281-4110-b460-e50ef0720f36,Au seuil du harem,,BW,1923,,U,"I'm not sure of the origin or the mode.

https://www2.bfi.org.uk/films-tv-people/4ce2b6bc19118",True
1699,1cab5632-01d6-42ee-9037-7795a6ea040a,The Lady of the Harem,,BW,1926,60,L,I'm not sure of the origin.,True
1700,91a552d3-bcef-44ce-ba13-a81b9a1855b2,In My Harem,,BW,1926,,A,I'm not sure of the origin or the director.,True
1701,63aeef4e-fb53-4b24-ad55-e1753edd3a6f,Lache in harem,,BW,1927,19,L,"I'm not sure of the origin or the mode.
AM: mode appears to be live
https://www.youtube.com/watch?v=8YIUFxAouhg
https://www.youtube.com/watch?v=MDA4Tw4nH6g

https://trakt.tv/movies/lache-in-harem-1927
https://mubi.com/films/lache-in-harem
https://www-istoriafilmuluiromanesc-ro.translate.goog/film-romanesc~lache-n-harem~58?_x_tr_sl=ro&_x_tr_tl=en&_x_tr_hl=en&_x_tr_pto=nui,sc",True
1702,8b98de3f-1d10-4d25-b943-6e8912488d69,Harem Scarem,,BW,1928,7,A,I'm not sure of the origin.,True
1703,e8b55b06-3fac-41bf-af3e-815abb500ba6,Ko-Ko's Harem Scarem,,BW,1929,8,A,I'm not sure of the mode.,True
1704,6a4bb804-49d0-4011-8810-52d5c301105b,La ley del harem,,BW,1931,83,L,I'm not sure of the origin.,True
1705,41ba92e7-ccb1-4fa1-ba47-1044e1384fb5,Lost in a Harem,,BW,1944,89,L,I'm not sure of the origin.,True
1706,085c5119-2294-483d-b73c-d5e0a3821a10,Babes in Bagdad,,C,1952,79,L,I'm not sure of the origin.,True
1707,8ba4c316-ef8e-4b3d-a0a4-8e9e73f4391f,Harem Girl,,BW,1952,70,L,I'm not sure of the origin.,True
1708,92444c05-649e-4ca3-a8b5-8e934f371c37,The Veils of Bagdad,,C,1953,82,L,I'm not sure of the origin.,True
1709,76823c77-3daf-43fb-b24b-1e7fb5794b4c,Abdulla the Great,Abdullah's Harem,C,1955,103,L,,True
1710,d3b026ad-6c69-414b-b93d-89cf0c3283a4,Rumpus in the Harem,,BW,1956,16,L,I'm not sure of the origin.,True
1711,b0163a57-def5-4e32-8dca-a9888c6c853b,Harum Scarum,,C,1965,95,L,I'm not sure of the origin.,True
1712,74888335-7a84-46ca-9f39-e88635f31eb9,The Harem Bunch,"Desert Odyssey, Undercover Vixens, War and Peace",C,1969,77,L,"I'm not sure of the origin.
https://letterboxd.com/film/the-harem-bunch/",True
1713,4f153557-c7fc-4685-b48c-1b50dce7e6c7,"Ilsa, Harem Keeper of the Oil Sheiks",,C,1976,85,L,I'm not sure of the origin.,True
1714,fe18e328-92a3-468e-a34c-281bbd185035,King Kong,,BW,1933,100,L,,True
1715,1c3a8dcf-7e24-4482-95c9-ae5ed6b4cd5f,Mighty Joe Young,,BW,1949,84,L,"
",True
1716,ebaefd7d-4990-4592-8668-cc95961781b1,La Sorcière,The Witch,C,2000,,A,,True
1717,a93dfdf8-5d0f-4b91-8b71-956960aa3f05,"Ukh ty, govoryashchaya ryba!","Wow, A Talking Fish!",C,1983,8,A,Not sure of origin...,True
1718,0ba63a4e-9218-4a0e-8797-185c348ff1c0,Le avventure di Pinocchio,The Adventures of Pinocchio,C,1947,100,L,,True
1719,73d7eaf3-2b6d-4e2d-b184-9b0881250195,Angels and Insects,,C,1995,116,L,Not sure of origin...,True
1720,4a6fea9f-9b58-475d-9e6f-15f6d4ae9cbc,Der Wolf und die sieben Geisslein,The Wolf and the Seven Kids,C,1939,12,A,"Giesen, Rolf, and J.P. Storm. 2012. Animation Under the Swastika: A History of Trickfilm in Nazi Germany, 1933-1945. Jefferson, North Carolina: McFarland & Company, Inc.",True
1721,66142f0d-3d05-477b-8a72-2885fa257e5b,The Blue Bird,,C,1940,88,L,,True
1722,f13b074f-87bd-4714-8349-52008f7dd9fd,The Blue Bird,Sini︠a︡i︠a︡ ptit︠s︡a,C,1976,99,L,,True
1723,e124fd02-3060-4990-a571-45353d94bb64,"Bouzkachi, le chant des steppes","The Chant of Steppes, Bouzkachi: The Chant of Steppes",C,2009,90,L,Not sure of origin...,True
1724,0fdce78b-e882-4ea5-ad1c-55ce7a082565,Charlie and the Chocolate Factory,,C,2005,115,L,,True
1725,cbfa1793-ccb1-4ff4-817f-c087ff4a6588,"Tischlein, deck dich","The Donkey, the Table and the Stick, Table, Donkey and Stick",C,1956,79,L,,True
1726,86a80b45-f52f-49c4-be02-cce95738df87,Into the West,,C,1992,97,L,Not sure of origin...,True
1727,c7b030d8-3138-4311-8285-31f1ec9753e5,Pear ta ma 'on maf,The Land Has Eyes,C,2004,87,L,Not sure of origin...,True
1728,0a86aeeb-8563-4c84-ba01-2db881df3e93,The Magic Door,,C,2007,90,L,Not sure of origin...,True
1729,3047c4f2-623c-4fa2-9afe-d8307a7742d8,The Magic Sword,,C,1962,80,L,Not sure of origin...,True
1730,5f36725c-c30e-46cf-a954-0f712b3003b4,Possession,,C,2002,102,L,,True
1731,3a54b9b2-0e56-41a1-8e86-3bd8449d5fdc,Raggedy Rose,,BW,1926,56,L,,True
1732,46009f67-d6f0-490e-8d91-bacae381cc41,Pin,Pin: A Plastic Nightmare,C,1988,103,L,,True
1733,114679c9-7d62-4aae-a62b-05cbe263fb69,Garasu no nô,"Sleeping Bride, ガラスの脳",C,2000,100,L,"I'm not sure of the mode.
AM - confirmed live",True
1734,40ec9484-47e0-42e1-ac63-0af7b4dfcff8,La petite Blanche-Neige,Little Snowdrop; Little Snow White,BW,1910,,L,"https://www-fulltv-nl.translate.goog/little-snowdrop.html?_x_tr_sl=nl&_x_tr_tl=en&_x_tr_hl=en&_x_tr_pto=nui,sc
https://commons.wikimedia.org/wiki/File:La_petite_Blanche-Neige_(1910).jpg
",True
1735,3af8d7e7-ac78-4139-b835-40217246a6d7,Tortoise Beats Hare,,C,1941,7,A,,True
1736,deb6fbef-a846-4222-8226-c2eb01fb2707,Hiawatha's Rabbit Hunt,,C,1941,8,A,,True
1737,1306b863-8080-4b86-a2e6-3f74f1447a2d,Popolvár najväcsí na svete,"Taugenichts, der tapfere Ritter",C,1982,90,L,"I'm not sure of the mode.
AM; appears live, based on poster/image on IMDb",True
1738,2f41117a-8809-4eb0-b0b0-4716de524f1d,The Nutcracker Prince,,C,1990,75,A,,True
1739,8a0f5e86-6230-4d34-93b4-34047a572428,Istoriya odnogo prestupleniya,"The Story of One Crime, Story of One Crime",C,1962,20,A,I'm not sure of the origin.,True
1740,d12556cf-fcfb-4f45-aa39-89b7ca591a3e,Chelovek v ramke,"The Man in the Frame, Man in the Frame",C,1966,10,A,"I'm not sure of the origin.
https://www.youtube.com/watch?v=IqKW4jA5ZZY",True
1741,256d2c96-b592-4455-b41c-936a128f790f,Moy zelenyy krokodil,My Green Crocodile,C,1966,9,A,"I'm not sure of the origin.
",True
1742,af6ee364-0c2d-418d-aa28-8ea998adb6ca,Zhil-byl Kozyavin,There Lived Kozyavin,C,1966,9,A,I'm not sure of the origin.,True
1743,337db6cc-9951-4bda-bc6d-e71e6d8221dd,Gora dinozavrov,Mountain of Dinosaurs,C,1967,10,A,I'm not sure about the origin.,True
1745,be29b605-d75b-4ba3-be39-7c6cd5f97938,Steklyannaya garmonika,The Glass Harmonica,C,1968,19,A,I'm not sure of the origin.,True
1746,400a1cbd-7c70-4029-8315-5288caeff609,Klubok,Ball of Yarn,C,1968,9,A,I'm not sure of the origin.,True
1748,1a196c84-7b31-462d-9dc0-354258c69ed2,Priklyucheniya Krosha,The Adventures of Krosh,BW,1961,81,A,I'm not sure of the origin.,True
1749,d83dda00-6141-45c5-8000-0b0e77b155c5,Stardust,,C,2007,127,L,,True
1750,7099cf35-e1a6-4858-8361-4089802d03af,Der Student von Prag,The Student of Prague,BW,1935,87,L,I'm not sure of the origin.,True
1751,cea0affc-7222-4448-a089-7c3608d3cf09,Ibara hime matawa Nemuri hime,Briar-Rose or The Sleeping Beauty,C,1990,22,A,,True
1752,5505fe5d-595e-4ac6-a40b-2634f6f5ba0b,Madame Perrault's Bluebeard,,C,2010,6,L,,True
1753,67be8e90-092a-456d-b32a-faca3b201044,Jeannot l'intrépide,Johnny the Giant Killer,C,1950,58,A,,True
1754,3ec3992f-c30f-4bec-8d0f-9958dc507ee7,Chasseurs de dragons,Dragon Hunters,C,2008,80,A,I'm not sure of the origin.,True
1755,a165800f-af85-4f5c-b479-d41c0e8daee3,Ali Baba Goes to Town,,BW,1937,77,L,https://en.wikipedia.org/wiki/Ali_Baba_Goes_to_Town,True
1756,4f6e5442-61ab-4b4e-b9e4-03bde69c3db2,Un angelo è sceso a Brooklyn,The Man Who Wagged His Tail,BW,1957,90,L,I'm not sure of the origin.,True
1757,0478c20c-7a23-4502-bd85-1f01d8cf60bc,Princezna se zlatou hvězdou,"The Golden Starred Princess, The Princess with the Golden Star",C,1959,80,L,I'm not sure of the origin.,True
1758,59bc80ae-8f08-4b2e-8ccd-950b72b764a1,The Witches,,C,1990,91,L,,True
1759,e83ebf19-f1a3-44c3-aaff-a514df440c01,Ginger Snaps,,C,2000,108,L,LRRH sez Sue Short,True
1760,68a6c6aa-19a5-4c07-af34-914e938d8f2e,Serenity,,C,2005,119,L,I'm not sure of the origin.,True
1761,b362d3d0-d6d1-4398-95a3-b4d0d5ff2a1e,Der Fischer und seine Frau,The Fisherman and His Wife,C,2005,100,L,,True
1762,d19f6a72-509b-4145-807d-ad71c68c5b90,Appelsinpiken,Orange Girl,C,2009,80,L,,True
1763,fef9bd80-bb6e-47e1-89db-4a6a3cd05f72,Trolljegeren,Trollhunter,C,2010,103,L,I'm not sure of the origin.,True
1764,bfcedf5d-70a4-4ca1-9cdf-9d53f2c797ed,La fée,The Fairy,C,2011,93,L,I'm not sure of the origin.,True
1765,83e8b562-3781-48b2-bb53-ee917af36f7e,Alice of Wonderland in Paris,Alice in a New Wonderland,C,1966,52,A,,True
1766,255a6b85-c5e0-4bda-ab9d-648609c613f0,Alice in Murderland,,C,2010,90,L,,True
1767,616441e4-c65a-4275-9c12-cb8f01ed3c01,Bewitched Bunny,Looney Tunes,C,1954,7,A,,True
1768,230dbf8e-058c-4da5-9445-f1f4dc43ccd5,Sleeping Beauty,,C,2011,101,L,,True
1769,3ca20f20-f0cc-4a54-bbdd-9d9433ee0f6a,YellowBrickRoad,Yellow Brick Road,C,2010,98,L,,True
1771,e854a17c-8f35-4ff9-a460-0295cc4f2401,Veslefrikk med fela,Little Frick and the Fiddle,C,1952,18,A,I'm not sure of the origin.,True
1772,88d1906f-86fe-4c8e-be97-0f88730ba553,Karius og Baktus,Karius and Baktus,C,1954,15,A,I'm not sure of the origin.,True
1773,36861cec-dca2-49c8-9371-cd68e084bf6f,Klatremus i knipe,"Scamperhouse in a Jam, Klas Klättermus i knipa",C,1955,13,A,I'm not sure of the origin.,True
1775,88422c00-0eff-4839-b5cb-9ea88ee474ef,Ugler i mosen,Owls in the Marsh,C,1959,94,A,"I'm not sure of the origin.
AM: Based on a novel by Finn Havrevold, https://en.wikipedia.org/wiki/Marens_lille_ugle

https://en.wikipedia.org/wiki/Ugler_i_mosen
",True
1776,65ce0e00-02ea-414d-8a3a-85adc596a1f6,Askeladden og de gode hjelperne,The Ashlad and His Good Helpers,C,1961,15,A,,True
1777,9f080455-ddcf-4c56-9e5a-9c2a0bd6ec77,Reve-enka,The Fox's Widow,C,1962,15,A,I'm not sure of the origin.,True
1779,ceb33a74-99c3-4a0f-92f1-36f4da0cb036,Sjuende far i huset,The Seventh Master of the House,C,1966,12,A,I'm not sure of the origin.,True
1780,798584e7-7761-4373-970a-24c223577dc3,Gutten som kappåt med trollet,The Ashlad and the Hungry Troll,C,1967,12,A,,True
1781,d9db5a52-fefa-4c5b-80b9-9d15d75fe8e4,The Secret of Roan Inish,,C,1994,103,L,,True
1782,70ced041-98ee-4517-ad4c-aab07ae40293,"Janghwa, Hongryeon","A Tale of Two Sisters, Changhwa Hongnyŏn, 장화홍련 ",C,2003,115,L,Remade as The Uninvited.,True
1783,85a453bc-cb23-453d-b874-3f7245de0c16,The Tales of Hoffmann,,C,1951,128,L,,True
1784,3a13d769-fe52-4ec3-9051-630a419b5efc,Whale Rider,,C,2002,101,L,,True
1785,1fd6bdb9-c49c-4fb5-b037-bea1457d17b5,The Grey-Bearded Lion,,C,1995,,L,,True
1786,b976d23b-4908-4e16-a218-e860c4f05f32,Der Prinz hinter den sieben Meeren,The Prince Beyond the Seven Seas,C,1982,87,L,Not sure of origin...,True
1787,1e66a386-37df-4fc3-ba7e-ecc5eac5e5f0,Sleepy Hollow,,C,1999,105,L,,True
1788,1ad112fb-047e-4a48-ba2a-62c74987ec1a,Alice in Wonderland,,C,1915,,U,,True
1789,0a4dafbc-7f9c-4655-9e11-130094f99a77,Jabberwocky,,C,1977,105,L,https://en.wikipedia.org/wiki/Jabberwocky_(film),True
1790,9853207b-1d81-4489-96bf-50514e7d36b9,Le petit soldat,The Little Solider,C,1947,11,A,,True
1791,cd36a71f-44b8-4b8f-9c3f-3fb37b4b81bd,Puss 'n Boots 'n Babies,Muppet Babies,C,1990,60,A,,True
1792,49e0e04f-0a6f-4f01-9b89-2acf2c143154,Kermit Pan,Muppet Babies,C,1990,60,A,,True
1793,13a010b0-9006-4b59-9a78-508dbf62e93b,Slipping Beauty,Muppet Babies,C,1988,60,A,,True
1794,3ef88353-1c47-4507-af6d-7818318b4195,The Pig Who Would Be Queen,Muppet Babies,C,1988,60,A,Not sure of origin...,True
1795,769dcb3a-3220-4652-b871-c7104fef05c8,Beauty and the Schnoz,Muppet Babies,C,1988,60,A,,True
1797,fd96e282-481c-40be-8b40-d48c302bded3,Die Puppe,The Doll,BW,1919,48,L,,True
1798,7bd8a75a-b9ec-4c09-98ee-2431cd03baf5,Die Austernprinzessin,The Oyster Princess; My Lady Margarine,BW,1919,60,L,"Not sure of origin...
https://en.wikipedia.org/wiki/The_Oyster_Princess
https://silentfilm.org/the-oyster-princess/
",True
1800,c66d4f27-f772-4b47-a295-a871a5e9c309,Poslední motýl,The Last Butterfly,C,1991,106,L,,True
1801,44c6bc99-8f79-453c-9494-e5cfc8cc63f1,Santa Claus,Santa Claus vs. The Devil,C,1959,94,L,Included because Merlin is a protagonist,True
1802,f60288a6-b055-4c43-88b5-88c7b5611598,Tian luo da po wu hang zhen,"Deadly Snake Versus Kung Fu Killers, Deadly Snail vs. Kung Fu Killer",C,1977,88,L,,True
1803,e4faa686-ba87-496b-a4ee-27199ceb6c66,Le voyage dans la lune,"A Trip to the Moon, A Trip to Mars",BW,1902,13,L,I'm not sure of the origin.,True
1804,e7576635-8c0f-46a9-843b-94f1a233cb5f,Le voyage à travers l'impossible,The Voyage Across the Impossible,M,1904,24,L,I'm not sure of the origin.,True
1805,e498ecf6-c080-4c08-85e1-c0cff43bf03c,The Grasshopper and the Ant,,BW,1954,10,A,I'm not sure of the origin.,True
1806,95714802-684b-4690-99cd-496554670565,Claire,,BW,2001,55,L,,True
1807,dc954fde-a68c-41bb-9608-6ec206f240de,Willy Wonka and the Chocolate Factory,Willy Wonka & the Chocolate Factory,C,1971,100,L,,True
1808,c29e8c99-887a-4777-a94a-0716395edb3c,Where the Wild Things Are,,C,2009,101,L,,True
1809,f0275aa9-74f8-4fed-ac30-148960f72ace,Beasts of the Southern Wild,,C,2012,93,L,,True
1810,d1abf534-ca27-4a11-b132-a0eeca3ca016,Big Fish,,C,2003,125,L,,True
1811,53e5fa9e-83d6-4c66-93ae-4c9cd16ba353,Rare Exports,,C,2010,84,L,"This film is based on the story of Santa Claus. I'm not sure if ""legend"" is the correct origin tag to use.",True
1812,8e67ca44-10aa-4316-a8a1-b09728eb0b0c,Le Roman de Renard,"The Story of the Fox, The Tale of the Fox",BW,1930,65,M,I'm not sure of the origin.,True
1813,fcb380ae-7bd2-4cac-b0d8-d5bfd5cea2d8,Ladyhawke,,C,1985,121,L,I'm not sure of the origin.,True
1814,4f1f7960-fc85-4ace-8b52-5a6ead505bd2,Babe,,C,1995,89,L,,True
1815,c2620f10-8a72-4906-aa57-449c4d1969a0,The Brick House,,C,2013,93,L,,True
1816,adede875-2b02-41ae-b874-a76229d9dff6,"Cinderella Moon, 灰姑娘之月",Little Sister,C,2010,96,L,,True
1817,d93cd237-b7a4-4730-8b39-436e6279b85b,Valerie a týden divů,Valerie and Her Week of Wonders,C,1970,73,L,I'm not sure of the origin.,True
1818,5d5d9e9a-cf15-4c09-a508-6d51303a4a40,Suspiria,,C,1977,98,L,https://stacker.com/stories/13012/25-great-movies-inspired-folk-tales,True
1819,ceaaa9ab-f6a1-47a6-948a-b5c33b40e122,Gorod Zero,Zero City,C,1989,103,L,I'm not sure of the origin.,True
1820,5d25d17f-45e7-4eb9-828d-73adbbdff762,Bartok the Magnificent,,C,1999,67,A,,True
1821,c4f21a4c-5567-4df8-a61c-84b8c357c6dd,Bluebeard's Eighth Wife,Bluebeard's 8th Wife,BW,1923,60,L,,True
1822,ec843869-fcfb-4468-a223-a483af3b465b,Phantom of the Plains,,BW,1945,56,L,,True
1823,364fc95d-5ebd-4426-ba55-339f66a90a81,Hiss and Yell,,BW,1946,17,L,,True
1824,c449edc8-c1fd-4b26-b0ac-28689b6b67ad,Love from a Stranger,A Stranger Walked In,BW,1947,81,L,,True
1825,0e16b14a-c566-4f78-9e1a-4a9afeb3afb1,Death Takes a Holiday,,BW,1934,79,L,,True
1826,d45ffe1e-b98f-44d2-9d32-47f377d4e546,Meet Joe Black,,C,1998,178,L,,True
1827,dd39cc0f-c1ae-49d2-86da-f8a87c97dc20,Alice and the Three Bears,,BW,1924,7,A,"Alice in Wonderland is listed as an origin, but the archive.org link indicates that this has nothing to do with the Alice in Wonderland story. ",True
1828,4e48d2bb-e953-4966-9b60-5fae464e5377,Goldielocks and the Three Bears,,BW,1934,10,A,,True
1829,3bd2dda6-e8e1-42d4-a4a2-6a0d22cf22f5,Goldilocks and the Three Bears,,C,1939,11,A,,True
1830,fe1c1b81-fbe3-47f8-a3a5-ddd377c7cc53,Goldilocks and the Jivin' Bears,Merrie Melodies,C,1944,7,A,,True
1831,d9d99935-5155-425a-a0b6-9addd4b31020,Bugs Bunny and the Three Bears,,C,1944,7,A,,True
1832,53147061-df9f-490f-95a1-2a89b6cafd1a,Goldimouse and the Three Cats,,C,1960,6,A,,True
1833,3a13cfed-e28f-44da-8d0a-37c462cd6a4a,The Goose Girl,,BW,1915,,L,,True
1834,9260ddb0-ab86-44b7-9d32-ef9037ebc4a0,Foney Fables,,C,1942,8,A,,True
1835,924e256e-5c89-4b33-a1f1-4bcf06dba187,Ration Fer the Duration,,BW,1943,8,A,,True
1836,8c6a8092-b4de-4814-90fc-108ab37f6268,Mickey and the Beanstalk,Fun and Fancy Free; Fun & Fancy Free,C,1947,29,A,,True
1837,a4d70fc9-13b2-4d09-b848-7bcd7882622e,Let's Stalk Spinach,,C,1951,6,A,,True
1838,8a0a0631-8eab-47f4-8831-b6db838f2bfc,Goo Goo Goliath,"Looney Tunes Golden Collection, Vol. 6",C,1954,7,A,,True
1839,2c23e8a7-ba87-4ce7-9fca-c5c5f7378c89,Slipdream,"Jack and the Beanstalk, or The Broken Machine",C,2005,85,A,,True
1840,d43b24ce-5976-4d22-ba46-aa083018f1de,The Taming of the Shrew,,C,1967,122,L,,True
1841,aef9e1c3-f211-4acc-bd65-95990b90e9e7,The Taming of the Shrew,,BW,1929,63,L,,True
1842,8aa22cc7-62f6-4231-aa51-60ea6e2ac5ef,The Taming of the Shrew,,BW,1908,17,L,,True
1843,db1b6cf2-f0dc-4ab9-9e49-2890f35469db,Taming of the Shrew,,C,1999,,U,,True
1844,4f6bd2a1-0588-481e-a2b3-7f94241fea3d,Ukroshchenie stroptivykh,The Taming of the Shrew,C,2009,90,L,,True
1845,e319cef3-fe2e-4fbf-826d-a0413aa12b6b,Kate: La bisbetica domata,Kate: The Taming of the Shrew,C,2004,77,A,,True
1846,660146e7-987c-4b6d-9a2d-b280135e2553,Ukroshchenie stroptivoy,The Taming of the Shrew,BW,1962,85,L,,True
1847,69c9d4d1-a01d-45e7-95b2-4143b7dbbf52,Taming a Shrew,,BW,1915,,U,,True
1848,89b31c36-0e0e-44f2-899d-78c95169c8f0,The Taming of the Shrew,,BW,1915,,L,"http://www.silentera.com/PSFL/data/T/TamingOfTheShrew1915.html
https://www2.bfi.org.uk/films-tv-people/55aec51ba8732
",True
1849,6c181212-99f0-4a64-b95a-96836ca1d8a7,The Quiet Man,,C,1952,129,L,,True
1850,013eaa96-ab81-443b-a276-68695a5066d6,König Drosselbart,King Thrushbeard,BW,1954,74,L,,True
1851,c27fe31c-d61a-4167-b771-988c71b71557,Kiss Me Kate,,C,1953,109,L,,True
1852,b4fe9092-8c55-42dc-950a-bb0c8eb47990,Deliver Us From Eva,,C,2003,105,L,,True
1853,ad13a545-d3e0-4b2e-a0b5-84a0d7ae7111,The Little Match Girl,,C,1937,8,A,,True
1854,92cfe6f5-3286-4d97-827f-9b2e2e539df8,Hansu Kurushitan Anderusan no sekai,The World of Hans Christian Andersen,C,1971,70,A,,True
1855,181111d5-df6d-429e-a9fd-fdf6cdf28e82,The Little Match Girl,,C,1983,54,L,,True
1856,7bb6219f-35e9-4b58-af6f-97d14bbcd4c9,La vendedora de rosas,The Rose Seller,C,1998,118,L,,True
1857,af81b03b-3176-4842-88a6-86c406aebf7c,Sungnyangpali sonyeoui jaerim,Resurrection of the Little Match Girl,C,2002,123,L,,True
1858,a2daa192-ece2-4a4a-a64f-3711bad063e4,The Little Match Girl,,C,2004,10,L,,True
1859,3b1cd17e-7330-4f24-8ebf-15a61a886c0c,The Little Matchgirl,The Little Match Girl,C,2006,7,A,,True
1860,25af89f8-ddb2-461c-988f-6d3b517e38be,The Guardian,,C,1990,92,L,,True
1861,e1208990-4d23-4fe1-a5e5-3dbf54d4d1e8,Aladin,,C,2009,132,L,,True
1862,538e18cb-a52c-4b58-bae6-070e4bd0b175,Allauddin Adhbhuta Deepam,"Aladdin and the Wonderful Lamp, Allavudeenum Arputha Vilakkum, Alladdin Ka Chirag",BW,1957,129,L,"I'm not sure of the colour or mode.

B&W, live (AM)
https://www.youtube.com/watch?v=8TsBc8mTm2Q",True
1863,345a455d-ae1c-48f5-aaa7-a4f879c281ca,Alavuddinum Athbutha Vilakkum,"Allauddinum Albhhutha Vilakkum, Aladdin's Magical Lamp",C,1979,142,L,I'm not sure of the colour or the origin.,True
1864,b5083100-eccd-4c86-9083-119de3a53213,Alibaba Aur 40 Chor,"Alibaba and the Forty Thieves, Priklyucheniya Ali-Baby i soroka razboinikov",C,1980,138,L,,True
1865,69a29745-fc47-404d-8c41-facf1b154c40,Ashchorjyo Prodeep,Astonishing Lamp,C,2013,120,L,,True
1866,e3411038-9955-494f-9e82-c536965036e3,City of Brass,,M,2002,24,L,,True
1867,464e086d-b87c-43ca-80fe-68aaf756ad0e,Doraemon: Nobita no Arabian naito,"Doraemon: Nobita no Dorabian Naito, Doraemon: Nobita's Dorabian Nights",C,1991,99,A,,True
1868,584da5d2-dfea-4b12-b221-0234b2ea4684,Superfantagenio,Aladdin,C,1986,95,L,,True
1869,b53add74-3596-4e22-a5dd-ac51180dfb20,The Golden Blade,,C,1953,81,L,,True
1870,a8d999fe-5fef-4e92-9e1b-723addd86b92,Falsehood,,C,2001,34,L,https://en.wikipedia.org/wiki/Falsehood_(2001_film),True
1871,61a27d92-eb5e-4585-a8be-b61f0a154af9,The Chinese Nightingale,,BW,1927,,A,,True
1872,717cc65e-4f78-4efa-bdc9-3b4551892ede,The Princess and the Pea,,C,2001,,L,,True
1873,4ea34884-f50f-45ea-a3dd-fe3caae65252,Der Gestiefelte Kater,Puss in Boots,C,1955,67,L,,True
1874,4a712a94-f574-41f0-bef5-d0b548ed0089,The Red Shoes,,C,2000,48,A,,True
1875,9cbf56dd-0f5c-4cce-bc5c-4a02807c03c7,Sedmero krkavcu,The Seven Ravens,C,1993,80,L,,True
1876,b9abbb4d-2f10-4740-8b37-d0dd4b118ef1,Seven Swans,,C,2005,32,L,,True
1877,816cd567-f535-4ec2-b352-bf0032d3d05f,Wotta Knight,,C,1947,6,A,,True
1878,8d2fc482-80c6-4adf-a56e-c29d5d65a910,Some Call It Loving,Sleeping Beauty,C,1973,103,L,,True
1879,60ffdf43-3048-43a7-8d09-a49d697042c8,Happily Ever After,,C,1990,75,A,,True
1880,91c804a8-14ba-4741-b3bd-0ac2e2b69ff8,3 Misses,Three Misses,C,1998,11,A,I'm not sure of the language.,True
1881,bb4a6024-bcc7-443b-81b3-c22461fac980,The Horseless Prince,,C,2003,10,L,,True
1882,13241a76-89d8-4bc9-9034-c0864b33aaf3,The Practical Pig,,C,1939,8,A,,True
1883,57169cde-5d0b-4480-b1b8-01c2867d2191,Thumbelina,,C,1970,72,L,,True
1884,ce2495d0-4037-490c-a14a-705bba3db226,Thumbelina,,C,1994,86,A,,True
1885,bb79ca1c-53b0-4a84-9e3a-3537bf6bfc13,Barbie in the 12 Dancing Princesses,,C,2006,83,A,,True
1886,0de74da4-9cb3-443b-82d6-3209a5184daa,Aladdin and the King of Thieves,,C,1996,80,A,,True
1887,f73bca40-768c-4035-a8bb-01278cf7b6c2,Alibaba 40 Dongalu,Ali Baba 40 Dongalu,C,1970,,L,,True
1888,7cd21085-1dcb-4744-a82a-05d620ed7ee8,Bagdad Gajadonga,,C,1968,165,L,I'm not sure of the colour or mode.,True
1889,a6f27322-609a-4ff2-a0c7-0b7b64fc8bea,Barbie of Swan Lake,,C,2003,81,A,,True
1890,1e219932-d525-495c-a2ec-7766b48dcf8c,Krasa nenaglyadnaya,"Beloved Beauty, My Breathtaking Beauty",C,1959,45,A,"I'm not sure of the origin.
Russian folk tales (AM)",True
1891,4e3c9147-0532-4a8f-9143-a1a3ec40f26f,Blitz Wolf,,C,1942,10,A,,True
1892,e047737e-af22-4e7e-9e76-1cb9acde5b53,Bremenskie muzykanty,The Bremen Town Musicians,C,1969,20,A,,True
1893,4f26b9b5-0d2a-4c04-96b9-4cbd50810171,The Brothers Grimm,,C,2005,118,L,,True
1894,6d9e97b3-2c55-4e97-ba6a-988121e92c02,The Candy House,,BW,1934,10,A,,True
1895,0ac8a467-d66e-442b-a82c-34e652939310,"Koshka, kotoraya gulyala sama po sebe",The Cat Who Walked by Herself,C,1988,70,A,,True
1896,e248e678-f0df-4ae8-a769-90df1388cef0,Dobrynya Nikitich i Zmey Gorynych,Dobrinya and the Dragon,C,2006,65,A,"I'm not sure of the origin. (Lexi)
Angela added Baba Yaga to origin (she's a character in the film)",True
1897,79b8300d-6030-4257-b261-8ed532e5fc3c,Zakoldovannyy malchik,"The Bewitched Boy, The Enchanted Boy",C,1955,44,A,"I'm not sure of the origin.
AM: Wonderful Adventures of Nils
https://en.wikipedia.org/wiki/The_Enchanted_Boy ",True
1898,3ec168b6-f1d6-4652-afce-be90fe676e9d,"Podi tuda, ne znayu kuda","Go There, Don't Know Where",C,1966,52,A,I'm not sure of the origin.,True
1899,87ebe0b3-924a-4ad8-a82f-dcc462ab9011,Grandma's Pet,,BW,1932,7,A,,True
1900,391688f8-8aa6-49fe-88bb-fa2b2ce7bf8e,Hoffmaniada,"Gofmaniada, Гофманиа́да",C,2018,78,A,,True
1901,9d2d295a-4204-4ddf-8cad-5a3398786191,Konyok-gorbunok,The Humpbacked Horse,C,1941,76,L,,True
1902,14e61bb5-004f-4cfe-bd9d-5bdee03ff15a,Kirikou et les hommes et les femmes,Kirikou and the Men and Women,C,2012,88,A,I'm not sure of the origin.,True
1903,26f6737b-477d-4019-821e-3079d4859195,Smekh i gore u Bela morya,Laughter and Grief by the White Sea,C,1987,59,A,,True
1904,cf511db1-ee3d-4745-9e20-2392bad3df94,Jack the Giant Killer,The KO Kid,BW,1922,7,A,,True
1905,054d88e9-40d0-4fc4-9487-1831f6012777,The Grasshopper and the Ants,Silly Symphonies,C,1934,8,A,,True
1906,c9035773-d1ac-42d2-98d7-2f85de3c4a8f,The Wise Little Hen,Silly Symphonies,C,1934,8,A,,True
1907,746c4a9a-14f3-4739-874c-5f78b4729634,Chicken Little,,C,1943,8,A,,True
1908,e4513873-5685-4aac-9b57-a4a9077a2e3a,DuckTales the Movie: Treasure of the Lost Lamp,,C,1990,74,A,,True
1909,ec25b6f4-d909-4706-9d3e-9945260d37fc,A Bug's Life,,C,1998,95,A,,True
1910,fb1b38ab-5550-4c2e-9d21-45637c7850ff,Chicken Little,,C,2005,81,A,,True
1911,138faf1d-639d-42f3-a024-53e3b473f4be,Minyeo-neun goerowo,200 Pounds Beauty,C,2006,120,L,,True
1913,1c3a665f-826a-485c-a771-6054de39cf30,Karlik Nos,Little Longnose,C,2003,82,A,,True
1914,9f919fe6-f64a-4d66-aeed-5bfeaffd1797,Kolybelnye mira,Lullabies of the World,C,2008,,A,"I'm not sure how to label the origin of this collection. They're short films in music video style, set to recordings of traditional lullabies from around the world.",True
1915,97a44a88-fdf3-4476-aacf-296de7361de9,Čudotvorni mač,The Magic Sword,BW,1950,101,L,,True
1916,bb3a58be-7c51-4909-b374-de09e9da27a5,Mother Goose Melodies,Silly Symphonies,BW,1931,8,A,,True
1917,2ce27db2-09dd-4cb4-b278-819cc812e010,Nesmrtelná teta,"The Immortal Aunt, The Immortal Woman",C,1993,95,L,"Based on the story ""Reason and Happiness""
https://en.wikipedia.org/wiki/Nesmrteln%C3%A1_teta
https://www.csfd.cz/film/10086-nesmrtelna-teta/prehled/

https://cs-m-wikipedia-org.translate.goog/wiki/Nesmrteln%C3%A1_teta?_x_tr_sl=cs&_x_tr_tl=en&_x_tr_hl=en&_x_tr_pto=nui,sc",True
1918,923cbd28-c1e7-4587-848c-690bcf41c4cd,Once Upon a Girl...,,C,1976,77,M,"From Jack Zipes' donation, box 6",True
1919,c1fdb844-869a-46fb-b46d-850325bcabf6,Taketori monogatari,Princess from the Moon,C,1987,121,L,"I'm not sure of the origin.
AM updated origin to Kaguya Hime",True
1920,c3d37847-23b8-4dea-abc9-1d58811c5484,Rusalka,Mermaid,C,1997,10,A,I'm not sure of the origin.,True
1921,62f751f8-d7d6-4c19-a0d6-8f02598602d0,Sat Bhai Chompa,,BW,1968,,L,"I'm not sure of the colour or mode.
AM: Colour added to IMDb page, so that's confirmed. Mode appears to be live too. ",True
1922,1e40858e-213c-4bba-94af-91821917af9f,Saat Bhai Champa,,C,1978,82,L,,True
1923,1e15a6c1-cfc7-4f39-abf9-293253b38af2,The Snow Queen's Revenge,,C,1996,64,A,,True
1924,38a19f15-73c8-4966-bc51-19e947e1e870,Spike,,C,2008,80,L,,True
1925,b0b90cf1-705d-4b88-8316-ffec9dd53fe6,The Swan Princess,,C,1994,90,A,,True
1926,d9adc9c1-a757-479b-bd0c-d45f93321873,The Swan Princess: Escape from Castle Mountain,,C,1997,71,A,,True
1927,0c2cfc12-2732-4062-ac7c-511a247da9f5,The Swan Princess: The Mystery of the Enchanted Treasure,,C,1998,71,A,,True
1928,0779414b-5647-4f63-ac55-e69798947350,Skazka O Pope I Rabotnike Ego Balde (Bazar),The Tale about the Priest and His Worker Balda (The Market),C,1930,6,A,I'm not sure of the origin.,True
1929,4aad6aae-cb21-4688-89ee-f0600b0de32d,Sekai meisaku dôwa: Mori wa ikiteiru,Twelve Months,C,1980,65,A,I'm not sure of the origin.,True
1930,a871d794-666b-466a-8e37-c5bd810f82ec,Au bout du conte,Under the Rainbow,C,2013,112,L,,True
1931,b01191a2-154b-44e8-9058-714a46ddd395,3 Pigs and a Baby,Unstable Fables: 3 Pigs & a Baby,C,2008,76,A,,True
1932,fcdda94f-121d-4353-8210-5992dc473c1e,Tortoise vs. Hare,Unstable Fables,C,2008,80,A,,True
1933,17dffc3a-5ccf-4a7a-83c4-1156dcb6d784,The Goldilocks and the 3 Bears Show,Unstable Fables,C,2008,,A,,True
1934,1ffd62f3-6931-416b-bf8b-7641a7ad5a0d,The Swan Princess Christmas,,C,2012,90,A,,True
1935,95ab6c8f-a6d4-4919-aa73-03ccaea128df,The Swan Princess: A Royal Family Tale,,C,2014,83,A,,True
1936,759aa6dd-1f17-4a9d-87aa-aea8aa5c7325,Pochemu u lastochki khvost rozhkami,"Why the Swallow's Tale is Double, Why the Swallow Has the Tail with Little Horns",C,1967,10,A,,True
1937,ccb39161-8a46-40f3-9235-6847d8a8c27a,The Windblown Hare,Looney Tunes,C,1949,7,A,,True
1938,28d213ab-c37b-4c19-a1d2-4044727688bb,Legend,,C,1985,89,L,"I'm not sure of the origin.
AM: Origin, at least in part, is ""Jenny Greenteeth"": https://en.wikipedia.org/wiki/Jenny_Greenteeth#In_popular_culture
https://en.wikipedia.org/wiki/Legend_(1985_film)",True
1939,17cbd12b-365f-48f1-9970-ea70f3ed6e25,Willow,,C,1988,126,L,,True
1940,79fe925f-b868-4f8f-ac50-fbc7ba5a4930,La cité des enfants perdus,The City of Lost Children,C,1995,112,L,,True
1941,83e6ef9b-d3ff-4940-a1b6-fd79a1cdfce4,Kismet,,BW,1943,143,L,,True
1942,98ea8228-137f-4217-b7b5-43040052819d,Goldilocks and the Three Bears,,C,1958,11,L,,True
1943,6b052dd8-3208-47d5-962e-97b044c809e8,Alice's Wonderland,"Alice Comedies, Alice in Cartoonland",BW,1923,12,M,,True
1944,a3e5ddbe-6ead-4630-aad0-5320d1943145,The Storybook Review,"Mother Goose Stories: Humpty Dumpty, Little Miss Muffet, Old Mother Hubbard, The Queen of Hearts",C,1946,11,A,,True
1945,13617537-35f0-49ee-ba7a-1514eb670b83,The Magic Land of Mother Goose,Santa Visits the Magic Land of Mother Goose,C,1967,59,L,,True
1946,8d25d5bd-216a-46cb-85ec-e13359196a4c,Nursery Scandal,,BW,1932,5,A,,True
1947,1371184a-54a1-4f86-a0ae-408a8989fa2d,Black Swan,,C,2010,108,L,,True
1948,9fa6540d-a997-4d59-81c4-6c835797173d,Tonari no Totoro,My Neighbor Totoro,C,1988,86,A,,True
1949,f3d2b317-38b4-46f0-8654-b9bcbce9ffe0,Harry Potter and the Philosopher's Stone,Harry Potter and the Sorcerer's Stone,C,2001,152,L,,True
1950,ba6e171e-d7c2-499b-912d-7f96c0ed18d0,Harry Potter and the Chamber of Secrets,,C,2002,161,L,,True
1951,684aebcd-73a1-4c49-a446-5dcb709352be,Harry Potter and the Prisoner of Azkaban,,C,2004,142,L,,True
1952,069ad380-ab9b-4c6b-a177-71b0eda3d395,Harry Potter and the Goblet of Fire,,C,2005,157,L,,True
1953,def21606-d56d-4c3c-8a82-7adc5f44bfef,Harry Potter and the Order of the Phoenix,,C,2007,138,L,,True
1954,9e3c915c-8b8d-4b9b-9789-7f1b76253fa9,Harry Potter and the Half-Blood Prince,,C,2009,153,L,,True
1955,61ef0eaa-e17c-4c5e-b144-98e6984a0ce6,Harry Potter and the Deathly Hallows: Part 1,,C,2010,146,L,,True
1956,bc07d418-3ae6-476a-ac04-9fb89c4a9b28,Harry Potter and the Deathly Hallows: Part 2,,C,2011,130,L,,True
1957,c1bccf42-764f-405d-b38b-b6fd1fb165ab,Amélie,Le fabuleux destin d'Amélie Poulain,C,2001,122,L,,True
1959,8a941fbe-6baa-4e0f-a15c-0bfc422859d8,Troll 2,,C,1990,95,L,,True
1960,e5c57e15-839c-4892-85cf-0c0ad591a2a7,Troll,,C,1986,82,L,,True
1961,931f4d75-abae-4a2f-9f2b-df3ba0a438e5,The Tale of Despereaux,,C,2008,93,A,,True
1962,40bba024-2a50-4b35-ad47-f3630bd068bd,The Gingerbread Man,,C,1998,114,L,,True
1963,4f96c232-e1f1-4013-9d1e-ab538972a295,Kazaam,,C,1996,93,L,,True
1964,11dc9eed-8849-4fa6-8b7d-34b4d588c750,FairyTale: A True Story,,C,1997,99,L,https://en.wikipedia.org/wiki/Cottingley_Fairies,True
1965,ecfc4143-5b62-4a1c-a65b-301c6832a9aa,Mio min Mio,Mio in the Land of Faraway,C,1987,99,L,I'm not sure of the origin.,True
1966,310cd0cc-02ed-4fa9-aa50-5a7d7b503085,A Simple Wish,The Fairy Godmother,C,1997,89,L,I'm not sure of the origin.,True
1967,5c4e431e-3740-4216-8771-236fb3b6ef87,Lawn Dogs,,C,1997,101,L,I'm not sure of the origin.,True
1968,8005c1c9-2119-4105-bbf9-00e8f3c76e9a,7 Zwerge — Männer Allein Im Wald,"Seven Dwarves, 7 Dwarves, Seven Dwarfs — Men Alone in the Forest, 7 Dwarves — Men Alone in the Woods",C,2004,95,L,,True
1969,fc2ecf08-7684-4b99-82d4-9451f77dd75f,Paheli,,C,2005,140,L,"I'm not sure of the origin.
https://en.wikipedia.org/wiki/Paheli",True
1970,2531a8b8-c518-4892-a8a2-6077c3be5b10,The Matrix,,C,1999,136,L,"Rieder, John.  2017. Science Fiction and the Mass Cultural Genre System. Middletown, CN: Wesleyan University Press.",True
1971,d6b5a35c-d99f-4f35-8304-00c0b58ef0ea,Fehérlófia,The Son of the White Mare,C,1981,81,A,"I'm not sure of the origin.
Hungarian folk myth",True
1972,04f60b2a-471f-4ee1-8b50-1f7fc08684f9,Rabbit's Moon,,BW,1950,7,L,"I'm not sure of the origin.
https://en.wikipedia.org/wiki/Rabbit%27s_Moon ",True
1973,e9a8109b-63d8-4b2f-bca9-4e27dd20e457,Mondo candido,,C,1975,107,L,,True
1974,7fb58d5a-1e85-4900-80a3-a4173b719c81,Lesnaya pesnya: Mavka,Lisova pisnya. Mavka; A Story of the Forest: Mavka,C,1981,83,L,,True
1975,2ef9f7b1-fdce-4b58-95f4-809d203ddf22,Idiots and Angels,,C,2008,78,A,,True
1976,bdac3702-d6b2-42a1-9082-5ffd2f0c63eb,As You Like It,,BW,1936,96,L,,True
1977,70601830-1de3-43f6-9943-726b89f0ca6b,Tinker Bell,,C,2008,78,A,,True
1978,fe77b460-966d-47e3-8fac-9811d46d49de,Tinker Bell and the Lost Treasure,,C,2009,81,A,,True
1979,850c7ec4-15c3-4d31-b067-47f48d7b9b3e,Tinker Bell and the Great Fairy Rescue,,C,2010,76,A,,True
1980,50fecf87-0af4-4b39-b8ca-f7442811bb00,Tinker Bell and the Secret of the Wings,,C,2012,75,A,,True
1981,981ce058-e3bb-4b29-9e5c-89b6684452ad,The Pirate Fairy,Tinker Bell and the Pirate Fairy,C,2014,78,A,,True
1982,d3176780-b669-4a7e-9752-3cb7dacc9cab,Finding Neverland,,C,2004,106,L,,True
1983,ef6103fe-f0e3-4e96-b80a-a59a05cf4ba2,Aladdin and His Wonderful Lamp,,BW,1913,,U,,True
1984,2211b092-734e-49c2-a33c-2fe41dac102d,Aladdin and the Wonderful Lamp,Aladdin,BW,1899,,U,,True
1985,83d97c9e-ced8-457a-bd95-fb7060c1c61d,Aladdin and the Wonderful Lamp,,BW,1924,,A,https://www.bcdb.com/cartoon/24916-Aladdin-And-The-Wonderful-Lamp,True
1986,14202d72-a5dc-428a-b158-479c11d77d1f,Aladdin and the Wonderful Lamp,,BW,1927,,U,,True
1987,689ee237-5900-4e86-923a-77607e370dcb,Aladdin Aur Jadui Chirag,Aladdin and the Wonderful Lamp,BW,1952,,L,,True
1988,08426c22-346f-44a5-acfa-6f9ef541d52d,Aladdin and his Lamp,Aladdin,BW,1901,,L,"https://www.youtube.com/watch?v=1-H7BTEU2gk
",True
1989,e566f190-90de-4e1e-840a-73304b127968,Aladdin and His Lamp,,BW,1928,,U,,True
1990,b7c86247-f3f6-4083-82d6-947781bdc7fd,Aladdin,,BW,1922,,U,,True
1991,9395b3df-ffcf-4c48-b6e9-2660e178da80,Aladdin's Lantern,,BW,1938,10,L,https://en.wikipedia.org/wiki/Aladdin%27s_Lantern,True
1992,08a08154-91c0-47a0-9a47-72dc19b6a2cd,Adventures of Aladdin,,C,1978,,L,,True
1993,4cecb1cf-a024-4dc4-a148-190aca528486,Alibaba and the Forty Thieves,,BW,1903,,L,,True
1994,34174b91-9759-48a7-85be-200ab6d1e67d,Lal-e-Yaman,,BW,1933,158,L,https://www.youtube.com/watch?v=dUkhYH9TJOQ,True
1995,1cfb0349-994b-4dbb-9fda-e72a078c901e,Hoor-E-Arab,Alladdin and the Magic Lamp,BW,1928,,L,"https://indiancine.ma/YF/info
https://www.moviebuff.com/hoor-e-arab
https://www.cinestaan.com/movies/hoor-e-arab-13048/cast-crew",True
1996,ba0d5e5f-28f9-4c82-b647-bf0b063409ca,Ali Baba and the Forty Thieves,,BW,1932,,L,,True
1997,8f0fd61d-c3dd-4514-9a95-663cedfa18cd,Jai Kumari,Hoor-Al-Bahar,BW,1925,,U,,True
1998,21cae85c-33ed-414e-9308-b29d81a7b7e4,Hatimtai,,BW,1929,,U,https://www.cinestaan.com/movies/hatim-tai-13132/cast-crew,True
1999,a5a97548-2fbf-49a8-a0b1-5bba617ce79f,Baghdad Nu Bulbul,Siren of Baghdad,BW,1931,127,L,"https://www.goldposter.com/movie/1031117/
https://www.moviebuff.com/baghdad-nu-bulbul
https://www.cinemaazi.com/film/baghdad-nu-bulbul-1931
https://www.cinestaan.com/movies/bagdad-nu-bulbul-13403/cast-crew",True
2000,4df37684-27e6-470c-9af9-8857ad87dfda,Alif-Laila,,BW,1953,,L,,True
2001,b2ca44b5-f7f0-4201-8b43-0750b0da32b0,Noor-E-Yaman,,BW,1935,,L,"https://www2.bfi.org.uk/films-tv-people/4ce2b88dcecee
https://www.cinestaan.com/movies/noor-e-yaman-292/cast-crew",True
2002,c8e6023c-25f3-4706-a010-54a1f2dba753,Alibaba,,BW,1937,133,L,,True
2003,f7bedfbd-2ae5-4173-9641-ec39bd7031e5,Alibaba and 40 Thieves,,BW,1954,,L,,True
2004,fc454c2d-1879-4474-8bb8-9ad85994a17a,Alibaba Aur 40 Chor,Ali Baba and 40 Thieves,C,1966,154,L,,True
2005,b084d155-1df0-49c8-b0cb-25f5d7f5b88b,Aladdin,,BW,1898,,L,,True
2006,24c99936-7322-4da5-b1f6-666f74386892,La belle et la bête,Beauty and the Beast,C,2014,112,L,,True
2007,517c9b1a-6f61-40af-9160-7684c43373d0,Robin Hood: Prince of Thieves,,C,1991,143,L,,True
2008,d5d9ae8b-6a17-4275-a86e-ffb143a8042d,A Lobster Tale,,C,2006,95,L,,True
2010,fc64b074-24bd-48c3-8c2e-34fd60c28107,Tall Tale,Tall Tale: The Unbelievable Adventure,C,1995,98,L,,True
2011,631d8d0f-86b2-4155-a246-1c6a29afdf25,Three Wishes,,C,1995,115,L,,True
2012,abc69f4a-6300-4477-9d00-505563666fc1,Tom's Midnight Garden,,C,1999,107,L,,True
2013,411c6ed1-263b-40f8-97ed-818a6a409c1e,The Odd Life of Timothy Green,,C,2012,105,L,,True
2014,ef485fd4-095f-4093-8653-456dd26ea78f,Nanny McPhee,,C,2005,97,L,,True
2015,e299fa11-82a9-4938-9bd4-8a4adc649eb2,Nanny McPhee and the Big Bang,Nanny McPhee Returns,C,2010,109,L,,True
2016,8f0d447e-f269-41d2-92c8-fb874da77e69,The Thief Lord,,C,2006,98,L,,True
2017,eb3503a0-088d-43dd-98d8-5f6ea5536c50,Matilda,,C,1996,102,L,,True
2018,2e3abac2-3a77-47e5-a280-851aa3133fcd,Mr. Magorium's Wonder Emporium,,C,2007,93,L,,True
2019,42a152b9-f0fa-4555-93a9-388125aee935,The Secret of Moonacre,,C,2008,103,L,,True
2020,5bf22d69-a5af-4371-9814-f16188d770cf,Inkheart,,C,2008,106,L,,True
2021,6a8892e2-e211-48db-b2f9-fc0b0ad3519d,Bedtime Stories,,C,2008,99,L,,True
2022,e109d7c6-74b9-4064-b5d0-459d08edba1e,"The Chronicles of Narnia: The Lion, the Witch and the Wardrobe",,C,2005,143,L,,True
2023,c3c44e4a-ff74-47e5-8cc9-9512d4828851,The Chronicles of Narnia: Prince Caspian,,C,2008,150,L,,True
2024,8e29f2f9-5493-4544-8446-7fa1c69b9e96,The Chronicles of Narnia: The Voyage of the Dawn Treader,,C,2010,113,L,,True
2025,b6bbeb80-57d0-426c-8170-1db0f3dc82a4,Prince of Persia: The Sands of Time,,C,2010,116,L,,True
2026,67d5b12f-fd64-493a-ba93-62607c335140,Excalibur,,C,1981,140,L,,True
2027,fa736414-c1b1-41b4-ab55-cf3e480fb1a6,DragonHeart,,C,1996,103,L,,True
2028,5a7f63d4-8c9c-48bd-80ab-9acf1c7e9438,The Green Mile,,C,1999,189,L,,True
2029,7130775a-cbe1-46ed-b631-28e4f2b0a0a8,Imaginaerum,Imaginaerum by Nightwish,C,2012,86,L,references to Snow White in one of the songs,True
2030,330a7c8c-4fe7-4768-b053-87f49dbfac9a,Faust: Eine deutsche Volkssage,Faust: A German Folk Legend; Faust: A German Folktale,BW,1926,85,L,,True
2031,9431818b-9f16-416d-8ce4-63f7787707e0,Faust,Lesson Faust,C,1994,97,A,,True
2032,ef4b2023-27ea-4d82-ae49-187f1b84f756,Robin Hood,,C,1973,83,A,,True
2033,b329ff70-f69f-4014-ba7e-8e409126f02c,Khoobsurat,,C,2014,130,L,,True
2034,10329016-718c-4dd5-820f-3074787f6cfd,The Brass Teapot,,C,2012,101,L,,True
2035,efdc3f88-d8e9-4e39-9ccb-5486184fac4a,Peter and the Wolf,,C,1946,15,A,,True
2036,dae6a04b-9de4-47c3-86ef-9c919123dbb0,Ruslan i Lyudmila,Ruslan and Ludmila,C,1972,150,L,,True
2037,09bfd243-76bb-4899-8233-abd8fa3133c6,The Tailor of Gloucester,,C,1988,30,A,,True
2038,677d4bfc-2f75-4efb-a6f1-e5156863a160,Boh lei chun,Gorgeous,C,1999,121,L,,True
2039,ce602780-e5db-48cf-9c81-bf02a24a0b7e,Into the Woods,,C,2014,125,L,,True
2040,81f04c9f-8fdc-4fc3-a69f-f988f6bb3aab,Il racconto dei racconti,The Tale of Tales,C,2015,134,L,,True
2041,38a10747-c8a6-4dbc-b4fb-f4b36baaaee7,Cinderella,,C,2015,105,L,,True
2042,5543ef4d-e995-4bee-af4e-aabde6601066,Pan,,C,2015,111,L,,True
2043,49ac3670-5883-465d-b4c1-7e746ee1f9b9,Trap for Cinderella,,C,2013,100,L,Supposedly a remake of the 1965 Piège pour Cendrillon,True
2044,a2e4d314-1cbf-4ae1-9081-28c73ecdf056,Thale,,C,2012,76,L,,True
2045,124fc1d6-f16f-408b-a929-1e00ef36c9c6,Bhavni Bhavai,,C,1980,135,L,I'm not sure of the origin.,True
2046,bd1740a7-9f84-4e58-be50-0aac2d61d19c,Kozí príbeh,Goat Story,C,2008,80,A,"The film poster says that it is based on Czech legends, but I can't find any further info on it.",True
2047,6ffcd62d-3d32-48b7-b149-53c2d43493ee,Tři bratři,Three Brothers,C,2014,,L,,True
2048,9723467e-507b-429b-a43c-5888718079c6,Kovár z Podlesí,The Blacksmith from Woodham,C,2013,,A,I'm not sure of the origin.,True
2049,ffe3cf52-d15f-48c2-832b-f89b995a2a5a,Perlicky na dne,Pearls of the Deep,M,1966,105,L,I'm not sure of the origin,True
2050,ff72a14a-6340-4291-88cc-29b04d96ce86,Tajemství hradu v Karpatech,The Mysterious Castle in the Carpathians,C,1981,97,L,,True
2051,df772799-1577-476a-8a7f-d7bbdd939315,Mach a Sebestová k tabuli!,,C,1985,68,A,I'm not sure of the origin.,True
2052,c25fc640-23ae-4d6f-aa63-9e193b5de46f,Tretí princ,The Third Prince,C,1983,84,L,,True
2053,9db9f0f7-c2e3-4831-bad0-001f7dda5acd,S certy nejsou zerty,Give the Devil His Due,C,1985,95,L,"I'm not sure of the origin.
https://en.wikipedia.org/wiki/Give_the_Devil_His_Due ",True
2054,d9eec17a-262f-4037-8a2e-8266d0bbcad2,Rumburak,Der Zauberrabe Rumburak,C,1985,90,L,I'm not sure of the origin.,True
2055,984cb0ab-cb5e-465f-83b7-c66a7fe973b8,Pohádka o Honzíkovi a Marence,"The Tale of John and Marie, The Tale of John and Mary",C,1980,65,A,I'm not sure of the origin.,True
2056,0f3d7049-3155-4de0-825a-128d22c5556b,Fimfárum do tretice vseho dobrého 3D,Fimfarum: The Third Time Lucky 3D,C,2011,75,A,,True
2057,795113a9-1bff-4ef5-b52c-1a053bef21d1,Princezna ze mlejna,"The Watermill Princess, Princess from the Mill",C,1994,99,L,"I'm not sure of the origin.
AM: Based on a Czech fairy tale but not sure of an ATU",True
2058,15d7cde5-74c0-401f-802a-5b8ad4f0c416,Fimfárum Jana Wericha,"Fimfárum, Jan Werich’s Fimfárum ",C,2002,100,A,,True
2059,28e3f9c6-f568-4f44-aeb4-c07ff991fc4a,Fimfárum 2,,C,2006,90,A,,True
2060,df519c92-f908-4e74-ab7f-e3b562f1ae39,Mala carodejnice,,C,1986,96,A,,True
2061,ecbe3b66-c77d-4009-8729-1741307924fb,Kozi pribeh se syrem,Goat Story 2,C,2012,83,A,"The first film in the series is billed as based on Czech legend, but I'm not totally sure that's an appropriate origin listing.",True
2062,bb8df47a-9963-4c18-9e0d-7864251a7b0f,Princezna ze mlejna 2,"The Watermill Princess 2, Princess from the Mill 2",C,2000,110,L,"I'm not sure of the origin.
AM: A Czech fairy tale, but not sure of an ATU",True
2063,fb99dd09-858d-4209-94cb-0f23b96d2323,Peklo s princeznou,It Is Hell with the Princess,C,2009,95,L,I'm not sure of the origin.,True
2064,16608e9c-99ba-4d8e-83ab-02b062a7aa86,Andel páne,,C,2005,90,L,,True
2065,0853d5ed-2a3e-4e99-8372-0f9e8525e899,Z pekla stestí,Helluva Good Luck,C,1999,111,L,,True
2066,8fcb2567-4f30-49ea-b8ba-6a441aedcc99,Certova nevesta,The Devil's Bride,C,2011,90,L,,True
2067,0b0bdd88-a906-4131-a7a9-9611c3039444,Jak si zaslouzit princeznu,How to Deserve a Princess,C,1995,72,L,,True
2068,27b6d326-3743-450c-bdf5-db6d1ce6aa67,Darbuján a Pandrhola,,C,1960,80,L,I'm not sure of the origin.,True
2069,db031f74-2c4c-4e76-b152-a78d4e8fb217,Cert ví proc,The Devil Knows Why,C,2003,98,L,I'm not sure of the origin.,True
2070,ebf597b4-d726-4b1d-8470-8cb34b35a4f1,Nejkrásnejsí hádanka,"Nekrásnější hádanka, The Loveliest Riddle",C,2008,98,L,"IMDb says the short story on which this film is based is called 'Jak princezna hádala, az prohádala'
",True
2072,52c6b782-2aef-44ce-9322-763eab5bd564,Strasidla z vikýre,Ghosts of the Dormers,C,1988,79,L,I'm not sure of the origin.,True
2073,09293110-3c72-41ea-ab4c-4140bf761073,Za humny je drak,,C,1984,91,L,"I'm not sure of the origin. IMDb lists Markéta Zinnerová as the author of a book related to the film, but the book by the same name was published after the movie was released.",True
2074,d2bf1f4e-586c-43c6-9305-0edf7952bdce,Nevesta s nejkrásnejsíma ocima,The Bride with the Most Beautiful Eyes,C,1978,82,L,I'm not sure of the origin.,True
2075,2cb62cf2-9189-4770-8ab4-0e5372b0bc63,Jestrábí moudrost,,C,1989,88,L,I'm not sure of the origin,True
2076,0eed9c99-ac5a-40ed-ab45-4d7d0903432f,Medved a strasidla,,BW,1960,51,L,I'm not sure of the origin.,True
2077,f2c54cf4-f631-4d25-bc6f-bcfd9c3c7880,Autopohádky,"Car Fairy Tales, Auto Fairy Tales",C,2011,85,A,I'm not sure of the origin.,True
2078,ff435944-a81c-4667-9032-827025db8676,Snehová královna,,C,1987,51,A,I'm not sure of the origin.,True
2079,88ea3928-0fa2-4b3d-aa4c-fd25b05a864f,Radúz a Mahulena,Raduz and Mahulena,C,1970,115,L,,True
2080,e31e4984-b97d-4b3e-8480-e26efb479a0c,Tri zlaté vlasy deda Vseveda,The Three Golden Hairs of Old Man Know-All,C,1963,68,L,,True
2081,a5ce0175-b8bb-413b-b17c-c22a35b1f213,Cert a Káca,"The Devil and Kate, Kate and the Devil",C,1955,46,A,"I'm not sure of the origin.
AM: Based on a fairytale by Božena Nemcová
https://www.bcdb.com/cartoon/65672-Cert-A-Kaca
https://www.youtube.com/watch?v=nIAijE932C4
https://www2.bfi.org.uk/films-tv-people/4ce2b733bea45
",True
2082,71e56efe-6307-4a8c-b88e-c03917671301,Honza málem králem,"Almost King, Wie Honza beinahe König geworden wäre",C,1977,86,L,I'm not sure of the origin.,True
2083,a8b65a27-ff12-4613-a543-17b866d4574f,"Smankote, babicko, caruj!",,C,1998,67,L,"I'm not sure of the origin.
AM: IMDb entry says it's based on an original script",True
2084,709e9e93-6243-4fd0-85e5-f4fe2c3fc7d2,Císar a tambor,,C,1998,,L,"I'm not sure of the origin.

AM - added some info from https://www2.bfi.org.uk/films-tv-people/4ce2b82a21fe2",True
2085,14af68d8-fd89-4dd4-ba83-b0a4096642c5,Deváté srdce,The Ninth Heart,C,1979,90,L,I'm not sure of the origin.,True
2086,81250092-e410-4b5f-8cd0-5b6248ce21a9,Lotrando a Zubejda,Ruffiano and Sweeteeth,C,1997,106,L,I'm not sure of the origin.,True
2087,c1e86915-3b2c-4e72-93c5-4d7169971460,"O trech rytírích, krásné paní a lnené kytli","Of Three Knights, a Beautiful Lady and a Linen Sark",C,1996,76,L,I'm not sure of the origin.,True
2088,7e44dc92-2b45-470a-b191-5ac36a77b69b,O perlove panne,The Pearl Maiden,C,1997,75,L,I'm not sure of the origin.,True
2089,8ac9c491-0ff4-4056-b676-4e51fc5a6adc,O zatoulané princezne,,C,1987,94,L,I'm not sure of the origin.,True
2090,6d0bb328-882b-4cb8-af8b-0271dd2d4b59,Perníková chaloupka,Gingerbread House; The Gingerbread House,BW,1933,,L,"I'm not sure of the origin.
AM: Hansel & Gretel
https://letterboxd.com/film/pernikova-chaloupka/
https://cs.wikipedia.org/wiki/Jen%C3%AD%C4%8Dek_a_Ma%C5%99enka
https://www-fdb-cz.translate.goog/film/pernikova-chaloupka/15660?_x_tr_sl=cs&_x_tr_tl=en&_x_tr_hl=en&_x_tr_pto=sc
",True
2091,3ca364d4-071c-4191-bd3e-e3338e03bf9b,Destová víla,The Rain Fairy,C,2010,100,L,,True
2092,3e7b6356-ba6b-43b3-b658-420c18d84342,Carovné dedictví,,C,1986,77,L,I'm not sure of the origin,True
2093,b8fb18ba-47c6-4bca-8e8b-482a14cac6f2,Pro barana i kozla,About a Sheep and a Goat,C,2004,11,A,I'm not sure of the origin.,True
2094,d0a5c8cc-d983-4d56-885c-ccf13b37390e,Prikliucheniia Alenushki i Eremy,The Adventures of Alenushka and Erema,C,2008,,A,,True
2095,1bc7cda3-fa08-4290-8c4f-775470f2cdd3,Alyosha Popovich i Tugarin Zmey,"Alyosha Popovich and Tugarin Zmey, Alyosha Popovich and Tugarin the Snake, Олешко Попович і Тугарин Змій, Alosha and the Snake, Alesha Popovich and the Snake",C,2004,72,A,,True
2096,6ee7bc9e-7d70-4a9e-8979-caf5b22445c2,Babka Ezhka i drugie,"Babka Ezhka and Others, Babka Yozhka and Others, Babka Yozhka i drugie",C,2006,70,A,"I've included the link cited in Balina and Beumer's article, as it is the most complete and stable source I was able to find online. I haven't included all the people associated with the film, as the info available differs from what is in the article.

Date corrected from Forrester et all article.
IMDB link says 2008, but I've left it as 2006

https://letterboxd.com/film/babka-ezhka-and-others/",True
2097,f5cc2f80-b813-4d6b-acfd-f451ace20d5a,Kain XVIII,Cain the 18th,C,1963,94,L,I'm not sure of the origin.,True
2098,017a91e7-8261-4e3b-9bd3-f7dd7351e9e4,Ded Moroz i seryy volk. Novogodnyaya skazka.,"Father Frost and the Grey Wolf, Ded moroz i sery volk",BW,1937,11,A,,True
2099,3fe65a5b-30c0-4e45-8535-ad669e10ec9b,Skazka o rybake i rybke,The Fisherman and the Fish,BW,1937,28,A,,True
2100,5de0563a-d298-41c9-a5b2-d0a7621f18c3,Gusi-lebedi,"Geese-Swans, Гуси-лебеди",C,1949,12,A,,True
2101,375951aa-7380-45f6-b84b-80823a85d26a,Kak poimat' pero zhar ptitsy,How to Catch the Firebird’s Feather,C,2013,80,A,I'm not sure of the origin.,True
2102,e0d45242-d319-4c17-902d-6aa932229cf6,Hedgewitch,,C,2007,8,L," https://www.youtube.com/watch?v=JuwFubR5vMo ",True
2103,3537e92d-24d7-47f7-b944-8ed2b3cee791,Soľ nad zlato,"Salt & Gold, The Salt Prince",C,1983,100,L,,True
2104,531fdeaf-01a9-4ce3-9212-27c29aff9037,Il'ia Muromets i Solovei-razboinik,"Ilya Muromets i Solovey Razboynik, Ilya Muromets and Robber-Nightingale",C,2007,80,A,,True
2105,e2292e8d-1900-4305-ac9b-639b6d0aed88,Ilya Muromets,"The Sword and the Dragon, Ilja Muromez, The Epic Hero and the Beast, Илья Муромец",C,1956,83,L,"“The Epic Hero and the Beast” (1959) and “The Sword and the Dragon” (1963) are both significantly altered versions, but don't have their own IMDB pages",True
2106,2140ee48-cf54-4b68-a399-367b24b8bcaa,The 7 Adventures of Sinbad,,C,2010,93,L,,True
2107,17dccd4f-11e0-4fa9-9196-fc2162672f68,Sinbad: Beyond the Veil of Mists,,C,2000,85,A,,True
2108,9c22f11d-8a61-408a-a6fa-8a6222f15ad4,Kashchey bessmertnyy,"Kashchei Bessmertnyi, Kashchei the Immortal, Kashchey the Immortal",BW,1945,73,L,"I'm not sure of the origin.
AM: Slavic folklore
https://en.wikipedia.org/wiki/Kashchey_the_Immortal_(film)",True
2109,3cb8c56f-f5ab-4ee7-859a-ca0983cec29d,"Maiskaya noch, ili utoplennitsa","Maiskaia noch', May Nights",C,1953,61,L,,True
2110,981420a1-c91a-44bf-be46-f348bff77f0d,Die Nibelungen: Siegfried,Siegfried,BW,1924,100,L,,True
2113,ad266145-3d61-4817-82d2-bc74825e6251,Die Nibelungen: Kriemhilds Rache,Kriemhild's Revenge,BW,1924,144,L,,True
2114,1e080902-0a63-408c-aa25-4dca713363ef,Sinbad and the Minotaur,,C,2011,88,L,,True
2115,712c4073-7389-423d-ad55-d48aa85d9313,Sinbad e il genio del male,Sinbad and the Genie of Evil,C,2005,,A,"This listing is missing a ton of info, as there were no available stable links other than amazon and other retail sites.",True
2116,b857212c-3096-4c44-a9eb-6095fa6959f3,Zlydni,"Meanies, Злидні",C,2005,12,A,"Re origin: https://popkult.org/zlydni/, ethnic folklore",True
2117,a96c35bf-7f89-41cc-9cc4-15e215c1eb01,Mergen,,C,2013,13,A,,True
2118,a318de19-660b-4378-910b-35744b5336cb,"Novye prikliucheniya Babki Ezhki ",The New Adventures of Babka Ezhka,C,2007,75,A,,True
2119,003cb802-aa77-48ca-9496-68e3f84c70cb,Shchelkunchik,"The Nutcracker and the Mouseking, The Nutcracker, The Nutcracker and the Mouse King, Щелкунчик и Мышиный король",C,2004,82,A,,True
2120,ec0e9e7d-e055-42ac-846e-3e3d0f180745,Po shchuch'emu veleniiu,"Po shchuchemu veleniyu, By Pike, On the Pike’s Command",BW,1938,60,L,,True
2121,da5a0cd8-f37f-4dda-9502-8dacde8d3fe2,В некотором царстве,"V nekotorom tsarstve, Once Upon a Time…, In a Certain Kingdom",C,1957,28,A,,True
2122,f2e9ba70-5052-4499-a178-5e04a39adcb3,Ivan Tsarevich i Seryy Volk,"Prince Ivan and the Grey Wolf, Ivan Tsarevich and the Gray Wolf, Ivan Tsarevich & the Grey Wolf, Иван Царевич и Серый волк",C,2011,75,A,,True
2123,0c424e57-9b82-43db-a54a-1b31ad9ece7f,Ivan Tsarevich i Seryy Volk 2,"Prince Ivan and the Grey Wolf 2, Ivan Tsarevich and the Gray Wolf 2, Иван Царевич и Серый волк 2",C,2013,85,A,,True
2124,6133e1ee-e80b-4239-a1c1-dc39dcebe9e3,Samoedskii mal'chik,The Samoyed Boy,BW,1928,7,A,,True
2125,70ec854b-ba78-461e-9bd5-3cfb1601d93c,Ten,The Shadow,C,1971,86,L,,True
2126,5e361821-e576-4e73-a6f1-bd2c5f66962a,Sestritsa Alenushka and bratets Ivanushka,Sister Alenushka and Brother Ivanushka,C,1953,11,A,I'm not sure of the origin.,True
2127,a30cdf00-a2d9-4108-8541-45dbe42eb75c,Skazka o mertvoi tsarevne i semi bogatyriakh,"The Tale of the Dead Princess and the Seven Knights, The Tale About the Dead Princess and Seven Strong Men",C,1951,30,A,,True
2128,6bfab7c5-7c27-4782-8809-83d09b54a3b7,Tot samyy Myunkhgauzen,"Tot samyi Miunkhgauzen, That Very Münchausen, The Very Same Munchhausen",C,1973,142,L,,True
2129,fe027709-7afe-4250-b106-cfc4c3cb3118,Tri tolstyaka,"Tri tolstiaka, The Three Fat Men",C,1966,92,L,,True
2130,161a5b20-ac33-4937-bee7-e7fe0ce2ff01,Tri bogatyria i Shamakhanskaia tsaritsa,"How Not to Rescue a Princess, or Three Knights and the Queen of Shamakhan",C,2010,75,A,I'm not sure of the origin.,True
2131,45f93f3f-102d-496c-abcf-486eb14a01ef,Tri bogatyrya na dalnikh beregakh,"Three Heroes on Distant Shores, Tri bogatyria na dal'nikh beregakh, Three Knights on Distant Shores",C,2012,65,A,"I'm not sure of the origin (Lexi)
Added Baba Yaga as origin (Angela)",True
2132,2a4f31da-5a7e-4af2-b33b-9378e358a73d,A Cinderella Story: Once Upon a Song,,C,2011,88,L,,True
2133,f71ee857-ea3d-4b68-913d-131b5f639364,Sint,Saint,C,2010,85,L,,True
2135,7f52e47b-6c13-4bca-a032-c3c09d2b087a,Aladin,Alladin; Alladin of the Marvelous Lamp,C,1906,,L,cited in Kennedy and Warner Scheherazade,True
2136,2e07cc1c-2319-4527-9b02-289a85a439ae,Aladdin,,BW,1931,,L,Kennedy and Warner Scheherazade http://chiloka.com/movie/alladin-and-his-wonderful-lamp-1933,True
2137,cba30f36-8a60-49bb-8c43-6553ad5672f5,The Sindbad Voyage,,C,1992,54,L,"http://dla.library.upenn.edu/dla/vcat/record.html?id=VCAT_3215807  Iffy, released by Films for the Soc Scis and humanities
https://www2.bfi.org.uk/films-tv-people/4ce2b76c29f6f - listed as 1980",True
2138,f68a3db7-95fd-45ef-a6b1-63818a75cb5d,Alibaba Aur Chalis Chor,Alibaba and the Forty Thieves,BW,1932,,L,,True
2139,90ac82e9-0024-4f35-aed6-e4c551432dba,Hatimtai,Hatim Tai,C,1956,142,L,https://en.wikipedia.org/wiki/Hatim_Tai_(1956_film),True
2140,c3419670-3e46-436d-819c-a419bd915039,Diuimovochka,"Dyuymovochka, or Thumbelina",C,1964,30,A,,True
2141,cbc25a9a-78ac-4d16-9529-559edbeaec40,Gadkiy utyonok,"The Ugly Duckling, Гадкий утенок",C,2010,75,A,,True
2143,95f8014c-9137-4f06-aad4-48733ad2faef,Volk i semero kozliat,The Wolf and the Seven Goats,C,1938,,A,"I'm not sure of the colour or the mode, and I couldn't find any info beyond what's provided in Balina and Beumer's article.",True
2144,d035ca7b-353b-4ff7-99f6-1546596326dd,Zhikharka,,C,2006,12,A,I'm not sure of the origin.,True
2145,345fbb9c-4f51-49a8-907e-c31aaa15cca6,Allegro non troppo,,M,1976,85,M,I'm not sure of the origin.,True
2146,bfe8951c-e579-4e25-bcfa-a45ed70caa7a,"Amore, pane e fantasia","Bread, Love, and Dreams",BW,1953,93,L,,True
2147,94e7d45b-0d76-4a35-b49b-e8b7726d6e47,Il cavaliere inesistente,The Nonexistent Knight,C,1970,97,M,,True
2148,b9b9c140-b5af-4d56-9cad-7312dfc6700c,Le avventure di Pinocchio,,BW,1936,60,A,,True
2149,2a237b6a-690f-4d50-ba5e-6ea13f529740,Pinocchio,,C,2012,75,A,,True
2150,612a1395-3223-4b56-98ef-21c256bcba03,Pulcinella e il pesce magico,,C,1981,11,A,,True
2151,1a4b3114-5f93-45c0-9094-8f8fd9fd735d,"Pane, amore e.....",Scandal in Sorrento,C,1955,92,L,,True
2152,dcb59e31-c496-45b4-83be-f1c0900065c5,Desideria e l’anello del drago,The Dragon Ring,C,1994,114,L,I'm not sure of the origin.,True
2153,b97bfb98-8e11-4baf-be61-3fefdbd2933a,The Italian Key,,C,2011,92,L,,True
2154,74719fad-89a9-45de-adcf-398ec6a5a662,Il flauto magico,The Magic Flute,C,1978,54,A,,True
2155,4cd317b3-1c31-435c-ace9-acead5dc198b,Gekijô-ban - Bishôjo senshi Sêrâ Mûn S,Sailor Moon S the Movie: Hearts in Ice; Sailor Moon S: The Movie - Hearts in Ice,C,1994,60,A,,True
2156,3c5229ae-7631-4b6f-9b6d-c8f4114118a5,Tayna snezhnoy korolevy,The Secret of the Snow Queen,C,1986,140,L,,True
2157,1c8034f7-4eab-47e9-834c-aea6b3eb4132,Snezhnaya koroleva 2: Snezhnyy korol,The Snow Queen: Magic of the Ice Mirror; The Snow Queen 2: The Snow King; The Snow Queen 2: Refreeze,C,2014,78,A,,True
2158,c00c5de3-4197-49ab-b8fd-05ee09805cee,Lumekuninganna,The Snow Queen,C,2010,99,L,,True
2160,7fb104e2-8ea5-4555-a828-470a5c730957,A Cautionary Tail,,C,2012,15,A,http://www.acautionarytail.com,True
2161,00582a97-c26e-4f51-8b20-98b404d841cf,Alice Through the Looking Glass,,C,1987,73,A,,True
2162,d69a68aa-d035-4a18-bf5b-2a859843b0ff,The Bronze Mirror,,C,2007,7,L,"I'm not sure of the origin.
AM: Choi Tale Type 500, 'The people Who Saw a Mirror for the First Time' = ATU 1336A, 'Man does not Recognize his own Reflection in the Water (Mirror)' 
https://www.jstor.org/stable/25188647?seq=1#metadata_info_tab_contents ",True
2163,cc61c26f-fd93-40c5-8cd7-c2f9beb379b2,Butterflies,,C,2012,12,A,,True
2164,fbe48db3-9f19-410a-9579-11d8b41b8240,Cinderella,,C,1996,51,A,,True
2165,5ed0dcc0-1371-41ba-b126-3b96d7209c79,Don't Be Afraid of the Dark,,C,2010,99,L,,True
2166,13e8fee4-7aab-44a6-95ba-cc06d9a27968,Dot and the Kangaroo,,C,1977,71,M,,True
2167,345996a9-e520-4d19-b881-5382baa53b5c,FernGully: The Last Rainforest,,C,1992,76,A,,True
2168,e55a44ad-9d49-47b9-8339-a1e2a9c72f5f,The Goat That Ate Time,,C,2007,7,A,,True
2169,d68ff963-7eb7-446a-a9cb-535d8fedc36a,Hansel & Gretel,,C,1997,50,A,,True
2170,dae2323b-851f-4899-9033-603dfa6bf6d9,Harvie Krumpet,,C,2003,23,A,I'm not sure of the origin.,True
2171,1b598813-3878-48dc-b345-839e567d38e3,Hugo,,C,2008,14,L,,True
2172,c925a059-482f-4a28-8880-6faa65e501f8,The Lost Thing,,C,2010,15,A,,True
2173,4e24750e-7568-4403-8cba-bcf68b871e53,Souvenir,,C,2011,,A,"I couldn't find any sources/links for this film, outside the ""Australian Fairy Tale Films"" filmo (Elizabeth Bullen and Naarah Sawers).",True
2174,90b2415b-0faa-4a05-a808-c3ee0d25d1d6,The Emperor's New Clothes,,C,1991,50,A,,True
2175,075fa6f8-9393-41df-aac5-1ecc8d9ab249,Thumbelina,,C,1993,50,A,,True
2176,cdb8aaa1-7e33-4d8a-be85-7cd6e158863f,Zero,,C,2010,13,A,I'm not sure of the origin.,True
2177,ea1557f7-41ff-4e0a-9974-13fae7f8f6fc,Bajka,"A Fairy Tale, A Tale",C,1968,10,A,"https://www.youtube.com/watch?v=nLCY5Wl6ZMA 
https://www.filmaffinity.com/au/film668574.html
",True
2178,85b52f98-06ef-4030-b941-1a003905fb6b,Bridge to Terabithia,,C,2007,96,L,,True
2179,63d1ebf1-7da6-4573-909e-eefd6655adc4,The Spiderwick Chronicles,,C,2008,96,L,,True
2180,636bef73-9564-4164-a83d-cc6942633750,Qian Nü You Hun,"Sien lui yau wan, 倩女幽魂, A Chinese Fairy Story, or A Chinese Ghost Story",C,2011,100,L,I'm not sure of the origin.,True
2181,917848ed-1eab-436b-9a77-8168d4281525,Cuento de hadas,Fairy Tale,BW,1951,81,L,I'm not sure of the origin.,True
2182,7bb38798-8d05-4e7e-a5dc-6580fe145d0e,Smooch,,C,2011,102,L,,True
2184,91dd5863-7363-44db-85d8-f51e86fcc0d3,Ambavi Suramis tsikhitsa,"The Legend of Suram Fortress, The Legend of the Surami Fortress",C,1985,88,L,"From Jack Zipes' donation, box 6",True
2185,45ea1d6b-b22c-4521-abbb-612210f32376,Yeelen,Brightness,C,1987,105,L,,True
2186,0e1b829d-6283-40d1-852a-e3e3a58ffd32,Ten Canoes,,M,2006,90,L,,True
2187,2c7b528e-dd02-4a30-89b4-0aa4f9ad8290,The Legend of Shangri-la,,C,2006,18,A,,True
2188,c8d1b935-bd0d-43f5-b068-8940718f65b2,Indigo,,C,2014,10,A,I'm not sure of the origin.,True
2190,c898b8bd-c2b7-48a8-a246-553fc6de8e9c,The Adventures of Robin Hood,,C,1938,102,L,,True
2191,cfb44419-134a-48fb-ba50-d8a904ff6b14,Le collier perdu de la colombe,The Dove's Lost Necklace,C,1991,86,L,"I'm not sure of the origin.
AM: This second feature in Nacer Khemir's ""Desert Trilogy"" is a visually ravishing folktale reminiscent of THE THOUSAND AND ONE NIGHTS. (from IMDb)",True
2192,e59db646-bbdd-4f99-aa88-12116403aba0,Bab'Aziz,The Prince Contemplating His Soul; The Prince that Contemplated His Soul,C,2005,98,L,,True
2193,c1c37090-9d34-4a1a-807e-372f222e1964,The Babadook,,C,2014,93,L,"I'm going Juniper Tree because it is about a mother who does wish her kid dead, and certainly acts murderously toward him.  Also fun that it's another woman director doing murderous mom!",True
2194,ebc3f28e-1b3d-4c38-b965-a3b70e00f485,Baba Jaga od 8.00 do 15.00,Baba Yaga from 8 a.m. to 3 p.m.,C,1985,10,A,"I'm not sure of the origin or the mode.
(AM) Both updated: https://www.filmweb.pl/film/Baba+Jaga+od+8.00+do+15.00-1984-262614",True
2195,3361178d-a121-450b-ad18-a31e63ee23f4,Prekrasnaya Lyukanida,"Beautiful Leukanida, Прекраѕная Люканіда",BW,1912,,A,,True
2196,cf6332e0-262c-4b06-af44-104c0ef29436,Dobranocka,Bedtime Story,C,1997,15,A,,True
2197,b2ee2c2c-aaa2-474d-a66d-54f5bfea0716,Duze zwierze,The Big Animal,M,2000,73,L,https://en.wikipedia.org/wiki/The_Big_Animal,True
2198,c71aa51a-200f-4a05-9a2e-d2a7f2b0bce9,Bulandra i diabeł,Bulandra and the Devil,C,1959,9,A,"https://rateyourmusic.com/film/bulandra_i_diabel/
https://www.filmaffinity.com/au/film578582.html",True
2199,bd3764b7-adcb-4aa1-9609-bdea45474e08,Pogrzeb kartofla,The Burial of a Potato,C,1990,96,L,,True
2200,730a0625-902f-488a-b504-277a6ae9f576,Wigilia w lesie,Christmas Eve in the Forest,C,1996,,M,,True
2201,e9b8c8b0-010a-45f0-a973-c69e3ffa38a1,Colargol i cudowna walizka,Colargol and the Magic Suitcase,C,1979,75,A,,True
2202,344b625a-4a10-4e7f-a799-46792cbffb64,Colargol zdobywcą kosmosu,Colargol Conquers Outer Space,C,1978,67,A,,True
2203,16511126-30f6-450d-9821-8f8e2fd40f0a,Colargol na Dzikim Zachodzie,Colargol in the Wild West,C,1976,75,A,"https://www.themoviedb.org/movie/694864-colargol-na-dzikim-zachodzie
https://filmpolski-pl.translate.goog/fp/index.php?film=429028&_x_tr_sl=pl&_x_tr_tl=en&_x_tr_hl=en&_x_tr_pto=sc",True
2204,cd7f2882-33c5-4e03-b5cd-2ee1bef8cf6a,Rozmowa z człowiekiem z szafy,Conversation with a Man from the Wardrobe,C,1993,90,L,,True
2205,3c6071ac-5798-4e1d-825b-0999c75907fa,Pierścień Księżnej Anny,Duchess Anna's Ring,C,1970,99,L,,True
2206,66e7e8cf-3bf9-4f38-b0f1-412d399e6f88,Dunia: tam i z powrotem,Dunia: There and Back,C,2003,7,A," https://www.youtube.com/watch?v=MgY4bABJBRQ ",True
2207,f371171c-05c1-49e8-a7f5-a43495e2b375,Eden,,M,2002,85,A,,True
2208,c75ce45c-d6bd-44eb-b947-0f54f2d8ad8c,Meñique y el espejo mágico,Tom Little et le Miroir Magique; The Princess and the Magic Mirror; Tom Little and the Magic Mirror,C,2014,78,A,,True
2209,d30dcae1-f233-451d-8afb-7e389937cecd,Jason and the Argonauts,,C,1963,104,M,Zipes Grimm Legacies,True
2210,bb4f2606-8ee5-47d8-b279-9952148112db,Jason and the Argonauts,,C,2000,180,L,,True
2211,5bf1613e-f8c3-4e99-8549-9d6058c8a20b,The Fool of the World and the Flying Ship,,C,1990,60,A,,True
2212,39e8f87f-8b30-4a69-88b6-a999bf0f7368,7 Zwerge — Der Wald Ist Nicht Genug,"Seven Dwarfs — The Forest is Not Enough, 7 Dwarfs — The Woods Are Not Enough, 7 Dwarves: The Forest Is Not Enough",C,2006,95,L,Zipes Grimm Legacies,True
2213,e615c4c5-56f2-4295-8141-80fa1f63ef15,Witchslayer Gretl,,C,2012,88,L,,True
2214,e74a0ef2-9d82-4336-a79c-c2f4470df805,After the Ball,Les 12 coups de Minuit,C,2015,101,L,,True
2215,7d8370cb-08e3-40b3-9b99-7c47cfc28086,Len,The Flax,C,2005,,A,,True
2217,151db94e-6782-4179-900b-6194d44ded39,Szczęśliwe dni Muminków,Happy Days of the Moomins,C,1983,58,A,,True
2218,3a470bb0-7c59-4272-800d-816e4b5b42dd,Historia kina w Popielawach,The History of Cinema Theater in Popielavy,C,1998,100,L,,True
2219,fb490f48-22ce-4fe4-8e70-1a197cefdce1,Za króla Krakusa,In Times of King Krakus,C,1947,,A,,True
2220,d58a047e-d012-43fa-801c-c87153a84075,Jacek i Placek,Jacek and Placek,C,1992,77,A,,True
2221,cd5a8d08-8411-4863-966b-2f8c690f83cd,Jasminum,,C,2006,115,L,,True
2222,3d377021-1ab5-46a8-ace5-274b34fbfb46,Jańcio Wodnik,Johnnie the Aquarius,C,1993,101,L,,True
2223,24c2e449-f746-4ad6-8cad-3ec541194848,Przyjaciel wesołego diabła,Jolly Devil’s Friend,C,1986,88,L,,True
2224,fbadc6cf-42b4-4eb5-ba57-30bf35902310,Porwanie w Tiutiurlistanie,The Kidnapping in Tiutiurlistan,C,1986,90,A,,True
2225,c84bb1e8-fdac-46a3-b66d-10c0ff35c27f,Kimsobo podróżnik,Kimsobo the Traveller,C,1953,12,A,"I'm not sure of the mode.

https://www.slocartoon.net/index.php?main=cartoons/cartoon&cartoon_id=36862
https://fdb.pl/film/237004-kimsobo-podroznik
https://www.filmweb.pl/film/Kimsobo+podróznik-1953-283381/cast/crew",True
2226,15f8cc3e-2640-43d1-9e6c-f1205230c316,Król Maciuś I,King Matt the First,C,1957,89,L,,True
2227,0816a1e5-b8db-4b06-b4a3-a51976620c15,Król Maciuś I,King Matt the First,C,2007,,A,,True
2228,bd3c0721-2da4-4d17-8a72-2d8e5ea893b7,Andersen. Zhizn bez lyubvi,Андерсен. Жизнь без любви; Andersen. Life Without Love,M,2006,137,L,,True
2229,2c001cad-67e4-43cd-bb63-d0a66f16f4ec,"Fary, L’Anesse","Fary, the Donkey",C,1990,17,L,"African fairy tale... not sure of the origin?
AM - added origin

https://letterboxd.com/film/fary-the-donkey/details/",True
2230,305c8595-c745-498f-9885-e193cf3b2b45,As Dreamers Do: The Amazing Life of Walt Disney,As Dreamers Do,C,2014,90,L,,True
2231,24720826-0377-47fb-b37a-70ac9e65fe83,Le Grand Méliès,,BW,1952,31,L,,True
2232,6fce02be-29f2-4812-b9cf-fb3e78a5d0a9,Hugo,,C,2011,126,L,,True
2233,9fa5e8d0-1ab7-4aec-814f-7f9d96d96144,Once Upon a Brothers Grimm,,C,1977,120,L,,True
2234,18d2b7ab-c992-410d-818c-d332ae689693,Saving Mr. Banks,,C,2013,125,L,,True
2235,570c5827-30d9-4a26-b4b7-39151abeafd0,Unge Andersen,Young Andersen,C,2005,110,L,,True
2236,42672da0-a5dd-4ad6-bd1a-c8394e474c81,Walt Before Mickey,The Dreamer,C,2015,107,L,,True
2238,dd7c1b56-47c5-43c7-a868-4c6b62a8d9f5,The Fisher King,,C,1991,137,L,Sue Short book,True
2239,10109547-c0d5-4f8f-bef7-b446a4fd0062,Shallow Hal,,C,2001,114,L,Sue Short fairy-tale book,True
2240,d542740b-1c85-46ec-b63d-d5768fc0a05b,17 Again,,C,2009,102,L,Sue Short fairy tale book,True
2241,80a81175-2535-4cfd-9755-9e516f4fcca2,Groundhog Day,,C,1993,101,L,Sue Short Fairy-tale book,True
2242,fe2e9336-5ba3-42c2-8156-1588529c2701,Sleeping With the Enemy,,C,1991,99,L,Sue Short fairy tale film book,True
2243,ff711823-d9d9-4f73-9b00-db267e548bbc,In the Cut,,C,2003,119,L,Sue Short fairy tale film book,True
2244,6893c483-c105-4c0f-9c7b-99423d86af50,Blast from the Past,,C,1999,112,L,,True
2245,41c4d358-696a-409a-bd36-840fe058517b,The Cobbler,,C,2014,99,L,,True
2246,84bc643f-4666-49b7-98f9-7fec2f1b1be1,Hellraiser II,Hellbound,C,1988,97,L,Sue Short's fairy tale film book,True
2247,3f549484-0b58-4094-b790-0670f8a9e149,Breaking the Waves,,C,1996,159,L,Sue Short's fairy tale film book,True
2248,4b31f1d6-2ee2-4f48-b444-09d32301278b,Never Been Kissed,,C,1999,107,L,Sue Short's fairy tale film book,True
2249,43be09ae-fb89-4b11-9728-127106eafe08,My Big Fat Greek Wedding,,C,2002,95,L,Sue Short's fairy tale films book,True
2250,955ec517-7227-4103-be78-c0d602610e31,Monster-in-Law,,C,2005,101,L,Sue Short's fairy tale films book,True
2251,d354ee9c-e2f3-4861-b769-369f52c4b560,The Devil Wears Prada,,C,2006,109,L,Sue Short's fairy tale films book,True
2252,a3a21292-469d-420e-a6b0-2add4597a3ef,My Best Friend's Wedding,,C,1997,105,L,Sue Short's fairy tale film book,True
2253,cd636dce-c469-4c05-b1f6-b2bc841f6596,Bruce Almighty,,C,2003,101,L,Sue Short fairy tale book,True
2254,c3ecccf8-dbd4-47a2-9b9a-8b25ff89ed56,Sling Blade,,C,1996,148,L,Sue Short's fairy tale film book,True
2255,1c25ce8c-c03a-4a1f-8f12-412ed40e68a5,The Uninvited,,C,2009,87,L,Sue Short's fairy-tale film book; remake of A Tale of Two Sisters,True
2256,3d8f16c7-00fe-4ad4-9f25-48eb1af404f2,Jiao zi,"Gao ji, Dumplings",C,2004,91,L,Sue Short's fairy tale films book,True
2257,e7b03fca-ed6e-4fe6-819b-e439cd3f7338,Miss Congeniality,,C,2000,109,L,Sue Short's fairy tale films book,True
2258,a2e63631-644f-4268-90eb-351911b3baeb,Miss Congeniality 2: Armed and Fabulous,,C,2005,115,L,Sue Short's fairy tale film book,True
2259,947302a7-7d79-4865-adef-cba513da3d0b,Green Card,,C,1990,103,L,Sue Short's fairy tale film book,True
2260,e0b68f4c-d02b-44f2-b6bb-b43c5fbad85e,What Happens in Vegas,,C,2008,99,L,Sue Short's fairy tale film book,True
2261,2f146287-3860-4f95-8a61-2def264b0fb0,The War of the Roses,,C,1989,116,L,Sue Short's fairy tale film book,True
2262,17a95f4f-257e-448c-b8c2-fae85f49a564,Mr. & Mrs. Smith,,C,2005,120,L,Sue Short's fairy tale film book,True
2263,e45be733-9e16-413c-8cc2-c1dcd6bc065b,The Ugly Truth,,C,2009,96,L,Sue Short's fairy tale film book,True
2264,1294ce2e-beb2-4501-8140-45e05c52268c,Overboard,,C,1987,106,L,Sue Short's fairy tale film book,True
2265,abaf006b-a183-4f34-8035-fa4dbbc4dec8,Travolti da un insolito destino nell'azzurro mare d'agosto,Swept Away,C,1974,116,L,Sue Short's fairy tale film book by extension from English version,True
2266,ca9f69ee-2b7f-4611-b1e4-d0ae669e7746,Swept Away,,C,2002,89,L,Sue Short's fairy tale film book,True
2267,72893a5c-35c4-4313-bd6f-4523f692b583,The Proposal,,C,2009,108,L,Sue Short's fairy tale films,True
2268,806ae937-4090-4367-bfe4-121bcbbce840,Waitress,,C,2007,108,L,Sue Short's fairy-take films book,True
2269,cc52433b-b8a0-416d-ae5e-cb00727e963d,Kill Bill: Vol. 1,,C,2003,111,L,Sue Short's fairy-tale film book,True
2270,dc1f2916-5846-4a0c-8eba-e6c90fd62208,Django Unchained,,C,2012,165,L,"Sue Short's Fairy tale films book, also Tatar New Yorker",True
2271,72a37f0e-2c05-4da4-b0bd-07632424572a,The Invention of Lying,,C,2009,100,L,Sue Short's FTF book,True
2272,776cf759-ced3-4cc3-b1f8-4e565caffd51,Kramer vs. Kramer,,C,1979,105,L,"Sue Short's FTF book
https://en.wikipedia.org/wiki/Kramer_vs._Kramer",True
2273,ae2a913f-6f18-4b01-84aa-100982bb38b6,Liar Liar,,C,1997,86,L,Sue Short FTF book,True
2274,f513291c-a785-43e1-954d-33b1594a6ee6,What Women Want,,C,2000,127,L,Sue Short FTF book,True
2275,0164e898-54c5-4c65-a7ac-99e4f62acbbc,Kingsajz,Kingsize,C,1987,105,L,,True
2276,7b2b0fc0-6cfc-4fb8-b421-b4e039455819,Ubu król,King Ubu,C,2003,90,L,,True
2277,db91ef6b-b271-4a88-9cd8-20d99857b3ef,Konopielka,,BW,1981,92,L,I'm not sure of the origin.,True
2278,2e053b96-336b-45f0-bace-830c9b87ab93,Żywot Mateusza,The Life of Matthew,BW,1967,80,L,,True
2279,8cb46e89-edc7-44da-827d-62e92728bd15,Czarny Kapturek,"Little Black Riding Hood, Black Cap",BW,1983,6,A,,True
2280,d031222b-c05c-49d2-b3cc-764402ffcac7,La Petite Parade,The Little Parade or Lead Soldier,BW,1928,,A,,True
2281,da98ec00-3679-46b3-8680-490a316f0fdb,Evan Almighty,,C,2007,96,L,"Sue Short's FTF book, no real tale type given",True
2282,e2cb6017-a9a1-47c0-bc71-862dc47452f3,The 40 Year Old Virgin,The 40-Year-Old Virgin,C,2005,116,L,Sue Short FTF book,True
2283,3608672f-54e2-4111-9b4e-ead0b6d7b836,Świteź,The Lost Town of Świteź,C,2010,21,A,I'm not sure of the origin.,True
2284,aee13e32-34d2-4241-a8d9-e4124fc2bf18,Czarodziejskie dary,Magical Gifts; The Magic Gifts,C,1956,17,A,"I'm not sure of the origin.

AM: https://www.pitt.edu/~dash/folktexts.html 
""The Three Gifts"" (Poland) is listed under ATU 480",True
2285,55d1b0ee-53e4-4177-baef-381182e73480,Zaczarowane podwórko,"The Magic Playground, Magical Backyard",C,1974,98,L,I'm not sure of the origin.,True
2286,c3286699-b582-4fae-a25a-949ae0d31a5c,A Simple Plan,,C,1998,121,L,Sue Short's FTF book,True
2287,5c651ef4-e808-47b4-8647-bfc95aabb6d7,Shallow Grave,,C,1994,92,L,Sue Short's FTF book,True
2288,2ce387e0-2b48-4288-adc7-52d284180132,Reservoir Dogs,,C,1992,99,L,Sue Short's FTF book,True
2289,21be67eb-9a4c-4631-9dcf-a341cda41066,The Usual Suspects,,C,1995,106,L,Sue Short's FTF book,True
2290,2d46140e-c2d5-4102-95b1-3256f2f928f8,The Cooler,,C,2003,101,L,Sue Short's FTF book,True
2291,07f9d399-56e0-4849-bfb2-ba7eefcba5c9,Sexy Beast,,C,2000,89,L,Sue Short's FTF book,True
2292,d6e24097-2e08-4ab0-8ba6-dd11212a729b,In Bruges,,C,2008,107,L,Sue Short's FTF book; also reference to Bruges as fairy-tale town,True
2293,32bfaa4f-fe1d-4f24-bcdc-58c133407305,Marysia i krasnoludki,Mary and the Gnomes,C,1960,71,L,"I'm not sure of the mode or the origin.
Mode: Live (puppets)
https://www.dailymotion.com/video/x77e1go 

Based on the novel O krasnoludkach i o sierotce Marysi by Maria Konopnicka
https://pl-m-wikipedia-org.translate.goog/wiki/O_krasnoludkach_i_o_sierotce_Marysi?_x_tr_sl=pl&_x_tr_tl=en&_x_tr_hl=en&_x_tr_pto=nui,sc ",True
2294,1881f196-9da9-4d9e-9dbe-084796767cac,Pan Twardowski,Master Twardowski,BW,1921,,L,"I'm not sure of the origin or the mode.
https://en.wikipedia.org/wiki/Pan_Twardowski_(1921_film)
https://en.wikipedia.org/wiki/Sir_Twardowski",True
2295,3cf90c39-b1f3-4c21-a59f-eab2671b5226,Pan Twardowski,Master Twardowski,BW,1936,85,L,https://en.wikipedia.org/wiki/Sir_Twardowski,True
2296,8ff189c6-02c8-4ef6-904e-de2f60641d32,Dzieje mistrza Twardowskiego,"Pan Twardowski, Master Twardowski, The Story About Master Twardowski",C,1996,97,L,https://en.wikipedia.org/wiki/Sir_Twardowski,True
2297,b6a713de-cc8d-4b26-ac8c-8eb6ddb8d18b,Opowieść Michałkowicka,Michałkowice Tale,C,1954,30,A,"https://www-filmweb-pl.translate.goog/film/Opowie%C5%9B%C4%87+Micha%C5%82kowicka-1954-292663?_x_tr_sl=pl&_x_tr_tl=en&_x_tr_hl=en&_x_tr_pto=nui,sc",True
2298,2f95fb97-d264-46e8-bfc7-def058f75501,Mileńka,,C,2001,,A,,True
2299,9775cfb7-5e78-493b-b20e-cb52f4506c7f,Cudowne miejsce,Miraculous Place,C,1994,94,L,,True
2300,ee1428df-2e87-4bf2-b85f-ae068352b299,Mumiki w pogoni za kometą,"The Moomins and the Comet Chase, Muumi ja punainen pyrstötähti",C,2010,75,A,,True
2301,c5954385-5bb7-4356-8e96-67e175535e8e,Lato muminków,"The Moomins’ Summer, Moomin and Midsummer Madness, Muumi ja vaarallinen juhannus",C,2008,88,A,,True
2302,5c81ce1e-8b4c-423e-a9ac-cd8fdd7f85f0,Akademia Pana Keksa,Mr. Blot’s Academy,C,1983,166,L,,True
2303,5043fcb5-181a-48c3-9999-707df3381baf,Avengers Grimm,,C,2015,86,L,,True
2304,95a7395b-bd57-4f83-8c57-f6c481831fc6,Khumba,,C,2013,85,A,,True
2305,9ffbbece-71a4-461a-bfc2-c55f6fccc29c,Le Prix du Pardon,"The Price of Forgiveness, Ndeysaan",C,2001,90,L,,True
2306,19c8c6e2-2a5c-4008-a54a-94fa4232d060,Xala,,C,1975,123,L,,True
2307,c32bbda2-8fa8-4d6a-9a7c-887527ae95c3,Yaaba,Grand’Mère,C,1989,90,L,,True
2308,b27b84e9-3870-46f6-88e0-185d0cc113fc,Pan Kleks w kosmosie,Mr. Blot in Space,C,1988,148,L,,True
2309,6971d771-196a-4142-b28b-e46394ce91c0,Triumf Pana Kleksa,Mr. Blot’s Triumph,C,2001,72,M,,True
2310,5ee27425-6e42-470f-b0f3-ef8e17bcaa5b,Podróże Pana Kleksa,"Mr. Blot’s Voyages, Travels of Mr. Kleks",C,1985,164,L,,True
2311,8b321c1a-92e1-4366-a431-c86fed973763,Pan Piórko śni,Mr. Feather Dreams,C,1949,,A,,True
2312,5e7e2c72-98e5-4410-ad2b-04949029c5a5,Tajemnica kwiatu paproci,"The Mystery of the Fern, The Secret of Fern Flower",C,2004,66,A,"https://filmpolski-pl.translate.goog/fp/index.php?film=4220021&_x_tr_sl=pl&_x_tr_tl=en&_x_tr_hl=en&_x_tr_pto=sc
https://www-filmweb-pl.translate.goog/film/Tajemnica+kwiatu+paproci-2004-97614?_x_tr_sl=pl&_x_tr_tl=en&_x_tr_hl=en&_x_tr_pto=sc",True
2313,f3c2667d-50fb-4bf3-b68c-3f8cef45c1c1,Nowy Robin Hood,New Robin Hood,C,1983,,L,,True
2314,27adbe53-dc68-40d0-9269-3b3e5b05dc7e,Dziadek do orzechów,The Nutcracker,C,1967,84,L,,True
2315,38fa3b32-2188-4377-a286-45fbda4fbc9b,"O-bi, O-ba: koniec cywilizacji","O-bi, O-ba: The End of Civilization",C,1984,88,L,,True
2316,27331fb1-8c01-4a21-93ff-49f7faf2fc9e,Była sobie świnka mała,Once Upon a Time There Was a Little Pig,C,1960,,A,In FTFBD,True
2317,b1232bdb-0c1d-4759-b59b-60982a2faa6a,Ondraszek,,C,1959,120,L,"This film is based on traditional Silesian folksongs, but I'm not sure how to list that as an origin.

https://filmpolski-pl.translate.goog/fp/index.php?film=427539&_x_tr_sl=pl&_x_tr_tl=en&_x_tr_hl=en&_x_tr_pto=nui,sc",True
2318,8eb90ae3-45a6-4e40-ad39-b61d88ff3a96,Grający z talerza,The Plate Player,C,1995,107,L,,True
2319,8bd522bc-39e4-42b5-8416-b0a069458135,Pograbek,The Posthumous Boy,C,1992,75,L,,True
2320,dc12bc98-8be2-4aea-9341-e467879e990c,Requiem,,C,2001,90,L,,True
2322,a1e90ca2-735e-4fea-a479-33e0de142805,Pierścień i Róża,The Ring and the Rose,C,1987,99,L,,True
2323,20d28d1a-8abb-4231-b22e-59fb8c9ce65e,Szabla od komendanta,"The Sabre from the Commander, The Commanders Sword",C,1996,102,L,,True
2324,44ae3322-b3bb-4b05-909b-2e00a097edec,Sobotnia góra,Saturday Mountain,BW,2012,,L,,True
2325,8afc88e7-6268-486b-bab3-bc4011b79303,Drzazga,Splinter,C,2006,16,A,,True
2326,ec57de06-4e7f-4861-9bb5-d6481f4d153b,Gwiazda,The Star,C,1984,29,A,"https://www.youtube.com/watch?v=rL72PYjcgck
https://www.youtube.com/watch?v=r_0ECGL0oe4",True
2327,a4d196be-d861-431f-9d1e-ea9ba21b9657,O dwóch takich co ukradli Księżyc,The Two Who Stole the Moon,C,1962,80,L,,True
2328,09e573bb-9eec-47e8-a8e2-024318f46295,"Tytus, Romek i A’Tomek wśród złodziei marzeń","Tytus, Romek and A’Tomek Among Dream Thieves",C,2002,74,A,,True
2329,9198525b-19a7-480f-ba9c-9ad33cd2a2f2,Les voix du rossignol,The Voice of the Nightingale,BW,1923,13,M,,True
2330,83362020-b1d7-425c-9d01-a44848adac5e,Wojna światów: następne stulecie,The War of the Worlds: Next Century,C,1981,96,L,,True
2331,5df869f3-3c67-4448-a53a-5fa99099d267,Mokra bajeczka,The Wet Fairy Tale,C,2006,24,A,,True
2332,f949bdc7-e58a-49a2-8f95-81b08f1ed884,Zima w Dolinie Muminków,Winter in Moominland,C,1986,,A,,True
2333,5a06fca6-58db-4816-8ca5-56736ba82278,Drewniany jeździec,The Wooden Rider,C,1964,,A,https://www.filmweb.pl/film/Drewniany+jezdziec-1964-841062,True
2334,1e57299e-0b61-49aa-8f0f-70ff47d07e9e,Song of the Sea,,C,2014,93,A,"NOT animal bride of course, but most selkie stories are....",True
2335,98cd8826-a3ae-4866-9508-da6fcb2c6e8a,Heisei tanuki gassen ponpoko,"Pom Poko, Pompoko",C,1994,119,A,,True
2336,e22b7be9-6136-4ec5-91b9-34b50811b086,El orfanato,The Orphanage,C,2007,105,L,,True
2337,9b7b86b4-66fb-4eb6-87a1-1a4b3272d090,Momo e no tegami,A Letter to Momo,C,2011,120,A,,True
2338,6f170232-ad6a-4516-8ca1-1c980db1513d,Bound,,C,1996,109,L,Sue Short's FTF book,True
2339,093dc42b-e68f-41e1-a75a-6a5918cfeaac,Ex Machina,,C,2015,108,L,submission,True
2340,84ca7abe-dbba-415d-8351-0278c53867f3,Kaguyahime no monogatari,The Tale of the Princess Kaguya,C,2013,137,A,,True
2341,02a4515e-611e-4325-bf85-72988618d2b4,The Treasure of the Sierra Madre,,BW,1948,126,L,Sue Short's FTF book,True
2342,494b926d-3517-4c31-96a7-da82a80ee473,Three Kings,,C,1999,114,L,Sue Short's FTF book,True
2343,992a6760-d9a6-41fe-8f6b-367f72d1718e,Rear Window,,C,1954,112,L,Sue Short's FTF book,True
2344,a64cd69e-d2d5-43bb-9e74-fb1ab5ceacb9,Psycho,,BW,1960,109,L,"Sue Short's FTF book; Murphy, Terence Patrick. 2015. From fairy tale to film screenplay: working with plot genotypes.  Basingstoke:  Palgrave Macmillan. says LRRH",True
2345,ad38a372-019c-450a-b09a-b20267c8f75b,Memento,,C,2000,113,L,Sue Short's FTF book,True
2346,10d59e4f-8322-4f93-a3ef-db4794f955b9,Inception,,C,2010,148,L,Sue Short's FTF book,True
2347,1ba4e4db-5f41-4bc0-ab27-78eb9091a29e,Blood and Chocolate,,C,2007,98,L,Sue Short's FTF book,True
2348,d35a1c38-33de-40a8-84ba-758c8083535c,The Blair Witch Project,,M,1999,81,L,sez Sue Short's FTF book,True
2349,45668db6-f3ec-4809-b167-6ae183f3f71d,Le pacte des loups,Brotherhood of the Wolf,C,2001,152,L,,True
2350,090375b0-dc39-4792-bf7a-1f419d51c797,Le Havre,,C,2011,93,A,Sue Short's FTF book,True
2351,7a9a8dac-500f-469e-9d4f-b84b3785bdcf,Tinker Bell and the Legend of the NeverBeast,Legend of the Never Beast,C,2015,76,A,,True
2352,c3162abd-cb0e-48b2-a873-47dfd252a7e5,The Thirteenth Year,,C,1999,95,L,,True
2353,3708aacb-cb9b-4b16-b586-0203dd3a9487,Dorothy and the Witches of Oz,,C,2012,101,L,,True
2354,6f315e59-e9a1-4cb5-b90f-74ce4048ebcd,How to Train Your Dragon 2,,C,2014,102,A,,True
2355,21ffebd1-a5eb-4e2d-993c-403ad9b31c2f,The Hobbit: An Unexpected Journey,,C,2012,169,L,,True
2356,91d67d9f-c9f3-4d0b-b65a-9794c8a18ef5,The Hobbit: The Desolation of Smaug,,C,2013,161,L,,True
2357,ca6a3023-7901-4eed-b1c6-7b04c0d65af1,The Hobbit: The Battle of the Five Armies,,C,2014,144,L,,True
2358,c7d15f8c-7abb-4c25-9f2a-e6487fdaae25,Chunhyangjeon,"Chun Hyang-jon, The Story of Chun-hyang",BW,1935,,L,,True
2359,4382a8fc-0969-4fbf-886a-2c185eb80861,Chunhyangjeon,,C,1955,,L,,True
2360,2ce016e5-61d9-4f02-88de-162bb35ae94c,Chunhyangjeon,The Story of Chun-hyang,BW,1923,,L,"On IMDb, Koshu Hayakawa is listed as the director, writer and film editor, and Matsujiro Hayakawa is listed as the producer (but is listed as the director on the IFTF entry and in Fairy-Tale Films Beyond Disney, and at this link: https://artsandculture.google.com/exhibit/korea’s-classical-“chunhyangjeon”-the-story-of-chunhyang-made-into-film-korean-film-archive/wQwYHVsV?hl=en) ",True
2361,0c0c0db3-323a-49b1-8ed9-6e8413ec3896,Arang,,C,2006,97,L,,True
2362,12c137ae-6b3f-4681-84ba-2796bceb4810,Yasuwa minyeo,"The Beast and the Beauty, Yasu wa Minyeo",C,2005,102,L,,True
2363,2cc5dd6e-13c5-42ee-9786-1afec010d54d,Oppa wa Miun Ori,Brother and Ugly Duck,C,2013,,L,"https://wiki.d-addicts.com/Brother_and_Ugly_Duckling
https://asianwiki.com/KBS_Drama_Special:_Eunguk_and_the_Ugly_Duckling",True
2364,e2385352-59b1-4f6e-b7fc-ee499b7dd8cc,Chunhyang,Seong Chunhyang,C,1961,120,L,,True
2365,030541c6-495c-4004-ab17-e676e457acb5,Chunhyang,Chunhyangdyun,C,2000,120,L,,True
2366,96fe8bdc-9918-4c59-beac-b2fa2d48d0e7,Koegeol Chunhyang,"Delightful Girl Chunhyang, Kwaegeol Chun-hyang",C,2005,60,L,https://mubi.com/films/delightful-girl-chun-hyang,True
2367,69f0807a-e645-45a0-87f5-a04ea46e5273,Wanghu simcheong,Empress Chung,C,2005,93,A,,True
2368,52fe3fa2-25c7-4e35-ae05-50cd8e2e54d9,Babo Ondal gwa Pyeonggang Gongju,"Fool Ondal and Princess Pyeonggang, The Fool and the Princess",BW,1961,121,L,,True
2369,b1e78946-59b4-4249-9f22-da5efa1b8569,Dae Jang-hwa Hong-ryeon jeon,"Dae Janghwa Hongryeonjeon, Great Story of Janghwa and Hongryeon, The Great Story of Jang-hwa and Hong-ryeon",BW,1962,115,L,https://en.wikipedia.org/wiki/The_Story_of_Jang-hwa_and_Hong-ryeon,True
2370,add2c30a-6ab6-4601-8ce5-b3193fd37a77,Gumiho,The Fox with Nine Tails,C,1994,115,L,,True
2371,d73c71ad-f8a2-4fde-a650-23924783a877,Gumiho,,C,2009,,L,,True
2372,2860470e-575e-41aa-bd79-548cebea7864,Gumiho,,C,2013,4,A,,True
2373,43d492f5-74b3-4b99-9dde-caca70e54513,Gumiho gajok,The Fox Family,C,2006,102,L,,True
2374,73109026-883f-48fb-ac83-2fe78db90e4e,Gyeonu Jiknyeo,"Gyeonwoo jingnyeo, Altair Vega",BW,1960,,L,Director listed on IMDB as Jong-Hua Ahn,True
2375,796360d9-6edc-4c76-9080-f3786b3033d4,Janghwa Hongryeon jeon,"Janghwa Hongryeonjeon, The Story of Jang-Hwa and Hong-Ryeon",BW,1924,115,L,,True
2378,4a99e723-a089-4870-8b08-2133415e7042,Janghwahong ryeonjeon,"Janghwa Hongryeonjeon, Story of Janghwa and Hongryeon",BW,1936,,L,https://en.wikipedia.org/wiki/Janghwa_Hongryeon_jeon_(1936_film),True
2379,922d44b9-7c32-47a6-ae4b-fe590c433adb,Janghwa Heungryeonjeon,The Story of Jang-hwa and Heung-ryeon,BW,1956,,L,,True
2380,61276e59-efad-48ee-a78c-7e25481a2805,Janghwa Hongryeonjeon,,C,1972,90,L,,True
2381,edaf9cc8-a866-4e16-b403-2b9de9dcbddb,Yeopgijeogin geunyeo,My Sassy Girl,C,2001,137,L,,True
2382,5e876293-56f5-45e7-be68-fc2097201899,Oseam,,C,2003,75,A,,True
2383,1fb439c2-578f-4b21-aa7a-d331bc1429ee,Oseam,,C,1990,115,L,,True
2384,19b31083-a172-4ae4-9b3c-6161bbdf4279,Baekseol Gongju,Princess Snow White,C,1964,,L,,True
2385,6217e151-760b-4049-8345-a84203d18008,Gumihoui Gwihwan,Return of the Gumiho,C,2008,,L,,True
2386,4808f35e-c972-4b29-a3b9-45f08b6a1533,Shimcheong,,C,1937,,U,,True
2387,1b2b5110-2039-4473-99b2-f1da97a9fbb4,Shimcheongjeon,,BW,1925,,U,,True
2388,c1b15d3e-651f-4748-8b89-adf40e7e7b82,Shimcheongjeon,,C,1956,,L,https://yeonghwa.fandom.com/wiki/The_Life_of_Shim-Cheong,True
2389,c71cfce2-6d7b-4531-9cd4-de84630246da,Hyonyeo Shim Cheong,Shim Cheong,C,1972,120,L,https://yeonghwa.fandom.com/wiki/Shim_Cheong_(1972),True
2390,61448e42-2e02-4546-9090-ad14266aa7f5,Dae Shimcheong jeon,The Great Story of Shim Jeong,BW,1962,90,L,,True
2391,931e89bb-9837-41c6-91b1-1a5e65e3ddaf,Cheonnyeonho,"Cheonnyeon ho, The Thousand Year Old Fox",C,1969,89,L,,True
2392,1b1531ee-7fb9-4a1f-ba4f-99fc273e7e72,Miwoon ori saeggi,"Miun Orisaekki, The Ugly Duckling",C,2012,95,L,,True
2393,a071f518-807b-49aa-9ffe-7be0a1a27cde,Cheonnyeonyeou Yeoubi,"Cheon-nyeon-yeo-woo-yeo-woo-bi, Yeoubi, the Five Tailed Fox, Yobi, the Five Tailed Fox",C,2007,86,A,,True
2394,64bc4908-dfc0-487c-bdea-ea75a306c84a,Besos Brujos,"Enchanting Kisses, Bewitching Kisses",BW,1937,78,L,,True
2395,c30f84ff-e873-4224-afe7-6d930d776927,O Saci,,BW,1951,65,A,,True
2396,2f0d8c2c-b208-49ab-b375-7167cfa9ef22,O Curupira,The Curupira,C,2005,11,A,,True
2397,b82b9cce-284a-4f8b-8b8d-624c258857de,Ṣamt al-Quṣūr,"Samt El Qusur, The Silences of the Palace",C,1994,146,L,,True
2398,ea62c583-0392-4d9a-acf8-3853d6a47c1b,Baguda-jō no tōzoku,"Bagudajo no tozoku, Burglars of 'Baghdad' Castle, The Thief of Baghdad Castle, The Thief of Baguda Castle, 馬具田城の盗賊",BW,1926,38,A,https://www.filmaffinity.com/au/film580004.html,True
2399,fcac471f-35f8-4aee-994f-eabd6814f98b,A Thousand and One Nights,,C,1945,93,L,,True
2400,f4224b54-1842-422b-a3bf-ca08708ff96f,Das Wachsfigurenkabinett,Waxworks,BW,1924,83,L,,True
2401,ad7a2208-627c-4687-9639-8c2810d043ab,Ali Baba et les quarante voleurs,"Ali Baba and the Forty Thieves, Ali Baba et les 40 voleurs",C,2007,180,L,,True
2402,eb0867d2-9219-423e-825a-942b74ccb5c4,Cendrillon au Far West,"Cinderella 3D, Cinderella: Once Upon a Time in the West!",C,2012,81,A,,True
2403,ae4dc769-cede-4374-94c6-3da1c0fdc61e,Iznogoud,Iznogoud - Caliph Instead of the Caliph; The Iznogoud,C,2005,95,L,,True
2404,47daa716-de34-466e-9206-45514d07f6e1,Kytice,"A Bouquet, Wild Flowers",C,2000,81,L,,True
2405,e9323f24-057c-4e29-93d4-885078500a30,Match Girl,,C,1966,26,L,"submitted by Wheeler Winston Dixon

https://www.villagevoice.com/2005/03/29/film-390/ ",True
2406,cc478040-4761-40b7-93c3-9fa3d4c48586,Tulitikkutehtaan tyttö,The Match Factory Girl,C,1990,68,L,,True
2407,96148c4d-64e8-43ee-9bb6-53873739438f,Tie shan gong zhu,Princess Iron Fan,BW,1941,73,A,,True
2408,ef43590a-f416-4bb5-b89a-51b42b46abb3,Da nao tian gong,"Havoc in Heaven, The Monkey King",C,1964,84,A,Director credited as Wan Liaming on IMDb,True
2409,6761d8db-fb20-455c-849d-8889f4dbe4a0,Sai yau gei: Yut gwong bou haap,A Chinese Odyssey: Part One - Pandora's Box,C,1995,87,L,,True
2410,110c1e35-a926-4430-8a4b-f3949c4bbccd,Big Bird in China,,C,1983,75,L,,True
2411,f3e4ac4c-527f-4a2c-9fbd-dab030055566,Saiyûki,The Adventures of Super Monkey,C,2007,120,L,,True
2412,79f97d80-be73-402f-bfe1-67bd1420e8b4,The Forbidden Kingdom,,C,2008,104,L,,True
2413,436f907d-00ec-4776-adb0-3bea9b732670,Xi you ji,Monkey Goes West,C,1966,112,L,,True
2414,b0e0b791-c1da-4352-bb5b-f3d3b8d7ae06,Xi you: Xiang mo pian,"Monkey King, Journey to the West",C,2013,110,L,,True
2415,9366ead4-9ff2-4ee8-9109-f9fef2a2de0d,Xi you ji: Da nao tian gong,"The Monkey King, The Monkey King Havoc in Heavens Palace",C,2014,90,L,,True
2416,c745669b-c605-4b4b-93ac-597d861691c8,Mécaniques célestes,Celestial Clockwork,C,1995,83,L,"main character wants to be an opera star, is auditioning for Rossini's La Cenerentola",True
2417,f5b8976b-cde2-4872-9bc4-d8b94f0d5de6,A Canterbury Tale,,BW,1944,124,L,not sure of the origin,True
2418,e24d1016-2112-4fdc-8267-ceed173192ed,An Indian Fantasy,,C,1951,,L,"I'm not sure of the colour, mode, or origin. I wasn't able to find any links for this film.",True
2419,c7edb238-8002-46b9-9d7c-1353b203588d,Britain's Effort,,BW,1917,,M,"I'm not sure of the mode, colour, or origin.

(AM) Found it on YouTube and updated mode/colour:
https://www.youtube.com/watch?v=x8flWqo7edY

https://www.britishpathe.com/video/britains-effort/query/britains+effort",True
2420,95ab5a6a-650e-45fd-b5ef-abee5980cdec,Canterbury Road,,C,1949,8,A,"Director was originally listed as Henry Stringer, but IMDb and BCDB list the director as Brian O'Hanlon so I've changed this (AM)

https://www.bcdb.com/cartoon/59997-Canterbury-Road 
https://www2.bfi.org.uk/films-tv-people/4ce2b6fc2b409",True
2421,c626afe9-8d81-4646-ae05-22c754b88e43,The Comb,,M,1991,18,A,,True
2422,5f6dab0c-7528-47c6-937f-563efbab86c0,Cornwall,,C,1949,8,A,"I'm not sure of the origin.

Henry Stringer was listed as director originally so I've left it, but IMDb lists Pat Griffin as director, so I've added this. (AM)
https://www.bcdb.com/cartoon/59996-Cornwall",True
2423,3c121331-ad57-4d64-ada1-91c7b5175317,Daddy's Little Bit of Dresden China,,C,1988,8,A,,True
2424,383bab4e-107a-4c9b-bb14-15b264d56252,Devon Whey,Devon Whey!,C,1950,8,A,"https://www2.bfi.org.uk/films-tv-people/4ce2b694f248f
",True
2425,08709036-0969-4837-9dab-2a59d8e1b1fd,Dreams of Toyland,In the Land of Nod,BW,1908,7,A,,True
2426,59e60bab-ba2f-4bd1-ae6e-fc146da12d14,The Enchanted Toymaker,Toy Maker and Good Fairy,BW,1904,,A,,True
2427,606b9965-9623-4d11-9f36-7073d47c8972,Fairy Tale,,C,1967,,A,"I'm not sure of the origin.
https://www.bcdb.com/cartoon/60632-Fairy-Tale",True
2428,71aa27c0-8498-4e59-99b7-4badb2905a72,Fairy Story,,C,1968,5,A,"https://www.bcdb.com/cartoon/60730-Fairy-Story
https://letterboxd.com/film/a-fairy-story/",True
2429,62b9f341-b5e0-4db9-a8a1-2c3c88b66585,Les Funerailles,,C,1932,,A,I'm not sure of the origin or the colour.,True
2430,0a3369a2-763d-4e7f-8bf9-f5897fce5fbf,Sen noci svatojánské,A Midsummer Night’s Dream,C,1959,76,L,,True
2431,f1cde9b5-2bf1-46c3-8b52-06f7671ac64f,Až přijde kocour,"Cassandra Cat, When the Cat Comes",C,1963,91,L,"Not sure of origin... from Hames' chapter: ""a film in which a cat can see people’s true nature through the use of magic glasses""",True
2432,ce3a71dc-8b9d-4474-9db0-cd5c56fa0fb2,Zlaté kapradí,The Golden Fern,BW,1963,115,L,,True
2433,4fe126f0-31d6-40a8-948a-08cd72f86d27,Z pekla štěstí 2,"Helluva Good Luck 2, Goblins and Good Luck 2",C,2001,102,L,,True
2434,c7102304-feef-41a6-a22c-0faa7f69a6bf,Žvahlav aneb šatičky Slaměného Huberta,Jabberwocky,C,1971,14,A,,True
2435,01ac03c5-cd61-4d27-bb7a-0569a541bba5,Král Lávra,"King Lavra, Karel Zeman's Der König mit den Eselsohren",C,1950,30,A,"https://letterboxd.com/film/king-lavra/
https://www2.bfi.org.uk/films-tv-people/4ce2b6ae4bbc5",True
2436,3cdb1b42-9e5d-4322-944f-bb75199ccf94,Kuky se vrací,Kooky,C,2010,95,M,"Not sure of origin... from Hames' chapter: ""about the adventures of an abandoned teddy bear, using toy-objects made of cast-off materials""",True
2437,08203ad4-f04d-4373-a012-bb7526b42746,Sedmero,"Sedmero krkavců, The Seven Ravens",C,2015,103,L,,True
2438,0601b041-13e6-456d-ba98-821eab701807,Malá z rybárny,Little from the Fish Shop,C,2015,,A,,True
2440,4f9cbe27-6d0e-4bd2-8c1b-f0a406c25882,Staré pověsti české,Old Czech Legends,C,1953,91,A,,True
2441,d13994da-8610-4c5c-9995-7d7f6bf65a4c,Zlatovláska,Princess Goldenhair,C,2015,,L,,True
2442,ddfcf2b2-f6fa-41d8-87b4-72f6a4bdc233,Rusalka,,C,1977,119,L,,True
2443,c2bd49e3-f109-4b24-a78b-71b999dbc627,Sedem jednou ranou,Seven With One Blow,C,1991,88,L,,True
3430,62975f34-2a32-489f-aeb3-4250fd56cf36,Die schwarze Mühle,The Black Mill,C,1975,80,L,,True
3431,d88bfafb-57df-4df5-b646-8281661c4afd,Das tapfere Schneiderlein,The Brave Little Tailor,BW,1941,73,L,,True
3432,16fe32bb-b5ec-489d-9861-b67e27dfab0b,Dornröschen,"Sleeping Beauty, Briar Rose",BW,1917,64,L,,True
3433,29addc3e-5c3c-4442-9b28-f4aa1595ca12,Die verzauberte Prinzessin,The Enchanted Princess,BW,1940,55,L,,True
3434,ced4ab6c-40c9-4383-a5c6-076b7defdadd,"Das Märchen von der Prinzessin, die unbedingt in einem Märchen vorkommen wollte","The Fairy Tale about the Princess, Who Absolutely Wanted to Appear in a Fairy Tale ",C,2013,75,L,,True
3435,f99ebc6a-f3f5-4a19-af2f-5113bc022c31,Der Froschkönig,The Frog King,BW,1940,30,L,"https://www.filmdienst.de/film/details/25577/der-froschkonig-1940
https://www.filmportal.de/en/movie/der-froschkonig_",True
3436,666deab9-7850-4f79-9156-8dc9fb7fed66,Die goldene Gans,The Golden Goose,BW,1953,81,L,,True
3437,82914676-5c87-46ea-abd7-fd639cd84203,Die goldene Gans,The Golden Goose,C,2013,85,L,,True
3438,2ed51b6f-5e9a-453c-a1d2-8238d4b66a7a,Die goldene Gans,The Golden Goose,C,1994,85,L,,True
3439,9be0afb1-19a1-40c1-9bf5-f4b661c7ceba,Der Froschkönig,The Frog King,M,1954,87,L,,True
3440,e1bc4ccd-5d69-48e0-9355-38d33f16f200,Der Froschkönig,The Frog King,C,2008,59,L,,True
3441,c268f389-1f5b-4b55-ae64-9ab067b8acde,"Von einem der auszog, das Gruseln zu lernen",,BW,1963,74,L,,True
3442,db0dc77f-5727-4a30-b53a-455daaa665b8,"Von einem, der auszog, das Fürchten zu lernen",,C,2014,60,L,,True
3443,ea2eb2e5-a4eb-470d-8cac-c88564959d02,Aschenbrödel,"Aschenputtel, Cinderella",BW,1931,,L,,True
3444,4a89d202-a691-49db-a370-3b5f382017cf,Schneewittchen,Snow White,BW,1928,,U,,True
3445,1cde515e-f58a-4529-a04c-784706bd1e93,Dornröschen,"Briar Rose, Sleeping Beauty",BW,1936,70,U,https://www.filmdienst.de/film/details/524429/dornroschen-1936,True
3446,42f2ba1a-768d-44f2-84b5-54f793275352,Hans Trutz im Schlaraffenland,"Hans Trutz in the Land of Cockaigne, Hans Trutz in the village of Cuccagna, Hans Trutz in the land of milk and honey, Hans Trutz in the Land of Plenty",BW,1917,45,L,https://translate.google.com/translate?hl=en&sl=cs&u=https://www.fdb.cz/film/hans-trutz-im-schlaraffenland/popis-obsah/100800&prev=search&pto=aue,True
3447,50781611-0837-4f9a-8742-b92aa478e395,"Hänsel und Gretel ",Hansel and Gretel,C,1940,,L,,True
3448,968d046e-cf4e-4b8b-b2aa-a932e60fc987,Frau Holle,"Mother Holly, Mother Holle",BW,1948,58,L,,True
3449,44c01e5e-1c6d-4743-9c24-611ee19cc60b,Schneeweisschen und Rosenrot,Snow White and Rose Red,C,1955,62,L,,True
3450,6e80bb40-182c-415a-bf1f-e326a7baf5e8,Die Heinzelmännchen,The Shoemaker,C,1956,75,L,,True
3451,b5e1d6a5-4d70-447a-bad8-61b21e4abdd3,Brüderchen und Schwesterchen,Little Brother and Little Sister,BW,1953,63,L,,True
3452,5271946b-2149-4e06-9274-e82821fabbf9,Brüderchen und Schwesterchen,Little Brother and Little Sister,C,2008,58,L,,True
3453,85ea5d9c-0487-4671-8cf1-91f78c0d3174,Der kleine Muck,Little Muck,BW,1944,80,L,,True
3454,0dabafe7-1c4c-4692-8184-bbb1e80929af,Der kleine Muck,Little Muck,C,1971,75,L,,True
3455,8bec283e-829c-4d49-91aa-4941381334c2,Der kleine Muck,Little Muck,BW,1921,64,L,,True
3456,c1c2408b-751a-4a7c-be91-868125fd8ec3,Der verlorene Schatten,The Lost Shadow,BW,1920,,L,https://en.wikipedia.org/wiki/The_Lost_Shadow,True
3457,80660237-828b-4c60-98a6-61f7e6121e7b,Momo,,C,1986,101,L,,True
3458,b6c5d6cd-cc94-4408-91fd-06c4d3997cac,In Absentia,,M,2000,20,A,I'm not sure of the origin.,True
3459,5ca0032b-3384-45dc-aceb-8ed01bae8c23,Joie de Vivre,La Joie de Vivre,BW,1934,9,A,I'm not sure of the origin.,True
3460,028ee0dd-2e88-4769-8f20-fb6e5e7cc937,The King's Breakfast,,BW,1936,,A,I'm not sure of the origin.,True
3461,e2f2b52e-7937-41e0-a95f-c07b8f594c5d,The Little Chimney Sweep,,C,1955,11,A,I'm not sure of the origin.,True
3462,8973df14-ea67-4d57-8488-989c831aec9c,Maska,,C,2010,23,A,,True
3463,a457c658-48d7-40b4-b9ef-7fdd34444f29,Noah's Ark,,BW,1906,,A,I'm not sure of the colour or the origin.,True
3464,20a54740-b084-4c2e-bb82-d573a59f045d,Papageno,,BW,1935,11,A,,True
3465,b630b7d1-1068-411e-99e3-e988686db495,Der gestiefelte Kater,Puss in Boots,C,1935,73,L,"https://www.filmportal.de/en/movie/der-gestiefelte-kater_ea43d4a76e985006e03053d50b37753d
http://www.maerchenfilm.info/filme-dergestiefeltekater1935.html
http://www.deutsche-filme.com/filme/1935-der-gestiefelte-kater/index.htm",True
3466,87ccb0e5-0a3a-4fe7-84a9-c00900d11b63,Rübezahls Hochzeit,Rübezahl’s Wedding,BW,1916,,L,https://en.wikipedia.org/wiki/R%C3%BCbezahl%27s_Wedding,True
3467,5f1b01e0-275d-4fe3-a1f3-55d3d4638f4b,Der 7bte Zwerg,"The 7th Dwarf, The Seventh Dwarf, Fairytale: Story of the Seven Dwarves",C,2014,87,A," ",True
3468,8ed8c9f6-ff0a-4fd7-90c0-5d2a2b3658b0,The Phantom Museum: Random Forays Into the Vaults of Sir Henry Wellcome's Medical Collection,The Phantom Museum,M,2003,12,A,I'm not sure of the origin.,True
3469,4368961d-c597-4adc-9d13-03c21f0d0a93,Schneeweißchen und Rosenrot,Snow White and Rose Red,BW,1938,,U,,True
3470,f1949a82-410b-46c6-9caf-594262c84b55,Schneeweißchen und Rosenrot,Snow White and Rose Red,C,1954,,U,,True
3471,ebbd3127-3652-4bb3-9dbf-a29559f7424e,Rehearsals for Extinct Anatomies,,BW,1987,14,A,I'm not sure of the origin.,True
3472,6272c78c-d5e9-4fae-98fb-a8cfb63b9de0,Nagagutsu o haita neko,"Puss 'N Boots, Puss in Boots, The Wonderful World of Puss 'n Boots",C,1969,80,A,,True
3473,f6cc50bd-8160-4fcc-bf79-205e8d56e0a1,Rupert and the Frog Song,,C,1985,13,A,,True
3474,7649cc3e-2a71-4090-a122-ae149842ed1b,Sinderella,,C,1972,5,A,,True
3475,84c9c43c-653a-4023-bce9-ea7592df3627,Sketches of Scotland,,C,1949,9,A,I'm not sure of the origin.,True
3476,ba2ed790-c84a-4db0-aab3-e7942a40321d,The Snowman,,C,1982,26,A,I'm not sure of the origin.,True
3477,f32be8b6-c453-4799-bbb9-2ee6e689b5fe,The Stain,,M,1992,11,A,I'm not sure of the origin.,True
3478,a56d350c-9b00-4b3a-b6dc-e903b713140b,Three Little Pigs,,BW,1922,,A,IMDB date is 1918,True
3479,717ea369-ce48-4ac0-ad8c-975ee8c83200,Tuesday,,C,2001,13,A,I'm not sure of the origin.,True
3480,a37199b7-f489-4ac8-acde-58be511732a3,This Unnameable Little Broom,,C,1987,11,A,This seems to be based on the Epic of Gilgamesh - not sure how to list that.,True
3481,8a7cdb65-9fbb-4bdb-b64b-a928a8a838ac,Wales,,C,1948,,A,,True
3482,5f684480-fc0d-46a5-911c-ebb5d02b8852,The Water Babies,,C,1978,92,A,,True
3483,1357f358-4e23-44fc-90c9-9417ba088f07,The Yellow Submarine,,C,1968,90,A,,True
3484,50adde1d-a6a6-4cb9-b474-15753183acc0,Yorkshire Ditty,,C,1949,,A,Based on folk stories - not sure how to list that origin.,True
3485,9003580c-0b14-4687-971b-cb1fd303527f,Ashima,阿诗玛,C,1964,,L,I'm not sure of the origin.,True
3486,6d33b129-6609-449c-8857-d285bdd4c77e,Landru,(Bluebeard),C,2006,133,L,,True
3487,65d972ed-9500-4b77-99a5-d004602a4a80,Milu Wang,"Finding the Milu King: The Magic Reel, 麋鹿王",C,2009,,A,"Here is where I found the company info: https://en.wikipedia.org/wiki/The_King_of_Milu_Deer

I'm not sure of the origin.",True
3488,81162284-4906-4782-910b-fa8c0dee7766,Hu Yuan,"The Fox Spirit Romance, 狐缘",C,1986,,L,I'm not sure of the origin.,True
3489,9dde911c-e891-46da-b981-40b9f60c9765,Gui Mei,"Ghost Sisters, 鬼妹",C,1985,,L,I'm not sure of the origin.,True
3490,25d55748-b4d9-4a4c-8c54-809d7aef80a7,Tian xian pei,"Tianxian Pei, The Heavenly Match, Marriage of the Fairy Princess, The Wedding of the Fairy Princess, 天仙配",BW,1955,91,L,"I'm not sure of the origin.
https://en.wikipedia.org/wiki/Tian_Xian_Pei#Films
https://www.filmaffinity.com/es/film741830.html
https://www2.bfi.org.uk/films-tv-people/4ce2b786ccae2",True
3491,d3b1f33e-95cd-4a65-8129-e21fd0e92ed7,Gu Mu Huang Zhai,"Inside an Old Grave, 古墓荒斋",C,1991,96,L,"https://letterboxd.com/film/inside-an-old-grave

Based on Strange Tales from a Chinese Studio https://en.wikipedia.org/wiki/Strange_Tales_from_a_Chinese_Studio ",True
3492,178e8603-0367-401d-acb7-4b284e6a12f5,Hua Zhong Ren,"The Lady in the Painting, 画中人",C,1958,102,L,,True
3493,9a351a15-b0e2-4866-8b41-adcd48feaf3c,Liang Shanbo yu Zhu Yingtai,"Liang Shanbo and Zhu Yingtai, 梁山伯与祝英台",C,1953,,L,"I'm not sure if this is the same film, so I haven't used any of the information from this link, but I've included it so it can be checked through - 

I think this is the same film (AM) so I've updated the entry:
http://www.imdb.com/title/tt0349724/
https://letterboxd.com/film/liang-shanbo-and-zhu-yingtai-1954/ 

Based on the Chinese opera, The Butterfly Lovers",True
3494,8a118a7c-3681-4f1f-9098-e7f8d2919a74,Malan Hua,"The Magic Aster, 马兰花",C,2009,,A,I'm not sure of the origin.,True
3495,740dd7eb-3d71-4b58-b498-6fa5942e6e2e,Bao Lian Deng,"The Magic Lotus Lantern, 宝莲灯",C,1999,85,A,,True
3496,1eefe41c-598d-4a6b-9d7a-36b3a9a6816e,Mulan Cong jun,"Mulan congjun, Maiden in Armour, Mulan Joins the Army, 木兰从军",BW,1939,142,L,"https://en.wikipedia.org/wiki/Mulan_Joins_the_Army_(1939_film)
https://www.youtube.com/watch?v=B99xRkrwdTs",True
3497,a74fabff-95f2-42e8-a724-281ca97896bc,Hua Mulan,"Mulan: Rise of a Warrior, 花木兰",C,2009,114,L,,True
3498,01b6950a-97e0-4ea9-95c4-fbfb788877f3,Hua Mulan,花木兰,BW,1956,102,L,"I'm not sure of the colour or mode, and I'm not sure how to list the origin.

https://mubi.com/films/yuju-movie-hua-mulan 
https://www2.bfi.org.uk/films-tv-people/4ce2b7a2c4cb6",True
3499,3ac1c613-e308-4b16-80e7-7ed1b9369109,WolfCop,Wolfcop,C,2014,79,L,,True
3500,a21259fc-d896-4869-bfaa-73444712f18c,Hua Pi,"Painted Skin, 画皮",C,2008,103,L,,True
3501,95a27410-42c1-4b4b-bef4-91447618d723,Liu san jie,"Third Sister Liu, Liu Sanjie, 刘三姐",C,1960,117,L,I'm not sure of the origin.,True
3502,6d4787d5-c3ff-4200-9cf5-5324e95246c5,Ren Gui Qing,"Woman Demon Human, 人鬼情",C,1987,108,L,I'm not sure of the origin.,True
3503,f77aade7-13d9-403a-abe6-1d0391e4aab0,Chinkoroheibei to tamakebako,"Chinkoroheibei and the Treasure Box, Manga: Chinkoro heibei tamatebako",BW,1936,8,A,"I'm not sure of the origin.
https://www.youtube.com/watch?v=pRse4hZshpw",True
3504,2b2d6c12-f954-42f9-9a88-ea65a121527a,Danemon Ban-shojoji no tanuki-bayashi,"Danemon Ban-The Monster Exterminator, Manga: Shojoji no tanuki-bayashi Dan Dan'emon, Danemon's Monster Hunt at Shojoji",BW,1935,10,A,I'm not sure of the origin.,True
3505,ca4e2f4f-a23f-4c62-89de-9428899ea694,Yume,Dreams,C,1990,119,L,I'm not sure of the origin.,True
3506,92a5410a-a506-41e0-b0e6-3f3d5f680160,Yôkai daisensô,The Great Yokai War,C,2005,124,L,I'm not sure of the origin.,True
3507,8bbb575d-7a5b-4f96-862d-04cd013c214e,Momotaro no umi o shimpei,Momotaro’s Divine Warriors of the Sea,BW,1945,74,A,,True
3508,259be687-511e-47a2-8b8d-12d892da95e7,Momotaro no umiwashi,Momotaro’s Sea Eagle,BW,1942,37,A,,True
3509,b281d198-89cf-4c29-96ed-f30ee600d7d9,Rashômon,,BW,1950,88,L,,True
3510,20b44c99-da1a-444b-b087-df37501e4db4,Urusei yatsura biyoochifuru doriima,Urusei Yatsura: Beautiful Dreamer,C,1984,90,A,I'm not sure of the origin.,True
3511,e6089d90-acc4-4b33-9c95-961d121ce081,Mimi o sumaseba,Whisper of the Heart,C,1995,111,A,I'm not sure of the origin.,True
3512,d033a2c2-3c3c-4034-8c93-6bbb8be413f3,Lilet Never Happened,,C,2012,105,L,,True
3513,2707ea11-e714-4842-bdd5-b04dccc9563b,The Nutcracker in 3D,The Nutcracker: The Untold Story,C,2010,110,L,,True
3514,0ac02655-4772-4ac7-a7da-285aabb3c2bf,Red: Werewolf Hunter,,C,2010,88,L,,True
3515,ece27e74-a081-4e40-8d07-2b213a928043,The Selfish Giant,,C,2013,91,L,,True
3516,ab8829ab-399d-4c04-a26f-61ae279072aa,Les contes de la nuit,Tales of the Night,C,2011,84,A,I'm not sure of the origin.,True
3517,e4b74cc4-66d3-48c3-9963-02bb0bd69005,Bröderna Lejonhjärta,The Brothers Lionheart,C,1977,106,L,,True
3519,622b4a62-abbd-4b4b-b8e8-d0a401a9f997,Julenatt i Blåfjell,"Christmas Eve in Blue Mountain, Magic Silver",C,2009,82,L,,True
3520,6ed2707f-481c-4a97-a398-55bde5d755d1,Klods Hans,Clod Hans,C,1999,20,A,,True
3521,03b3b10e-8c5a-4ee9-b26c-3c01bf7e99c1,Reisen til julestjernen,Journey to the Christmas Star,C,1976,92,L,,True
3522,26518203-631d-4596-a3b9-75e9fa825063,Reisen til julestjernen,Journey to the Christmas Star,C,2012,80,L,,True
3523,d589826b-30bd-4fac-aaa4-aa4d437ff6e5,Ronja Rövardotter,Ronia: The Robber’s Daughter,C,1984,126,L,,True
3524,ddc584b5-73f5-4229-b759-c32b7e40bc00,Fyrtøjet,"The Tinderbox, Magic Lighter",C,1946,71,A,,True
3525,f15eb50c-3a5f-4df4-9239-421b8062383c,Fyrtøjet,The Tinderbox,C,1993,35,A,,True
3526,45fdf414-b361-4951-bf6d-62de9f8878d3,De vilde svaner,The Wild Swans,C,2009,60,L,,True
3527,afac44bf-0783-4e94-b468-b2557c42bbe7,Nils Holgerssons wunderbare Reise,"Nils Holgerssons underbara resa, The Wonderful Adventures of Nils Holgersson",C,2011,231,L,,True
3528,e72cfe53-7535-43e0-b319-4546d0b344f9,The Adventures of Pinocchio,,C,1988,98,A,,True
3529,eebb860a-03b1-4fcd-8ed8-9bbfcd1a76a7,Ledyanaya vnuchka,"Die Eisfee, Granddaughter of Ice",C,1980,73,L,I'm not sure of the origin.,True
3530,28c238ee-5e29-45c0-9022-057697bfa4e1,Ivan da Mariya,Iwan und Marja; Ivan and Marya,C,1976,88,L,I'm not sure of the origin.,True
3531,1e6050d4-0fa9-49e5-afa2-60e878670997,"Skazka, rasskazannaya nochyu","A Fairy Tale Told at Night, Märchen in der Nacht erzählt",C,1981,76,L,,True
3532,efc81b58-fe61-4d55-ae53-f4ca6c28757e,Osenniye kolokola,"Bells of Autumn, Von der schönen Zarentochter und den sieben Recken",C,1978,76,L,"https://letterboxd.com/film/bells-of-autumn/
",True
3533,b8547f25-50de-4750-8008-5b6a36cfcd25,I eshchyo odna noch Shekherazady,"Eine Nacht Mit Scheherezade, Scheherazade's 1002nd Night, And Another Shererazade Night",C,1984,80,L,https://en.wikipedia.org/wiki/The_Last_Night_of_Scheherazade,True
3534,368870f0-5d3c-41f8-9442-5b2091671695,"Staraya, staraya skazka","Ein uraltes Märchen, A Very Old Story",C,1968,90,L,"I'm not sure of the origin.
https://letterboxd.com/film/a-very-old-story/
",True
3535,b7b5bfd0-208b-4add-84fc-9aef13f16546,Solovey,"Die Nachtigall, The Nightingale",C,1979,85,L,,True
3536,7dc19118-2456-4d01-b126-55888a1c492f,Uchenik lekarya,"Der Lehrling des Medicus, The Doctor's Pupil",C,1983,70,L,,True
3537,8e7ee207-6fe1-425f-b509-013d0c207948,Letuchiy Korabil’,The Flying Ship,C,1979,18,A,,True
3538,6f48973f-1401-48c3-ba8c-1f4a51773f17,Podarok chyornogo kolduna,"Das Geschenk des schwarzen Zauberers, The Black Wizard's Gift",C,1978,63,L,I'm not sure of the origin.,True
3539,b516570b-8949-4a37-ac0f-7eac55883fc0,Metsluiged,"Die elf Schwäne, The Wild Swans",C,1987,86,L,,True
3540,f774398f-a660-4d41-a4da-c00c29d994de,Derevnya Utka. Skazka.,Oljas Abenteuer mit dem Hausgeist,C,1976,87,L,I'm not sure of the origin.,True
3541,ebaceb09-2c47-4520-8471-2682dbc02eaa,Vechera na khutore bliz Dikanki,"Вечера на хуторе близ Диканьки, Evenings on a Farm near Dikanka, The Night Before Christmas",C,1961,69,L,"I'm not sure of the origin.
AM: Origin is https://en.wikipedia.org/wiki/Evenings_on_a_Farm_Near_Dikanka
Specifically, The Night Before Christmas / Christmas Eve",True
3542,561a531f-a7ba-4fc2-b18a-ab3ac003c13c,Starik Khottabych,"Старик Хоттабыч, Old Khottabych, The Flying Carpet",C,1956,86,L,,True
3543,8a3b3bc2-9888-4809-a34c-05e84e1e0dd1,Vynález zkázy,"The Fabulous World of Jules Verne, Invention for Destruction",BW,1958,83,L,"Based on Jules Verne novel, ""Face au Drapeau/A Deadly Invention""",True
3544,97f4e44d-533e-49ea-bc12-910225708c28,Anicka s lískovymi orísky,,C,1995,85,L,I'm not sure of the origin.,True
3545,7b2756ef-e825-4cae-86bd-51acc112da85,O Jecmínkovi,King Jecminek,C,2003,61,L,I'm not sure of the origin.,True
3546,264e1c9d-1d98-4ffe-b4c4-474bea9dc573,Taiyô no ôji: Horusu no daibôken,"Taiyou no ouji Horusu no daibouken, The Great Adventure of Horus, Prince of the Sun, Horus: Prince of the Sun, The Little Norse Prince",C,1968,82,A,,True
3547,b10d9321-e6d4-4b23-a1e2-6e0f06d6969d,Les maîtres du temps,Time Masters,C,1982,78,A,,True
3548,7cf4e161-2606-4b37-86e2-45dc9d2263ba,The Adventures of Sinbad,,C,1979,47,A,,True
3549,fa760c79-b65a-480d-816e-4f74089f877e,Storytelling,,C,2001,87,L,,True
3550,463b7011-b13c-4fcb-8b6f-89e0aa4781f7,"Ching se,青蛇","Green Snake, Qing She",C,1993,99,L,"https://baike.so.com/doc/5340626-7597387.html 
",True
3551,72183754-c30c-4836-8869-4b062b94d1c5,The Return of Jafar,,C,1994,69,A,,True
3552,c0f87776-5359-4c39-b46e-c4088129c549,Aladdin,,C,1992,49,A,,True
3553,d60970c7-898e-4970-8ede-8c6494be4828,E.T. the Extra-Terrestrial,,C,1982,115,L,As Frog King in Andrew M. Gordon Empire of Dreams (2008),True
3554,819332eb-27b8-47cb-b0de-9c92deddfde7,Atanarjuat,Atanarjuat: The Fast Runner,C,2001,172,L,,True
3555,59e144be-19f2-4d6b-85e2-10c54e6fae5f,La esclava del paraíso,"1001 Nights, A Thousand and One Nights",C,1968,92,L,,True
3556,fa1e4761-dbe4-4957-9248-d12dd360fc36,Die drei Räuber,"The Three Robbers, Les Trois Brigands",C,2007,75,A,"I""m not sure of the origin.
https://en.wikipedia.org/wiki/The_Three_Robbers",True
3557,fe3eddf2-b3cc-444f-bb6e-8316a99707ec,Fool Throttle,,C,2004,6,A,I'm not sure of the origin.,True
3558,75ad4ee9-3e0d-4c41-b6b6-1759dce1b035,A Kid in Aladdin's Palace,,C,1997,89,L,,True
3559,d0986956-a734-41d1-b0cc-75f26429caba,Susanne und der Zauberring,,C,1974,70,L,I'm not sure of the origin.,True
3560,e85bfc47-d804-4920-8a58-afe60f794ccd,Parumu no ki,A Tree of Palme,C,2002,130,A,,True
3561,8e68cd13-8cf5-442c-8a41-b693eb92c3cc,The Magical Legend of the Leprechauns,,C,1999,172,L,I'm not sure of the origin.,True
3562,fac1e172-a2b3-42b3-ae0b-d7ebec1c750b,Samurai Jack: The Premiere Movie,,C,2001,90,A,I'm not sure of the origin.,True
3564,d1ae9fdf-71ab-4225-bc8e-a7a6f0a91952,La balia,The Nanny,C,1999,106,L,,True
3565,a4aeb9cb-9bc6-4b2c-b0bb-82a5ce9a2aa4,The Pied Piper of Hützovina,,C,2007,65,L,,True
3566,f99b3ca5-180f-4bf5-80da-36cd4d8a834e,алиса в стране чудес,"Alice in Wonderland, Alisa v strane chudes",C,1981,30,A,,True
3567,c70a1644-2f58-4394-8044-a3a54c0e2c2e,Pinocchio: Il Grande Musical,,C,2005,,L,"I'm not sure of the colour or duration, and I couldn't find any stable links.
AM: colour/live
https://www.themoviedb.org/movie/555257-pinocchio-il-grande-musical
https://moviefit.me/titles/208100-pinocchio-il-grande-musical
",True
3568,9e0f6f9c-d1c6-496e-9035-b477ec165da5,The Little Mermaid,,C,1998,50,A,,True
3569,92aaa9fa-1f87-4c69-a1f2-8f9d44f8f92f,Alice's Adventures in Wonderland,,C,1972,95,L,https://en.wikipedia.org/wiki/Alice%27s_Adventures_in_Wonderland_(1972_film),True
3570,2a5876d6-031e-4bc3-b220-bf823137194a,Rumplcimprcampr,Rumpelstizchen & Co,C,1997,90,L,,True
3571,fca3e86b-f5e4-4f76-9795-46e996a94654,Neko no ongaeshi,The Cat Returns,C,2002,75,A,,True
3572,2741685b-fdfc-44b7-b8fb-71d8bbd99bbc,Kappa no ku to natsu yasumi,"Summer Days with Coo, Un Été avec Coo",C,2007,138,A,I'm not sure of the origin.,True
3573,5fd2e22d-b6b0-489d-95d5-2cefc05c8978,Hansel and Gretel,Britannica's Fairy Tales From Around the World,C,2005,32,A,"Zipes Enchanted screen has this  possibly https://www.imdb.com/title/tt4460504/
called ""Familiar Tales Around the World"" date is 1991.  Questionable?

AM: I added the link above, appears to be accurate",True
3574,89c1f162-27a3-4e33-8549-bd084cdebd7d,Through the Back Door,,BW,1921,89,L,I'm not sure of the origin.,True
3575,1c3b6ba9-f356-4c39-ad98-18fb9f8240b7,Daddy Long Legs,,C,1955,126,L,,True
3576,a64cb797-0d34-485c-bbfb-b2bc4ed5004d,La bête,The Beast,C,1975,93,L,,True
3577,0e4f7a99-9985-4c8d-9e2e-e57e79bee564,Marcelino pan y vino,The Miracle of Marcelino; Marcellino Pane e Vino,BW,1955,90,L,I'm not sure of the origin.,True
3578,cb718b8b-23d0-4a2c-bf69-80406fe92436,Keetje Tippel,Katie Tippel,C,1975,100,L,I'm not sure of the origin.,True
3579,b325a409-a1cc-4562-80cb-612a810cad7c,Die Welt der Märchen: Das Hölzerne Kälbchen,,BW,1960,66,L,I'm not sure of the origin.,True
3580,4e55e74e-6dac-4ac7-b05e-f43cfe35682b,Hasenherz (The Coward),,C,1988,78,L,I'm not sure of the origin.,True
3581,c3216019-3c0a-4ac6-ae36-ef5b9248015d,Piano no mori,"Piano Forest, The Perfect World of Kai",C,2007,101,A,I'm not sure of the origin.,True
3582,78fa6581-5730-4674-9109-fa73d6dde60f,Cenerentolo,,C,2004,50,L,,True
3583,c889b597-6778-4548-94d2-8a1471b52835,Die Bergkatze,"Lo Scoiattolo: Die Bergkatze, The Wildcat",BW,1921,79,L,"I'm not sure of the origin.
https://en.wikipedia.org/wiki/The_Wild_Cat_(1921_film)",True
3584,d65edd41-0839-46de-a3e3-a183fc941ce9,Die Geschichte vom Fischer und seiner Frau,"The Fisherman and His Wife, The Story of the Fisherman and His Wife",C,1976,13,A,"I'm not sure of the origin.
https://ecommerce.umass.edu/defa/film/27404",True
3585,d5abc22d-4c07-41e2-8b22-e51369e493a3,Die schwarze Burg,"The Black Fortress, The Black Castle",C,1987,17,A,I'm not sure of the origin.,True
3587,72f41ea0-e647-4bef-a4a6-0591964c39fe,Tischlein deck dich,The Wishing Table,C,1970,33,A,,True
3588,0d31399d-18ec-438e-b672-c1400975793b,Die kluge Bauerntochter,The Farmer's Clever Daughter,C,1984,21,A,,True
3589,1e9ea82e-d8d0-46d3-999a-bf15a1118a67,Das Birnenmädchen,,C,1989,22,A,I'm not sure of the origin.,True
3590,ceb16362-31ef-4f4c-9d22-b7eae59f2f87,Die Weihnachtsgans Auguste,Auguste the Christmas Goose,C,1985,22,A,I'm not sure of the origin.,True
3591,d6a4aaf2-558b-4f2f-b60a-85a0c044b6c1,Die Bremer Stadtmusikanten,The Bremen Town Musicians,C,1988,26,A,,True
3592,ca7b01f0-55b5-49e7-9bf7-99bd33469e34,Vom faulen Töpfer und dem fleißigen Wäscher,,C,1977,15,A,I'm not sure of the origin.,True
3593,82640512-bc6b-4cdf-81f4-898c661eb394,Die fliegende Windmühle,The Flying Windmill,C,1982,85,A,,True
3594,035feccb-c78a-4067-888b-058aba34701f,What's the Matter with Helen?,,M,1971,101,L,I'm not sure of the origin.,True
3595,cd0c888b-9360-46ec-af4d-b0982c73ca3d,Hans im Glück,,C,1999,74,L,,True
3596,6da30676-d77b-4826-b8fd-958460ad5fe1,Die furchtlosen Vier,The Fearless Four,C,1997,89,A,,True
3597,63248f5d-e03d-4907-9765-e25e71241b60,Das blaue Licht,The Blue Light; Das blaue Licht - Eine Berglegende aus den Dolomiten,BW,1932,85,L,,True
3598,b1daa50a-85f3-4dc0-9389-702f6db30963,Der junge Engländer,The Young Englishman; Das Stacheltier - Der junge Engländer,BW,1958,70,L,,True
3599,c674b7d2-1440-4144-9019-a51361453f79,Das Kleid,"The Robe, The Dress",C,1961,88,L,,True
3600,8e6e7672-a272-4971-b0b3-b6141e296d4c,Die Regentrude,The Rain Maiden; The Rainmaker,C,1976,67,L,,True
3601,8bb9a24d-7383-4375-ac82-f45a4b89b412,Der Hasenhüter,The Rabbit Catcher,C,1977,49,L,,True
3602,a215179d-aaeb-47ce-a220-5672308b7bbc,Die zertanzten Schuhe,,C,1977,44,L,,True
3603,f4b83f1d-cf9c-44e7-b193-57117017c3bf,Der Meisterdieb,The Master Thief,C,1978,60,L,,True
3604,76565d59-3723-4754-806e-456fdde35e24,Die Gänsehirtin am Brunnen,The Goose Girl at the Spring,C,1979,57,L,,True
3605,50cbf52a-6add-4dc5-8c74-83536c9af6df,Gevatter Tod,Godfather Death,C,1980,76,L,"https://letterboxd.com/film/gevatter-tod/
",True
3606,240c7d5e-2d34-4686-8c55-32ee088b2771,Der Spiegel des großen Magus,The Mirror of the Great Magus,C,1980,78,L,I'm not sure of the origin.,True
3607,efec9c51-c269-40a3-8cfe-2301e3fb2e1f,Zauber um Zinnober,Magic around Cinnabar,C,1983,81,L,,True
3608,c1e8b932-c38f-46ee-a9f1-40815bb04962,Die vertauschte Königin,The Swapped Queen,C,1984,74,L,,True
3609,cc98d79b-147f-4005-a645-fe0926f7d77c,Jorinde und Joringel,Jorinda and Joringel,C,1986,75,L,,True
3610,ed0fdcd4-1a71-4031-99a8-a2c8a4dc3c21,Münchhausen,The Adventures of Baron Munchausen,C,1943,110,L,,True
3611,a9f8f741-9124-410e-9d4e-35dae46c94a4,Das geheimnisvolle Wrack,The Mysterious Wreck,BW,1954,79,L,I'm not sure of the origin.,True
3612,1e054e11-48ad-4a19-a575-4eb615279fd5,Das Traumschiff,The Dream Ship,BW,1956,85,L,"I'm not sure of the origin.
https://translate.google.com/translate?hl=en&sl=de&u=https://www.defa-stiftung.de/filme/filme-suchen/das-traumschiff/&prev=search&pto=aue
https://www-filmportal-de.translate.goog/film/das-traumschiff_4fcfcd595f5044a7935152fc82ff0404?_x_tr_sl=de&_x_tr_tl=en&_x_tr_hl=en-GB&_x_tr_pto=ajax,se,elem,sc",True
3613,8da830e4-477f-44fb-a8a3-b3aa86a20f2a,Tinko,,BW,1957,91,L,I'm not sure of the origin.,True
3614,d09524fa-ff2c-4945-aef5-dcf2cf2862a0,Die Legende von Paul und Paula,The Legend of Paul and Paula,M,1973,105,L,,True
3615,7a3527ad-2937-41a3-a76a-0d078d0908f3,Die Kuckucks,The Cuckoos,BW,1949,93,L,"I'm not sure of the origin.

https://de.m.wikipedia.org/wiki/Die_Kuckucks

https://www-filmportal-de.translate.goog/film/die-kuckucks_5de8cd3c6e5b450c8b851b33288f4f5d?_x_tr_sl=de&_x_tr_tl=en&_x_tr_hl=en-GB&_x_tr_pto=ajax,se,elem,sc

https://www-defa--stiftung-de.translate.goog/filme/filme-suchen/die-kuckucks/?_x_tr_sl=de&_x_tr_tl=en&_x_tr_hl=en-GB&_x_tr_pto=ajax,se,elem,sc
",True
3616,dfc370b8-9bb0-4cad-b4a2-0b04384f5560,Schwarzwaldmädel,The Black Forest Girl,C,1950,100,L,I'm not sure of the origin.,True
3618,edd4c97f-8b18-416d-a2bd-b89224e6ab9d,Die Geschichte vom goldenen Taler,The Story of the Golden Coin,C,1985,83,L,"I'm not sure of the origin.https://de.wikipedia.org/wiki/Die_Geschichte_vom_goldenen_Taler
Die Geschichte vom goldenen Taler by Hans Fallada
https://de.m.wikipedia.org/wiki/Geschichten_aus_der_Murkelei
",True
3619,9e91f186-27ef-4e29-8426-b4da5c7cbf5c,Pokhozhdeniya Nasreddina,The Adventures of Nasreddin,BW,1947,87,L,"I'm not sure of the origin or the mode.
Originates from folklore throughout the Middle East. ",True
3620,154d3049-b22f-4a83-b53c-b72517f2bbf0,"Wenn du groß bist, lieber Adam","When You Grow Up, Dear Adam",C,1965,78,L,,True
3621,0aec0f9e-fc00-43d3-8c50-8e618aad6d6e,Fiete im Netz,Fiete in a Net,BW,1957,59,A,"I'm not sure of the origin.
https://letterboxd.com/film/fiete-im-netz/",True
3623,bb0d9b13-b186-4bf9-8165-7e8d322d4f33,Die klugen Dinge,The Clever Things,C,1973,70,L,"I'm not sure of the origin or the mode.
Confirming mode is live (AM)",True
3624,c0629646-5e98-421e-b8b6-29db7ead4bb5,König Drosselbart,King Thrushbeard,C,1971,25,L,"https://www.youtube.com/watch?v=fyfvX8QTUb8
https://de.m.wikipedia.org/wiki/König_Drosselbart_(1976)",True
3625,73c9ddeb-1dfc-464a-97ff-139b0b454944,Frau Venus und ihr Teufel,Lady Venus and Her Devil,C,1967,99,L,I'm not sure of the origin.,True
3626,436e5c97-aa78-4fca-8bfc-14d2a4fcc9ab,Ein Schneemann für Afrika,A Snowman for Africa,C,1977,84,L,"https://www-defa--stiftung-de.translate.goog/filme/filme-suchen/ein-schneemann-fuer-afrika/?_x_tr_sl=de&_x_tr_tl=en&_x_tr_hl=en-GB&_x_tr_pto=ajax,se,elem,sc

https://www-filmportal-de.translate.goog/film/ein-schneemann-fuer-afrika_7700d8ffdb4546df823b181d55c89ee7?_x_tr_sl=de&_x_tr_tl=en&_x_tr_hl=en-GB&_x_tr_pto=ajax,se,elem,sc",True
3627,73d60ae3-f62c-4c51-becf-a24e17f53499,Hamida,Kein Pferd für Hamida; Tunis,BW,1965,85,L,"I'm not sure of the origin.

https://letterboxd.com/film/hamida/",True
3628,d3e7b9be-07ca-4ad1-b8bd-77bb1c12d527,The Million Dollar Duck,Die Million-Dollar-Ente,C,1971,89,L,,True
3629,880c3944-3b8d-4a42-8dfb-c6fdcd86c5b4,Abenteuer in Bamsdorf,Adventure in Bamsdorf,C,1958,60,L,I'm not sure of the origin.,True
3630,4f4f4ed0-f711-4b85-a393-77908861e842,Die Fahrt nach Bamsdorf,The Journey to Bamsdorf,BW,1956,39,L,I'm not sure of the origin.,True
3631,d55972bc-8a51-4ad9-b38c-53f8650340ae,Das kalte Herz,The Cold Heart; Heart of Stone,BW,1923,,L,"I'm not sure of the origin.
Origin added.
https://en.wikipedia.org/wiki/Heart_of_Stone_(1924_film)",True
3632,2eedbec2-6929-486a-a0ad-de9776dffd68,Der standhafte Zinnsoldat,The Steadfast Tin Soldier,C,1940,18,U,"I don't know the colour or the mode.
https://www.filmportal.de/en/movie/der-standhafte-zinnsoldat_",True
3633,80ca1d0b-621e-4897-bf01-8ef177d50e78,Hexen,Witches,BW,1954,100,L,I'm not sure of the origin.,True
3634,25d58abb-aaaf-4b21-b317-17e04b753290,"Tischlein deck Dich, Esel streck Dich, Knüppel aus dem Sack","The Magic Table, the Golden Donkey, and the Club in the Sack!",C,1938,79,L,,True
3635,01b8575c-3833-42ee-a621-9d60c46d58f4,Der Teufel mit den drei goldenen Haaren,The Devil's Three Golden Hairs,C,1955,85,L,,True
3636,1f694e7d-aad4-4956-bc8a-e602b8a61882,Rumpelstilzchen,Rumpelstiltskin,BW,1940,63,L,"I don't know the colour, mode, or company.
AM: Appears B/W and live. 
https://letterboxd.com/film/rumpelstiltskin-1940/
https://en.wikipedia.org/wiki/Rumpelstiltskin_(1940_film)
https://www.youtube.com/watch?v=VgUBgYMqdCk",True
3637,bab5ddbe-f991-4e4f-adc3-1ff127f42e48,"Philipp, der Kleine",Phillip the Small,C,1975,70,L,,True
3638,8e874d87-5c7c-42f9-b1e6-43e104afe6a1,L'annulaire,The Ring Finger,C,2005,104,L,I'm not sure of the origin.,True
3639,c56b8b9c-543c-4135-b159-e44746e21d7d,The Legend of Atlantis,,C,2004,54,A,,True
3640,c645e8b7-e9c3-4f7d-a9e8-7d04cfb760d0,Miracle in Toyland,,C,2000,49,A,I'm not sure of the origin.,True
3641,73ea8775-e886-41a1-a556-45aa5f714cff,The Emperor's Treasure,,C,1999,45,A,I'm not sure of the origin.,True
3642,6760a3c5-7416-44a9-a6bd-2ea711ec3288,The Legend of Su-Ling,,C,1998,48,A,I'm not sure of the origin.,True
3644,c0d6c336-e29f-4f0d-828d-7b22bf2cf24a,Tom Thumb Meets Thumbelina,,C,1996,48,A,,True
3646,c8b54b19-ee25-4920-b941-334ddf2cad91,The Princess Castle,,C,1996,48,A,,True
3647,58cf47c1-d476-4649-b6d9-8577abae6edb,The Christmas Elves,,C,1995,48,A,,True
3649,febf028a-4c87-41c6-a705-e40e3b0804e7,The New Adventures of Peter Rabbit,,C,1995,48,A,,True
3650,a0e3b7aa-56b1-4d5a-8196-b70d8f0e0724,Thumbelina,,C,1992,49,A,https://letterboxd.com/film/thumbelina-1993/details/,True
3651,b63ea50e-3b18-45ae-b918-cbc048aa1e5e,Zelta zirgs,The Golden Horse,C,2014,75,A,"From contributor:  Opening night at EU festival in Chicago http://www.siskelfilmcenter.org/golden-horse

Film is based on classic 1909 drama by Latvian national poet Rainis, who based his story on an Estonian variant of ATU 530 published by Friedrich Kreutzwald
",True
3652,e6769dc7-65fc-4c7d-9672-1427dd375e39,The Little Mermaid,,C,1992,50,A,https://letterboxd.com/film/the-little-mermaid-1992/,True
3653,d48393e8-d32a-43cb-b0ed-06c23e896171,Sinbad,,C,1992,50,A,,True
3654,869061e8-84cf-45aa-a034-a84e4718854a,Cinderella,,C,1990,26,A,,True
3655,d2563223-8b6c-4d7b-accb-6fc255f72fca,Snow White,,C,1990,28,A,,True
3656,1e2ea1df-5b5e-4259-a106-74e1ab9d09b7,The Nuttiest Nutcracker,,C,1999,48,A,,True
3657,c4c9813e-f21b-4658-998e-a31d0ba4344d,The Magic 7,,C,2009,,A,,True
3658,681f469b-d552-4b83-99f6-75a3342a41ae,Jungle Girl & the Lost Island of the Dinosaurs,,C,2002,50,A,,True
3659,14b93ce1-c3aa-4762-bcb4-e32757134972,The Three Little Pigs,,C,1999,50,A,,True
3660,6556ca84-197a-4e36-9f84-cef3f1759489,Mulan,Mu Lan,C,1998,50,A,,True
3662,0189d1cc-9ec7-411f-9dde-ac6423b904d8,The Fantastic Voyages of Sinbad,,C,1993,50,A,,True
3663,3e6bae6c-81e7-4898-84ea-d19ab6e1be37,The New Adventures of Robin Hood,,C,1992,48,A,,True
3664,54b596ce-c213-4ef8-92c7-7a5dc397c4c2,Ali Baba,Ali-Baba,C,1991,50,A,,True
3665,df1a1281-4e69-4a35-bb28-de898aac1428,The VVitch: A New-England Folktale,The Witch,C,2015,90,L,A link to an article about the making of the film: http://www.indiewire.com/article/how-robert-eggers-combined-history-and-childhood-horrors-in-the-witch-20151021,True
3666,a2e02ab8-f050-4f3b-9fe7-8245f1294600,Beyond Tomorrow,,BW,1940,84,L,,True
3667,ca0b299e-9361-4e7c-ba44-49e3bbc2b8e8,Cat People,,BW,1942,73,L,,True
3668,9cb15467-9f34-4ac6-aabb-fa9772770440,The Seeker: The Dark is Rising,,C,2007,99,L,,True
3669,52017952-74ff-4fec-b169-36da7ec34f6f,Deathstalker,,C,1983,80,L,I'm not sure of the origin.,True
3670,7949c1b1-b7b2-41c3-9cbc-40504bc0f181,Die Blechtrommel,The Tin Drum,M,1979,142,L,,True
3671,ee01fe63-7b86-46c5-83a0-a1c22d803ac9,Dragonslayer,,C,1981,109,L,,True
3672,47ce3471-699c-436f-9738-16e065df2a3b,El espíritu de la colmena,The Spirit of the Beehive,C,1973,97,L,,True
3673,1df7abbf-6b22-4c54-93ff-fb98685a8da0,Eragon,,C,2006,104,L,"Based on a book by the same title, written by Christopher Paolini",True
3674,e944c78f-0506-412e-a7b5-0e8f60fe0e5b,Fire and Ice,,C,1983,81,A,,True
3675,1e3cacdd-228f-4c6a-8e5d-5222a6733609,Gedo senki,Tales from Earthsea,C,2006,115,A,Based on a novel by Ursula Le Guin,True
3676,78d20711-e8b4-4738-a0ad-2a82d0ce9b1f,La Cigale et la fourmi,The Grasshopper and the Ant,BW,1897,1,L,https://www.themoviedb.org/movie/607021-la-cigale-et-la-fourmi,True
3677,4c6b104d-ba18-4151-abe6-7db41d07d7c5,Lancelot du Lac,Lancelot of the Lake,C,1974,85,L,https://en.wikipedia.org/wiki/Lancelot_du_Lac_(film),True
3678,2b3ce64c-a79c-4231-b953-6477147c4734,The Lord of the Rings,,C,1978,132,A,,True
3679,f1c8bd55-6109-4e34-befb-5b01099214d3,The Lord of the Rings: The Fellowship of the Ring,,C,2001,178,L,,True
3680,bb9fa89d-4b02-41c2-9b4d-26e49960cbb9,The Lord of the Rings: The Return of the King,,C,2003,201,L,,True
3681,48e0bc73-0f0c-4df4-9ea0-fd9112a563d8,The Lord of the Rings: The Two Towers,,C,2002,2002,L,,True
3682,bd8a3e60-cc3c-4cb1-9a7b-95c0fe09bb0a,Monty Python and the Holy Grail,,C,1975,91,L,,True
3683,d736ed4b-e64a-4051-a816-57d10357bd4b,The Sword and the Sorcerer,,C,1982,100,L,I'm not sure of the origin. Listed in David Butler's Fantasy Cinema.,True
3684,f2305d83-16a8-4490-8da5-098fbdfd0a84,Ma Vie en Rose,,C,1997,88,L,Has brief scene of school Sleeping Beauty play.  Ludovic takes the role of Sleeping Beauty so he can be kissed by the boy he loves.,True
3685,f3f608b3-d78c-476b-bb94-2a62f32e3a81,Onibaba,The Witch,BW,1964,103,L,From David Butler's Fantasy Cinema,True
3686,fa4f79e2-b24d-493d-9d28-e44d0e0aad1c,Vertigo,,C,1958,128,L,,True
3687,8d1c7829-92a2-420a-8ab6-1c8106e11a11,Dreamchild,,C,1985,94,L,,True
3688,754a6e64-a6d6-4481-8465-8686c5ce0a30,Alice in Wonderland: An X-Rated Musical Fantasy,,C,1976,72,L,https://en.wikipedia.org/wiki/Alice_in_Wonderland_(1976_film),True
3689,92257a9e-a752-427b-ab62-9adc830ae2bb,The Sorcerer's Apprentice,,C,1955,13,L,,True
3690,688da31a-bfd9-45a4-a188-29ddeea58e25,The Sorcerer's Apprentice,,C,1980,26,A,,True
3691,68f618b1-eee2-4ceb-bd9e-9be74ce4bc89,Adventures in Zambezia,Zambezia,C,2012,83,A,,True
3692,cc8150ed-3e6b-463b-9fed-8abbf3d5a1db,Prikliucheniia Buratino,"The Adventures of Buratino, Priklyucheniya Buratino, Приключения Буратино",C,1976,130,A,,True
3693,c51224f1-b5a1-4bfe-81a1-fd8fb8d89f42,Przygody Jasia i Małgosi,The Adventures of Hansel and Gretel,C,1983,10,U,"I'm not sure of the colour or mode. From FTFBD.

https://www-sfp-org-pl.translate.goog/film,10501,1,Przygody-Jasia-i-Malgosi.html?_x_tr_sl=pl&_x_tr_tl=en&_x_tr_hl=en&_x_tr_pto=sc",True
3694,2ac632c6-96f6-40f1-ab79-d360c2c2318a,Przygody Czerwonego Kapturka,The Adventures of Little Red Riding Hood,C,1983,9,U,"I'm not sure of the colour or mode. From FTFBD.

https://www.sfp.org.pl/film,10479,1,Przygody-Czerwonego-Kapturka.html",True
3695,9ca14469-94e8-44fa-85d7-579c6db46d49,Deus e o Diabo na Terra do Sol,"Black God, White Devil",BW,1963,120,L,From FTFBD,True
3696,72e25437-0f97-475c-ba10-5b9789b9a439,Krvavá pani,The Bloody Lady,C,1980,72,A,From FTFBD,True
3697,953342eb-29d7-4db2-8b31-4da3bfd06db5,The Boxtrolls,,C,2014,96,A,From FTFBD,True
3698,ae2a7c27-9943-4841-a461-5aa5645dfc30,Córki dancingu,The Lure,C,2015,92,L,spotted by Danishka Esterhazy at Sundance,True
3699,efe09c0d-270c-482c-ad1a-c6d36aa8b7bf,El mago de los sueños,The Wizard of Dreams,C,1966,70,A,"Submitted to the IFTF, alejandra.gah@gmail.com",True
3700,3e03385b-8e47-4ce5-82a7-d4eef11ba222,Care Bears Nutcracker Suite,Care Bears: The Nutcracker,C,1988,62,A,,True
3701,21216240-9c18-4074-8101-9614dae67660,Der verzauberte Tuch,The Enchanted Little Cloth,C,1948,,L,From FTFBD,True
3702,595b62d0-6436-4aa5-acc3-7c6850ba1501,Epic,,C,2013,102,A,From FTFBD,True
3703,a4c062d2-c2e8-4db7-a861-1709c406f124,Obyknovennoe chudo,"Обыкновенное чудо, The Everyday Miracle, The Ordinary Miracle",C,1978,138,L,"From FTFBD
IMDB says 1979",True
3704,64708724-a274-43d8-bf0a-6a3ceb0c3608,Bajka o trzech smokach,The Fairy Tale about Three Dragons,C,1987,,A,From FTFBD,True
3705,307dd875-95b2-40e8-ae7f-7ed14fa667a8,Wrong Turn,,C,2003,84,L,"Murphy, Terence Patrick. 2015. From fairy tale to film screenplay: working with plot genotypes.  Basingstoke:  Palgrave Macmillan.",True
3706,78bd6231-3c6b-4ff1-97e0-7f7b1fb23922,The Mask,,C,1994,101,L,"Murphy, Terence Patrick. 2015. From fairy tale to film screenplay: working with plot genotypes.  Basingstoke:  Palgrave Macmillan.",True
3707,2427cc02-5f8e-4a65-98fb-71cd988bd72a,Hana yori dango,Boys Over Flowers,C,1995,76,L,,True
3708,546b289b-cb86-4898-a453-e9abdaa93d88,Orisha's Journey,,C,2014,5,A,,True
3709,8a870563-293e-4e0b-9c06-ae7f7d9f818b,Lo Lem Hè Phô,"Street Cinderella, Lọ Lem Hè Phố",C,2004,117,L,"Tess Do, ""Bar Girls and Street Cinderella: Women, Sex and Prostitution in Le Hoang's Commercial Films,"" Asian Studies Review June 2006",True
3710,ae877e96-6145-4d65-883e-af54c01f9e94,Godzina pąsowej róży,The Hour of the Crimson Rose,C,1963,78,L,From FTFBD,True
3711,f292e97a-e945-4226-b4d1-fea82c11c761,"Dom, kotoryi postroil Swift","Dom, kotoryy postroil Svift, The House, That Was Built by Swift, The House that Swift Built",C,1982,138,L,"From FTFBD, I'm not sure of the origin
https://www.youtube.com/watch?v=29yp34Mt_P4",True
3712,5f283716-6a92-4450-8bb8-b1482ef7418b,Jack et la mécanique du coeur,Jack and the Cuckoo-Clock Heart,C,2013,94,A,From FTFBD,True
3713,5eaeabc7-f52d-4d95-9196-45375b35dcf3,Zbojník Jurko,Jurko the Brigand,C,1967,78,A,"From FTFBD
FTFBD says this is from 1967, but other sources say 1976
https://www-imdb-com.translate.goog/title/tt1408117/?_x_tr_sl=sk&_x_tr_tl=en&_x_tr_hl=en&_x_tr_pto=sc
https://mubi.com/films/brigand-jurko
https://janosik-terchova--info-sk.translate.goog/zbojnik-jurko-1976/?_x_tr_sch=http&_x_tr_sl=sk&_x_tr_tl=en&_x_tr_hl=en&_x_tr_pto=sc",True
3714,951c83a0-9dcf-4708-8d01-95bc50d4c9d5,The Legend of Sleepy Hollow,,C,1949,34,A,From FTFBD,True
3715,ef6b916a-939c-4c14-b7aa-e0789f11a746,La vita è bella,Life is Beautiful,C,1997,116,L,From FTFBD,True
3716,af68e3be-fb99-4be1-831d-6506a4af982a,Picc Mi,Little Bird,C,1992,20,A,"From FTFBD, not sure of the origin",True
3717,11d75658-796e-44d2-b002-a9de72a6a151,Little Claus & Big Claus,,C,2005,22,L,From FTFBD,True
3718,75778a5d-2b90-45f3-b43d-26146019504b,Rotkäppchen und der Wolf,Little Red Cap and the Wolf,BW,1937,,A,"From FTFBD, I couldn't find any links",True
3719,d4ff88bd-5ffa-465b-8b4f-2b7de9d9994a,Magiczne drzewo,Magiczne drzewo: czerwone krzesło; The Magic Tree; The Magic Tree: The Red Chair,C,2009,83,L,From FTFBD,True
3720,a489b4c7-6e6b-4418-a0f0-c982a5b80d72,Drive,,C,2011,100,L,"O'Brien, Gabrielle. ""Hero in the Shadows: Film Noir, Fairytale and Postmodernism in Drive."" Screen Education, no. 79: 110-117.",True
3721,eada929f-4b77-4958-9e5d-2e2a47e8a1e3,The Magic Horse,,BW,1953,10,A,"Dates are all different (IFTF said 1953, description on Amazon link says 1954, IMDB says 1957)",True
3722,06e075b4-1398-4192-88f4-ab2adc6f4887,Maria Full of Grace,,C,2004,101,L,From FTFBD,True
3723,bc055722-45d1-4b6d-b8c0-6078782dac34,Le château des singes,A Monkey's Tale,C,1999,76,A,From FTFBD,True
3724,cee1a5a1-0c31-44c8-96fd-d3b67b877632,Inch'Allah dimanche,Inch'Allah Sunday,C,2001,98,L,"From ""The sacrificial sheep in three French-North African film: displacements and reappropriations"" by Dora Carpenter-Latiri

http://eprints.brighton.ac.uk/14950/1/JAC%20LAST%20The%20sacrificial%20Dora%20Carpenter-Latiri.pdf",True
3725,5820192d-ddda-46db-8d33-32ba4417a99e,Le Tableau,The Painting,C,2011,76,A,From FTFBD,True
3726,868ab3d1-dd0a-4cd6-9dc8-747fe31a1c03,Pixie Hollow Games,,C,2011,21,A,From FTFBD,True
3727,b2e8b58d-725d-4bcc-b0af-b5f1356a8a91,Pochta,The Post,BW,1929,15,A,From FTFBD,True
3728,30e47dee-3538-45ed-86ed-b48c6ebd09f7,Raja Harishchandra,,BW,1913,40,L,"Not sure of origin, includes archetypes from Indian lore; from FTFBD",True
3729,0d14bb23-36bf-4780-8646-039121c944d0,Red,,C,2012,,A,From FTFBD,True
3730,7a056922-b042-4f53-ab3e-f14e795bbc5a,Red,,C,2012,,L,,True
3731,4368d6fe-0474-4b97-9c52-c7f6f8a0b23a,Red,,C,2012,15,L,,True
3732,2273a317-1734-4849-9bf9-650c8dcc84c4,Saxána a Lexikon kouzel,"Saxana and the Lexikon, Little Witch on a Broomstick",C,2011,90,L,"From FTFBD, not sure of the origin",True
3733,e9717203-6ab6-4eef-ae8f-3dc6fbeede73,Scared Shrekless,,C,2010,26,A,From FTFBD,True
3734,8063c1cb-3a79-414a-a972-a24877f3dc6c,Die Sterntaler,The Star Coins,C,1940,16,A,"From FTFBD, couldn't find any stable links

https://www-filmportal-de.translate.goog/film/die-sterntaler_982ef535b7f64775a53852c72bcaa61c?_x_tr_sl=de&_x_tr_tl=en&_x_tr_hl=en&_x_tr_pto=sc",True
3735,fbc9d88f-f663-47e6-ae19-a0f6a2b4389a,Strange Magic,,C,2015,99,A,From FTFBD,True
3736,5f225895-f054-49f9-bce9-e2a8bcf3f1b0,Street of Crocodiles,,M,1986,20,A,From FTFBD,True
3737,dd30137c-4376-4135-84fc-ab6a4bb33142,The Hallow,The Woods,C,2015,97,L,,True
3738,a9af6d41-77b4-44f2-a918-d98e474feb90,Mei ren yu,The Mermaid,C,2016,94,L,,True
3739,e45c9e06-17a9-4c48-a7cc-e78b7dc80dfc,Brat,"Brother, Брат",C,1997,96,L,"From Emily Schuckman Matthews' ""Folk Elements in Aleksei Balabanov's Brat and Brat 2: A Morphological Analysis""",True
3740,063e13be-5c92-4133-8de5-b6988e472693,Брат 2,"Brat 2, Brother 2",C,2000,122,L,"From Emily Schuckman Matthews' ""Folk Elements in Aleksei Balabanov's Brat and Brat 2: A Morphological Analysis""",True
3741,86bbcd50-2b6d-4162-afa6-9f77fc658a4a,Tini zabutykh predkiv,Shadows of Forgotten Ancestors,C,1965,97,L,"From Jack Zipes' donation, box 5",True
3742,f185c338-f89a-4216-bef2-55bff9b3e507,Shiriusu no densetsu,Sea Prince and the Fire Child,C,1981,108,A,"I'm not sure of the origin. From Jack Zipes' donation, box 5",True
3743,8d752daf-eeb1-46ba-9bf4-f6cb7d7b026b,Allerleirauh,,C,2012,58,L,"From Jack Zipes' donation, box 5",True
3744,75bbea67-6367-44c2-9810-d277a8f8c32f,Vendredi soir,Friday Night,C,2002,90,L,"I'm not sure of the origin. From Jack Zipes' donation, box 5",True
3745,fb06c107-a6ff-48d4-8b96-ed8b80b283ef,Les 3 inventeurs,The Three Inventors,C,1980,13,A,"From Jack Zipes' donation, box 5. Not sure of the origin.",True
3746,a9482130-6ace-4fb3-b667-6035ac7f8dc7,La légende du pauvre bossu,The Legend of the Poor Hunchback,C,1982,8,A,"From Jack Zipes' donation, box 5. Not sure of the origin.",True
3747,946cbedb-a1e9-4704-8711-bd3882878cb5,Le Prince des Joyaux,,C,1992,13,A,"Not sure of the origin. From Jack Zipes' donation, box 5",True
3748,95c3a460-e4bf-485b-90d8-4a5a301fc95f,Bergère qui danse,,C,1992,9,A,,True
3749,d22bafb9-ddf5-4f5e-8aad-c1a605fec2f2,The Flight of Dragons,,C,1982,96,A,"From Jack Zipes' donation, box 5",True
3750,5914c198-6cb1-4ba0-97fc-2f7a1facda3c,Grimm Reality,Grimm Reality: The Fairy Tales Mother Goose Never Told You!,C,2002,53,L,"From Jack Zipes' donation, box 5",True
3751,73140a57-ab67-40aa-bfe0-fdaa2c6be898,Peerifool: An Orkney Fairytale,,C,2008,40,L,"From Jack Zipes' donation, box 5; I'm not sure of the origin.
AM: Origin is ATU 500: https://sites.pitt.edu/~dash/folktexts2.html

http://www.fairytalefilms.co.uk/Pages/Shop/shop_peerifool.html

https://www.tavistock-today.co.uk/article.cfm?id=1031&headline=Orkney%20story%20provides%20a%20fairytale%20premiere%20for%20moorland%20film%20group&sectionIs=news&searchyear=2010",True
3752,06e79fa8-8413-4cfb-89ea-d461412e5148,Re-enchantment,,C,2011,30,A,"From Jack Zipes' donation, box 5
10 x 3-minute animated documentaries
https://www.filmartmedia.com/projects/re-enchantment/
https://sarahcgibson.wordpress.com/filmmaker/filmmaker-sub-page-01/",True
3753,e91685c5-059d-45e8-9de7-f7a5b11caf57,Phoebe in Wonderland,,C,2008,96,L,"From Jack Zipes' donation, box 5",True
3754,aafc340a-4d72-4df3-a7b2-3cd5e6926d4d,Travellers & Magicians,Travelers and Magicians,C,2003,108,L,"From Jack Zipes' donation, box 5; I'm not sure of the origin (perhaps Izu No Odoriko [The Dancing Girl of Izu], a story by Yasunari Kawabata - according to Wikipedia)",True
3755,48875486-1bb2-41b8-8ad7-e1c54634963f,The King of Bugs,,BW,1930,,A,"From Jack Zipes' donation, box 5",True
3756,1edd0c39-ab1b-41e1-b5db-eeebf023f2ba,Seers and Clowns,,C,1994,9,A,"From Jack Zipes' donation, box 5",True
3757,417df7c0-794c-4f52-b6cd-4711fac156d4,Cockaboody,,C,1974,9,A,"From Jack Zipes' donation, box 5",True
3758,995a8c96-032c-4947-a6cd-500ec0dfb5dc,Rainbows of Hawai'i,,C,1995,9,A,"From Jack Zipes' donation, box 5",True
3759,0bdd6261-5d39-4a11-95c2-c7453c4b53eb,The New Daughter,,C,2009,108,L,"From Jack Zipes' donation, box 5; not sure of the origin",True
3760,c129996d-329b-4436-9ce4-949bc2caaff2,Hellboy II: The Golden Army,,C,2008,120,L,,True
3762,76b42035-33a3-4408-a62b-35f21b4785f1,Tales of Two Who Dreamt,,BW,2016,85,L,,True
3763,b7152303-3332-4f7d-b5fd-b31c54287939,Animaland,David Hand's Animaland,C,1946,70,A,From FTFBD,True
3764,e0f1325a-7ce7-42e5-af2e-3919f7d8e560,I racconti di Canterbury,The Canterbury Tales,C,1972,140,L,From FTFBD,True
3765,fa6b003a-9ddf-4972-997c-baa9d01de50f,Clorofilla dal cielo blu,,C,1984,154,A,From FTFBD,True
3766,0fdd53c7-010b-4bb4-a8b3-55a0f29cc492,James and the Giant Peach,,C,1996,79,M,From FTFBD,True
3767,469f79c4-d498-4410-a1f5-c44c0d1d090b,Elle voit des nains partout!,She Sees Dwarfs Everywhere!,C,1982,85,L,"From FTFBD
https://www.youtube.com/watch?v=CQeFx1rEI0g",True
3769,a38f1798-4d82-4b10-bce5-2df71e044df8,Ugetsu monogatari,Ugetsu,BW,1953,96,L,From FTFBD,True
3770,d69960fc-381a-493d-a929-891b1808cffc,Die Sterntaler,Star Coins,C,2011,59,L,,True
3771,37890443-068a-4872-a9aa-9bdc0c7c3fb1,Sterntaler,Star Coins,C,2008,20,L,,True
3772,d142af92-683c-494c-ace1-7f8a91bad979,Kare kare zvako: Mother's Day,La Fête des mères,C,2004,30,L,"African (Shona) folklore
https://www.youtube.com/watch?v=XIlZEJbp17Y

http://www.spla.pro/ficha.filme.mother-s-day-kare-kare-zvako.949.html
http://www.nyeraifilms.com/filmsKKZ.html 
https://search.alexanderstreet.com/view/work/bibliographic_entity%7Cvideo_work%7C4066831 
https://africanfilmny.org/films/mothers-day-kare-kare-zvako/ ",True
3773,2621be83-bd10-4680-88d0-5aeb6ccf7275,Nyaminyami amaji abulozi,Nyami Nyami and the Evil Eggs,C,2011,39,L,"Based on the legendary fable of a dragon-like creature said to reside in the Zambezi river in Zimbabwe
https://www.youtube.com/watch?v=by-NoRcEixQ

https://www.africanfilmdatabase.com/films/show/761
http://africanwomenincinema.blogspot.com/2011/12/towards-critical-debate-nyaminyami.html
https://culture.pl/en/event/nyaminyami-polands-african-connection-in-cinema
",True
3774,f1dcc439-965a-4b6c-8c44-3d25d6c3342c,Songcatcher,,C,2000,109,L,"From Jack Zipes' donation, box 5. I'm not sure of the origin.",True
3775,689298f9-a50e-495f-b30b-e92e8d33150e,Dopperugengâ,Doppelganger,C,2003,107,L,"From Jack Zipes' donation, box 5. I'm not sure of the origin.",True
3776,0260692c-7910-4ba8-84fe-4d2496487ae8,Milarepa,"Milarepa: Magician, Murderer, Saint",C,2006,90,L,"From Jack Zipes' donation, box 5. I'm not sure of the origin.

https://en.wikipedia.org/wiki/Milarepa ",True
3777,fcb8c563-ca34-4758-9e8e-9c20ab38e5ad,Drop Dead Fred,,C,1991,103,L,"From Jack Zipes' donation, box 5. I'm not sure of the origin",True
3778,9de3383c-7577-4e22-901f-b39143057327,Čarobni gumb,"Magical Button, Raganas poga, The Witch's Button",C,2006,2,A,"From Jack Zipes' donation, box 5
https://vimeo.com/11381670
http://www.rijafilms.lv/2010/the-witch%e2%80%99s-button/",True
3779,af793874-26ac-4018-8aeb-c0a1ebb65696,Pika in črtica,Dot and Dash,C,2007,,A,"From Jack Zipes' donation, box 5",True
3780,6bfc9b67-04a8-4882-a25a-66ada5b51bcc,Miriam in Rdeča kapica,Miriam and Little Red Riding Hood,C,2007,,A,"From Jack Zipes' donation, box 5",True
3781,56d6fa9b-049b-4452-b95c-a64d3621cfeb,Pik in Nik,Pik and Nik,C,2006,,A,"From Jack Zipes' donation, box 5",True
3782,c4a35028-9bf7-49e2-ad7e-e3a08e4a40a6,Hišica c krošnji,"Kućica u krošnji, House in a Tree, Little House on a Tree",C,2005,6,A,"From Jack Zipes' donation, box 5
http://animafest.hr/en/1972/film/read_all/little_house_on_a_tree
https://letterboxd.com/film/a-little-house-on-a-tree/
",True
3783,44f8f49f-00ce-4f61-b2ee-0c570790f020,Črno na belo,Black on white,C,2005,,A,"From Jack Zipes' donation, box 5",True
3784,a1660f13-568a-437c-b277-77ebb93da6b4,"Kérity, la maison des contes",Eleanor's Secret,M,2009,80,A,"From Jack Zipes' donation, box 5. I'm not sure of the origin.",True
3785,40732a35-b71e-42f7-8484-2464acd7e9fb,Rapunzel,Fairy Tales for the Here and Now,C,2008,60,L,"From Jack Zipes' donation, box 5",True
3786,1b3817e7-3661-40c4-a96f-d852d331f4e0,Cinderella,Fairy Tales for the Here and Now,C,2008,60,L,"From Jack Zipes' donation, box 5",True
3787,19a44bd8-fded-470c-8097-07396083e832,The Empress's New Clothes,Fairy Tales for the Here and Now,C,2008,60,L,"From Jack Zipes' donation, box 5",True
3788,5d91e2dc-5c5e-43f8-8edd-2d0d19481137,Billy Goat,Fairy Tales for the Here and Now,C,2008,60,L,"From Jack Zipes' donation, box 5",True
3789,4563bb9d-2dd0-4d3b-92bd-dab184ff6bca,Čikorja an' Kafe,Chicory 'n' Coffee,C,2008,9,A,"From Jack Zipes' donation, box 5",True
3790,0065bf31-ce31-4cb1-a2d5-c799d828d72e,Yamato Takeru,Orochi the Eight Headed Dragon,C,1994,105,L,"From Jack Zipes' donation, box 5. Not sure of the origin.",True
3791,87bc55a0-91b8-4479-a352-101dd47242fb,Rotkäppchen,6 auf einen Streich,C,2012,58,L,"From Jack Zipes' donation, box 5",True
3792,ce11416d-bb7e-4cc0-bf91-c8d94aca1bc1,Dumbrava minunata,Der Verzauberte Eichenwald,C,1981,75,L,"From Jack Zipes' donation, box 5. I'm not sure of the origin.",True
3793,2923c989-9cee-4687-a318-46affe3f68a6,Operetta tanuki goten,Princess Raccoon,C,2005,111,L,"From Jack Zipes' donation, box 5. I'm not sure of the origin.

https://en.wikipedia.org/wiki/Princess_Raccoon",True
3794,a9e6d38b-8b25-44a5-b984-885ffbb49b47,Carlston za Ognjenku,Tears for Sale,C,2008,86,L,"From Jack Zipes' donation, box 5. I'm not sure of the origin.",True
3795,9e60c733-1ea0-479e-a2c6-af606f56d60a,Zwerg Nase,"Dwarf Nose, Märchenperlen",C,2008,88,L,"From Jack Zipes' donation, box 5. I'm not sure of the origin.",True
3796,da9b25a1-5379-4e44-858a-01652a03445f,Der Teufel mit den Drei Goldenen Haaren (Märchenperlen),The Devil's Three Golden Hairs,C,2009,74,L,"From Jack Zipes' donation, box 5.",True
3797,cae98216-1077-49cf-919a-4f82cdca0d88,The Wild Hunt,,C,2009,96,L,"From Jack Zipes' donation, box 5. I'm not sure of the origin.
AM: origin: https://en.wikipedia.org/wiki/Wild_Hunt 
",True
3798,52667762-fe2b-4cdc-9958-7f8764f2554d,Into the Woods,American Playhouse,C,1991,153,L,,True
3799,6f85bf4a-15dd-43b1-8bbf-3b54306cdf32,Mama,,C,2013,100,L,,True
3800,ebf07c23-2d14-456f-bfb6-bd078fdd3513,Bratz Kidz Fairy Tales,,C,2008,66,A,,True
3801,480710e0-0d0e-471c-9081-10506d205ab4,The Visit,,C,2015,94,L,,True
3802,cecfe50c-da8a-4458-bbe9-db20614435da,A Troll in Central Park,Stanley's Magic Garden,C,1994,76,A,,True
3803,3ed288a3-1abb-4016-89dc-059cfbabff46,Trolls,,C,2016,,A,,True
3804,d3285cf5-b7c6-4d28-a725-02786b2c2f64,A Kosovo Fairytale,,C,2009,15,A,"Nals, Jan. ""Drawing the Unspeakable: Understanding 'the Other' through Narrative Empathy in Animated Documentary."" International Journal of Film and Media Arts 1, no. 1 (2016): 28-41.

https://vimeo.com/25149104 ",True
3805,e7561300-fb7e-4081-a558-dfa35ceaff5e,Astro Boy,,C,2009,94,A,"From Jack Zipes' donation, box 5. I'm not sure of the origin.",True
3806,c88baf5c-f16e-4c8c-92b1-81695aeb242d,Alice Through the Looking Glass,,C,2016,113,L,,True
3807,23bb8cea-55bf-45f8-b3d4-0b22bffe1982,Alice Through the Looking Glass,,C,1998,83,L,,True
3808,5efa2ea4-c48a-4bbc-91da-86765d15e240,The BFG,Roald Dahl's the BFG,C,2016,117,L,,True
3809,6eb67e2d-38b1-4c79-9325-98f505c5f5ab,The BFG,,C,1989,87,A,,True
3810,f87c40dd-27c0-4517-b13d-8bb1659dcde4,Rappin',,C,1985,92,L,"From ""Rapper, Writer, Pop-Cultural Player: Ice-T and the Politics of Black Cultural Production,"" 2014, eds. Josephine Metcalf and Will Turner",True
3811,18905b87-4e50-41ce-9c59-6d3db3f06c01,Unfairy Tales: The story of Ivine and Pillow,,C,2016,3,A,http://www.huffingtonpost.com/entry/unfairy-tales-syrian-refugee-kids_us_56fab24ce4b0a372181b0c98?utm_hp_ref=impact,True
3812,d226e75a-0ce7-4b79-ac49-a349643baa3c,Unfairy Tales: Malak and the boat,,C,2016,2,A,"http://www.huffingtonpost.com/entry/unfairy-tales-syrian-refugee-kids_us_56fab24ce4b0a372181b0c98?utm_hp_ref=impact
",True
3813,48773cc3-c318-40cf-ba97-06331976fcf6,Unfairy Tales: Mustafa goes for a walk,,C,2016,2,A,"http://www.huffingtonpost.com/entry/unfairy-tales-syrian-refugee-kids_us_56fab24ce4b0a372181b0c98?utm_hp_ref=impact
",True
3814,1bcb5c43-cc93-470e-bb73-025f81a263e1,The Magic Brush,,C,2016,87,A,,True
3815,c3bfe460-20d0-4fba-bda8-092a5af1b1fb,The Magic Brush,"Ma Liang and his Magic Brush, 神笔马良",BW,1954,20,A,,True
3816,aa0da916-0713-4485-9b3e-380168d406a6,Shen bi,"The Magic Brush, Magical Pen, Ma Liang and his Magic Brush, 神笔, 神笔马良",C,1955,20,A,"http://www.filmaffinity.com/en/film958142.html 
https://en.wikipedia.org/wiki/Magic_Brush",True
3817,6cda062a-b276-437f-857c-f3b920a0bc39,Rise of the Guardians,,C,2012,97,A,,True
3818,d44fcb99-e884-444f-a21a-cf7dffa2fb8a,Rosaline,,C,2016,5,A,,True
3820,9d985a5e-c105-4f6e-9d48-5042c5747ebd,Barbie in a Mermaid Tale,,C,2010,75,A,,True
3821,9130c017-3ef2-49ce-8411-00a208ef5d27,Barbie in a Mermaid Tale 2,,C,2012,73,A,,True
3822,3990ede3-fbe7-432f-ae9b-4a4ad82c12b0,Barbie in the Nutcracker,,C,2001,55,A,,True
3823,7f8fca8e-91fb-4c50-b5c8-9949ca1ec43c,Barbie in the Pink Shoes,,C,2013,75,A,,True
3824,e4394b2f-ad7c-49cb-b761-da51cfaa0d2b,Barbie Presents: Thumbelina,,C,2009,75,A,,True
3826,6b58f84b-4dec-41a7-95c2-9ca508ecae82,Slodkie rytmy,,C,1965,6,A,"From Jack Zipes' donation, box 6. I'm not sure of the origin.",True
3827,862ece3b-a4ab-4895-8e14-961391cdfa24,Linia,Line,C,1981,7,A,"From Jack Zipes' donation, box 6. I'm not sure of the origin.",True
3828,72042795-3367-4e2a-b08f-0022f443a133,Sam sobie sterem,Oneself at the Helm,C,1971,6,A,"From Jack Zipes' donation, box 6. Not sure of the origin.",True
3829,260c49db-256f-4282-86f6-3f1991e45fc0,Pierwszy film,The First Film,C,1982,,A,"From Jack Zipes' donation, box 6. I'm not sure of the origin.",True
3830,8e46c57b-be29-4dcd-8b2e-bd969a729990,Blok,Block,C,1982,9,A,"From Jack Zipes' donation, box 6",True
3831,2566fd58-34ab-4a24-b6b9-255e0ea2c457,Les Contes de l'Horloge Magique,,C,2003,65,A,"From Jack Zipes' donation, box 6. Not sure of the origin.",True
3832,98bb4db7-31e9-4b18-bd4b-e02e91191c28,Fairy Tales,,C,1978,76,L,"From Jack Zipes' donation, box 6
Harry Tampa director credited on UW catalog link, but Harry Hurwitz on IMDb",True
3833,6b89d349-b3af-4384-93e8-4bb181712851,Sinderella Comes Again,Sinderella 2,C,2004,83,L,"From Jack Zipes' donation, box 6",True
3834,21baaa62-bef8-4aea-9050-9d1d358caed5,The Borrowers,,C,1973,81,L,"From Jack Zipes' donation, box 6",True
3835,f3366976-7c11-4d6c-b7d2-4a1fd1a32480,The Borrowers,,C,1997,89,L,"From Jack Zipes' donation, box 6",True
3836,a63797da-4fe2-48bb-a00f-37365f3462fb,Teen Witch,,C,1989,90,L,"From Jack Zipes' donation, box 6",True
3837,67c57220-62d2-4a03-96ac-bd43e0c4e110,The Truman Show,,C,1998,103,L,"From Jack Zipes' donation, box 6.",True
3838,83bd4cf7-1472-456f-a245-45e4f9ba705a,Happiness,,C,1998,134,L,"From Jack Zipes' donation, box 6. ",True
3839,15f1cd7a-2a31-4793-afb8-20781055b957,The New Adventures of Heidi,,C,1978,98,L,"From Jack Zipes' donation, box 6. I'm not sure of the origin",True
3840,c11e6ecc-5a27-4cac-8406-4f16acf5be61,The Bremen Town Musicians,Die Bremer Stadtmusikanten,C,1965,66,A,"From Jack Zipes' donation, box 6",True
3841,e9078ece-bf38-4b51-b8c5-5d50067820e3,"The 5,000 Fingers of Dr. T.",,C,1953,89,L,"From Jack Zipes' donation, box 6",True
3842,9e36833e-3cfc-4b05-93d8-a91bf7a97434,Unsuk Chin: Alice in Wonderland,,C,2007,122,L,"From Jack Zipes' donation, box 6",True
3843,74ecd4e1-d4ea-4b67-b4db-76e4f6990251,Sinderella Live,,C,1995,96,L,"From Jack Zipes' donation, box 6",True
3844,2c2fe92e-3856-47dd-b456-8d83aab20a72,Sílení,Lunacy,C,2005,118,A,"From Jack Zipes' donation, box 6",True
3845,b165a782-7961-42da-8d7f-30287d55e777,The Hunting of the Snark,,C,1989,19,A,"From Jack Zipes' donation, box 6",True
3846,f23ed672-1731-4cde-95be-3a993516cfd5,The Talking Eggs,,C,1993,,A,"From Jack Zipes' donation, box 6",True
3847,5ccb2d28-3064-4299-833e-715da215fd65,The Nutcracker,George Balanchine's The Nutcracker,C,1993,92,L,"From Jack Zipes' donation, box 6",True
3848,6dab3167-54eb-4f96-bf45-14c670f14031,My Book and Heart Shall Never Part,,C,2008,55,L,"From Jack Zipes' donation, box 6",True
3849,cfac3d7f-c7fe-4f07-ae47-a19bb554c445,Mozart's Magic Flute Diaries,,C,2008,104,L,"From Jack Zipes' donation, box 6",True
3850,3f954f30-11ae-4396-b6ce-7e6abec8b4ad,Whitewash,,C,1994,25,A,"From Jack Zipes' donation, box 6",True
3851,3a34af38-d29d-4807-8846-00567e64e01b,Carmen,,C,1983,102,L,"From Jack Zipes' donation, box 6",True
3852,965f5433-e5af-46a4-9724-2f0ae1779ef6,Lancelot and Guinevere,Sword of Lancelot,C,1963,116,L,"From Jack Zipes' donation, box 6",True
3853,7444c509-ab81-4c7a-9fe4-f635431d7bd8,Maciste all'inferno,The Witch's Curse,C,1962,91,L,"From Jack Zipes' donation, box 6",True
3854,c83d671e-c0be-42dd-8821-552f4a03a059,The Family Shoe,,BW,1931,,A,"From Jack Zipes' donation, box 6",True
3855,97fc7896-f4fb-45ed-a1c2-76b72808f698,Schneewittchen,Snow White,C,2009,59,L,"From Jack Zipes' donation, box 6",True
3856,cf437bd3-41bf-4b7d-929f-3f33362106dc,Die Gänsemagd,The Goose Girl,C,2009,59,L,"From Jack Zipes' donation, box 6
Couldn't find link to this on UW library database (AM)",True
3857,8e5862a1-80b4-4f01-a07d-b82cb084641b,Dornröschen,Sleeping Beauty,C,2009,59,L,,True
3858,abcf9675-ead0-4e99-8146-e4fb3a66196a,König Drosselbart,King Thrushbeard,C,2008,59,L,,True
3859,b2d94b2f-946a-42b8-b8bb-fac0e7152e5d,Der gestiefelte Kater,Puss in Boots,C,2009,59,L,,True
3860,8f24d9b3-05b7-4a60-b181-f7c8f0be6fd4,Die zertanzten Schuhe,,C,2011,58,L,,True
3861,574601d7-1a8b-4683-9a65-81e0201e6618,Die kleine Meerjungfrau,The Little Mermaid,C,2013,58,L,,True
3862,f974ac00-1b72-4c68-9573-f54acd3f38b1,Hanaori,The Breaking of Branches Is Forbidden; Hanaori: Breaking of Branches Is Forbidden,C,1968,14,A,"From Jack Zipes' donation, box 6
https://www.youtube.com/watch?v=6AJKWG4SjCk
https://www.dailymotion.com/video/xddf2h",True
3863,d999f923-a1b6-41cf-ae4d-7f44680d5e08,Kataku,House of Flames,C,1979,19,A,"From Jack Zipes' donation, box 6",True
3864,4dbe0dac-fe7b-4183-b483-e9b5c43ce6cf,The Warrior,,C,2001,86,L,"From Jack Zipes' donation, box 6",True
3865,0c11f5ba-2191-4c16-9655-8ef4e62d4642,Frivolous Fairytales,Spoons,C,2001,28,A,"From Jack Zipes' donation, box 6",True
3866,f5d2450b-792f-450b-a5e9-49b9ece1b344,A Cinderella Story: If the Shoe Fits,,C,2016,92,L,,True
3867,046cbd15-ed3b-46fd-92aa-7c827da02248,The Child,,C,1977,82,L,,True
3868,d54cc650-5874-48a0-bbe3-0b2c4442ff15,Le Petit Chaperon Rouge,"Le Petit Chaperon Rouge, d'après Charles Perrault",C,2013,44,L,,True
3869,83c9d2fc-04d9-4a6c-870e-0edc8ad07a03,Cendrillon,,C,2013,70,L,,True
3870,12d5eb33-9073-4523-aa81-ec2ee85902a3,Tant qu'il y aura Blanche-Neige,,C,2013,78,L,https://www.youtube.com/watch?v=6HsiFbSIdjs,True
3871,9fcc5fd0-c8db-41d0-b595-4f34d91a9bd8,Peau d'âne,,C,2013,65,U,,True
3872,84a82840-7ba1-4ecd-ab1d-e3937a39e8ef,Picnic at Hanging Rock,,C,1975,115,L,https://en.wikipedia.org/wiki/Picnic_at_Hanging_Rock_(film),True
3873,8930bad4-8193-4231-b15d-b95cd6fce440,Kubo and the Two Strings,,C,2016,101,A,,True
3874,a320752e-705e-43d4-ac3d-7ba269f1ffde,Kladivo na carodejnice,"Witches' Hammer, Witchhammer",BW,1970,103,L,"From Jack Zipes' donation, box 6. ",True
3875,be9a8868-ab39-4e1e-a40e-abdc9dd9b469,Tierra y libertad,Land and Freedom,C,1995,109,L,"From Jack Zipes' donation, box 6. Not sure of the origin.",True
3876,9e67db3c-dfe0-4a52-9eb5-a403786e0457,The Heartbreak Kid,,C,1973,106,L,"From Jack Zipes' donation, box 6. I'm not sure of the origin.",True
3877,872b660b-6a3d-4521-8ff4-fb0f2ffdc6a9,Miss Rumphius,,C,2000,16,A,"From Jack Zipes' donation, box 6",True
3878,53fb3213-1c8c-4f82-af40-d0f724666416,Kanashimi no Beradonna,Belladonna of Sadness,C,1973,93,A,"From Jack Zipes' donation, box 6. ",True
3879,9d901b2b-d7a1-4ff8-a59a-25efb085f7d2,Crow Boy,The man who walked between the towers and more inspiring tales,C,1983,13,A,"From Jack Zipes' donation, box 6. ",True
3880,efe68bfa-ba73-496b-97e1-0744c6e81d28,The Seven Red Hoods,Taupes,C,2016,9,A,,True
3881,cdede1f4-139e-4b50-a5d0-8dd05edf0c7a,The Curse of Sleeping Beauty,,C,2016,89,L,Submission from JB Junson,True
3882,b226a025-6a1a-4365-80f7-c41d3b6e7ef3,A Coach for Cinderella,,C,1936,9,A,"From Jack Zipes' ""The Triumph of the Underdog: Cinderella's Legacy"" filmography",True
3883,6a4fb3ff-72d0-4aeb-93b3-932179059892,Cinderella Steve,"Steve Cinderella, Steve's Cinderella",C,1937,10,A,"From Jack Zipes' ""The Triumph of the Underdog: Cinderella's Legacy"" filmo

https://www2.bfi.org.uk/films-tv-people/4ce2b6a7dc26c
https://www.radiotimes.com/movie-guide/b-ynt2dg/steve-cinderella/
",True
3884,c12b4e75-cfd0-4fcf-a18c-62647e4f4040,Андриеш,Andriesh,C,1954,63,L,Not sure of origin.,True
3885,e4990e53-3540-44d7-a58e-2b62eec51b5c,Moldovskaya skazka,Moldavian Fairy Tale,C,1951,48,L,"Company name too long to enter: Vsesoyuznyj Gosudarstvennyj Institut Kinematografii (VGIK)
Not sure of origin.",True
3886,d594bf9a-7e6d-41e1-ae0a-8ab23ca9d7be,"Liza, a rókatündér",Liza the Fox-Fairy,C,2015,98,L,,True
3887,38e35212-b4dc-4940-84dc-e173ca8968c7,Ashug-Karibi,Ashik Kerib,C,1988,73,L,,True
3888,50cfbc95-7f10-4cdb-9359-8b6e9f00692d,The Moth Diaries,,M,2011,82,L,,True
3889,f4c7e898-b921-448d-b601-3576f09e4c38,Svetlyy put,"Tanya, The Shining Path, Светлый путь",BW,1940,87,L,"From ""Cinderella across Cultures: New Directions and Interdisciplinary Perspectives"" (2016), Eds. Martine Hennard Dutheil de la Rochère, Gillian Lathey, Monika Wozniak, Wayne State University Press",True
3890,6d29a805-b413-4f3e-9b22-561ba96c3520,Nachalo,The Beginning,BW,1970,91,L,"From ""Cinderella across Cultures: New Directions and Interdisciplinary Perspectives"" (2016), Eds. Martine Hennard Dutheil de la Rochère, Gillian Lathey, Monika Wozniak, Wayne State University Press",True
3892,63239f8a-bc11-4bb3-8d8e-3fcd44d1be08,Sluzhebnyy roman,Office Romance,C,1977,159,L,"From ""Cinderella across Cultures: New Directions and Interdisciplinary Perspectives"" (2016), Eds. Martine Hennard Dutheil de la Rochère, Gillian Lathey, Monika Wozniak, Wayne State University Press",True
3893,8fa79ba4-3aad-4493-ac10-66663f6348db,Moskva slezam ne verit,Moscow Does Not Believe in Tears,C,1980,150,L,"From ""Cinderella across Cultures: New Directions and Interdisciplinary Perspectives"" (2016), Eds. Martine Hennard Dutheil de la Rochère, Gillian Lathey, Monika Wozniak, Wayne State University Press",True
3894,d38db8e4-ecdc-4e6f-8ee8-03052864f494,Interdevochka,Intergirl,C,1989,151,L,"From ""Cinderella across Cultures: New Directions and Interdisciplinary Perspectives"" (2016), Eds. Martine Hennard Dutheil de la Rochère, Gillian Lathey, Monika Wozniak, Wayne State University Press",True
3895,3bc016e4-eac0-4ce1-8126-05230685aceb,Alice's Day at Sea,"Alice Comedies, Alice in Cartoonland",BW,1924,11,M,,True
3896,b77230a1-35a4-42f5-9dfe-abe9387f8c00,Alice's Spooky Adventure,"Alice Comedies, Alice in Cartoonland",BW,1924,8,M,,True
3897,6bb82d9f-30cf-4c61-a911-d90726e0e27e,Alice's Wild West Show,"Alice Comedies, Alice in Cartoonland",BW,1924,10,M,,True
3898,067afd3d-8126-4a66-a961-27c0b24a0bad,Alice's Fishy Story,"Alice Comedies, Alice in Cartoonland",BW,1924,,M,,True
3899,0977b314-90a7-4f9a-9ae6-3c4fc57077a0,Alice and the Dog Catcher,"Alice Comedies, Alice in Cartoonland",BW,1924,7,M,,True
3900,3a670afb-9d84-46cc-9735-dd21dc1dd821,Alice the Peacemaker,"Alice Comedies, Alice in Cartoonland",BW,1924,7,M,,True
3901,ee3cc0cc-63e3-43a8-965c-23400d502180,Alice Gets in Dutch,"Alice Comedies, Alice in Cartoonland",BW,1924,10,M,,True
3902,4aed04e4-fb46-48d5-9387-dbe4147bc234,Alice Hunting in Africa,"Alice Comedies, Alice in Cartoonland",BW,1924,7,M,,True
3903,669b2f9a-535e-4a11-82a1-7c5658d33534,Alice Cans the Cannibals,"Alice Comedies, Alice in Cartoonland",BW,1925,7,M,,True
3904,bbeb31d1-f918-4d98-9b90-310026cc408c,Alice the Toreador,"Alice Comedies, Alice in Cartoonland",BW,1925,11,M,,True
3905,b220ac9f-9210-4131-83c6-839c7d46373d,Alice Gets Stung,"Alice Comedies, Alice in Cartoonland",BW,1925,8,M,,True
3906,8b976623-7fe7-44a8-ad2d-c9fbe8db3cb5,Alice Solves the Puzzle,"Alice Comedies, Alice in Cartoonland",BW,1925,7,M,,True
3907,a3c1ae3d-9e18-4b9a-b1db-e64187294d92,Alice's Egg Plant,"Alice Comedies, Alice in Cartoonland",BW,1925,9,M,,True
3908,e421f7fa-a579-4b4b-814d-30839c41f0af,Alice Loses Out,"Alice Comedies, Alice in Cartoonland",BW,1925,7,M,,True
3909,c290a97e-f173-4367-bb7c-a4ababcc11e2,Alice Gets Stage Struck,"Alice Comedies, Alice in Cartoonland",BW,1925,7,M,,True
3910,928aa377-018a-4ff8-bc39-facd327ce41c,Alice Wins the Derby,"Alice Comedies, Alice in Cartoonland",BW,1925,7,M,,True
3911,bb1ad033-11ef-41f3-9c97-e41ad0f164c8,Alice Picks the Champ,"Alice Comedies, Alice in Cartoonland",BW,1925,7,M,,True
3912,e1162161-cead-446f-a09f-b55fefa2daf9,Alice's Tin Pony,"Alice Comedies, Alice in Cartoonland",BW,1925,6,M,,True
3913,38c20fa0-ad05-4fef-ac61-28befa320379,Alice Chops the Suey,"Alice Comedies, Alice in Cartoonland",BW,1925,7,M,,True
3914,43519ef3-e46f-4517-8c3a-b9d9c2c16e1f,Alice the Jail Bird,"Alice Comedies, Alice in Cartoonland",BW,1925,8,M,,True
3915,919701d2-6349-4771-a337-63b6fc658723,Alice Plays Cupid,"Alice Comedies, Alice in Cartoonland",BW,1925,6,M,,True
3916,12c1e9e0-ce00-40f0-a729-5b5066e9592d,Alice Rattled by Rats,"Alice Comedies, Alice in Cartoonland",BW,1925,7,M,,True
3917,177b5622-2ff5-4233-8761-51ba60740617,Alice in the Jungle,"Alice Comedies, Alice in Cartoonland",BW,1925,7,M,,True
3918,e0dc0ea8-e6a1-4f3d-abea-658309cbe0cc,Alice on the Farm,"Alice Comedies, Alice in Cartoonland",BW,1926,7,M,,True
3919,72316194-ad22-4da5-88e6-981a71a70d8b,Alice's Balloon Race,"Alice Comedies, Alice in Cartoonland",BW,1926,8,M,,True
3920,ef17bc50-5baf-4b3c-a4b7-6c4ebf51fc8b,Alice's Orphan,"Alice Comedies, Alice in Cartoonland",BW,1926,7,M,,True
3921,f3d4a497-fc82-4da1-b21a-b6556f39f3e2,Alice's Little Parade,"Alice Comedies, Alice in Cartoonland",BW,1926,7,M,,True
3922,33aaf64c-7675-4a1e-b773-9d9dae172676,Alice's Mysterious Mystery,"Alice Comedies, Alice in Cartoonland",BW,1926,7,M,,True
3923,fcb8b693-4489-4d79-98ed-89303bfe1297,Alice Charms the Fish,"Alice Comedies, Alice in Cartoonland",BW,1926,7,M,,True
3924,30b01467-5658-4986-9370-dd8afd991373,Alice's Monkey Business,"Alice Comedies, Alice in Cartoonland",BW,1926,7,M,,True
3925,a5359208-2342-48cd-bf10-35067c160c99,Alice in the Wooly West,"Alice Comedies, Alice in Cartoonland",BW,1926,7,M,,True
3926,93430192-2447-47f8-8c3e-9f45681d051c,Alice the Fire Fighter,"Alice Comedies, Alice in Cartoonland",BW,1926,9,M,,True
3927,f2eb58b5-996f-4186-b2ea-ac367aa6fd20,Alice Cuts the Ice,"Alice Comedies, Alice in Cartoonland",BW,1926,7,M,,True
3928,2d5362fa-ae48-4fcd-9a60-db56eecc8c4a,Alice Helps the Romance,"Alice Comedies, Alice in Cartoonland",BW,1926,7,M,,True
3929,51870d57-7b20-4ff0-a016-c6375e981f08,Alice's Spanish Guitar,"Alice Comedies, Alice in Cartoonland",BW,1926,7,M,,True
3930,effa7803-1fe2-4f42-be85-9dfa6177c833,Alice's Brown Derby,"Alice Comedies, Alice in Cartoonland",BW,1926,7,M,,True
3931,3e4a6602-1082-488f-9397-e542e7a07b8b,Alice the Lumberjack,"Alice Comedies, Alice in Cartoonland",BW,1926,7,M,,True
3932,707d5138-2f9b-4413-8099-6c1aa07e2076,Alice the Golf Bug,"Alice Comedies, Alice in Cartoonland",BW,1927,7,M,,True
3933,31999618-c63b-484d-944b-93116485bfdf,Alice Foils the Pirates,"Alice Comedies, Alice in Cartoonland",BW,1927,7,M,,True
3934,14f25190-7a41-4648-bf23-2d964b1e6ce4,Alice at the Carnival,"Alice Comedies, Alice in Cartoonland",BW,1927,,M,,True
3935,0482649d-0d68-4d13-b581-d1b038887707,Alice at the Rodeo,"Alice Comedies, Alice in Cartoonland",BW,1927,7,M,,True
3936,5b3ef78a-ccfe-486f-81aa-4de8b032e5a4,Alice the Collegiate,"Alice Comedies, Alice in Cartoonland",BW,1927,7,M,,True
3937,0d100ccb-91c7-436b-a91c-06e88b0ac0d4,Alice in the Alps,"Alice Comedies, Alice in Cartoonland",BW,1927,7,M,,True
3938,e0473458-5016-4465-baed-9d49657e3cf9,Alice's Auto Race,"Alice Comedies, Alice in Cartoonland",BW,1927,7,M,,True
3939,c4447e24-9a6d-4295-88c8-393691453b93,Alice's Circus Daze,"Alice Comedies, Alice in Cartoonland",BW,1927,7,M,,True
3940,684f97f7-9994-4bd2-8fdb-b5d275c957f0,Alice's Knaughty Knight,"Alice Comedies, Alice in Cartoonland",BW,1927,7,M,,True
3941,aaea75c9-097f-49b9-9b58-57d62d41c649,Alice's Three Bad Eggs,"Alice Comedies, Alice in Cartoonland",BW,1927,,M,,True
3942,deb73357-4384-492c-9c82-c4a022113fe8,Alice's Picnic,"Alice Comedies, Alice in Cartoonland",BW,1927,7,M,,True
3943,fc4a2518-7fd9-429a-8a8d-f6f57ca6ec4d,Alice's Channel Swim,"Alice Comedies, Alice in Cartoonland",BW,1927,,M,,True
3944,658d0f9e-d0aa-409c-ab80-cfc466596ef5,Alice in the Klondike,"Alice Comedies, Alice in Cartoonland",BW,1927,7,M,,True
3945,c9b6ae03-bba3-41f2-af05-0b41c6119c62,Alice's Medicine Show,"Alice Comedies, Alice in Cartoonland",BW,1927,7,M,,True
3946,b0ac0084-f377-4364-ab8e-6781c83a65c6,Alice the Whaler,"Alice Comedies, Alice in Cartoonland",BW,1927,6,M,,True
3947,565fa12b-d363-4f5b-9259-46a33baacfce,Alice the Beach Nut,"Alice Comedies, Alice in Cartoonland",BW,1927,7,M,,True
3948,bff1f949-3437-4469-b7a3-2b07b219d774,Alice in the Big League,"Alice Comedies, Alice in Cartoonland",BW,1927,7,M,,True
3949,9079108c-a567-4432-ac3e-8139c8cb3be4,Reality,,C,2012,116,L,,True
3950,310b41c0-27d6-41b6-9576-67f1f92bff8c,The Texas Chain Saw Massacre,The Texas Chainsaw Massacre,C,1974,83,L,Submission from Mikel Koven,True
3951,c96908b8-8f3b-4e95-9aad-85d2aa3f68ea,The Texas Chainsaw Massacre,The Texas Chain Saw Massacre,C,2003,98,L,From Mikel Koven,True
3952,63b08dc9-8e49-4967-93dd-6d120ecda8a1,House at the End of the Street,,C,2012,101,L,Submission from Mikel Koven,True
3953,a6df1897-1192-49bc-819c-78ee2e94b018,The Seasoning House,,C,2012,90,L,Submission from Mikel Koven,True
3954,7fa9c1cd-3305-4fc2-b3ed-e1a1ba105b09,The Juniper Tree,,C,2012,5,L,,True
3955,9b7e2cc6-25af-4e2c-af4d-6005d7845d11,The Juniper Tree,,C,2005,,L,https://www.youtube.com/watch?v=_BpbJTsxQLo,True
3956,e55c091e-ba5f-4415-a7df-98d9316c4976,Easter,Holidays,C,2016,105,L,"""Easter"" is one short from an anthology titled ""Holidays."" It's not clear if the other films in ""Holidays"" are also fairy tales.

http://www.horrorhomeroom.com/nicholas-mccarthys-easter-modern-fairy-tale/",True
3957,f62b40a4-8ca8-4e98-bd7e-f70bd542720f,The Curiosity,,C,2016,,L,,True
3958,519cf616-82f8-4410-9586-95eafebc9f98,Malice in Wonderland,,C,2009,87,L,,True
3959,e76dbde1-70c5-4acf-83f9-e0df3c86a64c,The Grand Budapest Hotel,,M,2014,99,L,http://www.koreascience.or.kr/article/ArticleFullRecord.jsp?cn=MHONBU_2016_s43_343,True
3960,65f1559f-1097-48d9-9d3d-3aa2ae8da296,Moonrise Kingdom,,C,2012,94,L,"http://www.koreascience.or.kr/article/ArticleFullRecord.jsp?cn=MHONBU_2016_s43_343
",True
3961,3b02282d-02b5-4e68-b5be-4b17289f95ad,Bear Feat,"Looney Tunes Golden Collection, Vol. 6",C,1949,7,A,"From Jack Zipes' donation, box 7",True
3962,a9cc282d-d8ac-4d9b-a082-87471ea0e624,Pinocchio ovvero lo spettacolo della provvidenza,,C,1999,75,L,,True
3963,1c4fbbe5-b5da-4fbb-974e-8a474d624397,Sprookjesboom de Film,The Fairy Tale Tree,C,2012,72,A,,True
3964,dde906aa-0de7-489b-abd9-3bddf657c7d5,O Grilo Feliz,The Happy Cricket from the Amazon,C,2001,82,A,,True
3965,7636c1d3-a172-4575-abe4-1381d0d40981,O Grilo Feliz e os Insetos Gigantes,The Happy Cricket and the Giant Bugs,C,2009,,A,,True
3966,6026f8b4-c344-4db0-9084-6db729beab13,Das kalte Herz,The Cold Heart,C,2016,119,L,,True
3967,16473c99-feda-4fcb-916b-125bbf56dc83,Das kalte Herz,The Cold Heart,C,2014,82,L,,True
3968,efb4afbf-2c4c-4021-9c18-98b82066f7a6,Das Kalte Herz,,BW,1933,83,L,,True
3969,6d6a984d-24c7-4828-b836-6b018924c6c7,Sultan Mahmud Mangkat Dijulang,,BW,1961,,L,"Timothy P. Barnard. ""Historiography and Shifting Interpretations of the Death of Sultan Mahmud Syah II."" Journal of the Malaysian Branch of the Royal Asiatic Society 89, no. 2 (2016): 1-23.",True
3970,e0e0c275-5a61-455a-9525-c8be710861db,Šuma Stribotrova,"Stribor’s Forest, Croatian Tales of Long Ago",C,1991,35,L,"From Irena Krumes Simunovic and Maja Koporcic's ""A COMMUNICATIVE APPROACH TO IVANA BRLIC-MAŽURANIC'S OPUS IN THE DIGITAL MEDIA""
http://scholar.google.ca/scholar_url?url=http://hrcak.srce.hr/file/250555&hl=en&sa=X&scisig=AAGBfm1prs8nl72vVEsLTdITMV-ui52lGw&nossl=1&oi=scholaralrt

https://mubi.com/films/stribor-s-forest",True
3971,247964fc-77c0-45c6-ad5b-b9ea658fb3bb,Bratac Jaglenac i sestrica Rutvica,Brother Jaglenac and Rutvica Sister,C,2015,8,A,"From Irena Krumes Simunovic and Maja Koporcic's ""A COMMUNICATIVE APPROACH TO IVANA BRLIC-MAŽURANIC'S OPUS IN THE DIGITAL MEDIA""
http://scholar.google.ca/scholar_url?url=http://hrcak.srce.hr/file/250555&hl=en&sa=X&scisig=AAGBfm1prs8nl72vVEsLTdITMV-ui52lGw&nossl=1&oi=scholaralrt",True
3972,7c343cfe-0222-48dc-bf60-2b661796fa44,Kako je Potjeh tražio istinu,"How Quest Sought the Truth, Croatian Tales of Long Ago",C,2001,14,A,"From Irena Krumes Simunovic and Maja Koporcic's ""A COMMUNICATIVE APPROACH TO IVANA BRLIC-MAŽURANIC'S OPUS IN THE DIGITAL MEDIA""
http://scholar.google.ca/scholar_url?url=http://hrcak.srce.hr/file/250555&hl=en&sa=X&scisig=AAGBfm1prs8nl72vVEsLTdITMV-ui52lGw&nossl=1&oi=scholaralrt",True
3973,278a8a67-d243-4b75-b057-403ba95f50f3,Jagor,,C,2005,24,A,"From Irena Krumes Simunovic and Maja Koporcic's ""A COMMUNICATIVE APPROACH TO IVANA BRLIC-MAŽURANIC'S OPUS IN THE DIGITAL MEDIA""
http://scholar.google.ca/scholar_url?url=http://hrcak.srce.hr/file/250555&hl=en&sa=X&scisig=AAGBfm1prs8nl72vVEsLTdITMV-ui52lGw&nossl=1&oi=scholaralrt",True
3974,844d4259-d037-47a6-8fff-3ac86518b15d,Šegrt Hlapić,The Brave Adventures of the Little Shoemaker,C,2013,102,L,"From Irena Krumes Simunovic and Maja Koporcic's ""A COMMUNICATIVE APPROACH TO IVANA BRLIC-MAŽURANIC'S OPUS IN THE DIGITAL MEDIA""
http://scholar.google.ca/scholar_url?url=http://hrcak.srce.hr/file/250555&hl=en&sa=X&scisig=AAGBfm1prs8nl72vVEsLTdITMV-ui52lGw&nossl=1&oi=scholaralrt",True
3975,7c515a1f-970f-4c5b-ad0c-1c7bc117761a,Gatta Cenerentola,Cinderella the Cat,C,2017,,A,,True
3976,7dbb17e5-1790-4046-b25a-a17a685281a4,Passengers,,C,2016,116,L,,True
3977,4279e6b9-9821-4b87-86e4-8206e74254f5,Moana,,C,2016,107,A,,True
3978,7bf7aafb-9709-4a57-8e57-a539f5f7a736,Il professor Cenerentolo,,C,2015,90,L,,True
3979,08764b9d-346c-4a75-adae-940fc8aa6bc5,Gia,,M,1998,120,L,,True
3980,5d98233b-c0b8-43a1-b7ac-aecf0865b2a4,The Singing Bones,,C,2016,10,L,,True
3981,b6fcc24f-e832-477a-81b8-889ed4591cfc,Kari-gurashi no Arietti,The Secret World of Arrietty,C,2010,94,A,,True
3982,d403fe7b-f79a-451a-91e6-d8c1cb60bae6,Ibara no O,King of Thorn,C,2009,120,A,Submitted by Gypsy Thornton (fairytalenews@gmail.com),True
3983,48d66b65-cde1-4316-9ba9-78ffa0129561,John Wick,,C,2014,101,L,"Baba Yaga is John Wick's nickname, but should actually be Babayka, or Babay:
https://www.digitalspy.com/movies/a32208246/john-wick-baba-yaga-meaning-russian-fairytale-keanu-reeves/ ",True
3984,61f83561-2856-4d2c-acdc-fffa60cb8d8f,John Wick: Chapter 2,,C,2017,122,L,"Baba Yaga is John Wick's nickname, but should actually be Babayka, or Babay:
https://www.digitalspy.com/movies/a32208246/john-wick-baba-yaga-meaning-russian-fairytale-keanu-reeves/ ",True
3985,3073b2e3-59ff-4aba-9f92-bf63b3805b82,Feathers of Fire: A Persian Epic,,C,2016,70,M,"Part live play, part animated film",True
3986,cdf01444-6790-4de3-94ab-619b0c3ee551,Minoes,Miss Minoes,C,2001,86,L,,True
3987,e96f8856-3d51-468e-ac23-9531cb8713ff,The Shining,,C,1980,146,L,,True
3988,31bcbc9b-3938-4208-a49b-b1b13e549ed8,The Big Bad,,C,2011,78,L,,True
3989,40d6905a-9a44-4f0d-8859-1cfdfc9d3afc,Deadtime Stories,,C,1986,93,L,,True
3990,26db06c8-6efb-4c50-b711-89be5416e526,Gorko!,Kiss Them All!,C,2013,100,L,,True
3991,cd9c6e28-f28e-46aa-8ad5-d06ef0d7ec8a,Lights Out,,C,2016,81,L,"Very loosely Juniper Tree, murderous figure associated with the biomother.  Also stepsister who tries to save her stepbrother and closes with family at the end, the stepsister, her boyfriend, and the stepbrother.",True
3992,589dd7c0-304d-4c5e-8a9b-8fe9d170c1bf,Spanglish,,C,2004,131,L,,True
3993,b7020d49-ef90-4a9f-881c-033fce247ef5,The Huntsman: Winter's War,,C,2016,114,L,,True
3994,1d24e993-d84f-4718-947e-85663d0557c3,Sombre,,C,1998,112,L,,True
3995,c1e0b78f-2a77-4157-8b00-9b0291598c12,The Sharpest Witch,,C,1990,8,A,,True
3996,b221c329-b129-4964-be1a-d593cc52ef92,Satin rouge,Red Satin,C,2002,100,L,,True
3997,1a9eb6ef-c62f-45b8-b071-8e39ff97db4e,Anonymes,"Les Secrets, Buried Secrets",C,2009,91,L,,True
3998,38023cd2-40b4-41bc-9f2f-253eccb1bb5f,Miss Bluebeard,,BW,1925,62,L,,True
3999,cd74f31d-eeb6-4b75-9505-5eacd85e7bce,Herzog Blaubarts Burg,Bluebeard's Castle,C,1963,60,L,,True
4000,50d251c2-a54b-4342-a179-af569113732c,A kékszakállú herceg vára,Bluebeard's Castle,C,1981,57,L,,True
4001,1dd6d955-877b-4cb3-823e-9314ae3bcc37,Duke Bluebeard's Castle,,C,1988,64,L,,True
4002,33eeca88-7456-4a65-867a-320aec65de76,Zamok gertsoga Siney borody,"Bluebeard's Castle, Duke Bluebeard's Castle",BW,1968,48,L,,True
4003,8f13613f-0ce9-40b6-88cb-37aa0bcae5a1,Bluebeard,,C,2017,117,L,,True
4005,32773718-9216-41c6-8059-2c58b6e53b4c,Prinzessin Turandot,Princess Turandot,BW,1934,82,L,,True
4006,f31086c5-dba6-4bd1-8c84-960a19419ae9,La jeune fille sans mains,The Girl Without Hands,C,2016,76,A,,True
4007,5ceb974c-4d82-4610-a1f2-c16c17d150d9,Turandot,,C,2004,86,A,,True
4009,7b2e2e28-77ea-4894-b277-f4045f72c5e2,Turandot,,C,1974,24,A,,True
4010,77324e7e-e75a-42d6-9597-90d67f40ed06,Turandoti,,C,1989,98,L,,True
4011,6ce987ae-de01-4224-bd3b-18a5bd8d8694,Kovarnata printzesa Turandot,,BW,1925,23,L,,True
4012,74503b80-84b8-4922-9090-17011c7b6117,This Boy's Life,,C,1993,115,L,,True
4013,988c9da2-40fb-4e6d-bd9a-a0d8c5b887a5,Solaris,,C,2002,99,L,,True
4014,dcfff3f5-2611-4e40-a2cc-b05df9a67ae0,Burlesque Fairytales,,C,2009,83,L,,True
4015,b62ce122-4886-4aa8-bafd-ef6735a25fb5,Keloglan,,C,1971,90,L,,True
4016,b3688f23-3a18-455b-9488-b68dbaede320,Keloglan ile Cankiz,,C,1972,52,L,,True
4017,f8a9a9b5-1b69-481e-a505-bb7e91d17e09,Xiao Qian,A Chinese Ghost Story,C,1997,84,A,,True
4018,0dd87ca5-29d3-4d2b-906d-4afc0a54f35b,Sien nui yau wan,A Chinese Ghost Story,C,1987,98,L,,True
4019,765ee13a-96a8-42f1-82b7-5314e4fced30,Sien nui yau wan II: Yan gaan do,A Chinese Ghost Story II; A Chinese Ghost Story 2,C,1990,104,L,https://en.wikipedia.org/wiki/A_Chinese_Ghost_Story_II,True
4020,06ff6de3-3df5-4749-8db0-19779bdd0f24,Sien lui yau wan III: Dou dou dou,A Chinese Ghost Story III; A Chinese Ghost Story 3; Sien lui yau wan III: Dou dou dou,C,1991,104,L,,True
4021,70e1e1d9-176d-49d6-9d5d-ca6c5fa7a329,Death and the Mother,,BW,1988,10,A,,True
4022,aa6d6381-6005-42a0-bea0-32b62dec99c1,Keloglan Karaprens'e Karsi,Keloglan vs. the Black Prince,C,2006,105,L,,True
4023,bb40ea76-1b02-414a-a55e-d4c3e101cbcc,Keloglan ve yedi cüceler,Keloglan and the Seven Dwarves,C,1971,71,L,,True
4024,88cc4da2-69f2-4a42-bf6c-38bec04e5957,Ben bir garip keloglanim,,C,1976,,L,,True
4025,d1167fca-5d21-4e05-a397-e3e2425ec340,The Rabbit Hole,11.22.63,C,2016,81,L,,True
4026,d22772bd-5026-46e5-afb3-8ec12087fc2b,L'humanité,Humanité,C,1999,148,L,,True
4027,b7a85a8a-dc14-4968-b1ed-3e9915cf1de9,The Love Witch,,C,2016,120,L,,True
4028,78b263b2-f2d0-4563-8487-960351fa323e,Chasse-Galerie,Chasse-galerie: la légende,C,2016,109,L,,True
4029,d145ef70-07b6-4e39-8764-1d3ca391536e,Ti-Jean Goes Lumbering,Ti-Jean s'en va-t-aux chantiers,C,1953,15,L,,True
4030,645efce3-e47c-419d-bf33-1d43e07d82a0,Ti-Jean Goes West,Ti-Jean s'en va dans l'Ouest,C,1957,23,L,,True
4031,96441785-c743-48cf-976b-a5f119478861,Ti-Jean in the Land of Iron,Ti-Jean au pays du fer,C,1958,23,L,,True
4032,0e41c474-0c20-41b3-8319-c8989d8912bb,Keloglan,,BW,1965,92,L,,True
4033,53baa125-5f93-446f-b0e2-11dabbcd9f8d,Keloglan aramizda,,C,1972,,L,,True
4034,a168c4a9-8546-4e1c-9442-04610537861d,Keloglan,,BW,1948,,L,,True
4035,edbd911f-3bbb-402f-9a3d-5175e0d78b93,Keloglan ve cici kizlar,,C,,58,L,,True
4036,e40033a2-d1fe-45b1-965c-d443d03c2340,La Ciénaga,The Swamp,C,2001,103,L,"From this article:  Little Red Riding Hood Meets Freud in Lucrecia Martel's Salta Trilogy

    Paul A. Schroeder Rodríguez
doi: 10.1215/02705346-2801529
Camera Obscura 2014 Volume 29, Number 3 87: 93-115",True
4037,a4467792-5dd1-4d45-bfc2-8185fab0ac81,La niña santa,The Holy Girl,C,2004,106,L,"From this article:  Little Red Riding Hood Meets Freud in Lucrecia Martel's Salta Trilogy

    Paul A. Schroeder Rodríguez
doi: 10.1215/02705346-2801529
Camera Obscura 2014 Volume 29, Number 3 87: 93-115",True
4038,52da0ae5-b76f-41cd-a833-d86fc1b04128,La mujer sin cabeza,The Headless Woman,C,2008,87,L,"From this article:  Little Red Riding Hood Meets Freud in Lucrecia Martel's Salta Trilogy

    Paul A. Schroeder Rodríguez
doi: 10.1215/02705346-2801529
Camera Obscura 2014 Volume 29, Number 3 87: 93-115",True
4039,79d516a6-7a6f-4e4e-8162-d20e851530f8,Rapunzel Let Down Your Hair,"Rapunzel, Let Down Your Hair",C,1978,78,L,,True
4040,8fbd71f3-8e54-48d7-8d36-ee043156d5d9,Viva,,C,2007,120,L,"    Elena Gorfinkel

“Dated Sexuality”: Anna Biller's Viva and the Retrospective Life of Sexploitation Cinema
Camera Obscura (2011) 26(3 78): 95-135; doi:10.1215/02705346-1415443
(she notes that the director cites LRRH in her press kit!)",True
4041,91c363f0-5df5-476e-944e-337d9e2f6534,The 'Teddy' Bears,,BW,1907,13,L,"https://www.filmpreservation.org/dvds-and-books/clips/the-teddy-bears-1907
https://www.youtube.com/watch?v=dtZulFehT2k
https://www.youtube.com/watch?v=xuTDty3RUyo",True
4042,26719a3c-4680-40f8-acd3-2175c7e37772,The Woodsman,,C,2016,,L,,True
4043,a3780ad8-e479-4a12-b795-7fc8f5682c7f,The Patchwork Girl of Oz,,C,2009,,A,,True
4044,609085f2-b49f-443a-a9ab-69449f2fe5ed,Ookami kodomo no Ame to Yuki,Wolf Children,C,2012,117,A,,True
4045,62b6d014-96e6-4477-8595-5a2c76fe230b,Beauty and the Beast,,C,2017,129,L,,True
4046,10f4917c-848b-4726-ac3b-ecf4e71de332,Bakemono no ko,The Boy and the Beast,C,2015,119,A,From Jack Zipes,True
4047,a440c4f6-7a14-4245-b12f-3b59081e0bce,Fantastic Beasts and Where to Find Them,,C,2016,133,L,,True
4048,c53d1c88-c4c4-4b98-81d7-6d41380be9f5,Miss Peregrine's Home for Peculiar Children,,C,2016,127,L,,True
4049,eb19b527-4d3b-4a26-87ca-7493fa67d682,Mr. Cinderella 2,,C,2003,111,L,https://www.youtube.com/watch?v=r-zvstrYVvY,True
4050,ec7976e6-fd19-4b82-be91-bc318ebef793,The Hunger Games,,C,2012,142,L,"Kelly Oliver, Hunting Girls: Sexual Violence from The Hunger Games to Campus Rape. New York: Columbia University Press, 2016",True
4051,0420ab27-6bde-4ca5-8dbc-6a1b058956dd,Twilight,,C,2008,122,L,"Kelly Oliver, Hunting Girls: Sexual Violence from The Hunger Games to Campus Rape. New York: Columbia University Press, 2016",True
4052,4c64f9bd-ea88-4171-b9b7-94a1d895e54d,Divergent,,C,2014,139,L,"Kelly Oliver. Hunting Girls: Sexual Violence from The Hunger Games to Campus Rape. New York: Columbia University Press, 2016",True
4053,4a55cc80-9231-491a-83db-e1f05df3a91c,The Hunger Games: Catching Fire,,C,2013,146,L,"Kelly Oliver. Hunting Girls: Sexual Violence from The Hunger Games to Campus Rape. New York: Columbia University Press, 2016",True
4054,02966078-2e2a-4d99-9200-6b5d0969151b,The Hunger Games: Mockingjay - Part 1,,C,2014,123,L,"Kelly Oliver. Hunting Girls: Sexual Violence from The Hunger Games to Campus Rape. New York: Columbia University Press, 2016",True
4055,d1b23a55-dff7-4772-a6ab-950e4a67977a,The Hunger Games: Mockingjay - Part 2,,C,2015,137,L,"Kelly Oliver. Hunting Girls: Sexual Violence from The Hunger Games to Campus Rape. New York: Columbia University Press, 2016",True
4056,87ac9943-2a6a-404a-89b5-d143542d3a14,The Twilight Saga: New Moon,,C,2009,130,L,"Kelly Oliver. Hunting Girls: Sexual Violence from The Hunger Games to Campus Rape. New York: Columbia University Press, 2016",True
4057,658c18f7-8df1-49e4-9242-db807d760c19,The Twilight Saga: Eclipse,,C,2010,124,L,"Kelly Oliver. Hunting Girls: Sexual Violence from The Hunger Games to Campus Rape. New York: Columbia University Press, 2016",True
4058,008fdbb5-1e22-4aba-ba45-119713bf63bd,The Twilight Saga: Breaking Dawn - Part 1,,C,2011,117,L,"Kelly Oliver. Hunting Girls: Sexual Violence from The Hunger Games to Campus Rape. New York: Columbia University Press, 2016",True
4059,7a98ebf5-c229-4538-9d0d-8bb0e990fd10,The Twilight Saga: Breaking Dawn - Part 2,,C,2012,115,L,"Kelly Oliver. Hunting Girls: Sexual Violence from The Hunger Games to Campus Rape. New York: Columbia University Press, 2016",True
4060,46d75d7c-4a03-48bb-a6a3-725afd312a08,Insurgent,The Divergent Series: Insurgent,C,2015,119,L,"Kelly Oliver. Hunting Girls: Sexual Violence from The Hunger Games to Campus Rape. New York: Columbia University Press, 2016",True
4061,9c87383b-ee72-4f3b-9c47-124f6cbc9626,Allegiant,,C,2016,120,L,"Kelly Oliver. Hunting Girls: Sexual Violence from The Hunger Games to Campus Rape. New York: Columbia University Press, 2016",True
4062,abb85b62-bd07-480f-9075-537d1d641ddd,New York Masali,Fairytale of New York,C,2017,99,L,,True
4063,124f6679-037b-4187-9db0-a65c8f229ac4,Сказка о царе Дурандае,"Fairytale of Tsar Durandai, The Tale of Tsar Durandai",BW,1934,20,A,http://publications.tlu.ee/index.php/bsmr/article/viewFile/537/pdf,True
4064,70601795-8b6c-403c-8296-3d884dddec6d,Теремок,"Teremok, Little Tower",C,1945,25,A,"http://publications.tlu.ee/index.php/bsmr/article/viewFile/537/pdf
",True
4065,e13b189e-f837-40a6-b47d-c989e8858a91,Лиса и волк,"Fox and Wolf, The Fox and the Wolf, Lisa i volk",C,1937,,A,"http://publications.tlu.ee/index.php/bsmr/article/viewFile/537/pdf
",True
4066,763873ad-0fc4-41b4-82f2-b3be3c12ebbb,Петушок  – Золотой гребешок,"Petushok: zolotoy grebeshok, The Golden Comb, Cockerel - Golden Comb",C,1955,10,A,http://publications.tlu.ee/index.php/bsmr/article/viewFile/537/pdf,True
4067,cb03b25f-f915-4da8-8e1f-9413aafcdad7,Колобок,Kolobok,C,1956,10,A,http://publications.tlu.ee/index.php/bsmr/article/viewFile/537/pdf,True
4068,24f0ecf3-8765-46e7-9fa4-9e90b31fbc5e,Колобок,Kolobok,C,2013,13,A,http://publications.tlu.ee/index.php/bsmr/article/viewFile/537/pdf,True
4069,07c6a47f-f665-4fb8-a052-6f6562575e15,Kolobok,,C,2000,,A,http://publications.tlu.ee/index.php/bsmr/article/viewFile/537/pdf,True
4070,a7e89850-afab-4e9f-8b20-42c7f305088e,Колобок,Kolobok,BW,1936,8,A,"http://publications.tlu.ee/index.php/bsmr/article/viewFile/537/pdf
",True
4071,26b1c914-20f2-4ca9-b941-ca631b033928,"Колобок, колобок!","Kolobok, kolobok!",C,1988,10,A,http://publications.tlu.ee/index.php/bsmr/article/viewFile/537/pdf,True
4072,81fb47fb-e9dc-4f7d-8dd4-59d8b7c9fe44,Сказка про колобок,"Skazka pro kolobok, Fairytale about Kolobok",C,1969,10,A,http://publications.tlu.ee/index.php/bsmr/article/viewFile/537/pdf,True
4073,b9968a4f-a00a-4d1e-8228-5bf659d988dc,Чужой голос,"Chuzhoy golos, Stranger's Voice",C,1949,10,A,http://publications.tlu.ee/index.php/bsmr/article/viewFile/537/pdf,True
4074,021997c4-025e-4847-b47f-2aa51568cd25,Серая Шейка,"Little Gray Neck, The Little Grey Neck, Seraya sheyka",C,1948,20,A,http://publications.tlu.ee/index.php/bsmr/article/viewFile/537/pdf,True
4075,78e76e11-729f-43e9-9f74-f4154dabfe87,Левша,"Levsha, The Lefthander, Lefty",C,1964,42,A,http://publications.tlu.ee/index.php/bsmr/article/viewFile/537/pdf,True
4076,9b5ddbeb-4b2c-497a-9f62-950750a14d33,Как один мужик двух генералов прокормил,"How One Man Fed Two Generals, Kak odin muzhik dvukh generalov prokormil",C,1965,25,A,http://publications.tlu.ee/index.php/bsmr/article/viewFile/537/pdf,True
4077,ac7de027-c78f-4369-b812-61e49bd69dd6,Charming,,C,2018,85,A,,True
4078,f38d18c0-4ef9-455c-838d-84b11a966763,Elle: A Modern Cinderella Tale,,C,2010,90,L,,True
4079,604a611a-7f45-4f64-bd6e-30fcde1b2d8d,Falling for Grace,East Broadway,C,2006,105,L,,True
4080,276107f7-b0bd-4ff0-a9a1-e360c0dbc9a4,If the Shoe Fits,Stroke of Midnight,C,1990,86,L,,True
4081,6850bb56-437c-444c-961e-b624367c08d7,The Magic Shoes,,BW,1935,,L,"https://lostmediaarchive.fandom.com/wiki/The_Magic_Shoes_(1935_Short_Film)
https://letterboxd.com/film/the-magic-shoes/

Stills: https://web.archive.org/web/20150605043644/http://www.nfsa.gov.au/collection/film/australias-lost-films/",True
4082,81ae0a7c-18fc-4d8a-a8a4-5173bfac3e09,Puteri Impian,Dream Princess,C,1997,,L,,True
4083,0bd7f44b-b1f1-4897-bd95-64b6bf0e3ca5,Puteri Impian 2,Dream Princess 2,C,1998,,L,,True
4084,8caa67d4-85e3-4e8b-94f4-87fbb38f1dc9,Rags,,C,2012,88,L,,True
4085,49b7c3c5-f324-461f-99b1-07018f9e8f92,Puss in Boots: The Three Diablos,,C,2012,13,A,,True
4087,972b0203-a942-48e9-aa16-5b7124a20bd8,Neberte nám princeznú,Let the Princess Stay with Us,C,1981,55,L,https://en.wikipedia.org/wiki/Neberte_n%C3%A1m_princezn%C3%BA,True
4088,f02637a5-f141-489d-9c45-7030dd9b3228,Snow White,,BW,1902,,U,,True
4089,60dd7cf9-5555-4cf7-879b-c02dd74ed7c8,A Snow White Christmas,,C,1980,60,A,,True
4090,a2bbaf5a-3bbc-4894-9424-0edcb48d2e35,Fantasía... 3,"Fantasia 3, Fantasy 3",C,1966,80,L,https://en.wikipedia.org/wiki/Fantas%C3%ADa..._3,True
4091,1b2b2796-99e1-4b7d-b28a-6b5cd1a95908,Tales from Muppetland: The Muppet Musicians of Bremen,,C,1972,50,L,,True
4092,2f96bf5f-c4a3-4926-96ca-286eec12e6ed,Новые бременские,"Novye Bremenskiye, The New Bremen Musicians, The New Bremen Town Musicians",C,2000,56,A,,True
4093,c66fe0c4-83a3-49b9-bdd2-f2615dfb0a45,Po sledam bremenskikh muzykantov,In the Wake of the Bremen Town Musicians; On the Trail of the Bremen Town Musicians; По следам бременских музыкантов,C,1973,19,A,,True
4094,e312ede1-71bc-40a9-9c8e-758dc5112cf1,Xuxa em O Mistério de Feiurinha,Xuxa and the Mystery of the Little Ugly Princess,C,2009,82,A,,True
4095,062e9647-e2cc-4447-81c9-3679cd0730a0,Magical World,Aregnazan,C,2014,,M,,True
4096,af7250ed-20c3-4561-8286-e98c815e027f,Kosmos,,C,2009,122,L,,True
4097,b08bfe21-4ae5-420c-b601-de0ceba7e026,Crimson Peak,,C,2015,119,L,,True
4098,7af86055-b8e9-49d0-9581-4ce4ca4596b1,La vida secreta de las palabras,The Secret Life of Words,C,2005,115,L,,True
4099,c77bd71a-d5d1-4cfe-889b-8ae50d4153bc,Koca Dünya,Big Big World,C,2016,101,L,https://iffr.com/en/2017/films/big-big-world,True
4100,8e2ab5f2-8d42-4114-8e7b-611993844746,Once Upon a Time,,BW,1922,,U,https://www.allmovie.com/movie/once-upon-a-time-v104789,True
4101,792d7d32-06d5-455c-b7af-5a77a2bcd80e,Arthur and the Invisibles,,C,2006,94,M,,True
4102,035c0c4a-5851-41b8-9ac3-71d68e4ef4d2,Arthur and the Revenge of Maltazard,"Arthur 2: The Revenge of Maltazard, Arthur et la vengeance de Maltazard",C,2009,107,M,,True
4103,3fd835d4-77cd-44f3-abc1-96a0344dc382,Arthur 3: The War of the Two Worlds,Arthur 3: la guerre des deux mondes,C,2010,101,M,,True
4104,4e7d5704-ceca-4ae8-af49-bc87886bf8a2,Un prince (presque) charmant,"Almost Charming, Prince (Almost) Charming",C,2013,88,L,,True
4105,3f72769b-0d24-461d-a2db-83cb17cf08ba,Królewicz olch,The Erlprince,C,2016,101,L,,True
4106,9f3de6c0-c876-4aa9-8ce7-814d7d23391c,Vuelven,Tigers Are Not Afraid,C,2017,83,L,,True
4107,c5166100-2de2-46ac-89e3-ed66714c89dd,Belle dormant,Sleeping Beauty,C,2016,82,L,,True
4108,b2c9c3ee-4279-4d70-9ae1-f9eb4aafbbc6,The Beautician and the Beast,,C,1997,105,L,,True
4109,5c138494-8f2a-471c-8f23-4cee60537f52,Xi you ji: Da nao tian gong,"The Monkey King, The Monkey King: Havoc in Heavens Palace, Journey to the West: Havoc in Heaven",C,2016,90,L,"IMDb entry says 2014, not 2016
Updated titles to match IMDb",True
4110,666789e3-a0a5-4b81-b6f4-67f51fb5adfb,Xi you ji zhi: Sun Wukong san da Baigu Jing,The Monkey King 2,C,2016,119,L,,True
4111,5eacbce4-8cbe-4911-9a23-9d3e774fcf20,Xi you ji zhi da sheng gui lai,Monkey King: Hero is Back,C,2015,89,A,,True
4112,a5efc0f9-a1cc-4aca-b4d8-ccaa71425b98,Zhuo yao ji,Monster Hunt,C,2015,117,M,,True
4113,2ddaa88b-1abb-4530-b701-e75f2eba2f2b,Zhong Kui fu mo: Xue yao mo ling,Zhongkui: Snow Girl and the Dark Crystal,C,2015,118,L,https://en.wikipedia.org/wiki/Zhong_Kui,True
4114,52ca9b17-4ff8-40d7-a946-446df7850012,Wu Kong da zhan Er Lang shen,Monkey King vs. Er Lang Shen,C,2007,,A,,True
4115,63bf7c5a-09d0-4c3c-8db5-1d6e41be2d20,Summer with Monkey King,,C,2016,12,L,,True
4116,664460b4-a05e-48c4-b836-683b5b819c22,Aground,Dark Moon and Monkey King's Hair,C,2015,82,L,,True
4117,f3ac6bb8-5dad-42f0-8d34-30835502ea43,Jin hou xiang yao,The Monkey King Conquers the Demon,C,1985,89,A,,True
4118,52fab3a3-604f-46dd-9fe3-16a1b66a1f25,Never Let Me Go,,BW,1953,94,L,,True
4119,fc80b303-2442-4921-8e8f-1ef71f7579f5,The Nanny Diaries,,C,2007,106,L,,True
4120,08445a4c-5609-433a-b811-7f4b7bf7d00c,Burning All the Past Away,,C,2016,4,A,"https://www.dougcook.ca/burning-all-the-past-away/
https://nsi-canada.ca/2016/10/burning-all-the-past-away/
https://vimeo.com/175688339
https://www.youtube.com/watch?v=Vr-zQkkqvTo ",True
4121,42f5040d-675a-4bc4-ba78-c2752ffe6ca6,Boys in the Trees,,C,2016,112,L,Submitted to IFTF,True
4122,ba03ffc6-f5eb-4a2a-95d2-569db5117d84,Chelovek-Amfibiya,Amphibian Man,C,1962,96,L,,True
4123,a425f204-2335-4769-9e00-3adca241831f,The Shape of Water,,M,2017,119,L,,True
4124,b0f47bdd-5e5f-44d2-90ec-acea00f861bd,Mustang,,C,2015,97,L,,True
4125,9592a29f-343d-4f2b-a9e0-5380f7baedc5,The Affairs of Anatol,,BW,1921,117,L,https://books.google.ca/books?hl=en&lr=lang_en&id=xTMdDgAAQBAJ&oi=fnd&pg=PT12&dq=fairy-tale+film&ots=RQoORaOuwX&sig=QW0VL9H6k87rjKy7qIoDq5Cn2Ng#v=onepage&q=fairy-tale%20film&f=false,True
4126,f00c16ae-7aca-4cf3-93d6-b8dfafbc0b9c,Regoch,,C,2006,26,A,,True
4127,3d22a2d7-05b0-4b87-a3d7-19a8a8b87d41,Das kalte Herz,The Cold Heart,C,2013,29,A,,True
4128,0faad755-4cc3-41c1-b733-5af2cc33741e,Herutâ sukerutâ,Helter Skelter,C,2012,127,L,Rie Karatsu. Female Voice and Occidentalism in Mika Ninagawa's Helter Skelter (2012): Adapting Kyoko Okazaki to the Screen. The Journal of Popular Culture. Oct 2016.,True
4129,4acb5a56-ad69-4ef6-bd94-565272d5c5d2,The Cabin in the Woods,,C,2012,95,L,,True
4130,3936bbf5-5e1a-47ca-afee-f42392816f3c,Were Dengê Min: Come to My Voice,Come to My Voice,C,2014,105,L,,True
4131,370bef86-fc7e-4df6-8c37-58e79bf995cf,The Hunters,,C,2013,85,L,https://en.wikipedia.org/wiki/The_Hunters_(2013_film),True
4132,108c55e5-4367-409c-aff9-08df9745770c,FernGully 2: The Magical Rescue,,C,1998,75,A,,True
4133,ef25b085-69a5-4991-a224-dddd0542c701,Savva. Serdtse voina,"A Warrior's Tail, Hero Quest",C,2015,85,A,,True
4134,a5994264-3fca-421a-9a29-125691701227,Sleeping Beauty,,C,2014,89,L,,True
4135,b161f4e6-bbf1-441a-beb6-7ec75c6d1a58,Sleeping Beauties,,C,2017,81,L,,True
4136,7f5b83b5-a26b-4239-a1b4-ab9d8894de65,Sleeping Beauties,,C,1999,13,L,,True
4137,a1d2310d-d85d-48b2-9ab8-9ac187fc0019,Bellas durmientes,Sleeping Beauties,C,2001,,L,,True
4138,51e0bde1-c197-4612-991a-d90d654ddfb3,Sleeping Beauty,,C,2014,88,L,,True
4139,64175ca6-e6c2-4b54-bb9b-92b740661fbd,Seulliping byuti,Sleeping Beauty,C,2008,109,L,"https://mubi.com/films/sleeping-beauty-2008-hanna-lee/
",True
4140,acd73ac9-e593-4b36-ba6e-fc0b8d8a58fe,Dornröschen (Märchenperlen),Sleeping Beauty,C,2008,81,L,,True
4141,67e69283-5036-4b4d-8774-0f34065f4aa1,The Sleeping Beauty,,C,2007,135,L,,True
4142,93ec7177-4d1f-49b8-a219-d7edd44f9e1d,Prinsessa Ruusunen,Sleeping Beauty,BW,1949,99,L,,True
4144,0524ee90-1108-4463-b14e-bcf65d1e1de1,Sleeping Beauty,,C,2016,7,L,,True
4145,2d2a5ebf-babb-426f-986e-93d1b3959979,La belle au bois dormant,Sleeping Beauty,BW,1954,42,L,,True
4146,821568ed-c414-41db-a8ce-cd4be18f29cc,Sleeping Beauty,,C,2015,7,L,https://sarahgignac.com/short-films/,True
4147,73323330-53d2-4f46-8260-2304b15e5251,Sleeping Beauty,,C,2013,3,L,http://www.jarrod.co.za/2013/03/19/sleeping-beauty-video/,True
4149,f37897e1-b845-485a-a2b7-ec221a3cb755,Las Bellas Durmientes,The Sleeping Beauties,C,2012,84,L,,True
4150,144dd1e8-871d-4b5a-b8d3-484abb248087,The Sleeping Beauty,,BW,2013,35,L,,True
4152,b94d6c7b-d84e-4386-9d95-fe6e0e64b733,Sleeping Beauty,,C,2013,5,L,https://vimeo.com/78106733,True
4154,9b19d9bf-d047-490d-b04b-6f7da27880a6,The Sleeping Beauty,,BW,1913,,L,,True
4157,7ca87261-40ba-4fae-851b-c46a4c36359f,The Sleeping Beauty,,BW,1963,5,A,,True
4158,31525aec-af66-444f-8877-6207656d18ea,Sleeping Beauty,,C,2016,,L,,True
4159,f8a157e8-9bbe-4b68-9048-4a3e4c2e1513,The Sleeping Beauty,,BW,1912,,L,"https://heritage.stockton.gov.uk/articles/stories/sleeping-beauty-ivy-close-silent-movie-classic/
",True
4160,a5044d8b-e2b9-486c-a602-3675c5deb3ab,Das Haus der schlafenden Schönen,House of the Sleeping Beauties,C,2006,99,L,,True
4161,11185d79-f358-4ac7-ae89-0f7bf3b06893,Rimitto obu suripingu byuti,The Limit of Sleeping Beauty,C,2017,90,L,,True
4162,7e5b9404-edb9-47ec-91d6-034ccd51a452,Sleeping Beauty: A Gothic Romance,,C,2013,105,L,,True
4163,7d900439-89e1-4cce-92f2-9aff44adae52,Nemureru bijo,House of Sleeping Beauties,C,1995,110,L,,True
4164,82002f82-c3c7-428d-9e14-00b096e54968,Sleeping Beauty: Uncensored,,C,2011,6,A,,True
4165,79832eee-bbc0-4103-9798-4010c6c4e5d3,The Sleeping Beauty of East Finchley,,C,2010,50,L,https://www.cfmdc.org/film/3532,True
4166,c8c2316b-194c-4cad-85fc-0a47c7304284,Sleeping Beauty: Kissing in Training,,C,2009,,L,,True
4167,159b0eea-bc1b-4671-91ca-40719499e3fa,The Autopsy of Sleeping Beauty,,C,2010,11,L,https://www.youtube.com/watch?v=U0Vb0A-JAU8,True
4168,e8ea9157-f1d5-4aa1-8670-217710bab589,My Favorite Fairy Tales Volume 3: Sleeping Beauty/Snow White/Cinderella,,C,1986,60,A,,True
4169,4c85746e-d4e5-4ded-99e9-b52fbf982ec2,Soliloquy: the untold story of Sleeping Beauty's dreams,,C,2014,8,L,,True
4170,260e13c1-ee2b-4dce-9ca8-43a858f5517a,Goldilocks and the Three Bears/Rumpelstiltskin/Little Red Riding Hood/Sleeping Beauty,,C,1984,30,A,,True
4171,1debaaed-5e57-4c91-862f-4ba26e13aff2,Varg Veum - Tornerose,,C,2008,90,L,,True
4172,447d23e8-2e95-4f59-87b0-1419cd5e5689,Dragon Ball - Doragon bôru: Majinjô no nemuri hime,Dragon Ball: Sleeping Princess in Devil's Castle,C,1987,45,A,,True
4174,6d2f12ef-34ee-4cd2-8671-1addb2176346,A Monster Calls,,C,2016,108,L,,True
4175,dd854d6c-ba3a-42ff-951f-32e199011ba2,Elizabethtown,,C,2005,123,L,,True
4176,63db79fa-6288-47ee-988c-23e785a9f136,Latidos de pánico,Panic Beats,C,1983,94,L,,True
4177,ee772307-19d7-4d02-9243-b1289e347f4f,El espanto surge de la tumba,Horror Rises from the Tomb,C,1973,88,L,,True
4178,a174922c-77dc-4968-8354-ceb572952a3c,El mariscal del infierno,Devil's Possessed,C,1974,95,L,,True
4179,37db574c-7eac-4939-b52a-a9825a1f6f9d,Syn Królowej Sniegu,The Son of Snow Queen,C,2017,85,L,,True
4180,5a396bba-542b-498e-aa9e-16bfebf569b5,Tayna snezhnoy korolevy,The Mystery of Snow Queen,C,2015,85,L,,True
4181,da393242-3fef-4321-a0fe-46b7df94ceac,Snezhnaya koroleva 3: Ogon i led,"The Snow Queen 3, The Snow Queen 3: Fire and Ice",C,2016,80,A,,True
4182,82b5e274-da2a-4029-a4ee-3a96db05457d,Blind Vaysha,,C,2016,8,A,,True
4183,7cecadd8-d04d-444a-9363-d2464397a913,The Magic Toyshop,,C,1987,107,L,,True
4184,843425c2-f5e7-459a-87f7-a3958f3d58d5,The Bloody Chamber,,C,1983,29,L,,True
4185,156299af-bae7-4e5e-ad57-1e2662c6e516,Peter & the Wolf,Peter and the Wolf,C,2006,32,A,,True
4186,119a41de-217e-4f3f-b042-f6dc795b3166,Peter and the Wolf,,C,1995,46,M,,True
4187,0913067a-2958-425f-a7bf-57e65fd58082,Peter and the Wolf: A Prokofiev Fantasy,A Prokofiev Fantasy with Peter and the Wolf,C,1993,55,L,,True
4189,2de48c59-45f2-4913-a9b9-5994f6f418b5,Peter and the Wolf,,C,2013,5,L,,True
4191,40c733e9-c114-4ccf-b1fd-206b0488adab,Sand or Peter and the Wolf,,C,1969,10,A,http://onf-nfb.gc.ca/en/our-collection/?idfilm=57789,True
4192,5bf19741-af86-436d-990b-6b6ecfe60eab,Peter and the Wolf,,C,2013,,L,,True
4193,a461b549-c2d5-45f0-ad4d-14e2085bca22,The Butcher and the Wolf,,M,2008,4,M,,True
4194,af701ed7-0730-41f4-bfc0-47f635d23f26,Peter and the Paper Wolves,,C,2012,12,L,,True
4195,f67f11b4-17c8-4cc0-8481-5f6374eec037,Peter und der Wolf,,C,1973,,A,,True
4196,10fb6468-699f-400d-9f21-67ee2ada26da,Peter und der Wolf,,C,1975,28,U,https://www.radiotimes.com/movie-guide/b-w5oxro/peter-und-der-wolf/,True
4197,0f92bd8d-dd52-466a-a134-bb3f1f06ce3f,Peter vs the Big Bad Wolf,,C,2016,10,A,,True
4198,e2e46038-84e9-4bb5-95c0-b42dc735e937,Les nouvelles aventures de Cendrillon,The New Adventures of Cinderella,C,2017,90,L,,True
4199,22bab275-5950-4242-b043-b21a64e73cd4,Les nouvelles aventures d'Aladin,The New Adventures of Aladdin,C,2015,107,L,,True
4200,04e19196-1814-492d-a3b2-5f8128dfcb0a,The Beastmaster,,C,1982,118,L,,True
4201,3c64fba2-30d6-4e22-af9f-65c828ac9b90,Beastmaster III: The Eye of Braxus,,C,1996,92,L,,True
4202,39202383-8531-423a-9b4e-ca81b5080b8d,Beastmaster II: Through the Portal of Time,Beastmaster 2: Through the Portal of Time,C,1991,107,L,,True
4203,96f07c35-5a2e-4824-a5fe-4a79f16ee256,Strega Nona,,C,1977,8,A,,True
4204,71efb104-dda0-4260-936f-582d7d5841fc,Der Meisterdieb,The Master Thief,C,2010,59,L,,True
4205,65a41b25-674a-42a2-8c7b-318a445aae87,Der Meisterdieb,The Master Thief,BW,1958,55,L,,True
4206,466bd8b4-460c-479f-9faf-555396b88029,Earthsea,,C,2004,90,L,,True
4207,9adfa6f8-728a-4d3c-bf44-7511d872f40a,Practical Magic,,C,1998,104,L,,True
4208,8a8ba7b0-b1d5-4413-9497-15f5df81037c,The Tortoise and the Hare,Silly Symphonies,C,1935,9,A,,True
4209,63bd1bb5-32f3-4a6c-a71e-dd87b5c7712c,Hansel vs. Gretel,,C,2015,86,L,,True
4210,9859b61b-8c49-4b4c-8999-3d9e9aa794fb,Hänsel,,C,2015,12,L,,True
4211,1aaeab13-0f35-403b-9a89-58b2fc206679,Moongirl,,C,2005,9,A,,True
4212,cdbf5c44-7984-4d28-a076-7596e6b82093,La corona di ferro,The Iron Crown,BW,1941,83,L,,True
4213,6408b0c5-735c-45ce-bcd7-4fa68e5f6906,Perfect Strangers,,C,2003,96,L,,True
4214,e75cbcf8-821d-42f9-9717-5704e00feda2,Impokotoyi,,C,2013,9,A,"https://lubanation-com.translate.goog/2014/08/13/impokotoyi-de-bombolo-wathou-henok/?_x_tr_sl=fr&_x_tr_tl=en&_x_tr_hl=en&_x_tr_pto=sc
https://www.youtube.com/watch?v=AdKpBngf31M",True
4215,6f1cc7e1-1044-486d-a400-82a9b3c18335,The Scent of Fish Sauce,,C,2015,26,L,,True
4216,be7396db-510f-489a-a012-e223190dd147,It's all in Your Head,,C,2016,6,L,,True
4217,84e01483-cb51-4e83-b2bb-fe175a0cb80d,The Watering Room,,C,2017,,L,,True
4218,07d0bedb-0867-4968-bc1e-7a5825a29890,The Wishing Lamp,,BW,1916,,U,,True
4219,fc39a7f5-da73-47c6-be8b-51384d13c73a,The Kingdom of Nosey Land,,BW,1915,,U,,True
4220,b6bf4933-e7d6-4596-9daa-18de32cfd885,Hansel and Gretel,,BW,1913,,U,,True
4221,5f561e78-ce05-47f6-b942-12de8e13c11b,Golden Locks and the Three Bears,,BW,1913,,L,,True
4222,7f7e83e6-1fe4-40d9-a1ce-bae35f933ba6,Snow White,,BW,1913,,L,"Multiple IMDb entries, one says 1913 and one says 1917 but credits are all the same",True
4223,08368c3c-7bce-469c-8e99-f09a36827e56,Daskin Da Ridi,"Name of a Prince, Daskin da Ridi 1, 2",C,,70,L,"https://www.youtube.com/watch?v=Q-STJ2i4fcs
https://www.youtube.com/watch?v=cc4DqeRHH2U

https://hausahomevideoresourcecentre.wordpress.com/hausa-filmography-by-director/
",True
4224,281c07f6-de89-4df8-8afa-0765be4ab276,Sangaya,Pure Love,C,2000,,L,,True
4225,eb7ac7a1-ac1a-4ca2-a172-ef50f0326dee,Karshen Makirci,End of the Mischief,C,1999,,L,https://en.wikipedia.org/wiki/Ado_Ahmad_Gidan_Dabino,True
4226,d874a9b8-d5ef-4e08-8836-de4ee12c7826,Sai Na Dawo,I Shall Return,C,,,U,,True
4227,834f85c7-4bb4-49ae-9e76-6df67ed92ea3,Samu,Wealth Possession,C,,,U,,True
4228,40c3cddb-8f82-4930-8fef-ad6900961e57,Das blaue Licht,The Blue Light,C,2010,59,L,,True
4230,c89ad6f5-9212-41c0-8362-95cd85fc7616,"Bai she chuan shuo, 白蛇传说",The Sorcerer and the White Snake,C,2011,93,L,,True
4231,a690766e-ec09-4135-9a24-2b41bce464c6,Trick 'r Treat,Trick or Treat,C,2007,82,L,,True
4232,08a87ec4-a5ab-4f72-b5aa-441322c59325,Celia,Celia: Child of Terror,C,1989,102,L,"From article: http://www.textjournal.com.au/speciss/issue43/De%20Stefani.pdf

De Stefani, Michelle. 2017. ""Taming the Hobyahs: Adapting and re-visioning a British tale in Australian literature and film."" In TEXT Special Issue 43, Into the bush: Australasian fairy tales
eds Nike Sulway, Rebecca-Anne Do Rozario, Belinda Calderone, October 2017",True
4233,d9c918d3-75f6-4c0d-aef9-595dbcb4865e,Aquaman,,C,2018,143,L,"a couple of Pinocchio mentions including the two main characters hiding in a whale's mouth, and the female character finds the book; scarily reminiscent of The Little Mermaid II: Return to the Sea
",True
4234,dcbc0b16-8123-414f-a809-85a39610f61d,Bao hu lu de bi mi,The Secret of the Magic Gourd,C,2007,84,L,,True
4235,dc432f8f-4157-4444-98da-2fd8c4e6fe12,Wonder Boy,,C,2010,90,A,,True
4236,a0348107-827e-4e4d-8c9f-5cb1057d7e2f,Лис Микита,"Lys Mykyta, Mykyta the Fox",C,2007,15,A,"Submission to IFTF from Anastasia ",True
4237,0c82c340-7238-4729-b14a-4f3129df06ba,Mykyta Kozhumyaka,"Микита Кожум'яка, Mykyta Kozhuoiaka, The Dragon Spell",C,2016,85,A,Contributed by Anastasia Sheichuk,True
4238,e188d4b0-f10b-4bd1-8428-8b5bb7cb6122,The House with a Clock in Its Walls,,C,2018,105,L,,True
4239,310bca06-fdd2-4f4a-ae22-34579f13de3e,Xuxa e os Duendes,Xuxa and the Elves,C,2001,90,L,"Submitted to IFTF, contact maram.nur@gmail.com",True
4240,97a77d2b-1a47-4326-a13c-a29289654dac,Xuxa Abracadabra,Xuxa in Abracadabra,C,2003,87,L,"submitted to IFTF, contact maram.nur@gmail.com
",True
4241,9a5780e5-2210-44fb-b1b1-326631e37552,Xuxa e os Duendes 2: No Caminho das Fadas,Xuxa and the Elves 2: In the Fairies' Trail,C,2002,86,L,"submitted to IFTF, contact maram.nur@gmail.com",True
4242,42e2cfe2-9bb0-4ee9-87a9-7e83182e3bc1,Little Olive Riding Hood,Popeye the Sailor,C,1960,30,A,,True
4243,2d7dba52-8dbf-4e3b-9202-5019ab8f675f,The Secret Life of Pets 2,,C,2019,86,A,"LRRH book, some narration",True
4244,605d940a-e7b6-4d1a-9943-510eb9bde1dd,Die chinesische Nachtigall,The Chinese Nightingale,BW,1929,7,A,"Giesen, Rolf, and J.P. Storm. 2012. Animation Under the Swastika: A History of Trickfilm in Nazi Germany, 1933-1945. Jefferson, North Carolina: McFarland & Company, Inc.",True
4245,32e934d5-f1d4-4acb-ae2a-b3c7a536925e,Die Abenteuer des Freiherrn von Münchhausen -- Eine Winterreise,The Adventures of Baron Munchausen: A Winter Journey,C,1943,9,A,"Giesen, Rolf, and J.P. Storm. 2012. Animation Under the Swastika: A History of Trickfilm in Nazi Germany, 1933-1945. Jefferson, North Carolina: McFarland & Company, Inc.",True
4246,286e77ed-5e8b-435a-a10f-a9f14071b700,Graf Habenichts,Count Have-Not,C,1936,12,A,"Giesen, Rolf, and J.P. Storm. 2012. Animation Under the Swastika: A History of Trickfilm in Nazi Germany, 1933-1945. Jefferson, North Carolina: McFarland & Company, Inc.",True
4247,cf8a7538-5000-421a-a4ec-d0689a2309b9,Kalif Storch,Caliph Stork,C,1935,,A,"Giesen, Rolf, and J.P. Storm. 2012. Animation Under the Swastika: A History of Trickfilm in Nazi Germany, 1933-1945. Jefferson, North Carolina: McFarland & Company, Inc.",True
4248,1ae417c7-9196-408f-9aaf-20e1afcbd11d,Kalif Storch,Caliph Stork,BW,1935,,A,"Giesen, Rolf, and J.P. Storm. 2012. Animation Under the Swastika: A History of Trickfilm in Nazi Germany, 1933-1945. Jefferson, North Carolina: McFarland & Company, Inc.",True
4249,09ab89f3-7806-4557-aa3e-2072b67a72e3,Kalif Storch,Caliph Stork,C,1940,,A,"Giesen, Rolf, and J.P. Storm. 2012. Animation Under the Swastika: A History of Trickfilm in Nazi Germany, 1933-1945. Jefferson, North Carolina: McFarland & Company, Inc.",True
4250,f22a14aa-bcad-4317-9a97-01ed082e1433,Der kleine Däumling,Tom Thumb,C,1944,,A,"Giesen, Rolf, and J.P. Storm. 2012. Animation Under the Swastika: A History of Trickfilm in Nazi Germany, 1933-1945. Jefferson, North Carolina: McFarland & Company, Inc.",True
4251,d455b942-0c54-46e6-af34-006894edf329,Ein Märchen,A Fairy Tale,C,1937,10,A,"Giesen, Rolf, and J.P. Storm. 2012. Animation Under the Swastika: A History of Trickfilm in Nazi Germany, 1933-1945. Jefferson, North Carolina: McFarland & Company, Inc.",True
4252,1af02fe8-9d8b-4454-906f-da600947d147,Märchen vom Orient,Arabian Fairy Tale,C,1933,69,A,"Giesen, Rolf, and J.P. Storm. 2012. Animation Under the Swastika: A History of Trickfilm in Nazi Germany, 1933-1945. Jefferson, North Carolina: McFarland & Company, Inc.
",True
4253,cfdadf2c-c9fe-42f5-b907-09ceb6fc8572,Prinzess Neugierde,Princess Nosiness,C,1942,,A,"Giesen, Rolf, and J.P. Storm. 2012. Animation Under the Swastika: A History of Trickfilm in Nazi Germany, 1933-1945. Jefferson, North Carolina: McFarland & Company, Inc.",True
4254,241551e4-5954-4dec-af64-a8c17aebc35e,"Purzel, der Zwerg, und der Riese vom Berg",Purzel the Dwarf and the Mountain Giant,C,1939,9,A,"Giesen, Rolf, and J.P. Storm. 2012. Animation Under the Swastika: A History of Trickfilm in Nazi Germany, 1933-1945. Jefferson, North Carolina: McFarland & Company, Inc.",True
4255,a52ce4f2-f2ac-452c-8f90-bb5511b9a0bd,Sieben wandern durch die Welt,Seven Wander Round the World,C,1939,,A,"Giesen, Rolf, and J.P. Storm. 2012. Animation Under the Swastika: A History of Trickfilm in Nazi Germany, 1933-1945. Jefferson, North Carolina: McFarland & Company, Inc.",True
4256,8c4aab1b-2db5-45dd-a177-15385c80e8cc,Die Stadtmaus und die Feldmaus,The Town Mouse and the Country Mouse,C,1939,12,A,"Giesen, Rolf, and J.P. Storm. 2012. Animation Under the Swastika: A History of Trickfilm in Nazi Germany, 1933-1945. Jefferson, North Carolina: McFarland & Company, Inc.

https://www-filmportal-de.translate.goog/en/movie/stadtmaus-und-feldmaus_ea43d4a6e49f5006e03053d50b37753d?_x_tr_sl=de&_x_tr_tl=en&_x_tr_hl=en&_x_tr_pto=sc",True
4257,0e47fa61-9d66-4b89-a4cb-8f932fce3b84,Das tapfere Schneiderlein,The Brave Little Tailor/The Valiant Little Tailor,C,1944,,A,"Giesen, Rolf, and J.P. Storm. 2012. Animation Under the Swastika: A History of Trickfilm in Nazi Germany, 1933-1945. Jefferson, North Carolina: McFarland & Company, Inc.

https://www.filmportal.de/en/movie/tapferes-schneiderlein_ea43d4a6ca0b5006e03053d50b37753d",True
4258,8a8cb7f2-ca45-46ae-9ef9-8db9b5aad595,Das tapfere Schneiderlein,The Brave Little Tailor/The Valiant Little Tailor,C,,,A,"Giesen, Rolf, and J.P. Storm. 2012. Animation Under the Swastika: A History of Trickfilm in Nazi Germany, 1933-1945. Jefferson, North Carolina: McFarland & Company, Inc.

Year given as 194? in book
",True
4259,85aa429d-7dd7-429b-bbbf-a90865f9c4b0,Der Wettlauf zwischen dem Hasen und dem Igel,The Race Between the Hare and the Hedgehog,C,1938,12,A,"Giesen, Rolf, and J.P. Storm. 2012. Animation Under the Swastika: A History of Trickfilm in Nazi Germany, 1933-1945. Jefferson, North Carolina: McFarland & Company, Inc.",True
4260,c149c030-e8f6-4f76-a68d-52f386eeb2d8,Wintermärchen,Winter Fairy Tale,C,1938,,A,"Giesen, Rolf, and J.P. Storm. 2012. Animation Under the Swastika: A History of Trickfilm in Nazi Germany, 1933-1945. Jefferson, North Carolina: McFarland & Company, Inc.",True
4261,89c3e59b-e251-4b48-b944-ec9da6b3f6a0,Der Wolf und die sieben jungen Geisslein,The Wolf and the Seven Little Goats/The Wolf and the Seven Little Kids,C,1939,,A,"Giesen, Rolf, and J.P. Storm. 2012. Animation Under the Swastika: A History of Trickfilm in Nazi Germany, 1933-1945. Jefferson, North Carolina: McFarland & Company, Inc.",True
4262,ae6379ef-7f83-408d-b388-85f8e43ad205,Čarodějův učeň,"Der Zauberlehrling, The Sorcerer's Apprentice",C,1943,10,A,"Giesen, Rolf, and J.P. Storm. 2012. Animation Under the Swastika: A History of Trickfilm in Nazi Germany, 1933-1945. Jefferson, North Carolina: McFarland & Company, Inc.",True
4263,5761e648-be2a-4d8d-9208-aba9b440ee2c,Formula lyubvi,"Формула любви, Formula of Love",C,1984,90,L,,True
4264,21cb92d7-6964-4d89-b8a8-aa6ba0e8880a,Aladdin,,C,2019,128,L,,True
4265,1256a3fd-4294-47ca-a89b-81db76d21ee8,Frozen II,,C,2019,104,A,,True
4266,7beec701-ba08-4a3c-bd5a-adce3ff9e00f,Maleficent: Mistress of Evil,,C,2019,119,L,,True
4267,590a7d79-ade1-4807-9e85-22d1a5d7f2ee,Котигорошко,Kotyhoroshko,C,1970,9,A,Contribution from Anastasia Sheichuk,True
4268,7030274c-3a99-4beb-97f4-7acf2c9d7b4e,Пригоди Котигорошка та його друзів,The adventures of Kotyhoroshko and his friends,C,2013,13,A,Submission from Anastasia Sheichuk,True
4269,6879419e-fa00-4292-85f4-ec95101ddeaa,Hua pi 2,Painted Skin: The Resurrection,C,2012,131,L,,True
4270,c79b3e35-a99a-41b4-9570-0335f96bf970,The Extreme Fox,,C,2014,90,L,,True
4271,59536cef-2253-4de3-b08b-a2f3b61017e2,Masha e o Urso,Masha and the Bear,C,2016,,L,,True
4272,b69ae572-1ff7-419d-a8b0-a3e8180aa1d5,Winx Club: The Secret of the Lost Kingdom,Winx Club: Il segreto del Regno Perduto,C,2007,85,A,,True
4273,d279c87c-63e9-4d9e-9be0-1f2a3a30c32d,Winx Club: Il mistero degli abissi,,C,2014,83,A,,True
4274,ce825ece-ceaf-446a-b218-4b4377a25fdb,Winx Club 3D: Magical Adventure,,C,2010,87,A,,True
4275,0a2864e0-61da-47eb-8671-0a09568670ea,Ever After High: Epic Winter,,C,2016,90,A,,True
4276,c80d0a56-e6d1-4a36-bb8f-90a6f0bc590b,Ever After High: Way Too Wonderland,,C,2015,90,A,,True
4277,e36acd1c-8eee-401d-bde5-98e88dcf5d6d,Ever After High: Dragon Games,,C,2016,90,A,,True
4281,229bd794-9ba3-4887-9598-62cc79c88ae1,Shrek the Musical,,C,2013,130,L,,True
4283,f2fb4d0a-e9e5-4dbb-9d8c-8c29e069c5c4,Po shchuchemu veleniyu,By the Will of the Pike,C,1970,30,A,,True
4284,17e27ada-6f4e-46e8-b432-4230335901ab,Serendipity,,C,2001,90,L,,True
4285,fc9bc49a-044c-409b-b0ca-60a6a76153ea,Super Mario Bros.,Super Mario Brothers,C,1993,104,L,,True
4286,0be202a5-b611-4544-9c3e-c40eaadc2aeb,Askeladden - I Dovregubbens hall,The Ash Lad: In the Hall of the Mountain King,C,2017,104,L,,True
4287,4e01eb41-985c-4fa4-b593-311ac424c99e,Las brujas de Zugarramurdi,Witching & Bitching,C,2013,110,L,,True
4288,68092ecc-e938-4abc-a4e3-f16af331bd16,El bosque animado,The Enchanted Forest,C,1987,107,L,,True
4289,8f81d93a-cc2d-484b-91b1-b7c316840f70,The Lodge,,C,2014,73,A,,True
4290,4b2b0e26-395f-4e69-8dce-3c29cc5b3ad1,Beast,,C,2017,107,L,,True
4291,957dcf4a-1ab0-4c34-8b1f-94fe608a04a3,Into the Forest,,C,2015,101,L,,True
4292,0f444f1f-97d7-4ba2-82cf-c07ee8651b2d,Juliette ou La clef des songes,"Juliette, or Key of Dreams",BW,1951,106,L,,True
4293,58da1461-ec13-46de-a21e-86dd1c0071f5,The Breadwinner,,C,2017,94,A,,True
4294,5767caac-49c1-4dcf-a224-07d372fcc921,Peppermint-Frieden,,C,1983,112,L,,True
4295,6fd0c8b0-c777-4080-86d8-384fce8fc191,Boris sans Béatrice,Boris Without Béatrice,C,2016,93,L,"Ransom, Amy J. 2018. “Violence and Uncertainty on the French-Canadian Margins: The Films of Denis Côté.” Quebec Studies 65: 103–23",True
4296,f02dd5f6-16cd-4351-8751-77da81128176,The Matrix Reloaded,,C,2003,138,L,"Rieder, John.  2017. Science Fiction and the Mass Cultural Genre System. Middletown, CN: Wesleyan University Press.",True
4297,c8736208-6d4b-4e21-91ee-5428243c8752,The Matrix Revolutions,,C,2003,129,L,"Rieder, John.  2017. Science Fiction and the Mass Cultural Genre System. Middletown, CN: Wesleyan University Press.",True
4298,1d735b32-d6cb-42b4-a0d9-92c6306584b9,Un beau soleil intérieur,Let the Sunshine In,C,2017,94,L,,True
4299,fe4ddaef-9c36-407b-ba95-3602791cfe14,Punahilkka,Little Red Riding Hood,C,1968,79,L,,True
4300,87298919-e3ed-4dcd-8fb1-21289042e9e2,Zolushka,Cinderella,C,2014,8,L,,True
4301,3e1e42b1-4dfb-4493-b526-ee99887ab093,Rusalka,The Little Mermaid,C,2017,9,L,,True
4302,6a956b98-9361-4a53-a734-5016e57b94ed,The Swan Prince,,C,2015,6,A,"https://www.amazon.com/Swan-Prince-Richard-Mansfield/dp/B01BD6AAEA ",True
4303,f67d7f3e-e170-4f01-87ef-8773b8a961a4,Little Red Riding Hood,,C,2016,81,L,,True
4304,da82050d-a9f4-49f3-bfa1-7a93cf1711ff,Baek sajeon,Legend of the White Snake,C,1978,105,L,,True
4305,99e75f07-d3d2-45ee-b2ae-a8d730c475e1,Baeksa buin,Madam White Snake,BW,1960,100,L,,True
4306,dd92edec-cec5-49cd-a4c1-283342ba195a,Bai she zhuan,The Legend of Madame White Snake,BW,1952,,L,,True
4307,68ea2946-59bf-4613-bd91-e65cf210a402,Bai she zhuan,Madame White Snake,C,1962,95,L,,True
4308,41dd699f-3a6e-4f92-9928-05631f00a7c4,Byaku fujin no yoren,"The Legend of the White Serpent, Madame White Snake, Bewitched Love of The White Wife",C,1956,103,L,,True
4309,76504073-c096-4eb7-b091-cbce27821507,Chang E ben yue,Chang E's Flight to the Moon,C,1956,,U,"Unsure of the colour and mode, so left as the default",True
4310,0c5d2be1-ab1a-4910-a4c9-d01d20fea634,Chang e ben yue,Lady in the Moon,C,1966,100,L,,True
4311,8603b0aa-a138-4f61-a5b8-99734cda4402,Hakuja komachi,White Snake Woman,BW,1958,67,L,https://www.themoviedb.org/movie/299449-hakuja-komachi/,True
4312,64024ce3-8bb9-49c2-a2bc-ff2204d18310,Hakujasho,White Snake Enchantment,C,1983,118,L,,True
4313,13c907e7-0504-4aba-8818-5e01f89f5489,Journey to the West: Demon Chapter,Journey to the West: The Demons Strike Back,C,2017,109,L,,True
4314,3a725f61-1824-4e8d-9c59-a7a0b202db75,Niu lang zhi nü,,BW,1963,93,L,,True
4315,31d31bbd-c79f-4ede-8f19-01a995367e64,Niulang Zhinu,The Cowherd and the Spinning Lady,BW,1939,,U,,True
4316,c1d42069-d87d-411b-bc98-392a70bc57c9,The Legend of Lady White Snake,The Legend of Lady White Snake: A Tribute to the Spirit of Alexander McQueen,C,2015,9,L,,True
4317,32682afc-a613-448d-8379-8abb77f6bab9,The White Snake,,C,2009,15,A,,True
4318,5f394156-048f-4ba7-8c9f-3823e67215a8,Xi you ji zhi nü er guo,The Monkey King 3; The Monkey King 3: Kingdom of Women,C,2018,114,L,,True
4319,17b403c7-3628-491c-941d-488922efff34,Zhen bai she zhuan,Love of the White Snake; Chan bak sau chuen,C,1978,96,L,,True
4320,b9f087ec-6ecb-4694-9384-5676d28017ad,Akvarium,Aquarium,C,1983,10,A,"https://www.youtube.com/watch?v=NZ2MsRdJLwI
https://www.bcdb.com/cartoon-characters/102539-Akvarium",True
4321,3081e961-0b92-4c62-b30f-b137616ffbdd,Джирдтан,Jirtdan; Dwarf-Jirtdan,C,1969,9,A,"https://www.youtube.com/watch?v=LQvQF4tcOa0 
https://www.kinoklassikafoundation.org/project/jirtdan/",True
4322,e168e49e-033f-483e-a8c9-d509846e3853,Несчастье Аббаса,Abbasyn Bedbekhtlii; Abbas’s Misfortune; Abbas's Trouble,BW,1935,11,A,,True
4323,6421e738-4c78-4e5d-966c-2ae41392dd7f,Fitnə,Fitne,C,1970,9,A,"https://www.youtube.com/watch?v=jLU8m573I4A
https://www.youtube.com/watch?v=WqHWtuZHfig

https://az-m-wikipedia-org.translate.goog/wiki/Fitn%C9%99_(film,_1970)?_x_tr_sl=az&_x_tr_tl=en&_x_tr_hl=en&_x_tr_pto=sc",True
4324,9841cfd0-1a1d-4e09-bee8-502509c485e7,"В синем море, в белой пене...","In the blue sea, in the white foam...; V sinem more, v beloy pene ...",C,1984,8,A,https://www.youtube.com/watch?v=efeWT1Eu2Rc,True
4325,52648e68-b24f-4371-8bdb-ce11a77d2a8f,"Բարեկենդանը, Ишь ты, Масленица!","Ish ty, Maslenitsa; Oh, you Shrovetide!",C,1985,7,A,"https://www.youtube.com/watch?v=rlKZPghi8-s
https://www.youtube.com/watch?v=pIyo7-0J87I ",True
4326,f7f477d1-484b-4d13-a0a5-e41571ed7d7f,Как медвежата китов кормили,How Bears Have Been Feeding the Whales; How the Bear Cubs Fed the Whales,C,1974,10,A,"https://www.youtube.com/watch?v=GIeiYCpAoCQ
https://www.youtube.com/watch?v=wZ5q5al2Tdc
https://www.youtube.com/watch?v=UPQ05vDKBPY
https://vimeo.com/171225650",True
4327,f9a6d8a2-63ee-46b4-bbf3-58f4bd125137,Կիկոս,Kikos,C,1979,9,A,"https://www.youtube.com/watch?v=3glqUHu6paY
https://www.youtube.com/watch?v=HbGtW8YojOI
https://www.youtube.com/watch?v=UlAtGY28-eQ",True
4328,7530d55e-e81e-4e12-ad84-93ae007a9c8e,Kto rasskazhet nebylitsu?,Who Will Tell the Fairy Tale?; Кто расска́жет небыли́цу?,C,1982,10,A,"https://www.youtube.com/watch?v=Anu89hePTfg
https://www.youtube.com/watch?v=8uUeLeFBF4E
https://www.youtube.com/watch?v=7mBrOGLiR-E
https://www.youtube.com/watch?v=JP3dcAty1h8",True
4330,13896aeb-a450-4bcc-b4a1-1a8b0ffa99ab,Лисья книга,The Fox's Book,C,1975,10,A,"https://www.youtube.com/watch?v=yGMKLcSzvn0
https://www.youtube.com/watch?v=y1W208SnEPI

",True
4331,6e014729-809b-486b-9c41-82e2befd3953,Охотники,Hunters,C,1977,9,A,"https://www.youtube.com/watch?v=waPi68_59NI
",True
4332,f5d9ce97-71d4-465c-aa40-914f5ca05888,Shunn u Katun,The Dog and the Cat,BW,1938,10,A,https://www.youtube.com/watch?v=vM6tyAcI-Gg,True
4333,9ecbbcb2-14e1-4784-a023-8cfd6a129d7d,Pyos i kot,Dog and Cat; Пёс и кот,C,1955,18,A,https://www.youtube.com/watch?v=ErQIux_GJBI,True
4334,2c8cbaf2-d601-43b4-8b25-635baa4ccfe4,Topor,Կացին; Топор; Ax,C,1994,8,A,"https://www.youtube.com/watch?v=mA7H5KnyzJk 
https://www.youtube.com/watch?v=zdbep8dYTBI
https://www.youtube.com/watch?v=GyMZ3pChHzA",True
4335,f5c26607-33f9-419e-a7f0-81221e6f423d,...Tri sinikh-sinikh ozera malinovogo tsveta...,Three Blue-Blue Lakes of Crimson Color; Три синих-синих озера малинового цвета,C,1981,8,A,"https://www.youtube.com/watch?v=xloVLMiOLOQ
https://www.youtube.com/watch?v=wZRQ8Kwxk6o
https://www.youtube.com/watch?v=whJ7z_h95-w
https://www.youtube.com/watch?v=BRC3zoSgntY
https://www.dailymotion.com/video/x2uosbl",True
4336,5bbf26a3-8841-4d63-9d40-dd95aaef4358,Vasya Buslik i ego druzya,Vasya Buslik and his friends; Вася Буслик и его друзья,C,1973,8,A,"https://www.youtube.com/watch?v=h3WpLYCzfsM
https://www.youtube.com/watch?v=bl6rbvSHppY
",True
4337,e8568b76-4f45-4662-a25e-8fcc9ca8ba18,"Как дед за дождём ходил ",Like a Grandfather Walked in the Rain,C,1986,10,A,"https://www.youtube.com/watch?v=VVdByr-TGg8
https://www.youtube.com/watch?v=JQsk2-g_nWk",True
4338,838444be-85f4-4bde-8653-62354a87fc5d,Kosar-bogatyr,Mower-Hero; Косарь-богатырь,C,1976,10,A,"https://www.youtube.com/watch?v=O05eddckjXo
https://www.youtube.com/watch?v=FYBakEyXElk
https://www.youtube.com/watch?v=PxEKAVv6i0I
https://www.youtube.com/watch?v=WmxjiFx_s-M ",True
4339,09d0bbe6-1174-4280-8813-068e8b864826,Куда пропала луна?,Where Did the Moon Go?; Where Has the Moon Disappeared?,C,1982,8,A,"https://www.youtube.com/watch?v=Tv6PNunUSDQ
https://www.youtube.com/watch?v=Euz9RQPvRdQ
https://www.youtube.com/watch?v=jzTugQVCa3Y
https://www.dailymotion.com/video/x59godi
",True
4340,4d73730f-a671-4c68-be60-1240842e9195,Непоседа,Fidget,C,1983,10,A,"https://www.youtube.com/watch?v=64Fe9eHxygw
https://www.youtube.com/watch?v=wa8tesMcFMc
https://www.youtube.com/watch?v=jHt6Q-5p-YQ
https://ok.ru/video/45943753469",True
4341,b88845ce-81e7-4c71-baaa-953346f1aa85,Нестерка,Nesterka,C,1980,15,A,"https://www.youtube.com/watch?v=__bw31-y7Dg
https://www.youtube.com/watch?v=CR6zG02YBmk
https://www.youtube.com/watch?v=wE7Rj5xo9mE",True
4342,59a506e5-d377-4a41-af36-b5844cc4069c,Покатигорошек,Pokatigoroshka,C,1990,9,A,"https://www.youtube.com/watch?v=_49v4Uya4L4
",True
4343,0198490f-a500-482c-963a-12933883c98e,Skazka o vesyolom kloune,Tale of a Funny Clown; Сказка о весёлом клоуне,C,1980,9,A,"https://www.youtube.com/watch?v=0-FAaBFl72M
https://www.youtube.com/watch?v=7EKs5KLYwwQ
",True
4344,9404a59e-2e6c-46aa-b97c-804df4c26448,Chkhikvta qortsili,Wedding of Jays; Свадьба соек; ჩხიკვთა ქორწილი,C,1957,25,A,"https://www.youtube.com/watch?v=iGEjiBAwZ6A
https://www.youtube.com/watch?v=5v_BYkPcnZg
https://www.youtube.com/watch?v=JAZpwdOuwZw",True
4345,ccacceb1-89fd-41d9-b7c9-8bbfd7091abd,Снова о драконе и витязе,Again About the Dragon and The Knight; Again About the Dragon and The Hero; Snova o Drakone i Vityaze,C,1976,10,A,"https://www.youtube.com/watch?v=skg_BZL9mZc
",True
4346,f818683b-f137-4c44-99dd-2f5177801943,Обманщик Лис,Fox the Deceiver; The Trickster Fox,C,1958,10,A,,True
4347,84d104d3-190c-424b-9d2e-592d18c8b4a1,The Heavenly Kid,Teen Angel,C,1985,90,L,,True
4348,900f1bcb-8071-41eb-803b-0515ef5baa26,Rugrats Tales from the Crib: Three Jacks and a Beanstalk,,C,2006,72,A,,True
4351,a31abce2-1fc3-49b3-9702-2cd82287c3a9,Hellboy,,C,2019,120,L,,True
4352,7d2cc83e-62da-4393-a04b-c91c9888f2f5,Sonnim,"The Piper, The Guest",C,2015,119,L,,True
4353,1707eeee-de22-4a92-9450-cdfc7a302f20,"Шрамы старого Еркена ",The Scars of Old Erken,C,1970,10,A,,True
4354,ec7937e6-908a-4510-a610-1e361ea0c8ad,Плыву́щее я́блоко,The Floating Apple,C,1988,9,A,,True
4356,67cb08bb-1477-44cc-8912-46de1a14a83f,Чужак,Stranger,C,1987,17,A,,True
4357,f19a1801-8b8e-4dde-920a-679fb5850948,Большой Тылл,"Suur Tõll, Tyll the Giant",C,1980,14,A,"https://en.wikipedia.org/wiki/Suur_Tõll_(film)
Clips from the video were used in folk metal band Metsatöll's music video for their song ""Vaid Vaprust,"" from the album Äio

https://www.youtube.com/watch?v=BtbKNVLB4YQ
",True
4358,91990c2c-53a8-48bd-a7e5-98fb407da4ce,Гвоздь,"Nail, Nael",C,1972,9,A,"https://www.youtube.com/watch?v=4Q4vFl1hvjs
https://www.youtube.com/watch?v=O-lvpYkMmvk",True
4359,e7c4dd65-4edf-430e-9ca1-470b449bc9ef,"Гвозьд II ","Nail II, Nael II",C,1981,8,A,,True
4360,adb0c2f9-b1e7-4607-892d-bd2f412f0ad1,Маленький мотороллер,"Väike motoroller, Little Scooter",C,1962,10,A,"https://www.youtube.com/watch?v=_7HmnJd8Q4M
https://www.youtube.com/watch?v=RqCIMFc0eSg",True
4361,e54b94de-2cbd-4f11-a42c-ecd7a15915a8,Парк,Park,C,1966,7,A,,True
4362,0e6eb4df-741b-40a9-b01c-e21d6c8aef21,Jaak ja robot,Jaak and Robot,C,1965,10,A,,True
4363,5a1f0686-a4e1-4971-a0bd-ae08aadabb59,Хитрый Антс и нечистый,"Vanapagan sulast kauplemas, Cunning Ants and the Evil",C,1967,10,A,"Iryna has listed the origin as ATU 810a but this isn't in IFTF already and I can't find enough info to add it 
https://www.efis.ee/en/film-categotries/movies/id/7073
https://www.youtube.com/watch?v=8b7E7gmS5u4
https://www.youtube.com/watch?v=Iuvh_ZVMlEo
",True
4364,f26c28fc-fd0f-46f3-be71-219cfec975e0,Obyknovennoe chudo,"Обыкновенное чудо, Ordinary Miracle",BW,1965,99,L,,True
4365,95e9cbdd-e676-4d2b-b924-cfce94d7c69d,31 iyunya,"31st of June, 31 июня",C,1978,142,L,,True
4366,168621f7-cee8-49c5-a36e-5767171b1a9f,Charodei,"Чародеи, Magicians",C,1982,147,L,,True
4367,4cea41a0-bd37-4e44-9406-d30cb269aef5,Khottabych,Хоттабыч,C,2006,92,L,"Version of Starik Khottabych (1957)
Based on The Copper Jar of Old Khottabych by Sergey Oblomov
https://en.wikipedia.org/wiki/Khottabych",True
4368,14e40abb-5210-4f09-b6c8-708471a5c50e,Ubit drakona,"Убить дракона, To Kill a Dragon",C,1988,123,L,Origin maybe The Dragon-Slayer ATU 300?,True
4370,639f0021-b97b-47fa-812d-43217cc7fcb6,Jigoku no banken: akai megane,"The Red Spectacles, 紅い眼鏡",C,1987,116,L,,True
4371,6d8d89d9-fe7f-455f-8882-757136482a98,The Book of Life,,C,2014,95,A,"The film references the ""candle scene"" of the Grimm fairytale “Godfather Death”
A character known as the Candlemaker shows the other characters traveling through the underworld a room full of candles. He explains that the flickering candles, all of different heights, will go out when a person dies. He points to some that have just been snuffed, their smoke tendrils rising in the air.
https://en.wikipedia.org/wiki/Godfather_Death 
",True
4372,c33f0883-5fc8-478c-b22f-9fe8edad0f15,Schneewittchen,"Simsala Grimm - Die Märchen der Brüder Grimm, Snow White, The Fairy Tales of the Brothers Grimm",C,2000,25,A,Included link to episode and to series,True
4374,f2988674-59d2-4746-9b05-9c733caec072,The Adventures of Sinbad,,C,1950,79,A,,True
4375,f769cce0-b1d0-4015-9db2-c207b978f31d,Goldilocks and the Three Bares,,C,1963,69,L,,True
4376,278c69cc-7b43-4a5f-9caf-b5cdcb675785,Alice Through the Looking Glass,,C,1966,72,L,,True
4377,356dff60-434e-4f05-bfcb-1672c0b8e3cf,Un monstre à Paris,A Monster in Paris,C,2011,90,A,,True
4378,3a7fca36-87a8-402c-817c-02d119fc69bd,Der Krieger und die Kaiserin,The Princess and the Warrior,C,2000,135,L,,True
4379,154b1cd8-6283-4a77-8739-da790b621917,The Marzipan Pig,,C,1990,30,A,"http://www.michaelspornanimation.com/splog/?p=3184 ",True
4380,9c3af3fb-d002-4ce7-a496-9e1d29264146,Le chat du rabbin,The Rabbi's Cat,C,2011,100,A,,True
4381,45df1401-a4a4-4fba-bfa8-6dcb85e7c2bd,Алые паруса,"Alye parusa, Scarlet Sails",C,1961,88,L,,True
4382,349c118a-c1d6-4248-943d-133fc9f221d2,The Tale of Tillie's Dragon,,C,1995,44,A,,True
4383,c3821e3c-5fd1-41e7-afdb-f739197623be,Der Teufel mit den drei goldenen Haaren,"Simsala Grimm - Die Märchen der Brüder Grimm; The Devil's Three Golden Hairs, The Fairy Tales of the Brothers Grimm",C,1999,25,A,,True
4384,48200d69-764a-4298-ac50-17f36e61115c,Die sechs Schwäne,"Simsala Grimm - Die Märchen der Brüder Grimm; The Six Swans, The Fairy Tales of the Brothers Grimm",C,2000,25,A,,True
4385,b6aedaa1-c221-4956-a0f2-f8c2980a5efc,Das blaue Licht,"Simsala Grimm - Die Märchen der Brüder Grimm; The Blue Light, The Fairy Tales of the Brothers Grimm",C,2000,24,A,,True
4386,504b3885-b746-4506-ac6f-012fd67502ea,Die Kristallkugel,"Simsala Grimm - Die Märchen der Brüder Grimm, The Crystal Ball, The Fairy Tales of the Brothers Grimm",C,2000,24,A,,True
4387,03380b32-d647-4292-9c7a-01eec35efaf7,Tischlein deck dich,"Simsala Grimm - Die Märchen der Brüder Grimm, Table Set Yourself, The Fairy Tales of the Brothers Grimm",C,2000,24,A,,True
4388,7b2679c8-dbb2-4293-ad68-00791381f8f0,Die Bremer Stadtmusikanten,"Simsala Grimm - Die Märchen der Brüder Grimm, The Bremen Town Musicians, The Fairy Tales of the Brothers Grimm",C,2000,24,A,,True
4389,ef899e71-671f-4ff2-969e-e31387ba49bc,Der Wolf und die sieben Geißlein,"Simsala Grimm - Die Märchen der Brüder Grimm, The Wolf and the Seven Little Kids, The Fairy Tales of the Brothers Grimm",C,1999,23,A,,True
4390,093a3435-8f26-425b-8bca-33e08102d207,Die Gänsemagd,"Simsala Grimm - Die Märchen der Brüder Grimm, The Goosemaiden, The Fairy Tales of the Brothers Grimm",C,2000,25,A,,True
4391,234b50b4-91cb-4f7c-a849-da67ba80f117,Rotkäppchen,"Simsala Grimm - Die Märchen der Brüder Grimm, Little Red Riding Hood, The Fairy Tales of the Brothers Grimm",C,2000,25,A,,True
4392,b0c29114-8349-44d5-9df3-b5715218dcdb,Brüderchen und Schwesterchen,"Simsala Grimm - Die Märchen der Brüder Grimm, Brother and Sister, The Fairy Tales of the Brothers Grimm",C,1999,25,A,,True
4393,0813244f-e23a-403a-8b27-28a132ea6ba5,"Märchen von einem, der auszog, das Fürchten zu lernen","Simsala Grimm - Die Märchen der Brüder Grimm, The Meaning of Fear, The Fairy Tales of the Brothers Grimm",C,1999,25,A,,True
4394,ab00da1b-a8d6-4b20-b4ad-356ab49fa029,Der Froschkönig,"Simsala Grimm - Die Märchen der Brüder Grimm, The Frog King, The Fairy Tales of the Brothers Grimm",C,2000,25,A,,True
4395,c7adeed0-01c8-486b-b053-0a752a3ba8ba,Die Gänsehirtin am Brunnen,"Simsala Grimm - Die Märchen der Brüder Grimm, Two Princesses, The Fairy Tales of the Brothers Grimm",C,2000,25,A,,True
4396,df038f70-fcd1-4ab0-9e83-82307a599ac4,Dornröschen,"Simsala Grimm - Die Märchen der Brüder Grimm, The Sleeping Beauty, The Fairy Tales of the Brothers Grimm",C,2000,25,A,,True
4397,699f1be0-3767-49ed-8616-751d630e569f,Das tapfere Schneiderlein,"simsala Grimm - Die Märchen der Brüder Grimm, The Valiant Little Tailor, The Fairy Tales of the Brothers Grimm",C,1999,24,A,,True
4398,cdca44a5-378c-42b7-96b7-23306497e338,Rumpelstilzchen,"Simsala Grimm - Die Märchen der Brüder Grimm, Rumpelstiltskin, The Fairy Tales of the Brothers Grimm",C,1999,24,A,,True
4399,0332b85d-2ba9-4912-9e4b-99e2e47dc2a3,Die sechs Diener,"Simsala Grimm - Die Märchen der Brüder Grimm, The Six Servants, The Fairy Tales of the Brothers Grimm",C,1999,25,A,,True
4400,b2663ac3-7014-4052-98b8-8a16efa95b91,Rapunzel,"Simsala Grimm - Die Märchen der Brüder Grimm, Rapunzel, The Fairy Tales of the Brothers Grimm",C,1999,24,A,,True
4401,f43d511c-0ef8-43dd-967b-93303ca81f7a,Der Meisterdieb,"Simsala Grimm - Die Märchen der Brüder Grimm, The Master Thief, The Fairy Tales of the Brothers Grimm",C,1999,24,A,,True
4402,e706dcd0-93a4-4ceb-8ed6-7c2ce1087c14,Der gestiefelte Kater,"Simsala Grimm - Die Märchen der Brüder Grimm, Puss in Boots, The Fairy Tales of the Brothers Grimm",C,1999,25,A,,True
4403,d3b6f32b-4c8f-4ed5-bd58-aa76c5489753,König Drosselbart,"Simsala Grimm - Die Märchen der Brüder Grimm, King Thrushbeard, The Fairy Tales of the Brothers Grimm",C,1999,24,A,,True
4404,1ed8a83f-5ce9-45d9-aab8-ddbc8c65aa9c,Aschenputtel,"Simsala Grimm - Die Märchen der Brüder Grimm, Cinderella, The Fairy Tales of the Brothers Grimm",C,2000,25,A,,True
4405,cd41987f-f629-4783-be10-a1a0b8575d76,Der treue Johannes,"Simsala Grimm - Die Märchen der Brüder Grimm, Faithful John, The Fairy Tales of the Brothers Grimm",C,2000,25,A,,True
4406,47048851-9bc7-4c15-8b13-9dd92a8e2bb2,Der Däumling,"Simsala Grimm - Die Märchen der Brüder Grimm, Tom Thumb, The Fairy Tales of the Brothers Grimm",C,1999,25,A,,True
4407,0cd56352-ccf1-481b-aea2-091e64f7c81e,The Gruffalo's Child,,C,2011,27,A,,True
4408,2856dfdc-6212-440f-a042-f1097b01d7b7,The Worst Witch,,C,1986,70,L,,True
4409,921fbb76-a2a5-4d59-944c-5039222dae81,Gwoemul,The Host,C,2006,120,L,,True
4410,9895c05d-d31d-421d-acc6-8ebf50324b48,The Gruffalo,,C,2009,27,A,,True
4411,c6b87465-192f-41b5-a7a1-f0dceeb85675,Zarafa,,C,2012,78,A,,True
4412,45fd0079-d367-447c-bbd2-3a3c8788eee7,Fishtales,,C,2007,94,L,,True
4413,9076300a-8947-4b36-b104-536d56cd8a82,The Snow Queen,Stories from My Childhood,C,1998,30,A,,True
4414,40802feb-0e99-4a38-b781-04344649da45,The Wild Swans,Stories from My Childhood,C,1998,30,A,,True
4415,b49f6a8d-4090-448d-a594-01f59336ba0c,Cinderella & The House on Chicken Legs,Stories from My Childhood,C,1998,23,A,,True
4417,74d16f9e-1b73-4377-9d4a-c8e11d89d57e,The Twelve Months & The Snow Girl,Stories from My Childhood,C,1998,61,A,,True
4418,4e093493-5b94-4625-815a-8d8403261ab8,The Last Petal,Stories from My Childhood,C,1998,22,A,,True
4419,b1ed39f7-2153-4fb8-ad14-f70f37407d9c,When Wishes Come True,Stories from My Childhood,C,1998,22,A,,True
4421,d301fa33-5844-45b0-9285-5061420a1a24,Shchelkunchik,"The Nutcracker, Stories from My Childhood",C,1998,24,A,,True
4422,eb831c4a-1a9f-4c76-b87d-20f6f49f8639,The Prince and The Swan,Stories from My Childhood,C,1998,41,A,,True
4423,4621dfc2-bd8f-4015-975f-930ba57d3d1a,The Golden Rooster,Stories from My Childhood,C,1998,22,A,,True
4424,2898032c-2606-41f9-928b-40dbf1485c0c,The Princess and the Simpleton,Fairy Tales from Far Off Lands,C,1994,,A,"I put the year in as 1994 as that's the date of re-release. I couldn't find the original year. ",True
4425,2dfb46e1-7c0b-4995-87a8-9a8817991450,The Thief and the Cobbler,The Princess and the Cobbler; Arabian Knight,C,1995,90,A,"Technically released as three different versions: The Thief and The Cobbler (1992 work print, unfinished, original version); The Princess and the Cobbler (1993, Allied Filmmakers release); and ""Arabian Knight"" (1995, Miramax release) ",True
4426,23d51a4a-92ac-4b96-bdbe-cb6f8c9ac2b8,Cherry of Zennor: A Cornish Fairy Tale,,C,2009,,L,,True
4428,ab86ea06-ddc6-4454-91dd-6b70fd480e62,Snow-White and Rose-Red,,C,2010,38,L,,True
4429,52809cc6-bc1f-4905-a617-5d2a6f4ca403,Il Decameron,The Decameron,C,1971,111,L,,True
4430,f2d55647-1e4b-4728-9ca0-c5d17f8420da,La piel que habito,The Skin I Live In,C,2011,120,L,,True
4432,d521e3ff-b539-4b4d-80ff-cadbce87789e,Beautiful Thing,,C,1996,90,L,,True
4433,3a7afd4c-711d-45da-92e4-8a0356e62817,Puss in Boots,Happily Ever After: Fairy Tales for Every Child,C,1997,28,A,,True
4434,860ee01c-64a4-4ad1-a44c-52798403a15c,Khelmarjve ostatis tavgadasavali,Adventures of Samodelkin; Приключения Самоделкина,C,1957,8,A,,True
4435,3b5f6117-d250-4ded-b056-194b23c24dd9,After the Beep,,C,1959,8,A,,True
4436,c6fb6258-27c2-43de-a9b0-d01c64dcebea,Self - Made Athlete,Samodelkin - Sportsman,C,1962,23,A,,True
4437,99586dbb-6f04-4ef9-beec-1f28b66e02eb,Samodelkin in Space,,C,1971,10,A,,True
4438,a9bafe39-c987-45f9-b281-8de931913d1e,Samodelkin Under Water,,C,1977,10,A,,True
4439,b86fb53d-8194-4bff-825d-0e2d503f1927,Samodelkin at the Exhibition,,C,1980,10,A,,True
4440,ce3fc442-6a70-44f1-b234-55d57e7e80a8,Gift of Samodelkin,Samodelkin's Gift,C,1983,10,A,https://www.animator.ru/db/?ver=eng&p=show_film&fid=4149,True
4442,687e8d59-701f-4f1a-a05c-447cbb34871d,"Charivnyi Gorokh ","Чарівний Горох, Magic Peas",C,2008,12,A,"Based on the Ukrainian folk tale ""Kotygoroshko"" .
https://www.youtube.com/watch?v=jadLWDqH4NE

https://uk-m-wikipedia-org.translate.goog/wiki/%D0%A7%D0%B0%D1%80%D1%96%D0%B2%D0%BD%D0%B8%D0%B9_%D0%B3%D0%BE%D1%80%D0%BE%D1%85_(%D0%BC%D1%83%D0%BB%D1%8C%D1%82%D1%84%D1%96%D0%BB%D1%8C%D0%BC)?_x_tr_sl=uk&_x_tr_tl=en&_x_tr_hl=en&_x_tr_pto=sc",True
4443,28868d4b-a82f-4452-bca9-3dd8f448436d,Babai,Бабай,C,2014,70,A,"https://en.wikipedia.org/wiki/Nikita_the_Tanner
Gorynych the Snake (???? ???????) featured in Ukraine's Ukranimafilm's 2014 animated film, Babai.",True
4445,a7ae9ebe-429a-4391-a3db-a398efa05f4b,Koza-Dereza,"Dereza the Goat, Goat-Dereza, Коза Дереза",C,1995,8,A,,True
4446,28e79945-22c7-45eb-a6ee-fedd8514a8c8,Kop and Shtyk - Adventurous Moles,"Коп і Штик - Завзяті Кроти ",C,2006,10,A,"https://www.youtube.com/watch?v=IQxn5BA8Ex0
",True
4447,5a725d14-d4b9-4eac-b71b-7e0c1ed6bb1c,The Tale of the Goddess Mokosha,"Fairy Tale of Mokosha Goddess, Казка Про Богиню Мокошу",C,1995,9,A,"Wikipedia says it's based on works by Sergiy Plachinda
https://www.youtube.com/watch?v=uj0jqFp7gH8 ",True
4448,840fa03f-edc9-4ce8-9ce2-8dea499929f5,Kruhlyachok,"Круглячок, Round the Clock",C,1992,8,A,"https://popkult.org/kruglyachok/
https://www.youtube.com/watch?v=xOgBgRaRXOE",True
4449,a034b729-4d27-494f-8234-76da2a238fae,Lisichka so skalochkoy,"Lysychka z kachalkoyu, Fox with the Rolling Pin, Лисичка со скалочкой",C,1977,10,A,"Dir credited on IMDB as Boris Khranevich
https://youtu.be/ZgsuRjb_cqU",True
4450,32b2a5a1-649d-47e9-858b-ad46b3f69fa3,Ivasik-telesik,"Івасик-Телесик, Ивасик-телесик",C,1968,10,A,,True
4451,f2dff53c-0073-415c-9112-de119fc1723e,Ivasik-Telesik,"Ivasyk Telesyk, Івасик-Телесик",C,1989,9,A,https://www.youtube.com/watch?v=e4hFZBOkE9w,True
4452,9be6b176-1aee-4c14-beca-2fa4d32d8250,Der gefärbte Fuchs,"Krasheniy lis, The Painted Fox, Фарбований лис",C,1953,10,A,https://www.youtube.com/watch?v=E2ru4lZ79d4,True
4453,f872bae3-469b-4b3e-98ff-38b242b9ee13,Lys i drizd,"Fox and Thrush, Лис і дрізд",C,1982,8,A,https://www.youtube.com/watch?v=73YOEqz0lok,True
4454,e241a056-4aae-40ab-aabd-0267962c7a35,Kotyk ta Pivnyk,"Cat and Rooster, Котик та Півник",C,1991,10,A,https://www.youtube.com/watch?v=6KoIWlxiMrs,True
4455,24daaaaa-5629-4e41-bf17-743e7e8a8bbb,Słomiany byczek,"A Bull from Straw, Солом’яний бичок",C,1954,10,A,"https://www.youtube.com/watch?v=XltpjqYl070
https://www.youtube.com/watch?v=cCQwqBgmB6s",True
4457,91f89e9a-7e4f-44d9-812f-33b635cae779,Zayats i yozh,"Hare and Hedgehog, Заєць та їжак",C,1963,10,A,"https://www.youtube.com/watch?v=6sJkwpiIj78
https://www.youtube.com/watch?v=30cqJVjSMF8
https://www.youtube.com/watch?v=AszmVXzQq5c",True
4458,92a997b0-f22c-4fd3-9a89-5c56d5d9e91d,Chudesnyy kolokolchik,"A Little Wonderbell, The Magic Bell, Чарівний Дзвіночок",C,1949,19,A,https://www.youtube.com/watch?v=sRyyst67EYM,True
4459,1c99287d-5f51-4de8-b982-028f2d9cfafd,Sarmiko,Сарміко,C,1952,20,A,https://www.youtube.com/watch?v=_ZvBo_rcYFw,True
4460,b3d4ae51-450c-4415-8d6d-84fd84ad412f,A Tale of Greed,Казка про жадність,C,1976,8,A,https://www.youtube.com/watch?v=rHqyikvpKTY,True
4461,800c88ea-7bae-4edb-8ce7-c0c2300d25fc,The Goat-Kid and His Grief,Козлик та Його Горе,C,1976,9,A,https://www.youtube.com/watch?v=JVk23pZl_P8,True
4462,50c24310-0395-456c-846f-2b516548435e,Dostrybny do khmarynky,"Jump to the Clouds, Дострибни До Хмаринки ",C,1988,7,A,"https://www.youtube.com/watch?v=6fr31nEmob0
https://www.youtube.com/watch?v=s-Zca2E2FjI
https://www.youtube.com/watch?v=k6BjJGFIlT0",True
4463,1bb8c64f-13f2-4d7c-a2e2-a79dba39b3cf,Nekmitlyvyy horobets',"Light-Hearted Sparrow, Awkward Sparrow, Некмітливий Горобець",C,1970,10,A,"https://www.youtube.com/watch?v=5zAWJg2i_zI
",True
4464,a400648a-d40a-448e-a238-617d8dcde735,Nikudyshko,"Nowhere, Нікудишко",C,1977,9,A,"https://www.youtube.com/watch?v=Amb9xQEPNHw
https://www.youtube.com/watch?v=bnCLJQv1clY",True
4465,446723df-ce32-4491-948d-0091f7b03557,Yak Petryk Pyatochkin slonykiv rakhuvav,"How Petryk Pyatochkin Counted Elephants, Як Петрик П'яточкін Слоників Рахував",C,1984,10,A,"https://www.youtube.com/watch?v=z1gul74YRZo
https://www.youtube.com/watch?v=anrZcNjc2cw
https://www.youtube.com/watch?v=MfYCHoI8uy4
",True
4466,88a42b0a-7c4c-4ea8-b8ef-4264e8731f74,Pro Vsikh na Sviti,"About Everyone in the World, Про Всіх на Світі",C,1984,10,A,"https://www.youtube.com/watch?v=rLh_92IJRdg
https://www.youtube.com/watch?v=k-kGBBMx6m0
https://www.youtube.com/watch?v=mtkHupTbct0
https://www.youtube.com/watch?v=tqy9yMiLkQs
",True
4467,bd069904-8403-4ed8-b625-f29957bce83f,Divchynka ta Zaytsi,"Girl and Bunnies, Дівчинка та Зайці",C,1985,9,A,"https://www.youtube.com/watch?v=3qgCGQ5tBAE
https://www.youtube.com/watch?v=sNQ-mR4hT6M
",True
4469,3731dbdd-bd24-40da-8080-72b73a01c6fd,Kapitoshka,Капітошка,C,1980,8,A,"ttps://www.youtube.com/watch?v=ayuK_ZurQ20
https://www.youtube.com/watch?v=EGzTvRQLtYU
https://www.youtube.com/watch?v=No50e_zX8DQ
",True
4470,9ba6a2ce-322a-41fe-b216-7feb0b50717f,"Vozvrashaisya, Kapitoshka!","Come Back, Kapitoshka!, Повертайся, Капітошко!",C,1989,10,A,"https://www.youtube.com/watch?v=8dI-DcILqY0
https://www.youtube.com/watch?v=hEtLvU6iTXg",True
4472,07d656bb-3eb8-477a-a45f-5e6b9def4359,Pan Kotsky,"Scary Beast, A Terrible Beast, Пан Коцький, Страшний звір",C,1969,,A,"Based on the Ukrainian folk tale ""Pan Kotsky"" (Mister Cat)
Duration unknown",True
4473,79922b32-8c5f-4aaa-be1a-3f1deee8b889,"Мишеня, яке хотіло бути схожим на людину",A Mouse That Wanted to Be Human,C,1973,9,A,,True
4474,86c7f3fa-4c0a-4cb9-8124-a96e2ccf196b,Gretel & Hansel,Gretel and Hansel,C,2020,87,L,,True
4475,513ff11d-d81c-4a62-9ca7-23683fe21356,Priklyucheniya Nesterki,"Nesterka, Нестерка",C,2013,52,A,"https://popkult.org/nesterka/
https://www.youtube.com/watch?v=pPTzs145WRU
",True
4476,3ebe1162-b6a0-4ace-b671-2c13e59f551c,"Пра рыцара, што нікога не баяўся ",About a Fearless Warrior,C,1991,10,A,https://www.youtube.com/watch?v=kDkCPxTQAGc,True
4477,ecb2ab74-e661-4319-9f17-720bc0d18ac7,Дзед,"Dzied, Grandfather",C,2014,7,A,"Origin: Belarusian folklore
https://www.youtube.com/watch?v=pbRqV9jYEWA",True
4478,9540f2f2-d746-4ed4-b94d-7d4b50f08363,Pilipka,Піліпка,C,2012,6,A,https://youtu.be/mQjkqgQua5g,True
4480,7e95b581-8ac6-4a7a-9356-4a5492d3e5bc,Anastasia,,C,1997,94,A,"https://family.20thcenturystudios.com/movies/anastasia
",True
4482,fdea7683-2055-4ff7-83c8-f415d4303959,The Pagemaster,,C,1994,80,M,,True
4484,91ff4f26-02c4-485b-97f1-e567ab381871,On - drakon,"I Am Dragon, He's a Dragon, Он - дракон",C,2015,110,L,"http://bazelevs.ru/movie/dragon/
",True
4485,1c952bf9-54c1-4898-86af-a170b7e79900,Little Miss Perfect,,C,2016,82,L,"http://www.littlemissperfectmovie.com
https://www.facebook.com/littlemissperfectmovie
https://www.instagram.com/LMPMovie/
https://twitter.com/LMPMovie",True
4486,1da09fd3-abad-42c0-ab2b-41271ce7da3a,Skazka o chudesnom doktore,"The Tale of a Wonderful Doctor, Казка про чудесного доктора",C,1979,9,A,,True
4487,ec1f819f-372c-491e-9504-be1725d1da7b,Staryy sapozhnik,"Old Shoemaker, Старий швець",C,1987,10,A,"https://www.youtube.com/watch?v=o6FCLoKsiUo
https://www.youtube.com/watch?v=acJ4DoWsvRQ
https://www.youtube.com/watch?v=7XU1gD9J7_g

IMDB says origin is a story by S. Mkrtchyan, ""The Oldest Bootmaker"" or ""The Oldest Shoemaker""",True
4488,f511c47f-f786-4539-a8ea-8154532e935d,Witch and Switch,A Walnut Switch; Fairy Tales from Far Off Lands,C,1955,17,A,"I can't identify this one. Kalin Gruya also named.  1993 is the year of the DVD.  Kind of Hansel & Gretel, kind of Household of the Witch.  Zipes says 1955",True
4489,bedf579c-5978-4adc-bc00-829fa15b300e,Fatal Footsteps,,BW,1926,22,L,,True
4490,4928400c-1283-45e2-8549-fad58f41fbce,Le prince Azur,,BW,1908,,U,"Don't know if it's animated, probably.  Guessing here.
AM: changed it to unknown, just because. ",True
4491,a3d9da2f-a690-4687-a474-15beb7599c4f,Blanche comme neige,,BW,1908,,A,,True
4492,063cc8e6-a61a-4369-acb2-fa53c2414889,A Cinderella Story: Christmas Wish,,C,2019,85,L,,True
4493,44d544fa-d507-46c9-91a4-70c21483f327,Son of Alladin,Son of Aladdin,C,2003,,A,,True
4494,8377c225-e2de-416a-9303-d526c3f7e2e0,Aladdin and His Lamp,,C,1952,67,L,,True
4495,3bd67f05-3ac2-4e68-8e36-e0e43a1af461,Adam Green's Aladdin,,C,2016,82,L,,True
4496,076bb487-4eb9-457b-9d4e-6943ee824d9a,Chu-Chin-Chow,,BW,1923,120,L,,True
4497,a36e80ee-72bd-420b-ad70-92ba9f5ff4b2,Chu Chin Chow,Chu-Chin-Chow,BW,1934,103,L,,True
4498,95a85f83-e5e9-4685-855d-ed61fcc37510,Alibabhavum Narpathu Thirudargalum,"Alibabavum 40 Thirudargalum, Alibaba and the 40 Thieves",C,1956,160,L,https://www.youtube.com/watch?v=e-9hIe8EtP4,True
4499,1069cf27-1d5f-4de7-8fbc-914ca896af88,Zolushka,"Z'olushka, Zолушка, Cinderella, Zinderella",C,2012,87,L,"Director is Anton Bormatov, credited as Sergey Ivanov
",True
4500,ff2a93e2-5b33-42c2-9a6e-9d366df900d4,Tales of Halloween,Ding Dong,C,2015,92,L,"The segment ""Ding Dong"" references Hansel & Gretel
Credits listed in this entry are for ""Ding Dong"" only, so I've included ""Ding Dong"" as an alternate title",True
4501,834f2031-b06f-4690-bd16-4c5d4876109a,El gato con botas,Puss in Boots,C,1961,90,L,Manuel San Fernando credited as director of English version,True
4502,6758066e-2a77-4b64-8be0-abd5bf156cfe,Tangled Ever After,,C,2012,6,A,,True
4503,be2656f1-0ab3-418e-a0e3-700209985cbf,Sinbad: soratobu hime to himitsu no shima Part 1,Sinbad: The Flying Princess and the Secret Island Part 1,C,2015,50,A,"Credits are for the English-dubbed version (the one on IMDB); more info at: https://en.wikipedia.org/wiki/Sinbad_(film_series) ",True
4504,32ec2819-b630-48f4-85c1-2e405789d37d,Sinbad: soratobu hime to himitsu no shima Part 2,"Sinbad: The Flying Princess and the Secret Island Part 2, Sinbad: The Magic Lamp and the Moving Islands",C,2016,49,A,"Credits are for the English-dubbed version (the one on IMDB); more info at: https://en.wikipedia.org/wiki/Sinbad_(film_series) ",True
4505,0f8719ac-153a-4fb0-a437-52e6f68d968b,Sinbad: soratobu hime to himitsu no shima Part 3,"Sinbad: The Flying Princess and the Secret Island Part 3, Night at High Noon and the Wonder Gate ",C,2016,51,A,"Credits are for the English-dubbed version (the one on IMDB); more info at: https://en.wikipedia.org/wiki/Sinbad_(film_series) ",True
4506,7cd2891d-6e83-4d4e-952a-372c6147d890,Dai tozoku,The Lost World of Sinbad,C,1963,96,L,Samuel Z. Arkoff and James H. Nicholson produced the English version,True
4507,8ed57e02-8778-4578-85ca-2bb709c918b5,The Adventures of Sinbad,,C,2013,110,A,,True
4508,204a359b-5bb3-4ad8-9921-fcf3a93ddd23,Santa and the Ice Cream Bunny,,C,1972,96,L,Some of the credits are for archive footage from Thumbelina,True
4509,fb779edc-de39-4e22-84c5-50a0d5e36652,Den lille pige med svovlstikkerne,The Little Match Girl,BW,1953,11,L,,True
4510,11e9826b-1887-4eab-a602-652ed891c6ae,My Fairy Tail Love Story,,C,2018,115,L,,True
4511,78a41a98-aca5-4082-9e36-d536b84cf8db,The Little Mermaid,,C,2018,85,L,,True
4512,d027edae-47fe-4e89-8ab2-292b86bf85d6,Snezhnaya koroleva. Zazerkale,The Snow Queen 4: Mirrorlands,C,2018,80,A,,True
4513,9ff125b3-55c9-41f6-993a-0007598808e7,The China Shop,Silly Symphonies,C,1934,8,A,,True
4514,91d7e242-4a21-4cfc-91fb-5d942bc59354,Downhearted Duckling,Tom and Jerry,C,1954,6,A,,True
4515,59e69f62-28e5-48d1-af7d-d8456b3d53b9,Carevo novo ruho,"The King's New Clothes, The Emperor's New Clothes",C,1961,80,L,,True
4516,8887e234-d1e3-47aa-b220-fb93d7619256,The Emperor's New Clothes,,C,1966,,U,https://letterboxd.com/film/the-emperors-new-clothes-1966/,True
4517,2fd3d7c0-7277-4738-9fe5-20fea2230959,Sreca dolazi u 9,"Sreca dolazi u devet, Happiness Comes at 9 o'Clock",BW,1961,102,L,,True
4518,5db973cf-aa62-46d5-8594-a377cfa7ad77,Svinedrengen og prinsessen på ærten,The Pig Boy and The Princess and the Pea,C,1962,49,A,https://letterboxd.com/film/the-pig-boy-and-the-princess-and-the-pea/,True
4519,80e7bd57-a4f4-451a-9058-d122457c0af6,The Story of a Mother,,C,2010,18,L,,True
4520,3bc05a2a-bacb-4006-bd5d-8160c30fe3c2,Historien om en moder,The Story of a Mother,C,1979,52,L,,True
4521,6414e3fb-6657-4ec2-ba63-6671ec46baed,Stoikiy olovyannyy soldatik,"The Constant Tin Soldier, The Steadfast Tin Soldier, Сто́йкий оловя́нный солда́тик",C,1976,18,A,"Cast credits on IMDB are Aleksey Konsovsky and Sergey Tseyts, used the alternate spellings already on IFTF for previous entries",True
4522,32a0906a-c9d8-4b9a-a154-980ddf9e0583,The Wearing of the Grin,Looney Tunes,C,1951,7,A,,True
4526,e58e2e63-bd82-4b2a-8b61-9312d06a1fb3,Disney Princess Enchanted Tales: Follow Your Dreams,,C,2007,56,A,"Features ""Keys to the Kingdom"" (Aurora/Sleeping Beauty) and ""More than a Peacock Princess"" (Jasmine/Aladdin)",True
4527,c6647ef6-a228-4603-8019-706ef2c061e3,Red Shoes and the Seven Dwarfs,,C,2019,92,A,"Moo-Hyun Jang and Young Sik Uhm credited as co-directors
",True
4529,b4e4af5c-5e57-474b-811d-a2c0679dd1d1,Yankee Dood It,Merrie Melodies,C,1956,8,A,,True
4530,9befbf91-ce9f-47b2-8565-62fe5f0788ea,Yaga. Koshmar tyomnogo lesa,Baba Yaga: Terror of the Dark Forest,C,2020,97,L,"Nathalia Hencker credited as director for the English version
",True
4531,f3e5c8a8-ce80-4640-9160-7be770dd0db9,Wonderland,,BW,1931,7,A,https://www.bcdb.com/cartoon/2803-Wonderland,True
4532,1938e36a-cd13-4576-b0d5-2a14241607e5,Tom and Jerry's Giant Adventure,,C,2013,57,A,,True
4533,c558685a-ff0e-4a05-82fb-2e117c68aca8,Jack the Giant Killer,,C,2013,87,L,‘Mockbuster’ of “Jack the Giant Slayer” (2013),True
4534,cece4e80-a1f4-42bb-8836-c61f841be09b,Nagagutsu o haita neko: Hachijû nichikan sekai isshû,Puss 'N Boots Travels Around the World,C,1976,68,A,Producer credited is for the US version,True
4535,74504ec5-7fe3-4642-9d6e-8ecf60c2b622,Nagagutsu sanjûshi,Three Musketeers in Boots,C,1972,53,A,,True
4536,65d448a9-fc68-4c51-a43b-fbf78387e541,Arajin to mahō no rampu,"Aladdin and the Wonderful Lamp, Allavudeenum Arputha Vilakkum, Alladdin Ka Chirag",C,1982,65,A,Tsubonou Katsuhiro also credited for music as Katsuhiro Tsubonô,True
4537,07f1f3d4-f0ae-46a9-aa9c-aa749bafed23,Sekai meisaku dôwa: Hakuchô no mizûmi,Swan Lake,C,1981,72,A,,True
4538,b970ce1f-a53f-4498-8936-dc7a0d2691a7,Sekai meisaku dôwa: Hakuchou no ouji,The Wild Swans,C,1977,62,A,Yasuko Miyazaki credited as Tomoe Ryû also,True
4539,00a74e76-3a1b-4c50-87e7-7f09805bb7a0,Oyayubihime,Thumbelina,C,1978,65,A,,True
4540,f9aa9031-519c-43d5-ab2e-d0e41b6dba6b,Ari-Baba to yonjuppiki no tozoku,Ali Baba and the Forty Thieves,C,1971,55,A,,True
4541,58b2e253-fb0f-4f40-b02b-b1882ab0a7b4,Himitsu no Akko-chan,Akko's Secret,C,2012,120,L,,True
4542,09f4f6ce-1c16-4e53-91a3-6016204a6cba,Gegege no Kitarô: Sennen noroi uta,Kitaro and the Millennium Curse,C,2008,119,L,"Features the yokai, demons/supernatural beings in Japanese folklore ",True
4543,c356f46c-8c6f-4466-831c-727331776bb5,Gegege no Kitarô,Kitaro,C,2007,,L,"Features the yokai, demons/supernatural beings in Japanese folklore
Based on stories depicted in the original Kitaro manga by Shigeru Mizuki",True
4544,c1daea03-ee9e-409e-95f8-ac6b0a3390e4,Gegege no Kitarô,,BW,1968,46,A,"Based on Shigeru Mizuki's manga and anime franchise GeGeGe no Kitaro
Features the yokai, demons/supernatural beings in Japanese folklore",True
4545,76788106-ca26-4975-828e-0f7a38674656,Gekijô ban Gegege no Kitarô: Nippon bakuretsu,"GeGeGe no Kitarō: Japan Explodes!! ",C,2008,75,A,"https://www.animenewsnetwork.com/encyclopedia/anime.php?id=9865
https://gegegenokitaro.fandom.com/wiki/GeGeGe_no_Kitaro:_Nippon_Bakuretsu!!

Based on Shigeru Mizuki’s manga and anime franchise GeGeGe no Kitaro
Features the yokai, demons/supernatural beings in Japanese folklore
Accompanied by a short, GeGeGe Matsuri da!! Gonin Kitaro (???????!!?????, GeGeGe Festival! The Five Kitaros).
",True
4546,ded2a387-46dc-495e-acbc-f36288e18d68,Gegege no Kitarō: Daikaijū,"GeGeGe no Kitarō: The Great Sea Beast, GeGeGe no Kitarō: The Giant Sea Monster",C,1996,50,A,"https://www.animenewsnetwork.com/encyclopedia/anime.php?id=3698 
https://gegegenokitaro.fandom.com/wiki/GeGeGe_no_Kitaro:_Dai-Kaiju

Based on Shigeru Mizuki’s manga and anime franchise GeGeGe no Kitaro
Features the yokai, demons/supernatural beings in Japanese folklore
",True
4547,6122ac8e-8335-4a50-80ff-4bdb24529ff3,Gegege no Kitarō: Obake Nighter,GeGeGe no Kitarō: Ghost Night Game,C,1997,30,A,"https://www.animenewsnetwork.com/encyclopedia/anime.php?id=3699
https://gegegenokitaro.fandom.com/wiki/GeGeGe_no_Kitaro:_Obake_Nighter

Based on Shigeru Mizuki’s manga and anime franchise GeGeGe no Kitaro
Features the yokai, demons/supernatural beings in Japanese folklore
",True
4548,87b218c2-ca0f-48ae-ab20-f8b5cb100b00,Gegege no Kitarō: Yōkai Tokkyū! Maboroshi no Kisha,GeGeGe no Kitarō: Yokai Express! The Phantom Train,C,1997,24,A,"https://www.animenewsnetwork.com/encyclopedia/anime.php?id=3700
https://gegegenokitaro.fandom.com/wiki/GeGeGe_no_Kitaro:_Yokai_Tokkyu!_Maboroshi_no_Kisha

Based on Shigeru Mizuki’s manga and anime franchise GeGeGe no Kitaro
Features the yokai, demons/supernatural beings in Japanese folklore
",True
4549,969e619a-95cd-40c7-8a84-93cafd35d875,GeGeGe no Kitarō,"Gegegenokitarō yōkai gundan, GeGeGe no Kitarō: The Yokai Army ",C,1985,24,A,"https://www.animenewsnetwork.com/encyclopedia/anime.php?id=3666
https://gegegenokitaro.fandom.com/wiki/GeGeGe_no_Kitaro_(1985_film)

Based on Shigeru Mizuki’s manga and anime franchise GeGeGe no Kitaro
Features the yokai, demons/supernatural beings in Japanese folklore
",True
4550,8aae0bb6-b284-48e2-8423-5b79958625b6,Gegege no Kitarō: Yōkai Daisensō,GeGeGe no Kitarō: The Great Yōkai War,C,1986,39,A,"https://www.animenewsnetwork.com/encyclopedia/anime.php?id=3857
https://gegegenokitaro.fandom.com/wiki/GeGeGe_no_Kitaro:_Yokai_Dai-Senso

Based on Shigeru Mizuki’s manga and anime franchise GeGeGe no Kitaro
Features the yokai, demons/supernatural beings in Japanese folklore",True
4551,b7de1dbc-ee6e-46b1-9ac7-4c8f1b5fc5f7,GeGeGe no Kitarō: Saikyō Yōkai Gundan! Nippon Jōriku!!,GeGeGe no Kitarō: The Strongest Yōkai Army Comes to Japan!!,C,1986,49,A,"https://www.animenewsnetwork.com/encyclopedia/anime.php?id=3664 
https://gegegenokitaro.fandom.com/wiki/GeGeGe_no_Kitaro:_Saikyo_Yokai_Gundan!_Nippon_Joriku!! 

Based on Shigeru Mizuki’s manga and anime franchise GeGeGe no Kitaro
Features the yokai, demons/supernatural beings in Japanese folklore",True
4552,49bcd037-f6f9-4ae1-8fdb-2587725cad9f,GeGeGe no Kitarō: Gekitotsu!! Ijigen Yōkai no Dai-Hanran,"GeGeGe no Kitarō: Duel!! The Great Inter-Dimensional Yōkai Uprising, GeGeGe no Kitarō: Clash!! The Great Rebellion of the Dimensional Yokai",C,1986,48,A,"https://www.animenewsnetwork.com/encyclopedia/anime.php?id=3661
https://gegegenokitaro.fandom.com/wiki/GeGeGe_no_Kitaro:_Gekitotsu!!_Ijigen_Yokai_no_Dai-Hanran

Based on Shigeru Mizuki’s manga and anime franchise GeGeGe no Kitaro
Features the yokai, demons/supernatural beings in Japanese folklore",True
4553,a64bec06-7207-4417-a2a2-dfb8862caec6,GeGeGe no Kitarō: Chisōgan,,C,1980,12,A,"https://gegegenokitaro.fandom.com/wiki/GeGeGe_no_Kitaro:_Chisogan

Based on Shigeru Mizuki’s manga and anime franchise GeGeGe no Kitaro
Features the yokai, demons/supernatural beings in Japanese folklore",True
4554,c1e0c289-b361-4f99-9503-05fdac6a220d,Wanpaku ôji no orochi taiji,The Little Prince and the Eight-Headed Dragon,C,1963,86,A,,True
4555,a382bffa-7bac-440e-8190-ec036ba0dfcc,Caperucita roja,Little Red Riding Hood,BW,1947,69,L,,True
4556,a5e28a19-373e-486e-a6d2-7738f264f1f8,La caperucita roja,Little Red Riding Hood,BW,1947,,L,,True
4557,3bba188c-e2d3-4e25-932e-0bf0d3b14578,Eiga Sumairu Purikyua!: Ehon no Naka wa Minna Chiguhagu!,"Smile Pretty Cure!: Ehon no Naka wa Minna Chiguhagu!, Smile Pretty Cure! The Movie: Big Mismatch in a Picture Book!",C,2012,71,A,"In addition to Cinderella, references characters from Chinese and Japanese fairy tale and folklore: Issun-boshi, Sun Wukong, Urashima Taro and Momotaro. 
",True
4558,225f7368-1db0-44f6-b9d6-f3eab3a55ea3,Kékszakállú,Bluebeard,C,2016,72,L,,True
4559,6c26cbf4-fe0c-477b-b6b5-939d6cce39fe,A Rainy Day with the Bear Family,,C,1940,7,A,"The second entry in a three-cartoon series, it was preceded in 1939 by Goldilocks and the Three Bears and was followed by Papa Gets the Bird in 1940 (Wikipedia)",True
4560,9824157e-08f6-4419-b299-dd75f49e28f7,Papa Gets the Bird,,C,1940,8,A,"https://www.bcdb.com/cartoon/3050-Papa-Gets-The-Bird
The third installment of a three-cartoon series based on Goldilocks and the Three Bears, follows Goldilocks and the Three Bears (1939) and A Rainy Day with the Bear Family (1940)",True
4563,babaf2bc-e119-423c-b15b-3be9a30ec3a7,"Now, Hare This",,C,1958,7,A,,True
4564,845ee4ce-c6ae-4dd4-b2ee-b33063c51e50,Avengers Grimm: Time Wars,,C,2018,88,L,The film is a mockbuster of the Marvel Studios superhero film Avengers: Infinity War and the ABC TV series Once Upon a Time. It is a sequel to 2015's Avengers Grimm.(Wikipedia),True
4565,a81b791c-ebb1-4974-8b89-4f6b59c86247,Đeo lục-lạc cho mèo,Belling the Cat,C,2014,10,A,http://hoathinh.org.vn,True
4566,37dd991d-f833-4da6-887f-8f0a9e60fcc8,Barbie: A Fashion Fairytale,,C,2010,79,A,,True
4567,02a32187-f02b-44a9-b0a8-fe542b436acc,Dumb Bell of the Yukon,,C,1946,6,A,,True
4569,364748e2-4a7b-42b9-909e-042526bc8a4e,Pispisa Khanim ve Sichan bey,"Pıspısa xanım və Siçan bəy, Tig-Tig Khanim, Pispisa Khanum and Mouse Bey",C,1974,10,A,"Based on ""Tig-tig khanum"" by Abdulla Shaig, not sure of a corresponding ATU number",True
4570,5cc5c74b-0594-47c0-a070-7129370f0c0e,Pigs in a Polka,Merrie Melodies,C,1943,8,A,Parody of Three Little Pigs (1933) and Fantasia (1940),True
4571,f37e4fd0-ab83-4394-8f57-2e5b0eccecfb,Raja Ko Rani Se Pyar Ho Gaya,The King has Fallen in Love with the Queen,C,2000,148,L,"Mohan credited as producer, but I couldn't add a single name entry; he also goes by R. Mohan so I've added this as his credentials
As well, Sharreth credited for background score (music) and I had the same issue as above",True
4572,1107f731-a23a-4e04-964e-a6eaabeb4ce6,"The Swan Princess: Princess Tomorrow, Pirate Today!",,C,2016,81,A,,True
4573,cad722aa-41e0-45fd-a5ce-2fc0864ceac4,The Swan Princess: Royally Undercover,,C,2017,79,A,,True
4574,ef3df598-0e6f-4241-8376-032658b2288d,The Swan Princess: A Royal Myztery,,C,2018,79,A,,True
4575,3d5940f9-efa5-4f16-9a69-0f34f6d88482,The Swan Princess: Kingdom of Music,,C,2019,82,A,,True
4576,c813599d-8d60-4d4d-afcc-a7ad3fca8e2c,"Pro Fedota-streltsa, udalogo molodtsa","The Tale of Soldier Fedot, the Daring Fellow, Про Федота-стрельца, удалого молодца",C,2008,70,A,,True
4577,0d71fd33-b95d-4ab1-9a48-72eaf433759d,Novogodnie priklyucheniya Mashi i Viti,"New Year's Adventures of Masha and Vitia, New Year Adventures of Masha and Vitya, Новогодние приключения Маши и Вити",C,1975,71,L,,True
4578,5fb652e4-ed62-4a26-89d5-1779b858ffb3,Morozko,Father Frost,BW,1924,40,L,,True
4579,ff4f9a81-f01b-491b-869c-2f91b94249d6,Mariya-iskusnitsa,"The Magic Weaver, Maria the Weaver, Марья-искусница",C,1960,98,L,"Evgeniy Shvarts credited as writer on IMDB, spelling variation of credit on IFTF",True
4580,dbaa4e54-f866-464d-9fa6-f6dff73de561,Posledniy bogatyr,"The Last Knight, The Last Warrior, Последний богатырь",C,2017,114,L,,True
4581,3046f85b-e040-42db-946e-632a1d1c5fd7,Kniga masterov,"The Book of Masters, Книга Мастеров",C,2009,101,L,"The story is based on Russian fairy tales, such as ""The Stone Flower"" and other stories from The Malachite Casket collection.
https://en.wikipedia.org/wiki/The_Book_of_Masters",True
4582,84f19a87-48cb-4f06-899a-3f8d5cc205e5,Ivan Tsarevich i Seryy Volk 3,"Prince Ivan and the Grey Wolf 3, Ivan Tsarevich and the Gray Wolf 3, Иван Царевич и Серый волк 3",C,2016,76,A,,True
4583,d7c4e754-c597-45c9-b8fd-2d00cc8d736d,Tom & Jerry: Back to Oz,Tom and Jerry: Back to Oz,C,2016,81,A,,True
4584,f52c5e0d-906b-4ed2-8e1f-bce585da2cd7,"Tom and Jerry: Willy Wonka and the Chocolate Factory ",,C,2017,79,A,,True
4585,b24b5add-bff1-4fc7-b61f-23d788df41a1,Abby in Wonderland,Sesame Street: Abby in Wonderland,C,2008,45,M,,True
4586,523c7e73-0b87-4dc3-b5f7-89a890f60ef1,Ivan Tsarevich i Seryy Volk 4,"Ivan Tsarevich and the Grey Wolf 4, Prince Ivan and the Gray Wolf 4, Иван Царевич и Серый Волк 4",C,2019,75,A,http://ctb.ru/en/films/prince-ivan-and-the-gray-wolf-4/,True
4587,7fa127fc-7bf3-4370-8174-421b18b79b78,Fantastic Beasts: The Crimes of Grindelwald,Fantastic Beasts and Where to Find Them 2,C,2018,134,L,,True
4588,6d47c5e9-9e43-45b8-923e-80fcd8c2c395,Gwai ma kwong seung kuk,Fantasia,C,2004,103,L,,True
4589,96bbfca4-464d-4a71-8d1b-89a1aea36996,Not Cinderella's Type,Cinderella Love Story - A New Chapter,C,2018,97,L,,True
4590,143f53d8-b6b4-47a1-99d8-4f69fdf2d529,Cinderela Pop,DJ Cinderella,C,2019,95,L,,True
4591,14261173-0d33-40e8-a895-52a1fa92adb6,Cinderella,,C,2019,3,L,,True
4592,6d690948-df21-4d3d-b8f4-746a0a63c27e,Cinderelo,Cinderello,C,2017,91,L,,True
4593,83667028-0dad-4169-b2f9-b83c35aebe17,Cinderella,,C,2009,39,A,,True
4594,e0a20422-1a77-4619-8e32-3bf99007c94c,Cinderella,,C,2018,18,L,,True
4595,97ae37fd-9f6e-416d-b536-a58e10da6813,Cinderella,,C,2015,113,L,,True
4596,5c7653eb-3549-43f4-bee1-feadda891516,Cinderella's Hot Night,Cinderella Night,C,2017,80,L,,True
4597,1fbb16fd-f582-4a95-8fbe-490f0c892b1f,Cinderella,,C,2016,,L,https://www.famousfix.com/topic/cinderella-2016-short-film,True
4598,66fb1790-4b66-434b-8f20-99a4a47fc300,Cinderella,,C,2017,26,L,,True
4599,feef181a-f97e-4d01-8ce8-99ca0f3e9d45,Cinderella,,C,2021,,L,https://pbs.twimg.com/media/DrIj4SNVYAANaSX?format=jpg&name=large,True
4600,8ea8e4e0-2949-4288-9051-c3bbd9bff9a2,Cinderella,,C,2015,12,A,,True
4601,2da7e122-bcbb-4e97-ad11-6f16c4634d04,Cinderella,,C,2013,4,L,https://vimeo.com/165068918,True
4602,d1f62c67-6a47-4f6b-b92d-39138470a665,Cinderella part 2,,C,2016,,L,"More artists credited, but I kept it short: 
https://www.youtube.com/watch?v=pA3DcS6a-_4 ",True
4603,64113e44-0766-4b8b-9fee-0a73ea40d02a,Cinderella,,C,2018,26,L,https://embed.letterboxd.com/film/cinderella-2018/genres/,True
4604,bfdef900-dc47-44ce-bcf0-5e07a716aafa,Cinderella,,C,1995,130,L,,True
4605,fab3f7c8-6b7c-4ef7-9238-638b2998879e,Cinderella,,C,1995,87,A,,True
4606,cf535ca7-4e4e-4eba-a228-122f42be585f,Cinderella,,C,1974,,L,,True
4607,695df0c7-f22b-4800-bcf5-0e4cc157660f,Cinderella,,C,1992,48,A,,True
4608,e1e2c9d0-5e23-4221-a3ab-7a9e06dd2205,Cinderella,,C,2004,,L,,True
4609,f8922ce6-8b6a-4104-bafa-274d42665c7c,Killing Cinderella,,C,2000,,L,,True
4610,ff649536-dc5b-4476-a65a-be8ab517ea32,Cinderella,,BW,2009,,L,,True
4611,12656c96-9849-403f-9085-854bd3ce46ac,#Cinderella,,C,2013,2,L,,True
4612,939aa218-7bd3-4432-8943-2f7146638244,Cinderella's Feller,,C,1940,19,L,,True
4613,1ea996f4-5adf-448f-a1e8-035bb73dcfe1,Cinderella,,C,2014,,U,,True
4614,2e3fff02-f235-4d86-a7ab-3b80b3c8f552,Cinderella 3.0,,C,2011,8,L,,True
4615,d1bbfb72-edd2-42fd-a1ae-e245821ea61f,Cinderellas,,C,2015,,L,,True
4616,e5c51fd2-ace6-44c1-8b45-05fb84efd73b,Red Riding Hood 3D,,C,2016,2,A,,True
4617,225021ff-eed7-4598-9415-98a34e9ee4c8,Red Riding Hood,,C,1992,8,A,,True
4618,b19406bc-120e-4580-8e31-7f060fd96778,Red Riding Hood,,C,2018,5,L,,True
4619,a13af447-1572-462d-a004-b53f6c1c39a1,Punahilkka,Red Riding Hood,C,2012,2,A,,True
4620,623168d2-0766-4142-94b7-ad835662ee1a,Riding Hoods,,C,2010,8,L,,True
4621,3bdf6631-321b-4f05-af6c-6e6d23b20e4c,Molina's Ferozz,Ferozz: The Wild Red Riding Hood,C,2010,70,L,,True
4622,2517caa2-cb84-4202-954e-6ba3d44dce1e,The Red Riding Hood,,C,2014,,U,,True
4623,73832041-d20d-4415-b40a-78e22b4632d2,Le petit chaperon rouge,Red Riding Hood,BW,1907,,U,,True
4624,d1fb6e39-9fc9-4e40-827b-74ee449b73bd,Little Red Riding Hood,,C,2009,15,L,,True
4625,0c8c4726-7ae9-471b-9334-73a1764796c4,Little Red Riding Hood,,C,2012,10,L,,True
4626,b4449bf4-982a-49aa-b2f0-4593b33f421c,Little Red Riding Hood,,C,1965,18,L,,True
4627,ef5d2811-7425-4c54-92df-28577e9033f8,Little Red Riding Hood,,C,2016,3,L,,True
4628,2391616d-502d-426c-b066-59ea3ecbb1d7,Red Riding Hood and the Wolf,,C,2016,2,A,,True
4629,de5480b5-951c-449f-a57e-140bd4bfb217,The Little Red Riding Hood,,C,2001,,U,,True
4630,dd14a12e-e316-40f4-8663-d882fa320db1,Little Red Riding Hood,,C,2009,4,L,,True
4631,36ae22b3-eee3-4e0b-98dc-5b1a5d2673bf,Little Red Riding Hood,,C,2013,20,L,,True
4632,3aea4f8d-1b54-4264-bad6-4663fe2daa2a,Red,"Red (S), Little Red Riding Hood",C,2010,3,A,,True
4633,55b51247-8b61-4b91-91ba-9c5baee93222,Little Red Riding Hood,,C,2012,31,L,https://www.youtube.com/watch?v=fGoxDp6fgNI&list=PLmkR9zBdwQF2QY9NmFikPuOOnmfPof6tV&index=1,True
4634,889c4964-49d4-461b-8dc3-5857e58debed,Red Riding Hood of the Hills,,BW,1914,27,U,,True
4635,890f5bd8-5aee-4fa9-91d6-ae184e64d741,Little Red Riding Hood,,C,2011,5,L,,True
4636,6bb92e65-43f4-4912-be45-aa2bccc8e80a,Little Red Riding Hood,,BW,1911,,L,,True
4637,c69626a2-3a2d-43ec-af71-da5694da0641,Little Red Riding Hood,,BW,1917,7,A,"It's 'shadow play', and moviefone categorizes it as animation
https://www.moviefone.com/movie/little-red-riding-hood/Uh5FQ4EPY9fCbrPCzleE33/main/",True
4638,10faed8b-a619-4ba9-97b4-1d2e0ef3a2e3,Red Riding Hood Meets Frankenstein,,BW,2004,,L,https://vimeo.com/channels/redridinghood,True
4639,41294c4d-d688-4653-923d-e40a85daddc8,Pig Riding Hood,,C,2018,28,L,https://www.koreanfilm.or.kr/eng/films/index/filmsView.jsp?movieCd=20161247,True
4640,cfd1c22e-671d-4ef2-b544-79321f437326,Tsitelkuda,Little Red Riding Hood,C,2018,,L,,True
4641,25bcfdd9-0837-4b9e-b774-d120c119acf5,Red Riding Hood: The Tale Begins,,C,2011,13,L,,True
4642,abcaa1ea-adfc-4c95-af3d-b42f4e92e519,Petya i krasnaya shapochka,"Peter and Little Red Riding Hood, Petia and the Little Red Riding Hood, Петя и Красная Шапочка",C,1958,19,A,,True
4643,fd515758-7394-4f87-9d11-7c76809d68e6,Little Red Riding Hood and the Wolf,,C,1981,4,A,,True
4645,a47e0f90-d3d6-4fbf-8cb9-40150b75426e,Pokot,Spoor,C,2017,128,L,,True
4646,a7ef4231-0ccd-46a6-84ac-3957356706ec,Infra Red Riding Hood,,C,2012,8,A,,True
4647,f4353334-8828-49f0-b1b5-80f2eb9a2364,Blue Jungle: Little Red Riding Hood,,C,2015,3,L,,True
4648,2efb5a8c-fc6b-4b0e-9777-99ded694c6b8,Straying Little Red Riding Hood,,C,2008,5,A,,True
4649,96e2c78f-d06d-4283-bc2b-d998b5162437,Fast Forward Little Red Riding Hood,,BW,2010,2,A,,True
4650,1bc9e7b6-8e94-4927-8c81-742cc2aa4fd1,"Crvenkapica, jos jedna","Little Red Riding Hood, Once More",C,2012,1,A,,True
4651,cc2fef68-eb9c-4fd8-a674-f1897bdad807,Vinko & little red riding hood,,C,2016,43,L,,True
4652,0882289c-5cab-4236-8a68-da071d270ff1,Under Their Little Red Riding Hoods,,C,2016,,U,,True
4653,feda69dd-d662-45a1-bb92-01b82228c17f,Little Red Riding Hood: Uncensored,,C,2003,8,L,,True
4654,591ea8a6-6c05-4192-9c5d-88d776a04da4,Riding Hoods Revenge,,C,2020,,L,,True
4655,3ea5f0fd-aab1-4d99-b869-90310f1cc8ca,Little Red Riding Hood Saves the Big Bad Wolf,,C,1993,33,L,,True
4656,ec1f795a-62b2-445b-86b7-935367271ad9,Rotkäppchen in deutscher Gebärdensprache,Little Red Riding Hood in German Sign Language,C,2011,7,A,,True
4657,5b010d19-6557-40c7-8325-7dda48db0ee6,Little Red Riding Halibut,,C,1976,6,A,"http://www.intanibase.com/shorts.aspx?shortID=55524#page=general_info
",True
4658,cd55b19a-2aa1-4cbd-a6eb-db7e4785598a,Little Red Riding Hood - an interconnection comedy,,C,2020,,L,,True
4659,c76df16d-6100-43e8-ad09-f97a73b291c4,Little Red Riding Hood's Untold Story,,C,2017,6,L,,True
4660,135543ce-6fec-4814-8bb2-e94bf27aaa48,Little Chav Riding Hood,,BW,2015,5,L,,True
4661,e5e101e7-f115-421e-8cda-ab68545a9e9d,Little Red Riding Hood: Fixed Fairy Tales,,C,2015,5,A,,True
4662,81695a96-cb6a-4600-8ecf-e6f6b4a197a8,Mavroscoufitsa,Little Black Riding Hood,BW,2002,10,L,,True
4663,4c78d0e2-48bc-4f70-9cfd-d6ca7abff23d,Le Chaperon Rouge,"Red Riding Hood, Le Chaperon Rouge v. 05, Red Riding V.05",C,2006,18,L,"https://vimeo.com/11457035
https://en.unifrance.org/movie/30556/le-chaperon-rouge
https://www-fulldawafilms-com.translate.goog/work/le-chaperon-rouge-v05/?_x_tr_sch=http&_x_tr_sl=fr&_x_tr_tl=en&_x_tr_hl=en&_x_tr_pto=nui,sc",True
4664,7ce0e4a3-0a8c-46c6-a11a-9ab02c7510d7,My Favorite Fairy Tales Volume 1: Puss n' Boots/Little Red Riding Hood,,C,1986,60,A,,True
4665,2a0fb5c8-83ed-4984-95a0-51a72dad44ce,Red Line Riding Hood Next Stop Grandma's House,,C,2017,10,M,"https://cyiff.eu/en/2020-all-films/item/274-%E2%80%9Cred-line-riding-hood-next-stop-grandma-s-house%E2%80%9D-mick-cusimano,-usa,-2016,-9-16",True
4666,d0c047d9-aa7c-441d-a7d6-c26e8562487e,Anlat Istanbul,Istanbul Tales,C,2005,99,L,"Split into segments: Kirmizi Baslikli Kiz; Külkedisi; Pamuk Prenses ve Yedi Cüceler; Uyuyan Güzel; Fareli Köyün Kavalcisi
Each director credited for a different segment
Top three cast members, in credit order (all from Fareli Köyün Kavalcisi)",True
4667,de5c406f-0fa2-4304-802c-816cfe4a0a3f,After the Wolf,,C,2015,4,L,,True
4668,f80b1bbf-272c-4cec-bac4-68ce840f1527,Rowanhood,,C,2019,28,L,,True
4669,53a05746-6fcf-4f52-ad8c-26c1dfc20d95,Rood,,C,2013,14,L,"Can't add full company name: Hogeschool v.d. Kunsten Utrecht - Kunst, Media & Technologie",True
4670,6ab655d4-258d-4736-8b9c-d3ad5a1b4194,Lettre au petit chaperon rouge,,C,2011,5,L,IMDb notes that Manuel Alvariño is credited as Alejandro Pérez,True
4671,ab695a23-e4a7-4647-a963-18145ee94994,Grim,,C,2008,19,L,,True
4672,ec49c4c5-7517-4ad7-9229-a1af9ab67bdb,Cervená karkulka,,C,1948,7,A,,True
4673,53ac708e-1458-4004-a013-5727238d226d,Red,,C,2013,3,L,,True
4674,1b4e866e-dc7c-4e1f-9608-d845ab9a9b91,Red,,C,2013,9,L,,True
4675,eaef3338-1e28-402c-807a-d63b5a9795d8,Red,,C,2006,3,U,,True
4676,16efa2bc-b82e-4486-bf33-9c79875d0b0f,Dunkelrot,,C,2010,11,L,https://www.crew-united.com/en/Dunkelrot__123124.html,True
4677,ace5a805-61a5-4a98-9eae-c5cd7b1f22b9,How to Join the Circus of Grimm: Red's Story,,C,2015,5,L,,True
4678,9fc5838c-8bb3-4b16-a5dd-b07cec7da26b,Sweet Lil Red,,C,2012,2,L,,True
4679,60cd32f5-023d-40e9-a10e-fe91a3412505,Red,,C,2007,11,L,,True
4680,a180f943-b6e3-43cd-ab92-9fc6ad7f4985,Sofies verden,Sophie's World,C,1999,113,L,"Sandra Beckett, in Recycling Red Riding Hood, suggests three allusions to Little Red Riding Hood ",True
4681,b577cabe-fa6f-4b9a-9ad9-eddfe0f69a23,Таверна,Taverne,C,2004,45,A,"Robert Sahakyants credited on IMDB, in IFTF as Robert Saakyanz",True
4683,70e03466-f113-440d-89a3-2b44b4c0770d,Three Little Pigs: Fixed Fairy Tales,,C,2015,5,A,,True
4684,9e67b78b-4ab6-48bb-8ba0-e28ccf4e79ec,"Goldilocks, the Gingerbread Man, and Little Miss Muffet: Fixed Fairy Tales",,C,2015,5,A,,True
4685,157a6416-1080-4f80-8068-c859f09a5599,The Princess and the Pea: Fixed Fairy Tales,,C,2015,5,A,,True
4686,412ca48e-2b69-4c57-8fb3-2da220343b10,Peter Piper: Fixed Fairy Tales,,C,2015,5,A,,True
4688,c5b89a64-8fe4-4107-b9e8-8add2c61601d,Rude Sleeping Beauty,,C,2020,3,A,,True
4689,029f7c0d-311c-4d6c-ae7c-74dfb2a80bf2,Sleeping Beauty,,C,2019,,L,https://www.facebook.com/SleepingBeautyShort,True
4690,8c3df7df-9564-4a2f-a553-63cfb1ace9cf,Dornröschen,Sleeping Beauty,BW,1929,,U,,True
4691,4b52199b-4a69-49ed-a7ce-363768a6c8ea,Prinsessa Ruusunen,Sleeping Beauty,C,2006,15,A,,True
4692,04bc165e-6dde-4057-ab14-b7151e44d27d,Sleeping Beauty,,C,2016,45,L,Black and white and colour,True
4693,ef620730-9f20-445b-8112-c7985f82ab40,Sleeping Beauty,,C,2019,3,L,,True
4694,3e982445-19a4-4073-a6c6-2ba045ce6444,Sleeping Beauty,,C,2017,6,L,https://akshayasawant.myportfolio.com/sleeping-beauty,True
4695,7b94a6d3-718b-4483-9cc2-cf6ac462375b,Mitat Neshika,Sleeping Beauty,C,2017,6,L,,True
4696,b8539601-c064-4fae-b795-0998299b9bfb,Mother Goose World: Sleeping Beauty,,C,2020,17,A,,True
4697,fe9a4022-f09f-4609-bfc6-86d617953ee1,Enchantment,,BW,1921,90,L,,True
4698,34d76941-7cd0-4f95-a4bd-f2a829a4edd0,Mga kwento ni Lola Basyang,,C,1985,,L,"Film includes three stories:
""Nahihimbing na Kagandahan"" (Sleeping Beauty) 
""Zombies""
""Querubin: Maria Leonora Theresa""",True
4699,af31f2b9-af28-408f-bc12-1a603a9e91db,Random Harvest,,BW,1942,126,L,,True
4700,b9675a8a-6290-4a9b-8a7d-95d7405c02ee,Die Froschprinzessin,,C,2006,8,L,"https://vimeo.com/1436113
https://www.youtube.com/watch?v=rrbaiyqcsC0
",True
4701,a2480e87-3940-4b6b-8131-ec79d67c2f4d,Freddie as F.R.O.7.,Freddie the Frog,C,1992,90,A,"Peter Gardner also credited as additional writer, American version",True
4702,dc2145c1-6689-4fd6-8d86-76f5781a8c0a,Vadakkum Nathan,Vadakkumnathan,C,2006,135,L,,True
4703,d98e2cb9-e1c9-4346-aeff-8a4fe2704c18,The Animal,,C,2001,84,L,,True
4704,cbd39838-b78f-4612-8545-6a040a38ca17,Madrasapattinam,Madras Town,C,2010,162,L,,True
4705,716cbebe-8a60-4183-848a-6e5a083a8d2a,Fanaa,Destroyed in Love,C,2006,168,L,,True
4706,0d453266-ba54-40a4-b49f-08a7b546f075,Le mariage de l'amour,The Marriage of Psyche and Cupid,BW,1913,,L,"https://www.kinotv.eu/page/film.php?filmcode=66280&l=en 
",True
4707,d768b1a3-7211-45f7-86f2-95edc69116eb,Psyche Ascending,,C,2013,15,L,,True
4708,6eceb78b-596a-478b-8f11-1ba9a90a2e7c,Psyche and Eros,,C,1994,25,L,,True
4709,b70bd2b9-e7fd-4af7-9276-dcd52eceb46c,"Hans, mein Igel","Hans mein Igel; Hans, My Hedgehog",C,1984,20,A,https://ecommerce.umass.edu/defa/film/11006,True
4710,b224db0f-b5b0-40d6-8d83-aae83bdd23e1,"Rabbit Ears: East of the Sun, West of the Moon",,C,1991,28,A,"https://vimeopro.com/cinemusenetwork/art-and-family-catalogue/video/66123052 
https://www.rottentomatoes.com/m/east_of_the_sun_west_of_the_moon
http://www.rabbitears.com/products/34339-east-of-the-sun-west-of-the-moon.html",True
4711,bf76cdf8-969a-4afe-9b12-99b5d1f42e8e,The Black Bull of Norroway,,C,2019,3,A,https://www.youtube.com/watch?v=ls__6viY-mE,True
4712,97d8efc8-05e8-450c-b841-261f3c88f889,"Frosch, Schenkel und Prinzen","Frog, Thighs and Prince",C,2017,72,L,,True
4713,9bd99d60-a5d2-41c0-b719-83b207778207,Princesses Don't Kiss Frogs,,C,2015,,U,,True
4714,2087808b-a09c-41a6-ac5b-28b14fba275e,"Kiss the Frog: Hoy No, Princesa",,C,2014,,U,,True
4715,c073ae21-307d-47e9-943e-a6707da753e7,The Frog and the Princess,,C,2010,2,A,,True
4716,ee908f1f-c1bb-42e2-adea-7bd2bbb749e6,The Princess & The Slimy Frog Prince,,C,2012,4,U,,True
4717,6d853a46-c556-4b0d-acb1-01bb07074292,Snow White and the Prince of Frogs,,C,1996,80,A,,True
4718,7ce91849-a084-46c1-b043-7362d2f80114,Hot Water Frog Prince,,C,2018,,L,,True
4719,c65c017f-25f2-4e1e-b410-485d92ebdcd4,The Frog Princess,,C,2004,1,U,,True
4720,ef40f3ba-7f97-4926-8ced-ad3cbc7cafd9,Isa and the Frog Prince,,C,2015,15,L,https://www.youtube.com/watch?v=Ib0oPLrzQQ0,True
4721,799a30a2-9481-402c-bd9c-a4c96d40744a,The Frog Prince,,C,2011,6,U,,True
4722,7a839f8f-6ce9-46bc-8a66-18d35baea41d,The Frog Prince,,C,2012,10,A,,True
4723,af91b398-cca8-4762-b4a8-6a0a9f441eee,A princesa e o sapo,The Frog Prince,C,2009,40,A,"Released on December 1st, 2009 to capitalize on The Princess and the Frog (2009), which was released in the U.S. on December 11th, 2009.",True
4724,0cc14302-70a2-4de8-ab1d-9e5027da73d8,青蛙王子历险记,Frog Prince Adventures,C,2019,82,A,"IMDB page isn't very full, but found info elsewhere:
https://www.google.com/search?client=firefox-b-d&q=frog+prince+adventures+2019+china
https://m.the-numbers.com/movie/Frog-Prince-Adventures-(China)(2019)",True
4725,4865a757-25cc-400f-9034-8557ea0bf203,Cinderella,The Wonderful Story of Cinderella,BW,1962,60,L,https://www.nfsa.gov.au/collection/curated/cinderella,True
4726,c8f20b1b-2203-4d26-8b5e-bb76f5b62373,A Cinderella Christmas,,C,2016,93,L,,True
4727,ddc50b20-d23d-42c6-ae5b-8f3f3a7f3d46,Zolushka,Cinderella.ru,C,2008,100,L,"https://letterboxd.com/film/cinderellaru/
https://www.petershop.com/en/catalogue/videodvd/aleksandr-zamyatin/zolushka-ru.html",True
4728,08e60521-3680-4a55-a801-c9eb7656f3d7,Aschenputtel,Cinderella,C,2010,86,L,,True
4730,d90a1393-2704-4fd3-9e8f-d9a60960749b,Cinderella's Love Lesson,,C,1953,8,L,"https://www.dailymotion.com/video/x29oo8v - got some info from here
",True
4731,c6794821-cfca-4eff-a137-c21e451fc89e,Stackars lilla Sven,Poor Little Sven,BW,1947,76,L,"Based on the play ""Mr. Cinders"" by Clifford Grey",True
4732,3815f64d-e731-4638-9ff5-b27f1ea06c73,Intervention: Cinderella,,C,2011,7,L,"All of Cinderella's friends and family (Fairy Godmother, Aladdin, Evil Stepmother, Snow White, Prince Charming, Grumpy, Marcus) are concerned that she is a sex addict, and they host an Intervention to try to 'save' her. ",True
4733,74a781fc-6d6b-4efd-8833-62315d8903a2,Cadaverella,,C,2007,71,L,,True
4734,1dbb6d2e-bec5-42eb-be8d-d439f05eb927,A Modern Cinderella Story,,C,2016,15,L,,True
4735,fa22c392-ba7e-4ef3-a5f8-1c0f5910706a,Lake Placid Serenade,Winter Serenade,BW,1944,85,L,"Re-relased as 'Winter Serenade' in 1953 at 60 minutes in length
Original story by Frederick Kohner",True
4736,f5901572-07d9-47d6-ad84-c0ea328741f5,Piège pour Cendrillon,A Trap for Cinderella,BW,1965,115,L,"Based on a novel by Sébastien Japrisot
Remade in the UK in 2013 as 'A Trap for Cinderella' ",True
4737,c90e6a34-7a6d-4285-b4f9-21f252d6887c,Fry Day I'm in Love,,C,2019,8,A,,True
4738,9e3c2c3a-076a-4ce2-889b-a9a687117ac1,Cinderoncé,,C,2013,8,L,"https://www.youtube.com/watch?v=LU_U1RxL2-s

https://slate.com/culture/2013/08/cinderonce-video-todrick-halls-mashup-of-cinderella-and-beyonce-is-great-video.html
http://fairytalenewsblog.blogspot.com/2013/08/cinderonce-is-going-viral.html",True
4739,e180aa70-58bf-4d05-84ae-4b8ac91fa726,Bo li xie,"Glass Slippers, The Glass Slipper",BW,1959,,L,,True
4740,e883706f-9bf8-44e2-b855-e999e53f82b1,El príncipe de Argel,,C,2004,17,L,Tagline: A Cinderella-inspired fable based upon a popular Sephardic tale.,True
4741,aa9d923a-5aff-4b0c-bd88-af672c6b7205,6th Street Sinderella,,C,2015,9,L,,True
4742,44972bf0-1406-46cd-a931-faf9995c1ac8,Бал Золушки,Cinderella's Ball,C,2016,6,L,"https://www.youtube.com/watch?v=bpBonV-4Eiw ",True
4743,6daf0159-380c-44e1-a396-f4c63946d59a,Zolushka,"Cinderella, Золушка",C,1978,96,L,,True
4744,477b5f8b-2780-4520-9a1a-755beabf6b2d,The Crippled Hand,Cendrillon,BW,1916,50,L,,True
4745,69cad896-2e60-4842-bd5e-92762cb22c9e,Red,,C,2010,11,L,,True
4746,3271e0ca-d92d-4f0c-8c08-4ad797e7c46f,Little Red Riding Hood,,C,1995,45,U,,True
4747,25edbf5a-47bc-40ff-894f-11b579fedba7,Aladdin,,C,1992,74,A,,True
4748,0ebc606c-f0e8-4a0a-9274-cfd26a2a0628,Aladdin,,C,2020,104,L,,True
4749,d6f9bcc2-dbb4-4a75-9c0c-b74887beccdb,Alad'2,Aladdin 2,C,2018,98,L,,True
4750,08338d50-9db3-41e8-959d-1317fa96820a,Aladin,"Aladdin, Aladin und die Wunderlampe",C,1993,43,A,,True
4751,55ac8fde-a87a-4b02-91a1-c75fd279e953,Alâaddin'in lâmbasi,Aladdin's Lamp,C,1972,73,L,,True
4752,b097b104-7c57-4348-a6f0-243b9a4d5716,Aladdin,,BW,1915,,U,,True
4753,82065160-0296-457a-ba8e-8c03f785ee16,Adventures of Aladdin,,C,2019,87,L,,True
4754,051e9180-dd2b-41ea-a49c-6abc3f81925a,Aladdin Gets a Car!,,C,2017,6,L,https://www.youtube.com/watch?v=92-b5Su0bw8,True
4755,83b21345-5aa2-43e2-9b02-28fda9e5b866,Aladdin Jr.,,BW,1922,,U,,True
4756,fb9cbbed-4af8-4c34-8356-aaad13b50cf5,Aladdin Ka Beta,Son of Aladdin,BW,1960,,L,https://www.youtube.com/watch?v=kXFuhS32TV0,True
4757,29fcb904-29e7-4e53-96c2-3f62c0bc9d25,Aladdin and the Adventure of All Time,,C,2000,81,A,,True
4758,28d394be-97fb-4da0-a615-b57fef5d5534,A New Aladdin,,BW,1912,,L,"Little is known about the film, as it was destroyed in 1924 by the producer, Cecil M. Hepworth. Hepworth then tried to at least recover the silver nitrate of the film.",True
4759,fe7d3e38-0865-48df-8854-59fffe1462c1,Aladdin Jones,,BW,1915,,U,,True
4760,ce3e060a-75ae-4098-93dc-d00a015782c0,Noviy Aladdin,"New Aladdin, Новый Аладдин",C,1979,10,A,,True
4761,1f5f2e4c-5355-4715-9ab3-8cf2c3180617,Alias Aladdin,,BW,1920,,U,,True
4762,e4efe02b-8de2-4063-b1b7-00e4c8c08575,Aaj Ka Aladdin,"Alladin II, Aaj Ka Alladin",BW,1935,,L,,True
4763,5f8f525c-9401-46d1-af44-06568fcfb18f,Ko-Ko Lamps Aladdin,,BW,1928,,A,,True
4764,0287716b-a235-48bb-9f03-45d039a59c9d,Aladdin Saha Puduma Pahana,"Aladdin and the Wonderful Lamp, Aladin Saha Puduma Pahana",C,2018,119,L,,True
4765,5ba1701a-9767-4b91-97f3-dd0750ac21c9,"Aladdin: or, a Lad Out",,BW,1914,,U,,True
4766,05722ce1-635f-497c-a4e9-d287ea81e374,Main Hoon Aladdin,,C,1965,,L,"https://www.cinestaan.com/movies/main-hoon-alladin-3279/cast-crew
https://www.hindigeetmala.net/movie/main_hoon_alladin.htm
https://memsaabstory.com/2012/03/13/main-hoon-alladin-1965/
https://muvyz.com/moviepage/ju734931
https://main-hoon-aladdin-1965.bollyviews.com/
",True
4767,77947f3b-cde1-44c3-a356-5814d4d3de0f,Aladdin Up-to-Date,,BW,1912,,U,,True
4768,284cfbd8-440e-4f12-b778-d0ecdd18fe73,Aladin,"Aladdin and the Wonderful Lamp, Aladin Saha Puduma Pahana",BW,1946,,L,,True
4769,ea3d5a22-c9e8-4cfa-82ad-29e89fd542aa,Aladdin's Awakening,,BW,1913,,U,,True
4770,8299fd78-7c21-4951-94e5-171508b8fd97,Saladdin Castique,,C,2018,6,L,,True
4771,8116f35c-049c-41a3-a2d6-055d0c525bbe,Aladdin in Pearlies,,BW,1912,,L,https://www.bfi.org.uk/films-tv-people/5295319775a30,True
4772,de687fa1-e659-420e-8a1e-fe79fdea52fb,Aladdin's Other Lamp,,BW,1917,,L,,True
4773,e2239070-d3e3-4c38-8ed3-0304bc08675b,Alex and the Wonderful Doo-Wah Lamp,,C,1978,23,L,,True
4774,7c3befa5-8952-47e0-ad62-f6af002be287,Alf's Button,Alf's Aladdin's Lamp Button,BW,1920,78,L,"Based on novel by W.A. Darlington
https://en.wikipedia.org/wiki/Alf%27s_Button_(1920_film) ",True
4775,d224676f-f939-4983-a068-f9eec8a4bb52,Alf's Button,,M,1930,96,L,"Based on the play by W.A. Darlington
https://en.wikipedia.org/wiki/Alf%27s_Button_(1930_film)",True
4776,51f49a93-1aaf-4e79-96cf-f87afb963517,Alf's Button Afloat,,BW,1938,89,L,Based on the play by W.A. Darlington,True
4777,638d6f50-323f-4cc3-aa30-b9e9880b244a,Aladdin and the Death Lamp,,C,2012,120,L,,True
4778,20aefc07-ec52-4df6-bd99-b9c3a3ccb0e3,Ali und der Hexenmeister,Ali and the Sorcerer,C,1985,19,A,,True
4779,ed4134cb-3c80-4fc7-8732-fac320fc10b3,Vogel der Nacht,Bird of the Night,C,1985,21,A,,True
4780,fa5dd40c-6e2a-4704-8cd8-88a3a7ba7f00,Die Bremer Stadtmusikanten,The Bremen Town Musicians,M,1954,16,A,,True
4782,a4bd0afc-2e30-4fc0-8a2c-2ee9ec35ddb6,Aladino y la lámpara maravillosa,Aladdin and the Marvelous Lamp,C,1958,89,L,,True
4783,1d831c4a-2cc3-47bc-992d-afe685fc8aa2,In Borrowed Plumes,,BW,1926,60,L,,True
4784,2942cfac-c6f8-433d-91a9-1b1c8feec0d8,Paladin,,C,2012,,L,Based on a screenplay by Patrick Adams,True
4785,30eb0d86-4bdb-4572-a198-5ca5185de324,Mickey's House of Villains,,C,2001,70,A,,True
4786,32564b61-e75e-45c7-b3c5-8538de13e001,Die Schöne und das Biest,Beauty and the Beast,C,2012,89,L,,True
4787,c4b1ca2a-7869-4f32-b4a1-e22c548582fa,Beauty and the Beast,,C,1976,74,L,,True
4788,59ba87a4-c722-462b-8d95-bedc25923369,Beauty and the Beast,,C,2015,11,A,,True
4789,14a1197d-f3d1-41ab-b000-a94d3fd11c07,Die Schöne und das Biest,Beauty and the Beast,C,1996,50,A,,True
4790,44a9750e-78c2-422a-a41c-d49188580637,Beauty and the Beast,,BW,2019,,L,,True
4791,c43f1e3b-a291-4a1a-a3dd-9a0e6944dc65,Beauty and the Beast,,C,1981,12,A,Writer credited is Marianna Mayer (book),True
4792,0ddbbf07-6a9e-4b42-a206-1c929f9287f8,Beauty and the Beast,,C,1997,49,A,,True
4793,b8d404e7-2e86-4ef3-bce2-f6cc28d2182f,Ljepotica i Zvijer,Beauty and the Beast,C,2011,4,L,https://www.youtube.com/watch?v=cxm3juFtmIk,True
4794,698bf8c9-50fc-40e0-b781-926fe5b44229,Beauty and the Beast,,M,2019,13,L,https://jamesfotopoulos.com/beauty-and-the-beast/,True
4795,128ca299-24b7-46f0-b63e-3f4b78edcffe,Beauty and the Beat Boots,,C,2015,6,L,https://www.youtube.com/watch?v=MpgshV-Fudw,True
4796,8668a5e3-8af0-4b7e-b0f5-871139aab194,Beauty and the Beast,,C,2014,6,L,"https://www.alexramirezfilms.com/beautyandthebeast
https://www.youtube.com/watch?v=KyhKqib2TRg
",True
4797,61544a5e-34fe-4537-a28e-531da5484794,Der Mystische Edelmann,The Mystical Nobleman,C,2010,19,L,,True
4798,807ac600-d2b6-4a8b-a594-a48f8985790e,Kráska a zvíre,Beauty and the Beast,BW,1971,87,L,"https://www.youtube.com/watch?v=IcSBDg0ctxY
https://translate.google.com/translate?hl=en&sl=cs&u=https://www.csfd.cz/film/264294-kraska-a-zvire/galerie/%3Ftype%3D1&prev=search&pto=aue",True
4800,bb559439-7dba-4736-9d43-d8cb643e4f00,King Kong,,C,2005,187,L,,True
4801,56f344f0-97bd-4079-91a5-e994a7dd9c4e,Beautiful Beast,The Beautiful Beast: A Beauty and the Beast Story,C,2013,100,L,,True
4802,841aae05-5dac-4b51-a0b1-93120f1b6141,Belle's Tales of Friendship,Beauty and the Beast: Belle's Tales of Friendship,C,1999,70,M,,True
4803,87eea273-450c-4cfe-a95a-ceb089e0879f,Beauty,,C,1998,90,L,,True
4804,c28c29b4-22ee-4832-97d3-03d1b59b065f,BigHead Beauty and the Beast,,C,2020,2,M,https://www.youtube.com/watch?v=brbBtng49is,True
4805,c28bdf6d-5ab1-4b8f-ac3a-32d73f06995b,Meridian,Meridian: Kiss of the Beast; The Ravaging,C,1990,85,L,,True
4806,ad6a7ce6-d947-4f42-a379-71805158cbc9,Rigoletto,,C,1993,98,L,,True
4807,b9772c7d-b256-4eaa-88fe-353723ff4bc9,Beauty and the Beast,,C,2008,,L,,True
4808,6de90d4f-3591-4f88-8ef8-7224cd0555c3,Hua Mulan cong jun,"Mulan Joins the Army, Maiden in Armor",BW,1927,,L,https://letterboxd.com/film/mulan-joins-the-army/details/,True
4809,ee207a1d-f783-46d9-9858-ad36b5a33c46,Mulan congjun,Mulan Joins the Army,BW,1928,100,L,"https://letterboxd.com/film/mulan-joins-the-army-1928/
https://en.wikipedia.org/wiki/Mulan_Joins_the_Army_(1928_film)
https://alchetron.com/Mulan-Joins-the-Army-(1928-film)
",True
4811,5ecef52c-c6b2-4982-b3c1-0451fb2a74bb,Beauty and the Bloody Beast!,1945,C,2020,17,L,,True
4812,f85d6fd0-52ac-4594-9b2f-7aae5c4d3dde,Skønheden og udyret,Beauty and the Beast,C,1983,87,L,,True
4813,98bae10f-a87b-4606-bd8d-d7e4b52de2ac,How to Train Your Dragon: The Hidden World,How to Train Your Dragon 3,C,2019,104,A,,True
4814,5077ea0a-e7b1-4d93-8c20-c8576119c563,Hua Mu Lan,Fa Muk Lan; Lady General Fa Muk Lan,BW,1951,,U,,True
4815,4c8598f1-fd95-422b-986b-c850aa2524d4,Mulan Destiny of a Warrior,,C,2017,,L,"Appears to be her audition film for Disney's Mulan
https://antoinepaley-com.translate.goog/mulan?_x_tr_sl=fr&_x_tr_tl=en&_x_tr_hl=en&_x_tr_pto=nui,sc ",True
4816,31590c92-760e-423e-9401-273a2636257b,Mulan: An East Side Story,,C,2020,8,L,"https://www.youtube.com/watch?v=P822hJj8ROA&t=4s
https://dcapafilm.eventive.org/films/60da9a558fa1b300af40ab39",True
4817,0ced9a54-1048-4d70-af60-2dbf8b5e1d87,Kidnapping Mulan,,C,2019,,L,,True
4818,5cba8563-e92f-444f-9083-22b834b4ba39,Hua Mulan,The Woman General,BW,1939,,U,,True
4819,63d3f66b-9713-45bf-b319-5d106f64d951,Kung Fu Mulan,,C,2020,,A,,True
4820,1e887b6d-2f50-4fdb-94b5-eeea51a4b312,Hua Mulan,,C,1997,87,A,,True
4821,059c9195-4302-499a-8c59-673146cf628d,The Secret of Mulan,,C,1998,50,A,,True
4822,f991799b-eced-4330-a8f6-77185c274832,The Legend of Mulan,,C,1998,50,A,,True
4823,f965a233-a410-4209-9973-76f72352fca3,Mulan,,C,2019,,U,,True
4824,61b0aedd-c285-4c0e-819b-d26b255d65dd,Mulan zhi Jinguo yinghao,"Mulan, 木兰之巾帼英豪, Unparalleled Mulan",C,2020,92,L,https://www.filmaffinity.com/au/film866377.html,True
4825,07f1f38d-0c73-4734-9199-384b6f6fb0c9,Mulan II,Mulan 2,C,2004,79,A,"Listed top four countries, but IMDB also lists: Malaysia | Kazakhstan | Taiwan | Hong Kong | Japan | China | India | Syria | Iran | Egypt | Pakistan",True
4826,38f5999d-9911-466c-af7c-00748c8c20c8,Mulan,,C,2020,115,L,,True
4827,ceabc117-05af-4b28-90ae-dd2448e8eaae,Malenkaya Baba-Yaga,Маленькая Баба-Яга,C,1986,75,L,,True
4828,c74c2819-a183-489f-99d2-b9ab4c6521f0,June and the Baba Yaga,,C,2013,20,L,https://www.alex-stone.com/project/june/,True
4830,02ea900e-30f9-4c06-ab01-47147546f28d,Baba Yaga Origins,,C,2017,4,A,https://vimeo.com/246190418,True
4831,366f2dcb-e70b-40c3-a085-cf9cce906197,Baba Yaga. The Beginning,,C,2018,63,A,"https://www-kinopoisk-ru.translate.goog/film/704915/?_x_tr_sl=auto&_x_tr_tl=en&_x_tr_hl=en-GB&_x_tr_pto=ajax,se
",True
4832,4def453f-166c-493f-b7bd-3f9d42ca5d49,Baba Yaga,,C,2016,6,L,https://vimeo.com/173760613,True
4833,d95e32ab-faa1-484a-8f86-a3ee2f92ca9c,Baba Yaga,,C,2006,12,L,http://my.clermont-filmfest.com/index.php?m=236&c=3&id_film=100064650&o=89,True
4834,44da38f0-88d2-4a35-b646-534d3df3a829,Baba Yaga,,C,2016,10,L,,True
4835,79f25f79-73fe-4a9d-aa21-bd4d79254a8c,Baba Yaga 2: Retribution,,C,2020,,L,,True
4836,56db34aa-f3c0-4ede-b943-801cfc17998b,Don't Knock Twice,,C,2016,93,L,,True
4837,c7ee166c-c35e-4599-ae83-f49fca40639a,Vasilisa Prekrasnaya,"Vasilisa the Beautiful, Василиса прекрасная",C,1977,18,A,"Although the short is titled Vasilisa the Beautiful (aka Vasilisa Prekrasnaya) after the Russian fairy tale of the same name, the plot is actually based on another Russian fairy tale - The Frog Princess (aka Tsarevna Lyagushka).",True
4838,24f3b703-3552-4a6d-9280-4c87ca523cd2,Baba Yaga,,C,2011,20,L,https://www.antitypefilms.co.uk/baba-yaga,True
4839,668cb504-8c43-4854-876b-7b5cc8f13072,Ponedelnik nachinaetsya v subbotu. Sueta vokrug divana,Понедельник начинается в субботу. Суета вокруг дивана,C,2017,3,L,"Fragment of Arkadiy Strugatskiy's and Boris Strugatskiy's novel ""Monday Begins on Saturday"".",True
4840,d4399091-a5df-4d2d-9794-e36d33c32a45,Ponedelnik nachinaetsya v subbotu,Monday Begins on Saturday,BW,1965,63,L,"TV adaptation of Arkadiy Strugatskiy's and Boris Strugatskiy's novel ""Monday Begins on Saturday"".",True
4841,7eef1efa-c1d1-4442-80c7-9bb2824b2d61,Ant-Man and the Wasp,,C,2018,118,L,"Ghost, one of the antagonists of the story has the ability to phase through walls. This frightens a Slavic character in the movie to assume that she is Baba Yaga. (from the Baba Yaga Wikipedia page: https://en.wikipedia.org/wiki/Baba_Yaga) ",True
4842,756f7a59-8f5e-415a-b689-b26dd592a6c1,John Wick: Chapter 3 - Parabellum,,C,2019,130,L,"Baba Yaga is John Wick's nickname, but should actually be Babayka, or Babay:
https://www.digitalspy.com/movies/a32208246/john-wick-baba-yaga-meaning-russian-fairytale-keanu-reeves/ ",True
4843,cb2a9781-53c4-43cc-af9f-bc8e26c63aca,Vasilisa the Lazy,Лентяйка Василиса,C,2018,13,A,https://vimeo.com/401719116,True
4844,3baab244-2a82-48f7-9a80-8e57f40c0638,Der Drache Daniel,Daniel the Dragon,C,1989,76,L,,True
4845,8ac5736e-eb09-4846-9d65-a81b1045578c,Verflixtes Mißgeschick!,Darn Misfortune,C,1989,71,L,,True
4846,18638068-2a62-47ec-bb07-72ebd69d290d,Großvaters Suppenkessel,"Grossvaters Suppenkessel, Grandpa's Soup Kettle",C,1987,,A,https://www.defa-stiftung.de/filme/filmsuche/grossvaters-suppenkessel/,True
4847,bb004270-4a5a-4317-8b84-5d1f163f7be1,Hans im Glück,Hans in Luck,C,1990,7,A,,True
4848,81aec360-40a2-45c7-98c9-a6c1144ffdf9,Hatifa,A kettétört amulett,C,1960,85,L,,True
4849,d533f028-eefa-46f7-ae57-ce41011e2521,Der Jäger und der Sohn des Zwergenkönigs,The Hunter and the King of the Dwarfs' Son,C,1989,20,A,,True
4850,bf0dd9c9-48d0-4b31-a89a-ffea4030f089,Nur ein Märchen,Just a Fairy Tale,C,1963,8,M,"https://www.defa-stiftung.de/filme/filmsuche/nur-ein-maerchen/
https://www.youtube.com/watch?v=drEC_1EpkM4
",True
4851,7fa6cca2-dba6-45b4-a0c7-8df6d92c44c6,Der kleine Häwelmann,Little Havelman,C,1955,18,A,,True
4852,f5a6112c-b5d2-42a3-8f0f-4c30d26ceed8,Die kleine Hexe,The Little Witch,C,1983,25,A,,True
4853,f99e7335-ca44-4df4-8398-2b85131143c0,Die Kleine Hexe Arischa,Arischa the Little Witch,C,2005,27,A,"https://www.youtube.com/watch?v=n_7dMOmw4k4&app=desktop
https://www.youtube.com/watch?v=CfZmGVNOOio
",True
4854,b2009a6f-736f-4725-9714-1d5bcc821885,Mala carodejnice,"Die kleine Hexe, The Little Witch",C,1984,96,A,,True
4855,13732bef-4740-479c-a53e-e685826a9793,Little Miss Magic,"Die kleine Hexe, Kidwitch",C,1998,86,L,,True
4856,491b83d1-4a73-480d-9eef-f35f40d77e94,Die kleine Hexe,The Little Witch,C,2018,103,L,,True
4857,43cb984a-549a-4e8f-9531-b9af5a1f9195,Die Söhne des Holzfällers,The Lumberjack's Sons,C,1981,24,A,,True
4858,401a5764-d64d-4899-964a-5ae19810b933,Automärchen,Motoring Tales,C,1983,98,L,,True
4859,0ec2f67e-138e-4d23-a18d-2188599df668,Der arme Müllerbursch und das Kätzchen,The Poor Miller's Boy and the Kitten,C,1971,53,A,,True
4860,689df30b-6a41-4e65-8ba1-b2b1a316f09d,Töpfer und Tiger,The Potter and the Tiger,C,1990,11,A,,True
4861,30e0f1ca-eeb3-4cea-836c-1eb9a34af944,Prinz Irregang und Jungfer Miseri,Prince Irregang und Maid Miseri,C,1989,22,A,,True
4862,b168769f-c05a-4d78-9e14-e5d0c112e737,Das Kürbiskind,The Pumpkin Child,C,1990,10,A,,True
4863,4ec4d060-e336-45e2-89a0-933e31b7f576,Das gestohlene Gesicht,The Stolen Face,C,1985,34,A,,True
4864,bd1301f7-40a6-47dc-9960-c231f6183d4d,Der weiße Kranich,The White Crane,C,1990,6,A,,True
4865,522e0cb5-8934-4392-8e12-4beee13b1fcc,Warum jeder ein Körnchen Weisheit besitzt,Why Everyone Has a Kernel of Wisdom,C,1960,18,A,,True
4866,91a28f8a-5e71-4dc2-be5a-50a16bc355f0,Tischlein deck dich,,C,2008,59,L,,True
4867,6632f4ea-270c-486a-8e63-40fb1a4fe84a,"Tischlein deck dich, Eselein streck dich, Knüppel aus dem Sack",,BW,1921,65,L,https://www.youtube.com/watch?v=KjunBvN_aRE,True
4868,864622a6-4f02-4cb7-8625-2c57b2ade2fb,Tischlein deck dich,,C,1971,70,L,,True
4869,6c0f9089-5c5d-41c6-9447-873e9ca322d9,Der Wolf und die sieben Geißlein,The Wolf and the Seven Little Goats,C,1991,10,A,,True
4870,876455db-709e-423c-8bbf-375ad9b03bd3,Alicia en el país de las maravillas,Alice in Wonderland,C,1976,73,L,,True
4871,9bda9dcb-2030-4855-bcae-85d92056660f,VIViD,"Wonderland, Alice in Wonderland in Hell",C,2011,80,L,,True
4872,c4c01148-fe01-49e9-809a-62482782935c,Alice in Wonderland,,C,1988,,A,,True
4873,061a0fb0-3ee5-4d28-a95e-75da6abe1d5c,Alice in Wonderland,,C,2014,90,L,,True
4875,9fe6793b-d951-4016-bfa3-01e2138d4929,Alice in Wonderland,,C,2009,17,L,"https://vimeo.com/84106315
",True
4876,2a185722-01a0-4c09-8282-1c69c2b9dafd,Alice in Wonderland,Sugar & Spice: Alice in Wonderland,C,1991,26,A,,True
4877,e8155feb-2ab9-4aa4-b9dd-06b72dabb9e7,Alice in Wonderland,,C,2010,57,A,IMDB says: This production was originally broadcast on radio back in the 1940s. It was put on DVD with new animation.,True
4878,068d9780-2c9a-42d8-93fa-7aa3430b38cb,Alice in Wonderland,,C,2010,99,L,"http://jamesfotopoulos.com/alice-in-wonderland/
https://www.fandor.com/films/alice_in_wonderland",True
4879,f62bd063-6724-4150-96b2-26473cb2302f,Malice in Wonderland,,C,1982,4,A,"https://letterboxd.com/film/malice-in-wonderland/
https://www.dailymotion.com/video/x2g20ey
https://www.youtube.com/watch?v=0l2YdzUoH0U
",True
4880,d9118315-c7d7-44e7-a7eb-3a83ea3995d4,Alice in Wonderland,Alice no País das Maravilhas,C,2011,44,A,,True
4881,80d6ea5c-e6f5-44a4-9c73-56304b295320,Ali in Wonderland,,C,1992,,L,https://www.youtube.com/watch?v=81qtbFHpxX0,True
4882,b3e24bc0-9330-4898-a75e-da2fef2ff668,CeCe in Wonderland,,C,2013,68,A,"Spoofs Disney's 1951 Alice in Wonderland
https://parody.fandom.com/wiki/CeCe_in_Wonderland",True
4883,9714a3b7-dedd-4ecb-b942-d561d5a79be0,Alice! in Wonderland,,C,2014,,U,,True
4884,5c635750-0292-4897-bab3-0e8c4641893e,Alice in Wonderland,,C,2014,4,L,https://vimeo.com/288927728,True
4885,3cba616e-c66b-459c-8fd7-8df6b51eba97,Alice's Misadventures in Wonderland,,C,2004,100,L,"https://www.filmaffinity.com/us/film870551.html
",True
4886,474e6a3c-4124-4892-b70f-52c67544cdd2,Alice's Adventures in Wonderland,,BW,1956,75,L,,True
4887,e4b59a8b-52b1-4933-84aa-9ac57bf64e1c,Alisin Wonderland,,C,2012,10,L,,True
4888,09d0fad9-1712-42ad-bda8-a71bf61fad24,Alice in Wonderland by Lucius,,C,2010,17,L,https://www.youtube.com/watch?v=qAhtWtfKXhA,True
4889,e34f651a-6489-456f-987e-5dc699277062,Tea Time: Alice in Wonderland,,C,2012,2,L,,True
4890,5563287e-3387-4d7d-beb8-38c661c37141,Alice: Boy from Wonderland,"Aerriseu: Wondeoraendeueoseo On Sonyeon, 앨리스: 원더랜드에서 온 소년",C,2015,122,L,http://asianwiki.com/Alice:_Boy_from_Wonderland,True
4891,0aad6564-4d39-4b50-980e-2171f8c7f992,Malice in Wonderland: The Dolls Movie,,C,2010,79,M,https://en.wikipedia.org/wiki/Malice_in_Wonderland:_The_Dolls_Movie,True
4892,7f46810e-6708-4289-963f-56f999fbb1ed,Alice in Not So Wonderland,,C,2007,3,A,"https://www.believemedia.com/work/alice-in-not-so-wonderland
https://letterboxd.com/film/alice-in-not-so-wonderland/
https://www.youtube.com/watch?v=KYUO1-gukwo",True
4893,57d0f927-fac0-48a1-adef-840bd29e1232,Alice's Ride Through Wonderland,,C,2019,5,A,,True
4894,5080f2f8-6f29-4a42-bace-2b995951415e,Alice in Wonderland or Who is Guy Debord?,,C,2003,2003,A,"Uses the 1951 Disney animation
https://www.youtube.com/watch?v=bsORER6OgyA
https://iffr.com/en/2004/films/alice-in-wonderland-or-who-is-guy-debord",True
4895,965d9e88-5c70-4d17-af62-9f7b6c96f4f3,Alicia después de las Maravillas,Alice after Wonderland,C,2018,6,L,https://winterfilmawards.com/film/wfa2019-alice-after-wonderland/,True
4896,4cf14da1-db2f-4236-b7a4-20eb8c1ecfd6,Alice's Adventures in Wonderland,,C,2009,1,L,"https://marklediard.com/alices-adventures-in-wonderland
https://vimeo.com/5445298
",True
4897,01cd506f-045f-40ba-b4cf-bf1858e998df,Bobby White in Wonderland,,BW,1908,,L,"https://rucore.libraries.rutgers.edu/rutgers-lib/24653/PDF/1/play/
https://rucore.libraries.rutgers.edu/rutgers-lib/24653/",True
4898,d432bee5-abbb-4a13-ba46-2ce6baa19769,Alice in Wonderland: What's the Matter with Hatter?,,C,2007,47,A,,True
4900,f33ea7df-e889-462c-a816-19bf68834272,Alice in Underland,Alice’s Misfortunes In Underland,C,2014,13,L,"https://vimeo.com/285165682
https://nikkiscolt.com/alices-misfortunes-in-underland-through-the-looking-glass-short-film/ 
https://nikkiscolt.com/alices-misfortunes-in-underland-through-the-looking-glass-script/
https://www.indieshortsmag.com/reviews/2019/02/alices-misfortunes-in-underland-through-the-looking-glass-this-tale-is-as-urban-esque-as-it-can-get/",True
4901,65001728-6af4-484b-8644-de2857894489,The Care Bears Adventure in Wonderland,,C,1987,80,A,,True
4902,1687a56d-13b7-4586-b038-b82ff84482eb,Alicia en la España de las maravillas,Alice in Spanish Wonderland,C,1978,86,L,,True
4903,d9e62039-a5e5-4605-8c6f-3c293aae11b6,Alice (in Rotterdam),,C,2004,13,L,,True
4904,d88dd2ae-1525-4297-af5e-b6a9c2b06a8f,The Bell,,C,2015,7,L,https://www.youtube.com/watch?v=RIwOhG8jNEg,True
4905,4ab8de8a-6b2f-4c51-9e68-b0e7abf1b528,Alice in Nephernalia,,C,2010,69,L,,True
4906,d08f2503-e8c2-46e4-9d0c-0da3fed01e9d,Nightmare Before Wedding,"Nightmare Before Wedding, un road movie en grena",C,2015,19,L,"A Creole adaptation of Alice in Wonderland: https://www.facebook.com/nightmarebeforewedding/
https://vimeo.com/158577191?fbclid=IwAR0w3wzX7XnybB-VJqf-ok1EeFPpsi1VHJR1EUGnn298qsWKHg23OVyxHRQ
",True
4907,1fba6b90-7d6e-40fb-832d-5ee9e0b95591,Alice and Lewis,,C,2019,16,L,"https://www.aliceandlewisfilm.com/?fbclid=IwAR3VGgeOb4dC5woPg1Uc6yCkIt9_l7uMLoB7aIWxKqLxAyJhFOyXyPcaNu8
https://www.facebook.com/aliceandlewisfilm/?fref=ts
https://www.instagram.com/aliceandlewisfilm/?hl=en
",True
4908,f6354921-86ca-4e3a-9b9f-bbbf3fa67837,Red Kingdom Rising,,C,2014,73,L,"https://www.facebook.com/Red-Kingdom-Rising-143817935657137/
https://twitter.com/RKRmovie",True
4909,d042a3f7-762b-4598-b653-b8ab93ce04e4,Alice Underground,,C,1999,26,L,http://www.angelfire.com/film/aliceunderground/index.html,True
4910,8e832191-6f3e-42b9-8429-d12fb2329eed,Alice,,C,1988,85,L,,True
4911,9f4afa1f-a9db-4b1b-ac41-1c0cc887f223,Gekijouban Hâto no kuni no Arisu: Wonderful Wonder World,Alice in the Country of Hearts: Wonderful Wonder World,C,2011,84,A,https://en.wikipedia.org/wiki/Alice_in_the_Country_of_Hearts,True
4912,52d3f61e-4c31-4408-82ec-4cb5d0714c9f,Wonderland,,C,2012,17,L,"https://www.youtube.com/watch?v=kHVPnDyz8_o
https://www.youtube.com/watch?v=3q1JQ8chWVk
",True
4913,ec7aba8c-d160-4294-9d3c-9d5475dd3c5d,222,,C,2016,12,L,"https://www.dnainfo.com/new-york/20170104/chelsea/chelsea-hotel-film-222-alice-in-wonderland-delfine-paolini-ashley-aberg/
https://vimeo.com/193290241
",True
4914,993dcc84-1766-4083-8cfb-60768e7d862f,Alison,Alison in Wonderland,C,2015,60,L,https://www.filmaffinity.com/us/film805490.html,True
4915,7236983f-b981-453f-92f2-7163b81970e8,After Alice,,M,2000,100,L,,True
4916,6c90084e-3f47-4ac9-92d8-a011e197a4fa,The Other Side of the Mirror,Alice: The Darker Side of the Mirror,C,2016,123,L,http://www.moriareviews.com/fantasy/other-side-of-the-mirror-2016.htm,True
4917,658395d8-06fc-4de6-8943-58eee1f3c764,Alice Through a Looking Glass,Alice Thru a Looking Glass,BW,1928,40,L,"No extant version is known to the compiler of this list, though reel 5 has been identified by a US collector. Apparently some of the sets and costumes were shared with the 1915 film version by W.W Young. (From https://documents.uow.edu.au/~morgan/alice1.htm)",True
4918,95f5f081-93dc-4f2c-b2a5-fc2aed548af3,Alisa v Zazerkale,"Алиса в Зазеркалье; Through the Looking-Glass, and What Alice Found There",C,1982,39,A,,True
4919,8fbae06d-0426-4b05-b4b3-3d4b521168c3,Alice Through the Looking Glass,,C,2012,4,A,,True
4920,ed6dfd95-dc55-48c7-b1d1-abbc025a22da,Alice Through the Looking Glass,,C,1973,74,L,,True
4921,94209099-2f4d-43d3-8b43-9f2f5f97edd2,Through the Looking Glass,,C,2013,6,L,,True
4922,a87c3f08-84f7-4df3-9dbf-aa4eee905410,Through the Looking Glass,,BW,2011,,L,,True
4923,bd444bfd-d085-4b4c-829c-f2014574c82f,Thru the Mirror,Through the Mirror,C,1936,9,A,"https://www.youtube.com/watch?v=9xEYiCq5MgY
https://en.wikipedia.org/wiki/Thru_the_Mirror",True
4924,189428dd-17b3-456a-a4c0-711d8fabeaa5,Breaking Up with Jabberwocky,,C,2019,4,L,https://www.youtube.com/watch?v=ZF-crHV-TOM&list=PL6YbEIsrJcUoqjGPi0nY-h2W4Eghdjy-i&index=7&t=0s,True
4925,456fd832-19ba-44e0-b7ac-f5a74fca1b18,The Jabberwock,,C,2012,10,L,,True
4926,9dce8b17-3ce5-4304-a2ec-7a2ff3f53176,Jabberwocky,,C,2009,3,L,,True
4927,f70ba0cd-1440-4db5-8593-73c5ea7b7aa9,Jabberwocky's End,,C,2006,5,U,,True
4928,43b7e368-562a-4d62-ba1d-a985e19532c6,"Jabberwocky, West Shokan",,C,2015,9,L,https://movies.alldbx.com/movies/5cf9b293c50d2e41c42f8ae7/credits,True
4929,4ce95b1e-8bc8-49ce-9e00-364b3da93a92,Jabberwocky,,C,2012,8,L,"https://www.seedandspark.com/watch/jabberwocky-directors-cut
https://www.flightcreativemedia.com/blog/2018/1/10/jabberwocky-short-film
https://letterboxd.com/film/jabberwocky-2012",True
4930,4f3f2762-eb7b-495b-8548-b9f4d2b90c54,Jabberwocky Rise,,C,2020,,L,https://www.filmweb.pl/film/Jabberwocky+Rise-2017-731584/cast/crew,True
4931,fccea174-d93a-4c5b-97b6-81134cc53b49,Alive in Wonderland,,C,2019,12,U,,True
4932,d36f5d8d-7618-4c6e-b72b-499c053e8a16,Alicia en el pueblo de Maravillas,Alice in Wondertown,C,1991,90,L,,True
4933,e12e3da5-b9ae-4bcd-b90a-0948540ce8af,Alyce in Wonderland,,C,1991,30,L,"https://fest.afi.com/1992/u-s-a-independent-cinema-shorts-1992/alyce-in-wonderland/#elevent
",True
4934,b214586a-a4df-49f7-bbf1-5eda602082fd,Alisson in Wonderland,,C,2015,9,L,"https://www.kinopoisk.ru/film/905118/
https://cedricfangeat.com/2014/05/02/alison-in-wonderland/
https://cedricfangeat.com/portfolio/alisson-in-wonderland/
",True
4935,126b5e83-681b-4020-8e52-98c3ecf7770f,Through the Looking Glass,,C,2018,26,L,"https://vimeo.com/285165682
https://nikkiscolt.com/alices-misfortunes-in-underland-through-the-looking-glass-short-film/ 
https://nikkiscolt.com/alices-misfortunes-in-underland-through-the-looking-glass-script/
https://www.indieshortsmag.com/reviews/2019/02/alices-misfortunes-in-underland-through-the-looking-glass-this-tale-is-as-urban-esque-as-it-can-get/",True
4936,7e666df3-65ab-43c9-9b57-17a13a056046,Zoey and the Wind-Up Boy,,C,2017,29,L,https://vimeo.com/211450126,True
4937,4b12b4ba-29e7-4135-98c5-b6f68107fc9d,Super Xuxa Contra o Baixo Astral,Super Xuxa Against the Down Mood,C,1988,86,L,"https://en.wikipedia.org/wiki/Super_Xuxa_contra_Baixo_Astral ",True
4938,fe38ade0-e064-476b-a96f-d952b95cf50b,Alice: The Darkest Hour,,C,2018,94,L,"https://www.facebook.com/AliceDarkestHour/
https://www.filmtv.it/film/155827/alice-the-darkest-hour/?fbclid=IwAR08d5_0O3tLsyCGmnC0ZJosFvAJVprBX11c9_1Gwlj4Z6h5AC8-l27MBOY 
https://letterboxd.com/film/alice-the-darkest-hour/",True
4939,842bde38-c32d-42e5-8cb4-b5759724d577,Alice Through the Looking Box,,BW,1960,90,L,,True
4940,cf5690ea-284c-4dbd-9bdc-5e745a13be2f,Through the Looking Glass,,C,2013,5,L,,True
4941,e58fe080-11a0-4f73-bd0d-2b43e12a8947,Crime Scene X: Jabberwocky in the Looking Glass,,C,2010,,L,,True
4942,c1b55843-6133-4561-89ba-de6a57065d72,Jabberwock,Jabberwocky Dragon Siege; Curse of the Dragon,C,2011,83,L,,True
4943,7cb69cfa-a1a4-47b1-be06-b1131574b4df,The Starving Games,,C,2013,83,L,,True
4944,752cc56c-9c93-4418-aaed-a296b586eace,Ryzhik v Zazerkale,Рыжик в Зазеркалье; Ryzhik Through the Looking Glass,C,2011,120,L,,True
4945,a42569b6-74fb-4163-a417-eb8cd5d7baca,Snow White: My Confidential Drawers,,C,2004,16,L,"https://www.jeffkristian.co.uk/snow-white
",True
4946,fa511446-790a-4078-baba-07c5d3ed08bc,Pinokyo en Little Snow White,,C,1972,,L,,True
4947,63f35818-1bcb-420d-adcd-52d798f7c439,Inauguration of Snow White,,C,2011,60,L,"https://letterboxd.com/film/the-inauguration-of-snow-white/
https://www.facebook.com/pages/category/Movie/Cosmotropia-de-Xams-INAUGURATION-OF-SNOW-WHITE-154074108002873/

https://vimeo.com/ondemand/inaugurationofsnowwhite
",True
4948,7d4834dd-5a83-45d7-90f6-657514952dd0,Snow White and Other Fabulous Fables,,C,1991,33,A,"Also includes the story of the clever turtle; not sure what ATU that is, if any
Each story is 11 min

",True
4949,e38004f9-0b7c-422a-90a8-fd8193cdfba9,Snow White and the Hundredth Monkey,,C,1999,19,U,,True
4950,0ca49ca5-e7b5-4f73-a1fb-2aa44391e006,Xue gu qi you,Snow White and Her Seven Friends,BW,1941,,L,http://hkmdb.com/db/movies/view.mhtml?id=515&display_set=eng,True
4951,39eab047-f832-4867-8e8d-8cdb2c3d1c29,Snow White and the Three Little Pigs,Snow White and the Three Pigs,C,2016,80,A,"https://www.cinematerial.com/movies/snow-white-and-the-three-little-pigs-i6448206 
https://en.hkcinema.ru/film/24826",True
4952,e83a9ffd-a7ce-4dee-a4de-72d52e6aa320,Bai xue gong zhu,"Chinese Princess Snow White, Chinese Snow White",BW,1940,,L,https://lostmediaarchive.fandom.com/wiki/Bai_xue_gong_zhu_(Lost_1940_Chinese_Live-Action_Adaption_of_Disney%27s_Snow_White),True
4953,466cb264-dd0b-451f-9d38-c54d4e9651d1,Snow White and the Seven Movies,,C,2012,2,L,https://funnyordie.com/2012/05/23/29947/snow-white-and-the-seven-movies/,True
4954,e2c49f84-5d5c-4436-a871-186e4b50a6bd,Biancaneve e i sette nani,Snow White and the Seven Thieves,C,1973,,L,,True
4955,17df211e-9638-48bf-86a2-8f695d2956b0,White as Snow,,C,2016,7,L,,True
4956,d8c60c48-d49b-409d-80f3-7afc905e3ccc,Snow White and the Seven Dwarfs,,C,2017,49,A,,True
4957,47fe3545-80b7-4da2-88f6-2d798cf182de,Snow White and the Seven Dwarfs,,BW,1966,60,L,,True
4959,eb431bd9-7b38-4283-97e3-44502da779b3,Snow White and the Gamble,,C,2013,11,L,,True
4960,e3f78937-dcd5-4a3e-9581-d5d89a8b1657,Snow White and the Seven Thugs,,C,2014,6,L,https://www.youtube.com/watch?v=fVRy7v0Cigo,True
4961,c8a0012d-308c-4e27-83fa-58f0c752c344,Snow White and the Magic Mirror,,C,1994,32,A,"https://letterboxd.com/film/snow-white-and-the-magic-mirror/details/
",True
4962,ae5bb04b-ce57-4bdf-a2de-37a9a35799f6,"Bai xue gong zhu zhi shen mi ba ba ","Snow White: The Mysterious Father; Snow White's New Adventure, Snow White: Happily Ever After",C,2015,78,A,,True
4963,9e168814-606e-4f45-af27-6b86ceb28b08,Snow White and the Satan Dwarves,,C,2015,8,U,,True
4964,881198f0-c92e-4a79-94a2-3bc4dcf34103,Snow White in the Real World,,C,2013,13,L,,True
4965,50dcfef0-3af3-43e4-9d41-97b26235610c,Dear Snow White,,C,2011,9,A,"https://buzz.viddsee.com/heroine-skin-white-snow/
https://vimeo.com/58856470
",True
4966,d4a30d06-d5e4-4868-8f0f-5bf97ad3b563,The SnowWhite File,,C,2007,15,U,,True
4967,98716962-e331-4fed-a7ec-1d2d61cd18f3,Little Snow White,,BW,1927,,U,"Third release in the ""Grimm's Fairy Tales"" 3-reel series.",True
4968,a93cea63-2076-44ea-908f-eb9548c26f12,La Nouvelle Blanche Neige,"The New Snow White, La véritable histoire de Blanche Neige",C,2011,84,L,,True
4969,9c688899-4936-4e8c-a793-6addb067f09c,A Snow White Christmas,,C,2018,90,L,,True
4970,244fed3f-7dbf-4902-a200-946ee1fe585c,Snow White,,C,1983,3,L,"https://www.eai.org/titles/snow-white
http://catalog.c3.hu/index.php?page=work&id=20&lang=EN 
",True
4971,736b53e3-66cd-44a7-9567-612b9825748d,Snow White,,C,2012,2,L,"https://vimeo.com/57805339
https://www.youtube.com/watch?v=EB2ISWfc_Bc
",True
4972,8b138dbf-f58c-4f66-ab29-ef693c767235,Snow White,Sugar & Spice: Snow White,C,1991,26,A,,True
4973,1031795b-89ed-4085-9a25-7c0674c38c9d,Snow White,,C,1990,8,A,"http://www.enchantedtales.com/Snow-White.html
https://golden-fillms.fandom.com/wiki/Snow_White

IMDB entries have different dates, so I used the date from the entry that was more complete.",True
4974,405106c1-d183-4325-907f-dcb456936443,Snow White,,C,1990,28,M,"Not sure if it's animated or live. The image on IMDB is animated, but a Google search showed a live action image on the Prime video site: https://www.primevideo.com/detail/SNOW-WHITE-1990/0K64VGOOMHN758RG06WVL6BS1D - the Prime Video site also says the stars are the same as the 1990 Golden Films video, and that the duration is 1 hour 30 min. ",True
4975,7a9d2227-a704-474b-9b7b-b7af4deeec97,Hófehér,Snow White: The Mysterious Father; Snow White's New Adventure,C,1984,90,A,https://letterboxd.com/film/snow-white-1984/,True
4976,38632ce1-76fc-480c-a9a3-834472957cc8,Snow White,,C,2005,111,L,,True
4977,94b1f788-a051-4709-bc80-48d2caec7aea,Once Upon a Crime,,BW,2009,10,L,,True
4978,60cc77c9-7108-4a7f-8239-7427e4d407dc,I Hionati kai ta 7 gerontopallikara,"Snow White and the Seven Bachelors, Snow White and the 7 Bachelors, Snow White and the Seven Old Bachelors",BW,1960,101,L,,True
4979,a0939eac-c049-4124-89b6-88b009234ca1,E! True Hollywood Story: Disney's Snow White,E! True Hollywood Story: Snow White,C,2016,3,L,"https://www.youtube.com/watch?v=Ty4oY3cLZfA
",True
4980,fc5f8528-ba1b-4ca3-a9ab-61e8b26d8ee3,Lumikki ja 7 jätkää,"Lumikki ja seitsemän jätkää, Snow White and the 7 Lumberjacks",BW,1953,69,L,,True
4981,be44a0e1-7fa0-4b86-b205-1988d77971c3,Auf Wiedersehen Papa,Goodbye Daddy,C,2010,23,L,"https://www.berlinale-talents.de/bt/project/profile/201967
",True
4983,f8a8c8d0-f111-468c-8aff-18949f49c16b,Ni tan Bella,Not That Beautiful,C,2016,6,L,"https://vimeo.com/177210886
https://fibabc.abc.es/filmoteca/ni-tan-bella/
",True
4984,152fc2d2-f2b1-4891-b598-741d07d33e93,Elle voit des nains partout...,She sees dwarves everywhere...,C,1995,90,L,,True
4985,8c40a236-9e0a-4512-8204-29a7adcffe06,Snow Whitey's Webcasting,,C,2017,9,L,"https://movie-douban-com.translate.goog/subject/27077694/?_x_tr_sl=zh-CN&_x_tr_tl=en&_x_tr_hl=en&_x_tr_pto=sc
",True
4986,103a79f4-80a3-4241-b372-da3f76d7502b,Snow Whitey's Little Trick,,C,2017,7,L,"https://movie-douban-com.translate.goog/subject/27074640/?_x_tr_sl=auto&_x_tr_tl=en&_x_tr_hl=en-US&_x_tr_pto=wapp ",True
4987,c431e9f5-2526-4942-a605-df0a94491ce0,O nanos kai oi 7 hionates,The Dwarf and the 7 Snow Whites,C,1970,90,L,,True
4988,3f273b39-bc0d-4007-b398-d37b8888dd24,Snow White Cologne,,C,2018,6,A,"https://filmotomy.com/femme-filmmakers-festival-review-snow-white-cologne-amanda-eliasson/
http://www.goodshortfilms.it/en/time/5-10/snow-white-cologne-amanda-eliasson
https://vimeo.com/277584430 
",True
4989,ad0bf515-9b29-4763-9356-efc9ce6cb826,Shirayuki hime satsujin jiken,The Snow White Murder Case,C,2014,126,L,"https://en.wikipedia.org/wiki/The_Snow_White_Murder_Case ",True
4990,27418d6f-b427-4e3a-95a6-af248057a24c,The Snow White,Tai Tang Klom,C,2010,80,L,"https://letterboxd.com/film/the-snow-white
http://thaifilmjournal.blogspot.com/2010/10/review-snow-white-tai-tang-klom.html
https://www.moviefone.com/movie/the-snow-white/bIlYhqRXJg0Rtj5fYGhN83/credits/ ",True
4991,6320a1d8-5590-42ad-8afe-cec1ec44e5d8,Mickey's Magical Christmas: Snowed in at the House of Mouse,,C,2001,65,A,,True
4992,34e716ad-8c9a-48c4-9852-4f5509006245,Snow White: Rose Red,,C,2012,,L,,True
4993,9859ba19-1e56-472c-92db-ae8291abb6d3,Wojna polsko-ruska,Snow White and Russian Red,C,2009,108,L,https://culture.pl/en/work/snow-white-and-russian-red-xawery-zulawski,True
4994,91b0e0b7-9981-43f2-9aa9-e353578b82d5,Peter en de vliegende autobus,Flying Without Wings,C,1976,88,L,,True
4995,0d3fc6a3-80aa-494e-9ba5-82f3ec1022d0,The Adventures of Snow White and Rose Red,,C,2018,74,L,,True
4996,6b427505-7a6b-4402-a5c4-fcc3328dd090,Hansel and Gretel,,C,2015,6,L,https://roosterteeth.com/watch/rt-shorts-season-6-hansel-gretel?,True
4997,9ef12b44-9509-4bda-ba3f-008c2836b789,Hansel and Gretel,,C,2013,15,L,http://www.ellajonesfilm.com/hansel-and-gretel.html,True
4998,691aeb58-ced4-400f-9ba9-02e556df0c82,Hansel and Gretel,,C,2011,6,L,"https://vimeo.com/28644161 
https://www.youtube.com/watch?v=dCCFABq_ksE
https://www.facebook.com/hanselandgretelfilm/?ref=tn_tnmn
https://www.emmavarker.com/new-page",True
4999,68a41000-ea7c-44e1-9617-e6530dd6995c,Hansel and Gretel,,C,2005,16,A,https://www.kanopy.com/product/hansel-and-gretel,True
5000,2e86496d-a74d-4840-8992-dc1ca1abeee6,Hansel & Gretel,,BW,2007,27,L,,True
5001,3a0182f4-9c79-461d-aa81-f2d0c1126a5a,Hansel e Gretel,"Hansel and Gretel, Never hurt children!",C,1990,87,L,,True
5002,bf58f538-899f-4640-b9f2-2e3ba5d607d8,Hansel and Gretel,Hansel y Gretel,C,2000,,L,,True
5003,8d93ed15-84bf-4acb-af2c-4020b1bddc2a,Hansel and Gretel,,BW,2007,5,L,"https://www.youtube.com/watch?v=Y-KpjkFi9LY
5 minute short for the beginning of a Hansel and Gretel/Snow Maiden fairytale mash-up.
https://www.flickr.com/photos/corneliusbowl/2801427628/in/photostream ",True
5004,09050b34-2ab2-4e45-811d-ed582f6a2dac,Hänsel und Gretel,Hansel and Gretel,C,2013,10,A,"https://vimeo.com/90732494

https://www.zlinfest.cz/en/film-detail?id=2882
https://www.filmportal.de/en/movie/hansel-gretel_",True
5005,ead9751f-a48f-4318-89e1-864f9ac8102f,Jonukas ir Grytute,Hansel and Gretel,C,2003,90,L,,True
5006,e14d85b9-2859-438b-87ea-65676ab8bc49,Hansel + Gretel,,C,2014,4,A,"https://vimeo.com/115232223
https://soyeonkimart.com/Hansel-Gretel
https://robotmafia.com/hansel-gretel-by-soyeon-kim/",True
5007,dc612f85-e6d6-43ce-ad42-4370c233b5dd,Hansel & Gretel,,C,2006,51,L,,True
5008,5f2be574-566a-412c-a168-b835fd8683ae,Vistinskata prikazna za Hansel i Gretel,Hansel and Gretel: The True Story,C,2010,14,A,"https://www.giffonifilmfestival.it/en/sezioni-film-2015/1254-hansel-and-gretel-the-true-story.html
http://filmfund.gov.mk/?p=7093&lang=en
https://www.seecinema.net/single_movie.php?film_id=637",True
5009,b41437ad-e324-40d6-9f7d-de186acd7768,Hansel and Gretel,,C,2011,7,U,,True
5010,8d964bde-c188-41d3-a419-7136b72a89f9,Hamstel and Gretsel,,C,2019,10,L,https://ru.kinorium.com/2025046/cast/,True
5011,4ded21fd-4e68-4244-a2f7-450fb720022a,Hänsel und Gretel,,C,1971,25,L,http://www.maerchenfilm.pytalhost.com/filme-haenselundgretel1971.html,True
5012,efe82da9-acc4-4eaf-944e-f5635f14a5c1,Maker Tales: Hansel & Gretel,,C,2016,4,L,https://www.youtube.com/watch?v=bAxx0QkyFco,True
5013,a12012b9-f40c-49e5-ac74-74aa8cc943af,Hänsel und Gretel,,C,2012,59,L,,True
5014,89071cc0-c676-48f5-bc43-d2da681a75ab,Hansel and Grethel,,C,2014,12,L,"Billy and Becky just can’t seem to get along. When Aunt Cara agrees to babysit for the day, she finds herself in the middle of these quarreling siblings and launches into her own version of Hansel and Grethel in order to teach the power of teamwork. ",True
5015,50edbf56-f584-460c-9e73-3b52b69351f5,Hansel and Gretel (Retold),,C,2010,3,A,"Screenshots available at: https://hkimdesign.tistory.com 
http://svacomputerart.com/theses/2010/hskim.html
https://podcasts.apple.com/us/podcast/thesis-work-2010/id424610936",True
5016,4a01011c-a3aa-4172-9d7c-9bad319ff63e,Hansel and Gretal,,C,2015,,A,,True
5018,5e7cf698-5b8d-43f9-b9c4-569f302addb1,Hansel & Gretel,,C,2010,7,L,"https://ru.kinorium.com/564022/cast/
https://www.youtube.com/watch?v=iklNXmK0rTc",True
5019,e1d7bb31-b9df-4188-a952-a4c894a1185e,Hänsel und Gretel im Zauberwald,The Magic Forest; Hansel and Gretel in the Magic Forest,C,1998,60,A,"http://www.kjk-muenchen.de/archiv/index.php?id=573
",True
5020,720828ba-216f-4d0e-bab3-970b185149b5,Ossegg oder Die Wahrheit über Hänsel und Gretel,Ossegg or The Truth About Hansel and Gretel,C,1987,82,L,"An archaeologist who has suffered from a ""Hansel trauma"" since childhood sets out to search for and excavate the gingerbread house from the Grimm Brothers' fairy tale. ",True
5021,1b2fff7b-a831-4186-8167-0d2d2ddfe348,Hänsel&Gretel: Don't let fear eat you,,C,2017,20,A,"The fairytale story by Brothers Grimm interpretated in its own way by a group of refugee children age 3 to 15 from Somalia, Syria, Irac, Afghanistan and Jemen.

https://www.crew-united.com/en/Haensel-Gretel-Don-t-let-fear-eat-you__250579.html
http://refugeesfilmfest.com/film/hanselgretel-dont-let-fear-eat-you/
",True
5022,45d4edab-f480-4fa1-804d-31037055ab7e,Hansel and Gretel Ride the White Line,,C,2016,8,L,https://www.youtube.com/watch?v=O5kSxS86EOU,True
5023,35608b13-ee2c-4fac-b82f-51c708f46670,Hansel & Gretel a Trail of Crumbs,,C,2011,18,U,,True
5024,616900ea-c5c0-4de7-beb0-71b5838cf8e8,Hansel et Gretel,,M,2004,10,L,https://movies.alldbx.cn/movies/5d007101b68a9e4742caf14f/,True
5025,4c6d531c-0864-4254-bfcd-972336528f1d,Hansel et Gretel,,C,2006,,L,,True
5026,1ba3b784-e403-4818-a725-7ee8b5fc7bcc,Hansel et Gretel,,C,2003,13,L,https://en.unifrance.org/movie/25072/hansel-et-gretel,True
5027,0629ddf0-0b7b-465f-9e03-b245e277c7bf,Hansel and Gretel Strike Back,,C,2012,5,L,,True
5028,01b54c93-6739-43f9-9be1-300894f91b71,Hansel and Grendel,,C,2015,4,U,"Probably live, but not 100% sure.",True
5029,e8e22918-32dd-4203-afbd-ff642b328c0b,Hänsel und Gretel,,BW,1907,3,U,https://www.moviefone.com/movie/hansel-und-gretel/upuVDF3JCZL6Cj6gNXGAH/main/,True
5030,f4c0d0c8-2d0c-493b-9f57-68f7940bec8e,Hänsel und Gretel,,BW,1924,,U,,True
5031,6e66771c-cde5-4a16-96f0-e9d2cebfdcfb,Hansel y Gretel,Hansel Y Gretel,BW,1969,36,U,,True
5032,70bfa357-1f2f-4f9b-95f3-31c821ff8afe,Get Lost,Woody Woodpecker,C,1956,7,A,"https://en.wikipedia.org/wiki/Get_Lost_(film)
https://www.youtube.com/watch?v=YeuEremIXkY
",True
5033,ba8698be-0cee-419d-a56d-e37bef69aeb9,Sachte (Tenderly),Holden & Grace,C,2010,11,L,https://www.facebook.com/groups/114908958551408/permalink/206806439361659,True
5034,b662626d-ce41-4167-8512-1463b483679d,Warlock Moon,Bloody Spa,C,1973,89,L,"Described by an IMDB user as ""a cross between The Texas Chainsaw Massacre and Hansel and Gretel""
https://en.wikipedia.org/wiki/Warlock_Moon",True
5035,1c08329d-1da3-4d83-aa1d-d7062c9e3b0e,Wes Craven's New Nightmare,,C,1994,112,L,"""The seventh installment also brilliantly exudes a fairy tale dynamic, utilizing Hansel and Gretel as a plot device and intentionally drawing comparisons to the story throughout. There’s a sense of fantastical adventure at the heart of Wes Craven’s New Nightmare, which, like the greatest bedtime stories, seeps into our dreams and demands to be explored time and again."" from https://www.horrorgeeklife.com/2017/08/11/wes-cravens-new-nightmare-editorial/

https://www.warnerbros.com/movies/wes-cravens-new-nightmare",True
5036,3f79ea00-63fc-4f91-82b6-10fd30064e7d,Terror Toons 2,"Terror Toons 2: The Sick and Silly Show, Bloody Toons",C,2007,76,L,https://en.wikipedia.org/wiki/Terror_Toons_2:_The_Sick_and_Silly_Show,True
5037,dc19b834-4a3c-47d4-b7a3-bdf34d3c3836,Terror Toons 3,,C,2015,71,L,https://www.facebook.com/terrortoons3,True
5038,7da96419-c7df-4433-b254-da2b7800e755,Prins hatt under jorden,,C,1980,90,L,https://letterboxd.com/film/film:584054/,True
5039,bca377aa-f047-4209-827b-92f91371247c,Valkoinen peura,The White Reindeer,BW,1952,74,L,Based on pre-Christian Finnish mythology and Sami shamanism,True
5040,c78af999-80ce-4076-b141-5cf3333be459,Pasácek vepru,,C,1958,14,A,https://letterboxd.com/film/the-pig-shepard/,True
5041,4d541145-3400-40e4-94cf-28d77a8193a8,Svinopas,Swineherd,C,1980,17,A,https://letterboxd.com/film/the-swineherd/,True
5043,c5b7bacf-b41e-4486-9568-65b56c379bb4,Hochu lunu,Хочу Луну,C,1984,10,A,"https://www.youtube.com/watch?v=c6Rj6MqL8xU 
Based on James Thurber's Many Moons: https://en.wikipedia.org/wiki/Many_Moons ",True
5044,7eade71b-9efa-4219-b6c2-63191a4fd8ba,Golubaya strela,"Blue Arrow, Голубая стрела",C,1985,19,A,,True
5045,49e34200-6819-4bad-837f-2ce3f47a0665,Novosele u Brattsa Krolika,"The Housewarming of Brer Rabbit, Новоселье у Братца Кролика",C,1986,19,A,"Origin: https://en.wikipedia.org/wiki/Uncle_Remus ",True
5046,f6dd1f53-c4f3-43c8-a6d4-80ff7f609000,Belaya Caplya,"The White Heron, Белая цапля",C,1987,17,A,"""The basis of the plot was the sad tale of V. Teleshev ""For the sake of the whim of a woman of fashion""."" (IMDB)",True
5048,98baa6f4-8593-498a-97e8-d1273e62dd11,Mikola a Mikolko,,C,1989,83,L,"Origin cited as MIkula and Mikulka by Hans Christian Andersen, but I couldn't find this story online

https://www.youtube.com/playlist?list=PLnUiIRH6uPcTvygLMqg_SDRZ5yn5pRnK7
 
https://letterboxd.com/film/mikula-and-mikulka/ 
",True
5049,ba88a719-f886-4b43-9641-344e01955222,Osenniy podarok fey,"Fairies' Autumn Gift, Осенний подарок фей",C,1984,76,L,"https://letterboxd.com/film/fairies-autumn-gift/
It says it’s based on HCA tales, but doesn’t specify which one(s)
",True
5050,609a5217-4ab2-4a5a-95b0-8ef48f19bd6f,The Wild Swans,Stories to Remember: The Wild Swans,C,1994,30,A,"https://letterboxd.com/film/the-wild-swans-1994/ ",True
5051,26d4c131-345c-4099-a48e-08ca00212cf4,Fyrtøjet,,BW,1907,11,L,"https://letterboxd.com/film/the-tinderbox-1907/
https://www.youtube.com/watch?v=pCNgCwC4jlc
",True
5052,c42c5476-dc96-4dfc-afbc-66e134d8c15a,Kresadlo,,C,1988,17,A,,True
5053,d6c8870a-8365-4802-9c66-e9b02c1df118,The Red Shoes,,C,2010,,L,"https://letterboxd.com/film/the-red-shoes-2010/ ",True
5054,54335d81-fb4a-47db-a0aa-e21016279127,Die Galoschen des Glücks,,C,2018,59,L,https://letterboxd.com/film/the-galoshes-of-happiness-2018/,True
5055,4f9c70ba-a280-48a8-b476-aa227fa6a0a9,Once Upon a Mattress,,BW,1964,90,L,https://letterboxd.com/film/once-upon-a-mattress-1964/,True
5056,8942cf75-6001-41f1-8688-f48bdb39c7e5,Once Upon a Mattress,,C,1972,90,L,"https://letterboxd.com/film/once-upon-a-mattress-1972/ ",True
5058,5bfb55f1-4bf2-4f34-961e-16c54def3a97,The Princess and the Pea Chronicles,The New Adventures of Princess and the Pea,C,2003,,A,"https://letterboxd.com/film/the-new-adventures-of-princess-and-the-pea/ ",True
5059,9742fdd2-1d43-489e-a791-62de690b4d34,Die Prinzessin auf der Erbse,,C,2010,58,L,"https://letterboxd.com/film/the-princess-and-the-pea-2010/ ",True
5060,9910339e-716b-46bf-96f5-27d4b76aff5d,The Fir Tree,,C,1979,28,U,https://letterboxd.com/film/the-fir-tree-1979/,True
5061,b76329a1-c689-4418-87e6-cfd9be88ba92,El,"Spruce, Ель",C,1984,10,A,"https://letterboxd.com/film/the-fir/
",True
5062,0b290393-0a0d-47b7-9141-aeef397f037c,Grantræet,The Fir Tree,C,2011,26,L,https://letterboxd.com/film/the-fir-tree/,True
5063,c6aa15fd-5307-47f0-b0a8-12632c92e691,The Fir Tree,,C,2014,8,U,,True
5064,659acf51-03a8-4ce3-a453-dccf018b6ba8,Die Schneekönigin,,C,1975,89,L,https://letterboxd.com/film/the-snow-queen-1975/,True
5065,285480d3-98b2-4aaf-a015-b098c37d80e8,Die Schneekönigin,The Snow Queen,C,2014,86,L,https://letterboxd.com/film/the-snow-queen-2014/,True
5066,ededd0ef-faaf-45ff-97e3-65fc2931d879,Ka-i: Geo-wool ho-su-eui jeon-seol,Kai,C,2016,96,A,https://letterboxd.com/film/kai-2016/,True
5069,c01f5cb4-a62f-41c7-85f1-c26d6fce7dd1,Der Schweinehirt,,C,2017,60,L,"https://letterboxd.com/film/der-schweinehirt/ ",True
5071,8d3ff944-fa23-4074-a125-4c8f78e5d95b,The Tin Soldier,,C,1995,93,L,https://letterboxd.com/film/the-tin-soldier/,True
5072,6ed20021-31b5-4056-a330-12a1ef9b034a,Rabbit Ears: The Steadfast Tin Soldier,,C,1985,30,A,https://letterboxd.com/film/rabbit-ears-the-steadfast-tin-soldier/,True
5073,75be7184-5b1d-4bf3-94a5-3484c46dc632,Das Mädchen mit den Schwefelhölzern,,BW,1925,20,L,"https://letterboxd.com/film/the-little-girl-with-the-sulfur-sticks/
https://translate.google.com/translate?hl=en&sl=de&u=https://de.wikipedia.org/wiki/Das_M%25C3%25A4dchen_mit_den_Schwefelh%25C3%25B6lzern_(1925)&prev=search&pto=aue",True
5074,c8ba5d7d-f713-4cc1-8987-1836c9e1cc22,La jeune fille aux allumettes,,BW,1952,9,L,https://letterboxd.com/film/la-jeune-fille-aux-allumettes/,True
5075,6faf7597-9f11-4d46-a381-4e6f9b5d5c80,The Little Match Girl,Han's Christian Andersen's The Little Match Girl,BW,1954,8,L,https://letterboxd.com/film/the-little-match-girl-1954/,True
5076,8fa73449-3d0a-49db-ae36-8befd3b70b23,Match Uri no Shoujo,"The Little Match Girl, マッチ売りの少女",C,1971,18,A,"https://letterboxd.com/film/the-little-match-girl-1971/
https://myanimelist.net/anime/11693/Match_Uri_no_Shoujo/clubs - lists producer",True
5077,2115feb7-eda1-4a0a-b1a2-cbd88b72b0e3,The Little Match Girl,,C,1986,90,L,https://letterboxd.com/film/the-little-match-girl-1986/,True
5078,29548d65-9db1-4e52-bd89-e2b302dedb89,The Little Match Girl,,C,1987,96,L,https://letterboxd.com/film/the-little-match-girl-1987-1/,True
5079,94f78782-c009-412b-8f52-90b3ce6af17e,The Little Match Girl,,C,2005,7,U,https://letterboxd.com/film/the-little-match-girl-2005/,True
5080,8d9de127-9479-40c3-8def-39d4b951db94,The Little Match Girl,Девојчето со кибритчињата,C,2011,13,L,"https://www.youtube.com/watch?v=hBpr0eP5eQU
https://letterboxd.com/film/the-little-match-girl-2011/
https://www.themoviedb.org/movie/453530",True
5081,2965fdee-6050-4427-afac-ad91882a6766,The Little Match Girl,Девојчето со кибритчињата,C,2011,13,L,"https://www.youtube.com/watch?v=hBpr0eP5eQU
https://letterboxd.com/film/the-little-match-girl-2011/
https://www.themoviedb.org/movie/453530",True
5082,802492d9-b0de-4bde-b4e0-405b54c66f7f,Das Mädchen mit den Schwefelhölzern,,C,2013,59,L,https://letterboxd.com/film/the-girl-with-the-sulfur/,True
5083,72f0de8c-c011-48be-a6dd-3d1439cd48fc,A Pequena Vendedora de Fósforos,The Little Match Girl,C,2014,10,A,"https://vimeo.com/88412224
https://letterboxd.com/film/the-little-match-girl-2014/
https://www.facebook.com/vendedora.de.fosforos
https://fosforos.wixsite.com/shortmovie
https://www.themoviedb.org/movie/387007-a-pequena-vendedora-de-f-sforos",True
5084,79665e6e-a174-45e1-af43-9508f1f66393,Macchi shoujo,"The Match Girl, 燐寸少女",C,2016,94,L,https://letterboxd.com/film/the-match-girl/,True
5085,0853a271-553b-48be-8611-f074598a5bf0,La vendedora de fósforos,The Little Match Girl,C,2017,71,L,"https://letterboxd.com/film/the-little-match-girl-2017/
https://www.themoviedb.org/movie/453668-la-vendedora-de-f-sforos

https://www-margenes-org.translate.goog/es/pelicula/5be2e62e4fdd051939d3d220?_x_tr_sl=es&_x_tr_tl=en&_x_tr_hl=en&_x_tr_pto=nui,sc",True
5086,3fb85d29-953a-4297-818a-e4176e0132b8,Little Match Girl,,C,2018,19,L,https://letterboxd.com/film/little-match-girl/,True
5088,60af487f-e8c7-4f1b-b6de-24f0c0f579a6,Little Mermaid,,C,2016,90,L,"https://letterboxd.com/film/little-mermaid/
https://www.youtube.com/watch?v=KZCg1-50LxE",True
5089,fdfcb832-4c22-4e4d-a70b-1edf22929c3a,Alice Under the Table,Alice. Under the table,C,2013,7,L,"https://vimeo.com/79290101
https://www.filmaffinity.com/us/film584534.html",True
5090,e84de187-e81a-4f28-a9b0-c5437af14808,The Silver Moonlight,,C,2015,50,L,https://letterboxd.com/film/the-silver-moonlight/,True
5091,8e1c53b0-f55d-4e07-ada9-49231600c229,Charlotte's Song,"The Little Mermaid, Mermaid's Song",C,2015,88,L,https://letterboxd.com/film/charlottes-song/,True
5092,a07fd5d5-b020-4e15-a18f-ec7809861629,The Witches,,C,2020,106,L,https://en.wikipedia.org/wiki/The_Witches_(2020_film),True
5093,a6ddba0c-4416-49ee-b49a-35b3f4fb7562,Espuma de mar,Sea Foam,C,2018,7,L,https://letterboxd.com/film/sea-foam/,True
5094,3873daf0-826d-484e-a70d-a6b8f2c8a570,Rabbit Ears: The Emperor and the Nightingale,,C,1987,,A,"https://letterboxd.com/film/rabbit-ears-the-emperor-and-the-nightingale/
http://www.rabbitears.com/products/34343-the-emperor-and-the-nightingale.html",True
5095,087200aa-f903-41fe-9885-dd63ed1e5669,Die dapper kleremakertjie,,C,1992,90,A,"https://letterboxd.com/film/die-dapper-kleremakertjie/
https://trakt.tv/movies/die-dapper-kleremakertjie-1992#overview
https://www.themoviedb.org/movie/157529-die-dapper-kleremakertjie
",True
5096,a3417f97-6840-4157-abb7-42f10448346b,Thumbelina,,BW,1924,,A,"https://letterboxd.com/film/thumbelina-1924/
https://www.themoviedb.org/movie/489141-thumbelina 

The earliest animated version of the tale.",True
5097,8a284f55-7005-4b3c-a1d6-1545821068f1,Des Kaisers neue Kleider,,C,2010,59,L,https://letterboxd.com/film/the-emperors-new-clothes-2010/,True
5098,37370665-8d1f-476e-84e1-91eaa7a9538e,Thumbelina,,C,1993,80,A,"https://letterboxd.com/film/thumbelina-1993-2/
https://www.themoviedb.org/movie/86641-oyayubi-hime-monogatari 
",True
5099,58159e9c-eefd-4f3f-b3fe-1d9bc21189a5,Dyuymovochka,Дюймовочка,C,2007,,L,https://letterboxd.com/film/thumbelina-2007/,True
5100,7276fcb2-51bc-4b21-bed0-fddb0baa8820,Pohádka o Malíckovi,Sprīdītis,C,1986,80,L,"https://letterboxd.com/film/little-tom-thumb-1987/
https://www.themoviedb.org/movie/206951/",True
5101,c587c939-a03f-46b7-9015-9b0d4497160b,Beanstalk,,C,1994,78,L,"https://letterboxd.com/film/beanstalk/
https://www.themoviedb.org/movie/183940-beanstalk",True
5102,a07bf5cc-504b-4aee-91d8-b84b46499d7d,Naked Fairy Tales,,C,2002,55,L,"https://letterboxd.com/film/naked-fairy-tales/
https://www.themoviedb.org/movie/62988-naked-fairy-tales",True
5103,620f55ac-3086-4ef4-94ab-ea739591ee3d,Geek Charming,,C,2011,94,L,https://en.wikipedia.org/wiki/Geek_Charming,True
5104,3cc14223-5ec4-42c9-96cf-2031f1f8fb51,Charming,,C,2016,16,L,"https://letterboxd.com/film/charming/
https://www.themoviedb.org/movie/294797-charming",True
5105,5b581e1b-9e3d-448a-aaab-2a703d764e48,Sinister Squad,,C,2016,90,L,https://letterboxd.com/film/sinister-squad/,True
5106,92830216-90ae-43d6-aa46-00bb18b7bb60,Lang & gelukkig,Happily Ever After,C,2010,90,L,https://letterboxd.com/film/happily-ever-after-2010/,True
5107,4c2dd213-8add-48be-990d-268381fd5e3a,Sinyaya ptitsa,"The Blue Bird, Синяя птица",C,1970,50,A,https://letterboxd.com/film/a-blue-bird/,True
5108,61dff0b0-aac8-46b0-991c-5e155b70187c,Babochka,Butterfly,C,1972,10,A,,True
5109,e8f2cdfe-3c33-4b4b-8cbf-71670e9727cb,L'oiseau bleu,The Blue Bird,C,1908,12,A,"https://letterboxd.com/film/the-blue-bird-1908/
https://www.themoviedb.org/movie/205281-l-oiseau-bleu

https://en.wikipedia.org/wiki/The_Blue_Bird_(fairy_tale)",True
5110,24a89410-8b3e-4274-9ce5-b9e257544c3e,Fairy Ballet,,C,1998,12,L,"https://letterboxd.com/film/fairy-ballet/
https://www.themoviedb.org/movie/379238/

Origin: Madam D'Aulnoy's :The White Cat"": https://en.wikipedia.org/wiki/The_White_Cat_(fairy_tale)
Close similarities as well to ATU 310 ""The Maiden in the Tower"" as well.",True
5111,908989ac-a3e7-4ce1-8609-7d2c15c812a2,Blue Bird,,C,2011,86,L,"https://letterboxd.com/film/blue-bird/
https://www.themoviedb.org/movie/110961-blue-bird",True
5112,0e79fb40-7907-4263-82c3-56a2c7e8e762,Zlatovláska,Princess Goldilocks,C,1973,74,L,"https://letterboxd.com/film/princess-goldilocks/
https://en.wikipedia.org/wiki/Princess_Goldilocks ",True
5113,9a648079-e809-48c7-8580-040b16cb1a0b,Le sei mogli di Barbablù,"Le 6 mogli di Barbablù, Bluebeard's Six Wives",BW,1950,87,L,"https://letterboxd.com/film/le-sei-mogli-di-barbablu/
https://en.wikipedia.org/wiki/Bluebeard%27s_Six_Wives
",True
5114,dc92222b-313a-48cf-93a6-3057fe89e1a4,Barbazul,Bluebeard,C,2012,98,L,https://letterboxd.com/film/bluebeard-2012/,True
5115,5a98321e-105e-4e02-99db-99182115c48b,Malchik s palchik,"Tom Thumb, Мальчик с пальчик",BW,1938,11,A,"https://letterboxd.com/film/tom-thumb-1938/
https://www.themoviedb.org/movie/429358-malchik-s-palchik",True
5116,6926f150-5477-4bf0-a556-49abafedd88e,Le petit poucet,Hop-o'-My-Thumb,C,2011,81,L,"https://letterboxd.com/film/hop-o-my-thumb/
https://www.themoviedb.org/movie/120820-le-petit-poucet
https://www.flachfilm.com/film/hop-o-my-thumb-2/?lang=en",True
5118,ff9f9c29-708b-4b8b-8160-7eaf802e7459,O Gato de Botas Extraterrestre,,C,1990,85,L,"https://letterboxd.com/film/extraterrestrial-cat-in-boots/
https://www.themoviedb.org/movie/227399/",True
5119,f6ddf91d-f1d8-4cc0-9243-63b8926fbdc3,Pro kota...,"About the Cat..., Про кота...",C,1985,69,L,https://letterboxd.com/film/about-the-cat/,True
5120,00bad5ce-1608-4bfb-ab12-2db8464d1c8e,Puss in Boots,,C,1993,50,A,https://letterboxd.com/film/puss-in-boots-1993/,True
5121,2fa22aef-0fcd-40fb-9273-83633730e064,Puss in Boots: A Furry Tail,,C,2011,41,A,"https://letterboxd.com/film/puss-in-boots-a-furry-tail/
https://www.themoviedb.org/movie/81969-puss-in-boots-a-furry-tail",True
5122,58113b30-d87f-4a88-b8d3-82a0eae746e3,Caperucita y Roja,,C,1977,98,L,"https://letterboxd.com/film/caperucita-y-roja/
https://www.themoviedb.org/movie/422597-caperucita-y-roja
",True
5123,cfdb4e46-c04c-4737-b255-9cf44fd3ea73,Rauða Hettan,,C,2013,12,L,"https://vimeo.com/61494513
https://letterboxd.com/film/raua-hettan/
https://www.themoviedb.org/movie/205346-rau-a-hettan",True
5124,bab4a4d2-4549-498a-a6fd-779bb15d79c9,Hontô wa eroi Gurimu dôwa: Reddo suwôdo,"Red Sword, 本当はエロいグリム童話 レッド・スウォード",C,2012,76,L,"https://letterboxd.com/film/red-sword/
https://www.themoviedb.org/movie/238205-hont-wa-eroi-gurimu-d-wa-reddo-suw-do",True
5125,da672ac5-a10c-4d64-8ff8-5cbf16f451ae,Crvenkapica redux,Red Riding Hood Redux,C,2017,12,M,"https://www.themoviedb.org/movie/461262-crvenkapica-redux
http://dzezelj.com/animations/8/22/red-riding-hood-redux
http://www.triestefilmfestival.it/archivio/2018/album/crvenkapica-redux/index9ed2.html?lang=en",True
5126,fbacfb92-21f9-40d9-aefc-5464def545ee,Little Dead Rotting Hood,,C,2016,88,L,"https://letterboxd.com/film/little-dead-rotting-hood/
https://www.themoviedb.org/movie/376311-little-dead-rotting-hood",True
5127,04d9a435-aab0-4d48-baaa-500dd3980fda,Edge of the Woods,,C,2015,17,L,"https://letterboxd.com/film/edge-of-the-woods/
https://www.themoviedb.org/movie/570886-edge-of-the-woods",True
5128,6da13691-e38d-4140-ae22-52ba5ef410ff,Sleeping Beauty,,C,2015,,U,"https://www.themoviedb.org/movie/165288-sleeping-beauty
https://letterboxd.com/film/sleeping-beauty-2015/",True
5129,a905eabe-c2e0-4889-8516-0c9a2200492b,Cendrillon,,BW,1922,,L,,True
5130,4ef2029a-21f5-43a2-b801-2d21bca1ce34,Mister Cinders,Mr Cinders,BW,1934,72,L,"https://letterboxd.com/film/mister-cinders/
https://www.themoviedb.org/movie/273192-mister-cinders",True
5131,f327049d-6bc3-43f3-88f8-5c5b875ac41a,Lazzaro Felice,Happy as Lazzaro,C,2018,128,L,,True
5132,49fefd30-9d0a-46c0-be7f-6f83930c7379,Utau tanuki goten,"歌ふ狸御殿, Palace of the Singing Raccoon-Dogs",BW,1942,86,L,"https://letterboxd.com/film/palace-of-the-singing-raccoon-dogs/
https://www.themoviedb.org/movie/445701
",True
5133,bdb8d815-31fa-4e4d-9e81-add5c6a6ce7d,Érase una vez,Once Upon a Time,C,1950,90,A,"https://letterboxd.com/film/once-upon-a-time-1950
https://www.themoviedb.org/movie/472786-rase-una-vez",True
5134,65f560a6-6aed-4cf7-9ea7-685025ba9a60,Popelka,Cinderella,BW,1969,100,L,"https://letterboxd.com/film/popelka/
https://www.themoviedb.org/movie/139082-popelka
https://www.youtube.com/watch?reload=9&v=4_gaouu6zk8
https://www.csfd.cz/film/173953-popelka/prehled/",True
5135,c7e3e340-055d-4040-bc26-88b062792633,Cinderela Baiana,"Bahian Cinderella, Cinderella from Bahia",C,1998,85,L,"https://letterboxd.com/film/cinderela-baiana/
https://www.themoviedb.org/movie/81876-cinderela-baiana",True
5136,99bab6d8-5ddb-4a02-9dc4-5631ffb9eb68,Talong,Aubergine,C,1999,107,L,"https://letterboxd.com/film/aubergine/
https://www.themoviedb.org/movie/275658-talong
",True
5137,eb9ea3bd-f684-4a0f-9253-e58bbf98f05a,Askepop - The Movie,Cinder Rock'n Rella,C,2003,82,L,"https://letterboxd.com/film/cinder-rockn-rella/
https://www.themoviedb.org/movie/78473-askepop",True
5138,4a1fcfe5-36ab-4578-8925-d29e41b51df5,La jeune fille et les nuages,The Young Girl and the Clouds,C,2001,4,A,"https://www.youtube.com/watch?v=o8M3Yfk07Wo

https://letterboxd.com/film/the-young-girl-and-the-clouds/
https://www.themoviedb.org/movie/224391-la-jeune-fille-et-les-nuages
https://www.swissfilms.ch/en/film_search/filmdetails/-/id_film/973518337",True
5139,85a0cde8-7343-4ebc-b60e-2db6250d6b4f,Boa Noite Cinderela,"Goodnight, Cinderella",C,2014,30,L,"https://vimeo.com/ondemand/boanoitecinderela

https://letterboxd.com/film/goodnight-cinderella/
https://www.facebook.com/goodnightcinderella/about/
https://www.themoviedb.org/movie/267491-boa-noite-cinderela
https://agencia.curtas.pt/films/show/357
https://www.semainedelacritique.com/en/edition/2014/movie/boa-noite-cinderela
https://www.filmaffinity.com/ie/film892285.html",True
5140,9f3298c0-0a91-4e54-b9d1-5993c0c14b19,The Wolf of Snow Hollow,,C,2020,83,L,,True
5141,d8dc88a5-9d73-4d43-8956-7ac5ebe08cf3,Cinderella 2013,,C,2013,81,L,"https://letterboxd.com/film/cinderella-2013/details/
",True
5142,1288d203-1c04-4f7b-811c-cf00c97d4527,Pencuri Hati Mr. Cinderella,Mr. Heart Thief Cinderella,C,2017,90,L,https://ms.m.wikipedia.org/wiki/Pencuri_Hati_Mr._Cinderella,True
5143,493fb4e0-26c0-4942-b18e-0a07eda62392,La Cenicienta Boricua,,C,2015,110,L,"https://letterboxd.com/film/la-cenicienta-boricua
https://www.themoviedb.org/movie/410520-la-cenicienta-boricua
",True
5144,c660390f-5741-4793-9b79-dff8ba6eab56,Cinderella: The Enchanted Beginning,,C,2018,70,L,"https://letterboxd.com/film/cinderella-the-enchanted-beginning/
https://cinderellaenchanted.com/",True
5145,59a65e3f-ce89-48e0-9738-c71f55d47b43,Cinderella and the Secret Prince,,C,2018,90,A,https://letterboxd.com/film/cinderella-and-the-secret-prince/,True
5146,9b30a6ab-1479-471e-b173-f06499d9a0a6,Allerleirauh,Whisper of the Fur-Cones,BW,2004,8,A,"https://www.youtube.com/watch?v=0mwcMlQB09Q

https://ag-kurzfilm.de/index.php?lang=en&node=katalog_alphabetisch&film=1535
https://en.khm.de/studentische_arbeiten/id.12311.whisper-of-the-fur-cones/",True
5147,733e0420-3e25-474d-8aa4-a8b8a668232a,Bremenskie muzykanty,"Bremenskie Muzykanty & Co, Бременские музыканты & Co, The Musicians from Bremen",C,2001,90,L,https://letterboxd.com/film/the-musicians-from-bremen/,True
5148,93051295-b5a1-4cfa-820e-26378c852adc,Burêmen 4: Jigoku no naka no tenshi-tachi,"Bremen 4: Angels in Hell, ブレーメン４ 地獄の中の天使たち",C,1981,90,A,"https://letterboxd.com/film/bremen-4-angels-in-hell/
https://www.themoviedb.org/movie/56977-bremen-4-jigoku-no-naka-no-tenshi-tachi
https://www.animenewsnetwork.com/encyclopedia/anime.php?id=3317",True
5149,fc001ee7-e130-43e0-9002-8164782ecb0c,Bremenskie razboyniki,"Бременские разбойники, The Bremen Town Robbers",C,2016,73,A,"https://letterboxd.com/film/the-bremen-town-robbers/
https://www.themoviedb.org/movie/425086
",True
5150,d11d61d0-1316-496e-8695-96f9f4e2c9ff,Burēmen no ongaku-tai,"ブレーメンの音楽隊, The Town Musicians of Bremen",C,2012,4,A,"https://letterboxd.com/film/the-town-musicians-of-bremen
https://vimeo.com/channels/filmspourenfants/148000704",True
5151,3c7fbd79-e0b9-4067-9c58-979a43779be5,Die Bremer Stadtmusikanten,,C,2009,58,L,https://letterboxd.com/film/die-bremer-stadtmusikanten-2009/,True
5152,d2563448-50e1-4fa4-a0d9-999a0e2062d9,Paskutiniai Brėmeno muzikantai,,C,2005,90,L,,True
5153,11b27ea9-8139-4062-8f82-c14c4da1936b,Nebojsa,Don't Be Afraid,C,1989,81,L,https://letterboxd.com/film/dont-be-afraid-1989/,True
5154,8a33a7f5-ebeb-4f66-ae22-4801f0400209,Rapunzel,,C,2019,4,A,"https://letterboxd.com/film/rapunzel-2019/
https://www.themoviedb.org/movie/594309-rapunzel
https://vimeo.com/313136138",True
5155,296ae8d8-9bf8-43f6-a3fd-3d90d248bed6,Perníková chaloupka,The Gingerbread House,C,1951,19,A,"https://letterboxd.com/film/the-gingerbread-house/details/
",True
5156,38f5032b-8930-4b47-85f6-afc060ccd99b,Gingerdead: The Adventures of Nella & Nello,,C,2010,16,L,https://letterboxd.com/film/gingerdead-the-adventures-of-nella-nello/,True
5157,9075fa38-e3d8-4627-8330-71e83ec8e1b1,All Small Bodies,,C,2018,24,L,https://letterboxd.com/film/all-small-bodies/,True
5158,8b463ba1-9e28-46d6-bc81-605fd5293e27,König Drosselbart,,C,1962,85,L,"https://letterboxd.com/film/konig-drosselbart/
",True
5159,e3bed163-a9f8-4b0f-833e-0ea9be7ce182,Sweet Tooth,,C,2019,23,L,"https://www.instagram.com/sweet_tooth_movie_magic/
https://www.facebook.com/sweettoothmoviemagic/?ref=br_rs
http://www.sweettoothmoviemagic.com/welcome
https://letterboxd.com/film/sweet-tooth-2019/",True
5160,c91e70c0-2ef8-42e4-ba89-4792fbba9a2d,Elizabeth Harvest,,C,2018,108,L,,True
5161,b38cd55a-dc21-47bd-a60e-b15fdd415886,Wildling,,C,2018,92,L,,True
5162,78b0911b-f5f9-4e53-b408-a4445436c859,Brave Little Tailor,,C,1938,9,A,https://letterboxd.com/film/brave-little-tailor/,True
5165,4a236089-1748-48a7-8330-cdf3ccd31650,Schneewittchen und die sieben Zwerge,,BW,1939,,L,https://letterboxd.com/film/schneewittchen-und-die-sieben-zwerge-1939/,True
5166,466620e5-909c-48b2-b43a-150bd0883253,Snowie and the Seven Dorps,,C,1991,9,A,"https://letterboxd.com/film/snowie-and-the-seven-dorps/
http://www.buzzzco.com/Indie/Snowie-Movie.htm",True
5167,1514e1ae-6d83-4fa4-ad50-90c3c08499b5,Shirayukihime,"白雪姫, Snow White",C,1987,79,A,https://letterboxd.com/film/snow-white-1987-1,True
5168,fe93a78b-1d0c-4ae3-8ba4-b7ea13e5b644,Schneewittchen und der Zauber der Zwerge,Snow White and the Magic of the Dwarves,C,2019,90,L,https://letterboxd.com/film/snow-white-and-the-magic-of-the-dwarves/,True
5169,722243c9-8d94-41be-b959-6cea59f11567,Mirror Mirror on the Wall,,C,2019,90,L,"https://letterboxd.com/film/mirror-mirror-on-the-wall/
https://trakt.tv/movies/mirror-mirror-on-the-wall-2019
https://vimeo.com/275539382",True
5170,33823380-1ea9-4c13-a30b-7a7d06708b41,Schneeweißchen und Rosenrot,,BW,1938,,U,https://letterboxd.com/film/schneeweichen-und-rosenrot-1938/details/,True
5171,ecf3a90d-4bbc-40d2-94ed-0ea11af3f862,Blanche comme neige,White as Snow,C,2019,112,L,https://letterboxd.com/film/pure-as-snow/,True
5173,e160718a-ecca-4071-81a6-0eae3d4676ff,Schneeweißchen und Rosenrot,,C,1984,88,L,https://letterboxd.com/film/schneeweichen-und-rosenrot-1983/,True
5174,e45503bd-5111-46a5-b493-d1498a18ec5e,The Shoemaker and the Elves,,C,1935,8,A,https://letterboxd.com/film/the-shoemaker-and-the-elves/,True
5176,06ded31c-58c5-463f-a9e6-1f633ff04b0e,The Peachy Cobbler,,C,1950,7,A,Spoofs Snow White,True
5177,3c782bf9-6ec6-4eb1-bf42-735cadcbcf69,Holiday for Shoestrings,,C,1946,7,A,https://letterboxd.com/film/holiday-for-shoestrings/,True
5181,5d9f9f09-7bc0-49a0-8f68-f5d05fffa60b,Powrót wabiszczura,,C,1989,96,L,https://letterboxd.com/film/return-of-the-pied-piper/,True
5182,a93a0b88-f02c-439f-84d2-c6670d8d8597,Jiong nan hai,"Orz Boyz, 囧男孩",C,2008,104,L,"""Two mischievous and highly imaginative boys spend a hot Taiwanese summer scheming to enter the seaside kingdom of Orz and escape their troubled home lives."" https://www.cineplex.com/Movie/orz-boyz

https://letterboxd.com/film/orz-boyz/
",True
5183,d2b666b8-b74b-4239-8869-5b5c1be0a693,Krysař,,C,2003,70,L,"https://letterboxd.com/film/krysar/
",True
5184,18703e36-3d66-446d-9156-48db8c79fa0f,Eisenhans,Strange Fruits,BW,1983,96,L,https://letterboxd.com/film/eisenhans/,True
5185,eccf7aa2-2cb1-43ad-bd3d-e3d7c2ce2f0f,Kin no tori,"The Golden Bird, グリム童話 金の鳥",C,1987,52,A,https://letterboxd.com/film/the-golden-bird-1987/,True
5186,9dadf5aa-23ff-422a-962b-0b6dff800575,Die Gänsemagd,,C,1971,25,L,https://letterboxd.com/film/die-gansemagd-1977/,True
5187,057df2d8-8a80-4f30-ba4f-3afba82c6d00,Der Eisenhans,,C,2011,84,L,https://letterboxd.com/film/der-eisenhans/,True
5188,f4316663-fa5f-467e-b40d-2b39b0a8e197,De Ganzenhoedster,The Goose Girl,C,1990,,A,"https://letterboxd.com/film/de-ganzenhoedster/
https://www.themoviedb.org/movie/284094-the-goose-girl
https://www2.bfi.org.uk/films-tv-people/4ce2b7a233f7b",True
5189,ba958d95-567e-4a1d-ac25-b0630a65e876,At the End of the Rainbow,The Princess and the Magic Frog,C,1965,80,L,"https://en.wikipedia.org/wiki/At_the_End_of_the_Rainbow
https://letterboxd.com/film/the-princess-and-the-magic-frog/
",True
5190,38a70310-aec3-4c17-96f1-b1e5d874454f,"Küss mich, Frosch","Kiss Me, Frog",C,2000,80,L,,True
5191,eca9d037-fe55-47df-90dc-2609fa1a937c,"Tukky, jaoying khaai gop",ตุ๊กกี้ เจ้าหญิงขายกบ,C,2010,90,L,https://letterboxd.com/film/princess-tukky/,True
5192,11cfb9b5-5b09-4d42-b76d-79e65a548739,Hans im Glück,,C,1949,76,L,"https://letterboxd.com/film/hans-im-gluck-1949/

Found producer through Google search (sidebar result) and here; writers also listed at this link: https://second.wiki/wiki/hans_im_glc3bcck_1949 
",True
5193,50fb94a5-a7b5-41da-bae5-4cdf00230523,Hans in Luck,,C,1978,8,A,https://letterboxd.com/film/hans-in-luck/,True
5194,02f80f84-69ae-4048-b2a8-c390ee02ef81,A Beauty & The Beast Christmas,,C,2019,90,L,https://letterboxd.com/film/a-beauty-the-beast-christmas/,True
5195,605a9c1d-24a6-4945-822d-9250fe208056,Das Wirtshaus im Spessart,The Spessart Inn,C,1958,99,L,https://letterboxd.com/film/the-spessart-inn/,True
5196,0d11c5f7-971a-4a5f-90a1-c47ad809c133,Zwerg Nase,,BW,1921,75,L,https://letterboxd.com/film/dwarf-nose-1921/,True
5197,ef67cbf3-77ed-4915-b05e-f9fc21bdc9b0,Zwerg Nase,Dwarf Nose,BW,1953,80,L,https://letterboxd.com/film/zwerg-nase-1953/,True
5198,121dc8df-3eca-4ffb-9434-810c2b94db08,La légende des ondines,,BW,1911,7,L,"https://letterboxd.com/film/la-legende-des-ondines/
https://www.youtube.com/watch?v=nLWmwdDcOO4",True
5199,85678348-d441-47e8-93a1-038b4323b0d9,Undine 74,Ondine,C,1974,84,L,https://letterboxd.com/film/undine-74/,True
5200,f9176cb4-7623-4fb0-a7bc-7b9dce3b16d4,Undine,,C,1992,96,L,https://letterboxd.com/film/undine/,True
5201,bf171e51-6c0e-4438-8332-8a863ec887fb,Undine,,C,2020,91,L,https://letterboxd.com/film/undine-2020/,True
5202,a9ad8fdd-a977-4b6a-906a-d4e3bd69c3a8,Hoffmanns Erzählungen,The Tales of Hoffmann,BW,1923,98,L,https://letterboxd.com/film/hoffmanns-erzahlungen/,True
5203,77fa6467-1b6a-4ab4-b0d6-01bc5a4b16e8,Der Sandmann,,C,1983,71,L,https://letterboxd.com/film/the-sandman-1983/,True
5204,0970fd54-f640-460d-a6b1-aa0409f8ab85,The Sandman,,C,1991,10,A,https://letterboxd.com/film/the-sandman/,True
5205,344c8abb-20ac-4a8a-a4d9-0ebbda69f09d,E.T.A. Hoffmanns Der Sandmann,The Sandman,C,1993,104,L,https://letterboxd.com/film/the-sandman-1993/,True
5206,0f4323a3-639b-4174-8fdc-e5ac122b9b3e,Nutcracker Fantasy,くるみ割り人形,C,1979,95,A,https://letterboxd.com/film/nutcracker-fantasy/,True
5207,7003e0ce-c4ed-48da-a5a3-9dc4f362c805,Nutcracker,,C,1995,47,A,https://letterboxd.com/film/the-nutcracker-1995/,True
5208,0ad08a0d-0e9d-459d-99dc-6dccb68fec51,The Nutcracker and the Four Realms,,C,2018,99,L,https://letterboxd.com/film/the-nutcracker-and-the-four-realms/,True
5209,3ea70af3-b66c-4de6-b9e9-667f64de4124,Mary Poppins Returns,,C,2018,130,L,,True
5210,f95d0255-f8d6-4e24-96a9-a27ad18c5b46,Pinocchio's Birthday Party,,C,1973,79,L,https://letterboxd.com/film/pinocchios-birthday-party/,True
5211,aed2d8ae-6b80-413d-aade-36ab46f5df8d,Pinocchio,,C,2015,96,L,https://letterboxd.com/film/pinocchio-2015,True
5212,cd79af87-76f4-4eaf-ba6a-9207ab48d96d,Spite Your Face,,C,2017,37,L,"https://scotlandandvenice.com/years/2017/
https://letterboxd.com/film/spite-your-face/details/",True
5213,8c060487-b57d-459d-bec1-6e032218e104,Pinocchio,,C,2019,125,L,https://letterboxd.com/film/pinocchio-2019/,True
5214,dcc854f1-9801-49c9-a248-969ac3e48752,In the Mirror,,BW,2020,90,L,"http://fairytalenewsblog.blogspot.com/2020/12/film-in-mirror-retells-snow-white-in.html?utm_source=feedburner&utm_medium=email&utm_campaign=Feed%3A+blogspot%2FVFWg+%28Once+Upon+A+Blog...%29

https://cineuropa.org/film/394637/",True
5215,56071ac3-f272-4b4c-bda7-6f720479d1d5,Nukitsamees,"The Imp, Bumpy",C,1981,75,L,https://letterboxd.com/film/bumpy/,True
5216,1a0813f9-4bf1-4fcd-a76c-83e26ede52a5,Vozvrashchenie Buratino,The Return of Buratino,C,2013,76,A,https://letterboxd.com/film/the-return-of-buratino/,True
5217,cb8b816a-7670-4dcf-8761-c9f365372187,Buratino,"Buratino, Son of Pinocchio",C,2009,76,L,https://letterboxd.com/film/buratino/,True
5218,aab7ec6e-0d5b-4358-b1e2-7810f9c66883,Stepanova pamyatka,"Stepan's Remembrance, Степанова памятка",C,1977,80,L,"https://letterboxd.com/film/stepans-remembrance/
https://en.wikipedia.org/wiki/Stepan%27s_Remembrance
https://en.wikipedia.org/wiki/The_Mistress_of_the_Copper_Mountain_(fairy_tale)",True
5219,e264ef81-654c-461b-b7ce-ad88b446ce32,Serebryanoe kopyttse,"Silver Hoof, Серебряное копытце",C,1977,10,A,"https://letterboxd.com/film/the-silver-hoof/
https://en.wikipedia.org/wiki/Silver_Hoof",True
5220,e270818f-1282-4e42-99eb-1e82b853fa95,Ognevushka-poskakushka,"Fire Girl, Jumping Girl, Огневушка-поскакушка",C,1979,10,A,"https://letterboxd.com/film/the-fire-nymph/
https://en.wikipedia.org/wiki/The_Fire-Fairy",True
5221,88826870-e2e4-4ad6-b698-80e4bbe0607e,Zolotoj volos,"The Golden Hair, Золотой волос",C,1979,16,A,"https://letterboxd.com/film/the-golden-hair/
https://en.wikipedia.org/wiki/Golden_Hair_(fairy_tale)
https://ru.m.wikipedia.org/wiki/???????_?????_(??????????)",True
5222,958fbad5-d84d-447c-bff8-431d78d6b232,Travyanaya zapadenka,"The Grass Westerner, Травяная западенка",C,1982,15,A,"https://letterboxd.com/film/the-stash-in-grass/

Based on a story from The Malachite Box, ""The Grass Hideaway"":
https://en.wikipedia.org/wiki/List_of_stories_within_The_Malachite_Box#The_Grass_Hideaway 
",True
5223,0d9f89a7-2013-4bbb-bec3-740ef38e1ae0,Vasilisa Mikulishna,Василиса Микулишна,C,1975,18,A,https://letterboxd.com/film/vassilissa-mikulishna/,True
5224,d5619cfa-d6a4-47e0-9e69-07f92c7504d5,Snegurka,"The Snow Maiden. A New Version, Снегурка",C,1969,10,A,https://letterboxd.com/film/the-snow-maiden-1969/,True
5225,617086b8-da72-4972-a2a3-cd31b290aa0c,Snegurochka,The Snow Maiden,C,2014,104,L,https://letterboxd.com/film/the-snow-maiden-2014/,True
5226,625be18b-ccdd-41c9-a374-e59974ef961a,Snegurochka,Snowgirl,C,2016,,L,https://letterboxd.com/film/snowgirl/,True
5227,fe02a3e5-4c07-4276-850a-d7c7b9c11148,Vykradena pryntsesa: Ruslan i Lyudmyla,The Stolen Princess,C,2018,85,A,"https://letterboxd.com/film/the-stolen-princess-ruslan-and-ludmila/
https://en.wikipedia.org/wiki/The_Stolen_Princess",True
5228,ab2f4c46-e900-4df0-a544-a79c54d7e5de,Rusalka,"The Water Nymph, Русалка",BW,1910,9,U,"Based on the unfinished story by Pushkin, turned into an opera by Dargomizhsky",True
5229,c3acc9d7-c2f3-43f6-b9e4-4be1c24ca839,Zhar-ptitsa,"Firebird, Жар-птица",C,1984,10,A,https://letterboxd.com/film/the-firebird-1984/,True
5230,79608c52-cddf-47db-b34c-608cc332b7e2,Ivan Tsarévitch et la princesse changeante,Ivan Tsarevitch and the Changing Princess: Four Enchanting Tales,C,2016,53,A,https://letterboxd.com/film/ivan-tsarevich-and-the-changing-princess/,True
5231,44ee2e6d-8abf-473b-bf9d-4975f94dc544,Skazka o rybake i rybke,"The Tale of the Fisherman and the Little Fish, Сказка о рыбаке и рыбке",BW,1911,10,L,"https://letterboxd.com/film/the-tale-of-the-fisherman-and-the-little-fish/
https://www.kino-teatr.ru/kino/movie/empire/12397/annot/
https://www.themoviedb.org/movie/465515-the-tale-of-the-fisherman-and-the-little-fish",True
5232,9879946d-78a9-4e50-acc0-383eaf586191,O rybake i rybke,About the Fisherman and the Fish,C,2002,13,A,https://letterboxd.com/film/o-rybake-i-rybke/,True
5233,2327e1f8-26c6-4f06-8ebd-1c90ffce56dd,Dvenadtsat mesyatsev,"The Twelve Months, Двенадцать месяцев",C,1973,135,L,"https://letterboxd.com/film/the-twelve-months-1973/
https://en.wikipedia.org/wiki/The_Twelve_Months_(1972_film)",True
5234,09b2fc10-80a5-4e69-8f16-e3c7854d54a5,Gora samocvetov. Kolobok,Гора самоцветов. Колобок,C,2005,13,A,"https://letterboxd.com/film/film:449855/
https://www.themoviedb.org/movie/519676
https://trakt.tv/movies/2005-11-04",True
5235,6921663d-5d79-4752-916d-0a076cc635fe,Lisova pisnya,"Lesnaya pesnya, Song of the Forest, Лісова пісня, Lisova pisnya, Forest Song",C,1961,95,L,https://letterboxd.com/film/song-of-the-forest/,True
5236,20b2d108-466b-4e97-abd2-c1aa5881a93b,Ma-ma,"Mama, Mummy, Rock'n Roll Wolf, Мама",C,1976,83,L,"https://letterboxd.com/film/mama-1976/
https://en.wikipedia.org/wiki/Ma-ma_(1976_film)",True
5237,e87e4b4d-e4d9-422d-a37e-915f1f56d917,Capra cu trei iezi,The Goat and Her Three Kids,C,2019,20,L,https://letterboxd.com/film/the-goat-and-her-three-kids/,True
5238,aaceaf21-248c-4ad5-8629-9e715fde9f38,Tinerete fara batrînete,"Kingdom in the Clouds, Youth Without Old Age",C,1969,87,L,"https://letterboxd.com/film/youth-without-age-and-life-without-death/
https://en.wikipedia.org/wiki/Kingdom_in_the_Clouds",True
5239,4f91077c-460f-4881-b6fc-ed1cb0e86705,Povestea dragostei,The Story of Love,C,1976,80,L,"https://letterboxd.com/film/the-story-of-love/details/
https://www.icr.ro/pagini/the-pig-way/en",True
5240,bd1d1bc3-31e4-448e-9226-3b22bca1deee,Suramis tsikhe,"The Suram Fortress, სურამის ციხე, Сурамская крепость",BW,1922,70,L,https://letterboxd.com/film/the-suram-fortress/,True
5241,5b739888-887e-4f53-bacf-413a20678b7e,Novye skazki Shakherezady,"Scheherezade's New Tales, Новые сказки Шахерезады",C,1986,134,L,https://letterboxd.com/film/scheherazades-new-tales/,True
5242,4b3dc45c-ebad-4f59-a62c-31fd1ada7ab5,Shabe ghuzi,"Night of the Hunchback, شب قوزی",BW,1965,91,L,https://letterboxd.com/film/night-of-the-hunchback/,True
5243,770a0d89-e960-4e8a-be12-7bd73d7b3964,The Hunchback,O Corcunda,C,2016,29,L,https://letterboxd.com/film/the-hunchback-2016/,True
5244,4b03f575-7d78-4897-a425-bc3ffa2a246a,Baghdad Thirudan,The Thief of Bagdad,BW,1960,185,L,"https://en.wikipedia.org/wiki/Baghdad_Thirudan
https://letterboxd.com/film/baghdadh-thirudan/",True
5245,8b3b4ffb-2ec5-4162-b5ee-ad8b67e8eab7,The Thief of Baghdad,,C,1978,102,L,"https://en.wikipedia.org/wiki/The_Thief_of_Baghdad_(1978_film)
https://letterboxd.com/film/the-thief-of-baghdad/",True
5246,ab447efd-8421-4d66-a69d-dcf6bc0254b4,The Thief of Baghdad: An Animated Classic,,C,2014,68,A,"https://letterboxd.com/film/the-thief-of-baghdad-an-animated-classic/

https://www.microsoft.com/en-us/p/the-thief-of-baghdad-an-animated-classic/8d6kgwzp1lpf?activetab=pivot%3aoverviewtab
https://www.amazon.com/Thief-Baghdad-Animated-Classic/dp/B00I3JW4IQ
https://www.hoopladigital.com/title/11485198",True
5247,69ef8687-bcaf-4ebd-b184-9dce0beb1da8,Om det oändliga,About Endlessness,C,2019,78,L,https://letterboxd.com/film/about-endlessness/,True
5248,792a34d3-7e37-4759-a1fe-7a2dbbe46221,Aladdin,,C,1952,,L,"https://letterboxd.com/film/aladdin-1952/
https://sgfilmlocations.com/2014/09/23/aladdin-1952/
http://www.play4kcinema.live/titles/183605/aladdin",True
5249,2958461e-d30e-45fa-90fe-027a692cc26a,Ali Baba bujang lapok,,BW,1961,122,L,https://letterboxd.com/film/ali-baba-bujang-lapok/,True
5250,704c28fc-9a3f-4865-b5e7-fd4048cf8887,The Sword of Ali Baba,,C,1965,81,L,https://letterboxd.com/film/the-sword-of-ali-baba/,True
5251,5de6f2f0-b7b6-4617-804f-9ee3b536ad6d,Ali Baba ve Kirk Haramiler,Ali Baba and the Forty Thieves,C,1971,84,L,https://letterboxd.com/film/ali-baba-and-the-forty-thieves-1972/,True
5252,6517e2a5-579e-4c30-a2ec-7d65cf401ad1,Ali Babá e os Quarenta Ladrões,,C,1972,96,L,https://letterboxd.com/film/ali-baba-e-os-quarenta-ladroes/,True
5253,49860e04-be72-4771-8845-7b9a088c06bf,Xin A Li Ba Ba,"New Ali Baba, 新阿里巴巴",C,1988,90,L,https://letterboxd.com/film/new-ali-baba/,True
5254,656dd74c-88dd-45d3-9787-70ce9ad2b3c3,Alibaba Aur 40 Chor,Alibaba and 40 Thieves,C,2004,,L,https://letterboxd.com/film/alibaba-and-40-thieves/,True
5255,d4a74ba2-3725-4aa9-ac70-a305d0096de0,"Sinbad, the Sailor",,BW,1919,,U,https://letterboxd.com/film/sinbad-the-sailor-1919/,True
5256,18f54d01-6c1c-4de3-9909-6e1edeb215a6,Sinbad: The Battle of the Dark Knights,,C,1998,90,L,https://letterboxd.com/film/sinbad-the-battle-of-the-dark-knights/,True
5257,8cb3ba09-5f11-4316-8b20-a6037a81e262,Sinbad,,C,2011,90,L,"https://letterboxd.com/film/sinbad-2011/
https://gl.m.wikipedia.org/wiki/Sinbad_(filme)",True
5258,13b841bb-8d5e-4c2f-9440-5ed52c713b02,Sindbad. Piraty semi shtormov,"Sinbad: Pirates of the Seven Storms, Cинбад: Пираты семи штормов",C,2016,74,A,https://letterboxd.com/film/sinbad-pirates-of-the-seven-storms/details/,True
5259,6fe1cb27-7dac-4f34-bb5b-0e83df37289b,Sinbad: The Fifth Voyage,,C,2014,89,L,https://letterboxd.com/film/sinbad-the-fifth-voyage/,True
5260,565fcd1c-f9b2-4e96-bf4e-0ff3c50d6037,Sinbad and the War of the Furies,Sinbad and the Clash of the Furies,C,2016,90,L,https://letterboxd.com/film/sinbad-and-the-war-of-the-furies/,True
5261,284b27f6-319a-4872-bf29-bb434af10e53,Zhyoltyy aist,"The Yellow Stork, Желтый аист",C,1950,11,A,"Based on an ancient Chinese fairy tale, poem by Samuel Marshak
https://letterboxd.com/film/the-yellow-stork/",True
5262,5bee464b-f69f-4643-a434-922200274037,Kong que gong zhu,"The Peacock Princess, 孔雀公主",C,1982,114,L,"Tai legend
https://en.wikipedia.org/wiki/Peacock_Princess",True
5263,7d74c57e-8bb1-4890-8ff6-073aaa2216ca,Kong que gong zhu,"The Peacock Princess, 孔雀公主",C,1962,73,A,"https://letterboxd.com/film/the-peacock-princess/

https://animation-appreciation-education.tumblr.com/post/150840131030/????-kong-que-gong-zhu-the-peacock-princess",True
5264,e8b8f0df-e1e0-488d-b4b4-4bb126cccbdb,As Mil e Uma Noites - Volume 1: O Inquieto,O Inquieto; Arabian Nights: Volume 1 - The Restless One,C,2015,125,L,"https://letterboxd.com/film/arabian-nights-volume-1-the-restless-one/
https://en.wikipedia.org/wiki/Arabian_Nights_(2015_film",True
5265,731c0726-594d-4e7d-82ce-5a12e91b2982,As Mil e Uma Noites - Volume 2: O Desolado,O Desolado; Arabian Nights: Volume 2 - The Desolate One,C,2015,131,L,"https://letterboxd.com/film/arabian-nights-volume-2-the-desolate-one/
https://en.wikipedia.org/wiki/Arabian_Nights_(2015_film",True
5266,e646bfb6-6951-449e-800b-58c6c39769b5,As Mil e Uma Noites - Volume 3: O Encantado,O Encantado; Arabian Nights: Volume 3 - The Enchanted One,C,2015,125,L,"https://letterboxd.com/film/arabian-nights-volume-3-the-enchanted-one/
https://en.wikipedia.org/wiki/Arabian_Nights_(2015_film",True
5267,1f808b9c-9b92-4483-aa5d-f169089536c7,Haatim Tai,,C,1990,125,L,https://letterboxd.com/film/haatim-tai/,True
5268,b5a7f417-67a1-4309-97a9-40ce8b808d04,Baghdad Thief,"Thief of Baghdad, The Thief of Baghdad",C,2020,102,L,,True
5269,cbaf4339-3020-4bd9-92cf-ddb5ede44306,Zwerg Nase,,C,1978,75,L,https://letterboxd.com/film/zwerg-nase-1978/,True
5270,32fb41a1-f331-4ba3-b322-0a537a32504a,Baron Münchhausen,Baron on the Cannonball,C,2012,180,L,https://letterboxd.com/film/baron-munchhausen/,True
5271,eb69d906-bbf7-4e25-8675-897dd76ff9fb,Ondine,,C,1975,155,L,https://letterboxd.com/film/ondine-1975/,True
5272,ea46e3c1-9eb7-4039-8611-8d03cd5b09a6,Zolotoy klyuchik,"The Golden Key, Золотой ключик",C,2009,142,L,https://letterboxd.com/film/film:430652/,True
5273,f66ad8fd-8fbc-4b44-820f-6e77bc40a57f,Morozko,Морозко,C,2010,103,L,"https://letterboxd.com/film/film:68770/details/
https://www.themoviedb.org/movie/82302
https://www.youtube.com/watch?v=qN5tmjFghqM

https://www.vokrug.tv/product/show/morozko_2010/
https://www.kinopoisk.ru/film/574244/
https://www.kino-teatr.ru/kino/movie/ros/89024/annot/",True
5274,07c29b2b-4001-4bb8-894a-f9e1166b3a74,Leptirica,The She-Butterfly,C,1973,63,L,"Slavic mythology: vampires, https://en.wikipedia.org/wiki/Sava_Savanovic
Based on the story After Ninety Years (1880) written by Serbian writer Milovan Glišic

https://en.wikipedia.org/wiki/Leptirica
https://letterboxd.com/film/the-she-butterfly/
",True
5275,d36cc722-ea7c-460d-8725-557817168a77,Nujum pak belalang,"Pak Belalang the Fortune Teller, The Fortune-telling of Pak Belalang)",BW,1959,111,L,"Based on a Malay folktale
https://en.wikipedia.org/wiki/Nujum_Pa%27_Belalang",True
5276,1af54dec-0634-4d85-8d28-169debcabfea,Madam White Snake’s Reincarnation,"The White Lady's Reincarnation, 白娘娘借屍還魂",C,1959,,U,"https://letterboxd.com/film/madam-white-snakes-reincarnation/
https://www.themoviedb.org/movie/453660-the-white-lady-s-reincarnation
http://hkmdb.com/db/movies/view.mhtml?id=2875&display_set=eng",True
5277,cf039f56-7af9-41dd-8945-66281eb2fe59,Snake Woman's Marriage,"白蛇大鬧天宮, Bai she da nao tian gong",C,1975,89,L,"https://letterboxd.com/film/snake-womans-marriage

https://zh.wikipedia.org/zh-hant/??????",True
5278,1595465b-0f6b-486d-aa96-708591b21e5e,Bai She: Yuan Qi,"White Snake, 白蛇：缘起",C,2019,99,A,https://letterboxd.com/film/white-snake-2019/,True
5279,f90473c2-ca71-4a4c-bece-fadf5bd21fca,White Snake,"Snake White, Snake White: Love Endures",C,2019,101,L,https://letterboxd.com/film/film:604197/details/,True
5280,2f56982d-8b14-4e1b-8007-584ec4f709e5,Chunhyangjeon,The Tale of Chun Hyang,C,1980,146,L,https://letterboxd.com/film/the-tale-of-chun-hyang/,True
5281,27a1d0db-4580-43ab-a277-dbc31914e321,The Story of the Hanyang Gibang House,"Hanyang Gibang Chunhyang Story, 한양기방 명기전 ",C,2015,89,L,https://letterboxd.com/film/hanyang-gibang-chunhyang-story/details/,True
5282,4eb977fa-97f6-4cda-8496-b13426d71bb8,Kaguya-hime,"Princess Kaguya, Taketori monogatari, The Princess Moonlight, かぐや姫",C,1961,26,A,"https://letterboxd.com/film/princess-kaguya
https://myanimelist.net/anime/29927/Kaguya-hime
",True
5283,31cc6b25-09c5-4b51-bce2-8b07084c18c5,Fuck Me to the Moon,,C,2013,67,L,"https://letterboxd.com/film/fuck-me-to-the-moon/
https://www.themoviedb.org/movie/283730-fuck-me-to-the-moon",True
5284,84d7c87f-6b9b-49a4-9cf9-55cba5ad0147,The Stonecutter,,C,1960,6,A,"The Japanese tale The Stonecutter is closely related to ATU 555: https://en.wikipedia.org/wiki/The_Stonecutter 

https://letterboxd.com/film/the-stonecutter-1960",True
5285,50562aac-c556-484c-9830-a2a17d588f7e,Himiko,卑弥呼,C,1974,100,L,"Himiko, shaman queen: https://en.wikipedia.org/wiki/Himiko 

https://letterboxd.com/film/himiko/",True
5286,a454a453-46a2-4510-aaba-25567cd86f3b,Urashima Tarô,"Taro Urashima, 浦島太郎",BW,1931,1,A,"https://letterboxd.com/film/taro-urashima/
https://en.wikipedia.org/wiki/Urashima_Taro#Folktale_or_fairy_tale

https://newikis.com/en/Urashima_Taro
Many similarities with ATU 681, ""The Relativity of Time""",True
5287,4c8790a0-76c8-4be0-996d-e4eaa7183e54,A Japanese Peach Boy,,BW,1910,10,U,https://letterboxd.com/film/a-japanese-peach-boy/,True
5288,b3583440-18ae-444c-a4b6-3cc4ddd78a49,Momotarô,桃太郎,BW,1918,9,A,https://letterboxd.com/film/momotaro/,True
5289,1c5ae022-ce7b-414e-8319-0baf9333529a,Nihonichi Momotarô,Momotaro the Undefeated,BW,1928,11,A,https://letterboxd.com/film/momotaro-japans-no1/details/,True
5290,c8b21f5b-1016-4a6e-9ae6-c7dffd7ee3ae,Takarashima sendai,"Peach Boy, Takarajima ensei, Excursion to Treasure Isle",M,1956,87,L,https://letterboxd.com/film/excursion-to-treasure-isle/,True
5291,1c7a8351-3856-44d4-94b5-cd4fcbc595dd,Momotarô-zamurai,"The Demon Crusader, Freelance Samurai",C,1957,87,L,https://www.imdb.com/title/tt0187317/,True
5292,4f3cb381-aa9c-4cd5-abce-173442364e48,Fei long wang zi po qun yao,"The Magic Sword of Watari, Golden Boy Subdues Monsters",C,1970,100,L,https://letterboxd.com/film/the-magic-sword-of-watari/,True
5293,e10fe327-8247-4ff5-8eaa-c7453d636618,"Doraemon: Boku, Momotarô no nan na no sa",Doraemon: What Am I for Momotaro?,C,1981,46,A,https://letterboxd.com/film/doraemon-what-am-i-for-momotaro/,True
5294,54b75c03-9690-437e-93b6-11a257b1f8bb,Xing tao tai lang,Child of Peach,C,1987,95,L,https://letterboxd.com/film/child-of-peach/,True
5295,4f6d1f5c-1606-48cf-956b-32aac16f1dae,Tao da liang da xian shen wei,Magic of Spell,C,1988,80,L,https://letterboxd.com/film/magic-of-spell/,True
5296,1da79029-a5be-4d81-8fd7-40e558762190,Tam Cam: Chuyen Chua Ke,"Tam Cam: The Untold Story, Tấm Cám Chuyện Chưa Kể",C,2016,116,L,"https://letterboxd.com/film/tam-cam-the-untold/
https://en.wikipedia.org/wiki/The_Story_of_Tam_and_Cam",True
5297,e1bc9ff8-169c-430a-acdd-53f8689fdf55,Shkatulka s sekretom,The Box with a Secret,C,1976,10,A,"Based on story, ""The Town in a Snuff Box"" by V. Odoyevsky
https://en.wikipedia.org/wiki/Vladimir_Odoyevsky

https://letterboxd.com/film/a-box-with-secret/",True
5298,4fe38b00-a060-409e-ac85-a7a399eb88c5,Wendy,,C,2020,111,L,,True
5299,18a5fcd6-6735-4b6f-b42c-fa0ffa75dde4,Come Away,,C,2020,94,L,,True
5300,9b16613c-16b4-499b-b926-1dc8a9425400,"Ona s metloy, on v chyornoy shlyape","She Has a Broom, He Has a Black Hat; Broom and Black Hat; Она с метлой, он в черной шляпе",C,1987,65,L,https://letterboxd.com/film/she-has-a-broom-he-has-a-black-hat/,True
5301,f48e9041-2b17-4827-92bd-24db7db5adc6,Hodja fra Pjort,Hodja from Pjort,C,1985,76,L,https://letterboxd.com/film/hodja-from-pjort/,True
5302,c127cb4f-fd00-4c68-acec-f83036f255ce,Hodja fra Pjort,Up and Away,C,2018,81,A,,True
5303,42a76e0f-8ec4-4fc3-ba2d-a2e109c568b0,Der süße Brei,,C,2018,86,L,https://letterboxd.com/film/der-sue-brei/,True
5304,5e9e479c-5d3d-4609-8a6c-25a99d285b19,Tom Thumb in King Arthur's Court,,C,1963,20,A,https://letterboxd.com/film/tom-thumb-in-king-arthurs-court/,True
5305,8e583f43-9525-4d34-8f39-47f6451d10fe,Frau Holle,Mother Holly,BW,1906,2,U,https://letterboxd.com/film/frau-holle-1906/,True
5306,83dd4ad0-8f40-4570-aea6-4c1b09449e4a,Frau Holle,,C,1971,26,L,https://letterboxd.com/film/frau-holle-1977/,True
5307,ced3a670-4d92-4325-8c4a-87c385887631,Sai yau gei: Sin leui kei yun,A Chinese Odyssey: Part Two - Cinderella,C,1995,98,L,https://letterboxd.com/film/a-chinese-odyssey-part-two-cinderella/,True
5308,9f7c8874-8d0a-4c51-8236-a7010f454506,James Marshall's Cinderella,,C,2006,12,A,"https://letterboxd.com/film/james-marshalls-cinderella/
https://www.youtube.com/watch?v=HlTeGWpc4bI ",True
5309,3dd4969d-4c00-43fd-a963-d7020fb0f014,Cinderella: Conspiracy at the Emerald Castle,,C,2007,78,A,https://letterboxd.com/film/cinderella-consipracy-at-the-emerald-castle/,True
5310,909bbe1e-a700-4282-94bf-92e31652dfad,Tuo Gui Shi Dai,"Old Cinderella, 脱轨时代",C,2014,93,L,https://letterboxd.com/film/the-old-cinderella/,True
5311,e90a5338-fd9e-4d93-aed0-8bf3d8e7a323,Cinderella Ecstasy: Kuroi Hitomi no Yûwaku,シンデレラ・エクスタシー 黒い瞳の誘惑,C,1988,70,L,https://letterboxd.com/film/cinderella-ecstasy/,True
5312,5774bfc0-43a1-454c-819b-f059cf391cb3,Cinderella and the Prince Charles: An Animated Classic,,M,2014,88,A,https://letterboxd.com/film/cinderella-and-the-prince-charles/crew/,True
5313,32ebb749-3e87-48c7-b963-87b5830f57b3,Cendrillon de Paris,,BW,1930,70,L,"https://letterboxd.com/film/cendrillon-de-paris/
https://www.cinematheque.fr/film/49154.html
",True
5314,799070b6-063f-4a18-9a75-1e2f527c073d,Cinderella and the Prince Charles: An Animated Classic,,C,1990,26,A,https://letterboxd.com/film/cinderella-1990/,True
5315,e29dcd9d-c4bc-40a6-838c-0af1b947cff1,Sinderella külkedisi,"Cenicienta, Cinderella",C,1971,82,L,https://letterboxd.com/film/cinderella-1971/,True
5316,f67508b6-fa54-4e4f-a673-e9dc1c37042c,Rabbit Ears: The Firebird,,C,1994,38,A,"Russian legend
http://www.rabbitears.com/products/34219-the-firebird.html",True
5317,f0a0e835-ab08-43a7-a759-7401118e25b9,Rabbit Ears: Koi and the Kola Nuts,,C,1991,25,A,"Nigerian folktale: https://handwiki.org/wiki/Social:Koi_and_the_Kola_Nuts
http://www.rabbitears.com/products/34266-koi-and-the-kola-nuts.html",True
5318,5600dde9-9522-4054-86ea-d10b77b8a83a,Rabbit Ears: The Boy Who Drew Cats,,C,1991,29,A,"Japanese fairy tale
http://www.rabbitears.com/products/34320-the-boy-who-drew-cats.html",True
5319,d721a433-4df2-4497-9f0a-da7ed3d1e358,Rabbit Ears: Pinocchio,,C,1992,28,A,http://www.rabbitears.com/products/34296-pinocchio.html,True
5320,7faf23d7-33a7-4e2e-a55a-03ce5db5108a,Rabbit Ears: Red Riding Hood,,C,1990,28,A,"http://www.rabbitears.com/products/34365-red-riding-hood.html
Rabbit Ears entry says the runtime also includes Goldilocks",True
5321,a1ec05bd-8911-42db-a343-86fec5850b68,Rabbit Ears: King Midas and the Golden Touch,,C,1991,24,A,"Ancient Greek myth
http://www.rabbitears.com/products/34260-king-midas-and-the-golden-touch.html",True
5322,988b848d-fbb4-4d26-afcd-aebe767f74bb,Rabbit Ears: Thumbelina,,C,1989,28,A,http://www.rabbitears.com/products/34351-thumbelina.html,True
5323,ad927071-19dd-47de-9365-f57c68a4e2cb,Rabbit Ears: Aladdin and the Magic Lamp,,C,1994,30,A,http://www.rabbitears.com/products/34268-aladdin-and-the-magic-lamp.html,True
5324,183171f9-f2f1-4772-a3b2-5dd54763720a,Rabbit Ears: Rip Van Winkle,,C,1992,30,A,http://www.rabbitears.com/products/34273-rip-van-winkle.html,True
5325,5be184fb-5774-4a02-84d5-276b4de8b12a,Rabbit Ears: Goldilocks and the Three Bears,,C,1990,28,A,"http://www.rabbitears.com/products/34358-goldilocks-and-the-three-bears.html
On the same video as RRH",True
5326,8932ebe2-b770-4df7-980c-828a314721f5,Rabbit Ears: The Ugly Duckling,,C,1985,25,A,http://www.rabbitears.com/products/34217-the-ugly-duckling.html,True
5327,d349fd2e-7997-4076-81ae-6b9b98c270c7,Rabbit Ears: The Fool and the Flying Ship,,C,1991,30,A,"Russian folktale
http://www.rabbitears.com/products/34226-the-fool-and-the-flying-ship.html",True
5328,78ee982f-4aee-4faa-b5d8-7f421d7c8e89,Rabbit Ears: Peachboy,,C,1993,30,A,http://www.rabbitears.com/products/34289-peachboy.html,True
5329,aaeabc5f-f3c8-4282-b3b1-d5098b434f9b,The Three Billy Goats Gruff,,C,1989,22,A,"http://www.rabbitears.com/products/34345-the-three-billy-goats-gruff.html
On the same video as The Three Little Pigs",True
5330,3508fc26-981a-4f71-93b2-ada98ad0150e,The Three Little Pigs,,C,1989,22,A,http://www.rabbitears.com/products/34348-the-three-little-pigs.html,True
5331,42c58558-ce3a-467b-ad54-d10a44c82c65,Rabbit Ears: The Fisherman and His Wife,,C,1989,24,A,http://www.rabbitears.com/products/34368-the-fisherman-and-his-wife.html,True
5332,25207886-702a-40ad-8acf-835b5b6e4051,Rabbit Ears: The Emperor's New Clothes,,C,1991,22,A,"http://www.rabbitears.com/products/34354-the-emperor-s-new-clothes.html
https://www.bcdb.com/cartoon/55015-Emperors-New-Clothes ",True
5333,10606331-dd5b-4c0a-ba13-9b819b964dd9,Rabbit Ears: Tom Thumb,,C,1991,25,A,http://rabbitears.com/products/tom-thumb.html,True
5334,0c149eaf-73ac-4923-ad36-1473bb9e59d1,Rabbit Ears: Jack and the Beanstalk,,C,1991,28,A,http://www.rabbitears.com/products/34250-jack-and-the-beanstalk.html,True
5335,3e232a72-8f66-4cd3-aee3-fb3d08c7d220,Rabbit Ears: The White Cat,,C,1995,26,A,"With similarities to ATU 310, The Maiden in the Tower
http://www.rabbitears.com/products/43002-the-white-cat.html
https://en.wikipedia.org/wiki/The_White_Cat_(fairy_tale)
http://www.barbaramcclintockbooks.com/bb-white.html",True
5336,a852cd7c-e7f8-4996-b6be-e818d0269c86,Rabbit Ears: Puss in Boots,,C,1991,22,A,http://www.rabbitears.com/products/34302-puss-in-boots.html,True
5337,dfdaa956-99db-427a-944b-d6772a797c14,Rabbit Ears: The Bremen Town Musicians,,C,1991,24,A,http://www.rabbitears.com/products/34323-the-bremen-town-musicians.html,True
5338,5f7a8718-d5c3-4536-9c18-4aa221ae29b1,Rabbit Ears: Rumpelstiltskin,,C,1991,22,A,http://www.rabbitears.com/products/34308-rumpelstiltskin.html,True
5339,2a958a09-85a2-49ea-8e45-11c97320991a,Rabbit Ears: The Tiger and the Brahmin,,C,1991,25,A,http://www.rabbitears.com/products/34372-the-tiger-and-the-brahminaf3b.html?media_type=dvd,True
5340,379f7c88-f241-4da1-8d63-5a8a4260b0cc,Rabbit Ears: Anansi,,C,1991,26,A,"Jamaican folktales
http://www.rabbitears.com/products/34299-anansi.html",True
5341,b10dac46-cdb4-4a8c-aba4-61d26eec5264,Rabbit Ears: The Monkey People,,C,1992,25,A,"Colombian fable
http://www.rabbitears.com/products/34278-the-monkey-people.html",True
5342,03a71189-0ee0-461c-9990-6b5d5ba0882c,Rabbit Ears: The Talking Eggs,,C,1991,,A,"Cajun folktale
http://www.rabbitears.com/products/34393-the-talking-eggs.html",True
5344,b77125a3-83e5-4731-bc86-e17de33e8df0,Rabbit Ears: Brer Rabbit and Boss Lion,,C,1992,28,A,"Southern folktale
http://www.rabbitears.com/products/34284-brer-rabbit-and-boss-lion.html ",True
5345,26540564-9281-42f9-b1e1-d008e094ed1c,The Man Who Came Out Only at Night,,BW,2013,15,L,"Italian folktale (from Italian Folktales collection by Italo Calvino)
https://en.wikipedia.org/wiki/Italian_Folktales (#4 on the list of tales)

https://letterboxd.com/film/the-man-who-came-out-only-at-night/ ",True
5346,a5a8110c-fe0a-4c24-9c30-ea66d493301f,Egle,"Eglė žalčių karalienė, Эгле",C,1981,51,L,"https://letterboxd.com/film/egle/
Queen of Serpents, Lithuanian folktale",True
5347,2931a9e0-a9fc-49a6-8d80-bfae0d9ad592,Eglė žalčių karalienė,Queen of Serpents,C,2003,7,A,"Origin: Queen of Serpents, Lithuanian folktale: https://en.wikipedia.org/wiki/Egle_the_Queen_of_Serpents 

https://www.youtube.com/watch?v=7TbM-pevlXE
https://letterboxd.com/film/queen-of-serpents/genres/
https://www.filmaffinity.com/us/film100296.html",True
5348,e28aef89-55dd-4822-b545-3e804391e142,De-as fi... Harap Alb,"If I Were Harap Alb, The White Moor",C,1965,91,L,"Origin: Harap Alb, Romanian fairy tale: https://en.wikipedia.org/wiki/Harap_Alb
https://letterboxd.com/film/the-white-moor/
",True
5349,017b7937-46a3-4684-a4a1-9eb9fd8eeecf,Shinsetsu kachikachi yama,,BW,1936,7,A,"Origin: Kachi Kachi Yama
https://letterboxd.com/film/shinsetsu-kachikachi-yama/",True
5350,13d4c348-bbd5-4d84-8297-bf8c1418c9b2,Kachi Kachi Yama,堅々獄夫婦庭訓,C,1965,8,A,"Origin: Kachi Kachi Yama
https://letterboxd.com/film/kachi-kachi-yama/",True
5351,3bcd0a0c-697d-4a5f-98f0-68dfb14e6960,Koschei the Deathless,,C,2020,13,L,Origin: Russian folklore,True
5352,cfaacb48-2965-4637-b6c2-d5146b89a234,Koshchey. Pokhititel nevest,"How to Save the Immortal, Кощей. Похититель невест, Koschey. The Bride Kidnapper",C,2022,76,A,"Origin: Russian folklore
https://en.wikipedia.org/wiki/Koschei#Film_2
https://letterboxd.com/film/film:514168/details/",True
5353,e4571246-5993-483d-9987-592b163efbc1,Dragon Nest: Warriors' Dawn,Dragon Nest: Rise of the Black Dragon,C,2014,88,A,,True
5354,1f96e923-caf1-408b-807e-226905abb75e,Die Heinzels - Rückkehr der Heinzelmännchen,"The Elfkins - Baking a Difference, A Piece of Cake",C,2019,78,A,,True
5355,471ffbb0-8159-42b4-b471-ec74d52c5fe7,Poslední propadne peklu,The Last One Will Go to Hell,C,1982,83,L,https://letterboxd.com/film/the-last-one-will-go-to-hell/,True
5356,d0492ab1-5882-4e3b-868d-f78916febe2e,Gräns,Border,C,2018,110,L,,True
5357,f0160bc4-84c7-4a0e-ba82-41f8eb6e9efb,Vandronik,"O Janovi a podivuhodnem príteli, Der Reisekamerad",C,1990,89,L,https://letterboxd.com/film/o-janovi-a-podivuhodnem-priteli/,True
5358,47bb6e30-63a8-46cf-8192-14b9711ae466,Omochabako series dai san wa: Ehon senkyûhyakusanjûroku nen,"Toybox Series #3: Picture Book 1936, オモチャ箱シリーズ第3話 絵本1936年",BW,1934,8,A,https://letterboxd.com/film/momotaro-vs-mickey-mouse/,True
5359,7ee860ff-b166-475a-accb-9c627069fae2,Liang Shan Bo yu Zhu Ying Tai,"The Love Eterne, 梁山伯與祝英台",C,1963,126,L,,True
5360,856812a2-5164-4f96-a745-c72234081409,Liang zhu,"The Lovers, Butterfly Lovers",C,1994,107,L,https://letterboxd.com/film/the-lovers-1994/,True
5361,60df516c-4d99-457a-804b-196c7183811c,The Butterfly Lovers,,C,2003,,U,"https://letterboxd.com/film/the-butterfly-lovers/
",True
5362,8c2e4785-8152-4e95-86d2-20e0523dcad3,Liang Shan Po yu Zhu Ying Tai,The Butterfly Lovers,C,2004,95,A,https://letterboxd.com/film/ling-and-tao/,True
5363,db01b663-5086-4b31-8b03-ffbecf18cc2a,"Wu xia Liang Zhu ","Butterfly Lovers, The Assassin's Blade",C,2008,102,L,"https://letterboxd.com/film/butterfly-lovers/
https://en.wikipedia.org/wiki/The_Butterfly_Lovers_(2008_film) ",True
5364,bc2f64fb-5885-45b2-9963-2e6b5e6c1b73,Los 4 músicos de Bremen,Town Musicians of Bremen,C,1989,86,A,https://www.filmaffinity.com/us/film649018.html,True
5365,ac543d85-8165-4648-8f0a-9792fe3717aa,Bel Arabi Cinderella,,C,2006,92,L,"https://www.themoviedb.org/movie/534434-bel-arabi-cinderella
https://letterboxd.com/film/bel-arabi-cinderella/
",True
5366,f196f163-cc5f-4839-81a2-d80fe5b4671d,Aschenbrödel und der gestiefelte Kater,,C,2013,60,L,,True
5367,df9b8300-3067-4a68-8c98-4a7852eda49c,Tales from the Thousand and One Nights,Tales from a Thousand and One Nights,C,1981,111,L,,True
5368,96faa75f-8797-4e69-a09d-4fefa2b471b4,Alf laila wa leila,"A Thousand and One Nights, Alf layla wa-layla",BW,1941,,L,,True
5369,d3bd7a2c-b07d-492f-bdc1-c0b946a87489,Binbir gece masallari,The 1001 Nights,C,1972,,L,,True
5370,14bde61d-0bd7-4585-85b4-f9383f677a43,Finalmente le mille e una notte,Bed of a Thousand Pleasures,C,1972,90,L,,True
5371,86576481-dbd8-440f-947f-ac3c6f9d8771,One Arabian Night,,BW,1923,75,L,"https://en.wikipedia.org/wiki/One_Arabian_Night

https://www.gettyimages.ca/detail/news-photo/li-pong-taunts-aladdin-while-he-awaits-execution-news-photo/646290626#/lipong-taunts-aladdin-while-he-awaits-execution-picture-id646290626",True
5372,3795e04e-8993-486f-b7fe-abc2d92f6468,Hare-Abian Nights,,C,1959,7,A,,True
5373,7e2fc698-f779-4d28-82e6-acdb0cd893eb,An Arabian Night,,BW,1960,85,L,,True
5374,f8e15d1b-aa87-4ba0-83e6-6ff1befbfa46,Arabian Nights,,BW,1946,,L,,True
5376,3d064a10-d7b9-4f8e-bbcb-fb6499d5f082,Adventures of Tom Thumb Jr.,,C,1940,8,A,,True
5377,97b2d88b-9652-49fa-9907-9f3b3eed36d5,Tom Thumb in the Land of the Giants,,C,1999,4,L,,True
5378,78fab673-c85e-4ff6-bf85-16015e995598,Farmer Tom Thumb,,BW,1940,,A,https://www.intanibase.com/iad_entries/entry.aspx?shortID=2689,True
5379,b2be94ad-ccc2-4354-a89e-df69afdd09f6,Tom Thumb's Brother,,C,1941,7,A,,True
5380,c500386d-748c-42b5-ba4f-79fde81ce8bd,Tom Thumb,,C,1992,24,A,,True
5381,5336d3c5-f6b0-4c6e-92e1-76cc49464e4a,Tom Thumb,,C,1978,9,A,,True
5382,3eccbbe3-769c-4002-98c0-e2378acb4c6a,The Snow Queen,,C,1991,70,A,,True
5383,8f16ad9f-8633-419c-b24f-eba51910068b,Pinocchio Pipenose Householddilemma,,C,1994,44,A,https://vimeo.com/46293876,True
5384,795cfa30-107c-4c6c-b343-5eed75975cf4,Pinocchiova dobrodruzství,,C,1967,,A,,True
5385,6030388e-6c4f-4547-90df-7ffa6a59050d,Pinocchiova dobrodruzství II,,C,1970,,A,,True
5386,57036b3d-f015-42f7-bdea-1e1938a159c2,Pinocchio si Alba ca Zapada,Pinocchio and Snow White,BW,2013,7,U,https://www-cinemagia-ro.translate.goog/filme/pinocchio-si-alba-ca-zapada-2935833/?_x_tr_sl=ro&_x_tr_tl=en&_x_tr_hl=en&_x_tr_pto=sc,True
5387,421454e6-0f1e-4771-9b94-f4763244767a,Pinocchio e le sue avventure,,BW,1954,92,L,,True
5388,482e6d7c-5154-4686-bce8-87b8d60475e5,Pinocchio and His Magic Show,Pinocchio's Storybook Adventures,C,1976,79,L,Puppets,True
5389,07900bb2-39a1-486a-82dd-a4eae4864eb5,Pinocchio: A Modern Retelling,,C,2019,2,A,,True
5390,d1531dc0-b87b-44dc-96a3-b2138fcf2029,"Pinocchio, Story of a Puppet",,C,2018,75,U,,True
5391,ff63c8c5-7e1d-4167-bc71-ba7ae5761eea,Neurosisnine's Pinocchio,,C,2016,7,L,,True
5392,967d5c1d-a1bf-4c13-8734-3cb75f7c9180,Le avventure di Pinocchio,,BW,1915,,U,"https://ru-kinorium-com.translate.goog/477159/?_x_tr_sl=ru&_x_tr_tl=en&_x_tr_hl=en&_x_tr_pto=nui,sc
",True
5393,4c9f8953-a826-4f35-9b77-71ffa7d8ac92,Pinocchios Abenteuer,,C,1959,,A,,True
5394,9dfd0c38-6f81-4fb4-8304-8fd774f85203,The Return of Pinocchio,,C,2019,75,A,,True
5395,b12ba88f-5e2a-42ec-9e6f-7642f7218e78,Green Pinocchio,,C,2019,8,L,"https://translate.google.com/translate?hl=en&sl=it&u=https://www.italiagreenfilm.it/film/green-pinocchio/&prev=search&pto=aue
",True
5396,35680bba-31e8-46bd-b1c5-c37f11f29eda,Pinocchio's Drone,,C,2017,6,L,,True
5397,7332ed6e-40bb-42f6-8eb0-93ce89981ce6,Mending Pinocchio,,C,2015,10,L,"https://vimeo.com/120553671
https://www.radiotimes.com/movie-guide/b-fw0kxw/mending-pinocchio/",True
5398,0066e999-dab6-4a76-b210-f90d3a2bcd75,Pinocchio's People,,C,2006,,L,https://www.youtube.com/watch?v=Fogq5wCe0Fc,True
5399,a3497dd5-33f3-42f1-bfa9-9cefa07472ab,Extrême Pinocchio,,C,2014,23,L,"https://en.unifrance.org/movie/38898/extreme-pinocchio
https://vimeo.com/93075704",True
5400,b14ee87c-7399-41e4-9d99-fa2a831166cb,Bentornato Pinocchio,Welcome Back Pinocchio,C,2007,91,A,,True
5401,8db87c67-2610-47fc-bacb-43871e12d3db,OcchioPinocchio,,C,1994,125,L,,True
5402,a532b6b2-7d02-4066-86ad-d35084c38e90,Pinocchio,,C,2015,12,A,,True
5403,b1750b1c-034d-416d-967e-583f46c88b25,Pinocchio,,C,2009,11,L,,True
5404,911d17dc-67bc-4777-9cd0-cf24ad3808f2,Pinocchio,,C,2004,57,A,,True
5405,c70da31b-3fae-4a03-ba16-b6d88398feb9,Pinocchio,,M,2020,30,A,,True
5406,dbfeb6e4-27d0-4c65-aceb-808a98b45c68,Pinocho,,C,1986,85,L,,True
5407,3f13d436-b1eb-4a8b-ab11-58f8be8ebcf7,La gran aventura de Los Lunnis y el Libro Mágico,The Lunnis and the Great Fairy Tales Adventure,C,2019,83,L,,True
5408,7c4d8b7d-859e-4af9-b4eb-5b5219084a3e,Une-Mati lood VI: Aga kus on Buratino?,,C,1981,,A,,True
5409,456a735d-c731-4169-9d57-ecab9c47a49e,Noveyshie priklyucheniya Buratino,The New Adventures of Buratino,C,1997,208,L,,True
5410,f03e65fd-1b0b-4ec0-9336-7f08f5a6cfb2,Burattino,,C,2012,11,L,"https://www.youtube.com/watch?v=ZpgScuPGzt8
",True
5411,65b67af0-4343-493a-ba3e-f5cbde56eed4,Raya and the Last Dragon,,C,2021,,A,,True
5412,af55484d-e5af-455e-87ff-e30fcf2c78dd,Albion: The Enchanted Stallion,,C,2016,106,L,,True
5413,1d344beb-5901-4845-83e9-8a63d38215d6,A Christmas Prince,,C,2017,92,L,,True
5414,abcd0b75-1f06-458d-99a7-817461d7b9bc,A Christmas Prince: The Royal Wedding,,C,2018,92,L,,True
5415,d64341f7-ab1f-457c-84ca-fae111333b46,A Christmas Prince: The Royal Baby,,C,2019,84,L,,True
5416,818ebe2c-c367-4998-9182-127ac403346b,I Kill Giants,,C,2017,106,L,,True
5417,42d80ff3-ba72-44d7-9199-54b35ad73bbe,The Princess Diaries 2: Royal Engagement,,C,2004,113,L,,True
5418,56bf2253-ff51-437b-95a7-696e057e6e9c,Wish Upon,,C,2017,90,L,,True
5419,8430b1f4-0236-4b52-9e3f-229253136aff,Ne Zha zhi mo tong jiang shi,"Ne Zha, Nezha",C,2019,110,A,,True
5420,40a97d98-da1e-4995-8db1-b195d8157bde,Rainbow Jelly,,C,2018,120,L,,True
5421,4349af37-3e44-432f-9340-ead401a9660a,Nakitai watashi wa neko o kaburu,A Whisker Away,C,2020,104,A,,True
5422,8912ed57-d81a-42a2-9550-756aa38eab82,The NeverEnding Story II: The Next Chapter,,C,1990,90,L,,True
5423,db7c0ca0-c793-4136-acb2-35e2317aa1d0,Die unendliche Geschichte III: Rettung aus Phantasien,"The NeverEnding Story III, Neverending Story III: Return to Fantasia",C,1994,95,L,,True
5424,29fd81b1-7e3f-43ee-aad3-b4adce7aa352,Die weiße Schlange,The White Snake,C,2015,91,L,,True
5425,881d17f5-4331-4532-bbc8-afadfb36104c,Die Hexenprinzessin,,C,2020,89,L,,True
5426,04976c0f-6962-4f34-b704-cee2515158b1,Der var engang,,C,1966,103,L,,True
5427,e5ee2b02-c4d4-41e2-821f-706fae64b613,Certí brko,The Magic Quill,C,2018,99,L,,True
5428,8d1f494a-2d2e-46b5-8211-953fd14e3a3f,Porky the Giant Killer,,BW,1939,8,A,,True
5429,c322d219-20ed-448a-ae8e-87e524b601c0,Throne of Elves,Dragon's Nest 2: Throne of Elves,C,2017,104,A,"Sequel to http://iftf.uwinnipeg.ca/Home/Film/5353?class=nopad 
https://en.wikipedia.org/wiki/Throne_of_Elves",True
5430,883aa0a2-0fc6-4b26-a86d-8e8fbbe88512,After Ever After,,C,2019,90,L,,True
5431,b8dd0c47-bf08-478c-b370-319382d55611,Jersey Girl,,C,1992,95,L,,True
5432,6ffad8b2-e715-49e1-9531-9fa032b28939,Once Upon a Prince,,C,2018,120,L,,True
5433,ae8a8a43-2928-4196-8705-26280ad89092,Princess,,C,2008,88,L,,True
5434,e4465948-d1d6-4e69-bed8-f9f233fdce74,Kath & Kimderella,,C,2012,86,L,,True
5435,6e7d31c3-3650-4e93-ac3c-439fcad9a79d,Surf School,,C,2006,87,L,,True
5436,1374a3e8-c86d-451a-a788-f334760545e9,Makeup Man,,C,2011,150,L,,True
5437,c6afb805-6017-404b-997b-b5d8372b1541,Dirty Love,,C,2005,91,L,,True
5438,434cb94f-ca72-45b9-aab5-9ba4e45d8a57,La chica del trébol,,C,1963,100,L,,True
5439,7b2052a5-92b7-49cf-8c32-d655a947ab2b,Anything Once!,,BW,1927,20,L,,True
5440,ae2ef296-96ec-45ed-bef8-7412e453733e,Lippels Traum,,C,2009,101,L,,True
5441,2b64a4ab-8d78-4a75-9cf6-50432085d5a2,"Bai she zhuan shang ji ",Madam White Snake Part I,BW,1926,,U,,True
5442,ac91e39a-7f0c-4740-92bc-a91a226f0c11,Bai she zhuan xia ji,Madam White Snake Part II,BW,1926,,U,,True
5443,7d9cc640-cabe-47aa-bc1f-b92f01f9f078,The Legend of the White Snake,白蛇傳,BW,1939,95,L,https://www-senscritique-com.translate.goog/film/The_Legend_of_the_White_Snake/20968449/details?_x_tr_sl=fr&_x_tr_tl=en&_x_tr_hl=en&_x_tr_pto=sc,True
5444,50984967-c865-49d6-a3e5-60aa77de6baf,Tom Pouce suit une femme,"Mary Long and Sammy Short, Tom Thumb in Love",BW,1910,3,U,https://letterboxd.com/film/tom-pouce-suit-une-femme,True
5445,6013bc84-c6e9-44ed-b892-aaf52d14e3db,Tom Thumbs Down,,BW,1930,10,U,,True
5446,d37f3f8f-f4f0-4538-89b5-a98d26888f93,TomThumb,,C,2008,17,L,,True
5447,6d96cb71-2183-4d8c-90b3-9de83f2aaa6f,Snow Queen,,C,2018,,L,,True
5448,4729689c-38dd-4bd5-bd33-8abd593aca0d,Sindrome de Pinocchio,Sindrome de Pinocchio - Refluxo,C,2008,90,L,,True
5449,b4caf114-3b1c-4f8d-b491-de09dce15c49,Pinocchio Story,,C,2016,7,L,,True
5450,5b40d1a6-8185-4fb5-b30a-f9da7861cb14,Pari & Pinocchio,,C,2019,14,L,,True
5451,be90669d-61e5-4a9b-bd2c-8b20561e2895,Pinocchio Kuglen,,C,2020,,L,,True
5452,42906b61-c543-4e56-9988-af4e19d50dbf,The Pinocchio Effect,,C,2010,126,L,,True
5453,2569a55e-fc82-4d07-a934-05d13890193e,The pinocchio,Il pinocchio,C,2017,15,L,"https://www.facebook.com/IL-PINOCCHIO-356192627891813/
",True
5454,75c0cb0b-318c-4c9b-bb22-f9a7f3e67508,Pinnocchio,,C,2016,,L,,True
5455,f76090b0-daf8-4b60-abe4-37022f4336a6,Pinocchio,,C,2006,90,L,,True
5456,80d5469e-85f3-4ba5-b714-234b13f486bd,Le Rêve de Giuseppe,,C,2015,17,L,https://www.youtube.com/watch?v=5DEWqqRG0lI,True
5457,29c753df-417d-459e-a94e-3bd500bd7e8e,Konrad,Wonderworks: Konrad,C,1985,103,L,,True
5458,bd044c6d-8848-4fde-bbac-35e73a2a5d83,Konrad oder Das Kind aus der Konservenbüchse,Conrad: The Factory-Made Boy,C,1983,80,L,,True
5459,5d05af47-4d91-4c6f-a0cc-9196c40c818b,Baracca e burattini,,BW,1954,80,L,,True
5460,ef0ae5ac-042c-46cc-9bb3-a299627972e6,Rat-Face Burattino,,C,2013,4,L,,True
5461,353d785d-819a-4b02-87a2-e088a3359cd9,Xin Shen Bang: Ne Zha Chongsheng,Nezha Reborn,C,2021,116,A,,True
5462,00ac3117-e1ff-4f81-bd77-a040dd228110,Nezha nao hai,Prince Nezha's Triumph Against Dragon King,C,1979,65,A,,True
5463,c730307d-346a-4b71-8919-4b9af6720c5d,Xin Feng Shen Zhi Ne Zha Nao Hai,Nezha Conquers the Dragon King,C,2019,95,L,,True
5464,a1ba39cb-48df-4175-bf19-feec3f8330d2,I am NeZha,Ta Là Na Tra,C,2016,83,A,,True
5465,564b9fce-af38-4a1d-8763-22bc3ea9db83,Ali Baba va chehel dozd-e-Baghdad,Ali Baba and the Forty Thieves of Baghdad,C,1967,,U,,True
5466,57e0403a-853b-4f6e-8f75-f3abb53f80c4,Ali Baba i sorok razboynikov,Ali Baba and the Forty Thieves,C,1983,75,L,,True
5467,3b6e5b8d-8a32-437b-bb46-805b087e99e9,Port of 40 Thieves,,BW,1944,58,L,,True
5468,4b43d81f-4f96-44e1-9fd0-6eed4795f025,Alibaba,Alibaba & the Forty Thieves,C,2002,79,A,,True
5469,6fc5a29d-18c4-4cfb-a7db-4a824f57dc67,Ali Baba and the Forty Thieves: The Lost Scimitar of Arabia,,C,2005,68,A,https://trakt.tv/movies/ali-baba-and-the-forty-thieves-the-lost-scimitar-of-arabia-2005,True
5470,554c50c9-9c78-40a5-8476-f34e30ea601b,Alibaba and Forty-one Thieves,Alibabayum 41 Kallanmarnum,C,1975,,L,,True
5471,e8249e12-e698-4dc6-9a02-d3f855636d62,Alibi's Forty Thieves,,BW,1926,20,U,,True
5472,820275a0-c17b-4ce7-94f4-dc7b3eabb6a9,Alibaba and the Forty Thieves,,BW,1927,,U,,True
5473,dc473423-0deb-4ba6-a2d6-630021246817,Ali-baba i sorok razboynikov,Ali Baba and the Forty Thieves,C,1959,30,A,,True
5474,01e225ce-63f9-4fc4-a6e0-fd35f3a6a25d,Alibaba and The Forty Thieves,,C,2018,90,A,,True
5476,375d3bd8-3597-43a0-8eb1-c18886177484,Ali Baba,,C,1973,73,A,https://en.wikipedia.org/wiki/Ali_Baba_(1973_film),True
5477,bf4b3edd-0f5a-4d89-b892-03790aaa8a92,Ali Baba,,BW,1922,,U,,True
5478,f2373aab-4365-4ffe-b0af-d1d5e003eb8b,Ali Baba,,C,1957,3,A,,True
5479,394b269f-383e-4ac9-9245-2a39920744dd,Ali Baba,,C,1974,1974,L,,True
5480,8ead8bf8-cf47-4c0b-91fc-490b93d6c2fd,Alibaba and The Forty Thieves,Alibaba,BW,1940,,L,,True
5481,8a66a2e0-050e-420c-b3db-0fc71857633c,Alibaba,,BW,1976,,L,,True
5482,06adcdbe-5a39-4c31-9f6d-7a73c82263b3,Alì Babà,,C,1971,11,A,,True
5483,12da5a9f-9048-4b6a-b205-c7e466b4cabd,Alibaba,,BW,1967,,L,,True
5484,0b84ed6d-2f23-43f4-9f51-e1e910e914b1,Ali Baba,,BW,1945,,L,,True
5485,6dbb4491-f5f6-47aa-b5d9-c19062d8addb,Ali Baba & the Gold Raiders,,C,2002,52,A,,True
5486,777c7a23-885e-405d-8f86-48d42d60ce4f,Alì Babà,"Alì Baba - Apriti, sesamo!",C,1996,78,A,,True
5487,31f66514-bdc0-48ff-b032-2332d3eb2da9,Ali Baba,,C,2008,106,L,https://en.wikipedia.org/wiki/Alibhabha,True
5488,5eb97e3b-2a53-4e74-a1d2-5d4b85b69122,La cueva de Ali-Babá,The Cave of Ali Baba,BW,1954,88,L,https://rateyourmusic.com/film/la_cueva_de_ali_baba/,True
5489,fcd8163b-11f2-4f3b-85b3-cfd2487ee0ad,Le amorose notti di Ali Baba,,C,1973,82,L,,True
5490,a9a22929-d836-465f-a2d8-27b048889db6,Alí-Babá (El tesoro),,C,2000,87,A,,True
5491,1e654230-314c-4784-95f5-de572557f10e,Son of Ali Baba,,BW,1955,145,L,https://www.cinestaan.com/movies/son-of-alibaba-14361,True
5492,3251a203-4d45-42bd-b44d-aa0edbc6a6f2,Son of Ali Baba,,BW,1961,,L,,True
5493,fe946cf8-29bb-4937-95e0-ae7b15a0c77d,Alì Babà e i pirati,Ali Baba and the Pirates,C,1997,80,A,,True
5494,807470b6-b34e-42f7-ade3-9c1f59af83ca,Ali Baba'nin çiftligi,Mühür Gözlüm,C,1979,54,L,,True
5495,c136f91b-1db4-4e7f-a56f-cdec100bd88f,Ek Tha Alibaba,Aik Tha Alibaba,BW,1963,,L,"https://www.bollywoodmdb.com/movies/ek-tha-alibaba/9675
https://indiancine.ma/KRE/info
https://bombaymann2.blogspot.com/2019/11/film-ek-tha-alibaba1963.html
https://www.indianfilmhistory.com/movie-details/ek-tha-alibaba",True
5496,bf33df1b-56ea-4195-a0a7-009693286fa0,Ali Baba Chalis Chor,Ali Baba,C,1970,,L,,True
5497,7f25203b-969c-4266-9c51-232641186f30,Alibaba and the Thief,,C,2015,80,A,https://en.wikipedia.org/wiki/Alibaba_and_the_Thief,True
5498,1ededa31-c611-45b7-9d61-2cbf53e11935,Alibaba Adhbutha Deepam,,C,1995,,L,,True
5499,05f1c9f1-6493-41cd-9169-239f1d4e9f06,Alibaba Aur 41 Chor,,C,2018,,A,,True
5500,ab7def9f-75b6-4865-bf90-371aa65f2be2,Alibabavum 40 Thirudargalum,,BW,1941,157,L,,True
5501,6e1805a7-33fd-4c2d-ad6e-f6d1a3264fae,Mit mondott az Alibaba?,,BW,1927,,U,,True
5502,ce3b777c-3556-4384-a5df-62f2c2155d7d,Ali-Baba und die 40 Räuber,,BW,1922,,A,https://www.bcdb.com/cartoon/57560-Ali-Baba-und-Die-40-R%C3%A4uber,True
5503,1d025b8e-0625-4091-a4b8-3137da3e40ef,Chi Zha Feng Yun,Ne Zha,C,2021,105,L,,True
5504,e2989c99-8652-442b-94ea-e23aee966f87,Nezha,少女哪吒,C,2014,98,L,,True
5505,cf7e8a2b-7ca0-4057-a58a-954b266a3c43,My Favorite Fairy Tales Volume 4: The Wizard of Oz; The Magic Carpet; Alibaba and Forty Thieves,,C,1986,30,A,,True
5506,c04e0f5e-46a4-43c5-aa36-8d1c0ef882b0,My Favorite Fairy Tales Volume 2: The Three Little Pigs/The Ugly Duckling/The Wolf and the Seven Little Kids,,C,1986,30,A,,True
5507,5fd7c16e-9ce0-42d4-86c6-be50d10f871c,My Favorite Fairy Tales Volume 5: Snow White/The Little Mermaid/The Cobbler and the Elves,,C,1986,35,A,https://en.wikipedia.org/wiki/My_Favorite_Fairy_Tales,True
5508,050487b3-7707-445f-8361-a57bd6850044,My Favorite Fairy Tales Volume 6: The Little Mermaid/King Grizzlebeard,,C,1986,34,A,https://en.wikipedia.org/wiki/My_Favorite_Fairy_Tales,True
5509,1f61db2e-f3ef-42c2-a8b2-24725b42f7ab,Queen of the Forty Thieves,Queen of the 40 Thieves,BW,1914,,L,,True
5510,2d709971-ad1b-4696-a073-6963100d7c29,Ali Baba,Ali Baba and the Forty Thieves,BW,1908,,U,,True
5511,dbfbb3c1-cd76-4d4b-8033-032e84a36e9e,Forty Thieves,,BW,1944,60,L,,True
5512,f40f7c94-bdbd-429d-9e61-8e7bccfcc566,Alibaba Marjinaa,,C,1977,163,L,,True
5513,4eaf0692-d9e4-4ff1-b6db-9be29b2f1183,Cima Ali Baba,,C,2011,120,L,,True
5514,af9b2daf-eb8d-4216-b399-70e37a42f0f9,Ali Baba,,C,2018,102,L,,True
5515,ff76047b-861e-4775-acc5-169e074a5869,Ali Baba ve 7 Cüceler,Ali Baba and the Seven Dwarfs,C,2015,114,L,,True
5516,5f69e536-0fb9-4422-8123-92eb1d31a4a8,The Adventures of Hajji Baba,,C,1954,94,L,,True
5517,0b4fcb1c-e99d-4f5a-9c77-9c0926722901,Alibaba: Solomon Seal,,C,2016,80,A,"http://movincen.blogspot.com/2016/06/film-alibaba-2-solomon-seal-2016.html
http://newsmover.blogspot.com/2016/06/film-alibaba-2-solomon-seal-2016.html
https://m.the-numbers.com/movie/Alibaba-Solomons-Seal-(China)
https://www.goldposter.com/movie/94598/",True
5518,7070cafc-589e-4bc3-ad47-49660ca79a79,Alibaba Three Blondes,阿里巴巴三根金发,C,2018,,A,"https://translate.google.com/translate?hl=en&sl=zh-TW&u=https://en.hkcinema.ru/film/30976&prev=search&pto=aue
https://www.goldposter.com/movie/290091/
",True
5519,758c8b14-729e-4bfd-bbe6-6f6fac5e09a6,Curse of the Crystal Eye,,C,1991,73,L,,True
5520,b85affc9-2700-4aa1-a292-153bb825d3b0,Tales from the Darkside: The Movie,,C,1990,93,L,,True
5521,40ea2f96-e733-43f9-a5b9-36394c444828,Through the Looking Glass,Thirza Cuthand’s Through the Looking Glass,C,1999,14,L,"https://vimeo.com/127557098

https://vucavu.com/en/video-pool-media-arts-centre/1999/through-the-looking-glass",True
5522,9bf487ff-89d6-428c-b78b-f01234fa1aca,The Emperor's Newest Clothes,,C,2018,27,A,,True
5523,6173ec6c-1acd-4a55-8f6c-d1a1e8372ed5,Kejserens nye klæder,"The Emperor's New Clothes, Новое платье короля",C,2004,,U,,True
5524,69b533ce-7c42-4335-8c07-14e07a6efbd4,The Emperor's New Clothes,,C,1990,9,A,,True
5525,1cc27854-6ec6-4adb-ad22-e4196b1651df,Pieni merenneito,Little Mermaid,C,1977,25,A,,True
5526,92c921f2-7171-4b51-bc20-f13a38e30158,Little Mermaid,Mica Serena,C,2018,,L,"https://www-kinopoisk-ru.translate.goog/film/1257946/?_x_tr_sl=ru&_x_tr_tl=en&_x_tr_hl=en&_x_tr_pto=nui,sc",True
5527,be8ab058-448c-425d-b443-7aa6d0fbadbd,The Little Mermaid,,C,2013,6,L,,True
5528,1010a9ef-f786-4df7-8301-3dc92887cde4,The Little Mermaid,,C,1974,30,L,,True
5529,571f4690-95a9-4239-918a-9baef51b8d94,The Little Mermaid,,C,2011,7,L,,True
5530,d54ae052-12d9-4c38-9aa7-839141447b59,Deep of the Sea,His Little Mermaid,C,2018,,L,,True
5531,7c8de2e5-9b87-464f-88bd-c6d4064e435e,Ineo gongju,"My Mother, The Mermaid; The Little Mermaid",C,2004,110,L,,True
5532,fc2725bb-e97d-4378-8ec4-a2d1b0b8e487,Little Red Riding Cowgirl Mermaid,,C,2016,,L,,True
5533,625cda32-5120-4b70-9254-002395a17f82,Scariel - Part of Your Brain (Zombie Little Mermaid),,C,2014,,L,,True
5534,afdf564f-8f40-4b51-939b-478091055095,Mei ren yu zhi hai dao lai xi,The Little Mermaid: Attack of the Pirates; The Mermaid Princess,C,2015,77,A,,True
5535,9b3ccaa1-4738-4e80-b948-780e691bdafb,The Little Mer-Masochist,,C,2012,,L,,True
5536,91a636a5-8fb0-4e5d-b87a-162a65993d73,Captain Donald and the Little Mermaid,,C,2013,,L,,True
5537,068b8f04-c189-4fef-9656-322f46976bb5,The Little Slutty Mermaid,,C,2008,5,L,"https://thelaughbutton.com/favorite-sketch-tenderloins-slutty-mermaid
https://www.youtube.com/watch?v=l2hHxbIqlgw
",True
5538,ec06916e-fb0d-4ce2-b56f-3598f53c3fb3,After Eric: Part of That World,,C,2015,14,L,,True
5539,ae0f4e93-3aca-48ff-a70c-1c10f78c2068,Children of the Air,,C,2012,19,L,,True
5540,38902b3f-1535-48c8-8453-0e2ba9d16541,The Nightingale,,C,1987,30,A,,True
5541,acecd3d3-fc20-4912-b194-a7f6fd171f1f,Petite maman,Little Mom,C,2021,72,L,,True
5542,0b083ce7-0d0f-4f89-b00c-55583a1f6f79,Two Paper Nightingales,,C,2019,20,A,,True
5543,8090f64e-dd5c-48d5-b5d4-2257cc273081,The Emperor's Nightingale,,BW,1957,,U,,True
5544,56e6c129-d5f5-4865-b577-bd8f58e89793,The Princess and the Pea,,C,1992,27,A,,True
5545,8f41178a-d305-45d3-9219-c30ac96e099d,The Princess and the Pea,,C,2017,,L,,True
5546,b3b44826-6a64-40cc-85af-b5bfe5808d63,The Princess and the Pea,,C,1979,8,L,,True
5547,a124c222-569d-4d2e-b8c6-c7f046804d31,The Princess and the Beast,,C,1985,,U,,True
5549,173a20e2-abc8-45a4-a549-471f060b4ca2,Matthew Barney in 'The Emperor's New Clothes',,C,1999,23,L,https://vimeo.com/109923709,True
5551,3790a042-5953-4628-9054-6ed3741b1ac4,The Emperor's New Clothes,,C,2001,108,L,,True
5552,79e1088b-28c1-42f1-824b-95ec7cc9682c,The Princess & the Barrio Boy,,C,2000,93,L,,True
5553,cb46177e-5af6-476b-980b-57acfaad2e7e,Sofia Coppola's The Little Mermaid,,C,2014,2,L,,True
5554,3f51ae7b-f7c1-41b5-a2bc-67fe2580f9cf,Eiga Doraemon: Nobita no ningyo daikaisen,Doraemon the Movie: Nobita's Mermaid Legend,C,2010,99,A,,True
5555,a384856b-0256-44fe-9bfe-2576215e6ffe,The Nightingale and the Rose,Oscar Wilde's the Nightingale and the Rose,C,2015,13,A,,True
5556,9fe03a65-cf42-4f6b-a721-a9eeaca68d2a,El ruiseñor y la rosa,The Nightingale and the Rose,C,1997,72,L,"https://letterboxd.com/film/el-ruisenor-y-la-rosa/
",True
5557,b43a123e-c1ba-4675-a325-7db646b02b08,Wilde Stories: The Nightingale and the Rose,,C,2003,24,A,,True
5558,b2e0f84c-c793-432f-865c-4706dd5f8952,The Princess and the Beer,,C,2011,2,L,,True
5559,82119f59-d5f9-4498-99a2-ad0edb9c0129,The Princess and the Peasant,,BW,1910,,U,,True
5560,7b7e2c30-80a4-46fa-8619-3aff4287d8df,The Princess and the Dwarf,Birthday of the Infanta,C,1989,90,L,,True
5561,2d3a9532-36c9-490f-bb6f-2ea3f87627d4,Al-amira wal-nahr,The Princess and the River,C,1982,,A,,True
5562,83c48884-bd4b-4948-bd6a-ce527e1feaa4,Princezna a písar,Princess and the Scribe,C,2014,81,L,,True
5563,2f3835e0-ca26-4306-b222-f19057f5b5b9,Gung-hab,The Princess and the Matchmaker,C,2018,110,L,,True
5564,780af599-d3e6-4784-87be-48341a7ac99e,The Sun Devil and the Princess,,C,2014,30,L,https://www.mandy-amano.com/sundevil,True
5565,55e25539-601e-4bf5-b5b1-a018c70d3fea,The Maiden and the Princess,,C,2011,18,L,,True
5566,d26ef7b5-1de5-457e-92f3-ebb276d1a7f3,The Princess and the Fishbone,,BW,1910,,L,,True
5567,46efc53b-d77c-4fb1-b90c-da6dfb5ea755,The Princess and the Soldier,,C,2008,13,L,,True
5568,287964d2-5605-43f8-9fb7-0add56e305b0,La belle princesse et le marchand,The Princess and the Merchant,BW,1912,14,L,https://rateyourmusic.com/film/la_belle_princesse_et_le_marchand/,True
5569,122fb989-57e5-4d16-b974-f6b48526a2c5,O Cavaleiro Didi e a Princesa Lili,The Knight Didi and the Princess Lili,C,2006,90,L,,True
5570,faa40585-12e5-4ccb-ae91-dacaa1e5d7b9,The Blind Princess and the Poet,A Biograph Fantasy in the Land of Flowers,BW,1911,18,L,"https://en.wikipedia.org/wiki/The_Blind_Princess_and_the_Poet ",True
5571,22518da5-4235-44d8-b574-1f2773345730,The Story of the Selfish Giant,,C,1998,30,A,https://www.youtube.com/watch?v=4yqGGf6nHJI,True
5572,22d9607b-a195-4f33-91cb-b18f29c8ecd1,Velikan-egoist,The Selfish Giant; Великан-эгоист,C,1982,10,A,,True
5573,626eeb4a-41e2-4d0f-b8fe-33aa37ade3ea,The Selfish Giant,,C,2003,24,A,,True
5574,fdda6175-7745-44ea-93fe-b0d4d603e696,The Selfish Giant,,C,1971,26,A,,True
5575,110d75ce-5e7f-4df5-822d-1e893d3c41e6,The Happy Prince (Alba E Garcia- Rivas),,C,2000,10,A,https://www.youtube.com/watch?v=4ju_bohlOeM,True
5576,f0249c04-2c91-4773-a543-27228cd2680d,The Happy Prince,,C,2012,39,A,,True
5577,e5fd05ca-ec3d-420a-b6e1-6cc394030ce4,Le prince heureux,,C,2019,,L,"https://www.instagram.com/p/BtYTTHoAp5e/ 
Emmanuel Buriez not listed as director on IMDB but I found this Instagram post which confirms this.

https://movies.alldbx.kz/movies/5e2ddbf9adf7eeb08b899a2e/",True
5578,c50f67f2-2f78-4ed1-a637-7f3adf6d6c33,The Happy Prince,,C,1974,25,A,,True
5579,bf8af23d-2b63-4a88-bc96-29e4b4845af0,Wilde Stories: The Devoted Friend,,C,2003,24,A,,True
5580,997dff97-bd5d-4e4b-9c1b-b583357046e3,The Remarkable Rocket,,C,1975,24,A,,True
5581,d93caff0-bb0c-4b23-9d53-b04055002621,The Birthday of the Infanta,,C,2009,5,A,"https://vimeo.com/11300086
https://www.tristiangoik.com/copy-of-commissioned ",True
5582,2b441154-68fb-46b0-969c-aa0a9d855296,The Fisherman and His Soul,,C,1961,90,L,,True
5583,a4fe9889-3661-43ef-9893-a33fc9c56a28,The Star Child,,C,1994,28,A,,True
5584,d7226e09-2cc4-4920-8b9c-09eacb501131,Zvyozdnyy malchik,Звездный мальчик,BW,1958,76,L,https://translate.google.com/translate?sl=auto&tl=en&u=https://ru.wikipedia.org/wiki/????????_???????_%28?????%29,True
5585,b9a1544c-4b10-43cf-8241-b2fa32131b25,The Fisherman and His Wife,,C,2016,6,A,,True
5586,189e560b-71e1-4719-b39a-29b70031cb0b,The Fisherman and His Wife,,BW,1998,11,A,,True
5587,59605619-7cf9-47c0-83bf-a9f8dc76776a,The Fisherman and His Wife,,C,1978,9,A,,True
5588,0119d0f8-a603-4f41-86b1-3bf768293c79,Wilde,,C,1997,118,L,,True
5589,e767d444-074a-4a0c-b971-4b9d7c225b0e,The Happy Prince,,C,2018,105,L,,True
5590,3f45108e-cef2-4e12-854f-9f49b5714029,Skazka o zvezdnom malchike,Сказка о звездном мальчике,C,1984,133,L,https://translate.google.com/translate?sl=auto&tl=en&u=https://ru.wikipedia.org/wiki/??????_?_????????_????????,True
5591,52f6c6f1-cfb6-4e3d-9097-bf6ada532a43,The Swineherd,,C,1975,13,A,,True
5592,66ffd690-a428-4aeb-8d0f-18437e703064,El detective y la muerte,The Detective and Death,C,1994,108,L,,True
5593,bd23ba67-d2ec-44f4-89e6-6e824e69300d,Matchstick Girl,,C,2015,8,L,"https://www.youtube.com/watch?v=GW2x18f5Bjg
https://www.walesonline.co.uk/news/wales-news/powerful-short-film-shows-devastating-12151393
",True
5594,82ad13e4-a4a0-4814-89c7-9e79d092dda7,The Little Match Girl,,C,2015,3,U,https://vimeo.com/124984293,True
5595,b6d2820e-128e-421c-8d04-24f72d9ceb91,L'histoire d'une mère,,C,2016,82,L,,True
5596,1d0325a9-877b-43b3-933f-9b6c929a8540,The Match Girl's Confession,,C,2018,12,L,,True
5597,7b92e6cb-6c2d-4aba-880e-609408aba260,The Steadfast Tin Soldier,,M,2008,7,L,"https://www.youtube.com/watch?v=qsViLeraVMA ",True
5598,af25d8ad-b832-4929-a08f-6595f0696538,De rode schoentjes,,C,2011,,A,,True
5599,e5797c1a-18e2-49c2-8049-e06aecd6fd53,A Princesa e a Ervilha,,C,2012,14,L,,True
5600,ac6b42c1-fcad-473f-9933-dc5142b289e8,Ruma ankanpoikanen,,C,2004,7,A,,True
5601,ead38fce-96de-4599-962a-437018b922a2,Les habits neufs du gouverneur,The Governor's New Clothes,C,2005,87,L,,True
5602,e0442d8b-dae1-4937-92ad-d4fc653f048d,Gli abiti nuovi del granduca,,C,2005,54,L,,True
5603,28a6d474-531f-4c94-9211-5bbb8b911de4,L'effraie,,BW,2005,16,L,,True
5604,a83f6aef-0960-4d16-b36d-d48df6193656,The Tin Soldier,,C,2005,3,A,,True
5605,c94c308b-e06b-4b49-8f6f-ea4183442e05,Petit Claus et grand Claus,,C,2008,,M,"https://www.youtube.com/watch?v=P9c6b-Y9BJQ
https://www.youtube.com/watch?v=z8l41cPYA5E",True
5606,ef0522a1-526d-4009-a9ba-c7b66c49049a,The Ugly Duckling's Christmas Wish,,C,1996,70,A,,True
5607,343f00d5-ef31-4fc6-8ef5-0daf3e210687,Devochka so spichkami,Девочка со спичками,C,1996,10,A,,True
5608,00c8178c-321f-445a-bbea-4061b45639f4,The Ugly Duckling,,C,1997,81,A,,True
5609,cdf948c5-1db6-468a-a6e4-d6417e1642d7,Devcátko se sirkami,The Little Match Girl,C,2001,10,L,"https://www.fdb.cz/film/devcatko-se-sirkami/33673
",True
5610,1a556a2f-2a16-4ce4-acbd-1fa5c5947a1d,Historia de una madre,Story of a Mother,C,2003,7,L,,True
5611,b9ef4b4c-dd42-4c24-b162-3fecbeb7980a,Der Tölpelhans,,C,1989,88,L,,True
5612,f6484996-38d4-4a82-a4b1-db4fb36b7f49,Swans,,C,1990,60,A,,True
5613,5de854cb-74de-459c-8aa3-cb1ffe542cb9,Carovné kresadlo,,C,1990,77,L,,True
5614,3c6f07b8-f4b3-4220-99da-62a3ef6af8e0,Ten,Тень,C,1991,122,L,,True
5615,6b6455ff-9620-4415-b5bf-23b9cb5b682a,O aftokratoras kai to aidoni,,C,1985,,A,Puppets,True
5616,5131c057-9fde-4821-a920-a43ede0dd5bc,The Little Match Girl,,C,1987,50,L,,True
5617,a8d212c6-9161-41e5-b4fa-950b6b6d6cf9,O Malence,,C,1988,13,A,http://www.kratkyfilm.eu/catalogue/html/indexa.htm,True
5618,7f28015f-be72-4b48-957d-784365e0d43d,The Magic Pony Ride,,C,1977,23,L,,True
5619,5ba6ba74-df32-4930-b1a0-e4feec2b8e52,The Golden Treasury of Classic Fairy Tales,,C,1982,58,A,,True
5620,bc8b408f-9e41-4983-8ff9-dba207556828,Tommelise,Thumbelina,C,1984,28,A,,True
5621,ca40bba9-45bc-4188-8bf8-4c6b4d6a67ae,Grote Klaas en kleine Klaas,,C,1974,45,L,,True
5622,f50d2261-9e1e-433c-8ba2-445e01aefdf8,Heinz Rühmann erzählt Märchen,,C,1975,48,A,"Stories listed here: 
https://translate.google.com/translate?hl=en&sl=de&u=https://www.ebay.co.uk/itm/Joy-Batchelor-Heinz-Ruhmann-erzahlt-Marchen-/174639587888&prev=search&pto=aue",True
5623,be7c184e-8710-4f22-90f8-2f598395413e,Andersen monogatari,Fables from Hans Christian Andersen,C,1968,80,A,https://en.wikipedia.org/wiki/The_World_of_Hans_Christian_Andersen,True
5624,4d208b4a-abe1-40b5-91ac-f1825fb09e79,Kresadlo,,BW,1968,86,L,,True
5625,59e4a196-cf51-44cb-8deb-3b52a4b41b14,Die Schneekönigin,,BW,1964,100,L,,True
5626,dcb8945e-b78e-46f2-9789-d456dbf3d029,Des Kaisers neue Kleider,,BW,1962,150,L,,True
5627,5f54bf4c-85a6-4a6e-95d5-ea143cffdc77,Historien om en moder,The Story of a Mother,BW,1963,,L,,True
5628,818eb4f6-88f7-48cb-8b55-b310bcdf86f7,Svinaherden,,C,1958,,U,,True
5629,d5983f2b-8b91-46ea-a635-36e6546496b6,Ole Lukøje,,BW,1960,90,L,,True
5630,d8b9a1b7-47b3-4476-988e-b282f2511a1d,La piccola fiammiferaia,,C,1953,9,A,"https://www-wikiwand-com.translate.goog/it/La_piccola_fiammiferaia_(film_1953)?_x_tr_sl=it&_x_tr_tl=en&_x_tr_hl=en&_x_tr_pto=nui,sc",True
5631,d55f104d-782f-4d7a-8584-b7458c69b84e,Ole Lukøje,,BW,1955,90,L,,True
5632,924b6202-0e6e-4668-8bd0-38b8d623214c,Complainte de la Petite Sirène,,C,1955,12,L,,True
5633,769a5b24-e8ce-4bf2-b222-92a68ce227b3,Kejserens nye klæder,,BW,1949,30,U,,True
5634,30dc7104-4e98-40b2-b67e-e17fa1785968,Elddonet,Fyrtøjet,C,1951,32,A,https://rateyourmusic.com/film/elddonet/,True
5635,f838955a-708d-4a0a-a97e-c7fc24d163d0,Hvad Fatter gør,,BW,1945,10,L,,True
5636,4e35b1fc-12f6-4559-9a29-44df3cbba927,Historien om en moder,The Story of a Mother,BW,1949,,L,,True
5637,54582567-0c82-43ed-be1a-68de97870c32,Lykkens galoscher,,BW,1921,,U,,True
5638,44b5c83c-aaad-4058-bd10-4cec9c21004c,Armes kleines Mädchen,,BW,1924,,L,,True
5639,c5b61cd5-c794-4d72-84ea-bab4c9d3818f,Poor Little Match Girl,,BW,1908,,U,https://www.lost-films.eu/identify/show/id/4494,True
5640,a8f2ed14-957a-485f-a25a-0621fcafb552,Das Mädchen mit den Schwefelhölzern,,BW,1910,5,U,,True
5641,f16b3f2e-86f5-4b8e-80e7-1fb018665745,The Little Match Seller,,BW,1912,,L,https://it-m-wikipedia-org.translate.goog/wiki/The_Little_Match_Seller_(film_1912)?_x_tr_sl=it&_x_tr_tl=en&_x_tr_hl=en&_x_tr_pto=sc,True
5642,efca7887-25c6-4d85-b96f-1b3075380d84,Kolingens galoscher,The Vagabond's Galoshes,BW,1912,44,L,,True
5643,c03e090e-6172-4401-b802-bfd71a28333f,The Little Match Girl,,BW,1914,9,L,"https://www.youtube.com/watch?v=QjnomOm5pyo
https://letterboxd.com/film/the-little-match-girl-1914/",True
5644,a23e0ca4-2557-424e-b31c-c897588fa321,Die Galoschen des Glücks,,BW,1919,,L,https://www.filmportal.de/film/die-galoschen-des-gluecks_514acf03d4c64b6787782fd3347c0348,True
5645,65a2c32b-ecea-4e12-a3e0-e3b49cf4114a,H.C. Andersens eventyrlige verden: Svinedrengen,H.C. Andersen: The Swineherd,C,2005,,A,,True
5646,f413a3c4-cfda-43f1-9aba-909f14e2276c,Duch nad zlato,The Gracious Ghost,C,2013,92,L,https://www.youtube.com/watch?v=2JayPkv76-M,True
5647,32e1e5b6-edb9-4cd2-a80a-30a2dda010d0,Mágica aventura,Magic Adventure,C,1973,69,A,,True
5648,88514f74-f770-4853-8ab5-00e52ab792cb,The Shadows,"Guardian of the Ancient Shadow Crown, Guardians of the Crown",C,2014,86,L,,True
5649,db3e310a-8c1a-48f3-866c-d3a37388afb9,The Last Swipe,,BW,2015,5,L,https://www.youtube.com/watch?v=9iOI6MVOWCg,True
5650,87fee01a-ef65-4ece-9e75-5cca715e995f,A Frozen Christmas,,C,2016,76,A,https://christmas-specials.fandom.com/wiki/A_Frozen_Christmas,True
5651,38bbd49b-810a-4bae-b9dc-c853751edf94,Ida's Flowers Funeral,,C,2018,16,L,"https://vimeo.com/285435514
https://www.youtube.com/watch?v=SEJETO317WA 
",True
5652,bb32921f-0da1-45ac-b56f-e9621452758d,O Soldadiño de Chumbo,,C,2008,,A,https://www.youtube.com/watch?v=5hhZ9VNM-ss,True
5653,97189a33-ed3e-41a2-a760-e1b69cded92c,The Ravine of the British,,C,2014,15,L,,True
5654,0083218d-b964-4114-8acb-f203f299a5b6,Tiny,,C,2004,,A,,True
5655,ce6b078e-68bf-48e8-9079-81bd11bf7392,Pod vrbou,,C,1994,80,L,,True
5656,6a5cc55b-58bd-4327-aead-37bf63c14ad4,Bolshoy podzemnyy bal,Big Underground Ball,C,1987,21,A,,True
5657,14d67cb1-ee7c-49a8-ba7d-7b91a7984c7e,Smertens børn,Children of Agony,M,1977,92,L,,True
5658,0a3030dc-d8f3-4fb0-b3e1-7a28923607e4,Zaltvyksles,Fen-fires,C,1980,134,L,,True
5659,9fa95b93-5263-472f-9b5b-5c1ee8ef994a,"O kalikantzaros, o bakalis ki o foititis",The Goblin and the Huckster,C,1974,25,L,,True
5660,3887cde2-a44f-4cb6-af68-f8ec6195402a,"Udivitelnaya istoriya, pokhozhaya na skazki","An Amazing Story, Like in Fairy-Tales",C,1966,69,L,,True
5661,ef8a74c8-0f71-4f45-9070-504dc137da30,Le livre muet,The Silent Book,BW,1962,19,L,"https://www.themoviedb.org/movie/563197-le-livre-muet
https://letterboxd.com/film/le-livre-muet",True
5662,7382c793-fb59-46a4-a4d9-e052a7202989,Svinya-kopilka,The Piggy Bank; Свинья-копилка,C,1963,10,A,,True
5663,6f62de11-2f4e-414c-a30b-721bd172ebdc,Las campanas de Teresa,,BW,1957,80,L,"A Google search says this is black and white, but I think I found it on YouTube and it's colour. 
https://www.youtube.com/watch?v=AUnsy1k0yU0 ",True
5664,15e73ea5-d917-4970-a1bd-7f8aafb3377c,El viejo don Sueño,,BW,1941,11,A,"https://ru.kinorium.com/32569/ ",True
5665,e0060c69-7fa5-45c6-8410-bc0c5fa4733c,Le briquet magique,,BW,1946,18,A,,True
5666,639174e0-988b-4552-a6f7-0b1dadd55110,Meseország,,BW,1922,,U,,True
5667,56cf39d1-811c-471e-9bba-36da17537826,Ib and Little Christina,,BW,1908,,U,,True
5668,9108f0ab-a23c-4172-92af-bc62281b4c66,Oyayubihime,Thumbelina; Thumb Princess,C,1999,95,L,"https://en.wikipedia.org/wiki/Oyayubihime_(film)
https://www.youtube.com/watch?v=dvj607JY3GY
https://letterboxd.com/film/oyayubihime/details/
",True
5669,66a2cd08-4d9f-4a2d-8bce-43295ecf0047,Bluebeard,,C,2016,11,L,https://www.queensworldfilmfestival.com/films/detail.asp?fid=745,True
5671,a7babf22-5083-48ac-9edd-fc60afcf72eb,Bluebeard's Last Wife,,BW,1966,,L,,True
5672,18bc6a0b-ef29-4ccf-8505-a27e7238e5a6,Bluebeard's Seven Wives,,BW,1925,94,L,,True
5673,f9483da1-99b2-4aa7-aeb1-460f3bcd330a,Bluebeard's Wife,,BW,2005,5,L,,True
5674,defbc854-a402-4662-b00b-0d1033dacbda,Las seis suegras de Barba Azul,Bluebeard's Six Mothers-in-Law,BW,1945,84,L,,True
5675,d0d6cc3a-7ae4-4f9a-886f-2442ac658821,Big Bad Wolf,,C,2018,3,L,"https://www.facebook.com/bigbadwolffilm/
https://www.youtube.com/watch?v=0iEv3wzaCy4
",True
5676,64a5b57c-c494-4b86-ad3c-aeb6cc26e4ef,Huff,,C,2013,92,L,,True
5677,3323b071-ad45-460a-9f31-59e2bd516ab7,Lili et le loup,Lili and the (Big Bad) Wolf,C,1997,5,A,https://vimeo.com/15274930,True
5678,9033618f-5dcd-4f59-a339-2474bdf2cf56,The Three Little Pigs,,C,1991,12,A,,True
5679,12039c4a-bd6b-4011-a57e-ab6a9fd7b1b8,Three Little Pigs 2,Three Little Pigs and Kung Fu Panda,C,2017,80,A,http://en.zhonghemovie.com/news/44.html,True
5680,fdc61b0b-3efb-48a5-816d-659a50a65233,Three Little Pigs,,C,2008,7,A,,True
5681,e22c76b6-b1b2-4b1a-bdcb-7888e66d7c1e,Three Little Pigs,,C,1997,26,A,,True
5682,4a9a8442-19fd-4ced-b787-9d86d1e32611,The Three Little Pups,,C,1953,7,A,,True
5683,b6eb246b-2da8-47fb-b16b-8c8e83348b70,The Three Little Pigs,,C,1988,9,L,https://uwinnipeg.on.worldcat.org/search/detail/18887953?queryString=no%3A%2018887953,True
5684,0f91ff64-77d1-465b-901c-d19f539159a5,Three Little Pigs,,C,2014,14,L,https://vimeo.com/88265878,True
5685,50b9d7c2-baec-426a-a0d2-e223742128ae,Three Little Pigs,,C,2013,3,L,http://www.jarrod.co.za/2013/03/19/three-little-pigs-video/,True
5686,7cda3bb9-2380-47a4-9ca3-c999c6a1af3f,Pravdivaya istoriya o trekh porosyatakh,The True Story of the Three Little Pigs,C,2008,8,A,,True
5687,edcc4bfd-87c2-4c91-ae0c-05f4d91fb7f7,The Adventures of Wolfdogg and the Three little pigs,,C,2019,7,A,,True
5688,e1e1067c-5461-4922-9643-3c149742b018,Charles Bukowski's the Little Tailor,,C,2011,16,L,,True
5689,87209acb-3a1b-4c46-aa2b-e00514465f32,The Fantastic History of the Ugly Duckling,,C,2003,73,A,https://www.themoviedb.org/movie/311374-fantastic-history-of-the-ugly-duckling,True
5690,8f86c9ec-0ab5-4045-bc95-91d0180ddd71,The Fantastic Adventures of the Ugly Duckling,,C,2000,72,A,https://www.themoviedb.org/movie/150713-the-fantastic-adventures-of-the-ugly-duckling,True
5691,c40a5a3c-8fdd-4e90-bbba-677abf28cba5,"Darling, Darling, Wendy",,C,2019,13,L,,True
5692,a4f3effd-0b81-4e32-ab92-e21087348049,Lil' Roja N the Hood,,C,2019,12,L,"https://www.katherinesaintemariefilm.com/lil-roja-n-the-hood ",True
5693,5c13cfbb-682b-4609-a945-dbfe73d469bf,Blue Beard,,C,2007,14,L,https://vimeo.com/3523734,True
5694,f8187a39-c3c5-4b14-9fcb-4f7a5cc00e03,Bluebeard,,C,2012,11,L,,True
5695,8b0e16f1-2537-4557-b298-26339185df49,"Bluebeard, the Second",,BW,1914,,L,,True
5696,5875b226-a0b0-494c-9344-4eb0430e7403,A Bluebeard's Chamber,,BW,1914,10,L,,True
5697,1dacdfd3-204a-4bd4-b630-19d2786b4f3b,Das Schicksal einer schönen Frau,Madame Bluebeard,BW,1931,70,L,,True
5698,db6a09a3-4b4f-4cf3-aaa2-06ce80765aa8,Bluebeard of the Jungle,,BW,1923,,L,,True
5699,7ddb52a9-e328-44d7-b1c5-895b5a3e3429,Barbablù,,C,2015,,L,,True
5701,94a8095a-4828-4f4b-9acb-23366198e6ed,The Three Pigs and the Lamp,,C,2015,80,A,,True
5702,8d26e4aa-fc12-4900-a260-520dabf68ff3,3 Three Little Pigs,,C,2008,30,L,,True
5703,370076c1-0c73-488e-a4d9-2dd130834801,Three Little Pigs Sing a Gig,,C,1994,25,A,,True
5704,8bc4d263-24ef-4af8-b889-a1aaca848c8a,Goldilocks and the Three Bears Sing Their Little Bitty Hearts Out,,C,1994,25,A,,True
5705,a335eb84-dae4-4efc-be53-448133f58765,Los Tres Cerditos,,C,2020,,L,,True
5706,3469793a-6516-4719-b168-21f0e86f11c9,"Fetish Fairytails Volume Four: Little Red Riding Summer and the Big Bad Wolf ",,C,2005,52,L,,True
5707,896a4eef-d497-4c93-bc61-ed3237e93d2d,Fetish Fairytales Volume Two: Summerella and Her Evil Stepsisters,,C,2005,76,L,,True
5708,6ccfad46-39d0-4c29-a4aa-ffb1ce291863,Fetish Fairytales Volume Three: Alice in Summerland,,C,2005,74,L,,True
5709,fc9d7bbe-e7e3-4411-b85e-4a3d831dd607,Fetish Fairy Tails,Fetish Fairytales Volume 1: Snow Wite and the Seven Submissives,C,2005,84,L,,True
5710,6f785cbe-b8e1-4be9-872e-055c94f0e7be,The Blue Light,,C,2020,27,L,,True
5711,16d9b69f-c398-42b1-a27a-e5086e6cdbb3,The Tin Soldier and the Dolls,,BW,1914,,U,"https://www.thanhouser.org/TCOCD/Filmography_files/ind6qo_z5.htm
",True
5712,a09f0dfa-da16-4ce4-8664-0791a1ebe077,The Brave Tin Soldier,,C,2011,,L,"https://hkmdb.com/db/movies/view.mhtml?id=16759&display_set=eng
https://www.youtube.com/watch?v=7FO8Zwxm1xg",True
5713,490a6a20-8b0e-4a09-aac8-d080f649034f,Die Bremer Stadtmusikanten,The Musicians of Bremen,C,1997,24,A,,True
5714,6fb45be7-8a89-49ec-ba5c-b5d1a7dfa03a,Mori no ongakutai,The Musicians of Bremen; The Musicians in the Woods,C,1960,13,A,https://www.nishikata-eiga.com/2016/04/town-musicians-of-mori-1960.html,True
5715,879cd49a-f62d-497b-85df-0f10cc98fd24,Pied Piper of Hamelin,,C,2015,12,A,,True
5716,b1db1d14-1c53-470b-9548-9d0728fcef57,Pied Piper Reloaded,,BW,2015,10,L,,True
5717,377abcbd-f8c7-46f1-80bc-525ebbe92b54,The Pied Piper of Hamelin,,BW,1903,,U,https://www.silentera.com/PSFL/data/P/PiedPiperOfHamelin1903.html,True
5718,fc84744d-416d-468a-b74f-6001f398d85b,Hamelín,The Pied Piper of Hamelin,C,1969,83,L,,True
5719,390b03d5-fee0-40e5-9411-7bb674683d99,Pied Piper,,C,2013,113,L,,True
5720,f28d7ba1-926b-4605-a7ff-40984f3c5200,Pied Piper,,C,2020,,L,https://www.youtube.com/watch?v=Lk0VqWot9tA,True
5721,c9d9a21a-b474-4c76-a3a2-a9f2d6047d23,Peter Pan,,BW,1962,112,L,,True
5722,5604d669-3411-446c-b368-8d77fa7395d7,Peter Pan,,C,1988,46,A,,True
5723,731ae988-0bdb-46b2-9ca9-3aa634d98344,Peter Pan,,C,2013,4,L,https://vimeo.com/254959542,True
5724,62231269-3d0b-41eb-8742-75bbc74f7b95,De-as fi Peter Pan,I Would Be Peter Pan; If I Were Peter Pan,C,1992,87,L,"https://ro.wikipedia.org/wiki/De-a?_fi_Peter_Pan

https://www2.bfi.org.uk/films-tv-people/4ce2b7c7e2c90

https://translate.google.com/translate?hl=en&sl=ro&u=https://ro.wikipedia.org/wiki/De-a%25C8%2599_fi_Peter_Pan&prev=search&pto=aue

http://neverpedia.com/pan/De-As_Fi...Peter_Pan
",True
5725,c07971ab-3971-4146-99a2-6b636a11c7e6,Black Peter Pan,,C,2006,3,L,,True
5726,899f80dd-8262-4380-8e1e-65256505168f,Peter Pan: The Quest for the Never Book,,C,2018,90,A,,True
5727,eb4a03b6-34a5-4aaa-ae18-4319a93c756a,DQE's Peter Pan: The New Adventures,The New Adventures of Peter Pan,C,2015,90,A,https://www.youtube.com/watch?v=BV6m3NrePAQ,True
5728,d27e0da5-c007-4083-900e-b9df4eebf4f6,Peter Pan Redux,,C,2012,4,U,,True
5729,3ba31ee2-8b91-475d-a53a-d15e1124a1e9,La sombra de Peter Pan,,C,2000,17,L,https://vimeo.com/51743386,True
5730,8fef53e3-fcfb-4c17-902e-6d4cef7978f4,El patio de Peter Pan,Peter Pan's Patio; Peter Pan's Yard,C,2010,24,L,"https://www.youtube.com/watch?v=9oIZGmV1BHY

https://translate.google.com/translate?hl=en&sl=es&u=http://www.promofest.org/films/el-patio-de-peter-pan&prev=search&pto=aue

http://www.madrid.org/semanadelcortometraje/cortos10/cortos/elpatio.html",True
5731,e22463bb-bc3d-46e7-a4fc-fdd241744a08,The Boy Who Could Fly,,C,2015,5,L,https://www.youtube.com/watch?v=G571UPa3lD8,True
5732,a0dd2541-b3f6-49e5-ae8f-d1145b83ebf4,Peter and Wendy,,C,2015,97,L,"https://letterboxd.com/film/peter-wendy/
http://www.filmfund.lu/film-catalogue/films/peter-and-wendy
https://www.luxfilmfest.lu/en/films/peter-and-wendy
",True
5733,5679a644-cb66-4c4a-9406-3221bcdac093,Donkeyskin,,C,2013,19,L,https://www.youtube.com/watch?v=OYIsaEWR0-A,True
5734,adecde5f-c734-4017-a6e8-17e84c020387,Jorinde and Joringel,Jorinde and Jorinda,C,2015,12,A,http://rebeccaakoun.at/films.html#JorindeandJorinda,True
5735,22dfbf80-cdfc-47a0-8252-559ce8e3cb04,Jorinde en Joringel,Jorinde and Joringel,C,1978,10,A,"https://translate.google.com/translate?hl=en&sl=nl&u=https://wiki.beeldengeluid.nl/index.php/Jorinde_en_Joringel&prev=search&pto=aue

https://translate.google.com/translate?hl=en&sl=es&u=https://mubi.com/films/jorinde-and-joringel&prev=search&pto=aue",True
5736,ddb0e525-c7e3-4665-bd07-73b15f958534,Jack and the Beanstalk,,C,1968,,A,https://www2.bfi.org.uk/films-tv-people/4ce2b7c77d976,True
5737,dea5d193-76d0-4a30-80f3-388c0377168f,Jack and the Beanstalk,,C,2015,12,A,,True
5738,d1c08767-3fec-4f80-896d-91f5710c14f8,Jack and the Beanstalk,,C,1912,,L,https://translate.google.com/translate?hl=en&sl=it&u=https://it.wikipedia.org/wiki/Jack_and_the_Beanstalk_(film_1912_Kinemacolor)&prev=search&pto=aue,True
5739,42e3a175-1374-4e4b-a6a9-1e1bada3f502,Rat and the Beanstalk,,C,1971,2,A,https://www.youtube.com/watch?v=MEOfHJyySz4,True
5740,ab44a70e-a3c1-4814-8df5-6fa3f6c8c136,Jumping Beans,,BW,1922,12,M,https://www.youtube.com/watch?v=IuCKVZtpK84,True
5741,a52a0ae6-d34f-40f7-aef6-9588002fa345,Super Lulu,,C,1947,7,A,,True
5742,5241d94e-3074-4887-92e6-59d7d6ab14dc,Black Moon,,C,1975,100,L,,True
5743,3dfb5473-5a60-4c9f-9125-a2f68da8e35d,"Io, Peter Pan",,C,1989,92,L,"https://www.tcm.com/tcmdb/title/515783/io-peter-pan#overview
https://it.m.wikipedia.org/wiki/Io,_Peter_Pan",True
5744,4fc78550-c69c-43f8-afd2-b4fe9774399f,Piteopaeneui gongshik,The Peter Pan Formula,C,2005,109,L,,True
5745,6f0af487-2263-4466-8214-138456aefe71,The Peter Pan Syndrome,,C,2019,4,L,https://vimeo.com/318428006,True
5746,1202a6e6-d974-401e-83e6-09b39d8e802f,Peter Pan è una ragazza,Peter Pan is a Girl,C,1996,,U,,True
5747,060ae5b7-beba-4b5d-8d3c-b860c36dfd8a,Peter Pan ist tot,,M,2011,30,L,"https://vimeo.com/88754869
http://www.isabellsuba.com/FILME?_x_tr_sl=de&_x_tr_tl=en&_x_tr_hl=en&_x_tr_pto=sc&_x_tr_sch=http",True
5748,484b1c83-3697-4981-b2b3-db8b4c5806dc,Peter Pan,Hallmark Hall of Fame: Peter Pan,C,1976,120,L,"https://en.wikipedia.org/wiki/Peter_Pan_(1976_musical)
https://www.youtube.com/watch?v=ubivbpIkk-g
",True
5749,62fa84b8-5080-4f05-83fe-2cba4d026379,The Golden Goose,,BW,1914,,L,,True
5750,cf82e736-720a-4c44-bf72-1b823213b255,Zolotoy tsyplyonok,The Golden Goose,C,1993,72,L,,True
5751,013f7e82-2570-4474-b35a-30af451a65f1,Golden Goose,The Golden Goose; The Family Shoe,BW,1932,6,A,https://www.bcdb.com/cartoon/3473-Family-Shoe,True
5752,c463fe02-0c24-4c4f-8da6-cb39aa2586ad,The Goose That Laid a Golden Egg,,C,1974,6,A,,True
5753,6b09da6f-cd5a-4359-856a-2020c9aea3aa,The Egg That Laid the Golden Goose,,C,2010,3,A,,True
5754,1be40148-bfe4-448c-91a5-398aec37c4e6,Mugging Mary Poppins,,C,2019,2,U,,True
5755,841df63c-2073-43cf-8ad4-80c0de6e1666,Black Mary Poppins,,C,2015,130,L,,True
5756,acd29ed9-5046-49b7-a9a7-f85987082da1,R Rated Mary Poppins,,C,2018,5,A,https://the-fine-bros.fandom.com/wiki/R_RATED_MARY_POPPINS_/_REVERSE_RATINGS,True
5757,939c6536-8fc7-4901-ba23-b5d93be29173,Mary Poppins Quits,,C,2013,3,L,https://www.youtube.com/watch?v=TlTO8ggfes8,True
5758,226ef3b7-70d8-4d6a-ba17-f32a0dde855a,"Meri Poppins, do svidaniya","Mary Poppins, Goodbye",C,1984,141,L,,True
5759,626f2da7-df75-4768-a0a7-aad6076efd4e,Le secret des sélénites,"The Secret of the Selenites, Moon Madness",C,1983,76,A,,True
5760,56c8dd48-653a-4262-aea8-892cac26378f,Baron Münchhausen in a Whale of a Tale: A German Legend,,C,1989,4,A,"http://onf-nfb.gc.ca/en/our-collection/?idfilm=12265
https://www.mcintyre.ca/titles/NFB523503",True
5761,ee6a7284-35e9-4276-a6f0-219f97709271,Baron Münchhausens Tochter,,BW,1968,,L,,True
5762,2c8b710b-304d-4717-b3fe-3d789f917e04,The New Adventures of Baron Munchausen,,BW,1915,,U,,True
5763,a8d7a517-8143-4712-a04b-18c1c7c1244c,Priklyucheniya barona Myunkhauzena,The Adventures of Baron Munchausen; Приключения барона Мюнхаузена,C,1967,16,A,,True
5764,57915bca-a8e5-436a-88aa-561ed9d6af26,Baron Prásil,Baron Munchhausen; Burian the Fibber,BW,1940,99,L,,True
5765,bfab7884-adb7-43fb-804f-bf2aebd877fb,Shark and the Beanstalk,,C,1976,6,A,https://www.intanibase.com/shorts.aspx?shortID=55539#page=general_info,True
5766,b8deae94-a4ca-4841-b1ad-6a3e92307a68,Jackie and the Beanstalk,,BW,1929,,U,,True
5767,25293c5d-24e3-48d9-9a77-656e5da4ddcd,Jakku to mame no ki,"Jack and the Beanstalk, Jakku to Mame no Ki, ジャックと豆の木",C,1989,13,A,,True
5768,7a142c32-dbd9-4792-bda6-de68b7e27920,Fairyland Tales,,C,2018,98,A,https://www.justwatch.com/us/movie/fairyland-tales,True
5769,16e85340-d972-42bf-a41a-014c97692390,Peter Pandrew,,C,2015,104,L,,True
5770,86e38f4c-0856-456f-9d02-be05fb3795d8,Peter's Pan,,BW,1927,,U,,True
5771,f72cd8b9-e460-474b-902e-001b695cb6c8,Peter Pan Factory,,C,2017,30,L,,True
5772,66be4148-5fb7-4627-b63c-1a3f9a806253,Peter Pan Handled,,BW,1925,9,M,"https://www.bcdb.com/cartoon/23059-Peter-Pan-Handled
http://classiccartoons.blogspot.com/2007/08/silent-cartoons-dinky-doodle-in-peter.html
",True
5773,a2ab9bb5-612c-4335-91fd-1154ca9f59aa,Au revoir Peter Pan,,C,2001,21,L,https://www.swissfilms.ch/en/film_search/filmdetails/-/id_film/5163522A795141829030F63EAF56E63E,True
5774,a52b8fea-5a67-4712-83be-85ee8fe34c2d,R Rated Frozen,,C,2017,5,A,,True
5775,56d0ae16-6ee9-44ab-99fe-6668798f45bf,R-Rated Harry Potter,,C,2015,5,A,,True
5776,e023ad7d-9fec-41c6-be1d-6c59e708c00b,Cổ tích Việt Nam 01,Vietnamese Fairy Tales 01,C,1993,,L,"https://translate.google.com/translate?sl=auto&tl=en&u=https://vietnamesefairytales.blogspot.com/2016/09/truyen-co-tich-6.html
https://vietnamesefairytales.blogspot.com/2017/04/vn-fairy-tale-126.html
https://vietnamesefairytales.blogspot.com/2017/03/vn-fairy-tale-23.html

https://vi.wikipedia.org/wiki/C?_t%C3%ADch_Vi?t_Nam_(phim)
",True
5777,e56d3e00-6745-478c-94a0-84a4c9135804,Cổ tích Việt Nam 02,Vietnamese Fairy Tales 02,C,1994,,L,"https://pnfilm.com.vn/ 
https://vi.wikipedia.org/wiki/C%E1%BB%95_t%C3%ADch_Vi%E1%BB%87t_Nam_(phim) ",True
5778,9a7e5783-ed24-41c6-a2ca-0090bbd3aef7,Cổ tích Việt Nam 03,Vietnamese Fairy Tales 03,C,1994,,L,"https://pnfilm.com.vn/ 
The Reluctant Doctor (https://vietnamesefairytales.blogspot.com/2017/04/vn-fairy-tale-183.html) 

https://vi.wikipedia.org/wiki/C%E1%BB%95_t%C3%ADch_Vi%E1%BB%87t_Nam_(phim) ",True
5779,6eab8250-ac60-4d33-9c32-3c0f50c0f0e8,Cổ tích Việt Nam 04,Vietnamese Fairy Tales 04,C,1994,,L,"https://pnfilm.com.vn/ 
The Woodcutter and The Devil (https://vietnamesefairytales.blogspot.com/2017/04/vn-fairy-tale-115.html)

https://vi.wikipedia.org/wiki/C%E1%BB%95_t%C3%ADch_Vi%E1%BB%87t_Nam_(phim) ",True
5780,065f7cb2-7a5b-43e7-bdcc-73f7ddae4d7b,Black Girl,,C,1972,97,L,,True
5781,d22ed01d-e4bb-4a45-bfad-1da307ac7cda,Les 3 boutons,,C,2015,11,L,,True
5782,9027fac3-3e92-4438-9cfc-72730bf2b1bb,Cổ tích Việt Nam 05,Vietnamese Fairy Tales 05,C,1995,,L,"https://pnfilm.com.vn/ 

https://vietnamesefairytales.blogspot.com/2017/03/vn-fairy-tale-98.html
https://vietnamesefairytales.blogspot.com/2017/03/vn-fairy-tale-18.html
https://vietnamesefairytales.blogspot.com/2017/03/vn-fairy-tale-25.html",True
5783,7d5d4ad6-ffa4-4901-80e4-12985a3cef2e,Cổ tích Việt Nam 06,Vietnamese Fairy Tales 06,C,1995,,L,"https://pnfilm.com.vn/ 

Origin(s): The Tale of the Broom https://vietnamesefairytales.blogspot.com/2017/03/vn-fairy-tale-36.html

https://vi.wikipedia.org/wiki/C%E1%BB%95_t%C3%ADch_Vi%E1%BB%87t_Nam_(phim)",True
5784,15f97061-17d6-4587-a382-4d9c870e0223,Cổ tích Việt Nam 07,Vietnamese Fairy Tales 07,C,1996,,L,"https://pnfilm.com.vn/ 

Origin(s): The Tale of the Monkey (https://vietnamesefairytales.blogspot.com/2017/03/vn-fairy-tale-11.html), The Invisible Cloak (https://vietnamesefairytales.blogspot.com/2017/04/vn-fairy-tale-130.html)

https://vi.wikipedia.org/wiki/C%E1%BB%95_t%C3%ADch_Vi%E1%BB%87t_Nam_(phim) 
",True
5785,5bc34bae-efb4-4f07-a036-7fd5c0758de3,Cổ tích Việt Nam 08,Vietnamese Fairy Tales 08,C,1997,,L,"https://pnfilm.com.vn/ 

Origin(s):  Thach Sanh and Ly Thong (https://vietnamesefairytales.blogspot.com/2017/03/vn-fairy-tale-20.html) 
https://en.wikipedia.org/wiki/Truy?n_Th?ch_Sanh

https://vi.wikipedia.org/wiki/C%E1%BB%95_t%C3%ADch_Vi%E1%BB%87t_Nam_(phim)
",True
5786,bfe646fc-808a-4456-a1e5-aa8d6d5b305a,Cổ tích Việt Nam 09,Vietnamese Fairy Tales 09,C,1998,,L,"https://pnfilm.com.vn/ 

Origin(s):  The Tale of the Hundred-Knot Bamboo Tree (https://vietnamesefairytales.blogspot.com/2017/03/vn-fairy-tale-6.html)
https://en.wikipedia.org/wiki/The_Hundred-knot_Bamboo_Tree

Two Girls and Two Tumors (https://vietnamesefairytales.blogspot.com/2017/04/vn-fairy-tale-124.html) 

https://vi.wikipedia.org/wiki/C%E1%BB%95_t%C3%ADch_Vi%E1%BB%87t_Nam_(phim)
",True
5787,de441760-d182-4f77-8e14-d32de6fbf8c8,Cổ tích Việt Nam 10,Vietnamese Fairy Tales 10,C,1999,,L,"https://pnfilm.com.vn/ 

Origin(s):  The Liar Cui (https://vietnamesefairytales.blogspot.com/2017/03/vn-fairy-tale-62.html) 

https://vi.wikipedia.org/wiki/C%E1%BB%95_t%C3%ADch_Vi%E1%BB%87t_Nam_(phim)",True
5788,09c5d8ec-5483-4cd0-bfc3-aeb682bcbd7a,Cổ tích Việt Nam 11,Vietnamese Fairy Tales 11,C,2000,,L,"https://pnfilm.com.vn/ 
Origin(s):  Marvelous Bird (https://vietnamesefairytales.blogspot.com/2017/04/vn-fairy-tale-118.html)
https://vi.wikipedia.org/wiki/C%E1%BB%95_t%C3%ADch_Vi%E1%BB%87t_Nam_(phim)
",True
5789,f2439654-a2bb-489a-9d8a-7586f5c94889,Cổ tích Việt Nam 12,Vietnamese Fairy Tales 12,C,2001,,L,"https://pnfilm.com.vn/ 

Origin(s): Thien and Dia (https://vietnamesefairytales.blogspot.com/2017/03/vn-fairy-tale-49.html) 

https://vi.wikipedia.org/wiki/C%E1%BB%95_t%C3%ADch_Vi%E1%BB%87t_Nam_(phim)
",True
5790,a5505280-c095-43bd-b3fa-688049a2dca2,Cổ tích Việt Nam 13,Vietnamese Fairy Tales 13,C,2002,,L,"https://pnfilm.com.vn/ 

Origin(s): Tam and Cam – Cinderella (ATU 510A), https://vietnamesefairytales.blogspot.com/2017/03/vn-fairy-tale-1.html 

https://vi.wikipedia.org/wiki/C%E1%BB%95_t%C3%ADch_Vi%E1%BB%87t_Nam_(phim)
",True
5791,edd045f3-08b7-453f-a00d-f5d4d54192e8,Cổ tích Việt Nam 14,Vietnamese Fairy Tales 14,C,2003,,L,"https://pnfilm.com.vn/

Origin(s):  The Student and the Three Devils (https://vietnamesefairytales.blogspot.com/2017/04/vn-fairy-tale-123.html)

https://vi.wikipedia.org/wiki/C%E1%BB%95_t%C3%ADch_Vi%E1%BB%87t_Nam_(phim)
",True
5792,b8a9c8e8-2d19-46b0-a57c-17de235b903a,Cổ tích Việt Nam 15,Vietnamese Fairy Tales 15,C,2004,,L,"https://pnfilm.com.vn/ 

Origin(s):  Nhu Mai and Xuan Huong (https://vietnamesefairytales.blogspot.com/2017/04/vn-fairy-tale-157.html) 

https://vi.wikipedia.org/wiki/C%E1%BB%95_t%C3%ADch_Vi%E1%BB%87t_Nam_(phim)
",True
5793,ef98bf77-a2d7-4fc7-aff5-8748ad996723,Cổ tích Việt Nam 16,Vietnamese Fairy Tales 16,C,2004,,L,"https://pnfilm.com.vn/ 

Origin(s): Binh and Dinh (https://vietnamesefairytales.blogspot.com/2017/04/vn-fairy-tale-142.html) 
Van Lich coin: https://talesmythology.blogspot.com/2018/09/v46.html?spref=pi 

https://vi.wikipedia.org/wiki/C%E1%BB%95_t%C3%ADch_Vi%E1%BB%87t_Nam_(phim)
",True
5794,cb33bdab-68da-4de6-b3af-60ee51ad2577,Cổ tích Việt Nam 17,Vietnamese Fairy Tales 17,C,2004,,L,"https://pnfilm.com.vn/ 

Origin(s): Truong Ba’s soul inside a butcher’s body (https://vietnamesefairytales.blogspot.com/2017/03/vn-fairy-tale-46.html); https://en.wikipedia.org/wiki/Truong_Ba%27s_Soul_in_the_Butcher%27s_Body

https://vi.wikipedia.org/wiki/C%E1%BB%95_t%C3%ADch_Vi%E1%BB%87t_Nam_(phim)
",True
5795,51238c6f-6137-466f-aeeb-4b70566819d2,Cổ tích Việt Nam 18,Vietnamese Fairy Tales 18,C,2005,,L,"https://pnfilm.com.vn/ 

Origin(s): The Servant and the Thief (https://vietnamesefairytales.blogspot.com/2017/03/vn-fairy-tale-100.html) 

https://vi.wikipedia.org/wiki/C%E1%BB%95_t%C3%ADch_Vi%E1%BB%87t_Nam_(phim)
",True
5796,f96cd209-e5af-4599-8a21-8638afb438a9,Cổ tích Việt Nam 19,Vietnamese Fairy Tales 19,C,2005,,L,"https://pnfilm.com.vn/ 

Origin(s): Three Boys (https://vietnamesefairytales.blogspot.com/2017/04/vn-fairy-tale-101.html) 

https://vi.wikipedia.org/wiki/C%E1%BB%95_t%C3%ADch_Vi%E1%BB%87t_Nam_(phim)
",True
5798,75774cfa-b141-4d93-b2dc-b376c40fc396,Godmothered,,C,2020,110,L,,True
5799,53a75acc-c692-4cb9-b29b-65e9d561edc3,Wish Dragon,,C,2021,98,A,,True
5800,cafd4fe6-4057-40f8-8a63-6576a24a1491,Sarkanais Jātnieks,"Red Rider, The Red Rider",C,2009,2,A,"http://www.rijafilms.lv/2010/red-rider-2/
https://www.bcdb.com/cartoon/128252-Red-Rider
https://vimeo.com/11207867
",True
5801,a34ca447-2871-4329-a746-6574b1357e81,Eža kažociņš,The Prickly,C,2004,13,A,"https://letterboxd.com/film/the-prickly/
https://vimeo.com/11207731
https://www.bcdb.com/cartoon/128256-Prickly
http://www.rijafilms.lv/2010/the-prickly-2/",True
5802,8787396d-dcd8-40be-ac83-85c8f7b6cf3e,Velnini,"Little Devils, The Little Devils",C,1999,26,A,"http://www.rijafilms.lv/2010/little-devils-2/
https://www.bcdb.com/cartoon/128250-Velnini
https://mix-movie.com/films/266742

Based on a story by Rudolfs Blaumanis:
https://en.wikipedia.org/wiki/Rudolfs_Blaumanis ",True
5803,46ff68c3-313d-40f1-a6f6-7785bca030a4,Cinderella part 1,,C,2016,,L,"More music artists credited, but I kept it short
Full credits on YouTube: https://www.youtube.com/watch?v=lcAr6u_lMH0 ",True
5804,cd903a08-62b1-41b6-a364-39969ff0eea7,Straight Outta Oz,,C,2016,57,L,"https://www.youtube.com/watch?v=4mUSwHhJ6zA
",True
5805,46fb4946-1580-4fb5-8b86-dc8fe1629b3b,Pretty Boys,,C,2015,,L,https://www.youtube.com/watch?v=tCK1I4sDbEo,True
5806,23760287-ed88-4832-8d2c-df51296c84c1,Beauty and the Beat,,C,2012,5,L,"https://www.youtube.com/watch?v=B0Rau01wbeo
https://www.youtube.com/watch?v=AJzds6fRfjM
",True
5807,5c3b9a93-89a0-4abf-a58b-132fac685f0e,CInderFella,,C,2012,7,L,"https://www.youtube.com/watch?v=F9ZA7bn5ujk
https://www.huffpost.com/entry/todrick-halls-cinderfella_n_1702228
https://www.out.com/entertainment/popnography/2012/07/26/todrick-hall-fairy-tale-cinderfella-Lance-Bass-Janice-Dickinson",True
5808,0fa1a256-f01d-4dcf-94b1-b2fbb9604415,Lotte ja kuukivi saladus,Lotte and the Moonstone Secret,C,2011,75,A,,True
5809,facd2cf1-1c28-40bf-8b1c-c6d2dc07343f,Lotte ja kadunud lohed,Lotte and the Lost Dragons,C,2019,78,A,,True
5810,d43c9a21-2d6e-4617-b22c-2e173256f1bc,Tolkien,,C,2019,112,L,,True
5811,2d307213-7e0d-41bf-a45f-59cf62b183be,Sarang sarang nae sarang,"Love, Love, My Love",C,1985,133,L,"https://en.wikipedia.org/wiki/Love,_Love,_My_Love",True
5812,8c06ce7c-caca-4c38-a43a-5839a7c87ce2,Bang-ja jeon,The Servant; A Story of Bang-ja,C,2010,124,L,,True
5813,84d24b4f-1865-4a89-badf-037a88ddfba6,Ban-do-ui bom,Spring on the Korean Peninsula; Spring in the Korean Peninsula,BW,1941,84,L,"https://letterboxd.com/film/spring-in-the-korean-peninsula/
https://www.filmaffinity.com/au/film192721.html
https://www.fulcrum.org/concern/file_sets/79408025h#technical-info",True
5814,5baff36a-e2ae-4ed2-b4b1-bcbbe271b947,The Loves of Ondine,,C,1968,86,L,"https://www.tcm.com/tcmdb/title/485532/the-loves-of-ondine/
https://letterboxd.com/film/the-loves-of-ondine/",True
5815,cfac0999-f3ce-4aca-9ad4-fad1a0455eed,Pete's Dragon,,C,2016,102,L,,True
5816,7e23f76d-ce3d-4744-8899-a3b7a193c64b,Encanto,,C,2021,102,A,,True
5817,d390fff0-710a-4b14-8845-4e342bec184e,Luca,,C,2021,95,A,,True
5818,524188b4-9cdc-44ed-a709-5dcdf7798f92,After the Wizard,,C,2011,80,L,,True
5819,6547131e-0375-4e17-a700-38e5fc751b65,The Dreamer of Oz,The Dreamer of Oz: The L. Frank Baum Story,M,1990,100,L,,True
5821,64ab1a5b-bfc9-4c44-8b5f-34e955faab8e,Fetish Fairy Tales Volume Five: The She Wolf and the Dirty Little Pigs,,C,2007,62,L,https://flixone.com/en/movie/fetish-fairy-tails-volume-5-the-she-wolf-the-dirty-little-pigs,True
5822,9676fa4e-5e4a-46ac-8016-15a80cb0c17a,Dazzle,The Fairy Princess: Secret of the Crystal,C,1999,88,L,,True
5823,f4c6524d-2446-4bcf-a5f4-b55bba27b6e8,Beings,The Fairy King of Ar,C,1998,93,L,,True
5824,a3e992c2-9105-4056-a061-cb9bfe821882,Crazy/Beautiful,,C,2001,99,L,,True
5825,254c44ec-a9bc-4d61-b4b2-41567b24039f,The Wretched,,C,2019,95,L,https://en.wikipedia.org/wiki/The_Wretched_(film),True
5826,a1155c1d-85b8-41da-8c7b-062dbc9812bc,Yôkai hyaku monogatari,Yokai Monsters: 100 Monsters; The Hundred Ghost Stories; The Hundred Monsters,C,1968,80,L,Yôkai (Japanese spirits),True
5827,5c3a6f16-8fed-4d9f-8287-6fb937e7cc33,Yôkai daisensô,Yokai Monsters: Spook Warfare; Big Ghost War; The Great Yokai War; Yokai Monsters 2; Ghosts on Parade; Yokai Monsters 2,C,1968,79,L,,True
5828,8534d072-df77-4178-a9fa-4e6550d1d796,Tôkaidô obake dôchû,Yokai Monsters 3: Along with Ghosts; Yokai Monsters: Along with Ghosts; Journey with Ghost Along Yokaido Road; Along with Ghosts on Tokkaido Road,C,1969,78,L,yôkai (Japanese spirits),True
5829,f335f9e4-9a62-4f12-b095-7b2d85760721,Mighty Joe Young,,C,1998,114,L,,True
5830,bae1f940-8625-437e-b802-9bf83e1a6444,Cinderella,,C,2021,113,L,,True
5831,79b5225a-0085-4732-9e77-6dc1d416430b,Legends of Oz: Dorothy's Return,Dorothy of Oz,C,2013,88,A,,True
5832,bcd1ca4c-6a3d-42d5-af6f-da49c69e7bd8,In the Witching House,,BW,2014,13,U,https://vimeo.com/channels/ginaeast/111713720,True
5833,f8091887-2019-4c69-a9cc-8783c038023d,Nan shen shi dai,The Old Cinderella 2,C,2015,91,L,"https://en.hkcinema.ru/film/21665
https://hkmdb.com/db/movies/view.mhtml?id=17600&display_set=eng",True
5834,0379c7c8-5647-41fe-9a73-f5e37ab2d1cb,Volki i ovtsy. Beeezumnoe prevrashchenie,Sheep & Wolves; Sheep and Wolves,C,2016,85,A,,True
5835,6fafa555-cbfb-4dd4-9005-80f035b63a62,Hua pi zhi: Yin yang fa wang,Painted Skin,C,1992,94,L,https://www2.bfi.org.uk/films-tv-people/4ce2b7c2b6c7f,True
5836,716c5db3-fc2a-41e2-bf91-d4a1c632c7fe,Xia nü,A Touch of Zen,C,1971,200,L,,True
5837,e4b9dd16-8c4b-46a2-b31a-59fbaeece5e2,Hua bi,Mural; Painted Wall,C,2011,100,L,"Based on Strange Tales of a Lonely Studio by Pu Songling
https://en.wikipedia.org/wiki/Mural_(film)",True
5838,c9d5e66a-39dc-4dd6-b3ae-950afe48254a,Ching nu yu hun,The Enchanting Shadow,C,1960,83,L,,True
5839,d0354faf-b7fd-4b44-8dff-62687e41501d,Beautiful Creatures,,C,2013,124,L,Richard LaGravenese is good enough for the Origin (note from PG),True
5840,bac6df43-886a-40e0-9ad8-3bdc4c8f5ae6,The Lingerer,,BW,2012,8,L,https://vimeo.com/49883561,True
5841,a2e543f7-be43-40a6-ad6f-87dec74061bf,A Dream of Flying,,C,2013,16,L,"https://videosift.com/teens/video/A-Dream-of-Flying-Short-film-written-by-Neil-Gaiman ",True
5842,1c4cc7e8-b19b-42d3-96d8-20c06722cd6a,Suspiria,,C,2018,152,L,https://stacker.com/stories/13012/25-great-movies-inspired-folk-tales,True
5843,17893bef-aa91-4cf3-b3cb-207c134b54e2,Inferno,Dario Argento's Inferno,C,1980,106,L,,True
5844,809ef9b4-55c8-4039-aa87-1e4b4efc9643,La terza madre,Mother of Tears,C,2007,102,L,,True
5845,a32c75ea-6949-4c7f-8619-da9f6467e510,Okja,,C,2017,120,L,http://fairytalenewsblog.blogspot.com/2017/05/okja-eco-fairy-talemonster-film-coming.html,True
5846,d15e11da-995e-422e-81b1-fa633b23d07c,H.C. Andersens eventyrlige verden: Hvad fatter gør,"    H.C. Andersen: What the Old Man Does Is Always Right",C,2005,,A,,True
5847,66b5205c-2f30-42af-ac5b-71def5dfed3d,H.C. Andersens eventyrlige verden: Tommelise,H.C. Andersen: Thumbelina,C,2005,,A,,True
5848,46e1afad-b61f-4d1a-8303-500c091e15a5,H.C. Andersens eventyrlige verden: Konen med æggene,H.C. Andersen: The Woman with the Eggs,C,2005,,A,,True
5849,44a6c4b3-dbcc-4d21-856c-bc97ef419a9d,H.C. Andersens eventyrlige verden: Den grimme ælling,H.C. Andersen: The Ugly Duckling,C,2005,,A,,True
5850,0baa81ef-4f3a-498d-9435-2ba5eef3363c,H.C. Andersens eventyrlige verden: Rejsekammeraten,H.C. Andersen: The Traveling Companion,C,2005,,A,,True
5851,28c1f44c-b1ad-4d2d-b09d-5b1908f69b75,H.C. Andersens eventyrlige verden: Fyrtøjet,H.C. Andersen: The Tinder Box,C,2005,,A,,True
5852,91d2c2b5-2803-43dc-bb81-14355a6c3db0,H.C. Andersens eventyrlige verden: Kjærestefolkene,H.C. Andersen: The Sweethearts,C,2005,,A,,True
5853,ecbecccd-8adc-4b86-a467-4f9fffff75d7,H.C. Andersens eventyrlige verden: Den standhaftige tinsoldat,H.C. Andersen: The Steadfast Tin Soldier,C,2005,,A,,True
5854,2727ea79-9a30-4c0e-9564-5865cb594498,H.C. Andersens eventyrlige verden: Klodshans,H.C. Andersen: Clumsy Hans,C,2005,,A,,True
5855,bd433ff5-52e5-4f5b-b54b-c46293cf79ed,H.C. Andersens eventyrlige verden: Hjertesorg,H.C. Andersen: Heartache,C,2005,,A,,True
5856,35b11e1e-f572-422c-abc0-975f2b3c1da5,H.C. Andersens eventyrlige verden: Det er ganske vist,H.C. Andersen: It's Quite True!,C,2005,,A,,True
5857,8dc0631d-ee33-4f28-ae13-7aa88f68bafc,H.C. Andersens eventyrlige verden: Lille Claus og Store Claus,H.C. Andersen: Little Claus and Big Claus,C,2005,,A,,True
5858,ba34e569-fe61-433a-ba8d-069616e413bd,H.C. Andersens eventyrlige verden: Kejserens nye klæder,H.C. Andersen: The Emperor's New Clothes,C,2005,,A,,True
5859,cfc7ce8b-10f5-443f-a69f-9d9081c3bac4,H.C. Andersens eventyrlige verden: Den lille pige med svovlstikkerne,H.C. Andersen: The Little Match Girl,C,2005,,A,,True
5860,1c019094-fab0-41c6-9713-c45f64d37a31,H.C. Andersens eventyrlige verden: Den uartige dreng,H.C. Andersen: The Naughty Boy,C,2005,,A,,True
5861,98fc7c36-2f1d-4b3e-aaad-70d8b83c4355,H.C. Andersens eventyrlige verden: Nattergalen,H.C. Andersen: The Nightingale,C,2005,,A,,True
5862,cfa19f5d-887f-408a-bce4-a24751be5c43,H.C. Andersens eventyrlige verden: Prinsessen på ærten,H.C. Andersen: The Princess on the Pea,C,2005,,A,,True
5863,cd487765-691b-4715-9ae5-59819d401aa6,H.C. Andersens eventyrlige verden: Marionetspilleren,H.C. Andersen: The Puppet-Show Man,C,2005,,A,,True
5864,ae60f52b-f393-4831-a58d-d2bffd25cbde,H.C. Andersens eventyrlige verden: Hyrdinden og skorstensfejeren,H.C. Andersen: The Shepherdess and the Chimneysweep,C,2005,,A,,True
5865,ee31f8e5-ff9f-4530-bd68-0550962476c4,Hana Yori Dango: The Movie,,C,1997,30,A,,True
5866,729d647e-565f-4e94-ab0d-74c590c685b9,Hana yori dango: Fainaru,Boys Over Flowers: Final,C,2008,131,L,,True
5867,abb74ffa-b1a0-484b-91b2-f9342ceb640b,Hatimtai,Hatim Tai,BW,1933,,U,https://www.bollywoodmdb.com/movies/cast-crew/hatimtai/12273,True
5868,aedb027a-7389-4cf9-9f58-178682c301e0,The Dark Tower,,C,2017,95,L,"Music by Junkie XL as Tom Holkenborg, so I've listed the latter (who was already on IFTF)",True
5869,2ce1ce96-c4bd-449e-8f80-afbe712c8d5f,Errementari,Errementari: The Blacksmith and the Devil,C,2017,98,L,Based on Basque folklore,True
5870,0389b519-1f5a-4592-9db0-4d81135afb8d,El bosque negro,The Black Forest,C,2015,15,A,https://vimeo.com/172208615,True
5871,bb530299-daeb-40ea-9269-634547cee5bd,Monsters Do Not Exist,,C,2012,10,L,"https://vimeo.com/57738224
About a monster called the Yeak, which I couldn’t find but seems based on Cambodian/Khmer folklore",True
5872,ee9e48b3-9ecc-4059-893f-3bd4b616ad7a,Dar-Dar,,C,2020,9,L,"A mythical Basque demon that eats fingers
https://www.sansebastianfestival.com/2020/sections_and_films/zinemira/7/687216/in 
https://letterboxd.com/film/dar-dar/ 
",True
5873,194e6f13-3e01-4ee3-bb63-4354f42efa81,Kon Aeuy Madai Ahp,"My Mother is Arb; Child, Witch, Mother",C,1980,,L,Cambodian myth about a malevolent spirit called Ap or Arp,True
5874,12e269af-02a0-4ff2-a403-fae3173fa7aa,Krasue Valentine,Ghost of valentine,C,2006,99,L,"https://www.moviemeter.nl/film/1126592
https://en.wikipedia.org/wiki/Krasue_Valentine
Based on the krasue ghost legend that is common in Southeast Asian countries.",True
5875,3142700b-dc66-41a1-8de6-f50010061a4d,Freedom Deal: The Story of Lucky,,C,2013,25,L,The ghosts that are unleashed are similar to the krasue,True
5876,d6b96e1d-10b3-4032-a9fa-be495171b3db,Leák,Mystics in Bali,C,1981,86,L,"Based on the krasue, a nocturnal female spirit of Southeast Asian folklore",True
5877,1193aef7-9fb0-4470-8580-b1d514f4573f,Fei tou mo nu,Uçan Başlı Cadı; The Witch with Flying Head,C,1982,92,L,,True
5878,7be87444-acea-4424-81ae-c6bb6c807537,Nieng arp,Lady Vampire,C,2004,151,L,"Based on the krasue, a nocturnal female spirit of Southeast Asian folklore
https://en.wikipedia.org/wiki/Nieng_Arp",True
5879,98a33ff5-d341-4b9c-9e5d-69242e727e5f,Krasue Sao,Ghost of Guts Eater,C,1973,,L,,True
5880,28a51a27-5d23-4f9c-a3a1-481494c2e63a,Krasue fad pob,"Gra-Seu Fat Bpop, Kra Seu Fad Pop; Kraseu Fud Pob; Krasue Fud Pop; Krasue Versus Pop; Krasue Vs. Pop ",C,2009,90,L,"https://www.allhorror.com/movies/krasue-fad-pob
https://www.themoviedb.org/movie/238087 
https://www.tcm.com/tcmdb/title/775655/gra-seu-fat-bpop#overview",True
5881,4844ddeb-4511-432d-97fe-f96e24bd5e87,The Gluttonous Fear,Fullmoon Devil,C,2006,98,U,"https://www.themoviedb.org/movie/249537
https://letterboxd.com/film/the-gluttonous-fear
Based on the krasue, a nocturnal female spirit of Southeast Asian folklore",True
5882,52bd99d0-3434-4836-ac08-146edacba4ee,Tamnan Krasue,Demonic Beauty,C,2002,105,L,"https://mcutimes.com/Movies/titles/243458/demonic-beauty/full-credits
https://letterboxd.com/film/demonic-beauty/

Based on the krasue, a nocturnal female spirit of Southeast Asian folklore
https://en.wikipedia.org/wiki/Krasue 
",True
5883,fe57bf5f-ad1a-4d9f-af3b-c0c30f897fa5,Oil of Eternal Life,Itthirit Nam Man Phrai,C,1984,,L,"https://letterboxd.com/film/oil-of-eternal-life/details/
Based on the krasue, a nocturnal female spirit of Southeast Asian folklore
https://en.wikipedia.org/wiki/Krasue 
",True
5884,6aa58fa8-84ee-4aa3-becd-aadbf672d964,Krasue krahai lveat,Filth Eating Spirit,C,1985,77,L,"Based on the krasue, a nocturnal female spirit of Southeast Asian folklore
https://en.wikipedia.org/wiki/Krasue 
",True
5885,0ca96cf8-e3b6-49bb-bf56-b8acf16df828,Sang Krasue,Krasue: Inhuman Kiss,C,2019,122,L,"Based on the krasue, a nocturnal female spirit of Southeast Asian folklore
https://en.wikipedia.org/wiki/Krasue ",True
5886,2f39db91-8287-4122-905a-e251461a16d6,Princezna zakletá v case,Princess Lost in Time,C,2020,115,L,,True
5887,86c592bf-0276-4a60-a5ca-b1da1cf86c58,Královský slib,Royal Promise,C,2001,90,L,"https://www.youtube.com/watch?v=wwgpAxWBZy4
https://www.themoviedb.org/movie/244851-kr-lovsk-slib/cast

https://www-filmovyprehled-cz.translate.goog/cs/film/1661/kralovsky-slib?_x_tr_sl=cs&_x_tr_tl=en&_x_tr_hl=en&_x_tr_pto=nui,sc",True
5888,d0882abf-356d-46e1-8f31-a52fc6691f1b,Da yu hai tang,Big Fish & Begonia; Big Fish and Begonia,C,2016,100,A,,True
5889,a7ce25c5-620a-4f63-bdd9-06f8b6719e26,Kill Bill: Vol. 2,Kill Bill Part 2,M,2004,137,U,,True
5890,a99f8263-5ba0-46bd-815a-1ff07e69484d,Kamennyy tsvetok,,C,1977,27,A,"Based on story from The Malachite Casket: https://en.wikipedia.org/wiki/The_Malachite_Casket_(fairy_tale) ",True
5891,c62625b6-a8d1-4f91-9170-1675d1a758e9,The Son of Kong,Son of Kong,BW,1933,70,L,,True
5892,2b7d3517-088c-41b4-9c54-eacbe334a5ca,King Kong,King Kong: The Legend Reborn,C,1976,134,L,,True
5893,307a9ec6-8df0-4db5-9b6e-8f7185a27056,Lippels Traum,,C,1991,84,L,,True
5894,44c0743e-3c4f-4eba-b03c-d15e0a6ffb00,La fameuse invasion des ours en Sicile,The Bears' Famous Invasion of Sicily,C,2019,82,A,"Based on: https://en.wikipedia.org/wiki/The_Bears%27_Famous_Invasion_of_Sicily ",True
5895,10cba319-dcbf-4d6c-9af5-90faf5498f89,La bestia y la espada mágica,The Beast and the Magic Sword,C,1983,120,L,,True
5896,15214b62-1a1f-4518-8adb-e8403dd64768,El-haimoune,Wanderers of the Desert,C,1984,95,L,,True
5897,218245c2-d9f5-4fc1-9c59-9fe90b0d1bec,Le château hanté,"The Devil's Castle, The Haunted Castle",BW,1897,3,L,,True
5898,8c93135d-0c51-4125-b91b-c154525c25f4,La fête du sonneur,The Spirit of the Bells,BW,1908,,L,,True
5899,91ee7654-d27c-4b02-a455-1b96fa810edd,The Happy Prince,,C,1996,,A,Puppets,True
5900,f9242d5f-50fc-4078-9383-bfd3708c3a11,Doctor Sleep,,C,2019,152,L,,True
5901,3eedf1f1-e53f-426e-89a4-ed6f5cbad590,It,It: Chapter One,C,2017,135,L,,True
5902,d112df1a-7a44-497e-844f-8d23c23daa4c,It Chapter Two,It 2,C,2019,169,L,,True
5903,94fbbb32-f814-40b3-b113-867f7c217592,Pan-dane to Tamago-hime,"Mr. Dough and the Egg Princess, Yeast and the Egg Princess",C,2010,12,A,"https://letterboxd.com/film/mr-dough-and-the-egg-princess/
https://ghibli.fandom.com/wiki/Mr._Dough_and_the_Egg_Princess",True
5904,610ef391-2199-4f6a-a4e8-c95c061f6a63,Secret Magic Control Agency,,C,2021,103,A,,True
5905,c0c69707-d71b-43ce-8aef-5c1a3e175e23,Over the Moon,,C,2020,95,A,"About Chang'e, Chinese moon goddess",True
5906,d2dc1307-3801-4f8d-b4a9-f7adb4bc1672,WolfWalkers,Wolfwalkers,C,2020,103,A,Irish folklore,True
5907,f322e6f2-bdf8-4c65-acbb-3a5c5ffe67e9,Le prince oublié,The Lost Prince,C,2020,101,L,,True
5908,04508f0e-89f8-4f4a-a8bf-f2c6c2f3eece,Vovka v Tridevyatom tsarstve,Vovka in a Far Far Away Kingdom,C,1965,19,A,,True
5909,d66dba54-1f52-47a7-a27a-645d0a70ac90,Fairyland Lockdown - an interconnection comedy,,C,2021,,L,,True
5910,fbf1a972-e633-4274-8e58-0678e6f276ed,Bai She 2: Qing She jie qi,White Snake 2: Green Snake; White Snake 2: The Tribulation of the Green Snake,C,2021,131,A,,True
5911,640d39c2-92db-4eaf-bbee-cf5170875d80,Justin and the Knights of Valour,,C,2013,90,A,,True
5912,c8fcdcea-8134-417f-a184-e1900ba22012,The Magic Roundabout,Sprung! The Magic Roundabout,C,2005,78,A,,True
5913,5c82a930-b3f8-44eb-b976-c619a7d7be20,Doogal,The Magic Carousel,C,2006,78,A,,True
5914,f0801e5a-bf1d-4526-a54c-1766c8f91771,Pollux et le chat bleu,"Dougal and the Blue Cat, The Magic Roundabout Movie",C,1970,82,A,https://en.wikipedia.org/wiki/Dougal_and_the_Blue_Cat,True
5915,b1777026-1600-442f-8eb3-5609758e9376,Nahuel y el Libro Mágico,Nahuel and the Magic Book,C,2020,98,A,,True
5916,01d81658-71aa-4abb-a45c-25947c1922e1,Dragonheart: A New Beginning,Dragonheart II,C,2000,84,L,,True
5917,78edf9ea-8dd7-450c-bb54-7eb4d5132ac6,Dragonheart 3: The Sorcerer's Curse,,C,2015,98,L,,True
5918,714b9c0f-f983-408d-9506-0c564d69ec07,Dragonheart: Battle for the Heartfire,Dragonheart 4,C,2017,98,L,,True
5919,e334c416-6220-4db8-9e6a-7de62243b1d0,Dragonheart: Vengeance,"Dragonheart Vengeance, Dragonheart 5",C,2020,97,L,,True
5920,97194760-0a3d-4826-a742-b0d53efde879,Mythica: A Quest for Heroes,,C,2014,92,L,,True
5921,6e7d73a2-3922-4b07-816e-356c9a0b234c,Mythica: The Darkspore,,C,2015,107,L,,True
5922,0fde50cd-2479-4c69-b060-216c3a5c3eec,Mythica: The Necromancer,Mythica 3: The Necromancer,C,2015,93,L,,True
5923,5145777f-fd72-466a-b4da-a2701428f8b5,Mythica: The Iron Crown,Mythica 4: The Iron Crown,C,2016,93,L,,True
5924,9347dcbc-c702-4732-91e5-13293ee52799,Mythica: The Godslayer,Mythica 5: The Godslayer,C,2016,118,L,,True
5925,74e8ff45-2274-44c8-9f94-e18f4fa90b38,Meari to majo no hana,"Mary and the Witch's Flower, Mary & the Witch's Flower",C,2017,103,A,,True
5926,df145f0a-4f89-4840-99eb-d022ddb5c9df,Arîte hime,Princess Arete,C,2001,105,A,,True
5927,fcf2149c-8be4-4219-bfe3-806dbc88846c,Âya to majo,"Earwig and the Witch, Aya and the Witch",C,2020,82,A,Baba Yaga,True
5928,66454016-73a6-4907-87a9-24fd019565eb,Dragon Rider,Firedrake the Silver Dragon,C,2020,91,A,,True
5929,b5d51a96-126c-4e04-99f4-c32006550d6a,Nightbooks,,C,2021,103,L,,True
5930,00612d17-9e76-4ebe-ae2d-9bc746519b3f,Zhil-byl pyos,Once Upon a Time there Lived a Dog; There Once Was a Dog,C,1982,10,A,,True
5931,c11aae30-4171-49b1-b092-171336ad3597,Lamb,,C,2021,106,L,,True
5932,cbf36d8e-bd07-438c-bdae-220ae09be52a,The Spine of Night,,C,2021,93,A,,True
5933,364499c7-b2ae-4f6a-973c-cfb78eb81150,The Boy,,C,2016,97,L,,True
5934,80686ddc-00bd-44f1-981a-467bd424eeca,Brahms: The Boy II,,C,2020,86,L,,True
5935,9084c210-d140-4eec-a5c6-59b7b28d8165,Little Red,Resurrection Ferns,C,2012,81,L,,True
5936,9be22598-0333-4b98-bcec-e2319311c845,Ogoniok-ognivo,Ginger's Tale,C,2020,88,A,"https://en.wikipedia.org/wiki/Ginger%27s_Tale ",True
5937,f6b8f5d4-4cbc-4908-92a8-8de5b5ac0573,To Fetch a Pail,,BW,2018,5,L,https://www.youtube.com/watch?v=QnsF5f0BYzg,True
5938,39328bb8-e8df-4424-8592-efbb67635aac,Pro Rakov,,C,2003,15,A,"https://www.animatsiya.net/film.php?filmid=120 
https://www.youtube.com/watch?v=JPU_BBIOgow 
",True
5939,b743fb75-d45a-4ed7-bf3e-1d5bec832d15,Teeny-Tiny and the Witch Woman,,C,1980,14,A,"Based on a Turkish folktale: https://en.wikipedia.org/wiki/Teeny-Tiny_and_the_Witch-Woman ",True
5940,31ddeb52-0f50-4ed0-885e-3e9ca358a197,Brahmadaitya,,C,2020,84,L,"Folk tales of Bengal: https://en.wikisource.org/wiki/Folk-tales_of_Bengal/The_Story_of_a_Brahmadaitya and https://en.wikipedia.org/wiki/Ghosts_in_Bengali_culture ",True
5941,e20bac9a-ea26-4ad6-90e5-c40954f0c263,Polednice,The Noonday Witch,C,2016,90,L,"Lady Midday, based on a Czech fairytale from the collection Kytice: https://www.hollywoodreporter.com/movies/movie-news/noonday-witch-polednice-karlovy-vary-910496/ 
https://en.wikipedia.org/wiki/The_Noon_Witch 
",True
5942,eaa3a333-a044-4885-8557-4894d8e350dc,The Field Guide to Evil,Segment: The Cobbler's Lot,C,2018,117,L,"“Eight different tales of worldwide urban legends, myths, and folklore from native filmmakers representing multiple countries.” 
https://www.flickeringmyth.com/2019/03/movie-review-the-field-guide-to-evil-2019/ 
https://www.austinchronicle.com/events/film/2019-03-29/the-field-guide-to-evil/ 

The Cobbler’s Lot is a Hungarian fairy tale called The Princess’ Curse: http://multicoloreddiary.blogspot.com/2015/05/story-saturday-fairy-tale-hidden.html",True
5943,2d175626-4e3d-40ac-b69d-07d4a9b9600a,The Otherworld,,C,2016,90,L,Pagan Celtic myths and Irish legends,True
5944,dee978a7-372c-4f98-9ffe-f4fce2cd21d2,Selkie,,C,2000,88,L,,True
5945,9fedd92b-851c-4cd9-8681-f763eb61de25,Kmoach Daoem Chek Chvia,Ghost Banana Tree,C,2004,120,L,"https://en.wikipedia.org/wiki/Ghost_Banana_Tree
https://letterboxd.com/film/ghost-banana-tree/ ",True
5946,9565a7cc-0c16-4475-bad9-baa96f529407,Sennentuntschi,Sennentuntschi: Curse of the Alps,C,2010,115,L,"Based on an Alpine fable: https://en.wikipedia.org/wiki/Sennentuntschi ",True
5947,53e1da37-3bb6-4774-905c-ca6ab7e7b1ca,Macario,,BW,1960,91,L,"Another Mexican take on the story [Godfather Death] is The Third Guest of B. Traven where there is no godson but instead a woodcutter that rejects to share his food with God and the Devil but with the Death instead. After living similar situations than the godson of the original story he has his life and honor spared by Death himself. In the movie version called Macario (1960), the story ends with the death of the starring character.
https://en.wikipedia.org/wiki/Godfather_Death ",True
5948,57dd9817-c169-4670-ad9e-cc8d1aa2d78e,Korolevstvo krivykh zerkal,Kingdom of Crooked Mirrors,C,2007,96,L,Writer is credited as Alexey Stepanov on IMDb,True
5949,83bde862-0734-47fd-a0fe-d8be7ea523cb,Marjina Abdulla,,C,1973,131,L,,True
5950,373da63a-3893-46a7-9171-bb6b80087e5b,Sim Sim Marjeena,,BW,1958,,U,"https://muvyz.com/moviepage/kk821704
https://www.cinestaan.com/movies/sim-sim-margina-2585/
",True
5951,b6fdf278-5b46-4f45-bc26-4428e73c0f40,Khul Ja Sim Sim,,BW,1956,,L,"https://www.lyricsbogie.com/movies/khul-ja-sim-sim-1956/
https://www.cinestaan.com/movies/khul-jaa-sim-sim-2293/
",True
5952,176b0166-9ae0-43b7-a077-f8b620f2fe26,Manga: Hanasaka-jijii,"The Blossom Man,     The Grandfather Who Makes the Flowers Bloom",BW,1928,7,A,,True
5953,8935a243-f8d3-46aa-80b0-8e206a95e698,Hanasaka-jijii,"Old Man Hanasaka, The Grandfather Who Makes The Flowers, Hanasaka Jiisan",BW,1917,6,A,"https://myanimelist.net/anime/18457/Hanasaka_Jijii 
https://www.youtube.com/watch?v=sCkezQhcZM0
",True
5954,49fc0d76-6631-4ccf-b74e-0f2564472ccb,Hanasaka jijii,,C,1924,11,U,,True
5955,2f34da22-72ef-4ac0-8d92-24ba6c537573,Shitakiri-suzume,,BW,1917,,A,"Shita-kiri Suzume (The tongue-cut sparrow, ATU 480)
https://en.wikipedia.org/wiki/Shita-kiri_Suzume ",True
5956,6f58061d-a7c8-41d5-bd24-e65961d52b20,Shitakiri suzume,,C,1923,,U,,True
5957,79b32c4c-fdc0-42d4-ad8b-1cc0fdcc6522,Mukashi-banashi Shitakiri-suzume,,BW,1929,11,A,https://aniqq.com/en/anime/2753-Kobutori,True
5958,c45b5775-52ae-477a-95aa-22e90378297e,Kawaraban kachikachi yama,,BW,1934,,U,,True
5959,9254b206-ca64-441c-b50a-e31b0f91dab8,Kachikachi yama no shobo-tai,,BW,1948,7,A,"https://www.bcdb.com/cartoon/140289-Kachikachi-Yama-No-Shobo-Tai
https://myanimelist.net/anime/30457/Kachikachi_Yama_no_Shouboutai",True
5960,bbf73570-ae3b-4bb5-adbf-46d447495d1b,Kachikachi yama,,BW,1940,10,A,"https://myanimelist.net/anime/33135/Kachikachi_Yama_1940
https://www.bcdb.com/cartoon/140297-Kachikachi-Yama",True
5961,16f2838f-46a6-452b-b918-fbb9e804ed63,Kachikachi yama,The Hare Gets Revenge Over the Raccoon,BW,1934,14,A,https://www.bcdb.com/cartoon/140635-Kachikachi-Yama,True
5962,823c2f43-7bcb-4cde-9af8-6dfdcbbb9a18,Kachikachi yama,,BW,1917,7,A,https://myanimelist.net/anime/10757/Kachikachi_Yama,True
5963,59c35775-69a5-443c-9526-f832389a59a4,Kachi Kachi Mountain,,C,2014,4,A,,True
5964,ce6febd7-dc58-47fe-8a80-d5668e854b09,Feng huang wang zi,"Magic Warriors, Child of Peach 3",C,1989,93,L,https://www.themoviedb.org/movie/104582-magic-warriors,True
5965,b9a785fd-613d-4ba9-9887-71c4f9574905,Umi no Momotarô,Momotaro's Underwater Adventure,BW,1932,2,A,"A reviewer calls it another “bastardization” of the Momotaro tale, but that still means that’s its origin!",True
5966,adc24c7b-f164-498b-9a5f-feeade971a16,Momotarô-zamurai: Edo no shuraoh nankai no oni,Samurai Momotaro: Devil of the Seas,C,1960,75,L,,True
5967,9ef438a0-b869-4e48-8a71-5550b679b1f7,Nihon-ichi Momotarô,,BW,1925,11,A,,True
5968,41a0760b-cf11-4a7d-ab81-d8df4be6e9ef,Shin Momotarô,New Story of Momotaro,BW,1909,,U,,True
5969,6e5d4048-9ae8-43de-9e20-97106bd757a2,Shin Momotarô,New Story of Momotarô,BW,1909,,U,,True
5970,ad399db5-de1a-41ee-a89a-151c9507bae7,Momotarô,,BW,1915,,U,,True
5971,28f21f64-7784-4d78-82af-f0e78695d083,Momotarô,,C,2009,6,A,,True
5972,80e0dd8d-b1b0-4788-bd3f-ffc8dbbdc56f,Sora no Momotarô,"Momotaro's Sky Adventure, Momotaro of the Sky",BW,1931,10,A,https://animation.filmarchives.jp/en/works/view/13639,True
5973,03073c2e-cd3e-4c5a-b521-117d77dbd068,Momotarô: Umi no shinpei,"Momotaro, Sacred Sailors; Momotaro's Divine Sea Warriors",BW,1945,74,A,"https://en.wikipedia.org/wiki/Momotaro:_Sacred_Sailors
https://www.youtube.com/watch?v=VdzrgJA_iWA

https://www.animenewsnetwork.com/encyclopedia/anime.php?id=5005
https://myanimelist.net/anime/2765/Momotarou__Umi_no_Shinpei/
",True
5974,2c0c425c-cdb7-489b-bd3d-0bb5ede784e8,Sarukani-gassen saru to kani no gassen,"Saru to kani, The Battle of a Monkey and a Crab",BW,1917,5,A,"https://letterboxd.com/film/the-battle-of-the-monkey-and-the-crab
https://anime-database.fandom.com/wiki/Battle_of_a_Monkey_and_a_Crab
",True
5975,c25faba4-7d38-453c-a47d-4d76de2b8f0c,Nihon mukashi-banashi: Sarukani,The Monkey and the Crab: A Japanese Tale,C,1972,19,A,https://www.filmaffinity.com/au/film342064.html,True
5976,107213c7-fa6f-44c6-a48b-253890377d64,Sarukani gassen,,C,1995,3,A,,True
5977,7f0710b6-d6bf-4a96-99ac-9af5b74ef3e6,Sarukani-gassen,Yasuji Murata's Monkey and the Crabs,BW,1927,5,A,"https://www.youtube.com/watch?v=bQdU1ERLYSU 
https://animation.filmarchives.jp/en/works/view/43683
",True
5978,6816ca41-2d0f-41c1-a858-1c1a58f36aa6,Mangwa: Shin saru kani gassen,"Shin Sarukanigassen, Monkey and Crabs",BW,1939,11,A,"https://letterboxd.com/film/monkey-and-crabs/genres/
",True
5979,677dd2b1-2df2-4692-8f33-381c5d3c5b94,Konyok-gorbunok,Upon the Magic Roads; The Humpbacked Horse,C,2021,111,L,,True
5980,73cdaf94-01bf-4cad-b792-95e72148a9a1,Once Upon a Crime,,C,2019,,L,"""Hoodwinked meets Law and Order"": https://mubi.com/films/once-upon-a-crime ",True
5981,235bc52b-3c3e-4cfe-93da-a528a63ede76,Once Upon A Crime: Hansel and Ghetto,,C,2021,,L,,True
5982,0bb9c953-58cb-4a2f-9b78-7df6eaf4e3a3,Princezna a pul království,The Princess and Half the Kingdom,C,2019,92,L,https://www-ceskatelevize-cz.translate.goog/porady/11667658563-princezna-a-pul-kralovstvi/?_x_tr_sl=cs&_x_tr_tl=en&_x_tr_hl=en&_x_tr_pto=sc,True
5983,dfae9519-2bca-4b17-8411-589f9a0bfcf9,Korunní princ,Crown Prince,C,2015,93,L,,True
5984,0353b80a-fe39-4c5b-8a98-5769d719a2c7,L' écrin du rajah,The Rajah's Casket,C,1906,8,L,"https://www.youtube.com/watch?v=orFy2RZDr7s
https://rateyourmusic.com/film/l_ecrin_du_rajah/",True
5985,b620e916-d145-49b6-942d-6cc6b465065b,Nils Holgerssons underbara resa,"    Wonderful Adventures of Nils",C,1962,95,A,,True
5986,50728402-e6ec-4ea7-a59f-b57b5a3c56ed,Une sirène à Paris,Mermaid in Paris,C,2020,102,L,,True
5987,33897516-e9f6-4df6-8e9e-678e88a2236b,Matchless Mulan,,C,2020,90,L,,True
5988,412e5c84-a7b6-4063-a33d-f9b600d3ee78,Un jour mon prince,,C,2016,82,L,,True
5989,152d3f57-fb77-4312-a345-75a9226a33d9,Kurumi wari ningyou,The Nutcracker 3D,C,2015,80,L,,True
5990,f8d2b753-2593-4383-a279-35a85fefe388,The Nutcracker Sweet,,C,2015,80,A,,True
5991,2f89181f-f100-45d0-a446-c677dd5849d9,The Secret of the Nutcracker,The Christmas Nutcracker,C,2007,88,L,,True
5992,47047182-3795-49ce-b77a-f906c3f7396f,Tom and Jerry: A Nutcracker Tale,,C,2007,47,A,,True
5993,8ff02bcb-b4d6-455b-8df3-0723118efa16,The IMAX Nutcracker,,C,1997,37,L,,True
5994,a8144db3-a2ca-42f2-8ddf-2f65376b5abc,Nutcracker,Pacific Northwest Ballet's Nutcracker,C,1986,89,L,,True
5995,0b6eecb7-0460-4501-a05c-416647e14c42,Shchelkunchik,The Nutcracker,C,1973,27,A,,True
5996,285b69f3-4a0b-4288-a9fd-7667e39c93c4,The Boy Who Drew Cats,,C,2008,6,A,"https://en.wikipedia.org/wiki/The_Boy_Who_Drew_Cats ",True
5997,d607c2df-4361-4159-af49-036bdee21249,Otogi-banashi: Bumbuku chagama,,BW,1917,,A,,True
5998,0fb41f87-6af2-48f7-b69a-904970c69a39,Bunbuku chagama to donryo shonin,,BW,1919,,U,,True
5999,7556b28f-589f-4f94-9454-7dc068e25f26,Bunbuku-chagama,,BW,1928,13,A,https://www.bcdb.com/cartoon/61812-Bunbuku-Chagama,True
6000,7f85fe14-32a2-47d1-8769-d7f8a7588af8,Bumbuku chagama,,BW,1939,59,U,,True
6001,c0a9b35a-5fec-4440-b65b-4d1cd5489aca,Bumbuku chagama,,BW,1932,7,U,,True
6002,d4dfb06b-a257-469d-afd0-3000597c36a4,Bunpuku chagama,Good Fortune in a Teapot,BW,1915,,U,,True
6003,48d6786b-8757-4048-a33e-41c69b6784cd,I pigi tis niotis,The Fountain of Youth,C,2011,16,A,https://en.wikipedia.org/wiki/The_Fountain_of_Youth_(fairy_tale),True
6004,e50e6e08-2452-4446-81ab-d4394479c1b7,Issunboshi,,BW,1956,,A,"https://en.wikipedia.org/wiki/Issun-b%C5%8Dshi
https://writinginmargins.weebly.com/home/category/issunboshi
https://www.surlalunefairytales.com/oldsite/thumbelina/other.html
",True
6005,061a02f5-3528-430d-8000-0e775684cfe5,Issun Boshi: The One-Inch Samurai,,C,2014,6,A,"https://en.wikipedia.org/wiki/Issun-b%C5%8Dshi
https://www.surlalunefairytales.com/oldsite/thumbelina/other.html
https://writinginmargins.weebly.com/home/category/issunboshi",True
6006,39edec9e-e6d4-4e50-b21a-bbb0ed934e28,Issun-boshi,,BW,1927,,U,"https://en.wikipedia.org/wiki/Issun-b%C5%8Dshi
https://www.surlalunefairytales.com/oldsite/thumbelina/other.html
https://writinginmargins.weebly.com/home/category/issunboshi",True
6007,e0e168cc-4434-4cc7-a3a8-33b5f8145b0f,Issun bôshi,,C,1967,14,A,"https://en.wikipedia.org/wiki/Issun-b%C5%8Dshi
",True
6008,dc0ef027-2396-4430-bc84-271b28f3fb93,Issun bôshi,,BW,1955,84,L,"https://en.wikipedia.org/wiki/Issun-b%C5%8Dshi
https://www.surlalunefairytales.com/oldsite/thumbelina/other.html
https://writinginmargins.weebly.com/home/category/issunboshi",True
6009,efab6e2b-2e1d-4375-b967-e651b6b17fbe,Issun-bôshi,,BW,1918,,A,"https://en.wikipedia.org/wiki/Issun-b%C5%8Dshi
https://www.surlalunefairytales.com/oldsite/thumbelina/other.html
https://writinginmargins.weebly.com/home/category/issunboshi",True
6010,91d0a331-9dd1-4fac-bd65-f1050371d1d7,Issunboshi chibisuke monogatari,"Tiny Chibisuke's Big Adventure, Issunboushi: Chibisuke Monogatari",BW,1935,9,A,"https://myanimelist.net/anime/6836/Issunboushi__Chibisuke_Monogatari 

https://en.wikipedia.org/wiki/Issun-b%C5%8Dshi
https://www.surlalunefairytales.com/oldsite/thumbelina/other.html
https://writinginmargins.weebly.com/home/category/issunboshi",True
6011,86aa9d33-34ce-48fb-a93f-d04e5aad0986,Kobutori,,BW,1918,,A,https://en.wikipedia.org/wiki/Kobutori_Jiisan,True
6012,92cba77b-1b2c-4257-b294-24753032f920,Kobutori,,BW,1957,20,A,"https://en.wikipedia.org/wiki/Kobutori_Jiisan
https://myanimelist.net/anime/29920/Kobutori_1957",True
6013,b0e82c10-d479-46cc-bd38-97b3142f06b3,Manga: Kobutori,"The Stolen Lump, His Snatched Off Lump",BW,1929,10,A,,True
6014,f570234a-15cc-43e9-b6a1-ab2c29bcca34,Chûzumô,A Sumo Wrestler's Tail,C,2010,13,A,https://en.wikipedia.org/wiki/Nezumi_no_Sum%C5%8D,True
6015,e2816c7f-2e8a-4773-98d0-1cb0b633794c,Tara the Stone Cutter,,C,1955,8,A,"https://en.wikipedia.org/wiki/The_Stonecutter
https://rateyourmusic.com/film/tara_the_stone_cutter/",True
6016,bd6497de-e9ac-4642-9fc8-2e49dccef5b0,Kaguya hime,"Princess Kaguya, Kaguya-hime",BW,1935,75,U,,True
6017,616100f4-e47b-4c01-a674-bda4d53fb532,Kagee eiga: Kaguya hime,,BW,1942,,A,https://en.wikipedia.org/wiki/The_Tale_of_the_Bamboo_Cutter,True
6018,5b0921f7-6ab3-4467-80cc-974f24b79cfd,Kaguyahime densetsu satsujin jiken,,C,2001,,U,"Google translates as “Princess Kaguya Legendary Murder Case” 
https://en.wikipedia.org/wiki/The_Tale_of_the_Bamboo_Cutter",True
6019,28d94002-b5b9-4705-8ee8-ad6c0cb7381a,Uriko-hime to amanojaku,,BW,1956,,A,https://en.wikipedia.org/wiki/Uriko-hime,True
6020,b9781279-99ca-4a84-aba5-520630597e8f,Dame saisons,"Lady Seasons, Old Mother Snow",C,2021,31,A,"https://www-lesfilmsdunord-com.translate.goog/dame-saisons?_x_tr_sl=fr&_x_tr_tl=en&_x_tr_hl=en&_x_tr_pto=nui,sc ",True
6021,1e72f1b3-c351-4e57-ac47-7454b6933491,Kaidan yukijorô,"The Snow Woman, Snow Ghost",C,1968,80,L,"About yuki-onna the ‘snow woman’: https://en.wikipedia.org/wiki/Yuki-onna 
https://asianmoviepulse.com/2021/01/film-review-the-snow-woman-kaidan-yukijorou-1968-by-tokuzo-tanaka/",True
6022,568ea95b-effd-425d-ad4d-cae53fb3fd47,Yuki onna,Snow Woman,C,2016,95,L,"https://en.wikipedia.org/wiki/Yuki-onna ",True
6023,6a795d6d-b853-4347-bf8e-ac222b527363,Yuki Onna,,C,2013,14,A,"https://en.wikipedia.org/wiki/Yuki-onna ",True
6024,4b5ee0b1-3ce8-4148-830c-aae0c2a42756,Yamata no Orochi no Gyakushu,,C,1985,72,U,,True
6025,73d05b54-71cd-413b-a629-45cd5c82c9b4,"Un, nan?",Un-Nan: The Legend of the Eight-Headed Serpent,C,2008,123,L,https://jfdb.jp/en/title/1472,True
6026,d9a97351-2c6a-4211-bb0d-ee0475861375,Onigamiden,Onigamiden - Legend of the Millennium Dragon,C,2011,100,A,,True
6027,31444ce8-7ea7-4bf5-b124-58c21862033f,Urashima Tarô,Taro Urashima,BW,1918,2,A,"https://www.youtube.com/watch?v=eLpZNSkHlhI
https://en.wikipedia.org/wiki/Urashima_Tar%C5%8D_(film)
https://thebioscope.net/2008/03/28/early-anime-discovered/",True
6028,01fa976f-c866-49b5-a0af-f10efacb3775,Urashima Tarô,,C,2013,2,A,https://www.youtube.com/watch?v=K7jUreOt89U,True
6029,42aa1aab-3e94-42bc-8f97-aa7310ad6182,Urashima Tarô,,BW,1909,,U,"https://www.imdb.com/title/tt11418288/: The IMDb link on the main entry page says to see this link, but it seems to be a different film. ",True
6030,d6a9a40a-51b8-4ea5-97e6-d9bee09aece8,Otogi taro,Folk-Tale of Taro,BW,1908,,U,,True
6031,8fec77c5-7a68-442a-9919-676859327b6b,Urashima Tarô,,C,2017,14,A,http://sans-soucis-prod.com/urashima-taro/,True
6032,13ba0719-6949-47ba-86ff-a539e0b7d4c2,Urashima Tarô,,C,1952,5,A,,True
6033,9f7b45ac-3f77-41c8-9544-3b835df1fd0d,Kirigami zaiku Saiyuki: Songoku monogatari,The Story of the Monkey King,C,1926,8,A,,True
6034,bef35ab5-0180-4a01-9bc5-202f2e3740de,"Klein Zaches, genannt Zinnober",,C,1982,,U,,True
6035,d242acd7-e2d6-4a45-b457-d3317469ea3b,Tzahes,Zaches,C,2010,133,L,,True
6036,048a8f1a-9b41-4bf3-8160-924bedb47601,Hoffmanns Erzählungen,Tales of Hoffmann,BW,1911,,U,,True
6037,aec55810-ecfd-4e17-a62e-16db7511c03b,The Girl at the Window,,BW,1954,,U,,True
6038,032166b1-f551-4025-aabf-c9e93e20d1bd,Die Augen des Coppola,Der Sandmann,C,2004,9,U,,True
6039,569a2eed-7562-4f8c-8ccd-55af50fe69bb,Rapunzels Fluch,,C,2020,80,L,,True
6040,94bcb67c-3db3-43fb-994e-36434a3d3d01,Rapunzel,,C,1992,24,A,,True
6041,f73ea71e-8ae1-4181-8604-1cf3a381c903,Rapunzel,,BW,1897,,U,,True
6042,f59c2c5b-60fa-44d3-b888-118304e9a3fc,Hänsel und Gretel,,BW,1897,,U,,True
6043,a301e756-284d-4960-98db-a15e18c1c7b9,Uncut Gems,,C,2019,135,L,"A stage version of the story (Diamonds and Toads, ATU 480) is performed
https://www.culledculture.com/uncut-gems-has-a-dull-luster/ 
https://en.m.wikipedia.org/wiki/Diamonds_and_Toads
",True
6044,a3e12f24-5628-4e58-9c49-cb1616a47f3b,Mahô no purinsesu Minkî Momo: Yume no naka no rondo,Gigi and the Fountain of Youth,C,1985,80,A,,True
6045,8b57c380-b9fb-4442-ae67-a64597c98ed3,The Stonecutter,,C,2007,80,L,,True
6046,8ea1a0ee-fdc1-4179-ba1d-2dc99e622937,Deka Melon Princess,,C,1994,,U,,True
6047,ca1a0373-9ad0-4755-a921-ea0adc27e04e,The Magic Flute,,C,2006,135,L,,True
6048,26d710a7-a9ba-41eb-a178-678395f98f5f,The Magic Flute,,C,2022,,L,https://en.wikipedia.org/wiki/The_Magic_Flute_(upcoming_film),True
6049,28dcb03e-eceb-4685-8843-2db299a2d870,Totsukuni no Shoujo,"The Girl from the Other Side: Siúil, a Rún",C,2019,10,A,"https://en.wikipedia.org/wiki/The_Girl_from_the_Other_Side:_Si%C3%BAil,_a_R%C3%BAn ",True
6050,b7d6fe63-e2c6-4a2d-987d-23864d5809b7,Er dai yao jing,"Er Dai Yao Jing, hanson and the Beast",C,2017,110,L,,True
6051,39d2ddeb-9768-4971-968d-f89ab7d2baec,Pamina: Hysteria in Mozart's Magic Flute,,C,2006,14,L,,True
6052,3b31f283-ab6d-4010-9037-e7e3fc8a4487,La flûte enchantée,The Magic Flute,BW,1906,,U,https://filmographie-fondation--jeromeseydoux--pathe-com.translate.goog/6144-flute-enchantee-la?_x_tr_sch=http&_x_tr_sl=fr&_x_tr_tl=en&_x_tr_hl=en&_x_tr_pto=sc,True
6053,1d09ece3-3216-4b09-8895-a3c6539c2638,Petya i volk,Peter and the Wolf,C,1958,10,A,,True
6054,3f777b43-9f98-4ba4-8de6-425634484509,Peter & the Wolf,,C,2019,26,A,,True
6055,272d7134-4e33-44e5-bd76-5df7b482cec6,Olen i volk,The Deer and the Wolf,C,1950,10,A,"Based on an Estonian fairy tale
https://www.bcdb.com/cartoon/105198-Olen-i-Volk",True
6056,1d3fd535-b1fd-4c33-b4ec-48b33db9c6c7,Peter und der Wolf,,C,1996,19,A,,True
6057,8f266318-d748-4e32-9ee2-1364ba1e32fe,Puss in Boots,,C,1997,30,A,,True
6058,17a53e69-0e99-4b88-b601-dc5f25385f45,Felix the Cat in Blunderland,,BW,1926,6,A,https://www.bcdb.com/cartoon/23254-Felix-In-Blunderland,True
6059,d3eb1690-0f3b-47f6-9607-40eb1164a001,Felix in Fairyland,,BW,1923,9,A,"https://mubi.com/films/felix-in-fairyland
",True
6060,278d1955-432d-4f30-8ab6-4d3157bf04c4,Mavka. Lisova pisnya,Mavka. The Forest Song,C,2021,85,A,,True
6061,c935a667-0fc5-459b-bacb-f5c2d1a2bad7,Baron von Brunk's Alice: a LEGO Adventure in Wonderland,,C,2020,,A,http://baronvonbrunk.com/?projects=alice-a-lego-adventure-in-wonderland,True
6062,e595b7ff-c84c-4ff7-b579-2e133f9493a1,Queen of Hearts: Before Alice Went Down the Rabbit Hole,,C,2021,15,U,,True
6063,961ba487-0241-429a-b03c-70452281f26a,"Alice, Through the Looking",,C,2021,90,L,,True
6064,7cd61ccf-256a-4b69-b796-c836b770d4ce,Art Carney Meets Peter and the Wolf,,BW,1958,60,L,,True
6065,d85b1223-c19f-481b-a694-eed7f1ecdbd2,Art Carney Meets the Sorcerer's Apprentice,,C,1959,60,L,,True
6066,7905d2c8-77ce-4bec-90a6-88c55d8a2094,Kumiho,Gumiho,C,2015,9,U,,True
6067,15a459ba-539e-4a5c-97da-c3dde543e987,Kitsunetsuki,"Fox Spirits, Kitsune Tsuki",C,2015,7,A,"https://mostlymovies.ca/tag/fox-spirits/
https://myanimelist.net/anime/34840/Kitsune_Tsuki/
https://www.youtube.com/watch?v=uwywAWRMagA ",True
6068,37cf1f18-cfd2-4dcf-9f89-c69995fa5737,Finnick,,C,2022,85,A,A Borrowers-type story,True
6069,cc5742a9-be9b-49eb-95be-90e47de3f6d7,Pil,Pil's Adventures,C,2021,89,A,"https://ca.news.yahoo.com/how-pils-adventures-shrek-like-fun-experience-040126242.html ",True
6070,619b6c13-6c1f-4b54-8e0c-1c474ea353ca,My Sweet Monster,,C,2021,98,A,,True
6071,75e1ce02-2a42-4889-ae58-ef6f8dc3cf8d,Cinderella,,C,2019,,L,"https://vimeo.com/323367791
",True
6072,add61e22-fbc0-400b-9f83-f664b91bf438,Candy House,,C,2016,94,U,https://letterboxd.com/film/candy-house/,True
6073,2b6abf92-b601-4ce0-954c-bedf8319843f,Fix Me,,C,2019,,L,https://www.woonyea.com/directing-1,True
6074,e329930a-afab-4e36-b314-f4dd5d5d3f7c,Spinnolio,,C,1977,10,A,,True
6075,8d0f8d8c-f16e-4179-b853-945a05560ff1,The Borrowers,,C,2011,90,L,,True
6076,aa3fc85d-0897-4e24-8ac1-8df9acdc2153,Nang phi,The Cinderella,C,2011,84,L,https://www.filmdoo.com/films/ghost-the-cinderella/,True
6077,bff0fafe-fe0e-4560-87ae-8ca1b36d44ec,Gingerdead Man 2: Passion of the Crust,,C,2008,72,L,"Many more Executive Directors listed on IMDb, but didn't include them all ",True
6078,9f20072f-3056-440d-8cb1-86b2dc750e65,Gingerdead Man 3: Saturday Night Cleaver,Gingerdead Man 3: Roller Boogie Man,C,2011,78,L,"Several more executive producers on IMDb, but not including all here. ",True
6079,9f7c152b-4aee-45df-9bc8-85329eb7086b,Gingerdead Man vs. Evil Bong,Gingerdead Man vs Evil Bong,C,2013,83,L,"Again, many executive producers on IMDb but not all listed here.",True
6080,f566d6ad-f42a-4580-bf0d-76d386186c2b,Emily the Little Match Girl,,C,2021,79,A,,True
6081,954087c2-2b63-407d-af99-30f92b363be6,The Matrix Resurrections,,C,2021,148,L,,True
6082,f2697711-65d9-4b3b-9e01-daeeb1271daa,The Monkey King: The Legend Begins,,C,2022,90,L,,True
6083,f4e95dc3-e385-480f-9dd8-379709de83a0,Wu Kong,"Immortal Demon Slayer, The Tales of Wukong, WuKong",C,2017,123,L,,True
6084,001597d0-530d-4792-af03-9f1c64466307,The Prince & Me II: The Royal Wedding,The Prince & Me 2: The Royal Wedding,C,2006,96,L,,True
6085,7a63b6e0-adc5-4747-bf41-c166647c9554,The Prince & Me 3: A Royal Honeymoon,The Prince & Me 3: Holiday Honeymoon,C,2008,92,L,,True
6086,8b019472-077e-4962-8122-5bbeefa89901,Tammy Tell Me True,,C,1961,97,L,,True
6087,fe9ebdce-94d4-4ada-b4d2-de081a92ce7f,Tammy and the Doctor,,C,1963,88,L,,True
6088,499d9965-0e23-40a9-afbb-16ec2170bb81,Tammy and the Millionaire,,C,1967,87,L,,True
6089,ce11bd32-cddc-48e3-a396-ff081b8add7e,SAGA - Curse of the Shadow,"SAGA: Curse of the Shadow, Curse of the Dragonslayer",C,2013,111,L,,True
6090,f4bfe0dd-1efc-4ab3-b653-08a65f2f050e,The Lonely Passion of Petar the Pig Farmer,,C,1999,14,U,,True
6091,7699a6c6-905b-4c09-a156-a5c337988581,Mind Me Good Now!,,C,2005,8,A,,True
6092,b4153eba-f576-4844-86f6-c63596dda3f3,Canada Vignettes: Onions and Garlic,,C,1978,4,A,Hebrew fable,True
6093,f8e410aa-c3bd-475a-8b36-6c72ec067fbc,Tre nøtter til Askepott,Three Wishes for Cinderella,C,2021,87,L,,True
6094,99a50249-fc42-4dd0-9eee-3ec4acbbe0da,The Three Wishes,,C,2006,4,A,,True
6095,186fba05-aa44-4c1f-b6a4-ca91efc1c097,Village of Idiots,,C,1999,13,A,Jewish folktale,True
6096,fb11a710-a660-43de-b242-0a4a12e92151,The Witch from Melchet Street,,C,2005,50,L,https://en.wikipedia.org/wiki/The_Witch_from_Melchet_Street,True
6097,4ef05c27-fa74-417f-ad2f-23e0b1b9fa02,Ginger Snaps 2: Unleashed,,C,2004,94,L,,True
6098,818eefef-1586-4186-9026-30cd5e4ad038,Ginger Snaps Back: The Beginning,,C,2004,94,L,,True
6099,3483ed23-bcfe-4969-9b5f-3c9ccd6e0d1e,Alice in Russialand,,C,1995,60,L,"https://letterboxd.com/film/alice-in-russialand
https://www.thetvdb.com/movies/alice-in-russialand
https://www.themoviedb.org/movie/396832-alice-in-russialand",True
6100,4f6a03f8-6197-456b-9a37-3a26069c293d,Princesse Dragon,,C,2021,70,A,,True
6101,837ba9aa-5cbc-48c7-a616-20f9bc355371,The Dollmaker,,C,2017,10,L,,True
6102,1f5140d1-b25a-4f0c-bf88-2b81ba501088,The Stowaway,,C,1981,23,L,,True
6103,d998c7f2-2207-4852-829f-b72e82132d69,The Magic Hat,,C,1977,23,L,,True
6104,68ce7b20-dd4f-4ca3-a041-f091bb318653,The Magnificent Major,,C,1977,23,L,,True
6105,50d0d637-6f58-4fe7-a696-a4f3063d4230,The Maltese Unicorn,,C,1978,23,L,,True
6106,8f42f918-86fc-49fe-a411-eaed33c40e1a,Big Apple Birthday,,C,1978,23,L,,True
6107,1795c066-34d4-4ebb-95ce-d6d11fda2439,Carnival Circus,,C,1978,23,L,,True
6108,630057e2-2d96-4967-855b-ce58bd210b34,Dragon Hunter,,C,2020,67,L,,True
6109,76c32f5a-d240-440d-ae6a-992f0c1eab2f,Dragon Hunter,,C,2009,90,L,,True
6110,360845ed-e450-4252-8e81-396122fbbac5,The Mad Hatter,,C,2021,90,L,,True
6111,a0f81386-32a6-4540-a2e2-361aac9a6346,Snow White,Egy-Fr,C,2021,,L,"Egyptian filmmaker Abouelhassan took co-directorial credits on the 2020 portmanteau film Chronicles Of Her, which travelled the festival circuit last year. Her first feature revolves around a little person who goes online to find a partner but hides her dwarfism from her virtual suitors. She then finds herself caught between a tall man and another little person who is devoted to her but embodies everything she hates about herself. It is lead produced by Egyptian-US producer Miral El Fakharany under the banner of her company Plotheads and Cannes and Venice habitué regular Mohamed Hefzy of Cairo-based Film Clinic banner, with Daniel Ziskind taking an associate producer credit. 
https://www.screendaily.com/features/14-middle-eastern-and-north-african-films-to-tempt-festival-directors-in-2022/5166935.article 

https://www.ciff.org.eg/cfc-projects-42/",True
6112,937dc481-0fae-4b33-a7d6-03a6f1fb530e,Gretel and Hansel: A New Musical,,C,2020,,L,,True
6113,8a3088e0-c044-435b-85b2-281b3cf8de93,Pinocchio: A True Story,,C,2021,84,A,,True
6114,027372b4-cd4c-4efe-a936-7a7f07b07643,Koshchey: Nachalo,"The Everlasting Story, Koschey: The True Story",C,2021,100,A,,True
6115,0776a108-f6e6-40f3-a7b6-016f1c7035b7,Melancholy,The Cinderella Addiction,C,2021,114,L,https://letterboxd.com/film/the-cinderella-addiction/,True
6116,212504fc-5c85-4943-a83d-1634acfdbfa5,Fairytale,Fairytale of New York,C,2021,,L,,True
6117,d2338893-4f09-4136-b194-a5e667bd71d8,Turandot,The Curse of Turandot,C,2021,111,L,,True
6118,188f9d66-f487-4bb9-a4e9-84beb519f668,Os Trapalhões e o Mágico de Oróz,"The Bunglers and the Wizard of Oróz, The Tramps and the Wizard of Oróz",C,1984,93,L,,True
6119,e0339c71-515e-4543-9e47-6b667b9f2caa,Lua de Cristal,Xuxa in Crystal Moon,C,1990,90,L,,True
6120,c6008180-9c8b-43eb-9bc7-3901d1c7d813,Alice in Wonderland,,C,2021,10,A,,True
6121,73476d5b-4594-439a-8d48-ec4b7ab78e81,16 Wishes,,C,2010,90,L,,True
6122,f01e5f29-756b-44a4-a8f0-0b2a3e332f0d,Revenge of the Stepford Wives,,C,1980,96,L,,True
6123,a1e35cd8-dd27-487d-b6f3-798332d69a66,The Stepford Husbands,,C,1996,120,L,,True
6124,233af31e-509e-4c72-9eb0-8fdcea078760,The Stepford Children,,C,1987,96,L,,True
6125,d5cffede-999b-4b27-98b7-6aab5d674dd9,The Return of the Texas Chainsaw Massacre,"Texas Chainsaw Massacre: The Next Generation, The Texas Chainsaw Massacre 4",C,1994,87,L,,True
6126,91d3af6b-ebea-48f2-ab71-5924654028e9,The Texas Chainsaw Massacre: The Beginning,Texas Chainsaw Massacre: The Origin,C,2006,91,L,,True
6127,e5b407df-9162-47bd-9e1d-e493007533a1,Yoake tsugeru Rû no uta,Lu Over the Wall,C,2017,112,A,Only included the credits for the Japanese version (IMDb also includes English version),True
6128,b10a248f-ebf6-4ac3-b213-2e5a6280733c,Ella and the Little Sorcerer,Little Sorcerer,C,2021,86,A,,True
6129,b8b8236e-b8cd-4503-ad2e-73492e15ef4b,The Monkey King: Reborn,Monkey King Reborn; Journey to the West: The Reincarnation of the Demon King,C,2021,95,A,,True
6130,c71b7414-4d50-4a99-b2a4-50ff890be070,Kojiki monogatari dai nihen: Yamatano-orochi taiji,The Legend of the Dragon,C,1956,,A,,True
6131,7465046d-dc15-48bd-91d0-1f63ddbb6477,Ded Moroz i leto,Father Frost and Summer,C,1969,20,A,,True
6132,44ba2540-9118-4b95-9e84-050b0021866d,"Pro begemota, kotoryy boyalsya privivok",The Hippo Who Was Afraid of Inoculations,C,1966,17,A,"Based on a fairy tale by Milos Macourek
https://letterboxd.com/film/about-the-hippopotamus-who-was-afraid-of-inoculations/",True
6133,55dc9bfa-0aef-4525-bcc1-2ca0a98392b2,Father Frost,,C,1996,92,L,,True
6134,1c32bcc5-b338-479c-9461-3dc60ede552e,Volk i semero kozlyat,The Wolf and the Seven Kids,C,1957,10,A,,True
6135,71cec854-0cda-417a-85c8-22bc6ebd95ff,Tayozhnaya skazka,The Tale of the Siberian Taiga,C,1951,10,A,Animated adaptation of Evenki folk tale,True
6136,a22fb8d9-80de-4b02-80a7-505ba3eefe20,Chudo-melnitsa,A Wonder Mill,C,1950,18,A,"Animated adaptation of Russian folk tale ""Zhernovki""",True
6137,a6f14c16-deb9-412d-8090-cfb4e21ba711,Promising Young Woman,,C,2020,113,L,,True
6138,07e91946-a9cd-40b9-81bd-475610cb1ef1,Vechera na khutore bliz Dikanki,Evenings on a Farm Near Dikanka,C,2001,91,L,"Origin: https://en.wikipedia.org/wiki/Evenings_on_a_Farm_Near_Dikanka 
Specifically, The Night Before Christmas / Christmas Eve",True
6139,22cc091f-e9e6-4b0a-a715-402ed2db98fe,Shuang Shi Qing She,Green Snake,C,2019,78,L,,True
6140,7a638c51-1e8b-4067-a8dc-a1b999c57d54,O Cinderelo Trapalhão,,C,1979,90,L,,True
6141,235869a0-81ad-4bca-9336-c6ec1e55a62e,Tri bogatyrya i printsessa Egipta,Three Heroes and the Princess of Egypt,C,2017,75,A,,True
6142,1adb431d-562f-436f-a834-84f1727bef00,Tri bogatyrya i Naslednitsa prestola,"Three Heroes and the Heiress to the Throne, The Three Heroes and the Kievan Heiress",C,2018,81,A,,True
6143,c62fc07b-9d3a-4673-a553-ee3d4529e4b1,Tri bogatyrya i Morskoy tsar,"Three Heroes and the King of the Sea, Three Knights and the King of the Sea",C,2017,75,A,,True
6144,da68f96f-7a54-4943-878f-011c771d8cbf,Hotarubi no mori e,"To the Forest of Firefly Lights, Into the Forest of Fireflies' Light",C,2011,45,A,"Yokai (Japanese spirit)
https://en.wikipedia.org/wiki/Hotarubi_no_Mori_e 
",True
6145,1cb40fad-0a2a-4df4-b64d-6a2d13c0d83e,Jue ji,"L.O.R.D: Legend of Ravaging Dynasties, Critical",C,2016,118,L,,True
6146,3e63a561-2d86-4e08-8c48-ffe4f79d8018,L.O.R.D: Legend of Ravaging Dynasties 2,,C,2020,,L,,True
6147,d14f7de8-e275-453e-b2d5-11eb638cf1a1,Bratz: Desert Jewelz,Bratz Desert Jewelz: Genie Magic 2,C,2012,74,A,,True
6148,3b0e5c85-cd8a-49fd-8277-a8ad7c15f3f2,Bratz: Genie Magic,,C,2006,66,A,https://bratz.fandom.com/wiki/Bratz:_Genie_Magic,True
6149,c8da89ed-f32d-4930-9a7f-3ba8a6187923,La lionne d'Androclès,,BW,1911,,U,,True
6150,605df79d-3fd6-4599-96c9-a46f8bbe405f,Androcles and the Lion,,BW,1938,60,U,,True
6151,00611758-c591-43a8-915b-7656f0986b80,Androcles and the Lion,,C,1946,80,U,,True
6152,9c51126a-0094-4ffc-90f8-7d0233c03d70,Androcles and the Lion,,BW,1952,98,L,,True
6153,5a307541-2e44-4252-b1d5-8deeab8a604e,Androcles,Androcles and the Lion,BW,1912,10,L,,True
6154,d81f5ed2-2e40-4aff-b473-eb9e45ab3165,Tadeo Jones 2: El secreto del Rey Midas,"Tad, the Lost Explorer, and the Secret of King Midas; Tad Jones: The Hero Returns",C,2017,85,A,,True
6155,019ef35f-6c6b-4386-ab9d-dc42894441ab,King Midas Gets Audited,,C,2017,6,L,"https://www.youtube.com/watch?v=iA06lPOac7I
",True
6156,7e87d5c4-b7ed-4992-a7b4-944ca909c955,The Midas Touch,Kid Midas,C,1997,83,L,,True
6157,467f927a-df28-4795-a0c3-b6c057a173e1,Poor King Midas,,BW,1923,,U,,True
6158,72b5e883-9b7d-4b93-a9f8-199be2b513bb,El rey Midas,,C,1986,44,U,,True
6159,04c51f2e-d162-498e-8dba-8d520c51a726,Vom König Midas,The Story of King Midas,C,1963,52,L,"https://www-defa--stiftung-de.translate.goog/filme/filme-suchen/vom-koenig-midas/?_x_tr_sl=de&_x_tr_tl=en&_x_tr_hl=en&_x_tr_pto=sc

https://de-m-wikipedia-org.translate.goog/wiki/Vom_K%C3%B6nig_Midas?_x_tr_sl=de&_x_tr_tl=en&_x_tr_hl=en&_x_tr_pto=sc",True
6160,33f09be2-1de3-472d-adcc-a66af5fe7c03,La légende de Midas,The Legend of King Midas,BW,1910,6,U,,True
6161,39981a8c-f86d-4761-91d6-6b63b77db2ee,The Man with the Midas Touch,,C,2011,1,U,,True
6162,05ac2547-4764-4877-b594-ee20be0e9cd3,"King Midas, Junior",Columbia Color Rhapsody No. 4504,C,1942,7,A,,True
6163,6f101482-54cd-45c3-bfae-7cbda5b02482,A Midas of the Desert,,BW,1915,,U,,True
6164,4da3d8c4-b98f-4b2c-bed2-5d5f61e4d90d,Midas Touch,,C,2012,1,M,"https://vimeo.com/sylvainnawrocki
https://www.youtube.com/watch?v=KAEt7Km-d4U",True
6165,6c685035-87ae-4f75-92f3-f5d9cf83aef6,Midas and the Ghost Story,,C,2010,28,L,http://midasthemovie.blogspot.com/,True
6166,cbe91622-8fff-4afe-9b68-afb0f18ba7ae,The Midas Vision,,C,2011,21,U,https://www.youtube.com/watch?v=ndxpSlpC1vw,True
6167,f2dcb667-4c9b-43fe-a99f-b5b23c720962,Midas Legacy,,C,2014,,L,https://www.youtube.com/watch?v=90iSkpcGApA,True
6168,8f708514-678f-46cd-94ac-86cedb4c2d50,Midas király,,BW,1919,,U,,True
6169,8e47adbd-0cc6-4b22-a4ae-0bf0bd297018,Midas,,C,2003,10,U,,True
6170,7b704043-2655-408d-b063-fdc943bb74bf,The Midas Touch,The Minus Touch,C,2020,110,L,"https://www.themidastouch.online/
https://letterboxd.com/film/the-midas-touch-2020/
https://indiehorrorfilms.blogspot.com/2021/02/review-midas-touch.html
https://www.rottentomatoes.com/m/the_midas_touch_2020
https://www.indieactivity.com/tilman-borck-german-filmmaker-on-the-nuts-and-bolts-of-the-midas-touch/
",True
6171,ee306ec3-580d-4144-be0d-d14876703f04,Midas,,C,2001,5,A,,True
6172,e433e71c-2d9b-4d81-8f9c-e8c5a6e553b5,Kûki ningyô,Air Doll,C,2009,125,L,https://www.arthousestreet.com/blog/fairy-tales,True
6173,d9adabe7-0ec9-4a49-8f4c-6de8720a5221,Wild Mountain Thyme,,C,2020,102,L,,True
6174,3beb6f3d-20ba-4074-b7c6-34a2e4242395,A Feast with King Midas,,C,2013,4,L,,True
6175,2ba55d44-7d17-4ad9-a454-b89f3efe9094,King Midas,,C,2003,83,L,,True
6176,a8db11ec-7ab5-4b69-a2f5-5abc407c4dd1,Midas,,C,2020,14,L,"https://pro.festivalscope.com/film/the-midas-touch
https://vimeo.com/380253796
",True
6177,559551b1-7ede-4f34-beff-e94869076372,The Adventurer: The Curse of the Midas Box,,C,2013,100,L,"Lots of comparisons to Harry Potter, C.S. Lewis
https://www.gptaylor.info/content/view/53/183/ 
https://en.wikipedia.org/wiki/The_Adventurer:_The_Curse_of_the_Midas_Box",True
6178,16f6fad6-fc68-43b0-89f3-616be209a4fb,Viy,Вий,C,1909,10,U,"https://en.wikipedia.org/wiki/Viy_(1909_film)
https://en.wikipedia.org/wiki/Viy_(story) 
https://letterboxd.com/film/viy-1909/

http://www.vseokino.ru/index.php/%D0%92%D0%B8%D0%B9_(%D1%84%D0%B8%D0%BB%D1%8C%D0%BC,_1909) ",True
6179,63e3e62a-3cd0-4037-95cb-0fd994f26928,Propavshaya gramota,The Lost Letter,C,1945,43,A,"https://en.wikipedia.org/wiki/The_Lost_Letter_(1945_film)
https://en.wikipedia.org/wiki/Evenings_on_a_Farm_Near_Dikanka   
https://www.animator.ru/db/?ver=eng&p=show_film&fid=2954
",True
6180,9a9d9d61-a6b9-4255-9ca0-063be81176a2,Propala hramota,The Lost Letter,C,1972,79,L,"https://en.wikipedia.org/wiki/The_Lost_Letter_(1972_film)
https://en.wikipedia.org/wiki/Evenings_on_a_Farm_Near_Dikanka  ",True
6181,5e23ea93-67a2-429c-996e-9474c27bcfc2,Gogol. Nachalo,Gogol. The Beginning,C,2017,107,L,,True
6182,1396d12e-5dfa-48ce-8f7e-92b278cdd518,Gogol. Strashnaya mest,Gogol. A Terrible Vengeance,C,2018,107,L,"Evenings on a Farm Near Dikanka, Nikolai Gogol",True
6183,9377758d-7872-42c6-91fe-096b218642ce,Gogol. Viy,,C,2018,106,L,"Evenings on a Farm Near Dikanka, Nikolai Gogol",True
6184,871b2033-113d-460c-abe9-2998f90cb53b,Le monde vivant,The Living World,C,2003,70,L,"https://www.arthousestreet.com/top-100s/fairy-tales-2 ",True
6185,f519bd68-b9c4-4276-91c6-0f36627d73af,Phantom Thread,,C,2017,130,L,"https://www.ukessays.com/essays/english-literature/phantom-threads-synthesis-the-gothic-in-elements-of-fairytimes-3160.php 

https://www.frieze.com/article/phantom-thread-hes-wolf-wolfs-clothing-she-wears-red-dress 

https://www.theguardian.com/film/2018/feb/04/phantom-thread-review-paul-thomas-anderson-daniel-day-lewis ",True
6186,7c66e47c-d9ac-46df-937b-3fce008957c4,Fantastic Beasts: The Secrets of Dumbledore,,C,2022,142,L,,True
6187,25bbddf9-608f-4d10-bd68-1f0c1c4e1983,Bremen: The Last Magic Kingdom,Бремен. Последнее волшебное королевство,C,2019,90,A,https://www.bcdb.com/cartoon/178904-Bremen-The-Last-Magic-Kingdom,True
6188,aeaefdc5-f42e-45ea-ad5a-ade262e489e6,The Witch Boy,,C,2022,,A,"Added HAIM to people, but can't add it to music credit
",True
6189,38555d04-0b1d-40ac-8258-9cfe3373d1d1,You Won't Be Alone,,C,2022,108,L,"Macedonian folklore
https://theplaylist.net/you-wont-be-alone-review-gruesome-folklore-terrence-malick-sundance-20220123/ 
https://www.bfi.org.uk/sight-and-sound/reviews/you-wont-be-alone-dark-is-a-transgressive-fairy-tale-fertility-maternity 
https://www.vanityfair.com/hollywood/2022/03/review-you-wont-be-alone-is-a-bloody-brilliant-existential-fairy-tale ",True
6190,08d63e0f-90f9-4690-9509-854a55e27621,Sneakerella,,C,2022,112,L,,True
6191,eab74fa8-a41b-402b-94cd-8ffe5135f06b,Three Thousand Years of Longing,,C,2022,108,L,"https://en.wikipedia.org/wiki/The_Djinn_in_the_Nightingale%27s_Eye ",True
6192,25b2d2cd-70cc-41c3-a773-8aec2e0f47a5,Pinocchio,,C,2022,105,L,"https://en.wikipedia.org/wiki/Pinocchio_(2022_live-action_film) ",True
6193,e2b3d1a8-7ea7-410f-9c2d-d03b03d5d934,Guillermo del Toro's Pinocchio,Pinocchio,C,2022,117,A,,True
6194,d74e33db-6eb8-43ec-b2a3-9712075a9cf1,The Little Mermaid,,C,2023,135,L,,True
6195,d1935f53-63b5-49bb-9864-4f0b25cbe610,Disenchanted,,C,2022,119,L,,True
6196,f9b9b819-19bc-4fca-9566-0f553e735a3a,La casa lobo,The Wolf House,C,2018,75,A,,True
6197,925a778c-9c81-4732-9bd1-a7961b7ed235,Puss in Boots: The Last Wish,,C,2022,102,A,,True
6198,fcfadc82-752a-4a0e-aaa1-bd5c7c648995,Chip 'n Dale: Rescue Rangers,,C,2022,97,M,"https://en.wikipedia.org/wiki/Chip_%27n_Dale:_Rescue_Rangers_(film) ",True
6199,f454e27d-8e56-432d-b24c-32ad81d7c5ed,John Wick: Chapter 4,,C,2023,169,L,,True
6200,b05ae233-369e-4a36-9ba8-e1e63ec6656d,Ryû to sobakasu no hime,Belle,C,2021,121,A,,True
6201,077272c7-36c4-48b9-9fda-b65dc107f547,La grenouille,The Frog,C,1908,3,L,,True
6202,f4d40179-cd19-49dc-86a8-db3a0922b940,Roald Dahl's Matilda the Musical,Matilda,C,2022,117,L,,True
6203,cf9d5911-13be-4984-80e2-d103f75c8f0e,Ralph Breaks the Internet,Ralph Breaks the Internet: Wreck-It Ralph 2,C,2018,112,A,,True
6204,5c14a6aa-9807-40be-9145-4b646800f24b,Vikram Vetal,,C,1986,,L,"https://en.wikipedia.org/wiki/Vetala_Panchavimshati
https://en.wikipedia.org/wiki/Vikram_Vetal",True
6205,4aa60abb-f7c0-4e04-b981-4f945acf3c8a,Jai Mahakali,Vikram Vaital,BW,1951,162,U,"https://en.wikipedia.org/wiki/Vetala_Panchavimshati ",True
6206,dc74fe93-e912-43c9-9586-e129484a5099,Vikram Vedha,,C,2017,147,L,https://en.wikipedia.org/wiki/Vetala_Panchavimshati,True
6207,0688493c-d9eb-4112-bcbb-54672c33bcf4,Vikram Vedha,,C,2022,160,L,https://en.wikipedia.org/wiki/Vetala_Panchavimshati,True
6208,0324ba6e-24ec-4000-ba4d-a1f37da881a8,Gul Sanovar,,BW,1928,,U,"https://en.wikipedia.org/wiki/What_the_Rose_did_to_the_Cypress
The tale of a princess who challenges her suitors with deadly riddles is similar to the story of Turandot. As such, it belongs in a series of folktales involving riddles",True
6209,bdc3af7b-1414-4499-9d5c-fa8c6ab1aab3,Gul Sanobar,,BW,1934,154,U,"https://en.wikipedia.org/wiki/What_the_Rose_did_to_the_Cypress 
The tale of a princess who challenges her suitors with deadly riddles is similar to the story of Turandot. As such, it belongs in a series of folktales involving riddles
",True
6210,9d193707-7f83-477e-84e4-55d6fc0d8bac,Gul Sanobar,Flower of the Lake,BW,1953,,U,"https://en.wikipedia.org/wiki/What_the_Rose_did_to_the_Cypress 
The tale of a princess who challenges her suitors with deadly riddles is similar to the story of Turandot. As such, it belongs in a series of folktales involving riddles
",True
6211,55d49372-26aa-4915-a658-e8960a6db2d5,Gul-e-Bakavali,,BW,1924,,U,https://www.cinemaazi.com/film/gul-e-bakavali-1924,True
6212,6c352a05-a1cb-4e7c-951d-020aa02a20d9,Chatra Bakavali,,BW,1926,,L,,True
6213,626d2a83-ff6f-4113-b8f6-9f76651fedc5,Bakavali,,BW,1930,,U,,True
6214,d0ea73e9-9878-4502-bede-d9db1aa23f3c,Gul-e-Bakavali,Gul Bakavali,BW,1932,,L,https://chiloka.com/movie/gul-e-bakawali-1932,True
6215,536d3d79-2e31-4f1c-a7e4-4c6f59516c27,Chatra Bakavali,,BW,1932,,L,,True
6216,7f5b5744-67be-458b-93f5-1d229e42ddc7,Gul Bakaoli,Gul Bakavali,BW,1938,,L,,True
6217,1df0a09b-03ef-4295-99e4-f9bd2009a391,Gul-E-Bakawali,Flower of Bakawali,BW,1939,,L,https://en.wikipedia.org/wiki/Gul-E-Bakawali_(film),True
6218,6713be06-abbd-42c2-9b41-a8f373965c60,Gul-e-Bakavali,,BW,1947,,L,,True
6219,6ba8f87d-88f0-4666-9b48-d0831442eb84,Gul-E-Bakavali,,BW,1955,165,L,,True
6220,c22bbe62-f55a-4744-bcf7-6ae9a4bc63c2,Gulebakavali Katha,,BW,1962,,L,,True
6221,2ab1bf93-6018-4f81-b626-7a7103b4e877,Gul-e-Bakavali,,BW,1963,,L,,True
6222,330fbbe0-1e61-4949-841e-54cdac686e24,Snow White and the Seven Fellows,"Snow White and the 7 Dwarfs, 雪姑七友",BW,1955,80,L,https://en-hkcinema-ru.translate.goog/film/4033?_x_tr_sl=auto&_x_tr_tl=en&_x_tr_hl=en-US&_x_tr_pto=wapp,True
6223,587de2b7-ffaf-4ef2-9cba-ea4e58e894fe,Grimms Märchen von lüsternen Pärchen,"The New Adventures of Snow White, Grimm's Fairy Tales for Adults",C,1969,76,L,"https://en.wikipedia.org/wiki/The_New_Adventures_of_Snow_White ",True
6224,d9877a86-0ef8-474b-af2a-5c5ea251c60d,Doraemon: Nobita no Taiyô'ô densetsu,"    Cast & crew     User reviews     Trivia  IMDbPro Doraemon: Nobita and the Legend of the Sun King",C,2000,93,A,,True
6225,d750d76e-7819-4e47-9a5a-08d41b169b71,Mister Pronka,"Mr. Pronka, Mister Pron'ka",C,1991,35,A,https://www.bcdb.com/cartoon/107010-Mister-Pronka,True
6226,c1635d5c-cdb5-4157-a54d-f09698bc4e80,Tulip,,C,2021,9,A,"https://www.tulipanimation.com/ ",True
6227,bb03d5b9-27dd-4f88-be81-ed245252cfad,Children at Play,,C,2010,26,L,"Children at Play (2010) is a short film written and directed by Lexan Rosser, starring Bryan Dechart. The film can be interpreted as a reimagining of the classic fairy tale due to its number of overt/subtle parallels and references.
https://en.wikipedia.org/wiki/Little_Red_Riding_Hood ",True
6228,b8746762-1d36-41b6-9c53-b3fedf1381c9,Malenkiy Muk,Little Mook,BW,1938,13,A,,True
6229,8050848a-915a-4e82-81db-275a3587e6d3,Priklyucheniya malenkogo Muka,,C,1983,69,L,,True
6230,3311e388-6b20-4a92-b1c4-c682428df634,A Lad in Baghdad,,C,1968,6,A,,True
6231,53a969b8-8f2a-4c83-85e7-6771829d3dd4,"O chytrém Honzovi, aneb jak se Honza stal králem",,C,1985,67,L,https://en.wikipedia.org/wiki/Honza,True
6232,7498fa25-8f50-440f-9456-50786120f83f,The Hams That Couldn't Be Cured,,C,1942,7,A,,True
6233,155f13a0-cf6e-4aa5-9f86-fc3db20760a8,Have You Got Any Castles?,,C,1938,7,A,,True
6234,5d685216-3315-411a-b75f-8cce723fc85d,Alladin and the Wonderful Lamp,,BW,1931,,U,,True
6235,9fb82f54-b220-4242-a2d8-c9f97b832d04,Aladdin Aur Jadui Chirag,Aladdin and the Wonderful Lamp,BW,1933,,U,,True
6236,7563f24f-9d9c-4c74-b5a6-d3166e9ca5e0,Aladdin Aur Jadui Chirag,Aladdin and the Wonderful Lamp,BW,1937,,L,http://muvyz.com/moviepage/es377755,True
6237,d11a6733-f715-4db1-971c-626f7154a6b2,Chirag-E-Chin,,BW,1955,138,L,https://www.filmssongs.in/movies/detail/chirag-e-chin-i-2110,True
6238,729ba82b-a873-4ac1-9a41-bcaf0f979186,Alladin Ka Beta,,BW,1955,,L,https://en.wikipedia.org/wiki/Alladin_Ka_Beta,True
6239,bb5e15d7-379f-4dae-9ff7-50e3b628840e,Alladin Leila,,BW,1957,,U,"https://www.cinemaazi.com/film/alladin-leila
http://myswar.co/album/alladin-laila-1957",True
6240,64a56047-14a2-4ca9-a97e-4a86ca17b0b1,Pepito y la lámpara maravillosa,,C,1972,85,U,"https://www-filmaffinity-com.translate.goog/es/film701371.html?_x_tr_sl=es&_x_tr_tl=en&_x_tr_hl=en&_x_tr_pto=sc ",True
6241,2fd617ed-3a24-4111-911f-9e0a6d16ad13,La tartelette,The Tartlet,C,1967,6,A,"https://letterboxd.com/film/the-tartlet/
https://www.themoviedb.org/movie/635336-la-tartelette",True
6242,95d81d7d-a6d0-46fe-ac58-e295cb8972a3,Allumette,,C,2016,,A,,True
6243,218da57e-2bc9-45d8-9da8-affc5a1dc97f,Ahiru no Ko,"The Ugly Duckling, あひるの子",BW,1932,15,A,"https://www.themoviedb.org/movie/519625
https://simkl.com/anime/663313/ahiru-no-ko
https://animation.filmarchives.jp/en/works/view/91173
https://myanimelist.net/anime/35410/Ahiru_no_Ko",True
6244,9d0fd067-83d7-4c45-8b44-47aa892545eb,Historien om en moder,,C,1977,21,A,,True
6245,65cb4808-8082-4537-97ec-87cb80e442b7,Book Revue,,C,1946,7,A,,True
6246,57c08f31-e009-4a57-95bb-b946e7dcdd72,Krasnaya Shapochka,Little Red Riding Hood,C,2022,96,L,,True
6247,814d91eb-77ae-42b0-863c-ac5ec3b07100,Stop! Look! and Laugh!,,BW,1960,78,L,,True
6248,5c0c6190-4239-4717-b6ce-ca77e2fd89d7,A Cinderella Story: Starstruck,,C,2021,100,L,,True
6249,302bef17-54c4-40b1-876c-4b801390e0a9,Ancient Fistory,,C,1953,7,A,,True
6250,3f2f1345-56f0-4c0e-b846-d36907776271,Sandalyas ni Zafira,,C,1965,,L,"https://en.wikipedia.org/wiki/Cinderella#Works_based_on_the_Cinderella_story ",True
6251,741713a9-ea17-45e9-83c4-43f28b3ca1f5,Mamele,Mateczka,BW,1938,97,U,https://en.wikipedia.org/wiki/Mamele,True
6252,14504fc2-dc1b-471e-a244-d5b6ac5cb5cf,Zolushka 4x4. Vsyo nachinayetsya s zhelaniy,"Cinderella 4x4. Everything Begins With a Wish,     Золушка 4х4. Всё начинается с желаний",C,2008,100,L,"https://www.rarefilmfinder.com/movie.php?id=16254

https://ru-m-wikipedia-org.translate.goog/wiki/%D0%97%D0%BE%D0%BB%D1%83%D1%88%D0%BA%D0%B0_4%C3%974._%D0%92%D1%81%D1%91_%D0%BD%D0%B0%D1%87%D0%B8%D0%BD%D0%B0%D0%B5%D1%82%D1%81%D1%8F_%D1%81_%D0%B6%D0%B5%D0%BB%D0%B0%D0%BD%D0%B8%D0%B9?_x_tr_sl=auto&_x_tr_tl=en&_x_tr_hl=en-US&_x_tr_pto=wapp",True
6253,b521f3a3-08be-4fad-b338-752425ef86ee,Rani Aur Lalpari,,C,1975,135,L,,True
6254,cd0f27f4-61d9-4321-bbba-4f8b8013d4c7,Bugs Bunny's 3rd Movie: 1001 Rabbit Tales,Bugs Bunny's 1001 Rabbit Tales,C,1982,74,A,,True
6255,24b852a5-924a-4406-8f5f-bdd4a376a16f,Sindbad Khalasi,Sinbad the Sailor,BW,1930,,U,,True
6256,52e02609-b1ad-4307-a789-97098c9eb106,Sinbad Jahazi,Sinbad the Sailor,BW,1952,,U,,True
6257,8770b98d-24a3-43cc-8669-9e052e890a77,Daughter of Sindbad,Sindbad ki Beti,C,1958,,L,"https://en.wikipedia.org/wiki/Daughter_of_Sindbad
",True
6258,9f25288d-9051-4eb8-ae4c-2490f6118229,Sehzade Sinbad kaf daginda,Prince Sinbad on Mount Kaf,C,1971,64,L,,True
6259,c643b1a8-fc33-422c-a192-73dc15d2ebc0,Mak Dau: Bo lo yau wong ji,"McDull, Prince de la Bun",C,2004,73,A,,True
6260,60c6346a-b110-46fb-b42b-cdc0f739c027,Luo Xiao Hei zhan ji,"The Legend of Hei, The Legend of Luo Xiaohei",C,2019,101,A,,True
6261,b7bd1773-5cc2-4c7d-a14a-c2aaf5e76eef,San sheng san shi shi li tao hua,Once Upon A Time,C,2017,109,L,,True
6262,e246fa26-4b27-4d5c-87c3-d75446db76b7,Feng shen chuan qi,League of Gods,C,2016,109,L,https://en.wikipedia.org/wiki/League_of_Gods,True
6263,3588cfa1-a017-41f6-94b8-386c2a1fc8c4,Shang-Chi and the Legend of the Ten Rings,,C,2021,132,L,"https://www.latimes.com/entertainment-arts/movies/story/2021-11-12/shang-chi-marvel-creatures-morris-hundun-qilin-huli-jing-lions

https://en.wikipedia.org/wiki/Shang-Chi_and_the_Legend_of_the_Ten_Rings",True
6264,9bcf5fc2-8fea-44c9-83de-c1d508bf3ff9,Chi hu shu sheng,Soul Snatcher,C,2020,125,L,,True
6265,399246a3-e895-4ef1-88a6-9dab33238ed8,Jiang Ziya,Legend of Deification,C,2020,110,L,,True
6266,9147da35-bda3-4858-b870-6694e543b799,Kongjwi Patjwi,Kongjwi and Patjwi,C,1967,71,U,,True
6267,f9a9e29e-772f-47c6-ba71-a50c8bda28b9,Kongjwi Patjwi,Kongjwi and Patjwi,BW,1958,,U,,True
6268,38600b3c-b134-46ab-bd92-ad82b3be4661,The 3 Billy Piñatas,,C,2015,2,A,https://www.youtube.com/watch?v=Cx9Pc2NftlA,True
6269,28e5130a-d15b-4b25-9b6d-6b744dfa4697,Absentia,,C,2011,87,L,https://en.wikipedia.org/wiki/Absentia_(film),True
6270,ae51e20b-0ebf-44d7-bf27-6e7409750136,Ajooba,Prodigy,C,1991,178,L,https://en.wikipedia.org/wiki/Ajooba,True
6271,c97facf7-6412-4070-aaa3-00d77845286b,Baghdad Ka Chor,,BW,1946,,U,https://en.wikipedia.org/wiki/Prince_Saiful_Malook_and_Badri_Jamala,True
6272,9be2c5d9-c2ca-456e-896a-37da84a5b7f9,Zolotoy poloz,"The Golden Snake, Золотой полоз",C,2007,85,L,"https://en.wikipedia.org/wiki/The_Golden_Snake

https://en.wikipedia.org/wiki/The_Great_Snake",True
6273,f0184be7-38a3-4795-a941-a47346e48e79,Muumit Rivieralla,Moomins on the Riviera,C,2014,80,A,,True
6274,3fbaa75d-e81e-49bf-a304-d8fd418725d7,Muumien taikatalvi,Moomins and the Winter Wonderland,C,2017,82,A,,True
6275,7570edc5-e648-49c6-85e9-f9151429d430,Wreck-It Ralph,High Score,C,2012,101,A,https://kidsridingbicycles.wordpress.com/2016/09/07/wreck-it-ralph-and-the-digital-fairy-tale/,True
6276,d895e2c0-1ea2-478c-80a2-83c1925e6472,The School for Good and Evil,,C,2022,147,L,,True
6277,4002e90c-6692-46aa-9bbc-ece83367017e,Bidasari,,BW,1965,107,L,https://en.wikipedia.org/wiki/Bidasari_(film),True
6278,a96123ea-0365-4fdb-8144-fccb36fb3e24,The Karate Kid,Kung Fu Kid,C,2010,140,L,"The story, as well as the puppetry shown, was told by Meiying to Dre Parker during the Qi Xi Festival in the film The Karate Kid. ",True
6279,92192133-84eb-498a-a854-200ecbeba2cc,Storybook,Storybook: The Enchanted Attic,C,1994,88,L,,True
6280,09c5f753-6358-471b-b412-5e903abee760,Magic in the Mirror,Hidden World,C,1996,85,L,,True
6281,27ea6a44-b4bd-42fa-a64f-d3ffef1f1cfe,Magic in the Mirror: Fowl Play,Hidden World 2,C,1997,89,L,,True
6282,3e8e098b-53db-47b6-9364-3ebf3b2d1828,Magic Island,La isla mágica,C,1995,88,L,,True
6283,81bf5e1c-cbc4-4e32-872f-06a01191b01a,The Royal Treatment,,C,2022,96,L,,True
6284,f738e3d3-9119-460a-a190-1210875125b0,Yôkai Watch: Tanjô no himitsuda nyan,"Yo-kai Watch Movie: It's the Secret of Birth, Meow!",C,2014,97,A,"Yokai
https://en.wikipedia.org/wiki/Yo-kai_Watch ",True
6285,4d342a03-f217-47a7-acba-f6c9e2646924,Eiga Youkai wocchi: Enma daiou to 5-tsu no monogataridanyan!,Yo-kai Watch 2: Five Tales From Beyond... Meow!,C,2015,94,A,"Yokai
https://en.wikipedia.org/wiki/Yo-kai_Watch ",True
6286,d1116ec3-9250-4f38-b9d3-f9c287bbf2c6,Yôkai Watch: Sora Tobu Kujira to Double no Sekai no Daibôken da Nyan!,"Yôkai Watch: the Movie: The Flying Whale and the Grand Adventure of the Double Worlds, Meow!",C,2016,99,A,"Yokai
https://en.wikipedia.org/wiki/Yo-kai_Watch",True
6287,6de59973-e500-41be-bf87-5fa1ddadccdd,Yo-Kai Watch Shadowside Oni-o no Fukkatsu,Yo-Kai Watch 4,C,2017,94,A,"Yokai
https://en.wikipedia.org/wiki/Yo-kai_Watch_Shadowside:_Oni-%C5%8D_no_Fukkatsu

https://en.wikipedia.org/wiki/Yo-kai_Watch

https://www.animenewsnetwork.com/encyclopedia/anime.php?id=20121",True
6288,047b1102-40da-4e90-b912-bd6b597029c0,Yo-kai Watch: Forever Friends,,C,2018,100,A,"Yokai
https://en.wikipedia.org/wiki/Yo-kai_Watch

https://en.wikipedia.org/wiki/Yo-kai_Watch:_Forever_Friends",True
6289,a799e1a1-8c55-43d9-a0af-0564e8277dae,Yo-kai Watch the Movie 6,,C,2019,100,A,"Yokai
https://en.wikipedia.org/wiki/Yo-kai_Watch",True
6290,93c5ad10-d9d0-4af2-93e3-6b4f952b6341,Shin angyo onshi,Blade of the Phantom Master,C,2004,87,A,"Follows the Korean-folktale-inspired adventures of Munsu 
https://en.wikipedia.org/wiki/Korean_mythology ",True
6291,5071fa7d-a2da-4d8e-8a5a-b276d0758b8f,Arun Barun O Kiranmala,,BW,1979,114,L,"https://en.wikipedia.org/wiki/Arun_Barun_O_Kiranmala
https://simkl.com/movies/1896431/arun-barun-o-kiranmala

https://en.wikipedia.org/wiki/Kiranmala_(Bengali_folktale) 
https://en.wikipedia.org/wiki/Thakurmar_Jhuli",True
6292,8948f5ff-7965-4faa-ac0d-298656e1f1fa,Buddhu Bhutum,,C,2017,,L,https://en.wikipedia.org/wiki/Thakurmar_Jhuli,True
6293,58f8bfc4-af58-49c2-8aa0-c3edc7f0301a,Chupa,,C,2023,95,L,"https://en.wikipedia.org/wiki/Chupacabra
",True
6294,513fecf4-ef41-4e37-bf64-51431b84365a,Haladhar,The Woman,C,1991,,L,"https://letterboxd.com/film/haladhar/
https://en.wikipedia.org/wiki/Burhi_Aair_Sadhu ",True
6295,c5d2bd15-de74-4b52-8bea-d3e88ae97c00,Tula aru Teja,,C,2012,,L,"https://www.youtube.com/watch?v=DIABca4vIgU
https://www.filmiclub.com/movie/tula-aru-teja-2012-assemese-movie
https://web.archive.org/web/20131213125900/http://www.sentinelassam.com/saturday/saturday2.php?sec=17&subsec=0&ppr=3&dtP=2013-01-13

https://en.wikipedia.org/wiki/Burhi_Aair_Sadhu ",True
6296,fa77550a-ff1a-4927-a901-c8672910708e,Kothanodi,The River of Fables,C,2015,120,L,https://en.wikipedia.org/wiki/Kothanodi,True
6297,72b4e687-67f5-4ed9-a68c-90ce13c7f8ce,Volshebnaya ptitsa,Magic Bird,C,1953,19,A,,True
6298,9c30ce1a-830e-4784-92c6-1467baefef0d,The Lord of the Rings: The War of the Rohirrim,,C,2024,130,A,https://en.wikipedia.org/wiki/The_Lord_of_the_Rings:_The_War_of_the_Rohirrim,True
6299,e214425b-d4e8-43dd-aa4a-3188d64ea7e2,Wish,,C,2023,92,A,,True
6300,84a6aad7-bb8d-41d3-9b79-31bcc08c351c,Cinderella,Cinderella 2021,C,2021,122,A,,True
6301,a40bd691-c2ac-4a91-89f7-07a442d5343f,Sleeping Beauty,,C,2021,,L,,True
6302,758b5e6a-07a1-4822-9f7d-5db7a0b5105f,The Winter Witch,,C,2022,82,L,,True
6303,1ecda3d3-6ada-4f29-a515-b495f87d0bc8,Pinocchio Doesn't Want to Be Real,,C,2014,6,U,https://www-kinofilms-ua.translate.goog/ru/movie/175387/?_x_tr_sl=ru&_x_tr_tl=en&_x_tr_hl=en&_x_tr_pto=sc,True
6304,8340ac62-9553-4f7f-bc17-19fa23345368,Pinocchio,The Adventures of Pinocchio; Pinocchio and the Water of Life,C,2022,85,A,"https://letterboxd.com/film/pinocchio-and-the-water-of-life/
https://www.filmaffinity.com/es/film119305.html
https://twitter.com/i/status/1490002057163644931
https://www.marchedufilm.com/projects/pinocchio-and-the-water-of-life/",True
6305,7a06be67-55e8-4ef4-b37e-db4a438052cc,The True Story of Pinocchio,,C,2019,90,L,"

https://horrornews.net/110347/horror-true-story-pinocchio/
https://newsbulletin247.com/entertainment/198354.html

https://www-sinemalar-com.translate.goog/film/249182/the-true-story-of-pinocchio?_x_tr_sl=tr&_x_tr_tl=en&_x_tr_hl=en&_x_tr_pto=sc",True
6306,1a94d991-b21c-4d7b-9cc7-23932ab6563d,Da nao donghai,"The Legend of Nezha, 大闹东海",C,2022,110,L,"https://www.filmaffinity.com/es/film787196.html
https://letterboxd.com/film/the-legend-of-nezha-1/",True
6307,fbde2b63-af95-47c1-823b-6834ad48fd69,Peter Pan & Wendy,,C,2023,106,L,,True
6308,2ae3ac7f-012f-49fc-b576-bc81371c0515,R.L. Allman's Peter Pan,,C,2017,23,L,"IMDb says TV movie, but it's available to rent on Amazon Prime? 
https://www.amazon.com/R-L-Allmans-Peter-Pan-Wynton/dp/B087BLR5MX",True
6309,c7cd66f3-7739-4bcb-ba3d-e1fe9c6a53b8,Shchelkunchik i volshebnaya fleyta,The Nutcracker and the Magic Flute,C,2022,90,A,,True
6310,95f73719-7c10-465d-8672-07673e58ee69,Ivan Tsarevich i Seryy Volk 5,,C,2022,78,A,,True
6311,e7ccf600-db7c-4a46-941f-f4624e2ec853,Yaga i kniga zaklinaniy,,C,2023,101,A,,True
6312,280dd55c-283c-4f8f-b9fb-21c2173fbacf,The Monkey King,,C,2023,92,A,,True
6313,61d2abd2-4e80-4ae9-bc7f-98106c6a0c06,Inuyasha - Toki wo koeru omoi,"Inuyasha the Movie: Affections Touching Across Time ",C,2001,100,A,"Yokai, other Japanese mythical creatures/tales",True
6314,2bc66f56-e85d-4850-b035-51267736a040,Inuyasha - Kagami no naka no mugenjou,InuYasha the Movie 2: The Castle Beyond the Looking Glass,C,2002,99,A,Yokai,True
6315,a9def227-95b5-4c66-a4e8-267379821d89,Inuyasha - Tenka hadou no ken,InuYasha the Movie 3: Swords of an Honorable Ruler,C,2003,99,A,Yokai,True
6316,1aabb8b6-84fa-4c60-8328-fa13a01df66f,Inuyasha the Movie: Vol. 4 - Fire on the Mystic Island,Inuyasha the Movie 4: Fire on the Mystic Island,C,2004,89,A,Yokai,True
6317,a06b0508-29cd-4447-a597-94995ec9edb8,Char Darvesh,Merchant of Arabia,BW,1933,,U,"Origin: The Tale of Four Dervishes, similar to Thousand and One Nights
https://en.wikipedia.org/wiki/The_Tale_of_the_Four_Dervishes",True
6318,8487f73d-6369-4514-8cbc-9578e4d2c118,Char Dervesh,,C,1964,155,L,"Origin: The Tale of Four Dervishes, similar to Thousand and One Nights
https://en.wikipedia.org/wiki/The_Tale_of_the_Four_Dervishes

https://en.wikipedia.org/wiki/Char_Dervesh",True
6319,ee855647-c469-4126-83c4-09266abe02c1,Peterchens Mondfahrt,Peter in Magicland,C,1990,80,A,https://en.wikipedia.org/wiki/Little_Peter%27s_Journey_to_the_Moon,True
6320,862a9b35-33ef-4d53-ac38-e18210e5be52,Moonbound,,C,2021,85,A,https://en.wikipedia.org/wiki/Little_Peter%27s_Journey_to_the_Moon,True
6321,81fd5003-3ac7-40bb-955d-cdacb257fba8,Peterchen's Mondfahrt,,BW,1959,103,L,https://en.wikipedia.org/wiki/Little_Peter%27s_Journey_to_the_Moon,True
6322,11563047-8079-43af-99c7-e02a47af7056,Save Mother From Mountain,小英雄劈山救母,C,1928,,U,"https://en.wikipedia.org/wiki/The_Magic_Lotus_Lantern

https://list-youku-com.translate.goog/show/id_z8e49f360bcad11e0bf93.html?_x_tr_sl=zh-CN&_x_tr_tl=en&_x_tr_hl=en&_x_tr_pto=sc",True
6323,c43b4159-00e3-4761-8def-5bba0da658a7,"Breaking Open the Mountain to Rescue Mother ",劈山救母,C,1950,,L,"https://en.hkcinema.ru/film/3205
https://en.wikipedia.org/wiki/The_Magic_Lotus_Lantern",True
6324,0f358ebb-1066-4ab3-a49d-8cc43197f847,The Magic Lotus Lantern,"寶蓮燈, Bǎo lián dēng",BW,1959,80,U,"https://www.themoviedb.org/movie/786292-bao-lian-deng
https://en.wikipedia.org/wiki/The_Magic_Lotus_Lantern",True
6325,ad363909-5796-4244-af4e-c8c01f958a6f,Xi yue qi tong,Saving Mother,C,1984,55,A,,True
6326,ed382eca-8904-41fe-a89a-56755d23c4ec,Yu zhou tan suo bian ji bu,"Journey to the West, 宇宙探索編輯部",C,2021,118,L,,True
6327,4854bcce-33f4-42ab-a38e-b2c0eb241c51,Sampo iz Laplandii,Sampo from Lapland,C,1985,10,A,https://en.wikipedia.org/wiki/Sampo_Lappelill,True
6328,b99a4188-688f-4977-8f96-41e3769d7188,The Myth of the Sampo - An Infinite Source of Fortune and Greed,,C,2019,5,A,"https://www.youtube.com/watch?v=71fLFOjruFc
https://en.wikipedia.org/wiki/Sampo_Lappelill",True
6329,06ee5619-4c22-4764-8b0d-1d1219721d25,Bawang Putih Bawang Merah,,BW,1959,100,L,"https://ms-m-wikipedia-org.translate.goog/wiki/Bawang_Putih_Bawang_Merah_(filem)?_x_tr_sl=auto&_x_tr_tl=en&_x_tr_hl=en-US&_x_tr_pto=wapp

https://ceritarakyatmalaysia-blogspot-com.translate.goog/2008/07/bawang-putih-bawang-merah.html?_x_tr_sch=http&_x_tr_sl=auto&_x_tr_tl=en&_x_tr_hl=en-US&_x_tr_pto=wapp",True
6330,b0654c2e-68f5-49fb-9d12-b42ef07af5f3,Putih,,C,2001,90,A,,True
6331,39d673fb-97b4-4674-a4f6-07d862c8edcd,Bawang Merah Bawang Putih,Shallots & Garlic,C,2022,17,L,"https://stellasplace.eventive.org/films/6245bb74b6a6c700457e5b49
https://www.ubudfoodfestival.com/speaker/andrea-nirmala-widjajanto/
",True
6332,49b76920-60ca-4285-9c05-31196c30c45e,Solomennyy bychok,The Little Straw Bull,C,1954,10,A,https://en.wikipedia.org/wiki/Straw_Bull,True
6333,349dc9fb-c645-4af7-94c2-33dab91e13ab,Nikita Kozhemyaka,"Никита Кожемяка, Mykyta the Tanner, Mykyta Kozhumyaka, Микита Кожум'яка",C,1965,18,A,"Origin: Nikita the Tanner
https://en.wikipedia.org/wiki/Nikita_the_Tanner  

https://www.themoviedb.org/movie/886249
https://trakt.tv/movies/mykyta-the-tanner-1965",True
6334,bfed6296-1ea3-40f7-a028-1136f5fa1368,Shake Rattle & Roll III,Shake Rattle and Roll 3,C,1991,114,L,"Undin/undine: https://en.wikipedia.org/wiki/Undine
",True
6335,60c1ed24-9136-4139-806e-6669074b5d73,"Shake, Rattle & Roll 2","    Shake, Rattle & Roll II",C,1990,120,L,Aswang: https://en.wikipedia.org/wiki/Aswang,True
6336,0ddc6702-6ff1-4551-8117-2b3535d32850,Shake Rattle & Roll 2k5,"Shake, Rattle & Roll VII",C,2005,110,L,,True
6337,ec7773fc-d466-4c2c-bde7-e2d773fa753c,Shake Rattle and Roll 8,,C,2006,134,L,"Aswang: https://en.wikipedia.org/wiki/Aswang ",True
6338,d703b690-a30a-43ae-9afa-df611d39b738,"Shake, Rattle & Roll 9",,C,2007,130,L,Batibat: https://en.wikipedia.org/wiki/Batibat,True
6339,17f37e43-36cf-4a94-adab-8390f76f630f,Shake Rattle & Roll X,,C,2008,140,L,Aswang: https://en.wikipedia.org/wiki/Aswang,True
6340,e456a4c5-810a-4b30-b2aa-d62f84d85e6b,Shake Rattle and Roll 12,,C,2010,125,L,Aswang: https://en.wikipedia.org/wiki/Aswang,True
6341,02ee584d-8951-49e4-8031-d239a9380744,Shake Rattle and Roll Fourteen: The Invasion,The Invasion: Shake Rattle and Roll Fourteen,C,2012,122,L,"Malakat: https://www.aswangproject.com/creatures-mythical-beings-philippine-folklore-mythology/#M 
",True
6342,7a343aba-45c0-4502-b836-c40c14e43fbe,Sa piling ng aswang,Aswang,C,1999,111,L,Aswang: https://en.wikipedia.org/wiki/Aswang,True
6343,812114b5-6b5c-4b81-84bd-d78e0b6eec0c,Aswang,,C,1992,125,L,Aswang: https://en.wikipedia.org/wiki/Aswang,True
6344,21ad2179-f844-4e3d-b939-f1770b0bc04a,Maria Labo,,C,2015,97,L,"Aswang: https://en.wikipedia.org/wiki/Aswang

https://en.wikipedia.org/wiki/Maria_Labo",True
6345,39185e32-28bc-40d9-a6fb-52d130d4963e,Corazon: Ang unang aswang,Corazon: The First Aswang,C,2012,101,L,Aswang: https://en.wikipedia.org/wiki/Aswang,True
6346,023d4c02-7150-414f-9ac3-b6126bcc00d1,Vampariah,,C,2016,90,L,Aswang: https://en.wikipedia.org/wiki/Aswang,True
6347,df214c3d-7167-4242-908d-0ba56e9f5714,Pahanhautoja,Hatching,C,2022,91,L,"https://en.wikipedia.org/wiki/Hatching_(film)
https://vanyaland.com/2022/01/24/sundance-2022-hatching-breaks-out-of-the-fairy-tale-shell/
Contributed by Cristina Bacchilega",True
6348,7f95f4cd-abf4-4636-ac49-8c0fbe91fcc6,Kapriznaya printsessa,"A Wilful Princess, The Capricious Princess, Примхлива принцеса",C,1969,19,A,,True
6349,7d1292e7-ca5d-4a1e-84be-5b0081caf064,Rockstar,,C,2011,159,L,"""Hawa Hawa"", a Hindi song from the 2011 Indian film Rockstar, is based on the Czech version of the fairy tale
https://en.wikipedia.org/wiki/The_Twelve_Dancing_Princesses#Adaptations",True
6350,2fc74140-91e4-4f63-9c56-82da7f9e3b9d,Don't Worry Darling,,C,2022,123,L,"https://elhype.com/en/dont-worry-darling-feminism-in-the-metaverse/ ",True
6351,a95bc306-94e1-43cc-8fd1-db5738229448,Paradise Hills,,C,2019,95,L,"https://tilt.goombastomp.com/film/paradise-hills-review/ 
https://www.indiewire.com/criticism/movies/paradise-hills-review-feminist-fairy-tale-emma-roberts-1202184292/ 
",True
6352,f758b3f1-149c-4df3-8bfe-3e8754a49d5e,Turning Red,,C,2022,100,A,"Chinese mythology: https://www.fetechinoise.ca/blog/2022/turning-red-pixar-disney ",True
6353,109dbac8-490e-45d3-ba7f-e493470f0d54,Onward,,C,2020,102,A,"No specific fairy tale, but more general – trolls, ogres, magic, curses, wizards, etc. ",True
6354,715938f7-57f8-4827-b2bb-9b7cfa3ab2fc,The Stag Without a Heart,,BW,2011,,L,"http://www.stuartcroft.com/thestagwithoutaheart/
https://en.wikipedia.org/wiki/The_Deer_without_a_Heart ",True
6355,9a81070f-b840-4478-ba1a-e09a03de9284,La tortue rouge,The Red Turtle,C,2016,80,A,"https://en.wikipedia.org/wiki/The_Red_Turtle ",True
6356,176ceb08-f725-4335-af43-f8a906876891,Who Framed Roger Rabbit,,C,1988,104,M,,True
6357,09e8baaa-8e1f-4715-8706-cb2bdfadacd6,Ga goh yau chin yan,Marry a Rich Man,C,2002,92,L,,True
6358,e01f4a20-8f5f-4b88-b001-538e8284088e,Daffy Duck's Movie: Fantastic Island,Daffy Duck's Fantastic Island,C,1983,78,A,"https://en.wikipedia.org/wiki/Daffy_Duck%27s_Fantastic_Island ",True
6359,8e66e32f-be7f-4c88-96a0-5dd9578c728a,Hänsel und Gretel,,C,2006,76,L,,True
6360,f67b4981-aebb-43c9-8d3f-0f249ea0bb07,In My Mother's Skin,,C,2023,97,L,,True
6361,b4f3e800-ef3d-43bb-bb36-2a820e54fa5b,Censor,,C,2021,84,L,"Submitted from The International Fairy-Tale Filmography application on Friday, July 1, 2022

 Title: Censor

 Other Title: 

 Release Year: 2021

 Director: Prano Bailey-Bond

 Country(s): UK

 Company(s): Silver Salt Films, BFI Film Fund, Film4, Ffilm, Cymru Wales

 Colour: colour

 Mode: Live

 Duration: 84

 Origin(s): Snow White and Rose Red

 Language(s): English

 Cinematographer(s): Annika Summerson

 Screenwriter(s): Prano Bailey-Bond,  Anthony Fletcher

 Music: Emilie Levienaise-Farrouch

 Producer(s): Helen Jones

 Cast: Niamh Algar, Nicholas Burns, Vincent Franklin, Sophia La Porta, Adrian Schiller, Michael Smiley

Comments: In the climax of the film the main character's delusion transforms the film set she has come to in search of her sister into a horrific play on ""Snow White and Rose Red"". The film is not an adaptation of ATU 426, but the visual imagery at the climax makes clear - if bloody - intertextual links to the tale.
",True
6362,23b9529f-9062-49b1-8821-b70299fd8cf6,Lucania,,C,2019,85,L,,True
6363,dd42061c-4005-4eb6-9c5d-67cf2f3bd4c5,Capra cu trei iezi,The Goat and Her Three Kids,C,2022,83,L,,True
6367,491cef3d-f3ce-49c8-85da-2a3eb6adff26,Wild at Heart,David Lynch's Wild at Hearth,C,1990,125,L,https://en.wikipedia.org/wiki/Wild_at_Heart_(film),True
6368,bc1d1c5c-0b25-47fa-8c60-f74dca1e77df,The Fairylogue and Radio-Plays,,BW,1908,120,L,https://en.wikipedia.org/wiki/The_Fairylogue_and_Radio-Plays,True
6369,700373f4-581f-4405-bcfc-4ad48d93fc47,Sinyushkin kolodets,Sinyushkin's Well,C,1973,17,A,"https://en.wikipedia.org/wiki/Sinyushka%27s_Well#

",True
6370,16da6bc0-6dc9-413c-b519-5ee6db2b9565,Skazka o pope i ego rabotnike Balde,The Tale About Priest and His Worker Balda,BW,1940,22,A,https://en.wikipedia.org/wiki/The_Tale_of_the_Priest_and_of_His_Workman_Balda,True
6371,abb60aba-d3a8-45b5-84ae-56dce67c43b2,Skazka o pope i o rabotnike ego Balde,"The Tale About the Priest and His Worker Balda,     The Tale of the Pope and His Workman Balda",C,1956,25,A,https://en.wikipedia.org/wiki/The_Tale_of_the_Priest_and_of_His_Workman_Balda,True
6372,71bd7827-9e51-4fd8-aa3d-3daf536c5972,Skazka o pope i o rabotnike ego Balde,The Tale of the Priest and of His Workman Balda,C,1973,20,A,https://en.wikipedia.org/wiki/The_Tale_of_the_Priest_and_of_His_Workman_Balda,True
6373,f5f6b5f0-98ad-4a51-aff7-e2f0f67ab927,A Box of Bandits,The Box of Robbers,BW,1915,,U,"Part of a series: https://en.wikipedia.org/wiki/Violet%27s_Dreams

A Box of Bandits (based on ""The Box of Robbers"" from American Fairy Tales): https://en.wikipedia.org/wiki/American_Fairy_Tales ",True
6374,90676a10-c9dd-46a8-816b-d0ab61a2f5d7,The Magic Bon Bons,Violet's Dreams: The Magic Bon Bons,BW,1915,,U,"From a series: https://en.wikipedia.org/wiki/Violet%27s_Dreams

The Magic Bon Bons (based on ""The Magic Bon-Bons"" from American Fairy Tales):
https://en.wikipedia.org/wiki/American_Fairy_Tales",True
6375,c4be5c17-c0f9-4f04-8697-f1a11b48c1e4,Wonderwell,,C,2023,96,L,https://en.wikipedia.org/wiki/Frau_Holle#Film_adaptations,True
6376,57a80c0b-d202-42f1-8085-1f6f00dfdfbf,Rübezahls Schatz,,C,2017,90,L,"Rübezahl, a folkloric mountain spirit (woodwose) of the Giant Mountains (Krkonoše, Riesengebirge, Karkonosze), and the subject of many legends and fairy tales in German, Polish, and Czech folklore. 
https://en.wikipedia.org/wiki/R%C3%BCbezahl#In_film",True
6377,16b94204-2557-41f2-9384-9eefb04f6a8a,Bhoot Police,,C,2021,129,L,https://en.wikipedia.org/wiki/Kichkandi#,True
6378,d463191e-4244-4936-b4ba-4df1e80e8f8e,Darby O'Gill and the Little People,The Little People,C,1959,93,A,"https://en.wikipedia.org/wiki/Darby_O%27Gill_and_the_Little_People
https://en.wikipedia.org/wiki/Leprechaun",True
6379,3323af12-2344-4b48-a9bb-d01616c5dddd,Na zlatom kryltse sideli,"Sitting on the Golden Porch, На златом крыльце сидели",C,1986,72,L,"https://en.wikipedia.org/wiki/Koschei
",True
6380,0c451317-030d-45b9-8f94-bf1132888cc9,Posledniy bogatyr. Koren' Zla,The Last Warrior: Root of Evil,C,2021,121,L,"https://en.wikipedia.org/wiki/Koschei#Film_2
https://en.wikipedia.org/wiki/The_Last_Warrior:_Root_of_Evil",True
6381,1912215a-fe44-4767-9f31-15a6d18b7472,Posledniy bogatyr: Poslannik tmy,"The Last Warrior: A Messenger of Darkness, Posledniy bogatyr 3",C,2021,108,L,"https://en.wikipedia.org/wiki/The_Last_Warrior:_A_Messenger_of_Darkness
https://en.wikipedia.org/wiki/Koschei#Film_2",True
6382,917ce67a-e2ca-44a4-98ee-dc94320f2522,Lilovyy shar,"Lilac Ball,     Лиловый шар",C,1988,77,L,https://en.wikipedia.org/wiki/Lilac_Ball,True
6383,b7856fcb-00ac-4060-9cb9-7e75a511fec0,"Posle dozhdichka, v chetverg","After the Rain, on Thursday, После дождичка в четверг",C,1986,78,L,"https://en.wikipedia.org/wiki/After_the_Rain,_on_Thursday",True
6384,77072ff1-394c-462a-9b91-604bbe2bb732,"Tam, na nevedomykh dorozhkakh...",Along Unknown Paths,C,1983,69,L,"https://en.wikipedia.org/wiki/Along_Unknown_Paths
https://en.wikipedia.org/wiki/Koschei#Film_2",True
6385,91f935af-1e4a-4f25-ae11-c8512dfb37c8,"Si Boneka Kayu, Pinokio",,C,1979,93,L,,True
6386,b5d9d27b-3ec1-42cd-aeec-8ec96c6f148f,The Amazing Maurice,,C,2022,93,A,"https://en.wikipedia.org/wiki/The_Amazing_Maurice
https://en.wikipedia.org/wiki/The_Amazing_Maurice_and_His_Educated_Rodents
",True
6387,6eda5119-e9b3-49b7-a394-f2baa43f3bec,Fanga,Belle,C,2023,93,L,,True
6388,aa20976d-0b07-42db-a71b-48de93de1115,Síðasti bærinn í dalnum,The Last Farm in the Valley,C,1950,85,L,https://trakt.tv/movies/the-last-farm-in-the-valley-1950,True
6389,a0b0d123-babc-4c29-97b9-58eccd814e7a,The Hopeful Donkey,Terrytoons,C,1943,7,A,,True
6390,e10426e1-2ad4-47ff-8d4b-0b0e45f199b4,"La fée aux choux, ou la naissance des enfants",The Cabbage-Patch Fairy,BW,1900,1,L,"https://www.youtube.com/watch?v=xJWzNG9YYW8

https://fr-m-wikipedia-org.translate.goog/wiki/La_F%C3%A9e_aux_choux?_x_tr_sl=fr&_x_tr_tl=en&_x_tr_hl=en&_x_tr_pto=sc",True
6391,f7fd4e95-1bad-4c99-94ac-cb3923c1642d,Qi xian nu,"A Maid from Heaven, Seven Immortal Women",C,1963,107,L,"https://en.wikipedia.org/wiki/Tian_Xian_Pei#Films 
https://hkmdb.com/db/movies/view.mhtml?id=4023&display_set=eng
https://www.themoviedb.org/movie/253573-qi-nian-nu
https://letterboxd.com/film/a-maid-from-heaven/",True
6392,802d5863-61bd-4118-9b06-6ffda658e8cd,Miranda,,BW,1948,80,L,"Mermaid of Zennor: https://en.wikipedia.org/wiki/Mermaid_of_Zennor#Adaptations
",True
6393,fb3065cb-2895-4b40-a6f3-11004d5a9749,Mad About Men,,C,1954,90,L,https://en.wikipedia.org/wiki/Mermaid_of_Zennor#Adaptations,True
6394,8e7195d6-8fa4-4e9d-b482-001f2fd7995b,Ang ibong Adarna,,C,1955,,L,https://en.wikipedia.org/wiki/Ibong_Adarna,True
6395,6545a474-412a-4488-af7d-3f7ed187093c,Rusalka: Ozero myortvykh,Mermaid: The Lake of the Dead; The Mermaid: Lake of the Dead,C,2018,87,L,"2018 – The Mermaid: Lake of the Dead, a horror film about a rusalka who falls in love with a man and places a curse on him.
https://en.wikipedia.org/wiki/Rusalka#List_of_notable_works_featuring_rusalki ",True
6396,ab0b7d31-75e9-4f47-a51f-b5b11f9b20df,Münchhausen in Afrika,Munchhausen in Africa,C,1958,88,L,https://en.wikipedia.org/wiki/Munchhausen_in_Africa,True
6397,443e811d-e2b0-49fd-97fe-7b9ca944a375,Sabu and the Magic Ring,,C,1957,61,L,https://en.wikipedia.org/wiki/Sabu_and_the_Magic_Ring,True
6398,43f755c3-7017-46d5-aa49-ceaef3b81d28,Poslednyaya noch Shakherezady,"The Last Night of Scheherazade, Последняя ночь Шахерезады",C,1988,88,L,https://en.wikipedia.org/wiki/The_Last_Night_of_Scheherazade,True
6399,3c8a0d55-3f1d-4291-aa2c-f37275f57e27,Koltsa Almanzora,Almanzor's Rings,C,1972,61,L,"https://letterboxd.com/film/almanzors-rings/
https://en.wikipedia.org/wiki/Almanzor%27s_Rings
",True
6400,f5c5ad40-83a1-4baa-b044-3395d718ac1e,La maschera del demonio,"Black Sunday, Fright",BW,1960,87,L,"Loosely based on Nikolai Gogol's short story, Viy ",True
6401,6d5a8ecd-b58c-4484-bf71-273a1a1fb8e1,Viy,"Forbidden Empire, Viy 3D",C,2014,130,L,"Nikolay Gogol's short story, Viy
",True
6402,cb089462-6571-4e21-aaeb-750a4a12e666,Tayna pechati drakona,"Iron Mask, Viy 2: Journey to China",C,2019,120,L,"Loosely based on the Nikolai Gogol story,Viy.",True
6403,9a290820-fb80-4aa2-a1f9-736b915a7abb,Viy 3: Travel to India,,C,2023,121,L,"Loosely based on Nikolai Gogol's short story, Viy

https://www.filmaffinity.com/es/film255981.html",True
6404,ec51c817-1c69-478a-9304-d76b4e4f9b70,Si Prinsipe Abante at ang lihim ng Ibong Adarna,,C,1990,,L,"https://en.wikipedia.org/wiki/Ibong_Adarna#Analysis ",True
6405,1dd08553-c808-4a60-83e5-9d14acf2a2a3,Adarna: The Mythical Bird,Ibong Adarna,C,1997,78,A,"https://en.wikipedia.org/wiki/Ibong_Adarna#Analysis
https://en.wikipedia.org/wiki/Adarna:_The_Mythical_Bird",True
6406,2a24a833-a570-4421-a88e-acc06c90f9cc,Ang hiwaga ng ibong adarna,Ibong Adarna,C,1972,96,L,"https://en.wikipedia.org/wiki/Ibong_Adarna#Analysis
",True
6407,6f924e87-bc64-45f3-8e65-146093a80973,Ibong Adarna: The Pinoy Adventure,,C,2014,90,L,"https://en.wikipedia.org/wiki/Ibong_Adarna#Analysis ",True
6412,f113c269-8392-4d28-bc71-aef971105808,Shadows,,C,2020,102,L,"https://groenlandiagroup.com/portfolio/shadows/
The goal was to create an imaginary setting that allow the coming together of the fable and experimental cinema, Hansel and Gretel and Don’t Look Now, Italian sci-fi movies, from Ferreri to Petri, and Altman’s “free” expressive rigor. I tried to communicate the feeling of alienation via a score inspired by Penderecki, some folk songs, 1940s ballads, the solitude of whistled melodies, always looking for a suspended and enfolding tone.",True
6413,e1ed2327-2f8d-448f-9d06-495b716fd43b,Perempuan tanah jahanam,Impetigore,C,2019,106,L,"Indonesian folklore
https://en.wikipedia.org/wiki/Impetigore ",True
6414,b83e057f-178b-48f8-9d67-6d9dd2b0eb30,Krasue Kat Pop,"Filth Eating Spirit Bites Ogre, กระสือกัดปอบ",C,1990,93,L,"https://letterboxd.com/film/filth-eating-spirit-bites-ogre/
https://en.wikipedia.org/wiki/Krasue ",True
6415,a197d231-602c-4242-b7dc-7bbf3cd523f2,Krasue,,C,2021,12,A,"Krasue: https://en.wikipedia.org/wiki/Krasue ",True
6416,77498411-edc5-4adc-9231-b916ae8f935b,Krasue Krung Khon,"The Dwarves Must Be Crazy, กระสือครึ่งคน, Kra-Sue Krueng Kon",C,2016,92,L,"Krasue: https://en.wikipedia.org/wiki/Krasue 
https://letterboxd.com/film/the-dwarves-must-be-crazy/
https://www.febiofest.cz/en/films/the-dwarves-must-be-crazy-730f
https://kalafudra.com/2017/08/06/krasue-krung-khon-the-dwarves-must-be-crazy-2016/
https://culturecrypt.com/movie-reviews/the-dwarves-must-be-crazy-2016",True
6417,d48805a3-12a2-4f07-9b76-f17f37690160,Sang Krasue 2,Inhuman Kiss: The Last Breath,C,2023,130,A,"Krasue: https://en.wikipedia.org/wiki/Krasue
",True
6418,67f6e436-a704-40a3-86fe-093eca5c20af,Roh,Soul,C,2019,83,L,"Malay folklore: https://en.wikipedia.org/wiki/Roh_(film) 
",True
6419,e9a0015c-bb62-4a79-86e9-720d787ceedb,Ruslan i Lyudmila,,BW,1938,50,L,,True
6420,c1544ce9-ff54-4291-8313-80edb3341156,"Ruslan i Lyudmila. Bolshe, chem skazka",,C,2023,,A,,True
6421,0f01b415-11b0-498e-8fa9-fdd94ee5370e,Ruslan i Lyudmila,Ruslan and Ludmilla,BW,1915,,L,,True
6422,24a5b45b-f048-4bd8-bb8c-9e1eb78d9c99,Alibaba and the Three Golden Hair,阿里巴巴三根金发,C,2018,85,A,"https://movie.douban.com/subject/30176069/
https://en.wikipedia.org/wiki/Alibaba_and_the_Three_Golden_Hair",True
6423,a889797c-db2f-4f3b-a3fb-57416394268b,Veneno para las hadas,"Poison for the Fairies, The Evil Fairies",C,1986,90,L,,True
6424,fef093bf-a7cb-4722-bb61-b3b8be8f0feb,Starbright,,C,2023,,L,,True
6425,ed2402a7-c562-4068-b6a6-be752f216bb8,János vitéz,Johnny Corncob,C,1973,74,A,Hungarian folktale,True
6426,5136160c-d592-436f-b79e-edfcbdd6cda0,Hu gui xi chun,"Come Haunt With Me, 狐鬼嬉春",C,1971,,L,"https://www.themoviedb.org/movie/187337-come-haunt-with-me
https://letterboxd.com/film/come-haunt-with-me/
",True
6427,f8668af2-8725-4098-8d44-46a51f702145,Hi xia,The Enchanted Chamber,C,1968,114,L,"Similar credits to Hu gui xi chun (https://www.imdb.com/title/tt1205496/), but most places I can find suggest these are different films
https://letterboxd.com/film/the-enchanted-chamber/",True
6428,5ee53763-0611-45a5-bfd3-83d784054efb,Chun Qiu Feng Shen,"War of Human, Gods and Demons; God of Spring and Autumn",C,2019,62,L,,True
6429,edf85f68-ee42-4c2f-938a-21cedfec0e6e,Shan Cun Hu Qi,"A Wicked Wife, The Wicked Wife, 山村狐妻",C,2022,93,L,https://mydramalist.com/730621-the-wicked-wife,True
6430,d8b7a98e-4917-48c9-8055-bc169392784b,Zhui ri,A Chinese Legend,C,1991,92,L,,True
6431,0290ecf9-77a2-43d3-bebd-56f2530e1482,Temple,,C,2017,78,L,"Also yokai
https://en.wikipedia.org/wiki/Temple_(film)",True
6432,f53bd315-e48b-445d-8174-862d688b5f64,The Monkey's Paw,,BW,1915,,U,https://en.wikipedia.org/wiki/The_Monkey%27s_Paw,True
6433,192c6aec-bcda-4880-abe5-9df06d1387d8,The Monkey's Paw,,BW,1933,58,L,https://en.wikipedia.org/wiki/The_Monkey%27s_Paw,True
6434,b062f495-999d-4c61-a33c-31d36c3b2173,The Monkey's Paw,,BW,1923,64,L,https://en.wikipedia.org/wiki/The_Monkey%27s_Paw,True
6435,4cbc8705-fd49-40b6-b283-c2c655373202,The Monkey's Paw,,BW,1948,64,L,https://en.wikipedia.org/wiki/The_Monkey%27s_Paw,True
6436,a6f38865-8f56-4183-a0d2-527b2f3635f8,Espiritismo,Spiritism,BW,1962,85,L,https://en.wikipedia.org/wiki/The_Monkey%27s_Paw,True
6437,0a20e79e-638a-4ccd-b558-af14f793046a,Kagbeni,,C,2008,130,L,https://en.wikipedia.org/wiki/The_Monkey%27s_Paw,True
6438,d887c017-7949-4a20-b5bd-7ae15f2c8bb9,The Monkey's Paw,,C,2013,91,L,https://en.wikipedia.org/wiki/The_Monkey%27s_Paw,True
6439,ef5ff9a9-8139-4197-870c-070c3861facb,Pet Sematary,,C,1989,103,L,"Based in part on The Monkey's Paw: https://en.wikipedia.org/wiki/The_Monkey%27s_Paw
https://rue-morgue.com/pet-sematary-when-monkeys-paw-meets-frankenstein/",True
6440,c1b18acb-c75e-4285-9aa4-e64e15f91624,Pet Sematary,,C,2019,101,L,"Based in part on The Monkey's Paw: https://en.wikipedia.org/wiki/The_Monkey%27s_Paw
https://rue-morgue.com/pet-sematary-when-monkeys-paw-meets-frankenstein/
",True
6441,c6a5539f-e041-448c-959f-6bef3f435cae,Death Kappa,,C,2010,79,L,"Kappa (an amphibious, turtle-like yokai): https://en.wikipedia.org/wiki/Death_Kappa ",True
6442,d8844c1c-aa68-4afd-8855-72a7a2f89062,Oni,,C,2019,6,L,https://en.wikipedia.org/wiki/Oni,True
6443,dc47b9c7-18ba-4e54-bbe3-9bebd4e6b825,Chagama ondo,The Dance of the Chagamas,BW,1935,11,A,https://en.wikipedia.org/wiki/Japanese_raccoon_dog#In_folklore_and_tradition,True
6444,c40c60ff-873b-49ae-87e8-98cce076dabc,Get Lost,,C,2022,93,L,"https://www.filmaffinity.com/es/film570235.html
https://deadline.com/2021/03/ella-bleu-travolta-get-lost-starring-daniela-amavia-alice-in-wonderland-1234704716/",True
6445,5af64e5d-2880-4230-a49d-ac3bf0175e20,Photographing Fairies,,C,1997,106,L,"https://en.wikipedia.org/wiki/Cottingley_Fairies
https://en.wikipedia.org/wiki/Photographing_Fairies",True
6446,10f5c957-c579-4542-985a-0acdf74f9a41,Sifir Dedigimde,On the Count of Zero,C,2007,90,L,https://en.wikipedia.org/wiki/On_the_Count_of_Zero,True
6447,3a5e9391-17cd-4634-92e5-7717729db020,Bayala: A Magical Adventure,The Fairy Princess & the Unicorn,C,2019,85,A,https://en.wikipedia.org/wiki/Bayala:_A_Magical_Adventure,True
6448,83f10a6a-7106-43da-89d1-64ffc25a06ef,A Fairy Tale After All,Erik Peter Carlson's A Fairy Tale After All,C,2022,72,L,,True
6449,6fca214b-36f1-43dd-9db4-2127c8b934a3,Black Forest,,C,2012,84,L,https://letterboxd.com/film/black-forest/,True
6450,e215d4fc-c86b-4c71-b49c-584ea4c58d73,Muse,,C,2017,95,L,"https://en.wikipedia.org/wiki/Leanan_s%C3%ADdhe ",True
6451,64c06b6b-f66f-4817-94ea-5223d62ede33,Le Miroir,,C,2020,17,L,"https://www.filmink.com.au/public-notice/award-winning-short-film-le-miroir-to-have-world-premiere-at-cinefestoz/
https://www.thecurb.com.au/le-miroir-short-film-review-an-utterly-charming-burst-of-creativity/",True
6452,d92f176d-0c8c-42fd-994e-4f8f8045b713,Rachanda,Crazy Kingdom,C,2016,,L,,True
6453,1485e44e-77ba-4d12-b11f-33333d51845d,Zakliata jaskyna,The Enchanted Cave,C,2022,98,L,https://www.themoviedb.org/movie/983985-zakliata-jasky-a,True
6454,8ab72964-9762-41ed-83bf-c1f2a186d78f,Foeksia de miniheks,"Fuchsia the Mini-Witch, The Mini Witch",C,2010,95,L,"Based on the book series by Paul van Loon
https://www.attractiondistribution.ca/films_en/fuchsia-the-mini-witch/",True
6455,ef381fdc-97f5-4bc7-a138-9439759b6012,Dar var engang,Once Upon a Time,BW,1922,75,U,,True
6456,3242e542-6e4b-4df7-8b62-247f9dc902d1,La belle et la bête,Beauty and the Beast,C,2021,13,L,"https://en.unifrance.org/movie/52057/beauty-and-the-beast
https://letterboxd.com/film/beauty-and-the-beast-2021/",True
6457,54bee0de-d445-4dd6-aad0-e403ef6297e4,Hodináruv ucen,The Watchmaker's Apprentice,C,2019,99,L,,True
6458,4c795fbe-3bcd-4919-a6bd-839cb6196ec6,Nana,,C,2011,68,L,https://www.heraldnet.com/life/nana-presents-eerie-fairy-tale-through-eyes-of-a-4-year-old/,True
6459,b34a6fa7-b6e4-4043-abdb-07993caca9b1,Tusea si junghiul,The Toothless War,C,1992,91,L,"https://en.wikipedia.org/wiki/Ion_Creang%C4%83#Most_prominent_tales 
In ""The Old Man's Daughter and the Old Woman's Daughter""... ""the theme echoes Cinderella, but, according to Calinescu, the rural setting provides a sharp contrast to the classical motif""

https://mubi.com/en/ca/films/cough-and-kill",True
6460,a9cfc183-9b8f-413f-ba59-5e15fad87710,Malý pán,The Little Man,C,2015,84,A,"https://en.wikipedia.org/wiki/The_Little_Man_(2015_film)
Based on a book called Velká cesta malého pána (Great Journey of the Little Man). 

https://www.meander.cz/knihy/velka-cesta-maleho-pana/ - categorized as 'fairy tale'
(Žánr: pohádky)",True
6461,8eee5703-8f46-40b5-8686-3121cd5f538b,A Fairy Tale,,C,2011,11,L,,True
6462,5d5c7807-3f6e-48a3-bddd-a2f503938a82,Lyumi,,C,1991,100,L,,True
6463,ee8f56fb-4885-4629-8c31-04e88c5244c0,The Calico Dragon,,C,1935,8,A,"https://en.wikipedia.org/wiki/The_Calico_Dragon
""When a little girl falls asleep after reading a fairy tale to her doll, her toys come to life. The toys act out a fairy tale in which a prince has to fight a dragon."" ",True
6464,92e97bb6-03d4-4df1-a455-77c483113907,Certoviny,Pure Devilry,C,2018,96,L,,True
6465,3bfc80f7-7065-418d-bf55-9df144f2abb3,Chapô,Hoodie,C,2012,23,L,,True
6466,9518a112-78ed-4f70-badf-deb9684fec94,Zakleté pírko,Enchanted Feather,C,2020,94,L,,True
6467,f512d09b-de24-48af-876c-137a5c2f76b2,Vasilisa,,C,2000,103,L,,True
6468,52135db7-97e5-4017-9a75-ba0c7f7f30fd,Good Neighbors,,C,2021,13,L,"https://www.indiegogo.com/projects/good-neighbors-short-film#/
https://indieshortfest.com/2021/12/30/good-neighbors/",True
6469,7742f9c9-fd0b-4d1c-8cca-f41dcdc12f9f,Brother and Sister,,C,2009,11,L,"Based on a poem by Terri Windling
https://www.terriwindling.com/blog/2008/12/brother-and-sister.html",True
6470,830d3bdc-20a5-484e-af7b-9b44d2c4ae19,Fairy Tale Police,,C,2008,9,L,,True
6471,f7d16c50-cfff-4e17-9bde-123bedf4238f,V yarange gorit ogon,"Flame Burns in the Igloo, A Flame in the Igloo",C,1956,21,A,"""Northern folktale""",True
6472,6316d169-9f94-4ec7-a697-d13654ebc5b0,Kdyz draka boli hlava,The Secret of the Two Headed Dragon,C,2018,99,L,,True
6473,65cc3e18-6400-4296-ad9b-271a8832d1ca,Die Krone von Arkus,The Malevolent Queen,C,2015,95,L,"https://de.wikipedia.org/wiki/Die_Krone_von_Arkus
https://de-m-wikipedia-org.translate.goog/wiki/Die_Krone_von_Arkus?_x_tr_sl=auto&_x_tr_tl=en&_x_tr_hl=en&_x_tr_pto=wapp",True
6474,b4acd54e-813e-4340-b943-7b08f7c13695,Nasreddin v Bukhare,Adventures in Bokhara,C,1943,80,L,"https://en.wikipedia.org/wiki/Nasreddin_in_Bukhara
Nasreddin ""is a character in the folklore of the Muslim world from the Balkans to China, and a hero of humorous short stories and satirical anecdotes""
https://en.wikipedia.org/wiki/Nasreddin",True
6475,43870bd1-d2bb-4d4b-af1c-f67ac36f3901,Pessi ja Illusia,Pessi and Illusia,C,1984,77,L,https://fi-m-wikipedia-org.translate.goog/wiki/Pessi_ja_Illusia?_x_tr_sl=auto&_x_tr_tl=en&_x_tr_hl=en&_x_tr_pto=wapp,True
6476,8f9294f8-4269-4ba6-92c7-b3be06b599c0,One for the Book,,BW,1940,18,A,,True
6477,aac99d11-21e4-4de0-b8ed-463350417b29,Available,Available: A Modern Day Fairy Tale,C,2013,80,L,,True
6478,45a9994b-9678-4fda-b74c-ec1cf39d6583,Mei shan shou qi guai,Na Cha and the Seven Devils,C,1973,86,L,"https://letterboxd.com/film/na-cha-and-the-seven-devils/
https://tvtropes.org/pmwiki/pmwiki.php/Film/NaCha",True
6479,766ae55a-34d8-4c6f-86ad-df78c5bf08a2,Blåfjell 2 - Jakten på det magiske horn,"Magic Silver II, Magic Silver 2 - The Quest for the Magic Horn",C,2011,85,L,,True
6480,46a7f3e4-0e17-4f7c-a3d4-80ccaff113bb,Devochka i Medved,"A Girl and a Bear, Девочка и Медведь",C,1980,10,A,,True
6481,addf3c83-457c-4e0c-9caf-43fc0a0d90dd,Ramasagul,The Bet,C,1985,80,L,"Loosely based on the 19th century children's story, ""Purse with Two Coins"" by the Romanian writer Ion Creanga",True
6482,65319a7a-7380-4391-abc0-5bdbaa8ea757,The Second Hand,,C,2022,15,L,"Director describes it as a ""version of a modern day, 'urban fairy tale'"" 
https://www.wildsound.ca/videos/the-second-hand-review ",True
6483,b9438663-fc5b-42c1-9adc-f4194d24dbc6,Timun Mas,,C,2016,8,A,https://en.wikipedia.org/wiki/Timun_Mas,True
6484,b13fb9e1-8b2f-44e6-9cb9-844a833a96b2,"Nasreddin v Hodjente, ili Ocharovannyi prints",,C,1959,95,L,"Based on a novel by Leonid Solovynov
https://en.wikipedia.org/wiki/Nasreddin",True
6485,91257891-bb14-4fc2-9169-20a322a98b4d,Javor a Juliana,Maple and Juliana,C,1973,89,U,,True
6486,3fb78052-4d14-447e-aa2d-4eac4e9bdefc,Tanz ins Glück,,C,2008,17,L,,True
6487,495c5d96-c6d0-40b4-940c-7d18b58c4e75,The Burning Baby,,C,2020,95,L,"described on the film's site as a ""psychological horror fairytale"" https://www.theburningbaby.com/",True
6488,8c6bde81-fd43-40d2-8a69-511348bcb565,Rose White,,C,2012,,L,"https://www.apocalypselaterfilm.com/2013/10/rose-white-2012.html
https://theindependentcritic.com/rose_white",True
6489,7737132f-6c81-4758-ab2b-8ee751343e3c,Alas and Alack,,C,1915,13,L,https://en.wikipedia.org/wiki/Alas_and_Alack,True
6490,529d5b41-9248-466f-8c3b-2b4083a6e3e9,Casper Genie,,C,1954,7,A,,True
6491,40c0923d-de0f-4b49-8735-6476118e65e3,Gadmouse the Apprentice Good Fairy,,C,1965,7,A,"Gadmouse needs just one happy ending to earn his wand and become a fully-fledged Good Fairy
https://www.bcdb.com/cartoon/5094-Gadmouse-The-Apprentice-Good-Fairy
https://www.youtube.com/watch?v=BilmGuSVWMQ",True
6492,87df4914-6be4-49eb-8f9f-16aa3748ba1f,Makarony Smerti ili Oshibka Professora Bugensberga,,C,1992,4,A,Unfinished due to budget constraints,True
6493,daf4da24-1ff1-430b-8b1b-210b6a709851,"Fractured Fairy Tales: The Phox, the Box, & the Lox",,C,1999,6,A,,True
6494,8139d9e7-5a9c-4a61-a0c0-5089acb3791f,Once Upon a Nightmare,,C,2016,70,L,,True
6495,9ffc4f34-981d-4f84-b00e-a63b06766c5a,Maija and Paija,,C,1990,98,L,,True
6496,ec8975de-3446-4d70-98a6-a0fda71a86f7,Little Boo-Peep,,C,1953,7,A,"Nursery rhymes, but also fairy tales...",True
6497,7fad4f01-1a4d-4517-9cde-01949e3c9ee2,Zaychishka zabludilsya,Bunny Got Lost,C,1973,10,A,,True
6498,7e2e7a0f-6a83-4f0c-9fe4-45484f09b8bf,Killer Charm,,C,2017,,L,,True
6499,dab06d00-8085-4fd1-8a30-0bfa4427b5c6,Rose & Gin,,C,2022,15,L,,True
6500,25d7f167-eb9d-4f12-b6ea-231d1ea225a0,Adamantine,,C,2017,9,A,,True
6501,a358e5a5-604b-4779-bbc9-7daddbad7b99,The Obolus,,C,2009,19,L,"A fairy tale for adults about a little boy who has to gain strength and courage to find his way out of a mysterious place by making the ultimate sacrifice.
https://www.themoviedb.org/movie/134665-the-obolus
https://letterboxd.com/film/the-obolus/
https://www.youtube.com/watch?v=EZj_ivQsxsY",True
6502,f87c1136-1f54-4b6d-b79b-86e20376f3f9,Mal de ojo,Evil Eye,C,2022,100,L,"https://www.voicesfromthebalcony.com/2022/11/29/evil-eye-2022-sfff-review/ ",True
6503,864e37b9-4e22-4db8-a2ca-476dd93a075b,The Enchanted Cottage,,BW,1924,70,L,https://en.wikipedia.org/wiki/The_Enchanted_Cottage_(1924_film),True
6504,2ad73893-00a2-4a18-9b5e-365ff33e7ede,The Enchanted Cottage,,BW,1945,91,L,https://en.wikipedia.org/wiki/The_Enchanted_Cottage_(1945_film),True
6505,4c106976-985e-46da-96a2-11e5d4e2d96a,The Enchanted Cottage,,C,2016,87,L,,True
6506,b44b0fc7-a4d3-41db-93c5-b4444f3b40b4,Pelikaanimies,"Pelicanman, In Man's Clothes",C,2004,90,L,,True
6507,47a8c131-c06b-4923-bf88-ae5a3e9595d5,Suckablood,,C,2012,7,L,"An “award winning fairytale horror short”
https://www.youtube.com/watch?v=fw4gwwS-nFI ",True
6508,14f40d36-6714-4b3c-b50d-11df259a8d28,Der Struwwelpeter,,BW,1955,79,L,,True
6509,260633ca-8449-40c8-88d0-8621714526ce,Der Struwwelpeter,,C,2010,10,L,,True
6510,f639d053-4df6-4f25-8691-d54e39473c3e,A Fairy Tale,,C,2021,11,L,,True
6511,cb69a76d-def6-4fb9-a7cc-e7e28e41e66d,To koritsi me ta paramythia,"The Girl with the Fairytales, The Girl with the Fairy Tales",BW,1956,80,L,,True
6512,5779a514-a402-4c76-b4af-cc49bf52a73a,Toto's Rescue,Toto's Rescue in Storybook Land,C,1989,42,L,,True
6513,f052eb70-b56d-41dc-a463-872b0e504af0,Rinky Dink,,C,2009,5,A,https://www.youtube.com/watch?v=TWQHTukQ0pA,True
6514,5e5ebebe-6f50-4899-9e52-3e8e0b8f31f7,Kruhliachok,Roundy,C,1992,8,A,,True
6515,f5b0a77a-27a5-4d2d-9ce5-14172e8e399d,Fabletown,,C,2016,9,L,,True
6516,04f26e4e-4894-47f1-867d-514bd7bd49a2,Povestea porcului,The Pig's Story,C,1985,,A,https://ro.wikipedia.org/wiki/Povestea_porcului,True
6517,1fbe3b78-ed61-4b89-b73a-be41c3f8311c,The Woodcutter,,C,2019,3,L,,True
6518,dbceeb4d-da9b-431e-b5e7-8605c4006abb,The Magic Treasure,,C,2006,19,A,https://violence-hurt-animals-in-film.blogspot.com/2014/04/the-magic-treasure.html,True
6519,de2ce5a6-0b9e-4b13-9c33-2f084d5b3a42,Blood Red,,C,2018,3,L,,True
6520,93790a5e-21c6-4a22-84c1-67b0bff82d44,Afandj va Azroil,,C,2004,73,L,"Nasreddin
https://en.wikipedia.org/wiki/Nasreddin",True
6521,64424855-127c-49ba-96d3-18ad279022e6,Once Within a Time,,C,2023,52,L,"Submitted by Cristina Bacchilega
https://theplaylist.net/once-within-a-time-trailer-godfrey-reggio-director-of-koyaanisqatsi-returns-with-a-psychedelic-dreamlike-fairy-tale-20230914/
https://variety.com/2023/film/news/oscilloscope-laboratories-once-within-a-time-godfrey-reggio-steven-soderbergh-1235667628/
https://www.moma.org/calendar/film/5622
",True
6522,2a09bf0e-3004-4ffa-9ad9-1dd82dbc3185,12 mogil Khodzhi Nasreddina,,C,1967,74,L,Nasreddin,True
6523,3dea939d-95ba-4bed-8810-2715ff537482,The Princess Strikes Back,,C,2014,5,L,,True
6524,9ffdefd4-6771-4522-a56e-f97a9837cdf5,Le joueur de flûte,,C,2019,5,L,,True
6525,ce5486e4-5da5-48e2-bcfd-d9a060db44a7,Kukunor,,C,1989,36,L,"Based on novel by Lauri Viida
https://fi-m-wikipedia-org.translate.goog/wiki/Kukunor?_x_tr_sl=auto&_x_tr_tl=en&_x_tr_hl=en&_x_tr_pto=wapp",True
6526,3675e62a-2131-4dd2-a77e-47abb1e5ffe9,Dorotka a jezibaba,Dorothy and the Witch,C,1975,9,A,http://www.kratkyfilm.eu/catalogue/html/indexa.htm,True
6527,20ee1128-3dcf-4f40-b734-05eca997a86c,Sina ma Tinirau,,C,2022,9,A,"https://en.wikipedia.org/wiki/Sina_and_the_Eel
Part of Cristina Bacchilega's talk on ""Fairy Tales and the Otherwise"" (Sept 22, 2023)
",True
6528,6572091a-a4cf-40bd-9e76-bdd24d2d71c8,Jack Milton: Fairy Tale Detective,,M,2003,18,L,,True
6529,cae90a8f-dd6f-4d66-ac6e-89098ed4e227,Soldier and Mermaid,,C,2021,24,L,"https://festagent.com/en/projects/894547
",True
6530,81f8259c-c826-45c2-bf2b-a879eba7ce0d,Prinsessen som ingen kunne målbinde,,BW,1932,35,L,"https://en.wikipedia.org/wiki/Prinsessen_som_ingen_kunne_m%C3%A5lbinde
ATU 853:
https://libraryguides.missouri.edu/c.php?g=1078942&p=7861228 
https://archive.org/details/norwegianfolktal0000asbj/page/76/mode/2up",True
6531,20a63af1-043d-4778-aa5c-88cdf9a01979,The Rouge Shoes,,BW,2004,74,L,,True
6532,29f5b58c-063c-4653-b1c4-730d6095b470,Big Bad Red,,C,2008,2,L,,True
6533,d43e8a26-1bb8-426f-8983-7393b76235b2,Aurora,,C,2018,15,L,,True
6534,855039e2-b516-4424-af6c-630ff6ae5cce,Kiss Me You Fool,,C,1985,3,A,,True
6535,12ddb98e-47ee-4b5f-8db3-0c824ff18bf6,Red Tale,,C,2017,5,L,"https://www.natacha-thomas.com/red-tale
https://en.unifrance.org/movie/45061/red-tale",True
6536,822da3b9-c462-463b-b7c4-58990df6482f,La Belle au bois d'or,Beauty of the Golden Wood,C,2001,13,A,"https://en.unifrance.org/movie/23176/beauty-of-the-golden-wood
",True
6537,7bfd1b16-4170-4dc7-9341-254d0aefa428,Un cuento de Hadas,,C,2014,6,L,,True
6538,e982879c-bec5-45db-b997-dcb08801e801,Chudesnyy kolodets,A Miracle Well,C,1956,19,U,,True
6539,d9690420-6883-4b21-add1-56ac052885c7,Bug,,C,2003,14,L,,True
6540,db8fb7a3-0222-4cd6-b6a3-222ef1997ac3,Clever Gretel,,C,2004,4,L,,True
6541,4ca2ad99-81b3-4e80-831a-fd36337fb72d,Evil Eye,,C,2019,10,L,,True
6542,8750427d-b2f7-4e7d-b132-8d4ee74cc474,Vozvrashchenie Khodzhi Nasreddina,,C,1990,92,L,,True
6543,0a0c01e9-d77e-4131-afab-dffac0af2599,Welcome to Dreadville II: Red in Dreadville,,BW,2007,22,L,,True
6544,17d09750-5c4a-447a-ae2f-ffe409555af3,Roadkaepchen,,C,2001,45,L,,True
6545,b144c460-2315-4aba-a453-7d1ab34d2b5d,Dinner,,C,2000,,L,""" The film takes the flavor of old Slavic folktales, and juxtaposes it against modern Los Angeles. It is a dark, urban, gothic fairytale. After the destruction of the old woods in Europe, the trolls, witches, fairies and goblins had nowhere left to go. Thus they did what so many others had done before them: they moved to Los Angeles. Jack, a goth fairy tale fetishist, falls in love with Jill, the daughter of the Russian cannibalistic witch, Baba Yaga. He must enter Baba Yaga's hut to face impossible quests, hideous monsters, a convenience store troll and even a junkie fairy to win his girlfriend's hand in marriage.""
https://tarletondawn.com/Our_Work.html",True
6546,c9798e3b-eeaf-4b5c-a795-24c35832754b,Vorobyishko,,BW,1984,9,A,"Vorobyishko, Maksim Gorkiy",True
6547,608595e1-7342-42ae-a0f9-4c7d9478aceb,"Akazukin, tabi no tochu de shitai to deau","Once Upon a Crime, Akazukin, tabi no tochû de shitai to deau",C,2023,107,L,,True
6548,0694896b-c272-4774-9caf-483bce1a5992,Aleodor împarat,,C,2004,,U,"Romanian folktale: 
https://folklorethursday.com/folktales/top-5-romanian-folk-tales/",True
6549,7b9e8422-e667-4679-9a0e-a02d6d3f6f99,Broken Tale,,C,2016,10,A,"Skutt the Moose and Princess Tuvstarr
https://paradiseisthisway.wordpress.com/2016/03/18/skutt-the-moose-and-princess-tuvstarr/
https://archive.org/details/thefairyfaleofskutttheelkhelgekjellin
http://www.hasta-standrews.com/features/2022/11/1/magical-fairy-tale-worlds-and-old-norse-mythology-the-lasting-legacy-of-john-bauer",True
6550,c0a259a6-2771-4d34-9552-e06321580f2b,Chicken Little,,C,1998,11,A,,True
6551,de510bf7-4f81-4393-83c5-19dabff86b19,Charming,,C,2005,14,L,"Origin could be Cinderella, Sleeping Beauty; Prince Charming character",True
6552,d0d35a34-71d2-43cb-b536-97e1d52352a4,Chapéuzinho Vermelho,,C,2019,7,U,,True
6553,c0064435-9476-4be5-9472-c63032770b2b,Chapeuzinho Vermelho,,C,2011,28,A,,True
6554,dad4e86d-de3c-4ea2-8f01-18fd384a8bf4,Desirella,,C,2004,11,A,"""Living in a fairy tale, old Desirella gets a pair of magical shoes that make her young, in a attempt to achieve transcendency.""
https://vimeo.com/10451415
https://letterboxd.com/film/desirella/
",True
6555,499cf0b4-d7c2-468e-859c-3e303a82a7aa,Ella & the Blind Witch,,C,2015,6,L,"https://www.fazedpictures.com/ella-the-blind-witch
""An old bedtime fairytale turns out to be a bit more than young Tom and Alice can take. This fantasy horror film blends 1920's animation and live action that makes staying at Grandma's house a lot scarier than you could've imagined.""",True
6556,9cfe2902-bc28-4548-bad0-ee31468675a1,Einu sinni var...,,C,2009,,U,,True
6557,839c725c-932b-4996-bc5e-b6c2fbce2480,Ein Märchen von einer unmöglichen Stelle im Universum,A Fairytale with a Completely Imagined Ending,C,2014,20,L,https://www.filmschule.de/de/showcase/ein-maerchen-von-einer-unmoeglichen-stelle-im-universum,True
6558,01057625-db47-4833-a44a-1f761a3c71ce,Dorothy's Dream,,BW,1903,,U,,True
6559,e74d31b1-3b59-4533-b376-36993b95f267,Divinity: A Tribute to Fairy Tales,,C,2003,6,L,,True
6560,ccaf057c-9121-4acc-a6e1-1e2468750a52,Goblin Market,,C,2004,3,L,,True
6561,904bb3c6-64eb-4e82-9bf4-4030e5e19d7e,Hunting Snow White: The Bloody Groom,,C,2009,,U,,True
6562,397eba1e-5225-444a-829e-f4dc94b66264,"Hrnecku, var!","Boil, Little Pot!",C,1953,21,L,"https://cs.wikipedia.org/wiki/Hrne%C4%8Dku,_va%C5%99!",True
6563,44f1efa2-86b8-4c7f-86e5-2a3d0653d791,Jablonová panna,The Apple Tree Maiden,C,1974,14,L,,True
6564,8b84abe0-1a54-4171-a68e-622d706cbead,Irony,,C,2005,6,A,,True
6565,d80b33f5-e41f-454d-8de8-55a7e4146f6e,Jak pejsek s kocickou myli podlahu,How the Cat and the Dog Washed the Floor,C,1956,9,A,"A film based on the popular story about a dog and a cat that was written and painted by Josef Capek for his little daughter. 
http://www.kratkyfilm.eu/catalogue/html/indexa.htm",True
6566,474b9535-1845-4878-bdb2-06f48a547177,O pysné nocní kosilce,About a Stuck-up Night-gown,C,1956,,A,Josef Capek,True
6567,121011b6-0cf4-4454-806c-8d4dc14878f6,Jak si pejsek s kocickou delali dort,How the Dog And the Cat Baked a Cake,C,1951,9,A,"Josef Capek
http://www.kratkyfilm.eu/catalogue/html/indexa.htm",True
6568,b81f6cc6-2dbe-4000-8fb8-302385aabbf1,Jak si pejsek roztrhl kalhotky,How the Doggie Tore His Trousers,C,1951,8,A,"A film based on the popular book by Josef Capek about a dog and a cat. 
http://www.kratkyfilm.eu/catalogue/html/indexa.htm",True
6569,26e757a1-20b1-4069-9bf4-16955fbcf329,Le Singe Roi: The King Monkey,,C,2013,85,L,,True
6570,87c3fbad-9baf-41a9-bd30-39f401628bf3,La gardeuse d'oies à la fontaine,,C,2007,29,L,https://fr-m-wikipedia-org.translate.goog/wiki/La_Gardeuse_d'oies_%C3%A0_la_fontaine?_x_tr_sl=auto&_x_tr_tl=en&_x_tr_hl=en&_x_tr_pto=wapp,True
6571,eef17b11-0ce1-4c54-8628-f6c6fae7fb43,Král a skritek,The King and The Goblin,C,1981,9,L,https://www.latimes.com/archives/la-xpm-1985-03-19-ca-31903-story.html,True
6572,80c03da6-b2f6-4056-a0f8-aa2647bcfe41,Kolme pukkia,Three Bocks; Three Goats,C,2001,4,A,,True
6573,8040d33b-fc40-4dda-8e1b-9b827d88a701,Lo que cuento al viento,What I Tell The Wind,C,2008,80,L,https://lorenzoortizdirectorsreel.tumblr.com/,True
6574,a6a84123-e7aa-4cf8-bed1-6ee54cf66bde,Little Boy Blue,The Big Bad Wolf,C,1936,7,A,,True
6575,c8c932b6-d5ed-47a5-b5ed-5efd3d9434c1,"O princezne, která vsechno videla",,C,1984,11,U,"The princess who saw everything, Grimm Brothers (couldn't find an ATU?)",True
6576,cb4fb385-1b3b-42e7-bdc5-17df1b6533cd,O poveste ca-n basme,Princess in Love,C,1960,28,L,"https://ro-m-wikipedia-org.translate.goog/wiki/O_poveste_obi%C8%99nuit%C4%83..._o_poveste_ca_%C3%AEn_basme?_x_tr_sl=auto&_x_tr_tl=en&_x_tr_hl=en&_x_tr_pto=wapp
",True
6577,c6eff7b4-ad81-47d0-9d9c-03ff229bc0a9,Out of the Woods,,C,2020,5,L,https://www.youtube.com/watch?v=r8p7dVetb4A,True
6578,565b4355-8bec-4668-9799-619ffd75c623,Orekhovyy prutik,A Hazel Tree Twig,C,1955,20,A,"«Based on the Romanian fairy tale of the same name Calin-Gruya»
https://letterboxd.com/film/a-hazel-tree-twig/
https://en.wikipedia.org/wiki/C%C4%83lin_Gruia",True
6579,18274e1e-a76f-416b-b66f-da687923fd1d,Moroz Ivanovich,,C,1981,10,A,"From IMDb: Based on the fairy tale of the same name by Vladimir Odoevskiy, who wrote it on the basis of Russian folk tales, changing the image of Morozko.

",True
6580,9e1ab181-8146-4861-9444-32acd124080e,Aist,The Stork,C,1956,10,A,,True
6581,1e62fe22-8692-4eb2-842b-dc8adab76f38,Skazka skazyvaetsya,The Tale Is Told,C,1970,19,A,"Koschey the Immortal, Ivan Tsarevich",True
6582,5698f1be-4f0a-4c02-a555-b5882bf4f569,Slavík a ruze,Nightingale and Rose,C,1967,,A,"https://www.eastoftheweb.com/short-stories/UBooks/NigRos.shtml

http://www.kratkyfilm.eu/catalogue/html/indexa.htm",True
6583,ac781b94-8002-4442-aa53-631de83b84b8,Styx and Stone,,C,2023,7,L,,True
6584,61f3b81c-07a3-4a8d-87ac-851f71db7230,The Hobbit,J.R.R. Tolkien's the Hobbit,C,1966,12,A,,True
6585,05aae79f-d2d3-4e9c-8ae5-d0694289f8af,The Happy Cobblers,,C,1952,7,A,,True
6586,852aba62-4c7b-43d0-b7c0-3b22e17158c2,The Youth Who Wanted to Shiver,,C,1978,10,A,"https://www.acmi.net.au/works/97721--the-youth-who-wanted-to-shiver/
",True
6587,8f5a5153-04f5-4adf-bcfa-27163c036800,The Three Golden Hairs,,C,1978,13,A,,True
6588,6954c0de-4249-441a-b407-2cf69da7a4b8,Vkus khalvy,,C,1975,68,L,Nasreddin,True
6589,db512f11-f657-46a4-9423-2e9acaefa2bf,Vesyolye muzykanty,The Merry Musicians,BW,1938,15,U,,True
6590,7e2be335-df75-4111-8b42-17b9eff84bf1,Welcome to the Candy House,,BW,2015,5,L,,True
6591,2e6c75d1-4d5e-4cb9-9e79-022d9cf8a6f2,O Marysce a Vlcím hrádku,,C,1979,15,A,http://www.kratkyfilm.eu/catalogue/html/indexa.htm,True
6592,ac5c8f35-655c-499a-b5df-17c51eb3fade,A neríkej mi Vasíku,"And Don't Tell Me, Wendy",C,1972,16,A,"http://www.kratkyfilm.eu/catalogue/html/indexa.htm 
",True
6593,2e689667-3e4a-463d-8457-2441a5338dbb,Pohadkova planeta,The Fairy-tale Planet,C,1986,13,A,"See ""The Fairy-tale Planet"" on: http://www.kratkyfilm.eu/catalogue/html/indexa.htm 

https://www.csfd.cz/film/293420-pohadkova-planeta/prehled/",True
6594,e6ae7e6f-136a-4830-8e8c-a400c3f67e54,Fikmik,,C,1959,16,A,"Based on a fairy-tale by Josef Stefan Kubin
http://www.kratkyfilm.eu/catalogue/html/indexa.htm

https://www.bcdb.com/cartoon/65694-Fikmik
https://www.themoviedb.org/movie/731047-fikmik
https://letterboxd.com/film/fikmik
",True
6595,d0af1908-9725-4668-a40e-1d0b36e21475,Jak pejsek s kocickou psali psaní,How the Cat and the Dog Wrote a Letter,C,1951,16,A,"A film based on the famous book about a dog and a cat by Josef Capek.
http://www.kratkyfilm.eu/catalogue/html/indexa.htm",True
6596,9e3f5d59-2b20-4c3a-ab37-8e72d9553799,Kotlik,The Kibits Kettle,C,1994,15,A,"https://www.bcdb.com/cartoon/65770-Kotlik
http://www.kratkyfilm.eu/catalogue/html/indexa.htm: ""Story based on a traditional Japanese fairy-tale about punishment for a matrimony infidelity""",True
6597,28f22409-9d39-4a38-89eb-c626d31a1a77,O linem Honzovi,Lazy Johnny,C,1983,13,A,"http://www.kratkyfilm.eu/catalogue/html/indexa.htm
A fairy-tale it is, but Johnny is a strange hero lying on top of the warm stove all day. The magic grandpa has to come right inside the kitchen to find him and the dragon he is supposed to kill, in order to save the princess, has to be brought in by servants. The princess succeeds in getting him off the stove, but Johnny falls aleep on the throne. The story based on Josef Lada's fairy-tale book illustrated by the author appeals to children and adults.

https://en.wikipedia.org/wiki/Honza

https://www.csfd.cz/film/163196-o-linem-honzovi/recenze/
",True
6598,6c6ae66d-4028-4340-b9f9-495eb2341cd6,Kouzelny sad,The Magic Orchard,C,1982,15,A,"A picture based on a Kazakh folk tale about human unselfishness and self-sacrifice.
http://www.kratkyfilm.eu/catalogue/html/indexa.htm

https://brilliantstarmagazine.org/articles/the-amazing-orchard

https://www.defa-stiftung.de/filme/filme-suchen/kouzelny-sad/",True
6599,a5414077-11d7-4ccd-b92a-d12a1e80569d,Rohatá princezna,"Princess with Horns, The Horned Princess",C,1967,14,A,"Humorous story based on the Josef Stefan Kubin 's fairy-tale of a dancing-mad princess who spent every night in hell dancing with the devils. The story is enriched by up-to-date witty motifs but it keeps the original form of the fairy-tale. 
http://www.kratkyfilm.eu/catalogue/html/indexa.htm",True
6600,cc54c678-3bec-4a6f-b960-2cfdd38a588b,The Zone of Interest,,C,2023,105,L,"https://www.ibc.org/features/behind-the-scenes-the-zone-of-interest/10705.article 
https://moviemarker.co.uk/the-zone-of-interest/
",True
6601,36e28f7d-c0cb-4a24-b7f4-925fd11569a2,The Secret Kingdom,,C,2023,98,L,,True
6602,d533a9c5-0120-464d-b0f6-ca2890f4da3b,Dvanáct mesícku,Month's Rulers,C,2012,97,L,,True
6603,82fd3f70-61f2-499c-9ae2-6da381c3aa54,The Killing of a Danish Swan,,C,2011,22,L,"References to HCA stories: http://blog.kristinakorsholm.com/life/the-killing-of-a-danish-swan/  
Specifically Ugly Duckling: https://www-ekkofilm-dk.translate.goog/shortlist/film/the-killing-of-a-danish-swan/?_x_tr_sl=da&_x_tr_tl=en&_x_tr_hl=en&_x_tr_pto=sc 
",True
6604,54a2112a-b22b-4d39-b392-846fcce2c0d0,Tri prání,Three Wishes,BW,1958,96,L,"https://cs-m-wikipedia-org.translate.goog/wiki/T%C5%99i_p%C5%99%C3%A1n%C3%AD_(film)?_x_tr_sl=cs&_x_tr_tl=en&_x_tr_hl=en&_x_tr_pto=sc ",True
6605,ef8274ce-47c9-46aa-9bed-c7fc3da8c727,Hop - a je tu lidoop,Monkey's Playtime,C,1978,87,L,,True
6606,40d7e038-d5e9-4597-8960-8e7ac47d65d5,Volshebnoye zerno,The Magic Seed,C,1942,87,L,An IMDB user suggests The Wizard of Oz crossed with The Blue Bird,True
6607,da2237be-efe7-4571-953f-2eee7aeefa6b,Legenda o ledyanom serdtse,The Legend of the Icy Heart,C,1958,71,L,,True
6608,99df0de6-1cd3-4009-9cf9-43c247735ab0,Korol-olen,"King of the Reindeer, Korol'-olen'",C,1970,77,L,,True
6609,c872e532-b7c9-4d38-a590-64d48e68c498,V tridevyatom tsarstve,"In the Faraway Kingdom, V trideviatom tsarstve, In the Distant Kingdom",C,1972,82,L,,True
6610,2077502b-a32e-4daf-b46c-9a2bc342104e,Noch pered Rozhdestvom,"The Night before Christmas, Noch' pered rozhdestvom",BW,1913,41,L,Nikolai Gogol,True
6611,5618cf1c-4654-4cb5-9a0c-ba3987dc1bd7,Mayskaya noch,"May Night, Maiskaia noch'",C,1938,63,L,"https://letterboxd.com/film/may-night/
https://www.themoviedb.org/movie/268399-maiskaya-noch",True
6612,23e6d4fc-46bf-4ca3-8022-f62780ce4374,Cherevichki,"Черевички, The Litte Shoes, The Night Before Christmas",BW,1928,,L,https://vufku.org/en/lost/the-little-shoes/,True
6613,a3129f91-d59b-4760-b318-c4fdf15b0ff9,Strashnaya mest,"Strashna pomsta, Страшная месть, A Terrible Vengeance",BW,1988,20,A,"Based on ""A Terrible Vengeance"": https://en.wikipedia.org/wiki/A_Terrible_Vengeance#Film",True
6614,2e5cca7c-6d42-498c-951e-a8b752dd8d85,Noch pered Rozhdestvom,"The Night Before Christmas, Ночь перед Рождеством",C,1997,26,A,"https://www.animator.ru/db/?ver=eng&p=show_film&fid=1814
Based on ""Christmas Eve"": https://en.wikipedia.org/wiki/Christmas_Eve_(Gogol)",True
6615,1abe6956-f651-49a7-af21-2e5605d351b9,Vechir na Ivana Kupala,"The Eve of Ivan Kupalo, The Eve of Ivan Kupala",C,1968,71,L,"Based on ""St. John's Eve"": https://en.wikipedia.org/wiki/St._John%27s_Eve_(short_story)",True
6616,8a592788-9640-4135-a79d-88ab21c11195,Moana 2,,C,2024,,A,,True
6617,11aef479-2f9d-4b3a-90a6-5ef2331ba30c,The Brass Bottle,,BW,1964,89,L,,True
6618,b99ad2b1-e6f5-4c24-b505-f8bc0e223c91,Spellbound,,C,2024,109,A,"https://en.wikipedia.org/wiki/Spellbound_(2024_film) ",True
6619,16de9371-2aa0-44dc-a7c4-fdb27cb99746,O gios tis Sofias,Son of Sofia,C,2017,111,L,"https://europeanfilmawards.eu/en_EN/film/son-of-sofia.9343
https://variety.com/2017/film/reviews/son-of-sofia-review-1202407854/
https://www.kanopy.com/en/winnipeg/video/5472912
",True
6620,a9b8ad01-e6de-4bc3-b039-ecb29be01a2a,Poklad Ptacího ostrova,A Treasure on Bird Island,C,1952,75,L,"https://en.wikipedia.org/wiki/The_Treasure_of_Bird_Island ",True
6621,9972207d-35d4-451b-a4da-8a968461d732,Dobrodruzství námorníka Sindibáda,The Voyage of Sinbad; The Adventures of Sinbad,C,1971,14,A,,True
6622,1e5f9c15-e323-4dc2-b3c1-92c8d46a30e8,Druhá cesta námorníka Sindibáda,The Second Voyage of Sinbad,C,1972,13,A,,True
6623,f6f287e6-9b2f-4c86-9402-79929f212195,V zemi obru. Tretí cesta námorníka Sindibáda,The Third Voyage of Sinbad,C,1973,13,A,,True
6624,1a692ade-814c-4d2a-9603-5ba1e714cb05,Magnetová hora. Ctvrtá cesta námorníka Sindibáda,The Fourth Voyage of Sinbad,C,1973,15,A,,True
6625,eee64fef-7e17-4335-9c11-a00668579873,Létající koberec. Pátá cesta námorníka Sindibáda,The Fifth Voyage of Sinbad,C,1973,11,A,,True
6626,1b2e4069-b861-4568-82ee-bd6924654651,Morský sultán. Sestá cesta námorníka Sindibáda,The Sixth Voyage of Sinbad,C,1974,10,A,,True
6627,93d10c3d-7d04-4755-83f5-5a1ecb3cb3ed,Zkrocený démon. Sedmá cesta námorníka Sindibáda,The Seventh Voyage of Sinbad,C,1974,12,A,,True
6628,64d9b6a8-20d2-4768-b75c-36f535f6dbb8,Descendants,,C,2015,112,L,,True
6629,edd784bf-3faf-4cf3-a346-fc5a528adc74,Descendants 2,,C,2017,111,L,,True
6630,f08b5733-9fed-4d2f-8dd9-2e28ea13f25b,Descendants 3,,C,2019,106,L,,True
6631,90921dac-02a0-43ea-a55e-44408abbbe2f,Descendants: The Rise of Red,,C,2024,91,L,,True
6632,2833847f-c890-4bd6-9085-7ba3e4552b0e,Mr. Peabody and the Mermaid,,BW,1948,89,L,,True
6633,e9eaf89f-bf20-4132-9fd9-655b96b67565,Po shchuchyemu veleniyu,The Wish of the Fairy Fish,C,2023,115,L,,True
6634,fe2efa17-3c7a-4ac3-847e-dadbac280dce,Chestnoe volshebnoe,Upright Magic,C,1976,73,L,,True
6635,4e598815-91dd-4349-9465-2247bbb1d887,testtest,testtest,test,1234,12,asdf,asdf,True
