FilmId,CountryId,FilmGuid,CountryGuid
35,106,a26e1604-d107-4bf5-8a80-975b3c9c9d9b,9e1bcb58-534c-4885-86f5-a220bb51438a
35,225,a26e1604-d107-4bf5-8a80-975b3c9c9d9b,9cdcda2f-3a05-4abe-8f21-8529136ec7fa
36,37,7c09b09c-e082-471c-b605-0f412b6316e8,370d50ba-592a-491a-be9e-7aed4b1edcec
37,185,ac7790e0-6218-45d2-8572-d5be0dd2b789,94914c04-10c8-475e-997f-6d558d41715e
38,225,ed3a4fff-7ec5-49ef-b762-1c2aca3d7053,9cdcda2f-3a05-4abe-8f21-8529136ec7fa
39,76,54159d15-b6de-44ec-8e02-e2912a5c7aec,aca0ea7d-5edb-4012-b86e-c27ac894c9e9
40,225,91ecf12b-c0ef-4045-9d0d-1da0b2649bed,9cdcda2f-3a05-4abe-8f21-8529136ec7fa
47,225,27f393a4-5970-4b5b-974c-9dd904c7321c,9cdcda2f-3a05-4abe-8f21-8529136ec7fa
49,225,0fd0b1e9-da7e-4df6-8c8b-3cd923e17e16,9cdcda2f-3a05-4abe-8f21-8529136ec7fa
50,74,5c27d701-cbad-4c01-816e-c32a5cb7ce79,fcadc606-b3bc-456e-ad45-826bb6eaa875
53,74,e3672c52-f490-424f-9671-76e11bfb671e,fcadc606-b3bc-456e-ad45-826bb6eaa875
54,55,deb419d2-0287-471b-a9ff-9d7b99eb9c91,70cb2fa0-b97b-4e80-adf4-5473e61cab6b
55,76,703df8a9-36cb-4acc-9e99-06849018b407,aca0ea7d-5edb-4012-b86e-c27ac894c9e9
56,74,5c6efee5-579c-4931-963d-067dee595192,fcadc606-b3bc-456e-ad45-826bb6eaa875
57,185,71b0cfe5-7440-4564-94af-7dcc5f2944e3,94914c04-10c8-475e-997f-6d558d41715e
58,185,883bec7a-9ff8-4a50-9e6c-69bda87b5e6b,94914c04-10c8-475e-997f-6d558d41715e
59,225,89fb5da0-74a8-4c4d-997e-50c6a12828b3,9cdcda2f-3a05-4abe-8f21-8529136ec7fa
60,185,aadffcfc-3fd1-4da3-90d4-1796ee9cd21b,94914c04-10c8-475e-997f-6d558d41715e
61,110,19453ede-706d-4d4f-9a45-39af3d105039,0f8bb30d-61bf-4513-b56a-113ea8c3aff8
62,185,c90abdf6-817c-494c-b303-4a8fa83b9975,94914c04-10c8-475e-997f-6d558d41715e
63,185,99f513a5-181d-4e24-b96a-ccc112d7cafd,94914c04-10c8-475e-997f-6d558d41715e
64,185,4fb2a2bf-5008-442f-9af7-b7a613139f55,94914c04-10c8-475e-997f-6d558d41715e
65,118,27e41d4a-d0e8-4397-a448-02afdd604435,0ae3d636-f592-4f95-bed4-68e6dc1bf8a1
66,110,b9a4a61b-6175-48fe-9dd8-b69ae9eb77f1,0f8bb30d-61bf-4513-b56a-113ea8c3aff8
67,225,68229bdc-2095-4fda-8beb-8967b6e071d5,9cdcda2f-3a05-4abe-8f21-8529136ec7fa
68,185,a4c737dc-bde2-4b40-b6a1-031d6728e711,94914c04-10c8-475e-997f-6d558d41715e
69,55,9f0dc417-6e3f-4779-9c6a-5b690b210a65,70cb2fa0-b97b-4e80-adf4-5473e61cab6b
70,76,5aa39b7b-1bde-4999-841b-9ac94ea78cd6,aca0ea7d-5edb-4012-b86e-c27ac894c9e9
71,225,cddf5ab3-77e6-43c1-83ea-90ac2ce82842,9cdcda2f-3a05-4abe-8f21-8529136ec7fa
72,185,b85065f3-d0d7-4a50-ab50-381ef7868c90,94914c04-10c8-475e-997f-6d558d41715e
73,225,5ca8c8c8-38de-4971-98ca-32a1b9159df7,9cdcda2f-3a05-4abe-8f21-8529136ec7fa
74,225,69e83f24-ecd9-42cf-8103-5dd978ff9af4,9cdcda2f-3a05-4abe-8f21-8529136ec7fa
75,225,16c7f062-5ecb-40bd-833d-dd7b9b872ff4,9cdcda2f-3a05-4abe-8f21-8529136ec7fa
76,225,45703239-2613-404b-b4b9-e3aed9539293,9cdcda2f-3a05-4abe-8f21-8529136ec7fa
77,225,f2a1e531-d4a5-42ea-b02e-aee90bd6871c,9cdcda2f-3a05-4abe-8f21-8529136ec7fa
78,225,c2a29565-e4ba-4c49-af42-a471467cb5e2,9cdcda2f-3a05-4abe-8f21-8529136ec7fa
79,225,1e6c8b86-621a-4197-85db-a4147449cd38,9cdcda2f-3a05-4abe-8f21-8529136ec7fa
80,225,5a0dad8d-f215-443d-8ea5-6aab85f643c4,9cdcda2f-3a05-4abe-8f21-8529136ec7fa
81,225,4b8f47c7-c44e-4267-a646-c644f0a2442f,9cdcda2f-3a05-4abe-8f21-8529136ec7fa
82,225,2535f226-82c2-4645-8447-5bcf061bd0d9,9cdcda2f-3a05-4abe-8f21-8529136ec7fa
83,225,61cf236d-24b6-49ef-9e72-4dcc73e9eae0,9cdcda2f-3a05-4abe-8f21-8529136ec7fa
84,185,e0c5381d-5faa-4dd8-92b2-90310b64fdfe,94914c04-10c8-475e-997f-6d558d41715e
85,185,a367d7e0-2e29-4501-9008-c88209219a3b,94914c04-10c8-475e-997f-6d558d41715e
86,55,67608ae3-c2aa-4b0d-80e3-fa299c3713ac,70cb2fa0-b97b-4e80-adf4-5473e61cab6b
87,110,049ce43c-1486-4be0-8bb6-eb88e9b7915d,0f8bb30d-61bf-4513-b56a-113ea8c3aff8
88,110,98e4029d-49c4-439a-81f5-9667d45ef533,0f8bb30d-61bf-4513-b56a-113ea8c3aff8
89,55,b68bbf65-02ee-4db9-a784-ba1762c129c9,70cb2fa0-b97b-4e80-adf4-5473e61cab6b
90,185,07d8e90d-da9c-4d53-923c-7bfa64bf99fa,94914c04-10c8-475e-997f-6d558d41715e
91,225,42e20ec8-1f79-4eeb-a238-fd0cf0a2f9be,9cdcda2f-3a05-4abe-8f21-8529136ec7fa
92,991,754885a2-97df-4515-b563-2a34207be0e9,c09f6ef6-3d50-471d-8c7e-f4a78c8f398c
93,225,6d7997fe-7ddf-4a70-9aae-6db266629754,9cdcda2f-3a05-4abe-8f21-8529136ec7fa
94,225,b1fdd0b8-179d-4fad-a1d6-9886f12053e9,9cdcda2f-3a05-4abe-8f21-8529136ec7fa
95,225,b9d25a94-0a32-4833-83a6-475f85f56241,9cdcda2f-3a05-4abe-8f21-8529136ec7fa
96,225,ad471ad2-5b87-44b1-b347-643275846195,9cdcda2f-3a05-4abe-8f21-8529136ec7fa
97,225,8392b022-c21a-426c-9bf3-09273676d3d5,9cdcda2f-3a05-4abe-8f21-8529136ec7fa
98,225,64748a4b-75c9-4f03-b7d0-82edb4cd0561,9cdcda2f-3a05-4abe-8f21-8529136ec7fa
99,225,9c001cbe-9793-4ca9-9c1c-576ca77c41e2,9cdcda2f-3a05-4abe-8f21-8529136ec7fa
100,225,2a195418-c5e8-4d0a-bffd-79edb753043b,9cdcda2f-3a05-4abe-8f21-8529136ec7fa
101,225,5567f0bf-6098-49a6-becd-4cc0eccd7b6f,9cdcda2f-3a05-4abe-8f21-8529136ec7fa
102,225,0deae6cc-6a6a-4b9a-839d-cc6565606176,9cdcda2f-3a05-4abe-8f21-8529136ec7fa
103,225,f8621fbe-1146-4361-ae24-4063276d6f42,9cdcda2f-3a05-4abe-8f21-8529136ec7fa
104,225,6b640c6d-db2d-4447-8adb-805d6bf0ffd5,9cdcda2f-3a05-4abe-8f21-8529136ec7fa
105,225,edcc96c4-b515-442b-bacf-432345a90db4,9cdcda2f-3a05-4abe-8f21-8529136ec7fa
106,225,60015774-01cb-4937-b205-8b3f7b7e3ecc,9cdcda2f-3a05-4abe-8f21-8529136ec7fa
107,225,2cf2aea1-00b5-43cc-9e72-f977ec3e02d3,9cdcda2f-3a05-4abe-8f21-8529136ec7fa
108,225,f5e69d4c-2127-41a7-b760-4a08d0193285,9cdcda2f-3a05-4abe-8f21-8529136ec7fa
109,225,1b205ab5-0f2e-4f41-9955-def8f24211ef,9cdcda2f-3a05-4abe-8f21-8529136ec7fa
110,225,aab7a5f0-954a-437c-9c5f-8df1ebfdeef2,9cdcda2f-3a05-4abe-8f21-8529136ec7fa
111,225,1eacf8d8-a679-472e-b7dd-d3169264d9f8,9cdcda2f-3a05-4abe-8f21-8529136ec7fa
112,37,1096ff3a-d711-4428-b32c-f36453a78b01,370d50ba-592a-491a-be9e-7aed4b1edcec
113,37,a8217055-942e-4e57-840b-f6700bfdd129,370d50ba-592a-491a-be9e-7aed4b1edcec
114,37,2d130aa6-e7cd-4665-8fc2-2c8588a64dc7,370d50ba-592a-491a-be9e-7aed4b1edcec
115,225,ac65745a-33a7-4fec-b967-8aef6bb7d58f,9cdcda2f-3a05-4abe-8f21-8529136ec7fa
116,21,1f6ccf4e-ea6a-427f-b4a1-c81c2d652ded,ad53cbad-6a77-4499-94a7-c3442c2df2ee
116,23,1f6ccf4e-ea6a-427f-b4a1-c81c2d652ded,524be1b8-9739-4266-aa59-a9100c49a6e3
116,160,1f6ccf4e-ea6a-427f-b4a1-c81c2d652ded,82d5bcea-2d26-46e5-9d77-5c269d4dc0f3
117,37,c7bec249-3bc4-4b88-82b7-a889f632d82f,370d50ba-592a-491a-be9e-7aed4b1edcec
117,225,c7bec249-3bc4-4b88-82b7-a889f632d82f,9cdcda2f-3a05-4abe-8f21-8529136ec7fa
119,225,ab4f0f13-ce45-440b-8aab-6f1489d53dea,9cdcda2f-3a05-4abe-8f21-8529136ec7fa
120,37,02a0e859-f677-4f1e-a6b3-04a688593a76,370d50ba-592a-491a-be9e-7aed4b1edcec
120,76,02a0e859-f677-4f1e-a6b3-04a688593a76,aca0ea7d-5edb-4012-b86e-c27ac894c9e9
121,69,facb74ee-94f5-40fb-85b3-bbbf6758e65f,035eab86-1053-41d2-bb09-048493bf5a8f
123,225,5cb58b79-60cc-48d0-b054-e10ecd164dbe,9cdcda2f-3a05-4abe-8f21-8529136ec7fa
124,55,529648f5-e6b9-4113-aabb-90878385e7d3,70cb2fa0-b97b-4e80-adf4-5473e61cab6b
126,225,91f9fe2a-443b-4805-849f-4716037dbab6,9cdcda2f-3a05-4abe-8f21-8529136ec7fa
127,225,91e6b257-f50c-4559-a822-1d11d7fa500b,9cdcda2f-3a05-4abe-8f21-8529136ec7fa
128,225,da90f861-4998-4176-ab9d-af1ae594fd9d,9cdcda2f-3a05-4abe-8f21-8529136ec7fa
129,225,ec51f779-35d2-4d40-8324-41a9faa146c7,9cdcda2f-3a05-4abe-8f21-8529136ec7fa
130,225,dcdcccbe-b522-45ca-b13a-a5e518d29e3c,9cdcda2f-3a05-4abe-8f21-8529136ec7fa
131,225,3310dba9-0b8d-4eae-b2e1-0fe88d9d5784,9cdcda2f-3a05-4abe-8f21-8529136ec7fa
132,225,ccb4e47d-2c00-4a5f-8689-83cf7b349d3b,9cdcda2f-3a05-4abe-8f21-8529136ec7fa
133,225,31a90458-2db0-4aa5-81f4-364e8677c55f,9cdcda2f-3a05-4abe-8f21-8529136ec7fa
134,225,d3431df4-d7e2-448c-980c-6cdba5b93986,9cdcda2f-3a05-4abe-8f21-8529136ec7fa
135,225,f0712f08-fd4e-4124-aa9c-3df6f3a2a62f,9cdcda2f-3a05-4abe-8f21-8529136ec7fa
136,225,3bea700f-092b-4c58-8f2d-df5a433252df,9cdcda2f-3a05-4abe-8f21-8529136ec7fa
137,225,f9b170a7-a0c9-4490-90e4-c698a0627708,9cdcda2f-3a05-4abe-8f21-8529136ec7fa
138,225,5dc1a841-4b69-4141-8854-11b8d351ac3f,9cdcda2f-3a05-4abe-8f21-8529136ec7fa
139,225,cc47a4ea-f7b3-46d4-9482-ec5ec3d03f04,9cdcda2f-3a05-4abe-8f21-8529136ec7fa
140,225,e5680c4c-eff6-457d-9fd5-3e6784642bdb,9cdcda2f-3a05-4abe-8f21-8529136ec7fa
141,225,2251bf2e-1094-4fc4-ab13-c5e3e799c156,9cdcda2f-3a05-4abe-8f21-8529136ec7fa
142,225,22bdb454-c091-462e-8710-8f6c0d0d788a,9cdcda2f-3a05-4abe-8f21-8529136ec7fa
143,225,f6356eb9-9a5f-44e1-ad27-d82642ac0418,9cdcda2f-3a05-4abe-8f21-8529136ec7fa
144,74,f7886c4d-a0f8-4941-ac0c-4669b4029417,fcadc606-b3bc-456e-ad45-826bb6eaa875
145,991,1ddbd1a3-8e33-46d9-8ad9-9ce457e1ec0c,c09f6ef6-3d50-471d-8c7e-f4a78c8f398c
147,74,2dd2f9fd-c7dd-4a77-b33b-a394f11076d4,fcadc606-b3bc-456e-ad45-826bb6eaa875
148,74,102317fd-2b53-45b5-8667-d894267de1b8,fcadc606-b3bc-456e-ad45-826bb6eaa875
149,225,781749ba-0d43-48cd-8a81-1caf0ed865dc,9cdcda2f-3a05-4abe-8f21-8529136ec7fa
150,74,48ba83b3-91ae-42d6-9ec9-a97570e20ee7,fcadc606-b3bc-456e-ad45-826bb6eaa875
150,107,48ba83b3-91ae-42d6-9ec9-a97570e20ee7,d5b59247-e12c-4bb2-ae69-5a3569942ff1
151,74,259ac82e-0d70-495d-9e8e-decba6e0686c,fcadc606-b3bc-456e-ad45-826bb6eaa875
151,107,259ac82e-0d70-495d-9e8e-decba6e0686c,d5b59247-e12c-4bb2-ae69-5a3569942ff1
152,225,ad2ff79c-be25-42f2-a358-5fd058dfe789,9cdcda2f-3a05-4abe-8f21-8529136ec7fa
153,74,51b9e822-266e-4823-91aa-40ceb5172581,fcadc606-b3bc-456e-ad45-826bb6eaa875
155,74,82448559-81c0-4dfe-be81-10340e98fc7d,fcadc606-b3bc-456e-ad45-826bb6eaa875
156,76,bf6dfc9a-29d7-44fc-ace6-9472a2e4cd64,aca0ea7d-5edb-4012-b86e-c27ac894c9e9
157,74,e3fae2df-d5c0-4f81-b1f9-bc540ffeb05e,fcadc606-b3bc-456e-ad45-826bb6eaa875
158,74,85d8cba4-292e-4695-8a1e-43444059194a,fcadc606-b3bc-456e-ad45-826bb6eaa875
159,74,d2248c79-0585-41b8-9384-0d4d845bf734,fcadc606-b3bc-456e-ad45-826bb6eaa875
160,74,cdd34ef8-8ac1-4f04-aa0a-183d9581017a,fcadc606-b3bc-456e-ad45-826bb6eaa875
162,225,933fccd0-a06b-4b3a-a3c9-38db9d88e098,9cdcda2f-3a05-4abe-8f21-8529136ec7fa
163,110,c2280a98-cfb8-454f-8d1c-863341fa2242,0f8bb30d-61bf-4513-b56a-113ea8c3aff8
164,110,8b106ad1-1bbf-4088-b51f-0e0cca592931,0f8bb30d-61bf-4513-b56a-113ea8c3aff8
165,21,05c6f3eb-18cb-4bb2-84a7-1e4984ce32f0,ad53cbad-6a77-4499-94a7-c3442c2df2ee
165,67,05c6f3eb-18cb-4bb2-84a7-1e4984ce32f0,92fb785b-75ee-467b-8ff0-c25cb9c81149
165,74,05c6f3eb-18cb-4bb2-84a7-1e4984ce32f0,fcadc606-b3bc-456e-ad45-826bb6eaa875
165,107,05c6f3eb-18cb-4bb2-84a7-1e4984ce32f0,d5b59247-e12c-4bb2-ae69-5a3569942ff1
166,225,2f7998a7-f3ac-4ae4-ad19-25ec8beeddfb,9cdcda2f-3a05-4abe-8f21-8529136ec7fa
167,110,823e4da4-afe6-4070-aaea-d794dd5fe741,0f8bb30d-61bf-4513-b56a-113ea8c3aff8
168,58,9c1d42fb-a763-44a7-a39c-e4d8b12269bb,70349383-d413-4b44-af33-49f3df8ed8f5
168,74,9c1d42fb-a763-44a7-a39c-e4d8b12269bb,fcadc606-b3bc-456e-ad45-826bb6eaa875
169,110,9569f6a7-c43b-4b8d-b4e3-02de15a4a9fc,0f8bb30d-61bf-4513-b56a-113ea8c3aff8
170,110,810307d7-898a-4f29-b539-ea0a8ed873b2,0f8bb30d-61bf-4513-b56a-113ea8c3aff8
171,37,59e94bc1-215d-4ada-9892-6ff58d5f93d8,370d50ba-592a-491a-be9e-7aed4b1edcec
172,37,95698e49-6f31-42ec-956a-a3a5bb18206f,370d50ba-592a-491a-be9e-7aed4b1edcec
172,76,95698e49-6f31-42ec-956a-a3a5bb18206f,aca0ea7d-5edb-4012-b86e-c27ac894c9e9
173,37,1eaabaf6-1ff9-4184-9fd1-3900708b2e0a,370d50ba-592a-491a-be9e-7aed4b1edcec
174,37,69e95b3d-536c-49b1-90b3-20daae3676ef,370d50ba-592a-491a-be9e-7aed4b1edcec
175,37,7b1dbe70-3b74-41f8-8451-01ad07b8c5e0,370d50ba-592a-491a-be9e-7aed4b1edcec
176,76,50e5a15a-9a38-4ff8-b441-efb6d9d06210,aca0ea7d-5edb-4012-b86e-c27ac894c9e9
178,37,39cc6a55-23b6-46ac-b8d6-e286880ddf51,370d50ba-592a-491a-be9e-7aed4b1edcec
178,56,39cc6a55-23b6-46ac-b8d6-e286880ddf51,05db5d78-31d2-4fb7-ae0e-f3181d897dec
178,225,39cc6a55-23b6-46ac-b8d6-e286880ddf51,9cdcda2f-3a05-4abe-8f21-8529136ec7fa
179,37,57107c5c-4e0d-448c-8bfb-977a89251680,370d50ba-592a-491a-be9e-7aed4b1edcec
180,37,43a99769-6f32-44c4-af44-17292670b3b2,370d50ba-592a-491a-be9e-7aed4b1edcec
180,76,43a99769-6f32-44c4-af44-17292670b3b2,aca0ea7d-5edb-4012-b86e-c27ac894c9e9
181,37,031eca01-9e2e-41d1-a9d7-0678cf7830e6,370d50ba-592a-491a-be9e-7aed4b1edcec
181,225,031eca01-9e2e-41d1-a9d7-0678cf7830e6,9cdcda2f-3a05-4abe-8f21-8529136ec7fa
182,37,2ef5447a-58fb-4ce2-b6dd-263ff48325bd,370d50ba-592a-491a-be9e-7aed4b1edcec
183,37,01b1c554-0b1b-42d5-9ea7-4fb01c9649be,370d50ba-592a-491a-be9e-7aed4b1edcec
183,56,01b1c554-0b1b-42d5-9ea7-4fb01c9649be,05db5d78-31d2-4fb7-ae0e-f3181d897dec
184,151,055bc3f5-ea1a-4e9f-969c-78af140ceae0,d99989a8-ea9c-4d4e-86f5-71dfdf6f7e81
184,225,055bc3f5-ea1a-4e9f-969c-78af140ceae0,9cdcda2f-3a05-4abe-8f21-8529136ec7fa
185,37,fa6c7944-3a5f-404b-ad5c-218f8f197baa,370d50ba-592a-491a-be9e-7aed4b1edcec
185,225,fa6c7944-3a5f-404b-ad5c-218f8f197baa,9cdcda2f-3a05-4abe-8f21-8529136ec7fa
186,37,919c22b8-7348-4808-83aa-dc3c68edfa15,370d50ba-592a-491a-be9e-7aed4b1edcec
186,130,919c22b8-7348-4808-83aa-dc3c68edfa15,3ac91d17-f0a1-4b85-a83d-efafab0ee78c
187,37,b83d28cd-e5f5-4819-a0a8-06c817114e40,370d50ba-592a-491a-be9e-7aed4b1edcec
188,96,b8845cd3-f7dd-4b6e-b1cc-b01b335602c4,8ba836d3-0869-499f-86a3-c3e3a092f8d5
189,37,12130057-16ae-4fe5-84b0-16273af7efda,370d50ba-592a-491a-be9e-7aed4b1edcec
189,225,12130057-16ae-4fe5-84b0-16273af7efda,9cdcda2f-3a05-4abe-8f21-8529136ec7fa
190,37,1c84349f-c292-4f61-8093-4b4d5e14a321,370d50ba-592a-491a-be9e-7aed4b1edcec
190,76,1c84349f-c292-4f61-8093-4b4d5e14a321,aca0ea7d-5edb-4012-b86e-c27ac894c9e9
191,37,dd994a3c-3a0a-4b18-9c63-9bb6867a4aa3,370d50ba-592a-491a-be9e-7aed4b1edcec
191,225,dd994a3c-3a0a-4b18-9c63-9bb6867a4aa3,9cdcda2f-3a05-4abe-8f21-8529136ec7fa
192,37,3a026dc9-2810-49bd-903d-1e861c622126,370d50ba-592a-491a-be9e-7aed4b1edcec
192,225,3a026dc9-2810-49bd-903d-1e861c622126,9cdcda2f-3a05-4abe-8f21-8529136ec7fa
193,37,e5e4d12d-f4c4-45c6-af7a-ab43d82b8bda,370d50ba-592a-491a-be9e-7aed4b1edcec
193,76,e5e4d12d-f4c4-45c6-af7a-ab43d82b8bda,aca0ea7d-5edb-4012-b86e-c27ac894c9e9
194,37,fcb1acf4-01ee-41ad-a8c0-ebcf2665d667,370d50ba-592a-491a-be9e-7aed4b1edcec
195,37,e8859f57-faa5-45db-8bb4-a091b54168e1,370d50ba-592a-491a-be9e-7aed4b1edcec
196,37,3d1a445f-bd41-4379-9de7-4d4e501bdcb0,370d50ba-592a-491a-be9e-7aed4b1edcec
196,225,3d1a445f-bd41-4379-9de7-4d4e501bdcb0,9cdcda2f-3a05-4abe-8f21-8529136ec7fa
197,37,703f75eb-526e-463f-a6a8-830bbcd7f4d4,370d50ba-592a-491a-be9e-7aed4b1edcec
198,37,23c2c5f4-0b2b-4596-9bb9-96c41ed6d613,370d50ba-592a-491a-be9e-7aed4b1edcec
198,225,23c2c5f4-0b2b-4596-9bb9-96c41ed6d613,9cdcda2f-3a05-4abe-8f21-8529136ec7fa
199,37,419846fe-0232-40a9-b2f4-dbafcacd9390,370d50ba-592a-491a-be9e-7aed4b1edcec
200,37,67645fe8-b509-4350-8657-a99b87d10bde,370d50ba-592a-491a-be9e-7aed4b1edcec
201,37,33373a63-17b5-400f-aa12-d8e4b6b28bff,370d50ba-592a-491a-be9e-7aed4b1edcec
202,37,eeea4f3e-1699-49bc-aead-5852fa115480,370d50ba-592a-491a-be9e-7aed4b1edcec
203,37,fe98e99c-2ace-4837-bc82-8900a461f2bb,370d50ba-592a-491a-be9e-7aed4b1edcec
204,37,31631eb3-f32b-417f-9d15-4e2e47ea9ab4,370d50ba-592a-491a-be9e-7aed4b1edcec
204,58,31631eb3-f32b-417f-9d15-4e2e47ea9ab4,70349383-d413-4b44-af33-49f3df8ed8f5
205,37,e3fc5f1f-0401-4585-935f-8b144e40031d,370d50ba-592a-491a-be9e-7aed4b1edcec
206,37,4e0632d0-892f-44ac-9101-3f4a8e72cf5b,370d50ba-592a-491a-be9e-7aed4b1edcec
207,37,ddafea3b-f415-4a5e-bb98-b4cc1ac16a2c,370d50ba-592a-491a-be9e-7aed4b1edcec
208,37,e8cbbea1-a4db-4f0d-afd7-50590e747106,370d50ba-592a-491a-be9e-7aed4b1edcec
209,37,8e84d41c-4ded-477b-929b-611fd2d0ce60,370d50ba-592a-491a-be9e-7aed4b1edcec
210,37,eca3d21a-5213-4b45-9981-4a72f8f7d2b9,370d50ba-592a-491a-be9e-7aed4b1edcec
211,37,64a45a3e-8de2-47f2-83d5-95272f505d23,370d50ba-592a-491a-be9e-7aed4b1edcec
212,37,2cbab656-9d2a-43b2-82e2-004e95963dc8,370d50ba-592a-491a-be9e-7aed4b1edcec
213,225,87576e47-187b-4ac9-bbca-25da16352ffd,9cdcda2f-3a05-4abe-8f21-8529136ec7fa
214,76,432d84fd-fff4-4a68-9971-0ecac2c4f455,aca0ea7d-5edb-4012-b86e-c27ac894c9e9
215,225,048d2b47-8af1-47b1-b2fa-6a923cf97757,9cdcda2f-3a05-4abe-8f21-8529136ec7fa
216,225,a0668d16-ea19-4b64-9b1a-e0aaf507ca43,9cdcda2f-3a05-4abe-8f21-8529136ec7fa
217,76,eee482dd-243b-4aa1-a10a-9a0368bb246d,aca0ea7d-5edb-4012-b86e-c27ac894c9e9
218,110,0d77dd8c-9781-46eb-b038-6056bdebb52a,0f8bb30d-61bf-4513-b56a-113ea8c3aff8
219,74,3cb43b97-7954-41bd-83f1-59576228a2cf,fcadc606-b3bc-456e-ad45-826bb6eaa875
221,56,6ed126e4-4e91-43e8-9935-f483b1e7573d,05db5d78-31d2-4fb7-ae0e-f3181d897dec
221,225,6ed126e4-4e91-43e8-9935-f483b1e7573d,9cdcda2f-3a05-4abe-8f21-8529136ec7fa
222,225,ffa8437b-5568-46c9-b447-7483ec4b2fdb,9cdcda2f-3a05-4abe-8f21-8529136ec7fa
223,108,7f01a6d3-3095-40f1-9f44-ce90d71e6cd8,51564f47-2fdf-4f84-a2bf-f4ab0004c399
224,76,ecccf7cc-a145-4961-8563-09d38063f4f8,aca0ea7d-5edb-4012-b86e-c27ac894c9e9
224,225,ecccf7cc-a145-4961-8563-09d38063f4f8,9cdcda2f-3a05-4abe-8f21-8529136ec7fa
225,225,c080ad18-6c35-43fb-8b2e-423e40c6bbbd,9cdcda2f-3a05-4abe-8f21-8529136ec7fa
226,225,d88d737c-b3ce-493b-84ef-3a1737a8f53a,9cdcda2f-3a05-4abe-8f21-8529136ec7fa
227,118,cf7013ed-9606-4505-94d3-d1ceeacd9470,0ae3d636-f592-4f95-bed4-68e6dc1bf8a1
229,74,1e9e0a00-7b42-4073-bab5-2245004293be,fcadc606-b3bc-456e-ad45-826bb6eaa875
230,993,345ddfb1-5d38-43d0-8955-3150b5fd0dd5,be7df09a-bed7-44db-844a-05dda9dd1a46
231,110,21bd1fb0-695d-4611-afb8-3c4a654dc049,0f8bb30d-61bf-4513-b56a-113ea8c3aff8
232,64,54873725-9cd3-4217-8eb1-222d2d7d82fa,41adf662-c3fb-4838-8938-550a5c13c33e
233,56,67d47818-d226-4aaa-bd4f-83cba0b52966,05db5d78-31d2-4fb7-ae0e-f3181d897dec
233,173,67d47818-d226-4aaa-bd4f-83cba0b52966,5c13e222-45ec-4a67-9e4a-d91b1f1e60c9
234,14,07a105c9-ef07-4c99-9aef-bf8d133d5e0b,63415897-6d9c-4dc4-a2cf-db77b292f8ef
234,37,07a105c9-ef07-4c99-9aef-bf8d133d5e0b,370d50ba-592a-491a-be9e-7aed4b1edcec
235,225,b186870e-0fcd-442a-a4bf-f71b40fa0b98,9cdcda2f-3a05-4abe-8f21-8529136ec7fa
236,225,83863378-84ed-464b-a285-ece46714c6e5,9cdcda2f-3a05-4abe-8f21-8529136ec7fa
237,225,0cfd004e-f573-46c9-9094-bd2f126478cd,9cdcda2f-3a05-4abe-8f21-8529136ec7fa
238,225,787b8b79-9885-4a98-b7b5-04a617941c30,9cdcda2f-3a05-4abe-8f21-8529136ec7fa
239,225,710b40fb-4729-432f-929c-f95e5b791657,9cdcda2f-3a05-4abe-8f21-8529136ec7fa
240,225,c0933776-bbd0-45f3-bf12-a38360851d06,9cdcda2f-3a05-4abe-8f21-8529136ec7fa
241,225,7a2aa8aa-7e86-4d04-a8a0-1dde6288da95,9cdcda2f-3a05-4abe-8f21-8529136ec7fa
242,225,773cc684-edf6-4107-921a-1bab6ceb37ea,9cdcda2f-3a05-4abe-8f21-8529136ec7fa
243,76,45b05b0f-2736-43b0-9e39-27b12800d6d5,aca0ea7d-5edb-4012-b86e-c27ac894c9e9
243,225,45b05b0f-2736-43b0-9e39-27b12800d6d5,9cdcda2f-3a05-4abe-8f21-8529136ec7fa
244,56,f3e69647-959d-4223-b957-292433f1596a,05db5d78-31d2-4fb7-ae0e-f3181d897dec
245,110,0f9f66de-0e6e-49c5-ab17-262c75efb9bd,0f8bb30d-61bf-4513-b56a-113ea8c3aff8
246,76,af7f6e9a-8bba-4ff0-8bec-dc59746e4271,aca0ea7d-5edb-4012-b86e-c27ac894c9e9
246,225,af7f6e9a-8bba-4ff0-8bec-dc59746e4271,9cdcda2f-3a05-4abe-8f21-8529136ec7fa
247,225,e5a0a8fc-9d8f-4663-8d90-87d4d8de54f4,9cdcda2f-3a05-4abe-8f21-8529136ec7fa
248,118,9a5a9627-e2dd-4be9-b729-9584aca1dd3f,0ae3d636-f592-4f95-bed4-68e6dc1bf8a1
249,160,90aeadce-fa0b-4d28-bf1e-4e6a4bc415db,82d5bcea-2d26-46e5-9d77-5c269d4dc0f3
250,225,7cd6f31d-27fa-43e2-981f-c8e27af1e4ad,9cdcda2f-3a05-4abe-8f21-8529136ec7fa
252,93,77945cc2-ef85-42fe-b598-015707c5384f,5aec9d0e-3c30-4467-846f-edbaca04007b
253,74,5ada9871-1991-464a-96c4-484a71ae3c94,fcadc606-b3bc-456e-ad45-826bb6eaa875
254,74,a744b33d-0b65-4f9a-a3e4-59d9f48b91a5,fcadc606-b3bc-456e-ad45-826bb6eaa875
256,56,d161c77f-13c5-4949-8228-e89d3584ff79,05db5d78-31d2-4fb7-ae0e-f3181d897dec
256,225,d161c77f-13c5-4949-8228-e89d3584ff79,9cdcda2f-3a05-4abe-8f21-8529136ec7fa
257,225,e31b52ad-9831-401d-a76f-3faea250f683,9cdcda2f-3a05-4abe-8f21-8529136ec7fa
258,110,130efbdb-e1c5-4251-9592-92aaa0e85b08,0f8bb30d-61bf-4513-b56a-113ea8c3aff8
259,225,49861e85-2522-4d47-9979-346471cfa139,9cdcda2f-3a05-4abe-8f21-8529136ec7fa
260,76,2425c89c-c2e9-4f5d-9714-566fffc8cc71,aca0ea7d-5edb-4012-b86e-c27ac894c9e9
261,225,37987dc5-37b9-40a6-ac81-c6df41d7630b,9cdcda2f-3a05-4abe-8f21-8529136ec7fa
262,76,98e36ab2-64d4-411a-a4cc-b7524490bbad,aca0ea7d-5edb-4012-b86e-c27ac894c9e9
262,225,98e36ab2-64d4-411a-a4cc-b7524490bbad,9cdcda2f-3a05-4abe-8f21-8529136ec7fa
263,992,e1c560fd-2dde-44d3-8be5-85727e1b9eb4,f5045ddb-28f5-4810-b5b2-c013e56c96a3
264,55,af6cc8b8-3dc4-49ce-bb0e-d7cdfc105baa,70cb2fa0-b97b-4e80-adf4-5473e61cab6b
265,110,a1b08bfa-d802-40fa-aa34-966878409897,0f8bb30d-61bf-4513-b56a-113ea8c3aff8
265,225,a1b08bfa-d802-40fa-aa34-966878409897,9cdcda2f-3a05-4abe-8f21-8529136ec7fa
266,56,11ff38c4-8ca5-4881-9517-86888ee71a96,05db5d78-31d2-4fb7-ae0e-f3181d897dec
266,161,11ff38c4-8ca5-4881-9517-86888ee71a96,cb4838c4-6ff1-432f-93f3-985c8eeb8f1b
266,191,11ff38c4-8ca5-4881-9517-86888ee71a96,2de6dd51-50e0-4e80-825c-d0aeb80b3a47
267,37,a7708d63-4ae2-4e37-99a3-ff296ac1aabb,370d50ba-592a-491a-be9e-7aed4b1edcec
267,67,a7708d63-4ae2-4e37-99a3-ff296ac1aabb,92fb785b-75ee-467b-8ff0-c25cb9c81149
267,74,a7708d63-4ae2-4e37-99a3-ff296ac1aabb,fcadc606-b3bc-456e-ad45-826bb6eaa875
268,67,9fa7719a-3fac-4d4d-a597-8edfb1e34150,92fb785b-75ee-467b-8ff0-c25cb9c81149
268,151,9fa7719a-3fac-4d4d-a597-8edfb1e34150,d99989a8-ea9c-4d4e-86f5-71dfdf6f7e81
268,225,9fa7719a-3fac-4d4d-a597-8edfb1e34150,9cdcda2f-3a05-4abe-8f21-8529136ec7fa
269,100,a570e9f1-bab3-499d-b1fc-2d5bdfcbfd3a,cc0063a2-f29b-47cc-91bf-9cacc4668dd1
269,225,a570e9f1-bab3-499d-b1fc-2d5bdfcbfd3a,9cdcda2f-3a05-4abe-8f21-8529136ec7fa
270,76,d3edc4c1-3ea6-40ef-9146-06ee2a23eb6c,aca0ea7d-5edb-4012-b86e-c27ac894c9e9
271,74,7006fd79-35ed-41ae-9573-cbfc123a8689,fcadc606-b3bc-456e-ad45-826bb6eaa875
272,225,152197db-3c5a-4bca-a467-b1618c724262,9cdcda2f-3a05-4abe-8f21-8529136ec7fa
273,110,6f520b38-1293-4a46-bd11-aea83327d30d,0f8bb30d-61bf-4513-b56a-113ea8c3aff8
274,225,a9f203ab-211c-4d24-8210-5170c9bd76cb,9cdcda2f-3a05-4abe-8f21-8529136ec7fa
275,225,5d9f6681-a828-4208-8c98-154ff7752ed6,9cdcda2f-3a05-4abe-8f21-8529136ec7fa
276,76,db7e0389-a272-4c85-9662-09866358031a,aca0ea7d-5edb-4012-b86e-c27ac894c9e9
277,76,ab74daad-8d65-41a5-a48e-27760d2850f1,aca0ea7d-5edb-4012-b86e-c27ac894c9e9
278,76,37da84aa-b8c0-470b-ac6c-51561f94ce20,aca0ea7d-5edb-4012-b86e-c27ac894c9e9
279,107,46ff9906-eebc-4128-b67d-18a8ec638082,d5b59247-e12c-4bb2-ae69-5a3569942ff1
280,225,c78fc1dd-1723-409f-b74b-a1c74a3fe191,9cdcda2f-3a05-4abe-8f21-8529136ec7fa
281,225,1f4a0e64-4d48-4f0f-a691-799e95ab8e9b,9cdcda2f-3a05-4abe-8f21-8529136ec7fa
282,225,a3d18c2b-aac8-45fb-a0d7-b1091d2a183c,9cdcda2f-3a05-4abe-8f21-8529136ec7fa
283,192,34c8ef55-b152-4b4d-ade3-3db4d30c7931,f255ee1a-572c-4450-9477-73ff8bbe6165
284,110,f4f05d71-ba6c-41a0-a64e-4f6b8a5ac430,0f8bb30d-61bf-4513-b56a-113ea8c3aff8
285,173,490250ce-4153-45bc-990f-1dbcc85b2549,5c13e222-45ec-4a67-9e4a-d91b1f1e60c9
286,225,94ba14a4-6f9d-4388-8e5e-5d4abb7f7f68,9cdcda2f-3a05-4abe-8f21-8529136ec7fa
287,165,a38c628c-9797-4b13-95c7-4e67aa8a6a3f,666176cb-7d89-4559-959d-ce3cccf68dd7
288,56,dee235af-af6d-49b4-9d16-372bf8dda48a,05db5d78-31d2-4fb7-ae0e-f3181d897dec
289,56,b182a7cf-0699-4357-b421-4b15c63aff1d,05db5d78-31d2-4fb7-ae0e-f3181d897dec
289,76,b182a7cf-0699-4357-b421-4b15c63aff1d,aca0ea7d-5edb-4012-b86e-c27ac894c9e9
289,225,b182a7cf-0699-4357-b421-4b15c63aff1d,9cdcda2f-3a05-4abe-8f21-8529136ec7fa
290,118,d70f19f5-5bef-49a3-aec0-43b49767f8a8,0ae3d636-f592-4f95-bed4-68e6dc1bf8a1
290,225,d70f19f5-5bef-49a3-aec0-43b49767f8a8,9cdcda2f-3a05-4abe-8f21-8529136ec7fa
291,225,9348abdc-2b33-4e62-b39d-efde4cb14675,9cdcda2f-3a05-4abe-8f21-8529136ec7fa
292,225,77ca2015-2147-4f16-99f8-b1aaba3c5b9b,9cdcda2f-3a05-4abe-8f21-8529136ec7fa
293,225,a5ef6e9d-1ab1-4216-a81f-eea13fea4f7f,9cdcda2f-3a05-4abe-8f21-8529136ec7fa
294,76,8590c9cd-57b1-4c4b-81f8-feb0dec379fc,aca0ea7d-5edb-4012-b86e-c27ac894c9e9
295,225,7e351853-8d16-4191-8e28-fcb98a829744,9cdcda2f-3a05-4abe-8f21-8529136ec7fa
296,225,f58990e0-9e79-419c-b1f5-847beffeb649,9cdcda2f-3a05-4abe-8f21-8529136ec7fa
297,225,0be31e27-c7ce-456e-b47b-79df1923894a,9cdcda2f-3a05-4abe-8f21-8529136ec7fa
298,76,76c4cb79-fc0a-40f0-b8b6-3e501a802388,aca0ea7d-5edb-4012-b86e-c27ac894c9e9
299,76,1ecdd4ee-95af-44e4-99f3-dd6041c11249,aca0ea7d-5edb-4012-b86e-c27ac894c9e9
299,225,1ecdd4ee-95af-44e4-99f3-dd6041c11249,9cdcda2f-3a05-4abe-8f21-8529136ec7fa
300,225,56daf8b6-d873-48a3-bf26-b22644b6f949,9cdcda2f-3a05-4abe-8f21-8529136ec7fa
301,225,d0b1cf54-5f8b-435c-89f3-543bea3f0c72,9cdcda2f-3a05-4abe-8f21-8529136ec7fa
302,76,e45d9a86-f4a5-45c0-8863-f75e98ccbe47,aca0ea7d-5edb-4012-b86e-c27ac894c9e9
303,225,20494f1c-2adb-4a98-832d-77200507a4df,9cdcda2f-3a05-4abe-8f21-8529136ec7fa
304,21,6756e087-832a-415e-94e1-e19f91820f84,ad53cbad-6a77-4499-94a7-c3442c2df2ee
304,76,6756e087-832a-415e-94e1-e19f91820f84,aca0ea7d-5edb-4012-b86e-c27ac894c9e9
304,173,6756e087-832a-415e-94e1-e19f91820f84,5c13e222-45ec-4a67-9e4a-d91b1f1e60c9
304,225,6756e087-832a-415e-94e1-e19f91820f84,9cdcda2f-3a05-4abe-8f21-8529136ec7fa
305,225,ed386122-8105-49ed-94e2-444b8689388d,9cdcda2f-3a05-4abe-8f21-8529136ec7fa
306,76,fbea2469-5a54-451d-8104-d38c44387252,aca0ea7d-5edb-4012-b86e-c27ac894c9e9
307,14,e486742a-f38b-4e65-9bd6-77044c969ce2,63415897-6d9c-4dc4-a2cf-db77b292f8ef
309,37,f5fd0744-485b-4ae0-925b-8e5fd4dc1b6a,370d50ba-592a-491a-be9e-7aed4b1edcec
309,110,f5fd0744-485b-4ae0-925b-8e5fd4dc1b6a,0f8bb30d-61bf-4513-b56a-113ea8c3aff8
309,225,f5fd0744-485b-4ae0-925b-8e5fd4dc1b6a,9cdcda2f-3a05-4abe-8f21-8529136ec7fa
310,56,1637de59-2904-479a-8d4c-ec8d642e3e7c,05db5d78-31d2-4fb7-ae0e-f3181d897dec
310,76,1637de59-2904-479a-8d4c-ec8d642e3e7c,aca0ea7d-5edb-4012-b86e-c27ac894c9e9
310,225,1637de59-2904-479a-8d4c-ec8d642e3e7c,9cdcda2f-3a05-4abe-8f21-8529136ec7fa
311,102,b715d945-c5d3-4a0f-beb9-00838a7ef5de,a9d2a258-26e9-47ca-a80d-cb83e3d4fb49
312,225,8de27bcf-01a6-418c-9459-7de393a596f8,9cdcda2f-3a05-4abe-8f21-8529136ec7fa
313,74,de3a2de8-f847-4a99-87d1-44dee8096df5,fcadc606-b3bc-456e-ad45-826bb6eaa875
314,225,50c42fac-4079-49e2-9179-48719d2fbdfc,9cdcda2f-3a05-4abe-8f21-8529136ec7fa
315,991,ef4f5527-3b4f-42e5-837a-6f92d3b565cf,c09f6ef6-3d50-471d-8c7e-f4a78c8f398c
316,74,ead01ff7-7619-42b3-a418-12d1d9620ad2,fcadc606-b3bc-456e-ad45-826bb6eaa875
318,225,6375be80-a690-4758-b5d2-8a4953759ab4,9cdcda2f-3a05-4abe-8f21-8529136ec7fa
319,76,4b3c742f-750b-48bc-8c64-ef8c92688122,aca0ea7d-5edb-4012-b86e-c27ac894c9e9
319,225,4b3c742f-750b-48bc-8c64-ef8c92688122,9cdcda2f-3a05-4abe-8f21-8529136ec7fa
320,225,c6001cec-d04d-49b3-b024-1dcbfe535f9e,9cdcda2f-3a05-4abe-8f21-8529136ec7fa
321,74,4336b2c8-ac16-4f9f-a7e9-50afd46a7158,fcadc606-b3bc-456e-ad45-826bb6eaa875
321,107,4336b2c8-ac16-4f9f-a7e9-50afd46a7158,d5b59247-e12c-4bb2-ae69-5a3569942ff1
322,225,0885d862-f7bb-459f-a36e-5e6d8f1466e0,9cdcda2f-3a05-4abe-8f21-8529136ec7fa
323,225,18dac98c-481e-4031-9cc0-684756363e54,9cdcda2f-3a05-4abe-8f21-8529136ec7fa
324,995,b6c27fa8-344a-4ad8-8984-aafdfac38994,4c8bf90e-d1b8-4c9a-9882-fc85aee7fb51
325,225,aeb9c626-0590-4675-a978-3bec45d9b7cf,9cdcda2f-3a05-4abe-8f21-8529136ec7fa
326,995,7af09631-781a-4032-861e-fbd26d7d39c0,4c8bf90e-d1b8-4c9a-9882-fc85aee7fb51
327,76,834428e4-f80c-435c-b7d7-6526f407e6f2,aca0ea7d-5edb-4012-b86e-c27ac894c9e9
327,225,834428e4-f80c-435c-b7d7-6526f407e6f2,9cdcda2f-3a05-4abe-8f21-8529136ec7fa
328,996,7732e4ee-f3d1-4259-a799-d190ae2fab45,4de9d058-62bb-4727-b2a3-ef64bed4edf9
329,56,b072d03c-885c-4645-8f6d-ddb5530b33f3,05db5d78-31d2-4fb7-ae0e-f3181d897dec
330,74,432fe916-8f1a-4bda-9ee1-6fb1fab036f3,fcadc606-b3bc-456e-ad45-826bb6eaa875
331,64,9736fca9-aa1d-42b5-b5a8-d9749b4b6453,41adf662-c3fb-4838-8938-550a5c13c33e
332,74,5a364c8a-a7f8-4d5b-a819-4ca5fa15acc9,fcadc606-b3bc-456e-ad45-826bb6eaa875
333,225,67967fb4-ceec-468a-bf43-9e7a607e6cbd,9cdcda2f-3a05-4abe-8f21-8529136ec7fa
334,225,d7cd2053-03a6-42a6-a42b-d71d6b95e4ab,9cdcda2f-3a05-4abe-8f21-8529136ec7fa
335,107,5a3e4e19-9fa2-41e9-a478-1c3adfe98e64,d5b59247-e12c-4bb2-ae69-5a3569942ff1
336,74,a100be0e-3a20-4e87-82cd-299a4260e74b,fcadc606-b3bc-456e-ad45-826bb6eaa875
337,107,925e01c9-17a2-4b50-b5c2-b3d39a7a8e0a,d5b59247-e12c-4bb2-ae69-5a3569942ff1
338,107,a1e53a83-a653-484c-956f-9bfccdd760c7,d5b59247-e12c-4bb2-ae69-5a3569942ff1
339,225,23520065-73f7-4a70-9b85-354848b18549,9cdcda2f-3a05-4abe-8f21-8529136ec7fa
340,74,dadbf92c-ef70-4f81-ae79-ea35c1282c9f,fcadc606-b3bc-456e-ad45-826bb6eaa875
341,56,892ccba7-b79d-4485-8f4e-7f9731a20ab6,05db5d78-31d2-4fb7-ae0e-f3181d897dec
342,74,30930f64-07cd-4b57-b633-bf111556dd2d,fcadc606-b3bc-456e-ad45-826bb6eaa875
343,225,35dadfec-ede5-4f2d-8ae2-2c72af92fa46,9cdcda2f-3a05-4abe-8f21-8529136ec7fa
345,225,21df2dd8-2be6-435a-bf5c-cb301bbd203b,9cdcda2f-3a05-4abe-8f21-8529136ec7fa
346,151,cf1039b3-b1da-476f-b6b4-6ad0b8bf14b7,d99989a8-ea9c-4d4e-86f5-71dfdf6f7e81
347,64,664ac73c-5912-4feb-9a15-0cb2edc71a19,41adf662-c3fb-4838-8938-550a5c13c33e
348,74,5768221b-4bdb-46d5-9f8a-4de97115ff7c,fcadc606-b3bc-456e-ad45-826bb6eaa875
348,107,5768221b-4bdb-46d5-9f8a-4de97115ff7c,d5b59247-e12c-4bb2-ae69-5a3569942ff1
349,225,7e600621-f677-4f55-beb1-2bf5d7387e8f,9cdcda2f-3a05-4abe-8f21-8529136ec7fa
350,110,d683c771-bcee-4a39-8ebb-bdab2924931d,0f8bb30d-61bf-4513-b56a-113ea8c3aff8
351,225,09cce720-ec37-4539-8374-4be76b4d6507,9cdcda2f-3a05-4abe-8f21-8529136ec7fa
352,74,929e4612-6334-40e7-9f54-fc5c407eeae6,fcadc606-b3bc-456e-ad45-826bb6eaa875
352,107,929e4612-6334-40e7-9f54-fc5c407eeae6,d5b59247-e12c-4bb2-ae69-5a3569942ff1
356,56,e4cabb1a-0da2-4d0a-a002-5b0a06b52ac9,05db5d78-31d2-4fb7-ae0e-f3181d897dec
356,995,e4cabb1a-0da2-4d0a-a002-5b0a06b52ac9,4c8bf90e-d1b8-4c9a-9882-fc85aee7fb51
357,76,a2973087-9837-44f3-969c-d6235a372471,aca0ea7d-5edb-4012-b86e-c27ac894c9e9
358,56,fd9dcac6-c8cc-4991-948b-b9417c9ea1dc,05db5d78-31d2-4fb7-ae0e-f3181d897dec
358,74,fd9dcac6-c8cc-4991-948b-b9417c9ea1dc,fcadc606-b3bc-456e-ad45-826bb6eaa875
358,107,fd9dcac6-c8cc-4991-948b-b9417c9ea1dc,d5b59247-e12c-4bb2-ae69-5a3569942ff1
360,225,e6c875fb-d14f-4607-a3c5-1a5c8f489eae,9cdcda2f-3a05-4abe-8f21-8529136ec7fa
361,74,991dab3c-63bc-4d90-839b-13052b712d90,fcadc606-b3bc-456e-ad45-826bb6eaa875
362,123,317b1ce9-b433-4dbc-b92a-15da5971e9a4,4be9ac16-33dc-41ea-9d2d-c34044bedfc9
363,225,b190a513-1307-4d9e-8c1e-d68204451102,9cdcda2f-3a05-4abe-8f21-8529136ec7fa
364,225,aaf59821-35bd-4ee0-a6b0-b804895f6b19,9cdcda2f-3a05-4abe-8f21-8529136ec7fa
365,56,270483a2-1fdf-4a65-af0f-a9d2d746edc3,05db5d78-31d2-4fb7-ae0e-f3181d897dec
366,225,86a0a7d8-1d01-4cd1-8c2e-6da54c7f9cef,9cdcda2f-3a05-4abe-8f21-8529136ec7fa
367,225,4bbc453d-6cde-4925-b178-24eae32ff186,9cdcda2f-3a05-4abe-8f21-8529136ec7fa
368,225,7683d51a-09a5-4b37-8089-2afeb2b16423,9cdcda2f-3a05-4abe-8f21-8529136ec7fa
369,102,30172fc2-b18d-470b-936f-6145aa38b3f0,a9d2a258-26e9-47ca-a80d-cb83e3d4fb49
370,225,fe9b08d0-f313-42ba-8ddc-b0b84503c748,9cdcda2f-3a05-4abe-8f21-8529136ec7fa
371,225,21aa1fad-8aa4-4326-b4f0-eab8aa1bb46f,9cdcda2f-3a05-4abe-8f21-8529136ec7fa
372,225,abcf8ade-f8d3-4400-945a-74e1096add31,9cdcda2f-3a05-4abe-8f21-8529136ec7fa
373,225,ea208c4a-8508-426c-a463-3a3ddde01351,9cdcda2f-3a05-4abe-8f21-8529136ec7fa
374,64,8c516540-ea2e-4247-a75f-118ffa564c61,41adf662-c3fb-4838-8938-550a5c13c33e
375,133,b59b5ecc-f936-4ce7-8c9c-7d1f4f4f9784,c3be63fe-cd71-40de-8e06-81d593c5d995
376,102,62e7ab09-65df-4697-81ce-1362ebbd66e4,a9d2a258-26e9-47ca-a80d-cb83e3d4fb49
377,64,d5d78b05-1784-4465-a267-97d8f7e51999,41adf662-c3fb-4838-8938-550a5c13c33e
378,102,e8ca3385-807c-4b38-8688-23f2d26c325a,a9d2a258-26e9-47ca-a80d-cb83e3d4fb49
378,192,e8ca3385-807c-4b38-8688-23f2d26c325a,f255ee1a-572c-4450-9477-73ff8bbe6165
379,64,9f617ece-b8b1-47cc-b15d-55b715b1835f,41adf662-c3fb-4838-8938-550a5c13c33e
380,225,82891589-1be9-472d-9702-fb8011fd9c32,9cdcda2f-3a05-4abe-8f21-8529136ec7fa
381,67,c7c2ca44-c991-431d-80df-fd086aa9c52c,92fb785b-75ee-467b-8ff0-c25cb9c81149
381,74,c7c2ca44-c991-431d-80df-fd086aa9c52c,fcadc606-b3bc-456e-ad45-826bb6eaa875
381,107,c7c2ca44-c991-431d-80df-fd086aa9c52c,d5b59247-e12c-4bb2-ae69-5a3569942ff1
384,74,9cab93f6-4271-44b6-a292-b31548f170e8,fcadc606-b3bc-456e-ad45-826bb6eaa875
385,61,72a1186c-8ae7-4f32-80c3-e9510a375f50,e6dbd9df-582f-4177-8883-e1385b1a13a6
385,74,72a1186c-8ae7-4f32-80c3-e9510a375f50,fcadc606-b3bc-456e-ad45-826bb6eaa875
386,225,71160783-cf14-4221-af4b-49ca7f858e4a,9cdcda2f-3a05-4abe-8f21-8529136ec7fa
387,151,117dcce0-443f-46d2-935a-83ca75f70775,d99989a8-ea9c-4d4e-86f5-71dfdf6f7e81
388,991,0f1f3a62-a316-4742-b931-fbb20ffe9811,c09f6ef6-3d50-471d-8c7e-f4a78c8f398c
389,225,7d470588-dea0-426b-a3a8-95f77907f423,9cdcda2f-3a05-4abe-8f21-8529136ec7fa
390,102,cd520614-c97d-40ed-b4cb-d5338b2dd48d,a9d2a258-26e9-47ca-a80d-cb83e3d4fb49
391,225,e6829f29-ae6f-468a-8db3-1b18de195130,9cdcda2f-3a05-4abe-8f21-8529136ec7fa
392,225,599c1b3a-8084-4c18-845f-a7b673a1619b,9cdcda2f-3a05-4abe-8f21-8529136ec7fa
392,995,599c1b3a-8084-4c18-845f-a7b673a1619b,4c8bf90e-d1b8-4c9a-9882-fc85aee7fb51
393,102,59ca96ee-7372-4491-b047-de6f5f1bfd1e,a9d2a258-26e9-47ca-a80d-cb83e3d4fb49
393,110,59ca96ee-7372-4491-b047-de6f5f1bfd1e,0f8bb30d-61bf-4513-b56a-113ea8c3aff8
395,225,3c69bcbd-a082-4c26-bf37-dc58c3bba2f4,9cdcda2f-3a05-4abe-8f21-8529136ec7fa
396,107,3b4bf61f-5127-4587-b560-7327a4672a3e,d5b59247-e12c-4bb2-ae69-5a3569942ff1
397,76,5347332a-d214-450f-bc2a-06bfbf777692,aca0ea7d-5edb-4012-b86e-c27ac894c9e9
398,107,51da9dfc-6200-4ef3-b70d-da529102dd09,d5b59247-e12c-4bb2-ae69-5a3569942ff1
398,225,51da9dfc-6200-4ef3-b70d-da529102dd09,9cdcda2f-3a05-4abe-8f21-8529136ec7fa
399,225,7dddd294-4742-4a09-945e-d2f51716c846,9cdcda2f-3a05-4abe-8f21-8529136ec7fa
400,225,6e795288-a3c0-43a3-890d-8b1765ffe093,9cdcda2f-3a05-4abe-8f21-8529136ec7fa
401,76,57c5b536-f1e6-45ec-bf34-c3e65fba5c45,aca0ea7d-5edb-4012-b86e-c27ac894c9e9
402,107,45a5bc9f-45dc-46bf-8bd3-9d4369bc7f3d,d5b59247-e12c-4bb2-ae69-5a3569942ff1
403,225,c99f2411-5db7-4d28-a226-1a1d2e804b06,9cdcda2f-3a05-4abe-8f21-8529136ec7fa
404,995,690788eb-f129-442e-9b95-e36df92d27ee,4c8bf90e-d1b8-4c9a-9882-fc85aee7fb51
405,225,25c22e2f-2f0d-48f4-b925-e1b5ce89471d,9cdcda2f-3a05-4abe-8f21-8529136ec7fa
406,225,9207d62e-b61f-4b75-a973-559243b5c676,9cdcda2f-3a05-4abe-8f21-8529136ec7fa
407,64,a321c736-b9f8-4ff7-b443-a52d22285d87,41adf662-c3fb-4838-8938-550a5c13c33e
408,74,54243a4c-bd1b-4bfb-8461-91b8ece22b68,fcadc606-b3bc-456e-ad45-826bb6eaa875
408,107,54243a4c-bd1b-4bfb-8461-91b8ece22b68,d5b59247-e12c-4bb2-ae69-5a3569942ff1
409,67,60994edb-74d3-42ef-bd57-4f5f9a721ca9,92fb785b-75ee-467b-8ff0-c25cb9c81149
409,74,60994edb-74d3-42ef-bd57-4f5f9a721ca9,fcadc606-b3bc-456e-ad45-826bb6eaa875
410,225,17c04d2d-b637-4e83-b518-08b0f720f3a8,9cdcda2f-3a05-4abe-8f21-8529136ec7fa
411,225,4f1abcf4-0b6f-4a8a-b076-128abb76ff9b,9cdcda2f-3a05-4abe-8f21-8529136ec7fa
412,225,95a1440d-0190-4517-8d06-f937be36cdf9,9cdcda2f-3a05-4abe-8f21-8529136ec7fa
413,225,c70831d7-b984-4d21-ba80-8507f5e21d59,9cdcda2f-3a05-4abe-8f21-8529136ec7fa
414,107,54390df3-efeb-40dc-b7d8-28549ac6717f,d5b59247-e12c-4bb2-ae69-5a3569942ff1
415,225,62e0c6e1-e76d-404b-91dd-55e8792894ec,9cdcda2f-3a05-4abe-8f21-8529136ec7fa
416,225,595a0ef9-7649-4d3d-94b5-40c752e74239,9cdcda2f-3a05-4abe-8f21-8529136ec7fa
417,225,cea3358d-9d24-4a95-9aee-cc46be9e6ec7,9cdcda2f-3a05-4abe-8f21-8529136ec7fa
418,64,7c1d7ac7-7fcc-4d0e-9f3a-eb2f450e5d1b,41adf662-c3fb-4838-8938-550a5c13c33e
419,107,d687efe7-71fc-4e07-a6a8-f465d0cfeab3,d5b59247-e12c-4bb2-ae69-5a3569942ff1
420,225,e61cc43d-d7d6-4664-99be-ceda9ab12a5c,9cdcda2f-3a05-4abe-8f21-8529136ec7fa
421,64,761b2e35-219e-4280-97f5-dc0cf14901c4,41adf662-c3fb-4838-8938-550a5c13c33e
422,64,46a01bf4-99b7-426c-a7ac-0c3aa10b53a9,41adf662-c3fb-4838-8938-550a5c13c33e
423,74,c06db73f-d6c7-4706-8f4d-94512133308d,fcadc606-b3bc-456e-ad45-826bb6eaa875
426,107,b2fa890b-2fa2-4b8a-b30c-0bb52d15b8ad,d5b59247-e12c-4bb2-ae69-5a3569942ff1
427,74,60f57549-1cbf-43d2-ad41-6daa296425c2,fcadc606-b3bc-456e-ad45-826bb6eaa875
428,76,243d1146-db28-4702-a4f6-c6895f8d0e19,aca0ea7d-5edb-4012-b86e-c27ac894c9e9
428,107,243d1146-db28-4702-a4f6-c6895f8d0e19,d5b59247-e12c-4bb2-ae69-5a3569942ff1
429,996,3f6e667d-7e8c-4107-bb78-73626c55c8e0,4de9d058-62bb-4727-b2a3-ef64bed4edf9
430,225,8e4b76da-1261-44a2-9005-58e1697b9d3a,9cdcda2f-3a05-4abe-8f21-8529136ec7fa
431,74,df02e143-cfe4-45b2-ae7d-8cce08114a9f,fcadc606-b3bc-456e-ad45-826bb6eaa875
432,76,87832d9e-6eba-4d4c-afe2-8287e0e7417e,aca0ea7d-5edb-4012-b86e-c27ac894c9e9
432,178,87832d9e-6eba-4d4c-afe2-8287e0e7417e,cb8c7fc8-3f65-4b16-9944-3f1b521d41ec
433,76,67e7b235-33db-4797-a975-e2f5e4bf644e,aca0ea7d-5edb-4012-b86e-c27ac894c9e9
434,225,98012b8b-3a79-424d-9a98-1799ebed6e2e,9cdcda2f-3a05-4abe-8f21-8529136ec7fa
435,74,75f70e49-beea-4bad-b93e-c0de3f0c9896,fcadc606-b3bc-456e-ad45-826bb6eaa875
436,225,9379a63f-01a2-4d1a-9108-6bcebd33dadd,9cdcda2f-3a05-4abe-8f21-8529136ec7fa
437,225,60e68ac0-7c60-4245-bc99-ba3be0f63205,9cdcda2f-3a05-4abe-8f21-8529136ec7fa
438,76,00707783-c399-49f2-bfbc-745d9d411c07,aca0ea7d-5edb-4012-b86e-c27ac894c9e9
439,225,bbc596d0-9546-4f6f-abb3-d769fae20226,9cdcda2f-3a05-4abe-8f21-8529136ec7fa
440,225,a0273b33-591f-45ff-834f-45571989c1af,9cdcda2f-3a05-4abe-8f21-8529136ec7fa
442,225,3a7d5248-62bf-4fa7-ad2e-2ac1cf65d4af,9cdcda2f-3a05-4abe-8f21-8529136ec7fa
443,225,8dbc529b-b2ba-413c-9355-2140a38c9d7f,9cdcda2f-3a05-4abe-8f21-8529136ec7fa
444,225,08ed4107-4d04-4d39-a6af-941640dcc6c5,9cdcda2f-3a05-4abe-8f21-8529136ec7fa
445,225,938e3b24-6769-4865-8049-bd1c7c19246c,9cdcda2f-3a05-4abe-8f21-8529136ec7fa
446,225,5b439c61-d481-41fa-90ec-adaec86a64c2,9cdcda2f-3a05-4abe-8f21-8529136ec7fa
447,991,7ecf91b1-4180-4c03-866b-0a3290f1d365,c09f6ef6-3d50-471d-8c7e-f4a78c8f398c
448,996,c23c77ce-3988-45da-9480-baf1daeeefaa,4de9d058-62bb-4727-b2a3-ef64bed4edf9
449,991,230f09ab-3145-4ee2-812e-7f02308d3312,c09f6ef6-3d50-471d-8c7e-f4a78c8f398c
450,993,0224f787-29aa-43f6-a35e-440bfe3b2bf1,be7df09a-bed7-44db-844a-05dda9dd1a46
451,76,061fb5ab-c81a-47d0-9344-788afa1fed2a,aca0ea7d-5edb-4012-b86e-c27ac894c9e9
452,225,32e47caa-fc8a-4fde-a333-ab4416c6e112,9cdcda2f-3a05-4abe-8f21-8529136ec7fa
453,225,e35c9d20-228b-426d-8588-5c20efb2ad6c,9cdcda2f-3a05-4abe-8f21-8529136ec7fa
454,101,2e1e30a3-7af1-4e15-a663-87feef1bf339,134fd0db-dd0c-4e37-82ce-a73f8688026b
454,225,2e1e30a3-7af1-4e15-a663-87feef1bf339,9cdcda2f-3a05-4abe-8f21-8529136ec7fa
455,225,eaade806-92ba-4e81-a08c-ab3374d8fbb8,9cdcda2f-3a05-4abe-8f21-8529136ec7fa
456,225,cbad34d9-6477-4165-ac11-f34e8f8fbd36,9cdcda2f-3a05-4abe-8f21-8529136ec7fa
457,110,16852548-6ee4-417f-a7d7-96509799621d,0f8bb30d-61bf-4513-b56a-113ea8c3aff8
457,225,16852548-6ee4-417f-a7d7-96509799621d,9cdcda2f-3a05-4abe-8f21-8529136ec7fa
458,225,54813765-f9d3-4961-afe9-ac9c7ecdcafb,9cdcda2f-3a05-4abe-8f21-8529136ec7fa
459,225,7e02281b-a595-4ecf-8487-afc5e93d3fcb,9cdcda2f-3a05-4abe-8f21-8529136ec7fa
460,225,2db5f675-e20c-4075-ad70-8f043a701295,9cdcda2f-3a05-4abe-8f21-8529136ec7fa
461,14,8060b383-9344-4de4-91f7-9c1735cd6260,63415897-6d9c-4dc4-a2cf-db77b292f8ef
461,225,8060b383-9344-4de4-91f7-9c1735cd6260,9cdcda2f-3a05-4abe-8f21-8529136ec7fa
462,102,0cc0a1d2-33f2-414f-ac8d-984ff31fcce4,a9d2a258-26e9-47ca-a80d-cb83e3d4fb49
462,225,0cc0a1d2-33f2-414f-ac8d-984ff31fcce4,9cdcda2f-3a05-4abe-8f21-8529136ec7fa
463,225,b992eba8-185e-4d8d-8fd8-1fa8ffe003c1,9cdcda2f-3a05-4abe-8f21-8529136ec7fa
464,76,2fc18e68-9c7c-4836-969d-7bb9a3f00b54,aca0ea7d-5edb-4012-b86e-c27ac894c9e9
464,225,2fc18e68-9c7c-4836-969d-7bb9a3f00b54,9cdcda2f-3a05-4abe-8f21-8529136ec7fa
465,106,1f418574-8e51-4177-bff8-f2de5df8165f,9e1bcb58-534c-4885-86f5-a220bb51438a
465,225,1f418574-8e51-4177-bff8-f2de5df8165f,9cdcda2f-3a05-4abe-8f21-8529136ec7fa
466,76,ca0cae3e-b420-4b45-b9db-3bb6b0724c20,aca0ea7d-5edb-4012-b86e-c27ac894c9e9
466,239,ca0cae3e-b420-4b45-b9db-3bb6b0724c20,44516d0f-7394-4053-855c-cd6912710867
467,225,45b946c9-2b12-488a-9538-368e34b42b9b,9cdcda2f-3a05-4abe-8f21-8529136ec7fa
469,76,b9f3b885-a80f-4c30-ab91-6751771dc788,aca0ea7d-5edb-4012-b86e-c27ac894c9e9
470,225,7d21ba69-5a71-4ffc-b0c3-1036575ae3b2,9cdcda2f-3a05-4abe-8f21-8529136ec7fa
471,225,993cc0bb-3302-42c2-af89-e6ef1b50435a,9cdcda2f-3a05-4abe-8f21-8529136ec7fa
472,13,14a19226-d11d-471d-b2d8-9ca558b9761f,b55c215f-d96b-4e35-b2f0-242bed184ab2
473,225,77069a10-3e04-4c99-9429-90196a140a93,9cdcda2f-3a05-4abe-8f21-8529136ec7fa
474,74,299552aa-346f-4b93-bac4-71650153279f,fcadc606-b3bc-456e-ad45-826bb6eaa875
475,76,81a898ae-7ac0-4475-974b-f5a7f6cd6c01,aca0ea7d-5edb-4012-b86e-c27ac894c9e9
476,225,0138cd40-38cd-4398-95d5-c2fd2b11b0e6,9cdcda2f-3a05-4abe-8f21-8529136ec7fa
477,76,6c9fdc54-cc47-4b26-8d18-6aa39ff4c400,aca0ea7d-5edb-4012-b86e-c27ac894c9e9
478,225,fe4093c7-c02e-493a-92a9-42cf06dd40ac,9cdcda2f-3a05-4abe-8f21-8529136ec7fa
479,69,68bba82e-d782-4fc9-a0cd-921570b18bdd,035eab86-1053-41d2-bb09-048493bf5a8f
480,151,67427663-0aa7-426a-bd3d-dc4f76a98b2b,d99989a8-ea9c-4d4e-86f5-71dfdf6f7e81
481,225,a4820c1b-2ee2-416e-acd0-93d2a308f9b7,9cdcda2f-3a05-4abe-8f21-8529136ec7fa
482,225,d1c1b4dd-b9f2-4ff9-8cd4-6fa59f1f04dd,9cdcda2f-3a05-4abe-8f21-8529136ec7fa
483,225,f58dcb19-29a0-41b8-8573-bed1fdd1d373,9cdcda2f-3a05-4abe-8f21-8529136ec7fa
484,42,6b530f4f-c286-4a89-892d-47b07ec8bf43,51fc41ab-afab-40d9-a285-aa863fd2e978
484,74,6b530f4f-c286-4a89-892d-47b07ec8bf43,fcadc606-b3bc-456e-ad45-826bb6eaa875
484,995,6b530f4f-c286-4a89-892d-47b07ec8bf43,4c8bf90e-d1b8-4c9a-9882-fc85aee7fb51
485,151,6f6a041a-153b-4eee-a491-4b545d16874e,d99989a8-ea9c-4d4e-86f5-71dfdf6f7e81
486,76,06235635-ae7d-4b4f-9b7d-0c69da4a9ad8,aca0ea7d-5edb-4012-b86e-c27ac894c9e9
487,225,7c1b41b8-0f6a-4b20-9757-e2c01af5d3a4,9cdcda2f-3a05-4abe-8f21-8529136ec7fa
488,151,c1408b3b-a293-40f6-a618-22e8d1d3e4ac,d99989a8-ea9c-4d4e-86f5-71dfdf6f7e81
489,225,8c6964c7-9ff2-4a63-aa32-0d2f2237610f,9cdcda2f-3a05-4abe-8f21-8529136ec7fa
491,42,207bbceb-06ad-4f7d-8b29-0aeb7ce1d034,51fc41ab-afab-40d9-a285-aa863fd2e978
491,995,207bbceb-06ad-4f7d-8b29-0aeb7ce1d034,4c8bf90e-d1b8-4c9a-9882-fc85aee7fb51
492,74,f8a60838-33f1-4cd3-b6b0-c08b1084b62b,fcadc606-b3bc-456e-ad45-826bb6eaa875
492,107,f8a60838-33f1-4cd3-b6b0-c08b1084b62b,d5b59247-e12c-4bb2-ae69-5a3569942ff1
492,995,f8a60838-33f1-4cd3-b6b0-c08b1084b62b,4c8bf90e-d1b8-4c9a-9882-fc85aee7fb51
493,74,5de1692e-09a3-4e2b-87d0-fc3eca3ad848,fcadc606-b3bc-456e-ad45-826bb6eaa875
493,222,5de1692e-09a3-4e2b-87d0-fc3eca3ad848,bfcd729e-fa75-4887-bbe3-34e59d05af64
494,110,d43a03fc-7fdb-412d-9cad-51a6baee0e62,0f8bb30d-61bf-4513-b56a-113ea8c3aff8
495,37,b5bbfb46-940d-4199-9399-37760c6c074c,370d50ba-592a-491a-be9e-7aed4b1edcec
496,225,260fe99a-dc43-405f-a7cb-61327ae3e3f1,9cdcda2f-3a05-4abe-8f21-8529136ec7fa
497,74,7a5e46d4-1279-4a8a-971e-0aec0aa832db,fcadc606-b3bc-456e-ad45-826bb6eaa875
498,45,01685ba7-d8a8-49ab-ba96-5d2f96ae5c37,b4db8b4b-c9d5-42c2-949c-1728db566fb6
498,225,01685ba7-d8a8-49ab-ba96-5d2f96ae5c37,9cdcda2f-3a05-4abe-8f21-8529136ec7fa
500,74,f35cc255-6832-49bf-9633-2ef87ee31eb0,fcadc606-b3bc-456e-ad45-826bb6eaa875
501,76,bec3ea7d-beac-4d72-b05d-091b1630094a,aca0ea7d-5edb-4012-b86e-c27ac894c9e9
502,76,ef1702a9-a88d-474a-9337-ca1e4fbfed3a,aca0ea7d-5edb-4012-b86e-c27ac894c9e9
503,225,ecb430ae-4a50-4a9a-87d1-f507e3727810,9cdcda2f-3a05-4abe-8f21-8529136ec7fa
504,225,7145e8e3-de29-4a0b-95d3-667a9dacb4f7,9cdcda2f-3a05-4abe-8f21-8529136ec7fa
505,225,4b0583ba-ad5c-4b45-81db-cbe1f73be03b,9cdcda2f-3a05-4abe-8f21-8529136ec7fa
506,225,09feea93-5cc6-4763-8727-727ee1d84be6,9cdcda2f-3a05-4abe-8f21-8529136ec7fa
508,76,4aac38c4-aab0-4de8-97ee-64b546dc79de,aca0ea7d-5edb-4012-b86e-c27ac894c9e9
509,225,fb6e0af0-a095-415f-b18c-86ed3a1f65a3,9cdcda2f-3a05-4abe-8f21-8529136ec7fa
510,225,293fdd0c-cf0f-4071-9389-4faf0e0444e1,9cdcda2f-3a05-4abe-8f21-8529136ec7fa
511,107,ddc20f04-c205-4d70-8eb1-5c1ffa62de4e,d5b59247-e12c-4bb2-ae69-5a3569942ff1
512,225,bd9fbd35-0a1d-49c9-9ccf-1fa23a8aaea0,9cdcda2f-3a05-4abe-8f21-8529136ec7fa
513,225,48fd9d37-3c8e-4edf-a0e5-f5e16aebfa77,9cdcda2f-3a05-4abe-8f21-8529136ec7fa
514,225,d3375d88-4340-4f71-83b5-c82721ec6919,9cdcda2f-3a05-4abe-8f21-8529136ec7fa
515,225,bec51056-e9a4-4ffe-ba6f-50c4266f532a,9cdcda2f-3a05-4abe-8f21-8529136ec7fa
516,225,beae2248-9750-4dc3-81e7-8250d9cbb533,9cdcda2f-3a05-4abe-8f21-8529136ec7fa
517,225,874ad6a9-3918-4de7-81a2-be2caf396a86,9cdcda2f-3a05-4abe-8f21-8529136ec7fa
518,56,47c6c085-f0b3-42c7-9d08-87ebb6b634c9,05db5d78-31d2-4fb7-ae0e-f3181d897dec
519,225,82a57786-2853-4187-a269-a412264ac367,9cdcda2f-3a05-4abe-8f21-8529136ec7fa
520,225,9f742632-3c9e-4c07-a975-3e9865899e4b,9cdcda2f-3a05-4abe-8f21-8529136ec7fa
521,225,f31d1338-ca9b-4a48-b974-953c6b876265,9cdcda2f-3a05-4abe-8f21-8529136ec7fa
522,225,3034fa57-4eb1-4463-82a6-821a0d32b875,9cdcda2f-3a05-4abe-8f21-8529136ec7fa
523,225,073e0edd-a225-41cf-a5bc-3678bf2a2084,9cdcda2f-3a05-4abe-8f21-8529136ec7fa
524,225,f4966b4a-6099-467b-b5a4-d25a42d2e091,9cdcda2f-3a05-4abe-8f21-8529136ec7fa
525,37,ef501570-ed22-420a-9ecd-ad0962b9f6be,370d50ba-592a-491a-be9e-7aed4b1edcec
526,37,a1d9eb4e-b514-454e-be0f-1d938c80d48a,370d50ba-592a-491a-be9e-7aed4b1edcec
528,56,ceff04eb-cad0-4683-b362-31e153803ac4,05db5d78-31d2-4fb7-ae0e-f3181d897dec
528,225,ceff04eb-cad0-4683-b362-31e153803ac4,9cdcda2f-3a05-4abe-8f21-8529136ec7fa
529,225,66c27199-b4b9-4ab4-bea8-40012a18ab82,9cdcda2f-3a05-4abe-8f21-8529136ec7fa
530,225,d96a4b68-7981-4938-bac2-a727c2f48537,9cdcda2f-3a05-4abe-8f21-8529136ec7fa
531,225,1a54d751-b335-4c08-9dba-8134f62959b2,9cdcda2f-3a05-4abe-8f21-8529136ec7fa
532,225,ad3a908b-8b25-4bc2-9fa2-79af0a5bc893,9cdcda2f-3a05-4abe-8f21-8529136ec7fa
533,225,32605ea4-b107-436f-b064-9cbe7fe4c468,9cdcda2f-3a05-4abe-8f21-8529136ec7fa
534,225,5041de57-b769-480f-b3ba-ab7de95783d5,9cdcda2f-3a05-4abe-8f21-8529136ec7fa
535,74,cb327fc1-c077-464d-9127-db754821cb9b,fcadc606-b3bc-456e-ad45-826bb6eaa875
536,225,c9bcbb7a-536c-4ef9-bc49-35d31eb42fa9,9cdcda2f-3a05-4abe-8f21-8529136ec7fa
537,74,3b5e4c0c-98c3-4617-885b-c9416dbeb984,fcadc606-b3bc-456e-ad45-826bb6eaa875
538,225,663a0535-f49c-4865-ae7e-bd03b1ed8877,9cdcda2f-3a05-4abe-8f21-8529136ec7fa
539,74,fb346d79-e5e8-4fb5-96fb-06070baa74c2,fcadc606-b3bc-456e-ad45-826bb6eaa875
540,74,8df8547e-50ce-46d8-976d-cadcd9949971,fcadc606-b3bc-456e-ad45-826bb6eaa875
541,225,5ffa8350-2cbb-407c-a245-2c4916469bf5,9cdcda2f-3a05-4abe-8f21-8529136ec7fa
542,225,9fe79aa6-bfa6-4992-9375-c66505c704ae,9cdcda2f-3a05-4abe-8f21-8529136ec7fa
543,101,32e4299c-9a97-4dec-918a-4f8c538afb22,134fd0db-dd0c-4e37-82ce-a73f8688026b
544,165,f76fac86-91e8-4762-851c-07b64e341384,666176cb-7d89-4559-959d-ce3cccf68dd7
545,225,d2ad1012-9469-44a5-bcfa-b545cfd3637f,9cdcda2f-3a05-4abe-8f21-8529136ec7fa
546,225,d5ef3fc3-a2b3-452d-acc2-be4964517519,9cdcda2f-3a05-4abe-8f21-8529136ec7fa
547,225,308fcde3-719c-4c5c-b221-858ad112be8a,9cdcda2f-3a05-4abe-8f21-8529136ec7fa
548,225,25f0c0b9-8d41-493f-9322-16e05453ab3e,9cdcda2f-3a05-4abe-8f21-8529136ec7fa
549,225,949a23e2-c10e-4717-8987-455fad7e3dc6,9cdcda2f-3a05-4abe-8f21-8529136ec7fa
550,225,9abb4bb6-1810-4815-be32-26a69e55bd7c,9cdcda2f-3a05-4abe-8f21-8529136ec7fa
551,225,ed7483c1-2f1f-45f9-8e2a-82ba7f35c269,9cdcda2f-3a05-4abe-8f21-8529136ec7fa
552,225,89635205-22d9-4812-8fd3-43bec354c14b,9cdcda2f-3a05-4abe-8f21-8529136ec7fa
553,225,e5edfc4a-44e8-438a-901b-d3300a03e8fb,9cdcda2f-3a05-4abe-8f21-8529136ec7fa
555,56,b078fbfa-bde8-4f08-ba82-c0295ea48f63,05db5d78-31d2-4fb7-ae0e-f3181d897dec
556,76,e70101b5-c101-4497-9e02-f4b0667417a7,aca0ea7d-5edb-4012-b86e-c27ac894c9e9
557,995,758d4f2e-aae5-4cd1-b6f5-061456082e7b,4c8bf90e-d1b8-4c9a-9882-fc85aee7fb51
558,225,38a371a2-1d82-40d7-8749-7aaa96f9b78e,9cdcda2f-3a05-4abe-8f21-8529136ec7fa
559,225,d6bc03e6-26d0-4a3b-8ff0-8b8409d96229,9cdcda2f-3a05-4abe-8f21-8529136ec7fa
561,56,f673f1ec-112c-45e1-926c-7ca1effa41c7,05db5d78-31d2-4fb7-ae0e-f3181d897dec
562,225,612ec291-c80a-4b42-b49c-0afe8888d2ac,9cdcda2f-3a05-4abe-8f21-8529136ec7fa
563,37,22456f61-7d36-4bd1-8259-3d752852dc50,370d50ba-592a-491a-be9e-7aed4b1edcec
564,225,b67eda4b-5374-41cf-9742-3ffc2cfc9d6d,9cdcda2f-3a05-4abe-8f21-8529136ec7fa
565,225,2dcc1763-1451-4367-a50a-356c601328e7,9cdcda2f-3a05-4abe-8f21-8529136ec7fa
566,225,87080382-ea66-4f3c-87fe-593fd6ae9751,9cdcda2f-3a05-4abe-8f21-8529136ec7fa
567,225,c35e6bfc-edad-4cb0-85c6-8f3862e01bcc,9cdcda2f-3a05-4abe-8f21-8529136ec7fa
568,13,ca02e2e9-aa3b-45bc-a0c3-0be8db549519,b55c215f-d96b-4e35-b2f0-242bed184ab2
569,225,9c22d68c-e2e1-4f5f-b525-09ecaccb35c2,9cdcda2f-3a05-4abe-8f21-8529136ec7fa
570,225,4eaf9712-529d-4eca-821a-3ba201d4ee91,9cdcda2f-3a05-4abe-8f21-8529136ec7fa
571,56,ebd62ad7-2f9a-4de2-ac3d-b28ec4acbaf3,05db5d78-31d2-4fb7-ae0e-f3181d897dec
572,165,bdac7661-8006-4c62-aad2-6faa685b8343,666176cb-7d89-4559-959d-ce3cccf68dd7
573,74,f2c4471b-524f-40b6-9552-a4bdb34db00d,fcadc606-b3bc-456e-ad45-826bb6eaa875
574,225,81cffa12-c6b4-431b-8237-ebd741d9a7a3,9cdcda2f-3a05-4abe-8f21-8529136ec7fa
576,225,5a0bb55c-3f88-45bd-af7a-05a0d4cba64a,9cdcda2f-3a05-4abe-8f21-8529136ec7fa
577,225,07c9fcb7-612a-4346-8774-a3385c82dbcd,9cdcda2f-3a05-4abe-8f21-8529136ec7fa
578,225,740ba00f-61fc-4fcc-98bf-474a58c904d8,9cdcda2f-3a05-4abe-8f21-8529136ec7fa
579,74,1721ffcb-7144-4978-9f52-488fa126f3f5,fcadc606-b3bc-456e-ad45-826bb6eaa875
580,225,03b6d20a-9ac0-41d2-b58d-21297bbcd6dc,9cdcda2f-3a05-4abe-8f21-8529136ec7fa
581,76,761de91b-efb1-4e09-a1ad-b39031349c4c,aca0ea7d-5edb-4012-b86e-c27ac894c9e9
582,225,4bf07fe3-8211-4491-8459-ec531adac589,9cdcda2f-3a05-4abe-8f21-8529136ec7fa
583,225,64fd677b-6ae8-4963-a675-f339f165dddf,9cdcda2f-3a05-4abe-8f21-8529136ec7fa
584,107,65e77a7e-057c-46c1-9e05-d0d8ed157432,d5b59247-e12c-4bb2-ae69-5a3569942ff1
585,76,281c8436-8a36-4530-8de0-652179b586c4,aca0ea7d-5edb-4012-b86e-c27ac894c9e9
586,995,a0c340c1-1dd1-4000-9866-15e4c9a6307c,4c8bf90e-d1b8-4c9a-9882-fc85aee7fb51
587,225,8da7eb3d-2f67-44a1-a742-ae02c7d24152,9cdcda2f-3a05-4abe-8f21-8529136ec7fa
588,93,26f6b4ac-b731-4d84-aad1-49a170e5af59,5aec9d0e-3c30-4467-846f-edbaca04007b
589,996,49cf2cd7-5530-4965-bdba-4b73c0afdad6,4de9d058-62bb-4727-b2a3-ef64bed4edf9
590,225,138775f3-94f1-4354-bb92-4990894bb02d,9cdcda2f-3a05-4abe-8f21-8529136ec7fa
591,67,f88475e3-e06d-4303-8f47-cb1dfdc64d37,92fb785b-75ee-467b-8ff0-c25cb9c81149
591,74,f88475e3-e06d-4303-8f47-cb1dfdc64d37,fcadc606-b3bc-456e-ad45-826bb6eaa875
591,107,f88475e3-e06d-4303-8f47-cb1dfdc64d37,d5b59247-e12c-4bb2-ae69-5a3569942ff1
591,993,f88475e3-e06d-4303-8f47-cb1dfdc64d37,be7df09a-bed7-44db-844a-05dda9dd1a46
592,225,257d36a9-9e03-47ad-a2cb-ad36a1484fe8,9cdcda2f-3a05-4abe-8f21-8529136ec7fa
593,110,60fcfd4d-0047-4d6d-a5ff-54d02da5875e,0f8bb30d-61bf-4513-b56a-113ea8c3aff8
593,225,60fcfd4d-0047-4d6d-a5ff-54d02da5875e,9cdcda2f-3a05-4abe-8f21-8529136ec7fa
594,37,b3336c08-9401-448d-a384-0a1ffe673f76,370d50ba-592a-491a-be9e-7aed4b1edcec
594,183,b3336c08-9401-448d-a384-0a1ffe673f76,885e91b5-66eb-4e4c-b666-cd15b701f75d
595,100,1243859d-f88f-43f7-b1a9-1e4524908c92,cc0063a2-f29b-47cc-91bf-9cacc4668dd1
597,225,75d352c2-82c3-454d-ad94-90a60a325d30,9cdcda2f-3a05-4abe-8f21-8529136ec7fa
598,160,4a21f2f5-c270-472e-b3b5-362a408e193d,82d5bcea-2d26-46e5-9d77-5c269d4dc0f3
600,225,919353d2-0d43-4210-b92e-a775cf56a123,9cdcda2f-3a05-4abe-8f21-8529136ec7fa
601,74,389228b0-fec2-46c4-9ab6-b60ade7568c5,fcadc606-b3bc-456e-ad45-826bb6eaa875
602,74,fa75983a-c494-43f7-8be1-651ac257e650,fcadc606-b3bc-456e-ad45-826bb6eaa875
603,74,f6816490-5198-403c-bca6-c1aece5e952b,fcadc606-b3bc-456e-ad45-826bb6eaa875
604,74,5bd07eb4-ecaf-4d9c-b026-6978d45405cc,fcadc606-b3bc-456e-ad45-826bb6eaa875
605,76,43e4dd14-f906-4603-8eb9-8614d46ff87a,aca0ea7d-5edb-4012-b86e-c27ac894c9e9
607,225,a9fc69af-b2e3-4f99-a3b3-7910d3fef09e,9cdcda2f-3a05-4abe-8f21-8529136ec7fa
608,225,7148102d-7d7c-4ccd-8ece-8e345200c687,9cdcda2f-3a05-4abe-8f21-8529136ec7fa
609,225,ec22c2f6-f4b6-4ddc-a0ae-8b5acff4a844,9cdcda2f-3a05-4abe-8f21-8529136ec7fa
610,225,dd904268-67ea-470d-b966-c39cd5067502,9cdcda2f-3a05-4abe-8f21-8529136ec7fa
611,225,831079fb-63e5-4822-b703-5019d89aeeb8,9cdcda2f-3a05-4abe-8f21-8529136ec7fa
612,107,72f5ec5e-6a77-47f2-a563-baf03a49318f,d5b59247-e12c-4bb2-ae69-5a3569942ff1
613,225,d1455176-de7a-4c70-a1ce-e1f0e4fd4644,9cdcda2f-3a05-4abe-8f21-8529136ec7fa
614,74,7642090c-ee3f-45a1-af25-94d7cdb090e2,fcadc606-b3bc-456e-ad45-826bb6eaa875
615,225,a5b142f8-2235-4f7e-ae17-75d06aa05fc2,9cdcda2f-3a05-4abe-8f21-8529136ec7fa
616,76,9978490d-024d-40f7-859d-f07317655db6,aca0ea7d-5edb-4012-b86e-c27ac894c9e9
617,225,a19e8429-18be-4d21-ba1f-25b90fa004f5,9cdcda2f-3a05-4abe-8f21-8529136ec7fa
618,225,6c1cf3bd-d389-48e8-9640-f88d69b315ca,9cdcda2f-3a05-4abe-8f21-8529136ec7fa
619,225,cea1385b-8602-4153-b678-68da9fbac130,9cdcda2f-3a05-4abe-8f21-8529136ec7fa
620,183,7514b40a-41e5-4c57-b7d8-13ab8da0d0de,885e91b5-66eb-4e4c-b666-cd15b701f75d
620,991,7514b40a-41e5-4c57-b7d8-13ab8da0d0de,c09f6ef6-3d50-471d-8c7e-f4a78c8f398c
620,993,7514b40a-41e5-4c57-b7d8-13ab8da0d0de,be7df09a-bed7-44db-844a-05dda9dd1a46
622,991,39b08404-ee30-4dd1-b4f1-0cd415478345,c09f6ef6-3d50-471d-8c7e-f4a78c8f398c
623,107,6c5aa1a2-28ff-4642-b5b3-7285da3bd037,d5b59247-e12c-4bb2-ae69-5a3569942ff1
624,992,ca5bbad3-b1ae-4d52-943e-22f3116977cf,f5045ddb-28f5-4810-b5b2-c013e56c96a3
625,995,d55b190d-0c35-44ac-a4cd-06b0b29d9a2f,4c8bf90e-d1b8-4c9a-9882-fc85aee7fb51
626,992,a3d1661c-959a-4989-b7b2-f84118a473cf,f5045ddb-28f5-4810-b5b2-c013e56c96a3
627,225,6fa0e0ce-8e2c-4528-b31d-142bc08803cb,9cdcda2f-3a05-4abe-8f21-8529136ec7fa
628,996,e461c8ca-28e4-4220-9c2c-028c891062f5,4de9d058-62bb-4727-b2a3-ef64bed4edf9
629,42,ddb27bca-212c-424f-b04e-2d32c4e0dbc5,51fc41ab-afab-40d9-a285-aa863fd2e978
629,995,ddb27bca-212c-424f-b04e-2d32c4e0dbc5,4c8bf90e-d1b8-4c9a-9882-fc85aee7fb51
630,991,11f4e06f-edd9-4d09-92e8-89dd187579dd,c09f6ef6-3d50-471d-8c7e-f4a78c8f398c
631,991,72d81795-10c1-442a-84a5-ca058e01aa61,c09f6ef6-3d50-471d-8c7e-f4a78c8f398c
632,991,a4d28f86-cf8f-4605-b438-b8156cba65f5,c09f6ef6-3d50-471d-8c7e-f4a78c8f398c
633,225,c3ca1183-7fa7-4e4e-a45f-a65e5a6f1d71,9cdcda2f-3a05-4abe-8f21-8529136ec7fa
634,107,581d634c-96b3-4e6e-9652-8710968f0dfd,d5b59247-e12c-4bb2-ae69-5a3569942ff1
635,225,f179a873-357e-44e6-83f2-64645711be50,9cdcda2f-3a05-4abe-8f21-8529136ec7fa
636,225,84850fb0-db2d-4cb5-836f-c86a20c0246c,9cdcda2f-3a05-4abe-8f21-8529136ec7fa
637,991,3a9e11e2-5178-401c-8b61-6b50fe31f01b,c09f6ef6-3d50-471d-8c7e-f4a78c8f398c
638,225,08bc6552-4d02-4d79-a258-d4bb82ce1be5,9cdcda2f-3a05-4abe-8f21-8529136ec7fa
639,991,a42f1e97-794c-462b-9dd6-74c0be99f75f,c09f6ef6-3d50-471d-8c7e-f4a78c8f398c
640,991,9cdb4b73-199e-4308-b6f5-fc702ad6f7c4,c09f6ef6-3d50-471d-8c7e-f4a78c8f398c
641,991,d45a4fc9-31b0-497e-98a0-cef5546e2bd8,c09f6ef6-3d50-471d-8c7e-f4a78c8f398c
642,991,db1a506b-a9da-4d1b-bb02-3616e56f1df2,c09f6ef6-3d50-471d-8c7e-f4a78c8f398c
643,991,21dd4f37-7e3a-4669-b273-168be9d79d7a,c09f6ef6-3d50-471d-8c7e-f4a78c8f398c
644,991,1b1b31e0-258d-41da-ae8f-d11fd1326f00,c09f6ef6-3d50-471d-8c7e-f4a78c8f398c
645,76,4d115bbb-8f6e-42eb-bdd2-804929ab14af,aca0ea7d-5edb-4012-b86e-c27ac894c9e9
646,76,040954f3-c71a-487f-8176-65bbdf589da0,aca0ea7d-5edb-4012-b86e-c27ac894c9e9
647,76,0fad84ae-97f8-4a5a-8055-75601477f03b,aca0ea7d-5edb-4012-b86e-c27ac894c9e9
648,76,1ddf10b6-aefd-457f-9c56-8171f163699d,aca0ea7d-5edb-4012-b86e-c27ac894c9e9
649,76,8cf9f109-135d-4902-b0e9-f55877d3f471,aca0ea7d-5edb-4012-b86e-c27ac894c9e9
650,76,89b33cf3-c579-49dd-86ce-282652a6a93d,aca0ea7d-5edb-4012-b86e-c27ac894c9e9
651,76,7c98bf26-64ad-4b0a-b520-35c8896e79c3,aca0ea7d-5edb-4012-b86e-c27ac894c9e9
652,76,a55fcc20-23e3-4cc9-a511-628fb649572f,aca0ea7d-5edb-4012-b86e-c27ac894c9e9
653,217,2f65c991-e585-4a4f-8620-d1475808d025,da1bf799-42e5-4b0d-82c4-358b702d4200
654,76,455e5181-062d-4199-8949-b38f0eab6d0d,aca0ea7d-5edb-4012-b86e-c27ac894c9e9
655,76,f7e83e02-1fe1-47be-ae02-883b44e4770f,aca0ea7d-5edb-4012-b86e-c27ac894c9e9
656,30,51744559-b905-43a7-ae3f-6b15bc8245a1,55c1acfc-2aef-4314-b490-163f7e844333
657,151,6fad2273-1a38-4716-a45f-522c3053e9e7,d99989a8-ea9c-4d4e-86f5-71dfdf6f7e81
658,107,1cd65cec-9829-49f6-b3e1-10d95cd022b2,d5b59247-e12c-4bb2-ae69-5a3569942ff1
659,76,6ab9d756-f005-47ac-8621-91a5dc60a6cc,aca0ea7d-5edb-4012-b86e-c27ac894c9e9
659,225,6ab9d756-f005-47ac-8621-91a5dc60a6cc,9cdcda2f-3a05-4abe-8f21-8529136ec7fa
660,991,afaf2f8a-3632-46d6-973c-6a8808b08064,c09f6ef6-3d50-471d-8c7e-f4a78c8f398c
661,225,1e58b526-53ad-494d-b741-c2c789899b7d,9cdcda2f-3a05-4abe-8f21-8529136ec7fa
662,107,b2cd0436-4da9-4a16-ad5e-a8a229b5d144,d5b59247-e12c-4bb2-ae69-5a3569942ff1
663,225,172c0409-0f42-4ecf-87db-37a347c769e8,9cdcda2f-3a05-4abe-8f21-8529136ec7fa
664,225,109f37dd-8b21-424c-9c09-beb0aa582600,9cdcda2f-3a05-4abe-8f21-8529136ec7fa
665,995,2055a52d-2dba-473f-bb35-384b277cc819,4c8bf90e-d1b8-4c9a-9882-fc85aee7fb51
666,225,539e25cc-f585-4610-8946-9910de957614,9cdcda2f-3a05-4abe-8f21-8529136ec7fa
667,225,b3be9004-e99f-4fd5-aae1-3509444c067f,9cdcda2f-3a05-4abe-8f21-8529136ec7fa
668,225,7c4c41e0-a674-423a-8128-16713bc19dec,9cdcda2f-3a05-4abe-8f21-8529136ec7fa
669,991,e60396de-ea15-4114-84b7-5981df267e56,c09f6ef6-3d50-471d-8c7e-f4a78c8f398c
670,225,f557f2a2-01b8-4ac5-9da9-69d614ada601,9cdcda2f-3a05-4abe-8f21-8529136ec7fa
671,225,073c4203-246d-4325-8695-e5e9fd292d02,9cdcda2f-3a05-4abe-8f21-8529136ec7fa
672,225,4eacd521-9ad5-4ae1-abb6-03eb3ee944f6,9cdcda2f-3a05-4abe-8f21-8529136ec7fa
674,225,1b8dfe7b-6e18-4d46-8f13-6f8d29d7ff4b,9cdcda2f-3a05-4abe-8f21-8529136ec7fa
675,37,f1b8ba07-d15b-4e97-bc7d-47144f15792c,370d50ba-592a-491a-be9e-7aed4b1edcec
676,225,d0f970f8-087d-4880-acd8-d3b3134102a7,9cdcda2f-3a05-4abe-8f21-8529136ec7fa
677,67,6fce7623-eb08-4994-a96c-bb296bcf1372,92fb785b-75ee-467b-8ff0-c25cb9c81149
678,225,bf420b9c-9d2f-4909-9880-d96caf9ebc21,9cdcda2f-3a05-4abe-8f21-8529136ec7fa
679,225,52aee2b3-badf-4f19-b01d-3573e654a112,9cdcda2f-3a05-4abe-8f21-8529136ec7fa
680,225,59afea99-9db2-4669-849e-eab69591b542,9cdcda2f-3a05-4abe-8f21-8529136ec7fa
681,76,1e877bdc-fc61-46be-a82a-6b30b78680cd,aca0ea7d-5edb-4012-b86e-c27ac894c9e9
682,225,61b1a87e-ce60-415f-8604-4d93789bd4d5,9cdcda2f-3a05-4abe-8f21-8529136ec7fa
683,993,55ebd1d0-4261-4b8f-9327-baab40131c21,be7df09a-bed7-44db-844a-05dda9dd1a46
683,996,55ebd1d0-4261-4b8f-9327-baab40131c21,4de9d058-62bb-4727-b2a3-ef64bed4edf9
684,225,6424ccbe-864b-48bc-8d3d-d87f605dc1a8,9cdcda2f-3a05-4abe-8f21-8529136ec7fa
685,76,041596ad-cabf-47f9-8baf-f8686bcdc905,aca0ea7d-5edb-4012-b86e-c27ac894c9e9
686,225,a52e3dd8-b69e-4bca-a483-8e59ccb1eb33,9cdcda2f-3a05-4abe-8f21-8529136ec7fa
687,225,648d87dc-8f7a-4b7d-8cc2-8a62f7e222df,9cdcda2f-3a05-4abe-8f21-8529136ec7fa
688,225,392a38d1-05b4-4437-9438-44d3fbbea6d1,9cdcda2f-3a05-4abe-8f21-8529136ec7fa
689,76,28d14b3c-93fb-4304-9cb7-5b2946fee14b,aca0ea7d-5edb-4012-b86e-c27ac894c9e9
690,991,e0c5b552-53ff-43e7-abbe-9a628a732a09,c09f6ef6-3d50-471d-8c7e-f4a78c8f398c
691,225,e731b940-b8b7-4c81-8167-7ce97f6d04ac,9cdcda2f-3a05-4abe-8f21-8529136ec7fa
692,225,f8dcd186-fe1a-465f-946b-9ba05cbef2a6,9cdcda2f-3a05-4abe-8f21-8529136ec7fa
693,225,e6016228-a2da-430c-bb39-952ba5df2955,9cdcda2f-3a05-4abe-8f21-8529136ec7fa
694,56,50b73859-02a0-43c6-9389-922623730935,05db5d78-31d2-4fb7-ae0e-f3181d897dec
694,993,50b73859-02a0-43c6-9389-922623730935,be7df09a-bed7-44db-844a-05dda9dd1a46
695,110,bbca388c-8198-4c53-90f0-50a3898c95d7,0f8bb30d-61bf-4513-b56a-113ea8c3aff8
695,225,bbca388c-8198-4c53-90f0-50a3898c95d7,9cdcda2f-3a05-4abe-8f21-8529136ec7fa
697,225,966b0915-bc19-42e7-852e-2216db6c491c,9cdcda2f-3a05-4abe-8f21-8529136ec7fa
698,101,ce870c3a-614e-423f-9ac8-94d03c2ffed1,134fd0db-dd0c-4e37-82ce-a73f8688026b
699,225,0a9e0332-e7ef-46c3-b2e1-b56290a835a8,9cdcda2f-3a05-4abe-8f21-8529136ec7fa
700,56,057f7d11-710c-4c1a-b8ff-47b94913bcf7,05db5d78-31d2-4fb7-ae0e-f3181d897dec
700,107,057f7d11-710c-4c1a-b8ff-47b94913bcf7,d5b59247-e12c-4bb2-ae69-5a3569942ff1
701,225,7a0dfc28-b402-4fc6-bbe3-6246a41b059f,9cdcda2f-3a05-4abe-8f21-8529136ec7fa
703,178,42648830-a06f-46b8-8cae-e48c65f141a7,cb8c7fc8-3f65-4b16-9944-3f1b521d41ec
704,110,30903332-84de-4de6-8559-87b5a5c1df2a,0f8bb30d-61bf-4513-b56a-113ea8c3aff8
705,74,551a7de0-8088-4bcf-823b-039a4451bbb8,fcadc606-b3bc-456e-ad45-826bb6eaa875
705,107,551a7de0-8088-4bcf-823b-039a4451bbb8,d5b59247-e12c-4bb2-ae69-5a3569942ff1
706,76,2b29978d-fd97-4c67-9e5f-19ebe16bc99f,aca0ea7d-5edb-4012-b86e-c27ac894c9e9
707,225,b14dbb12-551e-4f57-9164-01e9eade88d0,9cdcda2f-3a05-4abe-8f21-8529136ec7fa
708,93,675212b0-b556-46e8-b155-f29404a73b05,5aec9d0e-3c30-4467-846f-edbaca04007b
709,225,680b63e1-8234-4a9e-b65e-de24e09e21d2,9cdcda2f-3a05-4abe-8f21-8529136ec7fa
710,225,605426bf-a783-49a1-b574-291da6af64c6,9cdcda2f-3a05-4abe-8f21-8529136ec7fa
711,225,ab2139e9-e44a-4b13-bb53-d32fe4e95bfa,9cdcda2f-3a05-4abe-8f21-8529136ec7fa
712,225,9eda2443-2da2-45b8-9bca-5b115f91275d,9cdcda2f-3a05-4abe-8f21-8529136ec7fa
713,225,cee3223b-299a-4424-a038-5317a5a56a3f,9cdcda2f-3a05-4abe-8f21-8529136ec7fa
714,225,37983af1-d984-451c-be4f-e836b1a62738,9cdcda2f-3a05-4abe-8f21-8529136ec7fa
715,67,55b27b1b-aa7e-43d8-906e-86e005fc1a59,92fb785b-75ee-467b-8ff0-c25cb9c81149
715,74,55b27b1b-aa7e-43d8-906e-86e005fc1a59,fcadc606-b3bc-456e-ad45-826bb6eaa875
715,107,55b27b1b-aa7e-43d8-906e-86e005fc1a59,d5b59247-e12c-4bb2-ae69-5a3569942ff1
715,993,55b27b1b-aa7e-43d8-906e-86e005fc1a59,be7df09a-bed7-44db-844a-05dda9dd1a46
715,995,55b27b1b-aa7e-43d8-906e-86e005fc1a59,4c8bf90e-d1b8-4c9a-9882-fc85aee7fb51
716,225,95b15dab-1d97-4371-b9c9-c015888fa81c,9cdcda2f-3a05-4abe-8f21-8529136ec7fa
717,14,becc05ae-2d8c-42a1-9b13-04bfd5b5f789,63415897-6d9c-4dc4-a2cf-db77b292f8ef
718,110,f46ae753-e23b-407c-afd0-ed35264623b3,0f8bb30d-61bf-4513-b56a-113ea8c3aff8
718,225,f46ae753-e23b-407c-afd0-ed35264623b3,9cdcda2f-3a05-4abe-8f21-8529136ec7fa
719,225,b0052a74-be7d-4d49-a7fb-7b58fd89e765,9cdcda2f-3a05-4abe-8f21-8529136ec7fa
720,225,0d79be6a-b66a-4a01-bbe0-986f05d436b3,9cdcda2f-3a05-4abe-8f21-8529136ec7fa
721,225,f45df5cb-cfa7-43fe-816d-22e4d72623d7,9cdcda2f-3a05-4abe-8f21-8529136ec7fa
722,56,879598e9-4abb-4a0e-88bd-919118df7414,05db5d78-31d2-4fb7-ae0e-f3181d897dec
722,74,879598e9-4abb-4a0e-88bd-919118df7414,fcadc606-b3bc-456e-ad45-826bb6eaa875
722,131,879598e9-4abb-4a0e-88bd-919118df7414,35bb3e2b-c42b-45d9-84d2-b4dc57039eb1
724,225,54a0f18d-7ebd-4d72-96ef-ff1b237ad783,9cdcda2f-3a05-4abe-8f21-8529136ec7fa
725,225,cd075de2-88a8-4f12-844a-645de5639eb9,9cdcda2f-3a05-4abe-8f21-8529136ec7fa
726,37,2b527349-54e7-4f6e-b8b7-d8e524c042e1,370d50ba-592a-491a-be9e-7aed4b1edcec
727,225,448c6ac8-0767-409e-9a7e-2039af0203c2,9cdcda2f-3a05-4abe-8f21-8529136ec7fa
728,76,e85e1ddd-5203-4ed7-9a01-1d4b5d04236e,aca0ea7d-5edb-4012-b86e-c27ac894c9e9
730,225,083945ad-e640-478d-86b2-07992aeb35ea,9cdcda2f-3a05-4abe-8f21-8529136ec7fa
731,152,6cf1f56c-ac8a-4352-b1fe-aaa2334cc2d0,fec52039-c629-464b-9df4-83cde2ba0c16
732,225,e78b6c3d-4a03-41f2-a342-380ab1ddde7f,9cdcda2f-3a05-4abe-8f21-8529136ec7fa
733,76,38f9b462-9b96-4b01-b3e1-1911f8f716c3,aca0ea7d-5edb-4012-b86e-c27ac894c9e9
733,100,38f9b462-9b96-4b01-b3e1-1911f8f716c3,cc0063a2-f29b-47cc-91bf-9cacc4668dd1
733,225,38f9b462-9b96-4b01-b3e1-1911f8f716c3,9cdcda2f-3a05-4abe-8f21-8529136ec7fa
734,14,f2f448a6-4937-4ede-b903-fa9a18e50bb2,63415897-6d9c-4dc4-a2cf-db77b292f8ef
735,225,184f8e45-4460-4fe4-a8aa-6bacbd5f951c,9cdcda2f-3a05-4abe-8f21-8529136ec7fa
736,21,cdaf663e-d04b-4c45-8a03-a46b62e610c4,ad53cbad-6a77-4499-94a7-c3442c2df2ee
737,225,5394691f-c8e1-438b-9444-ce16183c0db1,9cdcda2f-3a05-4abe-8f21-8529136ec7fa
738,74,714a88b4-794b-4a8a-ae5c-683381f94d4e,fcadc606-b3bc-456e-ad45-826bb6eaa875
739,225,23f76341-8ddf-4d7d-9e17-5909aae0b6d8,9cdcda2f-3a05-4abe-8f21-8529136ec7fa
740,110,734b4df5-7ee2-49be-90bb-f9ed401ec036,0f8bb30d-61bf-4513-b56a-113ea8c3aff8
740,225,734b4df5-7ee2-49be-90bb-f9ed401ec036,9cdcda2f-3a05-4abe-8f21-8529136ec7fa
741,37,ab73d544-18cf-4c87-8a24-14a34cff55b7,370d50ba-592a-491a-be9e-7aed4b1edcec
742,225,080281cc-b771-445b-ae70-5694b8427214,9cdcda2f-3a05-4abe-8f21-8529136ec7fa
743,991,3f4bbeab-0238-4deb-b0a5-81d75e11dbb1,c09f6ef6-3d50-471d-8c7e-f4a78c8f398c
744,37,86459081-538a-45f5-9737-680221143018,370d50ba-592a-491a-be9e-7aed4b1edcec
744,98,86459081-538a-45f5-9737-680221143018,1e17f8a9-3e40-4f93-9af1-4b052b3fa800
745,76,be378dc3-097f-4c30-a032-82c162b1ab24,aca0ea7d-5edb-4012-b86e-c27ac894c9e9
746,110,b26d7225-aa7e-411f-8d77-8449ed3fa6dc,0f8bb30d-61bf-4513-b56a-113ea8c3aff8
747,37,6eef2015-1dc6-45a0-83e6-14e1bbe53c20,370d50ba-592a-491a-be9e-7aed4b1edcec
747,225,6eef2015-1dc6-45a0-83e6-14e1bbe53c20,9cdcda2f-3a05-4abe-8f21-8529136ec7fa
749,225,9b03376c-f134-4bba-91b9-f88a7ef30c02,9cdcda2f-3a05-4abe-8f21-8529136ec7fa
750,225,1d89f164-5286-4930-ae8c-8cf687959663,9cdcda2f-3a05-4abe-8f21-8529136ec7fa
751,225,fc1ff5be-2ae2-4b1c-a2a1-c645dd66da81,9cdcda2f-3a05-4abe-8f21-8529136ec7fa
752,37,3f3d8843-bead-4856-8c2a-4a2d79c0a6c4,370d50ba-592a-491a-be9e-7aed4b1edcec
752,225,3f3d8843-bead-4856-8c2a-4a2d79c0a6c4,9cdcda2f-3a05-4abe-8f21-8529136ec7fa
753,74,9a7dee1a-a24e-4cb2-bf82-05f1d8d8faa3,fcadc606-b3bc-456e-ad45-826bb6eaa875
754,225,daee0c4c-367d-4cba-89a2-eb9ce8849c1f,9cdcda2f-3a05-4abe-8f21-8529136ec7fa
755,225,aa9850dd-8f53-484b-b896-c64c3a9df17d,9cdcda2f-3a05-4abe-8f21-8529136ec7fa
756,76,b880c25d-3649-43d0-8d08-48fa93be349c,aca0ea7d-5edb-4012-b86e-c27ac894c9e9
757,225,fb04cba7-cfeb-44c9-9d12-443e49a21048,9cdcda2f-3a05-4abe-8f21-8529136ec7fa
758,225,17a4ea16-e5bb-4433-96a3-491f3f97d0b7,9cdcda2f-3a05-4abe-8f21-8529136ec7fa
759,225,6af5134a-5916-4201-8224-f939bb659ae7,9cdcda2f-3a05-4abe-8f21-8529136ec7fa
761,225,289c2182-86fb-4d33-a5e6-06b21251d7a3,9cdcda2f-3a05-4abe-8f21-8529136ec7fa
762,76,05db3e4c-e65c-4a6e-956d-0672ecf03646,aca0ea7d-5edb-4012-b86e-c27ac894c9e9
763,225,f76025bb-5c5b-4afd-82e2-f3e45dec42c1,9cdcda2f-3a05-4abe-8f21-8529136ec7fa
764,225,e78bde1d-80a4-495b-81cc-dffd4b38eb02,9cdcda2f-3a05-4abe-8f21-8529136ec7fa
765,225,3a05533b-1145-44cc-9f01-ca57039ae766,9cdcda2f-3a05-4abe-8f21-8529136ec7fa
766,101,8e08a5aa-7666-4686-b5e6-239efd10ea0d,134fd0db-dd0c-4e37-82ce-a73f8688026b
766,225,8e08a5aa-7666-4686-b5e6-239efd10ea0d,9cdcda2f-3a05-4abe-8f21-8529136ec7fa
767,76,eb077989-4850-4750-8296-eafd9ccea986,aca0ea7d-5edb-4012-b86e-c27ac894c9e9
769,56,5d19d54d-3519-42d2-b2ad-22135c90da47,05db5d78-31d2-4fb7-ae0e-f3181d897dec
769,993,5d19d54d-3519-42d2-b2ad-22135c90da47,be7df09a-bed7-44db-844a-05dda9dd1a46
770,107,f381286c-6f3b-4f23-be2b-24db6cc5455e,d5b59247-e12c-4bb2-ae69-5a3569942ff1
770,225,f381286c-6f3b-4f23-be2b-24db6cc5455e,9cdcda2f-3a05-4abe-8f21-8529136ec7fa
771,225,aa6f2831-533b-4b72-9f16-a94372bb5f10,9cdcda2f-3a05-4abe-8f21-8529136ec7fa
772,76,d953dfd5-5840-405c-82d2-3ec9bde95209,aca0ea7d-5edb-4012-b86e-c27ac894c9e9
773,76,ba2f8e32-8d22-4811-8206-0400469c68f6,aca0ea7d-5edb-4012-b86e-c27ac894c9e9
773,225,ba2f8e32-8d22-4811-8206-0400469c68f6,9cdcda2f-3a05-4abe-8f21-8529136ec7fa
774,225,b9b935a2-941f-4812-bb2b-fe1719bf1725,9cdcda2f-3a05-4abe-8f21-8529136ec7fa
775,76,83890f88-25db-48b1-8369-783591640fe9,aca0ea7d-5edb-4012-b86e-c27ac894c9e9
776,74,23ae20ff-0bc7-4f40-ab8d-c25435c08733,fcadc606-b3bc-456e-ad45-826bb6eaa875
776,107,23ae20ff-0bc7-4f40-ab8d-c25435c08733,d5b59247-e12c-4bb2-ae69-5a3569942ff1
777,74,001bf5bc-6e2f-4aa5-bb5e-010c7ccfe5d5,fcadc606-b3bc-456e-ad45-826bb6eaa875
777,151,001bf5bc-6e2f-4aa5-bb5e-010c7ccfe5d5,d99989a8-ea9c-4d4e-86f5-71dfdf6f7e81
777,995,001bf5bc-6e2f-4aa5-bb5e-010c7ccfe5d5,4c8bf90e-d1b8-4c9a-9882-fc85aee7fb51
778,995,c4fb4e2f-2a47-4831-b63c-8215226acc4a,4c8bf90e-d1b8-4c9a-9882-fc85aee7fb51
779,225,a3926bbb-d257-4326-9b88-e4afed70349f,9cdcda2f-3a05-4abe-8f21-8529136ec7fa
780,225,d923abe3-2d40-428d-a216-6baa24c8844f,9cdcda2f-3a05-4abe-8f21-8529136ec7fa
781,225,b05af5bb-1d40-40ad-92a5-0f25cd705114,9cdcda2f-3a05-4abe-8f21-8529136ec7fa
782,225,19f02af6-0b15-4a1c-b111-892f88ddb6b3,9cdcda2f-3a05-4abe-8f21-8529136ec7fa
783,225,e0db1ab7-2b31-4276-b216-8c3a5237755e,9cdcda2f-3a05-4abe-8f21-8529136ec7fa
784,225,a07655f4-c400-4d0d-8bd3-78bb23a12847,9cdcda2f-3a05-4abe-8f21-8529136ec7fa
785,225,4a9cec0e-4f25-4960-8466-10899406d9a2,9cdcda2f-3a05-4abe-8f21-8529136ec7fa
786,225,0b34aa1b-db42-4806-a323-525f320e742f,9cdcda2f-3a05-4abe-8f21-8529136ec7fa
787,225,16954480-01e4-4366-819a-c71571facab7,9cdcda2f-3a05-4abe-8f21-8529136ec7fa
788,225,7ed469c9-e001-4536-b981-c8650bfb2e02,9cdcda2f-3a05-4abe-8f21-8529136ec7fa
789,225,245d3e0c-2d1e-4925-86dd-d4a2e8e3304b,9cdcda2f-3a05-4abe-8f21-8529136ec7fa
790,87,1d6072f2-7bb7-4a5d-916b-a65ee556338a,f3e2edb5-0b20-469f-ba30-8d25390d2d14
791,74,060ea8c1-c112-4f57-bdf9-0b559fd64be9,fcadc606-b3bc-456e-ad45-826bb6eaa875
792,74,703f2188-9766-4734-8098-d1d8d18b8375,fcadc606-b3bc-456e-ad45-826bb6eaa875
793,74,728d2276-c77b-4215-90ba-d964f7d84367,fcadc606-b3bc-456e-ad45-826bb6eaa875
794,225,0abf6336-79f9-40ec-8326-ae903ab0cc9a,9cdcda2f-3a05-4abe-8f21-8529136ec7fa
795,225,4ec4a5fe-0d36-4000-9327-5390447f75e0,9cdcda2f-3a05-4abe-8f21-8529136ec7fa
796,225,708462fa-b132-4ed0-b8d3-af4562179332,9cdcda2f-3a05-4abe-8f21-8529136ec7fa
797,225,d0a0d169-b6a7-46c3-9a53-980f66385909,9cdcda2f-3a05-4abe-8f21-8529136ec7fa
798,151,2e55efd6-6fce-475f-b188-308b9ffc82a1,d99989a8-ea9c-4d4e-86f5-71dfdf6f7e81
799,76,940240cc-970f-42a9-87a5-307a0a38956e,aca0ea7d-5edb-4012-b86e-c27ac894c9e9
799,225,940240cc-970f-42a9-87a5-307a0a38956e,9cdcda2f-3a05-4abe-8f21-8529136ec7fa
800,151,f46af430-713e-4bba-a188-0008f3b3ed0c,d99989a8-ea9c-4d4e-86f5-71dfdf6f7e81
801,225,36a3ed41-49ef-4c6a-9a2e-95276d795e00,9cdcda2f-3a05-4abe-8f21-8529136ec7fa
802,225,1feefea8-ad04-4cc4-ba48-3fcba7c1121c,9cdcda2f-3a05-4abe-8f21-8529136ec7fa
803,225,d70609c3-2b7c-436b-b841-592b3b0358d2,9cdcda2f-3a05-4abe-8f21-8529136ec7fa
804,76,0aee5877-09d0-4b38-ab34-b3e7ddd1a1d0,aca0ea7d-5edb-4012-b86e-c27ac894c9e9
805,74,e69ec86d-6ea8-49e7-9694-87286cd0b7a5,fcadc606-b3bc-456e-ad45-826bb6eaa875
806,76,29c8d08e-4392-4b2e-af2c-94d2eb964861,aca0ea7d-5edb-4012-b86e-c27ac894c9e9
806,225,29c8d08e-4392-4b2e-af2c-94d2eb964861,9cdcda2f-3a05-4abe-8f21-8529136ec7fa
807,76,639eb672-a6c6-454c-973a-a776b865e1e6,aca0ea7d-5edb-4012-b86e-c27ac894c9e9
808,76,083170b4-2a98-400a-abe8-0c55306586b6,aca0ea7d-5edb-4012-b86e-c27ac894c9e9
809,225,d6854c64-3561-4603-a893-d0acc1d2a5f7,9cdcda2f-3a05-4abe-8f21-8529136ec7fa
810,74,0b79ae3b-e005-4078-8e87-254f0f34b76e,fcadc606-b3bc-456e-ad45-826bb6eaa875
811,225,56524d4c-ca7c-45ff-99bb-6f9be38154d2,9cdcda2f-3a05-4abe-8f21-8529136ec7fa
812,225,0e9b8b69-26e7-41fd-8c48-dca12fbcffde,9cdcda2f-3a05-4abe-8f21-8529136ec7fa
813,3,e712526d-b2e9-4bc5-b673-76541c455358,6cfd0ca4-c0c2-477b-90f1-0cf8fd01a019
813,225,e712526d-b2e9-4bc5-b673-76541c455358,9cdcda2f-3a05-4abe-8f21-8529136ec7fa
814,225,8954870f-b963-4391-8b54-4009d9b0142b,9cdcda2f-3a05-4abe-8f21-8529136ec7fa
815,37,9f3e798e-46cf-4ed4-87a1-d330a82ddeb9,370d50ba-592a-491a-be9e-7aed4b1edcec
816,37,0969e8df-5519-436c-8f3c-3e626771eda9,370d50ba-592a-491a-be9e-7aed4b1edcec
816,225,0969e8df-5519-436c-8f3c-3e626771eda9,9cdcda2f-3a05-4abe-8f21-8529136ec7fa
817,225,62bd26f7-91ff-48b6-832f-6c32787d452b,9cdcda2f-3a05-4abe-8f21-8529136ec7fa
818,225,e0d52eea-5b2a-41b1-b056-4ecbf1d5ed75,9cdcda2f-3a05-4abe-8f21-8529136ec7fa
819,991,72d3b6fd-4b3d-4c97-866f-aeab4e8f337f,c09f6ef6-3d50-471d-8c7e-f4a78c8f398c
820,225,5a492c63-c231-40c2-bf64-b9d2f398221e,9cdcda2f-3a05-4abe-8f21-8529136ec7fa
821,14,75479eb4-cda8-4c58-a21c-77743e4916d3,63415897-6d9c-4dc4-a2cf-db77b292f8ef
822,225,43ce7bd9-251b-47ea-9b16-670551729be8,9cdcda2f-3a05-4abe-8f21-8529136ec7fa
823,110,f90703bb-8963-4b5b-9568-c39eb4b5f9a3,0f8bb30d-61bf-4513-b56a-113ea8c3aff8
823,225,f90703bb-8963-4b5b-9568-c39eb4b5f9a3,9cdcda2f-3a05-4abe-8f21-8529136ec7fa
824,110,bfca0a00-409c-4a16-b0f8-a54a7281fa41,0f8bb30d-61bf-4513-b56a-113ea8c3aff8
824,225,bfca0a00-409c-4a16-b0f8-a54a7281fa41,9cdcda2f-3a05-4abe-8f21-8529136ec7fa
825,76,6ac5a886-929a-4988-9556-ee07effd752a,aca0ea7d-5edb-4012-b86e-c27ac894c9e9
825,225,6ac5a886-929a-4988-9556-ee07effd752a,9cdcda2f-3a05-4abe-8f21-8529136ec7fa
826,37,cd0282a9-15e4-45a1-a94d-d8ae4189ae9a,370d50ba-592a-491a-be9e-7aed4b1edcec
827,118,368a7ad9-a599-402e-8fe3-a6525868e3c9,0ae3d636-f592-4f95-bed4-68e6dc1bf8a1
827,225,368a7ad9-a599-402e-8fe3-a6525868e3c9,9cdcda2f-3a05-4abe-8f21-8529136ec7fa
828,37,45ed7a3f-e891-47b9-b1d4-6937ad4752ed,370d50ba-592a-491a-be9e-7aed4b1edcec
829,225,b8fe75b7-6aa2-47ed-aac2-95185e5d97e4,9cdcda2f-3a05-4abe-8f21-8529136ec7fa
830,225,6c21cc59-58de-4dc2-a42d-18a8fdb3d20f,9cdcda2f-3a05-4abe-8f21-8529136ec7fa
831,225,526d079c-6611-433e-9ac6-264ff0d01e05,9cdcda2f-3a05-4abe-8f21-8529136ec7fa
832,225,a75b21bd-feec-490f-8c0f-344a31b49675,9cdcda2f-3a05-4abe-8f21-8529136ec7fa
833,151,fddd874f-59ba-45f3-881a-41f3ca2e2a87,d99989a8-ea9c-4d4e-86f5-71dfdf6f7e81
834,74,1638bfcb-1a10-41a1-add6-6241ec050e17,fcadc606-b3bc-456e-ad45-826bb6eaa875
834,76,1638bfcb-1a10-41a1-add6-6241ec050e17,aca0ea7d-5edb-4012-b86e-c27ac894c9e9
834,225,1638bfcb-1a10-41a1-add6-6241ec050e17,9cdcda2f-3a05-4abe-8f21-8529136ec7fa
835,225,51f973aa-1a6d-49e1-a079-9e68529ad67b,9cdcda2f-3a05-4abe-8f21-8529136ec7fa
836,37,916eb33b-3454-4c43-8ea1-c16c7a5c39bf,370d50ba-592a-491a-be9e-7aed4b1edcec
836,225,916eb33b-3454-4c43-8ea1-c16c7a5c39bf,9cdcda2f-3a05-4abe-8f21-8529136ec7fa
837,225,80127805-1f0a-4af2-9203-949f3273bf6b,9cdcda2f-3a05-4abe-8f21-8529136ec7fa
838,225,fb42e007-f2d6-4eda-9dae-d6d1f0512002,9cdcda2f-3a05-4abe-8f21-8529136ec7fa
839,225,a1924ebb-c673-492e-b3e7-28e4131bd085,9cdcda2f-3a05-4abe-8f21-8529136ec7fa
840,74,b44a695e-4f7a-4684-94cc-47cf707f0cc4,fcadc606-b3bc-456e-ad45-826bb6eaa875
840,107,b44a695e-4f7a-4684-94cc-47cf707f0cc4,d5b59247-e12c-4bb2-ae69-5a3569942ff1
841,37,8178f2a4-a3e7-4aa8-81c7-771cf075b05a,370d50ba-592a-491a-be9e-7aed4b1edcec
841,225,8178f2a4-a3e7-4aa8-81c7-771cf075b05a,9cdcda2f-3a05-4abe-8f21-8529136ec7fa
842,225,ace72baa-0788-4178-a2a6-84defd2cf76f,9cdcda2f-3a05-4abe-8f21-8529136ec7fa
843,225,a390e2e1-d247-45c6-9517-70db860d59e9,9cdcda2f-3a05-4abe-8f21-8529136ec7fa
844,225,b325cec7-3459-4d7b-8cb9-4b72ed9c2ba4,9cdcda2f-3a05-4abe-8f21-8529136ec7fa
845,225,1b8fc685-fcdc-478c-8687-ebbbe9b294d7,9cdcda2f-3a05-4abe-8f21-8529136ec7fa
846,14,9d902e0d-87c6-4c8c-b01d-f2d0b839e977,63415897-6d9c-4dc4-a2cf-db77b292f8ef
846,74,9d902e0d-87c6-4c8c-b01d-f2d0b839e977,fcadc606-b3bc-456e-ad45-826bb6eaa875
847,225,54580e49-14a3-4b6e-b42e-d7fafa344f99,9cdcda2f-3a05-4abe-8f21-8529136ec7fa
848,225,4814ce8e-5657-441d-addb-1b7daaef6d29,9cdcda2f-3a05-4abe-8f21-8529136ec7fa
849,14,789a5490-06ff-43ad-956b-4e40c63a04c2,63415897-6d9c-4dc4-a2cf-db77b292f8ef
849,74,789a5490-06ff-43ad-956b-4e40c63a04c2,fcadc606-b3bc-456e-ad45-826bb6eaa875
849,165,789a5490-06ff-43ad-956b-4e40c63a04c2,666176cb-7d89-4559-959d-ce3cccf68dd7
850,225,e512f528-1d33-4408-970c-045c675900c8,9cdcda2f-3a05-4abe-8f21-8529136ec7fa
851,55,1c520db2-4856-4b4c-bbdd-a6afda4f5455,70cb2fa0-b97b-4e80-adf4-5473e61cab6b
851,225,1c520db2-4856-4b4c-bbdd-a6afda4f5455,9cdcda2f-3a05-4abe-8f21-8529136ec7fa
852,76,714701f9-c311-4ec2-8d7e-b08d3cbb4495,aca0ea7d-5edb-4012-b86e-c27ac894c9e9
852,225,714701f9-c311-4ec2-8d7e-b08d3cbb4495,9cdcda2f-3a05-4abe-8f21-8529136ec7fa
853,225,b67615ec-e8d8-417c-955e-76acecf549bc,9cdcda2f-3a05-4abe-8f21-8529136ec7fa
854,74,723a1199-a8a4-45e6-a025-2758c80d9686,fcadc606-b3bc-456e-ad45-826bb6eaa875
855,225,b17abb3e-1096-44ad-8395-a31534b384e8,9cdcda2f-3a05-4abe-8f21-8529136ec7fa
856,21,82e9351b-011f-4259-925f-29a620f1a081,ad53cbad-6a77-4499-94a7-c3442c2df2ee
856,67,82e9351b-011f-4259-925f-29a620f1a081,92fb785b-75ee-467b-8ff0-c25cb9c81149
856,74,82e9351b-011f-4259-925f-29a620f1a081,fcadc606-b3bc-456e-ad45-826bb6eaa875
857,225,0810c293-c642-4ca0-9627-2780f2c216c8,9cdcda2f-3a05-4abe-8f21-8529136ec7fa
858,991,277fa5e5-b616-48d2-ae9f-f260f4fdf690,c09f6ef6-3d50-471d-8c7e-f4a78c8f398c
859,23,8a351146-571e-4c4c-92af-a40e7d764cba,524be1b8-9739-4266-aa59-a9100c49a6e3
861,76,89ab0b96-e989-4854-8562-f796018b55ff,aca0ea7d-5edb-4012-b86e-c27ac894c9e9
862,76,dbd7057c-4c81-4808-827f-c16d74b03ac1,aca0ea7d-5edb-4012-b86e-c27ac894c9e9
863,225,40e1968a-1c30-4790-971e-d36eec9f6442,9cdcda2f-3a05-4abe-8f21-8529136ec7fa
864,225,af1fbfe0-5077-435d-a229-d2432f23cc6a,9cdcda2f-3a05-4abe-8f21-8529136ec7fa
865,56,1e0090f0-ed65-48d1-829a-e260ce333df2,05db5d78-31d2-4fb7-ae0e-f3181d897dec
865,225,1e0090f0-ed65-48d1-829a-e260ce333df2,9cdcda2f-3a05-4abe-8f21-8529136ec7fa
866,74,d4643a0d-7397-4c8d-8cbd-9480dcdc1984,fcadc606-b3bc-456e-ad45-826bb6eaa875
867,225,d4f95aaf-399a-4a2b-a40b-90589020cada,9cdcda2f-3a05-4abe-8f21-8529136ec7fa
868,225,add72716-8e31-4538-8096-f66193fe6678,9cdcda2f-3a05-4abe-8f21-8529136ec7fa
869,225,ec7214c1-06a4-4dff-9515-999f2c2f5b41,9cdcda2f-3a05-4abe-8f21-8529136ec7fa
870,110,f83b2580-8546-4341-bf8e-f35d84510857,0f8bb30d-61bf-4513-b56a-113ea8c3aff8
870,225,f83b2580-8546-4341-bf8e-f35d84510857,9cdcda2f-3a05-4abe-8f21-8529136ec7fa
871,225,50e18586-2c82-4d5d-b40c-4daebe804bd6,9cdcda2f-3a05-4abe-8f21-8529136ec7fa
872,76,4ac1ce4e-d1d6-4327-b4cf-0c3a52d1fca2,aca0ea7d-5edb-4012-b86e-c27ac894c9e9
872,225,4ac1ce4e-d1d6-4327-b4cf-0c3a52d1fca2,9cdcda2f-3a05-4abe-8f21-8529136ec7fa
873,225,3255a52a-df78-44fe-835c-edf2ea693340,9cdcda2f-3a05-4abe-8f21-8529136ec7fa
874,225,e5a8f9bc-3882-4d74-b765-18b6f7aa10ac,9cdcda2f-3a05-4abe-8f21-8529136ec7fa
875,225,58a722e5-8e35-4d05-85a3-e6bc259ff1c1,9cdcda2f-3a05-4abe-8f21-8529136ec7fa
876,225,e89431f8-83d2-4cce-a8fc-bfd83de3c313,9cdcda2f-3a05-4abe-8f21-8529136ec7fa
877,225,68342283-a24b-4e61-8466-59c53fe10aae,9cdcda2f-3a05-4abe-8f21-8529136ec7fa
878,225,0e549ec4-7b20-41a3-a0df-2b62b144d8a4,9cdcda2f-3a05-4abe-8f21-8529136ec7fa
879,76,0a9b8dff-e65a-4978-bc88-a4667a5c12ff,aca0ea7d-5edb-4012-b86e-c27ac894c9e9
879,225,0a9b8dff-e65a-4978-bc88-a4667a5c12ff,9cdcda2f-3a05-4abe-8f21-8529136ec7fa
880,225,2b2828a7-0c4b-4d49-a05f-290d6d388090,9cdcda2f-3a05-4abe-8f21-8529136ec7fa
881,225,e9a0e042-a2e9-4857-b4e9-a14f0716cb7a,9cdcda2f-3a05-4abe-8f21-8529136ec7fa
882,14,b6f0f5d5-17cb-4508-8b16-322683d6d0a6,63415897-6d9c-4dc4-a2cf-db77b292f8ef
884,225,dd56840a-c4d6-43c4-b6cc-35bfb56fe9ef,9cdcda2f-3a05-4abe-8f21-8529136ec7fa
885,225,df17f113-a2e9-4533-84d1-97575cdb42bb,9cdcda2f-3a05-4abe-8f21-8529136ec7fa
886,995,41a37cef-3c84-4f39-a5d0-e891b8418b15,4c8bf90e-d1b8-4c9a-9882-fc85aee7fb51
887,76,e7b73336-e859-4ada-86ba-8886c88a6f2b,aca0ea7d-5edb-4012-b86e-c27ac894c9e9
887,100,e7b73336-e859-4ada-86ba-8886c88a6f2b,cc0063a2-f29b-47cc-91bf-9cacc4668dd1
887,225,e7b73336-e859-4ada-86ba-8886c88a6f2b,9cdcda2f-3a05-4abe-8f21-8529136ec7fa
888,225,95ab785b-1721-42e3-a898-3ad51448c065,9cdcda2f-3a05-4abe-8f21-8529136ec7fa
889,76,35804787-a5d5-4ee1-afdb-487f340ef13b,aca0ea7d-5edb-4012-b86e-c27ac894c9e9
890,225,e3ed3b30-7b17-47bc-9791-1eafe33c77a3,9cdcda2f-3a05-4abe-8f21-8529136ec7fa
891,225,17ee400b-7d41-45ea-a645-6d13a64a11d7,9cdcda2f-3a05-4abe-8f21-8529136ec7fa
892,225,7d9bd177-2380-46a7-9589-c9a9286ed59b,9cdcda2f-3a05-4abe-8f21-8529136ec7fa
893,225,1cce9f6c-7496-4c74-a8d0-577bc9b57320,9cdcda2f-3a05-4abe-8f21-8529136ec7fa
894,225,422565c6-adfa-49aa-bf3d-0dde622e082e,9cdcda2f-3a05-4abe-8f21-8529136ec7fa
895,225,426cf30f-9998-4a61-bbf2-6883b56adacb,9cdcda2f-3a05-4abe-8f21-8529136ec7fa
896,76,5d3e468b-b394-4b71-a87a-f3585057b525,aca0ea7d-5edb-4012-b86e-c27ac894c9e9
897,225,509ba6d6-7baa-436d-9ae1-3d06223d0e71,9cdcda2f-3a05-4abe-8f21-8529136ec7fa
898,225,cf71bd00-69af-416d-9ee4-7fc799958638,9cdcda2f-3a05-4abe-8f21-8529136ec7fa
899,225,ba7b615e-bef9-4217-b63f-db8070772ec6,9cdcda2f-3a05-4abe-8f21-8529136ec7fa
900,225,e4565958-4672-4c47-b7bd-72a1ea4773e3,9cdcda2f-3a05-4abe-8f21-8529136ec7fa
901,225,8bdbde37-74a7-4495-8d29-50e35d141f0b,9cdcda2f-3a05-4abe-8f21-8529136ec7fa
902,225,934225e4-a795-4d3e-a664-d08bb2171b0f,9cdcda2f-3a05-4abe-8f21-8529136ec7fa
903,225,80fb65c0-6c65-4374-bef4-8e4d5ca12380,9cdcda2f-3a05-4abe-8f21-8529136ec7fa
904,225,159bca24-3124-464e-826b-ce1daf01ea5c,9cdcda2f-3a05-4abe-8f21-8529136ec7fa
905,995,98974e2d-0c02-4caa-8f6a-a34d6d6eabc1,4c8bf90e-d1b8-4c9a-9882-fc85aee7fb51
906,995,9eecc135-724c-40a7-9d62-879674225d90,4c8bf90e-d1b8-4c9a-9882-fc85aee7fb51
907,225,ce4a0c8a-bc55-4098-8098-e1f80d84cf8a,9cdcda2f-3a05-4abe-8f21-8529136ec7fa
908,76,5c818449-bbc8-42ea-820b-e847c7b73e93,aca0ea7d-5edb-4012-b86e-c27ac894c9e9
909,225,9c927123-e271-423a-8572-6e7f4c89d47d,9cdcda2f-3a05-4abe-8f21-8529136ec7fa
910,225,662e04e5-1b0a-472a-b0ad-9968286d3924,9cdcda2f-3a05-4abe-8f21-8529136ec7fa
911,37,b578feb0-6737-4a3e-8761-41faff3f1b29,370d50ba-592a-491a-be9e-7aed4b1edcec
912,225,8aeba08c-9a5a-4673-ae92-01bfb42bd1ee,9cdcda2f-3a05-4abe-8f21-8529136ec7fa
913,76,b143b165-7954-4be6-8590-0cb528d10517,aca0ea7d-5edb-4012-b86e-c27ac894c9e9
914,37,810905bf-112b-453b-be73-84a888699369,370d50ba-592a-491a-be9e-7aed4b1edcec
914,995,810905bf-112b-453b-be73-84a888699369,4c8bf90e-d1b8-4c9a-9882-fc85aee7fb51
916,996,fbb6443e-ba96-4db1-ae92-99bea9d49cce,4de9d058-62bb-4727-b2a3-ef64bed4edf9
917,225,f259180c-8c0e-418f-9ca8-fc9254fd8139,9cdcda2f-3a05-4abe-8f21-8529136ec7fa
920,110,b9c8acdb-685d-472c-a359-6ec2896e4704,0f8bb30d-61bf-4513-b56a-113ea8c3aff8
921,225,7acef368-6948-4464-8e90-30b7005deb50,9cdcda2f-3a05-4abe-8f21-8529136ec7fa
922,225,4c09e8a9-ef7d-4431-b122-79e0a070658f,9cdcda2f-3a05-4abe-8f21-8529136ec7fa
923,225,d6dfaaa8-2173-418a-9322-042f2c453af3,9cdcda2f-3a05-4abe-8f21-8529136ec7fa
924,76,6ee55271-da36-4fd7-a89a-108f0ced42ea,aca0ea7d-5edb-4012-b86e-c27ac894c9e9
925,225,52e3b325-f8eb-412b-88ee-8d04d40dde73,9cdcda2f-3a05-4abe-8f21-8529136ec7fa
926,56,260ccd97-b668-45fd-b266-be4bc4ba3ae7,05db5d78-31d2-4fb7-ae0e-f3181d897dec
927,225,9aa05453-e644-4ab2-8d2d-c984ce0f2805,9cdcda2f-3a05-4abe-8f21-8529136ec7fa
928,76,3403617b-c0dd-46e5-becb-2b21ce0d9fd5,aca0ea7d-5edb-4012-b86e-c27ac894c9e9
929,74,5afcf9a0-b579-4a87-b752-535752d4a51a,fcadc606-b3bc-456e-ad45-826bb6eaa875
931,37,754ceaab-664a-4a63-842c-5c6f70942ae2,370d50ba-592a-491a-be9e-7aed4b1edcec
933,225,986e1607-a5e6-4e38-8f48-b7eb9e4fe4cb,9cdcda2f-3a05-4abe-8f21-8529136ec7fa
934,225,de9c7d05-3d33-4383-b9a6-04098c028e95,9cdcda2f-3a05-4abe-8f21-8529136ec7fa
935,225,06f1c01a-4379-494d-9ec2-bd8e226f0ac2,9cdcda2f-3a05-4abe-8f21-8529136ec7fa
936,225,70106582-1829-4739-9c98-6599d2e7f031,9cdcda2f-3a05-4abe-8f21-8529136ec7fa
937,225,b35705c4-c94f-4fed-8155-acc156f5ea25,9cdcda2f-3a05-4abe-8f21-8529136ec7fa
938,225,2ee23c56-063b-4936-b047-7f659ef6cf13,9cdcda2f-3a05-4abe-8f21-8529136ec7fa
939,225,36a351c9-c3f4-4d2f-82b0-6ef22796d55b,9cdcda2f-3a05-4abe-8f21-8529136ec7fa
940,225,9ac8c302-75c8-4904-b792-2c6183021654,9cdcda2f-3a05-4abe-8f21-8529136ec7fa
941,37,f43876d7-93fe-46f8-815e-aba92d052053,370d50ba-592a-491a-be9e-7aed4b1edcec
942,225,35b37bb3-7d07-4e8f-9612-3600f3f8320e,9cdcda2f-3a05-4abe-8f21-8529136ec7fa
943,225,f1393b42-695a-47a0-8813-2bb1040066ed,9cdcda2f-3a05-4abe-8f21-8529136ec7fa
944,225,48fca738-5af6-4115-a804-3328bf23af7a,9cdcda2f-3a05-4abe-8f21-8529136ec7fa
945,76,957f908c-12a7-4b8b-a099-9926455bdea1,aca0ea7d-5edb-4012-b86e-c27ac894c9e9
946,225,012142c7-7e51-4b71-8266-139ac6e64377,9cdcda2f-3a05-4abe-8f21-8529136ec7fa
947,225,3c715bab-6f42-4d28-8062-8ca94786c1ba,9cdcda2f-3a05-4abe-8f21-8529136ec7fa
948,225,76265529-30ae-4117-96fd-59b0fca9528f,9cdcda2f-3a05-4abe-8f21-8529136ec7fa
949,225,1513ee9d-78c7-41be-b9a1-a745724ce5f7,9cdcda2f-3a05-4abe-8f21-8529136ec7fa
950,110,5abcdc5b-6fbc-46c7-af5c-e50a50a5711a,0f8bb30d-61bf-4513-b56a-113ea8c3aff8
951,225,198072aa-eb24-438b-b411-31f9423b17f6,9cdcda2f-3a05-4abe-8f21-8529136ec7fa
952,110,c5d92673-d2f4-45b9-80e3-619f3cde1e45,0f8bb30d-61bf-4513-b56a-113ea8c3aff8
954,118,7e6f00db-b42b-4365-96f0-5bb4dc130b91,0ae3d636-f592-4f95-bed4-68e6dc1bf8a1
954,225,7e6f00db-b42b-4365-96f0-5bb4dc130b91,9cdcda2f-3a05-4abe-8f21-8529136ec7fa
955,76,3e276b6d-c4a0-4ef1-a684-c71ed75fccde,aca0ea7d-5edb-4012-b86e-c27ac894c9e9
956,76,6da9a3ad-4965-4705-ab57-cbcd69733c52,aca0ea7d-5edb-4012-b86e-c27ac894c9e9
957,225,be6f530d-6e33-448a-80de-5bda057b16cb,9cdcda2f-3a05-4abe-8f21-8529136ec7fa
958,225,62650423-0158-4665-89b4-705cd4337f77,9cdcda2f-3a05-4abe-8f21-8529136ec7fa
959,74,fd32827a-a805-46af-842f-74674bfb6ed9,fcadc606-b3bc-456e-ad45-826bb6eaa875
959,107,fd32827a-a805-46af-842f-74674bfb6ed9,d5b59247-e12c-4bb2-ae69-5a3569942ff1
960,225,288782c5-4c32-4172-85e4-566e6f4e4c57,9cdcda2f-3a05-4abe-8f21-8529136ec7fa
961,225,814dfd97-7399-46dc-9466-960d307176cc,9cdcda2f-3a05-4abe-8f21-8529136ec7fa
962,225,da671755-aa2a-4ef9-a3dd-33ef22264c4a,9cdcda2f-3a05-4abe-8f21-8529136ec7fa
963,225,116ca4e3-e632-400b-bbe7-113b0f519b97,9cdcda2f-3a05-4abe-8f21-8529136ec7fa
964,225,d61a310f-974c-4b15-b573-505bf7ec4206,9cdcda2f-3a05-4abe-8f21-8529136ec7fa
965,74,c0679988-f5a7-47aa-adbf-4e012927261e,fcadc606-b3bc-456e-ad45-826bb6eaa875
966,225,e2e24cb0-af80-4c72-9c5b-3c5892003810,9cdcda2f-3a05-4abe-8f21-8529136ec7fa
967,76,32bd34d9-8821-44c2-8e31-11d9e067cc52,aca0ea7d-5edb-4012-b86e-c27ac894c9e9
968,107,7c1b7323-1112-43b4-b01b-486350ff6314,d5b59247-e12c-4bb2-ae69-5a3569942ff1
968,995,7c1b7323-1112-43b4-b01b-486350ff6314,4c8bf90e-d1b8-4c9a-9882-fc85aee7fb51
969,225,659b2acb-cd09-4c14-a4aa-f21e2353d23e,9cdcda2f-3a05-4abe-8f21-8529136ec7fa
970,225,1e9e492e-76f1-42c5-a632-479aff9c4763,9cdcda2f-3a05-4abe-8f21-8529136ec7fa
971,225,5cb2e96a-31f9-401e-8540-99962336ec48,9cdcda2f-3a05-4abe-8f21-8529136ec7fa
972,225,f18e4d2d-50b1-404b-9a49-489076240b4c,9cdcda2f-3a05-4abe-8f21-8529136ec7fa
973,225,c2cdd6ec-a516-4585-b489-d18dd3ed9130,9cdcda2f-3a05-4abe-8f21-8529136ec7fa
974,225,4545fa07-5a0a-4437-9e16-f9cc06a17d38,9cdcda2f-3a05-4abe-8f21-8529136ec7fa
975,225,124a9020-6924-4868-a763-4a343bfc0365,9cdcda2f-3a05-4abe-8f21-8529136ec7fa
976,14,8f9fd0ba-b999-4435-95d0-ef14700568e2,63415897-6d9c-4dc4-a2cf-db77b292f8ef
977,225,3cb042c6-613a-4925-9d05-af1c2bf65d55,9cdcda2f-3a05-4abe-8f21-8529136ec7fa
978,225,41f0169c-3df2-4ef5-8302-b199176274f5,9cdcda2f-3a05-4abe-8f21-8529136ec7fa
979,225,f3147cb9-6cc6-4486-9055-943176983994,9cdcda2f-3a05-4abe-8f21-8529136ec7fa
980,225,f802ba44-2ee5-49e9-ae78-e03432b491a7,9cdcda2f-3a05-4abe-8f21-8529136ec7fa
981,225,a3be11c3-141a-4581-9b70-0c4997d98216,9cdcda2f-3a05-4abe-8f21-8529136ec7fa
982,225,c1b2c452-1ce8-46c9-8388-cc5db0576ecf,9cdcda2f-3a05-4abe-8f21-8529136ec7fa
983,67,010689f7-6f21-4a5f-aab1-470cd1781281,92fb785b-75ee-467b-8ff0-c25cb9c81149
984,225,365367a7-f1c0-4606-9b47-2765c61032c4,9cdcda2f-3a05-4abe-8f21-8529136ec7fa
985,76,a86e3a27-615d-4e47-b8e1-2462e2a72562,aca0ea7d-5edb-4012-b86e-c27ac894c9e9
985,110,a86e3a27-615d-4e47-b8e1-2462e2a72562,0f8bb30d-61bf-4513-b56a-113ea8c3aff8
985,225,a86e3a27-615d-4e47-b8e1-2462e2a72562,9cdcda2f-3a05-4abe-8f21-8529136ec7fa
985,995,a86e3a27-615d-4e47-b8e1-2462e2a72562,4c8bf90e-d1b8-4c9a-9882-fc85aee7fb51
988,225,3f18365d-8c2e-4233-a5ec-af2da37ab5cb,9cdcda2f-3a05-4abe-8f21-8529136ec7fa
989,995,43d1d16c-c2a0-44fd-8e2c-8bf55c7276f2,4c8bf90e-d1b8-4c9a-9882-fc85aee7fb51
990,74,3088dc41-2a55-4eed-afc8-06381c5ffd4f,fcadc606-b3bc-456e-ad45-826bb6eaa875
991,74,440565a4-8f2b-4c37-a283-8c16c17ee70c,fcadc606-b3bc-456e-ad45-826bb6eaa875
992,996,d96faf1e-6c5f-4c9f-a50e-a73d0b865bdb,4de9d058-62bb-4727-b2a3-ef64bed4edf9
993,13,a13a32f3-1c3e-410e-82bd-307da7c907d7,b55c215f-d96b-4e35-b2f0-242bed184ab2
993,74,a13a32f3-1c3e-410e-82bd-307da7c907d7,fcadc606-b3bc-456e-ad45-826bb6eaa875
993,107,a13a32f3-1c3e-410e-82bd-307da7c907d7,d5b59247-e12c-4bb2-ae69-5a3569942ff1
993,993,a13a32f3-1c3e-410e-82bd-307da7c907d7,be7df09a-bed7-44db-844a-05dda9dd1a46
993,995,a13a32f3-1c3e-410e-82bd-307da7c907d7,4c8bf90e-d1b8-4c9a-9882-fc85aee7fb51
994,58,0c1d7b38-c757-4f54-b3d1-f0f94a1e9091,70349383-d413-4b44-af33-49f3df8ed8f5
994,161,0c1d7b38-c757-4f54-b3d1-f0f94a1e9091,cb4838c4-6ff1-432f-93f3-985c8eeb8f1b
994,191,0c1d7b38-c757-4f54-b3d1-f0f94a1e9091,2de6dd51-50e0-4e80-825c-d0aeb80b3a47
995,225,b9396f65-b47d-4431-946a-6b83659ecae9,9cdcda2f-3a05-4abe-8f21-8529136ec7fa
996,992,cf68003b-374a-48c5-ae13-a2b5ed6fd605,f5045ddb-28f5-4810-b5b2-c013e56c96a3
997,225,e5e68f3c-d317-49c2-a59e-02a9051d751a,9cdcda2f-3a05-4abe-8f21-8529136ec7fa
998,225,f1117109-e2c3-4d94-9b7c-07989247db18,9cdcda2f-3a05-4abe-8f21-8529136ec7fa
999,225,2dbf6dd0-a80e-4e9b-b0a5-3dc8d1514ce5,9cdcda2f-3a05-4abe-8f21-8529136ec7fa
1000,101,bd8a2cca-f228-4d7f-8d25-759840fb4aa9,134fd0db-dd0c-4e37-82ce-a73f8688026b
1000,225,bd8a2cca-f228-4d7f-8d25-759840fb4aa9,9cdcda2f-3a05-4abe-8f21-8529136ec7fa
1001,225,c7f6f28a-1ea5-4aa3-99c8-92c4b6edb2aa,9cdcda2f-3a05-4abe-8f21-8529136ec7fa
1002,55,6dffeeab-a592-4f3f-83c1-1cd39995e2fa,70cb2fa0-b97b-4e80-adf4-5473e61cab6b
1002,56,6dffeeab-a592-4f3f-83c1-1cd39995e2fa,05db5d78-31d2-4fb7-ae0e-f3181d897dec
1003,225,d4840e14-8a52-47a4-a093-e9616cd562ff,9cdcda2f-3a05-4abe-8f21-8529136ec7fa
1004,14,e23bce7e-ed52-4b11-bbd8-e504db3d1bab,63415897-6d9c-4dc4-a2cf-db77b292f8ef
1005,74,6982eccd-f495-4ed1-bd82-a281cddcce42,fcadc606-b3bc-456e-ad45-826bb6eaa875
1006,37,b225216c-6b88-437d-a4ce-04c1972f64cb,370d50ba-592a-491a-be9e-7aed4b1edcec
1006,76,b225216c-6b88-437d-a4ce-04c1972f64cb,aca0ea7d-5edb-4012-b86e-c27ac894c9e9
1007,225,6d46b2cc-72b9-47ed-aea3-ef14b8a7ba6c,9cdcda2f-3a05-4abe-8f21-8529136ec7fa
1008,14,c6b3b0bd-9faf-4987-a2e6-bc138548246b,63415897-6d9c-4dc4-a2cf-db77b292f8ef
1008,37,c6b3b0bd-9faf-4987-a2e6-bc138548246b,370d50ba-592a-491a-be9e-7aed4b1edcec
1008,225,c6b3b0bd-9faf-4987-a2e6-bc138548246b,9cdcda2f-3a05-4abe-8f21-8529136ec7fa
1009,225,d4f58d66-7c80-4d39-a614-5014806234b7,9cdcda2f-3a05-4abe-8f21-8529136ec7fa
1010,14,9ae715d6-8ccc-465e-a3b3-c5d542a221fc,63415897-6d9c-4dc4-a2cf-db77b292f8ef
1010,76,9ae715d6-8ccc-465e-a3b3-c5d542a221fc,aca0ea7d-5edb-4012-b86e-c27ac894c9e9
1010,225,9ae715d6-8ccc-465e-a3b3-c5d542a221fc,9cdcda2f-3a05-4abe-8f21-8529136ec7fa
1011,76,a0e9d28d-5ffc-4555-8107-5047fcb21df7,aca0ea7d-5edb-4012-b86e-c27ac894c9e9
1012,225,2eb04aac-0fe6-42ba-b716-0e5da7ee3cc6,9cdcda2f-3a05-4abe-8f21-8529136ec7fa
1013,225,a1cf0613-bdb3-489d-a8b0-c86342ef1138,9cdcda2f-3a05-4abe-8f21-8529136ec7fa
1014,225,2ce65fb9-8e90-40e5-8e32-ca42e6cfea53,9cdcda2f-3a05-4abe-8f21-8529136ec7fa
1015,56,ec138277-2ebc-4e69-a122-17dfedce5e94,05db5d78-31d2-4fb7-ae0e-f3181d897dec
1016,225,4e9c8a86-1751-4c75-8d9c-026125eecf34,9cdcda2f-3a05-4abe-8f21-8529136ec7fa
1017,225,e81fe42a-4d19-4681-9840-e9acfe20017d,9cdcda2f-3a05-4abe-8f21-8529136ec7fa
1018,225,dfe5ea35-1350-40b8-a73c-d968a2d5e719,9cdcda2f-3a05-4abe-8f21-8529136ec7fa
1019,225,83e3e50e-e1a5-4711-aa0e-3f2497c16f45,9cdcda2f-3a05-4abe-8f21-8529136ec7fa
1020,225,0404f1f2-64c8-48ac-b00f-21acc301a99f,9cdcda2f-3a05-4abe-8f21-8529136ec7fa
1020,995,0404f1f2-64c8-48ac-b00f-21acc301a99f,4c8bf90e-d1b8-4c9a-9882-fc85aee7fb51
1021,225,d9347d15-46e9-4089-b5e2-92d3eac4a049,9cdcda2f-3a05-4abe-8f21-8529136ec7fa
1022,225,9dbe7682-322e-4567-8d47-a15a45ff1aeb,9cdcda2f-3a05-4abe-8f21-8529136ec7fa
1023,56,e5bb6cec-5a23-41dc-b464-3b14aebc91de,05db5d78-31d2-4fb7-ae0e-f3181d897dec
1023,74,e5bb6cec-5a23-41dc-b464-3b14aebc91de,fcadc606-b3bc-456e-ad45-826bb6eaa875
1023,107,e5bb6cec-5a23-41dc-b464-3b14aebc91de,d5b59247-e12c-4bb2-ae69-5a3569942ff1
1023,225,e5bb6cec-5a23-41dc-b464-3b14aebc91de,9cdcda2f-3a05-4abe-8f21-8529136ec7fa
1024,55,e0835b59-2e23-4c17-951b-65203d49933e,70cb2fa0-b97b-4e80-adf4-5473e61cab6b
1024,56,e0835b59-2e23-4c17-951b-65203d49933e,05db5d78-31d2-4fb7-ae0e-f3181d897dec
1024,74,e0835b59-2e23-4c17-951b-65203d49933e,fcadc606-b3bc-456e-ad45-826bb6eaa875
1024,76,e0835b59-2e23-4c17-951b-65203d49933e,aca0ea7d-5edb-4012-b86e-c27ac894c9e9
1024,225,e0835b59-2e23-4c17-951b-65203d49933e,9cdcda2f-3a05-4abe-8f21-8529136ec7fa
1025,56,858259a3-eab9-4d4a-b0b2-a66a076cc0b4,05db5d78-31d2-4fb7-ae0e-f3181d897dec
1025,76,858259a3-eab9-4d4a-b0b2-a66a076cc0b4,aca0ea7d-5edb-4012-b86e-c27ac894c9e9
1025,225,858259a3-eab9-4d4a-b0b2-a66a076cc0b4,9cdcda2f-3a05-4abe-8f21-8529136ec7fa
1026,225,7afa8aa4-366c-46a7-9726-882d8270fb3f,9cdcda2f-3a05-4abe-8f21-8529136ec7fa
1027,225,e268a35f-f670-4fd9-86c8-e3a2612e6cd9,9cdcda2f-3a05-4abe-8f21-8529136ec7fa
1028,225,fe53b8ab-ab0f-41f1-8a45-041a346695f8,9cdcda2f-3a05-4abe-8f21-8529136ec7fa
1030,118,b364c5a3-cbe9-405a-a896-7f9baf1bb801,0ae3d636-f592-4f95-bed4-68e6dc1bf8a1
1031,225,41ab1d8c-095a-43df-9264-33cc552dc2e6,9cdcda2f-3a05-4abe-8f21-8529136ec7fa
1033,225,b83f41b3-e0ca-484f-a052-79790813bd57,9cdcda2f-3a05-4abe-8f21-8529136ec7fa
1034,110,faccff8f-006a-4129-be5a-59ba92d21d2a,0f8bb30d-61bf-4513-b56a-113ea8c3aff8
1035,225,51e1c8c2-7ea7-407f-b799-92932ebd3de7,9cdcda2f-3a05-4abe-8f21-8529136ec7fa
1036,225,218f9128-9b13-48c9-9d9f-7cf615f59377,9cdcda2f-3a05-4abe-8f21-8529136ec7fa
1037,225,0090277f-b0a7-45d9-b451-27c304337a8c,9cdcda2f-3a05-4abe-8f21-8529136ec7fa
1038,225,92b6f10f-aba6-46c1-b748-af9908cd5c10,9cdcda2f-3a05-4abe-8f21-8529136ec7fa
1039,76,bfacce16-7d5e-4a2f-9326-5ade50939b16,aca0ea7d-5edb-4012-b86e-c27ac894c9e9
1040,225,19e5ae51-6e23-40d7-88ca-baf430c9afe2,9cdcda2f-3a05-4abe-8f21-8529136ec7fa
1041,225,6eda0239-14db-42fb-9fdb-cc5a94f8d595,9cdcda2f-3a05-4abe-8f21-8529136ec7fa
1042,225,98cfedbc-23ce-4c42-9201-0c381fc70e88,9cdcda2f-3a05-4abe-8f21-8529136ec7fa
1043,225,20e64f98-c83f-4ea8-8316-fc7954d148b3,9cdcda2f-3a05-4abe-8f21-8529136ec7fa
1044,225,a0182b62-cc52-467d-b720-faf4a9345d36,9cdcda2f-3a05-4abe-8f21-8529136ec7fa
1045,225,c9f72b29-26ff-4a15-b77f-b48d2f4d0f90,9cdcda2f-3a05-4abe-8f21-8529136ec7fa
1046,225,71393d06-8514-4142-9e02-1233f4c2481f,9cdcda2f-3a05-4abe-8f21-8529136ec7fa
1047,225,d210242f-b881-42ea-aedd-099703fd1af2,9cdcda2f-3a05-4abe-8f21-8529136ec7fa
1048,225,35c5f5ae-0a08-4eb3-8b17-7d7009621754,9cdcda2f-3a05-4abe-8f21-8529136ec7fa
1049,225,fc749f32-9cc9-4814-8bf7-eb0a9793fe8b,9cdcda2f-3a05-4abe-8f21-8529136ec7fa
1050,225,2eea2fbf-9457-4935-9e15-85567db26ba4,9cdcda2f-3a05-4abe-8f21-8529136ec7fa
1051,225,65114889-fcf6-409e-ab8b-46b35d8182f6,9cdcda2f-3a05-4abe-8f21-8529136ec7fa
1052,23,a8d5d562-946c-49e2-bcc6-fa0fec6250db,524be1b8-9739-4266-aa59-a9100c49a6e3
1052,225,a8d5d562-946c-49e2-bcc6-fa0fec6250db,9cdcda2f-3a05-4abe-8f21-8529136ec7fa
1053,76,e1e3c824-84ec-4f14-80ca-cd745384f48a,aca0ea7d-5edb-4012-b86e-c27ac894c9e9
1054,225,3ee261ef-004e-47d7-86aa-9028ecf79806,9cdcda2f-3a05-4abe-8f21-8529136ec7fa
1055,76,afe9217f-b78d-4600-9480-26234ae1ba2a,aca0ea7d-5edb-4012-b86e-c27ac894c9e9
1056,225,91a63fbe-e9d9-4434-85ef-f3519bd95d9a,9cdcda2f-3a05-4abe-8f21-8529136ec7fa
1057,225,ce93d3ab-1100-4efc-9054-b74f0d70a987,9cdcda2f-3a05-4abe-8f21-8529136ec7fa
1058,76,503a0c78-98b1-47ba-849a-77072ec957e8,aca0ea7d-5edb-4012-b86e-c27ac894c9e9
1059,225,f54da048-5dde-4399-8158-14b1611f1e6a,9cdcda2f-3a05-4abe-8f21-8529136ec7fa
1060,225,e5e8aa36-552b-45ce-bc93-0c2bf71349a6,9cdcda2f-3a05-4abe-8f21-8529136ec7fa
1061,993,8871fb67-5fd4-4f14-a39c-1ef466d2a61b,be7df09a-bed7-44db-844a-05dda9dd1a46
1061,995,8871fb67-5fd4-4f14-a39c-1ef466d2a61b,4c8bf90e-d1b8-4c9a-9882-fc85aee7fb51
1062,225,84b109e5-65fc-4fa3-bf34-f8acb84e7d5d,9cdcda2f-3a05-4abe-8f21-8529136ec7fa
1063,14,34e316c5-35ec-4800-999d-d2925614dd55,63415897-6d9c-4dc4-a2cf-db77b292f8ef
1064,225,24a6032c-cbf1-4552-8b6a-9d329308f3e0,9cdcda2f-3a05-4abe-8f21-8529136ec7fa
1065,225,99df4243-7907-4b63-bb4c-f3a465bdaf03,9cdcda2f-3a05-4abe-8f21-8529136ec7fa
1066,225,d513ec4c-bb0b-4856-8df5-ac6c78f5e12a,9cdcda2f-3a05-4abe-8f21-8529136ec7fa
1067,225,7af0ec95-9d5b-455d-8ff7-75521e8c6d02,9cdcda2f-3a05-4abe-8f21-8529136ec7fa
1068,225,df9eb652-46b6-45c6-bfad-83fc4c793d69,9cdcda2f-3a05-4abe-8f21-8529136ec7fa
1069,225,09c337c9-1a34-4d73-a8d3-a16b6a651652,9cdcda2f-3a05-4abe-8f21-8529136ec7fa
1070,225,06787601-8595-4f07-a351-2442d9f808cd,9cdcda2f-3a05-4abe-8f21-8529136ec7fa
1071,225,16dac0f3-e04a-4792-ae81-0acb8899a193,9cdcda2f-3a05-4abe-8f21-8529136ec7fa
1072,47,3b9871ab-385d-4565-9094-c324010eb155,bce5e705-92ce-432a-a0d6-2ee99faeb42b
1072,93,3b9871ab-385d-4565-9094-c324010eb155,5aec9d0e-3c30-4467-846f-edbaca04007b
1072,220,3b9871ab-385d-4565-9094-c324010eb155,14b21639-9757-41e5-a698-9d715f44f80d
1073,37,7ca6d8a3-2eda-43e6-abc8-4908350ac2d0,370d50ba-592a-491a-be9e-7aed4b1edcec
1074,37,5783c5eb-255d-4d95-97bf-5c71d20668da,370d50ba-592a-491a-be9e-7aed4b1edcec
1075,37,9f13f9ef-849b-4c18-9e7d-79a83094469f,370d50ba-592a-491a-be9e-7aed4b1edcec
1076,37,40797b1b-5998-4718-8ac9-4bc498005d89,370d50ba-592a-491a-be9e-7aed4b1edcec
1077,37,542a0f79-7421-4255-be7b-83e385760577,370d50ba-592a-491a-be9e-7aed4b1edcec
1077,993,542a0f79-7421-4255-be7b-83e385760577,be7df09a-bed7-44db-844a-05dda9dd1a46
1078,225,b5c07800-3ff7-430e-9a2f-ace06d4a4d73,9cdcda2f-3a05-4abe-8f21-8529136ec7fa
1079,76,c3c77379-12ae-40be-8940-60635ccab78b,aca0ea7d-5edb-4012-b86e-c27ac894c9e9
1080,225,2e9b4d02-72ec-46d7-80eb-fc1f96bb9c78,9cdcda2f-3a05-4abe-8f21-8529136ec7fa
1081,225,19557dd5-5c4f-4ae6-834a-0408f9f9533f,9cdcda2f-3a05-4abe-8f21-8529136ec7fa
1082,37,7ef93183-1d92-456b-a040-60494d7a6259,370d50ba-592a-491a-be9e-7aed4b1edcec
1083,76,2b779ec2-39fc-4385-8a5a-dcb52277411c,aca0ea7d-5edb-4012-b86e-c27ac894c9e9
1084,225,6831a832-6736-4923-8fc7-dc2dc51473fa,9cdcda2f-3a05-4abe-8f21-8529136ec7fa
1085,107,d7f9561e-adee-4f31-8c30-30441b395f63,d5b59247-e12c-4bb2-ae69-5a3569942ff1
1086,991,8b8ac4e1-9f89-4862-bfdf-86f8fc0aafab,c09f6ef6-3d50-471d-8c7e-f4a78c8f398c
1087,110,de7b2bf5-78b3-4777-a0a0-f2c963e7777d,0f8bb30d-61bf-4513-b56a-113ea8c3aff8
1087,160,de7b2bf5-78b3-4777-a0a0-f2c963e7777d,82d5bcea-2d26-46e5-9d77-5c269d4dc0f3
1087,192,de7b2bf5-78b3-4777-a0a0-f2c963e7777d,f255ee1a-572c-4450-9477-73ff8bbe6165
1087,995,de7b2bf5-78b3-4777-a0a0-f2c963e7777d,4c8bf90e-d1b8-4c9a-9882-fc85aee7fb51
1088,993,b0113d19-e0c5-4174-aa0e-61ed8435a5cc,be7df09a-bed7-44db-844a-05dda9dd1a46
1089,23,5809a42c-08a6-4e81-8245-a36f147f0619,524be1b8-9739-4266-aa59-a9100c49a6e3
1089,991,5809a42c-08a6-4e81-8245-a36f147f0619,c09f6ef6-3d50-471d-8c7e-f4a78c8f398c
1090,74,3a812ed7-9792-47d3-98c2-d0179a107499,fcadc606-b3bc-456e-ad45-826bb6eaa875
1091,225,2e5b622b-8dbc-46d8-a869-838c5c77c7af,9cdcda2f-3a05-4abe-8f21-8529136ec7fa
1093,225,8eda819f-5465-40e4-97ea-f6e5be6f2280,9cdcda2f-3a05-4abe-8f21-8529136ec7fa
1094,14,21b5bb33-3bdb-4ad7-9b79-bc7f829a09b3,63415897-6d9c-4dc4-a2cf-db77b292f8ef
1094,37,21b5bb33-3bdb-4ad7-9b79-bc7f829a09b3,370d50ba-592a-491a-be9e-7aed4b1edcec
1094,225,21b5bb33-3bdb-4ad7-9b79-bc7f829a09b3,9cdcda2f-3a05-4abe-8f21-8529136ec7fa
1095,225,76392323-4ed4-4f37-83a2-66fff1dc1225,9cdcda2f-3a05-4abe-8f21-8529136ec7fa
1096,993,39d45f0f-89b9-41d8-8462-88dcbbb6de18,be7df09a-bed7-44db-844a-05dda9dd1a46
1097,225,64be3f95-bbd8-4da0-a268-289aeb8c39ba,9cdcda2f-3a05-4abe-8f21-8529136ec7fa
1098,225,8350e1de-97ca-4ecf-8c55-fc77402821e7,9cdcda2f-3a05-4abe-8f21-8529136ec7fa
1099,991,790e6c30-2189-4537-a446-e363cf4a730e,c09f6ef6-3d50-471d-8c7e-f4a78c8f398c
1100,98,9a295d82-48ca-4a7f-b40a-fce34e403f30,1e17f8a9-3e40-4f93-9af1-4b052b3fa800
1100,225,9a295d82-48ca-4a7f-b40a-fce34e403f30,9cdcda2f-3a05-4abe-8f21-8529136ec7fa
1101,996,2987608c-668a-47f7-bd5b-c87f52428814,4de9d058-62bb-4727-b2a3-ef64bed4edf9
1102,225,fae7ea69-b55c-4b42-a30d-0dda2625ea9b,9cdcda2f-3a05-4abe-8f21-8529136ec7fa
1103,225,434e108a-12d0-4845-87c7-fafca5e3bb4c,9cdcda2f-3a05-4abe-8f21-8529136ec7fa
1104,76,e77f39e1-e45f-4ca3-ac36-ebc38f81527a,aca0ea7d-5edb-4012-b86e-c27ac894c9e9
1105,225,7353f964-8db8-4ce7-9d18-5c605233a693,9cdcda2f-3a05-4abe-8f21-8529136ec7fa
1106,225,02f61c04-9e15-4e19-a742-b0b8bfaf9ba2,9cdcda2f-3a05-4abe-8f21-8529136ec7fa
1107,76,cf0e2834-59dc-425f-b689-58f5f779562c,aca0ea7d-5edb-4012-b86e-c27ac894c9e9
1108,991,94675642-6dd9-4ace-b7c3-51fa49b6a050,c09f6ef6-3d50-471d-8c7e-f4a78c8f398c
1109,76,f373f561-a57f-4367-86e7-2c30ff2a1d8d,aca0ea7d-5edb-4012-b86e-c27ac894c9e9
1110,225,8255aba5-b472-4556-a4e0-0fd81511c63c,9cdcda2f-3a05-4abe-8f21-8529136ec7fa
1111,76,5bd3be35-b55d-460f-9cd5-856c4cf0fcf8,aca0ea7d-5edb-4012-b86e-c27ac894c9e9
1112,58,1fef4e99-d42e-4097-a0c5-e9b0fcbd4fc5,70349383-d413-4b44-af33-49f3df8ed8f5
1115,992,f63d5633-f5dc-48bb-a82f-c38da6aa50c5,f5045ddb-28f5-4810-b5b2-c013e56c96a3
1117,56,7a6be5b7-97e2-4905-a836-178df73e34f4,05db5d78-31d2-4fb7-ae0e-f3181d897dec
1117,225,7a6be5b7-97e2-4905-a836-178df73e34f4,9cdcda2f-3a05-4abe-8f21-8529136ec7fa
1118,992,4e8a480c-ecea-43eb-a03c-f2abbe2341dd,f5045ddb-28f5-4810-b5b2-c013e56c96a3
1119,225,22c22b51-8bc5-46ed-8c02-5159adc2adb7,9cdcda2f-3a05-4abe-8f21-8529136ec7fa
1120,56,103678d1-ec6f-4939-9266-1780a0eb0309,05db5d78-31d2-4fb7-ae0e-f3181d897dec
1120,58,103678d1-ec6f-4939-9266-1780a0eb0309,70349383-d413-4b44-af33-49f3df8ed8f5
1120,74,103678d1-ec6f-4939-9266-1780a0eb0309,fcadc606-b3bc-456e-ad45-826bb6eaa875
1120,76,103678d1-ec6f-4939-9266-1780a0eb0309,aca0ea7d-5edb-4012-b86e-c27ac894c9e9
1120,100,103678d1-ec6f-4939-9266-1780a0eb0309,cc0063a2-f29b-47cc-91bf-9cacc4668dd1
1122,225,e531dd54-1bc0-40a5-a13c-b7b90d62399a,9cdcda2f-3a05-4abe-8f21-8529136ec7fa
1123,993,b114c78a-78de-49b7-af8f-5779e9606075,be7df09a-bed7-44db-844a-05dda9dd1a46
1124,993,3fb21daf-71cf-4307-a69e-ddaf79542db1,be7df09a-bed7-44db-844a-05dda9dd1a46
1125,993,7db0b870-5f82-4ef7-aa5f-660a86c808f9,be7df09a-bed7-44db-844a-05dda9dd1a46
1126,993,e8891e93-9c80-4ad8-91d0-27f279c05623,be7df09a-bed7-44db-844a-05dda9dd1a46
1127,993,36330b1b-ee97-4813-b544-bc0860afd533,be7df09a-bed7-44db-844a-05dda9dd1a46
1128,993,7f335bdc-852a-4771-9adb-9eccab91f934,be7df09a-bed7-44db-844a-05dda9dd1a46
1129,993,c3dfe30a-505c-409a-aa2e-4cdd8be91a9a,be7df09a-bed7-44db-844a-05dda9dd1a46
1129,995,c3dfe30a-505c-409a-aa2e-4cdd8be91a9a,4c8bf90e-d1b8-4c9a-9882-fc85aee7fb51
1130,993,84d08657-243e-4470-9d09-b52a546900c3,be7df09a-bed7-44db-844a-05dda9dd1a46
1130,996,84d08657-243e-4470-9d09-b52a546900c3,4de9d058-62bb-4727-b2a3-ef64bed4edf9
1131,993,a7a9217e-c170-4404-a571-8fb02ed07b2a,be7df09a-bed7-44db-844a-05dda9dd1a46
1132,993,1df35a26-3e5a-4dec-b0a8-5a78051410b4,be7df09a-bed7-44db-844a-05dda9dd1a46
1133,993,ff569a49-4581-4cbe-a87c-e6454ec3af75,be7df09a-bed7-44db-844a-05dda9dd1a46
1134,993,bce19deb-2f50-4fca-8943-25c536efe7ad,be7df09a-bed7-44db-844a-05dda9dd1a46
1135,993,b65ffd25-dffa-426e-87fd-6d2ccedd456f,be7df09a-bed7-44db-844a-05dda9dd1a46
1135,995,b65ffd25-dffa-426e-87fd-6d2ccedd456f,4c8bf90e-d1b8-4c9a-9882-fc85aee7fb51
1136,13,e3b34739-0aa4-4fcd-b115-e1f88899739e,b55c215f-d96b-4e35-b2f0-242bed184ab2
1136,107,e3b34739-0aa4-4fcd-b115-e1f88899739e,d5b59247-e12c-4bb2-ae69-5a3569942ff1
1136,993,e3b34739-0aa4-4fcd-b115-e1f88899739e,be7df09a-bed7-44db-844a-05dda9dd1a46
1136,995,e3b34739-0aa4-4fcd-b115-e1f88899739e,4c8bf90e-d1b8-4c9a-9882-fc85aee7fb51
1137,993,2d18b559-f23b-42e9-9500-6dcd47be8cec,be7df09a-bed7-44db-844a-05dda9dd1a46
1137,996,2d18b559-f23b-42e9-9500-6dcd47be8cec,4de9d058-62bb-4727-b2a3-ef64bed4edf9
1138,13,85b263e2-3a57-4d7d-ae22-ebaa6a7cb19b,b55c215f-d96b-4e35-b2f0-242bed184ab2
1138,56,85b263e2-3a57-4d7d-ae22-ebaa6a7cb19b,05db5d78-31d2-4fb7-ae0e-f3181d897dec
1138,993,85b263e2-3a57-4d7d-ae22-ebaa6a7cb19b,be7df09a-bed7-44db-844a-05dda9dd1a46
1139,993,5dde885e-a4e1-4c40-a3d8-cb38389859f8,be7df09a-bed7-44db-844a-05dda9dd1a46
1139,995,5dde885e-a4e1-4c40-a3d8-cb38389859f8,4c8bf90e-d1b8-4c9a-9882-fc85aee7fb51
1140,993,939e53ca-76f7-4fc4-87cf-2b30daea00ec,be7df09a-bed7-44db-844a-05dda9dd1a46
1140,996,939e53ca-76f7-4fc4-87cf-2b30daea00ec,4de9d058-62bb-4727-b2a3-ef64bed4edf9
1141,993,e66d616e-b0af-4ba8-9f9f-5b3d92b5b28d,be7df09a-bed7-44db-844a-05dda9dd1a46
1142,993,3fbb09f3-9a19-41a9-bf1b-7f40a3d7494f,be7df09a-bed7-44db-844a-05dda9dd1a46
1143,993,30bb2c30-f4d7-47dd-8290-2096e304abbd,be7df09a-bed7-44db-844a-05dda9dd1a46
1144,56,9cbb302e-1db5-484a-a249-3144746bba7b,05db5d78-31d2-4fb7-ae0e-f3181d897dec
1145,993,e6916ce7-c98e-4d3c-a417-bbc7cbbb8ff7,be7df09a-bed7-44db-844a-05dda9dd1a46
1146,55,8fde1fec-e894-472a-9845-0eca8a3a57a6,70cb2fa0-b97b-4e80-adf4-5473e61cab6b
1146,56,8fde1fec-e894-472a-9845-0eca8a3a57a6,05db5d78-31d2-4fb7-ae0e-f3181d897dec
1147,55,f8102fb4-0e59-44bc-8969-bc979c8aa6de,70cb2fa0-b97b-4e80-adf4-5473e61cab6b
1147,56,f8102fb4-0e59-44bc-8969-bc979c8aa6de,05db5d78-31d2-4fb7-ae0e-f3181d897dec
1148,55,1b1720ef-48f6-46b9-be35-e6a81e4864db,70cb2fa0-b97b-4e80-adf4-5473e61cab6b
1148,56,1b1720ef-48f6-46b9-be35-e6a81e4864db,05db5d78-31d2-4fb7-ae0e-f3181d897dec
1149,55,86c38bb1-c2b0-4ad1-903d-0428b92ead57,70cb2fa0-b97b-4e80-adf4-5473e61cab6b
1149,56,86c38bb1-c2b0-4ad1-903d-0428b92ead57,05db5d78-31d2-4fb7-ae0e-f3181d897dec
1149,74,86c38bb1-c2b0-4ad1-903d-0428b92ead57,fcadc606-b3bc-456e-ad45-826bb6eaa875
1149,98,86c38bb1-c2b0-4ad1-903d-0428b92ead57,1e17f8a9-3e40-4f93-9af1-4b052b3fa800
1149,173,86c38bb1-c2b0-4ad1-903d-0428b92ead57,5c13e222-45ec-4a67-9e4a-d91b1f1e60c9
1149,196,86c38bb1-c2b0-4ad1-903d-0428b92ead57,940b3f91-84fe-493e-a32b-97fe98b59535
1150,225,ae2dfe5d-6ec7-4c6c-a220-6989db8dc513,9cdcda2f-3a05-4abe-8f21-8529136ec7fa
1151,225,a3e66473-d6bb-49c4-88e8-93fb959a37e1,9cdcda2f-3a05-4abe-8f21-8529136ec7fa
1152,225,4b57865d-1b81-4429-866a-7f0ae10dfbce,9cdcda2f-3a05-4abe-8f21-8529136ec7fa
1153,225,1dfe4b67-2655-4a8b-9216-0d329b51c3a0,9cdcda2f-3a05-4abe-8f21-8529136ec7fa
1154,225,345a6077-25a9-410d-9cff-be7f49e28652,9cdcda2f-3a05-4abe-8f21-8529136ec7fa
1155,225,83e2f196-453f-4e6c-b92b-3b1627e0ee75,9cdcda2f-3a05-4abe-8f21-8529136ec7fa
1156,225,87fa991d-71f1-4f75-a904-d9161b0aaca3,9cdcda2f-3a05-4abe-8f21-8529136ec7fa
1157,225,2323b01a-c818-4dc7-ad8d-289709a02472,9cdcda2f-3a05-4abe-8f21-8529136ec7fa
1158,225,a73ff240-48ce-4c7f-ba5c-ec26df2598c2,9cdcda2f-3a05-4abe-8f21-8529136ec7fa
1159,225,8adc459c-bd74-4e3b-87af-7376ed1f9be4,9cdcda2f-3a05-4abe-8f21-8529136ec7fa
1160,225,22d573c9-828d-4219-ad28-5d05eda00e26,9cdcda2f-3a05-4abe-8f21-8529136ec7fa
1161,225,229f9e2c-d931-414e-b691-6634933393e0,9cdcda2f-3a05-4abe-8f21-8529136ec7fa
1162,996,f6e98943-b26a-4650-af64-ce05e3f26713,4de9d058-62bb-4727-b2a3-ef64bed4edf9
1163,996,a76b1e52-0697-4277-8b1b-4d3c82822f56,4de9d058-62bb-4727-b2a3-ef64bed4edf9
1164,996,b1971686-3d76-46d6-8d10-f53f7c59d7e6,4de9d058-62bb-4727-b2a3-ef64bed4edf9
1165,996,892c11cc-6761-4f4d-bb22-44df5f8d2fa8,4de9d058-62bb-4727-b2a3-ef64bed4edf9
1166,996,238cf843-0da3-47e7-8415-96cedf2f036f,4de9d058-62bb-4727-b2a3-ef64bed4edf9
1167,996,b2ba9c7f-5fa9-4e4d-826f-abd813c8f548,4de9d058-62bb-4727-b2a3-ef64bed4edf9
1168,996,31af3839-bfb9-49d6-99d7-37be27c276d1,4de9d058-62bb-4727-b2a3-ef64bed4edf9
1169,996,43f4a424-f221-42c0-a7c1-912ade82e8a3,4de9d058-62bb-4727-b2a3-ef64bed4edf9
1170,996,f93d9837-fdd7-48e3-a800-9557f5d4c3ad,4de9d058-62bb-4727-b2a3-ef64bed4edf9
1171,141,636aa879-4c73-401b-aac5-db358ec9297d,7d6b054d-4993-4dbc-be2a-27935020d1f0
1171,996,636aa879-4c73-401b-aac5-db358ec9297d,4de9d058-62bb-4727-b2a3-ef64bed4edf9
1172,996,6f9f6d15-b0b3-4b23-827e-b472b0e6b398,4de9d058-62bb-4727-b2a3-ef64bed4edf9
1173,996,217ddf06-e0df-43c7-acc7-ea38d5c133ad,4de9d058-62bb-4727-b2a3-ef64bed4edf9
1174,996,b42a5eb6-67f2-4443-a9e6-4b58db52c9f1,4de9d058-62bb-4727-b2a3-ef64bed4edf9
1175,996,50cd250b-2d59-4329-9ffa-383ab1e8e9a8,4de9d058-62bb-4727-b2a3-ef64bed4edf9
1176,225,816db825-8613-4ba7-9820-0cfd574edeca,9cdcda2f-3a05-4abe-8f21-8529136ec7fa
1177,996,b3f2f7f7-1168-4196-983e-07c3c575e537,4de9d058-62bb-4727-b2a3-ef64bed4edf9
1178,996,61a6ed73-c3d0-4c53-acc9-8a794ecc1fc1,4de9d058-62bb-4727-b2a3-ef64bed4edf9
1179,21,b56307dd-445a-4e86-a7f7-ee9b94feaa09,ad53cbad-6a77-4499-94a7-c3442c2df2ee
1179,225,b56307dd-445a-4e86-a7f7-ee9b94feaa09,9cdcda2f-3a05-4abe-8f21-8529136ec7fa
1180,996,7f09b145-74fd-439f-b314-c36658c1e52b,4de9d058-62bb-4727-b2a3-ef64bed4edf9
1181,996,18a16716-f734-4bf6-9ee0-baaaa83a50ec,4de9d058-62bb-4727-b2a3-ef64bed4edf9
1182,225,a79b3730-61ab-467d-8fd7-eb4daa2a957d,9cdcda2f-3a05-4abe-8f21-8529136ec7fa
1183,996,72b87921-ce89-4e4d-bb8a-95d60b5a7c3c,4de9d058-62bb-4727-b2a3-ef64bed4edf9
1184,996,b5b6e68a-3ec4-419c-9a19-910f03fb3188,4de9d058-62bb-4727-b2a3-ef64bed4edf9
1185,74,d092b7ea-05a8-43c8-abfb-5451c208c77a,fcadc606-b3bc-456e-ad45-826bb6eaa875
1185,107,d092b7ea-05a8-43c8-abfb-5451c208c77a,d5b59247-e12c-4bb2-ae69-5a3569942ff1
1185,995,d092b7ea-05a8-43c8-abfb-5451c208c77a,4c8bf90e-d1b8-4c9a-9882-fc85aee7fb51
1186,996,b9a22a42-c9f7-43bc-8e22-2eab6ad1fc8d,4de9d058-62bb-4727-b2a3-ef64bed4edf9
1187,996,2e1d25a4-c48a-4d19-9e64-da713e4fb9cb,4de9d058-62bb-4727-b2a3-ef64bed4edf9
1188,107,cfaa2a8c-ca2d-495e-a510-2bc5e2c6ef65,d5b59247-e12c-4bb2-ae69-5a3569942ff1
1189,995,bfc19638-5fdd-4f30-94a7-6bccae239a71,4c8bf90e-d1b8-4c9a-9882-fc85aee7fb51
1190,995,0ed0087f-7709-40af-a9f3-e36e16011d0a,4c8bf90e-d1b8-4c9a-9882-fc85aee7fb51
1191,995,4b8a01a2-43b5-4847-830e-b56d4e8de7b1,4c8bf90e-d1b8-4c9a-9882-fc85aee7fb51
1192,995,0c95ec09-c02c-463b-a7b5-cf40bfa0055c,4c8bf90e-d1b8-4c9a-9882-fc85aee7fb51
1193,995,398dc858-11e9-4ada-9c98-94770fec3c4f,4c8bf90e-d1b8-4c9a-9882-fc85aee7fb51
1194,995,c8796a7e-eabc-4afa-a6e9-e63e1f145702,4c8bf90e-d1b8-4c9a-9882-fc85aee7fb51
1195,995,d875d69d-0ee5-4d2b-90e6-f7900114e62f,4c8bf90e-d1b8-4c9a-9882-fc85aee7fb51
1196,991,ba36effb-c143-4652-a208-e41ca54a8108,c09f6ef6-3d50-471d-8c7e-f4a78c8f398c
1197,225,9e2c9540-ca0f-4319-9a3c-d133a60e671c,9cdcda2f-3a05-4abe-8f21-8529136ec7fa
1198,13,46744499-babe-43d2-b34e-168758fb1987,b55c215f-d96b-4e35-b2f0-242bed184ab2
1198,42,46744499-babe-43d2-b34e-168758fb1987,51fc41ab-afab-40d9-a285-aa863fd2e978
1198,110,46744499-babe-43d2-b34e-168758fb1987,0f8bb30d-61bf-4513-b56a-113ea8c3aff8
1198,995,46744499-babe-43d2-b34e-168758fb1987,4c8bf90e-d1b8-4c9a-9882-fc85aee7fb51
1199,225,ce831209-aec6-4100-b901-6ffe0c078944,9cdcda2f-3a05-4abe-8f21-8529136ec7fa
1200,110,3b44cd74-1263-445d-b6b3-3a26271c633c,0f8bb30d-61bf-4513-b56a-113ea8c3aff8
1200,225,3b44cd74-1263-445d-b6b3-3a26271c633c,9cdcda2f-3a05-4abe-8f21-8529136ec7fa
1201,74,e0dab8fe-8a3a-458b-b124-1e2019302b25,fcadc606-b3bc-456e-ad45-826bb6eaa875
1201,107,e0dab8fe-8a3a-458b-b124-1e2019302b25,d5b59247-e12c-4bb2-ae69-5a3569942ff1
1202,225,f0c65a30-2352-4a18-9c7f-f954f203cdb4,9cdcda2f-3a05-4abe-8f21-8529136ec7fa
1203,76,917f25bf-ff71-455f-9abd-92af5b96523b,aca0ea7d-5edb-4012-b86e-c27ac894c9e9
1203,107,917f25bf-ff71-455f-9abd-92af5b96523b,d5b59247-e12c-4bb2-ae69-5a3569942ff1
1204,74,38938c82-e6fb-4f12-81a1-9c01e004f3a1,fcadc606-b3bc-456e-ad45-826bb6eaa875
1205,225,ce88e550-278e-466f-8dca-35a943e72d20,9cdcda2f-3a05-4abe-8f21-8529136ec7fa
1206,56,a7419a20-c174-48cb-8143-a8dc866a0c27,05db5d78-31d2-4fb7-ae0e-f3181d897dec
1207,76,ce2d8684-1d44-40c7-a38c-c40d91760f57,aca0ea7d-5edb-4012-b86e-c27ac894c9e9
1208,225,e6181017-47bb-45c1-846f-b80793df2759,9cdcda2f-3a05-4abe-8f21-8529136ec7fa
1209,14,184f6b6d-aaab-4780-a699-f832126a8923,63415897-6d9c-4dc4-a2cf-db77b292f8ef
1210,992,72ac3c27-99da-4fd2-9864-74b258116f90,f5045ddb-28f5-4810-b5b2-c013e56c96a3
1211,225,67f4808b-a384-4f5e-9f02-83eda441c32f,9cdcda2f-3a05-4abe-8f21-8529136ec7fa
1212,74,d017057c-fcdb-4713-9f1f-634085de7997,fcadc606-b3bc-456e-ad45-826bb6eaa875
1213,225,df3b78a8-64c8-4e36-a799-4674dd585826,9cdcda2f-3a05-4abe-8f21-8529136ec7fa
1214,225,2d188512-4054-44ff-9133-3262e39da638,9cdcda2f-3a05-4abe-8f21-8529136ec7fa
1215,996,e80046e7-cfb7-4fbc-bdea-cfc1ba804d67,4de9d058-62bb-4727-b2a3-ef64bed4edf9
1216,225,133e9ea1-5430-475f-85c5-cc40bf5ba2d7,9cdcda2f-3a05-4abe-8f21-8529136ec7fa
1217,225,1d544233-fcf9-423e-b38b-20a0758178f8,9cdcda2f-3a05-4abe-8f21-8529136ec7fa
1218,74,58a27c38-62ef-4d05-bb79-1c324ab07539,fcadc606-b3bc-456e-ad45-826bb6eaa875
1219,74,0ce18815-aacf-447a-8c12-88376bd01f1d,fcadc606-b3bc-456e-ad45-826bb6eaa875
1220,74,dff49eee-70b9-4037-b837-61a95da3fda6,fcadc606-b3bc-456e-ad45-826bb6eaa875
1221,74,b73d4b53-d272-4b66-9c64-14bc5adf684a,fcadc606-b3bc-456e-ad45-826bb6eaa875
1222,74,bd4cd22e-5c62-4a9b-b440-d7d90ec140d2,fcadc606-b3bc-456e-ad45-826bb6eaa875
1223,74,2dd301b4-b7d8-4a2a-9aaa-730aa54864cc,fcadc606-b3bc-456e-ad45-826bb6eaa875
1224,76,0e759685-21d0-4c5b-bc6f-888957ab9677,aca0ea7d-5edb-4012-b86e-c27ac894c9e9
1226,74,3ef45ea6-a43d-4d0a-a065-da926236cc57,fcadc606-b3bc-456e-ad45-826bb6eaa875
1227,74,060f5f1c-3001-4835-a416-35c4fa701771,fcadc606-b3bc-456e-ad45-826bb6eaa875
1228,100,b7c1e139-4412-4976-ae89-2f40278f8234,cc0063a2-f29b-47cc-91bf-9cacc4668dd1
1229,56,8ebd3179-5a6a-496a-b972-49589f5e100f,05db5d78-31d2-4fb7-ae0e-f3181d897dec
1230,225,4a927115-3fea-44e8-9c9b-454bdc79bbd8,9cdcda2f-3a05-4abe-8f21-8529136ec7fa
1231,76,522f8bb3-aae2-43ab-8dce-cf0791a19dfc,aca0ea7d-5edb-4012-b86e-c27ac894c9e9
1232,225,a7e084c9-247b-4146-a653-7057806adf19,9cdcda2f-3a05-4abe-8f21-8529136ec7fa
1233,225,6298f11b-d5de-49e2-875c-572383f90250,9cdcda2f-3a05-4abe-8f21-8529136ec7fa
1234,225,6042e067-34f8-4a03-93ca-210397e4a96c,9cdcda2f-3a05-4abe-8f21-8529136ec7fa
1235,76,49563456-5140-4f26-820f-109c3ed7f66f,aca0ea7d-5edb-4012-b86e-c27ac894c9e9
1236,993,cb31c4c7-24f0-4cc0-b75e-7679f2fda29d,be7df09a-bed7-44db-844a-05dda9dd1a46
1237,225,7d937f91-3330-4a1e-80dd-ec5571d14bd8,9cdcda2f-3a05-4abe-8f21-8529136ec7fa
1238,225,47fdb373-0f41-4aa6-93e6-6f27025fee35,9cdcda2f-3a05-4abe-8f21-8529136ec7fa
1239,74,ef167444-b7e4-4f11-9518-8f431016a12a,fcadc606-b3bc-456e-ad45-826bb6eaa875
1240,225,4f0d4b0d-ab55-4459-88c8-a693f7126815,9cdcda2f-3a05-4abe-8f21-8529136ec7fa
1241,225,5f44d83c-c0b2-4a12-b823-278b1b1cfe5f,9cdcda2f-3a05-4abe-8f21-8529136ec7fa
1242,225,103be510-4a42-4e31-bd66-9455a359d237,9cdcda2f-3a05-4abe-8f21-8529136ec7fa
1243,225,4f71242f-4cd0-45c8-a5d3-aeb60dc0f9a7,9cdcda2f-3a05-4abe-8f21-8529136ec7fa
1244,225,64ebc8b3-8841-4af1-8a69-ce6225de55a6,9cdcda2f-3a05-4abe-8f21-8529136ec7fa
1245,225,805a09fb-4662-420e-8d78-d511afcfde20,9cdcda2f-3a05-4abe-8f21-8529136ec7fa
1246,225,49946a7a-31d7-4430-9172-1e8c79f051a0,9cdcda2f-3a05-4abe-8f21-8529136ec7fa
1247,225,2ab88c22-cc6e-4da3-9bcb-7c9aad34a39b,9cdcda2f-3a05-4abe-8f21-8529136ec7fa
1248,225,8c132f6b-d806-4118-9e22-994ec7d7b860,9cdcda2f-3a05-4abe-8f21-8529136ec7fa
1250,225,2c7627bd-73f1-4a0e-b329-930fa7180906,9cdcda2f-3a05-4abe-8f21-8529136ec7fa
1251,225,495636cb-b997-47a5-a998-49fb77bf2bfb,9cdcda2f-3a05-4abe-8f21-8529136ec7fa
1252,74,559bc1ee-40c5-430d-81ac-865ac9d8bfcb,fcadc606-b3bc-456e-ad45-826bb6eaa875
1253,225,60e8ba7b-4a39-493e-8c0b-83853b07aa57,9cdcda2f-3a05-4abe-8f21-8529136ec7fa
1254,995,869b2156-d1e9-4fac-a762-0aeb9f99a7ec,4c8bf90e-d1b8-4c9a-9882-fc85aee7fb51
1255,995,aae518b8-7ea7-4de5-9666-4ebf87e65802,4c8bf90e-d1b8-4c9a-9882-fc85aee7fb51
1256,225,e39e43c1-2e8d-417e-93ed-682558314e7b,9cdcda2f-3a05-4abe-8f21-8529136ec7fa
1257,225,6c240d5f-c353-4017-8bd6-ca2c294e3dd8,9cdcda2f-3a05-4abe-8f21-8529136ec7fa
1258,151,c799e752-40db-4330-939e-f009fd0f7733,d99989a8-ea9c-4d4e-86f5-71dfdf6f7e81
1259,225,92c8b98d-8c9a-433b-9ee0-97352449b5ec,9cdcda2f-3a05-4abe-8f21-8529136ec7fa
1260,151,9919f859-0564-41dc-8e65-92a1edabba9b,d99989a8-ea9c-4d4e-86f5-71dfdf6f7e81
1261,151,c3c9ed72-41e3-4186-9738-e058bb69a3a4,d99989a8-ea9c-4d4e-86f5-71dfdf6f7e81
1262,225,ddec2c29-1fc6-46b0-8974-275bbd4c16bd,9cdcda2f-3a05-4abe-8f21-8529136ec7fa
1263,225,30e0ad38-4e92-4f8f-894a-835270287fd4,9cdcda2f-3a05-4abe-8f21-8529136ec7fa
1264,225,75d7c0da-66d6-440d-a977-7dbd8a81fefa,9cdcda2f-3a05-4abe-8f21-8529136ec7fa
1265,225,5fffd1a6-4907-4c9e-8dd4-11467f2f4816,9cdcda2f-3a05-4abe-8f21-8529136ec7fa
1266,21,1232518e-860e-47ca-a7ae-b122c87535ef,ad53cbad-6a77-4499-94a7-c3442c2df2ee
1267,991,1f2e0e6b-74ea-4e8d-8bc3-b5b940d7295f,c09f6ef6-3d50-471d-8c7e-f4a78c8f398c
1271,995,72b1976d-29ea-4383-9416-257a9067b41e,4c8bf90e-d1b8-4c9a-9882-fc85aee7fb51
1274,74,53b5e57d-0ec0-492d-8942-7046fd4ddd24,fcadc606-b3bc-456e-ad45-826bb6eaa875
1275,74,623b106b-dab6-4179-81e8-044e2f6c00a2,fcadc606-b3bc-456e-ad45-826bb6eaa875
1276,74,7bf2ddef-8d7c-4bd5-93c2-11f898b6cf25,fcadc606-b3bc-456e-ad45-826bb6eaa875
1277,74,479b0387-b7e5-4de8-967d-1d818914f6d2,fcadc606-b3bc-456e-ad45-826bb6eaa875
1278,74,3307e6a6-b4b9-4062-8a23-3df402583f22,fcadc606-b3bc-456e-ad45-826bb6eaa875
1279,74,30557e94-7a52-4865-83c3-c282d41d40ef,fcadc606-b3bc-456e-ad45-826bb6eaa875
1280,74,cd0ad056-953b-4dc8-b373-23acf3a99e1a,fcadc606-b3bc-456e-ad45-826bb6eaa875
1281,74,917a1cbf-9cb0-4e1b-9e80-345a439f7f99,fcadc606-b3bc-456e-ad45-826bb6eaa875
1282,74,9c496a8f-7aa6-465b-bfe8-89db1965273c,fcadc606-b3bc-456e-ad45-826bb6eaa875
1283,74,8cee916e-3bb3-403d-a481-82f018d0b857,fcadc606-b3bc-456e-ad45-826bb6eaa875
1285,74,f78fff02-8989-415d-8216-c7fec152fca0,fcadc606-b3bc-456e-ad45-826bb6eaa875
1286,225,ee23ed23-4ccd-4412-9f6b-f97abef7e9da,9cdcda2f-3a05-4abe-8f21-8529136ec7fa
1287,74,3ea10377-19a4-463b-980b-f903d61cd07b,fcadc606-b3bc-456e-ad45-826bb6eaa875
1288,56,c52ae54e-c557-42f1-8f2d-2967ea0e1aac,05db5d78-31d2-4fb7-ae0e-f3181d897dec
1290,74,de56acfe-86db-4cb9-9e48-ef96ccf87bf5,fcadc606-b3bc-456e-ad45-826bb6eaa875
1291,74,e5a02063-1346-4b2f-a4a0-7807263557e7,fcadc606-b3bc-456e-ad45-826bb6eaa875
1294,56,e89a4713-a4a2-4ecb-b76f-ef5cdc1a134a,05db5d78-31d2-4fb7-ae0e-f3181d897dec
1295,225,6d19ab88-fd84-44dd-a8b7-58b3d933125d,9cdcda2f-3a05-4abe-8f21-8529136ec7fa
1296,56,cd62a5ac-fb97-461a-9d0a-0804459b2dcc,05db5d78-31d2-4fb7-ae0e-f3181d897dec
1298,225,a88f330b-a231-46d2-a76e-ca1c2f22ee7c,9cdcda2f-3a05-4abe-8f21-8529136ec7fa
1299,225,f4077e91-660b-41f2-a91d-43f392b01bf0,9cdcda2f-3a05-4abe-8f21-8529136ec7fa
1301,225,3eb4a58b-e25f-4797-aaa5-69426ef64590,9cdcda2f-3a05-4abe-8f21-8529136ec7fa
1302,225,45afe8d9-0bfc-4909-af27-68b8246fa08d,9cdcda2f-3a05-4abe-8f21-8529136ec7fa
1303,225,1326dab8-a6bc-4651-a505-3114c75c6421,9cdcda2f-3a05-4abe-8f21-8529136ec7fa
1304,225,7c505180-72d3-4263-a554-ed4752738efe,9cdcda2f-3a05-4abe-8f21-8529136ec7fa
1305,225,0577b998-3150-4d90-ae7f-830c00eeb2f6,9cdcda2f-3a05-4abe-8f21-8529136ec7fa
1306,225,08390c0e-44ac-482b-b07b-a570466d9bfd,9cdcda2f-3a05-4abe-8f21-8529136ec7fa
1307,225,d6543d3c-855d-4379-9100-4740274c742c,9cdcda2f-3a05-4abe-8f21-8529136ec7fa
1308,225,fc4bce84-0a58-4398-b87e-2d561d97731e,9cdcda2f-3a05-4abe-8f21-8529136ec7fa
1309,225,9cc75eb1-cbd0-45b4-aeb8-4191753a2324,9cdcda2f-3a05-4abe-8f21-8529136ec7fa
1310,225,65baa365-9c95-4065-952e-fd996cf54350,9cdcda2f-3a05-4abe-8f21-8529136ec7fa
1311,225,c7dd97b3-8e89-4337-bafb-d5ff9d8e3797,9cdcda2f-3a05-4abe-8f21-8529136ec7fa
1312,225,04a383c0-0828-477b-b337-d912d98b3fbe,9cdcda2f-3a05-4abe-8f21-8529136ec7fa
1313,225,1ebe74ac-f717-4413-91d0-1fbdfe567ea5,9cdcda2f-3a05-4abe-8f21-8529136ec7fa
1314,225,fa2fadbd-d606-43ae-a01b-90ddce009d6a,9cdcda2f-3a05-4abe-8f21-8529136ec7fa
1315,225,94268585-473c-46fb-912b-7749af9e883e,9cdcda2f-3a05-4abe-8f21-8529136ec7fa
1316,225,e4ec2777-b973-4a6b-a21b-ba64ac018714,9cdcda2f-3a05-4abe-8f21-8529136ec7fa
1317,225,916e33bc-ae68-497b-b39b-70c301318e99,9cdcda2f-3a05-4abe-8f21-8529136ec7fa
1318,225,f3cdb685-8878-45bd-9b53-613968525e53,9cdcda2f-3a05-4abe-8f21-8529136ec7fa
1319,225,469304d5-0b43-4cbf-83c8-f6b5de7c7e0d,9cdcda2f-3a05-4abe-8f21-8529136ec7fa
1320,225,ae8be49e-474d-4d39-b3e8-0fa451e8186d,9cdcda2f-3a05-4abe-8f21-8529136ec7fa
1321,225,a324b4de-3173-4c81-ac87-d0d3148d1b19,9cdcda2f-3a05-4abe-8f21-8529136ec7fa
1322,225,4f52000f-8959-4c4c-bf2e-0a8599264606,9cdcda2f-3a05-4abe-8f21-8529136ec7fa
1323,225,c5c822dd-5107-4cd8-839b-bc7c2bb2e170,9cdcda2f-3a05-4abe-8f21-8529136ec7fa
1325,225,d2ae909d-cc91-449d-a693-ef0f0af7463f,9cdcda2f-3a05-4abe-8f21-8529136ec7fa
1326,225,c288e422-e8df-488d-b4ed-ca29eb3942a2,9cdcda2f-3a05-4abe-8f21-8529136ec7fa
1327,225,a5e307cf-2fdc-4d7f-8150-93e6d256e1c4,9cdcda2f-3a05-4abe-8f21-8529136ec7fa
1328,225,79129c1c-7247-47ba-b6c1-751fb0cfb172,9cdcda2f-3a05-4abe-8f21-8529136ec7fa
1329,225,21d34c7f-325c-4b62-8c2d-2eaa14e3e542,9cdcda2f-3a05-4abe-8f21-8529136ec7fa
1330,225,e0846f75-2004-4f20-a682-1716f091d62a,9cdcda2f-3a05-4abe-8f21-8529136ec7fa
1331,225,7a3517d6-f5c2-46b2-a61b-e11e6aafa0c8,9cdcda2f-3a05-4abe-8f21-8529136ec7fa
1332,225,7daf4939-a668-49c3-940d-4499d1f13558,9cdcda2f-3a05-4abe-8f21-8529136ec7fa
1334,225,dd2eb2e2-9468-4a02-87fc-d78aeafdcc67,9cdcda2f-3a05-4abe-8f21-8529136ec7fa
1335,225,0ec4b178-fdc2-464b-b007-e95d1946b4ed,9cdcda2f-3a05-4abe-8f21-8529136ec7fa
1336,225,5dc48241-45ed-4fa0-b038-ebedff0889fe,9cdcda2f-3a05-4abe-8f21-8529136ec7fa
1337,225,3aa27813-1dd1-49d0-8008-55008ec81ef9,9cdcda2f-3a05-4abe-8f21-8529136ec7fa
1338,225,256f16cc-967b-4abe-bca6-a6fc525613b0,9cdcda2f-3a05-4abe-8f21-8529136ec7fa
1339,225,6a70db2f-dac5-4006-9147-6d3794032fb8,9cdcda2f-3a05-4abe-8f21-8529136ec7fa
1340,225,de5fea55-e295-47a7-983c-557e1b086b0f,9cdcda2f-3a05-4abe-8f21-8529136ec7fa
1341,225,eb3a490e-b197-43fa-a05d-809b560faa52,9cdcda2f-3a05-4abe-8f21-8529136ec7fa
1342,225,36b8ed1f-9927-4c7d-ba66-589d2cdbad40,9cdcda2f-3a05-4abe-8f21-8529136ec7fa
1343,225,aaa95cf5-acdb-470c-ae1e-927075061acd,9cdcda2f-3a05-4abe-8f21-8529136ec7fa
1344,225,8959e633-890e-48c2-88c9-8551e25ce071,9cdcda2f-3a05-4abe-8f21-8529136ec7fa
1345,225,c1f37d76-1de3-42b8-b003-40d9da951da2,9cdcda2f-3a05-4abe-8f21-8529136ec7fa
1346,56,4ae6d0f5-21b2-444e-b9a4-b03cd3ef5a32,05db5d78-31d2-4fb7-ae0e-f3181d897dec
1347,56,f1a3a5c5-7c92-403a-b4bb-cabc671a6a7a,05db5d78-31d2-4fb7-ae0e-f3181d897dec
1349,56,3c75a6ed-8bca-4632-8ade-7d81d32953a6,05db5d78-31d2-4fb7-ae0e-f3181d897dec
1350,225,9749c9d8-1968-42cf-924b-ea1a898c0c97,9cdcda2f-3a05-4abe-8f21-8529136ec7fa
1351,225,ffbbda3b-7501-4c93-a43e-9946b0b5d814,9cdcda2f-3a05-4abe-8f21-8529136ec7fa
1352,225,e1aaf527-2e1e-4052-919c-f8c0f8bd0acd,9cdcda2f-3a05-4abe-8f21-8529136ec7fa
1353,225,d8503bb6-fafd-4fd5-ace8-4f72a25ab3c4,9cdcda2f-3a05-4abe-8f21-8529136ec7fa
1354,225,d934dee0-54a9-4834-a26d-0bca00ccf9e9,9cdcda2f-3a05-4abe-8f21-8529136ec7fa
1355,225,18fc1058-1dfc-412b-ac69-b25ddb56972d,9cdcda2f-3a05-4abe-8f21-8529136ec7fa
1356,225,1257c5f8-4cbb-4f1b-a4ef-6c20d1d2ec13,9cdcda2f-3a05-4abe-8f21-8529136ec7fa
1357,225,52f60578-2aef-4539-b61f-72b5008bd1ef,9cdcda2f-3a05-4abe-8f21-8529136ec7fa
1358,225,8b292203-f7e4-4ccb-a86b-3da46b89f545,9cdcda2f-3a05-4abe-8f21-8529136ec7fa
1359,225,598e2a5a-bcf6-416a-a30f-44d594af5d84,9cdcda2f-3a05-4abe-8f21-8529136ec7fa
1360,225,3482ee30-83cf-41ed-b28f-e2b67898df56,9cdcda2f-3a05-4abe-8f21-8529136ec7fa
1361,225,619807d3-f222-4062-b731-4f4433f876b2,9cdcda2f-3a05-4abe-8f21-8529136ec7fa
1362,225,54352172-e0ff-4849-92b4-3c8f0f9881ff,9cdcda2f-3a05-4abe-8f21-8529136ec7fa
1363,225,ecf341ec-b8f0-47da-bf72-a0908a57e0dc,9cdcda2f-3a05-4abe-8f21-8529136ec7fa
1364,225,1e0acfdd-bbdf-4e54-aef3-d93457453333,9cdcda2f-3a05-4abe-8f21-8529136ec7fa
1365,225,00341bbc-9a05-489c-8e17-f5e4cce4b175,9cdcda2f-3a05-4abe-8f21-8529136ec7fa
1366,225,aa1fabe3-9f60-427e-8469-cbd07c9ae499,9cdcda2f-3a05-4abe-8f21-8529136ec7fa
1367,225,cad001ca-3b97-4550-a4a1-6b3fee6b728e,9cdcda2f-3a05-4abe-8f21-8529136ec7fa
1368,225,d409277f-ac96-44a5-b042-dd9bce66a56f,9cdcda2f-3a05-4abe-8f21-8529136ec7fa
1369,225,de5875bd-f1a1-42b1-9b40-fa02607559c8,9cdcda2f-3a05-4abe-8f21-8529136ec7fa
1370,225,4e241f9f-b90e-43fe-8c64-adf46fee0018,9cdcda2f-3a05-4abe-8f21-8529136ec7fa
1371,225,4500eb00-e654-4a25-b052-ea7baf29ebe5,9cdcda2f-3a05-4abe-8f21-8529136ec7fa
1372,225,76174d20-4ba7-49ba-be86-301b45945a81,9cdcda2f-3a05-4abe-8f21-8529136ec7fa
1373,225,f1121d22-66e2-4143-975c-dbfc618a093e,9cdcda2f-3a05-4abe-8f21-8529136ec7fa
1374,225,270f48ca-9a7c-4e26-b331-9c3ae66cc7d8,9cdcda2f-3a05-4abe-8f21-8529136ec7fa
1375,225,f0edb88c-2651-4a3b-b156-a53ad21efcbf,9cdcda2f-3a05-4abe-8f21-8529136ec7fa
1376,225,b3c13b99-e166-4bab-b0ed-87c8509c55f4,9cdcda2f-3a05-4abe-8f21-8529136ec7fa
1377,225,25408078-fc9e-4ce4-9b3e-089b5af52f56,9cdcda2f-3a05-4abe-8f21-8529136ec7fa
1378,225,07672920-c575-4d73-93fc-c579e3264c86,9cdcda2f-3a05-4abe-8f21-8529136ec7fa
1379,225,d1f06290-9ffb-4341-b58f-079ee473ef0a,9cdcda2f-3a05-4abe-8f21-8529136ec7fa
1380,225,7409c6d8-9154-460b-ade2-359eda90a8e3,9cdcda2f-3a05-4abe-8f21-8529136ec7fa
1381,225,8581f97e-183c-4cb2-96c4-cdaf8bc1b6a1,9cdcda2f-3a05-4abe-8f21-8529136ec7fa
1382,225,f2d4fa7f-95fc-49bb-b595-61281bfb8b63,9cdcda2f-3a05-4abe-8f21-8529136ec7fa
1383,225,b77e8833-1c6b-42db-a998-347374588944,9cdcda2f-3a05-4abe-8f21-8529136ec7fa
1384,225,4643d83a-58f8-44be-87c1-a1304664dfd4,9cdcda2f-3a05-4abe-8f21-8529136ec7fa
1385,225,c812ec24-b69b-4957-a82c-2070c60c6e87,9cdcda2f-3a05-4abe-8f21-8529136ec7fa
1386,225,5abc4e24-8018-45d5-be90-1bee37735d91,9cdcda2f-3a05-4abe-8f21-8529136ec7fa
1387,225,36a78e4f-0fdf-428c-9347-43cca638bf9e,9cdcda2f-3a05-4abe-8f21-8529136ec7fa
1388,225,8a04538a-fbfa-4e4a-859a-b5eda0af7814,9cdcda2f-3a05-4abe-8f21-8529136ec7fa
1389,76,31372bab-fd4c-4be0-b62d-b92c28e3ac37,aca0ea7d-5edb-4012-b86e-c27ac894c9e9
1389,98,31372bab-fd4c-4be0-b62d-b92c28e3ac37,1e17f8a9-3e40-4f93-9af1-4b052b3fa800
1389,110,31372bab-fd4c-4be0-b62d-b92c28e3ac37,0f8bb30d-61bf-4513-b56a-113ea8c3aff8
1390,225,e9c869e7-364c-455a-9421-f64198c0464b,9cdcda2f-3a05-4abe-8f21-8529136ec7fa
1391,225,c0b3c146-e39f-4f1d-b6b3-556d3e4a4e36,9cdcda2f-3a05-4abe-8f21-8529136ec7fa
1392,225,7dd7a0a8-c534-498a-a87c-844fc6193a45,9cdcda2f-3a05-4abe-8f21-8529136ec7fa
1393,225,e20057e9-c1c3-401a-ae95-02f217671f64,9cdcda2f-3a05-4abe-8f21-8529136ec7fa
1394,225,69df8f1d-413e-4ee5-adb2-c2a72de2efb1,9cdcda2f-3a05-4abe-8f21-8529136ec7fa
1395,225,8c3b4892-c3e1-459b-8482-b97b2a7a71f1,9cdcda2f-3a05-4abe-8f21-8529136ec7fa
1396,225,e96a690c-6905-4bba-830a-798af29d0046,9cdcda2f-3a05-4abe-8f21-8529136ec7fa
1397,225,c2b41830-a6c1-4d64-9d16-b885622dead7,9cdcda2f-3a05-4abe-8f21-8529136ec7fa
1398,225,66d3b989-5ca0-4786-9a68-27bb83b58a54,9cdcda2f-3a05-4abe-8f21-8529136ec7fa
1399,225,a8136528-f1d9-445e-8abc-17fc9838a3e8,9cdcda2f-3a05-4abe-8f21-8529136ec7fa
1400,225,224724bd-e619-4fd9-bc9e-84d7e8431b98,9cdcda2f-3a05-4abe-8f21-8529136ec7fa
1401,225,6833a524-0f39-425c-b66e-42207f8aa5be,9cdcda2f-3a05-4abe-8f21-8529136ec7fa
1402,225,dcc0b3fc-ab23-4905-a879-729b2e2ab9f5,9cdcda2f-3a05-4abe-8f21-8529136ec7fa
1403,225,626b6293-712f-47ff-9763-1164c75d755f,9cdcda2f-3a05-4abe-8f21-8529136ec7fa
1405,225,2545f765-cdd4-4671-b48d-bceba0a9d849,9cdcda2f-3a05-4abe-8f21-8529136ec7fa
1406,225,679a6325-1345-4d45-bff7-95c3b8417862,9cdcda2f-3a05-4abe-8f21-8529136ec7fa
1407,225,30684a26-c334-4582-bbcb-a10069c5066e,9cdcda2f-3a05-4abe-8f21-8529136ec7fa
1408,225,e3e82572-f0ba-432c-8f20-af15e01bf29b,9cdcda2f-3a05-4abe-8f21-8529136ec7fa
1409,225,433b858d-75bf-4087-8dcf-38f2aed0caba,9cdcda2f-3a05-4abe-8f21-8529136ec7fa
1410,225,316923c7-178e-46a2-a2b1-5d3297550964,9cdcda2f-3a05-4abe-8f21-8529136ec7fa
1411,225,b622d1b8-da8c-46f7-8d88-40115df27ee0,9cdcda2f-3a05-4abe-8f21-8529136ec7fa
1412,225,5b17b10b-08f2-4cc9-8f19-671136529e4b,9cdcda2f-3a05-4abe-8f21-8529136ec7fa
1413,225,a3e1827c-79e2-4ffd-8a9b-5b718819c9ea,9cdcda2f-3a05-4abe-8f21-8529136ec7fa
1414,225,e6509dd5-d53b-402e-ad99-01b4db6384fe,9cdcda2f-3a05-4abe-8f21-8529136ec7fa
1415,225,c6b2c44a-6c0f-496e-8dec-b24b64e4fc2e,9cdcda2f-3a05-4abe-8f21-8529136ec7fa
1416,225,da1f5d15-d393-4643-8fc9-bd95800ca579,9cdcda2f-3a05-4abe-8f21-8529136ec7fa
1417,225,3f7e8d39-7e76-40a7-b054-8f8f147fa3ad,9cdcda2f-3a05-4abe-8f21-8529136ec7fa
1418,225,e9f2b64a-e066-4924-8a53-1cf617c07016,9cdcda2f-3a05-4abe-8f21-8529136ec7fa
1419,225,d16eacad-681b-40ed-aa49-25b36765cd1f,9cdcda2f-3a05-4abe-8f21-8529136ec7fa
1420,225,74265083-72c2-4a28-b565-af04b9ccf3eb,9cdcda2f-3a05-4abe-8f21-8529136ec7fa
1421,225,e8ac5c5d-978c-4f96-826b-a1aeb90750f0,9cdcda2f-3a05-4abe-8f21-8529136ec7fa
1422,225,7558f021-93f7-4422-b2f3-30c71f7f467a,9cdcda2f-3a05-4abe-8f21-8529136ec7fa
1423,225,ed9ed66e-3101-430a-a4d6-ed0bdc955a9a,9cdcda2f-3a05-4abe-8f21-8529136ec7fa
1424,225,f670da64-dc7e-4875-a8a1-cd77d198cd4c,9cdcda2f-3a05-4abe-8f21-8529136ec7fa
1425,225,dd14bae1-e0c1-4bc7-b4ba-39c61fddd1c3,9cdcda2f-3a05-4abe-8f21-8529136ec7fa
1426,225,f5040329-c792-4b89-9736-d06b873fb129,9cdcda2f-3a05-4abe-8f21-8529136ec7fa
1427,225,c883080a-52e1-421f-96cb-3545633e66e6,9cdcda2f-3a05-4abe-8f21-8529136ec7fa
1428,225,f0cad622-a167-4bd5-a870-70915859226a,9cdcda2f-3a05-4abe-8f21-8529136ec7fa
1429,225,09138da6-7aa8-49ca-a964-afbb6dccbd6e,9cdcda2f-3a05-4abe-8f21-8529136ec7fa
1430,225,cc814dff-1a29-4e26-84f1-82dbe6993340,9cdcda2f-3a05-4abe-8f21-8529136ec7fa
1431,225,8ecb70ee-16bf-43e9-92c6-89412c37a7f4,9cdcda2f-3a05-4abe-8f21-8529136ec7fa
1432,225,c1b89001-e25b-4f52-a6b2-94e1410c194a,9cdcda2f-3a05-4abe-8f21-8529136ec7fa
1433,225,80077e42-0010-4e70-aaf5-6ed34c4b1b34,9cdcda2f-3a05-4abe-8f21-8529136ec7fa
1434,225,dcd5f083-4afe-4f9b-bc88-2f9b226b3223,9cdcda2f-3a05-4abe-8f21-8529136ec7fa
1435,225,59b25380-a398-4be7-b27c-a25281b0c0e1,9cdcda2f-3a05-4abe-8f21-8529136ec7fa
1436,225,57bed895-1e20-4d4b-9689-af761f65556c,9cdcda2f-3a05-4abe-8f21-8529136ec7fa
1437,225,4368c584-e0aa-44c8-8ccf-df162a121e72,9cdcda2f-3a05-4abe-8f21-8529136ec7fa
1438,225,21669d3c-353f-4d42-aa8a-d5ebbd4f310d,9cdcda2f-3a05-4abe-8f21-8529136ec7fa
1439,225,b6004c69-f006-4480-bbe3-b6708ea42f42,9cdcda2f-3a05-4abe-8f21-8529136ec7fa
1440,225,818e0159-a71f-4ede-9d17-d5e31fb9d5e6,9cdcda2f-3a05-4abe-8f21-8529136ec7fa
1441,225,6d821af3-2059-4acd-a9fc-f199fbbfd3d1,9cdcda2f-3a05-4abe-8f21-8529136ec7fa
1442,225,ff7e8369-d7c2-4ce2-b5cc-f36832d3657f,9cdcda2f-3a05-4abe-8f21-8529136ec7fa
1443,225,ac1a957e-df4b-4bd5-8900-613913a313c0,9cdcda2f-3a05-4abe-8f21-8529136ec7fa
1445,74,897877aa-25b0-4759-9c3f-10978706affe,fcadc606-b3bc-456e-ad45-826bb6eaa875
1446,107,c27b653f-ee1e-4ba4-a8e3-893174d2a315,d5b59247-e12c-4bb2-ae69-5a3569942ff1
1447,56,dc15dd8a-b826-4c89-a2d4-a50da9524f1a,05db5d78-31d2-4fb7-ae0e-f3181d897dec
1447,74,dc15dd8a-b826-4c89-a2d4-a50da9524f1a,fcadc606-b3bc-456e-ad45-826bb6eaa875
1447,76,dc15dd8a-b826-4c89-a2d4-a50da9524f1a,aca0ea7d-5edb-4012-b86e-c27ac894c9e9
1448,47,13417796-2082-4c9f-baba-bfd96c3df024,bce5e705-92ce-432a-a0d6-2ee99faeb42b
1448,118,13417796-2082-4c9f-baba-bfd96c3df024,0ae3d636-f592-4f95-bed4-68e6dc1bf8a1
1448,225,13417796-2082-4c9f-baba-bfd96c3df024,9cdcda2f-3a05-4abe-8f21-8529136ec7fa
1449,239,545eed16-e11f-4606-8286-43574a877983,44516d0f-7394-4053-855c-cd6912710867
1450,23,95159614-3b9e-4a9f-a4a7-6520ebffd50e,524be1b8-9739-4266-aa59-a9100c49a6e3
1451,991,5544c1c1-9885-48ec-91de-3dec711aec4f,c09f6ef6-3d50-471d-8c7e-f4a78c8f398c
1452,7,677a2ee8-896d-4d2f-af1c-9c595e0117f8,c755eb3a-e923-42e6-9356-5850d4729e56
1452,991,677a2ee8-896d-4d2f-af1c-9c595e0117f8,c09f6ef6-3d50-471d-8c7e-f4a78c8f398c
1453,991,fe294620-3c4e-41e9-a730-c386dee7ba30,c09f6ef6-3d50-471d-8c7e-f4a78c8f398c
1455,225,4066aed1-62ee-49c1-adf3-26bc471ef439,9cdcda2f-3a05-4abe-8f21-8529136ec7fa
1456,225,fc02a514-dc5c-48d9-9ed9-415a94852fba,9cdcda2f-3a05-4abe-8f21-8529136ec7fa
1457,21,6f076bc2-c2de-48ec-9b87-593b9ea5a94d,ad53cbad-6a77-4499-94a7-c3442c2df2ee
1457,74,6f076bc2-c2de-48ec-9b87-593b9ea5a94d,fcadc606-b3bc-456e-ad45-826bb6eaa875
1457,130,6f076bc2-c2de-48ec-9b87-593b9ea5a94d,3ac91d17-f0a1-4b85-a83d-efafab0ee78c
1458,74,18b606d3-0105-4007-8772-9c9f9c4f5ba7,fcadc606-b3bc-456e-ad45-826bb6eaa875
1459,76,8f98d567-666d-4abd-a693-6821f1c27498,aca0ea7d-5edb-4012-b86e-c27ac894c9e9
1459,104,8f98d567-666d-4abd-a693-6821f1c27498,b663a908-59b3-43c7-a38b-8affad99eece
1459,217,8f98d567-666d-4abd-a693-6821f1c27498,da1bf799-42e5-4b0d-82c4-358b702d4200
1460,110,5f67620f-d472-4819-bae6-6fd211657056,0f8bb30d-61bf-4513-b56a-113ea8c3aff8
1461,110,fcc62bbe-f9e5-489a-8715-7172f8b7f2a4,0f8bb30d-61bf-4513-b56a-113ea8c3aff8
1462,56,9302cf7a-2604-4104-be18-e78ca5728d7b,05db5d78-31d2-4fb7-ae0e-f3181d897dec
1462,107,9302cf7a-2604-4104-be18-e78ca5728d7b,d5b59247-e12c-4bb2-ae69-5a3569942ff1
1463,67,1d8e4454-abe5-45d0-8ed9-c73bc0484fcf,92fb785b-75ee-467b-8ff0-c25cb9c81149
1463,74,1d8e4454-abe5-45d0-8ed9-c73bc0484fcf,fcadc606-b3bc-456e-ad45-826bb6eaa875
1463,107,1d8e4454-abe5-45d0-8ed9-c73bc0484fcf,d5b59247-e12c-4bb2-ae69-5a3569942ff1
1464,225,2e2fd943-c0ba-4e25-966e-4a81283a4b23,9cdcda2f-3a05-4abe-8f21-8529136ec7fa
1465,21,9d766295-a2bd-4d4e-aed9-dc926ae677c4,ad53cbad-6a77-4499-94a7-c3442c2df2ee
1465,74,9d766295-a2bd-4d4e-aed9-dc926ae677c4,fcadc606-b3bc-456e-ad45-826bb6eaa875
1465,100,9d766295-a2bd-4d4e-aed9-dc926ae677c4,cc0063a2-f29b-47cc-91bf-9cacc4668dd1
1466,225,72f8db18-0ec4-425d-8de1-277791c0ba2d,9cdcda2f-3a05-4abe-8f21-8529136ec7fa
1467,37,ac0eddbc-6afe-4fb9-bc16-0d5e7d4c44b5,370d50ba-592a-491a-be9e-7aed4b1edcec
1468,37,399b4f15-ff92-418d-9994-5cee85fea305,370d50ba-592a-491a-be9e-7aed4b1edcec
1469,37,bbf341db-3c36-488d-b587-08f1e80c17d3,370d50ba-592a-491a-be9e-7aed4b1edcec
1470,37,422affda-8699-4f3f-bafd-6982cc0ebf52,370d50ba-592a-491a-be9e-7aed4b1edcec
1471,37,811ad5a8-d4e0-48d9-b10a-5fd361691caf,370d50ba-592a-491a-be9e-7aed4b1edcec
1472,993,e11eb6b9-3d4e-45e2-96f8-2bdf84527294,be7df09a-bed7-44db-844a-05dda9dd1a46
1473,993,2aa0ac92-a843-4dec-92fd-f6c446e7c13e,be7df09a-bed7-44db-844a-05dda9dd1a46
1474,993,09fc0d6d-3d08-4604-a6b8-5c9cb4f0339f,be7df09a-bed7-44db-844a-05dda9dd1a46
1475,993,5894bb36-9c7c-4de2-b0be-5587f9e445a5,be7df09a-bed7-44db-844a-05dda9dd1a46
1476,993,07a75cfa-e1bc-4c6d-8431-580d650fa299,be7df09a-bed7-44db-844a-05dda9dd1a46
1477,993,bc8fb2c4-1a20-491d-8b3b-8afd86593fc8,be7df09a-bed7-44db-844a-05dda9dd1a46
1478,993,aaa41d5b-be53-481e-864b-ee16586a6cfa,be7df09a-bed7-44db-844a-05dda9dd1a46
1479,55,9626f40f-943e-4c51-a8fd-3a85412ba55c,70cb2fa0-b97b-4e80-adf4-5473e61cab6b
1480,991,b5db8315-5caf-4202-b258-942f176ca531,c09f6ef6-3d50-471d-8c7e-f4a78c8f398c
1481,991,91781767-50dd-476a-aa2c-a0f8a7a246ec,c09f6ef6-3d50-471d-8c7e-f4a78c8f398c
1486,225,68363cf6-584f-4ead-901c-4f34d00d3027,9cdcda2f-3a05-4abe-8f21-8529136ec7fa
1487,991,27deaf33-d3ce-45e5-bcf7-443c6e8abf14,c09f6ef6-3d50-471d-8c7e-f4a78c8f398c
1489,225,9f900d92-e894-4cbc-a5ae-d4b0084d7b8a,9cdcda2f-3a05-4abe-8f21-8529136ec7fa
1490,225,ac584846-de2f-4283-b821-8228f5c4a912,9cdcda2f-3a05-4abe-8f21-8529136ec7fa
1491,225,2ebdf8d8-1c7f-4d56-9801-adb6a86443b7,9cdcda2f-3a05-4abe-8f21-8529136ec7fa
1492,225,83325f13-52b6-4e7c-b0d6-4ac548e274ce,9cdcda2f-3a05-4abe-8f21-8529136ec7fa
1493,225,a240105d-4634-438b-8713-49cb254144c7,9cdcda2f-3a05-4abe-8f21-8529136ec7fa
1494,56,b38a2f1b-07e3-4994-9c58-d99d95ac2485,05db5d78-31d2-4fb7-ae0e-f3181d897dec
1495,991,50b0787e-51e4-4dde-a2f4-3ae71c60fda1,c09f6ef6-3d50-471d-8c7e-f4a78c8f398c
1496,991,fd448351-240e-4fdd-a4ce-746eedcf0dd3,c09f6ef6-3d50-471d-8c7e-f4a78c8f398c
1497,991,baca617a-bc6b-41a7-8cb8-e4a01145e64e,c09f6ef6-3d50-471d-8c7e-f4a78c8f398c
1498,991,d438acb1-3bc2-4054-9f4b-ca3e72116538,c09f6ef6-3d50-471d-8c7e-f4a78c8f398c
1499,991,6eb34862-984a-4571-9c10-b8cbb16f03c6,c09f6ef6-3d50-471d-8c7e-f4a78c8f398c
1500,991,21928c42-7a41-4641-ba71-3cf6fb42913e,c09f6ef6-3d50-471d-8c7e-f4a78c8f398c
1501,991,15c6c93a-68a0-42c2-be29-646be6512806,c09f6ef6-3d50-471d-8c7e-f4a78c8f398c
1502,991,79c679e6-064e-4067-bb3d-3acd54795369,c09f6ef6-3d50-471d-8c7e-f4a78c8f398c
1503,991,e8d74aa1-91bf-4a99-b292-6c2f1acc1ae3,c09f6ef6-3d50-471d-8c7e-f4a78c8f398c
1504,225,c2a6e79d-1ab7-467d-9e74-a3caf6bb4e43,9cdcda2f-3a05-4abe-8f21-8529136ec7fa
1505,225,8a17854a-d980-4323-bb5f-fb2951186209,9cdcda2f-3a05-4abe-8f21-8529136ec7fa
1506,225,0430060b-10e7-48ba-a988-4c1f87fbaccf,9cdcda2f-3a05-4abe-8f21-8529136ec7fa
1507,225,9d39c168-cab6-4872-8713-1859361410ce,9cdcda2f-3a05-4abe-8f21-8529136ec7fa
1508,225,09b2eb84-0464-4696-aa58-ee92ea6767c2,9cdcda2f-3a05-4abe-8f21-8529136ec7fa
1509,225,f64a84d0-303a-4925-b6b4-feb0035ad8cf,9cdcda2f-3a05-4abe-8f21-8529136ec7fa
1510,991,89667f24-165f-4d11-87b2-ec3416b0ae06,c09f6ef6-3d50-471d-8c7e-f4a78c8f398c
1511,225,47e5a187-598a-4d65-b5ec-7aa771a38f87,9cdcda2f-3a05-4abe-8f21-8529136ec7fa
1512,225,10730b62-1e47-4b30-a6a5-5fa7a01b07c3,9cdcda2f-3a05-4abe-8f21-8529136ec7fa
1513,225,77718f83-ae7e-4479-818c-80b4db55031b,9cdcda2f-3a05-4abe-8f21-8529136ec7fa
1514,225,0f691da2-1b86-40a2-b88e-8b2b14faa176,9cdcda2f-3a05-4abe-8f21-8529136ec7fa
1515,56,bf1f2862-4677-4bdb-9007-fc1985d4eabb,05db5d78-31d2-4fb7-ae0e-f3181d897dec
1516,225,f6aa7f3c-62f0-46fe-b391-045605698306,9cdcda2f-3a05-4abe-8f21-8529136ec7fa
1517,225,37d0c831-e775-4be6-b151-84e3bad3f043,9cdcda2f-3a05-4abe-8f21-8529136ec7fa
1518,225,586a165e-556f-41a9-b6d8-6538cbba76ab,9cdcda2f-3a05-4abe-8f21-8529136ec7fa
1519,56,2ae95ddc-acea-4c0b-9fe3-f714c8ae5bf1,05db5d78-31d2-4fb7-ae0e-f3181d897dec
1519,76,2ae95ddc-acea-4c0b-9fe3-f714c8ae5bf1,aca0ea7d-5edb-4012-b86e-c27ac894c9e9
1519,183,2ae95ddc-acea-4c0b-9fe3-f714c8ae5bf1,885e91b5-66eb-4e4c-b666-cd15b701f75d
1520,225,a83cb571-bf6b-4cc5-b908-4b8f671ce8a6,9cdcda2f-3a05-4abe-8f21-8529136ec7fa
1521,76,650b411c-ce3e-423a-8da6-f2c0730ebaf8,aca0ea7d-5edb-4012-b86e-c27ac894c9e9
1521,225,650b411c-ce3e-423a-8da6-f2c0730ebaf8,9cdcda2f-3a05-4abe-8f21-8529136ec7fa
1522,56,a348817c-60e2-483e-8a78-6c5128d929b8,05db5d78-31d2-4fb7-ae0e-f3181d897dec
1523,56,a9ea6375-654f-454c-b5dd-173771598ef0,05db5d78-31d2-4fb7-ae0e-f3181d897dec
1524,56,ef8da9c9-adfb-4b78-92f6-50f52a13c243,05db5d78-31d2-4fb7-ae0e-f3181d897dec
1525,56,4c3df954-6b8d-4215-9db1-4e1462063507,05db5d78-31d2-4fb7-ae0e-f3181d897dec
1526,56,ffc27f53-cc1a-454d-8d00-1aac642f8b2f,05db5d78-31d2-4fb7-ae0e-f3181d897dec
1527,56,6e4f48b3-eb12-4c37-9b1d-91f3902572ae,05db5d78-31d2-4fb7-ae0e-f3181d897dec
1528,225,27a06078-922e-4c42-b3a0-87a6b79110a5,9cdcda2f-3a05-4abe-8f21-8529136ec7fa
1529,225,c763cc63-a575-4017-badb-5188584d92dd,9cdcda2f-3a05-4abe-8f21-8529136ec7fa
1530,225,11513746-04a5-4f42-9ca6-7999e1e6f6f9,9cdcda2f-3a05-4abe-8f21-8529136ec7fa
1531,225,28315b8c-8623-4389-80e5-3415331872c1,9cdcda2f-3a05-4abe-8f21-8529136ec7fa
1532,225,2edf7e05-9136-4542-87c1-7d3f5cc5eca4,9cdcda2f-3a05-4abe-8f21-8529136ec7fa
1533,225,73af20e8-0ea1-4be6-aaa2-0c34edac8c74,9cdcda2f-3a05-4abe-8f21-8529136ec7fa
1534,996,ad53f1c6-0c63-48a5-87d7-84d5cec7bda8,4de9d058-62bb-4727-b2a3-ef64bed4edf9
1535,996,4b4cd4d0-a5d8-481d-8188-37628f73bdfd,4de9d058-62bb-4727-b2a3-ef64bed4edf9
1536,996,5e458295-4d7b-445d-8ace-d484c4b88909,4de9d058-62bb-4727-b2a3-ef64bed4edf9
1537,996,23600aa4-1ede-473b-897c-dab07f03b9cf,4de9d058-62bb-4727-b2a3-ef64bed4edf9
1538,996,bbf0d3e3-4e63-4cd0-b92d-fc1bc9a91ecf,4de9d058-62bb-4727-b2a3-ef64bed4edf9
1539,996,be6db034-5da3-440c-9897-47eafc2ea8d3,4de9d058-62bb-4727-b2a3-ef64bed4edf9
1543,74,665e459e-14ea-40b9-ac27-fa69410297bc,fcadc606-b3bc-456e-ad45-826bb6eaa875
1544,225,0026a741-a1b7-4399-b519-e6d0a9929149,9cdcda2f-3a05-4abe-8f21-8529136ec7fa
1545,225,4f4f2117-b52e-4df4-b202-9fe4739f8c0f,9cdcda2f-3a05-4abe-8f21-8529136ec7fa
1546,225,52c3c4a3-1478-4085-a9fe-5f0ebdd217af,9cdcda2f-3a05-4abe-8f21-8529136ec7fa
1547,225,030c859d-243e-4fc7-a2b6-6b2cb9ef8bb2,9cdcda2f-3a05-4abe-8f21-8529136ec7fa
1548,225,4ba67088-b81c-4f7a-b50a-d92feac13eb6,9cdcda2f-3a05-4abe-8f21-8529136ec7fa
1549,225,927217b1-8008-499a-ad36-c4d8aee6635b,9cdcda2f-3a05-4abe-8f21-8529136ec7fa
1550,991,d3ab9ed4-4352-46d8-aa83-cda1a7acafb6,c09f6ef6-3d50-471d-8c7e-f4a78c8f398c
1551,991,dfff5089-5b2e-4345-abc2-a6ce1d2b37a5,c09f6ef6-3d50-471d-8c7e-f4a78c8f398c
1552,991,211a8511-31b5-480a-988e-e4eb990c002b,c09f6ef6-3d50-471d-8c7e-f4a78c8f398c
1553,991,042cef0b-ee2a-4249-a77d-1385cbf62503,c09f6ef6-3d50-471d-8c7e-f4a78c8f398c
1554,991,0e277e8f-f717-45ed-8b30-aa85818fb4dc,c09f6ef6-3d50-471d-8c7e-f4a78c8f398c
1555,225,bae5cae2-61d8-4cd7-bd91-9967d85805e7,9cdcda2f-3a05-4abe-8f21-8529136ec7fa
1556,110,26232a64-fb95-4f84-8a26-e51c398c646a,0f8bb30d-61bf-4513-b56a-113ea8c3aff8
1557,110,d48039c4-5d5a-4d10-80bb-aafd4d7582c6,0f8bb30d-61bf-4513-b56a-113ea8c3aff8
1558,110,7dc99fef-5de4-45cb-87a6-7b47d1c6e4df,0f8bb30d-61bf-4513-b56a-113ea8c3aff8
1559,991,8db1be30-4440-4a5f-8c01-8d9feb29f78c,c09f6ef6-3d50-471d-8c7e-f4a78c8f398c
1561,991,16cc12cd-dfa8-4056-bd19-9c7e67d25742,c09f6ef6-3d50-471d-8c7e-f4a78c8f398c
1562,991,a497e1cb-aa7d-4b1c-9867-dbdc672cec43,c09f6ef6-3d50-471d-8c7e-f4a78c8f398c
1563,991,ae759f57-ea82-4a72-88aa-0a1186a69d68,c09f6ef6-3d50-471d-8c7e-f4a78c8f398c
1564,991,c5b02f1d-8d60-412a-80ab-6fa447a0348c,c09f6ef6-3d50-471d-8c7e-f4a78c8f398c
1565,74,dedc2cfc-0c8f-425e-8930-d91fce08987e,fcadc606-b3bc-456e-ad45-826bb6eaa875
1566,160,9bd0cdcb-56ca-457b-a069-4a04c12f0c3d,82d5bcea-2d26-46e5-9d77-5c269d4dc0f3
1567,160,3b4ab835-2f02-496f-b421-fd8f287840d9,82d5bcea-2d26-46e5-9d77-5c269d4dc0f3
1568,76,dbbe2a67-754a-4f8c-9038-52345db92a99,aca0ea7d-5edb-4012-b86e-c27ac894c9e9
1569,225,b04083cf-c62a-45e2-9b93-dab2bc074172,9cdcda2f-3a05-4abe-8f21-8529136ec7fa
1570,225,c05ff3a5-a7d9-4879-b97b-e4c60e0960a8,9cdcda2f-3a05-4abe-8f21-8529136ec7fa
1571,225,df47baca-4a61-4ac5-b979-b397aa7d399a,9cdcda2f-3a05-4abe-8f21-8529136ec7fa
1572,69,7cd7cc75-c830-4101-bea0-1aad429afbc3,035eab86-1053-41d2-bb09-048493bf5a8f
1572,991,7cd7cc75-c830-4101-bea0-1aad429afbc3,c09f6ef6-3d50-471d-8c7e-f4a78c8f398c
1573,991,eb2d5eb8-6e66-4148-8f80-c881767ecf0f,c09f6ef6-3d50-471d-8c7e-f4a78c8f398c
1574,56,80b7ac89-0f27-4c0d-86c3-7fd2381f2c69,05db5d78-31d2-4fb7-ae0e-f3181d897dec
1575,56,c50e494d-0943-47a5-9d88-6376abdf0878,05db5d78-31d2-4fb7-ae0e-f3181d897dec
1576,56,f2146025-d23d-44dd-8f1a-d5dc67c8e330,05db5d78-31d2-4fb7-ae0e-f3181d897dec
1577,56,8c2063ff-ef57-4af9-8432-1d4f4922387f,05db5d78-31d2-4fb7-ae0e-f3181d897dec
1578,76,46b4406a-8ce0-4369-9c95-d255ac9f4c64,aca0ea7d-5edb-4012-b86e-c27ac894c9e9
1579,76,6c65bdfe-c705-4a49-8ac7-1fbbe6a757bb,aca0ea7d-5edb-4012-b86e-c27ac894c9e9
1580,76,58b0e57f-8be5-44d2-b85e-dd0daf93be99,aca0ea7d-5edb-4012-b86e-c27ac894c9e9
1581,76,50e09f48-a518-44e1-bdef-640e3c817cd8,aca0ea7d-5edb-4012-b86e-c27ac894c9e9
1582,76,6434e028-467c-4969-892f-1b5ec54fb9c6,aca0ea7d-5edb-4012-b86e-c27ac894c9e9
1583,76,727d053e-d6e6-4ec0-8848-77b352cabf31,aca0ea7d-5edb-4012-b86e-c27ac894c9e9
1584,76,6f928e7c-8c05-49b7-86e2-ab28e6780269,aca0ea7d-5edb-4012-b86e-c27ac894c9e9
1585,225,e85d1466-b4d6-41de-9847-6a5e5ff5c3d1,9cdcda2f-3a05-4abe-8f21-8529136ec7fa
1586,74,867b4718-9429-46fd-8d18-e8b2a7915d84,fcadc606-b3bc-456e-ad45-826bb6eaa875
1587,74,cdcac545-3340-4550-8e98-beab40d3d3ed,fcadc606-b3bc-456e-ad45-826bb6eaa875
1588,74,78ff9970-3761-4700-8073-32e4d4348403,fcadc606-b3bc-456e-ad45-826bb6eaa875
1589,74,a2860735-602e-44d6-b094-5dc1f3ce3eab,fcadc606-b3bc-456e-ad45-826bb6eaa875
1590,993,3ad9bf45-3f36-4d96-81c4-c313ee2bfb37,be7df09a-bed7-44db-844a-05dda9dd1a46
1591,993,369dbafb-e1b1-475f-bec9-3581e924a8f7,be7df09a-bed7-44db-844a-05dda9dd1a46
1592,993,f74cda7f-8410-437e-ae94-8c64ad5e237b,be7df09a-bed7-44db-844a-05dda9dd1a46
1593,993,ae1a4023-f195-4bc0-89e2-dcdb1207b1af,be7df09a-bed7-44db-844a-05dda9dd1a46
1594,993,cfb159c4-2ca8-44dc-8e46-9183b9c1d4f6,be7df09a-bed7-44db-844a-05dda9dd1a46
1595,993,fd113fac-1a55-4c4b-a08f-d7499b277e27,be7df09a-bed7-44db-844a-05dda9dd1a46
1596,993,7a6fcf16-6b1e-4778-99f4-c0ba53a4b587,be7df09a-bed7-44db-844a-05dda9dd1a46
1597,993,0ccefa12-8947-4896-9e17-52d8251fb98c,be7df09a-bed7-44db-844a-05dda9dd1a46
1598,993,10122ab1-5377-477a-89f7-bf84d6f01f2b,be7df09a-bed7-44db-844a-05dda9dd1a46
1599,993,7e48ebb9-e833-4ff2-b5c8-7b70f582b387,be7df09a-bed7-44db-844a-05dda9dd1a46
1600,993,f8caf88a-5f3e-4356-8768-8f23c5c867c8,be7df09a-bed7-44db-844a-05dda9dd1a46
1601,13,a3caf4ea-42b2-4b8b-83a2-6501e39a97f8,b55c215f-d96b-4e35-b2f0-242bed184ab2
1602,993,26dd60a5-d181-4675-a80f-df230783b4c6,be7df09a-bed7-44db-844a-05dda9dd1a46
1603,993,eeca5462-3487-4af1-9e10-5dc6abd6b846,be7df09a-bed7-44db-844a-05dda9dd1a46
1604,993,afcd3518-fa0e-4527-adc5-11b711f117bf,be7df09a-bed7-44db-844a-05dda9dd1a46
1605,993,3e29d912-40b4-436e-9e2f-68950ea20ab3,be7df09a-bed7-44db-844a-05dda9dd1a46
1606,76,3f0535a0-c6a8-4dc8-bcd3-658f776d260b,aca0ea7d-5edb-4012-b86e-c27ac894c9e9
1606,225,3f0535a0-c6a8-4dc8-bcd3-658f776d260b,9cdcda2f-3a05-4abe-8f21-8529136ec7fa
1606,995,3f0535a0-c6a8-4dc8-bcd3-658f776d260b,4c8bf90e-d1b8-4c9a-9882-fc85aee7fb51
1607,225,77d78c89-3119-4220-be0e-e7b73f4fb875,9cdcda2f-3a05-4abe-8f21-8529136ec7fa
1608,76,f1cb131c-163c-41f7-a681-3bd7591e8b67,aca0ea7d-5edb-4012-b86e-c27ac894c9e9
1609,76,1962f818-9d0b-4320-901d-85c1a5cbfa52,aca0ea7d-5edb-4012-b86e-c27ac894c9e9
1609,993,1962f818-9d0b-4320-901d-85c1a5cbfa52,be7df09a-bed7-44db-844a-05dda9dd1a46
1610,151,065c12c0-2004-474e-bda6-0a48985d9255,d99989a8-ea9c-4d4e-86f5-71dfdf6f7e81
1611,11,01242a37-ff03-4e17-b19b-3592065014d3,42a63d3f-4077-47c6-98ea-3fa601c5488e
1611,67,01242a37-ff03-4e17-b19b-3592065014d3,92fb785b-75ee-467b-8ff0-c25cb9c81149
1611,151,01242a37-ff03-4e17-b19b-3592065014d3,d99989a8-ea9c-4d4e-86f5-71dfdf6f7e81
1612,993,1bae2c7d-bce7-46d3-a267-68a690404438,be7df09a-bed7-44db-844a-05dda9dd1a46
1613,993,6ae06e0f-8022-49df-8e50-6ccb375ae71c,be7df09a-bed7-44db-844a-05dda9dd1a46
1615,993,734e977c-d479-4484-bbf2-f78057708e63,be7df09a-bed7-44db-844a-05dda9dd1a46
1616,993,f2795650-3a5f-47bf-9645-9ebc5cf9cda2,be7df09a-bed7-44db-844a-05dda9dd1a46
1617,993,46629331-a0aa-450a-acfb-107b9a5da9d3,be7df09a-bed7-44db-844a-05dda9dd1a46
1618,993,e1136c91-9a89-4a94-81dd-21c0d38d92f9,be7df09a-bed7-44db-844a-05dda9dd1a46
1619,225,0ac08f09-c647-44c5-9283-bc061663eba2,9cdcda2f-3a05-4abe-8f21-8529136ec7fa
1620,225,5027858c-2731-463a-8be4-fbac12ba1faf,9cdcda2f-3a05-4abe-8f21-8529136ec7fa
1621,225,214bd774-ce88-4310-9b07-9dd7df7cfe1a,9cdcda2f-3a05-4abe-8f21-8529136ec7fa
1623,225,a31aed34-33b7-40c2-8bce-9846f88c7081,9cdcda2f-3a05-4abe-8f21-8529136ec7fa
1624,996,93dacd32-901a-4264-ba65-b0f22158be09,4de9d058-62bb-4727-b2a3-ef64bed4edf9
1626,56,3305af44-3c9a-44b9-8eee-6e73395049af,05db5d78-31d2-4fb7-ae0e-f3181d897dec
1627,56,16846134-314f-4161-9b81-9566046904b5,05db5d78-31d2-4fb7-ae0e-f3181d897dec
1629,996,ff93529d-7a64-4a4f-a90b-346988f8f631,4de9d058-62bb-4727-b2a3-ef64bed4edf9
1630,996,ef174b18-18de-4f62-b8f9-74ff918a157e,4de9d058-62bb-4727-b2a3-ef64bed4edf9
1631,996,76a3522b-c6e4-4ac7-ad24-16515295312e,4de9d058-62bb-4727-b2a3-ef64bed4edf9
1632,996,35f5fd2c-65ac-4bf2-8af3-5be5c62e9930,4de9d058-62bb-4727-b2a3-ef64bed4edf9
1633,996,2a64452e-aede-470b-87fa-87988d1f03e8,4de9d058-62bb-4727-b2a3-ef64bed4edf9
1634,996,201c5933-7299-479f-9bcc-ad896b0d3cad,4de9d058-62bb-4727-b2a3-ef64bed4edf9
1636,996,32d3d516-3bee-4295-9713-6d95ceceadc7,4de9d058-62bb-4727-b2a3-ef64bed4edf9
1637,996,54e4d7e9-28af-484d-9f19-bdf9f49f7b4f,4de9d058-62bb-4727-b2a3-ef64bed4edf9
1638,996,65ce82c8-8b33-46a7-b071-09d877413018,4de9d058-62bb-4727-b2a3-ef64bed4edf9
1639,996,a3ed2c3f-cf96-471c-80e4-42ed8bd934a9,4de9d058-62bb-4727-b2a3-ef64bed4edf9
1640,996,bda7c8db-fbeb-4e1f-a3e1-18987588c55b,4de9d058-62bb-4727-b2a3-ef64bed4edf9
1641,996,6ef8896a-7ba5-482d-9a0b-5ccdb59f1c35,4de9d058-62bb-4727-b2a3-ef64bed4edf9
1642,996,090d69d5-2c7a-4fde-a63f-14205dc379c5,4de9d058-62bb-4727-b2a3-ef64bed4edf9
1643,996,da7ad0fe-f8c7-4be7-8a86-63e90229ba51,4de9d058-62bb-4727-b2a3-ef64bed4edf9
1644,107,3902e56f-2f6d-4bfd-89fa-11c51b7a9dda,d5b59247-e12c-4bb2-ae69-5a3569942ff1
1644,996,3902e56f-2f6d-4bfd-89fa-11c51b7a9dda,4de9d058-62bb-4727-b2a3-ef64bed4edf9
1646,996,d96ab080-1355-4c46-a2fc-60551f374224,4de9d058-62bb-4727-b2a3-ef64bed4edf9
1647,996,32275169-38d8-4926-a7a3-f346a71a5c33,4de9d058-62bb-4727-b2a3-ef64bed4edf9
1648,996,89f8fe28-c25f-458a-8221-959840112411,4de9d058-62bb-4727-b2a3-ef64bed4edf9
1649,996,c373969a-e1ca-4637-b737-012455900efb,4de9d058-62bb-4727-b2a3-ef64bed4edf9
1650,996,c16b837c-9da4-4e48-92ef-19e91c5976ac,4de9d058-62bb-4727-b2a3-ef64bed4edf9
1651,996,067e3351-1972-4741-a1cb-be372e53d2e1,4de9d058-62bb-4727-b2a3-ef64bed4edf9
1652,996,b92a108d-670f-47b7-9446-ceaa0b8a3503,4de9d058-62bb-4727-b2a3-ef64bed4edf9
1653,996,2e83aa61-c333-446b-b18f-3718c4101909,4de9d058-62bb-4727-b2a3-ef64bed4edf9
1654,996,2fb16c5c-177f-454a-9a0c-93846bab62eb,4de9d058-62bb-4727-b2a3-ef64bed4edf9
1655,996,f4d1387a-d27d-4425-acfe-ea015b1ac68d,4de9d058-62bb-4727-b2a3-ef64bed4edf9
1656,996,8bb99037-0e85-4afd-b5f8-d0354f6e0fdd,4de9d058-62bb-4727-b2a3-ef64bed4edf9
1657,996,db7206b6-a0e6-47b1-9d68-1c5c4dacec2d,4de9d058-62bb-4727-b2a3-ef64bed4edf9
1659,74,7d2227e9-ce7e-48ea-82d9-b88d27785f0a,fcadc606-b3bc-456e-ad45-826bb6eaa875
1660,225,bada132f-b203-416b-8765-e09491093c8d,9cdcda2f-3a05-4abe-8f21-8529136ec7fa
1661,110,be94918d-bbfb-49a8-8fbc-7333ed933652,0f8bb30d-61bf-4513-b56a-113ea8c3aff8
1662,110,024302af-64b8-4dde-a7bb-1d10d679d73c,0f8bb30d-61bf-4513-b56a-113ea8c3aff8
1663,74,76fa0009-fba4-4231-af75-d21e1107d84b,fcadc606-b3bc-456e-ad45-826bb6eaa875
1664,991,fe14ee01-9cb3-4900-9e61-15368e022ea8,c09f6ef6-3d50-471d-8c7e-f4a78c8f398c
1665,991,f2b1ecfe-bc0d-48aa-8f3f-d6703e2c89a0,c09f6ef6-3d50-471d-8c7e-f4a78c8f398c
1666,991,810af5f8-8de7-4005-8da8-0f325a588370,c09f6ef6-3d50-471d-8c7e-f4a78c8f398c
1668,110,91503ae8-fcb4-4f16-84ea-1d1067281c29,0f8bb30d-61bf-4513-b56a-113ea8c3aff8
1669,74,dd4fc060-ba36-4232-a3f3-77fce2278fab,fcadc606-b3bc-456e-ad45-826bb6eaa875
1670,110,30d860ef-4698-4b3e-96e0-ca4bae7c223c,0f8bb30d-61bf-4513-b56a-113ea8c3aff8
1671,225,4177f4b4-d56e-4fb7-a1a9-5bc14c5d63c3,9cdcda2f-3a05-4abe-8f21-8529136ec7fa
1672,996,30ed3120-60fe-42ea-bdff-b21d1140b215,4de9d058-62bb-4727-b2a3-ef64bed4edf9
1675,76,26873bcf-407b-4b06-873c-cbe98331d668,aca0ea7d-5edb-4012-b86e-c27ac894c9e9
1676,225,aaf1b0d5-9af5-4841-8699-58dc1bdb8663,9cdcda2f-3a05-4abe-8f21-8529136ec7fa
1677,74,d037a096-e260-4e35-9e6d-229058b7bd00,fcadc606-b3bc-456e-ad45-826bb6eaa875
1680,993,475ef0fa-748c-4e9b-adeb-0f7cd74486b8,be7df09a-bed7-44db-844a-05dda9dd1a46
1681,991,d38f25a4-43d1-4a4e-b7aa-ee06bf0cc714,c09f6ef6-3d50-471d-8c7e-f4a78c8f398c
1682,991,09731d1a-2081-411a-9181-4d2d1da574aa,c09f6ef6-3d50-471d-8c7e-f4a78c8f398c
1683,74,6c6fb604-810b-4715-9b86-3d850f895152,fcadc606-b3bc-456e-ad45-826bb6eaa875
1684,74,c4877cab-b64b-4fd9-9bf5-66f8bb03370b,fcadc606-b3bc-456e-ad45-826bb6eaa875
1685,225,9707bb60-9929-44c4-bd7b-abf86f890313,9cdcda2f-3a05-4abe-8f21-8529136ec7fa
1686,225,46841f56-cba3-4e98-953d-1272b13d74cb,9cdcda2f-3a05-4abe-8f21-8529136ec7fa
1687,225,efab5662-03b3-4a24-aeee-c4db04c91ef1,9cdcda2f-3a05-4abe-8f21-8529136ec7fa
1688,225,f7c51965-c359-4756-9299-7f73b2c54c26,9cdcda2f-3a05-4abe-8f21-8529136ec7fa
1689,225,1fe2d26c-b10e-4aba-8783-8fe4c9a1f4ff,9cdcda2f-3a05-4abe-8f21-8529136ec7fa
1690,225,1b934b72-2d01-4147-8962-352565fb2135,9cdcda2f-3a05-4abe-8f21-8529136ec7fa
1691,225,89fe524d-c5a0-4f8e-aef9-ec600f1fa82a,9cdcda2f-3a05-4abe-8f21-8529136ec7fa
1692,225,89e596de-d061-4fb0-a496-4170a31b54e9,9cdcda2f-3a05-4abe-8f21-8529136ec7fa
1693,225,845e134d-cfff-4038-be45-056c737b7774,9cdcda2f-3a05-4abe-8f21-8529136ec7fa
1694,225,08176e16-3887-483a-95de-5f2d0723f86b,9cdcda2f-3a05-4abe-8f21-8529136ec7fa
1695,225,b2007c5c-7fd1-40d4-9cb9-f799500b2ca1,9cdcda2f-3a05-4abe-8f21-8529136ec7fa
1696,225,cf17a2d5-5ba9-4f5e-9942-926589cf5685,9cdcda2f-3a05-4abe-8f21-8529136ec7fa
1697,225,53eae97b-d1ed-4a5d-8f85-6b6a9261d09e,9cdcda2f-3a05-4abe-8f21-8529136ec7fa
1698,74,054635c3-43b4-44c6-9a5e-5f2e6dee9aa9,fcadc606-b3bc-456e-ad45-826bb6eaa875
1699,225,48f28abf-3557-4c71-9e19-4980536d88fe,9cdcda2f-3a05-4abe-8f21-8529136ec7fa
1700,225,564d59d9-36c6-4158-b89d-f9750c0f0dfd,9cdcda2f-3a05-4abe-8f21-8529136ec7fa
1701,183,55c83ada-eb91-458c-a960-84cf40b56f98,885e91b5-66eb-4e4c-b666-cd15b701f75d
1702,225,0ea1d621-b82b-432e-a647-7f9c66dc9f06,9cdcda2f-3a05-4abe-8f21-8529136ec7fa
1703,225,4a1c4562-ac67-496c-851e-f19bdb5d90e9,9cdcda2f-3a05-4abe-8f21-8529136ec7fa
1704,225,c9046cfd-4e9b-4ba0-b882-0ec26d713473,9cdcda2f-3a05-4abe-8f21-8529136ec7fa
1705,225,7c5c6fa5-7acd-4b19-9b73-f4244ae44407,9cdcda2f-3a05-4abe-8f21-8529136ec7fa
1706,67,8eb7c0e5-7c94-4a25-9d0a-1e446cd27308,92fb785b-75ee-467b-8ff0-c25cb9c81149
1706,76,8eb7c0e5-7c94-4a25-9d0a-1e446cd27308,aca0ea7d-5edb-4012-b86e-c27ac894c9e9
1706,225,8eb7c0e5-7c94-4a25-9d0a-1e446cd27308,9cdcda2f-3a05-4abe-8f21-8529136ec7fa
1707,225,4a9970d5-85d1-4e92-880a-00ff2c769fdb,9cdcda2f-3a05-4abe-8f21-8529136ec7fa
1708,225,dc12b508-83cf-48e1-a83d-ccd408156b72,9cdcda2f-3a05-4abe-8f21-8529136ec7fa
1709,64,4baa7991-a7b4-4acc-ad04-556a6104a45d,41adf662-c3fb-4838-8938-550a5c13c33e
1709,76,4baa7991-a7b4-4acc-ad04-556a6104a45d,aca0ea7d-5edb-4012-b86e-c27ac894c9e9
1710,225,6c2faa45-2c1a-48b9-b9b8-1e275783e556,9cdcda2f-3a05-4abe-8f21-8529136ec7fa
1711,225,0101a430-fdb7-4b7c-862d-9d1ceab4cee7,9cdcda2f-3a05-4abe-8f21-8529136ec7fa
1712,225,0b98be79-e44c-42e7-8a69-ac7408b9cd2a,9cdcda2f-3a05-4abe-8f21-8529136ec7fa
1713,37,8fc2730f-a179-4ec1-a02d-095485caf369,370d50ba-592a-491a-be9e-7aed4b1edcec
1713,225,8fc2730f-a179-4ec1-a02d-095485caf369,9cdcda2f-3a05-4abe-8f21-8529136ec7fa
1714,225,e858bb30-c31f-4388-a990-960707fdff81,9cdcda2f-3a05-4abe-8f21-8529136ec7fa
1715,225,8c6ff258-5594-4c19-8d95-520fbdfd7f1c,9cdcda2f-3a05-4abe-8f21-8529136ec7fa
1716,74,14a04d4e-0e4e-497a-830b-a10545ab2c2d,fcadc606-b3bc-456e-ad45-826bb6eaa875
1717,7,74f3833e-ec5e-4c20-8e37-7b0b567a706e,c755eb3a-e923-42e6-9356-5850d4729e56
1717,991,74f3833e-ec5e-4c20-8e37-7b0b567a706e,c09f6ef6-3d50-471d-8c7e-f4a78c8f398c
1718,107,4e2270fe-35c7-45b9-8340-4a1817131b9d,d5b59247-e12c-4bb2-ae69-5a3569942ff1
1719,76,927456b6-aa41-4bfb-acf5-773790a429f9,aca0ea7d-5edb-4012-b86e-c27ac894c9e9
1719,225,927456b6-aa41-4bfb-acf5-773790a429f9,9cdcda2f-3a05-4abe-8f21-8529136ec7fa
1720,56,7341d399-5089-4946-9e67-c493bcc6145b,05db5d78-31d2-4fb7-ae0e-f3181d897dec
1721,225,c53f435b-f729-4c9d-ba25-7c2d43e3c862,9cdcda2f-3a05-4abe-8f21-8529136ec7fa
1722,225,03f64749-7829-4c5c-afae-3fc4ac3b3873,9cdcda2f-3a05-4abe-8f21-8529136ec7fa
1722,991,03f64749-7829-4c5c-afae-3fc4ac3b3873,c09f6ef6-3d50-471d-8c7e-f4a78c8f398c
1723,74,5172ab92-39aa-46b0-9bc7-c946478e3f30,fcadc606-b3bc-456e-ad45-826bb6eaa875
1723,227,5172ab92-39aa-46b0-9bc7-c946478e3f30,36430361-9436-401a-aa04-f2053967dc42
1724,76,e19db0a0-5e85-437c-9a4c-ea68c57a36e3,aca0ea7d-5edb-4012-b86e-c27ac894c9e9
1724,225,e19db0a0-5e85-437c-9a4c-ea68c57a36e3,9cdcda2f-3a05-4abe-8f21-8529136ec7fa
1725,995,84f2f25b-ca55-4d6e-8a5b-fdfead06f2b2,4c8bf90e-d1b8-4c9a-9882-fc85aee7fb51
1726,76,d6df6560-cf0a-477c-a934-c5983e0a662d,aca0ea7d-5edb-4012-b86e-c27ac894c9e9
1726,100,d6df6560-cf0a-477c-a934-c5983e0a662d,cc0063a2-f29b-47cc-91bf-9cacc4668dd1
1727,70,9a695660-d4a0-4d6e-adda-837d43ac1e03,e3bae1f5-5710-43fa-8b80-22b28ab9639a
1727,225,9a695660-d4a0-4d6e-adda-837d43ac1e03,9cdcda2f-3a05-4abe-8f21-8529136ec7fa
1728,76,32aab577-5117-4227-ba45-12659603126e,aca0ea7d-5edb-4012-b86e-c27ac894c9e9
1729,225,321de6e4-e697-4d30-af84-662b3cff6b02,9cdcda2f-3a05-4abe-8f21-8529136ec7fa
1730,76,454a15a8-8048-4b6c-9e48-6ff9b01ad953,aca0ea7d-5edb-4012-b86e-c27ac894c9e9
1730,225,454a15a8-8048-4b6c-9e48-6ff9b01ad953,9cdcda2f-3a05-4abe-8f21-8529136ec7fa
1731,225,34212917-7fd0-4765-9e6a-c43048890fea,9cdcda2f-3a05-4abe-8f21-8529136ec7fa
1732,37,8fe94de7-6fd4-4712-8315-acfd9d1b97f1,370d50ba-592a-491a-be9e-7aed4b1edcec
1733,110,593ce59c-29b9-4dc0-9ab2-eb4d6a058247,0f8bb30d-61bf-4513-b56a-113ea8c3aff8
1734,74,28195d70-1eeb-4870-bef0-3d65ad99ab97,fcadc606-b3bc-456e-ad45-826bb6eaa875
1735,225,acaa7f87-5efe-4b4c-a8ea-acb42e5aa193,9cdcda2f-3a05-4abe-8f21-8529136ec7fa
1736,225,57dc16b5-e0cc-493c-88ad-05e01dfd1234,9cdcda2f-3a05-4abe-8f21-8529136ec7fa
1737,993,b1cc55e2-9ba5-4a0a-8e34-7531364b26df,be7df09a-bed7-44db-844a-05dda9dd1a46
1738,37,551ee5c6-6e0c-4350-9169-6192533d7d94,370d50ba-592a-491a-be9e-7aed4b1edcec
1739,991,86b532de-3957-4207-aa69-b014357fd4a5,c09f6ef6-3d50-471d-8c7e-f4a78c8f398c
1740,991,d7cdac61-2056-40c9-b9ce-1c3348c1da1c,c09f6ef6-3d50-471d-8c7e-f4a78c8f398c
1741,991,8634f713-150f-46f8-9b43-41cca2423cd5,c09f6ef6-3d50-471d-8c7e-f4a78c8f398c
1742,991,7a844ab1-fe5e-44b1-9cbf-f8197f5978db,c09f6ef6-3d50-471d-8c7e-f4a78c8f398c
1743,991,7a1d7318-511e-4d63-b554-506d35f36a88,c09f6ef6-3d50-471d-8c7e-f4a78c8f398c
1745,991,301ca0d5-f018-4b89-bd19-9edd53d6452d,c09f6ef6-3d50-471d-8c7e-f4a78c8f398c
1746,991,a219c802-d080-488d-b787-651b011ab0d2,c09f6ef6-3d50-471d-8c7e-f4a78c8f398c
1748,991,59ea9bd0-ddbb-4170-ad38-032eef597e66,c09f6ef6-3d50-471d-8c7e-f4a78c8f398c
1749,76,90927c4e-c2df-4b6d-b41a-3b3775d46245,aca0ea7d-5edb-4012-b86e-c27ac894c9e9
1749,106,90927c4e-c2df-4b6d-b41a-3b3775d46245,9e1bcb58-534c-4885-86f5-a220bb51438a
1749,225,90927c4e-c2df-4b6d-b41a-3b3775d46245,9cdcda2f-3a05-4abe-8f21-8529136ec7fa
1750,56,63376d57-c6c0-4c73-accd-6c10221b477e,05db5d78-31d2-4fb7-ae0e-f3181d897dec
1751,110,4c840b70-0143-4734-9d6a-e9bf355e99b0,0f8bb30d-61bf-4513-b56a-113ea8c3aff8
1751,993,4c840b70-0143-4734-9d6a-e9bf355e99b0,be7df09a-bed7-44db-844a-05dda9dd1a46
1752,37,644e24a1-a32f-4cf8-b391-72ab2a103fcb,370d50ba-592a-491a-be9e-7aed4b1edcec
1752,225,644e24a1-a32f-4cf8-b391-72ab2a103fcb,9cdcda2f-3a05-4abe-8f21-8529136ec7fa
1753,74,b80d4f7d-e36a-4553-bacd-30866e2a189e,fcadc606-b3bc-456e-ad45-826bb6eaa875
1754,56,7c375b2a-b5cf-45b9-a522-c05019c0819e,05db5d78-31d2-4fb7-ae0e-f3181d897dec
1754,74,7c375b2a-b5cf-45b9-a522-c05019c0819e,fcadc606-b3bc-456e-ad45-826bb6eaa875
1754,130,7c375b2a-b5cf-45b9-a522-c05019c0819e,3ac91d17-f0a1-4b85-a83d-efafab0ee78c
1755,225,c9976760-3053-496b-96e4-9d3b8017b3c8,9cdcda2f-3a05-4abe-8f21-8529136ec7fa
1756,67,4261f818-eee0-4ce9-9549-f0b26938e4f6,92fb785b-75ee-467b-8ff0-c25cb9c81149
1756,107,4261f818-eee0-4ce9-9549-f0b26938e4f6,d5b59247-e12c-4bb2-ae69-5a3569942ff1
1757,993,1e9dbcd4-d11d-4f0d-b702-9f92f13794cc,be7df09a-bed7-44db-844a-05dda9dd1a46
1758,76,63e2e939-f964-4704-a9b0-52e304da0817,aca0ea7d-5edb-4012-b86e-c27ac894c9e9
1758,225,63e2e939-f964-4704-a9b0-52e304da0817,9cdcda2f-3a05-4abe-8f21-8529136ec7fa
1759,37,76c1d315-73b9-423a-b317-1cc4c7347526,370d50ba-592a-491a-be9e-7aed4b1edcec
1760,225,0c485695-8188-47dd-abfe-6d07ff585bbf,9cdcda2f-3a05-4abe-8f21-8529136ec7fa
1761,56,083bc6c3-b947-43c0-a27a-2b71e2e69fb7,05db5d78-31d2-4fb7-ae0e-f3181d897dec
1762,67,7bf33d3d-5fc9-475f-9961-1ef14a457d27,92fb785b-75ee-467b-8ff0-c25cb9c81149
1762,161,7bf33d3d-5fc9-475f-9961-1ef14a457d27,cb4838c4-6ff1-432f-93f3-985c8eeb8f1b
1762,996,7bf33d3d-5fc9-475f-9961-1ef14a457d27,4de9d058-62bb-4727-b2a3-ef64bed4edf9
1763,161,5a455c23-796c-42d0-8375-9ae96dfdf017,cb4838c4-6ff1-432f-93f3-985c8eeb8f1b
1764,21,cc2c1de1-2604-4dd3-b686-948ad63c5d7e,ad53cbad-6a77-4499-94a7-c3442c2df2ee
1764,74,cc2c1de1-2604-4dd3-b686-948ad63c5d7e,fcadc606-b3bc-456e-ad45-826bb6eaa875
1765,225,db9d03ee-86af-42ac-b3e1-8d11142ee21c,9cdcda2f-3a05-4abe-8f21-8529136ec7fa
1766,225,25030126-6085-42d8-9d4f-68d2ba100594,9cdcda2f-3a05-4abe-8f21-8529136ec7fa
1767,225,f6c135c6-12a9-4c5d-b0e2-8b8207e9a4d7,9cdcda2f-3a05-4abe-8f21-8529136ec7fa
1768,14,bbdcfbc8-89af-4ce3-8c97-25d33639fb57,63415897-6d9c-4dc4-a2cf-db77b292f8ef
1769,225,29be2e0b-c49d-491b-8010-5e14f66b5877,9cdcda2f-3a05-4abe-8f21-8529136ec7fa
1771,161,6a5dcd2b-b232-4018-b90b-6a07c8c9b22a,cb4838c4-6ff1-432f-93f3-985c8eeb8f1b
1772,161,d8895cbc-506d-4d9a-a857-5ee67e40320b,cb4838c4-6ff1-432f-93f3-985c8eeb8f1b
1773,161,86316bef-14e4-4a76-b16c-d0875ac5bb48,cb4838c4-6ff1-432f-93f3-985c8eeb8f1b
1775,161,4699634c-b941-4908-8093-a9d727bd70a8,cb4838c4-6ff1-432f-93f3-985c8eeb8f1b
1776,161,bd0ab3e0-af02-43d0-af97-814f72170fd1,cb4838c4-6ff1-432f-93f3-985c8eeb8f1b
1777,161,b1a287c1-faa8-4471-a75d-a24f0bb814eb,cb4838c4-6ff1-432f-93f3-985c8eeb8f1b
1779,161,d629d091-a6d3-4099-bf43-ea9173760822,cb4838c4-6ff1-432f-93f3-985c8eeb8f1b
1780,161,f83e8399-1509-4261-8871-c07dfe3b9698,cb4838c4-6ff1-432f-93f3-985c8eeb8f1b
1781,100,6f0035de-335e-40b9-85cd-298b18d74244,cc0063a2-f29b-47cc-91bf-9cacc4668dd1
1781,225,6f0035de-335e-40b9-85cd-298b18d74244,9cdcda2f-3a05-4abe-8f21-8529136ec7fa
1782,118,12ecba52-de41-4d54-9ae3-b155ef3a2304,0ae3d636-f592-4f95-bed4-68e6dc1bf8a1
1783,76,e9a5c82f-c8b7-4ca2-bc94-1c79bb582985,aca0ea7d-5edb-4012-b86e-c27ac894c9e9
1784,56,6677e39e-6ca8-495d-bdcb-944c733dfc9f,05db5d78-31d2-4fb7-ae0e-f3181d897dec
1784,165,6677e39e-6ca8-495d-bdcb-944c733dfc9f,666176cb-7d89-4559-959d-ce3cccf68dd7
1785,992,8701ab3b-3066-4669-863c-809b2f768608,f5045ddb-28f5-4810-b5b2-c013e56c96a3
1786,996,4c58d695-0403-4197-adc7-23104aabcb70,4de9d058-62bb-4727-b2a3-ef64bed4edf9
1787,56,4e4f7986-7813-40e1-935c-0ab1eabd6a0a,05db5d78-31d2-4fb7-ae0e-f3181d897dec
1787,225,4e4f7986-7813-40e1-935c-0ab1eabd6a0a,9cdcda2f-3a05-4abe-8f21-8529136ec7fa
1789,76,98e213db-0e0a-42ed-95f5-22acf64a2b4b,aca0ea7d-5edb-4012-b86e-c27ac894c9e9
1790,74,306e8b07-64f0-4ec4-8168-26a458f781c0,fcadc606-b3bc-456e-ad45-826bb6eaa875
1791,225,0832d10f-d4f1-4b37-b5d8-02eabd5ca638,9cdcda2f-3a05-4abe-8f21-8529136ec7fa
1792,225,59c7c038-9141-4013-b718-4f918c31179e,9cdcda2f-3a05-4abe-8f21-8529136ec7fa
1793,225,f1bac57f-1f69-4c0f-83c6-2029f4d1eb86,9cdcda2f-3a05-4abe-8f21-8529136ec7fa
1794,225,3a350a3c-d75b-4d3a-8abb-fd0cdfd39081,9cdcda2f-3a05-4abe-8f21-8529136ec7fa
1795,225,2e1adfe7-a335-446c-90a5-fcf4a4d3ba15,9cdcda2f-3a05-4abe-8f21-8529136ec7fa
1797,56,9a7649ba-1f04-464d-af7d-fb29f642b391,05db5d78-31d2-4fb7-ae0e-f3181d897dec
1798,56,735ee3dc-b68d-4fc4-b688-7903701a0928,05db5d78-31d2-4fb7-ae0e-f3181d897dec
1800,74,8cb8eca4-c1cc-43d0-876c-d845af9e0a68,fcadc606-b3bc-456e-ad45-826bb6eaa875
1800,76,8cb8eca4-c1cc-43d0-876c-d845af9e0a68,aca0ea7d-5edb-4012-b86e-c27ac894c9e9
1800,993,8cb8eca4-c1cc-43d0-876c-d845af9e0a68,be7df09a-bed7-44db-844a-05dda9dd1a46
1801,151,bb445f9b-2d4f-4305-b61c-a6dd254658ee,d99989a8-ea9c-4d4e-86f5-71dfdf6f7e81
1802,93,28c6d551-d580-4e75-97cf-e1d148f1cfc6,5aec9d0e-3c30-4467-846f-edbaca04007b
1803,74,6916bd6a-ea2e-43ef-ada8-44309968d124,fcadc606-b3bc-456e-ad45-826bb6eaa875
1804,74,e72f96d3-8295-4aa7-98fe-a12c0fd0c090,fcadc606-b3bc-456e-ad45-826bb6eaa875
1805,76,383adb6a-31a1-40a0-b336-5f7de5e73084,aca0ea7d-5edb-4012-b86e-c27ac894c9e9
1806,225,6947a64c-5552-4570-b90e-82e953912a6b,9cdcda2f-3a05-4abe-8f21-8529136ec7fa
1807,225,7ab7f6f8-e420-44d2-8fc0-4990d967e1ca,9cdcda2f-3a05-4abe-8f21-8529136ec7fa
1808,14,3e7623f3-ca07-465c-a9ec-6a072d116aaa,63415897-6d9c-4dc4-a2cf-db77b292f8ef
1808,56,3e7623f3-ca07-465c-a9ec-6a072d116aaa,05db5d78-31d2-4fb7-ae0e-f3181d897dec
1808,225,3e7623f3-ca07-465c-a9ec-6a072d116aaa,9cdcda2f-3a05-4abe-8f21-8529136ec7fa
1809,225,ac6f8713-55ab-42ee-b60c-7ca4401a675c,9cdcda2f-3a05-4abe-8f21-8529136ec7fa
1810,225,4de539c0-0b41-40c8-a898-43cfc5e93b0e,9cdcda2f-3a05-4abe-8f21-8529136ec7fa
1811,69,0c8b9815-fd8f-427f-babc-ef1dee5770c2,035eab86-1053-41d2-bb09-048493bf5a8f
1812,74,d77ef999-b467-4571-89ed-b04c7d8be6d4,fcadc606-b3bc-456e-ad45-826bb6eaa875
1813,225,c988c9d3-766f-4073-8f25-901852138061,9cdcda2f-3a05-4abe-8f21-8529136ec7fa
1814,14,e5ea923e-344d-41a3-a52d-7486e4b17458,63415897-6d9c-4dc4-a2cf-db77b292f8ef
1814,225,e5ea923e-344d-41a3-a52d-7486e4b17458,9cdcda2f-3a05-4abe-8f21-8529136ec7fa
1815,225,a26c145d-565a-454c-8940-65ddb2ab4ae1,9cdcda2f-3a05-4abe-8f21-8529136ec7fa
1816,47,6a2f4a45-053c-4093-b6a1-ca78e916102e,bce5e705-92ce-432a-a0d6-2ee99faeb42b
1817,993,f5f76d74-c648-4b62-9941-eb55411f0455,be7df09a-bed7-44db-844a-05dda9dd1a46
1818,107,f1458e73-2564-4ba2-a76a-b70987d0cf16,d5b59247-e12c-4bb2-ae69-5a3569942ff1
1819,991,3f33d68e-7eb6-4b30-a529-083df5379acb,c09f6ef6-3d50-471d-8c7e-f4a78c8f398c
1820,225,26d64a06-2984-4cd3-91c2-44642f99e981,9cdcda2f-3a05-4abe-8f21-8529136ec7fa
1821,225,149289b1-8a2a-456e-b391-c6289ddf152b,9cdcda2f-3a05-4abe-8f21-8529136ec7fa
1822,225,acc7f446-991a-434c-a0c0-d858ecf693f9,9cdcda2f-3a05-4abe-8f21-8529136ec7fa
1823,225,49065244-615a-4d6f-a0cd-0c08ef722624,9cdcda2f-3a05-4abe-8f21-8529136ec7fa
1824,225,8145f8f3-6603-402f-a7f0-c0040d676cc3,9cdcda2f-3a05-4abe-8f21-8529136ec7fa
1825,225,489e92e3-fb8f-4acf-8451-ddaaa5d1f387,9cdcda2f-3a05-4abe-8f21-8529136ec7fa
1826,225,eb17e1f0-9043-47da-b062-b5c8a3177831,9cdcda2f-3a05-4abe-8f21-8529136ec7fa
1827,225,b9026e3b-08db-4bc0-9056-c25f67a9e9dd,9cdcda2f-3a05-4abe-8f21-8529136ec7fa
1828,225,cd38e2d5-3569-40ba-80e5-8a62b3db1203,9cdcda2f-3a05-4abe-8f21-8529136ec7fa
1829,225,fd2d73d1-9b96-4fa5-8ef8-1b99ecc9f0d4,9cdcda2f-3a05-4abe-8f21-8529136ec7fa
1830,225,9719c2ed-bacd-4547-9337-e06c6bc6d3b6,9cdcda2f-3a05-4abe-8f21-8529136ec7fa
1831,225,225150f9-1ca9-4d1e-9abb-5f4e587058f6,9cdcda2f-3a05-4abe-8f21-8529136ec7fa
1832,225,9b5c9713-5bd2-44a9-b53f-430aaa46a477,9cdcda2f-3a05-4abe-8f21-8529136ec7fa
1833,225,de443b19-2994-464b-8570-560de6408c2f,9cdcda2f-3a05-4abe-8f21-8529136ec7fa
1834,225,992683fb-5968-408c-a367-aee82177639c,9cdcda2f-3a05-4abe-8f21-8529136ec7fa
1835,225,5e6d8e56-65e3-4167-b630-461d079dd681,9cdcda2f-3a05-4abe-8f21-8529136ec7fa
1836,225,95d46d36-3521-4932-b81f-cacb150858cc,9cdcda2f-3a05-4abe-8f21-8529136ec7fa
1837,225,0e29ad95-e324-4ce6-a76a-4f3b5d91e93a,9cdcda2f-3a05-4abe-8f21-8529136ec7fa
1838,225,e9297788-dea1-4cc8-b257-94106ca06712,9cdcda2f-3a05-4abe-8f21-8529136ec7fa
1839,225,6d36bcaf-8f2c-4a02-8ee4-951c0b2378a5,9cdcda2f-3a05-4abe-8f21-8529136ec7fa
1840,107,aedc664d-c3e2-498d-bddf-f51a17c32f11,d5b59247-e12c-4bb2-ae69-5a3569942ff1
1840,225,aedc664d-c3e2-498d-bddf-f51a17c32f11,9cdcda2f-3a05-4abe-8f21-8529136ec7fa
1841,225,42f95026-8cc8-4eb9-81fc-aba2a8d7ca25,9cdcda2f-3a05-4abe-8f21-8529136ec7fa
1842,225,e3320eb8-4741-463c-b6e9-e414688aa89b,9cdcda2f-3a05-4abe-8f21-8529136ec7fa
1843,165,e51c056d-d6fa-4a59-89f6-73771346e875,666176cb-7d89-4559-959d-ce3cccf68dd7
1844,992,e50bf893-d463-42ba-9d0c-15c5d2c6d4e1,f5045ddb-28f5-4810-b5b2-c013e56c96a3
1845,107,d231a769-69ca-4b6b-b7d4-0b11f119263c,d5b59247-e12c-4bb2-ae69-5a3569942ff1
1846,991,d27e73e1-cfa4-4945-9d12-328581abeea0,c09f6ef6-3d50-471d-8c7e-f4a78c8f398c
1847,76,4e90e2b9-5fce-4e84-b24c-4728f2a7fc72,aca0ea7d-5edb-4012-b86e-c27ac894c9e9
1848,76,8e0f4d11-5bad-4a03-afbe-f62301855102,aca0ea7d-5edb-4012-b86e-c27ac894c9e9
1849,100,a05c3755-859f-4480-a7bc-644bb1cf74f3,cc0063a2-f29b-47cc-91bf-9cacc4668dd1
1849,225,a05c3755-859f-4480-a7bc-644bb1cf74f3,9cdcda2f-3a05-4abe-8f21-8529136ec7fa
1850,995,be37b625-ca09-4d20-8484-b7c00d1cdc7d,4c8bf90e-d1b8-4c9a-9882-fc85aee7fb51
1851,225,e7e2e25c-3b41-4369-b131-2d8ae8050771,9cdcda2f-3a05-4abe-8f21-8529136ec7fa
1852,225,c0acbc6e-2d1c-48ad-a7bf-0f9ac91c91c3,9cdcda2f-3a05-4abe-8f21-8529136ec7fa
1853,225,21b1b811-57bf-4b7b-8147-f45c056215ad,9cdcda2f-3a05-4abe-8f21-8529136ec7fa
1854,110,33efc208-6dcd-4e5c-8de4-9e123e74c97f,0f8bb30d-61bf-4513-b56a-113ea8c3aff8
1854,225,33efc208-6dcd-4e5c-8de4-9e123e74c97f,9cdcda2f-3a05-4abe-8f21-8529136ec7fa
1855,225,2c2f61b0-34ea-41d9-9d28-2091d0ecfb79,9cdcda2f-3a05-4abe-8f21-8529136ec7fa
1856,48,6fe9a63b-17ea-4448-9a44-b9fd9aa23863,004125a4-472f-4bad-90f3-34fa379214e9
1857,118,54bae49e-1235-4082-805d-67f363a22e0b,0ae3d636-f592-4f95-bed4-68e6dc1bf8a1
1858,37,c86ffe0e-322b-490e-a610-a7bbe36cd4be,370d50ba-592a-491a-be9e-7aed4b1edcec
1859,225,bb91b9fb-0a50-404d-9dd0-c2bcf9c7c059,9cdcda2f-3a05-4abe-8f21-8529136ec7fa
1860,225,3a75e1da-6cb8-4b7a-a505-f6e842b54340,9cdcda2f-3a05-4abe-8f21-8529136ec7fa
1861,102,d956a46b-cb01-42bf-bdfc-acb01087af74,a9d2a258-26e9-47ca-a80d-cb83e3d4fb49
1862,102,178ac081-4ed8-41c1-a579-4e1282562104,a9d2a258-26e9-47ca-a80d-cb83e3d4fb49
1863,102,155636cc-52af-4a5e-b5d0-5f19c3407fc3,a9d2a258-26e9-47ca-a80d-cb83e3d4fb49
1864,102,d52701ad-73f0-4e16-a5a1-9efa7ebef222,a9d2a258-26e9-47ca-a80d-cb83e3d4fb49
1864,227,d52701ad-73f0-4e16-a5a1-9efa7ebef222,36430361-9436-401a-aa04-f2053967dc42
1864,991,d52701ad-73f0-4e16-a5a1-9efa7ebef222,c09f6ef6-3d50-471d-8c7e-f4a78c8f398c
1865,102,1a8b8215-52a5-42fe-ba93-98b863cc34f2,a9d2a258-26e9-47ca-a80d-cb83e3d4fb49
1866,225,3b28bad7-bbfa-4140-a078-469fe8990901,9cdcda2f-3a05-4abe-8f21-8529136ec7fa
1867,110,b05a9ec3-b1e1-4ad0-9468-782196167fae,0f8bb30d-61bf-4513-b56a-113ea8c3aff8
1868,107,bcf35bd9-2681-46a3-95d6-f71c76192f7f,d5b59247-e12c-4bb2-ae69-5a3569942ff1
1869,225,f5414530-237e-4fcb-b19c-25934ab68919,9cdcda2f-3a05-4abe-8f21-8529136ec7fa
1870,225,f191eb2d-afa9-4208-baa9-bbd08c57a4c4,9cdcda2f-3a05-4abe-8f21-8529136ec7fa
1871,56,1bb768c9-cece-4eb8-9c86-c4857a590a5c,05db5d78-31d2-4fb7-ae0e-f3181d897dec
1872,225,1e1df219-d012-4e7a-9d6d-75331d46bcdc,9cdcda2f-3a05-4abe-8f21-8529136ec7fa
1873,995,c7a844d1-a2ce-41d7-87e7-5a99bb51cba3,4c8bf90e-d1b8-4c9a-9882-fc85aee7fb51
1874,225,d3c68bb4-aa95-4177-abf9-785d55937aa7,9cdcda2f-3a05-4abe-8f21-8529136ec7fa
1875,55,262bb4d3-38a5-4b92-9940-391269afc49a,70cb2fa0-b97b-4e80-adf4-5473e61cab6b
1876,225,fabd3be6-440c-4b74-901b-ad8343e76fe0,9cdcda2f-3a05-4abe-8f21-8529136ec7fa
1877,225,21cc5aa7-a05c-4b59-a0ad-7276b59e04c0,9cdcda2f-3a05-4abe-8f21-8529136ec7fa
1878,225,c8560c8e-2789-4a12-ba16-6739f0b1ac96,9cdcda2f-3a05-4abe-8f21-8529136ec7fa
1879,225,513e58ce-4b7a-4dc9-9fd1-984065052542,9cdcda2f-3a05-4abe-8f21-8529136ec7fa
1880,160,2277f9f8-4b9c-4c13-a504-442728e6c3eb,82d5bcea-2d26-46e5-9d77-5c269d4dc0f3
1881,160,8da9c41f-68d3-41eb-9718-e9486998fbc2,82d5bcea-2d26-46e5-9d77-5c269d4dc0f3
1882,225,8914f6aa-ddbe-40ee-b1e9-677ee591cd43,9cdcda2f-3a05-4abe-8f21-8529136ec7fa
1883,225,d2c9ec55-6c33-4af2-b8c8-2e1adb75a4ac,9cdcda2f-3a05-4abe-8f21-8529136ec7fa
1884,100,3dd96840-5d83-4a01-9ebb-5f1588e560c2,cc0063a2-f29b-47cc-91bf-9cacc4668dd1
1884,225,3dd96840-5d83-4a01-9ebb-5f1588e560c2,9cdcda2f-3a05-4abe-8f21-8529136ec7fa
1885,225,e390cacd-2a1a-4bcf-b09f-75c2fea96f73,9cdcda2f-3a05-4abe-8f21-8529136ec7fa
1886,225,e0cbbb20-c3ba-4653-bade-217c2896343a,9cdcda2f-3a05-4abe-8f21-8529136ec7fa
1887,102,2ef3ff4a-6f18-4f0e-a43c-801574a5530a,a9d2a258-26e9-47ca-a80d-cb83e3d4fb49
1888,102,93be03a5-0add-495d-8965-bfb151ad8d2c,a9d2a258-26e9-47ca-a80d-cb83e3d4fb49
1889,225,c838633d-989c-48f1-88f5-99319050552c,9cdcda2f-3a05-4abe-8f21-8529136ec7fa
1890,991,fc0319a3-9715-4562-a367-44ee26b956ca,c09f6ef6-3d50-471d-8c7e-f4a78c8f398c
1891,225,9de91766-da5f-4970-aca4-184755af901a,9cdcda2f-3a05-4abe-8f21-8529136ec7fa
1892,991,3760b56d-1a64-498a-b2f3-bf71c3c4cea5,c09f6ef6-3d50-471d-8c7e-f4a78c8f398c
1893,55,365bece0-f8af-4744-a9e9-78404ca52617,70cb2fa0-b97b-4e80-adf4-5473e61cab6b
1893,76,365bece0-f8af-4744-a9e9-78404ca52617,aca0ea7d-5edb-4012-b86e-c27ac894c9e9
1893,225,365bece0-f8af-4744-a9e9-78404ca52617,9cdcda2f-3a05-4abe-8f21-8529136ec7fa
1894,225,4061e56f-1cba-4630-ae9e-2d2bb57fc55c,9cdcda2f-3a05-4abe-8f21-8529136ec7fa
1895,991,dce56bbf-022e-4c19-bacd-dd58b3e7b51d,c09f6ef6-3d50-471d-8c7e-f4a78c8f398c
1896,992,74d08e9b-179d-45cc-96ef-c5fb775f0f83,f5045ddb-28f5-4810-b5b2-c013e56c96a3
1897,991,abfb8319-4e0d-44b0-8481-c42ddb7b2139,c09f6ef6-3d50-471d-8c7e-f4a78c8f398c
1898,991,2c2d1367-246e-4098-bb1c-8b6e75a51391,c09f6ef6-3d50-471d-8c7e-f4a78c8f398c
1899,225,31aa8450-baea-4472-b687-25c1e2ffd35b,9cdcda2f-3a05-4abe-8f21-8529136ec7fa
1900,992,6cc14027-b59c-49a0-a613-7d2ae4766575,f5045ddb-28f5-4810-b5b2-c013e56c96a3
1901,991,15f06181-568f-40c7-a76c-3742e7dee477,c09f6ef6-3d50-471d-8c7e-f4a78c8f398c
1902,74,7691d6d4-9c08-4785-8c64-e5c93ffb8ccc,fcadc606-b3bc-456e-ad45-826bb6eaa875
1903,991,1070cb5f-f8dd-4df7-9a8a-e5091a77e084,c09f6ef6-3d50-471d-8c7e-f4a78c8f398c
1904,225,e9bab46c-42fc-4117-81d7-7228b2337da1,9cdcda2f-3a05-4abe-8f21-8529136ec7fa
1905,225,8e15a7cb-ef7a-4edf-95ca-6ae9495d0554,9cdcda2f-3a05-4abe-8f21-8529136ec7fa
1906,225,0f9175fc-d7d6-48c7-85a3-86fcc28aee05,9cdcda2f-3a05-4abe-8f21-8529136ec7fa
1907,225,c25223e1-7d16-4528-a596-0e9ddec6d86b,9cdcda2f-3a05-4abe-8f21-8529136ec7fa
1908,74,dee1fcec-60f1-4e2d-8307-db3d703e07b9,fcadc606-b3bc-456e-ad45-826bb6eaa875
1908,225,dee1fcec-60f1-4e2d-8307-db3d703e07b9,9cdcda2f-3a05-4abe-8f21-8529136ec7fa
1909,225,c4fc68f3-caa6-4b67-b805-28189cf29d0a,9cdcda2f-3a05-4abe-8f21-8529136ec7fa
1910,225,2a122acd-ab89-4e12-a480-26ce7523e004,9cdcda2f-3a05-4abe-8f21-8529136ec7fa
1911,118,496e5851-678f-47ec-8b15-1c99c9b06bab,0ae3d636-f592-4f95-bed4-68e6dc1bf8a1
1913,992,cda8c86a-86e3-4815-91da-ef5c1db27d27,f5045ddb-28f5-4810-b5b2-c013e56c96a3
1914,992,5e021973-8b24-4d1a-b6e5-f76fdc3909c2,f5045ddb-28f5-4810-b5b2-c013e56c96a3
1915,997,f8a8bfb7-46e7-4d73-bb4c-0a1c209b2237,09065786-36eb-45f8-bfcd-0abee1bd2e0c
1916,225,3427572b-b5f1-43c8-a2b3-ceecea370f3d,9cdcda2f-3a05-4abe-8f21-8529136ec7fa
1917,55,467f56a0-4a2a-46a7-92eb-65d1c473d32e,70cb2fa0-b97b-4e80-adf4-5473e61cab6b
1918,225,01b16da8-e601-4691-8e7b-6d8492b75790,9cdcda2f-3a05-4abe-8f21-8529136ec7fa
1919,110,042b8ecf-fd22-49cb-934f-d09a27741b24,0f8bb30d-61bf-4513-b56a-113ea8c3aff8
1920,992,2bf5c067-100d-4eaa-809b-acd5987e307d,f5045ddb-28f5-4810-b5b2-c013e56c96a3
1921,20,31163e5e-dfae-4f32-a39d-f02519c3902b,06f3b308-ed58-4f00-a0ea-d1374aed8a90
1921,172,31163e5e-dfae-4f32-a39d-f02519c3902b,5b6359d0-efe0-47ad-aca6-65f4ee8d6c69
1922,102,c218d9f0-2b04-4c20-b196-76ae7e67c029,a9d2a258-26e9-47ca-a80d-cb83e3d4fb49
1923,76,dff6b464-2f03-45cb-a6ab-dcd5dfe78ecf,aca0ea7d-5edb-4012-b86e-c27ac894c9e9
1924,225,eff8bf65-286f-4299-aad6-a0f895ae089b,9cdcda2f-3a05-4abe-8f21-8529136ec7fa
1925,225,78ea1449-afc9-44ab-a26e-ececc765ca19,9cdcda2f-3a05-4abe-8f21-8529136ec7fa
1926,225,5c49bd4d-d2c2-4106-971f-c77835e0ea0f,9cdcda2f-3a05-4abe-8f21-8529136ec7fa
1927,225,07f36b03-d928-4a87-b4e0-0c56a79083f3,9cdcda2f-3a05-4abe-8f21-8529136ec7fa
1928,991,a667905b-564e-4f6c-b3a3-92ca0f723766,c09f6ef6-3d50-471d-8c7e-f4a78c8f398c
1929,110,f1a358b3-91d2-4a8b-9242-31edf390656c,0f8bb30d-61bf-4513-b56a-113ea8c3aff8
1930,74,190a6b97-63be-4e53-9000-ed671c4b9eaf,fcadc606-b3bc-456e-ad45-826bb6eaa875
1931,225,0c89173a-da29-4bb8-99a4-dace2b22df50,9cdcda2f-3a05-4abe-8f21-8529136ec7fa
1932,225,d1c2f110-1d0f-42a5-ba78-4711062e5f65,9cdcda2f-3a05-4abe-8f21-8529136ec7fa
1933,225,ce0b5642-c12e-4826-8a32-32b2e2bf88b1,9cdcda2f-3a05-4abe-8f21-8529136ec7fa
1934,225,1a7021f5-f5e1-485d-8326-4e08a42eb24f,9cdcda2f-3a05-4abe-8f21-8529136ec7fa
1935,225,7c5fa8a5-5976-4ffe-bb4c-8f71daf3dcf3,9cdcda2f-3a05-4abe-8f21-8529136ec7fa
1936,121,d530057a-43e6-4b2c-ae4a-722d07e3fe92,acee2bea-d625-43bf-8eeb-215b2427ca52
1936,991,d530057a-43e6-4b2c-ae4a-722d07e3fe92,c09f6ef6-3d50-471d-8c7e-f4a78c8f398c
1937,225,c8944123-2e88-44b9-92a8-7b729c9eb64a,9cdcda2f-3a05-4abe-8f21-8529136ec7fa
1938,76,b5db4808-a156-46a2-90d2-dd2793a16501,aca0ea7d-5edb-4012-b86e-c27ac894c9e9
1938,225,b5db4808-a156-46a2-90d2-dd2793a16501,9cdcda2f-3a05-4abe-8f21-8529136ec7fa
1939,225,6b5d6266-e869-4608-a8d5-3755e6fa6a60,9cdcda2f-3a05-4abe-8f21-8529136ec7fa
1940,56,e39aa2ba-7348-4dae-9199-d5e2087c60ac,05db5d78-31d2-4fb7-ae0e-f3181d897dec
1940,67,e39aa2ba-7348-4dae-9199-d5e2087c60ac,92fb785b-75ee-467b-8ff0-c25cb9c81149
1940,74,e39aa2ba-7348-4dae-9199-d5e2087c60ac,fcadc606-b3bc-456e-ad45-826bb6eaa875
1941,102,6efff2bf-1422-423f-aba1-7f03080a9ad5,a9d2a258-26e9-47ca-a80d-cb83e3d4fb49
1942,225,1de751f2-9ed1-4397-a365-8a59e37daa5c,9cdcda2f-3a05-4abe-8f21-8529136ec7fa
1943,225,8a5b7824-898b-46f6-94fa-fb0821e21f7a,9cdcda2f-3a05-4abe-8f21-8529136ec7fa
1944,225,0f93434a-3733-4ad6-b191-c74360b635f3,9cdcda2f-3a05-4abe-8f21-8529136ec7fa
1945,225,6c99f225-bb15-4c40-8072-317381cd8a00,9cdcda2f-3a05-4abe-8f21-8529136ec7fa
1946,225,0a58945e-cfd0-4d01-85ec-0deb3702238e,9cdcda2f-3a05-4abe-8f21-8529136ec7fa
1947,225,9c9e0aa6-5dde-4e8c-b4b8-0ea81779e4c9,9cdcda2f-3a05-4abe-8f21-8529136ec7fa
1948,110,24e6553e-11d8-49f4-8a67-74f27cfb7638,0f8bb30d-61bf-4513-b56a-113ea8c3aff8
1949,76,82f98e79-b234-47e5-bd51-165ab58fe925,aca0ea7d-5edb-4012-b86e-c27ac894c9e9
1949,225,82f98e79-b234-47e5-bd51-165ab58fe925,9cdcda2f-3a05-4abe-8f21-8529136ec7fa
1950,56,a1c7abd5-15e4-4d65-83e3-ce4b5e9f7641,05db5d78-31d2-4fb7-ae0e-f3181d897dec
1950,76,a1c7abd5-15e4-4d65-83e3-ce4b5e9f7641,aca0ea7d-5edb-4012-b86e-c27ac894c9e9
1950,225,a1c7abd5-15e4-4d65-83e3-ce4b5e9f7641,9cdcda2f-3a05-4abe-8f21-8529136ec7fa
1951,76,8709cede-cfd1-4125-a6c1-28c7d9b9fb4a,aca0ea7d-5edb-4012-b86e-c27ac894c9e9
1951,225,8709cede-cfd1-4125-a6c1-28c7d9b9fb4a,9cdcda2f-3a05-4abe-8f21-8529136ec7fa
1952,76,f451862a-a83b-4d35-abe0-edc1972bc711,aca0ea7d-5edb-4012-b86e-c27ac894c9e9
1952,225,f451862a-a83b-4d35-abe0-edc1972bc711,9cdcda2f-3a05-4abe-8f21-8529136ec7fa
1953,76,2293b4ed-5429-4faa-94d2-fc1a2e41fe6b,aca0ea7d-5edb-4012-b86e-c27ac894c9e9
1953,225,2293b4ed-5429-4faa-94d2-fc1a2e41fe6b,9cdcda2f-3a05-4abe-8f21-8529136ec7fa
1954,76,195899b5-daff-4da0-80ef-09050f77f803,aca0ea7d-5edb-4012-b86e-c27ac894c9e9
1954,225,195899b5-daff-4da0-80ef-09050f77f803,9cdcda2f-3a05-4abe-8f21-8529136ec7fa
1955,76,8d69d282-99cf-442d-b867-92d57b61e2df,aca0ea7d-5edb-4012-b86e-c27ac894c9e9
1955,225,8d69d282-99cf-442d-b867-92d57b61e2df,9cdcda2f-3a05-4abe-8f21-8529136ec7fa
1956,76,67cd698f-15ea-4e90-8bfe-7cb7e22aa3d3,aca0ea7d-5edb-4012-b86e-c27ac894c9e9
1956,225,67cd698f-15ea-4e90-8bfe-7cb7e22aa3d3,9cdcda2f-3a05-4abe-8f21-8529136ec7fa
1957,56,83760bd1-756d-4ebf-bf74-d97e88a91e4a,05db5d78-31d2-4fb7-ae0e-f3181d897dec
1957,74,83760bd1-756d-4ebf-bf74-d97e88a91e4a,fcadc606-b3bc-456e-ad45-826bb6eaa875
1959,107,12d2ea91-bfa6-4ddb-85d3-adfae60b08c7,d5b59247-e12c-4bb2-ae69-5a3569942ff1
1959,225,12d2ea91-bfa6-4ddb-85d3-adfae60b08c7,9cdcda2f-3a05-4abe-8f21-8529136ec7fa
1960,107,70496f2c-f744-4336-9d8d-fbf81d75049a,d5b59247-e12c-4bb2-ae69-5a3569942ff1
1960,225,70496f2c-f744-4336-9d8d-fbf81d75049a,9cdcda2f-3a05-4abe-8f21-8529136ec7fa
1961,76,44e49139-2df4-404e-a4dc-cfe4a7eafab2,aca0ea7d-5edb-4012-b86e-c27ac894c9e9
1961,225,44e49139-2df4-404e-a4dc-cfe4a7eafab2,9cdcda2f-3a05-4abe-8f21-8529136ec7fa
1962,225,13928a15-9d05-4de7-ba43-32ca46df8982,9cdcda2f-3a05-4abe-8f21-8529136ec7fa
1963,225,9485f15c-0529-426a-80f5-6ef59753d8de,9cdcda2f-3a05-4abe-8f21-8529136ec7fa
1964,76,eff151f5-99e7-4d87-8a8b-ae1d0aa7a784,aca0ea7d-5edb-4012-b86e-c27ac894c9e9
1964,225,eff151f5-99e7-4d87-8a8b-ae1d0aa7a784,9cdcda2f-3a05-4abe-8f21-8529136ec7fa
1965,161,cdf06fe2-f0f6-420b-85f0-67cc235778f3,cb4838c4-6ff1-432f-93f3-985c8eeb8f1b
1965,191,cdf06fe2-f0f6-420b-85f0-67cc235778f3,2de6dd51-50e0-4e80-825c-d0aeb80b3a47
1965,991,cdf06fe2-f0f6-420b-85f0-67cc235778f3,c09f6ef6-3d50-471d-8c7e-f4a78c8f398c
1966,225,7f379864-06b4-4725-81f8-2a7a32967c68,9cdcda2f-3a05-4abe-8f21-8529136ec7fa
1967,76,4651435f-3489-40e4-bf2b-2aca610d7e43,aca0ea7d-5edb-4012-b86e-c27ac894c9e9
1968,56,e54b476a-4272-4a3f-8bfb-3600c13155fe,05db5d78-31d2-4fb7-ae0e-f3181d897dec
1969,102,91880213-fc71-4867-92ec-c4c14a00107a,a9d2a258-26e9-47ca-a80d-cb83e3d4fb49
1970,14,1a3c4d56-aadf-4859-b869-fe74222bd14f,63415897-6d9c-4dc4-a2cf-db77b292f8ef
1970,225,1a3c4d56-aadf-4859-b869-fe74222bd14f,9cdcda2f-3a05-4abe-8f21-8529136ec7fa
1971,98,f9eb04a4-8623-4d5a-8732-734ede90e5cc,1e17f8a9-3e40-4f93-9af1-4b052b3fa800
1972,225,ab0f06f9-181e-49cd-91c8-a6a9ab393385,9cdcda2f-3a05-4abe-8f21-8529136ec7fa
1973,107,df36fc95-a4c0-448f-b1a5-59860f8dd78b,d5b59247-e12c-4bb2-ae69-5a3569942ff1
1974,222,6545513b-66bc-453c-8a6e-d339dc0dd9cd,bfcd729e-fa75-4887-bbe3-34e59d05af64
1974,991,6545513b-66bc-453c-8a6e-d339dc0dd9cd,c09f6ef6-3d50-471d-8c7e-f4a78c8f398c
1975,225,2ab2c60e-f9d9-4e30-b62c-fc2f29359084,9cdcda2f-3a05-4abe-8f21-8529136ec7fa
1976,76,4f39afc2-cd61-4764-b39a-0830979e0d5e,aca0ea7d-5edb-4012-b86e-c27ac894c9e9
1977,225,2b40fc64-76c1-4b88-b292-a562ef313c4e,9cdcda2f-3a05-4abe-8f21-8529136ec7fa
1978,225,41447e04-72f9-469d-a1b7-c9bf2bcdd5b4,9cdcda2f-3a05-4abe-8f21-8529136ec7fa
1979,225,a1d11b74-2f0f-4959-bfec-e179bd989acd,9cdcda2f-3a05-4abe-8f21-8529136ec7fa
1980,102,1bad324e-3995-4e92-8b08-cf8f2d464fa3,a9d2a258-26e9-47ca-a80d-cb83e3d4fb49
1980,225,1bad324e-3995-4e92-8b08-cf8f2d464fa3,9cdcda2f-3a05-4abe-8f21-8529136ec7fa
1981,225,4b02b4f9-b096-4477-b398-67be98923c69,9cdcda2f-3a05-4abe-8f21-8529136ec7fa
1982,76,10c2ff72-58c7-4366-967b-f85e9cad504f,aca0ea7d-5edb-4012-b86e-c27ac894c9e9
1982,225,10c2ff72-58c7-4366-967b-f85e9cad504f,9cdcda2f-3a05-4abe-8f21-8529136ec7fa
1983,225,e259eb11-dec2-4b26-8f9b-aa79eaa866ba,9cdcda2f-3a05-4abe-8f21-8529136ec7fa
1984,76,5a3ee79c-e3f7-4552-9994-20688312b06c,aca0ea7d-5edb-4012-b86e-c27ac894c9e9
1985,225,52f2ab7f-ead0-4136-b303-0efb7e660f23,9cdcda2f-3a05-4abe-8f21-8529136ec7fa
1986,102,01391307-c5b3-4390-8fbb-ca9f459d8d87,a9d2a258-26e9-47ca-a80d-cb83e3d4fb49
1987,102,e76f16af-e2f3-4cd8-8319-1339720eec1f,a9d2a258-26e9-47ca-a80d-cb83e3d4fb49
1988,74,a9a3c4aa-5980-48ce-9968-5b2e0a3a3ada,fcadc606-b3bc-456e-ad45-826bb6eaa875
1988,225,a9a3c4aa-5980-48ce-9968-5b2e0a3a3ada,9cdcda2f-3a05-4abe-8f21-8529136ec7fa
1989,225,580560d2-3fa0-4ee5-9001-2b54c14e8280,9cdcda2f-3a05-4abe-8f21-8529136ec7fa
1990,225,9cc72880-c288-407e-82be-d58f8008b75b,9cdcda2f-3a05-4abe-8f21-8529136ec7fa
1991,225,c4e25d91-5409-4df0-8208-fa08e2b35dae,9cdcda2f-3a05-4abe-8f21-8529136ec7fa
1992,102,62cfdfd3-7632-4f66-8b22-58dba99c15e4,a9d2a258-26e9-47ca-a80d-cb83e3d4fb49
1993,102,24c8c147-d3ab-4a2c-beb0-5b468cc66651,a9d2a258-26e9-47ca-a80d-cb83e3d4fb49
1994,102,b20e95be-559c-44e5-b90e-9554b289217b,a9d2a258-26e9-47ca-a80d-cb83e3d4fb49
1995,102,f955e8fd-f4f7-450c-967b-8beca86076aa,a9d2a258-26e9-47ca-a80d-cb83e3d4fb49
1996,102,d5b489ff-0b8e-44cc-91e4-6f0f1b85c02e,a9d2a258-26e9-47ca-a80d-cb83e3d4fb49
1997,102,03a00e5b-b456-4d17-9eeb-3911b705347e,a9d2a258-26e9-47ca-a80d-cb83e3d4fb49
1998,102,72a683c2-fa6c-4c18-b407-303d251cf85c,a9d2a258-26e9-47ca-a80d-cb83e3d4fb49
1999,102,a045bc56-3799-454f-8065-7c58cca6faf3,a9d2a258-26e9-47ca-a80d-cb83e3d4fb49
2000,102,eefeede9-9983-45cb-87d9-a7332e91f258,a9d2a258-26e9-47ca-a80d-cb83e3d4fb49
2001,102,06397666-f3ce-4148-aa43-0fabfd70e3f6,a9d2a258-26e9-47ca-a80d-cb83e3d4fb49
2002,102,09fdf1ca-cec3-489e-b159-b742d6283621,a9d2a258-26e9-47ca-a80d-cb83e3d4fb49
2003,102,a193a697-efff-4b7f-a53e-31d2617c22e0,a9d2a258-26e9-47ca-a80d-cb83e3d4fb49
2004,102,ddd87805-bacd-4ede-afb1-ac1df7a79d1e,a9d2a258-26e9-47ca-a80d-cb83e3d4fb49
2005,76,993f1e94-7026-498a-a046-5c90c7c943aa,aca0ea7d-5edb-4012-b86e-c27ac894c9e9
2006,56,6535518f-56f9-4c58-943b-3801068f2f37,05db5d78-31d2-4fb7-ae0e-f3181d897dec
2006,74,6535518f-56f9-4c58-943b-3801068f2f37,fcadc606-b3bc-456e-ad45-826bb6eaa875
2007,225,f04096ac-8bbd-4273-b4b4-4734ca15e861,9cdcda2f-3a05-4abe-8f21-8529136ec7fa
2008,37,05b2726d-d1de-44ab-a788-73dc88aedd65,370d50ba-592a-491a-be9e-7aed4b1edcec
2008,225,05b2726d-d1de-44ab-a788-73dc88aedd65,9cdcda2f-3a05-4abe-8f21-8529136ec7fa
2010,225,bed3769f-b7f5-4c62-a7ee-edb97ecbd5d8,9cdcda2f-3a05-4abe-8f21-8529136ec7fa
2011,225,af0dc0a4-b7f4-45d0-820b-d2eb4ea8a275,9cdcda2f-3a05-4abe-8f21-8529136ec7fa
2012,76,c8fe9854-a6e3-4f24-ac8c-9e1b66951f6a,aca0ea7d-5edb-4012-b86e-c27ac894c9e9
2012,110,c8fe9854-a6e3-4f24-ac8c-9e1b66951f6a,0f8bb30d-61bf-4513-b56a-113ea8c3aff8
2012,225,c8fe9854-a6e3-4f24-ac8c-9e1b66951f6a,9cdcda2f-3a05-4abe-8f21-8529136ec7fa
2013,225,bc1d7f8c-0a19-4545-ad38-fc5f4ded2f9e,9cdcda2f-3a05-4abe-8f21-8529136ec7fa
2014,74,affffbd6-2ec1-4f24-8325-b8843d9c2ee0,fcadc606-b3bc-456e-ad45-826bb6eaa875
2014,76,affffbd6-2ec1-4f24-8325-b8843d9c2ee0,aca0ea7d-5edb-4012-b86e-c27ac894c9e9
2014,225,affffbd6-2ec1-4f24-8325-b8843d9c2ee0,9cdcda2f-3a05-4abe-8f21-8529136ec7fa
2015,74,cfa9d7eb-ad92-4e44-87d7-f179ed78979d,fcadc606-b3bc-456e-ad45-826bb6eaa875
2015,76,cfa9d7eb-ad92-4e44-87d7-f179ed78979d,aca0ea7d-5edb-4012-b86e-c27ac894c9e9
2015,225,cfa9d7eb-ad92-4e44-87d7-f179ed78979d,9cdcda2f-3a05-4abe-8f21-8529136ec7fa
2016,56,da71786c-bb7f-4750-ab07-c4a02d173355,05db5d78-31d2-4fb7-ae0e-f3181d897dec
2016,76,da71786c-bb7f-4750-ab07-c4a02d173355,aca0ea7d-5edb-4012-b86e-c27ac894c9e9
2016,130,da71786c-bb7f-4750-ab07-c4a02d173355,3ac91d17-f0a1-4b85-a83d-efafab0ee78c
2017,225,b3a97596-6be9-4423-ac61-08e4caf0727f,9cdcda2f-3a05-4abe-8f21-8529136ec7fa
2018,37,c0e63f4b-b0de-45bf-91b9-a9f8324ce6f6,370d50ba-592a-491a-be9e-7aed4b1edcec
2018,225,c0e63f4b-b0de-45bf-91b9-a9f8324ce6f6,9cdcda2f-3a05-4abe-8f21-8529136ec7fa
2019,14,18d73451-0efb-43df-a7bf-92e6d3d52a73,63415897-6d9c-4dc4-a2cf-db77b292f8ef
2019,74,18d73451-0efb-43df-a7bf-92e6d3d52a73,fcadc606-b3bc-456e-ad45-826bb6eaa875
2019,76,18d73451-0efb-43df-a7bf-92e6d3d52a73,aca0ea7d-5edb-4012-b86e-c27ac894c9e9
2019,98,18d73451-0efb-43df-a7bf-92e6d3d52a73,1e17f8a9-3e40-4f93-9af1-4b052b3fa800
2019,165,18d73451-0efb-43df-a7bf-92e6d3d52a73,666176cb-7d89-4559-959d-ce3cccf68dd7
2019,225,18d73451-0efb-43df-a7bf-92e6d3d52a73,9cdcda2f-3a05-4abe-8f21-8529136ec7fa
2020,56,5afcab65-a328-4444-9a75-ca8ae7126119,05db5d78-31d2-4fb7-ae0e-f3181d897dec
2020,76,5afcab65-a328-4444-9a75-ca8ae7126119,aca0ea7d-5edb-4012-b86e-c27ac894c9e9
2020,225,5afcab65-a328-4444-9a75-ca8ae7126119,9cdcda2f-3a05-4abe-8f21-8529136ec7fa
2021,225,107a63ef-cd44-47be-af31-f85073a8bbb1,9cdcda2f-3a05-4abe-8f21-8529136ec7fa
2022,76,04d04f05-16db-4d16-a22d-cc8ae11e237d,aca0ea7d-5edb-4012-b86e-c27ac894c9e9
2022,225,04d04f05-16db-4d16-a22d-cc8ae11e237d,9cdcda2f-3a05-4abe-8f21-8529136ec7fa
2023,55,a9b161ce-646f-492e-b8b8-3ba5e8c13d5d,70cb2fa0-b97b-4e80-adf4-5473e61cab6b
2023,173,a9b161ce-646f-492e-b8b8-3ba5e8c13d5d,5c13e222-45ec-4a67-9e4a-d91b1f1e60c9
2023,194,a9b161ce-646f-492e-b8b8-3ba5e8c13d5d,8c6ccca3-369f-4744-80d9-c1344ba9a321
2023,225,a9b161ce-646f-492e-b8b8-3ba5e8c13d5d,9cdcda2f-3a05-4abe-8f21-8529136ec7fa
2024,225,a52944f2-3ba7-423c-b8e3-035d9a8a651c,9cdcda2f-3a05-4abe-8f21-8529136ec7fa
2025,225,41e3a01e-4486-40ab-88d2-53b901bdfa75,9cdcda2f-3a05-4abe-8f21-8529136ec7fa
2026,76,fbd76a18-1bd8-4b9a-88d8-b304f15f3112,aca0ea7d-5edb-4012-b86e-c27ac894c9e9
2026,225,fbd76a18-1bd8-4b9a-88d8-b304f15f3112,9cdcda2f-3a05-4abe-8f21-8529136ec7fa
2027,225,f0e89c9b-6a3a-43cc-beb3-339a094f26e2,9cdcda2f-3a05-4abe-8f21-8529136ec7fa
2028,225,6fe3f3c5-3636-456d-a19a-695e2123f65e,9cdcda2f-3a05-4abe-8f21-8529136ec7fa
2029,37,a1e94b3a-4cb3-4390-9539-b1f59f04e797,370d50ba-592a-491a-be9e-7aed4b1edcec
2029,69,a1e94b3a-4cb3-4390-9539-b1f59f04e797,035eab86-1053-41d2-bb09-048493bf5a8f
2030,56,c0e3825d-1143-48a6-b550-47a4e0a3c561,05db5d78-31d2-4fb7-ae0e-f3181d897dec
2031,55,c08f7d93-b384-4944-b7b4-121654899de3,70cb2fa0-b97b-4e80-adf4-5473e61cab6b
2031,74,c08f7d93-b384-4944-b7b4-121654899de3,fcadc606-b3bc-456e-ad45-826bb6eaa875
2031,76,c08f7d93-b384-4944-b7b4-121654899de3,aca0ea7d-5edb-4012-b86e-c27ac894c9e9
2032,225,758e797c-c6f3-49fa-99c8-e005431e67c5,9cdcda2f-3a05-4abe-8f21-8529136ec7fa
2033,102,d2f1dc63-42a6-4f38-a521-8dd886136761,a9d2a258-26e9-47ca-a80d-cb83e3d4fb49
2034,225,25ce898e-da4d-4ebe-86ce-e1de69424169,9cdcda2f-3a05-4abe-8f21-8529136ec7fa
2035,225,8c4c30b5-81c2-4e40-999b-302478e27100,9cdcda2f-3a05-4abe-8f21-8529136ec7fa
2036,991,88933caa-9efc-47a2-9af7-c5bd5782c189,c09f6ef6-3d50-471d-8c7e-f4a78c8f398c
2037,37,23e72759-e9ad-4f6a-9741-8ea615ec0775,370d50ba-592a-491a-be9e-7aed4b1edcec
2037,225,23e72759-e9ad-4f6a-9741-8ea615ec0775,9cdcda2f-3a05-4abe-8f21-8529136ec7fa
2038,47,6b597214-2369-4605-a145-acdd7929f429,bce5e705-92ce-432a-a0d6-2ee99faeb42b
2038,93,6b597214-2369-4605-a145-acdd7929f429,5aec9d0e-3c30-4467-846f-edbaca04007b
2038,220,6b597214-2369-4605-a145-acdd7929f429,14b21639-9757-41e5-a698-9d715f44f80d
2039,225,411d1b63-43a7-47ba-8635-8b226b281a3f,9cdcda2f-3a05-4abe-8f21-8529136ec7fa
2040,74,48fbe06c-c9f7-48d3-b598-67cb74a3d73d,fcadc606-b3bc-456e-ad45-826bb6eaa875
2040,76,48fbe06c-c9f7-48d3-b598-67cb74a3d73d,aca0ea7d-5edb-4012-b86e-c27ac894c9e9
2040,107,48fbe06c-c9f7-48d3-b598-67cb74a3d73d,d5b59247-e12c-4bb2-ae69-5a3569942ff1
2041,225,0d7120f6-bdcc-4106-9dde-cd8c5c303052,9cdcda2f-3a05-4abe-8f21-8529136ec7fa
2042,225,bf3d06d0-0018-47d5-91df-09184eb65665,9cdcda2f-3a05-4abe-8f21-8529136ec7fa
2043,76,77d98cab-0161-4473-a84c-e078a189117f,aca0ea7d-5edb-4012-b86e-c27ac894c9e9
2044,161,a538e274-c068-4ebb-8793-344f5fe0ff0c,cb4838c4-6ff1-432f-93f3-985c8eeb8f1b
2045,102,24405a92-522a-4f94-b1eb-cb6055feb2e9,a9d2a258-26e9-47ca-a80d-cb83e3d4fb49
2046,55,8e4748b5-b1fb-4f7d-b777-0e587804c311,70cb2fa0-b97b-4e80-adf4-5473e61cab6b
2047,55,ed0a6462-d032-4dfc-99ce-0bac6cfef199,70cb2fa0-b97b-4e80-adf4-5473e61cab6b
2047,58,ed0a6462-d032-4dfc-99ce-0bac6cfef199,70349383-d413-4b44-af33-49f3df8ed8f5
2048,55,e36e3339-6768-4355-9cc2-98cc96a928ca,70cb2fa0-b97b-4e80-adf4-5473e61cab6b
2049,993,f11bed42-6487-41a5-a18a-7384440fa41a,be7df09a-bed7-44db-844a-05dda9dd1a46
2050,993,fceb001a-2923-4013-ad8d-34dd9ca51d2b,be7df09a-bed7-44db-844a-05dda9dd1a46
2051,993,cc47061d-3290-4d79-a1c5-c0e5fd0078af,be7df09a-bed7-44db-844a-05dda9dd1a46
2052,993,c46f903c-0bcd-462e-9868-202ec20c9ad2,be7df09a-bed7-44db-844a-05dda9dd1a46
2053,993,d7c39237-cc05-44ce-bfab-a3070b31641a,be7df09a-bed7-44db-844a-05dda9dd1a46
2054,993,4b52faed-258e-476f-bb3e-0eb6b8f2f8cc,be7df09a-bed7-44db-844a-05dda9dd1a46
2055,993,0bde5727-4a34-4c55-a186-c96fa2dc465a,be7df09a-bed7-44db-844a-05dda9dd1a46
2056,55,19ccab0e-3b35-497e-837f-13531aa59466,70cb2fa0-b97b-4e80-adf4-5473e61cab6b
2057,55,f3b37c4b-fdc1-48cc-96ab-53f99c03bf96,70cb2fa0-b97b-4e80-adf4-5473e61cab6b
2058,55,ce12c0b6-8d24-45bd-8bbc-b00d014604a7,70cb2fa0-b97b-4e80-adf4-5473e61cab6b
2059,55,bb18fb7b-0095-4707-a601-72b9ea58ef3c,70cb2fa0-b97b-4e80-adf4-5473e61cab6b
2059,56,bb18fb7b-0095-4707-a601-72b9ea58ef3c,05db5d78-31d2-4fb7-ae0e-f3181d897dec
2060,993,97d95d21-e9d2-4aa6-ada0-fa1cf5207c89,be7df09a-bed7-44db-844a-05dda9dd1a46
2060,995,97d95d21-e9d2-4aa6-ada0-fa1cf5207c89,4c8bf90e-d1b8-4c9a-9882-fc85aee7fb51
2061,55,3717d0e6-168b-493b-ae7a-a3fdb20f06ef,70cb2fa0-b97b-4e80-adf4-5473e61cab6b
2062,55,83f2f554-f0e9-41e4-b169-f675d256e2ea,70cb2fa0-b97b-4e80-adf4-5473e61cab6b
2063,55,eef556ac-4b03-407f-b3dd-dc75997a639f,70cb2fa0-b97b-4e80-adf4-5473e61cab6b
2064,55,6c3768ec-bd5d-4cca-bc94-4f4d7e2b2067,70cb2fa0-b97b-4e80-adf4-5473e61cab6b
2065,55,e98c4097-59b0-4cf0-bf66-e14886975c12,70cb2fa0-b97b-4e80-adf4-5473e61cab6b
2066,55,16a24712-5b1f-4eb1-93b6-352220240a62,70cb2fa0-b97b-4e80-adf4-5473e61cab6b
2067,55,0d86708a-1a70-4e50-b097-910f4f0d4011,70cb2fa0-b97b-4e80-adf4-5473e61cab6b
2068,993,26cdf7a0-daf8-4925-ad0d-ab4a811f5936,be7df09a-bed7-44db-844a-05dda9dd1a46
2069,55,1d24ae95-4b49-44f7-aa4e-1f3c6423f813,70cb2fa0-b97b-4e80-adf4-5473e61cab6b
2069,56,1d24ae95-4b49-44f7-aa4e-1f3c6423f813,05db5d78-31d2-4fb7-ae0e-f3181d897dec
2069,196,1d24ae95-4b49-44f7-aa4e-1f3c6423f813,940b3f91-84fe-493e-a32b-97fe98b59535
2070,55,90b02794-29e5-40ca-be52-eac773595b79,70cb2fa0-b97b-4e80-adf4-5473e61cab6b
2072,993,73299ce8-8b18-41a1-a90a-1b6d70ca8364,be7df09a-bed7-44db-844a-05dda9dd1a46
2073,993,d026d607-1d1d-402a-b0d5-9fdda53bfea6,be7df09a-bed7-44db-844a-05dda9dd1a46
2074,23,1766ca11-746c-46e9-8500-0ef943e3daeb,524be1b8-9739-4266-aa59-a9100c49a6e3
2074,993,1766ca11-746c-46e9-8500-0ef943e3daeb,be7df09a-bed7-44db-844a-05dda9dd1a46
2075,173,41d61157-a387-419b-a1e6-71df33c417ce,5c13e222-45ec-4a67-9e4a-d91b1f1e60c9
2075,993,41d61157-a387-419b-a1e6-71df33c417ce,be7df09a-bed7-44db-844a-05dda9dd1a46
2076,993,f584e880-be6d-40c9-9e03-1f1ee42585bf,be7df09a-bed7-44db-844a-05dda9dd1a46
2077,55,d1a36c63-93c9-4782-bc9d-f6d1e8d134ea,70cb2fa0-b97b-4e80-adf4-5473e61cab6b
2078,993,03a8591a-ef8f-498d-bc1b-9143a4a4b843,be7df09a-bed7-44db-844a-05dda9dd1a46
2079,993,6de9ad6b-351f-469a-8cda-0a15bb754d1b,be7df09a-bed7-44db-844a-05dda9dd1a46
2080,993,95d9f67c-22ce-4577-8843-a88ec9534dda,be7df09a-bed7-44db-844a-05dda9dd1a46
2081,993,9822b2c8-f965-4d22-85c2-c3ce5da9ff17,be7df09a-bed7-44db-844a-05dda9dd1a46
2082,993,4917e659-1bc3-4029-a17d-490d40dfa919,be7df09a-bed7-44db-844a-05dda9dd1a46
2083,55,b8e0e4b4-82d0-4053-833d-40b3e343f4d1,70cb2fa0-b97b-4e80-adf4-5473e61cab6b
2084,55,3fd36c51-ffda-4ef8-931e-058e93c2b49a,70cb2fa0-b97b-4e80-adf4-5473e61cab6b
2085,993,037218c5-2551-4b26-89b6-4bd15fd19276,be7df09a-bed7-44db-844a-05dda9dd1a46
2086,23,1a99e99a-440a-4838-b4bf-3ad9c0671fbd,524be1b8-9739-4266-aa59-a9100c49a6e3
2086,55,1a99e99a-440a-4838-b4bf-3ad9c0671fbd,70cb2fa0-b97b-4e80-adf4-5473e61cab6b
2086,74,1a99e99a-440a-4838-b4bf-3ad9c0671fbd,fcadc606-b3bc-456e-ad45-826bb6eaa875
2087,55,9762134d-a3fd-4969-ad31-f7148194155c,70cb2fa0-b97b-4e80-adf4-5473e61cab6b
2088,55,cb9b59b1-b1f6-4a41-aacb-ce0e955b1ea8,70cb2fa0-b97b-4e80-adf4-5473e61cab6b
2089,993,f7634d9a-a971-47fb-9191-afc99310ce03,be7df09a-bed7-44db-844a-05dda9dd1a46
2090,993,02af1f10-a269-4f5b-8035-4048d9f0acfa,be7df09a-bed7-44db-844a-05dda9dd1a46
2091,55,2e4a2983-6ac8-4335-a9ec-5d31d7530f23,70cb2fa0-b97b-4e80-adf4-5473e61cab6b
2092,993,1b02073e-4115-49a9-b5e8-3d9936cea180,be7df09a-bed7-44db-844a-05dda9dd1a46
2092,996,1b02073e-4115-49a9-b5e8-3d9936cea180,4de9d058-62bb-4727-b2a3-ef64bed4edf9
2093,992,05495ee5-3965-4408-ba91-f9511f3d39e5,f5045ddb-28f5-4810-b5b2-c013e56c96a3
2094,992,cb37ae51-9b8f-405a-80cd-ca9fd44a109e,f5045ddb-28f5-4810-b5b2-c013e56c96a3
2095,992,f1d21671-4f3e-41bf-8b10-57c3291611af,f5045ddb-28f5-4810-b5b2-c013e56c96a3
2096,992,01a39bbb-e06f-44b1-8a04-c7f1165ea62a,f5045ddb-28f5-4810-b5b2-c013e56c96a3
2097,991,18358efe-cd5b-4d4d-9fbf-74b02c3338d1,c09f6ef6-3d50-471d-8c7e-f4a78c8f398c
2098,991,4c2bad14-7edc-4e40-b576-c747b11c9891,c09f6ef6-3d50-471d-8c7e-f4a78c8f398c
2099,991,12836848-1694-4a14-8f9d-10e8ce35a214,c09f6ef6-3d50-471d-8c7e-f4a78c8f398c
2100,991,b97d0aaa-2600-439f-9fe9-93bdf520c6f3,c09f6ef6-3d50-471d-8c7e-f4a78c8f398c
2101,992,9d5e7db8-4b42-499b-be32-7c1d7a23fa6f,f5045ddb-28f5-4810-b5b2-c013e56c96a3
2102,76,477376df-a716-499b-a83b-15cf8bb1cd23,aca0ea7d-5edb-4012-b86e-c27ac894c9e9
2103,993,e78c7ea4-1c54-4f11-927e-f8f5ef191093,be7df09a-bed7-44db-844a-05dda9dd1a46
2104,992,2074f750-3f74-42e8-bd5b-cda1279902cc,f5045ddb-28f5-4810-b5b2-c013e56c96a3
2105,991,cced131e-ece6-4483-abf2-f14c2991f75d,c09f6ef6-3d50-471d-8c7e-f4a78c8f398c
2106,225,b4eef531-cc12-4838-a9e3-2d588c0b82b8,9cdcda2f-3a05-4abe-8f21-8529136ec7fa
2107,102,6fa731fd-0a3a-4f1c-ac2f-98a8f399b8f6,a9d2a258-26e9-47ca-a80d-cb83e3d4fb49
2107,225,6fa731fd-0a3a-4f1c-ac2f-98a8f399b8f6,9cdcda2f-3a05-4abe-8f21-8529136ec7fa
2108,991,d1c06781-5c8a-4b58-8e36-88478a56e50a,c09f6ef6-3d50-471d-8c7e-f4a78c8f398c
2109,991,8785cd44-c5b4-4667-8a18-02ef447f33fc,c09f6ef6-3d50-471d-8c7e-f4a78c8f398c
2110,56,2b8ccd31-3e87-4fc0-9537-5f9572f796bb,05db5d78-31d2-4fb7-ae0e-f3181d897dec
2113,56,9cc15022-76a1-4e29-9733-c1675d21fabc,05db5d78-31d2-4fb7-ae0e-f3181d897dec
2114,14,db4b9a79-bd66-4034-9cd1-11b08d387cd4,63415897-6d9c-4dc4-a2cf-db77b292f8ef
2115,107,b3ea2367-9c14-4205-9753-5800efbace32,d5b59247-e12c-4bb2-ae69-5a3569942ff1
2116,222,b0255932-f818-4055-9ca0-8479e14f4dda,bfcd729e-fa75-4887-bbe3-34e59d05af64
2116,992,b0255932-f818-4055-9ca0-8479e14f4dda,f5045ddb-28f5-4810-b5b2-c013e56c96a3
2117,992,65c6a627-c79b-400a-8d72-a7a2b89fd4b6,f5045ddb-28f5-4810-b5b2-c013e56c96a3
2118,992,5004a604-46c4-4dbc-9a73-306d0540cbf7,f5045ddb-28f5-4810-b5b2-c013e56c96a3
2119,56,6eddcb48-bb58-4d14-a72d-3fc655dace16,05db5d78-31d2-4fb7-ae0e-f3181d897dec
2119,76,6eddcb48-bb58-4d14-a72d-3fc655dace16,aca0ea7d-5edb-4012-b86e-c27ac894c9e9
2119,96,6eddcb48-bb58-4d14-a72d-3fc655dace16,8ba836d3-0869-499f-86a3-c3e3a092f8d5
2119,992,6eddcb48-bb58-4d14-a72d-3fc655dace16,f5045ddb-28f5-4810-b5b2-c013e56c96a3
2120,991,f66a8a66-2f31-405b-a4ea-6d9df927e2e2,c09f6ef6-3d50-471d-8c7e-f4a78c8f398c
2121,991,ffb05bfc-7d70-479d-a5bc-325394a5be4f,c09f6ef6-3d50-471d-8c7e-f4a78c8f398c
2122,992,54dc3a83-d975-4a5f-bca5-6317ede646e6,f5045ddb-28f5-4810-b5b2-c013e56c96a3
2123,992,498e91f8-e4ad-475c-9024-134cc8ffbc36,f5045ddb-28f5-4810-b5b2-c013e56c96a3
2124,991,8a2d86a2-9a25-48b1-9aec-ed6eeb0b1c96,c09f6ef6-3d50-471d-8c7e-f4a78c8f398c
2125,991,36120355-9e60-4286-b238-6e927eda8c24,c09f6ef6-3d50-471d-8c7e-f4a78c8f398c
2126,991,574b2ebd-cd2f-4963-abb4-1311b98c3bba,c09f6ef6-3d50-471d-8c7e-f4a78c8f398c
2127,991,24ee9901-cc2b-4b6b-bde7-1f2d4816e214,c09f6ef6-3d50-471d-8c7e-f4a78c8f398c
2128,991,bc85680f-5e59-4ac1-936d-41fc141da413,c09f6ef6-3d50-471d-8c7e-f4a78c8f398c
2129,991,15ab167f-0979-4f54-b671-18ca187e04ee,c09f6ef6-3d50-471d-8c7e-f4a78c8f398c
2130,992,15906f86-2fc0-473a-b6df-e1661968891d,f5045ddb-28f5-4810-b5b2-c013e56c96a3
2131,992,324b664d-a443-4d2f-9572-aff844cf7379,f5045ddb-28f5-4810-b5b2-c013e56c96a3
2132,225,2f256e9f-8189-4b81-a5ed-53218959f462,9cdcda2f-3a05-4abe-8f21-8529136ec7fa
2133,160,3691f46c-64a7-4458-93f0-87847456bc16,82d5bcea-2d26-46e5-9d77-5c269d4dc0f3
2137,166,3fb2a8b1-f565-4d3d-8a91-95f4153544e1,74510537-48f1-4ecc-aaba-166edd1b88e5
2138,102,1da5ac30-5124-4690-bd69-787ca59a20c2,a9d2a258-26e9-47ca-a80d-cb83e3d4fb49
2139,102,7c6cccea-94c7-4708-92dc-6e997b33f77e,a9d2a258-26e9-47ca-a80d-cb83e3d4fb49
2140,991,d6cabeab-6cea-43fd-945e-2693150c84b6,c09f6ef6-3d50-471d-8c7e-f4a78c8f398c
2141,992,c8849f52-7c0d-4c0f-8f0a-0a7c5a6edee0,f5045ddb-28f5-4810-b5b2-c013e56c96a3
2143,991,503a2b9e-6e13-40c5-8215-93e49a4d4e97,c09f6ef6-3d50-471d-8c7e-f4a78c8f398c
2144,992,3e79d836-09f2-46df-a0c1-7acf31eb4917,f5045ddb-28f5-4810-b5b2-c013e56c96a3
2145,107,f50080ee-7f44-4683-a555-68033c1c52c0,d5b59247-e12c-4bb2-ae69-5a3569942ff1
2146,107,42283d1f-aa94-40d3-953a-befc02ddaacc,d5b59247-e12c-4bb2-ae69-5a3569942ff1
2147,107,ff9ec1b6-7f53-4fb4-8b70-48977441578e,d5b59247-e12c-4bb2-ae69-5a3569942ff1
2148,107,c2ef5b81-2a58-47ba-8004-2ce9203157cb,d5b59247-e12c-4bb2-ae69-5a3569942ff1
2149,21,37c063c9-cb12-4f53-b046-2405d399ff07,ad53cbad-6a77-4499-94a7-c3442c2df2ee
2149,74,37c063c9-cb12-4f53-b046-2405d399ff07,fcadc606-b3bc-456e-ad45-826bb6eaa875
2149,107,37c063c9-cb12-4f53-b046-2405d399ff07,d5b59247-e12c-4bb2-ae69-5a3569942ff1
2149,130,37c063c9-cb12-4f53-b046-2405d399ff07,3ac91d17-f0a1-4b85-a83d-efafab0ee78c
2150,42,5ccb1de4-eb0d-4558-ae83-5190b4a944bc,51fc41ab-afab-40d9-a285-aa863fd2e978
2151,107,daaccc2a-f0c7-40c0-812c-b5f360f4ed66,d5b59247-e12c-4bb2-ae69-5a3569942ff1
2152,107,7ee9b2d3-9662-43d0-9e48-840c6787ce14,d5b59247-e12c-4bb2-ae69-5a3569942ff1
2153,69,c6909cff-7d20-47c1-ba51-9ebdccedb0ad,035eab86-1053-41d2-bb09-048493bf5a8f
2153,76,c6909cff-7d20-47c1-ba51-9ebdccedb0ad,aca0ea7d-5edb-4012-b86e-c27ac894c9e9
2153,107,c6909cff-7d20-47c1-ba51-9ebdccedb0ad,d5b59247-e12c-4bb2-ae69-5a3569942ff1
2153,225,c6909cff-7d20-47c1-ba51-9ebdccedb0ad,9cdcda2f-3a05-4abe-8f21-8529136ec7fa
2154,107,32eab5eb-5909-48dc-a565-c5f94d88fb2a,d5b59247-e12c-4bb2-ae69-5a3569942ff1
2155,110,544c9c19-df40-406f-bff5-ff8392542b09,0f8bb30d-61bf-4513-b56a-113ea8c3aff8
2156,991,2dd7722d-579a-493b-8787-cefb540b88fa,c09f6ef6-3d50-471d-8c7e-f4a78c8f398c
2157,992,4d3e1dea-53d7-4cef-b0c8-de5146a0bd68,f5045ddb-28f5-4810-b5b2-c013e56c96a3
2158,63,68e48ef8-7317-44d5-8a36-cc3c4e442588,ee53e9fa-4c4b-4186-bfb0-f23a33612fa4
2158,161,68e48ef8-7317-44d5-8a36-cc3c4e442588,cb4838c4-6ff1-432f-93f3-985c8eeb8f1b
2160,14,b5460c1f-1903-40e5-93a4-942e9d79309d,63415897-6d9c-4dc4-a2cf-db77b292f8ef
2161,14,7674f8a0-1367-4142-860e-95230a76caba,63415897-6d9c-4dc4-a2cf-db77b292f8ef
2161,225,7674f8a0-1367-4142-860e-95230a76caba,9cdcda2f-3a05-4abe-8f21-8529136ec7fa
2162,14,cc7b77b4-9bc1-4e32-be14-2a226abfedf6,63415897-6d9c-4dc4-a2cf-db77b292f8ef
2163,14,e278646f-cfcf-4c27-86b0-3f71a5bb4dab,63415897-6d9c-4dc4-a2cf-db77b292f8ef
2164,14,11105d0d-4560-4034-ad35-b15231a9a4a3,63415897-6d9c-4dc4-a2cf-db77b292f8ef
2165,14,766b759b-381e-4d84-82d2-940f0958b14d,63415897-6d9c-4dc4-a2cf-db77b292f8ef
2165,151,766b759b-381e-4d84-82d2-940f0958b14d,d99989a8-ea9c-4d4e-86f5-71dfdf6f7e81
2165,225,766b759b-381e-4d84-82d2-940f0958b14d,9cdcda2f-3a05-4abe-8f21-8529136ec7fa
2166,14,e48442fd-e045-4248-97a2-933ef242666e,63415897-6d9c-4dc4-a2cf-db77b292f8ef
2167,14,cb448e9c-c51f-4fd6-a473-e86c298af387,63415897-6d9c-4dc4-a2cf-db77b292f8ef
2167,225,cb448e9c-c51f-4fd6-a473-e86c298af387,9cdcda2f-3a05-4abe-8f21-8529136ec7fa
2168,14,e56f6f67-2fc9-4ce8-bc6d-b2dcdd420e46,63415897-6d9c-4dc4-a2cf-db77b292f8ef
2169,14,9d34a227-a22c-449a-af45-31e35aba4866,63415897-6d9c-4dc4-a2cf-db77b292f8ef
2170,14,834f5e3e-b81b-4dfb-a701-b795e8157075,63415897-6d9c-4dc4-a2cf-db77b292f8ef
2171,14,945f6033-2d42-464e-b61e-98aaa8e7a770,63415897-6d9c-4dc4-a2cf-db77b292f8ef
2172,14,f0af2178-db39-4275-8523-90c953e53df9,63415897-6d9c-4dc4-a2cf-db77b292f8ef
2172,76,f0af2178-db39-4275-8523-90c953e53df9,aca0ea7d-5edb-4012-b86e-c27ac894c9e9
2173,14,6e4dc34e-8e85-4726-b422-c5b7e170f141,63415897-6d9c-4dc4-a2cf-db77b292f8ef
2174,14,d21751b8-846c-4e3a-8d8a-55f27e49c40e,63415897-6d9c-4dc4-a2cf-db77b292f8ef
2175,14,539e9efc-5560-4adb-97de-3e01330f4869,63415897-6d9c-4dc4-a2cf-db77b292f8ef
2176,14,68aa6d34-f71a-469a-b1b5-3e45d27f7fbd,63415897-6d9c-4dc4-a2cf-db77b292f8ef
2177,173,9ebb64d6-de87-404d-8786-754791dca5d6,5c13e222-45ec-4a67-9e4a-d91b1f1e60c9
2178,225,6d67c435-c64a-4286-98b9-8b7e87f0c6d3,9cdcda2f-3a05-4abe-8f21-8529136ec7fa
2179,225,a482e303-46bc-4d8d-9fad-2d792e2dc97b,9cdcda2f-3a05-4abe-8f21-8529136ec7fa
2180,47,a207985f-3bd2-460b-a186-35f2785e4d47,bce5e705-92ce-432a-a0d6-2ee99faeb42b
2180,93,a207985f-3bd2-460b-a186-35f2785e4d47,5aec9d0e-3c30-4467-846f-edbaca04007b
2181,67,95e1b936-8d7a-45b7-9045-6c4ee3eb1772,92fb785b-75ee-467b-8ff0-c25cb9c81149
2182,225,1ac19c2d-9d42-40fd-ad7e-0ba57ba00c8e,9cdcda2f-3a05-4abe-8f21-8529136ec7fa
2184,78,37fa6649-7631-4799-b22c-6ab7dd2c0d21,b891f2ef-05ab-493e-926f-59d9019f029d
2184,991,37fa6649-7631-4799-b22c-6ab7dd2c0d21,c09f6ef6-3d50-471d-8c7e-f4a78c8f398c
2185,22,99c83f94-5da2-4ada-9c09-2549566061a3,1e2440cc-23da-46e5-9e95-c2d727a04b60
2185,74,99c83f94-5da2-4ada-9c09-2549566061a3,fcadc606-b3bc-456e-ad45-826bb6eaa875
2185,110,99c83f94-5da2-4ada-9c09-2549566061a3,0f8bb30d-61bf-4513-b56a-113ea8c3aff8
2185,139,99c83f94-5da2-4ada-9c09-2549566061a3,a49cfdae-d881-4000-8a26-f7e2385b2f80
2185,995,99c83f94-5da2-4ada-9c09-2549566061a3,4c8bf90e-d1b8-4c9a-9882-fc85aee7fb51
2186,14,7d6c82f5-79e7-441d-841f-81f32bdab680,63415897-6d9c-4dc4-a2cf-db77b292f8ef
2187,47,835659ab-90d9-4cd3-9eac-7506d159ed31,bce5e705-92ce-432a-a0d6-2ee99faeb42b
2188,37,f3cfa0c7-de1f-46ea-a70d-b4533d2445b6,370d50ba-592a-491a-be9e-7aed4b1edcec
2190,225,0214770a-ed38-480e-8475-e1372c91ea2e,9cdcda2f-3a05-4abe-8f21-8529136ec7fa
2191,74,ed8fdfd5-621c-4870-a6cb-dff221a06a49,fcadc606-b3bc-456e-ad45-826bb6eaa875
2191,107,ed8fdfd5-621c-4870-a6cb-dff221a06a49,d5b59247-e12c-4bb2-ae69-5a3569942ff1
2191,215,ed8fdfd5-621c-4870-a6cb-dff221a06a49,22b52df0-c9cb-4369-a335-96b7a5b93c56
2192,42,4bd51cd4-1622-4880-97da-429c2efdc66e,51fc41ab-afab-40d9-a285-aa863fd2e978
2192,56,4bd51cd4-1622-4880-97da-429c2efdc66e,05db5d78-31d2-4fb7-ae0e-f3181d897dec
2192,74,4bd51cd4-1622-4880-97da-429c2efdc66e,fcadc606-b3bc-456e-ad45-826bb6eaa875
2192,76,4bd51cd4-1622-4880-97da-429c2efdc66e,aca0ea7d-5edb-4012-b86e-c27ac894c9e9
2192,98,4bd51cd4-1622-4880-97da-429c2efdc66e,1e17f8a9-3e40-4f93-9af1-4b052b3fa800
2192,105,4bd51cd4-1622-4880-97da-429c2efdc66e,7a8d6deb-7fc9-455c-9cdb-5a57cf2199f6
2192,215,4bd51cd4-1622-4880-97da-429c2efdc66e,22b52df0-c9cb-4369-a335-96b7a5b93c56
2193,14,f843dc99-d00a-4906-bff2-94060a14f185,63415897-6d9c-4dc4-a2cf-db77b292f8ef
2193,37,f843dc99-d00a-4906-bff2-94060a14f185,370d50ba-592a-491a-be9e-7aed4b1edcec
2194,173,69726f2e-26fe-44fe-a9c6-973e99d6c81e,5c13e222-45ec-4a67-9e4a-d91b1f1e60c9
2195,992,4b291da0-9454-4372-a1b5-cf651a7fd913,f5045ddb-28f5-4810-b5b2-c013e56c96a3
2196,173,a95979ff-404f-48dc-8922-d4112b9e5e9f,5c13e222-45ec-4a67-9e4a-d91b1f1e60c9
2197,173,d7cd3f31-25df-4d50-b660-0efa69c5398a,5c13e222-45ec-4a67-9e4a-d91b1f1e60c9
2198,173,3271820b-48bc-4860-bd0e-5e3947decca2,5c13e222-45ec-4a67-9e4a-d91b1f1e60c9
2199,173,3241b76c-b86f-472b-80e2-630d6868861d,5c13e222-45ec-4a67-9e4a-d91b1f1e60c9
2200,173,8baefca8-051a-4e43-8d63-16753b63503b,5c13e222-45ec-4a67-9e4a-d91b1f1e60c9
2201,173,e2826a2a-78f4-40da-a1c1-48e8616ee1fb,5c13e222-45ec-4a67-9e4a-d91b1f1e60c9
2202,173,a8ae8aa0-0e2a-4e44-989e-fc8d8938b77c,5c13e222-45ec-4a67-9e4a-d91b1f1e60c9
2203,173,a4eb8380-94a8-49ae-a439-dfe2abb4680c,5c13e222-45ec-4a67-9e4a-d91b1f1e60c9
2204,173,45837f17-7775-4ec5-bd35-5320b0d636f4,5c13e222-45ec-4a67-9e4a-d91b1f1e60c9
2205,173,ee6e872a-153a-4f20-b833-40de9f16c156,5c13e222-45ec-4a67-9e4a-d91b1f1e60c9
2206,173,a13648ba-d080-4613-9d4a-0557ac4333f3,5c13e222-45ec-4a67-9e4a-d91b1f1e60c9
2207,173,c4718f90-90c1-4178-bc04-2ff65b75264a,5c13e222-45ec-4a67-9e4a-d91b1f1e60c9
2208,51,106dc41c-e777-4880-b114-5f3727a3c3ee,fad32010-c633-448f-a030-ed243d89ed12
2208,67,106dc41c-e777-4880-b114-5f3727a3c3ee,92fb785b-75ee-467b-8ff0-c25cb9c81149
2209,76,66ef7b73-e1e9-4d58-96a0-5d7cf9cf98a9,aca0ea7d-5edb-4012-b86e-c27ac894c9e9
2209,225,66ef7b73-e1e9-4d58-96a0-5d7cf9cf98a9,9cdcda2f-3a05-4abe-8f21-8529136ec7fa
2210,217,2ff6422f-2191-4053-a3e8-6d0a89201735,da1bf799-42e5-4b0d-82c4-358b702d4200
2210,225,2ff6422f-2191-4053-a3e8-6d0a89201735,9cdcda2f-3a05-4abe-8f21-8529136ec7fa
2211,76,4f9a9222-0215-4b2c-a893-834c28a7ac9b,aca0ea7d-5edb-4012-b86e-c27ac894c9e9
2212,56,5ad1a564-867c-48b9-9b10-852f076c79b4,05db5d78-31d2-4fb7-ae0e-f3181d897dec
2213,37,49d2c7d8-ee1e-4122-a156-48bb31a7997c,370d50ba-592a-491a-be9e-7aed4b1edcec
2213,225,49d2c7d8-ee1e-4122-a156-48bb31a7997c,9cdcda2f-3a05-4abe-8f21-8529136ec7fa
2214,37,6489b39b-2a50-4e65-bb05-e8ee193e82d9,370d50ba-592a-491a-be9e-7aed4b1edcec
2215,173,5ed7a7b2-7ad6-4202-acbf-7be457e4cd81,5c13e222-45ec-4a67-9e4a-d91b1f1e60c9
2217,173,a7cffb9f-8070-4099-b2b9-d5f9e14a81ee,5c13e222-45ec-4a67-9e4a-d91b1f1e60c9
2218,173,d0d3ce42-6c73-4461-b051-0a67f54874e0,5c13e222-45ec-4a67-9e4a-d91b1f1e60c9
2219,173,ad27ba05-6004-40b2-84b4-841ab1cae11c,5c13e222-45ec-4a67-9e4a-d91b1f1e60c9
2220,173,6311eee0-36dc-4bf4-9657-b3079ec81466,5c13e222-45ec-4a67-9e4a-d91b1f1e60c9
2221,173,33a01f54-abda-4e58-8c6d-78d95553b52f,5c13e222-45ec-4a67-9e4a-d91b1f1e60c9
2222,173,b4a98e63-9f00-42e0-8a92-0657a87dffea,5c13e222-45ec-4a67-9e4a-d91b1f1e60c9
2223,173,64bc93c5-98df-41ae-ac2b-3ad998efc230,5c13e222-45ec-4a67-9e4a-d91b1f1e60c9
2224,173,12320db2-7535-48a3-a091-88151a309856,5c13e222-45ec-4a67-9e4a-d91b1f1e60c9
2225,173,a03be01c-4aa4-4974-9694-e4d2d84f485d,5c13e222-45ec-4a67-9e4a-d91b1f1e60c9
2226,173,73e7700a-6f97-4dc2-9c9a-886e4b3f0b5a,5c13e222-45ec-4a67-9e4a-d91b1f1e60c9
2227,173,50ac8c48-9d16-4946-994c-b54dc7c9f910,5c13e222-45ec-4a67-9e4a-d91b1f1e60c9
2228,56,ae3f7e52-2fe8-42c9-9ff9-737689239a8e,05db5d78-31d2-4fb7-ae0e-f3181d897dec
2228,107,ae3f7e52-2fe8-42c9-9ff9-737689239a8e,d5b59247-e12c-4bb2-ae69-5a3569942ff1
2228,992,ae3f7e52-2fe8-42c9-9ff9-737689239a8e,f5045ddb-28f5-4810-b5b2-c013e56c96a3
2229,199,3d7d9e33-60a7-43d1-90e8-d0de3eabd150,35b10450-e6fd-41d8-85a3-928f1dbcf1e1
2230,225,29aa9a6e-b068-423e-b136-4949e14ef065,9cdcda2f-3a05-4abe-8f21-8529136ec7fa
2231,74,b6995907-4fb6-4c02-926c-fbb00bc7b359,fcadc606-b3bc-456e-ad45-826bb6eaa875
2232,225,1e657c61-f1a8-46b0-a0d5-0c8ee0844fdc,9cdcda2f-3a05-4abe-8f21-8529136ec7fa
2233,225,751cd7a1-b9d5-482d-adcf-2839608639aa,9cdcda2f-3a05-4abe-8f21-8529136ec7fa
2234,14,fc1712b3-6b6b-4c29-90f6-613cba18d0c8,63415897-6d9c-4dc4-a2cf-db77b292f8ef
2234,76,fc1712b3-6b6b-4c29-90f6-613cba18d0c8,aca0ea7d-5edb-4012-b86e-c27ac894c9e9
2234,225,fc1712b3-6b6b-4c29-90f6-613cba18d0c8,9cdcda2f-3a05-4abe-8f21-8529136ec7fa
2235,58,9ac18ba1-766f-4ffa-b192-1b9e331263bc,70349383-d413-4b44-af33-49f3df8ed8f5
2235,161,9ac18ba1-766f-4ffa-b192-1b9e331263bc,cb4838c4-6ff1-432f-93f3-985c8eeb8f1b
2235,191,9ac18ba1-766f-4ffa-b192-1b9e331263bc,2de6dd51-50e0-4e80-825c-d0aeb80b3a47
2236,225,0011248c-6d55-4f65-ad55-45a7062e367d,9cdcda2f-3a05-4abe-8f21-8529136ec7fa
2238,225,5474e63a-9c66-4b89-98dd-185bab3d8680,9cdcda2f-3a05-4abe-8f21-8529136ec7fa
2239,56,c7bdae4b-9e8a-45d0-9b50-99ac18f5e8b0,05db5d78-31d2-4fb7-ae0e-f3181d897dec
2239,225,c7bdae4b-9e8a-45d0-9b50-99ac18f5e8b0,9cdcda2f-3a05-4abe-8f21-8529136ec7fa
2240,225,8da951b9-7f8e-4d80-ae96-15941261a87b,9cdcda2f-3a05-4abe-8f21-8529136ec7fa
2241,225,9864802b-e050-4725-bf94-3a4e1e66cda0,9cdcda2f-3a05-4abe-8f21-8529136ec7fa
2242,225,a284a2eb-8a67-4969-915f-4026fba857c6,9cdcda2f-3a05-4abe-8f21-8529136ec7fa
2243,14,3fd92935-69ba-4825-8dd8-6cc9c01d3b75,63415897-6d9c-4dc4-a2cf-db77b292f8ef
2243,76,3fd92935-69ba-4825-8dd8-6cc9c01d3b75,aca0ea7d-5edb-4012-b86e-c27ac894c9e9
2243,225,3fd92935-69ba-4825-8dd8-6cc9c01d3b75,9cdcda2f-3a05-4abe-8f21-8529136ec7fa
2244,225,455327e5-a4a1-43fe-9b4a-4947171ea23c,9cdcda2f-3a05-4abe-8f21-8529136ec7fa
2245,225,0b98dcf3-f108-476d-ba8f-8f329c77fa7b,9cdcda2f-3a05-4abe-8f21-8529136ec7fa
2246,76,8b37a793-aa31-472e-ae9b-e0d1fcef8852,aca0ea7d-5edb-4012-b86e-c27ac894c9e9
2246,225,8b37a793-aa31-472e-ae9b-e0d1fcef8852,9cdcda2f-3a05-4abe-8f21-8529136ec7fa
2247,58,66e4b8fb-023c-4610-b13c-3e1fdfaaed4e,70349383-d413-4b44-af33-49f3df8ed8f5
2247,67,66e4b8fb-023c-4610-b13c-3e1fdfaaed4e,92fb785b-75ee-467b-8ff0-c25cb9c81149
2247,74,66e4b8fb-023c-4610-b13c-3e1fdfaaed4e,fcadc606-b3bc-456e-ad45-826bb6eaa875
2247,106,66e4b8fb-023c-4610-b13c-3e1fdfaaed4e,9e1bcb58-534c-4885-86f5-a220bb51438a
2247,160,66e4b8fb-023c-4610-b13c-3e1fdfaaed4e,82d5bcea-2d26-46e5-9d77-5c269d4dc0f3
2247,161,66e4b8fb-023c-4610-b13c-3e1fdfaaed4e,cb4838c4-6ff1-432f-93f3-985c8eeb8f1b
2247,191,66e4b8fb-023c-4610-b13c-3e1fdfaaed4e,2de6dd51-50e0-4e80-825c-d0aeb80b3a47
2248,225,f2851fa8-0077-4d7d-a6f1-9964ba6dc111,9cdcda2f-3a05-4abe-8f21-8529136ec7fa
2249,37,acc0100e-312c-4676-bf15-141be01e33c9,370d50ba-592a-491a-be9e-7aed4b1edcec
2249,225,acc0100e-312c-4676-bf15-141be01e33c9,9cdcda2f-3a05-4abe-8f21-8529136ec7fa
2250,56,f74a4b6f-5296-4ff8-83ed-89f01e6af3d4,05db5d78-31d2-4fb7-ae0e-f3181d897dec
2250,225,f74a4b6f-5296-4ff8-83ed-89f01e6af3d4,9cdcda2f-3a05-4abe-8f21-8529136ec7fa
2251,74,70f00811-d5bb-4023-af7a-43ef31268758,fcadc606-b3bc-456e-ad45-826bb6eaa875
2251,225,70f00811-d5bb-4023-af7a-43ef31268758,9cdcda2f-3a05-4abe-8f21-8529136ec7fa
2252,225,948cf6b7-df76-44a4-a8aa-6d407987abd4,9cdcda2f-3a05-4abe-8f21-8529136ec7fa
2253,225,4cd2862b-8054-4e10-918f-a66f5bba16f9,9cdcda2f-3a05-4abe-8f21-8529136ec7fa
2254,225,c68b79ff-f86e-4344-afe1-2f0ca5df8767,9cdcda2f-3a05-4abe-8f21-8529136ec7fa
2255,37,21c70aa4-2983-43ee-9e6f-78d66e699aa5,370d50ba-592a-491a-be9e-7aed4b1edcec
2255,56,21c70aa4-2983-43ee-9e6f-78d66e699aa5,05db5d78-31d2-4fb7-ae0e-f3181d897dec
2255,225,21c70aa4-2983-43ee-9e6f-78d66e699aa5,9cdcda2f-3a05-4abe-8f21-8529136ec7fa
2256,93,1550da9e-ce37-485a-a7e3-3eb869d54257,5aec9d0e-3c30-4467-846f-edbaca04007b
2257,14,85a0f0ca-0ea7-4573-97e2-4e74da65abc5,63415897-6d9c-4dc4-a2cf-db77b292f8ef
2257,225,85a0f0ca-0ea7-4573-97e2-4e74da65abc5,9cdcda2f-3a05-4abe-8f21-8529136ec7fa
2258,14,a7facdda-a98d-4f52-8a6a-09175b37ddd7,63415897-6d9c-4dc4-a2cf-db77b292f8ef
2258,225,a7facdda-a98d-4f52-8a6a-09175b37ddd7,9cdcda2f-3a05-4abe-8f21-8529136ec7fa
2259,14,b963a69c-fcfe-419b-bf70-509191478482,63415897-6d9c-4dc4-a2cf-db77b292f8ef
2259,74,b963a69c-fcfe-419b-bf70-509191478482,fcadc606-b3bc-456e-ad45-826bb6eaa875
2259,225,b963a69c-fcfe-419b-bf70-509191478482,9cdcda2f-3a05-4abe-8f21-8529136ec7fa
2260,225,773664dd-8a01-4d57-8974-0591f59a32f8,9cdcda2f-3a05-4abe-8f21-8529136ec7fa
2261,225,edfee6a0-00b1-40da-8205-9c984c0e7c58,9cdcda2f-3a05-4abe-8f21-8529136ec7fa
2262,225,5df0a8a9-2742-456e-b2cf-65020d1179f9,9cdcda2f-3a05-4abe-8f21-8529136ec7fa
2263,225,74541269-b119-4969-a141-acd9ca6a0ff7,9cdcda2f-3a05-4abe-8f21-8529136ec7fa
2264,225,c1776404-5edf-42b8-b480-561191c019cb,9cdcda2f-3a05-4abe-8f21-8529136ec7fa
2265,107,79344ea0-8c93-4f12-8376-22e4a7e092b8,d5b59247-e12c-4bb2-ae69-5a3569942ff1
2266,76,a6a317fc-0032-4482-a72b-5fd0f4feb207,aca0ea7d-5edb-4012-b86e-c27ac894c9e9
2266,107,a6a317fc-0032-4482-a72b-5fd0f4feb207,d5b59247-e12c-4bb2-ae69-5a3569942ff1
2267,225,36dbbbcd-27a9-4d55-8a2c-04aabe77cf24,9cdcda2f-3a05-4abe-8f21-8529136ec7fa
2268,225,7118b354-b51b-4b4c-b09c-4cb2e46fedb5,9cdcda2f-3a05-4abe-8f21-8529136ec7fa
2269,225,5a9bfe9a-9181-47d9-b2ab-e041828d80de,9cdcda2f-3a05-4abe-8f21-8529136ec7fa
2270,76,6095f9b3-5e0e-445f-a3aa-7d7a8385d34a,aca0ea7d-5edb-4012-b86e-c27ac894c9e9
2271,225,2eecbcc7-1d7e-4ddb-88d5-8f1148cad254,9cdcda2f-3a05-4abe-8f21-8529136ec7fa
2272,225,a71a776c-8dec-409c-b406-e3f080d0f6b5,9cdcda2f-3a05-4abe-8f21-8529136ec7fa
2273,225,fd5fb26d-9081-40e3-b235-02c8ac5e32ab,9cdcda2f-3a05-4abe-8f21-8529136ec7fa
2274,225,919376b4-ace1-4602-ad97-37459a47638b,9cdcda2f-3a05-4abe-8f21-8529136ec7fa
2275,173,31724707-6513-4b35-bd6f-692ac1187d27,5c13e222-45ec-4a67-9e4a-d91b1f1e60c9
2276,173,7e4940ab-788e-4517-86b2-ffcb90c61bf7,5c13e222-45ec-4a67-9e4a-d91b1f1e60c9
2277,173,c24ff143-6c0d-47b2-846a-2e62a991b31f,5c13e222-45ec-4a67-9e4a-d91b1f1e60c9
2278,173,91e4e002-5fd8-49c8-9b7d-92edac5c7644,5c13e222-45ec-4a67-9e4a-d91b1f1e60c9
2279,173,1f3fc1ba-95d3-4c53-8749-b37e62dec16a,5c13e222-45ec-4a67-9e4a-d91b1f1e60c9
2280,74,960c599c-0397-46c9-9337-c978e4b58967,fcadc606-b3bc-456e-ad45-826bb6eaa875
2281,225,315833db-ad8f-4b65-8000-43a37c3e505b,9cdcda2f-3a05-4abe-8f21-8529136ec7fa
2282,225,b9cada3c-f62d-4fec-aae5-eb13e693e6b9,9cdcda2f-3a05-4abe-8f21-8529136ec7fa
2283,37,8046bf58-6aa3-41b5-aba7-178faf65544d,370d50ba-592a-491a-be9e-7aed4b1edcec
2283,42,8046bf58-6aa3-41b5-aba7-178faf65544d,51fc41ab-afab-40d9-a285-aa863fd2e978
2283,58,8046bf58-6aa3-41b5-aba7-178faf65544d,70349383-d413-4b44-af33-49f3df8ed8f5
2283,74,8046bf58-6aa3-41b5-aba7-178faf65544d,fcadc606-b3bc-456e-ad45-826bb6eaa875
2283,173,8046bf58-6aa3-41b5-aba7-178faf65544d,5c13e222-45ec-4a67-9e4a-d91b1f1e60c9
2284,173,28d370fb-359b-4447-8b78-bf983a2d4aa3,5c13e222-45ec-4a67-9e4a-d91b1f1e60c9
2285,173,9711f2e3-7678-45f1-b985-881142af4856,5c13e222-45ec-4a67-9e4a-d91b1f1e60c9
2286,56,8489862a-42a1-494b-9d8e-f45a07129fdc,05db5d78-31d2-4fb7-ae0e-f3181d897dec
2286,74,8489862a-42a1-494b-9d8e-f45a07129fdc,fcadc606-b3bc-456e-ad45-826bb6eaa875
2286,76,8489862a-42a1-494b-9d8e-f45a07129fdc,aca0ea7d-5edb-4012-b86e-c27ac894c9e9
2286,110,8489862a-42a1-494b-9d8e-f45a07129fdc,0f8bb30d-61bf-4513-b56a-113ea8c3aff8
2286,225,8489862a-42a1-494b-9d8e-f45a07129fdc,9cdcda2f-3a05-4abe-8f21-8529136ec7fa
2287,76,c0329340-0261-4106-a984-3dcb3ca92eaa,aca0ea7d-5edb-4012-b86e-c27ac894c9e9
2288,225,c8c8b160-d9fb-4589-afbf-e2cf69c04638,9cdcda2f-3a05-4abe-8f21-8529136ec7fa
2289,56,7c62dc6e-dd70-414f-8443-920af72bf162,05db5d78-31d2-4fb7-ae0e-f3181d897dec
2289,225,7c62dc6e-dd70-414f-8443-920af72bf162,9cdcda2f-3a05-4abe-8f21-8529136ec7fa
2290,225,f42cd02d-6bfc-4999-8f4c-7917f92ac575,9cdcda2f-3a05-4abe-8f21-8529136ec7fa
2291,67,e7a8cafe-6da5-4345-9d89-79073e2e1fcd,92fb785b-75ee-467b-8ff0-c25cb9c81149
2291,76,e7a8cafe-6da5-4345-9d89-79073e2e1fcd,aca0ea7d-5edb-4012-b86e-c27ac894c9e9
2292,76,e986cf61-1e3d-472c-a7d6-8ea78301a0fe,aca0ea7d-5edb-4012-b86e-c27ac894c9e9
2292,225,e986cf61-1e3d-472c-a7d6-8ea78301a0fe,9cdcda2f-3a05-4abe-8f21-8529136ec7fa
2293,173,3d0d532e-933d-48e1-83ed-38f9d604169c,5c13e222-45ec-4a67-9e4a-d91b1f1e60c9
2294,173,9438aa2b-bd17-4014-a182-22c029a463f6,5c13e222-45ec-4a67-9e4a-d91b1f1e60c9
2295,173,da706b0f-ecea-44f6-9b6e-35ababdc45dc,5c13e222-45ec-4a67-9e4a-d91b1f1e60c9
2296,173,e1203aa6-36e8-424e-9af2-45c798222044,5c13e222-45ec-4a67-9e4a-d91b1f1e60c9
2297,173,67f6a2a2-5e97-4f3f-a300-cc5fa39e2028,5c13e222-45ec-4a67-9e4a-d91b1f1e60c9
2298,173,c3ebe5b9-7fce-411e-b4a7-c0a2418cf6ba,5c13e222-45ec-4a67-9e4a-d91b1f1e60c9
2299,173,15133a67-309a-486b-94ee-a07c8fbb7af2,5c13e222-45ec-4a67-9e4a-d91b1f1e60c9
2300,69,691df56f-8de4-4796-a77a-c163acaf6adf,035eab86-1053-41d2-bb09-048493bf5a8f
2300,76,691df56f-8de4-4796-a77a-c163acaf6adf,aca0ea7d-5edb-4012-b86e-c27ac894c9e9
2300,173,691df56f-8de4-4796-a77a-c163acaf6adf,5c13e222-45ec-4a67-9e4a-d91b1f1e60c9
2301,13,affd3f13-f488-4dd1-a6ec-31e119d85bd2,b55c215f-d96b-4e35-b2f0-242bed184ab2
2301,69,affd3f13-f488-4dd1-a6ec-31e119d85bd2,035eab86-1053-41d2-bb09-048493bf5a8f
2301,173,affd3f13-f488-4dd1-a6ec-31e119d85bd2,5c13e222-45ec-4a67-9e4a-d91b1f1e60c9
2302,173,ff28670d-6f40-4ba8-9aa6-0489b12ae670,5c13e222-45ec-4a67-9e4a-d91b1f1e60c9
2303,225,47d58c1d-9ee6-4890-862e-f650d690bfb3,9cdcda2f-3a05-4abe-8f21-8529136ec7fa
2304,239,05111c10-9fee-4a36-a7e3-db1cd4da9c4d,44516d0f-7394-4053-855c-cd6912710867
2305,74,f6e7c6e9-88aa-456f-a55e-9ff85a54458e,fcadc606-b3bc-456e-ad45-826bb6eaa875
2305,199,f6e7c6e9-88aa-456f-a55e-9ff85a54458e,35b10450-e6fd-41d8-85a3-928f1dbcf1e1
2306,199,1d9c18ef-5d60-4551-bb29-c8a0ffd48e0d,35b10450-e6fd-41d8-85a3-928f1dbcf1e1
2307,22,eac7b672-b553-45d6-9544-28e8c75ecc97,1e2440cc-23da-46e5-9e95-c2d727a04b60
2307,42,eac7b672-b553-45d6-9544-28e8c75ecc97,51fc41ab-afab-40d9-a285-aa863fd2e978
2307,74,eac7b672-b553-45d6-9544-28e8c75ecc97,fcadc606-b3bc-456e-ad45-826bb6eaa875
2308,173,545ae7d0-aa58-44cc-b011-84ee6bfd27dc,5c13e222-45ec-4a67-9e4a-d91b1f1e60c9
2308,993,545ae7d0-aa58-44cc-b011-84ee6bfd27dc,be7df09a-bed7-44db-844a-05dda9dd1a46
2309,173,f5e33517-280d-4fe1-8ca9-a333b2ed5ddf,5c13e222-45ec-4a67-9e4a-d91b1f1e60c9
2310,173,0293c2e5-7c72-4795-8467-10771ecb7eeb,5c13e222-45ec-4a67-9e4a-d91b1f1e60c9
2310,991,0293c2e5-7c72-4795-8467-10771ecb7eeb,c09f6ef6-3d50-471d-8c7e-f4a78c8f398c
2311,173,177d2e3d-7553-4e25-85ed-19af53427337,5c13e222-45ec-4a67-9e4a-d91b1f1e60c9
2312,173,aa778fe2-7e95-4524-8bb4-305d108fc56b,5c13e222-45ec-4a67-9e4a-d91b1f1e60c9
2313,173,d52b5287-a584-4ee7-a98b-841eda5778db,5c13e222-45ec-4a67-9e4a-d91b1f1e60c9
2314,173,8eb3faf2-67ec-4f8f-9980-52450be18008,5c13e222-45ec-4a67-9e4a-d91b1f1e60c9
2315,173,07d344a8-65ee-45f9-b5b6-f191d109fa1e,5c13e222-45ec-4a67-9e4a-d91b1f1e60c9
2316,173,471d9b9b-b17e-4cf1-a648-4ed48979dab6,5c13e222-45ec-4a67-9e4a-d91b1f1e60c9
2317,173,b9dee31b-8db0-4841-965a-c83919f72873,5c13e222-45ec-4a67-9e4a-d91b1f1e60c9
2318,173,7ebe23e0-3e56-4752-a58e-4f103365e2ff,5c13e222-45ec-4a67-9e4a-d91b1f1e60c9
2319,173,3672f423-8f66-440d-9681-c0dfd5bbba8b,5c13e222-45ec-4a67-9e4a-d91b1f1e60c9
2320,173,5df06dce-3026-4ec4-9ddf-defab958f7a5,5c13e222-45ec-4a67-9e4a-d91b1f1e60c9
2322,173,ffbc64c9-60a6-43a9-886d-75686156c0e0,5c13e222-45ec-4a67-9e4a-d91b1f1e60c9
2323,173,4b4c242a-7ed5-4d65-a0d0-0ea528f2a323,5c13e222-45ec-4a67-9e4a-d91b1f1e60c9
2324,173,8f1831b0-010f-48d5-b25d-8d3802726fb7,5c13e222-45ec-4a67-9e4a-d91b1f1e60c9
2325,56,a74cd369-e707-491a-8d30-3598343e0ffa,05db5d78-31d2-4fb7-ae0e-f3181d897dec
2325,173,a74cd369-e707-491a-8d30-3598343e0ffa,5c13e222-45ec-4a67-9e4a-d91b1f1e60c9
2326,173,08a599bb-b6f1-4a1c-a2a2-0846efee7d1d,5c13e222-45ec-4a67-9e4a-d91b1f1e60c9
2327,173,2457bbb5-f78d-4d15-855f-cab267986684,5c13e222-45ec-4a67-9e4a-d91b1f1e60c9
2328,173,0b931ffd-c9b0-4221-8aec-a409faed769c,5c13e222-45ec-4a67-9e4a-d91b1f1e60c9
2329,74,1630093e-d061-4fee-89c1-8a62a0b923d1,fcadc606-b3bc-456e-ad45-826bb6eaa875
2330,173,92eee117-9367-427c-a338-ef4c73dbba1a,5c13e222-45ec-4a67-9e4a-d91b1f1e60c9
2331,173,6153e94b-6366-4ece-9d71-b42a760ee7d3,5c13e222-45ec-4a67-9e4a-d91b1f1e60c9
2332,173,4695a101-d74a-4bdb-9a24-051a15ebccac,5c13e222-45ec-4a67-9e4a-d91b1f1e60c9
2333,173,fc6d5728-7790-40df-a331-db1a1ad94ff8,5c13e222-45ec-4a67-9e4a-d91b1f1e60c9
2334,21,13c10056-2012-4be6-8d36-0b31eb1740bb,ad53cbad-6a77-4499-94a7-c3442c2df2ee
2334,58,13c10056-2012-4be6-8d36-0b31eb1740bb,70349383-d413-4b44-af33-49f3df8ed8f5
2334,100,13c10056-2012-4be6-8d36-0b31eb1740bb,cc0063a2-f29b-47cc-91bf-9cacc4668dd1
2334,130,13c10056-2012-4be6-8d36-0b31eb1740bb,3ac91d17-f0a1-4b85-a83d-efafab0ee78c
2335,110,6619be91-4147-4682-a901-8da173c24eec,0f8bb30d-61bf-4513-b56a-113ea8c3aff8
2336,67,45b60a8b-db77-462f-8e33-ac7f2a7d8150,92fb785b-75ee-467b-8ff0-c25cb9c81149
2337,110,6e350c69-7977-4a1e-a0f1-b1d61df08c66,0f8bb30d-61bf-4513-b56a-113ea8c3aff8
2338,225,50a76a0c-f7e3-4682-b790-7f85aac1dfce,9cdcda2f-3a05-4abe-8f21-8529136ec7fa
2339,76,a2653858-ecaf-4df6-b907-43d940fed6ec,aca0ea7d-5edb-4012-b86e-c27ac894c9e9
2340,110,07a47c83-455b-4b53-aa65-7e437cde45a7,0f8bb30d-61bf-4513-b56a-113ea8c3aff8
2341,225,a8a0ad86-d220-4961-9b0c-3a093284ade6,9cdcda2f-3a05-4abe-8f21-8529136ec7fa
2342,14,05777688-822e-498e-924a-faa2e22131a5,63415897-6d9c-4dc4-a2cf-db77b292f8ef
2342,225,05777688-822e-498e-924a-faa2e22131a5,9cdcda2f-3a05-4abe-8f21-8529136ec7fa
2343,225,79c21246-791c-4d61-8129-feaf179884a1,9cdcda2f-3a05-4abe-8f21-8529136ec7fa
2344,225,2bb7170b-8bc6-4678-82cc-623765cf4d24,9cdcda2f-3a05-4abe-8f21-8529136ec7fa
2345,225,a213bc7a-21dc-4c3b-9137-8ed0963000ba,9cdcda2f-3a05-4abe-8f21-8529136ec7fa
2346,76,7fc73ceb-5c99-41e1-a9ce-c05be13ad198,aca0ea7d-5edb-4012-b86e-c27ac894c9e9
2346,225,7fc73ceb-5c99-41e1-a9ce-c05be13ad198,9cdcda2f-3a05-4abe-8f21-8529136ec7fa
2347,56,2c4266b1-da97-42ea-9665-6e17291e2ccc,05db5d78-31d2-4fb7-ae0e-f3181d897dec
2347,76,2c4266b1-da97-42ea-9665-6e17291e2ccc,aca0ea7d-5edb-4012-b86e-c27ac894c9e9
2347,183,2c4266b1-da97-42ea-9665-6e17291e2ccc,885e91b5-66eb-4e4c-b666-cd15b701f75d
2347,225,2c4266b1-da97-42ea-9665-6e17291e2ccc,9cdcda2f-3a05-4abe-8f21-8529136ec7fa
2348,225,98cd0dab-e938-4cbd-bb09-7e3f34f04c4e,9cdcda2f-3a05-4abe-8f21-8529136ec7fa
2349,74,6f636070-63de-44a9-a88f-66249b694359,fcadc606-b3bc-456e-ad45-826bb6eaa875
2350,56,2367f770-4b2a-4eda-a2dc-9d9b33fd3f5a,05db5d78-31d2-4fb7-ae0e-f3181d897dec
2350,69,2367f770-4b2a-4eda-a2dc-9d9b33fd3f5a,035eab86-1053-41d2-bb09-048493bf5a8f
2350,74,2367f770-4b2a-4eda-a2dc-9d9b33fd3f5a,fcadc606-b3bc-456e-ad45-826bb6eaa875
2351,225,3626a3d2-aa2f-414c-ba66-de13bbde950c,9cdcda2f-3a05-4abe-8f21-8529136ec7fa
2352,225,a2adef55-29b9-417d-908d-6c87cd4472a1,9cdcda2f-3a05-4abe-8f21-8529136ec7fa
2353,225,67a6f1e3-cd54-40d4-ad77-ee11713e2671,9cdcda2f-3a05-4abe-8f21-8529136ec7fa
2354,225,776e829b-b7d8-4746-bf8e-ff0e29545e91,9cdcda2f-3a05-4abe-8f21-8529136ec7fa
2355,165,a2e98c31-e4ef-48a4-84f4-556d25898bd2,666176cb-7d89-4559-959d-ce3cccf68dd7
2355,225,a2e98c31-e4ef-48a4-84f4-556d25898bd2,9cdcda2f-3a05-4abe-8f21-8529136ec7fa
2356,165,1f54efc3-362a-4305-a8ec-5d983f6e941d,666176cb-7d89-4559-959d-ce3cccf68dd7
2356,225,1f54efc3-362a-4305-a8ec-5d983f6e941d,9cdcda2f-3a05-4abe-8f21-8529136ec7fa
2357,165,47fc1c6d-ee35-4400-a7c8-96fdbd9642a3,666176cb-7d89-4559-959d-ce3cccf68dd7
2357,225,47fc1c6d-ee35-4400-a7c8-96fdbd9642a3,9cdcda2f-3a05-4abe-8f21-8529136ec7fa
2358,118,71880a65-2d00-42d0-a754-1f2c5ee1967a,0ae3d636-f592-4f95-bed4-68e6dc1bf8a1
2359,118,a99a89be-3664-4df7-b916-79b113056ee4,0ae3d636-f592-4f95-bed4-68e6dc1bf8a1
2360,110,13292bfc-7958-40e4-bd38-04724cdbb38f,0f8bb30d-61bf-4513-b56a-113ea8c3aff8
2360,118,13292bfc-7958-40e4-bd38-04724cdbb38f,0ae3d636-f592-4f95-bed4-68e6dc1bf8a1
2361,118,5de32651-9cb2-4e93-847c-9acb285b9243,0ae3d636-f592-4f95-bed4-68e6dc1bf8a1
2362,118,5d8651b1-2041-44be-a21a-b6fb4b8ad01f,0ae3d636-f592-4f95-bed4-68e6dc1bf8a1
2363,118,ca1a7387-6454-40db-a89d-9c2bf43dbcb7,0ae3d636-f592-4f95-bed4-68e6dc1bf8a1
2364,118,f52e7695-d363-400a-9db9-2793ff67373a,0ae3d636-f592-4f95-bed4-68e6dc1bf8a1
2365,118,95b7035e-8c3e-44f8-b917-5704db5c8be8,0ae3d636-f592-4f95-bed4-68e6dc1bf8a1
2366,118,fd93a020-c115-419c-9adc-91277951063f,0ae3d636-f592-4f95-bed4-68e6dc1bf8a1
2367,118,32fbfa39-ad6e-491c-be96-026d7145adef,0ae3d636-f592-4f95-bed4-68e6dc1bf8a1
2368,118,c96acf3f-a57c-40be-9e0a-32c562edee7b,0ae3d636-f592-4f95-bed4-68e6dc1bf8a1
2369,118,4b028d88-0a83-4189-8d1d-72050e4cb85a,0ae3d636-f592-4f95-bed4-68e6dc1bf8a1
2370,118,d5178e78-3b2d-4576-8a78-889522154d4a,0ae3d636-f592-4f95-bed4-68e6dc1bf8a1
2371,118,0df2d3da-cd08-40e0-8d1c-c74b2acde945,0ae3d636-f592-4f95-bed4-68e6dc1bf8a1
2372,225,cc0face9-1074-4f11-a07e-e54261e064e6,9cdcda2f-3a05-4abe-8f21-8529136ec7fa
2373,118,5ec907b1-356a-43e5-ba06-9de99c95eb04,0ae3d636-f592-4f95-bed4-68e6dc1bf8a1
2374,118,61ded831-1929-4350-b564-213d8d25c587,0ae3d636-f592-4f95-bed4-68e6dc1bf8a1
2375,118,1c2cafb8-21f0-406d-b025-e6f0466e657a,0ae3d636-f592-4f95-bed4-68e6dc1bf8a1
2378,118,017c5cae-24e1-4988-9403-8b40fb92f8ba,0ae3d636-f592-4f95-bed4-68e6dc1bf8a1
2379,118,cc0c3826-aa45-46b8-9b91-6e77a7e701c1,0ae3d636-f592-4f95-bed4-68e6dc1bf8a1
2380,118,a0ed4ce9-dc72-4aaa-9d0d-13a41247d6e0,0ae3d636-f592-4f95-bed4-68e6dc1bf8a1
2381,118,7fd89aff-5f1e-4157-ac74-8138d28e64b4,0ae3d636-f592-4f95-bed4-68e6dc1bf8a1
2382,118,8689524f-4a8e-40aa-8ed2-2dd647130999,0ae3d636-f592-4f95-bed4-68e6dc1bf8a1
2383,118,d706297c-dd64-4699-af7b-09ea75454dff,0ae3d636-f592-4f95-bed4-68e6dc1bf8a1
2384,118,7909995b-c0fb-4c74-85fa-4971ba14f81f,0ae3d636-f592-4f95-bed4-68e6dc1bf8a1
2385,118,b57a6f34-2821-46a2-a5d8-f042c32305b8,0ae3d636-f592-4f95-bed4-68e6dc1bf8a1
2386,118,1d3b9c4b-6f27-4539-a3f1-4afb3443841c,0ae3d636-f592-4f95-bed4-68e6dc1bf8a1
2387,118,b038cab2-ca1c-4976-8a0d-aa5b12dbb7b8,0ae3d636-f592-4f95-bed4-68e6dc1bf8a1
2388,118,c1048273-7155-4372-94da-49a6c041d0dd,0ae3d636-f592-4f95-bed4-68e6dc1bf8a1
2389,118,14035274-f5aa-4d4b-bef3-05a8a8f59f98,0ae3d636-f592-4f95-bed4-68e6dc1bf8a1
2390,118,641b47aa-d816-4b50-9443-4b7cd83a8580,0ae3d636-f592-4f95-bed4-68e6dc1bf8a1
2391,118,7059f1df-9306-4f8c-8ffb-fcbef68eb4e5,0ae3d636-f592-4f95-bed4-68e6dc1bf8a1
2392,118,73bdbe7b-4b58-4f3f-9393-66c1e2867587,0ae3d636-f592-4f95-bed4-68e6dc1bf8a1
2393,118,b912b7f0-83e3-4e50-a5d8-2b09b79a0b11,0ae3d636-f592-4f95-bed4-68e6dc1bf8a1
2394,11,8d550d50-7493-448b-8f36-b8eda26381f8,42a63d3f-4077-47c6-98ea-3fa601c5488e
2395,30,28233c15-2c50-4cee-bf77-7a801b2acd4b,55c1acfc-2aef-4314-b490-163f7e844333
2396,30,14e95e2b-b830-42d6-ac2a-4e947652e535,55c1acfc-2aef-4314-b490-163f7e844333
2397,74,8d0edae2-f32b-4a65-869c-06ccf97747b9,fcadc606-b3bc-456e-ad45-826bb6eaa875
2397,215,8d0edae2-f32b-4a65-869c-06ccf97747b9,22b52df0-c9cb-4369-a335-96b7a5b93c56
2398,110,641d4634-e55b-4350-acab-84a831712484,0f8bb30d-61bf-4513-b56a-113ea8c3aff8
2399,225,7e84133d-510e-4fdc-a592-0a30f1c16091,9cdcda2f-3a05-4abe-8f21-8529136ec7fa
2400,56,3f82b972-b55c-4f31-a26b-f94b444df3ca,05db5d78-31d2-4fb7-ae0e-f3181d897dec
2401,74,540ef86d-41fa-4cfd-ae80-9c80b660d51f,fcadc606-b3bc-456e-ad45-826bb6eaa875
2402,74,a767ef4e-d04e-42b7-b51a-14675218cb1a,fcadc606-b3bc-456e-ad45-826bb6eaa875
2403,74,e04272c8-b273-4088-86f0-afd29d04fdd1,fcadc606-b3bc-456e-ad45-826bb6eaa875
2404,55,0b877d28-a20f-43bd-9b27-2e73c09563b7,70cb2fa0-b97b-4e80-adf4-5473e61cab6b
2405,225,3f64406b-d323-411f-91e5-62528d4e59fc,9cdcda2f-3a05-4abe-8f21-8529136ec7fa
2406,69,d495d9e3-f89a-40b7-b8f4-bae80694b310,035eab86-1053-41d2-bb09-048493bf5a8f
2406,191,d495d9e3-f89a-40b7-b8f4-bae80694b310,2de6dd51-50e0-4e80-825c-d0aeb80b3a47
2407,47,15c2636a-4349-43eb-bd95-cb338cc39a3b,bce5e705-92ce-432a-a0d6-2ee99faeb42b
2408,47,c263a1ef-5dfb-4667-80da-eaa04a15ac62,bce5e705-92ce-432a-a0d6-2ee99faeb42b
2409,47,987706d8-9061-4934-a58e-8ea13a417255,bce5e705-92ce-432a-a0d6-2ee99faeb42b
2409,93,987706d8-9061-4934-a58e-8ea13a417255,5aec9d0e-3c30-4467-846f-edbaca04007b
2410,47,ea486317-16be-46ef-bbd4-3550b7c08c07,bce5e705-92ce-432a-a0d6-2ee99faeb42b
2410,225,ea486317-16be-46ef-bbd4-3550b7c08c07,9cdcda2f-3a05-4abe-8f21-8529136ec7fa
2411,110,beda66c3-2186-4a26-bd84-36dc24cb4779,0f8bb30d-61bf-4513-b56a-113ea8c3aff8
2412,47,874558fe-67d4-4f14-bb95-b236de7b565e,bce5e705-92ce-432a-a0d6-2ee99faeb42b
2412,225,874558fe-67d4-4f14-bb95-b236de7b565e,9cdcda2f-3a05-4abe-8f21-8529136ec7fa
2413,93,15214a6f-5ff5-4ea3-b298-69c3f1917ecf,5aec9d0e-3c30-4467-846f-edbaca04007b
2414,47,8c71ce85-6b98-4bbe-9ab5-7a44e53fd446,bce5e705-92ce-432a-a0d6-2ee99faeb42b
2415,47,a7adcfb2-ba10-4b55-a8e7-5a8a65767eac,bce5e705-92ce-432a-a0d6-2ee99faeb42b
2415,93,a7adcfb2-ba10-4b55-a8e7-5a8a65767eac,5aec9d0e-3c30-4467-846f-edbaca04007b
2416,21,7ae12f83-228e-4e84-84c0-140f17e9eb8a,ad53cbad-6a77-4499-94a7-c3442c2df2ee
2416,67,7ae12f83-228e-4e84-84c0-140f17e9eb8a,92fb785b-75ee-467b-8ff0-c25cb9c81149
2416,74,7ae12f83-228e-4e84-84c0-140f17e9eb8a,fcadc606-b3bc-456e-ad45-826bb6eaa875
2416,230,7ae12f83-228e-4e84-84c0-140f17e9eb8a,f008b81a-9787-47f4-a275-b6b423e8a74f
2417,76,8d0f8105-fa79-4db3-b01b-d63ef6b0e1c0,aca0ea7d-5edb-4012-b86e-c27ac894c9e9
2418,76,03f364b2-dff9-4ada-86d7-98e068cc9dcb,aca0ea7d-5edb-4012-b86e-c27ac894c9e9
2419,76,2f1f7118-3d08-4920-a473-363efdf3fb8d,aca0ea7d-5edb-4012-b86e-c27ac894c9e9
2420,76,7e48795c-7251-49cc-ba52-56afa2143ee4,aca0ea7d-5edb-4012-b86e-c27ac894c9e9
2421,76,5cec904f-e182-4fb2-bb4d-688cfad95a4d,aca0ea7d-5edb-4012-b86e-c27ac894c9e9
2422,76,c0dd8f33-56d8-4d35-a360-1bd23271d396,aca0ea7d-5edb-4012-b86e-c27ac894c9e9
2423,76,5ff2afcc-5f42-4bbe-9139-dca29b182cac,aca0ea7d-5edb-4012-b86e-c27ac894c9e9
2424,76,f1ecedb8-1c7c-49dd-bd5a-998a42f6f88f,aca0ea7d-5edb-4012-b86e-c27ac894c9e9
2425,76,5587ca2b-f27f-4b61-b724-dde9014d7bd8,aca0ea7d-5edb-4012-b86e-c27ac894c9e9
2426,76,cf22e192-c45f-4b55-8836-5e82192942f0,aca0ea7d-5edb-4012-b86e-c27ac894c9e9
2427,76,3f35272c-d66b-4eb6-982c-41d76655595e,aca0ea7d-5edb-4012-b86e-c27ac894c9e9
2428,76,8bf22d85-050a-498f-a6f1-d9b8e1f794a9,aca0ea7d-5edb-4012-b86e-c27ac894c9e9
2429,76,a675e908-592d-418b-a5b5-17cb20dcafcc,aca0ea7d-5edb-4012-b86e-c27ac894c9e9
2430,993,fcb029d9-3750-4804-b24c-fe2e392099d9,be7df09a-bed7-44db-844a-05dda9dd1a46
2431,993,0f8a3801-1fd7-443c-b6f2-9452cdd722ab,be7df09a-bed7-44db-844a-05dda9dd1a46
2432,993,da6de56e-3ee6-49bf-8efb-042f2c4999b2,be7df09a-bed7-44db-844a-05dda9dd1a46
2433,55,129488f4-4476-4ab6-8b7f-839a9c51fe9e,70cb2fa0-b97b-4e80-adf4-5473e61cab6b
2434,993,68ede2fd-c610-4a97-8f16-6cd968cabf7c,be7df09a-bed7-44db-844a-05dda9dd1a46
2435,993,3514810e-2b90-432e-b5d1-b09f46d60a5b,be7df09a-bed7-44db-844a-05dda9dd1a46
2436,55,3bd95853-23de-42f3-a8e1-41ee8043d275,70cb2fa0-b97b-4e80-adf4-5473e61cab6b
2437,55,4f4da5b7-3b8f-4473-9b90-064766d857a7,70cb2fa0-b97b-4e80-adf4-5473e61cab6b
2437,196,4f4da5b7-3b8f-4473-9b90-064766d857a7,940b3f91-84fe-493e-a32b-97fe98b59535
2438,55,153e77d7-3a9a-4654-89bc-8eb0a4d88db5,70cb2fa0-b97b-4e80-adf4-5473e61cab6b
2440,993,10fe0979-12ea-4ffe-97a0-7e4ea7fc6384,be7df09a-bed7-44db-844a-05dda9dd1a46
2441,55,5b240959-00bb-454f-ac91-ac946180c598,70cb2fa0-b97b-4e80-adf4-5473e61cab6b
2442,993,4f54da97-27a2-4dc8-ba52-f9da6ca6072f,be7df09a-bed7-44db-844a-05dda9dd1a46
2443,74,61c951cf-f815-4e42-bc8a-0ddd1f0cc3aa,fcadc606-b3bc-456e-ad45-826bb6eaa875
2443,107,61c951cf-f815-4e42-bc8a-0ddd1f0cc3aa,d5b59247-e12c-4bb2-ae69-5a3569942ff1
2443,993,61c951cf-f815-4e42-bc8a-0ddd1f0cc3aa,be7df09a-bed7-44db-844a-05dda9dd1a46
2443,995,61c951cf-f815-4e42-bc8a-0ddd1f0cc3aa,4c8bf90e-d1b8-4c9a-9882-fc85aee7fb51
3430,996,afc083dc-3c74-4746-8d36-dbf4c56f3c1e,4de9d058-62bb-4727-b2a3-ef64bed4edf9
3431,56,c34ee6a0-42cb-4318-9860-8afe88c41c9c,05db5d78-31d2-4fb7-ae0e-f3181d897dec
3432,56,2620fd9b-cd61-4ee9-860d-9f0601769f6a,05db5d78-31d2-4fb7-ae0e-f3181d897dec
3433,56,3fc1f4b1-36fd-4146-a567-30f753e51cda,05db5d78-31d2-4fb7-ae0e-f3181d897dec
3434,56,1038d5a0-40d5-45f6-9eeb-d59f1f1ddf1b,05db5d78-31d2-4fb7-ae0e-f3181d897dec
3435,56,24e4b6fe-2188-43be-8422-daf1f5eba4df,05db5d78-31d2-4fb7-ae0e-f3181d897dec
3436,995,3d6898f8-a2cf-48a0-ba67-ec4d82fae821,4c8bf90e-d1b8-4c9a-9882-fc85aee7fb51
3437,56,0393155b-36b2-4de2-a954-cd277ed6e770,05db5d78-31d2-4fb7-ae0e-f3181d897dec
3438,56,81aff878-f65e-4a1c-bf20-d3b38e0c3d72,05db5d78-31d2-4fb7-ae0e-f3181d897dec
3439,995,3aaf434a-5918-402b-9166-fddc1e26847f,4c8bf90e-d1b8-4c9a-9882-fc85aee7fb51
3440,56,f44df6fc-e08b-403c-9ffc-4b624cc3f59e,05db5d78-31d2-4fb7-ae0e-f3181d897dec
3441,996,b44487e0-cbe8-426f-a6bd-10bbedf07974,4de9d058-62bb-4727-b2a3-ef64bed4edf9
3442,56,c620bdd4-44c5-466a-add0-d93fdccb3fad,05db5d78-31d2-4fb7-ae0e-f3181d897dec
3443,56,ef79a0c8-fde0-4035-9646-9bf91be36ae0,05db5d78-31d2-4fb7-ae0e-f3181d897dec
3444,56,7c6e8856-fc5b-4ab1-8b10-41b651171bc4,05db5d78-31d2-4fb7-ae0e-f3181d897dec
3445,56,b36fc2c1-86bc-4bfb-8eaa-a2f9cdf05568,05db5d78-31d2-4fb7-ae0e-f3181d897dec
3446,56,43c892be-0288-439f-a3e3-e4d4122e4896,05db5d78-31d2-4fb7-ae0e-f3181d897dec
3447,56,28f7ad82-21f1-4528-8c1f-7f46e5a616dc,05db5d78-31d2-4fb7-ae0e-f3181d897dec
3448,56,6e9f3c0a-4140-4a96-8a25-fd0a93ed7d99,05db5d78-31d2-4fb7-ae0e-f3181d897dec
3449,995,0be8dc20-797f-46fb-96ea-916d8f1fda6e,4c8bf90e-d1b8-4c9a-9882-fc85aee7fb51
3450,995,15106485-629a-46fd-9805-381285a95cf8,4c8bf90e-d1b8-4c9a-9882-fc85aee7fb51
3451,995,0452bfbf-38ee-4fc2-8fa4-44fa56ebf85c,4c8bf90e-d1b8-4c9a-9882-fc85aee7fb51
3452,56,a3da19a6-adb9-40c4-850b-8dd038d9c52a,05db5d78-31d2-4fb7-ae0e-f3181d897dec
3453,56,de0c4d66-d7fe-46da-842d-c3bf0680ceaf,05db5d78-31d2-4fb7-ae0e-f3181d897dec
3454,13,d92cbacb-950f-494f-9f35-807ddc2c759d,b55c215f-d96b-4e35-b2f0-242bed184ab2
3455,56,7241f798-d342-4a40-9641-48196936b4b7,05db5d78-31d2-4fb7-ae0e-f3181d897dec
3456,56,63793d86-659b-4709-b138-e7f5fee8a31e,05db5d78-31d2-4fb7-ae0e-f3181d897dec
3457,107,8fecd306-6d6d-45f1-a62c-1f70389d7bbb,d5b59247-e12c-4bb2-ae69-5a3569942ff1
3457,995,8fecd306-6d6d-45f1-a62c-1f70389d7bbb,4c8bf90e-d1b8-4c9a-9882-fc85aee7fb51
3458,76,d779decf-705c-4354-aee1-ee4777cabb4a,aca0ea7d-5edb-4012-b86e-c27ac894c9e9
3459,74,1337d0bc-67b5-415e-aafa-b4e903bcbd99,fcadc606-b3bc-456e-ad45-826bb6eaa875
3459,76,1337d0bc-67b5-415e-aafa-b4e903bcbd99,aca0ea7d-5edb-4012-b86e-c27ac894c9e9
3460,76,39834572-30e2-47b2-91c4-e764842de447,aca0ea7d-5edb-4012-b86e-c27ac894c9e9
3461,76,c57e946f-1617-49b2-a47f-cc738636f165,aca0ea7d-5edb-4012-b86e-c27ac894c9e9
3462,173,5fd8bbea-bec9-4a99-9a6c-ec1c981b2429,5c13e222-45ec-4a67-9e4a-d91b1f1e60c9
3463,76,64abf235-1962-46d1-ab86-ca534aefe48e,aca0ea7d-5edb-4012-b86e-c27ac894c9e9
3464,56,64387b1a-e157-46c0-9b47-1ff2f7a6afda,05db5d78-31d2-4fb7-ae0e-f3181d897dec
3465,56,6ac49455-b853-4277-93e9-28ef85150da9,05db5d78-31d2-4fb7-ae0e-f3181d897dec
3466,56,7cb68617-27ad-4249-adb8-aa5ba5c36ffe,05db5d78-31d2-4fb7-ae0e-f3181d897dec
3467,56,4f281bf7-90e7-476b-ba41-0e44c8ab3dba,05db5d78-31d2-4fb7-ae0e-f3181d897dec
3468,76,371bae77-2ccc-4c0c-9064-075d42a19a63,aca0ea7d-5edb-4012-b86e-c27ac894c9e9
3469,56,f4e53d6b-54b1-49e6-853a-ad37f2016f07,05db5d78-31d2-4fb7-ae0e-f3181d897dec
3470,995,f201c585-143f-471c-bf36-2da10898689b,4c8bf90e-d1b8-4c9a-9882-fc85aee7fb51
3471,76,78201f46-b692-4bb5-a33c-78e7465ff9eb,aca0ea7d-5edb-4012-b86e-c27ac894c9e9
3472,110,0a113399-08dc-478e-b4f5-5c0408850e04,0f8bb30d-61bf-4513-b56a-113ea8c3aff8
3473,76,8dbee5e0-184c-49e9-b0a0-a9469833dddc,aca0ea7d-5edb-4012-b86e-c27ac894c9e9
3474,76,0edbb185-3d12-437a-8d65-bf2b4e6363d2,aca0ea7d-5edb-4012-b86e-c27ac894c9e9
3475,76,6160f04f-9ed7-4e08-aeae-fbf4131d2c3a,aca0ea7d-5edb-4012-b86e-c27ac894c9e9
3476,76,ba88db28-628d-411f-9531-0fe700782c37,aca0ea7d-5edb-4012-b86e-c27ac894c9e9
3477,76,d2485bde-42ce-48f6-bb65-a10fc90a3390,aca0ea7d-5edb-4012-b86e-c27ac894c9e9
3478,76,c7e9a867-cdfc-4c64-b642-d1588ea1d3d3,aca0ea7d-5edb-4012-b86e-c27ac894c9e9
3479,76,d0881583-86e1-4ff5-b593-3ad01b56e948,aca0ea7d-5edb-4012-b86e-c27ac894c9e9
3480,76,c9954213-ab64-40ec-9434-c0289ac158ec,aca0ea7d-5edb-4012-b86e-c27ac894c9e9
3481,76,7b83eacc-54da-402c-b49d-08d26d676a82,aca0ea7d-5edb-4012-b86e-c27ac894c9e9
3482,76,51c409c7-6771-4990-80cd-9c6a5cc5b921,aca0ea7d-5edb-4012-b86e-c27ac894c9e9
3482,173,51c409c7-6771-4990-80cd-9c6a5cc5b921,5c13e222-45ec-4a67-9e4a-d91b1f1e60c9
3483,76,36c9ec75-bb6d-43c8-957c-e16b8a99b7c4,aca0ea7d-5edb-4012-b86e-c27ac894c9e9
3484,76,f3c288b7-238a-4840-b851-0623256f18fb,aca0ea7d-5edb-4012-b86e-c27ac894c9e9
3485,47,d05500ed-8112-4d96-a154-3061337f229b,bce5e705-92ce-432a-a0d6-2ee99faeb42b
3486,74,31715d39-7ebf-48e7-a5b5-0ddd318a5fff,fcadc606-b3bc-456e-ad45-826bb6eaa875
3487,47,33514eeb-6b3e-49cf-a290-f972f28d9899,bce5e705-92ce-432a-a0d6-2ee99faeb42b
3488,47,849446a1-f7b8-4637-a660-40582071675d,bce5e705-92ce-432a-a0d6-2ee99faeb42b
3489,47,7688dda5-69cf-49c5-b105-282946c86465,bce5e705-92ce-432a-a0d6-2ee99faeb42b
3490,47,ff339f1e-2741-4629-acee-3d42c1bf4bc6,bce5e705-92ce-432a-a0d6-2ee99faeb42b
3491,47,7108ec94-fb95-4aaa-8638-ff1e5269e8cf,bce5e705-92ce-432a-a0d6-2ee99faeb42b
3492,47,db95a76b-d80f-407e-bdc3-2c6b8b1dba5a,bce5e705-92ce-432a-a0d6-2ee99faeb42b
3493,47,1743ac88-5148-4bf0-adc0-57d98aaed057,bce5e705-92ce-432a-a0d6-2ee99faeb42b
3494,47,6ebd76fc-0606-42aa-996d-94f8062de714,bce5e705-92ce-432a-a0d6-2ee99faeb42b
3495,47,e4d5bda3-db4a-41d8-9eb0-6124259f88c5,bce5e705-92ce-432a-a0d6-2ee99faeb42b
3496,47,a3e797ff-6608-402b-9265-c18a27a97645,bce5e705-92ce-432a-a0d6-2ee99faeb42b
3497,47,09aa803c-61e9-40af-a398-f3146bb8b471,bce5e705-92ce-432a-a0d6-2ee99faeb42b
3497,225,09aa803c-61e9-40af-a398-f3146bb8b471,9cdcda2f-3a05-4abe-8f21-8529136ec7fa
3498,47,3a0ffdaf-2e5a-4554-9aa3-75a4320e5f31,bce5e705-92ce-432a-a0d6-2ee99faeb42b
3499,37,e4bcd8c4-0d6e-4b2c-9976-0383b5d53157,370d50ba-592a-491a-be9e-7aed4b1edcec
3500,47,6cdcd8af-7592-4dc5-97f5-7244d7d28eef,bce5e705-92ce-432a-a0d6-2ee99faeb42b
3501,47,f7321790-f524-48af-a1cd-5dc7fed5b27f,bce5e705-92ce-432a-a0d6-2ee99faeb42b
3502,47,783dd51d-3829-4e8b-a6c8-6f4d233e7374,bce5e705-92ce-432a-a0d6-2ee99faeb42b
3503,110,ceab299a-a8f1-4b62-9a43-52d0d2677d5b,0f8bb30d-61bf-4513-b56a-113ea8c3aff8
3504,110,983e4bc3-ad5a-497a-8b10-d070cd0539a1,0f8bb30d-61bf-4513-b56a-113ea8c3aff8
3505,110,6948be7d-16fa-46a8-9008-ba482eb231dc,0f8bb30d-61bf-4513-b56a-113ea8c3aff8
3505,225,6948be7d-16fa-46a8-9008-ba482eb231dc,9cdcda2f-3a05-4abe-8f21-8529136ec7fa
3506,110,50604c13-721b-4304-90f2-f5ed26c0d8a9,0f8bb30d-61bf-4513-b56a-113ea8c3aff8
3507,110,3c9fec8b-f853-417f-89b1-d4a05b978bfd,0f8bb30d-61bf-4513-b56a-113ea8c3aff8
3508,110,4576f6e8-a699-42af-b786-ddb145580002,0f8bb30d-61bf-4513-b56a-113ea8c3aff8
3509,110,d4eae01a-eb38-4961-a1bf-5e15573d7c4e,0f8bb30d-61bf-4513-b56a-113ea8c3aff8
3510,110,5648b914-14b8-4b80-9b1e-652fa310c732,0f8bb30d-61bf-4513-b56a-113ea8c3aff8
3511,110,e025fb4e-eadf-4a02-b558-fa9937b5ed19,0f8bb30d-61bf-4513-b56a-113ea8c3aff8
3512,76,8d10d59f-9b27-4213-b807-7f0ba99c177a,aca0ea7d-5edb-4012-b86e-c27ac894c9e9
3512,160,8d10d59f-9b27-4213-b807-7f0ba99c177a,82d5bcea-2d26-46e5-9d77-5c269d4dc0f3
3512,171,8d10d59f-9b27-4213-b807-7f0ba99c177a,2a3cc59e-2888-421d-bb8f-f72c3ba7975f
3513,76,9a61055b-8a36-46b6-bb25-7a7bb8e19485,aca0ea7d-5edb-4012-b86e-c27ac894c9e9
3513,98,9a61055b-8a36-46b6-bb25-7a7bb8e19485,1e17f8a9-3e40-4f93-9af1-4b052b3fa800
3514,37,cf04ab61-4df3-4b53-b215-76799f5af627,370d50ba-592a-491a-be9e-7aed4b1edcec
3514,225,cf04ab61-4df3-4b53-b215-76799f5af627,9cdcda2f-3a05-4abe-8f21-8529136ec7fa
3515,76,6bc12835-9463-4c8c-8eb8-4c9fd673596a,aca0ea7d-5edb-4012-b86e-c27ac894c9e9
3516,74,bcb963e8-5d94-4bf2-bb37-b1d16e3ea34b,fcadc606-b3bc-456e-ad45-826bb6eaa875
3517,191,c83d17e1-776d-4054-9644-9f7a2f42a73f,2de6dd51-50e0-4e80-825c-d0aeb80b3a47
3519,161,0a38ca63-7835-4f3d-bb90-cfa6c4e9c1fb,cb4838c4-6ff1-432f-93f3-985c8eeb8f1b
3520,58,3362e4d2-ab80-4d74-a86b-e142a23b87d4,70349383-d413-4b44-af33-49f3df8ed8f5
3521,161,751cad49-111f-4b33-b2c4-859414bbf50f,cb4838c4-6ff1-432f-93f3-985c8eeb8f1b
3522,161,4f6194bc-c962-4e67-a20a-9d1014f62eb0,cb4838c4-6ff1-432f-93f3-985c8eeb8f1b
3523,161,1c8aea4e-4412-4f47-aa74-13a34cde7c08,cb4838c4-6ff1-432f-93f3-985c8eeb8f1b
3523,191,1c8aea4e-4412-4f47-aa74-13a34cde7c08,2de6dd51-50e0-4e80-825c-d0aeb80b3a47
3524,58,02a5c628-796c-4839-9ba8-7d651f1ab1ff,70349383-d413-4b44-af33-49f3df8ed8f5
3525,58,8da01796-cac8-4b38-a47d-c8c64e4286a8,70349383-d413-4b44-af33-49f3df8ed8f5
3526,58,faa8d828-dc91-4810-914e-8e576df2d276,70349383-d413-4b44-af33-49f3df8ed8f5
3527,56,6b7d8687-fa03-4bf3-87ff-6538946d1a82,05db5d78-31d2-4fb7-ae0e-f3181d897dec
3527,191,6b7d8687-fa03-4bf3-87ff-6538946d1a82,2de6dd51-50e0-4e80-825c-d0aeb80b3a47
3528,225,1d77ce2d-7682-44b3-ba42-230401602450,9cdcda2f-3a05-4abe-8f21-8529136ec7fa
3529,991,ad658106-15a9-4cf9-b9f4-61221479e515,c09f6ef6-3d50-471d-8c7e-f4a78c8f398c
3530,991,f556fd0a-bfa4-47c2-a699-18aa310060d6,c09f6ef6-3d50-471d-8c7e-f4a78c8f398c
3531,991,71a6148e-85f8-4919-a95f-cdc3d80d2b13,c09f6ef6-3d50-471d-8c7e-f4a78c8f398c
3532,991,97b05295-17b3-4867-93c3-37a4ba13f6d1,c09f6ef6-3d50-471d-8c7e-f4a78c8f398c
3533,211,7e402288-8ff2-49f5-9bdf-0e04ad575702,0ce3377e-6a64-45c4-9611-31facefabc25
3533,991,7e402288-8ff2-49f5-9bdf-0e04ad575702,c09f6ef6-3d50-471d-8c7e-f4a78c8f398c
3534,991,7169a44e-fd6b-49ee-9f50-157e6ff4fe0c,c09f6ef6-3d50-471d-8c7e-f4a78c8f398c
3535,991,c9fe6512-19b6-4f31-83e3-ae0ddca8c451,c09f6ef6-3d50-471d-8c7e-f4a78c8f398c
3536,991,880eb27b-85e1-48c7-b730-67d9524f6f2c,c09f6ef6-3d50-471d-8c7e-f4a78c8f398c
3537,992,c18d4470-2d9d-45fd-97b1-51b5eaf7d321,f5045ddb-28f5-4810-b5b2-c013e56c96a3
3538,991,019be9f7-1bdf-4996-aaaa-eddc1f5dd977,c09f6ef6-3d50-471d-8c7e-f4a78c8f398c
3539,63,7cc61ef7-ba3b-478f-b1f7-2589a1aac331,ee53e9fa-4c4b-4186-bfb0-f23a33612fa4
3539,991,7cc61ef7-ba3b-478f-b1f7-2589a1aac331,c09f6ef6-3d50-471d-8c7e-f4a78c8f398c
3540,991,5e150a0c-d44d-46f2-b0ad-af0202826160,c09f6ef6-3d50-471d-8c7e-f4a78c8f398c
3541,991,2aaa160e-056a-4cf8-82c3-80694ead198b,c09f6ef6-3d50-471d-8c7e-f4a78c8f398c
3542,991,8b3b9315-bd57-4e74-9b42-46320a535bbc,c09f6ef6-3d50-471d-8c7e-f4a78c8f398c
3543,993,1bbfda9e-92bf-4453-b6ef-34e688d80c42,be7df09a-bed7-44db-844a-05dda9dd1a46
3544,55,f0c1e888-3cb2-4c4a-b921-4a5c24c92591,70cb2fa0-b97b-4e80-adf4-5473e61cab6b
3545,55,2eb43594-cf60-45e6-8904-18d864637899,70cb2fa0-b97b-4e80-adf4-5473e61cab6b
3546,110,a1475208-7d48-49dd-af2f-0eea05224d1b,0f8bb30d-61bf-4513-b56a-113ea8c3aff8
3547,42,81b1de25-b0e9-46f2-9da8-670b96439516,51fc41ab-afab-40d9-a285-aa863fd2e978
3547,74,81b1de25-b0e9-46f2-9da8-670b96439516,fcadc606-b3bc-456e-ad45-826bb6eaa875
3547,76,81b1de25-b0e9-46f2-9da8-670b96439516,aca0ea7d-5edb-4012-b86e-c27ac894c9e9
3547,98,81b1de25-b0e9-46f2-9da8-670b96439516,1e17f8a9-3e40-4f93-9af1-4b052b3fa800
3547,995,81b1de25-b0e9-46f2-9da8-670b96439516,4c8bf90e-d1b8-4c9a-9882-fc85aee7fb51
3548,225,d2fa7f0e-08ce-4ecd-ac17-de646cb85a44,9cdcda2f-3a05-4abe-8f21-8529136ec7fa
3549,225,35178ee7-c5e7-4355-a38b-a9a700012c5e,9cdcda2f-3a05-4abe-8f21-8529136ec7fa
3550,47,f487629c-b23c-476c-8341-e61b2911282b,bce5e705-92ce-432a-a0d6-2ee99faeb42b
3550,93,f487629c-b23c-476c-8341-e61b2911282b,5aec9d0e-3c30-4467-846f-edbaca04007b
3551,225,1d364402-4fc8-4252-9058-c8026ae6fb87,9cdcda2f-3a05-4abe-8f21-8529136ec7fa
3552,56,739e2db2-a399-4bf4-acc1-7975991b3d1a,05db5d78-31d2-4fb7-ae0e-f3181d897dec
3552,110,739e2db2-a399-4bf4-acc1-7975991b3d1a,0f8bb30d-61bf-4513-b56a-113ea8c3aff8
3552,225,739e2db2-a399-4bf4-acc1-7975991b3d1a,9cdcda2f-3a05-4abe-8f21-8529136ec7fa
3553,225,29242464-fb58-418c-811e-fce85c252c9f,9cdcda2f-3a05-4abe-8f21-8529136ec7fa
3554,37,80fdad19-4c7e-4e47-be24-4f5b4ffb13fa,370d50ba-592a-491a-be9e-7aed4b1edcec
3555,67,b74a7241-fdd4-4dc0-8fd3-aa40aea3a0ed,92fb785b-75ee-467b-8ff0-c25cb9c81149
3555,107,b74a7241-fdd4-4dc0-8fd3-aa40aea3a0ed,d5b59247-e12c-4bb2-ae69-5a3569942ff1
3556,56,ae89804c-fa51-4978-aa46-23eb8cc0b9b5,05db5d78-31d2-4fb7-ae0e-f3181d897dec
3557,225,368e7b1d-1441-4622-afe8-b55d828e3da6,9cdcda2f-3a05-4abe-8f21-8529136ec7fa
3558,225,8a40fefe-030e-4551-9516-710dd36f4d86,9cdcda2f-3a05-4abe-8f21-8529136ec7fa
3559,996,73432e58-fe49-4da2-a3c5-a8733ade6724,4de9d058-62bb-4727-b2a3-ef64bed4edf9
3560,110,b072a791-a945-4f85-88af-684f2efdd0f5,0f8bb30d-61bf-4513-b56a-113ea8c3aff8
3561,56,acc2355d-a546-4c44-84c0-3805be9c1819,05db5d78-31d2-4fb7-ae0e-f3181d897dec
3561,76,acc2355d-a546-4c44-84c0-3805be9c1819,aca0ea7d-5edb-4012-b86e-c27ac894c9e9
3561,225,acc2355d-a546-4c44-84c0-3805be9c1819,9cdcda2f-3a05-4abe-8f21-8529136ec7fa
3562,225,f88801f1-940d-4c35-8d7e-1eb608e609eb,9cdcda2f-3a05-4abe-8f21-8529136ec7fa
3564,107,ae91a7c1-abfb-4ede-bb15-60a016072a8c,d5b59247-e12c-4bb2-ae69-5a3569942ff1
3565,76,40d375a9-8aa8-4342-8819-67d39f1996d4,aca0ea7d-5edb-4012-b86e-c27ac894c9e9
3566,222,ac90619b-afa9-42d4-8d19-f8113bff1cca,bfcd729e-fa75-4887-bbe3-34e59d05af64
3566,991,ac90619b-afa9-42d4-8d19-f8113bff1cca,c09f6ef6-3d50-471d-8c7e-f4a78c8f398c
3567,107,eb815059-ad13-4f76-866a-934d4af05859,d5b59247-e12c-4bb2-ae69-5a3569942ff1
3568,14,ea413bd8-9ca9-47f8-811f-74606d951bd4,63415897-6d9c-4dc4-a2cf-db77b292f8ef
3569,76,4033327e-232e-4024-aa82-056e77e756e8,aca0ea7d-5edb-4012-b86e-c27ac894c9e9
3570,55,712b3f51-8ff4-41c9-bd34-8f5be2734bbb,70cb2fa0-b97b-4e80-adf4-5473e61cab6b
3571,110,29e494b7-6506-48c5-b823-f31ca11130d2,0f8bb30d-61bf-4513-b56a-113ea8c3aff8
3572,110,339953dc-78fc-4566-80d1-176540bb4c1c,0f8bb30d-61bf-4513-b56a-113ea8c3aff8
3573,225,d66a9e81-4bca-447d-9bef-453413b4b556,9cdcda2f-3a05-4abe-8f21-8529136ec7fa
3574,225,9106a2dd-556e-4448-bc63-06ef9e7c0aaa,9cdcda2f-3a05-4abe-8f21-8529136ec7fa
3575,225,05569b71-de9f-4602-a0d1-15817b7cce79,9cdcda2f-3a05-4abe-8f21-8529136ec7fa
3576,74,38b556f7-5c71-43cb-9ce9-c0bf5a18deda,fcadc606-b3bc-456e-ad45-826bb6eaa875
3577,67,bdd505a1-096e-44a3-a74e-3422e1e03dde,92fb785b-75ee-467b-8ff0-c25cb9c81149
3577,107,bdd505a1-096e-44a3-a74e-3422e1e03dde,d5b59247-e12c-4bb2-ae69-5a3569942ff1
3578,160,bc27b448-8187-427d-96f7-317d055ae9e0,82d5bcea-2d26-46e5-9d77-5c269d4dc0f3
3579,996,42f4dfc6-ad33-4533-9f0a-fdfef1a7680c,4de9d058-62bb-4727-b2a3-ef64bed4edf9
3580,996,740a2354-ebba-40db-874c-bb14a02a222b,4de9d058-62bb-4727-b2a3-ef64bed4edf9
3581,110,6b1dcee4-a289-4492-9700-7e8980ffd9b7,0f8bb30d-61bf-4513-b56a-113ea8c3aff8
3582,107,bc44b782-1cb6-4c3d-983f-2fbc9c3dc634,d5b59247-e12c-4bb2-ae69-5a3569942ff1
3583,56,47fe3428-09b0-4f0e-925e-bfa90a1063ef,05db5d78-31d2-4fb7-ae0e-f3181d897dec
3584,996,c7666a5b-d6c3-424d-89ce-ba75c10f286c,4de9d058-62bb-4727-b2a3-ef64bed4edf9
3585,996,e1ce1a11-2de0-4dab-9254-6d4fa2d13fa6,4de9d058-62bb-4727-b2a3-ef64bed4edf9
3587,996,daf147a9-0c1e-4288-8b49-2b928caac336,4de9d058-62bb-4727-b2a3-ef64bed4edf9
3588,996,be2d23a4-d041-4c56-b7b2-d6b146d43584,4de9d058-62bb-4727-b2a3-ef64bed4edf9
3589,996,50612781-a5f8-4920-af90-c1e1fb532a84,4de9d058-62bb-4727-b2a3-ef64bed4edf9
3590,996,7d320054-05cb-4f1e-818a-95ceba2e5d2f,4de9d058-62bb-4727-b2a3-ef64bed4edf9
3591,996,611820a9-c7bd-4cfc-9999-9f7e6965f23f,4de9d058-62bb-4727-b2a3-ef64bed4edf9
3592,996,c5bc424f-1659-4d31-9c1e-6a2d86fc7399,4de9d058-62bb-4727-b2a3-ef64bed4edf9
3593,996,66bf0c0b-3167-4be2-87de-bc5c9a53d58e,4de9d058-62bb-4727-b2a3-ef64bed4edf9
3594,225,eca4a650-e624-4397-bfa7-ab1a5793bf4c,9cdcda2f-3a05-4abe-8f21-8529136ec7fa
3595,56,9e84c592-646c-4924-b759-76e4468978e9,05db5d78-31d2-4fb7-ae0e-f3181d897dec
3596,56,47fa0a0b-66a9-4fb4-80cb-d2ae6280ba9e,05db5d78-31d2-4fb7-ae0e-f3181d897dec
3597,56,3863b628-194b-42cd-a089-639068799575,05db5d78-31d2-4fb7-ae0e-f3181d897dec
3598,996,b0f65038-55d1-47c9-9c02-3e69516e8038,4de9d058-62bb-4727-b2a3-ef64bed4edf9
3599,996,e723ed7c-13eb-418f-b712-c2860b43fbf8,4de9d058-62bb-4727-b2a3-ef64bed4edf9
3600,996,5fa67dad-19c6-4e82-b359-d727fc453292,4de9d058-62bb-4727-b2a3-ef64bed4edf9
3601,996,26d01b41-1640-45aa-98b3-d0bd1eb27329,4de9d058-62bb-4727-b2a3-ef64bed4edf9
3602,996,f908ebf0-aa09-4628-a00d-49e27ac8ccca,4de9d058-62bb-4727-b2a3-ef64bed4edf9
3603,996,ea349ec1-baaa-4c53-a18d-dd566b315875,4de9d058-62bb-4727-b2a3-ef64bed4edf9
3604,996,871c88b0-62d0-45b7-8129-157c83194725,4de9d058-62bb-4727-b2a3-ef64bed4edf9
3605,996,249fa852-4b1b-470a-9c65-3a87f90360d5,4de9d058-62bb-4727-b2a3-ef64bed4edf9
3606,993,0e24f24b-c47b-435b-ad3f-bf0224859992,be7df09a-bed7-44db-844a-05dda9dd1a46
3607,996,a23c0ebe-4556-4b3f-a699-52573adf17fd,4de9d058-62bb-4727-b2a3-ef64bed4edf9
3608,996,2cc96a8b-61ab-49da-8621-d208a21f6fda,4de9d058-62bb-4727-b2a3-ef64bed4edf9
3609,996,3def9335-c1b7-4d67-a5fe-20dfaab822e1,4de9d058-62bb-4727-b2a3-ef64bed4edf9
3610,56,ccd3e2d4-6113-4678-a968-f9b5eb2bec1e,05db5d78-31d2-4fb7-ae0e-f3181d897dec
3611,996,7bcb497d-cb3a-4f3f-9885-596a8e0de36c,4de9d058-62bb-4727-b2a3-ef64bed4edf9
3612,996,f51fc1ba-9cea-4f85-bca6-64eef2f0ccee,4de9d058-62bb-4727-b2a3-ef64bed4edf9
3613,996,2a9f49ec-0b6c-43df-a30d-0a8feba04d05,4de9d058-62bb-4727-b2a3-ef64bed4edf9
3614,996,61d26d8f-ba45-487d-b327-368e450ef8ce,4de9d058-62bb-4727-b2a3-ef64bed4edf9
3615,56,0bb47f8e-ffeb-4eb1-afb3-8b9be237a9a3,05db5d78-31d2-4fb7-ae0e-f3181d897dec
3616,995,a5ec9f93-6ea1-44b9-9239-2abce632311b,4c8bf90e-d1b8-4c9a-9882-fc85aee7fb51
3618,996,d033a126-38fa-4279-8ab8-57b26689bb1b,4de9d058-62bb-4727-b2a3-ef64bed4edf9
3619,227,fdb1ddb3-5a30-4967-9a10-e17b284fdc68,36430361-9436-401a-aa04-f2053967dc42
3619,991,fdb1ddb3-5a30-4967-9a10-e17b284fdc68,c09f6ef6-3d50-471d-8c7e-f4a78c8f398c
3620,996,1e7662f9-0dfa-4748-b4d3-8d4fd58aaade,4de9d058-62bb-4727-b2a3-ef64bed4edf9
3621,996,82e03815-84dc-494a-ba1c-463606646a48,4de9d058-62bb-4727-b2a3-ef64bed4edf9
3623,996,74b33faf-3bf5-4655-9bdd-8d11d509cce3,4de9d058-62bb-4727-b2a3-ef64bed4edf9
3624,995,57e7701f-2486-4e34-ac69-9ac457ec8f99,4c8bf90e-d1b8-4c9a-9882-fc85aee7fb51
3625,996,474e39e2-b21a-4e75-af19-ae370c936187,4de9d058-62bb-4727-b2a3-ef64bed4edf9
3626,996,bcd1e987-4d72-4d24-89f2-84acffabcc7f,4de9d058-62bb-4727-b2a3-ef64bed4edf9
3627,215,4e350420-4537-45dc-997f-434bbce2065f,22b52df0-c9cb-4369-a335-96b7a5b93c56
3627,996,4e350420-4537-45dc-997f-434bbce2065f,4de9d058-62bb-4727-b2a3-ef64bed4edf9
3628,225,b08bf5b3-f990-4e7a-9408-d44df9eae5aa,9cdcda2f-3a05-4abe-8f21-8529136ec7fa
3629,996,6fe5a0e1-f5aa-4669-bf01-2143c8eddb4c,4de9d058-62bb-4727-b2a3-ef64bed4edf9
3630,996,e8c96661-5c39-40cb-b179-d11f5bfba5d0,4de9d058-62bb-4727-b2a3-ef64bed4edf9
3631,56,53d40a15-19da-41f8-921b-d5860d8d1dfd,05db5d78-31d2-4fb7-ae0e-f3181d897dec
3632,56,c3f4791e-6b54-453c-ae4b-91ca70d8ffd3,05db5d78-31d2-4fb7-ae0e-f3181d897dec
3633,996,03ee93a1-4091-4dae-af52-d882cbce9148,4de9d058-62bb-4727-b2a3-ef64bed4edf9
3634,56,13d32b20-f17a-4427-81bc-f812a3c1a6b5,05db5d78-31d2-4fb7-ae0e-f3181d897dec
3635,995,6bb957e0-b24b-4f8c-bb20-6da62f037de1,4c8bf90e-d1b8-4c9a-9882-fc85aee7fb51
3636,56,e2185349-fdc9-46d1-abd0-6386fb373ef4,05db5d78-31d2-4fb7-ae0e-f3181d897dec
3637,996,4f50d2c2-80b5-4604-b43e-dbaad6a140d7,4de9d058-62bb-4727-b2a3-ef64bed4edf9
3638,56,4bc6ff92-00cb-4526-99c5-8dbab65d977d,05db5d78-31d2-4fb7-ae0e-f3181d897dec
3638,74,4bc6ff92-00cb-4526-99c5-8dbab65d977d,fcadc606-b3bc-456e-ad45-826bb6eaa875
3638,76,4bc6ff92-00cb-4526-99c5-8dbab65d977d,aca0ea7d-5edb-4012-b86e-c27ac894c9e9
3639,225,1b14d608-abb7-4e54-8305-cb0d76a60f9c,9cdcda2f-3a05-4abe-8f21-8529136ec7fa
3640,225,426e6287-a8da-4be2-9866-086cfe13cb88,9cdcda2f-3a05-4abe-8f21-8529136ec7fa
3641,225,da319529-e46e-4e2c-8bf8-fceaa9fd80e7,9cdcda2f-3a05-4abe-8f21-8529136ec7fa
3642,225,ae05dfb1-39b8-4838-920a-3e8fb3c725a1,9cdcda2f-3a05-4abe-8f21-8529136ec7fa
3644,225,f2472761-f048-418b-b8bb-aaaca4dbefc5,9cdcda2f-3a05-4abe-8f21-8529136ec7fa
3646,225,57ff9185-204b-47b1-82ca-0d45f9a9995f,9cdcda2f-3a05-4abe-8f21-8529136ec7fa
3647,225,123fba52-ad69-41b3-8a59-7003b4b5010f,9cdcda2f-3a05-4abe-8f21-8529136ec7fa
3649,225,8464cb32-be3f-474f-9dc1-86d41bf3ed3d,9cdcda2f-3a05-4abe-8f21-8529136ec7fa
3650,110,29978481-a4b0-4963-bb1e-f9ca26afc928,0f8bb30d-61bf-4513-b56a-113ea8c3aff8
3650,225,29978481-a4b0-4963-bb1e-f9ca26afc928,9cdcda2f-3a05-4abe-8f21-8529136ec7fa
3651,58,fd9ed4f5-4e35-4e42-b475-37bfea0ab56d,70349383-d413-4b44-af33-49f3df8ed8f5
3651,129,fd9ed4f5-4e35-4e42-b475-37bfea0ab56d,9bac34e7-fc20-442a-8b1d-05a79b079368
3651,130,fd9ed4f5-4e35-4e42-b475-37bfea0ab56d,3ac91d17-f0a1-4b85-a83d-efafab0ee78c
3651,131,fd9ed4f5-4e35-4e42-b475-37bfea0ab56d,35bb3e2b-c42b-45d9-84d2-b4dc57039eb1
3652,110,cc4c4764-bafc-4b9e-ad46-48844c4ab844,0f8bb30d-61bf-4513-b56a-113ea8c3aff8
3652,225,cc4c4764-bafc-4b9e-ad46-48844c4ab844,9cdcda2f-3a05-4abe-8f21-8529136ec7fa
3653,110,1c4c5ffe-be34-40a8-8b99-208ea8c6a97e,0f8bb30d-61bf-4513-b56a-113ea8c3aff8
3653,225,1c4c5ffe-be34-40a8-8b99-208ea8c6a97e,9cdcda2f-3a05-4abe-8f21-8529136ec7fa
3654,225,72bbc1d3-d002-4194-ae72-5400be73dffe,9cdcda2f-3a05-4abe-8f21-8529136ec7fa
3655,225,03a72b08-7631-4ad7-8bc9-18ece371b2f3,9cdcda2f-3a05-4abe-8f21-8529136ec7fa
3656,225,f29b7174-4ffa-4e54-8e4f-320b729c17e7,9cdcda2f-3a05-4abe-8f21-8529136ec7fa
3657,37,168cc921-4920-49be-8ef2-dbb21fbc74d3,370d50ba-592a-491a-be9e-7aed4b1edcec
3657,225,168cc921-4920-49be-8ef2-dbb21fbc74d3,9cdcda2f-3a05-4abe-8f21-8529136ec7fa
3658,14,2084a9e6-5c6d-45b9-8e17-bcc9df7b83ed,63415897-6d9c-4dc4-a2cf-db77b292f8ef
3659,14,1405dd45-6921-4ef3-a317-d795710864f5,63415897-6d9c-4dc4-a2cf-db77b292f8ef
3660,14,1ba3a2ee-97e0-433f-8974-e703b18f4876,63415897-6d9c-4dc4-a2cf-db77b292f8ef
3662,14,a03c6377-ce58-41be-a9b9-9399820b8cda,63415897-6d9c-4dc4-a2cf-db77b292f8ef
3663,14,cf103844-aacd-4906-ab62-6a7028080408,63415897-6d9c-4dc4-a2cf-db77b292f8ef
3664,14,fd161af9-7c49-452a-b46d-08b6fc6fd833,63415897-6d9c-4dc4-a2cf-db77b292f8ef
3665,37,1dde8ea8-46e9-4e75-97f1-d200635e9121,370d50ba-592a-491a-be9e-7aed4b1edcec
3665,225,1dde8ea8-46e9-4e75-97f1-d200635e9121,9cdcda2f-3a05-4abe-8f21-8529136ec7fa
3666,225,70a4b920-b65b-46a0-b54b-81417957bcc4,9cdcda2f-3a05-4abe-8f21-8529136ec7fa
3667,225,5aeddfe2-e3f7-429f-b42a-c0aab484f892,9cdcda2f-3a05-4abe-8f21-8529136ec7fa
3668,225,e8c3e5a3-8fca-474a-aef6-95c434a2f374,9cdcda2f-3a05-4abe-8f21-8529136ec7fa
3669,11,ac791a9d-3c6f-4050-a4b2-b856279140ee,42a63d3f-4077-47c6-98ea-3fa601c5488e
3669,225,ac791a9d-3c6f-4050-a4b2-b856279140ee,9cdcda2f-3a05-4abe-8f21-8529136ec7fa
3670,74,999ac3da-76bd-40e3-b532-10102071a97b,fcadc606-b3bc-456e-ad45-826bb6eaa875
3670,173,999ac3da-76bd-40e3-b532-10102071a97b,5c13e222-45ec-4a67-9e4a-d91b1f1e60c9
3670,995,999ac3da-76bd-40e3-b532-10102071a97b,4c8bf90e-d1b8-4c9a-9882-fc85aee7fb51
3670,997,999ac3da-76bd-40e3-b532-10102071a97b,09065786-36eb-45f8-bfcd-0abee1bd2e0c
3671,225,b5c1b54c-5109-40cc-a27b-d48f70246436,9cdcda2f-3a05-4abe-8f21-8529136ec7fa
3672,67,11b5a571-bb7a-423a-b2a0-8ce3942398ec,92fb785b-75ee-467b-8ff0-c25cb9c81149
3673,76,1cfdf6b9-5e50-4286-94f0-16c226146e80,aca0ea7d-5edb-4012-b86e-c27ac894c9e9
3673,98,1cfdf6b9-5e50-4286-94f0-16c226146e80,1e17f8a9-3e40-4f93-9af1-4b052b3fa800
3673,225,1cfdf6b9-5e50-4286-94f0-16c226146e80,9cdcda2f-3a05-4abe-8f21-8529136ec7fa
3674,225,73ca25e7-8d6f-43d1-8f5a-f0818b484d9a,9cdcda2f-3a05-4abe-8f21-8529136ec7fa
3675,110,cb3ac56f-977f-4910-9b9a-53053a80d5df,0f8bb30d-61bf-4513-b56a-113ea8c3aff8
3676,74,686a279f-5b06-4194-8fed-f11d51da6f45,fcadc606-b3bc-456e-ad45-826bb6eaa875
3677,74,ba33c7e7-f321-453a-aff9-53e15757107a,fcadc606-b3bc-456e-ad45-826bb6eaa875
3677,107,ba33c7e7-f321-453a-aff9-53e15757107a,d5b59247-e12c-4bb2-ae69-5a3569942ff1
3678,225,a9cd946f-e9ff-4fff-a19e-2f134a72b4dd,9cdcda2f-3a05-4abe-8f21-8529136ec7fa
3679,165,95dfa683-da43-4146-b914-3269eb4aa21c,666176cb-7d89-4559-959d-ce3cccf68dd7
3679,225,95dfa683-da43-4146-b914-3269eb4aa21c,9cdcda2f-3a05-4abe-8f21-8529136ec7fa
3680,165,39113954-da6f-445d-a6d4-edb760a72ec3,666176cb-7d89-4559-959d-ce3cccf68dd7
3680,225,39113954-da6f-445d-a6d4-edb760a72ec3,9cdcda2f-3a05-4abe-8f21-8529136ec7fa
3681,165,ab25b44c-2691-4f37-ad11-b2aa9c78ec12,666176cb-7d89-4559-959d-ce3cccf68dd7
3681,225,ab25b44c-2691-4f37-ad11-b2aa9c78ec12,9cdcda2f-3a05-4abe-8f21-8529136ec7fa
3682,76,25692a1c-e89d-4f40-aedb-ec15946029c8,aca0ea7d-5edb-4012-b86e-c27ac894c9e9
3683,225,05344551-974d-41fd-ba5e-5bde0d5141ae,9cdcda2f-3a05-4abe-8f21-8529136ec7fa
3684,21,1a5da2dc-1d0c-438c-9994-899947a5d570,ad53cbad-6a77-4499-94a7-c3442c2df2ee
3684,74,1a5da2dc-1d0c-438c-9994-899947a5d570,fcadc606-b3bc-456e-ad45-826bb6eaa875
3684,76,1a5da2dc-1d0c-438c-9994-899947a5d570,aca0ea7d-5edb-4012-b86e-c27ac894c9e9
3685,110,4fc4d783-19ca-4e67-b3c0-688afa1f2cfc,0f8bb30d-61bf-4513-b56a-113ea8c3aff8
3686,225,5691ed24-2535-4006-a073-ff5cc9423073,9cdcda2f-3a05-4abe-8f21-8529136ec7fa
3687,76,a93540c9-d2c5-4203-bd21-f440aad565ed,aca0ea7d-5edb-4012-b86e-c27ac894c9e9
3688,225,178a4c02-39bd-4106-bf69-7fbb75ce451a,9cdcda2f-3a05-4abe-8f21-8529136ec7fa
3689,56,696aa9db-7b0a-4d70-9b5b-b1c2a761a6d5,05db5d78-31d2-4fb7-ae0e-f3181d897dec
3689,225,696aa9db-7b0a-4d70-9b5b-b1c2a761a6d5,9cdcda2f-3a05-4abe-8f21-8529136ec7fa
3690,37,97a13aa7-68d6-4569-a5c3-8e30aa07b2b9,370d50ba-592a-491a-be9e-7aed4b1edcec
3691,239,0f9abc42-ee53-49e2-b7ac-078d0b9deb6e,44516d0f-7394-4053-855c-cd6912710867
3692,35,0eb473cd-298a-4960-b92f-e91826722588,823efde2-7801-4423-ae6a-62b5225f0f30
3692,991,0eb473cd-298a-4960-b92f-e91826722588,c09f6ef6-3d50-471d-8c7e-f4a78c8f398c
3693,173,f84810a3-da50-40df-95c5-c07ab897b344,5c13e222-45ec-4a67-9e4a-d91b1f1e60c9
3694,173,a7ebc942-84df-412b-bdbc-885fb08ac19a,5c13e222-45ec-4a67-9e4a-d91b1f1e60c9
3695,30,930caee6-5d2f-4b6b-af7f-fbe251ecaabe,55c1acfc-2aef-4314-b490-163f7e844333
3696,993,0b6a0a80-4156-473d-9e91-068e9fc775b4,be7df09a-bed7-44db-844a-05dda9dd1a46
3697,225,006760a5-84fa-46ef-a787-64b166697f50,9cdcda2f-3a05-4abe-8f21-8529136ec7fa
3698,173,e581e10f-089d-43da-9851-507da51525b2,5c13e222-45ec-4a67-9e4a-d91b1f1e60c9
3699,67,948b3f27-86b2-4f55-990b-3af8c6e4574e,92fb785b-75ee-467b-8ff0-c25cb9c81149
3700,37,2f9d7a26-961d-400f-aa70-ec150786fd19,370d50ba-592a-491a-be9e-7aed4b1edcec
3701,56,85cf532c-5a82-4579-95d5-79504744a35f,05db5d78-31d2-4fb7-ae0e-f3181d897dec
3702,225,7ba6b109-362a-49db-8580-6dfba8d3b92a,9cdcda2f-3a05-4abe-8f21-8529136ec7fa
3703,991,2abe43a5-3a14-4b8f-9714-fa0b36c81570,c09f6ef6-3d50-471d-8c7e-f4a78c8f398c
3704,173,d3e6e11b-658b-42b5-b1a0-8fc98d3be17a,5c13e222-45ec-4a67-9e4a-d91b1f1e60c9
3705,56,142e24bd-9a4f-4b05-859a-e09c75121ae6,05db5d78-31d2-4fb7-ae0e-f3181d897dec
3705,225,142e24bd-9a4f-4b05-859a-e09c75121ae6,9cdcda2f-3a05-4abe-8f21-8529136ec7fa
3706,225,62d6a037-bfe6-42fd-b171-4b875627283a,9cdcda2f-3a05-4abe-8f21-8529136ec7fa
3707,110,f4f326cd-6a32-4bc1-a098-9bbae4fadfa7,0f8bb30d-61bf-4513-b56a-113ea8c3aff8
3709,233,3d495385-f42c-45a8-8c2b-f7fea5334eff,b1da5eee-5e1f-461e-b272-253871a441d8
3710,173,20ebbf24-3a32-4ead-b314-6a2f1835e61d,5c13e222-45ec-4a67-9e4a-d91b1f1e60c9
3711,991,528873e7-c430-41c8-9862-8498bf87e759,c09f6ef6-3d50-471d-8c7e-f4a78c8f398c
3712,21,4eb275b4-d987-4a4e-8baf-0da2fd6ca591,ad53cbad-6a77-4499-94a7-c3442c2df2ee
3712,74,4eb275b4-d987-4a4e-8baf-0da2fd6ca591,fcadc606-b3bc-456e-ad45-826bb6eaa875
3713,993,4d88d8e0-c8d0-42ce-b8e6-7ecba703fff8,be7df09a-bed7-44db-844a-05dda9dd1a46
3714,225,9b0dce94-35c1-43bb-838e-3818fe616017,9cdcda2f-3a05-4abe-8f21-8529136ec7fa
3715,107,ff4eb221-a235-4778-b839-61dc757275a9,d5b59247-e12c-4bb2-ae69-5a3569942ff1
3716,199,0e2eead0-1218-4e52-ae84-dcac9d0e149f,35b10450-e6fd-41d8-85a3-928f1dbcf1e1
3717,37,ff27bff1-9215-4873-96d6-8e931ab111cc,370d50ba-592a-491a-be9e-7aed4b1edcec
3718,56,c71f202d-9b93-4e18-a577-a330cbacc4e5,05db5d78-31d2-4fb7-ae0e-f3181d897dec
3719,173,0b5ecb79-5bca-4ef1-9315-e04657694080,5c13e222-45ec-4a67-9e4a-d91b1f1e60c9
3720,225,007b74d0-f055-4ef0-9c27-81ab33d03c06,9cdcda2f-3a05-4abe-8f21-8529136ec7fa
3721,76,a7f3232b-c522-4711-b22e-c3c20ac839a3,aca0ea7d-5edb-4012-b86e-c27ac894c9e9
3722,48,eb9c5bbf-18d8-499f-98a3-0f773fa9ae2c,004125a4-472f-4bad-90f3-34fa379214e9
3722,62,eb9c5bbf-18d8-499f-98a3-0f773fa9ae2c,f758dbcf-edae-42ee-a24a-3f397c20d688
3722,225,eb9c5bbf-18d8-499f-98a3-0f773fa9ae2c,9cdcda2f-3a05-4abe-8f21-8529136ec7fa
3723,56,976bd580-8fbf-444d-bbd3-2a4e84430f8e,05db5d78-31d2-4fb7-ae0e-f3181d897dec
3723,74,976bd580-8fbf-444d-bbd3-2a4e84430f8e,fcadc606-b3bc-456e-ad45-826bb6eaa875
3723,76,976bd580-8fbf-444d-bbd3-2a4e84430f8e,aca0ea7d-5edb-4012-b86e-c27ac894c9e9
3723,98,976bd580-8fbf-444d-bbd3-2a4e84430f8e,1e17f8a9-3e40-4f93-9af1-4b052b3fa800
3724,61,10355a39-5487-4eb1-a8c0-11cacab6ce70,e6dbd9df-582f-4177-8883-e1385b1a13a6
3724,74,10355a39-5487-4eb1-a8c0-11cacab6ce70,fcadc606-b3bc-456e-ad45-826bb6eaa875
3725,74,317b1d8b-e561-494c-9e38-8bb96a44b2ad,fcadc606-b3bc-456e-ad45-826bb6eaa875
3726,225,61656402-bab5-4ae0-a35f-add128b027b7,9cdcda2f-3a05-4abe-8f21-8529136ec7fa
3727,991,307836db-0198-4a6b-8cdd-283ac2d7858b,c09f6ef6-3d50-471d-8c7e-f4a78c8f398c
3728,102,ff53ea4c-0fbc-4ef4-aa21-79018f33740d,a9d2a258-26e9-47ca-a80d-cb83e3d4fb49
3729,48,5ccf1a18-d2e9-42d9-9030-ab8730864cae,004125a4-472f-4bad-90f3-34fa379214e9
3730,225,2522832e-231b-4e77-b375-42b0f2da294f,9cdcda2f-3a05-4abe-8f21-8529136ec7fa
3731,67,7d7968e6-a861-40bb-8ae0-a471d4c6d2f4,92fb785b-75ee-467b-8ff0-c25cb9c81149
3732,55,3f2c2097-5333-44fe-9e1e-7e3d3bef355d,70cb2fa0-b97b-4e80-adf4-5473e61cab6b
3733,225,caedc2b1-1c99-4fa6-bfa5-7754b27e2e7b,9cdcda2f-3a05-4abe-8f21-8529136ec7fa
3734,56,bc249550-9d03-4d0d-abd0-2f53ddd76324,05db5d78-31d2-4fb7-ae0e-f3181d897dec
3735,225,53be274d-2baf-42aa-ac2c-bf19fe7b9717,9cdcda2f-3a05-4abe-8f21-8529136ec7fa
3736,76,9db78086-a571-4c04-96c9-848657fcdfc7,aca0ea7d-5edb-4012-b86e-c27ac894c9e9
3737,76,14de3d5f-20f2-4fec-8c17-70a28691c109,aca0ea7d-5edb-4012-b86e-c27ac894c9e9
3737,100,14de3d5f-20f2-4fec-8c17-70a28691c109,cc0063a2-f29b-47cc-91bf-9cacc4668dd1
3737,225,14de3d5f-20f2-4fec-8c17-70a28691c109,9cdcda2f-3a05-4abe-8f21-8529136ec7fa
3738,47,c7eebea4-3aca-49b1-b9b4-3b38e7a7d31d,bce5e705-92ce-432a-a0d6-2ee99faeb42b
3739,992,80a75b2b-d130-45fc-b02c-09d94aa178af,f5045ddb-28f5-4810-b5b2-c013e56c96a3
3740,225,850402df-8bac-490c-b2a3-1454dba128bc,9cdcda2f-3a05-4abe-8f21-8529136ec7fa
3740,992,850402df-8bac-490c-b2a3-1454dba128bc,f5045ddb-28f5-4810-b5b2-c013e56c96a3
3741,222,37262349-b660-4bce-842b-8e21fd27d6ef,bfcd729e-fa75-4887-bbe3-34e59d05af64
3741,991,37262349-b660-4bce-842b-8e21fd27d6ef,c09f6ef6-3d50-471d-8c7e-f4a78c8f398c
3742,110,f9d53a90-0f37-419a-8688-20689e1d15ee,0f8bb30d-61bf-4513-b56a-113ea8c3aff8
3743,56,dce9e43d-7bc4-4e8d-a5b7-894eafd60503,05db5d78-31d2-4fb7-ae0e-f3181d897dec
3744,74,cbc06531-b1d7-442d-aaa8-fc6dcfa2d58d,fcadc606-b3bc-456e-ad45-826bb6eaa875
3745,74,ebdaeeac-8cc6-49ea-956d-7740d7791496,fcadc606-b3bc-456e-ad45-826bb6eaa875
3746,74,9f447ffa-9f61-4c3e-beb5-052a7a9ff109,fcadc606-b3bc-456e-ad45-826bb6eaa875
3747,74,81e55f59-59f2-4bf3-81fc-bd984e13f6de,fcadc606-b3bc-456e-ad45-826bb6eaa875
3748,74,9248c8bd-9462-493e-935f-1510b590bb78,fcadc606-b3bc-456e-ad45-826bb6eaa875
3749,225,fb92de6a-4496-4df9-a777-bc636c27355f,9cdcda2f-3a05-4abe-8f21-8529136ec7fa
3750,225,ec553358-5f9a-4ba7-b4c1-30b3034dfa65,9cdcda2f-3a05-4abe-8f21-8529136ec7fa
3751,76,f94870d2-0d46-435a-ac64-aa13a3ccd675,aca0ea7d-5edb-4012-b86e-c27ac894c9e9
3752,14,8db21204-0ca4-442c-b812-262273e19652,63415897-6d9c-4dc4-a2cf-db77b292f8ef
3753,225,1aaa9e6c-83b4-45ca-b668-1857e27e6c45,9cdcda2f-3a05-4abe-8f21-8529136ec7fa
3754,14,f7349efc-3c15-4e2d-91ad-ba44d1daad42,63415897-6d9c-4dc4-a2cf-db77b292f8ef
3754,32,f7349efc-3c15-4e2d-91ad-ba44d1daad42,796840a2-b7f1-4f00-8195-d2fe3754da13
3754,76,f7349efc-3c15-4e2d-91ad-ba44d1daad42,aca0ea7d-5edb-4012-b86e-c27ac894c9e9
3755,225,09e4ed92-5bfb-4103-b6d6-9e0b3298ff14,9cdcda2f-3a05-4abe-8f21-8529136ec7fa
3756,225,4b072afa-5c81-4297-8d93-99c2ac8f14d0,9cdcda2f-3a05-4abe-8f21-8529136ec7fa
3757,225,ab451ec0-95aa-4255-a68b-7f4f230b8933,9cdcda2f-3a05-4abe-8f21-8529136ec7fa
3758,225,0ed2c5b8-1cc7-4873-895d-0e1fdfd3a263,9cdcda2f-3a05-4abe-8f21-8529136ec7fa
3759,225,00b31ba2-066f-4bfe-b7c6-684512399ad8,9cdcda2f-3a05-4abe-8f21-8529136ec7fa
3760,56,9b9921b7-e067-4b33-b82c-b8af127e59dc,05db5d78-31d2-4fb7-ae0e-f3181d897dec
3760,225,9b9921b7-e067-4b33-b82c-b8af127e59dc,9cdcda2f-3a05-4abe-8f21-8529136ec7fa
3762,37,d5cf37da-6e67-4214-993b-2e98635f1cfc,370d50ba-592a-491a-be9e-7aed4b1edcec
3762,151,d5cf37da-6e67-4214-993b-2e98635f1cfc,d99989a8-ea9c-4d4e-86f5-71dfdf6f7e81
3763,76,245dea81-f2c0-400a-9ede-3657c069386f,aca0ea7d-5edb-4012-b86e-c27ac894c9e9
3764,74,5fbd98aa-bf4f-40aa-8f18-b2667c0c311c,fcadc606-b3bc-456e-ad45-826bb6eaa875
3764,107,5fbd98aa-bf4f-40aa-8f18-b2667c0c311c,d5b59247-e12c-4bb2-ae69-5a3569942ff1
3765,42,e33f0d92-148b-4517-a673-862d89bce0fd,51fc41ab-afab-40d9-a285-aa863fd2e978
3765,107,e33f0d92-148b-4517-a673-862d89bce0fd,d5b59247-e12c-4bb2-ae69-5a3569942ff1
3765,995,e33f0d92-148b-4517-a673-862d89bce0fd,4c8bf90e-d1b8-4c9a-9882-fc85aee7fb51
3766,76,cee3ee3a-22e5-4b5c-8216-80e9152f6ca1,aca0ea7d-5edb-4012-b86e-c27ac894c9e9
3766,225,cee3ee3a-22e5-4b5c-8216-80e9152f6ca1,9cdcda2f-3a05-4abe-8f21-8529136ec7fa
3767,74,c6b70cc6-e37d-4fa6-9c86-5d8edd15732d,fcadc606-b3bc-456e-ad45-826bb6eaa875
3769,110,8926fc4c-6084-42ff-9fed-c426538635d7,0f8bb30d-61bf-4513-b56a-113ea8c3aff8
3770,56,4de4a046-1e90-4c7c-9f8c-41b0215801ae,05db5d78-31d2-4fb7-ae0e-f3181d897dec
3771,13,be9a9e39-a694-4750-ae09-8f4516347256,b55c215f-d96b-4e35-b2f0-242bed184ab2
3772,241,5e65f8f6-033b-401a-b72e-a2b4bd315ee3,8c14b77e-ab91-443d-98f1-8ee85133603a
3773,173,b293e024-ae33-4bce-b4c7-35b047df15bc,5c13e222-45ec-4a67-9e4a-d91b1f1e60c9
3773,241,b293e024-ae33-4bce-b4c7-35b047df15bc,8c14b77e-ab91-443d-98f1-8ee85133603a
3774,225,fce6bc7b-06c0-4442-ba0d-56ba51123049,9cdcda2f-3a05-4abe-8f21-8529136ec7fa
3775,110,780127ba-3e6d-49a7-a5fb-1554b695f2db,0f8bb30d-61bf-4513-b56a-113ea8c3aff8
3776,32,0c584d21-ee21-4e6d-938a-118c91abea7f,796840a2-b7f1-4f00-8195-d2fe3754da13
3777,76,6d06a6f0-a0a0-4ddc-b007-905ec063fb22,aca0ea7d-5edb-4012-b86e-c27ac894c9e9
3777,225,6d06a6f0-a0a0-4ddc-b007-905ec063fb22,9cdcda2f-3a05-4abe-8f21-8529136ec7fa
3778,131,f3d80da5-62a7-41f4-87d7-17ad8fc24a8a,35bb3e2b-c42b-45d9-84d2-b4dc57039eb1
3779,42,5319731b-f2f7-47bc-be27-29143c714fd5,51fc41ab-afab-40d9-a285-aa863fd2e978
3780,63,9e2b261a-261f-4f41-8cea-05319e177501,ee53e9fa-4c4b-4186-bfb0-f23a33612fa4
3781,196,357b5487-5d79-4109-9707-aff63f590671,940b3f91-84fe-493e-a32b-97fe98b59535
3782,96,86893e52-9f85-4ad0-b1f7-015734bd5956,8ba836d3-0869-499f-86a3-c3e3a092f8d5
3783,23,e34ed2c5-eef4-4918-938c-ecc5aeef3799,524be1b8-9739-4266-aa59-a9100c49a6e3
3784,74,75c15c35-3e94-4a1d-9988-b957d1308eed,fcadc606-b3bc-456e-ad45-826bb6eaa875
3784,107,75c15c35-3e94-4a1d-9988-b957d1308eed,d5b59247-e12c-4bb2-ae69-5a3569942ff1
3785,76,cbab0862-cc74-4cf2-a8e7-2febd9b83022,aca0ea7d-5edb-4012-b86e-c27ac894c9e9
3786,76,e7fb6f21-25c1-47e7-ae41-318409d4895d,aca0ea7d-5edb-4012-b86e-c27ac894c9e9
3787,76,abf2b9bf-3557-4cad-ac0e-4f890900192b,aca0ea7d-5edb-4012-b86e-c27ac894c9e9
3788,76,d185b44f-c531-445b-9169-6fe200707fbf,aca0ea7d-5edb-4012-b86e-c27ac894c9e9
3789,194,4269fa72-69e5-406f-ac36-bb41573a949e,8c6ccca3-369f-4744-80d9-c1344ba9a321
3790,110,01371878-1851-44fa-aa32-c1d220d52558,0f8bb30d-61bf-4513-b56a-113ea8c3aff8
3791,56,84919a65-c02d-45f9-bea7-f8d139692716,05db5d78-31d2-4fb7-ae0e-f3181d897dec
3792,183,14df17a1-2f3c-4ae5-89bf-efad41607388,885e91b5-66eb-4e4c-b666-cd15b701f75d
3793,110,374706f6-49af-431b-b208-ec8295f00b1b,0f8bb30d-61bf-4513-b56a-113ea8c3aff8
3794,184,6bcc7915-772d-478d-afd4-057ba6e4a66e,4d0b5fe9-8681-4efa-862e-9a33f13e52d4
3795,56,f4c4cfcc-811e-48da-b979-653ecb638deb,05db5d78-31d2-4fb7-ae0e-f3181d897dec
3796,13,2ccfd639-e0ba-4781-a92a-a2c9560c81d0,b55c215f-d96b-4e35-b2f0-242bed184ab2
3796,56,2ccfd639-e0ba-4781-a92a-a2c9560c81d0,05db5d78-31d2-4fb7-ae0e-f3181d897dec
3797,37,d080f876-92cb-4205-8a98-5cbb2724483f,370d50ba-592a-491a-be9e-7aed4b1edcec
3798,225,df0f8276-676f-485c-b87f-811b4e03e969,9cdcda2f-3a05-4abe-8f21-8529136ec7fa
3799,37,7242c6b0-97e4-43f6-91c4-31262a711486,370d50ba-592a-491a-be9e-7aed4b1edcec
3799,67,7242c6b0-97e4-43f6-91c4-31262a711486,92fb785b-75ee-467b-8ff0-c25cb9c81149
3800,225,6d663bea-4ca2-43cd-a142-5683f83e25a1,9cdcda2f-3a05-4abe-8f21-8529136ec7fa
3801,225,51ed9a04-2393-4750-a885-af535fdf70a9,9cdcda2f-3a05-4abe-8f21-8529136ec7fa
3802,100,9fb4eb1e-be63-4136-840e-5468065a51f2,cc0063a2-f29b-47cc-91bf-9cacc4668dd1
3802,225,9fb4eb1e-be63-4136-840e-5468065a51f2,9cdcda2f-3a05-4abe-8f21-8529136ec7fa
3803,225,b6067a68-b033-4aa8-a667-d0c25fded19a,9cdcda2f-3a05-4abe-8f21-8529136ec7fa
3804,69,c1cc59da-1687-44f1-ab66-510c321c060f,035eab86-1053-41d2-bb09-048493bf5a8f
3805,93,75ea5c25-7b7f-4fbf-b84d-d951de5b6655,5aec9d0e-3c30-4467-846f-edbaca04007b
3805,110,75ea5c25-7b7f-4fbf-b84d-d951de5b6655,0f8bb30d-61bf-4513-b56a-113ea8c3aff8
3805,225,75ea5c25-7b7f-4fbf-b84d-d951de5b6655,9cdcda2f-3a05-4abe-8f21-8529136ec7fa
3806,76,5bf36545-ffc7-48af-988c-6d9eb7c2e6ac,aca0ea7d-5edb-4012-b86e-c27ac894c9e9
3806,225,5bf36545-ffc7-48af-988c-6d9eb7c2e6ac,9cdcda2f-3a05-4abe-8f21-8529136ec7fa
3807,76,b45373ab-0e79-4d45-8d23-8851d21c2fbe,aca0ea7d-5edb-4012-b86e-c27ac894c9e9
3808,37,3fd789dc-d390-454a-bb88-f82baf0e5a4a,370d50ba-592a-491a-be9e-7aed4b1edcec
3808,76,3fd789dc-d390-454a-bb88-f82baf0e5a4a,aca0ea7d-5edb-4012-b86e-c27ac894c9e9
3808,225,3fd789dc-d390-454a-bb88-f82baf0e5a4a,9cdcda2f-3a05-4abe-8f21-8529136ec7fa
3809,76,3831d2f1-92a9-459a-a9ba-621e990584b7,aca0ea7d-5edb-4012-b86e-c27ac894c9e9
3810,225,c0d6c0d9-f8c8-43f4-8c9c-7f217e98972d,9cdcda2f-3a05-4abe-8f21-8529136ec7fa
3814,47,4c8f32bb-3bef-4739-a7c7-158e71ddb5fe,bce5e705-92ce-432a-a0d6-2ee99faeb42b
3815,47,d4a519aa-bf6f-44bf-b90a-d98159340832,bce5e705-92ce-432a-a0d6-2ee99faeb42b
3816,47,5d4af4cf-71bf-4acf-aa67-63d4d698aa9c,bce5e705-92ce-432a-a0d6-2ee99faeb42b
3817,225,a4efa86b-18db-4e78-8044-9f8ec1634fca,9cdcda2f-3a05-4abe-8f21-8529136ec7fa
3818,225,5a9167b5-6619-4a40-9579-7ea6d73abb23,9cdcda2f-3a05-4abe-8f21-8529136ec7fa
3820,225,f5aef4b6-94c2-41ab-8b95-ab304e2cec47,9cdcda2f-3a05-4abe-8f21-8529136ec7fa
3821,37,d864c68e-8af8-4470-9cc5-a8e125dc6694,370d50ba-592a-491a-be9e-7aed4b1edcec
3822,225,7e414c90-32bb-416b-b011-682525e4c870,9cdcda2f-3a05-4abe-8f21-8529136ec7fa
3823,225,45503207-4631-47ee-bbde-5537f204cc24,9cdcda2f-3a05-4abe-8f21-8529136ec7fa
3824,37,181c4262-3d1c-4743-85e5-eee3dc988687,370d50ba-592a-491a-be9e-7aed4b1edcec
3824,225,181c4262-3d1c-4743-85e5-eee3dc988687,9cdcda2f-3a05-4abe-8f21-8529136ec7fa
3826,173,5305e5b8-5ba7-41c0-a047-13b3a613464d,5c13e222-45ec-4a67-9e4a-d91b1f1e60c9
3827,173,daff97a2-f3f5-429b-a832-cb5bdcb6d9bf,5c13e222-45ec-4a67-9e4a-d91b1f1e60c9
3828,173,9d214ee8-5e3e-4ff1-841e-8b581a9a4d8f,5c13e222-45ec-4a67-9e4a-d91b1f1e60c9
3829,173,5a61e8e0-9add-47cb-b16a-5968da3663d8,5c13e222-45ec-4a67-9e4a-d91b1f1e60c9
3830,173,51e4819f-bef7-4307-9ac2-2592ee454a64,5c13e222-45ec-4a67-9e4a-d91b1f1e60c9
3831,74,a4736a29-5236-4f94-8572-12dfbee60e2e,fcadc606-b3bc-456e-ad45-826bb6eaa875
3832,225,119418cd-3bff-45b5-972a-572b08110a18,9cdcda2f-3a05-4abe-8f21-8529136ec7fa
3833,76,ed780eff-e0d7-4aac-be66-90cdff866d02,aca0ea7d-5edb-4012-b86e-c27ac894c9e9
3834,37,80974f3c-c450-4c29-a5a2-b9764e117829,370d50ba-592a-491a-be9e-7aed4b1edcec
3834,225,80974f3c-c450-4c29-a5a2-b9764e117829,9cdcda2f-3a05-4abe-8f21-8529136ec7fa
3835,76,26897b85-f1db-48ce-beb3-a54c7ca8068c,aca0ea7d-5edb-4012-b86e-c27ac894c9e9
3835,225,26897b85-f1db-48ce-beb3-a54c7ca8068c,9cdcda2f-3a05-4abe-8f21-8529136ec7fa
3836,225,d358529f-509f-406a-9b84-db1f31d12f58,9cdcda2f-3a05-4abe-8f21-8529136ec7fa
3837,225,f50f7d7f-71fa-4163-8af1-ce51d076a8cf,9cdcda2f-3a05-4abe-8f21-8529136ec7fa
3838,225,2a77969a-a1c5-4c6a-8819-43e5e3d80a0d,9cdcda2f-3a05-4abe-8f21-8529136ec7fa
3839,225,c8beac27-9a82-4592-a7ec-779b3acb087f,9cdcda2f-3a05-4abe-8f21-8529136ec7fa
3840,995,2a490ecf-abda-4cf5-80c2-2e49b1cd24fb,4c8bf90e-d1b8-4c9a-9882-fc85aee7fb51
3841,225,712d7587-517e-48e2-96b5-8bdd11b243e8,9cdcda2f-3a05-4abe-8f21-8529136ec7fa
3842,56,fed1abdb-1f4f-49eb-a90c-db55e693beff,05db5d78-31d2-4fb7-ae0e-f3181d897dec
3843,76,cd058411-53fd-45fb-af5b-5a9b502b3715,aca0ea7d-5edb-4012-b86e-c27ac894c9e9
3844,55,089133a1-2b65-45a6-a7ae-c60c4d2545ca,70cb2fa0-b97b-4e80-adf4-5473e61cab6b
3844,196,089133a1-2b65-45a6-a7ae-c60c4d2545ca,940b3f91-84fe-493e-a32b-97fe98b59535
3845,225,5763c864-13e9-4992-a353-16020610a6cd,9cdcda2f-3a05-4abe-8f21-8529136ec7fa
3846,225,27739820-008c-4719-87bc-97e82a0a1570,9cdcda2f-3a05-4abe-8f21-8529136ec7fa
3847,225,ee607bfb-c574-4f74-91b0-dd032fa846e8,9cdcda2f-3a05-4abe-8f21-8529136ec7fa
3848,225,7ef855dc-2a8a-4724-8ce2-622eadd8a52b,9cdcda2f-3a05-4abe-8f21-8529136ec7fa
3849,37,df1c983e-8e53-4a64-8f33-52043152f7b0,370d50ba-592a-491a-be9e-7aed4b1edcec
3850,225,fc337182-75eb-4cfe-aaef-48d730a89fb2,9cdcda2f-3a05-4abe-8f21-8529136ec7fa
3851,67,909fbf78-3a8d-4f12-89be-c4180644dded,92fb785b-75ee-467b-8ff0-c25cb9c81149
3852,76,45b2045d-8349-41cb-b05c-6e1ab0e9f783,aca0ea7d-5edb-4012-b86e-c27ac894c9e9
3853,107,224cb70a-cf46-4895-8646-109ad6d324e7,d5b59247-e12c-4bb2-ae69-5a3569942ff1
3854,225,eb4d3069-6448-46ce-bf77-a5f9ed0fa067,9cdcda2f-3a05-4abe-8f21-8529136ec7fa
3855,56,a95d05ac-9598-4c8c-b3fc-d41e3a0d498c,05db5d78-31d2-4fb7-ae0e-f3181d897dec
3856,56,3bd3d340-b154-4fa8-b23b-8664d69885de,05db5d78-31d2-4fb7-ae0e-f3181d897dec
3857,56,0736fcf6-5d06-4348-aacd-02bccbd1dbc7,05db5d78-31d2-4fb7-ae0e-f3181d897dec
3858,56,81a4de5e-8870-429c-8f99-75244f321783,05db5d78-31d2-4fb7-ae0e-f3181d897dec
3859,56,b76731cd-41c2-45c0-95ca-cca8458c7d67,05db5d78-31d2-4fb7-ae0e-f3181d897dec
3860,56,fa687d78-dbae-42c7-bf39-f363a03892a8,05db5d78-31d2-4fb7-ae0e-f3181d897dec
3861,56,7ef5918b-2989-4d56-b1af-eff760550ddc,05db5d78-31d2-4fb7-ae0e-f3181d897dec
3862,110,60bec709-a18c-446b-9990-53a017c09005,0f8bb30d-61bf-4513-b56a-113ea8c3aff8
3863,110,23b64e80-2cbc-4f3a-ac13-b100e6251d55,0f8bb30d-61bf-4513-b56a-113ea8c3aff8
3864,56,798df4a5-869b-4875-a870-e9c54acb9dd0,05db5d78-31d2-4fb7-ae0e-f3181d897dec
3864,74,798df4a5-869b-4875-a870-e9c54acb9dd0,fcadc606-b3bc-456e-ad45-826bb6eaa875
3864,76,798df4a5-869b-4875-a870-e9c54acb9dd0,aca0ea7d-5edb-4012-b86e-c27ac894c9e9
3864,102,798df4a5-869b-4875-a870-e9c54acb9dd0,a9d2a258-26e9-47ca-a80d-cb83e3d4fb49
3865,225,6e2f6de2-264f-4138-99b7-666947c92d1a,9cdcda2f-3a05-4abe-8f21-8529136ec7fa
3866,225,3c411b1c-fcb5-4ab1-b9f5-86ddd3ba951e,9cdcda2f-3a05-4abe-8f21-8529136ec7fa
3867,225,2c462a9a-2eac-4587-815c-c7f5b477d0c4,9cdcda2f-3a05-4abe-8f21-8529136ec7fa
3868,74,6676ef48-9ebe-4a7f-83c8-6a37fea84209,fcadc606-b3bc-456e-ad45-826bb6eaa875
3869,74,26fa41ec-7f29-478b-80b4-a962902dae8f,fcadc606-b3bc-456e-ad45-826bb6eaa875
3870,74,8e818e1c-1967-4621-b0f6-202e949d2444,fcadc606-b3bc-456e-ad45-826bb6eaa875
3871,74,17387af1-13cc-450f-8bd1-8af74b2747c8,fcadc606-b3bc-456e-ad45-826bb6eaa875
3872,14,cf635d15-f052-4916-a05f-abd2c272f98d,63415897-6d9c-4dc4-a2cf-db77b292f8ef
3873,225,ed18e102-25bb-488b-a2ba-ca1b8f3fd08c,9cdcda2f-3a05-4abe-8f21-8529136ec7fa
3874,993,53e5e8f0-3043-4f73-8d9a-7bba0ae9aaf9,be7df09a-bed7-44db-844a-05dda9dd1a46
3875,56,616e10cd-f1c3-4b8a-9c6a-46fb7230d44f,05db5d78-31d2-4fb7-ae0e-f3181d897dec
3875,67,616e10cd-f1c3-4b8a-9c6a-46fb7230d44f,92fb785b-75ee-467b-8ff0-c25cb9c81149
3875,74,616e10cd-f1c3-4b8a-9c6a-46fb7230d44f,fcadc606-b3bc-456e-ad45-826bb6eaa875
3875,76,616e10cd-f1c3-4b8a-9c6a-46fb7230d44f,aca0ea7d-5edb-4012-b86e-c27ac894c9e9
3875,107,616e10cd-f1c3-4b8a-9c6a-46fb7230d44f,d5b59247-e12c-4bb2-ae69-5a3569942ff1
3876,225,c8ad1511-05bb-4062-9f68-671bef81ec8f,9cdcda2f-3a05-4abe-8f21-8529136ec7fa
3877,225,307d2b5e-cd4c-4b39-aa33-e84f8494be04,9cdcda2f-3a05-4abe-8f21-8529136ec7fa
3878,110,0a4863ac-402a-4c53-8d36-97f387a2c74b,0f8bb30d-61bf-4513-b56a-113ea8c3aff8
3879,225,490ea819-1cc1-42b6-b41f-2a3f7dc92877,9cdcda2f-3a05-4abe-8f21-8529136ec7fa
3880,74,6fb6df86-9c94-41bb-85b5-538ba1a697ab,fcadc606-b3bc-456e-ad45-826bb6eaa875
3881,225,ff5a6b45-b113-445c-94c8-8c07eaba096e,9cdcda2f-3a05-4abe-8f21-8529136ec7fa
3882,225,dcfb4829-ef7a-4ac1-9851-34d99d2296bf,9cdcda2f-3a05-4abe-8f21-8529136ec7fa
3883,225,d1159865-d77a-478f-9079-01de2d0e8371,9cdcda2f-3a05-4abe-8f21-8529136ec7fa
3884,135,f71475cb-ead5-47d4-a69d-229e2d4e47ad,db2e5f9d-cec7-4fdc-b8bb-9b8f868de407
3884,991,f71475cb-ead5-47d4-a69d-229e2d4e47ad,c09f6ef6-3d50-471d-8c7e-f4a78c8f398c
3885,991,2b276a28-cf2c-4354-8750-04944b0e8658,c09f6ef6-3d50-471d-8c7e-f4a78c8f398c
3886,98,eefb8df5-e836-43b4-af3d-0d6716d7b5e4,1e17f8a9-3e40-4f93-9af1-4b052b3fa800
3887,17,a7fc1a5c-61bf-4073-acfc-a089a7f93d09,4ef1a7fd-f5e0-4b58-9546-932aab42b29c
3887,78,a7fc1a5c-61bf-4073-acfc-a089a7f93d09,b891f2ef-05ab-493e-926f-59d9019f029d
3887,991,a7fc1a5c-61bf-4073-acfc-a089a7f93d09,c09f6ef6-3d50-471d-8c7e-f4a78c8f398c
3888,37,44231656-74f9-412d-b420-e625772d8652,370d50ba-592a-491a-be9e-7aed4b1edcec
3888,100,44231656-74f9-412d-b420-e625772d8652,cc0063a2-f29b-47cc-91bf-9cacc4668dd1
3888,225,44231656-74f9-412d-b420-e625772d8652,9cdcda2f-3a05-4abe-8f21-8529136ec7fa
3889,991,4c1c8f63-65b7-45a4-9a18-60dc089a78b6,c09f6ef6-3d50-471d-8c7e-f4a78c8f398c
3890,991,1905cbb9-ab77-4d54-9d6d-0c6b880e4c46,c09f6ef6-3d50-471d-8c7e-f4a78c8f398c
3892,991,a419ba85-25a9-44ff-852c-9d1984632dc4,c09f6ef6-3d50-471d-8c7e-f4a78c8f398c
3893,991,50e2090a-5a20-43f1-861f-1980cb2bf66c,c09f6ef6-3d50-471d-8c7e-f4a78c8f398c
3894,191,59995c2c-a3a5-4a73-8d26-94d0bf36cbeb,2de6dd51-50e0-4e80-825c-d0aeb80b3a47
3894,991,59995c2c-a3a5-4a73-8d26-94d0bf36cbeb,c09f6ef6-3d50-471d-8c7e-f4a78c8f398c
3895,225,0944ea37-ff43-44ad-921b-1e7368ff28e2,9cdcda2f-3a05-4abe-8f21-8529136ec7fa
3896,225,50e14829-310b-437a-8fc4-99531c190914,9cdcda2f-3a05-4abe-8f21-8529136ec7fa
3897,225,b97de497-7412-4720-a0c5-af1a522ae23b,9cdcda2f-3a05-4abe-8f21-8529136ec7fa
3898,225,9387bee5-f2e2-4188-a7d4-963a7d0e90f7,9cdcda2f-3a05-4abe-8f21-8529136ec7fa
3899,225,c1fa5a95-d30a-4638-8784-9d4c26776ceb,9cdcda2f-3a05-4abe-8f21-8529136ec7fa
3900,225,b85ebb07-ba26-44bc-9dad-dfcd65cb680b,9cdcda2f-3a05-4abe-8f21-8529136ec7fa
3901,225,47129df4-f9ad-4cb0-8a62-b4d97a87b466,9cdcda2f-3a05-4abe-8f21-8529136ec7fa
3902,225,db5520f3-42f9-4499-8b8c-5a37b5f668f6,9cdcda2f-3a05-4abe-8f21-8529136ec7fa
3903,225,bfa2c604-6bfa-45d7-9e57-87f5085de2d4,9cdcda2f-3a05-4abe-8f21-8529136ec7fa
3904,225,ff74e53a-421d-4556-81a6-d17148fd35b0,9cdcda2f-3a05-4abe-8f21-8529136ec7fa
3905,225,24cafecc-f932-4387-af96-632989cb19c5,9cdcda2f-3a05-4abe-8f21-8529136ec7fa
3906,225,36df9198-42ad-40b5-ad1b-632307bdbc13,9cdcda2f-3a05-4abe-8f21-8529136ec7fa
3907,225,a74564f8-cef2-4906-af73-523fc37e7a02,9cdcda2f-3a05-4abe-8f21-8529136ec7fa
3908,225,59227a32-08c4-4430-a97d-83db89ee5d98,9cdcda2f-3a05-4abe-8f21-8529136ec7fa
3909,225,985f7763-a1ef-45f5-b9dc-c8ed4fbfbaeb,9cdcda2f-3a05-4abe-8f21-8529136ec7fa
3910,225,ce313caa-e81e-4292-be36-20c25eac3476,9cdcda2f-3a05-4abe-8f21-8529136ec7fa
3911,225,f9cb5e1f-2df2-4e26-a482-4f55940ab201,9cdcda2f-3a05-4abe-8f21-8529136ec7fa
3912,225,1395a482-eb71-4cc8-9941-7f4273361cc5,9cdcda2f-3a05-4abe-8f21-8529136ec7fa
3913,225,fa3b7f80-2167-4e5c-8cc0-a2bb75250ca9,9cdcda2f-3a05-4abe-8f21-8529136ec7fa
3914,225,4f11a1b3-508c-43ee-bfd5-a44671caa104,9cdcda2f-3a05-4abe-8f21-8529136ec7fa
3915,225,f99f74fb-f784-4787-9f00-074938e6bb8b,9cdcda2f-3a05-4abe-8f21-8529136ec7fa
3916,225,f0691a6c-95c2-430b-810c-69980a5f503a,9cdcda2f-3a05-4abe-8f21-8529136ec7fa
3917,225,390ce43d-1194-4b62-99e0-f3ea76d5f907,9cdcda2f-3a05-4abe-8f21-8529136ec7fa
3918,225,4535ff48-ec62-420f-bac3-53b827fcc55a,9cdcda2f-3a05-4abe-8f21-8529136ec7fa
3919,225,2516e1b3-16f1-4afa-a3c4-7ea62772ab13,9cdcda2f-3a05-4abe-8f21-8529136ec7fa
3920,225,57fcc321-034f-4c8a-b67d-db87d561bcd8,9cdcda2f-3a05-4abe-8f21-8529136ec7fa
3921,225,f972371b-512c-42af-8e88-50d5b33dc4e4,9cdcda2f-3a05-4abe-8f21-8529136ec7fa
3922,225,4e2f01c7-b355-4188-a710-8b7dc93a8a8f,9cdcda2f-3a05-4abe-8f21-8529136ec7fa
3923,225,7f4c3245-1fff-4fba-9c4a-2708ab44bb84,9cdcda2f-3a05-4abe-8f21-8529136ec7fa
3924,225,f7184432-8856-4f5c-b7f1-002254d5e793,9cdcda2f-3a05-4abe-8f21-8529136ec7fa
3925,225,f7a999fd-f802-4527-9f56-178a519191b5,9cdcda2f-3a05-4abe-8f21-8529136ec7fa
3926,225,68d930af-f995-40a1-b6b0-fc4e1770da29,9cdcda2f-3a05-4abe-8f21-8529136ec7fa
3927,225,ac3c9067-3e59-4a7e-a462-4d5166a34506,9cdcda2f-3a05-4abe-8f21-8529136ec7fa
3928,225,3d241ff5-3f14-4c16-8f11-c1087be1063b,9cdcda2f-3a05-4abe-8f21-8529136ec7fa
3929,225,7a754709-510e-42e8-9ef0-ec473c5e9339,9cdcda2f-3a05-4abe-8f21-8529136ec7fa
3930,225,fa1a88f0-c094-4fae-b9ea-ec7c3a37d431,9cdcda2f-3a05-4abe-8f21-8529136ec7fa
3931,225,61a76ab5-59ff-4ecb-8a81-7c2544873c3e,9cdcda2f-3a05-4abe-8f21-8529136ec7fa
3932,225,1bf0ab98-085a-4c1a-a4d3-9ce516f0675c,9cdcda2f-3a05-4abe-8f21-8529136ec7fa
3933,225,888e5e50-aa9c-43d0-b0bf-9878e11e01f6,9cdcda2f-3a05-4abe-8f21-8529136ec7fa
3934,225,b5f165b2-c251-4289-b557-e3e1536fe3c8,9cdcda2f-3a05-4abe-8f21-8529136ec7fa
3935,225,37185e9f-8fcc-45a4-b07d-5356c72503ce,9cdcda2f-3a05-4abe-8f21-8529136ec7fa
3936,225,f0bf1e19-c340-4425-8e11-3fdc10426cfb,9cdcda2f-3a05-4abe-8f21-8529136ec7fa
3937,225,b3da11b2-1253-4784-8593-894f0b91e11e,9cdcda2f-3a05-4abe-8f21-8529136ec7fa
3938,225,12c0c71b-e7ce-4856-b58d-81e8c60fa2ac,9cdcda2f-3a05-4abe-8f21-8529136ec7fa
3939,225,df1e943b-ea10-47ae-b798-5944dfe284f1,9cdcda2f-3a05-4abe-8f21-8529136ec7fa
3940,225,b28abbf0-9469-4ca8-998a-0f4f92daac46,9cdcda2f-3a05-4abe-8f21-8529136ec7fa
3941,225,74061ac4-df5a-4047-98a2-65980ec02f9d,9cdcda2f-3a05-4abe-8f21-8529136ec7fa
3942,225,c3b846b9-c733-40e9-9391-26a74749eef5,9cdcda2f-3a05-4abe-8f21-8529136ec7fa
3943,225,95c62fe8-6768-4adf-80f3-85954d8bf668,9cdcda2f-3a05-4abe-8f21-8529136ec7fa
3944,225,fcb53f5f-a3f0-4515-8922-cfc88c174bca,9cdcda2f-3a05-4abe-8f21-8529136ec7fa
3945,225,f038a098-8764-4835-b722-bb97087bc01d,9cdcda2f-3a05-4abe-8f21-8529136ec7fa
3946,225,f0863ef8-7ef8-4c9e-8a63-1a7b0a808dc2,9cdcda2f-3a05-4abe-8f21-8529136ec7fa
3947,225,decbf09b-c134-4ce4-b5c8-40ae9e73d7ca,9cdcda2f-3a05-4abe-8f21-8529136ec7fa
3948,225,e9273532-3427-4150-9ace-6c38328ebb4b,9cdcda2f-3a05-4abe-8f21-8529136ec7fa
3949,74,f4a78af4-4add-40d8-93c6-7ddb3fe8536a,fcadc606-b3bc-456e-ad45-826bb6eaa875
3949,107,f4a78af4-4add-40d8-93c6-7ddb3fe8536a,d5b59247-e12c-4bb2-ae69-5a3569942ff1
3950,225,21cbdcdf-f8ca-4459-ab25-5d1fd45d61a1,9cdcda2f-3a05-4abe-8f21-8529136ec7fa
3951,225,cf7d19da-0f0e-4657-8e27-ded90b32100d,9cdcda2f-3a05-4abe-8f21-8529136ec7fa
3952,37,e62baf4d-51a3-4c7b-8115-de14992284d1,370d50ba-592a-491a-be9e-7aed4b1edcec
3952,225,e62baf4d-51a3-4c7b-8115-de14992284d1,9cdcda2f-3a05-4abe-8f21-8529136ec7fa
3953,76,7ecd3257-05fb-45d3-8487-be89f9e61500,aca0ea7d-5edb-4012-b86e-c27ac894c9e9
3954,225,ef334fcc-3e9a-423c-b187-f7503321ef34,9cdcda2f-3a05-4abe-8f21-8529136ec7fa
3955,76,05368a47-9e13-454f-9e77-df2775f1faea,aca0ea7d-5edb-4012-b86e-c27ac894c9e9
3956,225,9fa565de-31c0-4e94-86fd-bb64f473707d,9cdcda2f-3a05-4abe-8f21-8529136ec7fa
3957,225,2c071efd-85b0-43ac-9e28-c73bc1b88440,9cdcda2f-3a05-4abe-8f21-8529136ec7fa
3958,24,339731e8-a007-40e2-95c3-0b0871b311fd,9cffb9aa-910b-42ea-9d3c-166a47d261b0
3958,67,339731e8-a007-40e2-95c3-0b0871b311fd,92fb785b-75ee-467b-8ff0-c25cb9c81149
3958,76,339731e8-a007-40e2-95c3-0b0871b311fd,aca0ea7d-5edb-4012-b86e-c27ac894c9e9
3958,225,339731e8-a007-40e2-95c3-0b0871b311fd,9cdcda2f-3a05-4abe-8f21-8529136ec7fa
3959,56,02042993-f030-482c-a98f-51dfe7047d83,05db5d78-31d2-4fb7-ae0e-f3181d897dec
3959,76,02042993-f030-482c-a98f-51dfe7047d83,aca0ea7d-5edb-4012-b86e-c27ac894c9e9
3959,225,02042993-f030-482c-a98f-51dfe7047d83,9cdcda2f-3a05-4abe-8f21-8529136ec7fa
3960,225,6670f528-f2e6-4692-acaa-2bc957f6ccc0,9cdcda2f-3a05-4abe-8f21-8529136ec7fa
3961,225,cf2394b1-069e-4e7e-bf61-e041eb307707,9cdcda2f-3a05-4abe-8f21-8529136ec7fa
3962,107,75d30a1c-b024-4630-aa07-89b5370cb53e,d5b59247-e12c-4bb2-ae69-5a3569942ff1
3963,160,6a0dc2bd-515b-4965-976d-4958b5b7db40,82d5bcea-2d26-46e5-9d77-5c269d4dc0f3
3964,30,2a296fca-5e2b-494c-b60c-1aed08803373,55c1acfc-2aef-4314-b490-163f7e844333
3965,30,95074571-365c-4b69-9741-cac8ab31fc89,55c1acfc-2aef-4314-b490-163f7e844333
3966,56,6c9b7833-c436-49a6-95d0-69cd84681416,05db5d78-31d2-4fb7-ae0e-f3181d897dec
3967,56,178f2c6f-aaca-49c0-8073-048484f2cc97,05db5d78-31d2-4fb7-ae0e-f3181d897dec
3968,42,cf4ebe70-3ffd-4813-8c64-f96f7301d135,51fc41ab-afab-40d9-a285-aa863fd2e978
3968,56,cf4ebe70-3ffd-4813-8c64-f96f7301d135,05db5d78-31d2-4fb7-ae0e-f3181d897dec
3968,225,cf4ebe70-3ffd-4813-8c64-f96f7301d135,9cdcda2f-3a05-4abe-8f21-8529136ec7fa
3969,152,74b902b5-b2d0-44d3-b06b-d285a8fccd92,fec52039-c629-464b-9df4-83cde2ba0c16
3969,192,74b902b5-b2d0-44d3-b06b-d285a8fccd92,f255ee1a-572c-4450-9477-73ff8bbe6165
3970,96,e8daf241-302e-4ec0-b105-c24e9a9c7442,8ba836d3-0869-499f-86a3-c3e3a092f8d5
3971,96,4ce52d1c-e6ee-42af-90a9-68239d14f8ea,8ba836d3-0869-499f-86a3-c3e3a092f8d5
3972,96,565c0d26-720a-4faa-825b-3321f0b9b630,8ba836d3-0869-499f-86a3-c3e3a092f8d5
3973,96,91dbc213-9daf-4e5d-ab44-9a10663ccdd1,8ba836d3-0869-499f-86a3-c3e3a092f8d5
3973,225,91dbc213-9daf-4e5d-ab44-9a10663ccdd1,9cdcda2f-3a05-4abe-8f21-8529136ec7fa
3974,96,8d33df8f-87d5-45c1-b813-7ff4ba2125f7,8ba836d3-0869-499f-86a3-c3e3a092f8d5
3975,107,e63885a0-89e5-434c-9b05-93ad7a466ae5,d5b59247-e12c-4bb2-ae69-5a3569942ff1
3976,225,306427ad-79a2-483e-bffc-223363760290,9cdcda2f-3a05-4abe-8f21-8529136ec7fa
3977,225,da1badaf-1119-4a20-a9c8-02479c2498bb,9cdcda2f-3a05-4abe-8f21-8529136ec7fa
3978,107,ee283bdc-a9c2-41f5-ad5a-a130f7f01b2f,d5b59247-e12c-4bb2-ae69-5a3569942ff1
3979,225,bc8c3e86-0992-400d-99ae-0c83e85f85d2,9cdcda2f-3a05-4abe-8f21-8529136ec7fa
3980,225,5772380c-6029-4e9b-a5b3-d8b0784a44d1,9cdcda2f-3a05-4abe-8f21-8529136ec7fa
3981,110,1e180705-3800-4113-9d2e-a0687db2d9ac,0f8bb30d-61bf-4513-b56a-113ea8c3aff8
3982,110,3302b4b9-c08d-4526-b2ee-e4eae3f3ee40,0f8bb30d-61bf-4513-b56a-113ea8c3aff8
3983,225,ec247e64-27b5-4fa6-8169-8f72a2d7d80d,9cdcda2f-3a05-4abe-8f21-8529136ec7fa
3984,225,7e8b544a-22f0-43c0-937c-71c896cdf3db,9cdcda2f-3a05-4abe-8f21-8529136ec7fa
3986,160,0905b83a-5adf-4c1c-8e7c-ca1b4c8cffc6,82d5bcea-2d26-46e5-9d77-5c269d4dc0f3
3987,76,6505ca33-97da-43f6-8bb1-f229eddbf698,aca0ea7d-5edb-4012-b86e-c27ac894c9e9
3987,225,6505ca33-97da-43f6-8bb1-f229eddbf698,9cdcda2f-3a05-4abe-8f21-8529136ec7fa
3988,225,4606aeaa-7221-4eeb-b2ca-2822a40bc0fb,9cdcda2f-3a05-4abe-8f21-8529136ec7fa
3989,225,529ddd6f-cf33-4173-a96f-12cab728a249,9cdcda2f-3a05-4abe-8f21-8529136ec7fa
3990,992,11807f7d-4da4-4332-bd93-5b3b5e434e96,f5045ddb-28f5-4810-b5b2-c013e56c96a3
3991,225,dd68df50-591a-4b01-b905-fba1e6af0c9e,9cdcda2f-3a05-4abe-8f21-8529136ec7fa
3992,225,95401e39-ca7e-46d7-a30e-c526c8f9d10a,9cdcda2f-3a05-4abe-8f21-8529136ec7fa
3993,225,e5d8f504-4e4a-48e3-b0d1-9e5bc6b34771,9cdcda2f-3a05-4abe-8f21-8529136ec7fa
3994,74,2920a49e-3be6-4972-b474-8d992fa9d357,fcadc606-b3bc-456e-ad45-826bb6eaa875
3995,76,5dc1537a-f3cf-44a8-9211-3664a0da6929,aca0ea7d-5edb-4012-b86e-c27ac894c9e9
3996,74,3a5395c2-ea61-4870-84f0-218af331ddc3,fcadc606-b3bc-456e-ad45-826bb6eaa875
3996,215,3a5395c2-ea61-4870-84f0-218af331ddc3,22b52df0-c9cb-4369-a335-96b7a5b93c56
3997,42,00066edc-d388-4d42-89b7-40c56912184a,51fc41ab-afab-40d9-a285-aa863fd2e978
3997,74,00066edc-d388-4d42-89b7-40c56912184a,fcadc606-b3bc-456e-ad45-826bb6eaa875
3997,215,00066edc-d388-4d42-89b7-40c56912184a,22b52df0-c9cb-4369-a335-96b7a5b93c56
3998,225,bdf16788-d6db-4681-85f2-3fe97e800c56,9cdcda2f-3a05-4abe-8f21-8529136ec7fa
3999,995,46796267-e96e-4fe6-ac1d-050dd7fcd5fb,4c8bf90e-d1b8-4c9a-9882-fc85aee7fb51
4000,76,ae1b80e2-0915-432a-9f91-7051d35703a4,aca0ea7d-5edb-4012-b86e-c27ac894c9e9
4000,98,ae1b80e2-0915-432a-9f91-7051d35703a4,1e17f8a9-3e40-4f93-9af1-4b052b3fa800
4001,76,766e40d5-131c-4848-befb-d20179c75f97,aca0ea7d-5edb-4012-b86e-c27ac894c9e9
4002,991,2b660b5e-5fe4-4550-a65a-7ddd36203358,c09f6ef6-3d50-471d-8c7e-f4a78c8f398c
4003,118,fb7b8061-0152-4cf5-9b2b-b08fe118d4c1,0ae3d636-f592-4f95-bed4-68e6dc1bf8a1
4005,56,f417256f-f574-4783-9010-e268263d2ca1,05db5d78-31d2-4fb7-ae0e-f3181d897dec
4006,74,85d3ebfb-b9c5-477c-bb56-f3c572e72fd7,fcadc606-b3bc-456e-ad45-826bb6eaa875
4007,107,b6053e49-d48a-42d7-a82e-e34bb485e61c,d5b59247-e12c-4bb2-ae69-5a3569942ff1
4009,107,e49e715c-b7b9-4576-9017-6665e8c2b434,d5b59247-e12c-4bb2-ae69-5a3569942ff1
4010,78,c266d7c2-ba48-4ede-9ff6-6021ac5e91b4,b891f2ef-05ab-493e-926f-59d9019f029d
4010,991,c266d7c2-ba48-4ede-9ff6-6021ac5e91b4,c09f6ef6-3d50-471d-8c7e-f4a78c8f398c
4011,23,d5faf308-310c-40fd-8eb8-62c21fce200f,524be1b8-9739-4266-aa59-a9100c49a6e3
4012,225,349f650b-7c94-424c-b9b4-1fe316e1c6c6,9cdcda2f-3a05-4abe-8f21-8529136ec7fa
4013,225,86e82a1a-3f39-4b59-a2c8-a8b9116a10f9,9cdcda2f-3a05-4abe-8f21-8529136ec7fa
4014,76,0edd238c-2554-4310-806f-445acad502d6,aca0ea7d-5edb-4012-b86e-c27ac894c9e9
4015,217,10487ee2-fa3f-463a-913d-5dd64222aa8e,da1bf799-42e5-4b0d-82c4-358b702d4200
4016,217,a1b2f858-1374-4587-8b7f-e60c865c467b,da1bf799-42e5-4b0d-82c4-358b702d4200
4017,93,dac45e0d-cef8-43c3-89e3-113fe0bed4c0,5aec9d0e-3c30-4467-846f-edbaca04007b
4017,110,dac45e0d-cef8-43c3-89e3-113fe0bed4c0,0f8bb30d-61bf-4513-b56a-113ea8c3aff8
4018,93,ce3e74f9-e0bf-4d31-96ae-8ae6205b196a,5aec9d0e-3c30-4467-846f-edbaca04007b
4019,93,d5f05cd9-797c-40aa-ac61-9b1ff028365c,5aec9d0e-3c30-4467-846f-edbaca04007b
4020,93,00f8523b-b848-4009-8fe7-0dcc23a2e858,5aec9d0e-3c30-4467-846f-edbaca04007b
4021,76,e300b828-1ae6-452b-a315-15729ce389ed,aca0ea7d-5edb-4012-b86e-c27ac894c9e9
4022,217,264e0f00-c068-47d5-84f6-763555f60e67,da1bf799-42e5-4b0d-82c4-358b702d4200
4023,217,dcda06b7-a401-4096-8ecd-691e13865b5d,da1bf799-42e5-4b0d-82c4-358b702d4200
4024,217,737f20dc-a193-4392-9727-991e82d4c49e,da1bf799-42e5-4b0d-82c4-358b702d4200
4025,225,8c2e2e67-3846-4e91-9028-e556c8cf1a23,9cdcda2f-3a05-4abe-8f21-8529136ec7fa
4026,74,e2efef92-0311-447e-861a-99bd2c9bda5d,fcadc606-b3bc-456e-ad45-826bb6eaa875
4027,225,6749a2ad-a958-4100-abdf-5658bc00ae2c,9cdcda2f-3a05-4abe-8f21-8529136ec7fa
4028,37,e198f241-3fd0-4c6b-9e7f-68d049b0c797,370d50ba-592a-491a-be9e-7aed4b1edcec
4029,37,dfab61df-cfe3-49d3-94cd-7487fb8202c7,370d50ba-592a-491a-be9e-7aed4b1edcec
4030,37,c8381308-05c3-44d7-be06-664b725c7d45,370d50ba-592a-491a-be9e-7aed4b1edcec
4031,37,1955658b-f77f-4595-8fe2-5c5685d92d99,370d50ba-592a-491a-be9e-7aed4b1edcec
4032,217,f126442a-5ffe-4592-b801-f76744bdbd02,da1bf799-42e5-4b0d-82c4-358b702d4200
4033,217,0e528f21-2c0b-4f46-be53-67da804477ed,da1bf799-42e5-4b0d-82c4-358b702d4200
4034,217,3d6f3385-20d2-48f2-be53-4a148a253f40,da1bf799-42e5-4b0d-82c4-358b702d4200
4035,217,e6edc089-4efa-479c-9648-fc709fc0a8b6,da1bf799-42e5-4b0d-82c4-358b702d4200
4036,11,6a8ada84-5ca4-4f7a-91a2-22e84ccf1e39,42a63d3f-4077-47c6-98ea-3fa601c5488e
4036,67,6a8ada84-5ca4-4f7a-91a2-22e84ccf1e39,92fb785b-75ee-467b-8ff0-c25cb9c81149
4036,74,6a8ada84-5ca4-4f7a-91a2-22e84ccf1e39,fcadc606-b3bc-456e-ad45-826bb6eaa875
4036,110,6a8ada84-5ca4-4f7a-91a2-22e84ccf1e39,0f8bb30d-61bf-4513-b56a-113ea8c3aff8
4037,11,91041636-d4d8-43cf-a1e1-96a201a4c2bb,42a63d3f-4077-47c6-98ea-3fa601c5488e
4038,11,290dfdcb-c151-48e4-801b-214f880cb940,42a63d3f-4077-47c6-98ea-3fa601c5488e
4039,76,c60f53ac-a192-48d6-9bc8-774e49d6f18c,aca0ea7d-5edb-4012-b86e-c27ac894c9e9
4040,225,9cda4396-cf9e-4c79-bda6-c7ec694491b7,9cdcda2f-3a05-4abe-8f21-8529136ec7fa
4041,225,da6998b0-fc1b-41c6-a9d5-f4ed87de524d,9cdcda2f-3a05-4abe-8f21-8529136ec7fa
4042,225,447c1ecd-071e-46ba-b1bb-898d002a4477,9cdcda2f-3a05-4abe-8f21-8529136ec7fa
4043,225,46de6e35-6ad2-464e-8421-748703997246,9cdcda2f-3a05-4abe-8f21-8529136ec7fa
4044,110,571b1234-9443-4eb2-8445-d9d6533d739a,0f8bb30d-61bf-4513-b56a-113ea8c3aff8
4045,76,9969c350-8932-4221-81ef-8a2e0f832987,aca0ea7d-5edb-4012-b86e-c27ac894c9e9
4045,225,9969c350-8932-4221-81ef-8a2e0f832987,9cdcda2f-3a05-4abe-8f21-8529136ec7fa
4046,110,11548b95-6d41-43f1-99fe-a2177cfcca0d,0f8bb30d-61bf-4513-b56a-113ea8c3aff8
4047,76,fa5145da-7a79-40bd-adb3-7a5a03eded99,aca0ea7d-5edb-4012-b86e-c27ac894c9e9
4047,225,fa5145da-7a79-40bd-adb3-7a5a03eded99,9cdcda2f-3a05-4abe-8f21-8529136ec7fa
4048,21,91a6b42c-3c21-41d9-bde8-a736a9655cd2,ad53cbad-6a77-4499-94a7-c3442c2df2ee
4048,76,91a6b42c-3c21-41d9-bde8-a736a9655cd2,aca0ea7d-5edb-4012-b86e-c27ac894c9e9
4048,225,91a6b42c-3c21-41d9-bde8-a736a9655cd2,9cdcda2f-3a05-4abe-8f21-8529136ec7fa
4049,152,30cd9f44-478c-452b-9eff-aefa6d7c9459,fec52039-c629-464b-9df4-83cde2ba0c16
4050,225,790e48ff-388e-4ca1-bde0-696946851084,9cdcda2f-3a05-4abe-8f21-8529136ec7fa
4051,225,ee194ff6-9d68-49ea-98a6-019887b64d36,9cdcda2f-3a05-4abe-8f21-8529136ec7fa
4052,225,4b2a70ab-1d8d-4e48-8b1f-caa1555b11fb,9cdcda2f-3a05-4abe-8f21-8529136ec7fa
4053,225,457627e8-319c-49d7-86d9-247dcd9ae6f4,9cdcda2f-3a05-4abe-8f21-8529136ec7fa
4054,225,01982d82-c748-42f6-b4f2-3ebeba59fdee,9cdcda2f-3a05-4abe-8f21-8529136ec7fa
4055,56,ecaf372a-9ce8-4e39-9836-14b19d837320,05db5d78-31d2-4fb7-ae0e-f3181d897dec
4055,225,ecaf372a-9ce8-4e39-9836-14b19d837320,9cdcda2f-3a05-4abe-8f21-8529136ec7fa
4056,225,784c48e0-b00a-41b2-8cf6-12b0fb7f1f30,9cdcda2f-3a05-4abe-8f21-8529136ec7fa
4057,225,7d38e8ad-6bb8-4e18-a6ec-3675fc32ffff,9cdcda2f-3a05-4abe-8f21-8529136ec7fa
4058,225,f6562799-26fd-49d6-b9f8-353cf2144776,9cdcda2f-3a05-4abe-8f21-8529136ec7fa
4059,225,69c1926e-0d11-45cc-a7eb-b79674822821,9cdcda2f-3a05-4abe-8f21-8529136ec7fa
4060,225,0e3bebbf-edd1-4d41-b2b6-fff64be49c9f,9cdcda2f-3a05-4abe-8f21-8529136ec7fa
4061,225,0984f94e-05a5-4ea7-b94e-340b63528852,9cdcda2f-3a05-4abe-8f21-8529136ec7fa
4062,225,5e8aed01-52e2-47d3-ab94-9886fc61c49d,9cdcda2f-3a05-4abe-8f21-8529136ec7fa
4063,992,272854ff-1179-4fac-b207-0e6589c7a4cb,f5045ddb-28f5-4810-b5b2-c013e56c96a3
4064,992,c25908e0-8d96-44ec-b6aa-b4c9f9c4caae,f5045ddb-28f5-4810-b5b2-c013e56c96a3
4065,992,d759d98c-9f8d-4251-acac-dd0568f5a724,f5045ddb-28f5-4810-b5b2-c013e56c96a3
4066,991,2d50be0c-115d-450e-a63c-6bbc23dc1a55,c09f6ef6-3d50-471d-8c7e-f4a78c8f398c
4067,991,9e008aa8-1efa-4c3a-91b9-754252f5d68d,c09f6ef6-3d50-471d-8c7e-f4a78c8f398c
4068,992,55fe142a-6b41-4a8d-8340-9869626c8319,f5045ddb-28f5-4810-b5b2-c013e56c96a3
4069,160,f4cbae05-9593-4eef-b698-93d8168e82cf,82d5bcea-2d26-46e5-9d77-5c269d4dc0f3
4070,991,b4db7e6c-233e-46f3-ac28-2781f2cd0329,c09f6ef6-3d50-471d-8c7e-f4a78c8f398c
4071,991,18366831-d620-41b6-8fe3-8bea4b91a7ba,c09f6ef6-3d50-471d-8c7e-f4a78c8f398c
4072,991,6e8fa41f-09cf-4ccf-98ed-b6039661a1c3,c09f6ef6-3d50-471d-8c7e-f4a78c8f398c
4073,991,ac8a9dc9-28ff-4f6c-b390-a50ce7bdb68d,c09f6ef6-3d50-471d-8c7e-f4a78c8f398c
4074,991,720e91b3-b4a7-4018-88a4-ae7e49a38f05,c09f6ef6-3d50-471d-8c7e-f4a78c8f398c
4075,991,83249408-2fcb-4635-b8de-452078020af3,c09f6ef6-3d50-471d-8c7e-f4a78c8f398c
4076,991,3fcd353a-e657-47bb-9d47-898fdc187d7d,c09f6ef6-3d50-471d-8c7e-f4a78c8f398c
4077,37,f762118f-6a29-4d56-bbf1-08ca20d03e2b,370d50ba-592a-491a-be9e-7aed4b1edcec
4078,225,dd3f5b03-9706-4557-9024-befba12e89b5,9cdcda2f-3a05-4abe-8f21-8529136ec7fa
4079,225,8faea87c-4c08-4e4f-9584-8a684cfe2f1e,9cdcda2f-3a05-4abe-8f21-8529136ec7fa
4080,74,3241da2c-d0ba-4314-90ff-e21c347cc5e8,fcadc606-b3bc-456e-ad45-826bb6eaa875
4080,225,3241da2c-d0ba-4314-90ff-e21c347cc5e8,9cdcda2f-3a05-4abe-8f21-8529136ec7fa
4081,14,3da76f1f-4216-4391-89b3-1b089b033825,63415897-6d9c-4dc4-a2cf-db77b292f8ef
4082,152,5330a163-6187-4261-bc86-9d45a30b2e3a,fec52039-c629-464b-9df4-83cde2ba0c16
4083,152,6da12ddd-3ce8-4e03-8986-01d176986caa,fec52039-c629-464b-9df4-83cde2ba0c16
4084,37,022f951a-24ee-44da-8eb4-fec90dc147ac,370d50ba-592a-491a-be9e-7aed4b1edcec
4084,225,022f951a-24ee-44da-8eb4-fec90dc147ac,9cdcda2f-3a05-4abe-8f21-8529136ec7fa
4085,225,a053cfde-28ce-4c6a-b0cc-0aec87409953,9cdcda2f-3a05-4abe-8f21-8529136ec7fa
4087,993,2ce3aa3e-73a0-4728-8034-0ebbe3ce7f29,be7df09a-bed7-44db-844a-05dda9dd1a46
4088,225,89267369-fbc1-4d52-a8e8-45f16d8bd5ac,9cdcda2f-3a05-4abe-8f21-8529136ec7fa
4089,225,bc251b22-c7a7-4dbc-8288-d9074ea53394,9cdcda2f-3a05-4abe-8f21-8529136ec7fa
4090,67,fc0e29f5-f99e-4a42-9262-7f857da499ad,92fb785b-75ee-467b-8ff0-c25cb9c81149
4091,225,d3b7bc06-8abc-47db-99b3-70217147af08,9cdcda2f-3a05-4abe-8f21-8529136ec7fa
4092,992,29ee1ad2-7d4a-4d35-9411-312f8a84839d,f5045ddb-28f5-4810-b5b2-c013e56c96a3
4093,992,9042e090-5015-48b4-8d76-6cd408f9d191,f5045ddb-28f5-4810-b5b2-c013e56c96a3
4094,30,b77762b8-e7a1-4f8a-bf34-0b6457cc20ad,55c1acfc-2aef-4314-b490-163f7e844333
4095,7,581a95cc-5fdf-44de-8719-4b5299cbfb59,c755eb3a-e923-42e6-9356-5850d4729e56
4096,23,1514157d-b1a3-4b7b-9b72-ee09dd5f0c43,524be1b8-9739-4266-aa59-a9100c49a6e3
4096,217,1514157d-b1a3-4b7b-9b72-ee09dd5f0c43,da1bf799-42e5-4b0d-82c4-358b702d4200
4097,37,f37a4dfc-c482-47f1-87fd-053e7509fa16,370d50ba-592a-491a-be9e-7aed4b1edcec
4097,225,f37a4dfc-c482-47f1-87fd-053e7509fa16,9cdcda2f-3a05-4abe-8f21-8529136ec7fa
4098,67,4e51328c-d13a-4038-9e45-977626c319ef,92fb785b-75ee-467b-8ff0-c25cb9c81149
4098,100,4e51328c-d13a-4038-9e45-977626c319ef,cc0063a2-f29b-47cc-91bf-9cacc4668dd1
4099,217,0ecadf45-4e2d-4978-b6bd-d5adea3bf70e,da1bf799-42e5-4b0d-82c4-358b702d4200
4100,225,e311627d-ddba-4130-b33f-621be63459bb,9cdcda2f-3a05-4abe-8f21-8529136ec7fa
4101,74,7f1d23ea-cf4f-4f83-82d1-35d9697463ab,fcadc606-b3bc-456e-ad45-826bb6eaa875
4102,74,8fb859bf-02ab-448c-a0d3-a146e40b5052,fcadc606-b3bc-456e-ad45-826bb6eaa875
4103,74,2d44e075-f9c5-4951-a5da-7a36d9e42249,fcadc606-b3bc-456e-ad45-826bb6eaa875
4104,74,1591c861-e7ed-4ef7-90de-bcf032f53172,fcadc606-b3bc-456e-ad45-826bb6eaa875
4105,173,6b6ddd19-03cf-44b7-8891-b96e7bc7fc6e,5c13e222-45ec-4a67-9e4a-d91b1f1e60c9
4106,151,421864e5-d0d2-4833-a16e-1d412429f48d,d99989a8-ea9c-4d4e-86f5-71dfdf6f7e81
4107,67,4957fd2c-d0bb-49a7-8361-896a1770cdbc,92fb785b-75ee-467b-8ff0-c25cb9c81149
4107,74,4957fd2c-d0bb-49a7-8361-896a1770cdbc,fcadc606-b3bc-456e-ad45-826bb6eaa875
4108,225,e9524a62-a230-4c47-b888-3910105843ba,9cdcda2f-3a05-4abe-8f21-8529136ec7fa
4109,47,95be2e32-a407-4908-9cc2-f54eb63c6084,bce5e705-92ce-432a-a0d6-2ee99faeb42b
4109,225,95be2e32-a407-4908-9cc2-f54eb63c6084,9cdcda2f-3a05-4abe-8f21-8529136ec7fa
4110,47,64b1277a-0447-4455-ba0a-7b141e37d5b7,bce5e705-92ce-432a-a0d6-2ee99faeb42b
4110,93,64b1277a-0447-4455-ba0a-7b141e37d5b7,5aec9d0e-3c30-4467-846f-edbaca04007b
4111,47,1fb3b7be-1d1e-4e96-8b0e-949d0c1d5394,bce5e705-92ce-432a-a0d6-2ee99faeb42b
4112,47,5d67d967-703b-41ac-9745-5641d03be708,bce5e705-92ce-432a-a0d6-2ee99faeb42b
4112,93,5d67d967-703b-41ac-9745-5641d03be708,5aec9d0e-3c30-4467-846f-edbaca04007b
4113,47,afe3ece5-2141-4955-b4c7-93f857d0aca4,bce5e705-92ce-432a-a0d6-2ee99faeb42b
4113,93,afe3ece5-2141-4955-b4c7-93f857d0aca4,5aec9d0e-3c30-4467-846f-edbaca04007b
4113,225,afe3ece5-2141-4955-b4c7-93f857d0aca4,9cdcda2f-3a05-4abe-8f21-8529136ec7fa
4114,47,4b1e1b9f-8de8-45e8-89f3-4830f2468d75,bce5e705-92ce-432a-a0d6-2ee99faeb42b
4115,47,995c1337-d341-4257-b820-b9465b8451b7,bce5e705-92ce-432a-a0d6-2ee99faeb42b
4115,225,995c1337-d341-4257-b820-b9465b8451b7,9cdcda2f-3a05-4abe-8f21-8529136ec7fa
4116,110,41f02326-c3db-4970-9c83-06b2525bf233,0f8bb30d-61bf-4513-b56a-113ea8c3aff8
4116,220,41f02326-c3db-4970-9c83-06b2525bf233,14b21639-9757-41e5-a698-9d715f44f80d
4117,47,b8ea25cb-6d9a-4cf5-a6dc-7ca598e877ec,bce5e705-92ce-432a-a0d6-2ee99faeb42b
4118,225,8abe3ffd-eae2-4135-ac26-09fb7e32c74c,9cdcda2f-3a05-4abe-8f21-8529136ec7fa
4119,225,6e3d2bd9-3a55-4aec-9a23-f86cfeb6cb09,9cdcda2f-3a05-4abe-8f21-8529136ec7fa
4120,37,61e0b669-0ec5-47ca-a384-11a5454e70eb,370d50ba-592a-491a-be9e-7aed4b1edcec
4121,14,2a21fa45-0fd7-4490-951f-05811e2cb9c2,63415897-6d9c-4dc4-a2cf-db77b292f8ef
4122,991,e560adee-6dd6-4781-bf58-407ac9d83df5,c09f6ef6-3d50-471d-8c7e-f4a78c8f398c
4123,37,6ed53f24-05c3-46cf-82a8-1b0d4226e933,370d50ba-592a-491a-be9e-7aed4b1edcec
4123,225,6ed53f24-05c3-46cf-82a8-1b0d4226e933,9cdcda2f-3a05-4abe-8f21-8529136ec7fa
4124,56,4f0b23f5-93fb-43e9-bf5c-34fa986fe517,05db5d78-31d2-4fb7-ae0e-f3181d897dec
4124,74,4f0b23f5-93fb-43e9-bf5c-34fa986fe517,fcadc606-b3bc-456e-ad45-826bb6eaa875
4124,181,4f0b23f5-93fb-43e9-bf5c-34fa986fe517,e18dedf7-9e91-4fff-85c1-66c4822d748a
4124,217,4f0b23f5-93fb-43e9-bf5c-34fa986fe517,da1bf799-42e5-4b0d-82c4-358b702d4200
4125,225,28aa39ff-e406-4130-85d0-af023ce0feed,9cdcda2f-3a05-4abe-8f21-8529136ec7fa
4126,96,cff62ab9-412b-4b6f-a373-6b6a9c7fe3bf,8ba836d3-0869-499f-86a3-c3e3a092f8d5
4127,56,0164822e-115c-4fa9-a2f1-26a7254eaed4,05db5d78-31d2-4fb7-ae0e-f3181d897dec
4128,110,5369c072-66f5-4aef-ae22-8903e87952b2,0f8bb30d-61bf-4513-b56a-113ea8c3aff8
4129,225,197d7392-d925-49d8-8300-da661871580c,9cdcda2f-3a05-4abe-8f21-8529136ec7fa
4130,56,419ebe42-153b-49e4-88c8-515670ff0778,05db5d78-31d2-4fb7-ae0e-f3181d897dec
4130,74,419ebe42-153b-49e4-88c8-515670ff0778,fcadc606-b3bc-456e-ad45-826bb6eaa875
4130,217,419ebe42-153b-49e4-88c8-515670ff0778,da1bf799-42e5-4b0d-82c4-358b702d4200
4131,225,0051b346-fc9e-4dda-bd9b-dd820fa0abb9,9cdcda2f-3a05-4abe-8f21-8529136ec7fa
4132,225,d60fc260-4d60-47ab-bc54-ab88522bf11d,9cdcda2f-3a05-4abe-8f21-8529136ec7fa
4133,992,f11f8d02-bc9e-4d4c-8ee1-529f43383a41,f5045ddb-28f5-4810-b5b2-c013e56c96a3
4134,225,b681a50d-c5a5-4c6e-9f8f-5ad4b832bd0f,9cdcda2f-3a05-4abe-8f21-8529136ec7fa
4135,225,f7377c45-4bd8-4e63-a163-a12eb81edde0,9cdcda2f-3a05-4abe-8f21-8529136ec7fa
4136,225,77127988-56dd-49f1-b863-7b8863f97713,9cdcda2f-3a05-4abe-8f21-8529136ec7fa
4137,67,f80c0834-7e36-4502-a165-4f906406e54c,92fb785b-75ee-467b-8ff0-c25cb9c81149
4138,225,50a2d7bb-e2ce-454b-ae41-bea94570616f,9cdcda2f-3a05-4abe-8f21-8529136ec7fa
4139,118,f241a7ec-0e43-461b-b163-090111e158cc,0ae3d636-f592-4f95-bed4-68e6dc1bf8a1
4140,56,61f3e159-32e5-4bc5-ab3a-b0b42de7235e,05db5d78-31d2-4fb7-ae0e-f3181d897dec
4141,76,f2455e83-6361-4517-9b87-6bdb00210282,aca0ea7d-5edb-4012-b86e-c27ac894c9e9
4142,69,e1245b93-331e-4a96-b70e-edae7fed8fe3,035eab86-1053-41d2-bb09-048493bf5a8f
4144,225,fb50050c-9f41-42eb-bbd0-97a323d141ab,9cdcda2f-3a05-4abe-8f21-8529136ec7fa
4145,74,305c82fa-b379-4076-9a03-7afd1f131fd4,fcadc606-b3bc-456e-ad45-826bb6eaa875
4146,37,aa7c5d9f-c1a0-463b-828e-437f91b6b59b,370d50ba-592a-491a-be9e-7aed4b1edcec
4147,239,294fcb89-f9d2-4ddc-8b45-34e118ac6c2b,44516d0f-7394-4053-855c-cd6912710867
4149,29,41bc7bc1-f9ad-4095-b073-d0a19d8f3cff,8fecec97-6dcb-4934-969f-e712e40d3087
4150,69,ea39e75c-1bf5-4f7e-9c08-d2281c18dc82,035eab86-1053-41d2-bb09-048493bf5a8f
4152,225,7ead9636-01f6-438e-905d-79908ea08743,9cdcda2f-3a05-4abe-8f21-8529136ec7fa
4154,225,88cc08a3-9990-46a7-a9dd-59c684370b67,9cdcda2f-3a05-4abe-8f21-8529136ec7fa
4157,225,1fd68b38-231f-43b2-a89f-9ab187c92b73,9cdcda2f-3a05-4abe-8f21-8529136ec7fa
4158,47,aea86a14-ac24-42b7-9925-b5eb2653286b,bce5e705-92ce-432a-a0d6-2ee99faeb42b
4159,76,5d2ca559-d347-45a0-a408-37f9cacce1cd,aca0ea7d-5edb-4012-b86e-c27ac894c9e9
4160,56,f7fdaa91-7e0a-4900-bc95-3d9be61dd28d,05db5d78-31d2-4fb7-ae0e-f3181d897dec
4161,110,faf190c6-b01f-4d48-99b8-252a60944df6,0f8bb30d-61bf-4513-b56a-113ea8c3aff8
4162,76,b21601e7-8030-4e2d-8f28-59bf3cc8a5d4,aca0ea7d-5edb-4012-b86e-c27ac894c9e9
4163,110,6c829bf4-5bb2-4914-8e0b-c0b881d01340,0f8bb30d-61bf-4513-b56a-113ea8c3aff8
4164,225,a78c4960-8578-453a-8cd8-4df5072490d2,9cdcda2f-3a05-4abe-8f21-8529136ec7fa
4165,76,aa9babf7-739a-46d6-89d7-493f50422565,aca0ea7d-5edb-4012-b86e-c27ac894c9e9
4166,225,198d6200-e617-40ee-8a0f-ffd1a524b9b9,9cdcda2f-3a05-4abe-8f21-8529136ec7fa
4167,225,3e13bbb0-0564-48d8-a891-fa8c74519c6c,9cdcda2f-3a05-4abe-8f21-8529136ec7fa
4168,225,c907b078-cd18-453c-8a27-94736bccf92c,9cdcda2f-3a05-4abe-8f21-8529136ec7fa
4169,239,5c8dc0d9-fe5d-4cb6-93f9-08fcaee4b878,44516d0f-7394-4053-855c-cd6912710867
4170,76,a1f014e1-1cf2-47ca-8161-658820d1310a,aca0ea7d-5edb-4012-b86e-c27ac894c9e9
4171,58,c5a6c96d-3de4-4c0d-a552-9bc4281e3571,70349383-d413-4b44-af33-49f3df8ed8f5
4171,161,c5a6c96d-3de4-4c0d-a552-9bc4281e3571,cb4838c4-6ff1-432f-93f3-985c8eeb8f1b
4172,110,911e2abf-b661-460f-a861-540acfaa678e,0f8bb30d-61bf-4513-b56a-113ea8c3aff8
4174,67,b232763c-434e-41f8-ac26-83c21ae02526,92fb785b-75ee-467b-8ff0-c25cb9c81149
4174,76,b232763c-434e-41f8-ac26-83c21ae02526,aca0ea7d-5edb-4012-b86e-c27ac894c9e9
4174,225,b232763c-434e-41f8-ac26-83c21ae02526,9cdcda2f-3a05-4abe-8f21-8529136ec7fa
4175,225,d3339bee-fb49-492c-bdce-3f9677d293a3,9cdcda2f-3a05-4abe-8f21-8529136ec7fa
4176,67,d0f5d856-d386-42b5-9256-64b797346d7d,92fb785b-75ee-467b-8ff0-c25cb9c81149
4177,67,aa10f9b9-8f5e-477b-9674-ffb4347f3d40,92fb785b-75ee-467b-8ff0-c25cb9c81149
4178,11,8bed2b72-0499-4c60-ae17-c2cffac2d4da,42a63d3f-4077-47c6-98ea-3fa601c5488e
4178,67,8bed2b72-0499-4c60-ae17-c2cffac2d4da,92fb785b-75ee-467b-8ff0-c25cb9c81149
4179,173,3f4ec9dd-afa7-4f14-885c-96ef6676b836,5c13e222-45ec-4a67-9e4a-d91b1f1e60c9
4180,992,bcc6690a-19e2-49d8-a035-f4c288fb4c24,f5045ddb-28f5-4810-b5b2-c013e56c96a3
4181,992,b6adf9df-da9a-4937-9dea-d6d2c1da9d49,f5045ddb-28f5-4810-b5b2-c013e56c96a3
4182,37,0c87b44c-f869-4784-8ad4-0b3e77b60be9,370d50ba-592a-491a-be9e-7aed4b1edcec
4183,76,87f61d02-ca69-464e-85c5-a3cfe75b42da,aca0ea7d-5edb-4012-b86e-c27ac894c9e9
4184,76,f3ae54d2-211b-4d18-996c-1cadaf331551,aca0ea7d-5edb-4012-b86e-c27ac894c9e9
4185,76,18fb32eb-481c-48ba-97b9-a93a47c5d2e9,aca0ea7d-5edb-4012-b86e-c27ac894c9e9
4185,151,18fb32eb-481c-48ba-97b9-a93a47c5d2e9,d99989a8-ea9c-4d4e-86f5-71dfdf6f7e81
4185,161,18fb32eb-481c-48ba-97b9-a93a47c5d2e9,cb4838c4-6ff1-432f-93f3-985c8eeb8f1b
4185,173,18fb32eb-481c-48ba-97b9-a93a47c5d2e9,5c13e222-45ec-4a67-9e4a-d91b1f1e60c9
4186,225,bb0b928e-62bd-4ecf-84a8-7e673a04b503,9cdcda2f-3a05-4abe-8f21-8529136ec7fa
4187,76,131d32ce-9199-461d-8c63-d60f8eeba101,aca0ea7d-5edb-4012-b86e-c27ac894c9e9
4189,225,1cf1dca2-3050-4a0d-937f-6ea6d8cc4a44,9cdcda2f-3a05-4abe-8f21-8529136ec7fa
4191,37,622c6f8e-7972-4ce5-9dd3-64f22a167838,370d50ba-592a-491a-be9e-7aed4b1edcec
4191,225,622c6f8e-7972-4ce5-9dd3-64f22a167838,9cdcda2f-3a05-4abe-8f21-8529136ec7fa
4192,225,1af052d1-dafd-4433-9e67-c53f6d39191a,9cdcda2f-3a05-4abe-8f21-8529136ec7fa
4193,48,1f5d40da-4f40-4ba6-8faa-8b89d57f7551,004125a4-472f-4bad-90f3-34fa379214e9
4194,225,0cca1360-2081-4d05-8b9b-61ecbea26a82,9cdcda2f-3a05-4abe-8f21-8529136ec7fa
4195,996,82261394-1003-44d5-a8e6-a23b6ce78572,4de9d058-62bb-4727-b2a3-ef64bed4edf9
4196,995,69b69635-18ce-4484-afd3-634914d3772a,4c8bf90e-d1b8-4c9a-9882-fc85aee7fb51
4197,225,83aa46c3-1a21-44fb-8d3f-e147b8614ceb,9cdcda2f-3a05-4abe-8f21-8529136ec7fa
4198,74,2dbb1f32-0aaa-4ba0-b615-d3fdee89bbe7,fcadc606-b3bc-456e-ad45-826bb6eaa875
4199,21,a8aa14bc-8229-4a03-bafb-2eae4a52a46a,ad53cbad-6a77-4499-94a7-c3442c2df2ee
4199,74,a8aa14bc-8229-4a03-bafb-2eae4a52a46a,fcadc606-b3bc-456e-ad45-826bb6eaa875
4200,225,2c5d2983-2b71-47c5-880e-064f0e5452e2,9cdcda2f-3a05-4abe-8f21-8529136ec7fa
4200,995,2c5d2983-2b71-47c5-880e-064f0e5452e2,4c8bf90e-d1b8-4c9a-9882-fc85aee7fb51
4201,225,555ef96f-dea7-4957-8baf-0e58f2c777c4,9cdcda2f-3a05-4abe-8f21-8529136ec7fa
4202,74,0fe320ba-e485-436a-876d-b1f0997f2fa7,fcadc606-b3bc-456e-ad45-826bb6eaa875
4202,225,0fe320ba-e485-436a-876d-b1f0997f2fa7,9cdcda2f-3a05-4abe-8f21-8529136ec7fa
4203,225,5bc9bf70-c19f-46c7-b6ff-fc4c61158690,9cdcda2f-3a05-4abe-8f21-8529136ec7fa
4203,993,5bc9bf70-c19f-46c7-b6ff-fc4c61158690,be7df09a-bed7-44db-844a-05dda9dd1a46
4204,56,cb60d08a-46de-465e-8139-48e076b3a522,05db5d78-31d2-4fb7-ae0e-f3181d897dec
4205,995,2ef4f73b-e224-432e-a33b-dc87680d6ed2,4c8bf90e-d1b8-4c9a-9882-fc85aee7fb51
4206,37,d1ef01da-d9a5-4b40-be19-301af314b900,370d50ba-592a-491a-be9e-7aed4b1edcec
4206,225,d1ef01da-d9a5-4b40-be19-301af314b900,9cdcda2f-3a05-4abe-8f21-8529136ec7fa
4207,225,ee647de5-48c3-4ada-8d90-5bf1611d5cc7,9cdcda2f-3a05-4abe-8f21-8529136ec7fa
4208,225,cbf9a004-bf71-40cb-b734-d85c5cbd338e,9cdcda2f-3a05-4abe-8f21-8529136ec7fa
4209,225,ec3b0a4c-0e56-43a5-96de-6a355d1bb9cb,9cdcda2f-3a05-4abe-8f21-8529136ec7fa
4210,56,b2efa0d5-cc02-435e-af51-60833d55b8c2,05db5d78-31d2-4fb7-ae0e-f3181d897dec
4211,225,8bf31ae6-78b4-4ef5-8337-34818816a504,9cdcda2f-3a05-4abe-8f21-8529136ec7fa
4212,107,f34cf593-7cdf-45fb-a15e-0790071f2338,d5b59247-e12c-4bb2-ae69-5a3569942ff1
4213,165,fe4f67c3-fd37-4850-9aab-9ac8bb57e7f5,666176cb-7d89-4559-959d-ce3cccf68dd7
4214,39,c035736c-fc56-4711-af07-81b76d50ed8e,4acfc416-1589-4bde-acf0-ac5a3c29bfd2
4214,186,c035736c-fc56-4711-af07-81b76d50ed8e,df707560-7550-4c2e-acf0-2432d2541909
4215,225,fa15b7b1-7f63-4948-b851-6004da30e19b,9cdcda2f-3a05-4abe-8f21-8529136ec7fa
4215,233,fa15b7b1-7f63-4948-b851-6004da30e19b,b1da5eee-5e1f-461e-b272-253871a441d8
4216,37,91013da9-9f67-438e-b5fe-d23b0d4c8764,370d50ba-592a-491a-be9e-7aed4b1edcec
4217,225,8e5cc58d-3869-484f-8ea2-22139d1b2447,9cdcda2f-3a05-4abe-8f21-8529136ec7fa
4218,225,c47bc8b5-0a2e-49bc-89a1-bb991a311e1a,9cdcda2f-3a05-4abe-8f21-8529136ec7fa
4219,225,5dbdbc38-03ff-4450-942c-829bc220e135,9cdcda2f-3a05-4abe-8f21-8529136ec7fa
4220,225,4f253209-569b-4ead-9a29-1929ae4b907a,9cdcda2f-3a05-4abe-8f21-8529136ec7fa
4221,225,98d59e28-cc33-450b-9efb-b24b27968e99,9cdcda2f-3a05-4abe-8f21-8529136ec7fa
4222,225,ce77a26b-0501-419b-a0f8-b67b9a4f1dd6,9cdcda2f-3a05-4abe-8f21-8529136ec7fa
4223,158,cc307251-543d-4a87-8e3a-d12340939e1b,a537d92c-4cb3-4561-a964-7aa88f6c9316
4224,158,bf0dd922-9ce2-44b4-b170-40f242552bde,a537d92c-4cb3-4561-a964-7aa88f6c9316
4225,158,1d6bc657-2bc1-4e2e-9dc9-a5e19f08a3ef,a537d92c-4cb3-4561-a964-7aa88f6c9316
4226,158,e16137f5-2103-483f-abad-c7220931e3c9,a537d92c-4cb3-4561-a964-7aa88f6c9316
4227,158,305fe568-7239-4876-89bf-8a65e20d552a,a537d92c-4cb3-4561-a964-7aa88f6c9316
4228,56,ac88a087-9ff6-4335-b125-f8baadd90252,05db5d78-31d2-4fb7-ae0e-f3181d897dec
4230,47,d880a502-9d71-49d1-a62d-d57ecb0b6546,bce5e705-92ce-432a-a0d6-2ee99faeb42b
4230,93,d880a502-9d71-49d1-a62d-d57ecb0b6546,5aec9d0e-3c30-4467-846f-edbaca04007b
4231,225,ef73f019-f0c0-4995-a263-0c2ba794641a,9cdcda2f-3a05-4abe-8f21-8529136ec7fa
4232,14,3686bd56-f18d-49d3-a8c6-7fb1b0b6ab46,63415897-6d9c-4dc4-a2cf-db77b292f8ef
4233,14,3e0b0292-041d-4111-af0d-6b86271dd772,63415897-6d9c-4dc4-a2cf-db77b292f8ef
4233,225,3e0b0292-041d-4111-af0d-6b86271dd772,9cdcda2f-3a05-4abe-8f21-8529136ec7fa
4234,47,8a76a09d-bfb2-4e0a-9a01-4ad1c96554a6,bce5e705-92ce-432a-a0d6-2ee99faeb42b
4234,93,8a76a09d-bfb2-4e0a-9a01-4ad1c96554a6,5aec9d0e-3c30-4467-846f-edbaca04007b
4234,225,8a76a09d-bfb2-4e0a-9a01-4ad1c96554a6,9cdcda2f-3a05-4abe-8f21-8529136ec7fa
4235,76,72c2f790-cc3f-49a8-922d-3e818f27ed2f,aca0ea7d-5edb-4012-b86e-c27ac894c9e9
4236,222,439241f6-adfa-4a5e-8f21-ecbbd05de821,bfcd729e-fa75-4887-bbe3-34e59d05af64
4237,222,bb17a82a-e1d6-4af3-a524-d3d47b892410,bfcd729e-fa75-4887-bbe3-34e59d05af64
4238,37,2d17bda2-36f5-4ebe-b3a7-1b2dc2c071d0,370d50ba-592a-491a-be9e-7aed4b1edcec
4238,102,2d17bda2-36f5-4ebe-b3a7-1b2dc2c071d0,a9d2a258-26e9-47ca-a80d-cb83e3d4fb49
4238,225,2d17bda2-36f5-4ebe-b3a7-1b2dc2c071d0,9cdcda2f-3a05-4abe-8f21-8529136ec7fa
4239,30,e804b503-7fcd-4495-b879-633609390ea6,55c1acfc-2aef-4314-b490-163f7e844333
4240,30,560120a3-06ae-45a9-a322-493007ccd663,55c1acfc-2aef-4314-b490-163f7e844333
4241,30,7ebbb929-5997-4e7c-9cd1-2f11b5f42730,55c1acfc-2aef-4314-b490-163f7e844333
4242,225,54ea524e-4afb-44f2-8eb7-6a574ea2b215,9cdcda2f-3a05-4abe-8f21-8529136ec7fa
4243,74,972996b2-c2e0-4c6d-b406-ff6c4598e64b,fcadc606-b3bc-456e-ad45-826bb6eaa875
4243,110,972996b2-c2e0-4c6d-b406-ff6c4598e64b,0f8bb30d-61bf-4513-b56a-113ea8c3aff8
4243,225,972996b2-c2e0-4c6d-b406-ff6c4598e64b,9cdcda2f-3a05-4abe-8f21-8529136ec7fa
4244,56,cfe719b5-8770-4bf6-94e7-fc836e2a8683,05db5d78-31d2-4fb7-ae0e-f3181d897dec
4245,56,ced11d4f-004d-4f5f-be3f-c9037b445d56,05db5d78-31d2-4fb7-ae0e-f3181d897dec
4246,56,c85c7e3c-df10-4aea-97db-fc0e5115fdde,05db5d78-31d2-4fb7-ae0e-f3181d897dec
4247,56,c7529894-3d23-43d0-a946-fa23aea323e8,05db5d78-31d2-4fb7-ae0e-f3181d897dec
4248,56,532ba96f-c2d7-4f7b-875f-affa7c971290,05db5d78-31d2-4fb7-ae0e-f3181d897dec
4249,56,e474368b-28ae-48d6-a51b-2d2749f0a652,05db5d78-31d2-4fb7-ae0e-f3181d897dec
4250,56,928eb6eb-a475-4011-a2ac-613e71d7b2f3,05db5d78-31d2-4fb7-ae0e-f3181d897dec
4251,56,03c0debe-64fe-4c41-93db-d3110a8ca358,05db5d78-31d2-4fb7-ae0e-f3181d897dec
4252,56,220df8f4-8ae4-46d4-b446-61a4e69620f5,05db5d78-31d2-4fb7-ae0e-f3181d897dec
4253,56,a6af81ad-2936-492d-b358-939457668877,05db5d78-31d2-4fb7-ae0e-f3181d897dec
4254,56,bf908cfe-e235-47ff-bbed-451f201f7e1f,05db5d78-31d2-4fb7-ae0e-f3181d897dec
4255,56,590f222e-6dd9-4ad3-963e-9b28ac548435,05db5d78-31d2-4fb7-ae0e-f3181d897dec
4256,56,6057a6e3-5f3a-45ef-bbc9-83c6441fe3a3,05db5d78-31d2-4fb7-ae0e-f3181d897dec
4257,56,b4a26beb-10a4-4f9a-9988-7849cd6dddd1,05db5d78-31d2-4fb7-ae0e-f3181d897dec
4258,56,84cf8a0e-6345-4053-a7b4-667b462fd4fd,05db5d78-31d2-4fb7-ae0e-f3181d897dec
4259,56,16ffa11c-2d45-4506-9820-22effd7198d9,05db5d78-31d2-4fb7-ae0e-f3181d897dec
4260,56,1585fd34-0dd8-41a6-be9e-d368c5e8556e,05db5d78-31d2-4fb7-ae0e-f3181d897dec
4261,56,c24a7179-c980-4e9e-a086-1df43d665843,05db5d78-31d2-4fb7-ae0e-f3181d897dec
4262,993,7ecbba99-2544-4ad8-962e-fb165d264737,be7df09a-bed7-44db-844a-05dda9dd1a46
4263,991,a4bd1edb-fe9c-48e2-99a7-7ebde13cf399,c09f6ef6-3d50-471d-8c7e-f4a78c8f398c
4264,225,11c9ae51-a353-4886-b2e7-fa31d926496a,9cdcda2f-3a05-4abe-8f21-8529136ec7fa
4265,225,df565070-a821-4a27-8a26-a12a710ae5db,9cdcda2f-3a05-4abe-8f21-8529136ec7fa
4266,76,d3782d97-7dfd-4d95-8f09-10e76302fbc6,aca0ea7d-5edb-4012-b86e-c27ac894c9e9
4266,225,d3782d97-7dfd-4d95-8f09-10e76302fbc6,9cdcda2f-3a05-4abe-8f21-8529136ec7fa
4267,991,7b0481cb-851b-47a0-9c15-ec2ff834e038,c09f6ef6-3d50-471d-8c7e-f4a78c8f398c
4268,222,c8677c3d-1eb9-4460-b6fa-969218746a18,bfcd729e-fa75-4887-bbe3-34e59d05af64
4269,47,539ab5dd-1984-4ecf-8479-1d4958484781,bce5e705-92ce-432a-a0d6-2ee99faeb42b
4270,47,c6f21349-6692-4262-8165-c5aaafe6f351,bce5e705-92ce-432a-a0d6-2ee99faeb42b
4270,93,c6f21349-6692-4262-8165-c5aaafe6f351,5aec9d0e-3c30-4467-846f-edbaca04007b
4271,992,965e7699-f4b2-4954-9839-1e9b2628c82d,f5045ddb-28f5-4810-b5b2-c013e56c96a3
4272,107,1e8c6a99-7c0c-4675-9d28-c669a40ffc29,d5b59247-e12c-4bb2-ae69-5a3569942ff1
4273,107,3f468124-5dd4-44db-a9ae-ac0bf050f65f,d5b59247-e12c-4bb2-ae69-5a3569942ff1
4274,107,5bb6213c-3d79-4c09-a8e2-988bd779f58f,d5b59247-e12c-4bb2-ae69-5a3569942ff1
4275,225,467aa8da-5ab5-46e6-8e91-25320c859a4b,9cdcda2f-3a05-4abe-8f21-8529136ec7fa
4276,225,696decac-c9bd-4f41-bb0d-aa034a59ae37,9cdcda2f-3a05-4abe-8f21-8529136ec7fa
4277,225,65893ede-57bf-402c-bcbc-868c6771a447,9cdcda2f-3a05-4abe-8f21-8529136ec7fa
4281,225,02436dba-53ef-46e7-8293-10743e82ca2b,9cdcda2f-3a05-4abe-8f21-8529136ec7fa
4283,991,2d645267-7efd-4b33-85d9-159e90d5223b,c09f6ef6-3d50-471d-8c7e-f4a78c8f398c
4284,37,2cea0b2d-ad73-4d38-ad7f-bcf0d407c3d6,370d50ba-592a-491a-be9e-7aed4b1edcec
4284,225,2cea0b2d-ad73-4d38-ad7f-bcf0d407c3d6,9cdcda2f-3a05-4abe-8f21-8529136ec7fa
4285,76,a38e6fb3-deb0-4a04-a676-96e1f2bb8107,aca0ea7d-5edb-4012-b86e-c27ac894c9e9
4285,225,a38e6fb3-deb0-4a04-a676-96e1f2bb8107,9cdcda2f-3a05-4abe-8f21-8529136ec7fa
4286,161,6e2b4d4a-eee5-4800-85e0-056a0171b55c,cb4838c4-6ff1-432f-93f3-985c8eeb8f1b
4287,67,f1d1566c-065b-429b-8c8a-72a186ab877a,92fb785b-75ee-467b-8ff0-c25cb9c81149
4287,74,f1d1566c-065b-429b-8c8a-72a186ab877a,fcadc606-b3bc-456e-ad45-826bb6eaa875
4288,67,fc28ace1-61d4-4994-a7d3-ae2979836667,92fb785b-75ee-467b-8ff0-c25cb9c81149
4289,37,9bc80db8-1c08-49e4-b3c4-0c63da9973df,370d50ba-592a-491a-be9e-7aed4b1edcec
4290,76,c5d70965-8a50-4c11-8a66-aa295b12dbbf,aca0ea7d-5edb-4012-b86e-c27ac894c9e9
4291,37,8880371f-5323-4bee-8de8-6c5d70edcd43,370d50ba-592a-491a-be9e-7aed4b1edcec
4292,74,8b1977a9-6742-4130-84e8-6037ee01e60e,fcadc606-b3bc-456e-ad45-826bb6eaa875
4293,37,1f8f74d8-13d6-4a4e-92ba-b04c25f19ebc,370d50ba-592a-491a-be9e-7aed4b1edcec
4293,76,1f8f74d8-13d6-4a4e-92ba-b04c25f19ebc,aca0ea7d-5edb-4012-b86e-c27ac894c9e9
4293,100,1f8f74d8-13d6-4a4e-92ba-b04c25f19ebc,cc0063a2-f29b-47cc-91bf-9cacc4668dd1
4293,102,1f8f74d8-13d6-4a4e-92ba-b04c25f19ebc,a9d2a258-26e9-47ca-a80d-cb83e3d4fb49
4293,130,1f8f74d8-13d6-4a4e-92ba-b04c25f19ebc,3ac91d17-f0a1-4b85-a83d-efafab0ee78c
4293,171,1f8f74d8-13d6-4a4e-92ba-b04c25f19ebc,2a3cc59e-2888-421d-bb8f-f72c3ba7975f
4293,225,1f8f74d8-13d6-4a4e-92ba-b04c25f19ebc,9cdcda2f-3a05-4abe-8f21-8529136ec7fa
4294,995,d565c379-806f-4577-9efe-c831fabbe9ae,4c8bf90e-d1b8-4c9a-9882-fc85aee7fb51
4295,37,c7587bc9-a5de-4acf-bca1-8e7c587cc356,370d50ba-592a-491a-be9e-7aed4b1edcec
4296,225,c249b21b-63c1-4146-a5a5-5ecacdbfce9c,9cdcda2f-3a05-4abe-8f21-8529136ec7fa
4297,225,2b3987b9-ee7a-4012-9682-66bebf471d1e,9cdcda2f-3a05-4abe-8f21-8529136ec7fa
4298,21,61ded84d-2fc0-448d-ab7d-d702b612d868,ad53cbad-6a77-4499-94a7-c3442c2df2ee
4298,74,61ded84d-2fc0-448d-ab7d-d702b612d868,fcadc606-b3bc-456e-ad45-826bb6eaa875
4299,69,a33390c3-26f8-456a-82d1-7118cb1aa584,035eab86-1053-41d2-bb09-048493bf5a8f
4300,225,d146126a-e2f6-4fc3-a60c-efdbe41080e9,9cdcda2f-3a05-4abe-8f21-8529136ec7fa
4301,225,f9da50f2-fe60-47d6-a894-3e6a9881a9a0,9cdcda2f-3a05-4abe-8f21-8529136ec7fa
4302,76,87d05745-c1b0-40d4-95e4-f290ca460189,aca0ea7d-5edb-4012-b86e-c27ac894c9e9
4303,225,3a2028e7-5d27-444d-9765-da16bcfb59d4,9cdcda2f-3a05-4abe-8f21-8529136ec7fa
4304,118,0aea0b98-4dff-42e5-a905-79843a831c4f,0ae3d636-f592-4f95-bed4-68e6dc1bf8a1
4305,118,0626c06a-473d-414a-b4db-02ed63b0d02d,0ae3d636-f592-4f95-bed4-68e6dc1bf8a1
4306,93,5318663d-e9bf-444c-abef-a06cdc394bbd,5aec9d0e-3c30-4467-846f-edbaca04007b
4307,93,691123ce-3ff7-4e48-992b-6c22d1840f68,5aec9d0e-3c30-4467-846f-edbaca04007b
4308,93,0e299026-6f64-4395-bb87-476421c4432b,5aec9d0e-3c30-4467-846f-edbaca04007b
4308,110,0e299026-6f64-4395-bb87-476421c4432b,0f8bb30d-61bf-4513-b56a-113ea8c3aff8
4309,93,22647a50-fc8f-48d0-a9e2-d905cab01eb5,5aec9d0e-3c30-4467-846f-edbaca04007b
4310,93,b0d2eaaa-c794-42cb-9974-debb386fc334,5aec9d0e-3c30-4467-846f-edbaca04007b
4311,110,95228cc4-7a7a-470c-a43f-98f5ed725f15,0f8bb30d-61bf-4513-b56a-113ea8c3aff8
4312,110,e7d19800-6a5f-4393-9598-546a77cfe863,0f8bb30d-61bf-4513-b56a-113ea8c3aff8
4313,47,d63aa39f-81c2-481a-a5a7-56d43003296a,bce5e705-92ce-432a-a0d6-2ee99faeb42b
4314,47,1a7eb8f5-8422-4035-8213-2b69c624602b,bce5e705-92ce-432a-a0d6-2ee99faeb42b
4315,93,256129ed-d930-4253-839a-f94a6b7e729b,5aec9d0e-3c30-4467-846f-edbaca04007b
4316,76,f942d474-6b5a-4ac1-b30d-747875eab71e,aca0ea7d-5edb-4012-b86e-c27ac894c9e9
4316,225,f942d474-6b5a-4ac1-b30d-747875eab71e,9cdcda2f-3a05-4abe-8f21-8529136ec7fa
4317,225,43c791e0-bf9f-40c7-b3f5-39660b4562b2,9cdcda2f-3a05-4abe-8f21-8529136ec7fa
4318,47,ac562c2b-d86a-4300-b0ca-1437850f8b8c,bce5e705-92ce-432a-a0d6-2ee99faeb42b
4318,93,ac562c2b-d86a-4300-b0ca-1437850f8b8c,5aec9d0e-3c30-4467-846f-edbaca04007b
4319,93,ffa1bf52-2de1-4345-84d5-e53d4a3d560a,5aec9d0e-3c30-4467-846f-edbaca04007b
4319,220,ffa1bf52-2de1-4345-84d5-e53d4a3d560a,14b21639-9757-41e5-a698-9d715f44f80d
4320,17,15e45d91-3975-490f-802a-dbe1279804bb,4ef1a7fd-f5e0-4b58-9546-932aab42b29c
4320,991,15e45d91-3975-490f-802a-dbe1279804bb,c09f6ef6-3d50-471d-8c7e-f4a78c8f398c
4321,17,c73107b2-bcbc-48ab-b172-3eee989344d2,4ef1a7fd-f5e0-4b58-9546-932aab42b29c
4321,991,c73107b2-bcbc-48ab-b172-3eee989344d2,c09f6ef6-3d50-471d-8c7e-f4a78c8f398c
4322,17,b63f50ee-a376-4690-aeed-01901b903f68,4ef1a7fd-f5e0-4b58-9546-932aab42b29c
4322,991,b63f50ee-a376-4690-aeed-01901b903f68,c09f6ef6-3d50-471d-8c7e-f4a78c8f398c
4323,17,42b2681e-4be2-4e71-8f35-48d75083c964,4ef1a7fd-f5e0-4b58-9546-932aab42b29c
4323,991,42b2681e-4be2-4e71-8f35-48d75083c964,c09f6ef6-3d50-471d-8c7e-f4a78c8f398c
4324,7,ba15473a-0f63-4f28-99aa-660827fc04a8,c755eb3a-e923-42e6-9356-5850d4729e56
4324,991,ba15473a-0f63-4f28-99aa-660827fc04a8,c09f6ef6-3d50-471d-8c7e-f4a78c8f398c
4325,7,6c5f7d3a-1602-481e-ad02-4e499f65686d,c755eb3a-e923-42e6-9356-5850d4729e56
4325,991,6c5f7d3a-1602-481e-ad02-4e499f65686d,c09f6ef6-3d50-471d-8c7e-f4a78c8f398c
4326,7,ed097bb3-39e9-4efb-bb7a-b8dd18375e33,c755eb3a-e923-42e6-9356-5850d4729e56
4326,991,ed097bb3-39e9-4efb-bb7a-b8dd18375e33,c09f6ef6-3d50-471d-8c7e-f4a78c8f398c
4327,7,3131dbf5-26fa-4878-880e-b0ba61435423,c755eb3a-e923-42e6-9356-5850d4729e56
4327,991,3131dbf5-26fa-4878-880e-b0ba61435423,c09f6ef6-3d50-471d-8c7e-f4a78c8f398c
4328,7,86c50a32-bcd3-4653-b52c-1ed516bcb919,c755eb3a-e923-42e6-9356-5850d4729e56
4328,991,86c50a32-bcd3-4653-b52c-1ed516bcb919,c09f6ef6-3d50-471d-8c7e-f4a78c8f398c
4330,7,192fb300-b796-412f-92dc-924eb67e4092,c755eb3a-e923-42e6-9356-5850d4729e56
4330,991,192fb300-b796-412f-92dc-924eb67e4092,c09f6ef6-3d50-471d-8c7e-f4a78c8f398c
4331,7,92d85330-1006-4d1c-8560-d5dd45d76491,c755eb3a-e923-42e6-9356-5850d4729e56
4331,991,92d85330-1006-4d1c-8560-d5dd45d76491,c09f6ef6-3d50-471d-8c7e-f4a78c8f398c
4332,7,6f39d758-285b-4557-95e0-d977fff244f9,c755eb3a-e923-42e6-9356-5850d4729e56
4332,991,6f39d758-285b-4557-95e0-d977fff244f9,c09f6ef6-3d50-471d-8c7e-f4a78c8f398c
4333,7,142c0910-d347-42a0-af49-926035a6c305,c755eb3a-e923-42e6-9356-5850d4729e56
4333,991,142c0910-d347-42a0-af49-926035a6c305,c09f6ef6-3d50-471d-8c7e-f4a78c8f398c
4334,7,81f4fbba-0eb6-4797-90e4-76fadf51d00d,c755eb3a-e923-42e6-9356-5850d4729e56
4334,991,81f4fbba-0eb6-4797-90e4-76fadf51d00d,c09f6ef6-3d50-471d-8c7e-f4a78c8f398c
4335,7,10f10509-1853-4ce9-8841-ceebd23b12aa,c755eb3a-e923-42e6-9356-5850d4729e56
4335,991,10f10509-1853-4ce9-8841-ceebd23b12aa,c09f6ef6-3d50-471d-8c7e-f4a78c8f398c
4336,35,31e1938e-0f45-4a81-90e8-27738b3bc0f9,823efde2-7801-4423-ae6a-62b5225f0f30
4336,991,31e1938e-0f45-4a81-90e8-27738b3bc0f9,c09f6ef6-3d50-471d-8c7e-f4a78c8f398c
4337,35,a97473c0-497a-419d-96c6-0c6042feffc9,823efde2-7801-4423-ae6a-62b5225f0f30
4337,991,a97473c0-497a-419d-96c6-0c6042feffc9,c09f6ef6-3d50-471d-8c7e-f4a78c8f398c
4338,35,c76124e2-c62c-4d5e-bb48-4c9e67ad028b,823efde2-7801-4423-ae6a-62b5225f0f30
4338,991,c76124e2-c62c-4d5e-bb48-4c9e67ad028b,c09f6ef6-3d50-471d-8c7e-f4a78c8f398c
4339,35,25919bfe-b0d1-4d5e-8373-9faa31b9109e,823efde2-7801-4423-ae6a-62b5225f0f30
4339,991,25919bfe-b0d1-4d5e-8373-9faa31b9109e,c09f6ef6-3d50-471d-8c7e-f4a78c8f398c
4340,35,5efe3992-5ae5-4e86-9692-75a750d9a523,823efde2-7801-4423-ae6a-62b5225f0f30
4340,991,5efe3992-5ae5-4e86-9692-75a750d9a523,c09f6ef6-3d50-471d-8c7e-f4a78c8f398c
4341,35,e2854fd7-3a4a-4831-9342-cea181993922,823efde2-7801-4423-ae6a-62b5225f0f30
4341,991,e2854fd7-3a4a-4831-9342-cea181993922,c09f6ef6-3d50-471d-8c7e-f4a78c8f398c
4342,35,ce636113-93cc-4544-90f9-9a9b6ccecfea,823efde2-7801-4423-ae6a-62b5225f0f30
4342,991,ce636113-93cc-4544-90f9-9a9b6ccecfea,c09f6ef6-3d50-471d-8c7e-f4a78c8f398c
4343,35,0d8d1cf9-c5d1-42a3-ab05-6694f7e4336d,823efde2-7801-4423-ae6a-62b5225f0f30
4343,991,0d8d1cf9-c5d1-42a3-ab05-6694f7e4336d,c09f6ef6-3d50-471d-8c7e-f4a78c8f398c
4344,78,a6a48b6a-752e-40d7-bca9-0152fb928cc8,b891f2ef-05ab-493e-926f-59d9019f029d
4344,991,a6a48b6a-752e-40d7-bca9-0152fb928cc8,c09f6ef6-3d50-471d-8c7e-f4a78c8f398c
4345,78,b442cd26-43c1-4fe0-88d3-b9e4884c1e36,b891f2ef-05ab-493e-926f-59d9019f029d
4346,78,b22900da-02da-45f5-b22f-ef2c7e4fca9f,b891f2ef-05ab-493e-926f-59d9019f029d
4346,991,b22900da-02da-45f5-b22f-ef2c7e4fca9f,c09f6ef6-3d50-471d-8c7e-f4a78c8f398c
4347,225,8fb1ace4-4e01-4559-a063-431b948683da,9cdcda2f-3a05-4abe-8f21-8529136ec7fa
4348,225,acc27ac3-0e40-47b9-abad-b65eb1aaaeef,9cdcda2f-3a05-4abe-8f21-8529136ec7fa
4351,23,cc0f5366-2528-478f-a205-2d4d807912cc,524be1b8-9739-4266-aa59-a9100c49a6e3
4351,37,cc0f5366-2528-478f-a205-2d4d807912cc,370d50ba-592a-491a-be9e-7aed4b1edcec
4351,76,cc0f5366-2528-478f-a205-2d4d807912cc,aca0ea7d-5edb-4012-b86e-c27ac894c9e9
4351,225,cc0f5366-2528-478f-a205-2d4d807912cc,9cdcda2f-3a05-4abe-8f21-8529136ec7fa
4352,118,f2abd334-d253-44bd-b3c4-c91ec1563a0f,0ae3d636-f592-4f95-bed4-68e6dc1bf8a1
4353,121,675e9a80-173a-4c74-bfb0-840a0218fd87,acee2bea-d625-43bf-8eeb-215b2427ca52
4353,991,675e9a80-173a-4c74-bfb0-840a0218fd87,c09f6ef6-3d50-471d-8c7e-f4a78c8f398c
4354,112,75e389ea-d7a3-4daa-9795-cd5b1e1ce586,892625ea-13fb-4a11-a40d-2b1905c388f5
4354,991,75e389ea-d7a3-4daa-9795-cd5b1e1ce586,c09f6ef6-3d50-471d-8c7e-f4a78c8f398c
4356,227,2392027a-9f96-4008-b759-336ce83d48ea,36430361-9436-401a-aa04-f2053967dc42
4356,991,2392027a-9f96-4008-b759-336ce83d48ea,c09f6ef6-3d50-471d-8c7e-f4a78c8f398c
4357,63,935e83e8-3f98-44cf-b2d4-ec96b6988732,ee53e9fa-4c4b-4186-bfb0-f23a33612fa4
4357,991,935e83e8-3f98-44cf-b2d4-ec96b6988732,c09f6ef6-3d50-471d-8c7e-f4a78c8f398c
4358,63,7807a1c7-c060-4d7e-954c-79cddeec66ee,ee53e9fa-4c4b-4186-bfb0-f23a33612fa4
4358,991,7807a1c7-c060-4d7e-954c-79cddeec66ee,c09f6ef6-3d50-471d-8c7e-f4a78c8f398c
4359,63,15504d64-2014-42f9-89e6-4a485ff673fb,ee53e9fa-4c4b-4186-bfb0-f23a33612fa4
4359,991,15504d64-2014-42f9-89e6-4a485ff673fb,c09f6ef6-3d50-471d-8c7e-f4a78c8f398c
4360,63,5228855f-304e-42f3-8151-914d0ee1e753,ee53e9fa-4c4b-4186-bfb0-f23a33612fa4
4360,991,5228855f-304e-42f3-8151-914d0ee1e753,c09f6ef6-3d50-471d-8c7e-f4a78c8f398c
4361,63,ad0bd8de-64db-4812-9553-70591496a25c,ee53e9fa-4c4b-4186-bfb0-f23a33612fa4
4361,991,ad0bd8de-64db-4812-9553-70591496a25c,c09f6ef6-3d50-471d-8c7e-f4a78c8f398c
4362,63,c5aaa62a-d5cc-46a2-ae9d-a28fd32f8de0,ee53e9fa-4c4b-4186-bfb0-f23a33612fa4
4362,991,c5aaa62a-d5cc-46a2-ae9d-a28fd32f8de0,c09f6ef6-3d50-471d-8c7e-f4a78c8f398c
4363,63,af539c35-5093-4596-a0d9-24b07035dc3c,ee53e9fa-4c4b-4186-bfb0-f23a33612fa4
4363,991,af539c35-5093-4596-a0d9-24b07035dc3c,c09f6ef6-3d50-471d-8c7e-f4a78c8f398c
4364,991,b2ca567a-a63f-475f-8b48-78779d6da986,c09f6ef6-3d50-471d-8c7e-f4a78c8f398c
4365,991,2a992fdb-f3a3-4e7e-907d-d22fbcb2b0bf,c09f6ef6-3d50-471d-8c7e-f4a78c8f398c
4366,991,707c8889-efb1-42e0-8907-79024a0c35b9,c09f6ef6-3d50-471d-8c7e-f4a78c8f398c
4367,991,55be7b9e-f4f8-446a-91fc-5700b37551a0,c09f6ef6-3d50-471d-8c7e-f4a78c8f398c
4368,991,b5c688b6-885b-4b1b-861d-b1e898ce748d,c09f6ef6-3d50-471d-8c7e-f4a78c8f398c
4368,995,b5c688b6-885b-4b1b-861d-b1e898ce748d,4c8bf90e-d1b8-4c9a-9882-fc85aee7fb51
4370,110,b9b075f9-b17d-4c2e-8ab0-909f22732f0c,0f8bb30d-61bf-4513-b56a-113ea8c3aff8
4371,225,4011b70f-4cf6-4c5f-93e3-4f04b684a13a,9cdcda2f-3a05-4abe-8f21-8529136ec7fa
4372,56,899cafcd-a9a0-45d8-bdf9-6089b7af3835,05db5d78-31d2-4fb7-ae0e-f3181d897dec
4374,225,43ba402f-78f2-4422-a0c7-c4c65d531345,9cdcda2f-3a05-4abe-8f21-8529136ec7fa
4375,225,0d2b25f9-9981-4020-b9c4-4079a4393c16,9cdcda2f-3a05-4abe-8f21-8529136ec7fa
4376,225,24c0eef0-2a58-438e-b735-23cf9f7cf335,9cdcda2f-3a05-4abe-8f21-8529136ec7fa
4377,74,62f9c2ed-e65c-462e-92af-b1d4e79f9c50,fcadc606-b3bc-456e-ad45-826bb6eaa875
4378,56,17c67863-9abc-4bef-87a2-7ca952262876,05db5d78-31d2-4fb7-ae0e-f3181d897dec
4379,225,217a5bb4-c6c7-49df-b42c-500c26b34b52,9cdcda2f-3a05-4abe-8f21-8529136ec7fa
4380,74,1f8d967c-5f9e-4b88-86dc-a92cdd605723,fcadc606-b3bc-456e-ad45-826bb6eaa875
4381,991,a7d6dab1-3b06-4dc0-91b3-913358a79595,c09f6ef6-3d50-471d-8c7e-f4a78c8f398c
4382,225,6c959fa9-6b99-4b00-bb17-fadbdec8faf2,9cdcda2f-3a05-4abe-8f21-8529136ec7fa
4383,56,87efb15c-3882-4a37-9366-5ebd3c9dd31f,05db5d78-31d2-4fb7-ae0e-f3181d897dec
4384,56,813d950c-9ae1-4da1-89c0-c18004bab972,05db5d78-31d2-4fb7-ae0e-f3181d897dec
4385,56,692352c1-294b-4ebd-b7e1-7ac05677b42f,05db5d78-31d2-4fb7-ae0e-f3181d897dec
4386,56,ec57e46d-de0f-4316-bbc0-eb0eea114f91,05db5d78-31d2-4fb7-ae0e-f3181d897dec
4387,56,05f1f239-7bc8-4526-a0cf-3586b747e4f7,05db5d78-31d2-4fb7-ae0e-f3181d897dec
4388,56,adc21045-f426-411a-bdca-4b2b0ebf986f,05db5d78-31d2-4fb7-ae0e-f3181d897dec
4389,56,168daf12-7466-42e5-bf6c-851bdb08f1a2,05db5d78-31d2-4fb7-ae0e-f3181d897dec
4390,56,94c43f5d-596d-4010-bea1-de3f4181c944,05db5d78-31d2-4fb7-ae0e-f3181d897dec
4391,56,ac403dfa-525e-4cc5-9647-399081e74c32,05db5d78-31d2-4fb7-ae0e-f3181d897dec
4392,56,6bbadc50-e34e-415e-a111-f5b9d71a6c8d,05db5d78-31d2-4fb7-ae0e-f3181d897dec
4393,56,2ce0febf-3703-4287-9ab6-2c040b9dcc6a,05db5d78-31d2-4fb7-ae0e-f3181d897dec
4394,56,8e5413e5-6e8c-4585-9241-24a337f7ccef,05db5d78-31d2-4fb7-ae0e-f3181d897dec
4395,56,081d55e5-f3ea-4b7f-8fc9-58306d2078a0,05db5d78-31d2-4fb7-ae0e-f3181d897dec
4396,56,192d6be9-3932-442c-9728-36922ebf4075,05db5d78-31d2-4fb7-ae0e-f3181d897dec
4397,56,718b2dab-16b8-45a4-a808-36cf18183fa9,05db5d78-31d2-4fb7-ae0e-f3181d897dec
4398,56,1fbf908f-2546-42d9-b307-3b13b48a63ff,05db5d78-31d2-4fb7-ae0e-f3181d897dec
4399,56,0bd57c90-3553-44a2-af4b-50235d767471,05db5d78-31d2-4fb7-ae0e-f3181d897dec
4400,56,a8b60511-c8f8-41ec-affe-0c4e4e974db6,05db5d78-31d2-4fb7-ae0e-f3181d897dec
4401,56,1dddcbfa-ecd7-4517-9cf8-8444598d1848,05db5d78-31d2-4fb7-ae0e-f3181d897dec
4402,56,e2143bf8-b767-45ce-9619-2164d558a133,05db5d78-31d2-4fb7-ae0e-f3181d897dec
4403,56,5ada11d4-1627-462b-87f7-300a89978f44,05db5d78-31d2-4fb7-ae0e-f3181d897dec
4404,56,2a74c23b-ff06-4ade-99a8-d2c2e4421ae0,05db5d78-31d2-4fb7-ae0e-f3181d897dec
4405,56,51433ae0-ca2b-47b1-83b4-cdc7eb579b0a,05db5d78-31d2-4fb7-ae0e-f3181d897dec
4406,56,4aeec546-ef33-4ebb-a0fd-0090ea1a1d03,05db5d78-31d2-4fb7-ae0e-f3181d897dec
4407,56,220d3222-1936-4d77-816b-d479278ac983,05db5d78-31d2-4fb7-ae0e-f3181d897dec
4407,76,220d3222-1936-4d77-816b-d479278ac983,aca0ea7d-5edb-4012-b86e-c27ac894c9e9
4408,76,1325f905-f692-43c7-a24d-1ada5575f097,aca0ea7d-5edb-4012-b86e-c27ac894c9e9
4409,118,aa117ef8-5c21-4396-b8e6-17f3e21c0236,0ae3d636-f592-4f95-bed4-68e6dc1bf8a1
4410,56,8bc3b9e0-df30-41b8-a826-37fa4a95b6dc,05db5d78-31d2-4fb7-ae0e-f3181d897dec
4410,76,8bc3b9e0-df30-41b8-a826-37fa4a95b6dc,aca0ea7d-5edb-4012-b86e-c27ac894c9e9
4411,21,4dd6fb6f-3f2f-4d22-8bbe-105eac0eb866,ad53cbad-6a77-4499-94a7-c3442c2df2ee
4411,74,4dd6fb6f-3f2f-4d22-8bbe-105eac0eb866,fcadc606-b3bc-456e-ad45-826bb6eaa875
4412,76,5d5c7cea-49f4-44b4-a027-d9c7b37e0fa5,aca0ea7d-5edb-4012-b86e-c27ac894c9e9
4412,87,5d5c7cea-49f4-44b4-a027-d9c7b37e0fa5,f3e2edb5-0b20-469f-ba30-8d25390d2d14
4413,225,ce1d4cf3-14fc-4f99-aac1-c9e6471e37b0,9cdcda2f-3a05-4abe-8f21-8529136ec7fa
4413,992,ce1d4cf3-14fc-4f99-aac1-c9e6471e37b0,f5045ddb-28f5-4810-b5b2-c013e56c96a3
4414,225,1e94d074-efa8-447b-bb67-ac305bbd160d,9cdcda2f-3a05-4abe-8f21-8529136ec7fa
4414,992,1e94d074-efa8-447b-bb67-ac305bbd160d,f5045ddb-28f5-4810-b5b2-c013e56c96a3
4415,225,54330ea2-577c-4a17-8c7e-9e9147df7a36,9cdcda2f-3a05-4abe-8f21-8529136ec7fa
4415,992,54330ea2-577c-4a17-8c7e-9e9147df7a36,f5045ddb-28f5-4810-b5b2-c013e56c96a3
4417,225,834d35ab-60ab-4e2b-bda6-9b3c826a9b3d,9cdcda2f-3a05-4abe-8f21-8529136ec7fa
4417,992,834d35ab-60ab-4e2b-bda6-9b3c826a9b3d,f5045ddb-28f5-4810-b5b2-c013e56c96a3
4418,225,0b20b736-0a39-4ea5-9459-b3937d0bc085,9cdcda2f-3a05-4abe-8f21-8529136ec7fa
4418,992,0b20b736-0a39-4ea5-9459-b3937d0bc085,f5045ddb-28f5-4810-b5b2-c013e56c96a3
4419,225,fef50277-e086-4a93-b739-e70ac3504c36,9cdcda2f-3a05-4abe-8f21-8529136ec7fa
4419,992,fef50277-e086-4a93-b739-e70ac3504c36,f5045ddb-28f5-4810-b5b2-c013e56c96a3
4421,225,6a073a22-5288-4f43-bf83-00ad71c6ac91,9cdcda2f-3a05-4abe-8f21-8529136ec7fa
4421,992,6a073a22-5288-4f43-bf83-00ad71c6ac91,f5045ddb-28f5-4810-b5b2-c013e56c96a3
4422,225,752a7615-1696-4240-9a59-e9b6f0cf024e,9cdcda2f-3a05-4abe-8f21-8529136ec7fa
4422,992,752a7615-1696-4240-9a59-e9b6f0cf024e,f5045ddb-28f5-4810-b5b2-c013e56c96a3
4423,992,5057df50-d303-44b5-b444-5ab1aed6d313,f5045ddb-28f5-4810-b5b2-c013e56c96a3
4424,225,c7c28614-d758-4cc8-94bf-cc9abd9a5c6f,9cdcda2f-3a05-4abe-8f21-8529136ec7fa
4424,992,c7c28614-d758-4cc8-94bf-cc9abd9a5c6f,f5045ddb-28f5-4810-b5b2-c013e56c96a3
4425,37,f751f02d-3e79-4b1a-ac67-ac1751505b97,370d50ba-592a-491a-be9e-7aed4b1edcec
4425,47,f751f02d-3e79-4b1a-ac67-ac1751505b97,bce5e705-92ce-432a-a0d6-2ee99faeb42b
4425,76,f751f02d-3e79-4b1a-ac67-ac1751505b97,aca0ea7d-5edb-4012-b86e-c27ac894c9e9
4425,93,f751f02d-3e79-4b1a-ac67-ac1751505b97,5aec9d0e-3c30-4467-846f-edbaca04007b
4425,100,f751f02d-3e79-4b1a-ac67-ac1751505b97,cc0063a2-f29b-47cc-91bf-9cacc4668dd1
4425,210,f751f02d-3e79-4b1a-ac67-ac1751505b97,6455f001-c0d4-48db-829d-3a99cb517528
4425,220,f751f02d-3e79-4b1a-ac67-ac1751505b97,14b21639-9757-41e5-a698-9d715f44f80d
4425,225,f751f02d-3e79-4b1a-ac67-ac1751505b97,9cdcda2f-3a05-4abe-8f21-8529136ec7fa
4426,76,e0ad98cc-73c5-4b5f-882e-838b28d59d60,aca0ea7d-5edb-4012-b86e-c27ac894c9e9
4428,225,c759db02-c998-4200-85c3-18dc0201f562,9cdcda2f-3a05-4abe-8f21-8529136ec7fa
4429,74,ed49ad7c-d91d-4f28-9f73-7a9158f663f3,fcadc606-b3bc-456e-ad45-826bb6eaa875
4429,107,ed49ad7c-d91d-4f28-9f73-7a9158f663f3,d5b59247-e12c-4bb2-ae69-5a3569942ff1
4429,995,ed49ad7c-d91d-4f28-9f73-7a9158f663f3,4c8bf90e-d1b8-4c9a-9882-fc85aee7fb51
4430,67,fc0d294f-9243-4d26-b36b-b57011ca5083,92fb785b-75ee-467b-8ff0-c25cb9c81149
4432,76,d8414578-dcaf-469a-8e59-b70a487e0986,aca0ea7d-5edb-4012-b86e-c27ac894c9e9
4433,225,90522fe3-fd7c-417a-ae4b-004de7ac487f,9cdcda2f-3a05-4abe-8f21-8529136ec7fa
4434,78,ca47066b-55db-4c4f-a3a5-d13dd9c1f81f,b891f2ef-05ab-493e-926f-59d9019f029d
4434,991,ca47066b-55db-4c4f-a3a5-d13dd9c1f81f,c09f6ef6-3d50-471d-8c7e-f4a78c8f398c
4435,78,8afcd6b0-cb0b-411e-82b9-012a29367eba,b891f2ef-05ab-493e-926f-59d9019f029d
4435,991,8afcd6b0-cb0b-411e-82b9-012a29367eba,c09f6ef6-3d50-471d-8c7e-f4a78c8f398c
4436,78,87025491-d823-40d9-92b7-4c01e2208e64,b891f2ef-05ab-493e-926f-59d9019f029d
4436,991,87025491-d823-40d9-92b7-4c01e2208e64,c09f6ef6-3d50-471d-8c7e-f4a78c8f398c
4437,78,81edc55a-a51e-4bd8-874d-fc178c6699ec,b891f2ef-05ab-493e-926f-59d9019f029d
4437,991,81edc55a-a51e-4bd8-874d-fc178c6699ec,c09f6ef6-3d50-471d-8c7e-f4a78c8f398c
4438,78,ca74daee-8151-4d7e-889a-74a7f7dfc92a,b891f2ef-05ab-493e-926f-59d9019f029d
4438,991,ca74daee-8151-4d7e-889a-74a7f7dfc92a,c09f6ef6-3d50-471d-8c7e-f4a78c8f398c
4439,78,cf5e9ce1-3458-4ba4-a5b4-c04b6463f35a,b891f2ef-05ab-493e-926f-59d9019f029d
4439,991,cf5e9ce1-3458-4ba4-a5b4-c04b6463f35a,c09f6ef6-3d50-471d-8c7e-f4a78c8f398c
4440,78,850c68bb-3485-464e-9b4d-7d67542e2375,b891f2ef-05ab-493e-926f-59d9019f029d
4440,991,850c68bb-3485-464e-9b4d-7d67542e2375,c09f6ef6-3d50-471d-8c7e-f4a78c8f398c
4442,222,46209af9-55a8-4fbe-b2db-8aea65b99588,bfcd729e-fa75-4887-bbe3-34e59d05af64
4443,222,65e32179-93db-4ac2-8616-4f0403d6ef6f,bfcd729e-fa75-4887-bbe3-34e59d05af64
4445,222,7f4feb3b-9e60-4b6b-8c37-2a06666abf3b,bfcd729e-fa75-4887-bbe3-34e59d05af64
4446,222,55e10959-311e-47d8-99b6-c5a78fdf3203,bfcd729e-fa75-4887-bbe3-34e59d05af64
4447,222,e220f204-4e5b-41c8-8e82-6ab14dc0f563,bfcd729e-fa75-4887-bbe3-34e59d05af64
4448,222,e285dd50-25a0-4592-857c-c2bf3618e45f,bfcd729e-fa75-4887-bbe3-34e59d05af64
4449,222,389686a1-a4d7-4355-9c46-bf8055651710,bfcd729e-fa75-4887-bbe3-34e59d05af64
4449,991,389686a1-a4d7-4355-9c46-bf8055651710,c09f6ef6-3d50-471d-8c7e-f4a78c8f398c
4450,991,d5d59875-4bbb-4e8a-a8d4-7fe8c53cb12a,c09f6ef6-3d50-471d-8c7e-f4a78c8f398c
4451,222,58b3e1e8-5be1-4490-b7e3-aefc2cbb498a,bfcd729e-fa75-4887-bbe3-34e59d05af64
4452,222,bcb3d03a-d62e-4651-8c73-60fe3df2526f,bfcd729e-fa75-4887-bbe3-34e59d05af64
4452,991,bcb3d03a-d62e-4651-8c73-60fe3df2526f,c09f6ef6-3d50-471d-8c7e-f4a78c8f398c
4453,222,56a25957-a01a-4dae-9530-2c75e04ec3a0,bfcd729e-fa75-4887-bbe3-34e59d05af64
4453,991,56a25957-a01a-4dae-9530-2c75e04ec3a0,c09f6ef6-3d50-471d-8c7e-f4a78c8f398c
4454,222,e673e270-8ee1-4b36-9700-6aa85bac3c04,bfcd729e-fa75-4887-bbe3-34e59d05af64
4455,222,3ad71212-1e24-45b0-843c-1f46ced1ef65,bfcd729e-fa75-4887-bbe3-34e59d05af64
4455,991,3ad71212-1e24-45b0-843c-1f46ced1ef65,c09f6ef6-3d50-471d-8c7e-f4a78c8f398c
4457,222,a9bccbe7-bed9-4c1c-8025-5471fa38df93,bfcd729e-fa75-4887-bbe3-34e59d05af64
4457,991,a9bccbe7-bed9-4c1c-8025-5471fa38df93,c09f6ef6-3d50-471d-8c7e-f4a78c8f398c
4458,222,9f1938c6-0889-4173-990e-9c7051142afb,bfcd729e-fa75-4887-bbe3-34e59d05af64
4458,991,9f1938c6-0889-4173-990e-9c7051142afb,c09f6ef6-3d50-471d-8c7e-f4a78c8f398c
4459,222,a64a5579-883f-4bb5-908f-71c96cdb0468,bfcd729e-fa75-4887-bbe3-34e59d05af64
4459,991,a64a5579-883f-4bb5-908f-71c96cdb0468,c09f6ef6-3d50-471d-8c7e-f4a78c8f398c
4460,222,7025b65e-18ec-4d3f-9fc9-daa87195d315,bfcd729e-fa75-4887-bbe3-34e59d05af64
4460,991,7025b65e-18ec-4d3f-9fc9-daa87195d315,c09f6ef6-3d50-471d-8c7e-f4a78c8f398c
4461,222,3ccf34b4-4748-4186-aeb5-5218e0b5f978,bfcd729e-fa75-4887-bbe3-34e59d05af64
4461,991,3ccf34b4-4748-4186-aeb5-5218e0b5f978,c09f6ef6-3d50-471d-8c7e-f4a78c8f398c
4462,222,4ce81273-20c9-47a0-ba9a-0d269f316b6d,bfcd729e-fa75-4887-bbe3-34e59d05af64
4462,991,4ce81273-20c9-47a0-ba9a-0d269f316b6d,c09f6ef6-3d50-471d-8c7e-f4a78c8f398c
4463,222,56042dac-1ac1-400c-ad8a-01bb8a4e20ea,bfcd729e-fa75-4887-bbe3-34e59d05af64
4463,991,56042dac-1ac1-400c-ad8a-01bb8a4e20ea,c09f6ef6-3d50-471d-8c7e-f4a78c8f398c
4464,222,851a5f80-91a0-4107-a203-74c4fd93a8a8,bfcd729e-fa75-4887-bbe3-34e59d05af64
4464,991,851a5f80-91a0-4107-a203-74c4fd93a8a8,c09f6ef6-3d50-471d-8c7e-f4a78c8f398c
4465,222,a85a9a79-b513-4f1b-a9bf-a07d5da77d4a,bfcd729e-fa75-4887-bbe3-34e59d05af64
4465,991,a85a9a79-b513-4f1b-a9bf-a07d5da77d4a,c09f6ef6-3d50-471d-8c7e-f4a78c8f398c
4466,222,19cd4f40-8787-422e-97e8-a0551d6ea0cb,bfcd729e-fa75-4887-bbe3-34e59d05af64
4466,991,19cd4f40-8787-422e-97e8-a0551d6ea0cb,c09f6ef6-3d50-471d-8c7e-f4a78c8f398c
4467,222,6521e451-7ac4-4b46-9d90-53ca14c476ce,bfcd729e-fa75-4887-bbe3-34e59d05af64
4467,991,6521e451-7ac4-4b46-9d90-53ca14c476ce,c09f6ef6-3d50-471d-8c7e-f4a78c8f398c
4469,222,1c16af8e-14f3-4804-8dcb-982ce4d31932,bfcd729e-fa75-4887-bbe3-34e59d05af64
4469,991,1c16af8e-14f3-4804-8dcb-982ce4d31932,c09f6ef6-3d50-471d-8c7e-f4a78c8f398c
4470,222,5b1d3d61-2b70-470b-acc2-5c471bb848c5,bfcd729e-fa75-4887-bbe3-34e59d05af64
4470,991,5b1d3d61-2b70-470b-acc2-5c471bb848c5,c09f6ef6-3d50-471d-8c7e-f4a78c8f398c
4472,222,60dc6c6e-654a-4b18-ba6e-02e3cf1a406f,bfcd729e-fa75-4887-bbe3-34e59d05af64
4472,991,60dc6c6e-654a-4b18-ba6e-02e3cf1a406f,c09f6ef6-3d50-471d-8c7e-f4a78c8f398c
4473,222,2d36f869-359f-4a66-a86e-552cb9e386a2,bfcd729e-fa75-4887-bbe3-34e59d05af64
4474,37,218bc2e5-6eb2-4d79-be1b-e23c7b642e1a,370d50ba-592a-491a-be9e-7aed4b1edcec
4474,100,218bc2e5-6eb2-4d79-be1b-e23c7b642e1a,cc0063a2-f29b-47cc-91bf-9cacc4668dd1
4474,225,218bc2e5-6eb2-4d79-be1b-e23c7b642e1a,9cdcda2f-3a05-4abe-8f21-8529136ec7fa
4474,239,218bc2e5-6eb2-4d79-be1b-e23c7b642e1a,44516d0f-7394-4053-855c-cd6912710867
4475,35,4be96411-c971-47db-b507-88131239934a,823efde2-7801-4423-ae6a-62b5225f0f30
4476,35,ab38f32f-d86b-4a49-b7c8-737364327d50,823efde2-7801-4423-ae6a-62b5225f0f30
4477,35,f604e144-b0c5-4507-8123-669b98792b85,823efde2-7801-4423-ae6a-62b5225f0f30
4478,35,31c566ce-f9e0-4abd-83e7-4eb6ab94d0db,823efde2-7801-4423-ae6a-62b5225f0f30
4480,225,40abb082-b27d-4857-a57e-0e7b1ceedf63,9cdcda2f-3a05-4abe-8f21-8529136ec7fa
4482,225,a854975c-f128-4685-bd38-feb9f7e4a709,9cdcda2f-3a05-4abe-8f21-8529136ec7fa
4484,992,65e78b31-a1ae-4c37-9744-d7f03c37a9c4,f5045ddb-28f5-4810-b5b2-c013e56c96a3
4485,225,5e0f5c4b-093f-4d67-a4b8-92e00b64755f,9cdcda2f-3a05-4abe-8f21-8529136ec7fa
4486,222,13d3ec48-5dec-42e6-8b94-d20fda2ffff4,bfcd729e-fa75-4887-bbe3-34e59d05af64
4486,991,13d3ec48-5dec-42e6-8b94-d20fda2ffff4,c09f6ef6-3d50-471d-8c7e-f4a78c8f398c
4487,222,f76904c4-b91b-47f3-a8e4-7a8f50561d21,bfcd729e-fa75-4887-bbe3-34e59d05af64
4487,991,f76904c4-b91b-47f3-a8e4-7a8f50561d21,c09f6ef6-3d50-471d-8c7e-f4a78c8f398c
4488,185,3186aef6-bd12-4a2c-af53-27db1cf1d2d8,94914c04-10c8-475e-997f-6d558d41715e
4489,225,b26bdfad-15a6-49e9-9cf1-ca31c8f8cb6a,9cdcda2f-3a05-4abe-8f21-8529136ec7fa
4490,74,d618a811-b67b-4514-82e5-9f8fc8490383,fcadc606-b3bc-456e-ad45-826bb6eaa875
4491,74,3c409fb2-27d2-4632-ac14-6ec5401a7e90,fcadc606-b3bc-456e-ad45-826bb6eaa875
4492,225,a62f417f-cc9a-447d-9aed-34c5154bb3d0,9cdcda2f-3a05-4abe-8f21-8529136ec7fa
4493,102,b3321132-9291-4c80-a36c-6f38d5b748d2,a9d2a258-26e9-47ca-a80d-cb83e3d4fb49
4494,225,15b26fbf-d2ad-4517-bc3c-2086ed31d9c9,9cdcda2f-3a05-4abe-8f21-8529136ec7fa
4495,42,f98b1f06-0fb5-4d94-bc80-4ce81625aaf7,51fc41ab-afab-40d9-a285-aa863fd2e978
4495,225,f98b1f06-0fb5-4d94-bc80-4ce81625aaf7,9cdcda2f-3a05-4abe-8f21-8529136ec7fa
4496,76,a2e233d7-ab21-4ae3-a4fe-8ee7323c9458,aca0ea7d-5edb-4012-b86e-c27ac894c9e9
4497,76,1e9bcd74-5a79-469d-a361-0b24b1d08eb9,aca0ea7d-5edb-4012-b86e-c27ac894c9e9
4498,102,1f6f4353-e128-4235-90b0-9f29a4b88b94,a9d2a258-26e9-47ca-a80d-cb83e3d4fb49
4499,992,2bd4679c-134a-4a19-a5cd-69a179b8129a,f5045ddb-28f5-4810-b5b2-c013e56c96a3
4500,225,8ccf7336-aa20-4698-bab7-87ed187e3f61,9cdcda2f-3a05-4abe-8f21-8529136ec7fa
4501,151,9aaa51e7-bd77-4ca4-813d-bb5d24c1fd68,d99989a8-ea9c-4d4e-86f5-71dfdf6f7e81
4502,225,34689a81-bd5b-404b-a1af-d39cba0d6316,9cdcda2f-3a05-4abe-8f21-8529136ec7fa
4503,110,29dfacaa-739d-4222-8851-b0c7eb9c532c,0f8bb30d-61bf-4513-b56a-113ea8c3aff8
4504,110,8ba61ab8-e770-42da-9aba-cf3eec09a629,0f8bb30d-61bf-4513-b56a-113ea8c3aff8
4505,110,048658ab-de50-427f-83c2-af4940899495,0f8bb30d-61bf-4513-b56a-113ea8c3aff8
4506,110,503dd15b-3e11-4f9f-ba4c-dc9bd1d3f365,0f8bb30d-61bf-4513-b56a-113ea8c3aff8
4507,102,c16b63af-2431-4ab3-8f76-8725e7e767b3,a9d2a258-26e9-47ca-a80d-cb83e3d4fb49
4508,225,de32b061-b235-466d-bff0-0568b7fc4cce,9cdcda2f-3a05-4abe-8f21-8529136ec7fa
4509,58,36ded071-408b-4795-9dea-2f27037e1af9,70349383-d413-4b44-af33-49f3df8ed8f5
4510,171,792e7366-eea7-461b-a3e9-4fb56b44c068,2a3cc59e-2888-421d-bb8f-f72c3ba7975f
4511,225,bc92fb9b-a2ee-4ed7-9a44-1eef453d5811,9cdcda2f-3a05-4abe-8f21-8529136ec7fa
4512,992,1d821b8d-b350-4646-a3ea-b99e5c88614f,f5045ddb-28f5-4810-b5b2-c013e56c96a3
4513,225,b6cef870-2298-4f31-8058-dad01f9884a7,9cdcda2f-3a05-4abe-8f21-8529136ec7fa
4514,225,f51f841d-9522-41f6-99a4-8d2ce9c08b74,9cdcda2f-3a05-4abe-8f21-8529136ec7fa
4515,997,7e902ba0-fcb6-4df2-b841-247129d0bc83,09065786-36eb-45f8-bfcd-0abee1bd2e0c
4516,225,78079886-59be-4007-b5a7-a5b7c4cf2943,9cdcda2f-3a05-4abe-8f21-8529136ec7fa
4517,997,b457517d-b3ad-4b85-9df6-983e202019e3,09065786-36eb-45f8-bfcd-0abee1bd2e0c
4518,58,95a41313-7ded-441c-9763-032e3f27e7ce,70349383-d413-4b44-af33-49f3df8ed8f5
4519,107,a7f3de30-abf9-4ad3-a37e-20247b874504,d5b59247-e12c-4bb2-ae69-5a3569942ff1
4520,58,992fc83d-20ee-4d6b-811e-a38819a43f17,70349383-d413-4b44-af33-49f3df8ed8f5
4521,991,f00f8924-3cc5-4bfd-a926-9e21f424c3bb,c09f6ef6-3d50-471d-8c7e-f4a78c8f398c
4522,225,f68a563c-dbaf-4f40-9f6f-efc05e75f7d8,9cdcda2f-3a05-4abe-8f21-8529136ec7fa
4526,225,459aea3b-4e82-4b4f-b3da-a631a497c4ec,9cdcda2f-3a05-4abe-8f21-8529136ec7fa
4527,118,c40e92cd-be75-42f8-b161-4a4be7c1e148,0ae3d636-f592-4f95-bed4-68e6dc1bf8a1
4529,225,4e85a07e-72e0-439a-aba4-20702145e69d,9cdcda2f-3a05-4abe-8f21-8529136ec7fa
4530,992,98004765-12f5-4528-bde5-54b96d4cb75d,f5045ddb-28f5-4810-b5b2-c013e56c96a3
4531,225,53942897-fe80-4547-b2a0-e4f70a8abcdc,9cdcda2f-3a05-4abe-8f21-8529136ec7fa
4532,225,4eb7c0a5-37bc-4131-9a58-01fb800c3fd4,9cdcda2f-3a05-4abe-8f21-8529136ec7fa
4533,225,6f52bcde-503f-4e70-9e82-a30c9fd7e763,9cdcda2f-3a05-4abe-8f21-8529136ec7fa
4534,110,fc72b23a-2136-4d4a-8483-30b851a5b641,0f8bb30d-61bf-4513-b56a-113ea8c3aff8
4535,110,414dfeeb-b92d-422b-84d3-060b82631a1b,0f8bb30d-61bf-4513-b56a-113ea8c3aff8
4536,110,6a2422bc-0616-4ad9-ae9f-9da6dfb38288,0f8bb30d-61bf-4513-b56a-113ea8c3aff8
4537,110,68c768e0-0859-4faf-a1ce-9ea3e0105569,0f8bb30d-61bf-4513-b56a-113ea8c3aff8
4538,110,c0aaddc0-2cac-4657-8f08-eb70b239331e,0f8bb30d-61bf-4513-b56a-113ea8c3aff8
4539,110,263476c9-7753-412a-a7bf-299bc789bccd,0f8bb30d-61bf-4513-b56a-113ea8c3aff8
4540,110,10fac778-4423-4c8d-93d8-1b42ca4f42bd,0f8bb30d-61bf-4513-b56a-113ea8c3aff8
4541,110,a7737445-34d2-45a0-a0f9-187f53a93089,0f8bb30d-61bf-4513-b56a-113ea8c3aff8
4542,110,7ab60e85-57a7-45cd-b6a7-6503180c0c48,0f8bb30d-61bf-4513-b56a-113ea8c3aff8
4543,110,6dee361b-10f6-4106-bf5e-9391ff428c28,0f8bb30d-61bf-4513-b56a-113ea8c3aff8
4544,110,17a2cfa4-7876-4919-b1bf-ac3a3098957a,0f8bb30d-61bf-4513-b56a-113ea8c3aff8
4545,110,67c42b6a-0f30-4b91-8bd0-034dfd865a06,0f8bb30d-61bf-4513-b56a-113ea8c3aff8
4546,110,8e335ec8-c393-4ec5-9c76-cf2d41d21705,0f8bb30d-61bf-4513-b56a-113ea8c3aff8
4547,110,b25a5909-4dfc-4282-a633-f70c2c8f3122,0f8bb30d-61bf-4513-b56a-113ea8c3aff8
4548,110,e557669c-115d-41a6-9c63-0f3f773ee7e0,0f8bb30d-61bf-4513-b56a-113ea8c3aff8
4549,110,5ece5d95-6996-4242-973a-e72034d9a4d7,0f8bb30d-61bf-4513-b56a-113ea8c3aff8
4550,110,ee658911-94de-4650-b529-b8ed87c82c34,0f8bb30d-61bf-4513-b56a-113ea8c3aff8
4551,110,b0b3abfb-31cb-4222-9e3e-204d1fe64817,0f8bb30d-61bf-4513-b56a-113ea8c3aff8
4552,110,23621464-e9f2-47a4-86ef-d954f8531170,0f8bb30d-61bf-4513-b56a-113ea8c3aff8
4553,110,3a6f93ac-a43e-4265-9124-0077c5f4c840,0f8bb30d-61bf-4513-b56a-113ea8c3aff8
4554,110,2246f6be-4412-4241-ba6d-07c3226fa6de,0f8bb30d-61bf-4513-b56a-113ea8c3aff8
4555,67,ae9dd29b-1866-43a8-8c6f-67090581dbd1,92fb785b-75ee-467b-8ff0-c25cb9c81149
4556,51,b7ef20f5-9ad0-4da1-99bf-15702d64efb7,fad32010-c633-448f-a030-ed243d89ed12
4557,110,13347a86-34a3-4add-875c-b7c1b51a40b3,0f8bb30d-61bf-4513-b56a-113ea8c3aff8
4558,11,8321fe9d-c880-4eb7-8e63-a925dae7be63,42a63d3f-4077-47c6-98ea-3fa601c5488e
4559,225,4dbd2d77-1def-4a9b-9a90-a62832ecd24c,9cdcda2f-3a05-4abe-8f21-8529136ec7fa
4560,225,b99d158c-0ad0-40ad-b3ed-c965a8a36cda,9cdcda2f-3a05-4abe-8f21-8529136ec7fa
4563,225,45e027cb-4248-474c-bdc0-46c1d4cebe67,9cdcda2f-3a05-4abe-8f21-8529136ec7fa
4564,225,78a4269e-0005-4ac7-8a93-132a0a552a06,9cdcda2f-3a05-4abe-8f21-8529136ec7fa
4565,233,57921435-79ea-4ca1-a6c5-3585ee056aaa,b1da5eee-5e1f-461e-b272-253871a441d8
4566,225,c3b1980a-8e31-4673-bb91-0df5b15304f7,9cdcda2f-3a05-4abe-8f21-8529136ec7fa
4567,225,26428d1a-3dba-446c-abd6-9266384ed164,9cdcda2f-3a05-4abe-8f21-8529136ec7fa
4569,17,a3822d08-c807-4398-ad51-c7ff62cbdc06,4ef1a7fd-f5e0-4b58-9546-932aab42b29c
4569,991,a3822d08-c807-4398-ad51-c7ff62cbdc06,c09f6ef6-3d50-471d-8c7e-f4a78c8f398c
4570,225,eea9b89e-ef19-4f6f-a2de-896b49fe6a56,9cdcda2f-3a05-4abe-8f21-8529136ec7fa
4571,102,6c2af6b4-bd4d-410f-a564-8de0d3a22868,a9d2a258-26e9-47ca-a80d-cb83e3d4fb49
4572,102,edcaf9d7-8c6e-4ffc-8702-9e4aa03d2ca4,a9d2a258-26e9-47ca-a80d-cb83e3d4fb49
4572,225,edcaf9d7-8c6e-4ffc-8702-9e4aa03d2ca4,9cdcda2f-3a05-4abe-8f21-8529136ec7fa
4573,102,b1ed9e7c-841b-4122-ac4c-91c45fc90418,a9d2a258-26e9-47ca-a80d-cb83e3d4fb49
4573,118,b1ed9e7c-841b-4122-ac4c-91c45fc90418,0ae3d636-f592-4f95-bed4-68e6dc1bf8a1
4573,225,b1ed9e7c-841b-4122-ac4c-91c45fc90418,9cdcda2f-3a05-4abe-8f21-8529136ec7fa
4574,225,e400f359-4840-4000-8341-c8d0e7b22308,9cdcda2f-3a05-4abe-8f21-8529136ec7fa
4575,225,ae304088-f594-4e5c-9bf2-c014f227ddb2,9cdcda2f-3a05-4abe-8f21-8529136ec7fa
4576,992,ec1de6d4-86af-4633-98b2-e343ececfc86,f5045ddb-28f5-4810-b5b2-c013e56c96a3
4577,991,4f246a50-bd3a-4765-88eb-cc835e5deacd,c09f6ef6-3d50-471d-8c7e-f4a78c8f398c
4578,991,d31feed8-07a0-459f-8ffa-da8555a92b49,c09f6ef6-3d50-471d-8c7e-f4a78c8f398c
4579,991,d42bfbe3-0b96-45f3-ac7e-c84efe388e51,c09f6ef6-3d50-471d-8c7e-f4a78c8f398c
4580,225,34a6b6b2-bf3b-47ff-8def-c62d9bb14ad3,9cdcda2f-3a05-4abe-8f21-8529136ec7fa
4580,992,34a6b6b2-bf3b-47ff-8def-c62d9bb14ad3,f5045ddb-28f5-4810-b5b2-c013e56c96a3
4581,225,397852b2-a0db-4241-afa7-97bcf47c3dc1,9cdcda2f-3a05-4abe-8f21-8529136ec7fa
4581,992,397852b2-a0db-4241-afa7-97bcf47c3dc1,f5045ddb-28f5-4810-b5b2-c013e56c96a3
4582,992,b929403b-c5c4-40a8-8398-414692cf5024,f5045ddb-28f5-4810-b5b2-c013e56c96a3
4583,225,e9b598a4-e3d5-41f1-b2c0-d5a6771428a3,9cdcda2f-3a05-4abe-8f21-8529136ec7fa
4584,225,76c79a11-4f85-49b2-a82e-9e730b1ee2d3,9cdcda2f-3a05-4abe-8f21-8529136ec7fa
4585,225,5ecca92e-879c-43eb-a6f0-a403e98b71fe,9cdcda2f-3a05-4abe-8f21-8529136ec7fa
4586,992,c7954fa5-d082-4aa9-91ee-8f052de9d965,f5045ddb-28f5-4810-b5b2-c013e56c96a3
4587,76,d1eb9663-0b8a-4bc8-873d-9b0531d977de,aca0ea7d-5edb-4012-b86e-c27ac894c9e9
4587,225,d1eb9663-0b8a-4bc8-873d-9b0531d977de,9cdcda2f-3a05-4abe-8f21-8529136ec7fa
4588,93,195e6d31-1930-4680-9c09-16f36fed99fc,5aec9d0e-3c30-4467-846f-edbaca04007b
4589,225,63d73cc3-deac-42aa-8bf6-22b923ef4f0c,9cdcda2f-3a05-4abe-8f21-8529136ec7fa
4590,30,b4c66826-e7e2-46a2-8313-8ef6ecb4badb,55c1acfc-2aef-4314-b490-163f7e844333
4591,14,b1ea7da0-d520-412f-8c71-18a3730cb235,63415897-6d9c-4dc4-a2cf-db77b292f8ef
4592,60,2b916819-1515-4daf-9d98-b09772c80372,d5eb2fdc-ab8b-4059-90d4-8967bad1f655
4593,30,f2998e32-eb5f-4f86-966f-b332655336a1,55c1acfc-2aef-4314-b490-163f7e844333
4594,225,fed3b2ca-329f-4866-9c7d-3f3b770eb237,9cdcda2f-3a05-4abe-8f21-8529136ec7fa
4595,102,c7aba867-fa7b-4589-9d5e-f65c6e5fc409,a9d2a258-26e9-47ca-a80d-cb83e3d4fb49
4596,225,f5a6b78a-f2b0-483c-b5b9-8b709b96dab5,9cdcda2f-3a05-4abe-8f21-8529136ec7fa
4597,225,0ee2b854-a802-4bca-a903-a5c7588a5d94,9cdcda2f-3a05-4abe-8f21-8529136ec7fa
4598,102,346818b1-6848-40fb-8ca6-3d624fbe2c26,a9d2a258-26e9-47ca-a80d-cb83e3d4fb49
4599,102,48fc5a79-dcff-45b4-837b-9a984d6752e4,a9d2a258-26e9-47ca-a80d-cb83e3d4fb49
4600,225,1fa47bd7-d9dc-4513-aa69-87ffd0d7f857,9cdcda2f-3a05-4abe-8f21-8529136ec7fa
4601,225,76e99251-2ce2-4138-90a6-cbcbc3f48dcb,9cdcda2f-3a05-4abe-8f21-8529136ec7fa
4602,21,da5e870e-e40b-457a-a066-92d3a08a09c1,ad53cbad-6a77-4499-94a7-c3442c2df2ee
4603,105,7874d08f-e370-4019-8cfa-7c2f3acf1970,7a8d6deb-7fc9-455c-9cdb-5a57cf2199f6
4604,76,eca1994a-88ab-4634-83f2-664cf0edbbda,aca0ea7d-5edb-4012-b86e-c27ac894c9e9
4605,107,2e7dca05-bd8a-4ccf-9100-1c2ffd38bde6,d5b59247-e12c-4bb2-ae69-5a3569942ff1
4606,171,f3263664-9d4f-40c4-8740-e138d1d55a40,2a3cc59e-2888-421d-bb8f-f72c3ba7975f
4607,76,5ed098d8-bddd-4a8b-8eb7-3ef0be1fcdab,aca0ea7d-5edb-4012-b86e-c27ac894c9e9
4608,158,f336ec65-35f8-42aa-a7f4-58ae789b60a0,a537d92c-4cb3-4561-a964-7aa88f6c9316
4609,225,eab93e03-63f8-464b-8cd5-f9430b9eae7e,9cdcda2f-3a05-4abe-8f21-8529136ec7fa
4610,76,d42f1c33-abbc-4c51-9a6e-f3e130241d52,aca0ea7d-5edb-4012-b86e-c27ac894c9e9
4611,69,eab62640-7eb3-497c-b7b5-40457a45ebab,035eab86-1053-41d2-bb09-048493bf5a8f
4612,225,b7b1b009-d573-4906-b59d-e8b102a95ddd,9cdcda2f-3a05-4abe-8f21-8529136ec7fa
4613,47,1c702864-7cbe-40fd-9053-a3b478533dd5,bce5e705-92ce-432a-a0d6-2ee99faeb42b
4614,56,a26d24f2-7f9c-43b4-9dcd-dc6a6b22aa58,05db5d78-31d2-4fb7-ae0e-f3181d897dec
4615,225,112cb2f8-5f51-4fbb-ac2e-5a4a7ae30d6e,9cdcda2f-3a05-4abe-8f21-8529136ec7fa
4616,96,4154856f-25f4-4f4a-8ee7-1234c069dc05,8ba836d3-0869-499f-86a3-c3e3a092f8d5
4617,225,80c7a992-9348-425b-87cf-d90c5ffd69dd,9cdcda2f-3a05-4abe-8f21-8529136ec7fa
4618,225,103f1a07-e257-4f72-8891-b24e482d3320,9cdcda2f-3a05-4abe-8f21-8529136ec7fa
4619,69,2d26259e-d458-46d9-a913-10bc33351a68,035eab86-1053-41d2-bb09-048493bf5a8f
4620,225,8ba9c236-f69a-45b7-a7c8-b3f3be1ff2e4,9cdcda2f-3a05-4abe-8f21-8529136ec7fa
4621,49,b6cbabe2-0519-48e8-bca3-a70ca6dc3873,92829aee-5b0e-4bac-9ce2-339e0474197b
4621,51,b6cbabe2-0519-48e8-bca3-a70ca6dc3873,fad32010-c633-448f-a030-ed243d89ed12
4622,102,bfe85187-d725-4187-b5ec-458905ecd8d7,a9d2a258-26e9-47ca-a80d-cb83e3d4fb49
4623,225,de752828-cddc-4754-9858-0c949690ed27,9cdcda2f-3a05-4abe-8f21-8529136ec7fa
4624,225,828cecb4-f797-4eed-b785-34f4a5f4f3ff,9cdcda2f-3a05-4abe-8f21-8529136ec7fa
4625,225,7ae694df-0840-4bd4-9404-cd9b29cf9dde,9cdcda2f-3a05-4abe-8f21-8529136ec7fa
4626,37,ef14588c-314f-4a83-8b16-aeb23f4049d7,370d50ba-592a-491a-be9e-7aed4b1edcec
4627,225,b5e81c48-98c7-49b5-a418-ebb9b1ced6bd,9cdcda2f-3a05-4abe-8f21-8529136ec7fa
4628,56,b2028153-369d-475d-a4dc-1d4a847425fe,05db5d78-31d2-4fb7-ae0e-f3181d897dec
4629,225,2d12b351-366b-4692-964c-197012cce67e,9cdcda2f-3a05-4abe-8f21-8529136ec7fa
4630,225,9d84efb1-82a4-4010-9b33-fc205b4e4e31,9cdcda2f-3a05-4abe-8f21-8529136ec7fa
4631,225,68aa4c63-8592-4b05-afc4-32502de3e1b7,9cdcda2f-3a05-4abe-8f21-8529136ec7fa
4632,225,bd183a41-187a-4fef-8acd-07a9e239d8ee,9cdcda2f-3a05-4abe-8f21-8529136ec7fa
4633,225,b2df266a-aad6-45b4-b1b7-274a731bf845,9cdcda2f-3a05-4abe-8f21-8529136ec7fa
4634,225,6fc753f7-eeec-4ded-849b-b5d6cc908b29,9cdcda2f-3a05-4abe-8f21-8529136ec7fa
4635,14,61b87113-ee14-4f52-8781-ab99b4741d9d,63415897-6d9c-4dc4-a2cf-db77b292f8ef
4635,165,61b87113-ee14-4f52-8781-ab99b4741d9d,666176cb-7d89-4559-959d-ce3cccf68dd7
4636,225,b342524f-661c-481d-8023-e3a090901c03,9cdcda2f-3a05-4abe-8f21-8529136ec7fa
4637,225,044684a5-163e-4225-89fb-3b8e56a1df1c,9cdcda2f-3a05-4abe-8f21-8529136ec7fa
4638,225,0afef731-b19e-4117-92d3-1442fa3f8b0f,9cdcda2f-3a05-4abe-8f21-8529136ec7fa
4639,118,ef6008b6-3a7a-4479-ac0d-8177f48abb70,0ae3d636-f592-4f95-bed4-68e6dc1bf8a1
4640,78,5f7c49e1-ef7a-4802-abd2-00240fa47def,b891f2ef-05ab-493e-926f-59d9019f029d
4641,37,fb35bee8-1cd4-4ce2-bab0-1edcac5de2c7,370d50ba-592a-491a-be9e-7aed4b1edcec
4641,225,fb35bee8-1cd4-4ce2-bab0-1edcac5de2c7,9cdcda2f-3a05-4abe-8f21-8529136ec7fa
4642,991,411f0c0d-85e5-4169-a2a9-d5804d085a17,c09f6ef6-3d50-471d-8c7e-f4a78c8f398c
4643,225,086a1bff-42e9-4ef8-90c0-6854759644e3,9cdcda2f-3a05-4abe-8f21-8529136ec7fa
4645,55,ea4c2f29-d951-4f02-bf25-9161f7b4aad7,70cb2fa0-b97b-4e80-adf4-5473e61cab6b
4645,56,ea4c2f29-d951-4f02-bf25-9161f7b4aad7,05db5d78-31d2-4fb7-ae0e-f3181d897dec
4645,74,ea4c2f29-d951-4f02-bf25-9161f7b4aad7,fcadc606-b3bc-456e-ad45-826bb6eaa875
4645,173,ea4c2f29-d951-4f02-bf25-9161f7b4aad7,5c13e222-45ec-4a67-9e4a-d91b1f1e60c9
4645,191,ea4c2f29-d951-4f02-bf25-9161f7b4aad7,2de6dd51-50e0-4e80-825c-d0aeb80b3a47
4645,196,ea4c2f29-d951-4f02-bf25-9161f7b4aad7,940b3f91-84fe-493e-a32b-97fe98b59535
4646,225,f43c0617-a234-456c-802a-39783ab66438,9cdcda2f-3a05-4abe-8f21-8529136ec7fa
4647,225,59f3afcf-ca92-42c0-bf50-0dc7ade27640,9cdcda2f-3a05-4abe-8f21-8529136ec7fa
4648,110,414c7e2d-2450-4518-9b30-c5d2fcc8c05a,0f8bb30d-61bf-4513-b56a-113ea8c3aff8
4649,160,e0b22293-3193-4dc7-895e-3030b82e460f,82d5bcea-2d26-46e5-9d77-5c269d4dc0f3
4650,96,6fa2df95-b05d-468f-ada5-71e558e8fd7b,8ba836d3-0869-499f-86a3-c3e3a092f8d5
4651,96,1d4b5bb1-1f60-4a9c-8203-29bc2061ceb8,8ba836d3-0869-499f-86a3-c3e3a092f8d5
4652,225,921437aa-a5b3-4f54-8dae-e5092a74e997,9cdcda2f-3a05-4abe-8f21-8529136ec7fa
4653,76,150d81b4-4ee1-47c8-8bed-2dacf201237e,aca0ea7d-5edb-4012-b86e-c27ac894c9e9
4654,225,e86f02f8-661e-4e04-9ed5-4707654f6709,9cdcda2f-3a05-4abe-8f21-8529136ec7fa
4655,225,2815a400-82bf-43ff-9e3f-329bf2e24bab,9cdcda2f-3a05-4abe-8f21-8529136ec7fa
4656,56,a96032fb-fcdd-4825-b6b2-618caf1a2124,05db5d78-31d2-4fb7-ae0e-f3181d897dec
4657,225,5a04d6fe-c846-44bf-b6b4-b862cceb8b40,9cdcda2f-3a05-4abe-8f21-8529136ec7fa
4658,56,6bd97b33-e875-4865-b6a8-aeba99cfef97,05db5d78-31d2-4fb7-ae0e-f3181d897dec
4659,225,967af734-a798-41e7-a8d9-064a3c638213,9cdcda2f-3a05-4abe-8f21-8529136ec7fa
4660,76,1913645c-31d2-4f15-89d5-0f75c2751e6e,aca0ea7d-5edb-4012-b86e-c27ac894c9e9
4661,160,dca07a3a-8ad2-49de-9e58-c228ec410821,82d5bcea-2d26-46e5-9d77-5c269d4dc0f3
4661,225,dca07a3a-8ad2-49de-9e58-c228ec410821,9cdcda2f-3a05-4abe-8f21-8529136ec7fa
4662,54,ff537b16-2ad9-42d1-9fe0-d7b391e252dd,9e376323-7436-4cd0-9eac-5957da3cd7ea
4662,107,ff537b16-2ad9-42d1-9fe0-d7b391e252dd,d5b59247-e12c-4bb2-ae69-5a3569942ff1
4663,74,423dfb23-780a-4b31-bfcc-3bed1a052c74,fcadc606-b3bc-456e-ad45-826bb6eaa875
4664,225,fc959b04-47ab-4415-b86c-c07845843426,9cdcda2f-3a05-4abe-8f21-8529136ec7fa
4665,225,00614cb4-eb0e-4732-95ec-3afb4fcc6809,9cdcda2f-3a05-4abe-8f21-8529136ec7fa
4666,217,45e5e6e8-34f7-4b13-b68f-7584065dff82,da1bf799-42e5-4b0d-82c4-358b702d4200
4667,37,567cf101-a14f-4097-ab15-f8f3fce87eb7,370d50ba-592a-491a-be9e-7aed4b1edcec
4668,225,b1291f44-9669-4b64-aea1-7bf93da0a2d6,9cdcda2f-3a05-4abe-8f21-8529136ec7fa
4669,160,a65c6aa6-16df-4527-ac07-d30ef603bea4,82d5bcea-2d26-46e5-9d77-5c269d4dc0f3
4670,67,55be3ff4-4cda-4635-b344-86ad407c0e56,92fb785b-75ee-467b-8ff0-c25cb9c81149
4671,130,03aa2cad-2ae2-4b35-b3e9-585a7a9c8775,3ac91d17-f0a1-4b85-a83d-efafab0ee78c
4672,993,e399d62e-807a-41be-9451-c0311a64ea43,be7df09a-bed7-44db-844a-05dda9dd1a46
4673,225,693b0d94-cd4b-46a3-9c44-1d293f6cd71a,9cdcda2f-3a05-4abe-8f21-8529136ec7fa
4674,76,edb88792-32c1-4f44-8ebe-e32790781c89,aca0ea7d-5edb-4012-b86e-c27ac894c9e9
4675,76,e0177bff-5715-44a3-a638-8279a2852f08,aca0ea7d-5edb-4012-b86e-c27ac894c9e9
4676,56,34c1fe10-e134-43b6-9aac-d36a505cd6a8,05db5d78-31d2-4fb7-ae0e-f3181d897dec
4677,47,fe44b3dc-02aa-4bf4-a023-e461facc6bc4,bce5e705-92ce-432a-a0d6-2ee99faeb42b
4678,225,da5b78c5-ab33-41f4-ad87-d245b1ae4319,9cdcda2f-3a05-4abe-8f21-8529136ec7fa
4679,14,5ce959a9-42ee-4a41-8ea1-0c4558785fb4,63415897-6d9c-4dc4-a2cf-db77b292f8ef
4680,161,ee12950d-fdf0-4c73-8532-35f6409b5483,cb4838c4-6ff1-432f-93f3-985c8eeb8f1b
4680,191,ee12950d-fdf0-4c73-8532-35f6409b5483,2de6dd51-50e0-4e80-825c-d0aeb80b3a47
4681,7,ee66922d-058c-4241-8c84-57ce9f78d995,c755eb3a-e923-42e6-9356-5850d4729e56
4683,160,d964671e-bb80-484a-8f48-7da0ddb0f588,82d5bcea-2d26-46e5-9d77-5c269d4dc0f3
4683,225,d964671e-bb80-484a-8f48-7da0ddb0f588,9cdcda2f-3a05-4abe-8f21-8529136ec7fa
4684,160,cfeee5b7-d389-4c30-b8f9-33877da4b3b4,82d5bcea-2d26-46e5-9d77-5c269d4dc0f3
4684,225,cfeee5b7-d389-4c30-b8f9-33877da4b3b4,9cdcda2f-3a05-4abe-8f21-8529136ec7fa
4685,160,956234f3-395d-4fa4-8295-66ff8f958db4,82d5bcea-2d26-46e5-9d77-5c269d4dc0f3
4685,225,956234f3-395d-4fa4-8295-66ff8f958db4,9cdcda2f-3a05-4abe-8f21-8529136ec7fa
4686,160,704e3f15-f94f-44fa-8faa-a145cc2cd30b,82d5bcea-2d26-46e5-9d77-5c269d4dc0f3
4686,225,704e3f15-f94f-44fa-8faa-a145cc2cd30b,9cdcda2f-3a05-4abe-8f21-8529136ec7fa
4688,225,69be3e98-c0ba-4631-9bb8-38c2dba3bd36,9cdcda2f-3a05-4abe-8f21-8529136ec7fa
4689,225,b5d8168a-1249-4eea-b9fa-3435a02742af,9cdcda2f-3a05-4abe-8f21-8529136ec7fa
4690,56,d07b69e2-9705-44e6-ba03-10b74a34a474,05db5d78-31d2-4fb7-ae0e-f3181d897dec
4691,69,fbe53ce2-962d-4aa2-8b1c-ee745c97e9e8,035eab86-1053-41d2-bb09-048493bf5a8f
4692,110,0d2661e0-3277-4f14-92fd-997d7b41d097,0f8bb30d-61bf-4513-b56a-113ea8c3aff8
4693,225,99f61f8f-dd57-4db4-9c13-82f544c6ed7d,9cdcda2f-3a05-4abe-8f21-8529136ec7fa
4694,225,bdf1532d-a641-4fa9-aab7-e8f8f12d2d85,9cdcda2f-3a05-4abe-8f21-8529136ec7fa
4695,101,281fae01-00cd-493b-8f17-a691ecd16ebb,134fd0db-dd0c-4e37-82ce-a73f8688026b
4696,225,9e558ea9-259b-4f85-a8e1-c325428dc294,9cdcda2f-3a05-4abe-8f21-8529136ec7fa
4697,225,9dc7364f-c6ba-40fb-b79e-abfc386828c9,9cdcda2f-3a05-4abe-8f21-8529136ec7fa
4698,171,4ad621fd-7bec-489a-9cde-2d038434dea8,2a3cc59e-2888-421d-bb8f-f72c3ba7975f
4699,225,c1c22f56-bd92-40c4-93b2-62638a2048d2,9cdcda2f-3a05-4abe-8f21-8529136ec7fa
4700,56,ba89ea13-035f-4650-a9ec-1f510f1da9d2,05db5d78-31d2-4fb7-ae0e-f3181d897dec
4701,76,679bc640-b249-466f-8883-947b510a5e74,aca0ea7d-5edb-4012-b86e-c27ac894c9e9
4702,102,e8a1bf3d-408b-409e-bd37-951883a09f64,a9d2a258-26e9-47ca-a80d-cb83e3d4fb49
4703,225,e085a4db-6b7e-4353-8599-eb92848101db,9cdcda2f-3a05-4abe-8f21-8529136ec7fa
4704,102,9c2791fa-e500-4384-85eb-fa53a0434279,a9d2a258-26e9-47ca-a80d-cb83e3d4fb49
4705,102,b1bfef17-f6ad-4518-9801-d63342a424b4,a9d2a258-26e9-47ca-a80d-cb83e3d4fb49
4706,74,8f4a9b67-3fae-435c-b384-562591009920,fcadc606-b3bc-456e-ad45-826bb6eaa875
4707,225,3a5d59b9-ae4e-4a9d-a6ce-2c212893b151,9cdcda2f-3a05-4abe-8f21-8529136ec7fa
4708,76,621de1b7-4ef3-44e7-a2ca-8e52a26e1df3,aca0ea7d-5edb-4012-b86e-c27ac894c9e9
4709,996,9bab2b47-93d4-4517-9012-c3e5a5823d7e,4de9d058-62bb-4727-b2a3-ef64bed4edf9
4710,225,fa391536-74fb-4070-9888-4ab1afb5164e,9cdcda2f-3a05-4abe-8f21-8529136ec7fa
4712,13,83f88736-189c-4541-87ca-1b99d44218bd,b55c215f-d96b-4e35-b2f0-242bed184ab2
4713,225,08a4a175-0bc4-42b9-be7f-a5c15cd39428,9cdcda2f-3a05-4abe-8f21-8529136ec7fa
4714,67,e6fa4350-e55e-446f-a280-005d245a97af,92fb785b-75ee-467b-8ff0-c25cb9c81149
4715,225,94ce3b10-a4f0-4d0e-9ac1-059856ffc4c9,9cdcda2f-3a05-4abe-8f21-8529136ec7fa
4716,37,1bd6c271-555a-4b6f-8744-17460b62322a,370d50ba-592a-491a-be9e-7aed4b1edcec
4717,47,803bb758-a798-4555-915d-9e5308143178,bce5e705-92ce-432a-a0d6-2ee99faeb42b
4718,37,bc54108c-355f-4e38-96c6-1be944dbf842,370d50ba-592a-491a-be9e-7aed4b1edcec
4719,225,3432fd74-a11f-4b41-85f9-9e71642ea92e,9cdcda2f-3a05-4abe-8f21-8529136ec7fa
4720,225,bfb99537-3663-470c-824a-112f3943615f,9cdcda2f-3a05-4abe-8f21-8529136ec7fa
4721,225,67ba6085-9d04-4a37-805a-a253762712e6,9cdcda2f-3a05-4abe-8f21-8529136ec7fa
4722,225,bcd8aa76-8109-4081-b7a3-4c8f048d40e2,9cdcda2f-3a05-4abe-8f21-8529136ec7fa
4723,30,21c0fd0c-dc26-4f56-8b71-9fd166c16ef3,55c1acfc-2aef-4314-b490-163f7e844333
4724,47,4eab75ad-4e1b-4a3f-bb6c-a89ce4c3a1de,bce5e705-92ce-432a-a0d6-2ee99faeb42b
4725,14,e486e8a7-5f55-4e40-a0a6-f42f41ac9f79,63415897-6d9c-4dc4-a2cf-db77b292f8ef
4726,225,b48c48d4-224d-46e5-a407-8af7e9af54d5,9cdcda2f-3a05-4abe-8f21-8529136ec7fa
4727,992,0fef9611-e9bf-48e3-bce0-559647961f20,f5045ddb-28f5-4810-b5b2-c013e56c96a3
4728,56,226fa5cf-5888-4c17-b53f-eb2ab84ef4b7,05db5d78-31d2-4fb7-ae0e-f3181d897dec
4730,225,0edcb771-ee8e-4228-83fe-40dfd1a311c9,9cdcda2f-3a05-4abe-8f21-8529136ec7fa
4731,191,37a8e91f-63fc-4888-9262-41c4ff335587,2de6dd51-50e0-4e80-825c-d0aeb80b3a47
4732,225,e4304ec7-4566-458c-be07-7ce1e20391ba,9cdcda2f-3a05-4abe-8f21-8529136ec7fa
4733,225,e71f58ae-9d09-4719-8e41-cbac327245ba,9cdcda2f-3a05-4abe-8f21-8529136ec7fa
4734,225,a504db04-e8b2-40d5-bff9-ba3b4b664440,9cdcda2f-3a05-4abe-8f21-8529136ec7fa
4735,225,361883df-8f94-4abd-81b7-be59156ebd57,9cdcda2f-3a05-4abe-8f21-8529136ec7fa
4736,74,4cb3813e-9b5a-46b4-b681-c64af7e8cc49,fcadc606-b3bc-456e-ad45-826bb6eaa875
4736,107,4cb3813e-9b5a-46b4-b681-c64af7e8cc49,d5b59247-e12c-4bb2-ae69-5a3569942ff1
4737,225,01e4478e-93ed-4aa1-a9be-8410de339d57,9cdcda2f-3a05-4abe-8f21-8529136ec7fa
4738,225,301edbd5-4778-438a-8288-17a4b79fc869,9cdcda2f-3a05-4abe-8f21-8529136ec7fa
4739,93,6229a7c1-b766-4b66-ba04-a96980661b78,5aec9d0e-3c30-4467-846f-edbaca04007b
4740,67,04cb6628-9e21-464d-bd9d-23f27e4e06e3,92fb785b-75ee-467b-8ff0-c25cb9c81149
4741,225,a42eb493-2aed-4b46-b306-0c4cbd2139f2,9cdcda2f-3a05-4abe-8f21-8529136ec7fa
4742,992,c7506a2e-9042-43ba-b09e-c818ff4ad53e,f5045ddb-28f5-4810-b5b2-c013e56c96a3
4743,991,5030b457-142f-4fa3-8e08-6ea896cd7f88,c09f6ef6-3d50-471d-8c7e-f4a78c8f398c
4744,225,e1299894-837e-46d9-91f8-4becaedc1c08,9cdcda2f-3a05-4abe-8f21-8529136ec7fa
4745,14,82786c80-4386-4978-bb4e-9671e065a504,63415897-6d9c-4dc4-a2cf-db77b292f8ef
4746,76,3bd3e227-66c9-4764-aac4-4351bf79b98e,aca0ea7d-5edb-4012-b86e-c27ac894c9e9
4747,76,7661e65d-c11d-4731-90bb-0e4b413ef17c,aca0ea7d-5edb-4012-b86e-c27ac894c9e9
4748,225,81cfa096-f38a-44c0-a779-a67722d65170,9cdcda2f-3a05-4abe-8f21-8529136ec7fa
4749,74,7b4f09d0-270d-408d-952e-5a7e50f05d85,fcadc606-b3bc-456e-ad45-826bb6eaa875
4750,56,e9bdb76b-026e-4ca3-a517-e40e14c215ad,05db5d78-31d2-4fb7-ae0e-f3181d897dec
4751,217,65558e2e-dc3b-44e7-a803-5a3dff4b677b,da1bf799-42e5-4b0d-82c4-358b702d4200
4752,76,6a289d6f-1750-41b1-a25e-3b96b41e618b,aca0ea7d-5edb-4012-b86e-c27ac894c9e9
4753,225,03d3b91d-12b3-4dbf-9aec-d4b947f0df42,9cdcda2f-3a05-4abe-8f21-8529136ec7fa
4754,225,ae01753e-9a5f-40be-bbb6-7663cb10e0a9,9cdcda2f-3a05-4abe-8f21-8529136ec7fa
4755,225,e76234b0-1a00-4c2f-beb2-407e057a2779,9cdcda2f-3a05-4abe-8f21-8529136ec7fa
4756,172,95d22eee-c6a3-478b-adf7-15249cab4cbb,5b6359d0-efe0-47ad-aca6-65f4ee8d6c69
4757,171,a1a06c6c-11f3-4c42-93ba-e0b870b3aa6c,2a3cc59e-2888-421d-bb8f-f72c3ba7975f
4757,225,a1a06c6c-11f3-4c42-93ba-e0b870b3aa6c,9cdcda2f-3a05-4abe-8f21-8529136ec7fa
4758,76,27a181c0-e1a5-46f3-85f0-c89d7c74c4cc,aca0ea7d-5edb-4012-b86e-c27ac894c9e9
4759,225,78d21939-8309-4c6b-8ba3-b21e71d1d377,9cdcda2f-3a05-4abe-8f21-8529136ec7fa
4760,991,35ca2044-dd28-4438-814f-68c5ca23731c,c09f6ef6-3d50-471d-8c7e-f4a78c8f398c
4761,225,2d22b64f-01c2-48c0-9e58-f7b16e3ffb94,9cdcda2f-3a05-4abe-8f21-8529136ec7fa
4762,102,04770f4a-6e8f-4ce9-954a-2766d31e3ad0,a9d2a258-26e9-47ca-a80d-cb83e3d4fb49
4763,225,ea74294f-1478-4c05-8013-16ec429d55b7,9cdcda2f-3a05-4abe-8f21-8529136ec7fa
4764,126,4432f546-cac2-45b1-98e1-8d30cc465117,e3a5a1f2-1e74-4edc-9f4c-d61a91c57af7
4765,76,6aea568a-f4d6-4fec-aaa7-ee42a5fd27c8,aca0ea7d-5edb-4012-b86e-c27ac894c9e9
4766,102,51764cf2-7c57-4a9c-bace-b0fb8189b43f,a9d2a258-26e9-47ca-a80d-cb83e3d4fb49
4767,225,48b1f57a-669c-4436-8b9c-f6a7e30bf071,9cdcda2f-3a05-4abe-8f21-8529136ec7fa
4768,171,95596770-6a46-497a-aba4-7aba9cf10c53,2a3cc59e-2888-421d-bb8f-f72c3ba7975f
4769,225,843adc85-4c4e-462b-837a-29ee36c11dfc,9cdcda2f-3a05-4abe-8f21-8529136ec7fa
4770,69,59c279ef-8256-4682-8755-a0c1569f3c59,035eab86-1053-41d2-bb09-048493bf5a8f
4771,76,01bd4fbd-6679-4cb5-a251-92c361adca95,aca0ea7d-5edb-4012-b86e-c27ac894c9e9
4772,225,5f48d414-8eae-4db0-a3c7-d28e14bc07e0,9cdcda2f-3a05-4abe-8f21-8529136ec7fa
4773,225,58d4b6c1-d127-4bc4-9241-d2e3db6e914a,9cdcda2f-3a05-4abe-8f21-8529136ec7fa
4774,76,cbfa5579-448e-4529-afc5-075cfeb73d00,aca0ea7d-5edb-4012-b86e-c27ac894c9e9
4775,76,f8c43a2e-4af0-4e25-9173-900f04b778d0,aca0ea7d-5edb-4012-b86e-c27ac894c9e9
4776,76,b88aea6f-2304-47ad-9d68-4f6a367c9275,aca0ea7d-5edb-4012-b86e-c27ac894c9e9
4777,37,5a310c15-aec9-455e-9701-1b4e48a212f7,370d50ba-592a-491a-be9e-7aed4b1edcec
4777,225,5a310c15-aec9-455e-9701-1b4e48a212f7,9cdcda2f-3a05-4abe-8f21-8529136ec7fa
4778,996,8966c8f8-3d16-40ce-b20d-61bc0752abc2,4de9d058-62bb-4727-b2a3-ef64bed4edf9
4779,996,b06c997b-3442-41cd-a8f9-e14f9a0c19e1,4de9d058-62bb-4727-b2a3-ef64bed4edf9
4780,996,6b69ceb7-208e-4168-a30d-cdcc2c9b0f04,4de9d058-62bb-4727-b2a3-ef64bed4edf9
4782,151,ae123309-7ce0-4e05-85cc-b29ee2d5b6b8,d99989a8-ea9c-4d4e-86f5-71dfdf6f7e81
4783,225,25d73c68-bfe4-4de2-93bd-f886bfa36c77,9cdcda2f-3a05-4abe-8f21-8529136ec7fa
4784,14,d55b3460-4b9a-4478-ae72-5bdb175286ad,63415897-6d9c-4dc4-a2cf-db77b292f8ef
4785,225,6703ddfa-4da6-4d70-b0fc-b6248b5aaf73,9cdcda2f-3a05-4abe-8f21-8529136ec7fa
4786,13,85bb8ffe-b464-45a8-b137-3e05e8bb1301,b55c215f-d96b-4e35-b2f0-242bed184ab2
4786,56,85bb8ffe-b464-45a8-b137-3e05e8bb1301,05db5d78-31d2-4fb7-ae0e-f3181d897dec
4787,76,755369f1-2e51-43aa-9d30-bd696e45abe2,aca0ea7d-5edb-4012-b86e-c27ac894c9e9
4787,225,755369f1-2e51-43aa-9d30-bd696e45abe2,9cdcda2f-3a05-4abe-8f21-8529136ec7fa
4788,225,e68774da-0e80-4f74-9b59-38e430a79a6f,9cdcda2f-3a05-4abe-8f21-8529136ec7fa
4789,14,d6ae39f1-9565-4406-96f4-12046b214e4a,63415897-6d9c-4dc4-a2cf-db77b292f8ef
4790,76,e5315186-b130-46d9-b01a-184fdf764db5,aca0ea7d-5edb-4012-b86e-c27ac894c9e9
4791,225,731e66a1-e8bc-4921-820a-7f714c94944e,9cdcda2f-3a05-4abe-8f21-8529136ec7fa
4792,225,c0051615-d7bf-445c-978e-1ff51772fe05,9cdcda2f-3a05-4abe-8f21-8529136ec7fa
4793,18,ba58e069-7e26-4529-a157-a9d4098cd111,875c2c58-d82a-46b2-affd-e5a6f493d961
4794,225,2d5a35ef-017b-49fb-834c-df10b65b99b2,9cdcda2f-3a05-4abe-8f21-8529136ec7fa
4795,225,eacadedb-1173-4397-b149-3df437f59262,9cdcda2f-3a05-4abe-8f21-8529136ec7fa
4796,225,e4532c37-d9fc-43ef-a2b9-44b9a77bcbd2,9cdcda2f-3a05-4abe-8f21-8529136ec7fa
4797,225,05994555-cba4-4dd2-9ba4-29cd6e360ab6,9cdcda2f-3a05-4abe-8f21-8529136ec7fa
4798,993,bee102c8-4db9-47eb-9dc0-2b926f936769,be7df09a-bed7-44db-844a-05dda9dd1a46
4800,56,21740ead-7d30-43e8-bdaa-59d44db510e8,05db5d78-31d2-4fb7-ae0e-f3181d897dec
4800,165,21740ead-7d30-43e8-bdaa-59d44db510e8,666176cb-7d89-4559-959d-ce3cccf68dd7
4800,225,21740ead-7d30-43e8-bdaa-59d44db510e8,9cdcda2f-3a05-4abe-8f21-8529136ec7fa
4801,225,ec85f186-c594-48d9-b192-6ecad231ae5e,9cdcda2f-3a05-4abe-8f21-8529136ec7fa
4802,225,bfd7c3d6-7442-451a-8eed-320d5b866688,9cdcda2f-3a05-4abe-8f21-8529136ec7fa
4803,37,4b820512-c0de-4dbe-93b6-60ab1122931b,370d50ba-592a-491a-be9e-7aed4b1edcec
4803,225,4b820512-c0de-4dbe-93b6-60ab1122931b,9cdcda2f-3a05-4abe-8f21-8529136ec7fa
4804,225,582f135d-1bb4-4c98-bd72-12177d42d40f,9cdcda2f-3a05-4abe-8f21-8529136ec7fa
4805,225,ac2d51ce-d41a-45b4-873e-a4096ba611d0,9cdcda2f-3a05-4abe-8f21-8529136ec7fa
4806,225,2030deff-d7a4-45c1-848e-f281a4c6a08a,9cdcda2f-3a05-4abe-8f21-8529136ec7fa
4807,158,364eb36a-5ed2-4cb5-ab2e-89bf0992c490,a537d92c-4cb3-4561-a964-7aa88f6c9316
4808,47,39cb61bb-6332-4951-8c45-7fd25d5e59ae,bce5e705-92ce-432a-a0d6-2ee99faeb42b
4809,47,5fffd46e-6387-45ec-839c-128d58eb9c6f,bce5e705-92ce-432a-a0d6-2ee99faeb42b
4811,14,5523c2a4-d339-48cf-964d-cc955dc4f6e3,63415897-6d9c-4dc4-a2cf-db77b292f8ef
4812,58,94e9b202-40d7-45c4-b99d-a5793c1f40a9,70349383-d413-4b44-af33-49f3df8ed8f5
4813,110,e83db688-1ac4-4d75-96ac-172648531bd4,0f8bb30d-61bf-4513-b56a-113ea8c3aff8
4813,225,e83db688-1ac4-4d75-96ac-172648531bd4,9cdcda2f-3a05-4abe-8f21-8529136ec7fa
4814,93,619863a4-4c07-409d-a575-c0f043f1fe11,5aec9d0e-3c30-4467-846f-edbaca04007b
4815,74,19053d32-ab3a-45f8-8a75-d58372da5813,fcadc606-b3bc-456e-ad45-826bb6eaa875
4816,225,53dbb018-095b-4fcc-948d-5b83113128a1,9cdcda2f-3a05-4abe-8f21-8529136ec7fa
4817,225,9ec71cfb-e5fa-433c-b950-48c19cda29e5,9cdcda2f-3a05-4abe-8f21-8529136ec7fa
4818,93,5504177a-b947-4ab4-9558-d729487ebf19,5aec9d0e-3c30-4467-846f-edbaca04007b
4819,47,cb231669-97d6-4dd8-9a01-cb0f167ca151,bce5e705-92ce-432a-a0d6-2ee99faeb42b
4820,107,1dc0e353-80c0-4040-a789-5b55104f409f,d5b59247-e12c-4bb2-ae69-5a3569942ff1
4821,47,bb3a9f6b-acd4-44a9-94ff-1769f3c21627,bce5e705-92ce-432a-a0d6-2ee99faeb42b
4821,225,bb3a9f6b-acd4-44a9-94ff-1769f3c21627,9cdcda2f-3a05-4abe-8f21-8529136ec7fa
4822,160,57721251-9926-4e2c-bdf8-32dfcb03432c,82d5bcea-2d26-46e5-9d77-5c269d4dc0f3
4823,37,6539ab64-8174-42e8-8940-ee7f1924db7f,370d50ba-592a-491a-be9e-7aed4b1edcec
4824,47,7813ddbf-e1e9-4c06-9cf3-dc6398220a26,bce5e705-92ce-432a-a0d6-2ee99faeb42b
4825,118,652e3932-f637-4bbf-a230-70dfa6a9c04d,0ae3d636-f592-4f95-bed4-68e6dc1bf8a1
4825,192,652e3932-f637-4bbf-a230-70dfa6a9c04d,f255ee1a-572c-4450-9477-73ff8bbe6165
4825,225,652e3932-f637-4bbf-a230-70dfa6a9c04d,9cdcda2f-3a05-4abe-8f21-8529136ec7fa
4825,992,652e3932-f637-4bbf-a230-70dfa6a9c04d,f5045ddb-28f5-4810-b5b2-c013e56c96a3
4826,47,5625483a-dfe2-4ff7-9a8f-c43e0b141a84,bce5e705-92ce-432a-a0d6-2ee99faeb42b
4826,225,5625483a-dfe2-4ff7-9a8f-c43e0b141a84,9cdcda2f-3a05-4abe-8f21-8529136ec7fa
4827,991,dc3b7a6f-02ce-4700-9557-08b51ee8bb44,c09f6ef6-3d50-471d-8c7e-f4a78c8f398c
4828,76,27272f41-914b-4a17-9162-ab05b73b13a5,aca0ea7d-5edb-4012-b86e-c27ac894c9e9
4830,225,72c536ca-639a-43f0-8a5a-73fd45df9a15,9cdcda2f-3a05-4abe-8f21-8529136ec7fa
4831,992,dc55ff81-c23e-4a1c-8088-b58fd1e746f3,f5045ddb-28f5-4810-b5b2-c013e56c96a3
4832,225,ad1a1a56-e7a8-452c-b31c-4ea1803e603d,9cdcda2f-3a05-4abe-8f21-8529136ec7fa
4833,74,69299376-136b-4fa8-8078-886feab57e29,fcadc606-b3bc-456e-ad45-826bb6eaa875
4834,165,45bc814d-23b2-459c-8a05-86125d26bda9,666176cb-7d89-4559-959d-ce3cccf68dd7
4835,165,66154720-cecf-4866-a070-10578c63c8d5,666176cb-7d89-4559-959d-ce3cccf68dd7
4836,76,119a1714-27ab-4600-b0db-3dc7746b0560,aca0ea7d-5edb-4012-b86e-c27ac894c9e9
4837,991,c9cc1683-cefb-471e-a5f1-a6c0b34bb6c6,c09f6ef6-3d50-471d-8c7e-f4a78c8f398c
4838,76,878f0acf-5bed-4526-b8f7-0682abbdbac8,aca0ea7d-5edb-4012-b86e-c27ac894c9e9
4839,992,67f9f3a3-1084-41d1-bd01-159e0b3e9c4b,f5045ddb-28f5-4810-b5b2-c013e56c96a3
4840,991,70c20875-b7f7-463e-bf40-c6eec83d5ff5,c09f6ef6-3d50-471d-8c7e-f4a78c8f398c
4841,225,13a9b1fa-8c61-4577-8d7a-0bff2c596c52,9cdcda2f-3a05-4abe-8f21-8529136ec7fa
4842,225,d4d15094-8474-45b6-a45c-cf1d3adfb552,9cdcda2f-3a05-4abe-8f21-8529136ec7fa
4843,992,bfd2374b-8955-42d9-afcf-681a7d6a7882,f5045ddb-28f5-4810-b5b2-c013e56c96a3
4844,996,eeb00c52-965a-49bd-956d-e681103d3d7b,4de9d058-62bb-4727-b2a3-ef64bed4edf9
4845,996,bb5a419a-eac0-485c-95b6-9d00070edd96,4de9d058-62bb-4727-b2a3-ef64bed4edf9
4846,996,298422ea-7aec-4872-ad11-9d550eac5142,4de9d058-62bb-4727-b2a3-ef64bed4edf9
4847,996,d46a10f2-c08e-4ba1-9459-433b0a828f11,4de9d058-62bb-4727-b2a3-ef64bed4edf9
4848,996,5caf939c-7d8e-434c-99df-2a56b3fde18a,4de9d058-62bb-4727-b2a3-ef64bed4edf9
4849,996,40088240-ff35-49a1-a892-ff90035cc8ae,4de9d058-62bb-4727-b2a3-ef64bed4edf9
4850,996,cd85c659-2403-4105-906d-74181b2e0f8b,4de9d058-62bb-4727-b2a3-ef64bed4edf9
4851,996,ccdfa0a4-9947-4a4b-a197-02531a4bae5c,4de9d058-62bb-4727-b2a3-ef64bed4edf9
4852,996,0d01e345-9fae-4027-8cb7-3bedb148b5cf,4de9d058-62bb-4727-b2a3-ef64bed4edf9
4853,56,1b9757ac-1b0e-4637-9170-c1ec2db56bff,05db5d78-31d2-4fb7-ae0e-f3181d897dec
4854,993,7581e8a0-8e74-4672-a6c1-bd8ddfed9963,be7df09a-bed7-44db-844a-05dda9dd1a46
4854,995,7581e8a0-8e74-4672-a6c1-bd8ddfed9963,4c8bf90e-d1b8-4c9a-9882-fc85aee7fb51
4855,225,105ad45d-6d1e-4e58-9264-8f060dd42b9e,9cdcda2f-3a05-4abe-8f21-8529136ec7fa
4856,42,3e0aa76a-372f-4afd-b65b-4444f272bf1f,51fc41ab-afab-40d9-a285-aa863fd2e978
4856,56,3e0aa76a-372f-4afd-b65b-4444f272bf1f,05db5d78-31d2-4fb7-ae0e-f3181d897dec
4857,996,88bd917e-5843-4847-88d3-ea92791abbdb,4de9d058-62bb-4727-b2a3-ef64bed4edf9
4858,996,7299cbf2-4f24-49d3-b6ae-668e1fcf2cdc,4de9d058-62bb-4727-b2a3-ef64bed4edf9
4859,996,f114b96f-2420-4173-935a-29d122df3a3d,4de9d058-62bb-4727-b2a3-ef64bed4edf9
4860,996,a7168c91-2177-4492-92af-81fe6918b1fc,4de9d058-62bb-4727-b2a3-ef64bed4edf9
4861,996,41c043a7-eff6-4e7f-816a-30ce55c8e16c,4de9d058-62bb-4727-b2a3-ef64bed4edf9
4862,996,ffb1f3e2-9490-4a97-877b-cdd62d94a101,4de9d058-62bb-4727-b2a3-ef64bed4edf9
4863,996,ad52ce57-e279-4cbd-a693-430cc83ef28e,4de9d058-62bb-4727-b2a3-ef64bed4edf9
4864,996,29ef909a-325c-4118-bd8a-c0097a57020f,4de9d058-62bb-4727-b2a3-ef64bed4edf9
4865,996,5466c102-b99b-4388-ab2f-3b20d309bb4c,4de9d058-62bb-4727-b2a3-ef64bed4edf9
4866,56,ed2f1367-1b52-4325-a356-4f99d20377bd,05db5d78-31d2-4fb7-ae0e-f3181d897dec
4867,56,5d9f82d0-7455-4e3d-9706-b28a85493c5c,05db5d78-31d2-4fb7-ae0e-f3181d897dec
4868,995,86dcc053-56ca-4c7d-ac65-8e5af3eb060c,4c8bf90e-d1b8-4c9a-9882-fc85aee7fb51
4869,56,721c8689-6cb7-4b0f-a6bb-d64cbcfa14a8,05db5d78-31d2-4fb7-ae0e-f3181d897dec
4870,11,af357750-479d-49ff-b5ae-a45eeb9cde25,42a63d3f-4077-47c6-98ea-3fa601c5488e
4871,225,cae60d35-13e8-4789-90c7-dc302db81e3e,9cdcda2f-3a05-4abe-8f21-8529136ec7fa
4872,13,3b9ed50b-a06e-4c71-8187-be27de9448a5,b55c215f-d96b-4e35-b2f0-242bed184ab2
4873,222,7bdff167-42c3-4dd4-a292-c751355c09d8,bfcd729e-fa75-4887-bbe3-34e59d05af64
4875,225,078b701c-7d9f-43e7-9dd0-fabe145b0b9f,9cdcda2f-3a05-4abe-8f21-8529136ec7fa
4876,110,b0051e74-0f89-4c8b-8b4d-220edf03d896,0f8bb30d-61bf-4513-b56a-113ea8c3aff8
4877,225,f9e7b206-1320-46c1-bcf7-1c2bd76960d8,9cdcda2f-3a05-4abe-8f21-8529136ec7fa
4878,225,b55c08cc-dd85-4cea-bc66-f24362b63a24,9cdcda2f-3a05-4abe-8f21-8529136ec7fa
4879,225,13969dfe-6436-48c8-a7cd-8ed395478e37,9cdcda2f-3a05-4abe-8f21-8529136ec7fa
4880,30,93e89b13-76fe-4154-b6f1-64e6dded9dda,55c1acfc-2aef-4314-b490-163f7e844333
4881,171,8a130d49-78b9-433c-b908-72db93f1b6b5,2a3cc59e-2888-421d-bb8f-f72c3ba7975f
4882,225,62912b19-5abc-49d8-a6cd-ebd77d98ad26,9cdcda2f-3a05-4abe-8f21-8529136ec7fa
4883,176,7850d582-d1a7-4536-89da-93756c9eca5c,7d514500-808c-4ef5-a58e-4f7fac6b3d5f
4884,76,35eb564a-b7fc-49c8-a49f-48dab56125ec,aca0ea7d-5edb-4012-b86e-c27ac894c9e9
4885,225,4736a639-3e3d-44be-88b4-04d9fd7b8087,9cdcda2f-3a05-4abe-8f21-8529136ec7fa
4886,76,33fb81c4-c061-4879-885a-acb4f583500f,aca0ea7d-5edb-4012-b86e-c27ac894c9e9
4887,37,c8417d3f-6ee2-4c9c-b0bc-28e5e562494b,370d50ba-592a-491a-be9e-7aed4b1edcec
4888,87,76b1af1b-d654-4bb9-ae73-4b1042d62277,f3e2edb5-0b20-469f-ba30-8d25390d2d14
4889,225,324b0e4a-9ff7-48e4-a7b8-4ff711834eeb,9cdcda2f-3a05-4abe-8f21-8529136ec7fa
4890,118,8efe1a4d-d3b0-4eef-a86d-facceb95b4fc,0ae3d636-f592-4f95-bed4-68e6dc1bf8a1
4891,225,82aea37d-f432-4b2b-8d36-6640b36d7bfd,9cdcda2f-3a05-4abe-8f21-8529136ec7fa
4892,76,4815bb9b-d23a-4814-827f-11681b9d542a,aca0ea7d-5edb-4012-b86e-c27ac894c9e9
4893,96,3c3b8657-7c29-4c25-808c-1bdecb296a61,8ba836d3-0869-499f-86a3-c3e3a092f8d5
4894,225,301c7052-72d8-4427-b11f-f83617f3611a,9cdcda2f-3a05-4abe-8f21-8529136ec7fa
4895,151,4bc9ceee-8cdf-4484-9336-dcc45a0597f5,d99989a8-ea9c-4d4e-86f5-71dfdf6f7e81
4896,76,be9a28e6-1834-4a6f-9790-8e69c1d54980,aca0ea7d-5edb-4012-b86e-c27ac894c9e9
4897,225,9414281a-3aaa-45e6-aeea-380f26f7ba22,9cdcda2f-3a05-4abe-8f21-8529136ec7fa
4898,225,4fe57d36-a4ce-40e3-8e2c-e30f5b5843d8,9cdcda2f-3a05-4abe-8f21-8529136ec7fa
4900,76,7a75ce5c-9c21-470b-8311-fd57db70829f,aca0ea7d-5edb-4012-b86e-c27ac894c9e9
4901,37,df4c40c6-bc02-4c11-8b94-2a0aa42cd705,370d50ba-592a-491a-be9e-7aed4b1edcec
4902,67,4604d09e-c6db-4b80-9fdb-f8a068bbc7b9,92fb785b-75ee-467b-8ff0-c25cb9c81149
4903,160,e292af22-1f66-4021-842c-e208070696a3,82d5bcea-2d26-46e5-9d77-5c269d4dc0f3
4904,225,5565f176-b839-4408-8e8e-2d535289c7c0,9cdcda2f-3a05-4abe-8f21-8529136ec7fa
4905,225,c61fa631-60e3-4c4a-ad10-8b8049137888,9cdcda2f-3a05-4abe-8f21-8529136ec7fa
4906,85,c3aa4dd2-858a-4fb0-9268-10b93c0adb3b,61c49d89-92f0-44b4-99e3-3dec6782c0d0
4907,225,a7f3ccb1-7434-4f1f-8f19-260abf5eb73e,9cdcda2f-3a05-4abe-8f21-8529136ec7fa
4908,76,9d74cc61-3cd5-42c4-990d-ed50691bf499,aca0ea7d-5edb-4012-b86e-c27ac894c9e9
4909,225,b55712cc-fedb-4e3e-9522-3a18566269d3,9cdcda2f-3a05-4abe-8f21-8529136ec7fa
4910,74,1abdbc06-2921-4955-bece-0df2983cc947,fcadc606-b3bc-456e-ad45-826bb6eaa875
4911,110,f584078b-f217-411c-8732-d26318ebb63d,0f8bb30d-61bf-4513-b56a-113ea8c3aff8
4912,76,053784bf-63ee-4990-845b-98284e1b95da,aca0ea7d-5edb-4012-b86e-c27ac894c9e9
4913,225,62c6d5f1-35a0-4d47-8950-60980b612558,9cdcda2f-3a05-4abe-8f21-8529136ec7fa
4914,225,3d629464-a2b9-4099-b644-b640e137678f,9cdcda2f-3a05-4abe-8f21-8529136ec7fa
4915,37,55ce67d0-07e1-4ebb-b145-889f599bb9bb,370d50ba-592a-491a-be9e-7aed4b1edcec
4915,56,55ce67d0-07e1-4ebb-b145-889f599bb9bb,05db5d78-31d2-4fb7-ae0e-f3181d897dec
4915,76,55ce67d0-07e1-4ebb-b145-889f599bb9bb,aca0ea7d-5edb-4012-b86e-c27ac894c9e9
4916,225,53fec80b-e7f0-46b3-bb14-c243c0419d13,9cdcda2f-3a05-4abe-8f21-8529136ec7fa
4917,225,75002262-8fad-4d5c-9ef2-017318ee3a9e,9cdcda2f-3a05-4abe-8f21-8529136ec7fa
4918,991,1f9251fd-d7e6-4d06-9601-c860a9e964ed,c09f6ef6-3d50-471d-8c7e-f4a78c8f398c
4919,225,a613c7d6-c450-42bc-9269-18ab6b9e0690,9cdcda2f-3a05-4abe-8f21-8529136ec7fa
4920,76,60253e97-385a-47f1-85f5-685025bcab83,aca0ea7d-5edb-4012-b86e-c27ac894c9e9
4921,225,42256122-ed86-44e0-aaf6-5597d3d441a5,9cdcda2f-3a05-4abe-8f21-8529136ec7fa
4922,76,dfadec18-c9f2-4795-be3a-6e15bb2765aa,aca0ea7d-5edb-4012-b86e-c27ac894c9e9
4923,225,e5d0e2a8-fe67-447f-a928-e275be0ac155,9cdcda2f-3a05-4abe-8f21-8529136ec7fa
4924,37,1ffc0de9-ffba-4f66-a78c-17fefda5ba8d,370d50ba-592a-491a-be9e-7aed4b1edcec
4925,37,db03ddbf-0885-4455-827d-71ef8fefa6ae,370d50ba-592a-491a-be9e-7aed4b1edcec
4926,225,a5fdc341-919f-4360-85c8-49931ff93de0,9cdcda2f-3a05-4abe-8f21-8529136ec7fa
4927,992,7800e28f-ee31-4c50-9ee9-676d3f405194,f5045ddb-28f5-4810-b5b2-c013e56c96a3
4928,225,15c63566-503d-42e2-831d-496124bacc1f,9cdcda2f-3a05-4abe-8f21-8529136ec7fa
4929,225,97b4d352-1efa-4474-8dbb-caff65636d19,9cdcda2f-3a05-4abe-8f21-8529136ec7fa
4930,76,1564131e-66b4-40cc-8726-34e4882e7f32,aca0ea7d-5edb-4012-b86e-c27ac894c9e9
4931,225,f0dad01a-05ff-47b8-b251-6fac90a970a1,9cdcda2f-3a05-4abe-8f21-8529136ec7fa
4932,51,0b47e540-bd9a-4533-8056-caeca776c75d,fad32010-c633-448f-a030-ed243d89ed12
4933,225,a169192a-cb32-4b67-a126-cb3b44320cda,9cdcda2f-3a05-4abe-8f21-8529136ec7fa
4934,74,8078985c-5359-4c69-adf9-52250fb6124a,fcadc606-b3bc-456e-ad45-826bb6eaa875
4935,76,1bd489db-44d8-4751-b392-ee69391eede5,aca0ea7d-5edb-4012-b86e-c27ac894c9e9
4936,225,8a1235e3-7d49-4f7a-aedf-c295cf270953,9cdcda2f-3a05-4abe-8f21-8529136ec7fa
4937,30,b6db38ce-e1d3-4564-9ba9-8f2bba6a1d35,55c1acfc-2aef-4314-b490-163f7e844333
4938,56,243ec5ce-4ca5-4ed8-90a1-f0bd177d4caa,05db5d78-31d2-4fb7-ae0e-f3181d897dec
4939,76,2c5650ea-d4bf-4cea-aefd-e53040e02604,aca0ea7d-5edb-4012-b86e-c27ac894c9e9
4940,2,b1c45b3e-cc36-4673-8ff6-a4e4f0b1efb5,95388027-ca35-43a4-8875-c286ebce9bef
4940,225,b1c45b3e-cc36-4673-8ff6-a4e4f0b1efb5,9cdcda2f-3a05-4abe-8f21-8529136ec7fa
4941,225,6cfc9abf-ac58-48e4-83c3-c1eff898d5c2,9cdcda2f-3a05-4abe-8f21-8529136ec7fa
4942,37,074df3c8-31c7-41f8-a936-da1c8fea7df9,370d50ba-592a-491a-be9e-7aed4b1edcec
4942,225,074df3c8-31c7-41f8-a936-da1c8fea7df9,9cdcda2f-3a05-4abe-8f21-8529136ec7fa
4943,225,ab5c774b-b5a2-4091-b85a-da732ab6c595,9cdcda2f-3a05-4abe-8f21-8529136ec7fa
4944,35,33047f60-78f5-45a8-8fe8-70ca0ba8639e,823efde2-7801-4423-ae6a-62b5225f0f30
4945,76,3aadc267-8f1d-4903-a28f-3b3b39e9c2ca,aca0ea7d-5edb-4012-b86e-c27ac894c9e9
4946,171,be95a7d0-55f8-4222-ad31-c95fd5c50a9f,2a3cc59e-2888-421d-bb8f-f72c3ba7975f
4947,56,99832077-39cd-4308-88a7-2c77341d1b65,05db5d78-31d2-4fb7-ae0e-f3181d897dec
4948,225,3a37d45c-83fa-432c-bcfb-a99cb850200c,9cdcda2f-3a05-4abe-8f21-8529136ec7fa
4949,225,f7e68f29-0781-4726-ad21-b2da4ac768ce,9cdcda2f-3a05-4abe-8f21-8529136ec7fa
4950,93,c73172c6-13d2-4570-a15d-3e3f581f9638,5aec9d0e-3c30-4467-846f-edbaca04007b
4951,47,a1daab96-57f8-40df-bcb8-15f416df1e3d,bce5e705-92ce-432a-a0d6-2ee99faeb42b
4951,225,a1daab96-57f8-40df-bcb8-15f416df1e3d,9cdcda2f-3a05-4abe-8f21-8529136ec7fa
4952,47,b0f1f655-14b4-45e0-bdc6-42440510f836,bce5e705-92ce-432a-a0d6-2ee99faeb42b
4953,225,1614789a-383a-4197-afbe-15de000a7a46,9cdcda2f-3a05-4abe-8f21-8529136ec7fa
4954,107,64860966-90ee-436d-8390-c820b9b635f6,d5b59247-e12c-4bb2-ae69-5a3569942ff1
4955,225,a5a1c19b-b52c-43f1-9b30-3909e1b63fb9,9cdcda2f-3a05-4abe-8f21-8529136ec7fa
4957,76,b7244288-058b-418d-be70-1e504a1925d8,aca0ea7d-5edb-4012-b86e-c27ac894c9e9
4959,225,f79b4338-d3bc-4990-be9f-14973df17201,9cdcda2f-3a05-4abe-8f21-8529136ec7fa
4960,225,7325021a-8c93-4184-b6d3-34b265f3f172,9cdcda2f-3a05-4abe-8f21-8529136ec7fa
4961,225,9705173d-7baa-43a7-ba09-235f972e558a,9cdcda2f-3a05-4abe-8f21-8529136ec7fa
4962,47,dc83b09a-a09f-46e4-81ea-a8bc0b31e8b4,bce5e705-92ce-432a-a0d6-2ee99faeb42b
4962,225,dc83b09a-a09f-46e4-81ea-a8bc0b31e8b4,9cdcda2f-3a05-4abe-8f21-8529136ec7fa
4963,225,53b0658b-3643-448d-a980-4e480467e2be,9cdcda2f-3a05-4abe-8f21-8529136ec7fa
4964,76,bf1dfd2b-fd61-472d-83d2-ac4a419c7afb,aca0ea7d-5edb-4012-b86e-c27ac894c9e9
4965,220,f96bcb93-1d7f-4414-8da2-63ac76420353,14b21639-9757-41e5-a698-9d715f44f80d
4966,56,1749649b-a4d2-42e5-9b00-798353186b07,05db5d78-31d2-4fb7-ae0e-f3181d897dec
4966,76,1749649b-a4d2-42e5-9b00-798353186b07,aca0ea7d-5edb-4012-b86e-c27ac894c9e9
4967,225,cda4a139-a23c-43f0-983b-b672728f9e24,9cdcda2f-3a05-4abe-8f21-8529136ec7fa
4968,74,08acb798-4036-42eb-8175-9a22b33d27d4,fcadc606-b3bc-456e-ad45-826bb6eaa875
4969,225,89df74d5-eabe-4b44-b2ba-b77e8b7f996b,9cdcda2f-3a05-4abe-8f21-8529136ec7fa
4970,995,5e58d2cc-51ae-4320-88c7-f56b5894e7a7,4c8bf90e-d1b8-4c9a-9882-fc85aee7fb51
4971,160,49193133-3dcf-4aea-910c-a688e396c529,82d5bcea-2d26-46e5-9d77-5c269d4dc0f3
4972,110,2b132640-20d3-4bf5-992b-92dc42fd7c24,0f8bb30d-61bf-4513-b56a-113ea8c3aff8
4973,225,b2f8d9ae-5309-4d45-8819-0abd975ac1e1,9cdcda2f-3a05-4abe-8f21-8529136ec7fa
4974,225,66c88f6f-cd35-4b1b-941a-f2c602568b5a,9cdcda2f-3a05-4abe-8f21-8529136ec7fa
4975,98,1a2e44e3-f1dc-4543-9ba0-0ad8e6da989c,1e17f8a9-3e40-4f93-9af1-4b052b3fa800
4976,13,7e1dbbb7-07b3-450a-9ed7-4042064f3058,b55c215f-d96b-4e35-b2f0-242bed184ab2
4976,42,7e1dbbb7-07b3-450a-9ed7-4042064f3058,51fc41ab-afab-40d9-a285-aa863fd2e978
4977,225,1a917e8f-0507-4a9a-ae21-093ff930b98d,9cdcda2f-3a05-4abe-8f21-8529136ec7fa
4978,87,8686319e-d7ac-474f-8de7-7e3e48690d47,f3e2edb5-0b20-469f-ba30-8d25390d2d14
4979,225,ebefca7e-fccc-4381-be1c-92dd247abb2a,9cdcda2f-3a05-4abe-8f21-8529136ec7fa
4980,69,9748b2bf-e45a-4d00-a783-9a9be0b73478,035eab86-1053-41d2-bb09-048493bf5a8f
4981,56,eec328c1-f5fa-426c-950d-ed3ad079db2a,05db5d78-31d2-4fb7-ae0e-f3181d897dec
4983,37,5582a889-4bcc-4274-b998-a1ac463ba9dc,370d50ba-592a-491a-be9e-7aed4b1edcec
4984,74,299904f4-2c76-4638-82c7-8213639a5079,fcadc606-b3bc-456e-ad45-826bb6eaa875
4985,47,e356a92d-7bf3-4e72-9e8e-687aaf3d51bf,bce5e705-92ce-432a-a0d6-2ee99faeb42b
4986,47,665abde1-0a83-4cdd-8cb6-59ac807c1b72,bce5e705-92ce-432a-a0d6-2ee99faeb42b
4987,87,a34017c4-6d88-4cbc-84dd-990bace89625,f3e2edb5-0b20-469f-ba30-8d25390d2d14
4988,76,639cf7c5-3642-4ca0-a0f9-8e18fc689335,aca0ea7d-5edb-4012-b86e-c27ac894c9e9
4989,110,e537f315-2f18-4c58-b57c-84e84b007b0d,0f8bb30d-61bf-4513-b56a-113ea8c3aff8
4990,210,df9cbd5b-2e98-4ed3-90bc-c0938d4806a3,6455f001-c0d4-48db-829d-3a99cb517528
4991,225,d4499ead-c76c-487c-9b40-927aa42ab9ae,9cdcda2f-3a05-4abe-8f21-8529136ec7fa
4992,239,c5c0ab9f-0f55-4e44-b8e7-a4c926e28793,44516d0f-7394-4053-855c-cd6912710867
4993,173,61ef64dc-e43a-4f6d-aed3-ee89bb29a5eb,5c13e222-45ec-4a67-9e4a-d91b1f1e60c9
4994,160,75d3fe63-820f-49ba-b067-95d5b81140cf,82d5bcea-2d26-46e5-9d77-5c269d4dc0f3
4995,225,4021d97c-4130-470c-b2fe-5ee5897690a9,9cdcda2f-3a05-4abe-8f21-8529136ec7fa
4996,225,bf06da38-3829-4bb8-9b85-ea819f6cfcb0,9cdcda2f-3a05-4abe-8f21-8529136ec7fa
4997,76,f9261649-4997-44ff-bbb5-fbc633de16bd,aca0ea7d-5edb-4012-b86e-c27ac894c9e9
4998,14,96ad9aae-a331-47c6-a673-31ace2da5fcd,63415897-6d9c-4dc4-a2cf-db77b292f8ef
4999,225,a7c4532f-a694-40d3-b37e-f5c1c53624cc,9cdcda2f-3a05-4abe-8f21-8529136ec7fa
5000,225,72fded79-1b6a-42bb-ac03-649a8a7c951c,9cdcda2f-3a05-4abe-8f21-8529136ec7fa
5001,107,b0abe19f-34fe-4a79-bb6c-38005a3ad985,d5b59247-e12c-4bb2-ae69-5a3569942ff1
5003,76,ea05bc8f-e091-4372-9293-a25151124a59,aca0ea7d-5edb-4012-b86e-c27ac894c9e9
5004,56,7985f036-1e94-4d58-b3ab-30e0b5d3e401,05db5d78-31d2-4fb7-ae0e-f3181d897dec
5005,129,4c5d96b1-b52b-45c3-bde8-468faa9feac6,9bac34e7-fc20-442a-8b1d-05a79b079368
5006,225,90d328b3-3f01-480b-9173-f8849acc7375,9cdcda2f-3a05-4abe-8f21-8529136ec7fa
5007,225,5ab892bc-3457-47e2-8571-50a565c7b7bf,9cdcda2f-3a05-4abe-8f21-8529136ec7fa
5008,138,e59e3b8f-b466-48e5-846d-ef10edca4134,3e71f17f-14fe-4716-9378-d43f2d9da11d
5009,14,00333d78-9629-42cb-bfdb-d4ecf1b888c1,63415897-6d9c-4dc4-a2cf-db77b292f8ef
5010,225,61047e09-9e5f-4078-bc4a-e9a6ecc53898,9cdcda2f-3a05-4abe-8f21-8529136ec7fa
5011,995,35c6c74f-145f-480d-97a5-47ae529391e6,4c8bf90e-d1b8-4c9a-9882-fc85aee7fb51
5012,225,faf9d6ae-b255-4fe9-81f6-d0544a8559ae,9cdcda2f-3a05-4abe-8f21-8529136ec7fa
5013,56,ad091dbe-81ee-4a40-bae6-894c98e0e37b,05db5d78-31d2-4fb7-ae0e-f3181d897dec
5014,225,0af96c93-54f3-4748-911b-db33c6506d34,9cdcda2f-3a05-4abe-8f21-8529136ec7fa
5015,225,b44e3529-24ba-4514-9fc9-39da493008a2,9cdcda2f-3a05-4abe-8f21-8529136ec7fa
5016,225,7a8ed886-5c12-47a2-900b-b043ae47f21d,9cdcda2f-3a05-4abe-8f21-8529136ec7fa
5018,14,3f94b3fa-00ce-4a4c-bcae-74bf213cbda1,63415897-6d9c-4dc4-a2cf-db77b292f8ef
5019,42,edd71fdd-c174-46b2-940d-3604a2ed7116,51fc41ab-afab-40d9-a285-aa863fd2e978
5019,56,edd71fdd-c174-46b2-940d-3604a2ed7116,05db5d78-31d2-4fb7-ae0e-f3181d897dec
5019,130,edd71fdd-c174-46b2-940d-3604a2ed7116,3ac91d17-f0a1-4b85-a83d-efafab0ee78c
5020,995,c60f8ea7-b392-4307-9138-621e0e07f311,4c8bf90e-d1b8-4c9a-9882-fc85aee7fb51
5021,56,1af92afd-ad41-4148-b1f2-f4ca07529a23,05db5d78-31d2-4fb7-ae0e-f3181d897dec
5022,37,4fb5de32-a6b6-48b7-a3fe-0e295f05101c,370d50ba-592a-491a-be9e-7aed4b1edcec
5023,225,f1bc2e60-7a9e-44da-a9fb-98b8cac033f7,9cdcda2f-3a05-4abe-8f21-8529136ec7fa
5024,37,b39a027b-7ddb-4cab-8465-90fb2c7d945d,370d50ba-592a-491a-be9e-7aed4b1edcec
5025,74,b0beabaa-43aa-4f72-96d1-e556573a6d0f,fcadc606-b3bc-456e-ad45-826bb6eaa875
5026,74,da149c47-ecb5-4251-af86-8d59af47cd91,fcadc606-b3bc-456e-ad45-826bb6eaa875
5027,225,c414d2d2-6d86-4dc1-b4e6-da19d7b53370,9cdcda2f-3a05-4abe-8f21-8529136ec7fa
5028,225,b3baf628-1745-4a1e-9b82-b62b15bcbcd8,9cdcda2f-3a05-4abe-8f21-8529136ec7fa
5029,56,88106a18-f031-4aef-92c6-546cb7dcc400,05db5d78-31d2-4fb7-ae0e-f3181d897dec
5030,13,04c063b6-239d-487d-b585-9f536e7f620a,b55c215f-d96b-4e35-b2f0-242bed184ab2
5031,67,119e61bc-686a-4b34-a25b-cc8e7799acd0,92fb785b-75ee-467b-8ff0-c25cb9c81149
5032,225,c49b7b8c-1ccc-4292-8987-184960c03a9c,9cdcda2f-3a05-4abe-8f21-8529136ec7fa
5033,225,a2d15c53-95d6-4946-9b9b-4d9cae8855db,9cdcda2f-3a05-4abe-8f21-8529136ec7fa
5034,225,3b3e8419-b8ab-4b22-9e9a-f52291187858,9cdcda2f-3a05-4abe-8f21-8529136ec7fa
5035,225,3afcf984-4ae0-4dc8-8e91-acc13e3c7ab3,9cdcda2f-3a05-4abe-8f21-8529136ec7fa
5036,225,27da499c-f1da-4c80-a28f-6ef0064d0dee,9cdcda2f-3a05-4abe-8f21-8529136ec7fa
5037,225,a81a7de8-0f6d-49c1-8922-ec58c3eafab2,9cdcda2f-3a05-4abe-8f21-8529136ec7fa
5038,191,be1a3d1d-9a75-4afb-a5eb-baa90542d7f8,2de6dd51-50e0-4e80-825c-d0aeb80b3a47
5039,69,2791b7aa-0ebc-42d6-b524-ac6a79c06257,035eab86-1053-41d2-bb09-048493bf5a8f
5040,993,35544aba-6412-4fee-866a-4421d0104f61,be7df09a-bed7-44db-844a-05dda9dd1a46
5041,991,bfb658e0-f00f-4c55-af7e-c842d2c22748,c09f6ef6-3d50-471d-8c7e-f4a78c8f398c
5043,991,8f99b987-43ea-425e-a526-b255fa72a271,c09f6ef6-3d50-471d-8c7e-f4a78c8f398c
5044,991,e85ba63c-8806-4796-b819-63092121ef8c,c09f6ef6-3d50-471d-8c7e-f4a78c8f398c
5045,991,fc4ef82c-f971-4db3-bc26-2ec4d7b5c4e3,c09f6ef6-3d50-471d-8c7e-f4a78c8f398c
5046,991,cd62067b-31a8-4fb6-8ea5-6f2cd53236e6,c09f6ef6-3d50-471d-8c7e-f4a78c8f398c
5048,993,d64eeb8a-d89d-4f22-a414-67368d184092,be7df09a-bed7-44db-844a-05dda9dd1a46
5049,991,483ff7b4-d4b9-4815-9f4d-00733a621fda,c09f6ef6-3d50-471d-8c7e-f4a78c8f398c
5050,225,3141edae-a8c9-4162-8efd-57feb4ecc2c8,9cdcda2f-3a05-4abe-8f21-8529136ec7fa
5051,58,fcf0be24-3818-4068-a23c-ab4377f8f8f6,70349383-d413-4b44-af33-49f3df8ed8f5
5052,993,79397111-03ca-420c-95d6-315c9ea6d3f1,be7df09a-bed7-44db-844a-05dda9dd1a46
5053,171,2bff525e-bf01-4983-afd2-9a2e057b8949,2a3cc59e-2888-421d-bb8f-f72c3ba7975f
5054,56,650e94a3-a61f-41c0-a23f-0a94369a705b,05db5d78-31d2-4fb7-ae0e-f3181d897dec
5055,225,82189207-f17c-4ec4-a0e7-4218b97a95e8,9cdcda2f-3a05-4abe-8f21-8529136ec7fa
5056,225,41efba3b-b712-409d-9bf0-1cd3964c86ee,9cdcda2f-3a05-4abe-8f21-8529136ec7fa
5058,225,6f46734a-943d-4424-932d-6a2e61101a8f,9cdcda2f-3a05-4abe-8f21-8529136ec7fa
5059,56,6ccbda5d-ad80-43a6-8d75-fc29c05f9081,05db5d78-31d2-4fb7-ae0e-f3181d897dec
5060,37,5f6e68b3-8c0a-41af-a4e9-f2cb0551a992,370d50ba-592a-491a-be9e-7aed4b1edcec
5061,991,b59afde2-de43-48d2-8e82-db9da4a135cc,c09f6ef6-3d50-471d-8c7e-f4a78c8f398c
5062,58,efe452b4-6d81-49b6-bd78-57a83583be82,70349383-d413-4b44-af33-49f3df8ed8f5
5063,225,eb8db6f9-b67c-45c7-bcea-e4b9ef27f90c,9cdcda2f-3a05-4abe-8f21-8529136ec7fa
5064,996,4f63d7f6-10af-4135-a6e0-8d88156a7292,4de9d058-62bb-4727-b2a3-ef64bed4edf9
5065,56,ac06d5f8-c2ce-4fa5-bade-6d53ee5ee338,05db5d78-31d2-4fb7-ae0e-f3181d897dec
5065,69,ac06d5f8-c2ce-4fa5-bade-6d53ee5ee338,035eab86-1053-41d2-bb09-048493bf5a8f
5066,118,e3e31ca7-8431-491a-8a9d-b75c0d8cdbc9,0ae3d636-f592-4f95-bed4-68e6dc1bf8a1
5069,56,ecec2627-1ba6-4f06-9aa4-8624dc0e9e31,05db5d78-31d2-4fb7-ae0e-f3181d897dec
5071,225,1b6f101c-b6a6-4a60-9902-4e20011971b6,9cdcda2f-3a05-4abe-8f21-8529136ec7fa
5072,225,3bf269f4-ac16-4249-a2e9-bccff6125ace,9cdcda2f-3a05-4abe-8f21-8529136ec7fa
5073,56,43432772-3508-4125-96ac-565cd01dc27c,05db5d78-31d2-4fb7-ae0e-f3181d897dec
5074,74,9ef52dd6-aef6-401e-b21c-73a695ea0f0b,fcadc606-b3bc-456e-ad45-826bb6eaa875
5075,225,174f502f-716b-4036-96bb-07723cb43938,9cdcda2f-3a05-4abe-8f21-8529136ec7fa
5076,110,5d081c5c-ce25-4bea-947c-91a8900664d5,0f8bb30d-61bf-4513-b56a-113ea8c3aff8
5077,76,1e369bb1-4df2-4fb5-a912-12fa7a16a922,aca0ea7d-5edb-4012-b86e-c27ac894c9e9
5078,225,1b2582b5-3132-425b-86ee-f0ee26064afe,9cdcda2f-3a05-4abe-8f21-8529136ec7fa
5079,76,739174ee-b3e6-45b3-a71f-20a19006e5fc,aca0ea7d-5edb-4012-b86e-c27ac894c9e9
5080,1000,b453e9b9-3bac-4d9a-9318-1a07d3b24ffd,0efbdd8b-a114-4093-8e7a-ecae48509056
5081,1000,170e9fd5-2695-4a51-a3c1-0097de16add2,0efbdd8b-a114-4093-8e7a-ecae48509056
5082,56,170843b0-0727-4a91-942b-c6b1665311ec,05db5d78-31d2-4fb7-ae0e-f3181d897dec
5083,30,7371c481-62fc-48b2-be6a-da17076e1ea1,55c1acfc-2aef-4314-b490-163f7e844333
5084,110,3eb6782c-692c-43ce-a4ac-01fcae918fe2,0f8bb30d-61bf-4513-b56a-113ea8c3aff8
5085,11,ca425da8-d290-40b7-8dd8-ece54b8b7e6a,42a63d3f-4077-47c6-98ea-3fa601c5488e
5086,191,07d2f1ab-ef48-4b7b-95d6-d44f1b35191c,2de6dd51-50e0-4e80-825c-d0aeb80b3a47
5088,225,4ad935b7-67d6-46b1-8f34-0ba887610bac,9cdcda2f-3a05-4abe-8f21-8529136ec7fa
5089,67,362bb23f-6cc7-4756-8bec-74bef763f866,92fb785b-75ee-467b-8ff0-c25cb9c81149
5090,225,3758d2e9-36a6-436d-81a7-b2e2c0bd1646,9cdcda2f-3a05-4abe-8f21-8529136ec7fa
5091,37,1acba49c-8045-4e71-94c4-81bab82d3684,370d50ba-592a-491a-be9e-7aed4b1edcec
5092,37,97ae880f-9487-4a34-907f-601ff038f1fc,370d50ba-592a-491a-be9e-7aed4b1edcec
5092,151,97ae880f-9487-4a34-907f-601ff038f1fc,d99989a8-ea9c-4d4e-86f5-71dfdf6f7e81
5092,225,97ae880f-9487-4a34-907f-601ff038f1fc,9cdcda2f-3a05-4abe-8f21-8529136ec7fa
5093,151,9d2e6847-3dd0-4dd7-abca-630aa53e6f59,d99989a8-ea9c-4d4e-86f5-71dfdf6f7e81
5094,225,f37b9440-3cd8-49ec-8dbb-3a9ead131b77,9cdcda2f-3a05-4abe-8f21-8529136ec7fa
5096,225,023a970a-6184-4119-b913-eaa9a93cf1b8,9cdcda2f-3a05-4abe-8f21-8529136ec7fa
5097,56,4115e7fa-1881-431e-9077-1f5795539067,05db5d78-31d2-4fb7-ae0e-f3181d897dec
5098,110,f7113e9e-f169-43e9-9776-1883a12765e3,0f8bb30d-61bf-4513-b56a-113ea8c3aff8
5099,992,5de2c6f2-7a08-4985-b6a2-d7ee41374499,f5045ddb-28f5-4810-b5b2-c013e56c96a3
5100,991,96828eac-b007-4f8e-810c-6ff1b268400a,c09f6ef6-3d50-471d-8c7e-f4a78c8f398c
5100,993,96828eac-b007-4f8e-810c-6ff1b268400a,be7df09a-bed7-44db-844a-05dda9dd1a46
5101,225,a9c71a29-7c74-4eb6-bd42-a7aa67fe6fea,9cdcda2f-3a05-4abe-8f21-8529136ec7fa
5102,225,d1443099-099f-4f24-9496-4dbf5ed97270,9cdcda2f-3a05-4abe-8f21-8529136ec7fa
5103,225,8e2df543-d616-49c7-86ba-2950262cb240,9cdcda2f-3a05-4abe-8f21-8529136ec7fa
5104,225,2bbcf8b1-f547-4414-8989-c19cc6685409,9cdcda2f-3a05-4abe-8f21-8529136ec7fa
5105,225,0649848e-5557-4ce0-bdae-928247607dcd,9cdcda2f-3a05-4abe-8f21-8529136ec7fa
5106,160,dcbae7cc-1f34-4260-9bb4-5a8b6b76c4d3,82d5bcea-2d26-46e5-9d77-5c269d4dc0f3
5107,991,9229e8d9-898c-4467-abb5-7bec0041b1cb,c09f6ef6-3d50-471d-8c7e-f4a78c8f398c
5108,991,bdd747cc-3efe-4c75-b088-ac4c0e79361c,c09f6ef6-3d50-471d-8c7e-f4a78c8f398c
5109,74,5c167666-0d9d-45c9-aff5-f20e0b49ec27,fcadc606-b3bc-456e-ad45-826bb6eaa875
5110,225,eb0fddb8-440f-432f-b49b-2b99816c45e4,9cdcda2f-3a05-4abe-8f21-8529136ec7fa
5111,21,84bede54-daef-490e-b8d2-3a2d69177a17,ad53cbad-6a77-4499-94a7-c3442c2df2ee
5111,74,84bede54-daef-490e-b8d2-3a2d69177a17,fcadc606-b3bc-456e-ad45-826bb6eaa875
5112,993,75a92b0e-45bd-4e6f-9760-7ba678931ced,be7df09a-bed7-44db-844a-05dda9dd1a46
5113,107,24f6b4d8-a48e-4eca-bcc4-12b3af08ed53,d5b59247-e12c-4bb2-ae69-5a3569942ff1
5114,29,568bf969-1735-4e33-a352-fb3443c4e941,8fecec97-6dcb-4934-969f-e712e40d3087
5115,991,983a957b-4c82-4c9e-9780-e90fd1770c72,c09f6ef6-3d50-471d-8c7e-f4a78c8f398c
5116,74,39ab890f-45ec-42d0-b966-d6a645e1b638,fcadc606-b3bc-456e-ad45-826bb6eaa875
5118,30,3a347983-9c1e-47e6-82bf-b9e2f0a26da9,55c1acfc-2aef-4314-b490-163f7e844333
5119,991,a138ba6b-497e-4f75-b6bd-7a0b82c06573,c09f6ef6-3d50-471d-8c7e-f4a78c8f398c
5120,14,5789d18a-b67f-4c4e-8700-6db46e01ed53,63415897-6d9c-4dc4-a2cf-db77b292f8ef
5121,225,f2a4fdcc-712b-43e4-b61c-8ceb39feee09,9cdcda2f-3a05-4abe-8f21-8529136ec7fa
5122,67,c6d1f15d-685e-436c-9035-c7e6d286b58b,92fb785b-75ee-467b-8ff0-c25cb9c81149
5123,76,aba6b0f4-7549-41f1-9a1f-be72951ee591,aca0ea7d-5edb-4012-b86e-c27ac894c9e9
5123,106,aba6b0f4-7549-41f1-9a1f-be72951ee591,9e1bcb58-534c-4885-86f5-a220bb51438a
5124,110,6995b1a9-7b51-40b4-8390-66e6a903da55,0f8bb30d-61bf-4513-b56a-113ea8c3aff8
5125,96,5893a14d-a227-46a4-9c77-7849dfd53baf,8ba836d3-0869-499f-86a3-c3e3a092f8d5
5126,225,cbd2aa99-643b-44b6-bdd5-c77318f2aa17,9cdcda2f-3a05-4abe-8f21-8529136ec7fa
5127,225,96333fc6-d4aa-4c38-b66c-d334a201de60,9cdcda2f-3a05-4abe-8f21-8529136ec7fa
5128,225,fb5d8646-2f97-4856-bb36-1b4d6c807f5b,9cdcda2f-3a05-4abe-8f21-8529136ec7fa
5129,74,b045982b-f79a-466f-9f1c-ee395c7adf03,fcadc606-b3bc-456e-ad45-826bb6eaa875
5130,76,69bc190c-41ee-435f-bd74-4e0ba94d2295,aca0ea7d-5edb-4012-b86e-c27ac894c9e9
5131,42,3b982e8d-4850-468c-9334-42a586a46d76,51fc41ab-afab-40d9-a285-aa863fd2e978
5131,56,3b982e8d-4850-468c-9334-42a586a46d76,05db5d78-31d2-4fb7-ae0e-f3181d897dec
5131,74,3b982e8d-4850-468c-9334-42a586a46d76,fcadc606-b3bc-456e-ad45-826bb6eaa875
5131,107,3b982e8d-4850-468c-9334-42a586a46d76,d5b59247-e12c-4bb2-ae69-5a3569942ff1
5132,110,a1b8cfa5-29a5-42f4-94f9-fe82ff845d33,0f8bb30d-61bf-4513-b56a-113ea8c3aff8
5133,67,20b9816c-3ee9-4c5c-a8b9-f41c007db0c2,92fb785b-75ee-467b-8ff0-c25cb9c81149
5134,993,611b9e12-d3d2-488b-9bae-1a2181b23b40,be7df09a-bed7-44db-844a-05dda9dd1a46
5135,30,0693a77b-1792-4ca8-b9e1-825daa362973,55c1acfc-2aef-4314-b490-163f7e844333
5136,171,265a0ebf-abc3-469a-8255-c7dcfa438ad4,2a3cc59e-2888-421d-bb8f-f72c3ba7975f
5137,58,29d99ece-62c9-4680-8c1e-1b29495fadae,70349383-d413-4b44-af33-49f3df8ed8f5
5138,42,bb7581c7-c38e-4ca5-a776-fd29271f4e61,51fc41ab-afab-40d9-a285-aa863fd2e978
5138,74,bb7581c7-c38e-4ca5-a776-fd29271f4e61,fcadc606-b3bc-456e-ad45-826bb6eaa875
5139,178,6d4a109e-88d4-4223-9801-312fbc35e944,cb8c7fc8-3f65-4b16-9944-3f1b521d41ec
5140,225,d9b4760b-4ec1-41b5-b027-61af862ddef7,9cdcda2f-3a05-4abe-8f21-8529136ec7fa
5141,152,43970c12-0994-4159-a7a4-b2d32097bb01,fec52039-c629-464b-9df4-83cde2ba0c16
5142,152,090c2528-d65a-4900-990b-620c967ca739,fec52039-c629-464b-9df4-83cde2ba0c16
5143,176,14161136-887b-434e-b788-93100a75f98d,7d514500-808c-4ef5-a58e-4f7fac6b3d5f
5144,225,c447fa18-b672-453f-9dbc-60d372e1968e,9cdcda2f-3a05-4abe-8f21-8529136ec7fa
5145,225,1430643b-1421-418f-93df-d06422aa4b56,9cdcda2f-3a05-4abe-8f21-8529136ec7fa
5146,56,993b25ea-93a7-4446-945a-7d3b6d32a3d0,05db5d78-31d2-4fb7-ae0e-f3181d897dec
5147,992,61f50b4e-9697-4805-b740-3a121bbad728,f5045ddb-28f5-4810-b5b2-c013e56c96a3
5148,110,5972b474-8213-4f35-a9e7-f58935deffe4,0f8bb30d-61bf-4513-b56a-113ea8c3aff8
5149,992,03131927-0d3d-4d45-89f0-f950e625ce66,f5045ddb-28f5-4810-b5b2-c013e56c96a3
5150,110,39a9b3dc-ac59-4afc-bf94-35310115cc9e,0f8bb30d-61bf-4513-b56a-113ea8c3aff8
5151,56,5e552ade-1f72-4f3b-a8d9-e5caee1bdf8a,05db5d78-31d2-4fb7-ae0e-f3181d897dec
5152,129,13c85938-40b0-46b5-8163-346ab74dd2d6,9bac34e7-fc20-442a-8b1d-05a79b079368
5153,993,d8be7871-88dc-4ef4-bdfd-37f6348499dc,be7df09a-bed7-44db-844a-05dda9dd1a46
5154,74,ae167314-a56a-4b52-92da-3f68888967db,fcadc606-b3bc-456e-ad45-826bb6eaa875
5155,993,5d37846b-0102-4e37-8093-1e8e135e6fb9,be7df09a-bed7-44db-844a-05dda9dd1a46
5156,225,51fb5e19-4e48-4777-9cdf-f1f6467aa68b,9cdcda2f-3a05-4abe-8f21-8529136ec7fa
5157,56,4c1180c8-a2c9-40f4-ae88-a16aef189cce,05db5d78-31d2-4fb7-ae0e-f3181d897dec
5158,995,9b785ca7-b499-4468-b044-4e200bf3d525,4c8bf90e-d1b8-4c9a-9882-fc85aee7fb51
5159,14,522a7e3e-9599-4906-b435-545a47d3d9ff,63415897-6d9c-4dc4-a2cf-db77b292f8ef
5159,225,522a7e3e-9599-4906-b435-545a47d3d9ff,9cdcda2f-3a05-4abe-8f21-8529136ec7fa
5160,225,fdf5fcff-f28f-4a80-bcbe-7bfbcf940d42,9cdcda2f-3a05-4abe-8f21-8529136ec7fa
5161,225,778663c1-0fd0-422e-93cf-bdc8d0deca0b,9cdcda2f-3a05-4abe-8f21-8529136ec7fa
5162,225,50350723-c44a-44e6-9388-31c71782d9cb,9cdcda2f-3a05-4abe-8f21-8529136ec7fa
5165,56,047377d0-ba70-4914-b8f0-f094550574ae,05db5d78-31d2-4fb7-ae0e-f3181d897dec
5166,225,0b9ba628-10e8-40c7-b17a-37a4559a665b,9cdcda2f-3a05-4abe-8f21-8529136ec7fa
5167,110,c8ce92a8-27a9-4e5f-936f-74f4ba4c8095,0f8bb30d-61bf-4513-b56a-113ea8c3aff8
5168,55,1dbfc888-1e25-40c1-b9ea-4aeed5b17e5a,70cb2fa0-b97b-4e80-adf4-5473e61cab6b
5168,56,1dbfc888-1e25-40c1-b9ea-4aeed5b17e5a,05db5d78-31d2-4fb7-ae0e-f3181d897dec
5169,30,5e63f771-fb8b-4eb1-b59b-9a631e483208,55c1acfc-2aef-4314-b490-163f7e844333
5170,56,86885b73-1de2-4b55-9574-6bdc7d4f8491,05db5d78-31d2-4fb7-ae0e-f3181d897dec
5171,21,968f3009-4ab9-4f7a-977b-561e50128954,ad53cbad-6a77-4499-94a7-c3442c2df2ee
5171,74,968f3009-4ab9-4f7a-977b-561e50128954,fcadc606-b3bc-456e-ad45-826bb6eaa875
5173,995,ce25e5ef-a38a-4537-be05-4b7a98b31584,4c8bf90e-d1b8-4c9a-9882-fc85aee7fb51
5174,225,c03ab816-1136-4001-916a-9df19697eb40,9cdcda2f-3a05-4abe-8f21-8529136ec7fa
5176,225,8b6b651b-42d6-449f-bc11-da5f9708cb3e,9cdcda2f-3a05-4abe-8f21-8529136ec7fa
5177,225,a18f3b80-5f0e-4b94-a7e4-3e5cd2bbbcf0,9cdcda2f-3a05-4abe-8f21-8529136ec7fa
5181,173,e670b7ce-1421-40eb-b2d2-5241f2140e54,5c13e222-45ec-4a67-9e4a-d91b1f1e60c9
5182,220,9ffbeebc-b524-4e54-a792-10f07e835b5f,14b21639-9757-41e5-a698-9d715f44f80d
5183,55,1f0fd450-a618-49bd-b87e-1827805e4422,70cb2fa0-b97b-4e80-adf4-5473e61cab6b
5184,995,10737f60-03d9-4c96-8c44-a34dd9ceaa8b,4c8bf90e-d1b8-4c9a-9882-fc85aee7fb51
5185,110,cc798c91-48fc-4eb1-8d34-c507c487e4fd,0f8bb30d-61bf-4513-b56a-113ea8c3aff8
5186,995,d081b4cb-6c1f-46c2-99df-6136441c1e0d,4c8bf90e-d1b8-4c9a-9882-fc85aee7fb51
5187,13,187e5122-8dca-4535-b243-84a66e3b884c,b55c215f-d96b-4e35-b2f0-242bed184ab2
5187,56,187e5122-8dca-4535-b243-84a66e3b884c,05db5d78-31d2-4fb7-ae0e-f3181d897dec
5188,76,8eca5d50-1c54-41a2-9acd-3c8adc659d8c,aca0ea7d-5edb-4012-b86e-c27ac894c9e9
5189,225,e3f4d06d-68fa-441f-a1f1-68bbd32ae25e,9cdcda2f-3a05-4abe-8f21-8529136ec7fa
5190,56,fb97a011-ebcd-4be5-962d-d6c331a144a2,05db5d78-31d2-4fb7-ae0e-f3181d897dec
5191,210,a36dcd1c-3054-43b8-a6d5-fb9d0846a0be,6455f001-c0d4-48db-829d-3a99cb517528
5192,995,0457e856-4dc4-4d6d-8930-f92696281d44,4c8bf90e-d1b8-4c9a-9882-fc85aee7fb51
5193,225,4d74ad5f-37bf-402f-bbb7-4fb681110867,9cdcda2f-3a05-4abe-8f21-8529136ec7fa
5194,225,3b72346f-bbb7-488a-a290-696a860fedf0,9cdcda2f-3a05-4abe-8f21-8529136ec7fa
5195,995,fed50dbb-43ae-4e73-bb47-8013d43265b5,4c8bf90e-d1b8-4c9a-9882-fc85aee7fb51
5196,13,c622be57-e6b4-4a06-bf90-748c36570485,b55c215f-d96b-4e35-b2f0-242bed184ab2
5197,995,2497ad5a-035f-48d8-a855-c12e7d77cfd4,4c8bf90e-d1b8-4c9a-9882-fc85aee7fb51
5198,74,e883330b-8943-4dc3-a206-0033aa880f61,fcadc606-b3bc-456e-ad45-826bb6eaa875
5199,13,14c90952-dbc6-4f01-8dfd-fd367f7b8328,b55c215f-d96b-4e35-b2f0-242bed184ab2
5199,995,14c90952-dbc6-4f01-8dfd-fd367f7b8328,4c8bf90e-d1b8-4c9a-9882-fc85aee7fb51
5200,56,236856e1-95ac-4261-964e-ac557072a311,05db5d78-31d2-4fb7-ae0e-f3181d897dec
5201,56,5c236d31-3132-4dab-9720-18e9b70c4a77,05db5d78-31d2-4fb7-ae0e-f3181d897dec
5201,74,5c236d31-3132-4dab-9720-18e9b70c4a77,fcadc606-b3bc-456e-ad45-826bb6eaa875
5202,13,73900228-12de-483a-adc9-44b6d665013f,b55c215f-d96b-4e35-b2f0-242bed184ab2
5203,995,d3378cfe-afd7-429a-b62c-9b7be001f867,4c8bf90e-d1b8-4c9a-9882-fc85aee7fb51
5204,76,89497dcc-8f97-4f43-a86a-53a20858e18e,aca0ea7d-5edb-4012-b86e-c27ac894c9e9
5205,56,9d9b350f-c437-4c11-90b9-0dbed05133b6,05db5d78-31d2-4fb7-ae0e-f3181d897dec
5206,110,74162b0c-780c-47c3-bd23-70bae910eb1c,0f8bb30d-61bf-4513-b56a-113ea8c3aff8
5207,110,aa19a0ee-928e-4dfb-9d58-d7dbc1dc605b,0f8bb30d-61bf-4513-b56a-113ea8c3aff8
5207,225,aa19a0ee-928e-4dfb-9d58-d7dbc1dc605b,9cdcda2f-3a05-4abe-8f21-8529136ec7fa
5208,37,f19aee98-cc27-42e2-9706-21479fcbe439,370d50ba-592a-491a-be9e-7aed4b1edcec
5208,225,f19aee98-cc27-42e2-9706-21479fcbe439,9cdcda2f-3a05-4abe-8f21-8529136ec7fa
5209,76,37629158-b02d-4a7b-8541-7ce639f386fd,aca0ea7d-5edb-4012-b86e-c27ac894c9e9
5209,225,37629158-b02d-4a7b-8541-7ce639f386fd,9cdcda2f-3a05-4abe-8f21-8529136ec7fa
5210,37,8c314993-bfff-47dc-919b-a4fa994521e9,370d50ba-592a-491a-be9e-7aed4b1edcec
5210,225,8c314993-bfff-47dc-919b-a4fa994521e9,9cdcda2f-3a05-4abe-8f21-8529136ec7fa
5211,55,59fdbbec-52fa-4b4e-a7c8-c71037225744,70cb2fa0-b97b-4e80-adf4-5473e61cab6b
5212,76,b2bc1b2c-b7ce-4ace-847d-23a4720ba30d,aca0ea7d-5edb-4012-b86e-c27ac894c9e9
5213,74,44b1fa8a-2184-44ac-85f7-6b785319008d,fcadc606-b3bc-456e-ad45-826bb6eaa875
5213,76,44b1fa8a-2184-44ac-85f7-6b785319008d,aca0ea7d-5edb-4012-b86e-c27ac894c9e9
5213,107,44b1fa8a-2184-44ac-85f7-6b785319008d,d5b59247-e12c-4bb2-ae69-5a3569942ff1
5214,131,0f1ddb88-624a-4e9b-a837-9944b85f95ba,35bb3e2b-c42b-45d9-84d2-b4dc57039eb1
5215,63,d08417de-05b4-4d7a-8fe3-0779d94ae998,ee53e9fa-4c4b-4186-bfb0-f23a33612fa4
5215,991,d08417de-05b4-4d7a-8fe3-0779d94ae998,c09f6ef6-3d50-471d-8c7e-f4a78c8f398c
5216,992,d717a56e-8f40-4a05-8cd7-8d440e46614b,f5045ddb-28f5-4810-b5b2-c013e56c96a3
5217,63,e74cd1c8-e7e2-4837-9eb0-4af7f99f2cbb,ee53e9fa-4c4b-4186-bfb0-f23a33612fa4
5217,992,e74cd1c8-e7e2-4837-9eb0-4af7f99f2cbb,f5045ddb-28f5-4810-b5b2-c013e56c96a3
5218,991,41635eba-c809-498d-9c3f-82657775281e,c09f6ef6-3d50-471d-8c7e-f4a78c8f398c
5219,991,44af8797-f08d-46b5-960c-0f3744242528,c09f6ef6-3d50-471d-8c7e-f4a78c8f398c
5220,991,aea60384-931e-406b-aea2-a78faa79ce19,c09f6ef6-3d50-471d-8c7e-f4a78c8f398c
5221,991,a7a3e9d5-2c21-4b6e-a71c-f8159c60250e,c09f6ef6-3d50-471d-8c7e-f4a78c8f398c
5222,991,ec3a19df-e928-4cd2-b9eb-0204245cad87,c09f6ef6-3d50-471d-8c7e-f4a78c8f398c
5223,991,657fd447-f90d-4c5f-9e4c-15ed5efa9dcd,c09f6ef6-3d50-471d-8c7e-f4a78c8f398c
5224,991,23c1c75c-18ca-4dda-99ce-d38eab31c2bb,c09f6ef6-3d50-471d-8c7e-f4a78c8f398c
5225,992,11de2909-5a1f-4259-b2e5-0cf906a76c9e,f5045ddb-28f5-4810-b5b2-c013e56c96a3
5226,23,cc4a46fe-6333-44b2-bf49-26094395a4fc,524be1b8-9739-4266-aa59-a9100c49a6e3
5226,56,cc4a46fe-6333-44b2-bf49-26094395a4fc,05db5d78-31d2-4fb7-ae0e-f3181d897dec
5226,63,cc4a46fe-6333-44b2-bf49-26094395a4fc,ee53e9fa-4c4b-4186-bfb0-f23a33612fa4
5227,222,919b82cc-2a54-47a6-bf9d-60c51bb12c8f,bfcd729e-fa75-4887-bbe3-34e59d05af64
5228,992,28ec37be-1e37-4ae5-886b-bae2919d201e,f5045ddb-28f5-4810-b5b2-c013e56c96a3
5229,991,79b9a0a0-ae23-4e1e-af8a-6d6e7c1ad021,c09f6ef6-3d50-471d-8c7e-f4a78c8f398c
5230,74,e0953ed1-3949-4341-bb72-0a657ce8cc4e,fcadc606-b3bc-456e-ad45-826bb6eaa875
5231,185,cb1dc843-7acf-45de-b5ea-40417ca7af75,94914c04-10c8-475e-997f-6d558d41715e
5232,992,436954d2-7b2f-4edc-ade1-80f87a75e1a3,f5045ddb-28f5-4810-b5b2-c013e56c96a3
5233,991,a98d8716-70e1-48ae-a6c9-29855d6f6605,c09f6ef6-3d50-471d-8c7e-f4a78c8f398c
5234,992,e7b5d2f7-abe7-412e-937a-02409e2e14f0,f5045ddb-28f5-4810-b5b2-c013e56c96a3
5235,991,072c8366-79d0-40b3-a23f-c2779a8096bc,c09f6ef6-3d50-471d-8c7e-f4a78c8f398c
5236,74,fbe73aac-b0c8-4e60-b5fb-fccb43f23944,fcadc606-b3bc-456e-ad45-826bb6eaa875
5236,183,fbe73aac-b0c8-4e60-b5fb-fccb43f23944,885e91b5-66eb-4e4c-b666-cd15b701f75d
5236,991,fbe73aac-b0c8-4e60-b5fb-fccb43f23944,c09f6ef6-3d50-471d-8c7e-f4a78c8f398c
5237,183,e1d0a6ea-e9e8-49a8-8b79-25503bf41e4b,885e91b5-66eb-4e4c-b666-cd15b701f75d
5238,183,b7a2c709-5b47-4961-9e0d-48404f1a0012,885e91b5-66eb-4e4c-b666-cd15b701f75d
5239,183,8ab9e69e-c87d-4d7e-b18a-3cbd55f4f530,885e91b5-66eb-4e4c-b666-cd15b701f75d
5240,991,dd504fec-b5d9-4ab0-a6b4-fec1b6a6fbaf,c09f6ef6-3d50-471d-8c7e-f4a78c8f398c
5241,204,b1175435-800f-4ff6-8b13-ccaafd1147a0,1447f91c-9c54-4802-956a-02c1a313ab0a
5241,991,b1175435-800f-4ff6-8b13-ccaafd1147a0,c09f6ef6-3d50-471d-8c7e-f4a78c8f398c
5242,105,c3782eb1-500a-4cbe-993f-3b17359f29ec,7a8d6deb-7fc9-455c-9cdb-5a57cf2199f6
5243,74,7187ed57-759b-4412-bd07-3723806f8d52,fcadc606-b3bc-456e-ad45-826bb6eaa875
5243,178,7187ed57-759b-4412-bd07-3723806f8d52,cb8c7fc8-3f65-4b16-9944-3f1b521d41ec
5244,102,49381077-c9ff-4a59-b73f-4e859db2ccd1,a9d2a258-26e9-47ca-a80d-cb83e3d4fb49
5245,74,66dfd5cb-9dbc-4d0a-a29c-0f57016ba30f,fcadc606-b3bc-456e-ad45-826bb6eaa875
5245,76,66dfd5cb-9dbc-4d0a-a29c-0f57016ba30f,aca0ea7d-5edb-4012-b86e-c27ac894c9e9
5246,225,bcf88410-5235-436a-9538-2b75f6756b86,9cdcda2f-3a05-4abe-8f21-8529136ec7fa
5247,56,c6c588ee-de76-477b-bb5a-8df56418960a,05db5d78-31d2-4fb7-ae0e-f3181d897dec
5247,74,c6c588ee-de76-477b-bb5a-8df56418960a,fcadc606-b3bc-456e-ad45-826bb6eaa875
5247,161,c6c588ee-de76-477b-bb5a-8df56418960a,cb4838c4-6ff1-432f-93f3-985c8eeb8f1b
5247,191,c6c588ee-de76-477b-bb5a-8df56418960a,2de6dd51-50e0-4e80-825c-d0aeb80b3a47
5248,192,a8a8f991-06e8-4a9f-b75a-2d2f7f35146d,f255ee1a-572c-4450-9477-73ff8bbe6165
5249,192,289cd066-0983-4664-b975-170f8f1aefa6,f255ee1a-572c-4450-9477-73ff8bbe6165
5250,225,40ee6e43-4cd0-4847-8d35-76d22a2aeae2,9cdcda2f-3a05-4abe-8f21-8529136ec7fa
5251,217,cfb10052-01f4-4fd7-9137-e2e67e99226c,da1bf799-42e5-4b0d-82c4-358b702d4200
5252,30,e16f0f8a-254a-42c9-bda4-0f4100d15634,55c1acfc-2aef-4314-b490-163f7e844333
5253,220,bad9d882-74e7-424d-96b5-f74dbb9d3ce2,14b21639-9757-41e5-a698-9d715f44f80d
5254,102,da12bf8b-a8a6-439c-84b8-4f06f8deb5f0,a9d2a258-26e9-47ca-a80d-cb83e3d4fb49
5255,225,9434f496-b56f-4ab8-b28c-dc8be0ae6896,9cdcda2f-3a05-4abe-8f21-8529136ec7fa
5256,225,1ef14e84-a47b-40c9-a134-3a580700aa54,9cdcda2f-3a05-4abe-8f21-8529136ec7fa
5257,67,5b2d6b2b-9482-4041-9e05-97dd7019296c,92fb785b-75ee-467b-8ff0-c25cb9c81149
5258,992,3bbcce89-d932-42f9-93c0-215b90023a60,f5045ddb-28f5-4810-b5b2-c013e56c96a3
5259,225,bc82887d-fcbf-4505-bf91-4f4c67f5b8ca,9cdcda2f-3a05-4abe-8f21-8529136ec7fa
5260,225,910859f2-6750-44fd-b0ba-9ab968bd571a,9cdcda2f-3a05-4abe-8f21-8529136ec7fa
5261,991,e3b9a643-5dc1-4489-ace1-82c626209918,c09f6ef6-3d50-471d-8c7e-f4a78c8f398c
5262,47,10a02516-3299-4066-a960-dd813f9b017e,bce5e705-92ce-432a-a0d6-2ee99faeb42b
5263,47,0f9c4119-be88-4781-98db-d8dde33f054a,bce5e705-92ce-432a-a0d6-2ee99faeb42b
5264,42,bd1002c0-a2f3-48ab-a560-ba59235a459c,51fc41ab-afab-40d9-a285-aa863fd2e978
5264,56,bd1002c0-a2f3-48ab-a560-ba59235a459c,05db5d78-31d2-4fb7-ae0e-f3181d897dec
5264,74,bd1002c0-a2f3-48ab-a560-ba59235a459c,fcadc606-b3bc-456e-ad45-826bb6eaa875
5264,178,bd1002c0-a2f3-48ab-a560-ba59235a459c,cb8c7fc8-3f65-4b16-9944-3f1b521d41ec
5265,42,ce8b03be-0f9a-4363-80dc-52f313041179,51fc41ab-afab-40d9-a285-aa863fd2e978
5265,56,ce8b03be-0f9a-4363-80dc-52f313041179,05db5d78-31d2-4fb7-ae0e-f3181d897dec
5265,74,ce8b03be-0f9a-4363-80dc-52f313041179,fcadc606-b3bc-456e-ad45-826bb6eaa875
5265,178,ce8b03be-0f9a-4363-80dc-52f313041179,cb8c7fc8-3f65-4b16-9944-3f1b521d41ec
5266,42,eeb58111-872d-40be-a78a-9112929e5ffe,51fc41ab-afab-40d9-a285-aa863fd2e978
5266,56,eeb58111-872d-40be-a78a-9112929e5ffe,05db5d78-31d2-4fb7-ae0e-f3181d897dec
5266,74,eeb58111-872d-40be-a78a-9112929e5ffe,fcadc606-b3bc-456e-ad45-826bb6eaa875
5266,178,eeb58111-872d-40be-a78a-9112929e5ffe,cb8c7fc8-3f65-4b16-9944-3f1b521d41ec
5267,102,265aacc4-1fb9-49b6-be8d-a80ee922d1e8,a9d2a258-26e9-47ca-a80d-cb83e3d4fb49
5268,64,b67ac03b-9e85-42f1-8c29-1abf41fc71d4,41adf662-c3fb-4838-8938-550a5c13c33e
5269,996,a60e9e59-89d6-40f3-b623-ee408ed9869f,4de9d058-62bb-4727-b2a3-ef64bed4edf9
5270,56,52974f02-d53b-46c2-abb8-f6e345f527ee,05db5d78-31d2-4fb7-ae0e-f3181d897dec
5271,74,590fdc66-4bdc-48fd-8cc6-058b3ec46044,fcadc606-b3bc-456e-ad45-826bb6eaa875
5272,992,441c4089-f184-4df4-b60c-9d7cabd40751,f5045ddb-28f5-4810-b5b2-c013e56c96a3
5273,992,bb087bc4-cd01-4c9e-8e9f-3ab8c72fec9b,f5045ddb-28f5-4810-b5b2-c013e56c96a3
5274,997,3e086196-f567-4b15-9d33-383e93e1cf52,09065786-36eb-45f8-bfcd-0abee1bd2e0c
5275,152,09f5a721-ce56-49a1-a024-5d15fc013e4e,fec52039-c629-464b-9df4-83cde2ba0c16
5275,192,09f5a721-ce56-49a1-a024-5d15fc013e4e,f255ee1a-572c-4450-9477-73ff8bbe6165
5276,93,e870bafb-cd36-4b70-9e09-aa026829c877,5aec9d0e-3c30-4467-846f-edbaca04007b
5277,220,fb6f5c29-cab3-452b-9501-07a2097de085,14b21639-9757-41e5-a698-9d715f44f80d
5278,47,5ae5d8e7-01fe-4729-a208-47b4a7456928,bce5e705-92ce-432a-a0d6-2ee99faeb42b
5278,225,5ae5d8e7-01fe-4729-a208-47b4a7456928,9cdcda2f-3a05-4abe-8f21-8529136ec7fa
5279,47,c5e9ae9e-516d-4343-ac6d-377c55d25607,bce5e705-92ce-432a-a0d6-2ee99faeb42b
5280,1001,23d128d7-19f7-4519-84db-8fb773a09430,25ec52ef-1378-440a-b489-2109167cafbc
5281,118,4846ac96-e544-4997-9090-63ec134abbda,0ae3d636-f592-4f95-bed4-68e6dc1bf8a1
5282,110,9187af9c-975c-48e3-b251-56441132c2d9,0f8bb30d-61bf-4513-b56a-113ea8c3aff8
5283,110,c17ec48b-ecfb-428f-8bdc-27a050f2e123,0f8bb30d-61bf-4513-b56a-113ea8c3aff8
5284,225,8fb939f1-0660-40e9-a7fd-d755d6531d0a,9cdcda2f-3a05-4abe-8f21-8529136ec7fa
5285,110,1255b9d7-40fc-4ced-8c67-bfbc9fd31c96,0f8bb30d-61bf-4513-b56a-113ea8c3aff8
5286,110,ec3678b1-fbb6-448b-b4b0-34e2ef4f2cec,0f8bb30d-61bf-4513-b56a-113ea8c3aff8
5287,225,743ded15-2311-45ef-bfcb-8442f25db85f,9cdcda2f-3a05-4abe-8f21-8529136ec7fa
5288,110,12f1955a-bc2a-486a-84b2-2f4eb1e335be,0f8bb30d-61bf-4513-b56a-113ea8c3aff8
5289,110,292c033e-91ae-4df0-8f24-3a8d75f199ab,0f8bb30d-61bf-4513-b56a-113ea8c3aff8
5290,110,eb7bc8be-2630-4139-b1be-b92752fb75bf,0f8bb30d-61bf-4513-b56a-113ea8c3aff8
5291,110,70302538-dec3-483b-bc22-7a5b9a46a3af,0f8bb30d-61bf-4513-b56a-113ea8c3aff8
5292,110,d92402c0-3ec1-45bb-a2ba-1d51546a3a74,0f8bb30d-61bf-4513-b56a-113ea8c3aff8
5292,220,d92402c0-3ec1-45bb-a2ba-1d51546a3a74,14b21639-9757-41e5-a698-9d715f44f80d
5293,110,3807d94d-0cd9-40da-8223-d986709ba21c,0f8bb30d-61bf-4513-b56a-113ea8c3aff8
5294,220,b8d1c6d7-1726-4256-8760-739d784b68e8,14b21639-9757-41e5-a698-9d715f44f80d
5295,220,4b558135-bee6-4722-ace6-9d349cff942e,14b21639-9757-41e5-a698-9d715f44f80d
5296,233,4ff9eba1-7b9e-4226-8413-a503cf7b12eb,b1da5eee-5e1f-461e-b272-253871a441d8
5297,991,7282c9b7-d20f-4c3b-82ca-2961f3276361,c09f6ef6-3d50-471d-8c7e-f4a78c8f398c
5298,225,9aac9801-fcd0-4ad1-a7a8-3e95c315a36a,9cdcda2f-3a05-4abe-8f21-8529136ec7fa
5299,76,6beb92e7-cc0c-4c27-a7bc-ee6cb9555177,aca0ea7d-5edb-4012-b86e-c27ac894c9e9
5299,225,6beb92e7-cc0c-4c27-a7bc-ee6cb9555177,9cdcda2f-3a05-4abe-8f21-8529136ec7fa
5300,991,b0271ddf-556f-4f98-9e5d-f4b11f6e97ba,c09f6ef6-3d50-471d-8c7e-f4a78c8f398c
5301,58,a48f51e1-a953-45fc-9cd3-cab59b4037c0,70349383-d413-4b44-af33-49f3df8ed8f5
5302,58,7a78da2b-5daf-492c-a1ee-c87a44990fdd,70349383-d413-4b44-af33-49f3df8ed8f5
5303,56,9522d22d-5822-4f3c-a16d-38fc33eaa62c,05db5d78-31d2-4fb7-ae0e-f3181d897dec
5304,225,c9b81065-c62b-4303-9bb0-cd7f265fb749,9cdcda2f-3a05-4abe-8f21-8529136ec7fa
5305,56,bb905f4e-ad69-45ae-a0d0-a08a08bbffa0,05db5d78-31d2-4fb7-ae0e-f3181d897dec
5306,995,44e558da-de4f-4ddd-ac70-79aba12b4a6d,4c8bf90e-d1b8-4c9a-9882-fc85aee7fb51
5307,93,b33fc22e-2614-42ef-a691-c65bc6272ded,5aec9d0e-3c30-4467-846f-edbaca04007b
5308,225,46739a50-3a65-4e0c-9dc5-ade24518ea4f,9cdcda2f-3a05-4abe-8f21-8529136ec7fa
5309,107,bece4261-364b-4c8c-9ecc-ce8eb444a9eb,d5b59247-e12c-4bb2-ae69-5a3569942ff1
5310,47,37294b8b-c6cf-4fac-b172-da33eee331c2,bce5e705-92ce-432a-a0d6-2ee99faeb42b
5311,110,947e1b60-90af-4aa8-8325-cd85481422a6,0f8bb30d-61bf-4513-b56a-113ea8c3aff8
5312,107,6d5ae3e1-37b2-4006-a6ce-b13d5d9e67ff,d5b59247-e12c-4bb2-ae69-5a3569942ff1
5313,74,37f5aba5-851c-44d5-b39d-b9d194900f16,fcadc606-b3bc-456e-ad45-826bb6eaa875
5314,225,c9c505c7-bb27-4464-b76e-89d2a915761e,9cdcda2f-3a05-4abe-8f21-8529136ec7fa
5315,217,d3e5109f-fdba-4969-bc1a-c0af15567f41,da1bf799-42e5-4b0d-82c4-358b702d4200
5316,225,b3e96f49-ed07-4f48-a17c-52f970f118cf,9cdcda2f-3a05-4abe-8f21-8529136ec7fa
5317,225,acd02a0b-4336-42fd-92f5-7f8d7154c4bf,9cdcda2f-3a05-4abe-8f21-8529136ec7fa
5318,225,21dad9b6-decc-4625-aada-62d88c0751b0,9cdcda2f-3a05-4abe-8f21-8529136ec7fa
5319,225,f667b8ec-6e90-4e33-985a-31597db0d17f,9cdcda2f-3a05-4abe-8f21-8529136ec7fa
5320,225,f1f489e0-e345-4fdd-8006-02e93ed07f22,9cdcda2f-3a05-4abe-8f21-8529136ec7fa
5321,225,a13ef703-2657-46dc-8f8c-f0bfd7c3035d,9cdcda2f-3a05-4abe-8f21-8529136ec7fa
5322,225,a2a332dd-990e-4b3c-a6c8-1e013a8bd2b3,9cdcda2f-3a05-4abe-8f21-8529136ec7fa
5323,225,b4d76fdb-d67a-41b0-a78e-461227b6b3eb,9cdcda2f-3a05-4abe-8f21-8529136ec7fa
5324,225,752539cf-74d7-4a34-a72b-8b34e0a4c408,9cdcda2f-3a05-4abe-8f21-8529136ec7fa
5325,225,b7874197-303b-4528-b410-fa5cbbf204fb,9cdcda2f-3a05-4abe-8f21-8529136ec7fa
5326,225,ed0731ec-2ab2-4e8d-8d3f-0486c62d7055,9cdcda2f-3a05-4abe-8f21-8529136ec7fa
5327,225,43a9c61a-b8f0-4159-af6c-598a5f23ad3d,9cdcda2f-3a05-4abe-8f21-8529136ec7fa
5328,225,c998ad35-14e4-478a-94bf-a01b196f59ab,9cdcda2f-3a05-4abe-8f21-8529136ec7fa
5329,225,4829cb22-2d11-4e91-93d8-bf4542dab650,9cdcda2f-3a05-4abe-8f21-8529136ec7fa
5330,225,50abe8d1-7a67-4fe3-abb2-0bccb190e43c,9cdcda2f-3a05-4abe-8f21-8529136ec7fa
5331,225,d24b9a58-f62d-4978-9cb6-6813ba540403,9cdcda2f-3a05-4abe-8f21-8529136ec7fa
5332,225,ef87081d-c6bc-4b08-aebe-9803acc8ecb1,9cdcda2f-3a05-4abe-8f21-8529136ec7fa
5333,225,8b5dda64-c391-4ba9-9ace-07f31c490e3d,9cdcda2f-3a05-4abe-8f21-8529136ec7fa
5334,225,ad666bc0-739c-42ee-bbb3-c69da5365db1,9cdcda2f-3a05-4abe-8f21-8529136ec7fa
5335,225,9a15cde3-b6b1-4384-b43a-fb3f1fdd9926,9cdcda2f-3a05-4abe-8f21-8529136ec7fa
5336,225,28855b23-a7a3-43f9-9e76-c89a864870bb,9cdcda2f-3a05-4abe-8f21-8529136ec7fa
5337,225,118808a9-00f0-4e06-8baa-094f8470de5a,9cdcda2f-3a05-4abe-8f21-8529136ec7fa
5338,225,35bce7af-d3a4-4da0-821f-ff7b068c90eb,9cdcda2f-3a05-4abe-8f21-8529136ec7fa
5339,225,9bee37f6-98c3-41a3-b463-7a40c1fe115e,9cdcda2f-3a05-4abe-8f21-8529136ec7fa
5340,225,d2889200-4c33-45a3-beb9-d9ea3983e51a,9cdcda2f-3a05-4abe-8f21-8529136ec7fa
5341,225,00bde088-7068-4490-a9f9-738767ccd267,9cdcda2f-3a05-4abe-8f21-8529136ec7fa
5342,225,2100a59b-ba09-4c1c-86d0-796b7ac667f2,9cdcda2f-3a05-4abe-8f21-8529136ec7fa
5344,225,9072e700-c1cc-40c0-b48b-8c29548abf22,9cdcda2f-3a05-4abe-8f21-8529136ec7fa
5345,225,4b754038-bf0e-419a-9a56-91e620e118fc,9cdcda2f-3a05-4abe-8f21-8529136ec7fa
5346,991,9a763774-a0c1-4279-a540-d9c067245347,c09f6ef6-3d50-471d-8c7e-f4a78c8f398c
5347,129,e149a3fe-d8a9-4c47-9387-5ebc3658178a,9bac34e7-fc20-442a-8b1d-05a79b079368
5348,183,22e58253-bc59-4038-860a-aa8f35711b9a,885e91b5-66eb-4e4c-b666-cd15b701f75d
5349,110,2a409ebc-3fd4-46a6-a362-833241608ef4,0f8bb30d-61bf-4513-b56a-113ea8c3aff8
5350,110,eccb516a-ef38-49ef-890b-e90b1aa63a91,0f8bb30d-61bf-4513-b56a-113ea8c3aff8
5351,76,47d3fc96-3320-4e09-8e30-caf682bd8308,aca0ea7d-5edb-4012-b86e-c27ac894c9e9
5352,992,796a846f-0d9c-4f50-9c92-6a3d65cdaaef,f5045ddb-28f5-4810-b5b2-c013e56c96a3
5353,47,669bb18d-103a-4a0a-8210-3a66b43338f2,bce5e705-92ce-432a-a0d6-2ee99faeb42b
5354,56,562c0be2-8245-46a4-b31e-13a2cb70fc81,05db5d78-31d2-4fb7-ae0e-f3181d897dec
5355,993,c74438a9-67cd-44f2-9e5a-3c594fc3ef5f,be7df09a-bed7-44db-844a-05dda9dd1a46
5356,58,b34ce8a2-671f-4e13-95ec-af8ef56a3157,70349383-d413-4b44-af33-49f3df8ed8f5
5356,191,b34ce8a2-671f-4e13-95ec-af8ef56a3157,2de6dd51-50e0-4e80-825c-d0aeb80b3a47
5357,13,50019440-5ac6-4661-ad0f-70ea56d8b6a8,b55c215f-d96b-4e35-b2f0-242bed184ab2
5357,74,50019440-5ac6-4661-ad0f-70ea56d8b6a8,fcadc606-b3bc-456e-ad45-826bb6eaa875
5357,107,50019440-5ac6-4661-ad0f-70ea56d8b6a8,d5b59247-e12c-4bb2-ae69-5a3569942ff1
5357,993,50019440-5ac6-4661-ad0f-70ea56d8b6a8,be7df09a-bed7-44db-844a-05dda9dd1a46
5357,995,50019440-5ac6-4661-ad0f-70ea56d8b6a8,4c8bf90e-d1b8-4c9a-9882-fc85aee7fb51
5358,110,a11ef793-2498-4025-9428-70114e5b405e,0f8bb30d-61bf-4513-b56a-113ea8c3aff8
5359,93,42be7dc0-5b6b-4863-a02b-95c7579374ac,5aec9d0e-3c30-4467-846f-edbaca04007b
5360,93,2a4e072b-15ae-48b7-a7b9-f3d48ce863b5,5aec9d0e-3c30-4467-846f-edbaca04007b
5361,225,b9ae0c4f-bd8b-4c3a-ad63-886765917fc9,9cdcda2f-3a05-4abe-8f21-8529136ec7fa
5362,220,6a11868f-2a98-476a-a0d6-20d61bd8d889,14b21639-9757-41e5-a698-9d715f44f80d
5363,93,db9f0c03-e59d-4894-bd6a-f9deb1ecf7a9,5aec9d0e-3c30-4467-846f-edbaca04007b
5364,67,f4f9f8d5-adbd-4718-ae93-5dae21723263,92fb785b-75ee-467b-8ff0-c25cb9c81149
5364,225,f4f9f8d5-adbd-4718-ae93-5dae21723263,9cdcda2f-3a05-4abe-8f21-8529136ec7fa
5365,64,43540ab1-2993-455b-9d54-e8e00bb7d7f4,41adf662-c3fb-4838-8938-550a5c13c33e
5366,56,e4041e0b-944d-4988-acbe-092b914133c3,05db5d78-31d2-4fb7-ae0e-f3181d897dec
5367,76,c9e05614-4961-4efa-8ce9-3cce4ef62924,aca0ea7d-5edb-4012-b86e-c27ac894c9e9
5368,64,63f18ef2-7fe9-4ecd-bd8f-0ec13c607f4d,41adf662-c3fb-4838-8938-550a5c13c33e
5369,217,18cb5b22-7b5d-49b8-b4f6-9cc31232252d,da1bf799-42e5-4b0d-82c4-358b702d4200
5370,107,670aa4ec-846a-472f-a617-8ce5490acfd3,d5b59247-e12c-4bb2-ae69-5a3569942ff1
5371,76,d0be13e8-745e-4b3d-baa3-1739bcc75d66,aca0ea7d-5edb-4012-b86e-c27ac894c9e9
5372,225,bbcb3462-573b-48c4-9044-34407b3b77f1,9cdcda2f-3a05-4abe-8f21-8529136ec7fa
5373,76,be4f957a-2e2e-47fa-acf6-1a49e1197b56,aca0ea7d-5edb-4012-b86e-c27ac894c9e9
5374,102,e8fbc51c-1593-4c70-a0ab-03001c5e2c74,a9d2a258-26e9-47ca-a80d-cb83e3d4fb49
5376,225,4fba2f08-01ec-4f9f-bfdb-c296f4b6dbf0,9cdcda2f-3a05-4abe-8f21-8529136ec7fa
5377,58,778fe4ca-64cc-4318-84c9-1514f0cda26d,70349383-d413-4b44-af33-49f3df8ed8f5
5378,225,5cd9f9f5-7840-4f4d-8647-4208057551fb,9cdcda2f-3a05-4abe-8f21-8529136ec7fa
5379,225,21ab90b2-4c87-4e8d-ab52-b6e2d6a99ee3,9cdcda2f-3a05-4abe-8f21-8529136ec7fa
5380,76,c3a57cb3-744d-45ce-b902-9e3f9d1720a7,aca0ea7d-5edb-4012-b86e-c27ac894c9e9
5381,225,e457468a-e4af-4d9c-a4f6-75882c2e0730,9cdcda2f-3a05-4abe-8f21-8529136ec7fa
5382,225,0a28e883-d573-4293-b92c-0ca69a8e285c,9cdcda2f-3a05-4abe-8f21-8529136ec7fa
5383,225,1f625180-2f5c-4274-bd84-e88f9712ca20,9cdcda2f-3a05-4abe-8f21-8529136ec7fa
5384,993,17ee0715-2345-4332-9ca6-c5d08f4371da,be7df09a-bed7-44db-844a-05dda9dd1a46
5385,993,5ec23fff-4494-48bf-9d06-6214fa446e07,be7df09a-bed7-44db-844a-05dda9dd1a46
5386,183,40ebb3a6-e7e2-4ca2-970a-f59c352ce465,885e91b5-66eb-4e4c-b666-cd15b701f75d
5387,107,8ff83b77-735b-4507-9cf3-8b1e357dc85d,d5b59247-e12c-4bb2-ae69-5a3569942ff1
5388,225,a0d2f510-0f61-40e8-b282-0dcd5a680715,9cdcda2f-3a05-4abe-8f21-8529136ec7fa
5389,37,8415cd77-9e43-434f-bb8b-7e8956ebfa45,370d50ba-592a-491a-be9e-7aed4b1edcec
5390,225,88671edc-3e3e-4eae-a6b9-d9504a488495,9cdcda2f-3a05-4abe-8f21-8529136ec7fa
5391,225,95dd037a-253d-467c-8767-518792140d9d,9cdcda2f-3a05-4abe-8f21-8529136ec7fa
5392,107,c96348d0-838e-4936-9989-0c3a1a132374,d5b59247-e12c-4bb2-ae69-5a3569942ff1
5393,996,e52e8f81-1dab-4b9e-9d15-40b98f3fb939,4de9d058-62bb-4727-b2a3-ef64bed4edf9
5394,123,6db751cf-e7e9-4e86-b223-e9b8baa710c2,4be9ac16-33dc-41ea-9d2d-c34044bedfc9
5395,107,8827fe00-e023-4228-999b-5dc41675e09e,d5b59247-e12c-4bb2-ae69-5a3569942ff1
5396,225,e4cd7640-6c61-442c-a7cb-a149ec69448b,9cdcda2f-3a05-4abe-8f21-8529136ec7fa
5397,225,1f22a5bf-a6d5-4eb7-88b8-7a0df69f9d6f,9cdcda2f-3a05-4abe-8f21-8529136ec7fa
5398,76,a99d9e3e-5de7-4ba2-bc2a-b5a955965273,aca0ea7d-5edb-4012-b86e-c27ac894c9e9
5399,74,7b5de058-c8aa-4dc8-9de8-fcf3e5cf2843,fcadc606-b3bc-456e-ad45-826bb6eaa875
5400,107,4bbc57cd-9c39-4a9e-b628-613e9555c852,d5b59247-e12c-4bb2-ae69-5a3569942ff1
5401,107,00f481dd-197f-4d6f-98cd-6413cb7b8ad2,d5b59247-e12c-4bb2-ae69-5a3569942ff1
5402,225,4cba0caf-cf50-41e6-ad98-786f1170134a,9cdcda2f-3a05-4abe-8f21-8529136ec7fa
5403,76,3cefda77-c1a7-4e81-8dd8-131ef875049b,aca0ea7d-5edb-4012-b86e-c27ac894c9e9
5404,30,868a9fea-4514-40cc-bd3a-a8e24d27d142,55c1acfc-2aef-4314-b490-163f7e844333
5405,225,ba8d03eb-9dd1-498e-a7f1-3358ebe78c28,9cdcda2f-3a05-4abe-8f21-8529136ec7fa
5406,11,042d8af1-8380-4ad7-bf10-766b3342f3c2,42a63d3f-4077-47c6-98ea-3fa601c5488e
5407,11,9b2c15ba-ba04-4b74-8788-c716bac57b8b,42a63d3f-4077-47c6-98ea-3fa601c5488e
5407,67,9b2c15ba-ba04-4b74-8788-c716bac57b8b,92fb785b-75ee-467b-8ff0-c25cb9c81149
5408,991,b0d5cb9a-8807-43e5-a270-67b41c314cb6,c09f6ef6-3d50-471d-8c7e-f4a78c8f398c
5409,992,db50e82e-6f87-4cef-8245-eac6492d4beb,f5045ddb-28f5-4810-b5b2-c013e56c96a3
5410,107,625fa082-d2db-4732-bc8f-364191f5baf0,d5b59247-e12c-4bb2-ae69-5a3569942ff1
5411,225,603bc3d5-59b4-463d-987d-c43b0b1441e3,9cdcda2f-3a05-4abe-8f21-8529136ec7fa
5412,23,c2490fbf-5e4e-41fe-a650-ec44b0172f2e,524be1b8-9739-4266-aa59-a9100c49a6e3
5412,225,c2490fbf-5e4e-41fe-a650-ec44b0172f2e,9cdcda2f-3a05-4abe-8f21-8529136ec7fa
5413,225,fa7580c5-0023-4b1f-8c77-03690c4fa355,9cdcda2f-3a05-4abe-8f21-8529136ec7fa
5414,225,44cbc83c-6f09-4f64-beaa-1379662f158e,9cdcda2f-3a05-4abe-8f21-8529136ec7fa
5415,225,925575db-8ea5-4499-ab85-ded7f40a0028,9cdcda2f-3a05-4abe-8f21-8529136ec7fa
5416,21,a28c3cba-04d9-4dfa-bd28-93b8b5d71b2b,ad53cbad-6a77-4499-94a7-c3442c2df2ee
5416,47,a28c3cba-04d9-4dfa-bd28-93b8b5d71b2b,bce5e705-92ce-432a-a0d6-2ee99faeb42b
5416,58,a28c3cba-04d9-4dfa-bd28-93b8b5d71b2b,70349383-d413-4b44-af33-49f3df8ed8f5
5416,76,a28c3cba-04d9-4dfa-bd28-93b8b5d71b2b,aca0ea7d-5edb-4012-b86e-c27ac894c9e9
5416,191,a28c3cba-04d9-4dfa-bd28-93b8b5d71b2b,2de6dd51-50e0-4e80-825c-d0aeb80b3a47
5416,225,a28c3cba-04d9-4dfa-bd28-93b8b5d71b2b,9cdcda2f-3a05-4abe-8f21-8529136ec7fa
5417,225,f7e20729-0404-40c7-9f4a-e7b80e6d3169,9cdcda2f-3a05-4abe-8f21-8529136ec7fa
5418,37,9bc1b3c8-833d-4fba-b45c-2f191304e497,370d50ba-592a-491a-be9e-7aed4b1edcec
5418,225,9bc1b3c8-833d-4fba-b45c-2f191304e497,9cdcda2f-3a05-4abe-8f21-8529136ec7fa
5419,47,28443910-3c85-4216-8965-a63d4c1927da,bce5e705-92ce-432a-a0d6-2ee99faeb42b
5420,102,038c70a2-2c95-4c15-888a-0c8a73343d5d,a9d2a258-26e9-47ca-a80d-cb83e3d4fb49
5421,110,3c6ae89b-39d1-4bac-8c71-a70cea9aae82,0f8bb30d-61bf-4513-b56a-113ea8c3aff8
5422,56,089835fb-6158-4b68-b266-1e1b1298b1b0,05db5d78-31d2-4fb7-ae0e-f3181d897dec
5422,225,089835fb-6158-4b68-b266-1e1b1298b1b0,9cdcda2f-3a05-4abe-8f21-8529136ec7fa
5423,56,a758ecd9-3b5f-4a64-9c50-c68915b0e3f5,05db5d78-31d2-4fb7-ae0e-f3181d897dec
5423,225,a758ecd9-3b5f-4a64-9c50-c68915b0e3f5,9cdcda2f-3a05-4abe-8f21-8529136ec7fa
5424,13,5bd32eed-0740-4fdb-9a2d-5d9830a8975e,b55c215f-d96b-4e35-b2f0-242bed184ab2
5424,56,5bd32eed-0740-4fdb-9a2d-5d9830a8975e,05db5d78-31d2-4fb7-ae0e-f3181d897dec
5425,56,42f97067-e339-46fe-b8be-26bd615b9702,05db5d78-31d2-4fb7-ae0e-f3181d897dec
5426,58,2bebca1e-e6a3-4e99-92f1-5c8d5269e2c3,70349383-d413-4b44-af33-49f3df8ed8f5
5427,55,f73b4a6d-0fcb-4510-ae5a-5e80d4bec3b0,70cb2fa0-b97b-4e80-adf4-5473e61cab6b
5427,58,f73b4a6d-0fcb-4510-ae5a-5e80d4bec3b0,70349383-d413-4b44-af33-49f3df8ed8f5
5427,196,f73b4a6d-0fcb-4510-ae5a-5e80d4bec3b0,940b3f91-84fe-493e-a32b-97fe98b59535
5428,225,056feb18-0e9b-4d4a-86fd-8d2364f949e8,9cdcda2f-3a05-4abe-8f21-8529136ec7fa
5429,47,5c79a5ba-d0c8-46d4-b775-15e4ddfa8046,bce5e705-92ce-432a-a0d6-2ee99faeb42b
5429,225,5c79a5ba-d0c8-46d4-b775-15e4ddfa8046,9cdcda2f-3a05-4abe-8f21-8529136ec7fa
5430,76,841ba472-56eb-466e-b247-88552b66bff7,aca0ea7d-5edb-4012-b86e-c27ac894c9e9
5431,225,9a314bda-371b-4140-a623-a78a4dd77290,9cdcda2f-3a05-4abe-8f21-8529136ec7fa
5432,37,1b1d3ab1-eca9-4c44-bff1-0ebfa2d48e59,370d50ba-592a-491a-be9e-7aed4b1edcec
5433,37,77bdd785-3881-4c3f-9c72-da156ed0814a,370d50ba-592a-491a-be9e-7aed4b1edcec
5434,14,7d16e3c1-3e5b-4ac4-9d07-84a02a44a5cc,63415897-6d9c-4dc4-a2cf-db77b292f8ef
5435,225,bffb7a39-3d7b-4b81-be99-c84420927f59,9cdcda2f-3a05-4abe-8f21-8529136ec7fa
5436,102,45baedfb-2c92-4135-afb3-c7e184770647,a9d2a258-26e9-47ca-a80d-cb83e3d4fb49
5437,225,203bc21d-0a89-4fb5-bf86-9962a74fd12a,9cdcda2f-3a05-4abe-8f21-8529136ec7fa
5438,67,1e8f0c13-061b-4911-b5bc-43cf78c7b8b3,92fb785b-75ee-467b-8ff0-c25cb9c81149
5438,107,1e8f0c13-061b-4911-b5bc-43cf78c7b8b3,d5b59247-e12c-4bb2-ae69-5a3569942ff1
5439,225,7686f5a5-bdd3-4169-88e8-085d6acf9608,9cdcda2f-3a05-4abe-8f21-8529136ec7fa
5440,56,e4965d1b-8ff5-4a83-be7a-4c3970dad17c,05db5d78-31d2-4fb7-ae0e-f3181d897dec
5443,47,c911f936-5449-4513-ac8f-c0b0b2d0e317,bce5e705-92ce-432a-a0d6-2ee99faeb42b
5444,74,9a61bcfd-207c-47da-9199-02d4020f8d5b,fcadc606-b3bc-456e-ad45-826bb6eaa875
5445,225,72a19a9f-0fdb-47a6-811e-8504309b207a,9cdcda2f-3a05-4abe-8f21-8529136ec7fa
5446,225,c81c9867-6230-4e11-b64f-7db196f6c76d,9cdcda2f-3a05-4abe-8f21-8529136ec7fa
5447,225,9628174b-e3da-4f13-a31d-fa16c20cc77b,9cdcda2f-3a05-4abe-8f21-8529136ec7fa
5448,30,6b627cfe-b8e8-4e7f-a93d-e1b177cc0379,55c1acfc-2aef-4314-b490-163f7e844333
5449,225,25a95720-7277-4062-92f8-18eb0ca14ac4,9cdcda2f-3a05-4abe-8f21-8529136ec7fa
5450,102,29c9dbcf-6b7e-4559-925b-6ff2314eda65,a9d2a258-26e9-47ca-a80d-cb83e3d4fb49
5451,58,fb676dc0-fa71-45e4-9f89-97bdc2d13448,70349383-d413-4b44-af33-49f3df8ed8f5
5452,76,8118fe58-ec8f-4805-85d1-fe3ca1b153b1,aca0ea7d-5edb-4012-b86e-c27ac894c9e9
5453,107,1e0ee283-0ce4-4ea3-8a1f-04a4e0ede266,d5b59247-e12c-4bb2-ae69-5a3569942ff1
5454,107,197b73ae-2ef6-4c3b-803e-445aa8c1df03,d5b59247-e12c-4bb2-ae69-5a3569942ff1
5455,76,41a1a1c0-2b8e-40ac-94f8-b409038e7034,aca0ea7d-5edb-4012-b86e-c27ac894c9e9
5456,74,e82a71ee-75ac-422a-b58d-d58d41a382cc,fcadc606-b3bc-456e-ad45-826bb6eaa875
5457,225,4c4486d2-2ea8-4fea-a370-a62a4a80e5ec,9cdcda2f-3a05-4abe-8f21-8529136ec7fa
5458,995,8879999a-30ce-4287-a2e5-3ff18c22e415,4c8bf90e-d1b8-4c9a-9882-fc85aee7fb51
5459,107,40a685c7-2704-479b-a922-c83334759330,d5b59247-e12c-4bb2-ae69-5a3569942ff1
5460,225,d8abcdec-873a-4e58-a6b0-5fe1a38be201,9cdcda2f-3a05-4abe-8f21-8529136ec7fa
5461,47,1dd00400-1881-4d39-8edd-32fbfcff8637,bce5e705-92ce-432a-a0d6-2ee99faeb42b
5462,47,a4f377df-379e-4810-8749-4683b79a87a4,bce5e705-92ce-432a-a0d6-2ee99faeb42b
5463,47,bc1a1c28-a337-48b1-90f3-4918eeb061d2,bce5e705-92ce-432a-a0d6-2ee99faeb42b
5465,105,2c8a551a-a5ee-4719-878f-a6546a24ea1e,7a8d6deb-7fc9-455c-9cdb-5a57cf2199f6
5466,991,941deab8-ffa7-4d04-9d7a-7d06d7c1c89b,c09f6ef6-3d50-471d-8c7e-f4a78c8f398c
5467,225,de0b208c-7e45-4e7d-bfaa-9df7ff272262,9cdcda2f-3a05-4abe-8f21-8529136ec7fa
5468,102,e7029a63-c8c2-428c-ac47-6308677b8259,a9d2a258-26e9-47ca-a80d-cb83e3d4fb49
5469,225,82bd7f99-4c56-422f-91d5-031a04747220,9cdcda2f-3a05-4abe-8f21-8529136ec7fa
5470,102,eb2358c2-a423-4626-86fb-c69835ac1ffa,a9d2a258-26e9-47ca-a80d-cb83e3d4fb49
5471,225,7953aaf9-2b17-43ed-9897-41ac5fd2f9d3,9cdcda2f-3a05-4abe-8f21-8529136ec7fa
5472,102,d22d2b25-2c27-421c-9bec-ce6ed75c66e3,a9d2a258-26e9-47ca-a80d-cb83e3d4fb49
5473,991,0ff963ac-1a66-4e07-9165-2a7fc688c1c8,c09f6ef6-3d50-471d-8c7e-f4a78c8f398c
5474,102,ccffe5c9-de46-463c-b454-4236aeb82142,a9d2a258-26e9-47ca-a80d-cb83e3d4fb49
5476,102,3429a547-6c3e-4f26-ae2f-5cec6e42b728,a9d2a258-26e9-47ca-a80d-cb83e3d4fb49
5477,225,8dcdbbd8-9cb6-4c75-b0d9-381460753ec1,9cdcda2f-3a05-4abe-8f21-8529136ec7fa
5478,997,eeaf4bfc-8b33-4cc9-8865-14eeb79c3c2d,09065786-36eb-45f8-bfcd-0abee1bd2e0c
5479,99,97e0197f-4518-4d64-8c1a-2772a4d0240a,1623e4b7-ea1a-41ae-9396-aa8a8ad0f24a
5480,102,023879ec-96d3-41b5-a312-0ca5cdcd0f0f,a9d2a258-26e9-47ca-a80d-cb83e3d4fb49
5481,102,68cb7a03-1d93-4a48-8baa-d61d2b2c1211,a9d2a258-26e9-47ca-a80d-cb83e3d4fb49
5482,107,55338f30-0326-4ad4-b250-5b06425cd8d6,d5b59247-e12c-4bb2-ae69-5a3569942ff1
5483,20,e08104d1-0846-4cc9-a5fc-fd32db582bee,06f3b308-ed58-4f00-a0ea-d1374aed8a90
5484,102,3ccc10e3-ce31-4d93-8312-f39bdd92ba5e,a9d2a258-26e9-47ca-a80d-cb83e3d4fb49
5485,152,28dea8b5-a3d7-4842-9f72-f3679a2e60d9,fec52039-c629-464b-9df4-83cde2ba0c16
5486,107,9e6801a8-02e0-407d-a2d5-e51da21928e2,d5b59247-e12c-4bb2-ae69-5a3569942ff1
5487,102,d2dffd13-98fb-401d-ab22-36f7d5409f7f,a9d2a258-26e9-47ca-a80d-cb83e3d4fb49
5488,11,6d03651e-d89b-4294-9dd6-233cbcbe8ca5,42a63d3f-4077-47c6-98ea-3fa601c5488e
5489,74,777532b3-fb4d-4fe1-8b5a-761e5c840dcd,fcadc606-b3bc-456e-ad45-826bb6eaa875
5489,107,777532b3-fb4d-4fe1-8b5a-761e5c840dcd,d5b59247-e12c-4bb2-ae69-5a3569942ff1
5490,67,135febbb-bf7e-431d-8d3a-813a0160939f,92fb785b-75ee-467b-8ff0-c25cb9c81149
5491,102,adff1e62-526b-469f-a481-6bb16a1e7616,a9d2a258-26e9-47ca-a80d-cb83e3d4fb49
5492,20,61765305-8e6d-4b4a-be98-a88c012e4e1f,06f3b308-ed58-4f00-a0ea-d1374aed8a90
5492,172,61765305-8e6d-4b4a-be98-a88c012e4e1f,5b6359d0-efe0-47ad-aca6-65f4ee8d6c69
5493,107,77402000-d1a9-4212-8941-1dcf18f7ba65,d5b59247-e12c-4bb2-ae69-5a3569942ff1
5494,217,a09e464f-5751-4384-bab3-a81f2a41bb08,da1bf799-42e5-4b0d-82c4-358b702d4200
5495,102,9faf8c0a-5ed7-4be7-a36c-0b820251899a,a9d2a258-26e9-47ca-a80d-cb83e3d4fb49
5496,172,3dbfa5be-da61-49b1-868a-516b051bf7f3,5b6359d0-efe0-47ad-aca6-65f4ee8d6c69
5497,47,c04fc79d-93b7-4c53-8e0b-7a13988019a9,bce5e705-92ce-432a-a0d6-2ee99faeb42b
5498,102,6a8f43cf-b6d1-428d-a73d-4c8438275806,a9d2a258-26e9-47ca-a80d-cb83e3d4fb49
5499,102,f4b00e65-1240-42a0-9eda-1af924859cb7,a9d2a258-26e9-47ca-a80d-cb83e3d4fb49
5500,102,6db4e0d8-5500-4583-8037-9895de026ff9,a9d2a258-26e9-47ca-a80d-cb83e3d4fb49
5501,98,fce4267f-3f44-48e9-8ded-ab4a81bed6e4,1e17f8a9-3e40-4f93-9af1-4b052b3fa800
5502,56,8a9fb88e-2917-463c-a61f-52e15114a357,05db5d78-31d2-4fb7-ae0e-f3181d897dec
5503,220,2e39ea13-5c99-4d76-8431-69298e1444bf,14b21639-9757-41e5-a698-9d715f44f80d
5504,47,90d58c2b-eb5d-4905-8262-646b3262f172,bce5e705-92ce-432a-a0d6-2ee99faeb42b
5505,225,0c1a05ef-5b99-4716-9be6-39bff1b1642e,9cdcda2f-3a05-4abe-8f21-8529136ec7fa
5506,225,c32231b5-4a25-4dea-8d50-5b8fe588d154,9cdcda2f-3a05-4abe-8f21-8529136ec7fa
5507,225,d7224974-fb6d-43df-bf0e-74adf6f2fb08,9cdcda2f-3a05-4abe-8f21-8529136ec7fa
5508,225,861ed11d-228c-4abb-910f-c99527d616ef,9cdcda2f-3a05-4abe-8f21-8529136ec7fa
5510,74,0a4bd32d-7f77-4e97-9b72-36e417c10f54,fcadc606-b3bc-456e-ad45-826bb6eaa875
5511,225,9c67b5c6-7203-4156-acfb-185bead22cc2,9cdcda2f-3a05-4abe-8f21-8529136ec7fa
5512,102,d8173b1a-69c9-4306-ba28-e526be442ca3,a9d2a258-26e9-47ca-a80d-cb83e3d4fb49
5513,64,fee78030-6d3f-48cd-ab32-0e1cea91e06c,41adf662-c3fb-4838-8938-550a5c13c33e
5514,64,f2af430d-3617-4a20-aa61-3830fb582b01,41adf662-c3fb-4838-8938-550a5c13c33e
5515,217,d84dae73-7cb5-4751-b2b0-712fb916e32d,da1bf799-42e5-4b0d-82c4-358b702d4200
5516,225,28e1cfa5-9715-412a-8af9-7b707b292e77,9cdcda2f-3a05-4abe-8f21-8529136ec7fa
5517,47,24dee89d-bc36-44ab-b3d7-27bdb94f7e0b,bce5e705-92ce-432a-a0d6-2ee99faeb42b
5518,47,56f12bde-0750-4c61-b3e9-aa52fdc6ef1c,bce5e705-92ce-432a-a0d6-2ee99faeb42b
5519,225,1dbb1d66-7af8-48f3-ad2c-4e17d86a0575,9cdcda2f-3a05-4abe-8f21-8529136ec7fa
5519,239,1dbb1d66-7af8-48f3-ad2c-4e17d86a0575,44516d0f-7394-4053-855c-cd6912710867
5520,225,989faaa6-c44d-49b5-8c57-26bb0d6661b1,9cdcda2f-3a05-4abe-8f21-8529136ec7fa
5521,37,58709a7a-3590-48a3-97ab-b715c94d29a1,370d50ba-592a-491a-be9e-7aed4b1edcec
5522,225,ce31e21f-7d16-4c10-9776-d12775d0b4b5,9cdcda2f-3a05-4abe-8f21-8529136ec7fa
5523,58,0ff27613-ef58-484e-9bc3-5d811d940339,70349383-d413-4b44-af33-49f3df8ed8f5
5524,225,c29a5b9e-52fd-4f09-b463-4bc520916c4e,9cdcda2f-3a05-4abe-8f21-8529136ec7fa
5524,993,c29a5b9e-52fd-4f09-b463-4bc520916c4e,be7df09a-bed7-44db-844a-05dda9dd1a46
5525,69,9f0bf1c8-47d9-4d33-8aa9-4a046f6ec66b,035eab86-1053-41d2-bb09-048493bf5a8f
5526,183,7c210564-8c08-4388-996a-d713141d649e,885e91b5-66eb-4e4c-b666-cd15b701f75d
5527,225,e72adf03-6985-4857-9e6f-3c59ce7286da,9cdcda2f-3a05-4abe-8f21-8529136ec7fa
5528,76,367d03d3-73b7-4390-ba4a-df27e723f91a,aca0ea7d-5edb-4012-b86e-c27ac894c9e9
5529,37,f853cfa4-eaac-411b-8238-15cd77848e0a,370d50ba-592a-491a-be9e-7aed4b1edcec
5530,225,15723295-bdfb-4187-845d-905de4a2f4dd,9cdcda2f-3a05-4abe-8f21-8529136ec7fa
5531,118,ac679459-ebc7-421e-bfb3-37d4be4436b7,0ae3d636-f592-4f95-bed4-68e6dc1bf8a1
5532,225,eba31b5e-3807-4e60-9bfb-a9879738d54c,9cdcda2f-3a05-4abe-8f21-8529136ec7fa
5533,225,69195dd4-9a69-42d2-a37c-fb8cd7a78fa4,9cdcda2f-3a05-4abe-8f21-8529136ec7fa
5534,47,cf0b8c62-c7c7-4571-8445-2ade1922f624,bce5e705-92ce-432a-a0d6-2ee99faeb42b
5534,225,cf0b8c62-c7c7-4571-8445-2ade1922f624,9cdcda2f-3a05-4abe-8f21-8529136ec7fa
5535,14,709d8407-da73-48e2-8b18-76960598fae9,63415897-6d9c-4dc4-a2cf-db77b292f8ef
5536,67,9a59d210-22b0-4ec4-92a1-596e96d89abd,92fb785b-75ee-467b-8ff0-c25cb9c81149
5537,225,fdbca1f9-9879-4927-b0cd-4671732b244b,9cdcda2f-3a05-4abe-8f21-8529136ec7fa
5538,76,01a398f2-583f-44ea-8095-ed6f663f8dd9,aca0ea7d-5edb-4012-b86e-c27ac894c9e9
5539,225,fce8d3e5-1f8a-43f4-8a6f-a4b05e6a7840,9cdcda2f-3a05-4abe-8f21-8529136ec7fa
5540,37,2d8724f2-2d58-4602-8969-c8168b8c4609,370d50ba-592a-491a-be9e-7aed4b1edcec
5540,47,2d8724f2-2d58-4602-8969-c8168b8c4609,bce5e705-92ce-432a-a0d6-2ee99faeb42b
5540,220,2d8724f2-2d58-4602-8969-c8168b8c4609,14b21639-9757-41e5-a698-9d715f44f80d
5541,74,caf25c83-0a44-49af-b96c-d86cc579eb94,fcadc606-b3bc-456e-ad45-826bb6eaa875
5542,225,d6676f2e-2ac4-447b-be95-b2335766c78f,9cdcda2f-3a05-4abe-8f21-8529136ec7fa
5543,76,858cc2fc-e214-4db0-867e-99357d219289,aca0ea7d-5edb-4012-b86e-c27ac894c9e9
5544,76,d5bb9ab5-19ab-4015-99ab-692ee3d3c666,aca0ea7d-5edb-4012-b86e-c27ac894c9e9
5545,225,f0b7d2ad-2666-438c-ad6b-e91ce64acfea,9cdcda2f-3a05-4abe-8f21-8529136ec7fa
5546,76,478886b1-8a78-45e8-8a91-4fd4a4060086,aca0ea7d-5edb-4012-b86e-c27ac894c9e9
5547,118,88cb1e93-8e77-4f81-955e-7d80491a7a8b,0ae3d636-f592-4f95-bed4-68e6dc1bf8a1
5549,160,9cf128d7-c4a0-4baf-b394-afb029729a16,82d5bcea-2d26-46e5-9d77-5c269d4dc0f3
5551,56,ff8a8e34-dad9-4391-85e9-c88d5e5e51f1,05db5d78-31d2-4fb7-ae0e-f3181d897dec
5551,76,ff8a8e34-dad9-4391-85e9-c88d5e5e51f1,aca0ea7d-5edb-4012-b86e-c27ac894c9e9
5551,107,ff8a8e34-dad9-4391-85e9-c88d5e5e51f1,d5b59247-e12c-4bb2-ae69-5a3569942ff1
5552,225,895cb15d-3408-4f36-a222-7d55cbfd02cd,9cdcda2f-3a05-4abe-8f21-8529136ec7fa
5553,225,70f4811f-a2b0-4b14-a8da-62608d8c8e1b,9cdcda2f-3a05-4abe-8f21-8529136ec7fa
5554,110,122d54d7-0e9e-4164-b628-58d100c321c1,0f8bb30d-61bf-4513-b56a-113ea8c3aff8
5555,14,e47b125b-a3ee-4be0-8e3d-493f19606dca,63415897-6d9c-4dc4-a2cf-db77b292f8ef
5556,176,11de8b34-fba4-412c-98be-076f8bc60c85,7d514500-808c-4ef5-a58e-4f7fac6b3d5f
5557,76,52c116aa-8356-4693-9984-780ea791ba8b,aca0ea7d-5edb-4012-b86e-c27ac894c9e9
5558,37,5894cd9d-0575-406c-8066-e1bd068739cd,370d50ba-592a-491a-be9e-7aed4b1edcec
5559,225,4a0dbfac-7367-4711-b5f2-62a18892605b,9cdcda2f-3a05-4abe-8f21-8529136ec7fa
5560,225,d42e55f4-b1ef-4f3a-9a21-ff18f5837654,9cdcda2f-3a05-4abe-8f21-8529136ec7fa
5561,104,030f2b1c-a15c-4ebb-85f2-8bce6b0b9103,b663a908-59b3-43c7-a38b-8affad99eece
5562,55,a927f8af-683a-49c0-b0a6-fc128c91a700,70cb2fa0-b97b-4e80-adf4-5473e61cab6b
5563,118,19227302-1421-4ad3-bf70-f6cfe3871f09,0ae3d636-f592-4f95-bed4-68e6dc1bf8a1
5564,225,e4c1ab59-d345-4a2c-98cb-1ab39bdb38c4,9cdcda2f-3a05-4abe-8f21-8529136ec7fa
5565,225,896b3937-7265-430a-b38f-cc9acb444352,9cdcda2f-3a05-4abe-8f21-8529136ec7fa
5566,74,620fd87f-16c0-4366-a445-71c27f4ec31a,fcadc606-b3bc-456e-ad45-826bb6eaa875
5567,225,cbca2bca-d233-49ee-872c-865721369445,9cdcda2f-3a05-4abe-8f21-8529136ec7fa
5568,74,efdfed92-b580-449f-b73d-9f3786a88175,fcadc606-b3bc-456e-ad45-826bb6eaa875
5569,30,770ed061-dd56-474f-bb80-756b1a03c202,55c1acfc-2aef-4314-b490-163f7e844333
5570,225,e3da4ac8-6fbe-4056-af61-9aa041ea8b18,9cdcda2f-3a05-4abe-8f21-8529136ec7fa
5571,225,4fd02c97-1dba-4c35-8e87-535ace3a7d37,9cdcda2f-3a05-4abe-8f21-8529136ec7fa
5572,991,54a2685c-eeee-4602-833b-4c8707ebfdfd,c09f6ef6-3d50-471d-8c7e-f4a78c8f398c
5573,76,3e1a5a55-440a-4add-af6c-9a4e13b4a15b,aca0ea7d-5edb-4012-b86e-c27ac894c9e9
5574,37,32c12371-0ec8-4a8e-9107-d224623af6ed,370d50ba-592a-491a-be9e-7aed4b1edcec
5575,225,76a09dde-1e06-4d23-af78-c4322bae5795,9cdcda2f-3a05-4abe-8f21-8529136ec7fa
5576,76,426b1935-583d-4faf-8a0d-49a522699fa3,aca0ea7d-5edb-4012-b86e-c27ac894c9e9
5577,74,1a351b3f-bda5-4344-9b80-d8bf81bc57df,fcadc606-b3bc-456e-ad45-826bb6eaa875
5578,37,cced7714-3d04-4ec2-b037-72146e9cd97e,370d50ba-592a-491a-be9e-7aed4b1edcec
5579,76,aa6c96da-1e91-47b2-9898-73ed5cbe96f9,aca0ea7d-5edb-4012-b86e-c27ac894c9e9
5580,37,3a201f8e-f0d5-485b-bf93-af1b8e6e8a73,370d50ba-592a-491a-be9e-7aed4b1edcec
5581,225,74a29c58-8668-4b39-ab61-df8bbc537dd6,9cdcda2f-3a05-4abe-8f21-8529136ec7fa
5582,30,c0bce0ce-125c-4812-9403-12cce4e9f7d4,55c1acfc-2aef-4314-b490-163f7e844333
5582,225,c0bce0ce-125c-4812-9403-12cce4e9f7d4,9cdcda2f-3a05-4abe-8f21-8529136ec7fa
5583,225,46464488-7de2-4bd2-8b0a-bce8580fd732,9cdcda2f-3a05-4abe-8f21-8529136ec7fa
5584,991,79f58e75-f4bd-453d-9396-33e27eb48ac1,c09f6ef6-3d50-471d-8c7e-f4a78c8f398c
5585,76,89ae5fda-57df-49ea-a3d5-e764bd2a30af,aca0ea7d-5edb-4012-b86e-c27ac894c9e9
5586,37,8a0badab-5a76-4e7a-b5e5-58ab2afcbd82,370d50ba-592a-491a-be9e-7aed4b1edcec
5587,225,eed03d1b-4fd1-4847-84e9-189bd355efd5,9cdcda2f-3a05-4abe-8f21-8529136ec7fa
5588,56,4caaabae-ca30-4bb2-951e-7b1c405c8bd9,05db5d78-31d2-4fb7-ae0e-f3181d897dec
5588,76,4caaabae-ca30-4bb2-951e-7b1c405c8bd9,aca0ea7d-5edb-4012-b86e-c27ac894c9e9
5588,110,4caaabae-ca30-4bb2-951e-7b1c405c8bd9,0f8bb30d-61bf-4513-b56a-113ea8c3aff8
5589,21,a6f5762b-c60f-49c7-8009-77d12dfad376,ad53cbad-6a77-4499-94a7-c3442c2df2ee
5589,56,a6f5762b-c60f-49c7-8009-77d12dfad376,05db5d78-31d2-4fb7-ae0e-f3181d897dec
5589,76,a6f5762b-c60f-49c7-8009-77d12dfad376,aca0ea7d-5edb-4012-b86e-c27ac894c9e9
5589,107,a6f5762b-c60f-49c7-8009-77d12dfad376,d5b59247-e12c-4bb2-ae69-5a3569942ff1
5590,991,63591c70-cae4-4148-9638-5b2449341349,c09f6ef6-3d50-471d-8c7e-f4a78c8f398c
5591,58,80bcba34-0218-4819-bfe4-446d4bab6d77,70349383-d413-4b44-af33-49f3df8ed8f5
5591,993,80bcba34-0218-4819-bfe4-446d4bab6d77,be7df09a-bed7-44db-844a-05dda9dd1a46
5592,67,7cce21d8-2d87-44fd-afe4-45a3f30a7b03,92fb785b-75ee-467b-8ff0-c25cb9c81149
5592,74,7cce21d8-2d87-44fd-afe4-45a3f30a7b03,fcadc606-b3bc-456e-ad45-826bb6eaa875
5592,173,7cce21d8-2d87-44fd-afe4-45a3f30a7b03,5c13e222-45ec-4a67-9e4a-d91b1f1e60c9
5593,76,714a501c-8d38-4679-aa07-c9017b23891a,aca0ea7d-5edb-4012-b86e-c27ac894c9e9
5594,225,c01ed486-9807-417d-92a2-0ce25d1565d6,9cdcda2f-3a05-4abe-8f21-8529136ec7fa
5595,74,d1f28f39-a2df-42a0-a0ef-03a15b375f76,fcadc606-b3bc-456e-ad45-826bb6eaa875
5596,225,e0ebe43e-cc5c-47c5-aa94-4c3fefc62860,9cdcda2f-3a05-4abe-8f21-8529136ec7fa
5598,160,9ba674bf-114f-4745-a129-137744d06567,82d5bcea-2d26-46e5-9d77-5c269d4dc0f3
5599,30,9531723d-9039-4543-ac7a-75de0c9d39e2,55c1acfc-2aef-4314-b490-163f7e844333
5600,69,fc35421b-e1ad-44e4-8509-6f052356fb70,035eab86-1053-41d2-bb09-048493bf5a8f
5601,21,228a11f2-84ea-4d3c-a498-8f6d5dfdd18a,ad53cbad-6a77-4499-94a7-c3442c2df2ee
5601,39,228a11f2-84ea-4d3c-a498-8f6d5dfdd18a,4acfc416-1589-4bde-acf0-ac5a3c29bfd2
5601,74,228a11f2-84ea-4d3c-a498-8f6d5dfdd18a,fcadc606-b3bc-456e-ad45-826bb6eaa875
5602,107,9254ca98-ac08-4a64-afa1-b9acb98d8d58,d5b59247-e12c-4bb2-ae69-5a3569942ff1
5603,74,d51057d6-dad8-4130-a1fc-408ab20549a1,fcadc606-b3bc-456e-ad45-826bb6eaa875
5604,87,b886045b-0948-4fc8-b9d5-a5b9d77ac81f,f3e2edb5-0b20-469f-ba30-8d25390d2d14
5605,74,9ab3ea1e-f5d7-4791-aae0-1c32bdfe1c5a,fcadc606-b3bc-456e-ad45-826bb6eaa875
5606,225,549f9f0b-80e2-4e08-8605-d7e210280ab5,9cdcda2f-3a05-4abe-8f21-8529136ec7fa
5607,35,bd049afd-7da0-4b25-9cd8-8067083e6d69,823efde2-7801-4423-ae6a-62b5225f0f30
5608,76,02d1beb8-f4bd-404e-bfe3-e0043e51a3be,aca0ea7d-5edb-4012-b86e-c27ac894c9e9
5609,55,73d84f81-2ff8-44f4-b748-77ce7f3ae80e,70cb2fa0-b97b-4e80-adf4-5473e61cab6b
5610,151,308f9e06-0f83-4ce3-8f00-b12d0f2dd7b5,d99989a8-ea9c-4d4e-86f5-71dfdf6f7e81
5611,996,7103ce05-6a01-4d5f-b377-0bb0f1a03163,4de9d058-62bb-4727-b2a3-ef64bed4edf9
5613,993,c503ba4e-f471-4450-b519-c63ab63da2b9,be7df09a-bed7-44db-844a-05dda9dd1a46
5614,991,63c20cbe-3ad6-4c3a-aefd-6d44b16316a9,c09f6ef6-3d50-471d-8c7e-f4a78c8f398c
5615,87,d0a56a34-d6b5-46a4-8644-91f597300b01,f3e2edb5-0b20-469f-ba30-8d25390d2d14
5616,225,e96ac36b-4cea-4d42-94b9-de7c91586ce2,9cdcda2f-3a05-4abe-8f21-8529136ec7fa
5617,993,990db1b6-e495-4adf-9c4e-73c135685dc9,be7df09a-bed7-44db-844a-05dda9dd1a46
5618,225,67215869-f566-4f91-8bf3-115500ee8f23,9cdcda2f-3a05-4abe-8f21-8529136ec7fa
5619,76,36550e52-8796-446a-8e82-669717b719ed,aca0ea7d-5edb-4012-b86e-c27ac894c9e9
5620,58,0c276f6c-299a-4f94-ac90-99f78fa15847,70349383-d413-4b44-af33-49f3df8ed8f5
5621,160,2cc1a8f9-23b8-427e-a618-078a292073e3,82d5bcea-2d26-46e5-9d77-5c269d4dc0f3
5622,76,54f5aca3-0840-4ee0-801b-0a36054a5de4,aca0ea7d-5edb-4012-b86e-c27ac894c9e9
5623,110,00e023e9-6733-466b-9770-dce8ab05a22f,0f8bb30d-61bf-4513-b56a-113ea8c3aff8
5624,993,9a058793-0d01-4f37-9746-7c4708acd39c,be7df09a-bed7-44db-844a-05dda9dd1a46
5625,995,23837d1a-dff8-467a-a75b-105568c3604b,4c8bf90e-d1b8-4c9a-9882-fc85aee7fb51
5626,13,eceb486b-13d0-4b76-a2f0-8464f40d7282,b55c215f-d96b-4e35-b2f0-242bed184ab2
5627,58,e59cb701-922f-414a-b732-a7222d7f8f5c,70349383-d413-4b44-af33-49f3df8ed8f5
5628,191,b849b714-43fd-4877-8300-405b48f4852f,2de6dd51-50e0-4e80-825c-d0aeb80b3a47
5629,58,b7abe1d2-c38b-433c-9469-9bad35a6fdbd,70349383-d413-4b44-af33-49f3df8ed8f5
5630,107,b7fca5cc-50fe-4c13-aca3-d6556255dd4b,d5b59247-e12c-4bb2-ae69-5a3569942ff1
5631,58,b37813b0-43e6-4f20-98c6-4ad3ac9f8eca,70349383-d413-4b44-af33-49f3df8ed8f5
5632,74,5239f2df-afa5-4fe2-9c7a-7f09d4e1cec5,fcadc606-b3bc-456e-ad45-826bb6eaa875
5633,58,872e4933-9b02-4f4d-8ce7-2981075f2ac8,70349383-d413-4b44-af33-49f3df8ed8f5
5634,191,fcd5512f-ffa7-466d-8c86-14d135a77faa,2de6dd51-50e0-4e80-825c-d0aeb80b3a47
5635,58,364c458b-3cbb-4a2e-ba11-fcc924490162,70349383-d413-4b44-af33-49f3df8ed8f5
5636,58,b2d60977-9a67-4dc2-9483-8a6579ae37db,70349383-d413-4b44-af33-49f3df8ed8f5
5637,58,d8faa382-029a-41cf-9198-61f69be1c696,70349383-d413-4b44-af33-49f3df8ed8f5
5638,56,8ae99370-1989-4e0f-85ed-995af3da7bcd,05db5d78-31d2-4fb7-ae0e-f3181d897dec
5639,225,f950b9c8-8a9b-4033-b7c6-421e8a65c818,9cdcda2f-3a05-4abe-8f21-8529136ec7fa
5640,56,396d3f47-ce51-4f3a-b3b4-7f3dab74053e,05db5d78-31d2-4fb7-ae0e-f3181d897dec
5641,225,fd612ffa-5a0f-4651-a3e5-efc23568381e,9cdcda2f-3a05-4abe-8f21-8529136ec7fa
5642,191,2ab082b8-5017-4c2c-befe-c4915792677e,2de6dd51-50e0-4e80-825c-d0aeb80b3a47
5643,76,fd72d7d2-f645-4ecc-8b7c-495d6730644c,aca0ea7d-5edb-4012-b86e-c27ac894c9e9
5644,56,de0eb8c4-1a47-42bb-90cb-06660cde5155,05db5d78-31d2-4fb7-ae0e-f3181d897dec
5645,58,0f8f84e1-f983-403f-8e59-b3fca4378b64,70349383-d413-4b44-af33-49f3df8ed8f5
5646,55,9f7d0867-1658-427e-a0c4-16f307acd302,70cb2fa0-b97b-4e80-adf4-5473e61cab6b
5647,67,d5892ff3-bfd5-4b38-8a1f-87cbdd078427,92fb785b-75ee-467b-8ff0-c25cb9c81149
5648,100,e4b457e3-6732-4a2a-a1f7-cb12953719b2,cc0063a2-f29b-47cc-91bf-9cacc4668dd1
5650,225,d26f2b7c-c9b1-4511-81b5-53004fd796a6,9cdcda2f-3a05-4abe-8f21-8529136ec7fa
5651,225,970b8818-b89f-437a-974f-fb35dd1afebd,9cdcda2f-3a05-4abe-8f21-8529136ec7fa
5652,67,4d606e05-bd09-44d5-9d7f-7a738614ccd7,92fb785b-75ee-467b-8ff0-c25cb9c81149
5653,67,d2885d5a-a9e1-4b46-9750-2f8246ba326a,92fb785b-75ee-467b-8ff0-c25cb9c81149
5654,56,aab708fe-0f99-489d-a68a-bfe6810a2724,05db5d78-31d2-4fb7-ae0e-f3181d897dec
5655,196,87969457-0a40-4288-8f60-6afcdcca7abb,940b3f91-84fe-493e-a32b-97fe98b59535
5656,991,f178a776-e941-4dd4-9c33-044ed351119c,c09f6ef6-3d50-471d-8c7e-f4a78c8f398c
5657,58,6ef23e20-28c0-48c7-bfb2-50cfca3e1f66,70349383-d413-4b44-af33-49f3df8ed8f5
5658,991,94a59fce-02ff-41b4-aaca-36b6a860d785,c09f6ef6-3d50-471d-8c7e-f4a78c8f398c
5659,87,61379801-3903-49dc-92e2-0cc9179f31d8,f3e2edb5-0b20-469f-ba30-8d25390d2d14
5660,991,fc8c78fe-258f-4e76-9bdc-b37d88c54b6d,c09f6ef6-3d50-471d-8c7e-f4a78c8f398c
5661,74,c5af9da6-9a06-4ccb-9a7e-16f9cdc67002,fcadc606-b3bc-456e-ad45-826bb6eaa875
5662,991,d10d1f4c-6da9-4ad2-a5be-2086d2e4079b,c09f6ef6-3d50-471d-8c7e-f4a78c8f398c
5663,11,915e70e9-8c4f-4068-89ee-c310baeb0873,42a63d3f-4077-47c6-98ea-3fa601c5488e
5664,67,5e80ea2d-d2f6-4ad7-b3cb-3bd4e9cec04a,92fb785b-75ee-467b-8ff0-c25cb9c81149
5665,74,0bae88d6-8181-49b2-9509-b9d6650f742d,fcadc606-b3bc-456e-ad45-826bb6eaa875
5666,98,94e5a115-48b9-4b2f-9d02-4d740c54d67e,1e17f8a9-3e40-4f93-9af1-4b052b3fa800
5667,76,70eef980-b166-4c26-8a54-750c04e6dde8,aca0ea7d-5edb-4012-b86e-c27ac894c9e9
5668,110,d69d6c26-fcd0-497a-831a-b62b336940ca,0f8bb30d-61bf-4513-b56a-113ea8c3aff8
5669,225,a56b9b91-af8e-41d8-a109-4c495e93f28a,9cdcda2f-3a05-4abe-8f21-8529136ec7fa
5671,76,04f46c85-612f-47ff-86ac-3b939086f269,aca0ea7d-5edb-4012-b86e-c27ac894c9e9
5672,225,9ebba23a-1903-4ee7-8a93-fe8dd0421133,9cdcda2f-3a05-4abe-8f21-8529136ec7fa
5673,76,0c7d6353-9716-45db-afad-bf3f87d4be65,aca0ea7d-5edb-4012-b86e-c27ac894c9e9
5673,225,0c7d6353-9716-45db-afad-bf3f87d4be65,9cdcda2f-3a05-4abe-8f21-8529136ec7fa
5674,11,4ae7064b-65d5-4079-9c6d-2cf6e117bb75,42a63d3f-4077-47c6-98ea-3fa601c5488e
5675,76,54c83741-c912-45ce-b6e0-9ab1380f5eb0,aca0ea7d-5edb-4012-b86e-c27ac894c9e9
5676,225,028f1f59-c86b-430f-9aea-76aa251dd360,9cdcda2f-3a05-4abe-8f21-8529136ec7fa
5677,21,d916e83a-d9c6-4af8-ac6b-a59aa23eef8e,ad53cbad-6a77-4499-94a7-c3442c2df2ee
5678,225,1d212240-c2d1-4e21-a348-d4060a07b04c,9cdcda2f-3a05-4abe-8f21-8529136ec7fa
5679,47,dde0c337-f380-4ece-b352-b952368da78e,bce5e705-92ce-432a-a0d6-2ee99faeb42b
5680,151,bad3904c-7e2d-44bd-a036-69a8ee47e9a1,d99989a8-ea9c-4d4e-86f5-71dfdf6f7e81
5681,225,d8d5467c-0261-46c6-a8e7-ce4164572d13,9cdcda2f-3a05-4abe-8f21-8529136ec7fa
5682,225,e3c0cafc-2969-4568-864f-be4dafb690d5,9cdcda2f-3a05-4abe-8f21-8529136ec7fa
5683,225,581e95d0-ae23-4017-b415-a667cca2e1f8,9cdcda2f-3a05-4abe-8f21-8529136ec7fa
5684,192,21f762d0-3373-422b-bae2-fa6529f5caad,f255ee1a-572c-4450-9477-73ff8bbe6165
5685,239,8b010211-707b-4390-b176-7fe69a4ab814,44516d0f-7394-4053-855c-cd6912710867
5686,992,9b06136e-51c3-458b-9521-0afebc3db6c2,f5045ddb-28f5-4810-b5b2-c013e56c96a3
5687,14,5d39b12a-d2f1-4d99-a171-afff044c17d8,63415897-6d9c-4dc4-a2cf-db77b292f8ef
5688,225,a030b33f-20e7-4851-9315-349562af98a6,9cdcda2f-3a05-4abe-8f21-8529136ec7fa
5689,225,a6b4441f-c55b-40ed-ab63-5d9af0e74040,9cdcda2f-3a05-4abe-8f21-8529136ec7fa
5690,225,f25cd1ff-cc5c-4b8d-9f20-7be20f0b4c71,9cdcda2f-3a05-4abe-8f21-8529136ec7fa
5691,225,9dc7b924-c7fc-411e-84ea-20deb6637246,9cdcda2f-3a05-4abe-8f21-8529136ec7fa
5692,225,d6b4785c-a063-4f42-9f4b-2137e809e138,9cdcda2f-3a05-4abe-8f21-8529136ec7fa
5693,74,ecce766c-8a23-44ea-a431-ca09b5c04ee3,fcadc606-b3bc-456e-ad45-826bb6eaa875
5694,14,f9dd4a96-9573-44cf-be33-ebb6781288e9,63415897-6d9c-4dc4-a2cf-db77b292f8ef
5695,225,cb81e51a-f20c-4b3d-a232-e8db027ae13e,9cdcda2f-3a05-4abe-8f21-8529136ec7fa
5696,107,8bf7efb7-6f1a-4b62-946d-e186cb962c2b,d5b59247-e12c-4bb2-ae69-5a3569942ff1
5697,13,5e16adef-f999-4345-869f-05890c7dd53b,b55c215f-d96b-4e35-b2f0-242bed184ab2
5698,225,4e108560-4dc8-4a0a-adf0-4e94a1943afe,9cdcda2f-3a05-4abe-8f21-8529136ec7fa
5699,107,93c5107b-6b96-41bb-8837-12606077c422,d5b59247-e12c-4bb2-ae69-5a3569942ff1
5701,47,5019c7b1-e6e8-4f8c-9045-671f839ba990,bce5e705-92ce-432a-a0d6-2ee99faeb42b
5702,225,2111ad8a-6603-4ce4-aece-8cb9cb4e93b3,9cdcda2f-3a05-4abe-8f21-8529136ec7fa
5703,225,59297883-b9b4-48a4-9c6e-4cb54a9d9ea3,9cdcda2f-3a05-4abe-8f21-8529136ec7fa
5704,225,c7f2951f-4d94-46f0-a80a-1f0e3be078f7,9cdcda2f-3a05-4abe-8f21-8529136ec7fa
5705,76,948bbdfb-6ae9-48c5-9a55-56d0b92411ad,aca0ea7d-5edb-4012-b86e-c27ac894c9e9
5706,225,433f6270-1e8e-4fb2-ad38-c4ca7df3c086,9cdcda2f-3a05-4abe-8f21-8529136ec7fa
5707,225,dc228ec5-de1d-431e-baef-6b26adff87eb,9cdcda2f-3a05-4abe-8f21-8529136ec7fa
5708,225,6c7e650c-a51a-44ce-9406-b63a9d3fc952,9cdcda2f-3a05-4abe-8f21-8529136ec7fa
5709,225,fbe5c5c2-ecef-4570-a567-0fff1439ba2e,9cdcda2f-3a05-4abe-8f21-8529136ec7fa
5710,102,29e09029-8666-4466-a28e-7e9d8716aba3,a9d2a258-26e9-47ca-a80d-cb83e3d4fb49
5711,225,6ba582d6-b038-4429-96b1-b324b677b1fd,9cdcda2f-3a05-4abe-8f21-8529136ec7fa
5712,47,a281bc57-fc8b-4e32-88b3-b4d755a2ea85,bce5e705-92ce-432a-a0d6-2ee99faeb42b
5713,56,439ba3f1-3a83-4cd4-ace1-800483ac44b4,05db5d78-31d2-4fb7-ae0e-f3181d897dec
5714,110,79bcd9d4-7066-42d5-9d0f-185617811372,0f8bb30d-61bf-4513-b56a-113ea8c3aff8
5715,225,0714d2ad-e381-4f4c-afff-541fabc540cb,9cdcda2f-3a05-4abe-8f21-8529136ec7fa
5716,13,051f45a0-0859-4435-9001-ab2187fd52dc,b55c215f-d96b-4e35-b2f0-242bed184ab2
5717,225,5d689e2b-ebfd-498b-ada4-528311e9ec13,9cdcda2f-3a05-4abe-8f21-8529136ec7fa
5718,67,59cd3a76-e01f-4cb7-a1e6-149496528c22,92fb785b-75ee-467b-8ff0-c25cb9c81149
5719,102,b171706b-a75c-409d-85b0-97a4bb952e7b,a9d2a258-26e9-47ca-a80d-cb83e3d4fb49
5720,225,61b8865f-8166-4828-b70b-76f4a90b18e2,9cdcda2f-3a05-4abe-8f21-8529136ec7fa
5721,995,a896f109-1205-4652-bf01-c2004d9e000d,4c8bf90e-d1b8-4c9a-9882-fc85aee7fb51
5722,14,88cf2ac2-774a-4acc-98a6-f0824b35c40d,63415897-6d9c-4dc4-a2cf-db77b292f8ef
5723,67,6f0d59e5-160b-4d3d-a839-a363306dcb47,92fb785b-75ee-467b-8ff0-c25cb9c81149
5724,183,78e40c9b-6a0a-4f5f-9cef-05bfc8305f18,885e91b5-66eb-4e4c-b666-cd15b701f75d
5725,225,27fe7cd8-98fd-44b7-b857-cac83cba8d86,9cdcda2f-3a05-4abe-8f21-8529136ec7fa
5726,100,da1fde0d-3d16-42ed-9f4e-e609c5e34aa1,cc0063a2-f29b-47cc-91bf-9cacc4668dd1
5727,74,dd2bd759-fd08-46fd-9f94-00b6fd270eb8,fcadc606-b3bc-456e-ad45-826bb6eaa875
5727,102,dd2bd759-fd08-46fd-9f94-00b6fd270eb8,a9d2a258-26e9-47ca-a80d-cb83e3d4fb49
5728,225,309687ec-679d-4813-9fbc-0d0159ae365a,9cdcda2f-3a05-4abe-8f21-8529136ec7fa
5729,67,98e6f2ec-fd31-408d-af6b-c70bd50b82de,92fb785b-75ee-467b-8ff0-c25cb9c81149
5730,67,0b0da53e-293c-4f29-94d9-7a523937ff4a,92fb785b-75ee-467b-8ff0-c25cb9c81149
5731,225,8193508c-ceeb-42f1-9345-779dd327517f,9cdcda2f-3a05-4abe-8f21-8529136ec7fa
5732,76,569eb47c-da42-4002-bd82-8ae70b121c8e,aca0ea7d-5edb-4012-b86e-c27ac894c9e9
5733,76,4a6d9bd9-5b95-4be8-9e02-9691ad898208,aca0ea7d-5edb-4012-b86e-c27ac894c9e9
5734,13,2dcf24e7-3a2e-4da2-bf72-3b7b575f0726,b55c215f-d96b-4e35-b2f0-242bed184ab2
5735,160,77479a94-6993-4dc9-b086-6fd829aa9c30,82d5bcea-2d26-46e5-9d77-5c269d4dc0f3
5736,76,0cb069af-cabe-497a-bbb9-c835169b6237,aca0ea7d-5edb-4012-b86e-c27ac894c9e9
5737,225,40e9621f-c805-4b24-9299-26741e3e06af,9cdcda2f-3a05-4abe-8f21-8529136ec7fa
5738,225,069d4951-8665-44df-82d0-c6f315120073,9cdcda2f-3a05-4abe-8f21-8529136ec7fa
5739,76,07c76c72-a417-4a72-84e3-bb859c95b4d6,aca0ea7d-5edb-4012-b86e-c27ac894c9e9
5740,225,6c7ca135-1d1d-4085-9ec5-a550a41b84e0,9cdcda2f-3a05-4abe-8f21-8529136ec7fa
5741,225,ca0bc84c-730f-49dd-8c5f-4c0cef641d75,9cdcda2f-3a05-4abe-8f21-8529136ec7fa
5742,74,c046717c-78e6-4c54-81f5-676cc3b56f63,fcadc606-b3bc-456e-ad45-826bb6eaa875
5742,995,c046717c-78e6-4c54-81f5-676cc3b56f63,4c8bf90e-d1b8-4c9a-9882-fc85aee7fb51
5743,107,ebc57383-50db-4090-ad0b-16a54727fd48,d5b59247-e12c-4bb2-ae69-5a3569942ff1
5744,118,e1b14b2e-95db-4a61-aa03-506ad5a72d38,0ae3d636-f592-4f95-bed4-68e6dc1bf8a1
5745,58,4027d155-33a3-4167-8b9c-c88aaface611,70349383-d413-4b44-af33-49f3df8ed8f5
5746,107,a915a4c0-24b2-404d-91bf-51790d4d11a4,d5b59247-e12c-4bb2-ae69-5a3569942ff1
5747,56,5df0e019-7cb0-4d3f-9ddf-8ded9b00414b,05db5d78-31d2-4fb7-ae0e-f3181d897dec
5748,76,232e23e1-0784-40ea-a657-9d5912f91396,aca0ea7d-5edb-4012-b86e-c27ac894c9e9
5748,225,232e23e1-0784-40ea-a657-9d5912f91396,9cdcda2f-3a05-4abe-8f21-8529136ec7fa
5749,225,fac98803-b5fe-4264-bae8-ee32e4fd0223,9cdcda2f-3a05-4abe-8f21-8529136ec7fa
5750,222,a7129ec8-03f4-4e95-9795-e21d1ac8c3f3,bfcd729e-fa75-4887-bbe3-34e59d05af64
5751,225,b4de7b81-7009-4f50-a692-cf57366a4872,9cdcda2f-3a05-4abe-8f21-8529136ec7fa
5752,225,aa06a3d1-d68d-4ff5-8409-1bec82374752,9cdcda2f-3a05-4abe-8f21-8529136ec7fa
5753,100,6aed0311-0ddc-4399-9ea4-06ab49ec6fef,cc0063a2-f29b-47cc-91bf-9cacc4668dd1
5754,225,45bcf59f-9be6-4ee4-bf74-373d05777a1b,9cdcda2f-3a05-4abe-8f21-8529136ec7fa
5755,110,9189f320-545f-4779-b37d-60ca3c3f2d0b,0f8bb30d-61bf-4513-b56a-113ea8c3aff8
5756,225,9af1546b-a044-4412-9755-c60fccb8fd90,9cdcda2f-3a05-4abe-8f21-8529136ec7fa
5757,225,96ff23d9-2269-4b80-aa17-60e761a36d9f,9cdcda2f-3a05-4abe-8f21-8529136ec7fa
5758,991,181b2e56-2f15-477c-bcda-76f92fe84737,c09f6ef6-3d50-471d-8c7e-f4a78c8f398c
5759,74,8ed12e21-7ddb-4432-821b-ef85be052cc1,fcadc606-b3bc-456e-ad45-826bb6eaa875
5760,37,13309bae-6462-411d-b253-8077519188cc,370d50ba-592a-491a-be9e-7aed4b1edcec
5761,996,5465ca1c-1e84-4d3e-9395-36f21f263ea9,4de9d058-62bb-4727-b2a3-ef64bed4edf9
5762,76,42b7e5c7-fc75-4368-ac11-f8c1f964e7b6,aca0ea7d-5edb-4012-b86e-c27ac894c9e9
5763,991,00fd5891-e4a0-4a2d-a55c-31644d0e23ab,c09f6ef6-3d50-471d-8c7e-f4a78c8f398c
5764,993,8f78319e-20bb-456f-bc6c-d1ae8f322df8,be7df09a-bed7-44db-844a-05dda9dd1a46
5765,225,4b9275c9-19cb-4865-9ade-6d40c0e04b3c,9cdcda2f-3a05-4abe-8f21-8529136ec7fa
5766,76,ac6d6c58-ce41-4293-8ffb-1651a3689e37,aca0ea7d-5edb-4012-b86e-c27ac894c9e9
5767,110,838453d7-d29d-419c-948f-2901fe2de6d9,0f8bb30d-61bf-4513-b56a-113ea8c3aff8
5768,225,99ec9bc5-e755-4b5e-adf6-6e9fdfb975c1,9cdcda2f-3a05-4abe-8f21-8529136ec7fa
5769,225,18148c19-0069-42d4-99b1-bd7511555e77,9cdcda2f-3a05-4abe-8f21-8529136ec7fa
5770,225,79131465-b71e-4328-83d5-b91228c266aa,9cdcda2f-3a05-4abe-8f21-8529136ec7fa
5771,225,6ec4ca3c-10cb-4187-b96a-639b77804546,9cdcda2f-3a05-4abe-8f21-8529136ec7fa
5772,225,5fec5d9a-d309-4c70-b781-1d35e9c91f85,9cdcda2f-3a05-4abe-8f21-8529136ec7fa
5773,42,7be4fd42-61f6-4337-b2fc-04db47e24e5b,51fc41ab-afab-40d9-a285-aa863fd2e978
5774,225,0dd9a4d0-5404-447d-aeb8-dc49f40b6378,9cdcda2f-3a05-4abe-8f21-8529136ec7fa
5775,225,5e6252b2-599c-4ab3-8008-32f2de9508c2,9cdcda2f-3a05-4abe-8f21-8529136ec7fa
5776,233,61565d05-d168-4364-90b6-52c91ffb857e,b1da5eee-5e1f-461e-b272-253871a441d8
5777,233,be7f740b-2cf0-4f52-b3b4-45771d4affe1,b1da5eee-5e1f-461e-b272-253871a441d8
5778,233,043f1729-9451-4e32-89d5-80eee6cf207b,b1da5eee-5e1f-461e-b272-253871a441d8
5779,233,6719accf-b8f2-44dc-a3f8-35508c702fb2,b1da5eee-5e1f-461e-b272-253871a441d8
5780,225,33baff25-01a8-4d66-b2c2-1ef5733c3e86,9cdcda2f-3a05-4abe-8f21-8529136ec7fa
5781,74,3cd01b1f-b47a-4613-b6ed-9109fddec89d,fcadc606-b3bc-456e-ad45-826bb6eaa875
5782,233,da60a670-66a6-4ab9-b854-cec4b1b11c81,b1da5eee-5e1f-461e-b272-253871a441d8
5783,233,9eae3b6e-d4ce-4256-953d-2bd41ca0e0bf,b1da5eee-5e1f-461e-b272-253871a441d8
5784,233,9692c55c-37d1-4b7d-9e5c-f6e20a2d4922,b1da5eee-5e1f-461e-b272-253871a441d8
5785,233,6c4fb7f4-9e97-40f3-ab06-55f01f0ba9ec,b1da5eee-5e1f-461e-b272-253871a441d8
5786,233,18d73200-867e-4f77-acc5-656518d33f8c,b1da5eee-5e1f-461e-b272-253871a441d8
5787,233,fd412b90-4c72-42fc-9f95-020018b98dc0,b1da5eee-5e1f-461e-b272-253871a441d8
5788,233,49023562-3151-4440-892a-da158c0a42af,b1da5eee-5e1f-461e-b272-253871a441d8
5789,233,e57c79ea-a2e1-4f09-95b4-98d04830565b,b1da5eee-5e1f-461e-b272-253871a441d8
5790,233,61db50f1-9143-458f-9128-7a60b0729818,b1da5eee-5e1f-461e-b272-253871a441d8
5791,233,10fc7e94-19d9-4980-bd6e-b3add9438114,b1da5eee-5e1f-461e-b272-253871a441d8
5792,233,11eea483-4d2e-421d-b045-b5ebd06602a6,b1da5eee-5e1f-461e-b272-253871a441d8
5793,233,237053b7-5af9-491d-bd1b-369737cd418c,b1da5eee-5e1f-461e-b272-253871a441d8
5794,233,ae74823d-a8f2-495f-ae1c-c609e09ea790,b1da5eee-5e1f-461e-b272-253871a441d8
5795,233,008246b9-fdf9-430c-a2b9-3ef684e993b6,b1da5eee-5e1f-461e-b272-253871a441d8
5796,233,7172631f-50e7-4e68-a1be-734ef6423651,b1da5eee-5e1f-461e-b272-253871a441d8
5798,225,21ef726f-c19d-43a9-93a4-8f0f30f38100,9cdcda2f-3a05-4abe-8f21-8529136ec7fa
5799,37,39377447-635c-4c3c-8e05-cab93f5a82b2,370d50ba-592a-491a-be9e-7aed4b1edcec
5799,47,39377447-635c-4c3c-8e05-cab93f5a82b2,bce5e705-92ce-432a-a0d6-2ee99faeb42b
5799,225,39377447-635c-4c3c-8e05-cab93f5a82b2,9cdcda2f-3a05-4abe-8f21-8529136ec7fa
5800,131,9593849c-84c9-44c8-a6d5-d4de29300989,35bb3e2b-c42b-45d9-84d2-b4dc57039eb1
5801,131,e4a682fa-444e-4245-a219-5ceacd3d756b,35bb3e2b-c42b-45d9-84d2-b4dc57039eb1
5802,131,3f096b1d-e375-45b4-b5d4-3436aff29c2a,35bb3e2b-c42b-45d9-84d2-b4dc57039eb1
5803,21,1a8f6bdb-d366-4117-a35f-b9b5ad6d1323,ad53cbad-6a77-4499-94a7-c3442c2df2ee
5804,225,777f1334-242d-4dbd-a7ce-a3a85bd146b8,9cdcda2f-3a05-4abe-8f21-8529136ec7fa
5805,225,a3375e05-9ddd-4840-9662-2ddef666d3c5,9cdcda2f-3a05-4abe-8f21-8529136ec7fa
5806,225,c470c9f0-ada1-42dc-ac5f-29ef6f175766,9cdcda2f-3a05-4abe-8f21-8529136ec7fa
5807,225,8f3d3220-046b-4c51-8a3e-d6fd509a8dca,9cdcda2f-3a05-4abe-8f21-8529136ec7fa
5808,63,dbb501e4-2c9b-46b4-a810-317a66bad9b2,ee53e9fa-4c4b-4186-bfb0-f23a33612fa4
5808,131,dbb501e4-2c9b-46b4-a810-317a66bad9b2,35bb3e2b-c42b-45d9-84d2-b4dc57039eb1
5809,63,907160dc-97db-4d1c-a346-8d5c02ecdba0,ee53e9fa-4c4b-4186-bfb0-f23a33612fa4
5809,131,907160dc-97db-4d1c-a346-8d5c02ecdba0,35bb3e2b-c42b-45d9-84d2-b4dc57039eb1
5810,225,977f9ffa-ad80-45aa-85aa-9d14d4694101,9cdcda2f-3a05-4abe-8f21-8529136ec7fa
5811,1001,8c66ee33-c6d4-4460-85ff-98aa5b9c9bfb,25ec52ef-1378-440a-b489-2109167cafbc
5812,118,b642e85b-6c49-4600-a327-14044ffc9e96,0ae3d636-f592-4f95-bed4-68e6dc1bf8a1
5813,1002,74403051-d693-45cd-ab3a-339c959c0b85,69191229-1f67-43da-bce0-cc9c2fe6c9bb
5814,225,456f272d-ea29-4a4c-965e-5e801d23ed80,9cdcda2f-3a05-4abe-8f21-8529136ec7fa
5815,165,0a51745b-852d-4d21-8f6a-a2c5898fb7c0,666176cb-7d89-4559-959d-ce3cccf68dd7
5815,225,0a51745b-852d-4d21-8f6a-a2c5898fb7c0,9cdcda2f-3a05-4abe-8f21-8529136ec7fa
5816,11,66c78051-b60f-4b44-9d4e-d3fb94744256,42a63d3f-4077-47c6-98ea-3fa601c5488e
5816,48,66c78051-b60f-4b44-9d4e-d3fb94744256,004125a4-472f-4bad-90f3-34fa379214e9
5816,225,66c78051-b60f-4b44-9d4e-d3fb94744256,9cdcda2f-3a05-4abe-8f21-8529136ec7fa
5817,225,35bdb0f9-e1fc-4b09-bfb4-bffb4a0ce358,9cdcda2f-3a05-4abe-8f21-8529136ec7fa
5818,225,f3108a9e-8684-47d8-8f33-3713faf79fcc,9cdcda2f-3a05-4abe-8f21-8529136ec7fa
5819,225,6a9a4909-aa53-4c7e-9573-a71bb3f0bc5e,9cdcda2f-3a05-4abe-8f21-8529136ec7fa
5821,225,6e7f664d-cb1e-4efe-8848-e20bf21fb086,9cdcda2f-3a05-4abe-8f21-8529136ec7fa
5822,239,10d32f8a-5f43-4bfe-9961-162ed0e3fbd4,44516d0f-7394-4053-855c-cd6912710867
5823,76,75c319bc-a46b-4149-b6d0-e1e719644b6d,aca0ea7d-5edb-4012-b86e-c27ac894c9e9
5824,225,df93258f-1598-465a-968d-ace700180ada,9cdcda2f-3a05-4abe-8f21-8529136ec7fa
5825,225,4c744717-f82b-4808-85c6-bf98ce5d28ed,9cdcda2f-3a05-4abe-8f21-8529136ec7fa
5826,110,9839b0f5-4c82-42c8-aa5b-7417f937a1ee,0f8bb30d-61bf-4513-b56a-113ea8c3aff8
5827,110,92c28d93-27b7-47c5-a526-20ba6da66ff4,0f8bb30d-61bf-4513-b56a-113ea8c3aff8
5828,110,5f07c709-89bb-430a-9a08-65e88a46c99b,0f8bb30d-61bf-4513-b56a-113ea8c3aff8
5829,225,27110314-5a67-44f3-aec0-2677a3a490b0,9cdcda2f-3a05-4abe-8f21-8529136ec7fa
5830,76,c64fadfe-39f8-4fed-9920-542bf4715d69,aca0ea7d-5edb-4012-b86e-c27ac894c9e9
5830,225,c64fadfe-39f8-4fed-9920-542bf4715d69,9cdcda2f-3a05-4abe-8f21-8529136ec7fa
5831,102,56423b18-3932-4803-83b4-588de2b2067e,a9d2a258-26e9-47ca-a80d-cb83e3d4fb49
5831,225,56423b18-3932-4803-83b4-588de2b2067e,9cdcda2f-3a05-4abe-8f21-8529136ec7fa
5832,225,e8d69c4b-34b5-4af9-8da9-55a9bc702221,9cdcda2f-3a05-4abe-8f21-8529136ec7fa
5833,47,09d519cd-5c0f-4836-bb3d-4000d01166f8,bce5e705-92ce-432a-a0d6-2ee99faeb42b
5834,992,d9a02c00-7f9f-4023-8709-6b8f56056885,f5045ddb-28f5-4810-b5b2-c013e56c96a3
5835,93,9dc200d7-1ba1-4d63-8d58-dcb1d6c439ec,5aec9d0e-3c30-4467-846f-edbaca04007b
5836,93,1bf4fccc-3ebe-4feb-8311-7e5a954e7ac2,5aec9d0e-3c30-4467-846f-edbaca04007b
5836,220,1bf4fccc-3ebe-4feb-8311-7e5a954e7ac2,14b21639-9757-41e5-a698-9d715f44f80d
5837,47,a905c577-a36d-4c94-87e7-333d2b2e4a65,bce5e705-92ce-432a-a0d6-2ee99faeb42b
5838,93,e3552245-4d6e-4fe0-a0a5-9988cb50b86a,5aec9d0e-3c30-4467-846f-edbaca04007b
5839,225,b5b9a598-4530-43b4-b8aa-741c3e707657,9cdcda2f-3a05-4abe-8f21-8529136ec7fa
5840,67,f161ea4e-62a2-4d97-8843-c0da8291ef71,92fb785b-75ee-467b-8ff0-c25cb9c81149
5841,225,f2065d67-293f-416b-beb8-dbd598ddebd8,9cdcda2f-3a05-4abe-8f21-8529136ec7fa
5842,107,59e6c3d4-bea8-4f76-8015-dd36c4c7a787,d5b59247-e12c-4bb2-ae69-5a3569942ff1
5842,225,59e6c3d4-bea8-4f76-8015-dd36c4c7a787,9cdcda2f-3a05-4abe-8f21-8529136ec7fa
5843,107,39db048c-1561-420f-bc69-3ba180dcc7ea,d5b59247-e12c-4bb2-ae69-5a3569942ff1
5844,107,2fb12334-40c9-42fc-b4a4-54248c4a1d0a,d5b59247-e12c-4bb2-ae69-5a3569942ff1
5845,118,1dff9cb3-a584-40b9-b98a-d942101d0944,0ae3d636-f592-4f95-bed4-68e6dc1bf8a1
5845,225,1dff9cb3-a584-40b9-b98a-d942101d0944,9cdcda2f-3a05-4abe-8f21-8529136ec7fa
5846,58,82ef2108-b989-490f-adf9-c4d1df182272,70349383-d413-4b44-af33-49f3df8ed8f5
5847,58,1a9ddbdb-e0f0-4f3c-8e90-29c0872c3b7b,70349383-d413-4b44-af33-49f3df8ed8f5
5848,58,2f0bb375-dd33-4349-a2a4-795b6051209e,70349383-d413-4b44-af33-49f3df8ed8f5
5849,58,47384ae4-f2ac-404c-9f02-548784b3180c,70349383-d413-4b44-af33-49f3df8ed8f5
5850,58,1319104b-73a9-4381-b71c-2afc17dcce8b,70349383-d413-4b44-af33-49f3df8ed8f5
5851,58,cf29190b-9811-429f-aafd-b9203ce42f1c,70349383-d413-4b44-af33-49f3df8ed8f5
5852,58,3e55075a-bdd5-4657-a019-7a34ea45ca2f,70349383-d413-4b44-af33-49f3df8ed8f5
5853,58,81d2f69c-a21e-49af-ad9c-6ac7e7c49f67,70349383-d413-4b44-af33-49f3df8ed8f5
5854,58,3d6baa05-598e-493a-a8e7-9c534603cefd,70349383-d413-4b44-af33-49f3df8ed8f5
5855,58,8f6d3404-84ae-4757-bb60-2a4469815bd0,70349383-d413-4b44-af33-49f3df8ed8f5
5856,58,20483bfd-01aa-4cc5-878c-4c7fe12a224e,70349383-d413-4b44-af33-49f3df8ed8f5
5857,58,700afa7a-a496-4c6f-9977-270ce2eb6a81,70349383-d413-4b44-af33-49f3df8ed8f5
5858,58,80c44acd-e559-406f-8a4e-423be40bc96e,70349383-d413-4b44-af33-49f3df8ed8f5
5859,58,2c0c8650-ec40-4c7e-825e-957bb26ab830,70349383-d413-4b44-af33-49f3df8ed8f5
5860,58,df340f7c-7f86-43a0-ad6f-a41382741f2c,70349383-d413-4b44-af33-49f3df8ed8f5
5861,58,0b59755b-500a-4c7a-94f2-e39edfd53425,70349383-d413-4b44-af33-49f3df8ed8f5
5862,58,21b48def-2478-4ef5-8e81-6349c10a90f6,70349383-d413-4b44-af33-49f3df8ed8f5
5863,58,5b96c8ae-f7f8-4243-b072-bc0834ee31b0,70349383-d413-4b44-af33-49f3df8ed8f5
5864,58,11304dfe-33c9-4f50-895e-a0e397273cb6,70349383-d413-4b44-af33-49f3df8ed8f5
5865,110,16e3cef1-9480-4677-8054-b0431319d77f,0f8bb30d-61bf-4513-b56a-113ea8c3aff8
5866,110,bbad2321-3053-4c11-a22c-1f5f28c4b3bf,0f8bb30d-61bf-4513-b56a-113ea8c3aff8
5867,102,4b1b7750-d314-45a2-82a8-369248882caf,a9d2a258-26e9-47ca-a80d-cb83e3d4fb49
5868,225,a6cef89b-6bfc-471c-8c1e-187376e07e81,9cdcda2f-3a05-4abe-8f21-8529136ec7fa
5869,67,bcc1b28d-c2ed-4ac6-86a7-2476de4398bb,92fb785b-75ee-467b-8ff0-c25cb9c81149
5869,74,bcc1b28d-c2ed-4ac6-86a7-2476de4398bb,fcadc606-b3bc-456e-ad45-826bb6eaa875
5870,67,85020eb5-70fe-4e61-82ff-c902f5a4497e,92fb785b-75ee-467b-8ff0-c25cb9c81149
5871,67,42f723ab-78d4-4f83-8f8f-adf5520fd4bb,92fb785b-75ee-467b-8ff0-c25cb9c81149
5871,113,42f723ab-78d4-4f83-8f8f-adf5520fd4bb,f7e1ff62-f143-406a-a3a4-d4bbd7fad5e3
5872,67,ff98a718-b29a-40b4-ac07-d98c1c0ffdb6,92fb785b-75ee-467b-8ff0-c25cb9c81149
5873,113,6d8894bc-5ba6-4957-97e1-8f9227e0763d,f7e1ff62-f143-406a-a3a4-d4bbd7fad5e3
5874,210,c34bfb1d-1855-48eb-9e71-df25c3c838cf,6455f001-c0d4-48db-829d-3a99cb517528
5875,113,161999b5-7cd2-4583-b587-23f3ad99d25a,f7e1ff62-f143-406a-a3a4-d4bbd7fad5e3
5875,225,161999b5-7cd2-4583-b587-23f3ad99d25a,9cdcda2f-3a05-4abe-8f21-8529136ec7fa
5876,14,e7119b56-0fc3-445e-ad4c-10e917e7c6d8,63415897-6d9c-4dc4-a2cf-db77b292f8ef
5876,99,e7119b56-0fc3-445e-ad4c-10e917e7c6d8,1623e4b7-ea1a-41ae-9396-aa8a8ad0f24a
5877,93,0c76e322-7293-4e0e-9ea7-13b9ceaaa8bd,5aec9d0e-3c30-4467-846f-edbaca04007b
5877,220,0c76e322-7293-4e0e-9ea7-13b9ceaaa8bd,14b21639-9757-41e5-a698-9d715f44f80d
5878,113,3e9edcf7-b059-4bc9-bc72-ebc43a54d0a4,f7e1ff62-f143-406a-a3a4-d4bbd7fad5e3
5879,210,6c250040-5d5c-4ec5-a5f2-3b41907e8e14,6455f001-c0d4-48db-829d-3a99cb517528
5880,210,f82b7ee1-799e-4c59-a048-dcfcb4d1dfa7,6455f001-c0d4-48db-829d-3a99cb517528
5881,210,43cd50ac-fa80-4e37-977f-d3326bee4335,6455f001-c0d4-48db-829d-3a99cb517528
5882,210,8c4c55fc-424b-407b-b2c8-65466dc38222,6455f001-c0d4-48db-829d-3a99cb517528
5883,210,854cc00b-417a-4496-99ae-8d399a97b713,6455f001-c0d4-48db-829d-3a99cb517528
5884,210,669e148a-5b86-491f-974e-00bf8314cfc2,6455f001-c0d4-48db-829d-3a99cb517528
5885,210,880824ad-fad7-4467-bed2-b4e32c85e370,6455f001-c0d4-48db-829d-3a99cb517528
5886,55,452cc737-64ac-40fd-ac4e-75e64b6c6747,70cb2fa0-b97b-4e80-adf4-5473e61cab6b
5887,55,0775f4b3-95d8-4470-be1d-8deb069b06e8,70cb2fa0-b97b-4e80-adf4-5473e61cab6b
5888,47,100ab0ea-2f4f-4930-b343-38660316591b,bce5e705-92ce-432a-a0d6-2ee99faeb42b
5889,225,38c2af1a-85bd-4f91-b79a-bf78aab3dff1,9cdcda2f-3a05-4abe-8f21-8529136ec7fa
5890,991,303794cf-6103-41f3-bfe4-bc04dfaf6fd8,c09f6ef6-3d50-471d-8c7e-f4a78c8f398c
5891,225,aa2be412-da2e-4462-9375-8e965674141e,9cdcda2f-3a05-4abe-8f21-8529136ec7fa
5892,225,03a3b535-a3db-40b4-bb5a-91f89df91226,9cdcda2f-3a05-4abe-8f21-8529136ec7fa
5893,56,10b383b0-d3db-43c3-bdb6-db85f4f8786f,05db5d78-31d2-4fb7-ae0e-f3181d897dec
5894,74,a988c373-767f-44fc-ad68-808ba556bd6b,fcadc606-b3bc-456e-ad45-826bb6eaa875
5894,107,a988c373-767f-44fc-ad68-808ba556bd6b,d5b59247-e12c-4bb2-ae69-5a3569942ff1
5895,67,de42627f-ca30-4c1d-b755-d7d041847b3a,92fb785b-75ee-467b-8ff0-c25cb9c81149
5895,110,de42627f-ca30-4c1d-b755-d7d041847b3a,0f8bb30d-61bf-4513-b56a-113ea8c3aff8
5896,74,5f68ade9-9034-41bd-9b3f-c08aa0036309,fcadc606-b3bc-456e-ad45-826bb6eaa875
5896,215,5f68ade9-9034-41bd-9b3f-c08aa0036309,22b52df0-c9cb-4369-a335-96b7a5b93c56
5897,74,cdaef45d-77f2-4630-a42a-f21be079259f,fcadc606-b3bc-456e-ad45-826bb6eaa875
5898,74,3816509a-5f31-4a30-8cd1-fd86e7b604ce,fcadc606-b3bc-456e-ad45-826bb6eaa875
5899,76,6411ecda-09be-4650-aa65-9e50d2f202ee,aca0ea7d-5edb-4012-b86e-c27ac894c9e9
5900,76,93696bf2-8a56-44fc-8afd-b84de7859418,aca0ea7d-5edb-4012-b86e-c27ac894c9e9
5900,225,93696bf2-8a56-44fc-8afd-b84de7859418,9cdcda2f-3a05-4abe-8f21-8529136ec7fa
5901,37,efff12a3-df48-4e44-a4b2-c433a65b6c57,370d50ba-592a-491a-be9e-7aed4b1edcec
5901,225,efff12a3-df48-4e44-a4b2-c433a65b6c57,9cdcda2f-3a05-4abe-8f21-8529136ec7fa
5902,37,ee56e842-e793-4935-a2e7-424f897b59e6,370d50ba-592a-491a-be9e-7aed4b1edcec
5902,225,ee56e842-e793-4935-a2e7-424f897b59e6,9cdcda2f-3a05-4abe-8f21-8529136ec7fa
5903,110,1149e7a2-b608-484d-910f-576597bec228,0f8bb30d-61bf-4513-b56a-113ea8c3aff8
5904,225,cc346bb4-984e-477f-99d8-1367086b053a,9cdcda2f-3a05-4abe-8f21-8529136ec7fa
5904,992,cc346bb4-984e-477f-99d8-1367086b053a,f5045ddb-28f5-4810-b5b2-c013e56c96a3
5905,47,31cc7040-8783-4ee0-9ef5-3a232d4abebb,bce5e705-92ce-432a-a0d6-2ee99faeb42b
5905,225,31cc7040-8783-4ee0-9ef5-3a232d4abebb,9cdcda2f-3a05-4abe-8f21-8529136ec7fa
5906,74,5d7835fa-66e5-4861-95ad-d3ea6f5cc917,fcadc606-b3bc-456e-ad45-826bb6eaa875
5906,76,5d7835fa-66e5-4861-95ad-d3ea6f5cc917,aca0ea7d-5edb-4012-b86e-c27ac894c9e9
5906,100,5d7835fa-66e5-4861-95ad-d3ea6f5cc917,cc0063a2-f29b-47cc-91bf-9cacc4668dd1
5906,130,5d7835fa-66e5-4861-95ad-d3ea6f5cc917,3ac91d17-f0a1-4b85-a83d-efafab0ee78c
5907,21,5eb06045-9651-4cfc-9433-ea89439a398c,ad53cbad-6a77-4499-94a7-c3442c2df2ee
5907,74,5eb06045-9651-4cfc-9433-ea89439a398c,fcadc606-b3bc-456e-ad45-826bb6eaa875
5908,991,02b979a1-1eb1-4e65-ae98-32818fa85663,c09f6ef6-3d50-471d-8c7e-f4a78c8f398c
5909,76,80349083-d0c2-401c-bcc3-2a153b14e86b,aca0ea7d-5edb-4012-b86e-c27ac894c9e9
5910,47,d5764fb5-ec76-4ca0-8d3b-48583ee90e10,bce5e705-92ce-432a-a0d6-2ee99faeb42b
5911,67,3b44d2c0-b2cd-4a4f-9ae8-5be9862c6537,92fb785b-75ee-467b-8ff0-c25cb9c81149
5911,76,3b44d2c0-b2cd-4a4f-9ae8-5be9862c6537,aca0ea7d-5edb-4012-b86e-c27ac894c9e9
5911,160,3b44d2c0-b2cd-4a4f-9ae8-5be9862c6537,82d5bcea-2d26-46e5-9d77-5c269d4dc0f3
5912,14,378eba70-25b8-4bbb-bfaa-5c02b8b194cd,63415897-6d9c-4dc4-a2cf-db77b292f8ef
5912,74,378eba70-25b8-4bbb-bfaa-5c02b8b194cd,fcadc606-b3bc-456e-ad45-826bb6eaa875
5912,76,378eba70-25b8-4bbb-bfaa-5c02b8b194cd,aca0ea7d-5edb-4012-b86e-c27ac894c9e9
5912,100,378eba70-25b8-4bbb-bfaa-5c02b8b194cd,cc0063a2-f29b-47cc-91bf-9cacc4668dd1
5913,74,9f1f10c4-cb93-4fdd-a873-ba0254553db4,fcadc606-b3bc-456e-ad45-826bb6eaa875
5913,76,9f1f10c4-cb93-4fdd-a873-ba0254553db4,aca0ea7d-5edb-4012-b86e-c27ac894c9e9
5913,225,9f1f10c4-cb93-4fdd-a873-ba0254553db4,9cdcda2f-3a05-4abe-8f21-8529136ec7fa
5914,74,09a58648-3a8d-4395-a905-28708e82aa8e,fcadc606-b3bc-456e-ad45-826bb6eaa875
5915,30,eef9339d-4cdb-48ba-b7ef-576fe89f54bd,55c1acfc-2aef-4314-b490-163f7e844333
5915,45,eef9339d-4cdb-48ba-b7ef-576fe89f54bd,b4db8b4b-c9d5-42c2-949c-1728db566fb6
5916,225,78056987-85ff-4a6f-af10-7f587fe14fc1,9cdcda2f-3a05-4abe-8f21-8529136ec7fa
5917,225,70533850-1cfa-432c-933f-e9265cf324a7,9cdcda2f-3a05-4abe-8f21-8529136ec7fa
5918,225,edea59a5-9b27-458c-b3ce-9379c6c95fd1,9cdcda2f-3a05-4abe-8f21-8529136ec7fa
5919,225,f3861958-a0aa-4a0f-80d3-c31649cc785e,9cdcda2f-3a05-4abe-8f21-8529136ec7fa
5920,225,aa4a83d0-b332-447f-97b0-750687559d43,9cdcda2f-3a05-4abe-8f21-8529136ec7fa
5921,225,15b7cc10-379b-4c14-8a19-7a8f7d383ddf,9cdcda2f-3a05-4abe-8f21-8529136ec7fa
5922,225,dd0547e3-3fa2-42f1-829f-0ef05259fdc9,9cdcda2f-3a05-4abe-8f21-8529136ec7fa
5923,225,4d0c4c59-b703-4e7d-bba1-1d818b82bf04,9cdcda2f-3a05-4abe-8f21-8529136ec7fa
5924,225,cd33152d-99d9-49c2-9a6c-4088de311a76,9cdcda2f-3a05-4abe-8f21-8529136ec7fa
5925,110,b81c8ea3-114a-47a2-b11f-beb4b2aefc3e,0f8bb30d-61bf-4513-b56a-113ea8c3aff8
5925,225,b81c8ea3-114a-47a2-b11f-beb4b2aefc3e,9cdcda2f-3a05-4abe-8f21-8529136ec7fa
5926,110,5fd31a37-9d25-4128-9432-b706ebe3a188,0f8bb30d-61bf-4513-b56a-113ea8c3aff8
5927,110,53526401-9fda-494a-8925-9643b4261fee,0f8bb30d-61bf-4513-b56a-113ea8c3aff8
5928,56,c0a51b4e-3b50-4eff-b794-52facea3e9d7,05db5d78-31d2-4fb7-ae0e-f3181d897dec
5929,37,5093c7dc-ae34-4142-bf95-ca7c75567524,370d50ba-592a-491a-be9e-7aed4b1edcec
5929,225,5093c7dc-ae34-4142-bf95-ca7c75567524,9cdcda2f-3a05-4abe-8f21-8529136ec7fa
5930,991,6e90724e-c253-4be4-9b0d-d16e2a72c864,c09f6ef6-3d50-471d-8c7e-f4a78c8f398c
5931,106,4269cbc2-986f-480c-b3c4-df9803c0f3dd,9e1bcb58-534c-4885-86f5-a220bb51438a
5931,173,4269cbc2-986f-480c-b3c4-df9803c0f3dd,5c13e222-45ec-4a67-9e4a-d91b1f1e60c9
5931,191,4269cbc2-986f-480c-b3c4-df9803c0f3dd,2de6dd51-50e0-4e80-825c-d0aeb80b3a47
5932,225,49c9df4e-bc0b-4828-9457-c664bfe1bdda,9cdcda2f-3a05-4abe-8f21-8529136ec7fa
5933,37,56eeb132-e73d-4935-9a54-54dde0741089,370d50ba-592a-491a-be9e-7aed4b1edcec
5933,47,56eeb132-e73d-4935-9a54-54dde0741089,bce5e705-92ce-432a-a0d6-2ee99faeb42b
5933,225,56eeb132-e73d-4935-9a54-54dde0741089,9cdcda2f-3a05-4abe-8f21-8529136ec7fa
5934,14,2998697c-956c-45fa-af68-7cdccae289ae,63415897-6d9c-4dc4-a2cf-db77b292f8ef
5934,37,2998697c-956c-45fa-af68-7cdccae289ae,370d50ba-592a-491a-be9e-7aed4b1edcec
5934,47,2998697c-956c-45fa-af68-7cdccae289ae,bce5e705-92ce-432a-a0d6-2ee99faeb42b
5934,225,2998697c-956c-45fa-af68-7cdccae289ae,9cdcda2f-3a05-4abe-8f21-8529136ec7fa
5935,225,f49a79e9-09e1-4e94-bee4-1498d68bc031,9cdcda2f-3a05-4abe-8f21-8529136ec7fa
5936,992,e81d106b-d58c-4131-a237-38645ff9e7b9,f5045ddb-28f5-4810-b5b2-c013e56c96a3
5937,76,6c7f431d-15ae-43ff-9357-21b09809cd77,aca0ea7d-5edb-4012-b86e-c27ac894c9e9
5938,992,ce9e3bd4-4fed-4f0f-9731-e2d96d5306e4,f5045ddb-28f5-4810-b5b2-c013e56c96a3
5939,225,e5ae60be-639e-495b-a278-6cf5bfd59d0b,9cdcda2f-3a05-4abe-8f21-8529136ec7fa
5939,993,e5ae60be-639e-495b-a278-6cf5bfd59d0b,be7df09a-bed7-44db-844a-05dda9dd1a46
5940,102,ba9a222f-5777-4a08-bded-b5a2506f0394,a9d2a258-26e9-47ca-a80d-cb83e3d4fb49
5941,55,33fac18f-a29f-4b6b-a632-b4544e79c402,70cb2fa0-b97b-4e80-adf4-5473e61cab6b
5942,13,0085daa7-cb0b-4292-bae8-30296e4afde2,b55c215f-d96b-4e35-b2f0-242bed184ab2
5942,87,0085daa7-cb0b-4292-bae8-30296e4afde2,f3e2edb5-0b20-469f-ba30-8d25390d2d14
5942,98,0085daa7-cb0b-4292-bae8-30296e4afde2,1e17f8a9-3e40-4f93-9af1-4b052b3fa800
5942,102,0085daa7-cb0b-4292-bae8-30296e4afde2,a9d2a258-26e9-47ca-a80d-cb83e3d4fb49
5942,165,0085daa7-cb0b-4292-bae8-30296e4afde2,666176cb-7d89-4559-959d-ce3cccf68dd7
5942,173,0085daa7-cb0b-4292-bae8-30296e4afde2,5c13e222-45ec-4a67-9e4a-d91b1f1e60c9
5942,217,0085daa7-cb0b-4292-bae8-30296e4afde2,da1bf799-42e5-4b0d-82c4-358b702d4200
5942,225,0085daa7-cb0b-4292-bae8-30296e4afde2,9cdcda2f-3a05-4abe-8f21-8529136ec7fa
5943,225,a2973d12-f99c-4486-859a-8909695c67e6,9cdcda2f-3a05-4abe-8f21-8529136ec7fa
5944,14,200bc3b9-6018-48fb-8f55-399a13ddc799,63415897-6d9c-4dc4-a2cf-db77b292f8ef
5945,113,b8df9f17-91c1-4fae-972c-e9c3f6f572ea,f7e1ff62-f143-406a-a3a4-d4bbd7fad5e3
5946,42,e8a4f36a-c3c5-46aa-88a4-c49efba3d266,51fc41ab-afab-40d9-a285-aa863fd2e978
5947,151,e4ffc331-5922-41a5-86e4-e7f7075e8c81,d99989a8-ea9c-4d4e-86f5-71dfdf6f7e81
5948,992,3650b3fa-dfd5-4b60-9397-0c8fbc800c3c,f5045ddb-28f5-4810-b5b2-c013e56c96a3
5949,102,37aa6113-c97b-4729-9899-6e119d64a52a,a9d2a258-26e9-47ca-a80d-cb83e3d4fb49
5950,102,e9c815bf-f004-46c8-bdfb-30aa8d2d2cc5,a9d2a258-26e9-47ca-a80d-cb83e3d4fb49
5951,102,1ae79381-8d2d-4e4f-8a77-2bfca6a8156d,a9d2a258-26e9-47ca-a80d-cb83e3d4fb49
5952,110,4ff8f74d-730d-4d9e-853b-3b15881e3073,0f8bb30d-61bf-4513-b56a-113ea8c3aff8
5953,110,cac5ded5-3cc1-4be3-ad14-21106c3a4177,0f8bb30d-61bf-4513-b56a-113ea8c3aff8
5954,110,b34738ca-3031-4c00-8839-239953dba93d,0f8bb30d-61bf-4513-b56a-113ea8c3aff8
5955,110,2b84cfac-72f6-4ae0-9b61-86104a4ac47a,0f8bb30d-61bf-4513-b56a-113ea8c3aff8
5956,110,3ccf6a46-cdc2-4b31-92b3-410be3f20ed5,0f8bb30d-61bf-4513-b56a-113ea8c3aff8
5957,110,4337fc66-a24e-4d5c-92eb-d273c895afd3,0f8bb30d-61bf-4513-b56a-113ea8c3aff8
5958,110,5643d0b0-3000-4f82-a965-64a0a808ff5e,0f8bb30d-61bf-4513-b56a-113ea8c3aff8
5959,110,11b2d74c-4dbe-4ac6-921f-4baf07a1379a,0f8bb30d-61bf-4513-b56a-113ea8c3aff8
5960,110,373b54c8-efca-4a43-b6da-c768c652e613,0f8bb30d-61bf-4513-b56a-113ea8c3aff8
5961,110,e3a748cb-dee5-4759-9394-4aeeaddec2da,0f8bb30d-61bf-4513-b56a-113ea8c3aff8
5962,110,ed328fe2-462c-45e6-b408-a7673485178c,0f8bb30d-61bf-4513-b56a-113ea8c3aff8
5963,110,68969122-88e8-4390-82f2-b7076baecdcb,0f8bb30d-61bf-4513-b56a-113ea8c3aff8
5964,220,36ac18bf-0364-4c57-ae6e-5af71e05e282,14b21639-9757-41e5-a698-9d715f44f80d
5965,110,4b4ca324-5dc4-49b6-af30-ad2ea3a1d5e9,0f8bb30d-61bf-4513-b56a-113ea8c3aff8
5966,110,70125190-5968-4d6b-9d09-b7c4dc537bc5,0f8bb30d-61bf-4513-b56a-113ea8c3aff8
5967,110,160c854e-4b10-4304-ab26-e9dacecde4ff,0f8bb30d-61bf-4513-b56a-113ea8c3aff8
5968,110,9d402db8-a558-4822-854a-e3a62457e108,0f8bb30d-61bf-4513-b56a-113ea8c3aff8
5969,110,31463f97-ac55-4959-9429-a90000884b21,0f8bb30d-61bf-4513-b56a-113ea8c3aff8
5970,110,1abc6ad9-6911-4688-80d3-53da503b6ef2,0f8bb30d-61bf-4513-b56a-113ea8c3aff8
5971,225,5e81eab3-8183-4052-91c4-c08a9e2be2bc,9cdcda2f-3a05-4abe-8f21-8529136ec7fa
5972,110,a4b93973-4437-4faf-9787-31a5f17f9871,0f8bb30d-61bf-4513-b56a-113ea8c3aff8
5973,110,cd2e9c3e-e020-4289-9421-d96bf6651ebc,0f8bb30d-61bf-4513-b56a-113ea8c3aff8
5974,110,7bb717c2-7e4f-45d2-bc39-d89dd354d256,0f8bb30d-61bf-4513-b56a-113ea8c3aff8
5975,110,80bc758e-752b-4351-8a0a-803f53106ed9,0f8bb30d-61bf-4513-b56a-113ea8c3aff8
5976,110,dc6613cb-e50b-4a72-a7bb-1e1a87796059,0f8bb30d-61bf-4513-b56a-113ea8c3aff8
5977,110,c94736b9-0979-44a6-a265-4a395cc2c4e8,0f8bb30d-61bf-4513-b56a-113ea8c3aff8
5978,110,59ca64b6-7eac-4ce9-b76f-7b56c94b52d5,0f8bb30d-61bf-4513-b56a-113ea8c3aff8
5979,992,2ddc0112-faca-46bb-93ee-a2dfa747f4d5,f5045ddb-28f5-4810-b5b2-c013e56c96a3
5980,225,364c5ba4-1d5f-4e25-b5c1-3680a5216981,9cdcda2f-3a05-4abe-8f21-8529136ec7fa
5981,225,b446e00a-6656-4865-861b-d1e3e0d648da,9cdcda2f-3a05-4abe-8f21-8529136ec7fa
5982,55,0b3eef22-18d1-4cf0-9f39-5109817018a7,70cb2fa0-b97b-4e80-adf4-5473e61cab6b
5983,55,12666802-6a01-45c6-87a4-dae743352b5a,70cb2fa0-b97b-4e80-adf4-5473e61cab6b
5984,74,19f450fd-512b-4b12-92e5-5ffb0713f765,fcadc606-b3bc-456e-ad45-826bb6eaa875
5985,191,b3f70047-d47d-419f-a9cb-6c651cbafe48,2de6dd51-50e0-4e80-825c-d0aeb80b3a47
5986,74,63f6eba4-31e6-46de-b6ae-31be990e3317,fcadc606-b3bc-456e-ad45-826bb6eaa875
5987,47,1f6866f1-17ca-498a-828b-662698b127ab,bce5e705-92ce-432a-a0d6-2ee99faeb42b
5988,37,53e08a4e-9a28-4aa3-ab98-501eeaa129c6,370d50ba-592a-491a-be9e-7aed4b1edcec
5988,74,53e08a4e-9a28-4aa3-ab98-501eeaa129c6,fcadc606-b3bc-456e-ad45-826bb6eaa875
5989,110,16bd6945-983b-4e9a-9bde-41ac7e8a0b0d,0f8bb30d-61bf-4513-b56a-113ea8c3aff8
5990,168,bf8d6131-259f-4978-b031-e4d9dfc82ce5,a85e5b28-5c1c-4fd7-8dff-29a6045d06e6
5991,37,61ce1b62-6808-44ec-a3bd-b3ad06ff4487,370d50ba-592a-491a-be9e-7aed4b1edcec
5992,225,4f9927d6-89e6-4ea5-95f7-fc19af0f6a76,9cdcda2f-3a05-4abe-8f21-8529136ec7fa
5993,225,cde25c10-85a9-427c-809d-d79d981bc49f,9cdcda2f-3a05-4abe-8f21-8529136ec7fa
5994,225,063a7e0a-0a00-452c-8d15-1de94119ea3d,9cdcda2f-3a05-4abe-8f21-8529136ec7fa
5995,991,11f258c2-1125-412e-8440-b18ddfc271e8,c09f6ef6-3d50-471d-8c7e-f4a78c8f398c
5996,225,07539e5e-ef13-4d06-bf7b-26becdd3f836,9cdcda2f-3a05-4abe-8f21-8529136ec7fa
5997,110,17795f58-8ca5-4fcf-be57-8e5d8bdbbe9c,0f8bb30d-61bf-4513-b56a-113ea8c3aff8
5998,110,090ba063-216c-435e-9528-935ff53c4ee2,0f8bb30d-61bf-4513-b56a-113ea8c3aff8
5999,110,15131269-9c88-41b1-ad3d-0dd35cfa8b52,0f8bb30d-61bf-4513-b56a-113ea8c3aff8
6000,110,fd86b2f7-5880-483f-845f-954b96c40deb,0f8bb30d-61bf-4513-b56a-113ea8c3aff8
6001,110,d2e777a9-0297-47a6-b7b8-83eb795d5461,0f8bb30d-61bf-4513-b56a-113ea8c3aff8
6002,110,a38671ef-dbe4-40ee-acc4-234859d9174d,0f8bb30d-61bf-4513-b56a-113ea8c3aff8
6003,87,616e7822-1d6e-4f6a-b3cc-1f0809c8395d,f3e2edb5-0b20-469f-ba30-8d25390d2d14
6004,110,dd35e798-52be-4d42-beaa-7953eeb498cb,0f8bb30d-61bf-4513-b56a-113ea8c3aff8
6005,76,b53abee4-5346-4f56-8318-1d38571cbdb9,aca0ea7d-5edb-4012-b86e-c27ac894c9e9
6006,110,3be89bb3-1639-4120-ac2e-a50be0afb06e,0f8bb30d-61bf-4513-b56a-113ea8c3aff8
6007,110,40d7da1a-074b-4ab2-ae38-49e3a9b3e83c,0f8bb30d-61bf-4513-b56a-113ea8c3aff8
6008,110,0e4eb65a-4d21-4258-af2d-1aedc0faa032,0f8bb30d-61bf-4513-b56a-113ea8c3aff8
6009,110,53180d2e-a975-4ae9-9d8f-53b0032d1aa3,0f8bb30d-61bf-4513-b56a-113ea8c3aff8
6010,110,92b8fa0c-0e72-4a5d-8ea3-3a05cf205e0b,0f8bb30d-61bf-4513-b56a-113ea8c3aff8
6011,110,b6a86880-7b04-4289-ae50-8791c2914d28,0f8bb30d-61bf-4513-b56a-113ea8c3aff8
6012,110,197f1d40-aeda-4d02-a14e-477c6e091522,0f8bb30d-61bf-4513-b56a-113ea8c3aff8
6013,110,d8810a2b-825c-4997-8551-4b1ed483712a,0f8bb30d-61bf-4513-b56a-113ea8c3aff8
6014,110,da6cdc31-27aa-45d0-a445-6108ecab1bf4,0f8bb30d-61bf-4513-b56a-113ea8c3aff8
6015,225,55a5badc-b2af-4334-9554-2dea96993743,9cdcda2f-3a05-4abe-8f21-8529136ec7fa
6016,110,dc9f6ef6-6c6e-4bdc-b36c-e2e1125c2e9d,0f8bb30d-61bf-4513-b56a-113ea8c3aff8
6017,110,d2581d19-d626-418f-8faa-1ab15485d9e7,0f8bb30d-61bf-4513-b56a-113ea8c3aff8
6018,110,409f30bd-6990-4c7e-97ac-a3ce7dde1e61,0f8bb30d-61bf-4513-b56a-113ea8c3aff8
6019,110,c4d6d265-85e5-413b-a6d6-37a13392f418,0f8bb30d-61bf-4513-b56a-113ea8c3aff8
6020,21,639b4f2f-8b09-4be2-a5ce-6e9d3412b0ce,ad53cbad-6a77-4499-94a7-c3442c2df2ee
6020,42,639b4f2f-8b09-4be2-a5ce-6e9d3412b0ce,51fc41ab-afab-40d9-a285-aa863fd2e978
6020,74,639b4f2f-8b09-4be2-a5ce-6e9d3412b0ce,fcadc606-b3bc-456e-ad45-826bb6eaa875
6021,110,dd341012-98ec-47b7-9785-5fe3a0bc4b95,0f8bb30d-61bf-4513-b56a-113ea8c3aff8
6022,110,e7b241b7-035d-4341-a263-bb48b9791c7b,0f8bb30d-61bf-4513-b56a-113ea8c3aff8
6023,55,6356182d-c4ad-4db3-a6c6-12b0abc62670,70cb2fa0-b97b-4e80-adf4-5473e61cab6b
6023,110,6356182d-c4ad-4db3-a6c6-12b0abc62670,0f8bb30d-61bf-4513-b56a-113ea8c3aff8
6024,110,8f47035e-b035-4152-af4f-a2510597d75a,0f8bb30d-61bf-4513-b56a-113ea8c3aff8
6025,110,66480725-453f-47d7-ba15-79a5b07e2533,0f8bb30d-61bf-4513-b56a-113ea8c3aff8
6026,110,60a583ed-d287-4dd7-8991-38377cd2d165,0f8bb30d-61bf-4513-b56a-113ea8c3aff8
6027,110,41524cae-6a82-4828-8b64-ae7c91f32b60,0f8bb30d-61bf-4513-b56a-113ea8c3aff8
6028,76,7892b740-7559-4cb2-8195-9d88b1dd67d9,aca0ea7d-5edb-4012-b86e-c27ac894c9e9
6029,110,8aeeadf7-9d2e-4498-80fa-a325d41c200d,0f8bb30d-61bf-4513-b56a-113ea8c3aff8
6030,110,c2c0ee4b-fd18-4013-8815-021fe316b24e,0f8bb30d-61bf-4513-b56a-113ea8c3aff8
6031,74,25125201-a06e-4143-a4e7-94daf352d626,fcadc606-b3bc-456e-ad45-826bb6eaa875
6032,110,66a2be84-8a02-4970-b2a1-6ac6d632922c,0f8bb30d-61bf-4513-b56a-113ea8c3aff8
6033,110,0022d197-aaeb-419c-9e31-5aa6464c2325,0f8bb30d-61bf-4513-b56a-113ea8c3aff8
6034,995,a05832d0-4489-4a09-b680-ddbbf922ff13,4c8bf90e-d1b8-4c9a-9882-fc85aee7fb51
6035,23,b0304547-89dc-4383-83fb-9f13b5efe807,524be1b8-9739-4266-aa59-a9100c49a6e3
6036,13,24884cbf-429d-431c-a739-3e314cc22e17,b55c215f-d96b-4e35-b2f0-242bed184ab2
6036,98,24884cbf-429d-431c-a739-3e314cc22e17,1e17f8a9-3e40-4f93-9af1-4b052b3fa800
6037,76,4d5f5c22-202f-43cc-995c-fde60ad38f76,aca0ea7d-5edb-4012-b86e-c27ac894c9e9
6038,13,a8c68fad-c730-4280-a63c-7e413eddeec8,b55c215f-d96b-4e35-b2f0-242bed184ab2
6039,56,71d72621-d7a5-4acf-b502-94a4009c0e4a,05db5d78-31d2-4fb7-ae0e-f3181d897dec
6040,76,a5e3051f-071f-4e70-ad6c-8ef49c84ec17,aca0ea7d-5edb-4012-b86e-c27ac894c9e9
6041,56,dd99ff2d-9b92-4c67-9189-9c1abcc93c86,05db5d78-31d2-4fb7-ae0e-f3181d897dec
6042,56,cc7cc47c-06b5-4d80-92d0-d5bdfdf4381c,05db5d78-31d2-4fb7-ae0e-f3181d897dec
6043,225,9286b4db-0d72-4ff1-9d56-3beb75ed01e4,9cdcda2f-3a05-4abe-8f21-8529136ec7fa
6044,110,c96339d6-0ddf-4721-a7e8-7ac0f6237eb9,0f8bb30d-61bf-4513-b56a-113ea8c3aff8
6045,225,c530c1dd-5265-4fd9-ac6f-1a2908925f56,9cdcda2f-3a05-4abe-8f21-8529136ec7fa
6046,110,b7f32d5f-3fd0-4b80-9a6f-d3cebe50df55,0f8bb30d-61bf-4513-b56a-113ea8c3aff8
6047,74,ccb6ef55-d059-476a-b831-6b5a6ea4b6b7,fcadc606-b3bc-456e-ad45-826bb6eaa875
6047,76,ccb6ef55-d059-476a-b831-6b5a6ea4b6b7,aca0ea7d-5edb-4012-b86e-c27ac894c9e9
6048,56,b800f05f-79c7-408f-aa09-c9befe6b12bd,05db5d78-31d2-4fb7-ae0e-f3181d897dec
6049,110,b31d7c1c-2dbf-4894-833a-b86f696fe5f8,0f8bb30d-61bf-4513-b56a-113ea8c3aff8
6050,47,183ea635-7fca-4d44-ae60-db4bd9ffe5b1,bce5e705-92ce-432a-a0d6-2ee99faeb42b
6051,225,9668fc6d-8ffe-4355-9de9-34a42b729cfd,9cdcda2f-3a05-4abe-8f21-8529136ec7fa
6052,74,dbc5a4c6-ec19-4bc5-afa6-ce61e2142199,fcadc606-b3bc-456e-ad45-826bb6eaa875
6053,991,2b485410-6a36-4268-8519-ffd3009cd55e,c09f6ef6-3d50-471d-8c7e-f4a78c8f398c
6054,37,2b055dc5-70e6-4043-bccd-08466df0ecd5,370d50ba-592a-491a-be9e-7aed4b1edcec
6055,991,67d2d317-acb3-43d8-8136-7a8d50dc673c,c09f6ef6-3d50-471d-8c7e-f4a78c8f398c
6056,56,3b9f8649-e7d2-4a55-81de-c5d8034fc9be,05db5d78-31d2-4fb7-ae0e-f3181d897dec
6057,56,6343416e-34f2-475f-b57c-10cbe7314ddf,05db5d78-31d2-4fb7-ae0e-f3181d897dec
6058,225,a8ae35b3-20e5-40b3-bd7a-073727f3f1b3,9cdcda2f-3a05-4abe-8f21-8529136ec7fa
6059,225,a16b68cb-8ef9-4d12-8f6e-3673670a095a,9cdcda2f-3a05-4abe-8f21-8529136ec7fa
6060,222,4e861219-5d20-411f-893a-c249c32c6bdd,bfcd729e-fa75-4887-bbe3-34e59d05af64
6061,225,f82a3eca-dfc7-47f3-8dcd-974e169c7443,9cdcda2f-3a05-4abe-8f21-8529136ec7fa
6062,76,4db1cec2-2eff-43c5-b79f-c72196a7bf79,aca0ea7d-5edb-4012-b86e-c27ac894c9e9
6063,76,9f53df3a-95fc-44cd-a52f-22ccb2a99edc,aca0ea7d-5edb-4012-b86e-c27ac894c9e9
6064,225,7623c51b-e7ac-4fc9-8d1c-220c5b35bd0a,9cdcda2f-3a05-4abe-8f21-8529136ec7fa
6065,225,5d76f2f6-f6cf-4a9f-9ebb-ee83c126dc96,9cdcda2f-3a05-4abe-8f21-8529136ec7fa
6066,225,aaf66757-60b9-477c-a0c1-cdec5a5ac675,9cdcda2f-3a05-4abe-8f21-8529136ec7fa
6067,110,e84fdcbe-9e23-4f19-877d-df367f796f08,0f8bb30d-61bf-4513-b56a-113ea8c3aff8
6068,992,c781aa31-6051-471e-91c7-0f1298ca5ed3,f5045ddb-28f5-4810-b5b2-c013e56c96a3
6069,74,30c28b8f-3615-46f3-8aa8-e3964d846f37,fcadc606-b3bc-456e-ad45-826bb6eaa875
6070,992,c6dbca76-91e5-4b32-8fd9-8b7bb81f5d3c,f5045ddb-28f5-4810-b5b2-c013e56c96a3
6071,225,2c59dd8a-0201-40fc-9ea1-9e4b18802271,9cdcda2f-3a05-4abe-8f21-8529136ec7fa
6073,225,e0b3692b-ab87-435a-828d-a974740e3a4f,9cdcda2f-3a05-4abe-8f21-8529136ec7fa
6074,37,958f73d9-34f1-4038-a648-463ffa7364bc,370d50ba-592a-491a-be9e-7aed4b1edcec
6075,76,e34599bd-aa5f-448f-84c3-c69ae9213fb1,aca0ea7d-5edb-4012-b86e-c27ac894c9e9
6075,239,e34599bd-aa5f-448f-84c3-c69ae9213fb1,44516d0f-7394-4053-855c-cd6912710867
6076,210,a5b46c29-8bba-4881-84a2-2fe3bed8e01c,6455f001-c0d4-48db-829d-3a99cb517528
6077,225,0d120c8a-5533-4c00-ad63-29d539b38847,9cdcda2f-3a05-4abe-8f21-8529136ec7fa
6078,225,92e7d918-736f-4d76-8308-37535cde17e0,9cdcda2f-3a05-4abe-8f21-8529136ec7fa
6079,225,86626953-80a0-44d1-b94f-ca16e490dc25,9cdcda2f-3a05-4abe-8f21-8529136ec7fa
6080,76,b58e9761-deb8-48b8-83ed-dc2774faaef7,aca0ea7d-5edb-4012-b86e-c27ac894c9e9
6081,225,17467627-3f33-4286-8274-19acaf493d20,9cdcda2f-3a05-4abe-8f21-8529136ec7fa
6082,47,d2073926-c9fb-428d-a559-13728dd4abc1,bce5e705-92ce-432a-a0d6-2ee99faeb42b
6082,225,d2073926-c9fb-428d-a559-13728dd4abc1,9cdcda2f-3a05-4abe-8f21-8529136ec7fa
6083,47,328f5730-cec0-498a-81cc-c89642bb8640,bce5e705-92ce-432a-a0d6-2ee99faeb42b
6084,225,0ecf0ade-e0a8-4f6d-942e-aa8403f52600,9cdcda2f-3a05-4abe-8f21-8529136ec7fa
6085,225,bf8d6ec0-3db0-4d5d-83bf-fc4c7c9069e6,9cdcda2f-3a05-4abe-8f21-8529136ec7fa
6086,225,f43b336d-9b8e-4c50-ae97-bad1efb51046,9cdcda2f-3a05-4abe-8f21-8529136ec7fa
6087,225,6cdb8432-08b1-40aa-92cd-efc768397ce9,9cdcda2f-3a05-4abe-8f21-8529136ec7fa
6088,225,d01f8796-e46a-4397-9bb0-d9f51d6896f7,9cdcda2f-3a05-4abe-8f21-8529136ec7fa
6089,225,3778bab8-1f2d-4ec9-93b8-bedb86f6390d,9cdcda2f-3a05-4abe-8f21-8529136ec7fa
6090,37,68551670-95c2-4d53-92cc-36fa30274ad0,370d50ba-592a-491a-be9e-7aed4b1edcec
6091,37,2b686a35-80e5-4d2f-a3cf-ff54b20891ab,370d50ba-592a-491a-be9e-7aed4b1edcec
6092,37,ef4e6fce-770d-4125-a1f3-2a027d08bbbf,370d50ba-592a-491a-be9e-7aed4b1edcec
6093,161,f5517031-1784-465c-9f18-e0137768c3ce,cb4838c4-6ff1-432f-93f3-985c8eeb8f1b
6094,37,fc0360d1-f243-4039-aa65-7e049d1b85b6,370d50ba-592a-491a-be9e-7aed4b1edcec
6095,37,f2f8da3c-b5f1-40a9-a9d0-208ce8abff62,370d50ba-592a-491a-be9e-7aed4b1edcec
6096,101,d148d99e-2c82-460c-9fe4-5e53db95e682,134fd0db-dd0c-4e37-82ce-a73f8688026b
6097,37,63e479d4-fd71-454d-856c-a65b7384b54a,370d50ba-592a-491a-be9e-7aed4b1edcec
6098,37,aa434d2b-a324-4990-a42e-bdc29d66de3f,370d50ba-592a-491a-be9e-7aed4b1edcec
6099,37,c604e183-275b-4275-ba00-1ebe1ecbc331,370d50ba-592a-491a-be9e-7aed4b1edcec
6099,76,c604e183-275b-4275-ba00-1ebe1ecbc331,aca0ea7d-5edb-4012-b86e-c27ac894c9e9
6100,74,0ffe8dca-cc2c-4e22-8cc1-ae7869b6a842,fcadc606-b3bc-456e-ad45-826bb6eaa875
6101,225,7dfb7f98-0ca3-4f2c-af3e-86bace57b465,9cdcda2f-3a05-4abe-8f21-8529136ec7fa
6102,37,ca807019-ba5d-4bc4-8511-fff5763cdac8,370d50ba-592a-491a-be9e-7aed4b1edcec
6102,225,ca807019-ba5d-4bc4-8511-fff5763cdac8,9cdcda2f-3a05-4abe-8f21-8529136ec7fa
6103,225,880b8a84-4a5e-4630-844d-8ca51080690a,9cdcda2f-3a05-4abe-8f21-8529136ec7fa
6104,225,359f8716-be47-4065-8c5d-ac338652f4eb,9cdcda2f-3a05-4abe-8f21-8529136ec7fa
6105,225,fb5e7b1e-3df8-43b7-81a0-999bb709946f,9cdcda2f-3a05-4abe-8f21-8529136ec7fa
6106,225,03d4fd85-8b36-448a-931c-0682f0e2493a,9cdcda2f-3a05-4abe-8f21-8529136ec7fa
6107,225,c11f70fb-e4cd-46a5-a9a9-c1243fb10788,9cdcda2f-3a05-4abe-8f21-8529136ec7fa
6108,47,42a8a64d-d93e-462f-ba41-bd2cf03a53ac,bce5e705-92ce-432a-a0d6-2ee99faeb42b
6109,225,8ea2a6e7-8f8d-425e-9ee1-f0210f18d347,9cdcda2f-3a05-4abe-8f21-8529136ec7fa
6110,225,eca2dffb-1c69-4646-bdde-7f6db406db95,9cdcda2f-3a05-4abe-8f21-8529136ec7fa
6111,64,bdb67197-6277-46f6-b443-ad83bffec7b3,41adf662-c3fb-4838-8938-550a5c13c33e
6112,225,a498b479-a949-4b0f-8532-77cfe46ce6f8,9cdcda2f-3a05-4abe-8f21-8529136ec7fa
6113,992,33640ff5-3e41-4a8c-b0a9-5124e9699164,f5045ddb-28f5-4810-b5b2-c013e56c96a3
6114,992,47a5f3c0-c6b8-4ba1-b23f-6ee0567f4de0,f5045ddb-28f5-4810-b5b2-c013e56c96a3
6115,110,04747634-3c8f-413d-a9f8-b6d5dfbe43a8,0f8bb30d-61bf-4513-b56a-113ea8c3aff8
6116,76,139a4e6c-71f9-409f-a56a-67eff4cb97c9,aca0ea7d-5edb-4012-b86e-c27ac894c9e9
6116,100,139a4e6c-71f9-409f-a56a-67eff4cb97c9,cc0063a2-f29b-47cc-91bf-9cacc4668dd1
6117,47,f7f3bf86-6e2c-4d98-9163-56eb3bb7475f,bce5e705-92ce-432a-a0d6-2ee99faeb42b
6118,30,264055bf-78a1-4eb3-bb96-d10099625566,55c1acfc-2aef-4314-b490-163f7e844333
6119,30,f0d6fd9e-92cb-405c-96dc-8e2bea9082b0,55c1acfc-2aef-4314-b490-163f7e844333
6120,225,834117c1-a26e-4972-80d0-0e45b3791558,9cdcda2f-3a05-4abe-8f21-8529136ec7fa
6121,37,8baa86ca-d4e7-48f8-bd43-4658877645df,370d50ba-592a-491a-be9e-7aed4b1edcec
6121,225,8baa86ca-d4e7-48f8-bd43-4658877645df,9cdcda2f-3a05-4abe-8f21-8529136ec7fa
6122,225,53066136-895d-479b-ad3f-dcd7cc64f196,9cdcda2f-3a05-4abe-8f21-8529136ec7fa
6123,225,48029af6-49c5-4d58-9b44-50bdfdc3ced9,9cdcda2f-3a05-4abe-8f21-8529136ec7fa
6124,225,0b6646e9-f75d-4237-83af-2f03c21c9a84,9cdcda2f-3a05-4abe-8f21-8529136ec7fa
6125,225,35e0a5c1-5b48-4f02-822c-65ce16989c35,9cdcda2f-3a05-4abe-8f21-8529136ec7fa
6126,225,690c90b3-2efa-47a3-87b5-af4e17d07fbd,9cdcda2f-3a05-4abe-8f21-8529136ec7fa
6127,110,b31052d1-dc31-4644-b431-830d41077c91,0f8bb30d-61bf-4513-b56a-113ea8c3aff8
6128,225,29c453cc-b5ae-4e76-a505-856aa3053d9e,9cdcda2f-3a05-4abe-8f21-8529136ec7fa
6129,47,dbc351ed-a15c-4ddf-80b4-4643e2c1f045,bce5e705-92ce-432a-a0d6-2ee99faeb42b
6130,110,264febb0-c25b-43c3-911d-30eb9d497696,0f8bb30d-61bf-4513-b56a-113ea8c3aff8
6131,991,8ef7df13-7061-45da-8d57-179887424dd8,c09f6ef6-3d50-471d-8c7e-f4a78c8f398c
6132,991,0b865da5-522e-45aa-b6c3-be82b808e0af,c09f6ef6-3d50-471d-8c7e-f4a78c8f398c
6133,225,cd6f4fa5-a866-4200-b292-2b952a5b5893,9cdcda2f-3a05-4abe-8f21-8529136ec7fa
6134,991,19e761ff-8dda-42ce-b33f-ac53b68d15ad,c09f6ef6-3d50-471d-8c7e-f4a78c8f398c
6135,991,bb6e06d9-6858-47bb-8688-238bd1cdd114,c09f6ef6-3d50-471d-8c7e-f4a78c8f398c
6136,991,30464ddc-a55b-452f-a7b7-72433bc8458b,c09f6ef6-3d50-471d-8c7e-f4a78c8f398c
6137,76,b6f0ff7e-be13-47b3-8c8c-a28ae5d7649e,aca0ea7d-5edb-4012-b86e-c27ac894c9e9
6137,225,b6f0ff7e-be13-47b3-8c8c-a28ae5d7649e,9cdcda2f-3a05-4abe-8f21-8529136ec7fa
6138,222,a8633262-e948-4a7c-abe5-836593e77e09,bfcd729e-fa75-4887-bbe3-34e59d05af64
6138,992,a8633262-e948-4a7c-abe5-836593e77e09,f5045ddb-28f5-4810-b5b2-c013e56c96a3
6139,47,82a8a2c7-43f9-472f-93c9-d286dd6e84af,bce5e705-92ce-432a-a0d6-2ee99faeb42b
6140,30,ec33454e-1777-40a6-ac42-22c24ba30e3f,55c1acfc-2aef-4314-b490-163f7e844333
6141,992,88e58d0a-ef73-48fd-88d6-c7f18b918cbe,f5045ddb-28f5-4810-b5b2-c013e56c96a3
6142,992,71e86d42-c762-444a-83b2-c92488adeb19,f5045ddb-28f5-4810-b5b2-c013e56c96a3
6143,992,84d55e0c-d694-4e6e-8e1f-9dba312f761c,f5045ddb-28f5-4810-b5b2-c013e56c96a3
6144,110,20a72de3-5ecf-4c63-aaa0-a48dc2e74d72,0f8bb30d-61bf-4513-b56a-113ea8c3aff8
6145,47,b1e2222c-d4b0-4e5e-9ca8-9154b0d027ec,bce5e705-92ce-432a-a0d6-2ee99faeb42b
6145,113,b1e2222c-d4b0-4e5e-9ca8-9154b0d027ec,f7e1ff62-f143-406a-a3a4-d4bbd7fad5e3
6146,47,b2743bb9-0e43-4749-ad2e-7ab2329ed155,bce5e705-92ce-432a-a0d6-2ee99faeb42b
6147,225,99b4f8c7-8183-4aca-926f-e012d98e7e4f,9cdcda2f-3a05-4abe-8f21-8529136ec7fa
6148,225,1f02f8fb-b264-44f2-9986-622b777665f9,9cdcda2f-3a05-4abe-8f21-8529136ec7fa
6149,74,12a19b54-453a-4875-b339-77078af05748,fcadc606-b3bc-456e-ad45-826bb6eaa875
6150,76,53acda24-a1cd-45f9-b734-15782239a013,aca0ea7d-5edb-4012-b86e-c27ac894c9e9
6151,76,868f6045-ceea-449c-80d5-9475fef809ac,aca0ea7d-5edb-4012-b86e-c27ac894c9e9
6152,225,b95d1421-f1c8-4ff0-acba-866128431fbc,9cdcda2f-3a05-4abe-8f21-8529136ec7fa
6153,74,129724a6-e0ed-48bc-a4a5-39bc09909ad9,fcadc606-b3bc-456e-ad45-826bb6eaa875
6154,67,fa600855-7891-4ae3-b032-b36746484b20,92fb785b-75ee-467b-8ff0-c25cb9c81149
6154,225,fa600855-7891-4ae3-b032-b36746484b20,9cdcda2f-3a05-4abe-8f21-8529136ec7fa
6155,225,ed756133-dbec-4fd5-9464-a6bb120778ea,9cdcda2f-3a05-4abe-8f21-8529136ec7fa
6156,183,9de101be-de96-480a-9ad8-39d2920fef54,885e91b5-66eb-4e4c-b666-cd15b701f75d
6156,225,9de101be-de96-480a-9ad8-39d2920fef54,9cdcda2f-3a05-4abe-8f21-8529136ec7fa
6157,225,6c3475e4-f926-4406-a9e9-97b320a126b4,9cdcda2f-3a05-4abe-8f21-8529136ec7fa
6158,151,4bfa1e4f-fe28-43ae-a23b-5e5aa2aeae8b,d99989a8-ea9c-4d4e-86f5-71dfdf6f7e81
6159,996,818654fa-0c19-4c2e-a967-77e2dec7a681,4de9d058-62bb-4727-b2a3-ef64bed4edf9
6160,74,b7326852-9fc5-4d26-83b6-61c9b7e5fbad,fcadc606-b3bc-456e-ad45-826bb6eaa875
6161,225,5586c149-b45b-4598-ad6a-123d9c36f624,9cdcda2f-3a05-4abe-8f21-8529136ec7fa
6162,225,f683f3b3-672d-4c8e-8cab-6b150a0091ed,9cdcda2f-3a05-4abe-8f21-8529136ec7fa
6163,225,0ac7656e-3a1e-4f59-b73e-3ecfdd7521f0,9cdcda2f-3a05-4abe-8f21-8529136ec7fa
6164,74,6fe589f4-c48d-4eb1-9fea-7b5f1a5ce7b5,fcadc606-b3bc-456e-ad45-826bb6eaa875
6165,183,67a9ebd2-f752-48c7-9586-b6d339c5f9a4,885e91b5-66eb-4e4c-b666-cd15b701f75d
6166,225,d504964b-15f0-461c-bd3f-6e9fed0c9149,9cdcda2f-3a05-4abe-8f21-8529136ec7fa
6167,225,28253b5e-89af-48c0-8f5c-3fd189aa6c1b,9cdcda2f-3a05-4abe-8f21-8529136ec7fa
6168,98,56fd99e0-f00d-44de-a150-6def89abe9c5,1e17f8a9-3e40-4f93-9af1-4b052b3fa800
6169,151,19b49190-50b0-458d-a176-9112c55bae7f,d99989a8-ea9c-4d4e-86f5-71dfdf6f7e81
6170,56,feac5804-accc-4d84-9035-b39f3c1987bd,05db5d78-31d2-4fb7-ae0e-f3181d897dec
6171,14,8a7993aa-327d-4836-9d96-54cf5f4c9e98,63415897-6d9c-4dc4-a2cf-db77b292f8ef
6172,110,4bf5450b-b018-46ee-aab2-a76c099de7fa,0f8bb30d-61bf-4513-b56a-113ea8c3aff8
6173,76,46b845b0-db71-4037-9b28-9e08974ed455,aca0ea7d-5edb-4012-b86e-c27ac894c9e9
6173,100,46b845b0-db71-4037-9b28-9e08974ed455,cc0063a2-f29b-47cc-91bf-9cacc4668dd1
6173,225,46b845b0-db71-4037-9b28-9e08974ed455,9cdcda2f-3a05-4abe-8f21-8529136ec7fa
6174,69,d1ba94eb-0350-4216-bbb4-fdfb80025299,035eab86-1053-41d2-bb09-048493bf5a8f
6175,225,5901faa1-91e2-4252-b9c0-94f40de08ec4,9cdcda2f-3a05-4abe-8f21-8529136ec7fa
6176,191,c0c20301-d94a-4586-b771-afa6a79ad4c2,2de6dd51-50e0-4e80-825c-d0aeb80b3a47
6177,21,b0e9ce96-8328-4009-b7c4-5e036afdc4f3,ad53cbad-6a77-4499-94a7-c3442c2df2ee
6177,67,b0e9ce96-8328-4009-b7c4-5e036afdc4f3,92fb785b-75ee-467b-8ff0-c25cb9c81149
6177,76,b0e9ce96-8328-4009-b7c4-5e036afdc4f3,aca0ea7d-5edb-4012-b86e-c27ac894c9e9
6178,992,036f678e-3196-4214-8f59-fd3ac8fcab78,f5045ddb-28f5-4810-b5b2-c013e56c96a3
6179,991,29ca7b8f-0eb8-46d0-a421-42246a092150,c09f6ef6-3d50-471d-8c7e-f4a78c8f398c
6180,222,8ee188d1-dbef-439b-b3d1-05137d460e58,bfcd729e-fa75-4887-bbe3-34e59d05af64
6180,991,8ee188d1-dbef-439b-b3d1-05137d460e58,c09f6ef6-3d50-471d-8c7e-f4a78c8f398c
6181,992,de2d47e2-dc01-4c70-a8b6-db7f06afc01e,f5045ddb-28f5-4810-b5b2-c013e56c96a3
6182,992,b39c4df2-79ba-4f88-b460-a3f829448f7f,f5045ddb-28f5-4810-b5b2-c013e56c96a3
6183,992,6399cf88-39f5-4840-9a2a-22128ac8f01e,f5045ddb-28f5-4810-b5b2-c013e56c96a3
6184,21,6e6c6c5b-cc71-4be9-90fe-62423ed97ec4,ad53cbad-6a77-4499-94a7-c3442c2df2ee
6184,74,6e6c6c5b-cc71-4be9-90fe-62423ed97ec4,fcadc606-b3bc-456e-ad45-826bb6eaa875
6185,76,2bf795fe-5c1b-43ef-8dff-04b27f657489,aca0ea7d-5edb-4012-b86e-c27ac894c9e9
6185,225,2bf795fe-5c1b-43ef-8dff-04b27f657489,9cdcda2f-3a05-4abe-8f21-8529136ec7fa
6186,76,ad6fd81e-9946-4fcc-b78d-591dde156502,aca0ea7d-5edb-4012-b86e-c27ac894c9e9
6186,225,ad6fd81e-9946-4fcc-b78d-591dde156502,9cdcda2f-3a05-4abe-8f21-8529136ec7fa
6187,225,3d7c8525-3d47-4da7-b4a5-650cb9e6a20c,9cdcda2f-3a05-4abe-8f21-8529136ec7fa
6187,992,3d7c8525-3d47-4da7-b4a5-650cb9e6a20c,f5045ddb-28f5-4810-b5b2-c013e56c96a3
6188,225,568e21d6-fe24-4e56-a085-a97b5bbe9600,9cdcda2f-3a05-4abe-8f21-8529136ec7fa
6189,14,2236606f-6575-4969-b60e-8eb8089156b0,63415897-6d9c-4dc4-a2cf-db77b292f8ef
6189,76,2236606f-6575-4969-b60e-8eb8089156b0,aca0ea7d-5edb-4012-b86e-c27ac894c9e9
6189,184,2236606f-6575-4969-b60e-8eb8089156b0,4d0b5fe9-8681-4efa-862e-9a33f13e52d4
6190,225,2dd4f3c5-8506-432d-be5e-5924dac4642a,9cdcda2f-3a05-4abe-8f21-8529136ec7fa
6191,14,4dab08eb-8b85-4505-a485-284497afda29,63415897-6d9c-4dc4-a2cf-db77b292f8ef
6191,225,4dab08eb-8b85-4505-a485-284497afda29,9cdcda2f-3a05-4abe-8f21-8529136ec7fa
6192,225,560adf5c-b51c-4a65-a3c4-0af6b7a5c4ed,9cdcda2f-3a05-4abe-8f21-8529136ec7fa
6193,74,ce4359e7-9a0f-4044-98ab-1eb2a911b040,fcadc606-b3bc-456e-ad45-826bb6eaa875
6193,151,ce4359e7-9a0f-4044-98ab-1eb2a911b040,d99989a8-ea9c-4d4e-86f5-71dfdf6f7e81
6193,225,ce4359e7-9a0f-4044-98ab-1eb2a911b040,9cdcda2f-3a05-4abe-8f21-8529136ec7fa
6194,225,0ae48b88-02df-48f0-bc8a-6c4222b66cb2,9cdcda2f-3a05-4abe-8f21-8529136ec7fa
6195,225,ecb36e63-edbe-4c8a-8eb9-148e20a66b92,9cdcda2f-3a05-4abe-8f21-8529136ec7fa
6196,45,bd212861-96a4-4344-b513-ee8e3821b30a,b4db8b4b-c9d5-42c2-949c-1728db566fb6
6196,56,bd212861-96a4-4344-b513-ee8e3821b30a,05db5d78-31d2-4fb7-ae0e-f3181d897dec
6197,110,77cf3e96-ecb8-480d-a7d5-5d93458d3832,0f8bb30d-61bf-4513-b56a-113ea8c3aff8
6197,225,77cf3e96-ecb8-480d-a7d5-5d93458d3832,9cdcda2f-3a05-4abe-8f21-8529136ec7fa
6198,225,e8c59fae-d7b9-4b2a-a8a2-ed3114df1880,9cdcda2f-3a05-4abe-8f21-8529136ec7fa
6199,56,9b281d73-a9d1-496a-b43c-ac0808bc796a,05db5d78-31d2-4fb7-ae0e-f3181d897dec
6199,225,9b281d73-a9d1-496a-b43c-ac0808bc796a,9cdcda2f-3a05-4abe-8f21-8529136ec7fa
6200,110,4c900262-d804-4cce-8bbe-7bb7fb147528,0f8bb30d-61bf-4513-b56a-113ea8c3aff8
6201,74,d1cd282f-362a-4140-ac19-85589db0a0f9,fcadc606-b3bc-456e-ad45-826bb6eaa875
6202,76,9228bcc9-9af2-4ac7-a4c6-2d3add81714e,aca0ea7d-5edb-4012-b86e-c27ac894c9e9
6202,225,9228bcc9-9af2-4ac7-a4c6-2d3add81714e,9cdcda2f-3a05-4abe-8f21-8529136ec7fa
6203,110,16da1029-53ea-4102-bfe4-11f88af92b83,0f8bb30d-61bf-4513-b56a-113ea8c3aff8
6203,225,16da1029-53ea-4102-bfe4-11f88af92b83,9cdcda2f-3a05-4abe-8f21-8529136ec7fa
6204,102,d4d5d440-282b-4eaa-afd1-8b9aea5c2ac6,a9d2a258-26e9-47ca-a80d-cb83e3d4fb49
6205,102,1e985073-8cc8-4ab8-86ad-fc1522799419,a9d2a258-26e9-47ca-a80d-cb83e3d4fb49
6206,102,3dbc7e00-5bae-4f86-8550-40f6bc04967d,a9d2a258-26e9-47ca-a80d-cb83e3d4fb49
6207,102,df566fef-ffe0-41ad-8d5b-eefacc3053a7,a9d2a258-26e9-47ca-a80d-cb83e3d4fb49
6208,102,acda0096-86d6-4781-904a-4edcb3cc8908,a9d2a258-26e9-47ca-a80d-cb83e3d4fb49
6209,102,72beb6d6-4dc3-4001-a7ec-a5a70edee843,a9d2a258-26e9-47ca-a80d-cb83e3d4fb49
6210,102,ed142d56-c376-4d77-86e5-3a13bed2eba3,a9d2a258-26e9-47ca-a80d-cb83e3d4fb49
6211,102,a9d00815-4aed-4590-85c8-8aa718cf1a40,a9d2a258-26e9-47ca-a80d-cb83e3d4fb49
6212,102,fd781fa0-f696-4644-8592-1ec63b7735a6,a9d2a258-26e9-47ca-a80d-cb83e3d4fb49
6213,102,8adad30c-dba8-4159-b0e3-a9f5077f4df7,a9d2a258-26e9-47ca-a80d-cb83e3d4fb49
6214,102,c4865fbf-7816-48b4-8c91-fd1cde8cd49a,a9d2a258-26e9-47ca-a80d-cb83e3d4fb49
6215,102,564862f6-e481-4aed-9f43-f495fcb9c168,a9d2a258-26e9-47ca-a80d-cb83e3d4fb49
6216,102,4ab1e606-7be4-4511-b452-ad9553791e35,a9d2a258-26e9-47ca-a80d-cb83e3d4fb49
6217,102,f565f0a3-eef8-4cfb-8d71-91e9b4ef189b,a9d2a258-26e9-47ca-a80d-cb83e3d4fb49
6218,102,a88a4745-fab4-4af3-a169-8667ffad963f,a9d2a258-26e9-47ca-a80d-cb83e3d4fb49
6219,102,2e9ca91e-6a19-4e3c-b35a-b5f0a103d612,a9d2a258-26e9-47ca-a80d-cb83e3d4fb49
6220,102,9fba9112-1804-444c-a2e0-b5a00769f8a0,a9d2a258-26e9-47ca-a80d-cb83e3d4fb49
6221,102,757dc7ab-e849-421d-bfa5-6ed2fee6c092,a9d2a258-26e9-47ca-a80d-cb83e3d4fb49
6222,93,7b9e4552-4415-4d36-b4b9-de0a42bfa0f4,5aec9d0e-3c30-4467-846f-edbaca04007b
6223,995,294c0e83-971b-4ec0-9ca8-f0b75d6d1d5a,4c8bf90e-d1b8-4c9a-9882-fc85aee7fb51
6224,110,882c3815-0e0f-40b6-930b-40024df3033b,0f8bb30d-61bf-4513-b56a-113ea8c3aff8
6225,991,79e16aa5-b666-4db2-97f7-13c3ad897222,c09f6ef6-3d50-471d-8c7e-f4a78c8f398c
6226,225,28803539-c253-414a-bd24-d6532b9655bf,9cdcda2f-3a05-4abe-8f21-8529136ec7fa
6227,225,44df7fa0-50a1-48c3-b0c1-81ec65fb083f,9cdcda2f-3a05-4abe-8f21-8529136ec7fa
6228,991,e4028ef7-316a-4bad-ab08-edff72e239d1,c09f6ef6-3d50-471d-8c7e-f4a78c8f398c
6229,991,ea7985c4-0783-4da1-9323-b8ae1a2ec61a,c09f6ef6-3d50-471d-8c7e-f4a78c8f398c
6230,225,0bdd1ba3-af2a-4a8e-83cc-a0d61b58667c,9cdcda2f-3a05-4abe-8f21-8529136ec7fa
6231,993,5f3fdbb2-439b-4d65-ab33-03436f57728e,be7df09a-bed7-44db-844a-05dda9dd1a46
6232,225,c80d3e7c-3bfd-4562-bb09-122f6cdbacab,9cdcda2f-3a05-4abe-8f21-8529136ec7fa
6233,225,b8c07e93-a392-4413-9237-073295ad66af,9cdcda2f-3a05-4abe-8f21-8529136ec7fa
6234,102,190849a7-fad7-4661-bbad-370248a95ee8,a9d2a258-26e9-47ca-a80d-cb83e3d4fb49
6235,102,9fae8bd6-8b8f-4d49-92aa-3317bbac263a,a9d2a258-26e9-47ca-a80d-cb83e3d4fb49
6236,102,203d22a7-bb8b-4a93-bb55-1d54f4ab201c,a9d2a258-26e9-47ca-a80d-cb83e3d4fb49
6237,102,8f623103-9084-4e60-a759-d88b0a6246ec,a9d2a258-26e9-47ca-a80d-cb83e3d4fb49
6238,102,be161b31-2a79-4e0c-b26e-6362f3d84f06,a9d2a258-26e9-47ca-a80d-cb83e3d4fb49
6239,102,f7d3253c-e3f8-4dad-aaa3-56c2c5e6aad2,a9d2a258-26e9-47ca-a80d-cb83e3d4fb49
6240,151,bb3b2775-ae69-4f0e-8724-8659ef365a1a,d99989a8-ea9c-4d4e-86f5-71dfdf6f7e81
6241,74,cd0ef16e-5a6c-43ee-b65f-827ed59df791,fcadc606-b3bc-456e-ad45-826bb6eaa875
6242,225,5242cb95-52e2-48ff-abdc-3af204b323e4,9cdcda2f-3a05-4abe-8f21-8529136ec7fa
6243,110,7238d506-7cef-4a51-9b1f-268355a61e75,0f8bb30d-61bf-4513-b56a-113ea8c3aff8
6244,58,f5c67c6c-c8e4-4c57-b12c-84a3b952a228,70349383-d413-4b44-af33-49f3df8ed8f5
6245,225,48a6201f-6fd4-4d55-9245-2a0ae3991890,9cdcda2f-3a05-4abe-8f21-8529136ec7fa
6246,992,9793988a-1771-40db-9170-1bfc2d47c9cf,f5045ddb-28f5-4810-b5b2-c013e56c96a3
6247,225,c3b9a92c-c600-47f5-86ff-6d54e7731523,9cdcda2f-3a05-4abe-8f21-8529136ec7fa
6248,225,106a0f81-1686-464a-a4a7-1ca106adf5e9,9cdcda2f-3a05-4abe-8f21-8529136ec7fa
6249,225,0d03983c-a379-4f9c-b438-fae7f783dffa,9cdcda2f-3a05-4abe-8f21-8529136ec7fa
6250,171,58e2886f-76df-4732-8927-7dc516a658f3,2a3cc59e-2888-421d-bb8f-f72c3ba7975f
6251,173,3c616ef9-bc0a-4a99-9a07-5eadd0fa89cc,5c13e222-45ec-4a67-9e4a-d91b1f1e60c9
6252,992,f6f3a0dc-8d23-4f1f-8aaf-b42297f6c643,f5045ddb-28f5-4810-b5b2-c013e56c96a3
6253,102,aa437c6d-a04a-402a-bd93-9895b9f3762a,a9d2a258-26e9-47ca-a80d-cb83e3d4fb49
6254,225,a53e5578-b7e0-4fe7-b7a0-e67627ae6540,9cdcda2f-3a05-4abe-8f21-8529136ec7fa
6255,102,44f9b6e5-49bc-4a6f-ab05-58c4929adae8,a9d2a258-26e9-47ca-a80d-cb83e3d4fb49
6256,102,c3b31278-a40e-4d85-b4ec-8dd4abe5ae15,a9d2a258-26e9-47ca-a80d-cb83e3d4fb49
6257,102,b9e4f591-76e3-4a1d-8834-52d183cdb697,a9d2a258-26e9-47ca-a80d-cb83e3d4fb49
6258,217,882f0199-3ac3-413d-9d81-072882eb2169,da1bf799-42e5-4b0d-82c4-358b702d4200
6259,93,6eb2b817-c040-4b28-b6bb-52f5c8e4747e,5aec9d0e-3c30-4467-846f-edbaca04007b
6260,47,d86b481e-5313-4f53-b1be-a1213496fb53,bce5e705-92ce-432a-a0d6-2ee99faeb42b
6261,47,ab2720a7-ff34-49af-8851-34935fe64bd6,bce5e705-92ce-432a-a0d6-2ee99faeb42b
6262,93,b45cd641-4fbd-44b8-a561-3842e7a7d066,5aec9d0e-3c30-4467-846f-edbaca04007b
6263,225,0eaa5675-a9b0-4160-bf48-986ea6c4ad6d,9cdcda2f-3a05-4abe-8f21-8529136ec7fa
6264,47,328e67ca-c897-4f4b-bd61-b687a4fdb72d,bce5e705-92ce-432a-a0d6-2ee99faeb42b
6264,93,328e67ca-c897-4f4b-bd61-b687a4fdb72d,5aec9d0e-3c30-4467-846f-edbaca04007b
6265,47,69f299bf-bc43-4f63-857e-90b1d7fb0987,bce5e705-92ce-432a-a0d6-2ee99faeb42b
6266,118,ee40708e-55dc-4c82-8573-f913054ea406,0ae3d636-f592-4f95-bed4-68e6dc1bf8a1
6267,118,83db168f-4a07-425c-9219-83b44857665d,0ae3d636-f592-4f95-bed4-68e6dc1bf8a1
6269,225,6b597dda-dd5d-4547-b643-739c7e94fff3,9cdcda2f-3a05-4abe-8f21-8529136ec7fa
6270,102,2d014c29-4e3a-45a5-8f4f-3886ce5010fd,a9d2a258-26e9-47ca-a80d-cb83e3d4fb49
6270,991,2d014c29-4e3a-45a5-8f4f-3886ce5010fd,c09f6ef6-3d50-471d-8c7e-f4a78c8f398c
6271,102,742496a8-e962-40d2-a67d-467a540f1020,a9d2a258-26e9-47ca-a80d-cb83e3d4fb49
6272,992,cc3a79ae-ad2c-4410-a7d4-923c955a52c2,f5045ddb-28f5-4810-b5b2-c013e56c96a3
6273,69,ec651a72-5fe6-47d8-8300-115b2381727b,035eab86-1053-41d2-bb09-048493bf5a8f
6273,74,ec651a72-5fe6-47d8-8300-115b2381727b,fcadc606-b3bc-456e-ad45-826bb6eaa875
6274,69,68be5b0d-4791-484c-bcd1-be0619400c41,035eab86-1053-41d2-bb09-048493bf5a8f
6274,173,68be5b0d-4791-484c-bcd1-be0619400c41,5c13e222-45ec-4a67-9e4a-d91b1f1e60c9
6275,110,951fcdd9-7641-438e-8ba8-cf0bc513c98d,0f8bb30d-61bf-4513-b56a-113ea8c3aff8
6275,225,951fcdd9-7641-438e-8ba8-cf0bc513c98d,9cdcda2f-3a05-4abe-8f21-8529136ec7fa
6276,225,4a550d83-3bc1-4ad8-b806-adbb9d669a9d,9cdcda2f-3a05-4abe-8f21-8529136ec7fa
6277,152,be73426e-a25c-4153-8f7d-e7c74e94c7ae,fec52039-c629-464b-9df4-83cde2ba0c16
6277,192,be73426e-a25c-4153-8f7d-e7c74e94c7ae,f255ee1a-572c-4450-9477-73ff8bbe6165
6278,47,9270b8fd-aa6e-4171-b8f3-d849a7d58902,bce5e705-92ce-432a-a0d6-2ee99faeb42b
6278,225,9270b8fd-aa6e-4171-b8f3-d849a7d58902,9cdcda2f-3a05-4abe-8f21-8529136ec7fa
6279,225,a304278b-595d-4d21-a197-0ae1da8c65a5,9cdcda2f-3a05-4abe-8f21-8529136ec7fa
6280,183,5a567a37-0bbf-405f-80cb-72cbaecb1ca0,885e91b5-66eb-4e4c-b666-cd15b701f75d
6280,225,5a567a37-0bbf-405f-80cb-72cbaecb1ca0,9cdcda2f-3a05-4abe-8f21-8529136ec7fa
6281,76,1ab2c569-39cd-4d28-8502-47505c3bd8b5,aca0ea7d-5edb-4012-b86e-c27ac894c9e9
6281,183,1ab2c569-39cd-4d28-8502-47505c3bd8b5,885e91b5-66eb-4e4c-b666-cd15b701f75d
6282,151,ca9cc498-e0f1-4656-bec2-a4d251a8d34b,d99989a8-ea9c-4d4e-86f5-71dfdf6f7e81
6282,225,ca9cc498-e0f1-4656-bec2-a4d251a8d34b,9cdcda2f-3a05-4abe-8f21-8529136ec7fa
6283,225,fe05f8bc-c407-432d-acb1-6a66db4325ca,9cdcda2f-3a05-4abe-8f21-8529136ec7fa
6284,110,0d3f056b-e302-46f3-a458-4b024186fc57,0f8bb30d-61bf-4513-b56a-113ea8c3aff8
6284,225,0d3f056b-e302-46f3-a458-4b024186fc57,9cdcda2f-3a05-4abe-8f21-8529136ec7fa
6285,110,44d2af5e-342d-43fc-a5d4-ddbed77e797b,0f8bb30d-61bf-4513-b56a-113ea8c3aff8
6286,110,ed453573-9869-4726-9acf-7bfd33333c70,0f8bb30d-61bf-4513-b56a-113ea8c3aff8
6287,110,f13affd5-ad7b-462c-9ac8-0ef63fffb3f1,0f8bb30d-61bf-4513-b56a-113ea8c3aff8
6288,110,b4a73fb7-c225-4c9a-b988-029cbd342dda,0f8bb30d-61bf-4513-b56a-113ea8c3aff8
6289,110,f02e5a25-514c-434f-bb60-ff29d0a752c2,0f8bb30d-61bf-4513-b56a-113ea8c3aff8
6290,47,2300ccc0-c9d0-4eb7-9c73-bc6e4f986383,bce5e705-92ce-432a-a0d6-2ee99faeb42b
6290,74,2300ccc0-c9d0-4eb7-9c73-bc6e4f986383,fcadc606-b3bc-456e-ad45-826bb6eaa875
6290,110,2300ccc0-c9d0-4eb7-9c73-bc6e4f986383,0f8bb30d-61bf-4513-b56a-113ea8c3aff8
6290,118,2300ccc0-c9d0-4eb7-9c73-bc6e4f986383,0ae3d636-f592-4f95-bed4-68e6dc1bf8a1
6290,225,2300ccc0-c9d0-4eb7-9c73-bc6e4f986383,9cdcda2f-3a05-4abe-8f21-8529136ec7fa
6291,102,ff711dc4-460d-476b-88b0-bd8dd289d263,a9d2a258-26e9-47ca-a80d-cb83e3d4fb49
6292,102,2b7cc7d1-4acd-4bbb-b544-dde4f9d32b96,a9d2a258-26e9-47ca-a80d-cb83e3d4fb49
6293,151,0f269691-b356-4573-887b-7642926d441c,d99989a8-ea9c-4d4e-86f5-71dfdf6f7e81
6293,225,0f269691-b356-4573-887b-7642926d441c,9cdcda2f-3a05-4abe-8f21-8529136ec7fa
6294,102,3420ba2d-c23d-4bd0-bc7d-9146ff37abf8,a9d2a258-26e9-47ca-a80d-cb83e3d4fb49
6295,102,d79c8d72-ac5b-4fd8-b544-c178b463b802,a9d2a258-26e9-47ca-a80d-cb83e3d4fb49
6296,102,14331bac-c2a5-4e17-9b4f-167a73a1b557,a9d2a258-26e9-47ca-a80d-cb83e3d4fb49
6297,991,14244d62-55ba-47a2-9e16-8807c36602c9,c09f6ef6-3d50-471d-8c7e-f4a78c8f398c
6298,110,8e77325c-7b21-4b5f-be88-dd2e824e7b4e,0f8bb30d-61bf-4513-b56a-113ea8c3aff8
6298,225,8e77325c-7b21-4b5f-be88-dd2e824e7b4e,9cdcda2f-3a05-4abe-8f21-8529136ec7fa
6299,225,4c4e796e-6e48-416d-938a-e32df27b1813,9cdcda2f-3a05-4abe-8f21-8529136ec7fa
6300,102,b57dd00b-0fad-431c-bfe2-abaa29a10fa7,a9d2a258-26e9-47ca-a80d-cb83e3d4fb49
6301,225,861a883c-b10f-4c7e-a2d9-50749ef0574e,9cdcda2f-3a05-4abe-8f21-8529136ec7fa
6302,76,894c1c64-a2ba-471e-b816-0929d7784c26,aca0ea7d-5edb-4012-b86e-c27ac894c9e9
6303,225,02e2d8e5-b1c4-41f6-83c3-f6f6e417152a,9cdcda2f-3a05-4abe-8f21-8529136ec7fa
6304,63,39aabe98-a1e9-4ed5-baa5-fd7c1c9f5ef1,ee53e9fa-4c4b-4186-bfb0-f23a33612fa4
6304,67,39aabe98-a1e9-4ed5-baa5-fd7c1c9f5ef1,92fb785b-75ee-467b-8ff0-c25cb9c81149
6304,225,39aabe98-a1e9-4ed5-baa5-fd7c1c9f5ef1,9cdcda2f-3a05-4abe-8f21-8529136ec7fa
6304,992,39aabe98-a1e9-4ed5-baa5-fd7c1c9f5ef1,f5045ddb-28f5-4810-b5b2-c013e56c96a3
6305,225,0745f5aa-2f51-48ca-ab0f-e8a0a57195cc,9cdcda2f-3a05-4abe-8f21-8529136ec7fa
6306,47,dcc3ac21-dfa2-4fde-ad87-acc389679e13,bce5e705-92ce-432a-a0d6-2ee99faeb42b
6307,225,ab755ea8-8e61-441a-94c4-494d9fba32a6,9cdcda2f-3a05-4abe-8f21-8529136ec7fa
6308,225,0cc08cea-4d02-40b2-a940-2a4a187fbc05,9cdcda2f-3a05-4abe-8f21-8529136ec7fa
6309,992,6302f703-861c-424e-be5e-c96c5086fbfc,f5045ddb-28f5-4810-b5b2-c013e56c96a3
6310,992,519e48d6-50c3-4323-ba48-03588e2ce25f,f5045ddb-28f5-4810-b5b2-c013e56c96a3
6311,992,8a4d2067-3f2b-4131-946f-427a6933ae0f,f5045ddb-28f5-4810-b5b2-c013e56c96a3
6312,47,6deab224-2d19-43b4-b155-2ee68614070f,bce5e705-92ce-432a-a0d6-2ee99faeb42b
6312,93,6deab224-2d19-43b4-b155-2ee68614070f,5aec9d0e-3c30-4467-846f-edbaca04007b
6312,225,6deab224-2d19-43b4-b155-2ee68614070f,9cdcda2f-3a05-4abe-8f21-8529136ec7fa
6313,110,b38a0ac5-1248-4c9d-afb8-2a4b51cf635d,0f8bb30d-61bf-4513-b56a-113ea8c3aff8
6314,110,8eed1af6-8e8a-478e-b275-c2b7a91f214d,0f8bb30d-61bf-4513-b56a-113ea8c3aff8
6315,110,044c6eab-6510-4e48-9f14-ae168e2d17ec,0f8bb30d-61bf-4513-b56a-113ea8c3aff8
6316,110,0219b67b-2bef-466e-bbfa-727c4891ae54,0f8bb30d-61bf-4513-b56a-113ea8c3aff8
6317,102,92c18d70-120a-4339-bd4b-a2090566ec70,a9d2a258-26e9-47ca-a80d-cb83e3d4fb49
6318,102,eee25788-0fb5-48d2-aef9-ab1fd7190d50,a9d2a258-26e9-47ca-a80d-cb83e3d4fb49
6319,995,5079d670-287a-4979-a8cb-c393384c222d,4c8bf90e-d1b8-4c9a-9882-fc85aee7fb51
6320,13,205f971c-d8fc-4d37-960f-9e9a6647e78c,b55c215f-d96b-4e35-b2f0-242bed184ab2
6320,56,205f971c-d8fc-4d37-960f-9e9a6647e78c,05db5d78-31d2-4fb7-ae0e-f3181d897dec
6321,995,14eff82b-0a29-4c50-b1a1-91a8a73ba405,4c8bf90e-d1b8-4c9a-9882-fc85aee7fb51
6322,47,484ffa10-681a-4251-b242-389fac3fd0e7,bce5e705-92ce-432a-a0d6-2ee99faeb42b
6323,93,80196911-7a50-4796-9bee-52aee99ba0d1,5aec9d0e-3c30-4467-846f-edbaca04007b
6324,47,8b22f6e3-a431-466f-9bf0-dd13b66bcf49,bce5e705-92ce-432a-a0d6-2ee99faeb42b
6325,47,c52a4282-4b9e-421f-89eb-67ff3c099621,bce5e705-92ce-432a-a0d6-2ee99faeb42b
6326,47,d04320af-a960-445f-8625-6ade5b48b2cf,bce5e705-92ce-432a-a0d6-2ee99faeb42b
6327,991,6c60175d-b172-4e56-9c97-eabce417a954,c09f6ef6-3d50-471d-8c7e-f4a78c8f398c
6328,225,f992f5e5-f12e-4f63-b4ee-c1f2c09cd8ff,9cdcda2f-3a05-4abe-8f21-8529136ec7fa
6329,152,13cdf628-0962-4cbb-8cb2-f6a175514ca0,fec52039-c629-464b-9df4-83cde2ba0c16
6330,152,9cc4adf5-7fca-4017-9b8c-f034aa377daa,fec52039-c629-464b-9df4-83cde2ba0c16
6331,37,062eca70-01e0-4e80-b02f-186e415f25de,370d50ba-592a-491a-be9e-7aed4b1edcec
6332,991,91e7e200-2bdc-4021-b3d2-1649fb8824e0,c09f6ef6-3d50-471d-8c7e-f4a78c8f398c
6333,991,c572f1d9-ded9-4b8d-a9c6-5b853cf3771e,c09f6ef6-3d50-471d-8c7e-f4a78c8f398c
6334,171,4eeb91e7-96fb-499f-b40f-020897281fcc,2a3cc59e-2888-421d-bb8f-f72c3ba7975f
6335,171,1c8c65e6-f613-4804-864b-443cb0f0cf06,2a3cc59e-2888-421d-bb8f-f72c3ba7975f
6336,171,25fb0e41-a80f-411b-a448-810af7a517a5,2a3cc59e-2888-421d-bb8f-f72c3ba7975f
6337,171,eb5b6b5f-752c-4810-88f4-483ff0ac958b,2a3cc59e-2888-421d-bb8f-f72c3ba7975f
6338,171,1a5bb0af-145e-4008-9b84-23f07945b36d,2a3cc59e-2888-421d-bb8f-f72c3ba7975f
6339,171,c665063f-79d3-4c3f-a476-c8ecda3a1004,2a3cc59e-2888-421d-bb8f-f72c3ba7975f
6340,171,9892eb7c-a6d6-4437-b7fa-e15f9d7b670a,2a3cc59e-2888-421d-bb8f-f72c3ba7975f
6341,171,86d69f6e-cdd4-474d-9433-fc9adc861a60,2a3cc59e-2888-421d-bb8f-f72c3ba7975f
6342,171,f34efe56-d700-46fb-bf17-358c3c4f7aec,2a3cc59e-2888-421d-bb8f-f72c3ba7975f
6343,171,0cf9ca8e-4100-46f1-ae5e-071226a830fe,2a3cc59e-2888-421d-bb8f-f72c3ba7975f
6344,171,8e3b1ac9-a338-42aa-8bb5-159570763ecb,2a3cc59e-2888-421d-bb8f-f72c3ba7975f
6345,171,e6e11aff-38b4-416d-8c5c-cd261e4f15b7,2a3cc59e-2888-421d-bb8f-f72c3ba7975f
6346,171,7c37e863-512d-47e5-9a43-cbc1d35a1c55,2a3cc59e-2888-421d-bb8f-f72c3ba7975f
6346,225,7c37e863-512d-47e5-9a43-cbc1d35a1c55,9cdcda2f-3a05-4abe-8f21-8529136ec7fa
6347,69,c96592e3-c337-48d4-bacc-179391479051,035eab86-1053-41d2-bb09-048493bf5a8f
6347,191,c96592e3-c337-48d4-bacc-179391479051,2de6dd51-50e0-4e80-825c-d0aeb80b3a47
6348,991,ee7b91b4-14e3-4d1c-b992-823d061f343e,c09f6ef6-3d50-471d-8c7e-f4a78c8f398c
6349,102,1b0f2a21-5f9d-47c9-bcc9-95eddae769a4,a9d2a258-26e9-47ca-a80d-cb83e3d4fb49
6350,225,4db8ee9a-b71f-41ce-b712-3f3d14935e60,9cdcda2f-3a05-4abe-8f21-8529136ec7fa
6351,67,314defec-c711-4d90-883c-3ce5bffe93d5,92fb785b-75ee-467b-8ff0-c25cb9c81149
6351,225,314defec-c711-4d90-883c-3ce5bffe93d5,9cdcda2f-3a05-4abe-8f21-8529136ec7fa
6352,37,69f5c09a-f8da-467d-a35a-5198a12412a1,370d50ba-592a-491a-be9e-7aed4b1edcec
6352,225,69f5c09a-f8da-467d-a35a-5198a12412a1,9cdcda2f-3a05-4abe-8f21-8529136ec7fa
6353,110,fef32e62-7afb-4d5d-8fd2-326cd882754d,0f8bb30d-61bf-4513-b56a-113ea8c3aff8
6353,225,fef32e62-7afb-4d5d-8fd2-326cd882754d,9cdcda2f-3a05-4abe-8f21-8529136ec7fa
6354,76,d92310b8-bd9f-4946-afc2-bbe5e786c374,aca0ea7d-5edb-4012-b86e-c27ac894c9e9
6355,21,19d47065-0b75-4263-b0ab-fcf7dca09100,ad53cbad-6a77-4499-94a7-c3442c2df2ee
6355,74,19d47065-0b75-4263-b0ab-fcf7dca09100,fcadc606-b3bc-456e-ad45-826bb6eaa875
6355,110,19d47065-0b75-4263-b0ab-fcf7dca09100,0f8bb30d-61bf-4513-b56a-113ea8c3aff8
6356,225,1b9abe7e-439a-4202-8a7d-b134dbc5ab2f,9cdcda2f-3a05-4abe-8f21-8529136ec7fa
6357,93,aebeae9f-3282-4b6b-89fa-5d204b13f071,5aec9d0e-3c30-4467-846f-edbaca04007b
6358,225,dc14ee53-612b-423a-bfa4-85d24879a047,9cdcda2f-3a05-4abe-8f21-8529136ec7fa
6359,56,a26e4779-b165-46a5-abe9-ed57ffac9707,05db5d78-31d2-4fb7-ae0e-f3181d897dec
6360,171,f61a41ff-4a1e-4f1b-ab96-ada8ff46c4d4,2a3cc59e-2888-421d-bb8f-f72c3ba7975f
6360,192,f61a41ff-4a1e-4f1b-ab96-ada8ff46c4d4,f255ee1a-572c-4450-9477-73ff8bbe6165
6360,220,f61a41ff-4a1e-4f1b-ab96-ada8ff46c4d4,14b21639-9757-41e5-a698-9d715f44f80d
6361,76,bb80d68f-b65d-462f-8d48-4578a9afe24c,aca0ea7d-5edb-4012-b86e-c27ac894c9e9
6362,107,863c76bb-09b2-44ac-97aa-6f6422897a65,d5b59247-e12c-4bb2-ae69-5a3569942ff1
6363,183,5a91c0d8-f7fe-41b7-97ad-3e5fe40901d4,885e91b5-66eb-4e4c-b666-cd15b701f75d
6367,225,ec671864-2b3d-4560-8f6f-0c02f90212e7,9cdcda2f-3a05-4abe-8f21-8529136ec7fa
6368,225,b1ddb95a-0eb0-4aec-9dc5-3f81aefc2d63,9cdcda2f-3a05-4abe-8f21-8529136ec7fa
6369,991,c3ac3abe-49e1-4b3a-8d22-93467ee4d3df,c09f6ef6-3d50-471d-8c7e-f4a78c8f398c
6370,991,a5e23011-0705-499f-b0d7-2d4e267692bf,c09f6ef6-3d50-471d-8c7e-f4a78c8f398c
6371,991,3a07fbc3-9ca6-4f81-bf60-82de4eb87a46,c09f6ef6-3d50-471d-8c7e-f4a78c8f398c
6372,991,e3d3c54b-a09d-43d6-b72b-633a988d9fc9,c09f6ef6-3d50-471d-8c7e-f4a78c8f398c
6373,225,66dd0e15-72ea-4dc1-942d-9e8cfb5ab18a,9cdcda2f-3a05-4abe-8f21-8529136ec7fa
6374,225,3da4025f-503a-48bb-9a4e-7fab5dd76807,9cdcda2f-3a05-4abe-8f21-8529136ec7fa
6375,107,addef636-8aac-427b-8b75-1bdcc17dd90c,d5b59247-e12c-4bb2-ae69-5a3569942ff1
6375,225,addef636-8aac-427b-8b75-1bdcc17dd90c,9cdcda2f-3a05-4abe-8f21-8529136ec7fa
6376,55,c094846a-6996-4fbd-84cc-dd9eeab40aa4,70cb2fa0-b97b-4e80-adf4-5473e61cab6b
6376,56,c094846a-6996-4fbd-84cc-dd9eeab40aa4,05db5d78-31d2-4fb7-ae0e-f3181d897dec
6377,102,b19a648b-51a5-4687-9f6f-254f17e2fb56,a9d2a258-26e9-47ca-a80d-cb83e3d4fb49
6378,225,d6fd89d3-acf9-493f-b354-93c85872b7ac,9cdcda2f-3a05-4abe-8f21-8529136ec7fa
6379,991,4b30fbb7-2dd4-4a40-9111-8452c290d2ca,c09f6ef6-3d50-471d-8c7e-f4a78c8f398c
6380,992,915ce9a5-e578-4762-b7fb-0fbd386e92de,f5045ddb-28f5-4810-b5b2-c013e56c96a3
6381,992,44d9a632-5191-45c1-886c-acac0d0b5fce,f5045ddb-28f5-4810-b5b2-c013e56c96a3
6382,991,a65f719c-ed00-4993-9513-bfcd311b3c4f,c09f6ef6-3d50-471d-8c7e-f4a78c8f398c
6383,991,a5366fc9-cc37-4b4d-b714-0cbaedf22bfe,c09f6ef6-3d50-471d-8c7e-f4a78c8f398c
6384,991,49fe18bf-c458-43b4-897b-aea0d01a7a39,c09f6ef6-3d50-471d-8c7e-f4a78c8f398c
6385,99,68739590-6cd8-44aa-a2d6-d50516037936,1623e4b7-ea1a-41ae-9396-aa8a8ad0f24a
6386,56,212858ee-19c9-4d31-b89a-58f5a7282ece,05db5d78-31d2-4fb7-ae0e-f3181d897dec
6386,76,212858ee-19c9-4d31-b89a-58f5a7282ece,aca0ea7d-5edb-4012-b86e-c27ac894c9e9
6386,225,212858ee-19c9-4d31-b89a-58f5a7282ece,9cdcda2f-3a05-4abe-8f21-8529136ec7fa
6387,106,ee441196-0957-46bd-b781-db52193a202f,9e1bcb58-534c-4885-86f5-a220bb51438a
6388,106,f148293d-00df-4a3a-8fe6-53dd9eed1711,9e1bcb58-534c-4885-86f5-a220bb51438a
6389,225,83c0e6f4-32b9-4f83-9beb-a43fb754ec54,9cdcda2f-3a05-4abe-8f21-8529136ec7fa
6390,74,dcdce075-8a24-4282-b703-ac21a78e9a48,fcadc606-b3bc-456e-ad45-826bb6eaa875
6391,93,584760c1-ff77-4446-8458-34c0cdb70f67,5aec9d0e-3c30-4467-846f-edbaca04007b
6392,76,eac75bb7-3015-4928-a5b6-8e4e65a9732b,aca0ea7d-5edb-4012-b86e-c27ac894c9e9
6393,76,35ba4155-cd51-422d-8a92-0df4dede6a45,aca0ea7d-5edb-4012-b86e-c27ac894c9e9
6394,171,ea478d5f-c732-493c-aaae-f1913051d62a,2a3cc59e-2888-421d-bb8f-f72c3ba7975f
6395,992,2f117593-f734-42e8-ba4b-65ada893277f,f5045ddb-28f5-4810-b5b2-c013e56c96a3
6396,995,6b149624-9c60-4191-a676-44d6dd71f0fa,4c8bf90e-d1b8-4c9a-9882-fc85aee7fb51
6397,225,641da8a7-9b24-4e14-a072-4fd4b1edb622,9cdcda2f-3a05-4abe-8f21-8529136ec7fa
6398,204,5aff68c6-0479-495b-9b97-474e50bda010,1447f91c-9c54-4802-956a-02c1a313ab0a
6398,991,5aff68c6-0479-495b-9b97-474e50bda010,c09f6ef6-3d50-471d-8c7e-f4a78c8f398c
6399,991,fbced3c2-ec76-4e18-ab50-3312052bfc82,c09f6ef6-3d50-471d-8c7e-f4a78c8f398c
6400,107,0be2160b-4e0a-4990-8ba5-459b4adf1854,d5b59247-e12c-4bb2-ae69-5a3569942ff1
6401,55,7d5366a9-3abd-4101-9782-d9413393a8a3,70cb2fa0-b97b-4e80-adf4-5473e61cab6b
6401,222,7d5366a9-3abd-4101-9782-d9413393a8a3,bfcd729e-fa75-4887-bbe3-34e59d05af64
6401,992,7d5366a9-3abd-4101-9782-d9413393a8a3,f5045ddb-28f5-4810-b5b2-c013e56c96a3
6402,47,445eb99f-9e65-4478-ad6a-6ed108ce73d9,bce5e705-92ce-432a-a0d6-2ee99faeb42b
6402,225,445eb99f-9e65-4478-ad6a-6ed108ce73d9,9cdcda2f-3a05-4abe-8f21-8529136ec7fa
6402,992,445eb99f-9e65-4478-ad6a-6ed108ce73d9,f5045ddb-28f5-4810-b5b2-c013e56c96a3
6403,992,a7fde613-8b3c-4308-92e9-ef7e3bc4f930,f5045ddb-28f5-4810-b5b2-c013e56c96a3
6404,171,ae91fd63-080c-4b02-a824-d84d60884b0e,2a3cc59e-2888-421d-bb8f-f72c3ba7975f
6405,171,4e059b66-efd6-4e23-a614-f2712d88199d,2a3cc59e-2888-421d-bb8f-f72c3ba7975f
6406,171,3fe9a430-9ead-49de-b9c3-ce1657bad0ec,2a3cc59e-2888-421d-bb8f-f72c3ba7975f
6407,171,bcb2f405-5f6e-496e-a8ae-1b8a3e207bdd,2a3cc59e-2888-421d-bb8f-f72c3ba7975f
6412,100,d675566d-17b4-40f3-9cf0-2c87d6231ce7,cc0063a2-f29b-47cc-91bf-9cacc4668dd1
6412,107,d675566d-17b4-40f3-9cf0-2c87d6231ce7,d5b59247-e12c-4bb2-ae69-5a3569942ff1
6413,99,16dbe3ce-4ee7-4aee-86eb-889f6b844949,1623e4b7-ea1a-41ae-9396-aa8a8ad0f24a
6413,118,16dbe3ce-4ee7-4aee-86eb-889f6b844949,0ae3d636-f592-4f95-bed4-68e6dc1bf8a1
6413,225,16dbe3ce-4ee7-4aee-86eb-889f6b844949,9cdcda2f-3a05-4abe-8f21-8529136ec7fa
6414,210,52638e0b-35d3-4109-b216-4a3362665307,6455f001-c0d4-48db-829d-3a99cb517528
6415,110,59b048cc-dc6f-4beb-bcaa-6cf221d1e7bf,0f8bb30d-61bf-4513-b56a-113ea8c3aff8
6416,210,fdc7c68d-1809-449b-80b4-55a81a7431a1,6455f001-c0d4-48db-829d-3a99cb517528
6417,210,43e0d875-6eb8-4496-9d4d-82e16cece4f8,6455f001-c0d4-48db-829d-3a99cb517528
6418,152,1435ba40-0b09-4523-ae3e-72d3352554f0,fec52039-c629-464b-9df4-83cde2ba0c16
6419,991,9759a1dc-57bf-4037-8168-009c6ce6a736,c09f6ef6-3d50-471d-8c7e-f4a78c8f398c
6420,992,2feb71de-e30a-4789-9fef-4b42df541cdf,f5045ddb-28f5-4810-b5b2-c013e56c96a3
6421,992,e275e2df-4ba8-4191-8622-9410e3709705,f5045ddb-28f5-4810-b5b2-c013e56c96a3
6422,47,c9ced544-6957-4490-91bb-b3005e0fba20,bce5e705-92ce-432a-a0d6-2ee99faeb42b
6423,151,3b5d1c0f-bf64-4e5e-af7d-c11362cd383b,d99989a8-ea9c-4d4e-86f5-71dfdf6f7e81
6424,225,8ce9b00d-edd1-4a2c-bc08-3faedadde01b,9cdcda2f-3a05-4abe-8f21-8529136ec7fa
6425,98,7e5276bc-cb8e-428b-ac0b-9ddd7bae1b25,1e17f8a9-3e40-4f93-9af1-4b052b3fa800
6426,93,0c42fc73-8c26-44fa-b754-242214a3ddf6,5aec9d0e-3c30-4467-846f-edbaca04007b
6426,220,0c42fc73-8c26-44fa-b754-242214a3ddf6,14b21639-9757-41e5-a698-9d715f44f80d
6427,93,61753403-e379-417f-ae21-b003396aaaad,5aec9d0e-3c30-4467-846f-edbaca04007b
6428,47,15a7da5a-fac6-4472-8743-ce10f711cbc2,bce5e705-92ce-432a-a0d6-2ee99faeb42b
6429,47,e56af020-cd24-4221-80fa-20d9e9bc6b65,bce5e705-92ce-432a-a0d6-2ee99faeb42b
6430,93,92798776-7fa4-4754-820a-b443edfc8ca6,5aec9d0e-3c30-4467-846f-edbaca04007b
6431,110,3391fa20-4b9c-41ac-bad9-243873263852,0f8bb30d-61bf-4513-b56a-113ea8c3aff8
6431,225,3391fa20-4b9c-41ac-bad9-243873263852,9cdcda2f-3a05-4abe-8f21-8529136ec7fa
6432,76,7f69e13b-9d5a-41d2-a74b-c51f8541e212,aca0ea7d-5edb-4012-b86e-c27ac894c9e9
6433,225,c6b9e136-8102-499d-aa2c-c581291be795,9cdcda2f-3a05-4abe-8f21-8529136ec7fa
6434,76,73900490-0e53-41ee-950a-8bc1b04ced63,aca0ea7d-5edb-4012-b86e-c27ac894c9e9
6435,76,e6047968-955c-48af-9d8a-6aa1eedd5944,aca0ea7d-5edb-4012-b86e-c27ac894c9e9
6436,151,c5392c4c-4ff6-4ae2-b1f4-8c4d2abed007,d99989a8-ea9c-4d4e-86f5-71dfdf6f7e81
6437,162,78dd7526-62d7-4c80-aec0-76890364e341,247c57a3-9d4b-43e5-9d00-8296fda91a2b
6438,225,df140484-7fbf-4fe5-8a7b-04bb4d93b994,9cdcda2f-3a05-4abe-8f21-8529136ec7fa
6439,76,88a42d33-54d0-459b-a7a1-fb1a77b8450f,aca0ea7d-5edb-4012-b86e-c27ac894c9e9
6440,37,e0bd39a2-f2b8-49a6-bad3-f8c9decf441a,370d50ba-592a-491a-be9e-7aed4b1edcec
6440,225,e0bd39a2-f2b8-49a6-bad3-f8c9decf441a,9cdcda2f-3a05-4abe-8f21-8529136ec7fa
6441,110,dd0f6ab3-3ffb-4ed2-a2f4-c7c2a1797fac,0f8bb30d-61bf-4513-b56a-113ea8c3aff8
6441,225,dd0f6ab3-3ffb-4ed2-a2f4-c7c2a1797fac,9cdcda2f-3a05-4abe-8f21-8529136ec7fa
6443,110,a578ead1-54eb-4ce2-854a-d729e25bb9e2,0f8bb30d-61bf-4513-b56a-113ea8c3aff8
6444,225,64ca463b-2cd2-4e8c-a6c6-cdfb283cde07,9cdcda2f-3a05-4abe-8f21-8529136ec7fa
6445,76,0e711367-9c9a-4b20-812f-94eb5ab01ca8,aca0ea7d-5edb-4012-b86e-c27ac894c9e9
6446,217,6eb171d1-ee78-4dc8-be25-1c0ea4bd4721,da1bf799-42e5-4b0d-82c4-358b702d4200
6447,56,66c86e44-e1c9-4134-98d0-b773249bfada,05db5d78-31d2-4fb7-ae0e-f3181d897dec
6447,130,66c86e44-e1c9-4134-98d0-b773249bfada,3ac91d17-f0a1-4b85-a83d-efafab0ee78c
6448,225,3be45fc1-b6ee-41a7-9018-ecc50dddd05e,9cdcda2f-3a05-4abe-8f21-8529136ec7fa
6449,225,a6f95ba9-3f04-45cf-a39f-e4cb318a7265,9cdcda2f-3a05-4abe-8f21-8529136ec7fa
6450,225,922e6aa0-b443-490a-a391-9e953aae2015,9cdcda2f-3a05-4abe-8f21-8529136ec7fa
6451,14,2781571e-7c03-48af-98c9-c5746803609b,63415897-6d9c-4dc4-a2cf-db77b292f8ef
6452,55,ef001f4f-4c18-4071-a113-a009202797ce,70cb2fa0-b97b-4e80-adf4-5473e61cab6b
6453,55,06c7b216-888c-4b36-acc7-38c1b90fe13a,70cb2fa0-b97b-4e80-adf4-5473e61cab6b
6453,98,06c7b216-888c-4b36-acc7-38c1b90fe13a,1e17f8a9-3e40-4f93-9af1-4b052b3fa800
6453,196,06c7b216-888c-4b36-acc7-38c1b90fe13a,940b3f91-84fe-493e-a32b-97fe98b59535
6454,160,f1bc9d1e-524e-4c42-ab66-53c48d24a608,82d5bcea-2d26-46e5-9d77-5c269d4dc0f3
6455,58,cfa1c443-d178-4f86-9eac-71dc142987c6,70349383-d413-4b44-af33-49f3df8ed8f5
6456,74,9d11d86d-7d96-4d1b-931d-cfc9d0b39179,fcadc606-b3bc-456e-ad45-826bb6eaa875
6457,55,7f8cebde-92f0-469a-b02a-e449b96d4552,70cb2fa0-b97b-4e80-adf4-5473e61cab6b
6457,196,7f8cebde-92f0-469a-b02a-e449b96d4552,940b3f91-84fe-493e-a32b-97fe98b59535
6458,74,f15dbdb7-fb9c-4bc1-a315-f4d7a7546e0c,fcadc606-b3bc-456e-ad45-826bb6eaa875
6459,183,a8ef7fcf-3c98-43ae-bcf7-d6003f8667ce,885e91b5-66eb-4e4c-b666-cd15b701f75d
6460,55,78e62cca-8d98-48e7-944b-30466da05589,70cb2fa0-b97b-4e80-adf4-5473e61cab6b
6461,225,3cf0d4a1-cd3b-4289-bde6-30f7b10fb78a,9cdcda2f-3a05-4abe-8f21-8529136ec7fa
6462,991,cb5e9fcc-99be-4c45-bb69-87d4e49e2bf2,c09f6ef6-3d50-471d-8c7e-f4a78c8f398c
6463,225,01135a14-e55a-4f3b-892b-845dc9b1deff,9cdcda2f-3a05-4abe-8f21-8529136ec7fa
6464,55,4f7a05fe-e06c-476f-a431-9e1f4ed74ca8,70cb2fa0-b97b-4e80-adf4-5473e61cab6b
6465,30,79b1af85-b601-4f75-b457-45e2a3d65361,55c1acfc-2aef-4314-b490-163f7e844333
6466,55,aca1e86e-bcc2-413b-a2ed-9cb6223c5c1a,70cb2fa0-b97b-4e80-adf4-5473e61cab6b
6467,56,ca4e654b-2228-4af8-bb6f-0b2d6b074f6b,05db5d78-31d2-4fb7-ae0e-f3181d897dec
6467,992,ca4e654b-2228-4af8-bb6f-0b2d6b074f6b,f5045ddb-28f5-4810-b5b2-c013e56c96a3
6468,225,6898c81d-3aab-4baf-8221-a7ddc381d6b9,9cdcda2f-3a05-4abe-8f21-8529136ec7fa
6469,225,ce507aea-b0fc-4ce8-952c-1abf391a335b,9cdcda2f-3a05-4abe-8f21-8529136ec7fa
6470,225,accd4bf6-222b-4123-b85c-ebcf2b6189ea,9cdcda2f-3a05-4abe-8f21-8529136ec7fa
6471,991,d38e310a-6dbf-41c2-8ce4-d91509b6fba9,c09f6ef6-3d50-471d-8c7e-f4a78c8f398c
6472,55,33947d19-44ab-41d2-9f20-6c1349ce0dd5,70cb2fa0-b97b-4e80-adf4-5473e61cab6b
6472,196,33947d19-44ab-41d2-9f20-6c1349ce0dd5,940b3f91-84fe-493e-a32b-97fe98b59535
6473,56,6ea875fe-b554-4a35-a11d-f8b9d9561479,05db5d78-31d2-4fb7-ae0e-f3181d897dec
6474,991,0db18c23-c0e6-46db-ae9a-21e76608ac88,c09f6ef6-3d50-471d-8c7e-f4a78c8f398c
6475,69,b842b28d-5d9a-4a9a-905c-a514f3662a07,035eab86-1053-41d2-bb09-048493bf5a8f
6476,225,96ee3181-43a1-4c7b-87b6-cbe7441de737,9cdcda2f-3a05-4abe-8f21-8529136ec7fa
6477,225,07cebf6a-d7fb-41ad-b662-c02194c49b71,9cdcda2f-3a05-4abe-8f21-8529136ec7fa
6478,93,971756fd-472d-4bef-a819-f71f32ee656d,5aec9d0e-3c30-4467-846f-edbaca04007b
6478,220,971756fd-472d-4bef-a819-f71f32ee656d,14b21639-9757-41e5-a698-9d715f44f80d
6479,161,adc77703-7902-4417-a5a4-4eaa7d5ae301,cb4838c4-6ff1-432f-93f3-985c8eeb8f1b
6480,991,07024f3a-c5e2-4167-9bba-9a3847239f96,c09f6ef6-3d50-471d-8c7e-f4a78c8f398c
6481,183,0a31a913-289f-42ce-89bc-38435b2579b6,885e91b5-66eb-4e4c-b666-cd15b701f75d
6482,37,1108ff0e-2b1f-49ca-aa64-de412c4d5e60,370d50ba-592a-491a-be9e-7aed4b1edcec
6483,99,50fbc5b6-be86-4dfe-a7c0-b48b18c3bb58,1623e4b7-ea1a-41ae-9396-aa8a8ad0f24a
6484,991,cc2b4d1f-e841-4c5a-95a3-36f005fb75e2,c09f6ef6-3d50-471d-8c7e-f4a78c8f398c
6485,993,aa9bb6da-6553-4124-a0ce-7d8e6b4cd979,be7df09a-bed7-44db-844a-05dda9dd1a46
6486,42,ec04357a-5b59-44a4-8bed-fef3a427767e,51fc41ab-afab-40d9-a285-aa863fd2e978
6487,76,02e77bdc-2fe2-4f15-be8c-83956e758de4,aca0ea7d-5edb-4012-b86e-c27ac894c9e9
6488,225,b2dccf97-2c54-4993-a617-9ac5ec40b73b,9cdcda2f-3a05-4abe-8f21-8529136ec7fa
6489,225,948e8ae3-2657-4cde-b99c-40deae6408d2,9cdcda2f-3a05-4abe-8f21-8529136ec7fa
6490,225,a31d7447-61d9-44c2-88ef-eb374101f1d8,9cdcda2f-3a05-4abe-8f21-8529136ec7fa
6491,225,eb52f4c2-0606-454a-b3d1-78678beaa83b,9cdcda2f-3a05-4abe-8f21-8529136ec7fa
6492,222,4f51ff80-e614-4a07-82c7-50375014221a,bfcd729e-fa75-4887-bbe3-34e59d05af64
6493,225,1aeb4af3-7409-45f2-a968-f6719d8b43dd,9cdcda2f-3a05-4abe-8f21-8529136ec7fa
6494,225,b5ce965e-7ea8-40a8-8971-7ca2b4b71e01,9cdcda2f-3a05-4abe-8f21-8529136ec7fa
6495,991,837768e5-9158-4d40-b53f-a1fa3cf06269,c09f6ef6-3d50-471d-8c7e-f4a78c8f398c
6496,225,d6013f0d-1cdb-4d8c-86fe-43e3147c2e6c,9cdcda2f-3a05-4abe-8f21-8529136ec7fa
6497,991,f688b40e-30d2-4694-b834-136360b1034e,c09f6ef6-3d50-471d-8c7e-f4a78c8f398c
6498,225,0d559ca8-4412-49d5-b96f-7656cf15f269,9cdcda2f-3a05-4abe-8f21-8529136ec7fa
6499,14,febfc518-0e02-4254-8c98-43ebcdfc0c2a,63415897-6d9c-4dc4-a2cf-db77b292f8ef
6500,225,6f65c911-739e-4a71-885c-df6f0a8ab8f2,9cdcda2f-3a05-4abe-8f21-8529136ec7fa
6501,225,e75d969a-ca97-44fd-bdcf-05a110c43481,9cdcda2f-3a05-4abe-8f21-8529136ec7fa
6502,151,2a4ac4c7-39bf-48ae-9d92-a81e1af6c977,d99989a8-ea9c-4d4e-86f5-71dfdf6f7e81
6503,225,868c20be-6b38-466f-86d3-a3f09c73b640,9cdcda2f-3a05-4abe-8f21-8529136ec7fa
6504,225,3f9cf84c-486b-4607-96e1-dd7e1a7c3175,9cdcda2f-3a05-4abe-8f21-8529136ec7fa
6505,225,d5338ac4-43a8-4f83-8f1f-eb383c80c14a,9cdcda2f-3a05-4abe-8f21-8529136ec7fa
6506,69,db1937d9-40e0-4f58-bd93-f1c96363ec40,035eab86-1053-41d2-bb09-048493bf5a8f
6506,191,db1937d9-40e0-4f58-bd93-f1c96363ec40,2de6dd51-50e0-4e80-825c-d0aeb80b3a47
6507,76,ce70c2ce-1c87-4310-a49d-db55f9c7d4bb,aca0ea7d-5edb-4012-b86e-c27ac894c9e9
6508,995,a767c52b-e558-4b9e-9eb0-381079b3bb5c,4c8bf90e-d1b8-4c9a-9882-fc85aee7fb51
6509,225,26b726cb-2fb9-44f9-b77f-3ce53e3f23b8,9cdcda2f-3a05-4abe-8f21-8529136ec7fa
6510,37,4db55244-d4f8-423c-a9af-eff3c769515c,370d50ba-592a-491a-be9e-7aed4b1edcec
6511,87,be3cf173-2570-4c03-ae34-be20ac25dfd3,f3e2edb5-0b20-469f-ba30-8d25390d2d14
6512,225,ed643bbd-5b74-4e2a-9a39-717dca8164ec,9cdcda2f-3a05-4abe-8f21-8529136ec7fa
6513,67,32ab72eb-abbe-4714-8852-a482742d399c,92fb785b-75ee-467b-8ff0-c25cb9c81149
6513,225,32ab72eb-abbe-4714-8852-a482742d399c,9cdcda2f-3a05-4abe-8f21-8529136ec7fa
6514,222,71cea867-77e6-4657-8493-2ecd6b23a1b0,bfcd729e-fa75-4887-bbe3-34e59d05af64
6515,76,e1375a89-27f3-425e-b944-275aed4a2989,aca0ea7d-5edb-4012-b86e-c27ac894c9e9
6516,183,be982851-76ef-4414-8d49-66e8bb981616,885e91b5-66eb-4e4c-b666-cd15b701f75d
6517,56,3eeccbdb-049b-43b5-9cc9-a7d8f046fb3b,05db5d78-31d2-4fb7-ae0e-f3181d897dec
6518,225,5ca3b3c8-feac-4aa3-9001-14fd0ebe735d,9cdcda2f-3a05-4abe-8f21-8529136ec7fa
6519,76,d15961cf-c34c-478f-bee9-7a7141e848d0,aca0ea7d-5edb-4012-b86e-c27ac894c9e9
6520,227,901945b1-0715-4a77-b541-506c18e91de9,36430361-9436-401a-aa04-f2053967dc42
6521,225,b5f2a495-e0ff-4ea5-9650-5f5504497900,9cdcda2f-3a05-4abe-8f21-8529136ec7fa
6522,991,4aa4e16c-97bf-421a-99dc-2fbb0e89d3a1,c09f6ef6-3d50-471d-8c7e-f4a78c8f398c
6523,56,ad1c260c-fb31-40ab-b993-b04d77a7d1d8,05db5d78-31d2-4fb7-ae0e-f3181d897dec
6523,76,ad1c260c-fb31-40ab-b993-b04d77a7d1d8,aca0ea7d-5edb-4012-b86e-c27ac894c9e9
6524,42,f25bdba8-2c15-4156-8fd7-c56d726be083,51fc41ab-afab-40d9-a285-aa863fd2e978
6525,69,9ea24872-4197-462e-be07-433b1dfbd922,035eab86-1053-41d2-bb09-048493bf5a8f
6526,993,6190a0d2-2f83-4f02-bd41-34fe0b3352b9,be7df09a-bed7-44db-844a-05dda9dd1a46
6527,70,555c3cb3-2725-4401-9259-7185bda652e8,e3bae1f5-5710-43fa-8b80-22b28ab9639a
6528,225,10e7e103-cac5-487c-9c5f-99fb92e3da4e,9cdcda2f-3a05-4abe-8f21-8529136ec7fa
6529,992,6aa7cbe6-3b74-4164-b6db-d1e742d5fc88,f5045ddb-28f5-4810-b5b2-c013e56c96a3
6530,161,05e13889-cb21-4982-b1e3-c154f5e36f6b,cb4838c4-6ff1-432f-93f3-985c8eeb8f1b
6531,225,92fd2346-a86c-4f56-a5ad-de7e395ec91f,9cdcda2f-3a05-4abe-8f21-8529136ec7fa
6532,14,3a268a58-3b51-4abd-8b5d-7c11a7f2683f,63415897-6d9c-4dc4-a2cf-db77b292f8ef
6532,225,3a268a58-3b51-4abd-8b5d-7c11a7f2683f,9cdcda2f-3a05-4abe-8f21-8529136ec7fa
6533,76,3d4bdecb-7784-401f-bd95-3976a1e0bfab,aca0ea7d-5edb-4012-b86e-c27ac894c9e9
6534,225,043d0ef4-d11b-4fb5-a3fe-bb0c6cdc83a6,9cdcda2f-3a05-4abe-8f21-8529136ec7fa
6535,74,26a7afb6-c30f-4e5d-a71e-faed38bbd9b8,fcadc606-b3bc-456e-ad45-826bb6eaa875
6536,74,f2c29200-e1de-404c-836a-ab16962be204,fcadc606-b3bc-456e-ad45-826bb6eaa875
6537,151,ee5206f2-9511-4ed7-b718-a1a78f08f183,d99989a8-ea9c-4d4e-86f5-71dfdf6f7e81
6538,991,5dc5fe98-2bd8-455d-a9ec-a51aee46a250,c09f6ef6-3d50-471d-8c7e-f4a78c8f398c
6539,74,d4465f3a-4d19-4d52-b1e6-ec55eefc1049,fcadc606-b3bc-456e-ad45-826bb6eaa875
6540,76,8e79bd4c-96d3-4701-961d-0d41f0c8fe1d,aca0ea7d-5edb-4012-b86e-c27ac894c9e9
6541,225,b055a6ec-e98e-4bbb-8942-41d68535184f,9cdcda2f-3a05-4abe-8f21-8529136ec7fa
6542,991,3daaaeb2-1b27-4ea7-9356-1b8d3fe56dde,c09f6ef6-3d50-471d-8c7e-f4a78c8f398c
6543,225,82e39eb6-f871-4142-a1b8-f4377dba8e63,9cdcda2f-3a05-4abe-8f21-8529136ec7fa
6544,56,28d95086-5bd2-4b50-b68c-eeb307758701,05db5d78-31d2-4fb7-ae0e-f3181d897dec
6545,225,3f107133-31e1-443e-b1eb-55e9e9742e40,9cdcda2f-3a05-4abe-8f21-8529136ec7fa
6546,991,049c9347-49f9-4baa-9c68-4e565e36b180,c09f6ef6-3d50-471d-8c7e-f4a78c8f398c
6547,110,36e32418-e241-45a0-ab6a-006627aeb319,0f8bb30d-61bf-4513-b56a-113ea8c3aff8
6548,183,82f2dab2-c751-4049-965f-1762f6439e79,885e91b5-66eb-4e4c-b666-cd15b701f75d
6549,100,b9bbeb26-0cd8-495d-bb60-3d6747125b2f,cc0063a2-f29b-47cc-91bf-9cacc4668dd1
6550,225,55fe8b9f-0e28-4cc9-9f3a-845e687eef7a,9cdcda2f-3a05-4abe-8f21-8529136ec7fa
6551,225,527f834b-685f-49f2-86ab-753708892f01,9cdcda2f-3a05-4abe-8f21-8529136ec7fa
6552,30,7392242f-1025-46d3-8e09-74abefddfc72,55c1acfc-2aef-4314-b490-163f7e844333
6553,30,8b770637-68e0-4443-ac0d-20d345b268d5,55c1acfc-2aef-4314-b490-163f7e844333
6554,30,1bd23381-1d9b-46ca-a723-27d88ade9094,55c1acfc-2aef-4314-b490-163f7e844333
6555,76,0ac27837-476b-458e-b108-aabd09f8b6ae,aca0ea7d-5edb-4012-b86e-c27ac894c9e9
6556,106,16cb9379-b10c-4e25-ae9f-25a2573bfe98,9e1bcb58-534c-4885-86f5-a220bb51438a
6557,56,2321072b-f036-450c-bfb5-4653aea67233,05db5d78-31d2-4fb7-ae0e-f3181d897dec
6558,76,16a6cd9e-7b01-4924-b92e-57c105e54fa3,aca0ea7d-5edb-4012-b86e-c27ac894c9e9
6559,151,3fa5a590-566c-4460-849b-dfb6b8cae30e,d99989a8-ea9c-4d4e-86f5-71dfdf6f7e81
6560,76,d3521442-7777-4c4b-936c-13e0753d97ae,aca0ea7d-5edb-4012-b86e-c27ac894c9e9
6561,56,a54dc7f0-0475-452c-87ad-8fdb96c3cf32,05db5d78-31d2-4fb7-ae0e-f3181d897dec
6562,993,0f919505-f0ac-4f39-8088-942d48c81668,be7df09a-bed7-44db-844a-05dda9dd1a46
6563,107,77f7d2d5-4c28-40a9-acdf-65b92f766bfb,d5b59247-e12c-4bb2-ae69-5a3569942ff1
6563,993,77f7d2d5-4c28-40a9-acdf-65b92f766bfb,be7df09a-bed7-44db-844a-05dda9dd1a46
6564,13,33a843d9-e268-44af-8900-a42b6203cbc9,b55c215f-d96b-4e35-b2f0-242bed184ab2
6565,993,cc8d7ac3-2abb-4345-a402-9568f6914b65,be7df09a-bed7-44db-844a-05dda9dd1a46
6566,993,a2496a6c-3648-4727-aeb7-0daee0d88bd4,be7df09a-bed7-44db-844a-05dda9dd1a46
6567,993,2c76de5f-27fc-4419-bf96-b96a208efa72,be7df09a-bed7-44db-844a-05dda9dd1a46
6568,993,9f9c2d9b-07c0-4336-b780-f2c3f5bddfca,be7df09a-bed7-44db-844a-05dda9dd1a46
6569,21,b8f63507-9c44-4c9c-be2f-773d144fa37b,ad53cbad-6a77-4499-94a7-c3442c2df2ee
6570,74,761752aa-7005-4708-bc1b-ac89f5ad376f,fcadc606-b3bc-456e-ad45-826bb6eaa875
6571,993,b8a69955-1a22-475e-9978-ed21dc4666bd,be7df09a-bed7-44db-844a-05dda9dd1a46
6572,69,c36c0762-f335-46b5-a2a6-4a58dfebb392,035eab86-1053-41d2-bb09-048493bf5a8f
6573,176,a863fac5-aba4-4f85-9881-93a895e718f4,7d514500-808c-4ef5-a58e-4f7fac6b3d5f
6574,225,13c94e90-1778-4603-b130-b837135aafd9,9cdcda2f-3a05-4abe-8f21-8529136ec7fa
6575,993,3ae7ede3-0f30-42df-981e-71b7b9f8d91c,be7df09a-bed7-44db-844a-05dda9dd1a46
6576,183,7b935bce-3dda-4a03-aec5-7108fc0dfdee,885e91b5-66eb-4e4c-b666-cd15b701f75d
6577,225,5c67ce34-1f78-4b21-a32f-912628a2b5e2,9cdcda2f-3a05-4abe-8f21-8529136ec7fa
6578,991,1c50d591-9856-42b2-ac82-e67ffd3b1720,c09f6ef6-3d50-471d-8c7e-f4a78c8f398c
6579,991,5289115d-13c0-4b37-b34d-3beec65ec501,c09f6ef6-3d50-471d-8c7e-f4a78c8f398c
6580,991,26ca5f8b-7128-4dce-ac9e-c054aad82f5c,c09f6ef6-3d50-471d-8c7e-f4a78c8f398c
6581,991,98723ebe-074c-4c99-bbe5-71bb998444e6,c09f6ef6-3d50-471d-8c7e-f4a78c8f398c
6582,993,be7691a3-31b2-4c21-b20b-eddc54d4d35b,be7df09a-bed7-44db-844a-05dda9dd1a46
6583,76,e1d698d5-8ec8-444a-919f-05f22aa83af9,aca0ea7d-5edb-4012-b86e-c27ac894c9e9
6584,225,607d8346-704f-4579-936d-c8b83e2ebe0a,9cdcda2f-3a05-4abe-8f21-8529136ec7fa
6584,993,607d8346-704f-4579-936d-c8b83e2ebe0a,be7df09a-bed7-44db-844a-05dda9dd1a46
6585,225,230f972a-fb02-4633-a217-abb026b2e454,9cdcda2f-3a05-4abe-8f21-8529136ec7fa
6586,225,7af64a20-a91c-4e0e-bd04-636227c17d10,9cdcda2f-3a05-4abe-8f21-8529136ec7fa
6587,225,1d8a3dda-8014-4f7d-a933-178984caf574,9cdcda2f-3a05-4abe-8f21-8529136ec7fa
6588,991,1d066be4-3850-4f6c-8c06-c2c4fdad78d3,c09f6ef6-3d50-471d-8c7e-f4a78c8f398c
6589,991,a74e1e68-30ea-43b0-a900-40e5646e2f2b,c09f6ef6-3d50-471d-8c7e-f4a78c8f398c
6590,56,a3e965c7-c071-4a36-a3ca-e18e3cbb0825,05db5d78-31d2-4fb7-ae0e-f3181d897dec
6591,993,4ca3b7b8-b316-41a5-b009-bab3856e6180,be7df09a-bed7-44db-844a-05dda9dd1a46
6592,993,3e0a9d37-3d8c-48fe-9611-67a473588284,be7df09a-bed7-44db-844a-05dda9dd1a46
6593,993,678540da-5ebd-48be-b380-672e7e43e48d,be7df09a-bed7-44db-844a-05dda9dd1a46
6594,993,32c48375-a524-41eb-9d1f-d3b52a8a8ed8,be7df09a-bed7-44db-844a-05dda9dd1a46
6595,993,4c849afc-499a-46e8-b0cb-d17c32a4bc6d,be7df09a-bed7-44db-844a-05dda9dd1a46
6596,55,1708b0bc-74e3-4318-bfeb-4c9ada02f024,70cb2fa0-b97b-4e80-adf4-5473e61cab6b
6597,993,3e508211-947a-42c0-a43f-5cf2a8ee46e5,be7df09a-bed7-44db-844a-05dda9dd1a46
6598,993,1f94e74d-d6ee-41c8-a762-6d8d6acea31b,be7df09a-bed7-44db-844a-05dda9dd1a46
6599,993,7c86ea58-8961-4850-ac88-ccfe5782e5da,be7df09a-bed7-44db-844a-05dda9dd1a46
6600,76,9c770c06-8962-4524-925e-44e5be80f31a,aca0ea7d-5edb-4012-b86e-c27ac894c9e9
6600,173,9c770c06-8962-4524-925e-44e5be80f31a,5c13e222-45ec-4a67-9e4a-d91b1f1e60c9
6600,225,9c770c06-8962-4524-925e-44e5be80f31a,9cdcda2f-3a05-4abe-8f21-8529136ec7fa
6601,14,0b61ed7e-31e7-47c0-993e-ce7b95eaaf8c,63415897-6d9c-4dc4-a2cf-db77b292f8ef
6602,55,26c1d2d7-7480-4e4d-af77-07fba7708385,70cb2fa0-b97b-4e80-adf4-5473e61cab6b
6603,58,fea922a0-90db-457d-a2da-4851efbd9c82,70349383-d413-4b44-af33-49f3df8ed8f5
6604,993,36380e09-802c-4159-bad4-d2ce0a692360,be7df09a-bed7-44db-844a-05dda9dd1a46
6605,993,d623b200-02a0-49c3-b299-6ff5b92d13bd,be7df09a-bed7-44db-844a-05dda9dd1a46
6606,991,0ecaf60b-b0c4-4906-b0fc-5e7c535accde,c09f6ef6-3d50-471d-8c7e-f4a78c8f398c
6607,991,5c817155-01e6-4664-b568-381b3b82de07,c09f6ef6-3d50-471d-8c7e-f4a78c8f398c
6608,991,ae69248e-5016-40dc-88c2-556da2892196,c09f6ef6-3d50-471d-8c7e-f4a78c8f398c
6609,991,adb0125f-38b7-4cf4-b75d-beb1f9a27f48,c09f6ef6-3d50-471d-8c7e-f4a78c8f398c
6610,992,4eb9bdf3-8f86-479c-83a8-111abb671cfd,f5045ddb-28f5-4810-b5b2-c013e56c96a3
6611,991,3c50c05f-f81b-4548-a9cc-63d4430529a1,c09f6ef6-3d50-471d-8c7e-f4a78c8f398c
6612,991,587bd630-154c-41ff-8477-f46840b081f9,c09f6ef6-3d50-471d-8c7e-f4a78c8f398c
6613,991,98e5acdc-89d0-4c4e-85bf-b4496af12340,c09f6ef6-3d50-471d-8c7e-f4a78c8f398c
6614,992,67fdec9a-fc9d-4c20-8c9f-a2f8362ee673,f5045ddb-28f5-4810-b5b2-c013e56c96a3
6615,991,886f8dd3-6e16-418d-a158-6634a1e728a2,c09f6ef6-3d50-471d-8c7e-f4a78c8f398c
6616,37,ea003340-2332-4ce4-a5ba-d91b498a2b52,370d50ba-592a-491a-be9e-7aed4b1edcec
6616,225,ea003340-2332-4ce4-a5ba-d91b498a2b52,9cdcda2f-3a05-4abe-8f21-8529136ec7fa
6617,225,be2e2b7a-9f12-4d32-9fe8-046b6dc1cc77,9cdcda2f-3a05-4abe-8f21-8529136ec7fa
6618,67,ce39bef5-08bd-47ae-8d95-867646b9f57b,92fb785b-75ee-467b-8ff0-c25cb9c81149
6618,225,ce39bef5-08bd-47ae-8d95-867646b9f57b,9cdcda2f-3a05-4abe-8f21-8529136ec7fa
6619,23,b9121856-a976-4b1f-a574-eba8dd632c24,524be1b8-9739-4266-aa59-a9100c49a6e3
6619,74,b9121856-a976-4b1f-a574-eba8dd632c24,fcadc606-b3bc-456e-ad45-826bb6eaa875
6619,87,b9121856-a976-4b1f-a574-eba8dd632c24,f3e2edb5-0b20-469f-ba30-8d25390d2d14
6620,993,bf089edb-87fd-422a-8c95-f8cd7e25fe41,be7df09a-bed7-44db-844a-05dda9dd1a46
6621,993,3aa8ed75-dcc2-4162-ba75-6df833e6c9d4,be7df09a-bed7-44db-844a-05dda9dd1a46
6622,993,8e3ad48d-ddff-4252-945b-5e05ff0a61b2,be7df09a-bed7-44db-844a-05dda9dd1a46
6623,993,7f50b8d4-f334-43f4-9ad5-21320cb582b5,be7df09a-bed7-44db-844a-05dda9dd1a46
6624,993,8f5ca3e3-d03c-4c0d-89fd-358251fbdf23,be7df09a-bed7-44db-844a-05dda9dd1a46
6625,993,bfb8dbf2-1e91-4938-8a64-92e431414a58,be7df09a-bed7-44db-844a-05dda9dd1a46
6626,993,14d93259-4f99-4e92-bbb9-1c5a7176b1a5,be7df09a-bed7-44db-844a-05dda9dd1a46
6627,993,b84bbeb6-aa4a-48c4-b559-689b417baf13,be7df09a-bed7-44db-844a-05dda9dd1a46
6628,225,5e02b869-effa-4c0f-bf25-db80029392dd,9cdcda2f-3a05-4abe-8f21-8529136ec7fa
6629,225,e87125c8-914c-40fc-98e2-ee9b25714536,9cdcda2f-3a05-4abe-8f21-8529136ec7fa
6630,225,e34684cc-9fe3-46f6-923b-c27a60b27ed3,9cdcda2f-3a05-4abe-8f21-8529136ec7fa
6631,225,bc654a9d-1665-4575-915d-95329a2e71e3,9cdcda2f-3a05-4abe-8f21-8529136ec7fa
6632,225,79327a3a-71be-4f8d-85e0-5d93f59f38c5,9cdcda2f-3a05-4abe-8f21-8529136ec7fa
6633,992,99305e8a-c298-478c-bf95-82735616516c,f5045ddb-28f5-4810-b5b2-c013e56c96a3
6634,991,144592d5-b8b5-478c-90c4-a2a4e9385b1d,c09f6ef6-3d50-471d-8c7e-f4a78c8f398c
