LinkId,FilmId,Guid,FilmGuid,Url
12,35,bd4556a3-cfeb-4849-9b61-9d602b37c137,a26e1604-d107-4bf5-8a80-975b3c9c9d9b,http://www.imdb.com/title/tt0138545/
13,36,a93d8037-59a1-41d0-ad5f-5282471e23a0,7c09b09c-e082-471c-b605-0f412b6316e8,http://www.imdb.com/title/tt0380632/
15,37,92a3a2ee-a6cf-4e12-a3a5-ac58a144adc3,ac7790e0-6218-45d2-8572-d5be0dd2b789,http://www.imdb.com/title/tt0152066/
16,38,af993f70-b376-46cd-b025-9958b2683264,ed3a4fff-7ec5-49ef-b762-1c2aca3d7053,http://www.imdb.com/title/tt0101414/
17,39,0e0b5419-0556-4a3b-bd82-f251e6698f7e,54159d15-b6de-44ec-8e02-e2912a5c7aec,http://www.imdb.com/title/tt1045815/
18,40,6b96ca9a-e8bf-4a28-805f-b6c0c3effbee,91ecf12b-c0ef-4045-9d0d-1da0b2649bed,http://www.youtube.com/watch?v=pB68RTUTbso
21,47,7a8540c1-273a-458c-b2e3-b64c8912d24d,27f393a4-5970-4b5b-974c-9dd904c7321c,http://www.imdb.com/title/tt0118692/
22,49,48e573c8-4408-4756-bddb-c57b7a948e4f,0fd0b1e9-da7e-4df6-8c8b-3cd923e17e16,http://www.imdb.com/title/tt0167038/
23,50,e0657178-a92a-419d-8e8d-9c56edf23dbc,5c27d701-cbad-4c01-816e-c32a5cb7ce79,http://www.imdb.com/title/tt0922366/
25,53,201a0b18-545f-4635-a98b-92eaf1f8865b,e3672c52-f490-424f-9671-76e11bfb671e,http://www.imdb.com/title/tt0374574/
26,54,de1e01cf-39cc-4c90-bf65-26e7e109b6a5,deb419d2-0287-471b-a9ff-9d7b99eb9c91,http://www.imdb.com/title/tt0054665/
27,55,aa6dca10-65f7-45d5-bb74-787377f61635,703df8a9-36cb-4acc-9e99-06849018b407,http://www.imdb.com/title/tt0233691/
28,56,1efd215c-d25b-4c13-bd81-f72fa27d6720,5c6efee5-579c-4931-963d-067dee595192,http://www.imdb.com/title/tt0095525/
29,57,c37c5872-e847-4cc8-9efb-72b8e3cc6bb5,71b0cfe5-7440-4564-94af-7dcc5f2944e3,http://animator.ru/db/?ver=eng&p=show_film&fid=3038
30,58,4917b2dd-9e05-47a0-b0c5-3bc52eb7b5b7,883bec7a-9ff8-4a50-9e6c-69bda87b5e6b,http://www.imdb.com/title/tt0214139/
31,59,e4ecf466-2c71-4044-b60a-8316b9be44cf,89fb5da0-74a8-4c4d-997e-50c6a12828b3,http://www.imdb.com/title/tt0308353/
32,60,51ed5a37-e9d2-45eb-b696-40bd84be5ccd,aadffcfc-3fd1-4da3-90d4-1796ee9cd21b,http://www.imdb.com/title/tt0239096/
33,61,e2c5349e-517f-4bbb-a492-2c8ff690a45c,19453ede-706d-4d4f-9a45-39af3d105039,http://www.imdb.com/title/tt0193253/
34,62,7f33d950-ef6d-4762-8993-82d3552f508e,c90abdf6-817c-494c-b303-4a8fa83b9975,http://www.imdb.com/title/tt0761878/
35,63,ce39919a-2401-4aa0-bcee-a29abe48a6cb,99f513a5-181d-4e24-b96a-ccc112d7cafd,http://www.imdb.com/title/tt0145892/
36,64,f832d7c2-3e65-4725-9754-226eede19add,4fb2a2bf-5008-442f-9af7-b7a613139f55,http://www.imdb.com/title/tt0211653/
37,65,8a7995ba-d262-4324-b2e5-bd15e43947d4,27e41d4a-d0e8-4397-a448-02afdd604435,http://www.imdb.com/title/tt0302758/
38,66,5b81e0d6-3c2b-4ce6-a12b-79f3a5e7a65c,b9a4a61b-6175-48fe-9dd8-b69ae9eb77f1,http://www.imdb.com/title/tt0332029/
39,67,76667f28-6a2e-4fdd-8212-80d0270d7f8c,68229bdc-2095-4fda-8beb-8967b6e071d5,http://www.imdb.com/title/tt0052527/
40,69,501fc6f4-b1e2-4f88-9de6-391de9ceb63f,9f0dc417-6e3f-4779-9c6a-5b690b210a65,http://www.imdb.com/title/tt0225145/
41,70,7fe9e6f9-fe24-45b3-b972-1e055d13a879,5aa39b7b-1bde-4999-841b-9ac94ea78cd6,http://www.imdb.com/title/tt0228747/
42,71,3ade909f-7fd7-4a5f-9767-f304f21ad307,cddf5ab3-77e6-43c1-83ea-90ac2ce82842,http://www.imdb.com/title/tt0780521/
43,72,9cfcacc3-8df4-4988-9ad1-cb611600d826,b85065f3-d0d7-4a50-ab50-381ef7868c90,http://www.imdb.com/title/tt0949326/
44,73,4153ead6-efb6-4ca1-b957-235d9d84815a,5ca8c8c8-38de-4971-98ca-32a1b9159df7,http://www.imdb.com/title/tt0126029/
45,74,1f663ba4-2afb-4f44-a2f0-8dd1f1c4b0b3,69e83f24-ecd9-42cf-8103-5dd978ff9af4,http://www.imdb.com/title/tt0298148/
46,83,b452ea09-e5bc-4606-8691-63660d440c87,61cf236d-24b6-49ef-9e72-4dcc73e9eae0,http://www.imdb.com/title/tt0413267/
47,84,c30b8b11-0807-4f06-b8b8-a5b24ae27a77,e0c5381d-5faa-4dd8-92b2-90310b64fdfe,http://www.imdb.com/title/tt0045160/
48,84,90ca9c9f-7084-4b36-9021-8a8375d754f0,e0c5381d-5faa-4dd8-92b2-90310b64fdfe,http://www.animator.ru/db/?ver=eng&p=show_film&fid=3021
49,85,5475c8bf-c3d1-462a-a849-b791703bbf60,a367d7e0-2e29-4501-9008-c88209219a3b,http://www.imdb.com/title/tt0050987/
50,86,be00cec4-9bc1-489c-93f8-e2f0cf73c104,67608ae3-c2aa-4b0d-80e3-fa299c3713ac,http://www.imdb.com/title/tt0075811/
51,87,f693b0d1-dc75-497f-9f61-baa92a4aa3d6,049ce43c-1486-4be0-8bb6-eb88e9b7915d,http://www.imdb.com/title/tt0051694/
52,88,82001f4d-e543-4b64-92af-dd892664b310,98e4029d-49c4-439a-81f5-9667d45ef533,http://www.imdb.com/title/tt0061069/
53,89,0ca0f3a5-591f-4a16-b2ab-64d7ef7a7dcd,b68bbf65-02ee-4db9-a784-ba1762c129c9,http://www.imdb.com/title/tt0072004/
54,90,e49a21fa-3772-4a0f-a6a7-046568a9609c,07d8e90d-da9c-4d53-923c-7bfa64bf99fa,http://www.imdb.com/title/tt0218798/
55,91,1494e20a-394b-435a-bf27-c49960035f35,42e20ec8-1f79-4eeb-a238-fd0cf0a2f9be,http://www.imdb.com/title/tt0086489/
56,92,7b981beb-b384-453a-a509-2fcf55e9222b,754885a2-97df-4515-b563-2a34207be0e9,http://www.imdb.com/title/tt0238938/
57,93,afe6f7ea-c9d2-401b-b1bb-7cda7f2240cf,6d7997fe-7ddf-4a70-9aae-6db266629754,http://www.imdb.com/title/tt0076929/
58,94,49032d82-1c71-4f29-aa1e-5d890de232a3,b1fdd0b8-179d-4fad-a1d6-9886f12053e9,http://www.imdb.com/title/tt0150129/
59,95,e3477f6f-48ec-49f1-9847-3d0797b7e47a,b9d25a94-0a32-4833-83a6-475f85f56241,http://www.imdb.com/title/tt0147721/
60,96,d84a46ba-1ce9-4065-9cad-d2c6e8597337,ad471ad2-5b87-44b1-b347-643275846195,http://www.imdb.com/title/tt0149270/
61,97,11299ead-4300-4f05-bf10-c6be320d35b2,8392b022-c21a-426c-9bf3-09273676d3d5,http://www.imdb.com/title/tt0148620/
62,98,cf04d96d-a9f6-4952-9027-a36481265f94,64748a4b-75c9-4f03-b7d0-82edb4cd0561,http://www.imdb.com/title/tt0148665/
63,99,5ee51989-081d-42e9-a92d-7ac694b35309,9c001cbe-9793-4ca9-9c1c-576ca77c41e2,http://www.imdb.com/title/tt0149384/
64,100,501294f5-80de-4d8e-acb8-204b1e262165,2a195418-c5e8-4d0a-bffd-79edb753043b,http://www.imdb.com/title/tt0147997/
65,101,67474015-4342-4a4a-a8cc-6b9983dfd416,5567f0bf-6098-49a6-becd-4cc0eccd7b6f,http://www.imdb.com/title/tt0153852/
66,102,fc7307c0-8009-4b92-aec7-9cff314bbf23,0deae6cc-6a6a-4b9a-839d-cc6565606176,http://www.imdb.com/title/tt0150426/
67,103,45f9779b-db65-41bc-b432-966cf3b60feb,f8621fbe-1146-4361-ae24-4063276d6f42,http://www.imdb.com/title/tt0013149/
68,104,4572e089-00e2-4788-a109-d3d24ecaa426,6b640c6d-db2d-4447-8adb-805d6bf0ffd5,http://www.imdb.com/title/tt0013323/
69,105,61f4ccea-e230-4751-873e-d0b5b37d9af9,edcc96c4-b515-442b-bacf-432345a90db4,http://www.imdb.com/title/tt0013520/
70,106,f79786a5-674a-4714-8863-b8c2ef565c7a,60015774-01cb-4937-b205-8b3f7b7e3ecc,http://www.imdb.com/title/tt0013275/
71,107,748fbc51-67fb-49a4-920f-e80507c7281e,2cf2aea1-00b5-43cc-9e72-f977ec3e02d3,http://www.imdb.com/title/tt0013014/
72,108,068eb00a-63a7-4151-9f2d-439e4909ad82,f5e69d4c-2127-41a7-b760-4a08d0193285,http://www.imdb.com/title/tt0020164/
73,109,1aef70d7-5067-40e3-93cc-5ede092723d0,1b205ab5-0f2e-4f41-9955-def8f24211ef,http://www.imdb.com/title/tt0022515/
74,110,e1782e84-0050-4e9b-9bbc-d59ee2b6e04f,aab7a5f0-954a-437c-9c5f-8df1ebfdeef2,http://www.imdb.com/title/tt0022647/
75,111,316a14b1-43f9-4a1c-9ac3-222c73955ee2,1eacf8d8-a679-472e-b7dd-d3169264d9f8,http://www.imdb.com/title/tt0024660/
76,116,da089078-98b5-487f-8e23-7c2dc1a9a768,1f6ccf4e-ea6a-427f-b4a1-c81c2d652ded,http://www.imdb.com/title/tt0808174
78,126,9692b059-8e33-4d57-ad12-c009fba74f02,91f9fe2a-443b-4805-849f-4716037dbab6,http://www.imdb.com/title/tt0022009/
79,127,e9d65256-292f-4da2-a9f9-008b63bda1cb,91e6b257-f50c-4559-a822-1d11d7fa500b,http://www.imdb.com/title/tt0021802/
80,128,81c1aa53-1a03-4fa6-a005-e978e773fe70,da90f861-4998-4176-ab9d-af1ae594fd9d,http://www.imdb.com/title/tt0024578/
81,129,5ea6c4e9-b39a-46e2-87aa-973a1d297da1,ec51f779-35d2-4d40-8324-41a9faa146c7,http://www.imdb.com/title/tt0024882/
82,130,bde9287a-cdd9-45bd-906d-8948d97e4ebf,dcdcccbe-b522-45ca-b13a-a5e518d29e3c,http://www.imdb.com/title/tt0025665/
83,131,3c0df222-d17a-4ec2-a330-4b4724137656,3310dba9-0b8d-4eae-b2e1-0fe88d9d5784,http://www.imdb.com/title/tt0025405/
84,132,93e8c302-d2d1-4528-8b3b-f99471d903a2,ccb4e47d-2c00-4a5f-8689-83cf7b349d3b,http://www.imdb.com/title/tt0027353/
85,133,3cacdd46-6cb0-4d22-8b2a-784bad2e3062,31a90458-2db0-4aa5-81f4-364e8677c55f,http://www.imdb.com/title/tt0034397/
86,134,90068055-988a-418d-a175-b961c6fc23bc,d3431df4-d7e2-448c-980c-6cdba5b93986,http://www.imdb.com/title/tt0148346/
87,135,fbc689ee-a5aa-4974-9ff6-dbf4232baf92,f0712f08-fd4e-4124-aa9c-3df6f3a2a62f,http://www.imdb.com/title/tt0146507/
88,136,f3a5e418-be68-42e6-96fd-0587b8bee0ed,3bea700f-092b-4c58-8f2d-df5a433252df,http://www.imdb.com/title/tt0148647/
89,137,740c0f04-3a33-411e-aabe-094831de382d,f9b170a7-a0c9-4490-90e4-c698a0627708,http://www.imdb.com/title/tt0146414/
90,138,4c31035b-13d2-4177-b31f-baf4ebc03e01,5dc1a841-4b69-4141-8854-11b8d351ac3f,http://www.imdb.com/title/tt0026135/
91,139,29a449f7-eb57-42f3-aa98-196f6f986e0b,cc47a4ea-f7b3-46d4-9482-ec5ec3d03f04,http://www.imdb.com/title/tt0027002/
92,140,91364886-70a8-4b6e-bd9f-05996304369d,e5680c4c-eff6-457d-9fd5-3e6784642bdb,http://www.imdb.com/title/tt0146460/
93,141,711341c5-2af2-4349-8b7e-846a56290a76,2251bf2e-1094-4fc4-ab13-c5e3e799c156,http://www.imdb.com/title/tt0027270/
94,142,5ac948f6-fff0-471a-80e3-50cabcb9b493,22bdb454-c091-462e-8710-8f6c0d0d788a,http://www.imdb.com/title/tt0147615/
95,143,ba2dab9b-18c1-4276-a912-eae3f563c407,f6356eb9-9a5f-44e1-ad27-d82642ac0418,http://www.imdb.com/title/tt0146624/
99,144,e0c16586-0870-4615-aaea-ea33c346c268,f7886c4d-a0f8-4941-ac0c-4669b4029417,http://www.imdb.com/title/tt0038348/
103,123,ffede556-1954-4d98-81ca-d6d6bd745c6e,5cb58b79-60cc-48d0-b054-e10ecd164dbe,www.imdb.com/title/tt0024355/
106,80,b9f45874-d815-4fa4-9a34-1c297802b3e1,5a0dad8d-f215-443d-8ea5-6aab85f643c4,http://www.imdb.com/title/tt0024886/
108,82,41fed30d-15d4-4c73-8dd6-30efc17a1160,2535f226-82c2-4645-8447-5bcf061bd0d9,http://www.imdb.com/title/tt0024451/
110,77,1ae30f59-7db4-48d1-889d-f9e3d7af7ac0,f2a1e531-d4a5-42ea-b02e-aee90bd6871c,www.imdb.com/title/tt0028368/
111,147,646e808c-c554-4c7d-a22a-d1a60d3aedaa,2dd2f9fd-c7dd-4a77-b33b-a394f11076d4,http://www.imdb.com/title/tt0131934/
112,148,998be01a-38fb-4631-8e3f-ea255cc0badf,102317fd-2b53-45b5-8667-d894267de1b8,http://www.imdb.com/title/tt1800253/
113,149,f82d380b-6a49-45b3-a367-073697762e8b,781749ba-0d43-48cd-8a81-1caf0ed865dc,http://www.imdb.com/title/tt0036653/
114,150,04c1de57-1454-49b5-80f6-2ca0f627807a,48ba83b3-91ae-42d6-9ec9-a97570e20ee7,http://www.imdb.com/title/tt0056165/
115,151,794c7929-2514-4bc0-afc3-20fb7774e73a,259ac82e-0d70-495d-9e8e-decba6e0686c,http://www.imdb.com/title/tt0068294/
116,152,56d20c2b-918c-47a5-a6fe-2a2aac18b3db,ad2ff79c-be25-42f2-a358-5fd058dfe789,http://www.imdb.com/title/tt0012955/
117,171,b422cbbf-8bb1-475b-8074-370da56974f0,59e94bc1-215d-4ada-9892-6ff58d5f93d8,http://www.imdb.com/title/tt0120255
118,172,d1b8aa27-41fc-463e-a383-a0dc4268494b,95698e49-6f31-42ec-956a-a3a5bb18206f,http://www.imdb.com/title/tt0165773
119,173,deddba18-2c90-4e79-8d79-d14b278f185d,1eaabaf6-1ff9-4184-9fd1-3900708b2e0a,http://www.imdb.com/title/tt1275521/
121,174,15632e03-579f-44a9-8891-dfd3df4ff3b5,69e95b3d-536c-49b1-90b3-20daae3676ef,http://www.nfb.ca/film/sleeping_betty
123,175,9f77e8e4-3841-4dfe-b85a-c3ba7209cecb,7b1dbe70-3b74-41f8-8451-01ad07b8c5e0,http://www.nfb.ca/film/the_tender_tale_of_cinderella_penguin
131,185,75c39985-542e-4844-9ec1-6683a3a34c30,fa6c7944-3a5f-404b-ad5c-218f8f197baa,http://www.imdb.com/title/tt1486185/
132,187,569f2adc-b660-494f-9167-ee03168d61da,b83d28cd-e5f5-4819-a0a8-06c817114e40,http://www.imdb.com/title/tt0854135/
139,195,92cc7bde-a9c6-40f4-9fc1-f726915513a5,e8859f57-faa5-45db-8bb4-a091b54168e1,http://www.imdb.com/title/tt1092269/
140,196,89ac7d97-3bc4-49e8-a9d0-de1b30c61650,3d1a445f-bd41-4379-9de7-4d4e501bdcb0,http://www.imdb.com/title/tt0290655/
141,197,dfad028f-6e4f-446d-bb84-c7cdcc40b5b9,703f75eb-526e-463f-a6a8-830bbcd7f4d4,http://www.imdb.com/title/tt1399282/
142,198,8e87d348-7c6d-4f30-9e84-409832ce68f3,23c2c5f4-0b2b-4596-9bb9-96c41ed6d613,http://www.imdb.com/title/tt1667353/
143,199,339aa2e2-3c0d-439d-b8a0-4b6233e68aa0,419846fe-0232-40a9-b2f4-dbafcacd9390,http://www.imdb.com/title/tt0089878/
144,200,5bd60ab8-0d2c-4afd-9b9a-454a8e8b7b4f,67645fe8-b509-4350-8657-a99b87d10bde,http://www.imdb.com/title/tt1588389/
145,201,52767b8b-58be-4de8-b3a6-c1b54a349e48,33373a63-17b5-400f-aa12-d8e4b6b28bff,http://www.imdb.com/title/tt1667330/
146,202,b832dac3-d4bf-44c4-a2d7-06c113e31e7f,eeea4f3e-1699-49bc-aead-5852fa115480,http://www.imdb.com/title/tt1342927/
147,203,0bc18cc9-8ed2-4bff-8e1c-1b666e542334,fe98e99c-2ace-4837-bc82-8900a461f2bb,http://www.imdb.com/title/tt1617206/
148,204,044263ae-4756-48fd-b1da-8e4d8e75e913,31631eb3-f32b-417f-9d15-4e2e47ea9ab4,http://www.imdb.com/title/tt0048656/
149,205,86df838e-dd6a-4118-9ebe-4cae1e04c6e2,e3fc5f1f-0401-4585-935f-8b144e40031d,http://www.imdb.com/title/tt0404204/
150,206,51004e5b-f3a3-44fc-9292-e69f1d346f35,4e0632d0-892f-44ac-9101-3f4a8e72cf5b,http://www.nfb.ca/film/bonifacio_in_summertime
151,207,8286eafb-618f-4836-bb7d-2351c51006c5,ddafea3b-f415-4a5e-bb98-b4cc1ac16a2c,http://www.nfb.ca/film/paradise
152,208,f820ce56-d060-4b48-9812-937269ca2d8b,e8cbbea1-a4db-4f0d-afd7-50590e747106,http://www.nfb.ca/film/town_mouse_country_mouse
153,209,c815d036-8bdd-45df-a7a9-738a90f8b5b3,8e84d41c-4ded-477b-929b-611fd2d0ce60,http://www.nfb.ca/film/bear_and_the_mouse
154,210,7257ee9e-28f6-4719-8d51-1d873e91cd55,eca3d21a-5213-4b45-9981-4a72f8f7d2b9,http://www.nfb.ca/film/lion_and_mouse
155,211,20ec1aa2-4b21-4e01-8c36-6a20b4af4b28,64a45a3e-8de2-47f2-83d5-95272f505d23,http://www.nfb.ca/film/little_red_riding_hood
156,212,a11de932-6a57-4d0b-a07b-38e9832234aa,2cbab656-9d2a-43b2-82e2-004e95963dc8,http://www.nfb.ca/film/north_wind_and_sun_fable_by_aesop
159,215,93be92f2-3686-4eac-bdb1-0d5d56a14018,048d2b47-8af1-47b1-b2fa-6a923cf97757,http://movies.disney.com/the-nightmare-before-christmas
182,241,11593732-8f32-443d-a185-b2a04275abfb,7a2aa8aa-7e86-4d04-a8a0-1dde6288da95,http://www.davenportfilms.com/pages/fbg_hanselgretelpage.html
205,261,1bb637a4-8305-41cb-8fa0-ff4550b78ed9,37987dc5-37b9-40a6-ac81-c6df41d7630b,http://www.davenportfilms.com/pages/fbg_mutzmagpage.html
239,295,df778018-161c-4523-828c-15da95b9be4f,7e351853-8d16-4191-8e28-fcb98a829744,http://www.imdb.com/title/tt0004873/
240,296,fe41c0af-835e-47ad-8451-f3678fd79d1a,f58990e0-9e79-419c-b1f5-847beffeb649,http://www.imdb.com/title/tt0021599/
241,297,f01d101f-16ca-4605-b8fe-8243b499834d,0be31e27-c7ce-456e-b47b-79df1923894a,http://www.imdb.com/title/tt0023753/
242,298,da6ae354-ad2e-4f78-a6ee-d929dc9d1bb5,76c4cb79-fc0a-40f0-b8b6-3e501a802388,http://www.imdb.com/title/tt0363418/
243,299,2c0c6916-6daa-4c11-a9b5-9bb07db0c065,1ecdd4ee-95af-44e4-99f3-dd6041c11249,http://www.imdb.com/title/tt0042189/
244,300,71dada54-27e8-4a8c-8e3d-5568428701e4,56daf8b6-d873-48a3-bf26-b22644b6f949,http://www.imdb.com/title/tt0043274/
245,301,f4e1f0d9-8fe2-4696-a0de-9b1f882100ee,d0b1cf54-5f8b-435c-89f3-543bea3f0c72,http://www.imdb.com/title/tt0286450/
246,302,c42d7a7e-1cf7-424f-a195-869c67e3d407,e45d9a86-f4a5-45c0-8863-f75e98ccbe47,http://www.imdb.com/title/tt0060089/
247,303,deed7474-2144-42c8-a8d6-9e891da12756,20494f1c-2adb-4a98-832d-77200507a4df,http://www.imdb.com/title/tt0275070/
248,304,efcb8fd6-9811-4dfb-b749-ae0670dd8e31,6756e087-832a-415e-94e1-e19f91820f84,http://www.imdb.com/title/tt0083537/
249,305,46186722-8115-46a6-b615-06827d492ab9,ed386122-8105-49ed-94e2-444b8689388d,http://www.imdb.com/title/tt0088693/
250,306,db57b641-b6bc-441e-9b0c-5d72300686c7,fbea2469-5a54-451d-8104-d38c44387252,http://www.imdb.com/title/tt0421576/
251,307,b37d0e9e-ecef-4e05-848f-9aa176dbe82c,e486742a-f38b-4e65-9bd6-77044c969ce2,http://www.imdb.com/title/tt0254076/
253,309,160994f2-766c-4d00-98a6-6aa2bd3e8878,f5fd0744-485b-4ae0-925b-8e5fd4dc1b6a,http://www.imdb.com/title/tt0898889/
254,310,18927279-0dab-4dbe-9108-8b2d36dc56a1,1637de59-2904-479a-8d4c-ec8d642e3e7c,http://www.imdb.com/title/tt0164993/
255,311,c1b4d8a4-47a0-4ff3-93c8-52603146de6a,b715d945-c5d3-4a0f-beb9-00838a7ef5de,http://www.imdb.com/title/tt0468642/
256,313,c29ce33b-0417-4185-9cc0-8267cc819031,de3a2de8-f847-4a99-87d1-44dee8096df5,http://www.imdb.com/title/tt0257381/
257,314,42adb745-deb7-415c-827a-370cbe7a0295,50c42fac-4079-49e2-9179-48719d2fbdfc,http://www.imdb.com/title/tt0029833/
258,312,cb85cecd-bd65-4da2-8810-f37028d45c99,8de27bcf-01a6-418c-9459-7de393a596f8,http://www.imdb.com/title/tt1014759/
259,315,af6da75d-c177-4679-8be3-e5524b4f6038,ef4f5527-3b4f-42e5-837a-6f92d3b565cf,http://www.imdb.com/title/tt0167482/
260,316,76b44af7-c35e-4bc3-bd7b-e75908b37a1f,ead01ff7-7619-42b3-a418-12d1d9620ad2,http://www.imdb.com/title/tt0187687/
262,318,0c2c1fac-e835-4d90-9360-095bdbfe02a1,6375be80-a690-4758-b5d2-8a4953759ab4,http://www.imdb.com/title/tt0007617/
263,319,20eba056-7706-485b-89e9-ce384eaeb88c,4b3c742f-750b-48bc-8c64-ef8c92688122,http://www.imdb.com/title/tt0091369/
270,330,3177bac4-5b57-40b5-90bc-68ab9071011c,432fe916-8f1a-4bda-9ee1-6fb1fab036f3,http://www.imdb.com/title/tt0398672/
271,331,54cc6437-0a48-4cb6-9a71-c024349f58b4,9736fca9-aa1d-42b5-b5a8-d9749b4b6453,http://www.imdb.com/title/tt0281560/
272,332,3c131a4b-8d40-44fa-bb07-c35b35925836,5a364c8a-a7f8-4d5b-a819-4ca5fa15acc9,http://www.imdb.com/title/tt0000576/
273,333,ec29a2f5-b10a-47ed-83be-f00381eb8ced,67967fb4-ceec-468a-bf43-9e7a607e6cbd,http://www.imdb.com/title/tt0036591/
274,334,6c651de3-50a6-4cd4-a519-0d04a3013117,d7cd2053-03a6-42a6-a42b-d71d6b95e4ab,http://www.imdb.com/title/tt0045175/
275,335,45208d1e-598d-4bc3-9d63-fdcf06205ae9,5a3e4e19-9fa2-41e9-a478-1c3adfe98e64,http://www.imdb.com/title/tt0055435/
276,336,8e10548f-3177-44b2-8245-439348136acb,a100be0e-3a20-4e87-82cd-299a4260e74b,http://www.imdb.com/title/tt0046695/
277,337,174631d7-3e63-46d8-9e08-ebf38ba0d15b,925e01c9-17a2-4b50-b5c2-b3d39a7a8e0a,http://www.imdb.com/title/tt0058589/
278,338,55dec6e0-aefd-4c69-b060-aeb6c393e607,a1e53a83-a653-484c-956f-9bfccdd760c7,http://www.imdb.com/title/tt0055435/
280,340,421b4e35-d4bc-4870-bcb8-dcba611146a2,dadbf92c-ef70-4f81-ae79-ea35c1282c9f,http://www.imdb.com/title/tt0132402/
281,341,aa5e9294-ba7f-4999-9eb9-eb027a766704,892ccba7-b79d-4485-8f4e-7f9731a20ab6,http://www.imdb.com/title/tt0011742/
282,342,e8395a07-c669-420b-bc01-23b3d75ae749,30930f64-07cd-4b57-b633-bf111556dd2d,http://www.imdb.com/title/tt0154358/
283,343,fb8a5bd4-a859-4f33-a1b0-5845ef345f47,35dadfec-ede5-4f2d-8ae2-2c72af92fa46,http://www.imdb.com/title/tt0018515/
285,345,80b33f3b-2aaf-4f5a-8dcb-1f18fad2fa0d,21df2dd8-2be6-435a-bf5c-cb301bbd203b,http://www.imdb.com/title/tt0034465/
286,346,f23529b9-af18-4b68-a1bb-042846535888,cf1039b3-b1da-476f-b6b4-6ad0b8bf14b7,http://www.imdb.com/title/tt0241725/
287,347,c35c7570-7618-49eb-8431-f3de31253b4b,664ac73c-5912-4feb-9a15-0cb2edc71a19,http://www.imdb.com/title/tt0373815/
288,348,49625de9-07b3-413d-8da9-cf720a073cab,5768221b-4bdb-46d5-9f8a-4de97115ff7c,"http://www.telerama.fr/cinema/films/les-mille-et-une-nuits,51454,casting.php"
289,349,0b9033c2-f488-42df-839b-95e5b0fc38e1,7e600621-f677-4f55-beb1-2bf5d7387e8f,http://www.imdb.com/title/tt0363312/
290,350,63cdccc1-84d1-4fc5-935b-ebde489ee6ca,d683c771-bcee-4a39-8ebb-bdab2924931d,http://www.imdb.com/title/tt0064961/
291,351,61e7d8eb-a63e-4c7f-a0c9-3393767338ae,09cce720-ec37-4539-8374-4be76b4d6507,http://www.imdb.com/title/tt0174469/
292,352,28b42da8-b822-4d5c-be34-c56b66765090,929e4612-6334-40e7-9f54-fc5c407eeae6,http://www.imdb.com/title/tt0071502/
293,356,acabb1c2-734a-4b8d-b04d-575d19d9cbd9,e4cabb1a-0da2-4d0a-a002-5b0a06b52ac9,http://www.imdb.com/title/tt0078793/
294,357,cba286eb-1ed2-4ed2-8e17-704cd51a942a,a2973087-9837-44f3-969c-d6235a372471,http://www.imdb.com/title/tt0078792/
295,358,5e8cfde9-36e7-44c9-97d3-d34b474a8414,fd9dcac6-c8cc-4991-948b-b9417c9ea1dc,http://www.imdb.com/title/tt0098961/
296,360,ea9e7d64-c615-4996-b2e2-b1e15e7e693f,e6c875fb-d14f-4607-a3c5-1a5c8f489eae,http://www.imdb.com/title/tt0192578/
297,363,92aba9e9-1c71-46e3-9c10-87c3403cee95,b190a513-1307-4d9e-8c1e-d68204451102,http://www.imdb.com/title/tt0193688/
298,364,f90b1aa5-2928-4407-a715-b8dafd32a664,aaf59821-35bd-4ee0-a6b0-b804895f6b19,http://www.imdb.com/title/tt0181199/
299,365,8c3b9255-8f39-4597-9140-22677891b3e1,270483a2-1fdf-4a65-af0f-a9d2d746edc3,http://www.imdb.com/title/tt0468332/
300,366,62595aaa-57fa-4d17-88e4-782f7fcd1e8b,86a0a7d8-1d01-4cd1-8c2e-6da54c7f9cef,http://www.imdb.com/title/tt0011368/
301,367,29289143-21d3-4c32-bce6-65265effef26,4bbc453d-6cde-4925-b178-24eae32ff186,http://www.imdb.com/title/tt0021029/
302,368,5a418988-537a-4b70-ad4e-4f1e866b2ce0,7683d51a-09a5-4b37-8089-2afeb2b16423,http://www.imdb.com/title/tt0145028/
303,369,6de91aff-c78f-467b-8df0-168617836d35,30172fc2-b18d-470b-936f-6145aa38b3f0,http://www.imdb.com/title/tt0251175/
304,370,797e7f85-6459-4b69-9d6d-38f0b5ea3aca,fe9b08d0-f313-42ba-8ddc-b0b84503c748,http://www.imdb.com/title/tt0036984/
305,371,22a8ba58-4742-415f-b220-47be1d0ab292,21aa1fad-8aa4-4326-b4f0-eab8aa1bb46f,http://www.imdb.com/title/tt0048260/
306,372,346f86fe-a7c8-42ee-ad11-7ed0a9f81d2e,abcf8ade-f8d3-4400-945a-74e1096add31,http://www.imdb.com/title/tt0202441/
309,373,f6b6a09c-00cc-4f01-bf1f-bf3c2d2e3e83,ea208c4a-8508-426c-a463-3a3ddde01351,http://www.imdb.com/title/tt0143184/
310,374,910baf0a-d65b-447e-9e26-460631282dd4,8c516540-ea2e-4247-a75f-118ffa564c61,http://www.imdb.com/title/tt0297268/
311,375,fc225b24-6607-4221-9c2d-15aed64c732f,b59b5ecc-f936-4ce7-8c9c-7d1f4f4f9784,http://www.imdb.com/title/tt0255353/
312,378,9c5fcacb-6372-4689-bfdd-7a9889f906df,e8ca3385-807c-4b38-8688-23f2d26c325a,http://www.imdb.com/title/tt0392216/
313,377,581cf5ac-73d1-40ac-b315-1e45c20f44e0,d5d78b05-1784-4465-a267-97d8f7e51999,http://www.imdb.com/title/tt0284360/
314,379,8d8f95fc-a331-4908-8dfc-d3aad506555f,9f617ece-b8b1-47cc-b15d-55b715b1835f,http://www.imdb.com/title/tt0331536/
315,380,1592a64d-a4a7-418c-9b96-cdca02b0d1c9,82891589-1be9-472d-9702-fb8011fd9c32,http://www.imdb.com/title/tt0039852/
316,381,b8779cdc-1207-434c-95d3-2358b3b79d35,c7c2ca44-c991-431d-80df-fd086aa9c52c,http://www.imdb.com/title/tt0056485/
318,384,0fb56bd0-a310-4ba6-9e59-beac34574194,9cab93f6-4271-44b6-a292-b31548f170e8,http://www.imdb.com/title/tt0454275/
319,385,37d67d82-baf6-413a-8139-7a6005f2f536,72a1186c-8ae7-4f32-80c3-e9510a375f50,http://www.allocine.fr/film/fichefilm_gen_cfilm=34783.html
320,386,9b25ef59-4533-46cb-b306-03f74424a83d,71160783-cf14-4221-af4b-49ca7f858e4a,http://www.imdb.com/title/tt0039826/
321,387,cc7ecc9f-4934-47c9-8d47-3aa845838887,117dcce0-443f-46d2-935a-83ca75f70775,http://www.imdb.com/title/tt0042968/
322,388,03ffe235-d286-4f5f-b027-d8f9423ad216,0f1f3a62-a316-4742-b931-fbb20ffe9811,http://www.imdb.com/title/tt0046264/
323,389,b309f794-ee23-40d1-b77b-47fe6c9d2023,7d470588-dea0-426b-a3a8-95f77907f423,http://www.imdb.com/title/tt0048642/
324,390,67dd812e-389f-48fe-8133-1b95fda4fd42,cd520614-c97d-40ed-b4cb-d5338b2dd48d,http://www.imdb.com/title/tt0157054/
325,391,3fa80b8e-f905-4aa0-903b-060e200873c3,e6829f29-ae6f-468a-8db3-1b18de195130,http://www.imdb.com/title/tt0051337/
326,392,09f920b0-a139-4897-874a-4ad3a29f42df,599c1b3a-8084-4c18-845f-a7b673a1619b,http://www.imdb.com/title/tt0056904/
327,393,12578fa2-9f71-4cc2-a6b6-50dbfcf6a4c8,59ca96ee-7372-4491-b047-de6f5f1bfd1e,http://www.imdb.com/title/tt0155179/
328,393,dacde816-6783-47b8-9665-8c655b444628,59ca96ee-7372-4491-b047-de6f5f1bfd1e,http://www.allocine.fr/film/fichefilm_gen_cfilm=35257.html
331,395,df83a629-ba23-46bc-8790-a500a9cb3588,3c69bcbd-a082-4c26-bf37-dc58c3bba2f4,http://www.imdb.com/title/tt0071569/
332,396,22bbbb33-53aa-434f-be48-ddf09df7d053,3b4bf61f-5127-4587-b560-7327a4672a3e,http://www.imdb.com/title/tt0070695/
333,397,2a545d65-bc74-4d09-9cd6-c20689841cd5,5347332a-d214-450f-bc2a-06bfbf777692,http://www.imdb.com/title/tt0076716/
334,398,3a01f528-5ed7-4051-9bd3-de6d66a1b19c,51da9dfc-6200-4ef3-b70d-da529102dd09,http://www.imdb.com/title/tt0098333/
335,399,0cef7b7e-d3ec-422d-a748-9c789e9116ef,7dddd294-4742-4a09-945e-d2f51716c846,http://www.imdb.com/title/tt0165982/
336,400,c0808629-81b6-4b40-befe-b7caffcba025,6e795288-a3c0-43a3-890d-8b1765ffe093,http://www.imdb.com/title/tt0015400/
337,401,d41e2382-2320-47e0-8b16-9decdd3a3c62,57c5b536-f1e6-45ec-bf34-c3e65fba5c45,http://www.imdb.com/title/tt0033152/
338,402,1f262517-4633-4b66-ae0c-0903acee1634,45a5bc9f-45dc-46bf-8bd3-9d4369bc7f3d,http://www.imdb.com/title/tt0145650/
339,403,bcdf9647-ab64-4fc7-a8e1-51c6074839bf,c99f2411-5db7-4d28-a226-1a1d2e804b06,http://www.imdb.com/title/tt0041149/
340,404,0c9abc77-6027-4df7-8a34-fb8f9061242d,690788eb-f129-442e-9b95-e36df92d27ee,http://www.imdb.com/title/tt0044549/
341,405,16e30d3d-48b1-4f03-884a-6c1eacb30cd9,25c22e2f-2f0d-48f4-b925-e1b5ce89471d,http://www.imdb.com/title/tt0045229/
342,406,38c45c73-81bf-41a1-b48b-987b4475688d,9207d62e-b61f-4b75-a973-559243b5c676,http://www.imdb.com/title/tt0046322/
343,407,8aa58845-273b-49dc-bf8f-c13ad44b9598,a321c736-b9f8-4ff7-b443-a52d22285d87,http://www.imdb.com/title/tt0317617/
344,408,5d1b19e4-ccbd-4b4b-a14f-b726f6d011c8,54243a4c-bd1b-4bfb-8461-91b8ece22b68,http://www.imdb.com/title/tt0054013/
345,409,c677a0a5-9294-456f-b3c5-f53896649bac,60994edb-74d3-42ef-bd57-4f5f9a721ca9,http://www.imdb.com/title/tt0058722/
346,410,7ecc8441-5376-463a-a5ee-30c3649613a9,17c04d2d-b637-4e83-b518-08b0f720f3a8,http://www.imdb.com/title/tt0151983/
347,411,cb02833b-dd9c-4e24-8085-feaa8aa4b176,4f1abcf4-0b6f-4a8a-b076-128abb76ff9b,http://www.imdb.com/title/tt0005062/
348,412,0f860a83-3e83-437e-a3da-7cfcc73bf943,95a1440d-0190-4517-8d06-f937be36cdf9,http://dianenerwen.com/the-thief-of-bagdad
349,412,7e58439c-2961-4426-bbd5-e638f969595a,95a1440d-0190-4517-8d06-f937be36cdf9,http://www.imdb.com/title/tt0410755/?ref_=nm_flmg_dr_2
350,413,0206cd52-5b8c-44ee-8933-4d68633d4da2,c70831d7-b984-4d21-ba80-8507f5e21d59,http://www.imdb.com/title/tt0308081/
351,414,93c55a91-fe0d-4756-b81d-aae837c14697,54390df3-efeb-40dc-b7d8-28549ac6717f,http://www.imdb.com/title/tt0794150/
352,415,99e2c59c-db9b-4273-92fc-8c4f9ab50a34,62e0c6e1-e76d-404b-91dd-55e8792894ec,http://www.imdb.com/title/tt0012675/
354,416,d763c8ae-0656-4fea-bd92-523472723d3c,595a0ef9-7649-4d3d-94b5-40c752e74239,http://www.imdb.com/title/tt0017416/
355,417,6c958058-17b7-4419-8d64-a93b04063602,cea3358d-9d24-4a95-9aee-cc46be9e6ec7,http://www.imdb.com/title/tt0174485/
356,418,dcff5c95-03ce-4301-9688-ab28c7a1f15f,7c1d7ac7-7fcc-4d0e-9f3a-eb2f450e5d1b,http://www.imdb.com/title/tt0297707/
357,419,b6542df2-4933-4e74-92c2-aaab3ac33bc5,d687efe7-71fc-4e07-a6a8-f465d0cfeab3,http://www.imdb.com/title/tt0041823/
358,420,99bcd101-3ab9-4e97-9c2d-50cb287c3810,e61cc43d-d7d6-4664-99be-ceda9ab12a5c,http://www.imdb.com/title/tt0044388/
359,421,e888ad5d-08d7-4882-9c48-4b342005c4e2,761b2e35-219e-4280-97f5-dc0cf14901c4,http://www.imdb.com/title/tt0359256/
360,423,0f697905-8e0d-47cc-a4ea-4f2a3dc8aadb,c06db73f-d6c7-4706-8f4d-94512133308d,http://www.imdb.com/title/tt1008004/
362,426,93582008-9a71-4fc1-a9c2-f2df5a51c679,b2fa890b-2fa2-4b8a-b30c-0bb52d15b8ad,http://www.imdb.com/title/tt1184693/
363,427,ce4ecbdb-b0ce-456f-8987-bb34cd39907d,60f57549-1cbf-43d2-ad41-6daa296425c2,http://www.imdb.com/title/tt0338018/
364,428,eff1c6cd-5086-4a7e-81cd-9b196f82666b,243d1146-db28-4702-a4f6-c6895f8d0e19,http://www.imdb.com/title/tt0096764/
365,429,76c21e33-36d1-4bcc-9e28-7a570ada3943,3f6e667d-7e8c-4107-bb78-73626c55c8e0,http://www.imdb.com/title/tt0169654/
366,430,a070901b-ca83-4157-9945-efc51d433d36,8e4b76da-1261-44a2-9005-58e1697b9d3a,http://www.imdb.com/title/tt0406565/
367,431,0e48a2fd-4c18-45b8-8dfc-0e9c463ffe23,df02e143-cfe4-45b2-ae7d-8cce08114a9f,http://www.imdb.com/title/tt0000225/
368,432,b164947a-9630-4b0c-b5f6-08df874ac437,87832d9e-6eba-4d4c-afe2-8287e0e7417e,http://www.imdb.com/title/tt0096901/
369,433,8cacf545-1767-4e5f-a376-fb1bb5d524b8,67e7b235-33db-4797-a975-e2f5e4bf644e,http://www.imdb.com/title/tt0241232/
370,434,83228239-1d56-4a9c-839a-2f7befd0c375,98012b8b-3a79-424d-9a98-1799ebed6e2e,http://www.imdb.com/title/tt0278342/
371,435,4e742e6a-6eed-4368-af1c-70063bf6f8af,75f70e49-beea-4bad-b93e-c0de3f0c9896,http://www.imdb.com/title/tt0241236/
372,436,a991df9c-78bf-4a9c-8f98-308ee33afb87,9379a63f-01a2-4d1a-9108-6bcebd33dadd,http://www.imdb.com/title/tt0364231/
373,437,ef1974e6-3f83-42f0-91a0-17997ea236c0,60e68ac0-7c60-4245-bc99-ba3be0f63205,http://www.imdb.com/title/tt0278343/
374,438,a2ea526f-d98b-49d9-ad4e-cd10258837d4,00707783-c399-49f2-bfbc-745d9d411c07,http://www.imdb.com/title/tt0201468/
375,439,f8ea8aec-56b3-4e7b-b321-d5901c72f7a0,bbc596d0-9546-4f6f-abb3-d769fae20226,http://www.imdb.com/title/tt0402838/
376,440,def571e0-8667-43b9-8bc1-3dc5647d9244,a0273b33-591f-45ff-834f-45571989c1af,http://www.imdb.com/title/tt0024866/
378,445,c4252864-50ca-46f7-93d7-e13e857b69d2,938e3b24-6769-4865-8049-bd1c7c19246c,http://www.imdb.com/title/tt0055781/
379,446,fbe7fc5d-6d83-4359-bd63-040157f2f09e,5b439c61-d481-41fa-90ec-adaec86a64c2,http://www.imdb.com/title/tt1140853/
380,447,26fc4431-b388-48dc-b7f9-bcc6064b0d37,7ecf91b1-4180-4c03-866b-0a3290f1d365,http://www.imdb.com/title/tt0242459/
381,448,453a8508-ae5e-4e08-be60-931b5f6da5c4,c23c77ce-3988-45da-9480-baf1daeeefaa,http://www.imdb.com/title/tt0360964/
382,449,1754fb8f-381f-438b-b44c-440f25aff2fd,230f09ab-3145-4ee2-812e-7f02308d3312,http://www.imdb.com/title/tt0283242/
383,450,672443f9-48c7-4417-a960-849605761c88,0224f787-29aa-43f6-a35e-440bfe3b2bf1,http://www.imdb.com/title/tt0078054/
384,451,517ec816-b7a3-42d8-b380-4bf79097991b,061fb5ab-c81a-47d0-9344-788afa1fed2a,http://www.imdb.com/title/tt1223234/
385,452,e15b94c7-6468-468d-bac4-578e42099e9f,32e47caa-fc8a-4fde-a333-ab4416c6e112,http://www.imdb.com/title/tt1202150/
386,453,fe1a7924-fa04-4ad6-b295-9ff46178dc9a,e35c9d20-228b-426d-8588-5c20efb2ad6c,http://www.imdb.com/title/tt0309347/
387,454,8bd03398-828d-4dfa-bf43-28371ae249f5,2e1e30a3-7af1-4e15-a663-87feef1bf339,http://www.imdb.com/title/tt0092626/
388,455,c9fea816-1f49-416a-95d6-3f64bf932333,eaade806-92ba-4e81-a08c-ab3374d8fbb8,http://www.imdb.com/title/tt0091344/
389,456,14c252c8-22e5-4f3e-bb68-83bbccbe408f,cbad34d9-6477-4165-ac11-f34e8f8fbd36,http://www.imdb.com/title/tt0092319/
390,457,6a7cd327-3308-486a-b8b9-1c9ae411bd07,16852548-6ee4-417f-a7d7-96509799621d,http://www.imdb.com/title/tt0791071/
397,464,fd6344ba-7d34-4ee5-bbd7-8538e5e2b3db,2fc18e68-9c7c-4836-969d-7bb9a3f00b54,www.imdb.com/title/tt0120663/
398,465,973f6a40-8868-436f-b700-6990d45a78fe,1f418574-8e51-4177-bff8-f2de5df8165f,http://www.imdb.com/title/tt0248190/
399,466,161b96df-ef29-4902-b4f2-814db46125eb,ca0cae3e-b420-4b45-b9db-3bb6b0724c20,http://www.imdb.com/title/tt0338769/
400,467,679f500a-0d1c-41be-aafb-caf946f2b46b,45b946c9-2b12-488a-9538-368e34b42b9b,http://www.imdb.com/title/tt0923612/
402,469,356598b6-be8c-4866-bc04-f9447d8643c4,b9f3b885-a80f-4c30-ab91-6751771dc788,http://www.imdb.com/title/tt0490814/
403,470,5cbc2344-4b68-4e86-adf5-8c7e3f4560f0,7d21ba69-5a71-4ffc-b0c3-1036575ae3b2,http://www.imdb.com/title/tt0000813/
404,471,a0bb52fa-eab2-43fe-8b67-ddc3aad934ea,993cc0bb-3302-42c2-af89-e6ef1b50435a,http://www.imdb.com/title/tt0328148/
405,472,9d3c718f-0843-4b47-a1c9-20f48fa3a52d,14a19226-d11d-471d-b2d8-9ca558b9761f,http://www.imdb.com/title/tt0197614/
406,473,766d8e8b-e3b1-41f8-8e59-e3bfa61580db,77069a10-3e04-4c99-9429-90196a140a93,http://www.imdb.com/title/tt0149908/
407,474,ecdc098e-d2ba-4961-95ae-2275c08deee1,299552aa-346f-4b93-bac4-71650153279f,http://www.imdb.com/title/tt0129775/
408,475,08ac9619-093e-422a-be46-c9aa2a1bf110,81a898ae-7ac0-4475-974b-f5a7f6cd6c01,http://www.imdb.com/title/tt0029171/
409,476,82c75c8a-53b2-4d5f-a5c1-45386364bac6,0138cd40-38cd-4398-95d5-c2fd2b11b0e6,http://www.imdb.com/title/tt0029929/
410,477,c1be76a0-9891-4125-adc6-cbb303584a24,6c9fdc54-cc47-4b26-8d18-6aa39ff4c400,http://www.imdb.com/title/tt0031359/
411,478,bafa55e6-ea26-4433-b2cb-3aff5901a9ef,fe4093c7-c02e-493a-92a9-42cf06dd40ac,http://www.imdb.com/title/tt0036855/
414,480,adc25fff-1d1a-4801-bf30-f0f8caf93671,67427663-0aa7-426a-bd3d-dc4f76a98b2b,http://www.imdb.com/title/tt0038374/
415,481,bdcd8805-efe3-4e72-8d08-5154f3a552d5,a4820c1b-2ee2-416e-acd0-93d2a308f9b7,http://www.imdb.com/title/tt0039631/
416,482,d7fd8c34-82f6-4b18-bf97-5b133e71ac73,d1c1b4dd-b9f2-4ff9-8cd4-6fa59f1f04dd,http://www.imdb.com/title/tt0040766/
417,483,aaa31eb2-3e65-4c33-8e38-4af50e8efe99,f58dcb19-29a0-41b8-8573-bed1fdd1d373,http://www.imdb.com/title/tt0041217/
418,484,3e581b2c-39e5-4613-8e5d-a7e111dad102,6b530f4f-c286-4a89-892d-47b07ec8bf43,http://www.imdb.com/title/tt0043347/
419,485,5a617ff2-ff1b-45e7-95c3-4c373c57964f,6f6a041a-153b-4eee-a491-4b545d16874e,http://www.imdb.com/title/tt0046752/
420,486,32b908ef-baff-411c-90bd-139ff3fefd8f,06235635-ae7d-4b4f-9b7d-0c69da4a9ad8,http://www.imdb.com/title/tt0053660/
421,487,b82f0bd0-a4c1-49da-ab3f-1403f944b3df,7c1b41b8-0f6a-4b20-9757-e2c01af5d3a4,http://www.imdb.com/title/tt0168523/
422,488,f63ae378-1ac5-4fa4-955c-f600524c2f98,c1408b3b-a293-40f6-a618-22e8d1d3e4ac,http://www.imdb.com/title/tt0331279/
423,489,1d785d86-5490-45b7-a2cb-a2e1fd5ae2f6,8c6964c7-9ff2-4a63-aa32-0d2f2237610f,http://www.imdb.com/title/tt0071223/
425,491,fe8e34ca-486f-4fa9-8675-cfe5a1a60c53,207bbceb-06ad-4f7d-8b29-0aeb7ce1d034,http://www.imdb.com/title/tt0086976/
426,492,5cc6bff2-76ba-4ff3-9a9d-43d88f86eaec,f8a60838-33f1-4cd3-b6b0-c08b1084b62b,http://www.imdb.com/title/tt0092614/
427,493,d4860fb4-2cf0-49b6-9b91-2ad1b7ad14b4,5de1692e-09a3-4e2b-87d0-fc3eca3ad848,http://www.imdb.com/title/tt0262362/
428,494,3be8387c-6916-4fc0-b084-7b3ed670a65c,d43a03fc-7fdb-412d-9cad-51a6baee0e62,http://www.imdb.com/title/tt1075681/?ref_=fn_al_tt_2
429,494,0bbb1c0c-9b03-41ac-899d-cdb499df9023,d43a03fc-7fdb-412d-9cad-51a6baee0e62,http://www.bcdb.com/cartoon/104949-Ao_Hi_Ge.html
430,495,667efae7-da0c-4649-a334-75301f9373df,b5bbfb46-940d-4199-9399-37760c6c074c,http://www.bcdb.com/cartoon/87735-Bluebeards_Crate.html
431,496,31a94fde-cd5e-46ed-bed4-762b0a20a6e6,260fe99a-dc43-405f-a7cb-61327ae3e3f1,http://www.imdb.com/title/tt1358393/
432,497,fd8be313-15ad-4698-ae23-c64144eb8950,7a5e46d4-1279-4a8a-971e-0aec0aa832db,http://www.imdb.com/title/tt0442768/
434,500,9cfe7fbf-0946-404d-b483-9f6c9300c38e,f35cc255-6832-49bf-9633-2ef87ee31eb0,http://www.imdb.com/title/tt0164493/
435,501,5bd07f7b-7bfb-4e66-ad6d-b98fe8d5c3fd,bec3ea7d-beac-4d72-b05d-091b1630094a,http://www.imdb.com/title/tt1228723/
436,502,87af6fd1-6dfa-474f-8091-7eac2138fa99,ef1702a9-a88d-474a-9337-ca1e4fbfed3a,http://www.imdb.com/title/tt1527080/
437,503,7f3d8e76-5ca5-4406-b4e5-72c3e3f7da90,ecb430ae-4a50-4a9a-87d1-f507e3727810,http://www.imdb.com/title/tt0001791/
438,504,37272195-c3e3-49ea-b83b-123bb20358dc,7145e8e3-de29-4a0b-95d3-667a9dacb4f7,http://www.imdb.com/title/tt0330647/
439,505,c69a5f5c-2111-48a4-b1cc-f38834496656,4b0583ba-ad5c-4b45-81db-cbe1f73be03b,http://www.imdb.com/title/tt0001545/
440,506,e889b353-f142-49bd-b5fc-a52aed191d37,09feea93-5cc6-4763-8727-727ee1d84be6,http://www.imdb.com/title/tt0349267/
442,508,a44a4019-aee7-4f74-b7dd-8cf7c05caf02,4aac38c4-aab0-4de8-97ee-64b546dc79de,http://www.imdb.com/title/tt1254221/
443,509,058283f4-f2c4-4094-85ea-aa1f798f7584,fb6e0af0-a095-415f-b18c-86ed3a1f65a3,http://www.imdb.com/title/tt0001546/
444,510,98024c25-ec74-492e-acf0-7deee3292195,293fdd0c-cf0f-4071-9389-4faf0e0444e1,http://www.imdb.com/title/tt0002319/
445,511,a9517837-53f1-4038-b8f8-fb3a3a24c3d8,ddc20f04-c205-4d70-8eb1-5c1ffa62de4e,http://www.imdb.com/title/tt0969235/
446,512,48e98c36-45e8-4cf1-8645-223e312c9f59,bd9fbd35-0a1d-49c9-9ccf-1fa23a8aaea0,http://www.imdb.com/title/tt0799815/
447,513,6ca07182-9846-4a78-9a93-44077a11e3b0,48fd9d37-3c8e-4edf-a0e5-f5e16aebfa77,http://www.imdb.com/title/tt0398866/
448,514,da23d58f-426a-4270-b633-acfc40f92524,d3375d88-4340-4f71-83b5-c82721ec6919,http://www.imdb.com/title/tt0377653/
449,515,26cd3482-c6f0-4a95-86bd-6213a4b3ca2d,bec51056-e9a4-4ffe-ba6f-50c4266f532a,http://www.imdb.com/title/tt0495438/
450,516,cdac7c36-09dd-469b-9ae6-e3cc69fb7c58,beae2248-9750-4dc3-81e7-8250d9cbb533,http://www.imdb.com/title/tt0333112/
451,517,d4c7de6c-8f9e-4095-a9ae-a3befcc9af54,874ad6a9-3918-4de7-81a2-be2caf396a86,http://www.imdb.com/title/tt0820972/
452,519,f796fff7-3278-40ad-9682-51bd39ef508b,82a57786-2853-4187-a269-a412264ac367,http://www.imdb.com/title/tt0003772/
453,520,4a0e1890-36fd-479d-bc87-feb726802668,9f742632-3c9e-4c07-a975-3e9865899e4b,http://www.imdb.com/title/tt0425938/
454,521,e007e1f6-fc38-4a4f-ba12-dc59325194bc,f31d1338-ca9b-4a48-b974-953c6b876265,http://www.imdb.com/title/tt0008307/
455,522,e6e9ad01-cb7d-492c-9ad8-1a4833470ae6,3034fa57-4eb1-4463-82a6-821a0d32b875,http://www.imdb.com/title/tt0007795/
456,523,51671bbe-4f9c-4049-95aa-037b6e8a0c80,073e0edd-a225-41cf-a5bc-3678bf2a2084,http://www.imdb.com/title/tt0008157/
457,524,c3324e6a-8e3b-4875-8ab0-8e891be0ee0e,f4966b4a-6099-467b-b5a4-d25a42d2e091,http://www.imdb.com/title/tt0131038/
458,525,33be31d9-f7e7-43d3-a8ea-d09003c00828,ef501570-ed22-420a-9ecd-ad0962b9f6be,http://www.imdb.com/title/tt0302882/
461,526,4fc2ec54-f86c-4f4b-a7a6-814fd30ca362,a1d9eb4e-b514-454e-be0f-1d938c80d48a,http://www.imdb.com/title/tt2458582/
462,327,9a4aa5b9-2bb8-471a-8fcf-87d9e8902d4a,834428e4-f80c-435c-b7d7-6526f407e6f2,http://www.imdb.com/title/tt0472160/
464,190,c5eeb942-4133-4e86-b2c1-e4f2d8d1d95c,1c84349f-c292-4f61-8093-4b4d5e14a321,http://www.imdb.com/title/tt1461312/
465,234,93ea0101-3975-4f1b-980e-4af848d2cde8,07a105c9-ef07-4c99-9aef-bf8d133d5e0b,http://www.imdb.com/title/tt1410295/
466,186,248a80a3-5ffd-4af7-b4bb-0e6e07906e2b,919c22b8-7348-4808-83aa-dc3c68edfa15,http://www.imdb.com/title/tt0267384/
467,183,caaa06e4-12d8-48f1-9a00-42c2c048552a,01b1c554-0b1b-42d5-9ea7-4fb01c9649be,http://www.imdb.com/title/tt0218141/
468,112,1573aed5-ccb1-4753-a0f3-a1fb45615d9c,1096ff3a-d711-4428-b32c-f36453a78b01,http://www.imdb.com/title/tt2769310/
469,180,47c18fe5-7ac4-4115-8dc8-58c130ef0bca,43a99769-6f32-44c4-af44-17292670b3b2,http://www.imdb.com/title/tt0273334/
470,181,e900dadc-4a6c-4048-aff2-e5a854b565bb,031eca01-9e2e-41d1-a9d7-0678cf7830e6,http://www.imdb.com/title/tt0163016/
471,182,9dbf028f-a73f-4c09-90d0-132ca49807d7,2ef5447a-58fb-4ce2-b6dd-263ff48325bd,http://www.imdb.com/title/tt0076222/
472,192,da523a9e-14cc-44fa-8d57-4ca48167a6a5,3a026dc9-2810-49bd-903d-1e861c622126,http://www.imdb.com/title/tt0418004/
473,231,d1c8b981-a5f3-4a26-abe4-7b02dd1e2821,21bd1fb0-695d-4611-afb8-3c4a654dc049,http://www.imdb.com/title/tt0225009/
474,267,924e8024-3059-4f4a-a3b6-89a11e98ee66,a7708d63-4ae2-4e37-99a3-ff296ac1aabb,http://www.imdb.com/title/tt0332318/
475,174,51c56dd5-30ee-4167-91af-570fe746a847,69e95b3d-536c-49b1-90b3-20daae3676ef,http://www.imdb.com/title/tt1121969/
476,117,07a9b750-4910-4d6d-9889-2076eee56d1c,c7bec249-3bc4-4b88-82b7-a889f632d82f,http://www.imdb.com/title/tt0210294/
477,178,39014ddb-2b42-4a54-928f-c46fe9ba9f03,39cc6a55-23b6-46ac-b8d6-e286880ddf51,http://www.imdb.com/title/tt0255605/
478,194,3986f25d-ccd4-4460-9a10-d1fd054eafbd,fcb1acf4-01ee-41ad-a8c0-ebcf2665d667,http://www.imdb.com/title/tt0441601/
479,114,4e1e3ccf-f265-491c-b0e9-2a520dc5557e,2d130aa6-e7cd-4665-8fc2-2c8588a64dc7,http://www.imdb.com/title/tt1536481/
481,120,7794989d-f53c-47e6-b704-0ae9f56e3bae,02a0e859-f677-4f1e-a6b3-04a688593a76,http://www.imdb.com/title/tt0469828/
482,175,9210a692-473d-4ca7-a434-ce998a45eacc,7b1dbe70-3b74-41f8-8451-01ad07b8c5e0,http://www.imdb.com/title/tt0083182/
483,193,12e76fed-2bfd-4d87-8194-5df79ccf2ba4,e5e4d12d-f4c4-45c6-af7a-ab43d82b8bda,http://www.imdb.com/title/tt0410764/
484,189,f1c48435-a622-45bb-b0d2-90290489063d,12130057-16ae-4fe5-84b0-16273af7efda,http://www.imdb.com/title/tt0910812/
485,283,00cdeea4-a58f-46b7-9e83-2e5a3020527a,34c8ef55-b152-4b4d-ade3-3db4d30c7931,http://www.imdb.com/title/tt0462064/
486,320,3867872c-3cea-4bdd-9425-8372124c67f4,c6001cec-d04d-49b3-b024-1dcbfe535f9e,http://www.imdb.com/title/tt0212720/
487,461,c99aefc5-4dd6-4394-af9e-d8caefe0fa40,8060b383-9344-4de4-91f7-9c1735cd6260,http://www.imdb.com/title/tt0429591/
488,226,8285a258-55f7-40fc-95e4-64a774039c3d,d88d737c-b3ce-493b-84ef-3a1737a8f53a,http://www.imdb.com/title/tt1152398/
489,229,2d31159c-502e-4580-b4ae-42cf63a6e22d,1e9e0a00-7b42-4073-bab5-2245004293be,http://www.imdb.com/title/tt1355623/
490,169,5904e882-8fe3-4a71-9103-101c64d1669e,9569f6a7-c43b-4b8d-b4e3-02de15a4a9fc,http://www.imdb.com/title/tt0092067/
491,227,b098fa72-ea27-4cd3-8950-55530bf1d77a,cf7013ed-9606-4505-94d3-d1ceeacd9470,http://www.imdb.com/title/tt0845442/
492,225,9cf429cd-2ddc-4bb9-bc3a-2fffa8f6948d,c080ad18-6c35-43fb-8b2e-423e40c6bbbd,http://www.imdb.com/title/tt0327597/
493,224,0c8305c7-d57d-4a23-88c9-2b7d455012f6,ecccf7cc-a145-4961-8563-09d38063f4f8,http://www.imdb.com/title/tt0121164/
494,223,1fdb1735-6ee1-4ef1-8f89-019de6bd0b0c,7f01a6d3-3095-40f1-9f44-ce90d71e6cd8,http://www.imdb.com/title/tt0127497/
495,254,eb5f9219-08b2-457d-9466-57dc12e1828b,a744b33d-0b65-4f9a-a3e4-59d9f48b91a5,http://www.imdb.com/title/tt0236638/
496,322,a922b42b-bf92-4d8b-a9f7-ace5619eefa6,0885d862-f7bb-459f-a36e-5e6d8f1466e0,http://www.imdb.com/title/tt0092890/
497,253,fc744c8a-1611-47a4-a6b9-0a19c967a2a3,5ada9871-1991-464a-96c4-484a71ae3c94,http://www.imdb.com/title/tt0066207/
498,460,056da6c7-75cd-4ae7-b40d-c502492496e9,2db5f675-e20c-4075-ad70-8f043a701295,http://www.imdb.com/title/tt0461770/
499,252,c1c3a17a-9497-453e-b683-0ce8b856f853,77945cc2-ef85-42fe-b598-015707c5384f,http://www.imdb.com/title/tt1854569/
500,291,d4ebb4d4-054d-43a0-b897-4809bbdbe24c,9348abdc-2b33-4e62-b39d-efde4cb14675,http://www.imdb.com/title/tt0432283/
501,250,40b81d98-6335-47ab-9db5-2ca69bf2a3b4,7cd6f31d-27fa-43e2-981f-c8e27af1e4ad,http://www.imdb.com/title/tt0116361/
502,184,6458a137-fbdd-4161-af76-1456f4cd0bdc,055bc3f5-ea1a-4e9f-969c-78af140ceae0,http://www.imdb.com/title/tt0175536/
503,244,214f2851-1abd-4e48-a9bf-4dd3f827048a,f3e69647-959d-4223-b957-292433f1596a,http://www.imdb.com/title/tt0080616/
504,249,4e5a33cb-eea7-4ceb-a4a7-bc5132720ecd,90aeadce-fa0b-4d28-bf1e-4e6a4bc415db,http://www.imdb.com/title/tt0365289/
505,289,99ef72dd-b30a-4c91-8473-fb50fdfb0f92,b182a7cf-0699-4357-b421-4b15c63aff1d,http://www.imdb.com/title/tt0993842/
506,115,0f74d786-62c2-47f1-aa12-d999012a31fa,ac65745a-33a7-4fec-b967-8aef6bb7d58f,http://www.imdb.com/title/tt0044685/
507,119,d100ed1a-fd3d-4724-8ced-8f503b3707d9,ab4f0f13-ce45-440b-8aab-6f1489d53dea,http://www.imdb.com/title/tt0294611/
508,235,4d0d313f-9999-440f-81c0-200276cacf89,b186870e-0fcd-442a-a4bf-f71b40fa0b98,http://www.imdb.com/title/tt0293832/
509,236,19182948-73b5-4a44-9b15-9d6e1b1c3ca3,83863378-84ed-464b-a285-ece46714c6e5,http://www.imdb.com/title/tt2415464/
510,241,004a0984-12d5-4f87-83f4-8fa609757a18,7a2aa8aa-7e86-4d04-a8a0-1dde6288da95,http://www.imdb.com/title/tt3087948/
511,222,3caecf7b-cbf0-44ed-ae02-c9a99de13a89,ffa8437b-5568-46c9-b447-7483ec4b2fdb,http://www.imdb.com/title/tt2381962/
512,528,437f7f7e-18d5-4f08-9fdb-f77159cb9877,ceff04eb-cad0-4683-b362-31e153803ac4,http://www.imdb.com/title/tt1428538/
513,221,450ba31c-7594-4f48-80a5-df063a074836,6ed126e4-4e91-43e8-9935-f483b1e7573d,http://www.imdb.com/title/tt1235837/
514,237,23021208-855f-4a54-bea6-629154d07f40,0cfd004e-f573-46c9-9094-bd2f126478cd,http://www.imdb.com/title/tt0122098/
515,529,eac7148e-f6a3-4117-bb43-bcd8abc26259,66c27199-b4b9-4ab4-bea8-40012a18ab82,http://www.imdb.com/title/tt2081194/
516,259,a09d5c4a-f852-48d1-8587-b6261e599643,49861e85-2522-4d47-9979-346471cfa139,http://www.imdb.com/title/tt0443536/
517,530,bc90ae64-0220-4c75-a5ed-a410361eb0a0,d96a4b68-7981-4938-bac2-a727c2f48537,http://www.imdb.com/title/tt0844993/
518,257,9261b6f7-56a6-4df3-8de9-72a93a330d36,e31b52ad-9831-401d-a76f-3faea250f683,http://www.imdb.com/title/tt0892769/
519,258,24d46a6c-6294-4182-a91c-424c97610481,130efbdb-e1c5-4251-9592-92aaa0e85b08,http://www.imdb.com/title/tt0347149/
520,256,a688e5c0-907c-4531-8b7a-5528de7da0f3,d161c77f-13c5-4949-8228-e89d3584ff79,http://www.imdb.com/title/tt0343818/
521,233,7e296942-314f-40a7-8857-d73a5a6fc96e,67d47818-d226-4aaa-bd4f-83cba0b52966,http://www.imdb.com/title/tt0331698/
523,245,b235f507-d279-43da-b165-b8cac8f77222,0f9f66de-0e6e-49c5-ab17-262c75efb9bd,http://www.imdb.com/title/tt0058279/
524,284,5d5e968d-8b0c-4973-8f54-75f728d753da,f4f05d71-ba6c-41a0-a64e-4f6b8a5ac430,http://www.imdb.com/title/tt0077827/
525,188,3afa82d8-4342-4e19-9cd2-8d2d40e8346f,b8845cd3-f7dd-4b6e-b1cc-b01b335602c4,http://www.imdb.com/title/tt0133930/
526,280,affbe0ce-22ec-4bb2-a045-858ff5d89268,c78fc1dd-1723-409f-b74b-a1c74a3fe191,http://www.imdb.com/title/tt0330568/
527,264,d9cbb73f-0475-443e-b120-289620649b03,af6cc8b8-3dc4-49ce-bb0e-d7cdfc105baa,http://www.imdb.com/title/tt0228687/
528,240,5fee4c04-20d9-4fbf-80be-44b1acf0ce90,c0933776-bbd0-45f3-bf12-a38360851d06,http://www.imdb.com/title/tt0190532/
529,459,e1abadd4-2ba4-4edd-b413-2368193c01c5,7e02281b-a595-4ecf-8487-afc5e93d3fcb,http://www.imdb.com/title/tt0119552/
530,262,69cc26c4-bef8-4199-83a6-688998fad4fe,98e36ab2-64d4-411a-a4cc-b7524490bbad,http://www.imdb.com/title/tt0366780/
531,261,76e01480-655f-48cf-b4eb-0920f683cd1f,37987dc5-37b9-40a6-ac81-c6df41d7630b,http://www.imdb.com/title/tt0305855/
532,260,994998cb-285d-4d4a-92df-f06420229c03,2425c89c-c2e9-4f5d-9714-566fffc8cc71,http://www.imdb.com/title/tt1720619/
533,269,f1293e36-cba3-45c5-867b-66bba72e6053,a570e9f1-bab3-499d-b1fc-2d5bdfcbfd3a,http://www.imdb.com/title/tt1235796/
534,219,5aaf8540-dfd8-4aca-af64-e36267021047,3cb43b97-7954-41bd-83f1-59576228a2cf,http://www.imdb.com/title/tt0100315/
535,268,1e2abaa4-b870-42e7-94e6-01e118ef6e40,9fa7719a-3fac-4d4d-a597-8edfb1e34150,http://www.imdb.com/title/tt0457430/
536,286,f2c90a8a-554f-48e5-a67e-a04e3cdd6582,94ba14a4-6f9d-4388-8e5e-5d4abb7f7f68,http://www.imdb.com/title/tt1623288/
537,531,9bc1d533-b4f2-45bd-87c8-7b3cf2053a49,1a54d751-b335-4c08-9dba-8134f62959b2,http://www.imdb.com/title/tt2294629/
538,532,0ea7cd97-634c-4095-b998-1cc4e679db2d,ad3a908b-8b25-4bc2-9fa2-79af0a5bc893,http://www.imdb.com/title/tt1735898/
539,265,c74537be-dd37-4292-848d-065ff46770d5,a1b08bfa-d802-40fa-aa34-966878409897,http://www.imdb.com/title/tt0876563/
540,218,30c8579d-725d-49bd-936f-0a9acb4c4166,0d77dd8c-9781-46eb-b038-6056bdebb52a,http://www.imdb.com/title/tt0119698/
542,247,e0fe6cc5-21f5-4545-8f10-e5689bff55d4,e5a0a8fc-9d8f-4663-8d90-87d4d8de54f4,http://www.imdb.com/title/tt0448694/
543,238,beb1a48f-432c-4f03-baff-a7ca8861ab82,787b8b79-9885-4a98-b7b5-04a617941c30,http://www.imdb.com/title/tt0249906/
544,533,2b8b1556-54ce-438a-afa7-1cb0604e7229,32605ea4-b107-436f-b064-9cbe7fe4c468,http://www.imdb.com/title/tt0424136/
545,534,c55c0685-8962-46eb-b246-b87fcd856780,5041de57-b769-480f-b3ba-ab7de95783d5,http://www.imdb.com/title/tt1351685/
546,279,c8f4b9fe-9565-4afb-b390-e6c1c7dc4380,46ff9906-eebc-4128-b67d-18a8ec638082,http://www.imdb.com/title/tt0388365/
547,276,1c3fdad2-3f5a-4825-ae33-cfe5ff509a96,db7e0389-a272-4c85-9662-09866358031a,http://www.imdb.com/title/tt1259574/
548,278,ec8b5f55-03d5-4fe4-a361-9a86b449a3b5,37da84aa-b8c0-470b-ac6c-51561f94ce20,http://www.imdb.com/title/tt1260581/
549,277,caac04c4-bd0b-427e-96f9-00c776ce3d15,ab74daad-8d65-41a5-a48e-27760d2850f1,http://www.imdb.com/title/tt1259573/
550,273,89ba76ca-6e7f-4539-bd8a-8b398f7c9a2b,6f520b38-1293-4a46-bd11-aea83327d30d,http://www.imdb.com/title/tt0243558/
551,275,65871760-57b7-43c9-b8af-7890d0f07c68,5d9f6681-a828-4208-8c98-154ff7752ed6,http://www.imdb.com/title/tt1339493/
552,274,de055fe7-09f5-4488-8b27-056b33667e17,a9f203ab-211c-4d24-8210-5170c9bd76cb,http://www.imdb.com/title/tt0114306/
553,239,5441b669-db0b-4a42-981d-8dec559846d7,710b40fb-4729-432f-929c-f95e5b791657,http://www.imdb.com/title/tt0081444/
554,232,c315f916-e533-4585-8efe-7b40b720c647,54873725-9cd3-4217-8eb1-222d2d7d82fa,http://www.imdb.com/title/tt1473149/
555,270,d2c7e3f9-b1b8-4eae-b9ea-a0729a75b7f2,d3edc4c1-3ea6-40ef-9146-06ee2a23eb6c,http://www.imdb.com/title/tt1010048/
557,458,dc63c3da-f7d0-492e-b96d-a98e928e413a,54813765-f9d3-4961-afe9-ac9c7ecdcafb,http://www.imdb.com/title/tt0119227/
558,272,3831e0a2-73ca-4a8b-8d2b-4e4200922185,152197db-3c5a-4bca-a467-b1618c724262,http://www.imdb.com/title/tt0815244/
559,325,da80d709-3565-4ff2-978d-905b905b5713,aeb9c626-0590-4675-a978-3bec45d9b7cf,http://www.imdb.com/title/tt0088814/
560,462,52552a51-28ed-4590-a5b1-bdff027726b7,0cc0a1d2-33f2-414f-ac8d-984ff31fcce4,http://www.imdb.com/title/tt0460791/
561,243,1639da28-1c2c-4eff-bd00-b00b96b0fbb6,45b05b0f-2736-43b0-9e39-27b12800d6d5,http://www.imdb.com/title/tt0385752/
562,479,d8c26d63-f75d-48a2-8af7-e932964ebf7b,68bba82e-d782-4fc9-a0cd-921570b18bdd,http://www.imdb.com/title/tt0084226/
563,191,2e91f1d5-dc41-4f1a-a1d7-6a2b88a5fbf9,dd994a3c-3a0a-4b18-9c63-9bb6867a4aa3,http://www.imdb.com/title/tt0496350/
564,215,d088c7f9-0c78-4b82-af9b-d1ce9a7e122d,048d2b47-8af1-47b1-b2fa-6a923cf97757,http://www.imdb.com/title/tt0107688/
565,179,37cf22a9-85bd-41b7-a46e-541152e545c3,57107c5c-4e0d-448c-8bfb-977a89251680,http://www.imdb.com/title/tt2918986/
566,246,5a1b975f-cf66-41e9-9055-07b9b943dd1e,af7f6e9a-8bba-4ff0-8bec-dc59746e4271,http://www.imdb.com/title/tt0069086/
567,266,8cc58560-ebd1-4229-8722-ac6f907dc9ef,11ff38c4-8ca5-4881-9517-86888ee71a96,http://www.imdb.com/title/tt0102247/
568,339,22f22347-e126-41a9-b6dd-8c4144909824,23520065-73f7-4a70-9b85-354848b18549,http://www.imdb.com/title/tt0093779/
569,285,3c2bdb60-5af8-4607-80db-648ec9977441,490250ce-4153-45bc-990f-1dbcc85b2549,http://www.imdb.com/title/tt0059643/
570,271,f0f48c5e-5f3c-425a-9bb7-64bb6047836d,7006fd79-35ed-41ae-9573-cbfc123a8689,http://www.imdb.com/title/tt1721683/
571,121,5b964d9e-9f32-47e1-8880-871775b53eaf,facb74ee-94f5-40fb-85b3-bbbf6758e65f,http://www.imdb.com/title/tt0091449/
572,242,289349eb-680d-4fa2-9325-eb70d018e17a,773cc684-edf6-4107-921a-1bab6ceb37ea,http://www.imdb.com/title/tt0236206/
573,216,23cfdb27-db18-4829-bbf4-2d36a29c435e,a0668d16-ea19-4b64-9b1a-e0aaf507ca43,http://www.imdb.com/title/tt0032138/
574,294,ecf79dc5-5fa1-4c86-98e8-9254db51627e,8590c9cd-57b1-4c4b-81f8-feb0dec379fc,http://www.imdb.com/title/tt0177394/
575,213,623b2005-e4b1-48c6-bdd8-11696853a4ef,87576e47-187b-4ac9-bbca-25da16352ffd,http://www.imdb.com/title/tt0056700/
576,293,0aa359b6-fcb2-48a4-92a5-0703c9f86045,a5ef6e9d-1ab1-4216-a81f-eea13fea4f7f,http://www.imdb.com/title/tt0361127/
577,217,c915206f-415a-4736-8ce9-e3bb860d2ef7,eee482dd-243b-4aa1-a10a-9a0368bb246d,http://www.imdb.com/title/tt0081633/
578,290,be7ff093-1212-46f4-8e6b-d096f86c80ac,d70f19f5-5bef-49a3-aec0-43b49767f8a8,http://www.imdb.com/title/tt1143155/
579,288,4ad36027-0155-46cf-95e3-0c559f3575a6,dee235af-af6d-49b4-9d16-372bf8dda48a,http://www.imdb.com/title/tt0162023/
580,282,6368439a-0ce4-4817-8381-31f0390337b3,a3d18c2b-aac8-45fb-a0d7-b1091d2a183c,http://www.imdb.com/title/tt0476991/
582,214,e966110e-27d5-4fb4-b680-2d60e458e85d,432d84fd-fff4-4a68-9971-0ecac2c4f455,http://www.imdb.com/title/tt0067983/
583,124,5b9d727b-642b-458a-9456-1882a53bc45a,529648f5-e6b9-4113-aabb-90878385e7d3,http://www.imdb.com/title/tt1342392/
584,287,7a3dc0ee-a481-4dab-9633-5acb7e85e003,a38c628c-9797-4b13-95c7-4e67aa8a6a3f,http://www.imdb.com/title/tt0388544/
585,292,ececd6f3-b95b-4cd5-afb8-07749e4a1f50,77ca2015-2147-4f16-99f8-b1aaba3c5b9b,http://www.imdb.com/title/tt0872236/
586,153,379d1915-9e81-4169-a72d-56753a2f7b1d,51b9e822-266e-4823-91aa-40ceb5172581,http://www.imdb.com/title/tt0000091/
587,156,69eb4794-dd92-49ce-bd60-7fb37592e62c,bf6dfc9a-29d7-44fc-ace6-9472a2e4cd64,http://www.imdb.com/title/tt0000181/
588,158,5c45e339-4b55-4da1-a46e-e25cd9b14eb2,85d8cba4-292e-4695-8a1e-43444059194a,http://www.imdb.com/title/tt0226305/
589,159,ba862708-34fa-4125-9418-30025cd2660a,d2248c79-0585-41b8-9384-0d4d845bf734," http://www.imdb.com/title/tt0227420/"
590,160,f129fe94-3fce-479e-ab6e-0328ee5f8952,cdd34ef8-8ac1-4f04-aa0a-183d9581017a,http://www.imdb.com/title/tt0227527/
591,535,2c10ba97-62b3-401e-93e8-8179de7d1c3d,cb327fc1-c077-464d-9127-db754821cb9b,http://www.imdb.com/title/tt0224801/
592,162,1fbc849a-651d-48fc-8d5a-023cef9622c2,933fccd0-a06b-4b3a-a3c9-38db9d88e098,http://www.imdb.com/title/tt0103639/
593,536,b04228b2-d130-4e5c-b453-b7a0d0873d1c,c9bcbb7a-536c-4ef9-bc49-35d31eb42fa9,http://www.imdb.com/title/tt0093831/
594,537,87a36e15-ec34-4e04-9101-a4798996068a,3b5e4c0c-98c3-4617-885b-c9416dbeb984,http://www.imdb.com/title/tt0000368/
595,538,575bffd8-4cb1-4f42-bf69-679e5c2d1e21,663a0535-f49c-4865-ae7e-bd03b1ed8877,http://www.imdb.com/title/tt0000399/
596,539,4f5d8b37-3a48-42ad-8ef3-bcacd67e56ff,fb346d79-e5e8-4fb5-96fb-06070baa74c2,http://www.imdb.com/title/tt1768687/
597,540,35e74100-3117-49d4-aeb7-48352472ac46,8df8547e-50ce-46d8-976d-cadcd9949971,http://www.imdb.com/title/tt0454099/
598,541,47586ea5-5e09-4051-8763-d0c79146e576,5ffa8350-2cbb-407c-a245-2c4916469bf5,http://www.imdb.com/title/tt0001738/
599,542,57d05ad8-3a6c-4c4b-ba55-e9618a3988ba,9fe79aa6-bfa6-4992-9375-c66505c704ae,http://www.imdb.com/title/tt0001463/
600,543,c39437f9-e350-4b8e-882e-aa07ec849161,32e4299c-9a97-4dec-918a-4f8c538afb22,http://www.imdb.com/title/tt2309224/
601,544,ac784bc3-e99c-4324-9462-9844b58b9d89,f76fac86-91e8-4762-851c-07b64e341384,http://www.imdb.com/title/tt0874259/
602,545,17354f9f-1b25-48d6-a513-5d3141f86b5d,d2ad1012-9469-44a5-bcfa-b545cfd3637f,http://www.imdb.com/title/tt1528781/
603,157,dcc4d45f-2262-4171-a6d0-bcada5457c02,e3fae2df-d5c0-4f81-b1f9-bc540ffeb05e,https://archive.org/details/Cendrilloncinderella
604,157,a8e5c855-6637-4985-a392-8529fed143cb,e3fae2df-d5c0-4f81-b1f9-bc540ffeb05e,http://www.imdb.com/title/tt0000230/
605,547,8c9f161f-232e-46f8-aadb-31c5e2520f8c,308fcde3-719c-4c5c-b221-858ad112be8a,http://www.imdb.com/title/tt0168585/
606,323,fd67ebb8-2dce-4859-8947-6acfd6748f6f,18dac98c-481e-4031-9cc0-684756363e54,http://www.imdb.com/title/tt0005987/
607,548,19ca1803-cb5e-46ac-9ef7-17738c53e486,25f0c0b9-8d41-493f-9322-16e05453ab3e,http://www.imdb.com/title/tt0246495/
611,549,5c4833d0-b8f4-4885-bc5b-f450a2703a38,949a23e2-c10e-4717-8987-455fad7e3dc6,http://www.imdb.com/title/tt0010040/
614,550,2859cde9-ec05-4b26-8e96-5cf541a08eaa,9abb4bb6-1810-4815-be32-26a69e55bd7c,http://www.imdb.com/title/tt1156314/
615,329,65a88d6a-18d8-4949-b88b-dced5a837e15,b072d03c-885c-4645-8f6d-ddb5530b33f3,http://www.imdb.com/title/tt1520297/
616,551,8475a9b5-110f-4083-bf65-53260301cd84,ed7483c1-2f1f-45f9-8e2a-82ba7f35c269,http://www.imdb.com/title/tt0290836/
617,552,ad605eea-1920-47a7-b307-fecefaeae658,89635205-22d9-4812-8fd3-43bec354c14b,http://www.imdb.com/title/tt0011057/
618,553,966366d2-50f2-40c3-9982-7395567699c9,e5edfc4a-44e8-438a-901b-d3300a03e8fb,http://www.imdb.com/title/tt0012050/
619,555,3e74c229-f6ba-4a63-b941-e2ae7ccfec43,b078fbfa-bde8-4f08-ba82-c0295ea48f63,http://www.imdb.com/title/tt0158472/
620,556,572a5e2c-2f5c-4445-976e-05d8d02cc072,e70101b5-c101-4497-9e02-f4b0667417a7,http://www.imdb.com/title/tt0012416/
622,558,7406e26b-9141-47ee-be9c-bcdbc3169ddf,38a371a2-1d82-40d7-8749-7aaa96f9b78e,http://www.imdb.com/title/tt0014773/
623,559,1fb8adb8-723b-4de5-b139-40b4fd956357,d6bc03e6-26d0-4a3b-8ff0-8b8409d96229,http://www.imdb.com/title/tt1824146/
624,561,a33640c2-e621-4f22-9518-ca14fa3aaf1b,f673f1ec-112c-45e1-926c-7ca1effa41c7,http://www.imdb.com/title/tt0014577/
625,562,bc8ea6a1-bb5b-4cf1-b2bc-61f4c29b9e40,612ec291-c80a-4b42-b49c-0afe8888d2ac,http://www.imdb.com/title/tt0015683/
626,563,2f5a33bb-44ec-4606-be47-7a6552830256,22456f61-7d36-4bd1-8259-3d752852dc50,http://www.imdb.com/title/tt0764662/
627,564,88346fd9-2e45-4d40-98ef-2101dea3ac60,b67eda4b-5374-41cf-9742-3ffc2cfc9d6d,http://www.imdb.com/title/tt0017033/
628,565,d72268f9-282e-4b7e-9fdd-b9fbaa7fee44,2dcc1763-1451-4367-a50a-356c601328e7,http://www.imdb.com/title/tt0826130/
629,566,8c5d24b6-def8-440b-8115-21de93624acd,87080382-ea66-4f3c-87fe-593fd6ae9751,http://www.imdb.com/title/tt0093891/?ref_=nv_sr_2
630,567,98862312-bf55-4fae-a429-31fa32e33b4a,c35e6bfc-edad-4cb0-85c6-8f3862e01bcc,http://www.imdb.com/title/tt0017693/
631,568,84f16bfd-c5f8-4ded-a09a-365d29f0a817,ca02e2e9-aa3b-45bc-a0c3-0be8db549519,http://www.imdb.com/title/tt1130877/
632,569,b06884b9-07e8-432e-9c8f-29554558b54f,9c22d68c-e2e1-4f5f-b525-09ecaccb35c2,http://www.imdb.com/title/tt0016822/
633,570,ded0e326-0c44-41dd-a7dc-338716670c1f,4eaf9712-529d-4eca-821a-3ba201d4ee91,http://www.imdb.com/title/tt0019258/
634,571,27e15e45-aa25-4b44-a63e-af225672148c,ebd62ad7-2f9a-4de2-ac3d-b28ec4acbaf3,http://www.imdb.com/title/tt1517485/
635,572,882c43ce-c450-4365-8804-c518ff4b847a,bdac7661-8006-4c62-aad2-6faa685b8343,http://www.imdb.com/title/tt0342154/
636,573,fece80c5-16a2-4cdd-a01c-73e3a226de7a,f2c4471b-524f-40b6-9552-a4bdb34db00d,http://www.imdb.com/title/tt0433844/?ref_=fn_al_tt_1
637,574,89e06d9c-5482-48f4-b9af-bbc64b78cd66,81cffa12-c6b4-431b-8237-ebd741d9a7a3,http://www.imdb.com/title/tt0146559/
639,577,8f47b67c-828c-403f-953f-2a27e8d35e38,07c9fcb7-612a-4346-8774-a3385c82dbcd,http://www.imdb.com/title/tt0023232/
640,578,16f01b33-6443-48dc-bf8e-a9df1f543883,740ba00f-61fc-4fcc-98bf-474a58c904d8,http://www.imdb.com/title/tt0021011/
641,579,dcb4468a-6415-4f71-80e6-a193b23e562c,1721ffcb-7144-4978-9f52-488fa126f3f5,http://www.imdb.com/title/tt0140843/
642,579,a82f888b-8052-452f-9493-cb0bc4f1b02d,1721ffcb-7144-4978-9f52-488fa126f3f5,http://www.citwf.com/film33286.htm
643,580,8f7914a3-abd5-4e29-915b-0e16f0f97ab1,03b6d20a-9ac0-41d2-b58d-21297bbcd6dc,http://www.imdb.com/title/tt0150130/
644,581,61232129-9229-4771-b24a-324f43a23871,761de91b-efb1-4e09-a1ad-b39031349c4c,http://www.imdb.com/title/tt0024376/
645,582,31e4b359-6b2b-4683-a20a-3c06cb09c8db,4bf07fe3-8211-4491-8459-ec531adac589,http://www.imdb.com/title/tt0024067/
646,583,141a0414-1700-4f14-b601-3fa5e7c54eff,64fd677b-6ae8-4963-a675-f339f165dddf,http://www.imdb.com/title/tt0134726/
647,584,e32a7f62-7cb5-481e-a9cf-ec04a7ca133a,65e77a7e-057c-46c1-9e05-d0d8ed157432,http://www.imdb.com/title/tt0034501/
648,584,ef658a79-0f00-4c45-a788-c43a2486df2b,65e77a7e-057c-46c1-9e05-d0d8ed157432,http://trovacinema.repubblica.it/film/la-bella-addormentata/128087
649,584,238cec97-3393-4fa2-b7d7-536c793d690b,65e77a7e-057c-46c1-9e05-d0d8ed157432,http://www.citwf.com/film33211.htm
651,586,ce04af6b-71f8-4066-bb46-410bb67a1781,a0c340c1-1dd1-4000-9866-15e4c9a6307c,http://www.imdb.com/title/tt0048010/?ref_=fn_al_tt_1
652,586,6097cc1e-e549-45c9-b417-b49358e8e844,a0c340c1-1dd1-4000-9866-15e4c9a6307c,http://www.citwf.com/film92758.htm
653,587,f22ee9c6-2f11-4912-8ed7-aea2bfb9ddfd,8da7eb3d-2f67-44a1-a742-ae02c7d24152,http://www.imdb.com/title/tt0053285/
654,588,abd7d005-525c-433d-893e-ef1220092ee8,26f6b4ac-b731-4d84-aad1-49a170e5af59,http://www.imdb.com/title/tt0209318/
655,589,41137ec7-1951-4a6f-a649-afe666ede0a2,49cf2cd7-5530-4965-bdba-4b73c0afdad6,http://www.imdb.com/title/tt0067012/?ref_=fn_al_tt_1
656,590,58572ece-e13a-41d2-8404-2f1d7be98753,138775f3-94f1-4354-bb92-4990894bb02d,http://www.imdb.com/title/tt0093993/
657,591,262e4fae-4264-41de-9e21-844ffe5006ac,f88475e3-e06d-4303-8f47-cb1dfdc64d37,http://www.imdb.com/title/tt0100626/
658,592,b0ab9724-f0a5-4fef-aedf-4f587f37daf8,257d36a9-9e03-47ad-a2cb-ad36a1484fe8,http://www.tcm.com/tcmdb/title/520888/Sleeping-Beauty/
659,163,60b6e3af-2a8d-452c-b09a-c9161eda402d,c2280a98-cfb8-454f-8d1c-863341fa2242,http://en.wikipedia.org/wiki/Alakazam_the_Great
660,163,32ca4f09-2870-4af0-8785-459de882ab31,c2280a98-cfb8-454f-8d1c-863341fa2242,http://www.imdb.com/title/tt0054265/
661,164,ab7146df-f108-4d36-bedd-b86cd59d9aca,8b106ad1-1bbf-4088-b51f-0e0cca592931,http://www.imdb.com/title/tt0056482/?ref_=fn_al_tt_1
662,166,792b24ca-372c-46d4-b5c0-087dd8480ad6,2f7998a7-f3ac-4ae4-ad19-25ec8beeddfb,http://www.imdb.com/title/tt0827498/?ref_=fn_al_tt_1
663,167,3e7cb454-7b75-4c37-9ec4-aae7f87439ee,823e4da4-afe6-4070-aaea-d794dd5fe741,http://www.imdb.com/title/tt0443232/?ref_=fn_al_tt_1
664,168,3405dba5-b04a-4ac2-a3f3-c8fc64052ca0,9c1d42fb-a763-44a7-a39c-e4d8b12269bb,http://www.imdb.com/title/tt0322177/?ref_=fn_al_tt_1
665,170,a1b541e6-408e-40c2-a930-5f53d825d9ff,810307d7-898a-4f29-b539-ea0a8ed873b2,http://www.imdb.com/title/tt0079833/?ref_=fn_al_tt_1
666,594,c1588bba-67f1-4ef3-a0c2-0e2f872353ba,b3336c08-9401-448d-a384-0a1ffe673f76,http://www.imdb.com/title/tt0207783/
667,594,c093b8d8-b2bd-4470-b26c-bb0b5591f347,b3336c08-9401-448d-a384-0a1ffe673f76,http://www.tcm.com/tcmdb/title/529511/Teen-Sorcery/
668,595,493df4bd-20e4-4454-8784-75fd7e9a3445,1243859d-f88f-43f7-b1a9-1e4524908c92,http://www.imdb.com/title/tt1382454/
670,597,981344bf-adc2-4d7d-afb0-eed94b2108d1,75d352c2-82c3-454d-ad94-90a60a325d30,http://www.imdb.com/title/tt0489167/?ref_=fn_al_tt_1
672,165,a57cccdc-c160-49ca-97c8-285173a83c13,05c6f3eb-18cb-4bb2-84a7-1e4984ce32f0,http://www.imdb.com/title/tt0439123/
673,57,e51fa40c-a638-4b68-89f7-da58bc0c166d,71b0cfe5-7440-4564-94af-7dcc5f2944e3,http://www.imdb.com/title/tt0145799/
674,248,62d92c79-b18a-4f13-8775-177ba945e2aa,9a5a9627-e2dd-4be9-b729-9584aca1dd3f,http://www.imdb.com/title/tt1002567/
675,326,339c652a-29dd-4e4c-ad3d-0da20a8ca678,7af09631-781a-4032-861e-fbd26d7d39c0,http://www.imdb.com/title/tt0050149/
676,328,4be2c252-96a8-451c-a0a0-2abe94d2c441,7732e4ee-f3d1-4259-a799-d190ae2fab45,http://www.imdb.com/title/tt0307693/
677,598,b05e0af8-a8c7-432a-9c90-abb8c2925cb1,4a21f2f5-c270-472e-b3b5-362a408e193d,http://www.imdb.com/title/tt0070601/
678,557,85e23ee1-1478-4b09-adef-e60dd8f700d6,758d4f2e-aae5-4cd1-b6f5-061456082e7b,http://www.imdb.com/title/tt0419102/
679,546,baa2ceac-8948-412a-afe2-e9763f378c90,d5ef3fc3-a2b3-452d-acc2-be4964517519,http://www.imdb.com/title/tt0780622/
680,576,a0e75e17-d630-46eb-8259-afe27e0d916f,5a0bb55c-3f88-45bd-af7a-05a0d4cba64a,http://www.imdb.com/title/tt0015341/
681,585,4d99ec97-78df-42ef-82d5-ce95a7fe4171,281c8436-8a36-4530-8de0-652179b586c4,http://www.imdb.com/title/tt0252004/
682,600,572cd36d-7ca2-46e6-be29-cf13a59ad7bf,919353d2-0d43-4210-b92e-a775cf56a123,http://www.imdb.com/title/tt1075398/
683,592,f367f584-e046-4305-8507-7f9b7cec683d,257d36a9-9e03-47ad-a2cb-ad36a1484fe8,http://www.imdb.com/title/tt0105427/
684,593,d724a247-2e47-4efd-aa32-2dafa16d8810,60fcfd4d-0047-4d6d-a5ff-54d02da5875e,http://www.imdb.com/title/tt0258970/
685,601,b5753456-46d9-4409-8160-79e5b307d289,389228b0-fec2-46c4-9ab6-b60ade7568c5,http://www.imdb.com/title/tt0222973/combined
686,601,5ff8464c-97e6-4228-b85f-3193bccc7f7e,389228b0-fec2-46c4-9ab6-b60ade7568c5,http://www.fandor.com/films/the_bachelors_paradise
687,602,8ad4fcdc-4b3f-48be-bc5f-2fc9b7360633,fa75983a-c494-43f7-8be1-651ac257e650,http://www.imdb.com/title/tt0472885/combined
688,603,ba251de0-d366-450a-b66f-344b2344f2a9,f6816490-5198-403c-bca6-c1aece5e952b,http://www.youtube.com/watch?v=T8n0T-x7tcA
689,603,f5b59afa-6012-4932-a012-3f3097e402d7,f6816490-5198-403c-bca6-c1aece5e952b,http://www.imdb.com/title/tt0228629/
690,604,b5200525-33ab-48b7-9e9f-83dd4d2aa83a,5bd07eb4-ecaf-4d9c-b026-6978d45405cc,http://www.imdb.com/title/tt0223039/combined
691,605,c85ce4d8-5407-4570-a115-519e7da71ffb,43e4dd14-f906-4603-8eb9-8614d46ff87a,http://www.youtube.com/watch?v=YXZcXJkcSZg
692,605,8225e2e4-b15d-4de9-89d3-05b6c43acffd,43e4dd14-f906-4603-8eb9-8614d46ff87a,http://www.imdb.com/title/tt0438165/
694,607,a33f7174-cd2a-4aae-9cdd-c4fc00147b25,a9fc69af-b2e3-4f99-a3b3-7910d3fef09e,http://www.imdb.com/title/tt0007361/
696,607,d8cab44c-9bf7-4a23-9f4a-a5a6d79c9be6,a9fc69af-b2e3-4f99-a3b3-7910d3fef09e,http://www.silentera.com/PSFL/data/S/SnowWhite1916.html
700,608,32b2992f-b1e0-479f-a276-85fe36ca8c1d,7148102d-7d7c-4ccd-8ece-8e345200c687,http://www.imdb.com/title/tt0313622/
701,609,f14838b6-0ce8-46da-ba20-7370c3fb0dfb,ec22c2f6-f4b6-4ddc-a0ae-8b5acff4a844,http://www.imdb.com/title/tt0029583/
702,610,4e0b0452-189f-4083-84bb-f51a4d00e744,dd904268-67ea-470d-b966-c39cd5067502,http://www.imdb.com/title/tt0033373/
704,611,e05a848d-e2b4-4a16-a901-9f0ddc1fc97d,831079fb-63e5-4822-b703-5019d89aeeb8,http://www.imdb.com/title/tt0035743/
705,612,0f536b5b-c1b5-4a2f-81ec-233c14e6dd36,72f5ec5e-6a77-47f2-a563-baf03a49318f,http://www.citwf.com/film36053.htm
706,612,cd7f877b-7806-4f4c-8360-d4aac3e32217,72f5ec5e-6a77-47f2-a563-baf03a49318f,http://www.imdb.com/title/tt0041173/
707,613,bb821e71-f35a-4f46-a26c-cd64765c9342,d1455176-de7a-4c70-a1ce-e1f0e4fd4644,http://www.imdb.com/title/tt0027975/
708,614,9dc9a371-4fd5-476e-9fa1-4f41fd3705b0,7642090c-ee3f-45a1-af25-94d7cdb090e2,http://www.imdb.com/title/tt0146558/
709,615,9f015f55-ec9b-4854-9323-b5a891112e3c,a5b142f8-2235-4f7e-ae17-75d06aa05fc2,http://www.imdb.com/title/tt1020989/
710,616,8a5074dd-03b8-4d1b-9bed-a9b6541e5f91,9978490d-024d-40f7-859d-f07317655db6,http://www.imdb.com/title/tt0027608/
711,617,bdbb1644-c8cb-424b-85a8-00da7450fd78,a19e8429-18be-4d21-ba1f-25b90fa004f5,http://www.imdb.com/title/tt0029993/
712,618,b9c5ac36-7689-4b5c-bfb8-cd6d561d560a,6c1cf3bd-d389-48e8-9640-f88d69b315ca,http://www.imdb.com/title/tt0029964/
714,619,28567ea3-c09b-45a4-af5c-95f595055585,cea1385b-8602-4153-b678-68da9fbac130,http://www.imdb.com/title/tt0150733/
715,620,ccf38c90-1853-4afc-b8de-82360f9b73da,7514b40a-41e5-4c57-b7d8-13ab8da0d0de,http://www.imdb.com/title/tt0141830/
717,622,ebd9ed33-be16-47a5-a538-bec2a830dc1e,39b08404-ee30-4dd1-b4f1-0cd415478345,http://www.imdb.com/title/tt1475178/
719,624,722be719-9263-4f33-8602-8cb687e72845,ca5bbad3-b1ae-4d52-943e-22f3116977cf,http://www.imdb.com/title/tt0217594/
720,623,5f85bfb6-c39d-43a5-a35d-4ae956d88c9d,6c5aa1a2-28ff-4642-b5b3-7285da3bd037,http://www.imdb.com/title/tt0044023/
722,626,c329b496-619f-4caa-823f-2e7acd4d31f8,a3d1661c-959a-4989-b7b2-f84118a473cf,http://www.imdb.com/title/tt0069544/
723,627,9ec59e15-60ac-41d4-b449-d26d687e9c57,6fa0e0ce-8e2c-4528-b31d-142bc08803cb,http://www.imdb.com/title/tt0055458/
724,628,4c7183f3-bc34-43d2-b4f2-f252cff96bc7,e461c8ca-28e4-4220-9c2c-028c891062f5,http://www.imdb.com/title/tt0173173/
725,629,47c11cb7-a3cc-49ca-8aee-4fcc2215f928,ddb27bca-212c-424f-b04e-2d32c4e0dbc5,http://www.imdb.com/title/tt0056454/
726,630,3427144f-2f3d-4e66-9787-fa740a3440d0,11f4e06f-edd9-4d09-92e8-89dd187579dd,http://www.imdb.com/title/tt0066442/
727,631,e5d4fa79-80ef-4470-9cfa-5806482d7b67,72d81795-10c1-442a-84a5-ca058e01aa61,http://www.imdb.com/title/tt0191625/
728,632,c2172c37-1606-4932-a1df-748e3f3bdc02,a4d28f86-cf8f-4605-b438-b8156cba65f5,http://www.imdb.com/title/tt0167474/
729,633,6a88b4d7-b076-4cd9-9b08-0749ce5481c7,c3ca1183-7fa7-4e4e-a45f-a65e5a6f1d71,http://www.imdb.com/title/tt0031647/
730,634,e96dcb0e-9ac3-4a8f-90b1-6d8c14f2154b,581d634c-96b3-4e6e-9652-8710968f0dfd,http://www.imdb.com/title/tt0140470/
731,635,8271676f-3e38-4958-ba28-4263862029bb,f179a873-357e-44e6-83f2-64645711be50,http://www.imdb.com/title/tt0038143/
732,636,1815a949-f344-4c25-9373-09b52bd220ed,84850fb0-db2d-4cb5-836f-c86a20c0246c,http://www.imdb.com/title/tt0038415/
733,637,350dbd69-d7fd-442d-9bc6-8b8c4b4d6e12,3a9e11e2-5178-401c-8b61-6b50fe31f01b,http://www.imdb.com/title/tt0195281/
734,638,2480460c-d7e4-41ee-a98b-108bbc5757d2,08bc6552-4d02-4d79-a258-d4bb82ce1be5,http://www.imdb.com/title/tt0038419/
735,639,4fb6fdca-5220-4410-a870-3e0b74f4b233,a42f1e97-794c-462b-9dd6-74c0be99f75f,http://www.imdb.com/title/tt0063380/
736,68,b003f1b2-ad42-4080-922b-67cba3899785,a4c737dc-bde2-4b40-b6a1-031d6728e711,http://www.imdb.com/title/tt0142851/
737,640,527903cb-9137-47ad-ad39-c1cc56fcb4ac,9cdb4b73-199e-4308-b6f5-fc702ad6f7c4,http://www.imdb.com/title/tt0062453/
738,641,5833947a-6845-4f47-aa36-893049d0a925,d45a4fc9-31b0-497e-98a0-cef5546e2bd8,http://www.imdb.com/title/tt0166804/
739,642,37fefb29-7b7b-4198-a900-809bf1660b53,db1a506b-a9da-4d1b-bb02-3616e56f1df2,http://www.imdb.com/title/tt0058374/
740,643,01df61fe-d711-4f0a-948c-436dad4da88e,21dd4f37-7e3a-4669-b273-168be9d79d7a,http://www.imdb.com/title/tt0145033/
741,644,7fdcdc5e-f8b2-49bb-bc1e-2ef50f9801a2,1b1b31e0-258d-41da-ae8f-d11fd1326f00,http://www.imdb.com/title/tt0038666/
742,645,7225ed7c-b2da-4303-b653-d186f0ef5ad0,4d115bbb-8f6e-42eb-bdd2-804929ab14af,http://www.imdb.com/title/tt0710994/
743,646,79905605-c9b9-4a7c-8481-73d83ab6e24d,040954f3-c71a-487f-8176-65bbdf589da0,http://www.imdb.com/title/tt0710990/
744,647,3d7b0313-d219-4848-96d8-b95388ed141e,0fad84ae-97f8-4a5a-8055-75601477f03b,http://www.imdb.com/title/tt0710989/
746,648,eeada433-d95c-4dd9-b2ed-0fdcf96a5790,1ddf10b6-aefd-457f-9c56-8171f163699d,http://www.imdb.com/title/tt0710993/
747,649,40357c80-58ab-46cd-9c78-d1bbfdfe5537,8cf9f109-135d-4902-b0e9-f55877d3f471,http://www.imdb.com/title/tt0710988/
748,650,8831667d-4920-4abb-be95-60937cbb68b0,89b33cf3-c579-49dd-86ce-282652a6a93d,http://www.imdb.com/title/tt0710986/
749,651,bdcb65bb-7438-454e-961c-bb51c6d3a735,7c98bf26-64ad-4b0a-b520-35c8896e79c3,http://www.imdb.com/title/tt0710991/
750,652,ff887fc5-9ebd-4f53-8014-6975c5011397,a55fcc20-23e3-4cc9-a511-628fb649572f,http://www.imdb.com/title/tt0710987/
751,653,4d9d6b96-5630-4322-b2c7-c82eef1f0f3a,2f65c991-e585-4a4f-8620-d1475808d025,http://www.imdb.com/title/tt0151886/
752,654,6202f97a-e0f8-4184-b873-89f331a76568,455e5181-062d-4199-8949-b38f0eab6d0d,http://www.imdb.com/title/tt0710992/
753,655,b03c3dde-4a6c-4329-adb3-274644f936b2,f7e83e02-1fe1-47be-ae02-883b44e4770f,http://www.imdb.com/title/tt0782084/
754,656,1662407c-a02b-49d0-a857-dc96253a72a6,51744559-b905-43a7-ae3f-6b15bc8245a1,http://www.imdb.com/title/tt0225944/
755,657,7fc87525-f346-4cae-a174-21e01cd9456d,6fad2273-1a38-4716-a45f-522c3053e9e7,http://www.imdb.com/title/tt0082080/
756,658,69f49658-c1e8-498c-8748-1bdde5108006,1cd65cec-9829-49f6-b3e1-10d95cd022b2,http://www.imdb.com/title/tt0128076/
757,659,17f2ec2c-e681-48d5-81cd-413314a37f7a,6ab9d756-f005-47ac-8621-91a5dc60a6cc,http://www.imdb.com/title/tt0083791/
758,660,3f140eca-0935-4676-8fa7-413d154a4dd3,afaf2f8a-3632-46d6-973c-6a8808b08064,http://www.imdb.com/title/tt0168269/
759,661,06afac9f-d078-481e-9281-2b6d8301533f,1e58b526-53ad-494d-b741-c2c789899b7d,http://www.imdb.com/title/tt0039812/
760,662,5fec648a-801b-498c-9ad5-1ad5c4e58d1a,b2cd0436-4da9-4a16-ad5e-a8a229b5d144,http://www.imdb.com/title/tt0040222/
761,663,c77c84f4-7c07-4079-90cb-323271ffbdcc,172c0409-0f42-4ecf-87db-37a347c769e8,http://www.imdb.com/title/tt0044370/
762,664,6e9645db-5e63-4c70-baa4-082f64cc4be7,109f37dd-8b21-424c-9c09-beb0aa582600,http://www.imdb.com/title/tt0047437/
763,665,96124617-585a-4687-9a4b-d209db5c24d1,2055a52d-2dba-473f-bb35-384b277cc819,http://www.imdb.com/title/tt0047843/
764,666,bc8bb5ea-c9f4-4a52-9de2-2f72fd637f4d,539e25cc-f585-4610-8946-9910de957614,http://www.imdb.com/title/tt0048124/
765,667,a1bc53c4-8f0c-4eae-bdcf-d6f556a0789f,b3be9004-e99f-4fd5-aae1-3509444c067f,http://www.imdb.com/title/tt0129672/
766,668,549d23cb-4a0a-4699-9338-ac40a2d71d0d,7c4c41e0-a674-423a-8128-16713bc19dec,http://www.imdb.com/title/tt0053716/
767,669,bb437d21-bfee-49a3-9891-eab28a31c79f,e60396de-ea15-4114-84b7-5981df267e56,http://www.imdb.com/title/tt0054748/
768,670,51bcf393-2dec-4258-8eef-d885a185cf45,f557f2a2-01b8-4ac5-9da9-69d614ada601,http://www.bcdb.com/cartoon/7899-Cinderella.html
769,671,329c560a-28a4-4106-b90c-08d8b8a8e4dd,073c4203-246d-4325-8695-e5e9fd292d02,http://www.bcdb.com/cartoon/7907-Cinderella_Returns.html
770,672,6700121d-5007-4b57-bf6f-76adc72d50f2,4eacd521-9ad5-4ae1-abb6-03eb3ee944f6,http://www.imdb.com/title/tt0580211/
771,674,13ef019e-b5b2-489a-a3ac-9fbdd661ec71,1b8dfe7b-6e18-4d46-8f13-6f8d29d7ff4b,http://www.imdb.com/title/tt0152478/
772,675,34533a4f-76c4-4aac-ac1a-6aa0c07f0bfd,f1b8ba07-d15b-4e97-bc7d-47144f15792c,http://www.imdb.com/title/tt0222997/
774,676,2e8a1995-1425-44a6-8555-3c992b650332,d0f970f8-087d-4880-acd8-d3b3134102a7,http://www.imdb.com/title/tt0058582/
775,677,2ec27cfe-e1be-4480-b3ac-4e0f59c190c6,6fce7623-eb08-4994-a96c-bb296bcf1372,http://www.imdb.com/title/tt0058417/
776,678,f1d1dfcb-8c9e-4fb4-9442-92d5eb357931,bf420b9c-9d2f-4909-9880-d96caf9ebc21,http://www.imdb.com/title/tt0057950/
777,679,424bc820-736e-4308-beb6-ebca1846f366,52aee2b3-badf-4f19-b01d-3573e654a112,http://www.imdb.com/title/tt0058590/
778,681,ceb7805a-3f7b-4f76-b9d5-090b7274752a,1e877bdc-fc61-46be-a82a-6b30b78680cd,http://www.imdb.com/title/tt0272549/
779,682,83eb8ee1-9257-4f65-ab57-1dbeb1e634d7,61b1a87e-ce60-415f-8604-4d93789bd4d5,http://www.imdb.com/title/tt1586047/
780,683,5d3fefb6-bbb2-4250-bbc5-68c3c2b845bc,55ebd1d0-4261-4b8f-9327-baab40131c21,http://www.imdb.com/title/tt0070832/
781,685,a3734557-63ba-4b93-bd5b-dcb8f6e49fd4,041596ad-cabf-47f9-8baf-f8686bcdc905,http://www.imdb.com/title/tt0075232/
782,686,9e6f5b51-69a2-4dd7-b94a-c033df733bfb,a52e3dd8-b69e-4bca-a483-8e59ccb1eb33,http://www.imdb.com/title/tt0075850/
783,687,9d6d6c93-359a-485d-8b11-c0859d449825,648d87dc-8f7a-4b7d-8cc2-8a62f7e222df,http://www.imdb.com/title/tt0075849/
784,688,37d83393-6ecb-4469-a57d-ccebd5d34c40,392a38d1-05b4-4437-9438-44d3fbbea6d1,http://www.imdb.com/title/tt0077335/
785,689,48997347-6320-49bd-98f5-ba81109576f3,28d14b3c-93fb-4304-9cb7-5b2946fee14b,http://www.imdb.com/title/tt0437128/
786,690,88621a29-a50b-4e37-bd55-4040f49eb2cc,e0c5b552-53ff-43e7-abbe-9a628a732a09,http://www.imdb.com/title/tt0222511/
787,691,91e0f841-6b3b-4995-ad73-f2fe4df41dab,e731b940-b8b7-4c81-8167-7ce97f6d04ac,http://www.imdb.com/title/tt0394544/
788,692,5f9ad124-7b03-4dd1-8c9c-de0ee25c7e0f,f8dcd186-fe1a-465f-946b-9ba05cbef2a6,http://www.imdb.com/title/tt0955692/
789,693,a46d29a9-ea74-4239-998e-d03a486fc497,e6016228-a2da-430c-bb39-952ba5df2955,http://www.imdb.com/title/tt0093999/
790,694,c295e042-73ac-4bbc-ab92-309d0718411c,50b73859-02a0-43c6-9389-922623730935,http://www.imdb.com/title/tt0105326/
791,695,2373804c-34ba-4208-8d27-066d24b67438,bbca388c-8198-4c53-90f0-50a3898c95d7,http://www.imdb.com/title/tt1050263/
793,697,a6598312-1de4-48cb-8d32-95abc04baec1,966b0915-bc19-42e7-852e-2216db6c491c,http://www.imdb.com/title/tt1299933/
794,698,1791bb0c-1ac6-4095-8654-385915bfb378,ce870c3a-614e-423f-9ac8-94d03c2ffed1,http://www.imdb.com/title/tt1754000/
795,699,60d856f4-9019-4eda-ae28-643473304a1e,0a9e0332-e7ef-46c3-b2e1-b56290a835a8,http://www.imdb.com/title/tt0306234/
796,700,439c8db6-fff2-4656-a8bc-042cb1d5110d,057f7d11-710c-4c1a-b8ff-47b94913bcf7,http://www.imdb.com/title/tt0489450/
797,701,a6c7364f-9c44-40cc-843f-eeb4e6fef024,7a0dfc28-b402-4fc6-bbe3-6246a41b059f,http://www.imdb.com/title/tt0378793/
799,703,9f4a38de-8a34-4634-8a4d-ea4e59b10c65,42648830-a06f-46b8-8cae-e48c65f141a7,http://www.imdb.com/title/tt0267155/
800,704,caa04370-4b64-4f5e-b026-05696c63e130,30903332-84de-4de6-8559-87b5a5c1df2a,http://www.bcdb.com/cartoon/58716-Kigutsu_No_Cinderella.html
801,705,54bb968f-4ccf-474a-a83a-0acba323faf5,551a7de0-8088-4bcf-823b-039a4451bbb8,http://www.imdb.com/title/tt0085316/
802,706,6cc162bd-249f-4994-bb40-ff8d30bb3a3c,2b29978d-fd97-4c67-9e5f-19ebe16bc99f,http://www.imdb.com/title/tt0210607/
803,707,8294b9cf-2a06-4899-8355-cbfc136f3db6,b14dbb12-551e-4f57-9164-01e9eade88d0,http://www.imdb.com/title/tt0087059/
804,708,570209bb-55b9-4ee4-ae74-7d5c74d006de,675212b0-b556-46e8-b155-f29404a73b05,http://www.imdb.com/title/tt0089608/
805,709,d2840ec3-4faf-462b-871e-32f526cbe296,680b63e1-8234-4a9e-b65e-de24e09e21d2,http://www.imdb.com/title/tt0881460/
807,711,061d21ff-b22b-4344-a4e2-4ff31dabba0c,ab2139e9-e44a-4b13-bb53-d32fe4e95bfa,http://www.imdb.com/title/tt0091790/
808,712,69f16a50-0ae0-40da-9e13-539f552227f4,9eda2443-2da2-45b8-9bca-5b115f91275d,http://www.imdb.com/title/tt0093476/
809,713,7672930a-0740-4f9a-9e12-ae5cefe15f8e,cee3223b-299a-4424-a038-5317a5a56a3f,http://www.imdb.com/title/tt0096463/
810,714,c625b55a-0c71-44e3-a754-8a58f4869761,37983af1-d984-451c-be4f-e836b1a62738,http://www.imdb.com/title/tt0406541/
811,715,1ffae68b-791d-4664-b6bb-7f5d44b0e46e,55b27b1b-aa7e-43d8-906e-86e005fc1a59,http://www.imdb.com/title/tt0099065/
812,716,ccb0f214-f2f7-4d26-ae7b-2b88f53ca9ca,95b15dab-1d97-4371-b9c9-c015888fa81c,http://www.imdb.com/title/tt0100405/
813,717,6c14b40b-7250-4006-b759-8c61a4f401ed,becc05ae-2d8c-42a1-9b13-04bfd5b5f789,http://www.imdb.com/title/tt0102371/
814,718,56013940-018f-4566-aae7-fb5b94b97cd8,f46ae753-e23b-407c-afd0-ed35264623b3,http://www.imdb.com/title/tt0910852/
815,719,0537a383-036c-4c1f-92b7-33b94ab0d62b,b0052a74-be7d-4d49-a7fb-7b58fd89e765,http://www.imdb.com/title/tt0321695/
816,721,51c81bf5-bba1-4804-bc61-8094ed28a47d,f45df5cb-cfa7-43fe-816d-22e4d72623d7,http://www.imdb.com/title/tt0128996/
817,722,77df0327-b52c-4cc9-acd1-825931c2ba55,879598e9-4abb-4a0e-88bd-919118df7414,http://www.imdb.com/title/tt0157030/
819,724,9f193fc4-3274-4614-a101-9855276647e3,54a0f18d-7ebd-4d72-96ef-ff1b237ad783,http://www.imdb.com/title/tt0120631/
820,725,32d4001d-3ab0-4142-aaa8-02258d15cf1f,cd075de2-88a8-4f12-844a-645de5639eb9,http://www.imdb.com/title/tt0218892/
821,726,6a9c24ac-a5fc-4be9-94bf-889066de4080,2b527349-54e7-4f6e-b8b7-d8e524c042e1,http://www.imdb.com/title/tt0245055/
822,727,be9343f2-88a2-4283-b8ab-ee143bf51dc6,448c6ac8-0767-409e-9a7e-2039af0203c2,http://www.imdb.com/title/tt0263066/
823,728,e80cf790-80ef-4906-9772-adb61c6a0dd2,e85e1ddd-5203-4ed7-9a01-1d4b5d04236e,http://www.imdb.com/title/tt0218891/
825,730,622fb752-655b-44cd-8871-b27e74802b5a,083945ad-e640-478d-86b2-07992aeb35ea,http://www.imdb.com/title/tt0250944/
826,731,9925136d-0ecb-4289-b0ae-15d0efa5b54a,6cf1f56c-ac8a-4352-b1fe-aaa2334cc2d0,http://www.imdb.com/title/tt0308604/
827,732,bed3c5ce-0c5e-4996-aad1-95aab73a1ca9,e78b6c3d-4a03-41f2-a342-380ab1ddde7f,http://www.imdb.com/title/tt0291082/
828,733,aa4b68ac-d175-4406-86bf-1deb0248d366,38f9b462-9b96-4b01-b3e1-1911f8f716c3,http://www.imdb.com/title/tt0327679/
829,734,2fdb7863-4921-41e2-8e08-a0e86b0b0331,f2f448a6-4937-4ede-b903-fa9a18e50bb2,http://www.imdb.com/title/tt1270771/
830,735,d9db293d-2f20-40bd-a247-1ce979590b7c,184f8e45-4460-4fe4-a8aa-6bacbd5f951c,http://www.imdb.com/title/tt0385988/
831,736,8d53e754-b01e-4772-97e2-afeb976b68f4,cdaf663e-d04b-4c45-8a03-a46b62e610c4,http://www.imdb.com/title/tt0264430/
832,737,90deb765-d72e-4e63-903d-121b5f84f068,5394691f-c8e1-438b-9444-ce16183c0db1,http://www.imdb.com/title/tt0141560/
833,738,eefad422-ce3f-4ffc-83ff-7c83d44b41fc,714a88b4-794b-4a8a-ae5c-683381f94d4e,http://www.imdb.com/title/tt0116079/
834,739,dbe1ea6c-cd7b-423b-9b1d-a3a64892dee5,23f76341-8ddf-4d7d-9e17-5909aae0b6d8,http://www.imdb.com/title/tt1218666/
835,740,5a76f7d1-f47e-4be8-ae1b-aade94ac35aa,734b4df5-7ee2-49be-90bb-f9ed401ec036,http://www.imdb.com/title/tt1112117/
836,741,3f57fe38-6e5f-4135-b030-767212859877,ab73d544-18cf-4c87-8a24-14a34cff55b7,http://www.imdb.com/title/tt0182499/
837,742,556193c3-7ba2-41ad-9752-5fb65dfd6cd4,080281cc-b771-445b-ae70-5694b8427214,http://www.imdb.com/title/tt0104497/
838,743,d2fae09b-0f11-4735-bb20-6c259a883f35,3f4bbeab-0238-4deb-b0a5-81d75e11dbb1,http://www.imdb.com/title/tt0210974/
839,744,3c9375fa-d908-4718-9ff7-67ca2a1b3575,86459081-538a-45f5-9737-680221143018,http://www.imdb.com/title/tt0097000/
840,745,3f4ef05c-e71e-41ac-8efd-36fdbdeb1400,be378dc3-097f-4c30-a032-82c162b1ab24,http://www.imdb.com/title/tt0087075/
841,746,1986bdfa-fea8-4a0d-8395-9384f7685ee6,b26d7225-aa7e-411f-8d77-8449ed3fa6dc,http://www.imdb.com/title/tt0204127/
842,747,fe8a7f2e-e53a-4fbe-aede-c59cd733b095,6eef2015-1dc6-45a0-83e6-14e1bbe53c20,http://www.imdb.com/title/tt0356470/
844,749,7a03e442-482b-4b0c-9cc4-87cd4eb8b5e1,9b03376c-f134-4bba-91b9-f88a7ef30c02,http://www.imdb.com/title/tt0465940/
845,750,9ec605a5-fe94-4928-b33d-d77cdadc2a82,1d89f164-5286-4930-ae8c-8cf687959663,http://www.imdb.com/title/tt1382504/
846,751,09ea8be5-b0e9-4c06-b15c-5c27f47a8303,fc1ff5be-2ae2-4b1c-a2a1-c645dd66da81,http://www.imdb.com/title/tt1408978/
847,752,78d29365-f0da-47bf-a3bd-f26abc907c07,3f3d8843-bead-4856-8c2a-4a2d79c0a6c4,http://www.imdb.com/title/tt1071358/
848,753,7cfd14b1-0ab7-4c51-96d2-9e4608713556,9a7dee1a-a24e-4cb2-bf82-05f1d8d8faa3,http://www.imdb.com/title/tt0434273/
849,754,bce98990-b8f7-44f4-933b-4e9ae16b9813,daee0c4c-367d-4cba-89a2-eb9ce8849c1f,http://www.imdb.com/title/tt0015387/?ref_=fn_al_tt_1
850,754,35990fd4-147d-4edb-a845-f287c6961c2f,daee0c4c-367d-4cba-89a2-eb9ce8849c1f,http://www.imdb.com/title/tt0015387/
851,755,b328e7e2-bcdb-483b-bab4-a6ed168ae6eb,aa9850dd-8f53-484b-b896-c64c3a9df17d,http://www.imdb.com/title/tt0148190/
852,756,4eae4be8-9832-4394-a647-a9750436cca4,b880c25d-3649-43d0-8d08-48fa93be349c,http://www.imdb.com/title/tt0213671/
853,757,272d385f-ecdb-4ce0-a0a5-72df92c1ead1,fb04cba7-cfeb-44c9-9d12-443e49a21048,http://www.imdb.com/title/tt0283224/
854,758,41fb9bb2-72df-4e55-8350-681ce5c8fe76,17a4ea16-e5bb-4433-96a3-491f3f97d0b7,http://www.bcdb.com/cartoon/7918-Frog_Prince.html
855,759,66914481-94f6-4900-84df-2863af7c7758,6af5134a-5916-4201-8224-f939bb659ae7,http://www.bcdb.com/cartoon_characters/7925-Enchanted_Frog.html
857,761,09a264ac-b519-433a-a166-80774d9ea3c5,289c2182-86fb-4d33-a5e6-06b21251d7a3,http://www.bcdb.com/cartoon/7960-Tale_Of_A_Frog.html
858,762,bd6504a3-b184-4467-b495-3734e482900a,05db3e4c-e65c-4a6e-956d-0672ecf03646,http://www.bcdb.com/cartoon/55959-Frog_Prince.html
859,763,8e9cb1da-0e7e-4f1d-8f6f-c4a1cd1f5447,f76025bb-5c5b-4afd-82e2-f3e45dec42c1,http://www.imdb.com/title/tt0406789/
860,764,ce070d1f-772a-4362-94d1-7dcaad15e5f0,e78bde1d-80a4-495b-81cc-dffd4b38eb02,http://www.imdb.com/title/tt0068613/
861,765,a21b5fa7-35a2-470b-9351-d8b922e4dc04,3a05533b-1145-44cc-9f01-ca57039ae766,http://www.imdb.com/title/tt0575517/
862,766,b79a28d4-9ee4-44cc-bde0-7faf86e28f0a,8e08a5aa-7666-4686-b5e6-239efd10ea0d,http://www.imdb.com/title/tt0095182/
863,767,a3c1f87f-696b-4f0e-aa69-007eeb0591b3,eb077989-4850-4750-8296-eafd9ccea986,http://www.imdb.com/title/tt0087300/
865,769,c9171103-cf85-49d0-bf73-25d29ee00cdb,5d19d54d-3519-42d2-b2ad-22135c90da47,http://www.imdb.com/title/tt0101922/
866,770,6e733999-7392-410a-8dfb-537f168685c2,f381286c-6f3b-4f23-be2b-24db6cc5455e,http://www.imdb.com/title/tt0046754/
867,771,bbbc0bb1-ef91-491f-9200-404ca868be83,aa6f2831-533b-4b72-9f16-a94372bb5f10,http://www.imdb.com/title/tt0027376/
868,772,def5729e-dde5-4db3-a77b-c7e4532714b8,d953dfd5-5840-405c-82d2-3ec9bde95209,http://www.imdb.com/title/tt1206913/
869,773,d3dddbb7-dc17-457d-9d51-fcb5de50faab,ba2f8e32-8d22-4811-8206-0400469c68f6,http://www.imdb.com/title/tt0088851/
870,774,1f8684c3-27dd-4371-9248-2746646e1553,b9b935a2-941f-4812-bb2b-fe1719bf1725,http://www.imdb.com/title/tt0168584/
871,775,6f676628-f6f2-43e2-9ebd-154839e2a0f7,83890f88-25db-48b1-8369-783591640fe9,http://www.imdb.com/title/tt2184133/
872,776,6293ec28-d5eb-43c9-a00c-14688eeb8c9d,23ae20ff-0bc7-4f40-ab8d-c25435c08733,http://www.imdb.com/title/tt0061433/
873,777,312ad175-066e-4742-b1ed-9bbfee0f7bb7,001bf5bc-6e2f-4aa5-bb5e-010c7ccfe5d5,http://www.imdb.com/title/tt0085501/
874,778,b7d6061a-cb89-4488-95d3-ebe829fc9408,c4fb4e2f-2a47-4831-b63c-8215226acc4a,http://www.imdb.com/title/tt0064394/
875,779,e8480849-3f64-4276-b70b-860f4d1c4023,a3926bbb-d257-4326-9b88-e4afed70349f,http://www.imdb.com/title/tt0074285/
876,780,287ee02a-46f1-4ec8-8f6a-6d16b580d309,d923abe3-2d40-428d-a216-6baa24c8844f,http://www.imdb.com/title/tt0040221/
877,781,71da910f-774e-4def-bac3-20857017c0b1,b05af5bb-1d40-40ad-92a5-0f25cd705114,http://www.imdb.com/title/tt0069883/
878,782,1bcc4115-add8-49f9-bd4c-3fe974f5900a,19f02af6-0b15-4a1c-b111-892f88ddb6b3,http://www.imdb.com/title/tt0094898/
879,783,478c3875-3c7e-4e0c-929f-08ed03023a25,e0db1ab7-2b31-4276-b216-8c3a5237755e,http://www.imdb.com/title/tt0031302/
880,784,f506ebd3-74a3-4a28-98e4-22ed0b91dbc6,a07655f4-c400-4d0d-8bd3-78bb23a12847,http://www.imdb.com/title/tt0085549/
881,785,77749a60-630b-4ae9-9ebc-6d06ba8f6200,4a9cec0e-4f25-4960-8466-10899406d9a2,http://www.imdb.com/title/tt0030145/
882,786,06dad3ea-f6ef-4b2a-9026-617ee7c1f665,0b34aa1b-db42-4806-a323-525f320e742f,http://www.imdb.com/title/tt0026424/
883,787,aef857db-6998-4659-bf44-4461394f9d78,16954480-01e4-4366-819a-c71571facab7,http://www.imdb.com/title/tt0104412/
885,789,20fc1d2b-ddc7-435d-b93a-fa8e7705e733,245d3e0c-2d1e-4925-86dd-d4a2e8e3304b,http://www.imdb.com/title/tt1315195/
886,790,e5f071cb-e982-4e75-bb05-5f8eb942d73c,1d6072f2-7bb7-4a5d-916b-a65ee556338a,http://www.imdb.com/title/tt1322996/
887,791,67a65bef-d71b-42bf-ac07-8292f112e84e,060ea8c1-c112-4f57-bdf9-0b559fd64be9,http://www.imdb.com/title/tt0450089/
888,792,6c53687e-3d32-445c-8de4-78b3f07f20ab,703f2188-9766-4734-8098-d1d8d18b8375,http://www.imdb.com/title/tt0208353/
889,793,013c7efe-a0c2-4d4b-a1c2-c857d9fd37aa,728d2276-c77b-4215-90ba-d964f7d84367,http://www.imdb.com/title/tt0011570/
890,794,62b5be60-21a0-4375-aede-117b8d17cb94,0abf6336-79f9-40ec-8326-ae903ab0cc9a,http://www.imdb.com/title/tt0153154/
891,795,2ddd56e0-e89e-4928-9697-93bd1e664564,4ec4a5fe-0d36-4000-9327-5390447f75e0,http://www.imdb.com/title/tt0327399/
892,796,8327aba6-99d6-43b8-be67-99d8c0ef1ea7,708462fa-b132-4ed0-b8d3-af4562179332,http://www.imdb.com/title/tt0033170/
893,797,f2a0920a-da77-4547-9bf3-fdc8aaf2fa53,d0a0d169-b6a7-46c3-9a53-980f66385909,http://www.imdb.com/title/tt0151600/
894,798,c0d81a5c-7e97-4712-9611-6dd9ccd8d160,2e55efd6-6fce-475f-b188-308b9ffc82a1,http://www.imdb.com/title/tt0050867/
895,799,be637fc8-8fba-40e9-8fb3-b7e26739432b,940240cc-970f-42a9-87a5-307a0a38956e,http://www.imdb.com/title/tt0052427/
896,800,0851c1b0-c620-45c3-8999-5991892df484,f46af430-713e-4bba-a188-0008f3b3ed0c,http://www.imdb.com/title/tt0053617/
897,801,a16e142f-4fc9-466d-997a-407bb1a238d9,36a3ed41-49ef-4c6a-9a2e-95276d795e00,http://www.bcdb.com/cartoon/7897-Tom_Thumb.html
898,802,98c0ffd3-c764-44fa-bb13-10a5e52859c1,1feefea8-ad04-4cc4-ba48-3fcba7c1121c,http://www.bcdb.com/cartoon/8008-Race_Of_The_Tom_Thumb.html
899,803,6af03217-a4f9-43ed-8278-9818457346ae,d70609c3-2b7c-436b-b841-592b3b0358d2,http://www.imdb.com/title/tt0057169/
900,804,c79fa074-a404-4ee7-82f3-77e79d75eb65,0aee5877-09d0-4b38-ab34-b3e7ddd1a1d0,http://www.bcdb.com/cartoon/55964-Little_Tom_Thumb.html
901,805,0648a533-3707-436f-aba6-e33c659b0df9,e69ec86d-6ea8-49e7-9694-87286cd0b7a5,http://www.imdb.com/title/tt0188140/
902,806,bcd80e75-3735-483a-89ed-4157cb70276d,29c8d08e-4392-4b2e-af2c-94d2eb964861,http://www.imdb.com/title/tt0099322/
903,807,504b7803-5c94-4745-86dc-dc5b3fea208a,639eb672-a6c6-454c-973a-a776b865e1e6,http://www.imdb.com/title/tt0108069/
904,808,afe9e251-1f54-46e5-8d26-bf6bb4fe4814,083170b4-2a98-400a-abe8-0c55306586b6,http://www.bcdb.com/cartoon/86917-Tom_Thumb.html
905,809,73a50648-ae15-42fe-a2e7-df8eea35f482,d6854c64-3561-4603-a893-d0acc1d2a5f7,http://www.imdb.com/title/tt0185143/
906,810,397068a1-f6a6-4aae-b111-004557da5f3f,0b79ae3b-e005-4078-8e87-254f0f34b76e,http://www.imdb.com/title/tt0249081/
907,811,683c7b4c-d859-440b-8b25-9922ef7ac17a,56524d4c-ca7c-45ff-99bb-6f9be38154d2,http://www.imdb.com/title/tt0004099/
908,812,579cd492-4769-433d-8c9d-9ca7898c2de2,0e9b8b69-26e7-41fd-8c48-dca12fbcffde,http://www.imdb.com/title/tt0004457/
909,813,c313f2f1-6e07-4107-999d-d26621be83b2,e712526d-b2e9-4bc5-b673-76541c455358,http://www.imdb.com/title/tt0004286/
910,814,f3e9a61a-3ebc-491a-b047-83c765e02309,8954870f-b963-4391-8b54-4009d9b0142b,http://www.imdb.com/title/tt0016544/
911,815,5d8dc79c-45bd-487d-b34a-675d67f3167b,9f3e798e-46cf-4ed4-87a1-d330a82ddeb9,http://www.imdb.com/title/tt0022049/
912,816,ddb54481-2c4b-48b8-8898-4b899f1f876e,0969e8df-5519-436c-8f3c-3e626771eda9,http://www.imdb.com/title/tt0024779/
913,817,84512f63-c754-40fa-9b4f-1531425cf0eb,62bd26f7-91ff-48b6-832f-6c32787d452b,http://www.imdb.com/title/tt0054015/
914,818,688b4610-2095-41af-a7db-e238aa504817,e0d52eea-5b2a-41b1-b056-4ecbf1d5ed75,http://www.imdb.com/title/tt0065223/
915,819,83fbf7bf-2f68-483f-997a-fa20c2cce65e,72d3b6fd-4b3d-4c97-866f-aeab4e8f337f,http://www.imdb.com/title/tt0069653/
916,820,8b01a881-8c16-4b5a-a47f-f48544ad3db9,5a492c63-c231-40c2-bf64-b9d2f398221e,http://www.imdb.com/title/tt0067280/
917,821,3f160aea-732e-4c88-8b09-b2c85b336821,75479eb4-cda8-4c58-a21c-77743e4916d3,http://www.imdb.com/title/tt0075030/
918,822,4449c5f5-fc73-429b-bb6e-81f2b6ed609f,43ce7bd9-251b-47ea-9b16-670551729be8,http://www.imdb.com/title/tt0078504/
919,823,0b7401a1-1709-47cc-a0fd-9e3538aebed1,f90703bb-8963-4b5b-9568-c39eb4b5f9a3,http://www.imdb.com/title/tt0081293/
920,824,972d2940-03ac-43dc-afa6-895a6dab01bc,bfca0a00-409c-4a16-b0f8-a54a7281fa41,http://www.imdb.com/title/tt0084458/
921,825,ae02040f-3e21-4831-8bd4-20c05a4da3f7,6ac5a886-929a-4988-9556-ee07effd752a,http://www.imdb.com/title/tt0089908/
922,826,bf3e61c9-2e90-44f4-892f-edeb128821dd,cd0282a9-15e4-45a1-a94d-d8ae4189ae9a,http://www.imdb.com/title/tt0094337/
923,827,9ff42d3f-f6bd-469c-92c5-f3d3b77487c5,368a7ad9-a599-402e-8fe3-a6525868e3c9,http://www.imdb.com/title/tt0103277/
924,828,23943c76-2334-4c8b-9d0b-c269cae12cce,45ed7a3f-e891-47b9-b1d4-6937ad4752ed,http://www.imdb.com/title/tt0120733/
925,829,e718396a-507e-4abd-b236-e1fd7ee58d34,b8fe75b7-6aa2-47ed-aac2-95185e5d97e4,http://www.imdb.com/title/tt0422778/
926,830,2d6cd802-f674-4547-8d08-6b047a77fe52,6c21cc59-58de-4dc2-a42d-18a8fdb3d20f,http://www.imdb.com/title/tt0032638/
927,831,2378d5ba-eef2-4ffe-8cf0-e9dd146e216f,526d079c-6611-433e-9ac6-264ff0d01e05,http://www.imdb.com/title/tt0300051/
928,832,6052e07c-ce45-46de-a4cb-03c7283e72d8,a75b21bd-feec-490f-8c0f-344a31b49675,http://www.imdb.com/title/tt0021057/
929,833,b8182ab9-2f70-4c13-af78-f17c5b1d091d,fddd874f-59ba-45f3-881a-41f3ca2e2a87,http://www.imdb.com/title/tt0103994/
930,834,a4450f70-97f1-4e41-9adf-b88ab5df67b1,1638bfcb-1a10-41a1-add6-6241ec050e17,http://www.imdb.com/title/tt0314331/
931,835,b8dcfbc2-f046-4138-98d6-4743deaae81a,51f973aa-1a6d-49e1-a079-9e68529ad67b,http://www.imdb.com/title/tt0023158/
932,836,6d818547-6224-4eba-8212-7560bc98d480,916eb33b-3454-4c43-8ea1-c16c7a5c39bf,http://www.imdb.com/title/tt1535565/
933,837,8ef47081-aa50-4deb-a588-d1bee13b9346,80127805-1f0a-4af2-9203-949f3273bf6b,http://www.imdb.com/title/tt0252076/
934,838,2db9b6d7-d32f-45ca-9a09-99542a7d41a9,fb42e007-f2d6-4eda-9dae-d6d1f0512002,http://www.imdb.com/title/tt0030413/
935,839,1ad59e0b-79a2-46f6-a3cb-0e97c70ff14a,a1924ebb-c673-492e-b3e7-28e4131bd085,http://www.imdb.com/title/tt0093493/
936,840,10c53080-9304-4a34-9f83-771eb45bed7b,b44a695e-4f7a-4684-94cc-47cf707f0cc4,http://www.imdb.com/title/tt0058335/
937,841,9637ad39-dfd6-4558-a74b-22738094f8b3,8178f2a4-a3e7-4aa8-81c7-771cf075b05a,http://www.imdb.com/title/tt0377092/
938,842,99a9c0d2-4500-4e5c-a063-50fd0841087b,ace72baa-0788-4178-a2a6-84defd2cf76f,http://www.imdb.com/title/tt0097876/
939,843,4e9fe09d-f422-4fd9-a48c-acb662f76b0c,a390e2e1-d247-45c6-9517-70db860d59e9,http://www.imdb.com/title/tt0064683/
940,844,a50c3e42-c917-4f9d-81c5-51138e545454,b325cec7-3459-4d7b-8cb9-4b72ed9c2ba4,http://www.imdb.com/title/tt0027996/
941,845,bbeb2869-d950-422e-a4f2-a6caf0dc63ec,1b8fc685-fcdc-478c-8687-ebbbe9b294d7,http://www.imdb.com/title/tt0280590/
942,846,f088eee1-3388-4c9c-8fa8-d1dbbf427698,9d902e0d-87c6-4c8c-b01d-f2d0b839e977,http://www.imdb.com/title/tt0110598/
943,847,05bb325c-20a0-4e14-896c-327a2d90ba03,54580e49-14a3-4b6e-b42e-d7fafa344f99,http://www.imdb.com/title/tt0058385/
944,848,cdee1ea8-a3a8-4c46-a10b-4efdf8d442f9,4814ce8e-5657-441d-addb-1b7daaef6d29,http://www.imdb.com/title/tt0084434/
945,849,9039fa8d-ee6b-4d38-9155-e3974b812d4e,789a5490-06ff-43ad-956b-4e40c63a04c2,http://www.imdb.com/title/tt0107822/
946,850,a59ada43-0113-4cbd-822d-d70fce289d9e,e512f528-1d33-4408-970c-045c675900c8,http://www.imdb.com/title/tt0022268/
947,851,ef85d98c-aeec-43d6-b77e-78b38f9fb606,1c520db2-4856-4b4c-bbdd-a6afda4f5455,http://www.imdb.com/title/tt0337697/
948,852,46125849-4f2c-4a4c-bd35-a554ce4dc150,714701f9-c311-4ec2-8d7e-b08d3cbb4495,http://www.imdb.com/title/tt0050861/
949,853,e3b5b5ea-a3c1-4231-aff9-b81400e14513,b67615ec-e8d8-417c-955e-76acecf549bc,http://www.imdb.com/title/tt0247638/
950,854,f8f54712-a695-4b20-8dff-bef73ad71360,723a1199-a8a4-45e6-a025-2758c80d9686,http://www.imdb.com/title/tt0026891/
951,855,9544525d-ee3a-4b5a-88a5-f08c34e291ab,b17abb3e-1096-44ad-8395-a31534b384e8,http://www.imdb.com/title/tt2081255/
952,856,121c65eb-bedb-46a8-937e-9891375aa7aa,82e9351b-011f-4259-925f-29a620f1a081,http://www.imdb.com/title/tt1854513/
953,857,4d982d95-b3cf-40b9-8d5b-9e92f118bacf,0810c293-c642-4ca0-9627-2780f2c216c8,http://www.imdb.com/title/tt0028142/
954,858,3526f30f-9d08-4da5-9b2f-57fddf5fb608,277fa5e5-b616-48d2-ae9f-f260f4fdf690,http://www.imdb.com/title/tt0448887/
955,859,24a67598-599d-4eac-b2e6-b4e7c0721afe,8a351146-571e-4c4c-92af-a40e7d764cba,http://www.imdb.com/title/tt0371812/
956,861,13872f9c-1a90-471f-b3a4-4fe169075808,89ab0b96-e989-4854-8562-f796018b55ff,http://www.imdb.com/title/tt0475261/
957,862,c996860a-5e00-448c-9dfb-401080ed1c2e,dbd7057c-4c81-4808-827f-c16d74b03ac1,http://www.imdb.com/title/tt0030637/
958,863,7801900a-8fe0-4dba-8565-d5881e80601b,40e1968a-1c30-4790-971e-d36eec9f6442,http://www.imdb.com/title/tt0046250/
959,864,bd5e1f37-1716-44be-8ca4-c27b15b96636,af1fbfe0-5077-435d-a229-d2432f23cc6a,http://www.imdb.com/title/tt0028207/
960,865,1a233fb6-1a67-4b8d-be61-609431c82f8d,1e0090f0-ed65-48d1-829a-e260ce333df2,http://www.imdb.com/title/tt0114319/
961,866,a9545cee-0929-4b72-81d4-1fe67ac9e124,d4643a0d-7397-4c8d-8cbd-9480dcdc1984,http://www.imdb.com/title/tt0107617/
962,867,d08ca701-e235-4713-8d35-500969e11d6f,d4f95aaf-399a-4a2b-a40b-90589020cada,http://www.imdb.com/title/tt0031917/
963,868,aaaff68e-a27e-4e23-9827-d900041581ef,add72716-8e31-4538-8096-f66193fe6678,http://www.imdb.com/title/tt0102926/
964,870,10e2a61e-c28a-4342-8e0c-09fffa29be88,f83b2580-8546-4341-bf8e-f35d84510857,http://www.imdb.com/title/tt0298130/
965,871,74096352-23dd-4ff4-9460-549fc9fc7d3f,50e18586-2c82-4d5d-b40c-4daebe804bd6,http://www.imdb.com/title/tt0134119/
966,872,71c5bc3a-187f-4bb9-9c7c-fd421cdf8c73,4ac1ce4e-d1d6-4327-b4cf-0c3a52d1fca2,http://www.imdb.com/title/tt0090605/
967,873,0ffec48a-6d57-4bf9-beb6-1101cb1b937b,3255a52a-df78-44fe-835c-edf2ea693340,http://www.imdb.com/title/tt0063522/
968,874,447080a5-4d2c-4b92-b588-3bd2ca873178,e5a8f9bc-3882-4d74-b765-18b6f7aa10ac,http://www.imdb.com/title/tt0161081/
969,875,9c4fae42-2af7-4c4d-82c6-58700ef5d881,58a722e5-8e35-4d05-85a3-e6bc259ff1c1,http://www.imdb.com/title/tt0100157/
970,877,82b7735d-bc34-4a72-bae8-0d781b01a794,68342283-a24b-4e61-8466-59c53fe10aae,http://www.imdb.com/title/tt1623205/
971,876,7cb2000b-abdd-43bf-a50c-d12c8956b0f3,e89431f8-83d2-4cce-a8fc-bfd83de3c313,http://www.imdb.com/title/tt2149137/
972,878,04dc8cfc-7ec4-4ac2-9275-6e4cf92b3fda,0e549ec4-7b20-41a3-a0df-2b62b144d8a4,http://www.imdb.com/title/tt0160862/
973,879,ceab1a88-9212-41f3-89e0-d7e5bbf5d142,0a9b8dff-e65a-4978-bc88-a4667a5c12ff,http://www.imdb.com/title/tt0090037/
974,880,629392b3-a1eb-4090-980f-aa66282994c3,2b2828a7-0c4b-4d49-a05f-290d6d388090,http://www.imdb.com/title/tt0094006/
975,881,114fb042-f0b7-4592-bfb8-248d6036c7a5,e9a0e042-a2e9-4857-b4e9-a14f0716cb7a,http://www.imdb.com/title/tt0059742/
976,882,8fae8e95-78a4-4133-ba85-47451e3b30c1,b6f0f5d5-17cb-4508-8b16-322683d6d0a6,http://www.imdb.com/title/tt0105488/
977,882,0110b48f-d3e0-4e33-8825-e826b4e4be5a,b6f0f5d5-17cb-4508-8b16-322683d6d0a6,http://d.lib.rochester.edu/cinderella/text/movies-and-television
978,663,0f67fb0b-bd1e-422c-981a-00fbffa94a22,172c0409-0f42-4ecf-87db-37a347c769e8,http://d.lib.rochester.edu/cinderella/text/movies-and-television
979,665,3a04ce15-115b-4b08-8a78-ed67c0ed7040,2055a52d-2dba-473f-bb35-384b277cc819,http://d.lib.rochester.edu/cinderella/text/movies-and-television
980,714,14cfb98a-78f2-4fac-a57c-0cc67c9e1d1c,37983af1-d984-451c-be4f-e836b1a62738,http://d.lib.rochester.edu/cinderella/text/movies-and-television
981,770,fe21b56e-9089-4521-8cab-97e8ab285410,f381286c-6f3b-4f23-be2b-24db6cc5455e,http://d.lib.rochester.edu/cinderella/text/movies-and-television
982,130,2173a6a3-d3ad-4f35-8eb4-4cd8838394aa,dcdcccbe-b522-45ca-b13a-a5e518d29e3c,http://d.lib.rochester.edu/cinderella/text/movies-and-television
983,771,0e0d027f-d907-4eac-8209-e1f038695f47,aa6f2831-533b-4b72-9f16-a94372bb5f10,http://d.lib.rochester.edu/cinderella/text/movies-and-television
984,773,54f43050-0573-43fd-9370-79b82c9d67b3,ba2f8e32-8d22-4811-8206-0400469c68f6,http://d.lib.rochester.edu/cinderella/text/movies-and-television
985,572,1489ba31-bddd-4c08-b2b0-ce614d79a69a,bdac7661-8006-4c62-aad2-6faa685b8343,http://d.lib.rochester.edu/cinderella/text/movies-and-television
986,779,4ec24f20-46f7-4086-9725-857a3c567eb5,a3926bbb-d257-4326-9b88-e4afed70349f,http://d.lib.rochester.edu/cinderella/text/movies-and-television
987,780,4152fc60-85dc-4122-a65d-abd8a64f4847,d923abe3-2d40-428d-a216-6baa24c8844f,http://d.lib.rochester.edu/cinderella/text/movies-and-television
988,662,3b95a55c-d6d2-43b6-9658-70ea84075b6b,b2cd0436-4da9-4a16-ad5e-a8a229b5d144,http://d.lib.rochester.edu/cinderella/text/movies-and-television
989,705,58638bf8-49eb-4311-9263-f271d42f099d,551a7de0-8088-4bcf-823b-039a4451bbb8,http://d.lib.rochester.edu/cinderella/text/movies-and-television
990,774,6c2109f4-7758-4576-9bf3-0de0eb3bb928,b9b935a2-941f-4812-bb2b-fe1719bf1725,http://d.lib.rochester.edu/cinderella/text/movies-and-television
991,772,5804a9bf-be71-4cc7-b24b-85ee9813c285,d953dfd5-5840-405c-82d2-3ec9bde95209,http://d.lib.rochester.edu/cinderella/text/movies-and-television
992,156,cd7ae9dc-bf84-4158-8a3b-d327514e67f2,bf6dfc9a-29d7-44fc-ace6-9472a2e4cd64,http://d.lib.rochester.edu/cinderella/text/movies-and-television
993,157,32726606-ab3c-4f41-945e-2caa23b355c9,e3fae2df-d5c0-4f81-b1f9-bc540ffeb05e,http://d.lib.rochester.edu/cinderella/text/movies-and-television
995,502,66c1392a-9e77-494f-99e2-fe5d208cee33,ef1702a9-a88d-474a-9337-ca1e4fbfed3a,http://d.lib.rochester.edu/cinderella/text/movies-and-television
996,883,ad372bea-0e74-466b-a8c9-b28d47c1b91a,b6b73552-55c6-41c2-8e68-f8586d686889,http://d.lib.rochester.edu/cinderella/text/movies-and-television
997,509,9de3584c-fe12-4472-8c09-eda88d3c7c27,fb6e0af0-a095-415f-b18c-86ed3a1f65a3,http://d.lib.rochester.edu/cinderella/text/movies-and-television
998,636,7c10ee32-e3e6-486b-9f90-1f4ce6b0f402,84850fb0-db2d-4cb5-836f-c86a20c0246c,http://d.lib.rochester.edu/cinderella/text/movies-and-television
999,781,ae7974a2-a85e-44f4-a054-08a56ef19ea5,b05af5bb-1d40-40ad-92a5-0f25cd705114,http://d.lib.rochester.edu/cinderella/text/movies-and-television
1000,884,e028304a-689d-44be-b791-bbe437478a35,dd56840a-c4d6-43c4-b6cc-35bfb56fe9ef,http://d.lib.rochester.edu/cinderella/text/movies-and-television
1001,884,e7198f40-edbf-4514-93fe-07af2c841529,dd56840a-c4d6-43c4-b6cc-35bfb56fe9ef,http://www.imdb.com/title/tt0035738/
1002,887,2a584b34-f906-4990-bd28-da8427cdaa72,e7b73336-e859-4ada-86ba-8886c88a6f2b,http://d.lib.rochester.edu/cinderella/text/movies-and-television
1003,887,aad028ac-42de-4b73-85b6-9dc4ee7d358e,e7b73336-e859-4ada-86ba-8886c88a6f2b,http://www.imdb.com/title/tt0112679/
1004,888,e1b638a1-d5b4-43df-a436-938c65c64d55,95ab785b-1721-42e3-a898-3ad51448c065,http://d.lib.rochester.edu/cinderella/text/movies-and-television
1005,888,a7ffaceb-a4a8-46fd-b85c-45144fb6a30e,95ab785b-1721-42e3-a898-3ad51448c065,http://www.imdb.com/title/tt0112697/
1006,638,c9b79c71-bfdf-402e-a4fe-c9efb4a314e0,08bc6552-4d02-4d79-a258-d4bb82ce1be5,http://d.lib.rochester.edu/cinderella/text/movies-and-television
1007,782,ffb848e3-8ff3-4902-8cb9-1c75ffa63f37,19f02af6-0b15-4a1c-b111-892f88ddb6b3,http://d.lib.rochester.edu/cinderella/text/movies-and-television
1008,889,90c60929-6bc9-40f7-a2dd-3c9224a463e0,35804787-a5d5-4ee1-afdb-487f340ef13b,http://d.lib.rochester.edu/cinderella/text/movies-and-television
1009,889,65f981a9-5f1c-4bfc-88b3-c8887bfc9599,35804787-a5d5-4ee1-afdb-487f340ef13b,http://www.imdb.com/title/tt0069987/
1010,777,f0b8c0e7-1df6-4f09-8e51-e8bebcca3dae,001bf5bc-6e2f-4aa5-bb5e-010c7ccfe5d5,http://d.lib.rochester.edu/cinderella/text/movies-and-television
1011,783,7aa58d03-4c44-41d0-92ed-f9dc71ecee25,e0db1ab7-2b31-4276-b216-8c3a5237755e,http://d.lib.rochester.edu/cinderella/text/movies-and-television
1012,784,003171d7-8df5-41ac-985f-0004857249e2,a07655f4-c400-4d0d-8bd3-78bb23a12847,http://d.lib.rochester.edu/cinderella/text/movies-and-television
1013,785,5b89604c-c875-4d4d-8cb8-8fb6312f972b,4a9cec0e-4f25-4960-8466-10899406d9a2,http://d.lib.rochester.edu/cinderella/text/movies-and-television
1014,890,72727a84-e886-4afa-b6cc-8be2b83c70cf,e3ed3b30-7b17-47bc-9791-1eafe33c77a3,http://www.imdb.com/title/tt0016931/
1015,890,f83f6ad8-9668-402c-a691-de4b4d187801,e3ed3b30-7b17-47bc-9791-1eafe33c77a3,http://d.lib.rochester.edu/cinderella/text/movies-and-television
1016,786,8e6c1d76-ed1a-4d10-a488-892d5677de27,0b34aa1b-db42-4806-a323-525f320e742f,http://d.lib.rochester.edu/cinderella/text/movies-and-television
1017,778,2eb64183-d286-4b74-b9df-375b27e796cb,c4fb4e2f-2a47-4831-b63c-8215226acc4a,http://d.lib.rochester.edu/cinderella/text/movies-and-television
1018,787,c28cc54e-ddab-4774-81ba-942bc82c52b6,16954480-01e4-4366-819a-c71571facab7,http://d.lib.rochester.edu/cinderella/text/movies-and-television
1019,891,9d8e0c0e-aea3-4f33-978e-04a34d3d9b99,17ee400b-7d41-45ea-a645-6d13a64a11d7,http://d.lib.rochester.edu/cinderella/text/movies-and-television
1020,891,521e02ee-80d9-449f-93b1-287cce556ae9,17ee400b-7d41-45ea-a645-6d13a64a11d7,http://www.imdb.com/title/tt0036919/
1021,788,8631b2e4-f031-4f6a-8cfa-121293478b2c,7ed469c9-e001-4536-b981-c8650bfb2e02,http://d.lib.rochester.edu/cinderella/text/movies-and-television
1022,830,eb33a85b-5b42-4d61-ae6d-80a5b6ffdd61,6c21cc59-58de-4dc2-a42d-18a8fdb3d20f,http://d.lib.rochester.edu/cinderella/text/movies-and-television
1023,831,65d0fbc4-ce0f-484f-b1cd-779f33bf57ad,526d079c-6611-433e-9ac6-264ff0d01e05,http://d.lib.rochester.edu/cinderella/text/movies-and-television
1024,832,540da0d9-affe-484a-83b2-7f8f6630a1fe,a75b21bd-feec-490f-8c0f-344a31b49675,http://d.lib.rochester.edu/cinderella/text/movies-and-television
1025,833,fbd0e2e5-326e-4a54-be53-5b7894aaca47,fddd874f-59ba-45f3-881a-41f3ca2e2a87,http://d.lib.rochester.edu/cinderella/text/movies-and-television
1026,834,a4dedc40-6c01-4dd2-a9d4-1c3603451bdc,1638bfcb-1a10-41a1-add6-6241ec050e17,http://d.lib.rochester.edu/cinderella/text/movies-and-television
1027,835,a3939315-450b-44cc-9047-6346622f6b40,51f973aa-1a6d-49e1-a079-9e68529ad67b,http://d.lib.rochester.edu/cinderella/text/movies-and-television
1028,836,4aacbe9d-e835-434d-8f84-c8dffa439d21,916eb33b-3454-4c43-8ea1-c16c7a5c39bf,http://d.lib.rochester.edu/cinderella/text/movies-and-television
1029,837,dcda61a7-a964-4c26-898d-147e9b0a1388,80127805-1f0a-4af2-9203-949f3273bf6b,http://d.lib.rochester.edu/cinderella/text/movies-and-television
1030,712,eb9ab9f7-3fe9-4f49-989b-2b04d24f7709,9eda2443-2da2-45b8-9bca-5b115f91275d,http://d.lib.rochester.edu/cinderella/text/movies-and-television
1031,839,8592c8be-bb91-4d34-9a31-acebea3fd8b8,a1924ebb-c673-492e-b3e7-28e4131bd085,http://d.lib.rochester.edu/cinderella/text/movies-and-television
1032,840,2f709284-c3cb-4c41-98e6-8878c22332ef,b44a695e-4f7a-4684-94cc-47cf707f0cc4,http://d.lib.rochester.edu/cinderella/text/movies-and-television
1033,841,17a61ccf-91d4-456d-8b50-09c91d739d3f,8178f2a4-a3e7-4aa8-81c7-771cf075b05a,http://d.lib.rochester.edu/cinderella/text/movies-and-television
1034,633,8e1189ad-c905-4cc0-b74d-9f01135dda5c,c3ca1183-7fa7-4e4e-a45f-a65e5a6f1d71,http://d.lib.rochester.edu/cinderella/text/movies-and-television
1035,842,44c7b23c-b8b9-4adb-9015-9b0e532a1fe1,ace72baa-0788-4178-a2a6-84defd2cf76f,http://d.lib.rochester.edu/cinderella/text/movies-and-television
1036,843,37b9ff33-57fa-4d4f-a556-5226a4734899,a390e2e1-d247-45c6-9517-70db860d59e9,http://d.lib.rochester.edu/cinderella/text/movies-and-television
1037,613,828ff354-d0e8-4aa0-911f-930bbd4e7e59,d1455176-de7a-4c70-a1ce-e1f0e4fd4644,http://d.lib.rochester.edu/cinderella/text/movies-and-television
1038,844,a372a24e-f180-4a52-8b87-2b573bc5be58,b325cec7-3459-4d7b-8cb9-4b72ed9c2ba4,http://d.lib.rochester.edu/cinderella/text/movies-and-television
1039,846,9fdebff5-4745-4697-b9ec-0836a80339b0,9d902e0d-87c6-4c8c-b01d-f2d0b839e977,http://d.lib.rochester.edu/cinderella/text/movies-and-television
1040,847,f94d3fb9-9cb2-447a-ba46-755424777328,54580e49-14a3-4b6e-b42e-d7fafa344f99,http://d.lib.rochester.edu/cinderella/text/movies-and-television
1041,848,b618773f-a8b2-4d75-986c-e098f01b34ee,4814ce8e-5657-441d-addb-1b7daaef6d29,http://d.lib.rochester.edu/cinderella/text/movies-and-television
1042,849,a83af646-a430-41c4-9bdd-3a700681712b,789a5490-06ff-43ad-956b-4e40c63a04c2,http://d.lib.rochester.edu/cinderella/text/movies-and-television
1043,850,bc54d063-94b5-4ddc-81d4-7359fa6ebf9b,e512f528-1d33-4408-970c-045c675900c8,http://d.lib.rochester.edu/cinderella/text/movies-and-television
1044,711,63862f6e-b900-4157-a99e-18c1cfc7b911,ab2139e9-e44a-4b13-bb53-d32fe4e95bfa,http://d.lib.rochester.edu/cinderella/text/movies-and-television
1045,851,d0ffc881-0127-4fae-8b68-b53037923cd1,1c520db2-4856-4b4c-bbdd-a6afda4f5455,http://d.lib.rochester.edu/cinderella/text/movies-and-television
1046,852,7aa82792-df4e-464e-9c3f-0294c32ebaf8,714701f9-c311-4ec2-8d7e-b08d3cbb4495,http://d.lib.rochester.edu/cinderella/text/movies-and-television
1047,853,bce4098c-e856-49cc-9fb6-46777c6b1ce8,b67615ec-e8d8-417c-955e-76acecf549bc,http://d.lib.rochester.edu/cinderella/text/movies-and-television
1048,854,70b4104d-ffc6-431b-a17c-3d6e55020065,723a1199-a8a4-45e6-a025-2758c80d9686,http://d.lib.rochester.edu/cinderella/text/movies-and-television
1049,857,3321affe-2bbf-46b3-8dca-dc48f280f292,0810c293-c642-4ca0-9627-2780f2c216c8,http://d.lib.rochester.edu/cinderella/text/movies-and-television
1050,862,2e559dcc-be1d-49c7-a7cf-f463a9c8bf52,dbd7057c-4c81-4808-827f-c16d74b03ac1,http://d.lib.rochester.edu/cinderella/text/movies-and-television
1051,863,8a2ad223-1442-40ce-81bf-89aa6776bfbf,40e1968a-1c30-4790-971e-d36eec9f6442,http://d.lib.rochester.edu/cinderella/text/movies-and-television
1052,864,4976a313-44b6-4a4a-bb5a-144a020dcaa4,af1fbfe0-5077-435d-a229-d2432f23cc6a,http://d.lib.rochester.edu/cinderella/text/movies-and-television
1053,664,722279f2-ae2e-4ec9-a46f-39c23e957835,109f37dd-8b21-424c-9c09-beb0aa582600,http://d.lib.rochester.edu/cinderella/text/movies-and-television
1054,865,4057f34a-d23b-4456-9f0e-ef219c7ce8dc,1e0090f0-ed65-48d1-829a-e260ce333df2,http://d.lib.rochester.edu/cinderella/text/movies-and-television
1055,866,f732182f-2036-49f6-8c47-a134c93164ea,d4643a0d-7397-4c8d-8cbd-9480dcdc1984,http://d.lib.rochester.edu/cinderella/text/movies-and-television
1056,878,bd339c6a-1c94-4108-a6b6-09e4a7ecc3a8,0e549ec4-7b20-41a3-a0df-2b62b144d8a4,http://d.lib.rochester.edu/cinderella/text/movies-and-television
1057,679,2ceb4cd8-df56-46e0-9e10-0b86e1a0e7eb,52aee2b3-badf-4f19-b01d-3573e654a112,http://d.lib.rochester.edu/cinderella/text/movies-and-television
1058,879,5aca9d0e-ce3d-4cfc-8426-92e301f6cbe3,0a9b8dff-e65a-4978-bc88-a4667a5c12ff,http://d.lib.rochester.edu/cinderella/text/movies-and-television
1059,880,e6c6e6ce-e4b0-4132-a67f-4b2f1d6bb2a7,2b2828a7-0c4b-4d49-a05f-290d6d388090,http://d.lib.rochester.edu/cinderella/text/movies-and-television
1060,881,c2ab00d6-7c8b-430b-a79e-b66814321975,e9a0e042-a2e9-4857-b4e9-a14f0716cb7a,http://d.lib.rochester.edu/cinderella/text/movies-and-television
1061,892,4864ab9f-ded0-487e-bfab-6a2153438482,7d9bd177-2380-46a7-9589-c9a9286ed59b,http://d.lib.rochester.edu/cinderella/text/movies-and-television
1062,892,e446b0da-3f68-4831-84f3-89664b14d760,7d9bd177-2380-46a7-9589-c9a9286ed59b,http://www.imdb.com/title/tt0034241/
1063,893,c34fb67f-0de4-4637-8305-8b09803875c7,1cce9f6c-7496-4c74-a8d0-577bc9b57320,http://www.imdb.com/title/tt0021435/
1064,893,a93c1bf1-ac02-4487-b566-959aa92f7669,1cce9f6c-7496-4c74-a8d0-577bc9b57320,http://d.lib.rochester.edu/cinderella/text/movies-and-television
1065,894,50ad213b-3cc9-4815-96f4-845e1b5aef1b,422565c6-adfa-49aa-bf3d-0dde622e082e,http://d.lib.rochester.edu/cinderella/text/movies-and-television
1066,894,bbc3c2e3-b071-4d91-b24e-7331f479ee24,422565c6-adfa-49aa-bf3d-0dde622e082e,http://www.imdb.com/title/tt0034243/
1067,895,6f527413-f406-45a9-bcd7-435b8f256d9f,426cf30f-9998-4a61-bbf2-6883b56adacb,http://www.imdb.com/title/tt0377942/
1068,896,d4c83537-d36a-489c-9c62-2d5fb84ca26e,5d3e468b-b394-4b71-a87a-f3585057b525,http://www.bcdb.com/cartoon/86920-Frog_Prince.html
1069,897,372bf928-d73c-4f99-857c-cd05efb5f56e,509ba6d6-7baa-436d-9ae1-3d06223d0e71,http://www.imdb.com/title/tt0261203/
1070,898,602529fc-5d9d-4f4d-a957-249ebd4cb5ca,cf71bd00-69af-416d-9ee4-7fc799958638,http://www.imdb.com/title/tt1393880/
1071,898,d8bc5507-aa9b-4e19-872d-dccae03218e9,cf71bd00-69af-416d-9ee4-7fc799958638,http://www.imdb.com/title/tt1295036/
1072,899,1eaa2dda-538a-4850-9338-92b6a8bc8f26,ba7b615e-bef9-4217-b63f-db8070772ec6,http://www.imdb.com/title/tt0000887/
1073,900,df1010e3-7fea-42e0-97ee-afacf976be21,e4565958-4672-4c47-b7bd-72a1ea4773e3,http://www.imdb.com/title/tt0007669/
1074,901,fdc6c713-7cc0-4326-8aa8-36bb0f3d1478,8bdbde37-74a7-4495-8d29-50e35d141f0b,http://www.imdb.com/title/tt0014114/
1075,902,e47e2bf8-0705-4a92-a874-657f2f590619,934225e4-a795-4d3e-a664-d08bb2171b0f,http://www.imdb.com/title/tt0150820/
1076,903,df78262e-483c-4fda-a7e0-5139445ab14d,80fb65c0-6c65-4374-bef4-8e4d5ca12380,http://www.imdb.com/title/tt0268347/
1077,904,b4cec0fd-03ab-4282-b27e-4e8c2216308b,159bca24-3124-464e-826b-ce1daf01ea5c,http://www.imdb.com/title/tt0150821/
1078,905,4d8614f6-c07a-4876-a4ee-c40e8c394b03,98974e2d-0c02-4caa-8f6a-a34d6d6eabc1,http://www.imdb.com/title/tt0347218/
1079,906,12365766-5058-4760-8553-c56d0a93e234,9eecc135-724c-40a7-9d62-879674225d90,http://www.imdb.com/title/tt0047103/
1080,907,5e82ec7d-0702-4725-bede-028c769a39fa,ce4a0c8a-bc55-4098-8098-e1f80d84cf8a,http://www.imdb.com/title/tt0193995/
1081,908,d0b28053-9d8d-4c23-ae62-2c2d958504b9,5c818449-bbc8-42ea-820b-e847c7b73e93,http://www.bcdb.com/cartoon/60183-Hansel_And_Gretel.html
1082,909,3938df87-856e-4224-8cb1-3617d2473e7f,9c927123-e271-423a-8572-6e7f4c89d47d,http://www.bcdb.com/cartoon/7906-Hansel_and_Gretel.html
1083,910,a977cb42-c4e5-4b06-8130-23f2a5e194dd,662e04e5-1b0a-472a-b0ad-9968286d3924,http://www.imdb.com/title/tt0150220/
1084,911,a22478fe-3d06-4f70-bfd9-65e53c0a2fbd,b578feb0-6737-4a3e-8761-41faff3f1b29,http://www.bcdb.com/cartoon_characters/90375-Hansel_And_Gretel.html
1086,912,156a2576-4af8-40c6-8764-90152e1c6bfd,8aeba08c-9a5a-4673-ae92-01bfb42bd1ee,http://www.bcdb.com/cartoon/9443-Hansel_Gretel_Case.html
1087,913,d7785896-f281-4fa3-82c7-cbeefeeb7e99,b143b165-7954-4be6-8590-0cb528d10517,http://www.bcdb.com/cartoon/55961-Hansel_And_Gretel.html
1088,914,366b1272-17df-4605-9703-576707155711,810905bf-112b-453b-be73-84a888699369,http://www.imdb.com/title/tt0136166/
1090,916,07f1e1b3-bdb2-461d-bb68-f70914998bcb,fbb6443e-ba96-4db1-ae92-99bea9d49cce,http://www.imdb.com/title/tt0442264/
1091,917,2aded295-6d90-44ba-8e47-37c7fefb07db,f259180c-8c0e-418f-9ca8-fc9254fd8139,http://www.imdb.com/title/tt0249567/
1094,920,0338bcf4-afca-4200-9364-ee37cab99d8f,b9c8acdb-685d-472c-a359-6ec2896e4704,http://www.bcdb.com/cartoon/104935-Henzeru_To_Gureeteru.html
1095,921,c5b7b0e0-c8d9-4a5d-a442-5252c9ce5dd0,7acef368-6948-4464-8e90-30b7005deb50,http://www.imdb.com/title/tt0093144/
1096,922,da9359ac-ffb7-42dd-b6c4-152e8d217983,4c09e8a9-ef7d-4431-b122-79e0a070658f,http://www.bcdb.com/cartoon/16597-Hansel_And_Gretel.html
1097,923,82b43cde-92f0-409b-9a4d-e158dfd058d9,d6dfaaa8-2173-418a-9322-042f2c453af3,http://www.imdb.com/title/tt0827315/
1098,923,e677594b-b400-44df-9417-8686653f3a48,d6dfaaa8-2173-418a-9322-042f2c453af3,http://www.imdb.com/title/tt0094469/
1099,924,558addd4-2fbc-4204-a4d4-da078ede5600,6ee55271-da36-4fd7-a89a-108f0ced42ea,http://www.imdb.com/title/tt1407029/
1100,924,104a0acb-644f-4ec5-b9d8-463f644408a9,6ee55271-da36-4fd7-a89a-108f0ced42ea,http://www.imdb.com/title/tt0162835/
1101,925,cc5bc878-ff8c-4fab-8ef9-9e6aad4ce31c,52e3b325-f8eb-412b-88ee-8d04d40dde73,http://www.bcdb.com/cartoon/7233-Hansel_And_Gretel.html
1102,926,c338a7c3-3d03-4392-8b26-4ffb3284b9c8,260ccd97-b668-45fd-b266-be4bc4ba3ae7,http://www.imdb.com/title/tt0974876/
1103,926,b124f4a2-040d-4b01-ab72-88ca8d688fe1,260ccd97-b668-45fd-b266-be4bc4ba3ae7,http://www.imdb.com/title/tt0289021/
1104,928,3016fe59-86b3-4b24-8b28-00fdc05e9b4d,3403617b-c0dd-46e5-becb-2b21ce0d9fd5,http://www.bcdb.com/cartoon_characters/37374-Master_Hansel_And_Miss_Gretel.html
1105,929,0cdb3049-0aed-49f0-b745-d3c28c87e3e4,5afcf9a0-b579-4a87-b752-535752d4a51a,http://www.imdb.com/title/tt0205735/
1108,931,a67591c4-e493-40b3-bb5d-f566861ce5b9,754ceaab-664a-4a63-842c-5c6f70942ae2,http://www.imdb.com/title/tt0498111/
1109,934,746b1081-f906-46ae-bbf3-bb9a38e6941d,de9c7d05-3d33-4383-b9a6-04098c028e95,http://www.imdb.com/title/tt0484623/
1110,935,56f56733-5ba9-4dfa-a78a-792eed1d7d88,06f1c01a-4379-494d-9ec2-bd8e226f0ac2,http://www.imdb.com/title/tt0362774/
1111,936,cc96725e-0cd9-4002-b197-a0e4a9a52f44,70106582-1829-4739-9c98-6599d2e7f031,http://www.imdb.com/title/tt0008144/
1112,937,66f30bf1-60d2-4be5-aa40-17ed0759681c,b35705c4-c94f-4fed-8155-acc156f5ea25,http://www.imdb.com/title/tt0015021/
1113,938,2586742e-3b18-4a14-8b07-83d944546966,2ee23c56-063b-4936-b047-7f659ef6cf13,http://www.imdb.com/title/tt1021082/
1114,939,d90e15d1-c887-4fc2-9a3e-d4d6aa792ab0,36a351c9-c3f4-4d2f-82b0-6ef22796d55b,http://www.imdb.com/title/tt0014944/
1115,940,59b0e17e-68d5-4118-8347-d5cda9a4a4cd,9ac8c302-75c8-4904-b792-2c6183021654,http://www.imdb.com/title/tt0015957/
1116,941,ba5401a9-a428-41ea-a4c6-09363daab086,f43876d7-93fe-46f8-815e-aba92d052053,http://www.imdb.com/title/tt0218356/
1117,942,f53c1a01-22ed-481c-8b3a-560edfd0aac1,35b37bb3-7d07-4e8f-9612-3600f3f8320e,http://www.imdb.com/title/tt0036052/
1118,943,024e85fb-2cd0-4690-840f-2abc10643b60,f1393b42-695a-47a0-8813-2bb1040066ed,http://www.imdb.com/title/tt0153929/
1119,944,476dbbac-b04f-4a7f-9422-ca82d6f3ec47,48fca738-5af6-4115-a804-3328bf23af7a,http://www.imdb.com/title/tt0044762/
1120,945,fd98c584-6d3b-4f21-a1dd-5a76e6ee47fb,957f908c-12a7-4b8b-a099-9926455bdea1,http://www.imdb.com/title/tt0048220/
1121,946,30a5e43e-7e95-4f79-aaf2-0c5e8616b566,012142c7-7e51-4b71-8266-139ac6e64377,http://www.imdb.com/title/tt0990219/
1122,946,63844f99-c35f-452d-9c8a-4ac2a32cf557,012142c7-7e51-4b71-8266-139ac6e64377,http://www.imdb.com/title/tt0145628/
1123,947,68a6e980-786d-46ad-bb8f-bb064973e7e0,3c715bab-6f42-4d28-8062-8ca94786c1ba,http://www.imdb.com/title/tt0056112/
1124,948,9b4509de-f343-4ae9-ac81-481fb0afbd42,76265529-30ae-4117-96fd-59b0fca9528f,http://www.imdb.com/title/tt0445991/
1125,949,057bedf6-181a-46b6-a5dd-33b7750df44d,1513ee9d-78c7-41be-b9a1-a745724ce5f7,http://www.imdb.com/title/tt0061830/
1126,950,e2fb29e6-cff1-4e1c-986e-db4a4186db34,5abcdc5b-6fbc-46c7-af5c-e50a50a5711a,http://www.imdb.com/title/tt0062260/
1127,951,4408b26e-87e3-40a6-8b76-380f157bee67,198072aa-eb24-438b-b411-31f9423b17f6,http://www.imdb.com/title/tt0173937/
1128,952,f2d0ec45-ad97-49be-8c62-4141c5e8e05f,c5d92673-d2f4-45b9-80e3-619f3cde1e45,http://www.imdb.com/title/tt0074705/
1130,954,5c893a0d-0a6f-48a3-bd37-b1a77782f3bd,7e6f00db-b42b-4365-96f0-5bb4dc130b91,http://www.imdb.com/title/tt0251148/
1131,955,1a575f85-89b0-4666-99c8-e307bbd4bcde,3e276b6d-c4a0-4ef1-a684-c71ed75fccde,http://www.imdb.com/title/tt0166666/
1132,956,32ce3aa4-7046-4b07-a16f-864173bd5e8a,6da9a3ad-4965-4705-ab57-cbcd69733c52,http://www.imdb.com/title/tt0292027/
1133,957,c09c1750-bf34-4fd4-a588-d7002d844e03,be6f530d-6e33-448a-80de-5bda057b16cb,http://www.imdb.com/title/tt0264262/
1134,958,0774a37c-e290-4e0a-9485-b4282fdc051b,62650423-0158-4665-89b4-705cd4337f77,http://www.imdb.com/title/tt0057546/
1135,958,4e1dd9be-9f6e-41f4-8fb3-df2350d71221,62650423-0158-4665-89b4-705cd4337f77,http://d.lib.rochester.edu/cinderella/text/movies-and-television
1136,720,440884b4-426f-4f95-a3cc-922fb192465e,0d79be6a-b66a-4a01-bbe0-986f05d436b3,http://d.lib.rochester.edu/cinderella/text/movies-and-television
1137,959,5a07e6f2-0003-48bc-b06f-99126a18bf2d,fd32827a-a805-46af-842f-74674bfb6ed9,http://d.lib.rochester.edu/cinderella/text/movies-and-television
1138,959,00416481-4fa5-4e24-a258-029d51c9f6e1,fd32827a-a805-46af-842f-74674bfb6ed9,http://www.imdb.com/title/tt0056333/
1139,960,6985b9d3-cd45-42bf-9ed1-7fadcb5126bd,288782c5-4c32-4172-85e4-566e6f4e4c57,http://d.lib.rochester.edu/cinderella/text/movies-and-television
1140,960,01028305-c9c5-4423-915c-3964fb934c80,288782c5-4c32-4172-85e4-566e6f4e4c57,http://www.imdb.com/title/tt0051051/
1141,961,1635bdd1-2c46-4c1e-87b1-a3545b49d5a7,814dfd97-7399-46dc-9466-960d307176cc,http://d.lib.rochester.edu/cinderella/text/movies-and-television
1142,961,f6c32a77-6e3b-4e8f-9e5f-3caef86eceea,814dfd97-7399-46dc-9466-960d307176cc,http://www.imdb.com/title/tt0029659/
1143,962,3a862307-d726-4a3a-87f2-6289e9f78550,da671755-aa2a-4ef9-a3dd-33ef22264c4a,http://d.lib.rochester.edu/cinderella/text/movies-and-television
1144,962,7c46b889-c2b9-4cb8-9e0f-6a06af6cd750,da671755-aa2a-4ef9-a3dd-33ef22264c4a,http://www.imdb.com/title/tt0117979/
1145,963,64a773fe-b29a-4258-b789-ba0fc7fa0717,116ca4e3-e632-400b-bbe7-113b0f519b97,http://d.lib.rochester.edu/cinderella/text/movies-and-television
1146,963,21ad99dc-0b90-4f1c-9fa4-78785ccd1f3f,116ca4e3-e632-400b-bbe7-113b0f519b97,http://www.imdb.com/title/tt0094291/
1147,964,0eb3bd41-47a3-4489-a81c-88a5698d762c,d61a310f-974c-4b15-b573-505bf7ec4206,http://d.lib.rochester.edu/cinderella/text/movies-and-television
1148,964,d530124e-e750-4fea-b039-e255c1bd87b4,d61a310f-974c-4b15-b573-505bf7ec4206,http://www.imdb.com/title/tt0103251/
1149,965,9ca9895b-f5ca-4c9b-a2a2-374f64d45bd8,c0679988-f5a7-47aa-adbf-4e012927261e,http://d.lib.rochester.edu/cinderella/text/movies-and-television
1150,965,88e668be-9012-45b3-87c7-1307ec1e015e,c0679988-f5a7-47aa-adbf-4e012927261e,http://www.imdb.com/title/tt0026023/
1151,966,6621ce75-fb0a-4cbb-82f0-86290d20383a,e2e24cb0-af80-4c72-9c5b-3c5892003810,http://www.imdb.com/title/tt0031311/
1152,967,1ad51e9c-0a96-41ee-8626-4568242d6b43,32bd34d9-8821-44c2-8e31-11d9e067cc52,http://www.imdb.com/title/tt1889380/
1153,967,f4e1e1ca-1ac7-42cf-8220-66f0d89065d6,32bd34d9-8821-44c2-8e31-11d9e067cc52,http://www.surlalunefairytales.com/cinderella/themes.html#FILM
1154,968,37b28802-7727-4634-951e-51c6a90e82e6,7c1b7323-1112-43b4-b01b-486350ff6314,http://www.imdb.com/title/tt0075011/
1156,969,9c324db5-054d-4bc7-9215-362f54dab454,659b2acb-cd09-4c14-a4aa-f21e2353d23e,http://www.surlalunefairytales.com/cinderella/themes.html#FILM
1157,970,8a5b6720-1b86-4492-966a-619e10ce3c78,1e9e492e-76f1-42c5-a632-479aff9c4763,http://www.imdb.com/title/tt0228141/
1158,971,8798e570-0692-4201-91f9-9c03f4c2cd91,5cb2e96a-31f9-401e-8540-99962336ec48,http://www.imdb.com/title/tt0099487/
1159,972,fe6c4371-b7bf-42e1-86c4-bea3ea6426a0,f18e4d2d-50b1-404b-9a49-489076240b4c,http://www.imdb.com/title/tt1079968/
1160,973,b56fa6b9-766a-4862-8a9f-b92647422c12,c2cdd6ec-a516-4585-b489-d18dd3ed9130,http://www.imdb.com/title/tt0015224/
1161,974,bc6bffab-f0e6-4713-b545-f7b8aa11a30a,4545fa07-5a0a-4437-9e16-f9cc06a17d38,http://www.imdb.com/title/tt0046183/
1162,975,985919fa-6ba8-4098-af23-0240b3cca396,124a9020-6924-4868-a763-4a343bfc0365,http://www.imdb.com/title/tt0054176/
1163,976,ec867852-a19e-49c6-b222-97eab097a6e3,8f9fd0ba-b999-4435-95d0-ef14700568e2,http://www.imdb.com/title/tt0220698/
1164,977,d0df4e9c-20f9-4f1d-9277-60e27b57861a,3cb042c6-613a-4925-9d05-af1c2bf65d55,http://www.imdb.com/title/tt0098891/
1165,978,ca8767ea-7b5d-4f25-9b13-4fef448d4818,41f0169c-3df2-4ef5-8302-b199176274f5,http://www.imdb.com/title/tt0102057/
1166,979,4b7ec704-3d94-47fa-95b0-5b0c669c996d,f3147cb9-6cc6-4486-9055-943176983994,http://www.imdb.com/title/tt0255873/
1167,980,3e08e79b-b132-44fd-af76-348d8eeafb88,f802ba44-2ee5-49e9-ae78-e03432b491a7,http://www.imdb.com/title/tt0032455/
1168,981,ccfc976a-1253-4935-882c-3940a1542cb3,a3be11c3-141a-4581-9b70-0c4997d98216,http://www.imdb.com/title/tt0120910/
1169,982,f8180e1b-6c54-461d-b2e7-c9d7002c84be,c1b2c452-1ce8-46c9-8388-cc5db0576ecf,http://www.imdb.com/title/tt0364376/
1170,983,e211b492-010e-428f-9e8c-c34976520f4d,010689f7-6f21-4a5f-aab1-470cd1781281,http://www.imdb.com/title/tt0287467/
1171,984,60a9da11-63c7-45c6-9a55-fa7b9a0192b3,365367a7-f1c0-4606-9b47-2765c61032c4,http://www.imdb.com/title/tt0452637/
1172,985,0c2f87d6-dd46-47a3-b416-e4ac59c63c66,a86e3a27-615d-4e47-b8e1-2462e2a72562,http://www.imdb.com/title/tt0084237/
1175,988,8320f3b2-304b-4267-bd0c-b4aee81b86ee,3f18365d-8c2e-4233-a5ec-af2da37ab5cb,http://www.imdb.com/title/tt0060283/
1176,989,26866b9d-dd82-4d9e-8b4d-e46d24cfe374,43d1d16c-c2a0-44fd-8e2c-8bf55c7276f2,http://www.imdb.com/title/tt0127740/
1177,990,cb682ed9-32f6-4290-a4e3-f32340d8215a,3088dc41-2a55-4eed-afc8-06381c5ffd4f,http://www.imdb.com/title/tt0044414/
1178,991,091dca9c-2393-4193-9d2b-7a6514d86af9,440565a4-8f2b-4c37-a283-8c16c17ee70c,http://www.imdb.com/title/tt0079820/
1179,992,cda2c2f6-67aa-4876-ab7a-fabfc5fc4f9b,d96faf1e-6c5f-4c9f-a50e-a73d0b865bdb,http://www.imdb.com/title/tt0051611/
1180,993,59abda19-aa20-4c2f-b529-4f3437c0a9bf,a13a32f3-1c3e-410e-82bd-307da7c907d7,http://www.imdb.com/title/tt0246305/
1181,994,ae70ad27-00d9-4b0a-95a6-55ff91341ac6,0c1d7b38-c757-4f54-b3d1-f0f94a1e9091,http://www.imdb.com/title/tt0120691/
1182,995,1e75f75c-0f7a-41d0-82ab-32e24fa05836,b9396f65-b47d-4431-946a-6b83659ecae9,http://www.imdb.com/title/tt1902427/
1183,996,461bd251-6687-4493-b8d3-fb122045d08e,cf68003b-374a-48c5-ae13-a2b5ed6fd605,http://www.imdb.com/title/tt0228655/
1184,997,f379ce6a-378e-409c-be29-c083644440fa,e5e68f3c-d317-49c2-a59e-02a9051d751a,http://www.imdb.com/title/tt0150462/
1185,998,5a59e60f-a841-4020-b3a2-fd947437dd5d,f1117109-e2c3-4d94-9b7c-07989247db18,http://www.imdb.com/title/tt0301258/
1186,999,2a237fa5-9e4b-47ad-96cd-c11671852bcd,2dbf6dd0-a80e-4e9b-b0a5-3dc8d1514ce5,http://www.imdb.com/title/tt0087199/
1187,1000,b5d8cd04-c24a-4e36-ade5-a0ee35ca9c7a,bd8a2cca-f228-4d7f-8d25-759840fb4aa9,http://www.imdb.com/title/tt0142260/
1188,1001,95ce59f3-d32a-4487-89d0-d70606dd7a5f,c7f6f28a-1ea5-4aa3-99c8-92c4b6edb2aa,http://www.imdb.com/title/tt0241413/
1189,1002,75b79ee7-9348-46ae-99b0-5f8a94967978,6dffeeab-a592-4f3f-83c1-1cd39995e2fa,http://www.imdb.com/title/tt0107301/
1190,1003,600b1c66-0a6e-4303-b913-649b0ad28ed3,d4840e14-8a52-47a4-a093-e9616cd562ff,http://www.imdb.com/title/tt1857066/
1191,1004,9f2cf440-6381-4bb1-b095-8c4966ef73d3,e23bce7e-ed52-4b11-bbd8-e504db3d1bab,http://www.imdb.com/title/tt1555105/
1192,1005,0e7a077c-4ee4-4e87-8153-140a38d8548b,6982eccd-f495-4ed1-bd82-a281cddcce42,http://www.imdb.com/title/tt0019267/
1193,1006,e4fa2df7-be1e-4f88-bc6f-b5984ea0bdf1,b225216c-6b88-437d-a4ce-04c1972f64cb,http://www.imdb.com/title/tt1961569/
1194,1007,486e4517-f5b4-4d2b-b50d-ba5833cf1376,6d46b2cc-72b9-47ed-aea3-ef14b8a7ba6c,http://www.imdb.com/title/tt0243385/
1195,1008,1e6623b0-52e0-44f9-8e9e-d47c929c95ce,c6b3b0bd-9faf-4987-a2e6-bc138548246b,http://www.imdb.com/title/tt0280030/
1196,1009,85b989f2-ae6f-4ddc-9087-4c6a29c35bb5,d4f58d66-7c80-4d39-a614-5014806234b7,http://www.imdb.com/title/tt0349880/
1197,1010,76324342-ffd7-43a2-9e4c-947cccf287c3,9ae715d6-8ccc-465e-a3b3-c5d542a221fc,http://www.imdb.com/title/tt0316396/
1198,1011,7e2df24e-1ea4-46e1-be60-c6dcfa849ce3,a0e9d28d-5ffc-4555-8107-5047fcb21df7,http://www.imdb.com/title/tt1226312/
1199,1012,21678969-51c9-429d-92e3-dc15eed488d7,2eb04aac-0fe6-42ba-b716-0e5da7ee3cc6,http://www.imdb.com/title/tt0001831/
1200,1013,fb6f39f8-afd2-4867-b1ab-d2c04635a333,a1cf0613-bdb3-489d-a8b0-c86342ef1138,http://www.imdb.com/title/tt0002472/
1201,1014,11a0cd5f-f45a-43ae-8135-bd555f65638a,2ce65fb9-8e90-40e5-8e32-ca42e6cfea53,http://www.imdb.com/title/tt0003279/
1202,1015,ccc55125-c0a3-42e3-ab00-adb585405a62,ec138277-2ebc-4e69-a122-17dfedce5e94,http://www.imdb.com/title/tt0008431/
1203,1016,0b872165-8fe3-4de9-b3dc-bf3ac82d2dab,4e9c8a86-1751-4c75-8d9c-026125eecf34,http://www.imdb.com/title/tt0014658/
1204,1017,777d9889-554f-4dde-8cd8-3ae3d2938bbb,e81fe42a-4d19-4681-9840-e9acfe20017d,http://www.imdb.com/title/tt0015230/
1205,1018,b3ee7388-3b31-4334-990a-f313740ade11,dfe5ea35-1350-40b8-a73c-d968a2d5e719,http://www.imdb.com/title/tt0015229/
1206,1019,fa8c0ae2-51ef-4e3d-8099-b179be773a42,83e3e50e-e1a5-4711-aa0e-3f2497c16f45,http://www.imdb.com/title/tt0097757/
1207,1020,c7eb3bae-1614-4c04-a579-a37471fc098d,0404f1f2-64c8-48ac-b00f-21acc301a99f,http://www.imdb.com/title/tt0088323/
1208,1021,e200718e-7256-43d0-9eed-6a77981d7cfd,d9347d15-46e9-4089-b5e2-92d3eac4a049,http://www.imdb.com/title/tt0038787/
1209,1022,155645fb-e21f-4914-9d9d-20c773e52f7c,9dbe7682-322e-4567-8d47-a15a45ff1aeb,http://www.imdb.com/title/tt0032910/
1210,1023,6dc6a0dd-5665-4185-ad55-33105e111bee,e5bb6cec-5a23-41dc-b464-3b14aebc91de,http://www.imdb.com/title/tt0255477/
1211,1024,cccf529f-fd4f-4f34-bf5e-67564fcdf94b,e0835b59-2e23-4c17-951b-65203d49933e,http://www.imdb.com/title/tt0115472/
1212,1025,f0bb3f23-dd6d-44d2-bdee-919d705ceadb,858259a3-eab9-4d4a-b0b2-a66a076cc0b4,http://www.imdb.com/title/tt0199950/
1213,1026,c964d39f-ff9c-47d7-a718-60d679cb87df,7afa8aa4-366c-46a7-9726-882d8270fb3f,http://www.imdb.com/title/tt0117342/
1214,1027,6202944b-f09a-4ff4-8477-1d45fc74b78b,e268a35f-f670-4fd9-86c8-e3a2612e6cd9,http://www.imdb.com/title/tt0093743/
1215,1028,7db65c38-141a-44e1-acb6-5abb36f0e6df,fe53b8ab-ab0f-41f1-8a45-041a346695f8,http://www.imdb.com/title/tt0067061/
1217,1030,0b9a08ac-fa2c-4732-b03c-8f88ed834827,b364c5a3-cbe9-405a-a896-7f9baf1bb801,http://www.imdb.com/title/tt0468683/
1218,1031,89066874-3452-4789-9de2-2f274a8fc194,41ab1d8c-095a-43df-9264-33cc552dc2e6,http://www.imdb.com/title/tt0358082/
1220,1034,0271f757-d902-4d6a-8018-f221caeb5973,faccff8f-006a-4129-be5a-59ba92d21d2a,http://www.imdb.com/title/tt0245429/
1221,1035,eff01210-b35b-44f2-9560-cbc1631bcc32,51e1c8c2-7ea7-407f-b799-92932ebd3de7,http://www.imdb.com/title/tt0088161/
1222,1036,447082c6-ddb2-4061-9c11-f245e6baad81,218f9128-9b13-48c9-9d9f-7cf615f59377,http://www.imdb.com/title/tt0073747/
1223,1037,73471ed1-cf74-47d8-993c-5a0095ca448a,0090277f-b0a7-45d9-b451-27c304337a8c,http://www.imdb.com/title/tt0327162/
1224,1038,c2572be6-fbf1-4321-9b53-a1fff4964162,92b6f10f-aba6-46c1-b748-af9908cd5c10,http://www.imdb.com/title/tt0147800/
1225,1039,e40e8541-7429-4096-b172-6db2c3f6a19b,bfacce16-7d5e-4a2f-9326-5ade50939b16,http://www.imdb.com/title/tt0390367/
1226,1040,1a5b2bb9-5aa1-49b6-8628-5beae048bf08,19e5ae51-6e23-40d7-88ca-baf430c9afe2,http://www.imdb.com/title/tt0031799/
1227,1041,ca92038a-5080-443d-8852-b6bbfba465a9,6eda0239-14db-42fb-9fdb-cc5a94f8d595,http://www.imdb.com/title/tt0035189/
1228,1042,2ce710b7-d44f-490b-ace7-e6e2e8c4f896,98cfedbc-23ce-4c42-9201-0c381fc70e88,http://www.imdb.com/title/tt0151970/
1229,1043,4e8c2df1-6eaa-4d82-8bf9-472eec419404,20e64f98-c83f-4ea8-8316-fc7954d148b3,http://www.imdb.com/title/tt0150889/
1230,1044,faa3ebfe-c01f-4035-8854-ca12b9c2731c,a0182b62-cc52-467d-b720-faf4a9345d36,http://www.imdb.com/title/tt0152716/
1231,1045,5d3addfe-9a4d-4a8a-a837-cfb684d4e874,c9f72b29-26ff-4a15-b77f-b48d2f4d0f90,http://www.imdb.com/title/tt0041740/
1232,1046,74e4e629-7ca4-497b-ae7a-5a18de71fafc,71393d06-8514-4142-9e02-1233f4c2481f,http://www.imdb.com/title/tt0151303/
1233,1047,811c94d9-d1ff-427f-a5fe-8dfa13036e11,d210242f-b881-42ea-aedd-099703fd1af2,http://www.imdb.com/title/tt0049861/
1234,1048,2f064532-703c-4784-99db-f5289e9882d1,35c5f5ae-0a08-4eb3-8b17-7d7009621754,http://www.imdb.com/title/tt0050842/
1235,1049,fcbc03df-2546-4eb2-8472-ae3af8231201,fc749f32-9cc9-4814-8bf7-eb0a9793fe8b,http://www.bcdb.com/cartoon/7910-Pied_Piper.html
1236,1050,b4e02207-661b-4a55-b402-a00e817dc721,2eea2fbf-9457-4935-9e15-85567db26ba4,http://www.imdb.com/title/tt1499101/
1237,1051,1f57360c-f869-47f3-85ea-006aa36b5e07,65114889-fcf6-409e-ab8b-46b35d8182f6,http://www.imdb.com/title/tt0055298/
1238,1052,b9012fc4-0667-4336-b5a0-e9adf2f7483d,a8d5d562-946c-49e2-bcc6-fa0fec6250db,http://www.imdb.com/title/tt0062809/
1239,1053,e821e24b-04cf-4f50-8e6c-a5bda92c3a7c,e1e3c824-84ec-4f14-80ca-cd745384f48a,http://www.bcdb.com/cartoon/60718-Pied_Piper_Of_Hamelin.html
1240,1054,8f550ee5-a0f8-4d25-8d6d-981e0a5e798a,3ee261ef-004e-47d7-86aa-9028ecf79806,http://www.imdb.com/title/tt0624456/
1241,1055,d4cc9641-fec4-4ac1-a5c7-d8ee19b83ab4,afe9217f-b78d-4600-9480-26234ae1ba2a,http://www.bcdb.com/cartoon/46252-Simon_And_The_Pied_Piper.html
1242,1056,93a24784-2752-4a73-8b56-64a3ed56ba6b,91a63fbe-e9d9-4434-85ef-f3519bd95d9a,http://www.imdb.com/title/tt0776319/
1243,1057,d2b4dd99-b11c-460b-9b18-9e9b09c90722,ce93d3ab-1100-4efc-9054-b74f0d70a987,http://www.bcdb.com/cartoon/55565-Pied_Piper_Puss.html
1244,1058,feb55a26-84dd-438b-b041-a10008797120,503a0c78-98b1-47ba-849a-77072ec957e8,http://www.imdb.com/title/tt0437425/
1245,1059,270ad9ee-b4ef-419c-b1fe-398aef9dcb0d,f54da048-5dde-4399-8158-14b1611f1e6a,http://www.imdb.com/title/tt0804185/
1247,1061,70ac6f6a-4a39-427b-81b5-81c1522ebf0b,8871fb67-5fd4-4f14-a39c-1ef466d2a61b,http://www.imdb.com/title/tt0174834/
1248,1062,b209f293-9e36-44cf-a674-f9403d922344,84b109e5-65fc-4fa3-bf34-f8acb84e7d5d,http://www.imdb.com/title/tt1983107/
1249,1063,e81af3ac-4640-4bfe-9966-a1893d09bf46,34e316c5-35ec-4800-999d-d2925614dd55,http://www.imdb.com/title/tt1296563/
1250,1064,4bf942b1-4d8d-4279-adf8-e33c972fe9ca,24a6032c-cbf1-4552-8b6a-9d329308f3e0,http://www.imdb.com/title/tt0034248/
1251,1065,71e5b0f0-35b2-40ec-9aad-f855bc2989a2,99df4243-7907-4b63-bb4c-f3a465bdaf03,http://www.imdb.com/title/tt0036342/
1252,1066,da8aed5e-4954-4230-a2b9-180f57e209f3,d513ec4c-bb0b-4856-8df5-ac6c78f5e12a,www.imdb.com/title/tt0036745/
1253,1067,1078e5ff-0882-4c34-8bfa-1bfb3b235561,7af0ec95-9d5b-455d-8ff7-75521e8c6d02,http://www.imdb.com/title/tt0036969/
1254,1068,a6e8895b-102b-49d6-b4ff-c64ffa61f109,df9eb652-46b6-45c6-bfad-83fc4c793d69,http://www.imdb.com/title/tt0038109/
1255,1069,2359dbc6-5bfc-483c-be15-47394bc90c7d,09c337c9-1a34-4d73-a8d3-a16b6a651652,http://www.imdb.com/title/tt0036807/
1256,1070,8a03fa7f-aabd-4168-86ca-d98138c1ba47,06787601-8595-4f07-a351-2442d9f808cd,http://www.imdb.com/title/tt0039066/
1257,1071,f811a34c-a21b-4700-a6c4-c3c43d1c0a15,16dac0f3-e04a-4792-ae81-0acb8899a193,http://www.imdb.com/title/tt0039926/
1258,1072,4172f383-d78b-4fb3-947e-d66fd0498168,3b9871ab-385d-4565-9094-c324010eb155,http://www.imdb.com/title/tt0101640/
1260,1073,48358266-1fb7-4bcb-b1c7-c220da1e2025,7ca6d8a3-2eda-43e6-abc8-4908350ac2d0,http://www.imdb.com/title/tt1517506/
1261,1074,71f07980-6de0-4127-b12e-1a4cab32f3b5,5783c5eb-255d-4d95-97bf-5c71d20668da,http://www.imdb.com/title/tt0089789/
1263,1075,841e0802-b067-46b8-9dec-c4e8189c07f1,9f13f9ef-849b-4c18-9e7d-79a83094469f,http://www.imdb.com/title/tt0093116/
1264,1076,e87a8bd9-39f9-4f9f-9b60-e36347338d7d,40797b1b-5998-4718-8ac9-4bc498005d89,http://www.imdb.com/title/tt0093117/
1265,1078,73ed18b9-753c-4c55-8d2b-ede33e4c9695,b5c07800-3ff7-430e-9a2f-ace06d4a4d73,http://www.bcdb.com/cartoon/18548-Pied_Piper_Of_Taz-Mania.html
1266,1079,6cc28cf6-15e0-4d3f-9555-94c028ad754b,c3c77379-12ae-40be-8940-60635ccab78b,http://www.bcdb.com/cartoon_story/71379-Pied_Piper_Of_Gorpdale.html
1267,1080,7b70045f-a4a1-4aee-88f4-2102ddaf65b5,2e9b4d02-72ec-46d7-80eb-fc1f96bb9c78,http://www.imdb.com/title/tt0574545/
1268,1080,a5a81996-4907-4cb0-9188-c8752436a95d,2e9b4d02-72ec-46d7-80eb-fc1f96bb9c78,http://www.bcdb.com/cartoon/49778-Pied_Piper_Of_Manhattan.html
1269,1081,586b9162-7e15-4f6f-bb55-19ab01301f79,19557dd5-5c4f-4ae6-834a-0408f9f9533f,http://www.imdb.com/title/tt0203593/
1270,1082,3bf63865-6435-44b8-b1b9-b495e9cdab0f,7ef93183-1d92-456b-a040-60494d7a6259,http://www.imdb.com/title/tt1726500/
1271,1083,fbff7910-dc38-4069-85fb-0667e6df2178,2b779ec2-39fc-4385-8a5a-dcb52277411c,http://www.imdb.com/title/tt0811010/
1272,1084,f94cd24c-378e-4ab6-b9ad-46db58e2bbc6,6831a832-6736-4923-8fc7-dc2dc51473fa,http://www.imdb.com/title/tt1299459/
1273,1086,aa647d35-fc2f-409c-a052-dd094ef1adba,8b8ac4e1-9f89-4862-bfdf-86f8fc0aafab,http://www.imdb.com/title/tt0032162/
1274,1087,c1cf9d9f-4179-4131-a7c6-d3fe35297254,de7b2bf5-78b3-4777-a0a0-f2c963e7777d,http://www.imdb.com/title/tt0070326/
1275,1088,0fa6f328-11fa-425c-8abd-5196f761dacc,b0113d19-e0c5-4174-aa0e-61ed8435a5cc,http://www.imdb.com/title/tt0074846/
1276,1089,803caa6d-fdca-474d-bdfa-96a0f8f372d4,5809a42c-08a6-4e81-8245-a36f147f0619,http://www.imdb.com/title/tt0160801/
1277,1090,ed8d4de4-42ef-4728-a235-191ea7c80b93,3a812ed7-9792-47d3-98c2-d0179a107499,http://www.imdb.com/title/tt0081330/
1278,1091,b44a4646-dff5-472e-af8d-c572d3d478f7,2e5b622b-8dbc-46d8-a869-838c5c77c7af,http://www.imdb.com/title/tt0087632/
1280,1093,afa2ce53-2479-4514-a9a0-7e837cb635cb,8eda819f-5465-40e4-97ea-f6e5be6f2280,http://www.imdb.com/title/tt0103477/
1281,1094,d36f6edd-2127-42d4-8521-c5d6bcb786d4,21b5bb33-3bdb-4ad7-9b79-bc7f829a09b3,http://www.imdb.com/title/tt0240684/
1282,1095,042b6f9e-4e5b-4205-bb1a-ea86c558b311,76392323-4ed4-4f37-83a2-66fff1dc1225,http://www.imdb.com/title/tt0969647/
1283,1096,43c726bd-a49c-47a2-af9d-d4b019d00e15,39d45f0f-89b9-41d8-8462-88dcbbb6de18,http://www.imdb.com/title/tt0043410/
1284,1097,6a308bc7-dc7e-41b5-93c0-fe3a3ecd5b31,64be3f95-bbd8-4da0-a268-289aeb8c39ba,http://www.imdb.com/title/tt0315578/
1285,1098,133cbf5d-8acf-41b1-a686-65b4402efee2,8350e1de-97ca-4ecf-8c55-fc77402821e7,http://www.imdb.com/title/tt0239718/
1286,1099,94bf8147-6a84-4641-8881-116ae9af3970,790e6c30-2189-4537-a446-e363cf4a730e,http://www.imdb.com/title/tt0075104/
1287,1100,85e8d41d-8da0-4d20-b5cf-3369522243fa,9a295d82-48ca-4a7f-b40a-fce34e403f30,http://www.imdb.com/title/tt0146063/
1288,1101,94fbc5aa-b17f-486e-a574-48d62298a971,2987608c-668a-47f7-bd5b-c87f52428814,http://www.imdb.com/title/tt1872046/
1289,1102,6e35415f-3750-4ac3-9498-a9222686cef1,fae7ea69-b55c-4b42-a30d-0dda2625ea9b,http://www.imdb.com/title/tt0426148/
1290,1103,964946a4-c672-4656-9c44-c6de2eacc445,434e108a-12d0-4845-87c7-fafca5e3bb4c,http://www.imdb.com/title/tt0197781/
1291,1104,aa7d1f7e-beb4-468e-b3da-85a9492d535d,e77f39e1-e45f-4ca3-ac36-ebc38f81527a,http://www.imdb.com/title/tt0040725/
1292,1105,e421fb51-3d62-4b07-8633-9bede4be9cae,7353f964-8db8-4ce7-9d18-5c605233a693,http://www.imdb.com/title/tt0086179/
1293,1106,d302ae0b-4392-4544-b573-044dcaa8ae9b,02f61c04-9e15-4e19-a742-b0b8bfaf9ba2,http://www.imdb.com/title/tt0100467/
1294,1107,fdf545cd-ec6f-4c9e-a95d-ac8dafa8ced0,cf0e2834-59dc-425f-b689-58f5f779562c,http://www.imdb.com/title/tt1451639/
1295,1108,462f74ff-8d07-4c22-a196-db7844efbaa9,94675642-6dd9-4ace-b7c3-51fa49b6a050,http://www.imdb.com/title/tt0254782/
1296,1109,6146e056-38b4-4f79-a711-01cc6bc707d0,f373f561-a57f-4367-86e7-2c30ff2a1d8d,http://www.imdb.com/title/tt1512249/
1297,1110,618fbab4-e514-492f-8943-bd0516e9394b,8255aba5-b472-4556-a4e0-0fd81511c63c,http://www.imdb.com/title/tt1198407/
1298,1111,4a53cf74-ab14-41d0-a800-f66c9cd2c025,5bd3be35-b55d-460f-9cd5-856c4cf0fcf8,http://www.imdb.com/title/tt0348060/
1299,1112,df8a6ce4-9bd2-4659-aab5-83dd526ccd7d,1fef4e99-d42e-4097-a0c5-e9b0fcbd4fc5,http://www.imdb.com/title/tt0362160/
1302,1115,f44a29de-c2c8-4951-9243-51d5761058f2,f63d5633-f5dc-48bb-a82f-c38da6aa50c5,http://www.imdb.com/title/tt1496454/
1304,1117,100f9c04-4e5c-4ae2-80e1-ba21f82c12dc,7a6be5b7-97e2-4905-a836-178df73e34f4,http://www.imdb.com/title/tt3117746/
1305,1118,b9ef57d9-1484-422d-b17a-c84da7a619a5,4e8a480c-ecea-43eb-a03c-f2abbe2341dd,http://www.imdb.com/title/tt2243621/
1306,1119,db2202b7-fd59-4c3b-b48a-6f2ac8d3980b,22c22b51-8bc5-46ed-8c02-5159adc2adb7,http://www.imdb.com/title/tt0384559/
1307,1120,25718f23-8554-4df9-93a2-cfb1821d5e56,103678d1-ec6f-4939-9266-1780a0eb0309,http://www.imdb.com/title/tt0396042/
1309,1122,fcd26005-3b67-4bef-b977-22f826450c2c,e531dd54-1bc0-40a5-a13c-b7b90d62399a,http://www.imdb.com/title/tt0177606/
1310,1123,4ec337eb-182c-453e-a830-80c16b113b79,b114c78a-78de-49b7-af8f-5779e9606075,http://www.imdb.com/title/tt0191383/
1311,1124,d9dd51cc-62a2-4aa2-a2cc-0f2c20ffefcb,3fb21daf-71cf-4307-a69e-ddaf79542db1,http://www.imdb.com/title/tt0184316/
1312,1125,a7fc4cf5-ae83-47a9-ba0f-57c8f60205ff,7db0b870-5f82-4ef7-aa5f-660a86c808f9,http://www.imdb.com/title/tt0251310/
1313,1126,5c3e58cd-bc96-4593-860a-f299f03a5257,e8891e93-9c80-4ad8-91d0-27f279c05623,http://www.imdb.com/title/tt0232750/
1314,1127,564d0c6c-f3af-4d19-ad18-68062da53eb7,36330b1b-ee97-4813-b544-bc0860afd533,http://www.imdb.com/title/tt0067464/
1315,1128,0abaf3de-9b8d-47a6-b9a1-bcf17b1d449a,7f335bdc-852a-4771-9adb-9eccab91f934,http://www.imdb.com/title/tt0067616/
1316,1129,4aa67cca-f5c8-4dfa-97b7-a3b4f3c5dbc5,c3dfe30a-505c-409a-aa2e-4cdd8be91a9a,http://www.imdb.com/title/tt0069252/
1317,1130,a1870d92-8623-4e66-be73-0ff7f68c6d0f,84d08657-243e-4470-9d09-b52a546900c3,http://www.imdb.com/title/tt0076223/
1318,1131,3f3bdfaf-965b-46d7-b769-a79af601d140,a7a9217e-c170-4404-a571-8fb02ed07b2a,http://www.imdb.com/title/tt0176048/
1319,1132,265b768c-dd54-4ea7-920a-99f4f702e2ac,1df35a26-3e5a-4dec-b0a8-5a78051410b4,http://www.imdb.com/title/tt0175381/
1320,1133,70e28bce-a65d-4bb1-9f9a-4fa0c1d5e9fc,ff569a49-4581-4cbe-a87c-e6454ec3af75,http://www.imdb.com/title/tt0295492/
1321,1134,e70af647-3819-4b67-a0c5-3e31fb74b081,bce19deb-2f50-4fca-8943-25c536efe7ad,http://www.imdb.com/title/tt0086477/
1322,1135,41b2d615-9eb2-4096-a39c-a6f73ed6b229,b65ffd25-dffa-426e-87fd-6d2ccedd456f,http://www.imdb.com/title/tt0087580/
1323,1136,3c288777-56e3-4a43-9042-fe0d08e60ec3,e3b34739-0aa4-4fcd-b115-e1f88899739e,http://www.imdb.com/title/tt0089800/
1324,1137,fabdbf6c-e9db-490e-ab25-cfca4ca0a290,2d18b559-f23b-42e9-9500-6dcd47be8cec,http://www.imdb.com/title/tt0237227/
1325,1138,f29fda46-004f-4a69-ac2a-6649afb87c2e,85b263e2-3a57-4d7d-ae22-ebaa6a7cb19b,http://www.imdb.com/title/tt0150682/
1326,1139,b99aa1cf-f56b-445f-ae90-f01cc7572277,5dde885e-a4e1-4c40-a3d8-cb38389859f8,http://www.imdb.com/title/tt0166853/
1327,1140,a30f3be9-fdd5-47b5-8955-97904d22f74f,939e53ca-76f7-4fc4-87cf-2b30daea00ec,http://www.imdb.com/title/tt0068809/
1328,1141,f5aaac4c-5701-41e1-be07-c3adc3c272de,e66d616e-b0af-4ba8-9f9f-5b3d92b5b28d,http://www.imdb.com/title/tt0175913/
1329,1142,afb90a10-2ff4-48c4-9a29-e74e125c2423,3fbb09f3-9a19-41a9-bf1b-7f40a3d7494f,http://www.imdb.com/title/tt0226232/
1330,1143,6ff1aa02-7b6a-4e40-9756-110904903187,30bb2c30-f4d7-47dd-8290-2096e304abbd,http://www.imdb.com/title/tt0298091/
1331,1144,a9fce3b4-0d02-4c46-9af2-a17c52ed93f7,9cbb302e-1db5-484a-a249-3144746bba7b,http://www.imdb.com/title/tt0128174/
1332,1145,62be48d1-475b-4e42-a348-e42e8b236615,e6916ce7-c98e-4d3c-a417-bbc7cbbb8ff7,http://www.imdb.com/title/tt0182728/
1333,1146,910b710f-1543-42e3-a497-763e5e397019,8fde1fec-e894-472a-9845-0eca8a3a57a6,http://www.imdb.com/title/tt0116796/
1334,1147,93ae7c24-fd2e-49c4-95b2-949940b2a595,f8102fb4-0e59-44bc-8969-bc979c8aa6de,http://www.imdb.com/title/tt0119962/
1335,1148,e76ca4ae-235c-4c3d-bc42-16651ddbff15,1b1720ef-48f6-46b9-be35-e6a81e4864db,http://www.imdb.com/title/tt0145008/
1336,1149,7d2cb592-bcde-4f79-a205-8b89a137135e,86c38bb1-c2b0-4ad1-903d-0428b92ead57,http://www.imdb.com/title/tt0234058/
1337,1150,0dda6db0-cbbc-4fb8-bcdf-22718880564c,ae2dfe5d-6ec7-4c6c-a220-6989db8dc513,http://www.imdb.com/title/tt0247707/
1338,1151,f1ba31ab-95b7-4e0a-9e3d-1010747cab89,a3e66473-d6bb-49c4-88e8-93fb959a37e1,http://www.imdb.com/title/tt0084161/
1339,1152,982a73d2-b933-48f0-94cf-a7e2eefabc51,4b57865d-1b81-4429-866a-7f0ae10dfbce,http://www.imdb.com/title/tt0071570/
1340,1153,5f2844cd-4cd5-43f5-a3b5-4a8f4c059e83,1dfe4b67-2655-4a8b-9216-0d329b51c3a0,http://www.imdb.com/title/tt0086109/
1341,1154,fd28ca9e-90c9-4d8e-8316-32403c66f731,345a6077-25a9-410d-9cff-be7f49e28652,http://www.imdb.com/title/tt0575519/
1342,1155,733296ab-c3f6-4586-8785-94623da8ae7b,83e2f196-453f-4e6c-b92b-3b1627e0ee75,http://www.imdb.com/title/tt0575508/
1343,1156,ab34be13-4583-4903-bc54-5090f4066849,87fa991d-71f1-4f75-a904-d9161b0aaca3,http://www.imdb.com/title/tt0575518/
1344,1060,9339c627-406e-487a-9095-bbdcc56ed03f,e5e8aa36-552b-45ce-bc93-0c2bf71349a6,http://www.imdb.com/title/tt0575513/
1345,1157,f6a8e6b7-6fc8-43fb-a56f-f35502ce02f5,2323b01a-c818-4dc7-ad8d-289709a02472,http://www.imdb.com/title/tt0575502/
1346,1158,6f6da671-fb8a-4c11-acf4-c7831c6c8f09,a73ff240-48ce-4c7f-ba5c-ec26df2598c2,http://www.imdb.com/title/tt0125603/
1347,1159,c801a3bc-64ea-4fc9-9461-9ae4b79907f2,8adc459c-bd74-4e3b-87af-7376ed1f9be4,http://www.imdb.com/title/tt0575514/
1348,1160,4c2a3ec9-51a2-446d-99a3-9690cc5d3b67,22d573c9-828d-4219-ad28-5d05eda00e26,http://www.imdb.com/title/tt0278438/
1349,1161,433b594b-9345-4c20-95b3-3fb40bced025,229f9e2c-d931-414e-b691-6634933393e0,http://www.imdb.com/title/tt0129858/
1350,1162,e0c0a8e9-e4ee-4bd5-8756-1a2224841fdb,f6e98943-b26a-4650-af64-ce05e3f26713,http://www.imdb.com/title/tt0069240/
1351,1163,cb42afe4-4afc-4b62-9ab7-328034c10d62,a76b1e52-0697-4277-8b1b-4d3c82822f56,http://www.imdb.com/title/tt0171121/
1352,1164,d3a48be2-1352-426d-98e0-27dccaff627f,b1971686-3d76-46d6-8d10-f53f7c59d7e6,http://www.imdb.com/title/tt0042627/
1353,1165,a72764a3-81a5-4af7-8ca0-86390c6f1ec1,892c11cc-6761-4f4d-bb22-44df5f8d2fa8,http://www.imdb.com/title/tt0045470/
1354,1166,7ef571f4-cfbb-49ed-8ed7-47885e7c905c,238cf843-0da3-47e7-8415-96cedf2f036f,http://www.imdb.com/title/tt0047571/
1355,1167,db731620-1638-48b6-b2c1-c16e36f07996,b2ba9c7f-5fa9-4e4d-826f-abd813c8f548,http://www.imdb.com/title/tt0183862/
1356,1168,8c165394-a71a-4bdc-8a34-4f179ec38653,31af3839-bfb9-49d6-99d7-37be27c276d1,http://www.imdb.com/title/tt0052199/
1357,1169,a4203ba0-0405-47c7-aea5-2add52692c04,43f4a424-f221-42c0-a7c1-912ade82e8a3,http://www.imdb.com/title/tt0051650/
1358,1170,e76266ba-2f9e-4f25-bad9-db041db32ed2,f93d9837-fdd7-48e3-a800-9557f5d4c3ad,http://www.imdb.com/title/tt0056430/?
1359,1171,00fb8abe-b7f1-4d6e-bb85-d1bc3150910d,636aa879-4c73-401b-aac5-db358ec9297d,http://www.imdb.com/title/tt0172504/
1360,1172,a1742e7a-56cf-4dd1-b856-db7d56a0b1c6,6f9f6d15-b0b3-4b23-827e-b472b0e6b398,http://www.imdb.com/title/tt0172467/
1361,1173,9d374df3-2edf-448f-8781-663e51b0f542,217ddf06-e0df-43c7-acc7-ea38d5c133ad,http://www.imdb.com/title/tt0183126/
1362,1174,7e74378a-b590-4e2c-8f53-0e831feccf3d,b42a5eb6-67f2-4443-a9e6-4b58db52c9f1,http://www.imdb.com/title/tt0059372/
1363,1175,05761e1e-2cbc-47fa-b425-c88b862745c4,50cd250b-2d59-4329-9ffa-383ab1e8e9a8,http://www.imdb.com/title/tt0065212/
1364,1176,e6892cc4-3fe8-4664-bce7-3765d6409106,816db825-8613-4ba7-9820-0cfd574edeca,http://www.imdb.com/title/tt0050846/
1365,1177,c5ed4cd6-858a-4982-9fdc-0bd10d4327a3,b3f2f7f7-1168-4196-983e-07c3c575e537,http://www.imdb.com/title/tt0071595/
1366,1178,2241946c-5f67-4b64-97df-0e21fa7d2efa,61a6ed73-c3d0-4c53-acc9-8a794ecc1fc1,http://www.imdb.com/title/tt0230969/
1367,1179,9f2f3355-c28b-4736-89f9-f1ad9d11c42d,b56307dd-445a-4e86-a7f7-ee9b94feaa09,http://www.imdb.com/title/tt0186449/
1368,1180,cd81265a-84f2-45e6-bd0e-5bf8e9863d0c,7f09b145-74fd-439f-b314-c36658c1e52b,http://www.imdb.com/title/tt0062400/
1369,1181,3e9ee6d8-388b-421b-8e07-d3aae0782714,18a16716-f734-4bf6-9ee0-baaaa83a50ec,http://www.imdb.com/title/tt0210964/
1370,1182,a8c36973-1727-4a45-8109-83f7a0425cc6,a79b3730-61ab-467d-8fd7-eb4daa2a957d,http://www.imdb.com/title/tt0210907/
1371,1183,312b7a3e-3d65-4fc1-9338-4df6389bbf0e,72b87921-ce89-4e4d-bb8a-95d60b5a7c3c,http://www.imdb.com/title/tt0089230/
1372,1185,4f4dc0d1-b93b-4a83-9caa-fdbf50e2f556,d092b7ea-05a8-43c8-abfb-5451c208c77a,http://www.imdb.com/title/tt0068243/
1373,1186,98485a7a-917d-4cfb-b2fe-e0b5d8a2412d,b9a22a42-c9f7-43bc-8e22-2eab6ad1fc8d,http://www.imdb.com/title/tt0402153/
1374,1187,9fe9a52b-ef4f-47b2-ab77-85722ae1ffbc,2e1d25a4-c48a-4d19-9e64-da713e4fb9cb,http://www.imdb.com/title/tt0095210/
1375,1188,16054566-73d8-4131-9707-43ca37e69ddb,cfaa2a8c-ca2d-495e-a510-2bc5e2c6ef65,http://www.imdb.com/title/tt0287351/
1376,1189,d9453e46-917f-41dc-be4a-c5d1eaadff84,bfc19638-5fdd-4f30-94a7-6bccae239a71,http://www.imdb.com/title/tt0249566/
1377,1190,f4752797-675b-41b6-b0a7-6a9781ce4f2f,0ed0087f-7709-40af-a9f3-e36e16011d0a,http://www.imdb.com/title/tt0046996/
1378,324,2ee660e3-6afc-41c1-88d8-17b8d18ed2cb,b6c27fa8-344a-4ad8-8984-aafdfac38994,http://www.imdb.com/title/tt0047843/
1379,324,255ece19-3217-4f5c-85ba-3fbcffc94121,b6c27fa8-344a-4ad8-8984-aafdfac38994,http://www.imdb.com/title/tt0048569/
1380,1191,b893ce06-bac0-479c-bf23-05a3c7dd9b07,4b8a01a2-43b5-4847-830e-b56d4e8de7b1,http://www.imdb.com/title/tt0389453/
1381,1192,6ecace62-a380-4807-9f65-ceac2bacb3a4,0c95ec09-c02c-463b-a7b5-cf40bfa0055c,http://www.imdb.com/title/tt0050920/
1382,1193,50140f37-9253-4555-929c-455872c42bab,398dc858-11e9-4ada-9c98-94770fec3c4f,http://www.imdb.com/title/tt0050472/
1383,1194,116ae75e-422c-4cd7-90dd-2a594206a4b6,c8796a7e-eabc-4afa-a6e9-e63e1f145702,http://www.imdb.com/title/tt0131650/
1384,1195,b1e3573f-f3ea-454e-9072-d303020bc469,d875d69d-0ee5-4d2b-90e6-f7900114e62f,http://www.imdb.com/title/tt0195726/
1385,1196,71d90bc9-e282-401b-bed5-352857f6cb49,ba36effb-c143-4652-a208-e41ca54a8108,http://www.imdb.com/title/tt0167312/
1386,145,6e1037af-16a7-456a-8580-b98d1ee560c5,1ddbd1a3-8e33-46d9-8ad9-9ce457e1ec0c,http://www.imdb.com/title/tt0187375/
1387,1197,e86bf400-57bc-40e6-8165-1dbf16f73f4c,9e2c9540-ca0f-4319-9a3c-d133a60e671c,http://www.imdb.com/title/tt0207653/
1388,1198,12151d68-c42a-46da-8493-95d14cbbf2d6,46744499-babe-43d2-b34e-168758fb1987,http://www.imdb.com/title/tt0204102/
1389,1199,796db057-cf3b-44f9-a2fd-418227ab887e,ce831209-aec6-4100-b901-6ffe0c078944,http://www.imdb.com/title/tt0081340/
1390,1200,f917e0fc-cfe3-4796-8645-7eb870b55dbc,3b44cd74-1263-445d-b6b3-3a26271c633c,http://www.imdb.com/title/tt0818692/
1391,1201,c01073f0-e908-45e8-a6b7-87d71a530533,e0dab8fe-8a3a-458b-b124-1e2019302b25,http://www.imdb.com/title/tt0219968/
1392,1202,6aa847b2-6478-4a29-8ccc-ccc9daf4ff6e,f0c65a30-2352-4a18-9c7f-f954f203cdb4,http://www.imdb.com/title/tt0200656/
1393,1203,e43998c3-5e74-45ce-ab13-62242f2cc9b6,917f25bf-ff71-455f-9abd-92af5b96523b,http://www.imdb.com/title/tt1130992/
1394,1204,7e8172d2-9874-4d16-bee2-84f38be6bef5,38938c82-e6fb-4f12-81a1-9c01e004f3a1,http://www.imdb.com/title/tt0433925/
1395,1205,2be4cf2f-d083-4ef6-8f11-1519621c6aac,ce88e550-278e-466f-8dca-35a943e72d20,http://www.imdb.com/title/tt1364281/
1396,1206,419663df-9b17-4337-9874-18660f481fc5,a7419a20-c174-48cb-8143-a8dc866a0c27,http://www.imdb.com/title/tt0146114/
1397,1207,a6515d8e-fe25-4c7b-98e9-9ac0656f2ea5,ce2d8684-1d44-40c7-a38c-c40d91760f57,http://www.imdb.com/title/tt0493052/
1398,1208,02d466ed-dbf8-44dd-90a6-ff5096fd3420,e6181017-47bb-45c1-846f-b80793df2759,http://www.imdb.com/title/tt0084554/
1399,1209,64b46eaf-e0d9-4947-84de-c2e8ec0b6739,184f6b6d-aaab-4780-a699-f832126a8923,http://www.imdb.com/title/tt0296161/
1400,1210,a50294df-1e11-4239-8acf-8947cf4d24e1,72ac3c27-99da-4fd2-9864-74b258116f90,http://www.imdb.com/title/tt0311410/
1401,1211,0509cd3a-d0c8-4104-bad1-37673d47350a,67f4808b-a384-4f5e-9f02-83eda441c32f,http://www.imdb.com/title/tt0202536/
1402,1212,86f7d5ed-4ac2-4ab8-9391-4c0a1cad5c61,d017057c-fcdb-4713-9f1f-634085de7997,http://www.imdb.com/title/tt1239462/
1403,1213,ba08d14a-abeb-4aef-a81c-e1c90cf51f23,df3b78a8-64c8-4e36-a799-4674dd585826,http://www.imdb.com/title/tt0268566/
1404,1214,8a2ef7e8-649f-4d2a-8190-f152f04e1f4e,2d188512-4054-44ff-9133-3262e39da638,http://www.imdb.com/title/tt0407150/
1405,1215,38c9de7c-118a-4d42-a9ac-79102f4e40b7,e80046e7-cfb7-4fbc-bdea-cfc1ba804d67,http://www.imdb.com/title/tt0353936/
1406,1216,c0ee2528-63b0-469a-ae5a-e7c141649cfa,133e9ea1-5430-475f-85c5-cc40bf5ba2d7,http://www.imdb.com/title/tt0903605/
1407,1217,c54579cd-42bc-4bba-a99f-70ac52be6700,1d544233-fcf9-423e-b38b-20a0758178f8,http://www.imdb.com/title/tt0313255/
1408,1218,3cfaba07-03a4-48b0-a1b4-5c27f7c956da,58a27c38-62ef-4d05-bb79-1c324ab07539,http://www.imdb.com/title/tt0189498/
1409,1219,257c64e3-8d5e-42d6-a99e-117d87d5399f,0ce18815-aacf-447a-8c12-88376bd01f1d,http://www.imdb.com/title/tt0224149
1410,1220,4cc18053-42c8-48ed-9b61-f6b02d7a3a50,dff49eee-70b9-4037-b837-61a95da3fda6,http://www.imdb.com/title/tt0000465/
1411,1221,698f1b93-d16e-4860-9998-60577c9a9b8a,b73d4b53-d272-4b66-9c64-14bc5adf684a,http://www.imdb.com/title/tt0223213/
1412,1222,7abd622a-9630-495d-9937-972eaaa7ffc5,bd4cd22e-5c62-4a9b-b440-d7d90ec140d2,http://www.imdb.com/title/tt0223622/
1413,1223,c09a9127-18a1-4d3f-9420-eabe7306f69a,2dd301b4-b7d8-4a2a-9aaa-730aa54864cc,http://www.imdb.com/title/tt1726023/
1414,1224,89746060-3713-4128-9a4f-74f1cd0b99bc,0e759685-21d0-4c5b-bc6f-888957ab9677,http://www.imdb.com/title/tt1520410/
1417,1226,5d7c8125-f973-4a22-92cf-d593db5f8a2e,3ef45ea6-a43d-4d0a-a065-da926236cc57,http://www.imdb.com/title/tt0228447/
1418,1227,859e4e1c-9b22-4363-81cb-e5966a566864,060f5f1c-3001-4835-a416-35c4fa701771,http://www.imdb.com/title/tt0132179/
1419,1228,d9157b97-67f7-4035-989f-d2b24f6b6aad,b7c1e139-4412-4976-ae89-2f40278f8234,http://www.imdb.com/title/tt1358629/
1420,1229,5b16ac74-e0c5-4fc8-b458-7ac652eb620f,8ebd3179-5a6a-496a-b972-49589f5e100f,http://www.imdb.com/title/tt1451759/
1422,1230,932aef3f-ed35-4900-83ed-e15f3e5e6489,4a927115-3fea-44e8-9c9b-454bdc79bbd8,http://www.imdb.com/title/tt0398286/
1423,1231,c04f6c7b-4f17-48c2-97c0-18aa23a20e91,522f8bb3-aae2-43ab-8dce-cf0791a19dfc,http://www.imdb.com/title/tt1261896/
1424,1232,910430b0-a4fd-478a-814a-2d9bc9d65330,a7e084c9-247b-4146-a653-7057806adf19,http://www.imdb.com/title/tt0434609/
1425,1233,e4483dc7-780e-4877-90f9-4c40dbcf0b4b,6298f11b-d5de-49e2-875c-572383f90250,http://www.imdb.com/title/tt0186314/
1426,1234,dd0e461f-6902-436c-a238-d41af29a3d93,6042e067-34f8-4a03-93ca-210397e4a96c,http://www.imdb.com/title/tt0016033/
1427,1235,5f4a2ce6-da3a-423e-ae58-8714abb7615b,49563456-5140-4f26-820f-109c3ed7f66f,http://www.imdb.com/title/tt0140334/
1428,1236,d28288e4-737c-4e62-bbf9-74f19632af22,cb31c4c7-24f0-4cc0-b75e-7679f2fda29d,http://www.imdb.com/title/tt0250287/
1429,1237,f51170ab-26f2-4735-84c1-4bcff2c3171e,7d937f91-3330-4a1e-80dd-ec5571d14bd8,http://www.imdb.com/title/tt0176546/
1430,1238,161f103f-dea1-4916-9a91-21e17b7ceec1,47fdb373-0f41-4aa6-93e6-6f27025fee35,http://www.imdb.com/title/tt0016032/
1431,1239,4ad46c1b-7a33-4004-8f6f-b3b357d1c139,ef167444-b7e4-4f11-9518-8f431016a12a,http://www.imdb.com/title/tt0183646/
1432,1240,f164c633-251a-408b-9caf-1b3dd06a96fc,4f0d4b0d-ab55-4459-88c8-a693f7126815,http://www.imdb.com/title/tt0022301/
1434,1241,daf851bf-dcd1-4297-9277-df2e183c201b,5f44d83c-c0b2-4a12-b823-278b1b1cfe5f,http://www.imdb.com/title/tt0151605/
1436,1242,34d93ac6-1e42-4c08-99e2-905c08fa6475,103be510-4a42-4e31-bd66-9455a359d237,http://www.imdb.com/title/tt0029154/
1437,1243,a81befc4-1971-4dfa-94d6-b18444aca721,4f71242f-4cd0-45c8-a5d3-aeb60dc0f9a7,http://www.imdb.com/title/tt0032243/
1438,1244,c1c2fa59-652a-4865-8514-a832d06717b9,64ebc8b3-8841-4af1-8a69-ce6225de55a6,http://www.imdb.com/title/tt0034312/
1439,1245,1fa8cf08-82a8-4680-8675-c496510c35b7,805a09fb-4662-420e-8d78-d511afcfde20,http://www.imdb.com/title/tt0036295/
1440,1246,b564a91f-7f2f-47d8-8320-38a39ecf3780,49946a7a-31d7-4430-9172-1e8c79f051a0,http://www.imdb.com/title/tt0037022/
1441,1247,dad7b215-9dc1-44eb-8fc5-e96918fedc6a,2ab88c22-cc6e-4da3-9bcb-7c9aad34a39b,http://www.imdb.com/title/tt0038087/
1442,1248,67cf44f9-43aa-41d3-ac5c-2489936a63f9,8c132f6b-d806-4118-9e22-994ec7d7b860,http://www.imdb.com/title/tt0038253/
1444,1250,c8a82ae7-639a-40d0-8dfc-3e8ece37e2c8,2c7627bd-73f1-4a0e-b329-930fa7180906,http://www.imdb.com/title/tt0041593/
1445,1251,9eb55be3-98f5-415e-ad69-43ae7328e071,495636cb-b997-47a5-a998-49fb77bf2bfb,http://www.imdb.com/title/tt0189115/
1446,1252,d7af35e9-b6f8-4c80-8fbd-8823655741bf,559bc1ee-40c5-430d-81ac-865ac9d8bfcb,http://www.imdb.com/title/tt0138153/
1447,1253,1835119b-247a-4533-8fd3-3757cd9e6682,60e8ba7b-4a39-493e-8c0b-83853b07aa57,http://www.imdb.com/title/tt0044842/
1448,1254,618001c0-0ec6-4bbc-af60-fc465dbcc9b1,869b2156-d1e9-4fac-a762-0aeb9f99a7ec,http://www.imdb.com/title/tt0389335/
1449,1255,f3b3d5f2-4340-43a6-aeae-d95c3b3b7d69,aae518b8-7ea7-4de5-9666-4ebf87e65802,http://www.imdb.com/title/tt1206335/
1450,1256,f6e51e11-a9a7-4577-8387-95667d1dbb20,e39e43c1-2e8d-417e-93ed-682558314e7b,http://www.imdb.com/title/tt0048547/
1451,1257,cc64c18e-64e1-4ce5-a7ea-07f705d867e9,6c240d5f-c353-4017-8bd6-ca2c294e3dd8,http://www.imdb.com/title/tt0152158/
1452,1258,6157c998-1658-44e1-bb8b-cf18d4c6139f,c799e752-40db-4330-939e-f009fd0f7733,http://www.imdb.com/title/tt0053693/
1453,1259,7fdf9a40-3b43-445b-a7b1-e09fddc685b3,92c8b98d-8c9a-433b-9ee0-97352449b5ec,http://www.imdb.com/title/tt1297632/
1454,1260,fe4a2018-24f5-43fa-84c6-aa41625d3398,9919f859-0564-41dc-8e65-92a1edabba9b,http://www.imdb.com/title/tt0055825/
1455,1261,f8f9143d-ef8a-4bfc-b7d7-bee015819aef,c3c9ed72-41e3-4186-9738-e058bb69a3a4,http://www.imdb.com/title/tt0053694/
1457,1262,7d7dfc20-b493-4ee4-8b9e-72595af61deb,ddec2c29-1fc6-46b0-8974-275bbd4c16bd,http://www.imdb.com/title/tt0281766/
1458,1263,57bc90c9-ef14-4b71-b778-2b89a86d2626,30e0ad38-4e92-4f8f-894a-835270287fd4,http://www.imdb.com/title/tt2221169/
1459,1264,07ae44d7-27b5-47e7-af17-1b79d1850788,75d7c0da-66d6-440d-a977-7dbd8a81fefa,http://www.imdb.com/title/tt0152231/
1460,1265,bc370bcf-ab48-402d-997a-f47e9b194880,5fffd1a6-4907-4c9e-8dd4-11467f2f4816,http://www.imdb.com/title/tt0149194/
1461,1266,a75da8dc-6bc5-4ec3-839a-279da5bcf015,1232518e-860e-47ca-a7ae-b122c87535ef,http://www.imdb.com/title/tt0267683/
1462,1267,8e4e8065-9736-41bd-a6b5-bd64bcae9111,1f2e0e6b-74ea-4e8d-8bc3-b5b940d7295f,http://www.imdb.com/title/tt0076569/
1466,1274,0bcc6701-eb13-4cbf-a514-372c4ae20869,53b5e57d-0ec0-492d-8942-7046fd4ddd24,http://www.imdb.com/title/tt3749866/
1467,1277,dabf158c-293d-42ed-b73b-75fbad89e7ed,479b0387-b7e5-4de8-967d-1d818914f6d2,http://www.imdb.com/title/tt0222762/
1468,1278,4a88b41b-5307-48a4-b0c0-1306000e1e22,3307e6a6-b4b9-4062-8a23-3df402583f22,http://www.imdb.com/title/tt0225765/
1469,1280,5f78e32f-a4a6-47bf-873e-44b032f09491,cd0ad056-953b-4dc8-b373-23acf3a99e1a,http://www.imdb.com/title/tt0225825/
1470,1282,1acdb704-2d06-4095-8ca5-d6a46467276e,9c496a8f-7aa6-465b-bfe8-89db1965273c,http://www.imdb.com/title/tt0222838/
1471,1283,20364aab-7bb1-473f-936d-1b8b05486afb,8cee916e-3bb3-403d-a481-82f018d0b857,http://www.imdb.com/title/tt0951238/
1472,1285,59238d59-27e7-4b54-b4c3-a7735d772398,f78fff02-8989-415d-8216-c7fec152fca0,http://www.imdb.com/title/tt0436196/
1473,1286,3d499df6-c2ab-4872-8dc0-a27714231ac8,ee23ed23-4ccd-4412-9f6b-f97abef7e9da,http://www.imdb.com/title/tt0001106/
1474,1287,7f788dce-b702-4e83-bbef-dc32260d51cd,3ea10377-19a4-463b-980b-f903d61cd07b,http://www.imdb.com/title/tt0001488/
1475,1288,0a0d40c0-e956-4bef-bcce-7653898a0f20,c52ae54e-c557-42f1-8f2d-2967ea0e1aac,http://www.imdb.com/title/tt0002477/
1476,1290,372763dd-4a03-425b-98e3-5b7bbc78829e,de56acfe-86db-4cb9-9e48-ef96ccf87bf5,http://www.imdb.com/title/tt0132026/
1477,1291,9842cda8-5cf8-4614-90dc-eb1454bdb3e2,e5a02063-1346-4b2f-a4a0-7807263557e7,http://www.imdb.com/title/tt0222971/
1480,1294,72948175-02d6-4b9c-8ad7-2a0aac084ad4,e89a4713-a4a2-4ecb-b76f-ef5cdc1a134a,http://www.imdb.com/title/tt0003419/
1481,1295,04b8d470-f58c-4aff-94d2-005f32b0bae7,6d19ab88-fd84-44dd-a8b7-58b3d933125d,http://www.imdb.com/title/tt0003298/
1482,1298,b649d770-9874-4114-890d-44a955dd3a3b,a88f330b-a231-46d2-a76e-ca1c2f22ee7c,http://www.imdb.com/title/tt0006568/
1483,1299,fb65e6f0-052e-4730-af58-83c95d217d5f,f4077e91-660b-41f2-a91d-43f392b01bf0,http://www.imdb.com/title/tt0007499/
1485,1301,76b84c9b-6522-4c77-8909-db08c91f91b5,3eb4a58b-e25f-4797-aaa5-69426ef64590,http://www.imdb.com/title/tt0008563/
1486,1302,763e03ee-49f6-42f6-8bde-53e3a1250622,45afe8d9-0bfc-4909-af27-68b8246fa08d,http://www.imdb.com/title/tt0008821/
1487,1303,1aeaa285-fb2e-404f-b4ae-4234619a7389,1326dab8-a6bc-4651-a505-3114c75c6421,http://www.imdb.com/title/tt0009527/
1488,1304,d6db3ab0-6377-4446-b3b0-46e37f0cc2eb,7c505180-72d3-4263-a554-ed4752738efe,http://www.imdb.com/title/tt0008891/
1490,1306,4cceeabf-c18b-439d-b92a-231e4df063c1,08390c0e-44ac-482b-b07b-a570466d9bfd,http://www.imdb.com/title/tt0142992/
1491,1307,4ad46dde-0187-4864-9618-24698e33303a,d6543d3c-855d-4379-9100-4740274c742c,http://www.imdb.com/title/tt0142309/
1492,1308,59636a41-3e3b-4c24-8658-fedd35368d22,fc4bce84-0a58-4398-b87e-2d561d97731e,http://www.imdb.com/title/tt0150345/
1493,1309,e1ad451f-6c5d-4346-b19a-a476a3174527,9cc75eb1-cbd0-45b4-aeb8-4191753a2324,http://www.imdb.com/title/tt0025332/
1494,1310,22fcbc0c-23e2-4174-ba32-122079ffd698,65baa365-9c95-4065-952e-fd996cf54350,
1495,1310,d3296888-8300-4a77-ad3c-717fd9dba9a0,65baa365-9c95-4065-952e-fd996cf54350,http://www.imdb.com/title/tt0152472/
1496,1311,9f2d8f8f-3380-44a1-93c0-538fcabcc048,c7dd97b3-8e89-4337-bafb-d5ff9d8e3797,http://www.imdb.com/title/tt0151970/
1497,1312,aa7887a1-0be0-4294-be94-634bd42f19de,04a383c0-0828-477b-b337-d912d98b3fbe,http://www.imdb.com/title/tt0153870/
1498,1313,77aecbba-42f3-43b7-838d-1375130c73b9,1ebe74ac-f717-4413-91d0-1fbdfe567ea5,http://www.imdb.com/title/tt0150920/
1499,1314,06d4c976-6ecf-4c68-b4ab-7623bb70125c,fa2fadbd-d606-43ae-a01b-90ddce009d6a,http://www.imdb.com/title/tt0151368/
1500,1315,f04abd30-d721-4072-831c-3f2a42c68fa1,94268585-473c-46fb-912b-7749af9e883e,http://www.imdb.com/title/tt0153923/
1501,1316,df080839-aceb-4434-b42a-72a09d0741a9,e4ec2777-b973-4a6b-a21b-ba64ac018714,
1502,1316,44d2b6f2-81a6-4c40-966f-ad05013e11ac,e4ec2777-b973-4a6b-a21b-ba64ac018714,http://www.imdb.com/title/tt0150709/
1503,1317,cab3e78d-34b0-408c-8472-2a83abb632ce,916e33bc-ae68-497b-b39b-70c301318e99,http://www.imdb.com/title/tt0026208/
1504,1318,c4f07a01-3a6d-4e61-a40b-61876bec0cae,f3cdb685-8878-45bd-9b53-613968525e53,http://www.imdb.com/title/tt0035226/
1505,1319,74db43a7-2c49-4901-bc01-fd2d997088a6,469304d5-0b43-4cbf-83c8-f6b5de7c7e0d,http://www.imdb.com/title/tt0151364/
1506,1320,af23be14-8167-48f1-ad1e-e04df0076d5f,ae8be49e-474d-4d39-b3e8-0fa451e8186d,http://www.imdb.com/title/tt0148646/
1507,1321,de0e5192-2786-4d81-91e2-ab0ba832e121,a324b4de-3173-4c81-ac87-d0d3148d1b19,http://www.imdb.com/title/tt0151349/
1508,1322,6a652b9b-2be3-4255-9c68-5120019055b0,4f52000f-8959-4c4c-bf2e-0a8599264606,http://www.imdb.com/title/tt0151879/
1509,1323,b415d20f-7327-4ae3-a7f5-55f0cd214c93,c5c822dd-5107-4cd8-839b-bc7c2bb2e170,http://www.imdb.com/title/tt0150655/
1512,1325,3daa39af-c5e2-4c2e-9160-169ab764e927,d2ae909d-cc91-449d-a693-ef0f0af7463f,http://www.imdb.com/title/tt0150616/
1513,1326,54ec8ef6-1bdb-4b25-93ff-a4413a36073b,c288e422-e8df-488d-b4ed-ca29eb3942a2,http://www.imdb.com/title/tt0151217/
1514,1327,388ee0c7-e9a1-46aa-9b6a-7373067225ac,a5e307cf-2fdc-4d7f-8150-93e6d256e1c4,http://www.imdb.com/title/tt0150804/
1515,1328,332fa0ab-5e3a-4165-9177-b9aef6197606,79129c1c-7247-47ba-b6c1-751fb0cfb172,http://www.imdb.com/title/tt0149817/
1516,1329,fa6f6386-0f8e-4905-933a-5120f081dc2b,21d34c7f-325c-4b62-8c2d-2eaa14e3e542,http://www.imdb.com/title/tt0149610/
1517,1330,b0899ec7-5c04-4b45-a997-a3aeeda709a7,e0846f75-2004-4f20-a682-1716f091d62a,http://www.imdb.com/title/tt0162048/
1518,1331,cd3ed5b1-a8e7-48f9-9da0-6bbf9683a718,7a3517d6-f5c2-46b2-a61b-e11e6aafa0c8,http://www.imdb.com/title/tt0152613/
1519,1332,033ebf4d-09fe-45ff-aee2-865f70a8ce9e,7daf4939-a668-49c3-940d-4499d1f13558,http://www.imdb.com/title/tt0153891/
1521,1334,32cffe42-ec90-408f-aaf8-51d5e5cb4bec,dd2eb2e2-9468-4a02-87fc-d78aeafdcc67,http://www.imdb.com/title/tt0153889/
1522,1335,161f63e0-7416-486c-a38b-d4c026758719,0ec4b178-fdc2-464b-b007-e95d1946b4ed,http://www.imdb.com/title/tt0153892/
1523,1336,cc8809b5-9703-4d9a-bbdc-ed8e52fd44ef,5dc48241-45ed-4fa0-b038-ebedff0889fe,http://www.imdb.com/title/tt0148489/
1524,1337,417eae34-4548-49cc-b4c5-382c9594b5f2,3aa27813-1dd1-49d0-8008-55008ec81ef9,
1525,1337,dde22a6e-f1c0-4290-a2a4-73c6ca769007,3aa27813-1dd1-49d0-8008-55008ec81ef9,http://www.imdb.com/title/tt0153808/
1526,1338,99bbcd0a-a2f0-48f0-9f60-757a18ed8af9,256f16cc-967b-4abe-bca6-a6fc525613b0,http://www.imdb.com/title/tt0149818/
1527,1339,f748a832-baf6-4f26-b078-b6857f17ddc8,6a70db2f-dac5-4006-9147-6d3794032fb8,http://www.imdb.com/title/tt0150232/
1528,1340,64e20e70-9c9e-4c08-adcf-16aa7a5fbf1b,de5fea55-e295-47a7-983c-557e1b086b0f,http://www.imdb.com/title/tt0149611/
1529,1341,cc9742c2-f206-432f-967b-0a5163d7873f,eb3a490e-b197-43fa-a05d-809b560faa52,http://www.imdb.com/title/tt0153890/
1530,1342,159f012a-e22a-46c3-95a0-7d57947e6d4c,36b8ed1f-9927-4c7d-ba66-589d2cdbad40,http://www.imdb.com/title/tt0153871/
1531,1343,b87cc513-04e4-4d73-9dcb-00be1b86ce7d,aaa95cf5-acdb-470c-ae1e-927075061acd,
1532,1343,3bcb7f66-bc76-4a4c-9e58-7923a11f8355,aaa95cf5-acdb-470c-ae1e-927075061acd,http://www.imdb.com/title/tt0151443/
1533,1344,1b0b58e1-263d-48a6-890d-bd7f975d31f9,8959e633-890e-48c2-88c9-8551e25ce071,http://www.imdb.com/title/tt0152889/
1534,1345,0bb815d0-d5f5-4c3e-b9e3-dd2bb591f9f2,c1f37d76-1de3-42b8-b003-40d9da951da2,http://www.imdb.com/title/tt0152166/
1535,1346,44da3870-bd6e-4c17-a28f-146a82ad0b9e,4ae6d0f5-21b2-444e-b9a4-b03cd3ef5a32,http://www.imdb.com/title/tt0012494/
1536,1347,21ad09df-8b4a-4f63-a04a-fe0f0aa6ff72,f1a3a5c5-7c92-403a-b4bb-cabc671a6a7a,http://www.imdb.com/title/tt0146277/
1537,1349,96a4a6f9-b0bd-46f4-95e5-3a61fe0fb1d6,3c75a6ed-8bca-4632-8ade-7d81d32953a6,http://www.imdb.com/title/tt0017438/
1538,1350,c2d66a54-7572-48b7-81f7-16546634ae89,9749c9d8-1968-42cf-924b-ea1a898c0c97,http://www.imdb.com/title/tt3124388/
1539,1351,e336f8f5-dcf8-477f-bda8-73ba4ebfee10,ffbbda3b-7501-4c93-a43e-9946b0b5d814,http://www.imdb.com/title/tt3124388/
1540,1352,dc0f72d7-7325-4444-9380-5ea378b26d76,e1aaf527-2e1e-4052-919c-f8c0f8bd0acd,http://www.imdb.com/title/tt3124388/
1541,1353,18b4d0b4-fd1a-4517-8ed6-e8f2933e34ed,d8503bb6-fafd-4fd5-ace8-4f72a25ab3c4,http://www.imdb.com/title/tt3124392/
1542,1354,d886b538-4e90-4f8c-b11a-69c6e4b1a910,d934dee0-54a9-4834-a26d-0bca00ccf9e9,http://www.imdb.com/title/tt3124392/
1543,1355,5d0a20dd-5d59-4d24-8505-c97406bdce8e,18fc1058-1dfc-412b-ac69-b25ddb56972d,http://www.imdb.com/title/tt3124386/
1544,1356,ce81bac1-5e1f-423f-9801-400e3223afa8,1257c5f8-4cbb-4f1b-a4ef-6c20d1d2ec13,http://www.imdb.com/title/tt3124386/
1545,1357,da2f2395-d60d-4871-b981-cfcf759ab5ac,52f60578-2aef-4539-b61f-72b5008bd1ef,http://www.imdb.com/title/tt3124386/
1546,671,6e4409a3-899a-49b0-bf2d-b6cb9c51263b,073c4203-246d-4325-8695-e5e9fd292d02,http://www.imdb.com/title/tt3124384/
1547,1358,9b149c1c-98b0-4028-bed8-620f0f4148c2,8b292203-f7e4-4ccb-a86b-3da46b89f545,http://www.imdb.com/title/tt3124384/
1548,1359,012a0d87-4eed-40b1-9df9-f6042aab6a6e,598e2a5a-bcf6-416a-a30f-44d594af5d84,http://www.imdb.com/title/tt3124384/
1549,759,dd041ea4-df2d-4fdc-bc66-1b3f47e9d8cb,6af5134a-5916-4201-8224-f939bb659ae7,http://www.imdb.com/title/tt3124396/
1550,1360,f6baef7e-dbe3-474c-bfae-fa688195a7ef,3482ee30-83cf-41ed-b28f-e2b67898df56,http://www.imdb.com/title/tt3124396/
1551,1361,e047f027-9e40-42e1-bf24-d45bcbb8f706,619807d3-f222-4062-b731-4f4433f876b2,http://www.bcdb.com/cartoon/7939-Slow_White_and_Nose_Red.html
1552,1362,6dac319e-2ef8-4770-b461-4de77537f3a8,54352172-e0ff-4849-92b4-3c8f0f9881ff,http://www.bcdb.com/cartoon/7898-Elves_and_the_Shoemaker.html
1553,1363,9e6d77ca-3b05-4919-85d8-e8de417ad566,ecf341ec-b8f0-47da-bf72-a0908a57e0dc,http://www.bcdb.com/cartoon/7889-Fishermans_Wishes.html
1554,1364,df6b38b9-6e0e-48c1-b4b4-347566394b8b,1e0acfdd-bbdf-4e54-aef3-d93457453333,http://www.bcdb.com/cartoon/7886-Goldilocks.html
1555,1365,61501a19-9728-46ff-8eed-a3c3694ed1dd,00341bbc-9a05-489c-8e17-f5e4cce4b175,
1556,1365,909a236f-737c-442e-b68c-f4cd7ea7908b,00341bbc-9a05-489c-8e17-f5e4cce4b175,http://www.bcdb.com/cartoon/7887-Jack_And_The_Beanstalk_%5BFe-Fi-Fo-Fu.html
1557,1366,21093991-e167-43b2-9724-f00bc3ceb8d3,aa1fabe3-9f60-427e-8469-cbd07c9ae499,http://www.bcdb.com/cartoon/7890-Puss_And_Boots.html
1558,1367,b34910e3-5cf4-4fbb-87b5-ba012ef5193b,cad001ca-3b97-4550-a4a1-6b3fee6b728e,http://www.bcdb.com/cartoon/7893-Princess_The_Pea.html
1559,1368,331f4e23-5407-4675-a884-fcbc7918f393,d409277f-ac96-44a5-b042-dd9bce66a56f,http://www.bcdb.com/cartoon/7895-Sweet_Little_Beet.html
1560,1369,eb46965c-1344-43b8-9476-adeed98c7060,de5875bd-f1a1-42b1-9b40-fa02607559c8,http://www.bcdb.com/cartoon/7896-Dick_Wittingtons_Cat.html
1561,1370,a1c2f287-586f-4ee6-b9d3-256109d32032,4e241f9f-b90e-43fe-8c64-adf46fee0018,http://www.bcdb.com/cartoon/7901-Sir_Galahad_Or_The_Tomorrow_Knight.html
1562,1371,adbdcd5d-8b6f-4026-8283-19ed39b9f0a8,4500eb00-e654-4a25-b052-ea7baf29ebe5,http://www.bcdb.com/cartoon/7902-King_Midas.html
1563,1372,c8bb34e1-9179-4523-9550-3b566486651c,76174d20-4ba7-49ba-be86-301b45945a81,http://www.bcdb.com/cartoon/7904-Little_Reds_Riding_Hoods.html
1564,1373,ca57aa80-d961-4c9b-acc0-5bb3db3a765f,f1121d22-66e2-4143-975c-dbfc618a093e,http://www.bcdb.com/cartoon/7908-Snow_White_Inc.html
1565,1374,c654f779-08b0-4344-9a13-3cc04aa2ab5b,270f48ca-9a7c-4e26-b331-9c3ae66cc7d8,http://www.bcdb.com/cartoon/7911-Puss_N_Boots.html
1566,1375,4d299f8c-9a49-4f69-b82f-504274237322,f0edb88c-2651-4a3b-b156-a53ad21efcbf,http://www.bcdb.com/cartoon/7913-Tiny_Tom.html
1567,1376,82c44e4f-e894-4389-bbad-bba85974a890,b3c13b99-e166-4bab-b0ed-87c8509c55f4,http://www.bcdb.com/cartoon/7914-Slipping_Beauty.html
1568,1377,5fb02caa-1524-4776-b6f1-f6e7edc8632f,25408078-fc9e-4ce4-9b3e-089b5af52f56,http://www.bcdb.com/cartoon/7915-Aladdins_Lamp.html
1569,1378,fc1bef9c-ad85-4b66-89e7-d0e116cb6e46,07672920-c575-4d73-93fc-c579e3264c86,http://www.bcdb.com/cartoon/7920-Prince_Darling.html
1570,1379,49303564-1fa0-4b1b-a974-505586024ca7,d1f06290-9ffb-4341-b58f-079ee473ef0a,http://www.bcdb.com/cartoon/7922-Son_of_Rumpelstilstskin.html
1571,443,f5b7bd85-08fa-4b03-a8d3-ac708fd77573,8dbc529b-b2ba-413c-9355-2140a38c9d7f,http://www.bcdb.com/cartoon/7923-Beauty_and_Her_Beast.html
1572,1380,72866f47-f346-49a2-b7aa-f4aa98f3b33b,7409c6d8-9154-460b-ade2-359eda90a8e3,http://www.bcdb.com/cartoon/7924-Golden_Goose.html
1573,1381,2e1e1f1a-051c-44e4-8876-474acc605128,8581f97e-183c-4cb2-96c4-cdaf8bc1b6a1,http://www.bcdb.com/cartoon/7926-Goose_and_the_Golden_Egg.html
1574,1382,e60a2674-dc2e-45eb-bc13-f977f4177d8e,f2d4fa7f-95fc-49bb-b595-61281bfb8b63,http://www.bcdb.com/cartoon/7928-Shoemaker_and_the_Elves_2.html
1575,1383,78f2441d-5507-48d9-a7cd-f827dcd3539d,b77e8833-1c6b-42db-a998-347374588944,http://www.bcdb.com/cartoon/7929-Speeding_Beauty.html
1576,1384,7f92db8a-5d10-4abc-a6cc-3baf514f4b72,4643d83a-58f8-44be-87c1-a1304664dfd4,
1577,1384,ac48324a-1240-4640-8cb5-6baac8e82091,4643d83a-58f8-44be-87c1-a1304664dfd4,http://www.bcdb.com/cartoon/7930-Three_Little_Piggs.html
1578,1385,9c4732c5-2ce6-4763-8fa9-97a36f8accd7,c812ec24-b69b-4957-a82c-2070c60c6e87,http://www.bcdb.com/cartoon/7931-Goldilocks_And_The_3_Bears.html
1579,444,08234049-6909-45eb-acfb-8acee36de1a0,08ed4107-4d04-4d39-a6af-941640dcc6c5,http://www.bcdb.com/cartoon/7932-Son_of_Beauty_and_the_Beast.html
1580,1386,c15e2083-451d-4195-9ed5-69a730058bad,5abc4e24-8018-45d5-be90-1bee37735d91,http://www.bcdb.com/cartoon/7933-Androcles_and_the_Lion.html
1581,1387,c20fa6f2-c93a-47ee-8c5f-bff9b024d6ff,36a78e4f-0fdf-428c-9347-43cca638bf9e,http://www.bcdb.com/cartoon/7934-Fisherman_and_His_Wife.html
1582,1388,60d831f9-df11-4b1b-ba8f-ea240f7e1dec,8a04538a-fbfa-4e4a-859a-b5eda0af7814,http://www.bcdb.com/cartoon/7935-Princess_And_The_Goblins.html
1583,1389,d0bcf143-0270-470c-a0c6-df05bdcc5d8e,31372bab-fd4c-4be0-b62d-b92c28e3ac37,http://www.imdb.com/title/tt0107875/
1584,1390,6a6d02a5-eed8-4bfb-a08c-a6720ef9a412,e9c869e7-364c-455a-9421-f64198c0464b,http://www.bcdb.com/cartoon/7936-Snow_White_Meets_Rapunzel.html
1585,1391,20b22533-77f1-481f-b7bd-e14e6f5bfb54,c0b3c146-e39f-4f1d-b6b3-556d3e4a4e36,http://www.bcdb.com/cartoon/7937-Little_Princess.html
1586,1392,1c8bc50a-3b73-4b59-af59-9db89013e819,7dd7a0a8-c534-498a-a87c-844fc6193a45,http://www.bcdb.com/cartoon/7938-Thom_Tum.html
1587,1393,df50ff7e-0347-4645-82e7-27b1d083e52b,e20057e9-c1c3-401a-ae95-02f217671f64,http://www.bcdb.com/cartoon/7940-Prince_Hyacinth_and_the_Dear_Little.html
1588,1394,b8cd96be-9c7c-4805-b0a3-84087b51c6c7,69df8f1d-413e-4ee5-adb2-c2a72de2efb1,http://www.bcdb.com/cartoon/7941-Giant_and_the_Beanstalk.html
1589,1395,3154e0d2-4b35-434e-8e35-408a00cc98a3,8c3b4892-c3e1-459b-8482-b97b2a7a71f1,http://www.bcdb.com/cartoon/7942-Enchanted_Fly.html
1590,1396,7076b93b-4dc4-4203-8e94-62d8826ceb13,e96a690c-6905-4bba-830a-798af29d0046,http://www.bcdb.com/cartoon/7943-Felicia_and_the_Pot_of_Pinks.html
1591,1397,8abe2fa8-6942-4203-a929-46807dfe08b7,c2b41830-a6c1-4d64-9d16-b885622dead7,http://www.bcdb.com/cartoon/7944-Hans_Clinker.html
1592,1398,294c7afc-a29d-490c-80ea-92ee6ee039e4,66d3b989-5ca0-4786-9a68-27bb83b58a54,http://www.bcdb.com/cartoon/7945-Witchs_Broom.html
1593,1399,de2c3742-e022-4d3a-a13d-de9d7a9dce70,a8136528-f1d9-445e-8abc-17fc9838a3e8,http://www.bcdb.com/cartoon/7946-Son_of_King_Midas.html
1594,1400,966acb53-d7f9-4d8a-93a2-66f3308c0337,224724bd-e619-4fd9-bc9e-84d7e8431b98,http://www.bcdb.com/cartoon/7947-Magic_Chicken.html
1595,1401,b45bdb22-8691-4417-b2ce-e99ecb55f8a2,6833a524-0f39-425c-b66e-42207f8aa5be,http://www.bcdb.com/cartoon/7948-Aladdin_and_His_Lump.html
1596,1402,b6f2531b-93c4-47f4-8dca-41e67136944a,dcc0b3fc-ab23-4905-a879-729b2e2ab9f5,http://www.bcdb.com/cartoon/7949-Enchanted_%5BG%5DNat.html
1597,1403,df20cd31-b2b1-4d69-a6e1-15c6e3acf07d,626b6293-712f-47ff-9763-1164c75d755f,http://www.bcdb.com/cartoon/7950-Milo_and_the_Thirteen_Helmets.html
1599,1405,a5e983e3-1c49-4ec0-b68d-0873bc793afb,2545f765-cdd4-4671-b48d-bceba0a9d849,http://www.bcdb.com/cartoon/7952-Booty_and_the_Beast.html
1600,1406,d76d1971-d9e9-4088-a1a6-aa656b14dc24,679a6325-1345-4d45-bff7-95c3b8417862,http://www.imdb.com/title/tt0616724/?ref_=ttep_ep18
1601,1407,b9c864bd-36fa-4617-aeca-7f2feaec3aea,30684a26-c334-4582-bbcb-a10069c5066e,http://www.bcdb.com/cartoon/7953-Little_Fred_Riding_Hood.html
1602,1408,5b6b1b27-535c-421c-aac8-215f548cdf1d,e3e82572-f0ba-432c-8f20-af15e01bf29b,http://www.bcdb.com/cartoon/7954-Goldilocks.html
1603,1409,3816dc4a-bc1f-4b9c-92f8-d5c27dc5ff39,433b858d-75bf-4087-8dcf-38f2aed0caba,http://www.bcdb.com/cartoon/7955-Ugly_Almond_Duckling.html
1604,1410,6ed76eb8-9639-4499-a476-6a72665f4574,316923c7-178e-46a2-a2b1-5d3297550964,http://www.bcdb.com/cartoon/7956-Johns_Ogre_Wife.html
1605,1411,f658f4a0-8dc7-4529-82b8-a70a191dccd5,b622d1b8-da8c-46f7-8d88-40115df27ee0,http://www.bcdb.com/cartoon/7957-Absent-Minded_King.html
1606,1412,194c9630-4ee8-4899-b98a-0e7cfec16274,5b17b10b-08f2-4cc9-8f19-671136529e4b,http://www.bcdb.com/cartoon/7958-Mysterious_Castle.html
1607,1413,6a1badc2-81de-4bc2-a36b-1628cb6f42eb,a3e1827c-79e2-4ffd-8a9b-5b718819c9ea,http://www.bcdb.com/cartoon/7959-Little_Tinker.html
1608,1414,04866a36-5470-4f28-b507-09abdc6ccbd6,e6509dd5-d53b-402e-ad99-01b4db6384fe,http://www.bcdb.com/cartoon/7961-Teeth_of_Baghdad.html
1609,1415,9e6970ac-7ff6-45fa-b4ce-5f81a81f970a,c6b2c44a-6c0f-496e-8dec-b24b64e4fc2e,
1610,1415,c8e1cacb-23a5-418c-a9f0-92ab853dd204,c6b2c44a-6c0f-496e-8dec-b24b64e4fc2e,http://www.bcdb.com/cartoon/7962-Little_Man_In_The_Tub.html
1611,1416,09b2c74b-7a2d-407d-99dd-5383d43f7491,da1f5d15-d393-4643-8fc9-bd95800ca579,http://www.bcdb.com/cartoon/7963-Red_White.html
1613,1417,ba593166-2066-45e3-9fbc-6d3f4df8b675,3f7e8d39-7e76-40a7-b054-8f8f147fa3ad,http://www.bcdb.com/cartoon/7964-Cutie_and_the_Beast.html
1614,1418,621942d0-59bc-49f0-8fab-c766e7ad1e5b,e9f2b64a-e066-4924-8a53-1cf617c07016,http://www.bcdb.com/cartoon/7965-Flying_Carpet.html
1615,1419,71de9422-21a8-42ad-ad5d-502f3a92b69e,d16eacad-681b-40ed-aa49-25b36765cd1f,http://www.bcdb.com/cartoon/7966-Count_and_the_Bird.html
1616,1420,1c95aca9-b154-4f5c-aaf9-843df06905ed,74265083-72c2-4a28-b565-af04b9ccf3eb,http://www.bcdb.com/cartoon/7967-Tale_of_a_King.html
1617,1421,330df0a9-23ac-45e6-9f80-17dd7dbdbc2b,e8ac5c5d-978c-4f96-826b-a1aeb90750f0,http://www.bcdb.com/cartoon/7968-Sweeping_Beauty.html
1618,1422,dffc0ac7-4c78-4650-87b6-ac32a5b9c7ce,7558f021-93f7-4422-b2f3-30c71f7f467a,http://www.bcdb.com/cartoon/7969-Wishing_Hat.html
1619,1423,e166415d-9c9c-41a3-8ba0-04dc3e8eb31a,ed9ed66e-3101-430a-a4d6-ed0bdc955a9a,http://www.bcdb.com/cartoon/7970-Son_of_Snow_White.html
1620,1424,a00f8953-7a14-4dbf-89ca-8075bf0566d5,f670da64-dc7e-4875-a8a1-cd77d198cd4c,http://www.bcdb.com/cartoon/7971-Jack_B_Nimble.html
1621,1425,0d32e7d8-8351-4859-ab16-c14baf22eea6,dd14bae1-e0c1-4bc7-b4ba-39c61fddd1c3,http://www.bcdb.com/cartoon/7972-Potters_Luck.html
1622,1426,ab4c41f8-6c97-470d-9312-198cfb709b42,f5040329-c792-4b89-9736-d06b873fb129,http://www.bcdb.com/cartoon/7973-Magic_Lichee_Nut.html
1623,1427,078c0d6b-6a33-4418-bd2e-0599b44b5bb5,c883080a-52e1-421f-96cb-3545633e66e6,http://www.bcdb.com/cartoon/7974-King_and_the_Witch.html
1624,1428,b94e4963-ef23-429c-96a9-8a6fd161784a,f0cad622-a167-4bd5-a870-70915859226a,http://www.bcdb.com/cartoon/7975-Seven_Chickens.html
1625,1429,b7d1bc05-2b71-43ae-9e5d-acfd7dae3a1c,09138da6-7aa8-49ca-a964-afbb6dccbd6e,http://www.bcdb.com/cartoon/7976-Youth_Who_Set_Out_to_Learn_What_Fea.html
1626,1430,222229ba-5d22-42c7-bc3c-e048caedbf3d,cc814dff-1a29-4e26-84f1-82dbe6993340,http://www.imdb.com/title/tt0150710/
1627,1431,e55cc379-f162-49f5-9c2d-f805a541f01f,8ecb70ee-16bf-43e9-92c6-89412c37a7f4,http://www.imdb.com/title/tt0146715/
1628,1432,158d691f-72cf-4d21-82d7-92c02b6952d3,c1b89001-e25b-4f52-a6b2-94e1410c194a,http://www.imdb.com/title/tt0025503/
1630,1433,b2aee628-294a-4cc1-8101-f8c776a28f9c,80077e42-0010-4e70-aaf5-6ed34c4b1b34,http://www.imdb.com/title/tt0027622/
1631,1434,453a9ef8-416e-4046-ae01-0bed114ee8bb,dcd5f083-4afe-4f9b-bc88-2f9b226b3223,http://www.imdb.com/title/tt0032190/
1632,1435,94786f71-5064-4594-b450-97dba4e4e63c,59b25380-a398-4be7-b27c-a25281b0c0e1,http://www.imdb.com/title/tt0035314/
1633,1436,e1898436-eac9-459e-b367-27014c897a0d,57bed895-1e20-4d4b-9689-af761f65556c,http://www.imdb.com/title/tt0036282/
1634,1437,8bc9497d-41ab-4e39-a58d-32d1a4f8a035,4368c584-e0aa-44c8-8ccf-df162a121e72,http://www.imdb.com/title/tt0039395/
1635,1438,ad938ba3-a80e-4d30-9028-1f1c8bab40ee,21669d3c-353f-4d42-aa8a-d5ebbd4f310d,http://www.imdb.com/title/tt0040066/
1636,1439,d988ee60-f0c9-4629-9437-b7c34ec7a22e,b6004c69-f006-4480-bbe3-b6708ea42f42,http://www.imdb.com/title/tt0042270/
1637,1440,b29dfb49-5367-4c8b-b0b8-8a449974262f,818e0159-a71f-4ede-9d17-d5e31fb9d5e6,http://www.imdb.com/title/tt0045266/
1638,1441,7a8ddb9e-21ba-416c-9c21-c812d74a50d8,6d821af3-2059-4acd-a9fc-f199fbbfd3d1,http://www.imdb.com/title/tt0047863/
1639,1442,705f24fb-1b4a-4370-8a23-7c10a570aa37,ff7e8369-d7c2-4ce2-b5cc-f36832d3657f,http://www.imdb.com/title/tt0050111/
1640,1443,43d6b854-48c4-4022-a573-fc76a8ed6549,ac1a957e-df4b-4bd5-8900-613913a313c0,http://www.imdb.com/title/tt0051119/
1642,1445,a9d384f4-3e86-4c6e-9541-7e3845f223a1,897877aa-25b0-4759-9c3f-10978706affe,http://www.imdb.com/title/tt0021577/
1643,1446,8b13423e-1f50-4b3b-a486-c266506a6ff8,c27b653f-ee1e-4ba4-a8e3-893174d2a315,http://www.imdb.com/title/tt0043809/
1644,1447,8dedef22-4d50-4244-8a87-b6353b904ec7,dc15dd8a-b826-4c89-a2d4-a50da9524f1a,http://www.imdb.com/title/tt0342882/
1645,1448,eba7b82d-2d88-4af8-a63b-0b0ba749215e,13417796-2082-4c9f-baba-bfd96c3df024,http://www.imdb.com/title/tt0417976/
1646,1449,68e445b1-149e-47a9-b031-a4da83987ab7,545eed16-e11f-4606-8286-43574a877983,http://www.imdb.com/title/tt0120166/
1647,1450,77c4084e-45a5-4c25-bead-6475b233d3da,95159614-3b9e-4a9f-a4a7-6520ebffd50e,http://www.imdb.com/title/tt0278827/
1648,1451,2353ee4b-ff1a-4172-a6fc-4932dea9ee05,5544c1c1-9885-48ec-91de-3dec711aec4f,http://www.imdb.com/title/tt0218563/
1649,1452,d7c4a4bc-f205-43db-962b-e285991e7cac,677a2ee8-896d-4d2f-af1c-9c595e0117f8,http://www.imdb.com/title/tt0145892/
1650,1453,832f6c66-70e7-4751-ae0b-382a5996d4cc,fe294620-3c4e-41e9-a730-c386dee7ba30,http://www.bcdb.com/cartoon/105456-Pastushka_i_Trubochist.html
1652,1455,ed0be09e-2ece-4636-b0f0-7175f2adaba4,4066aed1-62ee-49c1-adf3-26bc471ef439,http://www.imdb.com/title/tt0077687/
1653,1456,6bfe25cc-2783-4268-a9fc-64e3f7f9204c,fc02a514-dc5c-48d9-9ed9-415a94852fba,http://www.imdb.com/title/tt0033727/
1654,1457,2b4d5bfc-fe7e-40d4-bb0f-532c68d73da7,6f076bc2-c2de-48ec-9b87-593b9ea5a94d,http://www.imdb.com/title/tt0181627/
1655,1458,59432e32-667e-4536-a0c1-794738957f28,18b606d3-0105-4007-8772-9c9f9c4f5ba7,http://www.imdb.com/title/tt0455142/
1656,1460,d9e394c8-c7a2-4d46-885f-4d6b1b27af78,5f67620f-d472-4819-bae6-6fd211657056,http://www.imdb.com/title/tt0054631/
1657,1461,70b48318-f6a4-44c0-abf1-17f349911dce,fcc62bbe-f9e5-489a-8715-7172f8b7f2a4,http://www.imdb.com/title/tt0053275/
1658,1462,4a46a4f1-ebc1-42d4-bec7-52bbc31dd601,9302cf7a-2604-4104-be18-e78ca5728d7b,http://www.imdb.com/title/tt0299040/
1659,1463,16d311f2-747a-4a2a-8a8d-89106813754b,1d8e4454-abe5-45d0-8ed9-c73bc0484fcf,http://www.imdb.com/title/tt0387472/
1660,1464,f7bc7470-2c2d-43a7-9b79-5027335e838d,2e2fd943-c0ba-4e25-966e-4a81283a4b23,http://www.imdb.com/title/tt0034079/
1661,1465,68d7f5a8-d8b9-47b3-b410-7bbe7fad759e,9d766295-a2bd-4d4e-aed9-dc926ae677c4,http://www.imdb.com/title/tt0485601/
1662,1466,589fd2c5-b94f-43b5-bf3d-d0d40d0c9835,72f8db18-0ec4-425d-8de1-277791c0ba2d,http://www.imdb.com/title/tt0892791/
1663,1467,f9dcb59d-efbf-4a4b-bb57-560a0dc21122,ac0eddbc-6afe-4fb9-bc16-0d5e7d4c44b5,http://fredericback.com/cineaste/filmographie/abracadabra/index.en.shtml
1664,1467,14b8b083-287c-4f61-8227-bca02003f08f,ac0eddbc-6afe-4fb9-bc16-0d5e7d4c44b5,http://www.imdb.com/title/tt1349602/
1665,1468,b132ff47-aef3-491a-b97a-a4e96ee3f422,399b4f15-ff92-418d-9994-5cee85fea305,http://fredericback.com/cineaste/filmographie/inon/index.en.shtml
1666,1468,26d4a489-6d79-479c-b575-fb09283a2fc3,399b4f15-ff92-418d-9994-5cee85fea305,http://www.imdb.com/title/tt1349619/
1667,1469,1bf55049-ff28-477c-b70d-832d24b29a06,bbf341db-3c36-488d-b587-08f1e80c17d3,http://fredericback.com/cineaste/filmographie/la-creation-des-oiseaux/index.en.shtml
1668,1469,a7dd4fec-02dc-4869-b0e2-99ff96de9490,bbf341db-3c36-488d-b587-08f1e80c17d3,http://www.imdb.com/title/tt1349609/
1669,1470,c88a87f5-a777-4595-a632-a68f5930652c,422affda-8699-4f3f-bafd-6982cc0ebf52,http://fredericback.com/cineaste/filmographie/illusion/index.en.shtml
1670,1470,bed22f82-cb3d-4665-9357-236c3629197f,422affda-8699-4f3f-bafd-6982cc0ebf52,http://www.imdb.com/title/tt0306995/
1671,1471,ff63d245-5141-48d6-bc7f-80e041465359,811ad5a8-d4e0-48d9-b10a-5fd361691caf,http://fredericback.com/cineaste/filmographie/taratata/index.en.shtml
1672,1471,532bd32b-c11b-4d8e-8851-e81a22aa2efc,811ad5a8-d4e0-48d9-b10a-5fd361691caf,http://www.imdb.com/title/tt1349649/
1673,1472,d874a1ec-0c6b-42f7-a16d-9814975944e6,e11eb6b9-3d4e-45e2-96f8-2bdf84527294,http://www.imdb.com/title/tt0924125/
1674,1473,1a07cb34-1d94-431b-80ac-fa86ea4581d8,2aa0ac92-a843-4dec-92fd-f6c446e7c13e,http://www.imdb.com/title/tt0777905/
1675,1474,1496996f-9519-47ed-8908-d30aec8c8fcf,09fc0d6d-3d08-4604-a6b8-5c9cb4f0339f,http://www.imdb.com/title/tt2097905/
1676,1475,0cb74642-7b84-46e2-85f8-6e71a1faf4a1,5894bb36-9c7c-4de2-b0be-5587f9e445a5,http://www.imdb.com/title/tt0231466/
1677,1476,3955e1f1-8eba-4c16-a1df-8be7334904ce,07a75cfa-e1bc-4c6d-8431-580d650fa299,http://www.imdb.com/title/tt0302943/
1678,1477,206e9191-20f9-4575-9c04-7280d337c9bd,bc8fb2c4-1a20-491d-8b3b-8afd86593fc8,http://www.imdb.com/title/tt0928142/
1679,1478,4d2fcf3e-bb09-4193-94f7-b1eaf442cde0,aaa41d5b-be53-481e-864b-ee16586a6cfa,http://www.imdb.com/title/tt0303256/
1680,1479,8a42981e-ab1c-4d3a-8116-679c22a4bc7d,9626f40f-943e-4c51-a8fd-3a85412ba55c,http://www.imdb.com/title/tt1342403/
1681,1480,961b9a44-debf-4ad5-81e7-5f4c68fdb1e7,b5db8315-5caf-4202-b258-942f176ca531,http://www.bcdb.com/cartoon/104629-Krasnaya_Shapochka.html
1682,1481,851237ca-25c8-4c81-bb78-4e307d8348ec,91781767-50dd-476a-aa2c-a0f8a7a246ec,http://www.imdb.com/title/tt2386486/
1684,1486,20d619a7-d5a3-41a2-8736-7e9c7caf9786,68363cf6-584f-4ead-901c-4f34d00d3027,http://www.imdb.com/title/tt1172203/
1686,1489,d933e209-bea8-4a2d-8790-8e8cc80ca3ff,9f900d92-e894-4cbc-a5ae-d4b0084d7b8a,http://www.imdb.com/title/tt0013193/
1687,1490,461e2fd7-d1ad-463b-accd-6f16327ce9cb,ac584846-de2f-4283-b821-8228f5c4a912,http://www.imdb.com/title/tt0024428/
1688,1491,6da9eb81-521d-46ae-94df-3175270838be,2ebdf8d8-1c7f-4d56-9801-adb6a86443b7,http://www.imdb.com/title/tt0023800/
1689,1492,7840f75c-cefd-4b95-90ab-d0e11fc9e22e,83325f13-52b6-4e7c-b0d6-4ac548e274ce,http://www.imdb.com/title/tt0028119/
1690,1493,738d8a84-2d0f-42c7-a891-aa5d74a5a6eb,a240105d-4634-438b-8713-49cb254144c7,http://www.imdb.com/title/tt0029415/
1691,1494,b1a53ec3-3f26-4ba1-9cbf-a49a6b4bf67d,b38a2f1b-07e3-4994-9c58-d99d95ac2485,http://www.imdb.com/title/tt0015532/
1693,1496,52aa36b5-90f0-4f7b-a64f-468eb7b30349,fd448351-240e-4fdd-a4ce-746eedcf0dd3,http://www.animator.ru/db/?ver=eng&p=show_film&fid=2975
1694,1497,c0701480-3d30-4a39-8603-c45d78c35165,baca617a-bc6b-41a7-8cb8-e4a01145e64e,http://www.animator.ru/db/?ver=eng&p=show_film&fid=2991
1695,1498,1064e5f3-96c4-4389-8b03-910d8584202f,d438acb1-3bc2-4054-9f4b-ca3e72116538,http://www.imdb.com/title/tt1550321/
1696,1499,aeb02c90-a8ef-40eb-9b83-31590dbf129e,6eb34862-984a-4571-9c10-b8cbb16f03c6,http://www.imdb.com/title/tt2379312/
1697,1500,6ea3deb5-ed53-41ed-9ac8-22b89151ee4e,21928c42-7a41-4641-ba71-3cf6fb42913e,http://animator.ru/db/?ver=eng&p=show_film&fid=2156
1698,1501,ee1ce7ce-3744-4125-ae80-e06a86ffafa2,15c6c93a-68a0-42c2-be29-646be6512806,http://www.animator.ru/db/?fid=2199&p=show_film&ver=eng
1699,1502,7ee434ff-6317-4bad-b3f3-6ba9f2ff3b2e,79c679e6-064e-4067-bb3d-3acd54795369,http://animator.ru/db/?ver=eng&p=show_film&fid=2248
1700,1503,ee6d5f52-848f-4191-9fae-59c461d64dc7,e8d74aa1-91bf-4a99-b292-6c2f1acc1ae3,http://www.animator.ru/db/?ver=eng&p=show_film&fid=2287
1701,1504,c124d83b-ca84-478b-b3b1-001daa732c10,c2a6e79d-1ab7-467d-9e74-a3caf6bb4e43,http://www.imdb.com/title/tt0031025/
1702,1505,3ff261f0-3162-4698-b6b2-7ff449a12054,8a17854a-d980-4323-bb5f-fb2951186209,http://www.imdb.com/title/tt0153908/
1703,1506,27efc8f9-4f92-4dbe-a1e9-9d3252bd23be,0430060b-10e7-48ba-a988-4c1f87fbaccf,http://www.imdb.com/title/tt0153448/
1704,1507,20efc0ea-b220-40d6-b167-a7db065848a7,9d39c168-cab6-4872-8713-1859361410ce,http://www.imdb.com/title/tt1164582/
1705,1508,64ac55b5-1d23-43bf-a95c-fa546cd2b68e,09b2eb84-0464-4696-aa58-ee92ea6767c2,http://www.imdb.com/title/tt1300491/
1706,1509,26272c04-6b67-4145-af50-bd8c03d7e4c5,f64a84d0-303a-4925-b6b4-feb0035ad8cf,http://www.imdb.com/title/tt1296652/
1707,1510,04ae8425-51ab-40c8-b15a-2046f888b1e4,89667f24-165f-4d11-87b2-ec3416b0ae06,http://animator.ru/db/?ver=eng&p=show_film&fid=2579
1708,1511,247571af-f861-434e-b2f6-7466512571a9,47e5a187-598a-4d65-b5ec-7aa771a38f87,http://www.imdb.com/title/tt0388794/
1709,1513,406cbf96-b279-4be2-b0b1-ffd1603b2b5d,77718f83-ae7e-4479-818c-80b4db55031b,http://www.imdb.com/title/tt0406879/
1710,1514,9867837b-e806-47e5-bb06-16f2d35e6c32,0f691da2-1b86-40a2-b88e-8b2b14faa176,http://www.imdb.com/title/tt0407213/
1711,1515,df5d5092-f446-4fed-844e-38ebaf5a7881,bf1f2862-4677-4bdb-9007-fc1985d4eabb,http://www.imdb.com/title/tt0301498/
1712,1516,b78774a2-1d11-41d1-a7fa-2ef76f4f1284,f6aa7f3c-62f0-46fe-b391-045605698306,http://www.imdb.com/title/tt0048424/
1713,1517,ffbea17c-1b74-4b60-b5b3-d631d7708d7b,37d0c831-e775-4be6-b151-84e3bad3f043,http://www.imdb.com/title/tt0036733/
1714,1518,e7323a54-f0f7-41bb-8779-5ba9e4e38051,586a165e-556f-41a9-b6d8-6538cbba76ab,http://www.imdb.com/title/tt0134218/
1716,1519,e9c863d6-2301-4d6b-b8dc-e6914b293f0f,2ae95ddc-acea-4c0b-9fe3-f714c8ae5bf1,http://www.imdb.com/title/tt0772181/
1717,1520,ae7a28fb-85fc-4711-95c5-3d48e76c12f9,a83cb571-bf6b-4cc5-b908-4b8f671ce8a6,http://www.imdb.com/title/tt0963966/
1718,1521,34888806-2606-4d49-a014-af313108fa82,650b411c-ce3e-423a-8da6-f2c0730ebaf8,http://www.imdb.com/title/tt1587310/
1719,1522,69c24823-3389-4d2f-a5c4-cb5f32c0066e,a348817c-60e2-483e-8a78-6c5128d929b8,http://www.imdb.com/title/tt1013531/
1720,1524,7113bfca-19f6-4f03-89a1-85d0a67ae123,ef8da9c9-adfb-4b78-92f6-50f52a13c243,http://www.imdb.com/title/tt0923943/
1721,1525,ec0e36db-f86f-467a-bf9d-bc5bae56316b,4c3df954-6b8d-4215-9db1-4e1462063507,http://www.imdb.com/title/tt0046300/
1722,1526,b149e4c5-f8d4-4d71-81fb-c48ba890e258,ffc27f53-cc1a-454d-8d00-1aac642f8b2f,http://www.imdb.com/title/tt0923702/
1723,1527,06d33722-79a1-4383-9081-fe0b68d75f1e,6e4f48b3-eb12-4c37-9b1d-91f3902572ae,http://www.imdb.com/title/tt0923667/
1724,1528,cf5385b3-5b2c-4a7e-8aaf-4c5627f05898,27a06078-922e-4c42-b3a0-87a6b79110a5,http://www.imdb.com/title/tt0034091/
1725,1529,c0123355-0222-44c5-b83c-adae96d48375,c763cc63-a575-4017-badb-5188584d92dd,http://www.imdb.com/title/tt0120762/
1726,1530,3b37d08b-88c0-4c9a-bcfc-bb989322b2a8,11513746-04a5-4f42-9ca6-7999e1e6f6f9,http://www.imdb.com/title/tt0120917/
1727,1531,2aea3ce6-ce28-4348-918c-e849cf844452,28315b8c-8623-4389-80e5-3415331872c1,http://www.imdb.com/title/tt1217209/
1728,1532,f34de2ab-f9f6-4696-a3bf-ab8f1b8f9c3f,2edf7e05-9136-4542-87c1-7d3f5cc5eca4,http://www.imdb.com/title/tt0058331/
1729,1533,2bdc6af2-53b1-4484-a400-633bfc1b5585,73af20e8-0ea1-4be6-aaa2-0c34edac8c74,http://www.imdb.com/title/tt0076538/
1730,1534,0ba32b95-640f-47ba-9abd-16f715e602a8,ad53f1c6-0c63-48a5-87d7-84d5cec7bda8,http://www.imdb.com/title/tt0412040/
1731,1535,a3eef981-b783-4b7e-9a8f-4752f1a6e030,4b4cd4d0-a5d8-481d-8188-37628f73bdfd,http://www.imdb.com/title/tt0411771/
1732,1536,70aff7f2-f755-449c-8fef-5526aeaa1989,5e458295-4d7b-445d-8ace-d484c4b88909,http://www.imdb.com/title/tt0412097/
1733,1537,5d45f905-b4e4-4f88-aaf8-a92ac2b7157b,23600aa4-1ede-473b-897c-dab07f03b9cf,http://www.imdb.com/title/tt0361086/
1735,1538,ee8965ec-6fd7-4068-8c7c-f125deb4a4d5,bbf0d3e3-4e63-4cd0-b92d-fc1bc9a91ecf,http://www.imdb.com/title/tt0411304/
1736,1539,faa668e7-9a7a-4203-b673-cb12cf7ccf53,be6db034-5da3-440c-9897-47eafc2ea8d3,http://www.imdb.com/title/tt0411908/
1740,1543,ad0e0a1d-e0b3-4e9e-ab14-b64d9c4cfa7c,665e459e-14ea-40b9-ac27-fa69410297bc,http://www.imdb.com/title/tt0096209/
1741,1544,c7523270-5820-4f9b-b8dd-70baa5003874,0026a741-a1b7-4399-b519-e6d0a9929149,http://www.imdb.com/title/tt0450163/
1742,1545,41fed127-0bbe-4c4c-a3e3-3cf8dbc4285a,4f4f2117-b52e-4df4-b202-9fe4739f8c0f,http://www.imdb.com/title/tt0344483/
1743,1546,0cf4061f-df00-4068-a4a5-f635d66104ff,52c3c4a3-1478-4085-a9fe-5f0ebdd217af,http://www.imdb.com/title/tt0213096/
1744,1547,0fb5e135-0c82-4bfe-8cef-253aa034cc1e,030c859d-243e-4fc7-a2b6-6b2cb9ef8bb2,http://www.imdb.com/title/tt0146868/
1745,1548,420e4dc4-8947-48a4-9618-cdfe970b6efa,4ba67088-b81c-4f7a-b50a-d92feac13eb6,http://www.imdb.com/title/tt0147652/
1746,1549,fa1f80e0-a907-4c03-a71b-cbde8bc01f03,927217b1-8008-499a-ad36-c4d8aee6635b,http://www.imdb.com/title/tt0147601/
1747,1550,22b6b27a-2480-4542-a3c6-a6766849119b,d3ab9ed4-4352-46d8-aa83-cda1a7acafb6,http://www.animator.ru/db/?ver=eng&p=show_film&fid=2031
1748,1551,250ca82d-a90c-419f-a4be-51c56fd63a24,dfff5089-5b2e-4345-abc2-a6ce1d2b37a5,http://www.animator.ru/db/?ver=eng&p=show_film&fid=2042
1750,1552,61ba675c-3ae8-44ef-a010-1d36f396913a,211a8511-31b5-480a-988e-e4eb990c002b,http://www.bcdb.com/cartoon/105347-Novichok.html
1751,1553,781cdfa9-414b-4b5a-b908-c4b424919404,042cef0b-ee2a-4249-a77d-1385cbf62503,http://www.imdb.com/title/tt0201520/
1752,1554,5a6d0290-f27e-4989-8467-6ddde63315e9,0e277e8f-f717-45ed-8b30-aa85818fb4dc,http://www.imdb.com/title/tt0212374/
1753,1555,c6f5dcae-a006-4906-9526-141c91b33811,bae5cae2-61d8-4cd7-bd91-9967d85805e7,http://www.imdb.com/title/tt0376728/
1754,1556,fcaf79b4-20a0-4132-a6a6-944515c8a867,26232a64-fb95-4f84-8a26-e51c398c646a,http://www.imdb.com/title/tt0087544/
1755,1557,df00414c-7d68-486c-829f-c6026b46f0c4,d48039c4-5d5a-4d10-80bb-aafd4d7582c6,http://www.imdb.com/title/tt0097814/
1756,1558,a66fafbc-4347-429e-be94-636a7e1d499f,7dc99fef-5de4-45cb-87a6-7b47d1c6e4df,http://www.imdb.com/title/tt0104652/
1757,1559,c97f2ad0-ca44-4373-8383-74dc7bbebc6d,8db1be30-4440-4a5f-8c01-8d9feb29f78c,http://www.imdb.com/title/tt0062623/
1759,1561,68ba86ba-c6e2-4a6c-aec2-8551f7fa67db,16cc12cd-dfa8-4056-bd19-9c7e67d25742,http://www.imdb.com/title/tt0437300/
1761,1562,621e3179-298c-49b4-a91d-6061c9e7a9d1,a497e1cb-aa7d-4b1c-9867-dbdc672cec43,http://www.imdb.com/title/tt0071608/
1762,1563,185dda3e-abfc-4a90-8495-efb3234e350f,ae759f57-ea82-4a72-88aa-0a1186a69d68,http://www.imdb.com/title/tt0073099/
1763,1564,009c7156-8b06-4a43-951e-33e8ef7b2492,c5b02f1d-8d60-412a-80ab-6fa447a0348c,http://www.imdb.com/title/tt0079986/
1764,1565,4d4c2ad0-cd3c-4909-a223-ea97e125e6c7,dedc2cfc-0c8f-425e-8930-d91fce08987e,http://www.imdb.com/title/tt0229664/
1766,1566,87ff2374-0b28-470a-9811-8f73d22b83ab,9bd0cdcb-56ca-457b-a069-4a04c12f0c3d,http://www.imdb.com/title/tt0027010/
1767,1567,761a49c5-2985-4033-81a0-62ffa9431e32,3b4ab835-2f02-496f-b421-fd8f287840d9,http://www.imdb.com/title/tt0027265/
1768,1568,8e6990f5-5ba7-47d9-b5a9-df1cfc183aca,dbbe2a67-754a-4f8c-9038-52345db92a99,
1769,1568,b3e8fb66-b17a-4e1a-afa5-aec2d4f34f0d,dbbe2a67-754a-4f8c-9038-52345db92a99,http://www.imdb.com/title/tt0028252/
1770,1569,2066806e-24cb-4887-b0c2-f31d03d72adf,b04083cf-c62a-45e2-9b93-dab2bc074172,http://www.imdb.com/title/tt0035476/
1771,1570,cc5557aa-40a2-4bac-9c1d-182c54801d8b,c05ff3a5-a7d9-4879-b97b-e4c60e0960a8,http://www.imdb.com/title/tt0035341/
1772,1571,4e5cffb8-7e2d-42f0-8834-766dfa56c2f7,df47baca-4a61-4ac5-b979-b397aa7d399a,
1773,1571,9fc3d611-1f1b-4daa-9a4c-bd6f7e7ab412,df47baca-4a61-4ac5-b979-b397aa7d399a,http://www.imdb.com/title/tt0037828/
1774,1572,175bdd21-32e7-42c0-bf07-c7df44c69b1e,7cd7cc75-c830-4101-bea0-1aad429afbc3,http://www.imdb.com/title/tt0053240/
1775,1573,66beacab-d54a-428a-b6d8-a2ed6cc225f2,eb2d5eb8-6e66-4148-8f80-c881767ecf0f,http://www.imdb.com/title/tt0174207/
1776,1574,3096cef1-54e2-4a12-90e8-7b15fb666413,80b7ac89-0f27-4c0d-86c3-7fd2381f2c69,http://www.imdb.com/title/tt0145778/
1777,1575,9901e92f-697b-48ac-8b03-9247f569afaf,c50e494d-0943-47a5-9d88-6376abdf0878,http://www.imdb.com/title/tt0146291/
1778,1576,c650e7b8-0abf-401b-ac53-863d61bafd5e,f2146025-d23d-44dd-8f1a-d5dc67c8e330,http://www.imdb.com/title/tt1703934/
1779,1577,81faa561-4e4a-4ddf-9f58-90b2adf04bea,8c2063ff-ef57-4af9-8432-1d4f4922387f,http://www.imdb.com/title/tt0145800/
1780,1578,879a7241-e52b-4afa-81bc-ff4a2df50967,46b4406a-8ce0-4369-9c95-d255ac9f4c64,http://www.imdb.com/title/tt0213627/
1781,1579,8c196e6f-1699-4f02-bc9d-b4d23e442ae3,6c65bdfe-c705-4a49-8ac7-1fbbe6a757bb,http://www.imdb.com/title/tt0248551/
1782,1580,d2782944-b236-45b2-bfcd-37be3ef390e0,58b0e57f-8be5-44d2-b85e-dd0daf93be99,http://www.imdb.com/title/tt0251624/
1783,1581,aa98aabd-2dd4-4512-8b7f-c01e1a5c71d4,50e09f48-a518-44e1-bdef-640e3c817cd8,http://www.imdb.com/title/tt0214098/
1785,1582,7260dc15-a7b5-4bd6-adb2-cf78abd8ec84,6434e028-467c-4969-892f-1b5ec54fb9c6,http://www.imdb.com/title/tt0214189/
1787,1583,2bfe14dc-7514-4fbe-be3f-e5a59b547118,727d053e-d6e6-4ec0-8848-77b352cabf31,http://www.imdb.com/title/tt0251574/
1789,1584,0c6bf049-4c7f-4949-8fcf-b33bc200f4be,6f928e7c-8c05-49b7-86e2-ab28e6780269,http://www.imdb.com/title/tt1895554/
1791,1585,67e8ce7a-1960-4ebe-a983-fe57b4867eef,e85d1466-b4d6-41de-9847-6a5e5ff5c3d1,http://www.imdb.com/title/tt0368447/
1792,1586,f436456a-2665-4f99-85c5-198d15fab83c,867b4718-9429-46fd-8d18-e8b2a7915d84,http://www.imdb.com/title/tt0018500/
1793,1587,1720f2ac-af55-4c27-835a-9d7214dc41b9,cdcac545-3340-4550-8e98-beab40d3d3ed,http://www.imdb.com/title/tt0422090/
1794,1588,04b0574f-322e-417c-9814-e0fe8f96b62e,78ff9970-3761-4700-8073-32e4d4348403,http://www.imdb.com/title/tt0025477/
1795,1589,3d2da93f-17be-47a0-9778-4595aecec053,a2860735-602e-44d6-b094-5dc1f3ce3eab,http://www.imdb.com/title/tt0422258/
1796,1590,3d9addf5-9a64-424b-a5c0-0e5ea7ab27a2,3ad9bf45-3f36-4d96-81c4-c313ee2bfb37,http://www.imdb.com/title/tt0058486/
1797,1591,5461a281-741f-43ff-aa80-b709ac7ef8be,369dbafb-e1b1-475f-bec9-3581e924a8f7,http://www.imdb.com/title/tt0065654/
1798,1592,4bf3ee37-12ad-47dc-ac23-0d18f9e17099,f74cda7f-8410-437e-ae94-8c64ad5e237b,http://www.imdb.com/title/tt0063833/
1799,1593,88795358-623f-49d3-9a1b-47df5447ad41,ae1a4023-f195-4bc0-89e2-dcdb1207b1af,http://www.imdb.com/title/tt0065947/
1800,1594,86825534-fbd6-49d5-87b8-a1c4fb569cdf,cfb159c4-2ca8-44dc-8e46-9183b9c1d4f6,http://www.imdb.com/title/tt0075817/
1801,1595,7fff0851-8b6f-4768-ab01-e81a21ad3e12,fd113fac-1a55-4c4b-a08f-d7499b277e27,http://www.imdb.com/title/tt0098481/
1802,1596,f0ab7cbd-d992-4ba7-93aa-8bfe89bf4ffc,7a6fcf16-6b1e-4778-99f4-c0ba53a4b587,http://www.imdb.com/title/tt0095683/
1803,1597,31342ef3-d635-4424-b7f2-cb0f29164564,0ccefa12-8947-4896-9e17-52d8251fb98c,http://www.imdb.com/title/tt0082357/
1804,1598,4f3e66e7-f014-4341-92f1-76292e6c7248,10122ab1-5377-477a-89f7-bf84d6f01f2b,http://www.imdb.com/title/tt0060383/
1805,1599,99a0e3cd-19d6-4890-9690-2181ac116344,7e48ebb9-e833-4ff2-b5c8-7b70f582b387,http://www.imdb.com/title/tt0060883/
1806,1601,5a206bfc-2292-49b5-94ae-baf584ae763c,a3caf4ea-42b2-4b8b-83a2-6501e39a97f8,http://www.imdb.com/title/tt0063427/
1807,1602,f72ca17a-1d06-4f53-9ac9-0f7c9a8c5152,26dd60a5-d181-4675-a80f-df230783b4c6,http://www.imdb.com/title/tt0065101/
1808,1603,39306d70-02f7-4ef1-bf13-eb9fa81d4427,eeca5462-3487-4af1-9e10-5dc6abd6b846,http://www.imdb.com/title/tt0084362/
1809,1604,f7c3561c-a6b7-4f26-bfa9-df18a6c10ca6,afcd3518-fa0e-4527-adc5-11b711f117bf,http://www.imdb.com/title/tt0085448/
1810,1605,40c40acd-2f28-4004-9262-c0c877c11f1d,3e29d912-40b4-436e-9e2f-68950ea20ab3,http://www.imdb.com/title/tt0085816/
1811,1606,f36703b3-c6dd-44d0-be99-8dd0454259e7,3f0535a0-c6a8-4dc8-bcd3-658f776d260b,http://www.imdb.com/title/tt0170232/
1812,1607,1a703e9b-9937-4e92-93de-9bb6a0ded8f2,77d78c89-3119-4220-be0e-e7b73f4fb875,http://www.imdb.com/title/tt0169912/
1813,1608,61ecd787-98b5-4143-a28d-14074b3df5ad,f1cb131c-163c-41f7-a681-3bd7591e8b67,http://www.imdb.com/title/tt0099386/
1814,1609,193de515-03aa-4c31-92c7-bcf10097b1db,1962f818-9d0b-4320-901d-85c1a5cbfa52,http://www.imdb.com/title/tt0104285/
1815,1610,39d4cd8e-3b01-4f48-b83a-80df539a0bd2,065c12c0-2004-474e-bda6-0a48985d9255,http://www.imdb.com/title/tt0104029/
1817,1611,77da1f12-7511-4ad1-bcdf-fc8c8e8283aa,01242a37-ff03-4e17-b19b-3592065014d3,http://www.imdb.com/title/tt0256009/
1818,1612,cc198045-7b54-4fdd-9880-f1005d85f1f4,1bae2c7d-bce7-46d3-a267-68a690404438,http://www.imdb.com/title/tt0240246/
1819,1613,4e020981-0011-499c-aa2c-dbe56a2f2105,6ae06e0f-8022-49df-8e50-6ccb375ae71c,http://www.imdb.com/title/tt0240250/
1821,1615,7976acaa-bf0a-4ab3-a241-56e315b0ccd2,734e977c-d479-4484-bbf2-f78057708e63,http://www.imdb.com/title/tt0227528/
1822,1616,0682a4af-4cc7-45d5-a1c1-2ddf593c6ab3,f2795650-3a5f-47bf-9645-9ebc5cf9cda2,http://www.imdb.com/title/tt0243814/
1823,1617,43302fda-d438-40aa-8fbd-fe12a9917411,46629331-a0aa-450a-acfb-107b9a5da9d3,http://www.imdb.com/title/tt0240771/
1824,1618,794030f2-bf96-45c2-910c-fc1cc3dc884d,e1136c91-9a89-4a94-81dd-21c0d38d92f9,http://www.imdb.com/title/tt0239543/
1825,1619,02b92d64-c1f8-4c98-be3e-94a796192aac,0ac08f09-c647-44c5-9283-bc061663eba2,http://www.imdb.com/title/tt0140862/
1826,1620,d39127a6-c5ac-40a4-a7d8-d5100ce0b97b,5027858c-2731-463a-8be4-fbac12ba1faf,http://www.imdb.com/title/tt0141134/
1827,1621,2d3473c7-0a5a-4e74-82bb-ab9e8f967d08,214bd774-ce88-4310-9b07-9dd7df7cfe1a,http://www.imdb.com/title/tt0032190/
1829,1623,a0cf8339-4879-40aa-b9f7-39ae39ca4e21,a31aed34-33b7-40c2-8bce-9846f88c7081,http://www.imdb.com/title/tt0051078/
1830,1624,701e1aae-b6ba-4642-b10b-e94a18bd9272,93dacd32-901a-4264-ba65-b0f22158be09,http://www.imdb.com/title/tt1315948/
1831,1629,c82cbffb-03dc-4f83-b164-0995bc8c1ec4,ff93529d-7a64-4a4f-a90b-346988f8f631,http://www.imdb.com/title/tt1013771/
1832,1630,2af8622f-3acc-4370-92a5-85d12d9d79cd,ef174b18-18de-4f62-b8f9-74ff918a157e,http://www.imdb.com/title/tt1315960/
1833,1632,8ad1859c-3b59-4ead-8720-3df3b213d699,35f5fd2c-65ac-4bf2-8af3-5be5c62e9930,http://www.imdb.com/title/tt0931352/
1834,1633,4764d0a4-757d-4e5c-828e-19988a92bc8f,2a64452e-aede-470b-87fa-87988d1f03e8,http://www.imdb.com/title/tt0412040/
1836,1637,f2e25dea-0c0a-4e10-bfa0-2e31365d7ff7,54e4d7e9-28af-484d-9f19-bdf9f49f7b4f,http://www.imdb.com/title/tt1012775/
1837,1639,9a5185ee-bd5b-40b9-bfb7-12b7e73aace0,a3ed2c3f-cf96-471c-80e4-42ed8bd934a9,http://www.imdb.com/title/tt0412097/
1838,1640,2cf745db-ed9a-4e13-b47b-f91c58d2e6e4,bda7c8db-fbeb-4e1f-a3e1-18987588c55b,http://www.imdb.com/title/tt0410726/
1839,1641,4eb2321b-acb2-4018-bb56-352bf423493d,6ef8896a-7ba5-482d-9a0b-5ccdb59f1c35,http://www.imdb.com/title/tt1528048/
1840,1642,d21ffb38-cffa-42b9-beda-3b0c6e5bc2fb,090d69d5-2c7a-4fde-a63f-14205dc379c5,http://www.imdb.com/title/tt1319088/
1841,1646,75537bb8-a760-4c6e-9198-40fe61c8534e,d96ab080-1355-4c46-a2fc-60551f374224,http://www.imdb.com/title/tt0442459/
1842,1652,1ba58e1d-a03c-45dc-98cb-ec10e4721a00,b92a108d-670f-47b7-9446-ceaa0b8a3503,http://www.imdb.com/title/tt1422638/
1843,1653,94792613-4b79-4497-8e42-52c096e631c4,2e83aa61-c333-446b-b18f-3718c4101909,http://www.imdb.com/title/tt0412096/
1844,1655,f4c03c48-a05f-47f5-893f-2710e39fc8fe,f4d1387a-d27d-4425-acfe-ea015b1ac68d,http://www.imdb.com/title/tt1012725/
1845,1656,24bae903-8521-4998-a8b0-a0e64c216523,8bb99037-0e85-4afd-b5f8-d0354f6e0fdd,http://www.imdb.com/title/tt0411305/
1846,1651,8b98d06b-2846-4d31-8b49-b2d7d8a04358,067e3351-1972-4741-a1cb-be372e53d2e1,http://www.imdb.com/title/tt1012672/
1847,1657,eb83aded-008f-418b-b83f-565b0867d452,db7206b6-a0e6-47b1-9d68-1c5c4dacec2d,http://www.imdb.com/title/tt0411684/
1848,1660,f2314d41-1918-453c-b646-547bb5dd9e28,bada132f-b203-416b-8765-e09491093c8d,http://www.imdb.com/title/tt0201950/
1849,1661,b03434c4-2a18-4377-bcb8-75f2018d0b4a,be94918d-bbfb-49a8-8fbc-7333ed933652,http://www.imdb.com/title/tt1475539/
1850,1662,5f3343e7-c106-4470-b06d-6541fea235ce,024302af-64b8-4dde-a7bb-1d10d679d73c,http://www.imdb.com/title/tt1743330/
1851,1664,45436b6c-a157-4407-8c67-dc0432b01a10,fe14ee01-9cb3-4900-9e61-15368e022ea8,http://www.imdb.com/title/tt2487736/
1852,1668,cc9b4793-8f03-4797-a86d-b5d4c15070c7,91503ae8-fcb4-4f16-84ea-1d1067281c29,http://www.imdb.com/title/tt0093399/
1853,1669,8121bed8-bee2-45fc-9b68-850d8fbfc1e2,dd4fc060-ba36-4232-a3f3-77fce2278fab,http://www.imdb.com/title/tt0437191/
1854,1670,2358ff10-c1d4-4580-ad45-00740176b8af,30d860ef-4698-4b3e-96e0-ca4bae7c223c,http://www.imdb.com/title/tt0058342/
1855,1671,f9a2efa6-ca91-45c6-a99f-6820eeaf244b,4177f4b4-d56e-4fb7-a1a9-5bc14c5d63c3,http://www.imdb.com/title/tt0242684/
1856,1675,b78a0d0a-9fb1-42fb-b0bf-d7b12f102e47,26873bcf-407b-4b06-873c-cbe98331d668,http://www.imdb.com/title/tt0120005/
1857,1676,f6445bb1-49d4-4eb5-95b5-c1e25cd5c90f,aaf1b0d5-9af5-4841-8699-58dc1bdb8663,http://www.imdb.com/title/tt1473430/
1858,1677,56365cff-fe1f-4a9a-935a-8ed9f9d2d862,d037a096-e260-4e35-9e6d-229058b7bd00,http://www.imdb.com/title/tt0158390/
1859,1681,ec7748aa-460e-4411-a815-3a23044a8df8,d38f25a4-43d1-4a4e-b7aa-ee06bf0cc714,http://animator.ru/db/?ver=eng&p=show_film&fid=3005
1860,1682,c922de6c-fddd-4957-a83c-4815356be767,09731d1a-2081-411a-9181-4d2d1da574aa,http://animator.ru/db/?ver=eng&p=show_film&fid=2029
1861,1683,0508e120-846f-4e1a-9268-f9d4d9d9c32b,6c6fb604-810b-4715-9b86-3d850f895152,http://www.imdb.com/title/tt0224341/
1862,1684,64814b04-eaa3-441d-a504-52f694bf1c61,c4877cab-b64b-4fd9-9bf5-66f8bb03370b,http://www.imdb.com/title/tt0127498/
1863,1685,eeec2549-64a9-48b4-8469-8687cd7f646c,9707bb60-9929-44c4-bd7b-abf86f890313,http://www.imdb.com/title/tt0254431/
1864,1686,b567dbeb-37d4-458b-a025-683368e2d4bf,46841f56-cba3-4e98-953d-1272b13d74cb,http://www.imdb.com/title/tt0242802/
1865,1687,fa23e5a1-767c-4239-85b1-85b5b2fe2c38,efab5662-03b3-4a24-aeee-c4db04c91ef1,http://www.imdb.com/title/tt0242402/
1866,1688,4120853d-d6ca-459a-90fa-ca4ce0bdfb22,f7c51965-c359-4756-9299-7f73b2c54c26,http://www.imdb.com/title/tt0310058/
1867,1689,88f42023-fe31-4e86-af88-aaf46ae5df0d,1fe2d26c-b10e-4aba-8783-8fe4c9a1f4ff,http://www.imdb.com/title/tt0365655/
1868,1690,0f04ee6c-f2f0-4222-a683-de0f60c51777,1b934b72-2d01-4147-8962-352565fb2135,http://www.imdb.com/title/tt0003299/
1869,1691,5a10463c-9d67-4d8c-a978-9281dd8411b9,89fe524d-c5a0-4f8e-aef9-ec600f1fa82a,http://www.imdb.com/title/tt0003422/
1870,1692,ab80686f-ba20-49b8-88b6-301f5ec1fb9a,89e596de-d061-4fb0-a496-4170a31b54e9,http://www.imdb.com/title/tt0006007/
1871,1693,5bbcf71b-54d1-4572-9453-fb1b2cde9775,845e134d-cfff-4038-be45-056c737b7774,http://www.imdb.com/title/tt0773042/
1872,1694,6de5e0f5-4438-4912-895d-6e819f9fb4c7,08176e16-3887-483a-95de-5f2d0723f86b,http://www.imdb.com/title/tt0329310/
1874,1696,d01d7e2a-874a-4bab-9eeb-2d5be3d2c1d9,cf17a2d5-5ba9-4f5e-9942-926589cf5685,http://www.imdb.com/title/tt0008639/
1875,1697,e61b57f0-e259-4ae4-8476-e9adc37f20aa,53eae97b-d1ed-4a5d-8f85-6b6a9261d09e,http://www.imdb.com/title/tt0329150/
1876,1698,c8086a3c-6432-4495-87df-83581f1aa995,054635c3-43b4-44c6-9a5e-5f2e6dee9aa9,http://www.imdb.com/title/tt0012912/
1877,1699,4c861a77-3165-4ee3-9c84-b41fc9062001,48f28abf-3557-4c71-9e19-4980536d88fe,http://www.imdb.com/title/tt0017056/
1878,1700,23edd19f-33e3-4753-9919-25c18d15a65f,564d59d9-36c6-4158-b89d-f9750c0f0dfd,http://www.imdb.com/title/tt0016995/
1879,1701,c3ea7898-b1c7-482f-8411-d6f6c8cb9bd4,55c83ada-eb91-458c-a960-84cf40b56f98,http://www.imdb.com/title/tt0190516/
1880,1702,b67bdebd-76f3-49fd-9edb-607506f16084,0ea1d621-b82b-432e-a647-7f9c66dc9f06,http://www.imdb.com/title/tt0017964/
1881,1703,82b88cdd-6df2-4636-8891-80631f4b1eef,4a1c4562-ac67-496c-851e-f19bdb5d90e9,http://www.imdb.com/title/tt0136324/
1882,1704,58b2f565-3109-4025-9ecc-6877a4e7e137,c9046cfd-4e9b-4ba0-b882-0ec26d713473,http://www.imdb.com/title/tt0134783/
1883,1705,a18e4e99-a6e8-48fa-91a5-29b4389a682f,7c5c6fa5-7acd-4b19-9b73-f4244ae44407,http://www.imdb.com/title/tt0037027/
1884,1706,0a4fd902-cac2-41b0-b8b4-61001553cc1d,8eb7c0e5-7c94-4a25-9d0a-1e446cd27308,http://www.imdb.com/title/tt0044389/
1885,1707,5902b32d-37f7-4864-973e-d919c881fc45,4a9970d5-85d1-4e92-880a-00ff2c769fdb,
1886,1707,c370c8ce-82ee-4f4a-a6fc-108f1e2d39d3,4a9970d5-85d1-4e92-880a-00ff2c769fdb,http://www.imdb.com/title/tt0044689/
1887,1708,5ac73447-b75e-422a-8172-b0e4c0a73d51,dc12b508-83cf-48e1-a83d-ccd408156b72,
1888,1708,33e08f34-a952-46fb-bd33-c9ea66375d6b,dc12b508-83cf-48e1-a83d-ccd408156b72,http://www.imdb.com/title/tt0046497/
1889,1709,538f212c-e3a5-444f-afe1-4a7f4153e05d,4baa7991-a7b4-4acc-ad04-556a6104a45d,http://www.imdb.com/title/tt0048922/
1890,1710,f7d62d16-8c2a-4d1b-ba7f-1d1fa0d8c40c,6c2faa45-2c1a-48b9-b9b8-1e275783e556,http://www.imdb.com/title/tt0049695/
1891,1711,5f0c1a49-bcee-43f0-87c8-ad0cc60d825f,0101a430-fdb7-4b7c-862d-9d1ceab4cee7,http://www.imdb.com/title/tt0059255/
1892,1712,5f92fc77-70ad-4163-b27a-df80bfb1edc1,0b98be79-e44c-42e7-8a69-ac7408b9cd2a,http://www.imdb.com/title/tt0133842/
1893,1713,2fef392d-97ea-4ff5-97c7-9c06bb4ec46b,8fc2730f-a179-4ec1-a02d-095485caf369,http://www.imdb.com/title/tt0074670/
1894,1714,d0b50688-916f-4164-94ad-70d6e47620d7,e858bb30-c31f-4388-a990-960707fdff81,http://www.imdb.com/title/tt0024216/
1895,1715,90a0b9a6-2429-4a5c-a0f5-b438002c0677,8c6ff258-5594-4c19-8d95-520fbdfd7f1c,http://www.imdb.com/title/tt0041650/
1896,1717,5a328387-66fc-4f25-9bfd-d9a7c424d9b6,74f3833e-ec5e-4c20-8e37-7b0b567a706e,http://www.imdb.com/title/tt1352408/
1897,1718,555e6953-ed2c-4a6c-8ae0-88b50aa59fdf,4e2270fe-35c7-45b9-8340-4a1817131b9d,http://www.imdb.com/title/tt0039167/
1898,1719,a351ad76-80ee-40dc-82a0-18780408362e,927456b6-aa41-4bfb-acf5-773790a429f9,http://www.imdb.com/title/tt0112365/
1899,1721,7b0e2ef6-4928-4833-96a1-fcebd5a7f1fe,c53f435b-f729-4c9d-ba25-7c2d43e3c862,http://www.imdb.com/title/tt0032264/
1900,1722,7633a1ef-9be7-4830-a206-7a2a9a6a3f5b,03f64749-7829-4c5c-afae-3fc4ac3b3873,http://www.imdb.com/title/tt0074225/
1901,1723,1bd76bc5-174d-4afa-8465-8d2122ba4375,5172ab92-39aa-46b0-9bc7-c946478e3f30,http://www.imdb.com/title/tt1352674/
1902,1724,715f0a7b-46fd-40fa-a920-82fad53b52ad,e19db0a0-5e85-437c-9a4c-ea68c57a36e3,http://www.imdb.com/title/tt0367594/
1903,1725,2bd4fdb4-6a48-4c06-9b7d-d6480e275208,84f2f25b-ca55-4d6e-8a5b-fdfead06f2b2,http://www.imdb.com/title/tt0127521/
1904,1726,76a31a23-984a-48bd-9116-35d4262a8b26,d6df6560-cf0a-477c-a934-c5983e0a662d,http://www.imdb.com/title/tt0104522/
1905,1727,f01dc560-7d06-4106-9b00-d5b0ecabaf77,9a695660-d4a0-4d6e-adda-837d43ac1e03,http://www.imdb.com/title/tt0390179/
1906,1728,26425331-1e75-4d63-ad42-fed29a1ef1fd,32aab577-5117-4227-ba45-12659603126e,http://www.imdb.com/title/tt0991276/
1907,1729,251a8b4e-475e-4561-87c2-2e252ca19215,321de6e4-e697-4d30-af84-662b3cff6b02,http://www.imdb.com/title/tt0056211/
1908,1730,13395fc7-a6db-4a77-925b-6b35e078219c,454a15a8-8048-4b6c-9e48-6ff9b01ad953,http://www.imdb.com/title/tt0256276/
1909,1731,95daf007-8e01-4641-afe6-a77b18886ba2,34212917-7fd0-4765-9e6a-c43048890fea,http://www.imdb.com/title/tt0017305/
1910,1732,cdd2a517-4b79-44d1-a7d5-aec76e9a0474,8fe94de7-6fd4-4712-8315-acfd9d1b97f1,http://www.imdb.com/title/tt0095871/
1911,1733,eb8d2ea0-3a36-460f-b5ae-cbed86747ab9,593ce59c-29b9-4dc0-9ab2-eb4d6a058247,http://www.imdb.com/title/tt0225836/
1912,1734,1a9bc9c6-b823-49bc-b1f8-63a4ff6af780,28195d70-1eeb-4870-bef0-3d65ad99ab97,http://www.imdb.com/title/tt0312913/
1913,1735,c3cda1ac-22b8-49a8-9f8c-c0b667644404,acaa7f87-5efe-4b4c-a8ea-acb42e5aa193,http://www.imdb.com/title/tt0034305/
1914,1736,88e70ddf-185f-4c6c-b204-fc65913cf2fc,57dc16b5-e0cc-493c-88ad-05e01dfd1234,http://www.imdb.com/title/tt0033715/
1915,1737,7987b963-79bf-4343-a455-914dec989eb1,b1cc55e2-9ba5-4a0a-8e34-7531364b26df,http://www.imdb.com/title/tt0084519/
1916,1738,0ea8862a-9d7f-43a5-b067-1389e65222dd,551ee5c6-6e0c-4350-9169-6192533d7d94,http://www.imdb.com/title/tt0100281/
1917,1739,1d6ec63a-8c62-4ba7-afb1-1db5c63cea0a,86b532de-3957-4207-aa69-b014357fd4a5,http://www.imdb.com/title/tt0487622/
1918,1740,fea1a989-62be-41d0-82ae-9fea5af24766,d7cdac61-2056-40c9-b9ce-1c3348c1da1c,http://www.imdb.com/title/tt0487563/
1919,1741,bb96ec30-4fc5-4ca6-a61b-af4e94c20bcc,8634f713-150f-46f8-9b43-41cca2423cd5,http://www.imdb.com/title/tt0480434/
1920,1742,677cbaf6-8c25-4f7e-b3bb-cb2c7205845e,7a844ab1-fe5e-44b1-9cbf-f8197f5978db,http://www.imdb.com/title/tt0480487/
1921,1743,0bd8618d-a7bb-4701-ad7a-cd01b352d32d,7a1d7318-511e-4d63-b554-506d35f36a88,http://www.imdb.com/title/tt0487605/
1923,1745,9df35b91-0c02-4d02-9e01-d7a7b895381c,301ca0d5-f018-4b89-bd19-9edd53d6452d,http://www.imdb.com/title/tt0480465/
1924,1746,67b0da78-b159-4b99-aa64-20c24ff3769e,a219c802-d080-488d-b787-651b011ab0d2,http://www.imdb.com/title/tt0480418/
1926,1748,99f0af5c-9b9d-432b-a4be-c43e06aa6245,59ea9bd0-ddbb-4170-ad38-032eef597e66,http://www.imdb.com/title/tt0055324/
1927,885,018eefee-6655-4215-8acd-84240178ccf9,df17f113-a2e9-4533-84d1-97575cdb42bb,http://www.imdb.com/title/tt1219822/
1928,1749,6e382e72-febd-431f-9d3e-cb2e32b70a1d,90927c4e-c2df-4b6d-b41a-3b3775d46245,http://www.imdb.com/title/tt0486655/
1929,1750,f7222c18-1277-45d4-b896-cb6549a93376,63376d57-c6c0-4c73-accd-6c10221b477e,http://www.imdb.com/title/tt0027055/
1930,1751,df025e3c-f2bf-4f90-b72b-5e703cadc2f9,4c840b70-0143-4734-9d6a-e9bf355e99b0,http://www.imdb.com/title/tt0425120/
1931,1752,a9f71189-d4f6-4a2d-a12e-63285b462442,644e24a1-a32f-4cf8-b391-72ab2a103fcb,http://www.imdb.com/title/tt1683451/
1933,1753,c58dd52b-d5d6-4ea0-bdea-192198352780,b80d4f7d-e36a-4553-bacd-30866e2a189e,http://www.imdb.com/title/tt0145853/
1934,1754,a0a26cb7-2edd-47df-be98-5fe33f69dbb5,7c375b2a-b5cf-45b9-a522-c05019c0819e,http://www.imdb.com/title/tt0944834/
1935,1755,3cff5bde-ec97-4f5c-b4fa-1c63a23ba5da,c9976760-3053-496b-96e4-9d3b8017b3c8,http://www.imdb.com/title/tt0028566/
1936,1756,6049115e-0cb4-47a6-9339-e42462eed8d6,4261f818-eee0-4ce9-9549-f0b26938e4f6,http://www.imdb.com/title/tt0051237/
1937,1757,5de8c127-5b9d-4e32-a174-b12576fdb720,1e9dbcd4-d11d-4f0d-b702-9f92f13794cc,http://www.imdb.com/title/tt0152073/
1938,1758,1781d5f8-690d-473f-a4fc-a483175a4ef2,63e2e939-f964-4704-a9b0-52e304da0817,http://www.imdb.com/title/tt0100944/
1939,1759,8bf752ff-a50b-444f-978c-1a58aa8876f5,76c1d315-73b9-423a-b317-1cc4c7347526,http://www.imdb.com/title/tt0210070/
1940,1760,74306f85-aacd-464a-9958-48d4435ad529,0c485695-8188-47dd-abfe-6d07ff585bbf,http://www.imdb.com/title/tt0379786/
1941,1761,d1083b34-a36a-4df4-a61f-3f63fb14e93e,083bc6c3-b947-43c0-a27a-2b71e2e69fb7,http://www.imdb.com/title/tt0430097/
1942,1762,c34b68ec-b387-4846-945c-0c9c0a19f8a7,7bf33d3d-5fc9-475f-9961-1ef14a457d27,http://www.imdb.com/title/tt1296150/
1943,1763,0840e30a-dfce-442a-a3a4-55a19403a34b,5a455c23-796c-42d0-8375-9ae96dfdf017,http://www.imdb.com/title/tt1740707/
1944,1764,3c53c803-f76f-4e61-a1e3-9e4cd7f7915b,cc2c1de1-2604-4dd3-b686-948ad63c5d7e,http://www.imdb.com/title/tt1922645/
1945,1765,78bd9602-55a2-4e20-ade2-8e2ab73f544d,db9d03ee-86af-42ac-b3e1-8d11142ee21c,http://www.imdb.com/title/tt0126189/
1946,1766,a905eb81-b8a0-476b-bb66-6ab5dab2bae4,25030126-6085-42d8-9d4f-68d2ba100594,
1947,1766,d1a077c5-001e-4f29-8c3d-a32e0925f5f9,25030126-6085-42d8-9d4f-68d2ba100594,http://www.imdb.com/title/tt1753422/
1948,1767,fad4f4d2-5b29-4461-bbf3-168c98ad1773,f6c135c6-12a9-4c5d-b0e2-8b8207e9a4d7,http://www.imdb.com/title/tt0046771/
1949,1768,d0a07938-865e-4fbf-91a7-2d45185d838f,bbdcfbc8-89af-4ce3-8c97-25d33639fb57,http://www.imdb.com/title/tt1588398/
1950,1769,cf108699-2a99-478b-87dc-89a38da7e0d4,29be2e0b-c49d-491b-8010-5e14f66b5877,http://www.imdb.com/title/tt1398428/
1952,1771,2e5bce83-47b1-46b1-9d06-d808f253397c,6a5dcd2b-b232-4018-b90b-6a07c8c9b22a,http://www.imdb.com/title/tt0045291/
1953,1772,5c819f4e-992d-4012-9709-34d00e904ffe,d8895cbc-506d-4d9a-a857-5ee67e40320b,http://www.imdb.com/title/tt0047143/
1954,1773,a70f58ce-af52-4ad4-beab-b9c7b036ecf3,86316bef-14e4-4a76-b16c-d0875ac5bb48,http://www.imdb.com/title/tt0484050/
1956,1775,357ec31a-38e3-4544-aea2-0f5a87aea358,4699634c-b941-4908-8093-a9d727bd70a8,http://www.imdb.com/title/tt0053389/
1957,1776,4d92537f-52c6-4f8c-a03f-a9937c1478a6,bd0ab3e0-af02-43d0-af97-814f72170fd1,http://www.imdb.com/title/tt0054638/
1958,1777,0fb6fed0-b016-45e1-861c-119fc26f125f,b1a287c1-faa8-4471-a75d-a24f0bb814eb,http://www.imdb.com/title/tt0056409/
1960,1779,8bd704da-4faf-4853-8382-f9aea04b91e8,d629d091-a6d3-4099-bf43-ea9173760822,http://www.imdb.com/title/tt0060986/
1961,1780,0af0f8e3-fbc9-4538-b665-0fefce7f3674,f83e8399-1509-4261-8871-c07dfe3b9698,http://www.imdb.com/title/tt0061741/
1962,1781,1f7e9c8e-db36-4be7-ad84-bb9ac0d32b04,6f0035de-335e-40b9-85cd-298b18d74244,http://www.imdb.com/title/tt0111112/
1963,1782,d7ef31b4-7bed-49ac-8b9e-ee18b1e8884f,12ecba52-de41-4d54-9ae3-b155ef3a2304,http://www.imdb.com/title/tt0365376/
1964,1783,a3e90e02-e278-4276-b52b-fa0a099f4906,e9a5c82f-c8b7-4ca2-bc94-1c79bb582985,http://www.imdb.com/title/tt0044103/
1965,1784,fd04f12b-7291-476b-b302-34263d1371a6,6677e39e-6ca8-495d-bdcb-944c733dfc9f,http://www.imdb.com/title/tt0298228/
1966,1786,288cde51-cb5d-47e0-8985-ca6c467802a5,4c58d695-0403-4197-adc7-23104aabcb70,http://www.imdb.com/title/tt0084535/
1967,1787,0441f840-168d-4a9a-9d9d-59b4ff48da92,4e4f7986-7813-40e1-935c-0ab1eabd6a0a,http://www.imdb.com/title/tt0162661/
1968,1789,be1350d6-45f3-41fc-8189-ab10afd31985,98e213db-0e0a-42ed-95f5-22acf64a2b4b,http://www.imdb.com/title/tt0076221/
1969,1790,08fb524e-05cf-400c-9f8e-174ccf2cb1ba,306e8b07-64f0-4ec4-8168-26a458f781c0,http://www.imdb.com/title/tt0354806/
1970,1791,fbaaab24-4092-425f-8d69-0e7c539ec916,0832d10f-d4f1-4b37-b5d8-02eabd5ca638,http://www.imdb.com/title/tt0957793/
1971,1792,1d502dfe-b0d7-4191-bc28-c1bae6f22e66,59c7c038-9141-4013-b718-4f918c31179e,http://www.imdb.com/title/tt0956952/
1972,1793,6ccb6b6b-ad88-4494-a013-5302107e38b0,f1bac57f-1f69-4c0f-83c6-2029f4d1eb86,http://www.imdb.com/title/tt0956969/
1973,1794,23c496a8-98bb-498f-90bf-79710712fc20,3a350a3c-d75b-4d3a-8abb-fd0cdfd39081,http://www.imdb.com/title/tt0956975/
1974,1795,dca58c68-5891-4086-a7ba-879bcb85e5e6,2e1adfe7-a335-446c-90a5-fcf4a4d3ba15,http://www.imdb.com/title/tt0956935/
1976,1797,a6e435bd-93ed-4a3f-bfaa-4223da72cac8,9a7649ba-1f04-464d-af7d-fb29f642b391,http://www.imdb.com/title/tt0010600/
1977,1798,cf0184a1-d60f-457e-994d-10548db2f6fa,735ee3dc-b68d-4fc4-b688-7903701a0928,http://www.imdb.com/title/tt0009893/
1978,1800,7dac4639-cf24-44d0-8cc5-47650a447148,8cb8eca4-c1cc-43d0-876c-d845af9e0a68,http://www.imdb.com/title/tt0100393/
1979,1801,a6da590b-4800-450f-a55d-d24ff3016e27,bb445f9b-2d4f-4305-b61c-a6dd254658ee,http://www.imdb.com/title/tt0053241/
1980,1802,f36db517-c116-4c31-934f-166f84bd2856,28c6d551-d580-4e75-97cf-e1d148f1cfc6,http://www.imdb.com/title/tt0165208/
1981,1803,cdba5547-7ab5-4541-92d1-6ab90d4664ab,6916bd6a-ea2e-43ef-ada8-44309968d124,http://www.imdb.com/title/tt0000417/
1982,1804,02c7fb57-cbe3-47a7-b9de-8464c491380b,e72f96d3-8295-4aa7-98fe-a12c0fd0c090,http://www.imdb.com/title/tt0000499/
1983,1805,1d6571d5-cf03-48af-b0cc-d7ce3ddded60,383adb6a-31a1-40a0-b336-5f7de5e73084,http://www.imdb.com/title/tt0213713/
1984,1806,2a622b46-fb94-4ef5-a20c-6695d3b3c6e1,6947a64c-5552-4570-b90e-82e953912a6b,http://www.imdb.com/title/tt0368652/
1985,1807,73be5580-49a6-4ae0-8677-ca92a9f1d3a6,7ab7f6f8-e420-44d2-8fc0-4990d967e1ca,http://www.imdb.com/title/tt0067992/
1986,1808,14da69bf-7a28-4466-b25b-35a444ee0c75,3e7623f3-ca07-465c-a9ec-6a072d116aaa,http://www.imdb.com/title/tt0386117/
1987,1809,11836ed0-abbd-4049-9288-bbdad8a15e80,ac6f8713-55ab-42ee-b60c-7ca4401a675c,http://www.imdb.com/title/tt2125435/
1988,1810,7e9caed6-e70a-4442-8ea8-0b85c79ed4a4,4de539c0-0b41-40c8-a898-43cfc5e93b0e,http://www.imdb.com/title/tt0319061/
1989,1811,5a6c0fdd-9f48-4f27-b009-514a8ca090c9,0c8b9815-fd8f-427f-babc-ef1dee5770c2,http://www.imdb.com/title/tt1401143/
1991,1812,e9e5553f-2eb2-4150-8d34-6bb1d970f94b,d77ef999-b467-4571-89ed-b04c7d8be6d4,http://www.imdb.com/title/tt0021309/
1992,1813,d12cb229-d860-4b25-bf53-acb1f487d649,c988c9d3-766f-4073-8f25-901852138061,http://www.imdb.com/title/tt0089457/
1993,1814,7c89b925-77dc-4106-adc0-0d3020811509,e5ea923e-344d-41a3-a52d-7486e4b17458,
1994,1814,1b28ad8e-2c11-4af5-aa4d-0ffe7a7ab9be,e5ea923e-344d-41a3-a52d-7486e4b17458,http://www.imdb.com/title/tt0112431/
1995,1815,6567ba3d-8d5f-418d-bd51-af75f2f1c04d,a26c145d-565a-454c-8940-65ddb2ab4ae1,http://www.imdb.com/title/tt3326046/
1996,1816,80d0cb72-09c9-407a-9469-8442fe97428c,6a2f4a45-053c-4093-b6a1-ca78e916102e,http://www.imdb.com/title/tt1410270/
1997,1817,9f09b474-34ed-488a-b2e1-159934794a44,f5f76d74-c648-4b62-9941-eb55411f0455,http://www.imdb.com/title/tt0066516/
1998,1818,942db198-ae3c-4be2-b203-f44bd50d22f7,f1458e73-2564-4ba2-a76a-b70987d0cf16,http://www.imdb.com/title/tt0076786/
1999,1819,f78ddcc5-44b3-4489-8c9b-f05cc154ca90,3f33d68e-7eb6-4b30-a529-083df5379acb,http://www.imdb.com/title/tt0095244/
2000,1820,ffb74944-af21-4ae6-a698-215ff5566986,26d64a06-2984-4cd3-91c2-44642f99e981,http://www.imdb.com/title/tt0197273/
2001,1821,7e7f53ad-a19c-4e1c-9d65-76261ab1b851,149289b1-8a2a-456e-b391-c6289ddf152b,http://www.imdb.com/title/tt0013877/
2002,1822,2511baab-d7cf-487d-a571-f2ee593ce670,acc7f446-991a-434c-a0c0-d858ecf693f9,http://www.imdb.com/title/tt0037986/
2003,1823,b2731dc6-9e1a-48ef-bbc2-a1141f24ead6,49065244-615a-4d6f-a0cd-0c08ef722624,http://www.imdb.com/title/tt0038602/
2004,1824,7cd96f3d-1437-4fca-b375-05fc95a95a4f,8145f8f3-6603-402f-a7f0-c0040d676cc3,http://www.imdb.com/title/tt0039586/
2005,1825,c85218e1-c503-43a5-be2b-13dca8cb6441,489e92e3-fb8f-4acf-8451-ddaaa5d1f387,http://www.imdb.com/title/tt0025037/
2006,1826,93079c0c-cc20-4c3d-8dca-32048bd6fef4,eb17e1f0-9043-47da-b062-b5c8a3177831,http://www.imdb.com/title/tt0119643/
2007,1827,32b48b51-75d2-471c-a063-01269304825e,b9026e3b-08db-4bc0-9056-c25f67a9e9dd,http://www.imdb.com/title/tt0014660/
2008,1828,3256bdd9-6fe4-4dee-934a-4021c78f91dc,cd38e2d5-3569-40ba-80e5-8a62b3db1203,http://www.imdb.com/title/tt0142318/
2009,1829,ccdc08ab-65d0-4799-8f76-4ef1b2369115,fd2d73d1-9b96-4fa5-8ef8-1b99ecc9f0d4,http://www.imdb.com/title/tt0031379/
2010,1830,a753d49a-b1c3-4c3f-8f9f-cecc0245f6b2,9719c2ed-bacd-4547-9337-e06c6bc6d3b6,http://www.imdb.com/title/tt0036874/
2011,1831,8d316a5e-5a78-46bd-a6cc-ed3dbb15b3ab,225150f9-1ca9-4d1e-9abb-5f4e587058f6,http://www.imdb.com/title/tt0036680/
2012,1832,68e7f432-bde0-4474-842b-017b187233b3,9b5c9713-5bd2-44a9-b53f-430aaa46a477,http://www.imdb.com/title/tt0053874/
2013,1833,447b43ba-6343-437b-be61-7a5f937efc4a,de443b19-2994-464b-8570-560de6408c2f,http://www.imdb.com/title/tt0005405/
2014,1834,6c4a5a95-51ed-4edb-9c58-737e7eaed638,992683fb-5968-408c-a367-aee82177639c,http://www.imdb.com/title/tt0034744/
2015,1835,dafb70ef-ed30-4fcc-9ffa-33482355fd8c,5e6d8e56-65e3-4167-b630-461d079dd681,http://www.imdb.com/title/tt0152146/
2016,1836,74ef9239-12fb-49cd-8ca3-90f477368e90,95d46d36-3521-4932-b81f-cacb150858cc,http://www.imdb.com/title/tt0168071/
2017,1837,d5b32149-2d7f-414f-be57-c69df86f0014,0e29ad95-e324-4ce6-a76a-4f3b5d91e93a,http://www.imdb.com/title/tt0151334/
2018,1838,a4fcf7f5-933a-4fea-9da0-1cef294d26a1,e9297788-dea1-4cc8-b257-94106ca06712,http://www.imdb.com/title/tt0047039/
2019,1839,6c5bf770-76f2-4bf9-a8ea-cbdc6b85ad53,6d36bcaf-8f2c-4a02-8ee4-951c0b2378a5,http://www.imdb.com/title/tt0226851/
2020,1494,0babd9d2-0b5b-4305-b988-1a7c2dba7431,b38a2f1b-07e3-4994-9c58-d99d95ac2485,https://archive.org/details/1926LotteReinigerTheAdventuresOfPrinceAchmedOldestSurvivingAnimatedFilm_201402
2021,1840,d7e71029-957e-47b9-a71d-66adac00baf2,aedc664d-c3e2-498d-bddf-f51a17c32f11,http://www.imdb.com/title/tt0061407/
2023,1841,ba38ea1d-bd88-475e-9afb-ed47b2515273,42f95026-8cc8-4eb9-81fc-aba2a8d7ca25,http://www.imdb.com/title/tt0020479/
2024,1842,d6a85304-cee0-42d5-aa19-df0bc0ad45b7,e3320eb8-4741-463c-b6e9-e414688aa89b,http://www.imdb.com/title/tt0000770/
2025,1843,1062523d-1a57-4f1c-9c65-945ab0244aeb,e51c056d-d6fa-4a59-89f6-73771346e875,http://www.imdb.com/title/tt0303124/
2026,1844,0893b170-c893-46ed-86bc-26fa009c08d4,e50bf893-d463-42ba-9d0c-15c5d2c6d4e1,http://www.imdb.com/title/tt1515960/
2027,1845,b172908a-4b73-40bd-8849-d9683601e315,d231a769-69ca-4b6b-b7d4-0b11f119263c,http://www.imdb.com/title/tt0442289/
2028,1846,143d8dec-c450-4f43-98d5-ae8d90132985,d27e73e1-cfa4-4945-9d12-328581abeea0,http://www.imdb.com/title/tt0125571/
2029,1847,d81e28c1-d4bb-4748-9a05-01b07cd1ef0e,4e90e2b9-5fce-4e84-b24c-4728f2a7fc72,http://www.imdb.com/title/tt2147944/
2030,1848,4dfd97a5-e9d0-40e2-aab2-ff171f3d0374,8e0f4d11-5bad-4a03-afbe-f62301855102,http://www.imdb.com/title/tt2273627/
2031,1849,dcc39f60-e8de-4c68-a414-7db73b61ffb1,a05c3755-859f-4480-a7bc-644bb1cf74f3,http://www.imdb.com/title/tt0045061/
2032,1850,3ada784b-ad9c-4e2d-b79e-95c992b117f5,be37b625-ca09-4d20-8484-b7c00d1cdc7d,
2033,1850,2de235ea-fa6b-41de-b7a8-15919aedd340,be37b625-ca09-4d20-8484-b7c00d1cdc7d,http://www.imdb.com/title/tt0210146/
2034,1851,d2f63ac5-7d00-4fd4-9587-32cc67be9e95,e7e2e25c-3b41-4369-b131-2d8ae8050771,http://www.imdb.com/title/tt0045963/
2035,1852,3dc4484a-5b88-45a6-9588-99cfe8b40c71,c0acbc6e-2d1c-48ad-a7bf-0f9ac91c91c3,http://www.imdb.com/title/tt0301181/
2036,1853,4f1a22e6-b6a5-417b-a486-7df78599176f,21b1b811-57bf-4b7b-8147-f45c056215ad,
2037,1853,b5f1e309-2dcc-4922-a689-27791aaf58c3,21b1b811-57bf-4b7b-8147-f45c056215ad,http://www.imdb.com/title/tt0029151/
2038,1854,e0575db3-a2fc-436d-a92e-009c05c73bc9,33efc208-6dcd-4e5c-8de4-9e123e74c97f,http://www.imdb.com/title/tt0067179/
2039,1855,c4427ae5-67f6-49ff-aaff-f3459eac7b39,2c2f61b0-34ea-41d9-9d28-2091d0ecfb79,http://www.imdb.com/title/tt0085856/
2040,1856,9a2d383b-d4af-4b3e-af72-47d5b271ffff,6fe9a63b-17ea-4448-9a44-b9fd9aa23863,http://www.imdb.com/title/tt0157154/
2041,1857,044037c2-8db9-4a6c-aee3-8ef96d3c944b,54bae49e-1235-4082-805d-67f363a22e0b,http://www.imdb.com/title/tt0327169/
2042,1858,a24aef41-a27a-421e-9f07-e392cc14e8f5,c86ffe0e-322b-490e-a610-a7bbe36cd4be,http://www.imdb.com/title/tt0829219/
2043,1859,81ca9525-cfc2-4fe4-b765-4115ab890ef1,bb91b9fb-0a50-404d-9dd0-c2bcf9c7c059,
2044,1859,3685d465-2abf-443f-b739-4a11345670e3,bb91b9fb-0a50-404d-9dd0-c2bcf9c7c059,http://www.imdb.com/title/tt0816562/
2045,1860,9b0089d1-9dd6-49b0-8e12-8e03cbfba534,3a75e1da-6cb8-4b7a-a505-f6e842b54340,http://www.imdb.com/title/tt0099710/
2046,1861,efe71def-8f9a-4bf6-89a7-3b989574aca0,d956a46b-cb01-42bf-bdfc-acb01087af74,http://www.imdb.com/title/tt1227762/
2047,1862,c5e45917-3baa-45ba-968e-30a9cee258b3,178ac081-4ed8-41c1-a579-4e1282562104,http://www.imdb.com/title/tt0258402/
2048,1863,e1b944cf-6bf3-4817-8edf-85775b58f532,155636cc-52af-4a5e-b5d0-5f19c3407fc3,http://www.imdb.com/title/tt0324977/
2049,1864,a6800062-6646-44ad-b858-8f9b933a762a,d52701ad-73f0-4e16-a5a1-9efa7ebef222,http://www.imdb.com/title/tt0079749/
2050,1865,906a86c8-1b73-4dde-86eb-b4af0ff36871,1a8b8215-52a5-42fe-ba93-98b863cc34f2,http://www.imdb.com/title/tt3329526/
2051,1866,41dc78fc-9e02-4353-a3c2-ee728021f0a7,3b28bad7-bbfa-4140-a078-469fe8990901,
2052,1866,1e63845d-da23-422e-a0da-24a68f6f80db,3b28bad7-bbfa-4140-a078-469fe8990901,http://www.imdb.com/title/tt2185323/
2053,1867,9f10ff9b-aa2a-443d-9db5-abdcbcad6363,b05a9ec3-b1e1-4ad0-9468-782196167fae,http://www.imdb.com/title/tt1147508/
2054,1868,3318ed33-5846-4dda-8867-934916aef95b,bcf35bd9-2681-46a3-95d6-f71c76192f7f,http://www.imdb.com/title/tt0090601/
2057,1869,84420d25-6cd6-4cc2-bf81-cb5ab096cf91,f5414530-237e-4fcb-b19c-25934ab68919,http://www.imdb.com/title/tt0045828/
2059,1870,9145c8e1-7bda-4061-b9ae-350f6c1dc289,f191eb2d-afa9-4208-baa9-bbd08c57a4c4,http://www.imdb.com/title/tt0317473/
2060,1871,41108380-d323-4b1d-beaf-c28fd67dc026,1bb768c9-cece-4eb8-9c86-c4857a590a5c,http://www.imdb.com/title/tt0145710/
2062,1872,cf29a42c-3af4-4e75-84ff-527c48eb65b4,1e1df219-d012-4e7a-9d6d-75331d46bcdc,http://www.imdb.com/title/tt0290035/
2063,1873,3cb0b164-761f-4863-b4ea-0e1471f62604,c7a844d1-a2ce-41d7-87e7-5a99bb51cba3,http://www.imdb.com/title/tt0048114/
2064,1874,dad5ebc9-6ac6-497e-9308-43b90e5b111b,d3c68bb4-aa95-4177-abf9-785d55937aa7,
2065,1874,bf484db7-e048-4856-be3e-142fbfe3e1da,d3c68bb4-aa95-4177-abf9-785d55937aa7,http://www.imdb.com/title/tt2572216/
2066,1875,5cb59ee3-4b78-47a1-9d3f-5dc450cbd5fd,262bb4d3-38a5-4b92-9940-391269afc49a,http://www.imdb.com/title/tt0108075/
2067,1876,1855c2fc-e350-46f5-9d06-067b5fc93b22,fabd3be6-440c-4b74-901b-ad8343e76fe0,http://www.imdb.com/title/tt0462026/
2068,1877,622e9001-db1b-44a6-90c6-434919f92e81,21cc5aa7-a05c-4b59-a0ad-7276b59e04c0,http://www.imdb.com/title/tt0153943/
2069,1878,a8353921-beda-4c41-9fa6-d9dfb51afc46,c8560c8e-2789-4a12-ba16-6739f0b1ac96,http://www.imdb.com/title/tt0070714/
2070,1879,14873b75-5922-47cb-a727-7d980da9de5a,513e58ce-4b7a-4dc9-9fd1-984065052542,
2071,1879,7fab05fc-9d8b-44ee-b225-e288c43a4f7d,513e58ce-4b7a-4dc9-9fd1-984065052542,http://www.imdb.com/title/tt0099733/
2072,1880,b5bf340c-47f1-4b3b-950b-fe39887df431,2277f9f8-4b9c-4c13-a504-442728e6c3eb,http://www.imdb.com/title/tt0239206/
2073,1881,9db3ff1b-24f1-481c-a089-e27dadca6875,8da9c41f-68d3-41eb-9718-e9486998fbc2,http://www.imdb.com/title/tt0380421/
2074,1882,0dae3c93-7d57-4121-8859-7c61cc4b4707,8914f6aa-ddbe-40ee-b1e9-677ee591cd43,http://www.imdb.com/title/tt0031820/
2075,1883,a3483447-d885-47e9-978f-249485374902,d2c9ec55-6c33-4af2-b8c8-2e1adb75a4ac,http://www.imdb.com/title/tt0134149/
2076,1884,e3ee89da-f7fb-4e33-883f-34cb0466e6e8,3dd96840-5d83-4a01-9ebb-5f1588e560c2,http://www.imdb.com/title/tt0111419/
2077,1885,620f311e-e8d7-4f1c-9056-f18b31ea8ceb,e390cacd-2a1a-4bcf-b09f-75c2fea96f73,
2078,1885,9bd675fb-1bd4-44c2-9ba0-9804158b0341,e390cacd-2a1a-4bcf-b09f-75c2fea96f73,http://www.imdb.com/title/tt0859594/
2079,1886,c10668af-2311-4c0d-915b-a75ea4890001,e0cbbb20-c3ba-4653-bade-217c2896343a,http://www.imdb.com/title/tt0115491/
2080,1887,a23fa8e7-6b9a-4f98-bc73-e4a214cec2e3,2ef3ff4a-6f18-4f0e-a43c-801574a5530a,http://www.imdb.com/title/tt0333067/
2081,1888,fc8f9fb4-2d48-4b0c-b1d2-961337d5bfb0,93be03a5-0add-495d-8965-bfb151ad8d2c,http://www.imdb.com/title/tt0290447/
2082,1889,7f697d20-e6b2-4d46-b2c6-31a377059189,c838633d-989c-48f1-88f5-99319050552c,http://www.imdb.com/title/tt0383206/
2083,1890,aa8bf6c4-f745-46ba-b502-1aaf5f08c4f4,fc0319a3-9715-4562-a367-44ee26b956ca,http://www.imdb.com/title/tt0230426/
2084,1891,3f4b31f2-33d7-4c92-b91f-a9ad9b2a8d57,9de91766-da5f-4970-aca4-184755af901a,http://www.imdb.com/title/tt0034524/
2085,1892,ecdae48f-091e-4a99-a817-26f21cdab3ad,3760b56d-1a64-498a-b2f3-bf71c3c4cea5,http://www.imdb.com/title/tt0211281/
2086,1893,1e77d542-9349-444c-8ad2-7a743a91b469,365bece0-f8af-4744-a9e9-78404ca52617,http://www.imdb.com/title/tt0355295/
2087,1894,4042b839-cea3-4f43-9d2b-694b6a24b5bc,4061e56f-1cba-4630-ae9e-2d2bb57fc55c,http://www.imdb.com/title/tt0142147/
2088,1895,31967fd4-c554-4d44-93e6-b95443365c08,dce56bbf-022e-4c19-bacd-dd58b3e7b51d,http://www.imdb.com/title/tt0997248/
2089,1896,edcde3b4-1b7d-42ea-844a-b6f61dc65d13,74d08e9b-179d-45cc-96ef-c5fb775f0f83,http://www.imdb.com/title/tt0465967/
2090,1897,89931dd0-0950-4db1-a2fd-75563c754a95,abfb8319-4e0d-44b0-8481-c42ddb7b2139,http://www.imdb.com/title/tt0211762/
2091,1898,0b7da6ed-3520-40d7-a2f6-aea07cfc269c,2c2d1367-246e-4098-bb1c-8b6e75a51391,http://www.imdb.com/title/tt2234345/
2092,1899,3842c40a-56f5-4fc4-a469-37f657fa18e1,31aa8450-baea-4472-b687-25c1e2ffd35b,http://www.imdb.com/title/tt0142336/
2093,1900,a9ed345f-e868-48de-819c-905b525f96a0,6cc14027-b59c-49a0-a613-7d2ae4766575,http://www.imdb.com/title/tt1849772/
2094,1901,2b8f2495-f202-455b-afb7-0ec3f468ccc4,15f06181-568f-40c7-a76c-3742e7dee477,http://www.imdb.com/title/tt0239535/
2095,1902,8176d154-c3ee-4af9-99ec-9c5d3c7f6340,7691d6d4-9c08-4785-8c64-e5c93ffb8ccc,http://www.imdb.com/title/tt2425618/
2096,1903,c4821f4f-f2d7-48f1-acfe-d27c5c70ccd7,1070cb5f-f8dd-4df7-9a8a-e5091a77e084,http://www.imdb.com/title/tt0973837/
2097,1904,956a8e78-fcca-441b-95fc-9f5af9c9b122,e9bab46c-42fc-4117-81d7-7228b2337da1,
2098,1904,debb35d9-15f8-4bbb-86e1-6c76d228dc14,e9bab46c-42fc-4117-81d7-7228b2337da1,http://www.imdb.com/title/tt2236486/
2100,1905,aecf7251-145a-4449-9030-f41c98b67e5c,8e15a7cb-ef7a-4edf-95ca-6ae9495d0554,http://www.imdb.com/title/tt0025200/
2102,1906,38ce8dca-a808-4435-b2e0-bb7a83682e61,0f9175fc-d7d6-48c7-85a3-86fcc28aee05,http://www.imdb.com/title/tt0025997/
2103,1907,4af9a885-5c02-4317-a147-72d412d512d7,c25223e1-7d16-4528-a596-0e9ddec6d86b,http://www.imdb.com/title/tt0035733/
2104,1908,65001e2c-79d1-45a4-9692-e419f8532dfd,dee1fcec-60f1-4e2d-8307-db3d703e07b9,http://www.imdb.com/title/tt0099472/
2105,1909,571d2603-424d-4ee2-bbf2-6e6b03983eff,c4fc68f3-caa6-4b67-b805-28189cf29d0a,http://www.imdb.com/title/tt0120623/
2106,1910,33b51328-0942-42e9-b071-92d628b52397,2a122acd-ab89-4e12-a480-26ce7523e004,http://www.imdb.com/title/tt0371606/
2107,1911,b7d51ba6-c5d6-4f0c-a404-20ff06b2e494,496e5851-678f-47ec-8b15-1c99c9b06bab,http://www.imdb.com/title/tt0940642/
2109,1913,8211385d-0667-4bf1-b6fc-55efdda25a41,cda8c86a-86e3-4815-91da-ef5c1db27d27,http://www.imdb.com/title/tt0378262/
2110,1914,6cde85df-68aa-4e9f-a8f8-13ab8820cdd3,5e021973-8b24-4d1a-b6e5-f76fdc3909c2,http://www.imdb.com/title/tt1384592/
2111,1915,f05bfa2e-da90-4ea1-8e43-42727720dbac,f8a8bfb7-46e7-4d73-bb4c-0a1c209b2237,http://www.imdb.com/title/tt0042359/
2112,1916,8a7892f5-d6ec-4618-9083-6755252152e7,3427572b-b5f1-43c8-a2b3-ceecea370f3d,http://www.imdb.com/title/tt0022164/
2113,1917,27349e11-b287-42d3-bc8f-d852fa06bc58,467f56a0-4a2a-46a7-92eb-65d1c473d32e,http://www.imdb.com/title/tt0107672/
2114,1918,6e415ac5-bfbc-4523-b48d-053979cf424f,01b16da8-e601-4691-8e7b-6d8492b75790,http://www.imdb.com/title/tt0279996/
2115,1919,d06ce57d-7685-4e46-bacd-4896538352bc,042b8ecf-fd22-49cb-934f-d09a27741b24,http://www.imdb.com/title/tt0094100/
2116,1920,f2ffb64f-8456-4475-8410-96bc9cb7d0b6,2bf5c067-100d-4eaa-809b-acd5987e307d,http://www.imdb.com/title/tt0130860/
2117,1921,63e660c9-efd0-4ea7-869b-e1f8c16e4e37,31163e5e-dfae-4f32-a39d-f02519c3902b,http://www.imdb.com/title/tt1019960/
2118,1922,567fcf47-6196-4996-a636-077dc056cd67,c218d9f0-2b04-4c20-b196-76ae7e67c029,http://www.imdb.com/title/tt3874756/
2119,1923,a92510ab-419a-4ac6-ae91-f49ffb511c6a,dff6b464-2f03-45cb-a6ab-dcd5dfe78ecf,http://www.imdb.com/title/tt0348059/
2120,1924,7ee462a1-bbeb-4fc5-abeb-52e5ccb95ee5,eff8bf65-286f-4299-aad6-a0f895ae089b,http://www.imdb.com/title/tt0970453/
2121,1925,95a206ab-6791-41f4-91e5-63a7ba27a5c6,78ea1449-afc9-44ab-a26e-ececc765ca19,http://www.imdb.com/title/tt0111333/
2122,1926,4b3ea937-e542-454f-95fc-c2e07a6e3d1e,5c49bd4d-d2c2-4106-971f-c77835e0ea0f,http://www.imdb.com/title/tt0120254/
2123,1927,e356b9e9-6edf-4a7b-bb28-97727d32cb97,07f36b03-d928-4a87-b4e0-0c56a79083f3,http://www.imdb.com/title/tt0149215/
2124,1928,98e87fbc-5479-40d8-9343-c91fbd15f450,a667905b-564e-4f6c-b3a3-92ca0f723766,http://animator.ru/db/?ver=eng&p=show_film&fid=6310
2125,1929,baf496e8-9bdf-415c-b6a9-999fa64e13cd,f1a358b3-91d2-4a8b-9242-31edf390656c,http://www.imdb.com/title/tt0400900/
2126,1930,a3724772-0e24-4f3f-9bed-6fb04a776ff4,190a6b97-63be-4e53-9000-ed671c4b9eaf,http://www.imdb.com/title/tt2241691/
2127,1931,3da2c905-5348-47b2-9431-dedf1effac73,0c89173a-da29-4bb8-99a4-dace2b22df50,http://www.imdb.com/title/tt1086797/
2128,615,ba7d723b-a1d3-4dd6-87b5-dedfd856f2a2,a5b142f8-2235-4f7e-ae17-75d06aa05fc2,https://archive.org/details/RideforC1937
2129,330,b627fac9-4eee-42db-9fd3-6ab689a2cbd5,432fe916-8f1a-4bda-9ee1-6fb1fab036f3,https://archive.org/details/AliBabaEtLesQuaranteVoleursaliBabaAndTheFortyThieves1902
2130,176,840cbb98-0c1a-42ff-b530-4e4422355a51,50e5a15a-9a38-4ff8-b441-efb6d9d06210,https://archive.org/details/AliceInWonderland_343
2131,295,fa4907a0-783d-4c67-ac9a-eb1e5d574a08,7e351853-8d16-4191-8e28-fcb98a829744,https://archive.org/details/AliceInWonderland1915_72
2133,1765,37fdf7c5-9264-49e2-b595-b6378eb8bdf6,db9d03ee-86af-42ac-b3e1-8d11142ee21c,https://archive.org/details/AliceofWonderlandinParis
2134,147,c84529a2-3ddf-41b1-84e4-1f59365488dd,2dd2f9fd-c7dd-4a77-b33b-a394f11076d4,https://archive.org/details/Barbe-bleue
2135,440,8e517248-b311-48a1-8f8b-6ba41f82e7f3,a0273b33-591f-45ff-834f-45571989c1af,https://archive.org/details/MerrieMelodiesBeautyAndTheBeast41434
2136,130,46b9b2fa-d00e-4f5d-a80f-0fb4127c4437,dcdcccbe-b522-45ca-b13a-a5e518d29e3c,https://archive.org/details/Betty_Boop_Poor_Cinderella_1934
2137,519,094f2779-bf0c-4380-900c-557a8d0369a9,82a57786-2853-4187-a269-a412264ac367,https://archive.org/details/Cinderella1914_201312
2138,505,ca863431-d03a-48c6-838b-c4a36ebf37a8,4b0583ba-ad5c-4b45-81db-cbe1f73be03b,https://archive.org/details/Cinderella1911
2139,678,e526d613-15f5-4075-916f-416073b09593,bf420b9c-9d2f-4909-9880-d96caf9ebc21,https://archive.org/details/RogersampHammersteinsCinderella
2140,107,6cd0d495-65fa-4655-b051-5a3e3cf7f286,2cf2aea1-00b5-43cc-9e72-f977ec3e02d3,https://archive.org/details/Cinderella_189
2141,1504,327e0e97-6139-4448-9fcf-04c1fc020b41,c2a6e79d-1ab7-467d-9e74-a3caf6bb4e43,https://archive.org/details/Popeye_the_Sailor_Meets_Aladdin_and_His_Wonderful_Lamp
2142,137,f9924ba3-548e-49d5-ac3b-3c9c1a118226,f9b170a7-a0c9-4490-90e4-c698a0627708,https://archive.org/details/AladdinAndHisWonderfulLamp
2143,1493,2aa8ee1e-c720-4e99-a726-860ec2731a0e,a240105d-4634-438b-8713-49cb254144c7,https://archive.org/details/PopeyeTheSailorMeetsAliBabasFortyThieves1937
2144,149,cf4193f2-3b59-47bc-91d7-534d5df17f65,781749ba-0d43-48cd-8a81-1caf0ed865dc,https://archive.org/details/Bluebeard
2145,450,d1206d60-3b62-45e4-9465-a4f654304888,0224f787-29aa-43f6-a35e-440bfe3b2bf1,https://archive.org/details/PannaANetvor-BeautyAndTheBeast-OldCzechFilm
2146,132,526174f3-7988-436e-8df5-d66a051afb9c,ccb4e47d-2c00-4a5f-8689-83cf7b349d3b,https://archive.org/details/bb_and_the_little_king
2147,1491,e85782ec-aa3a-4919-8ee4-f1205056743c,2ebdf8d8-1c7f-4d56-9801-adb6a86443b7,https://archive.org/details/BettyBoopHalloweenParty1933
2148,129,6fe1e05c-1efc-4a3f-ac82-231417bd6eda,ec51f779-35d2-4d40-8324-41a9faa146c7,https://archive.org/details/bb_betty_in_blunderland
2149,128,8322edab-a988-4b70-bed8-2b059dfd1520,da90f861-4998-4176-ab9d-af1ae594fd9d,https://archive.org/details/bb_snow_white
2150,1240,ae5698dc-4dc7-4a62-8336-45ee3609cfc1,4f0d4b0d-ab55-4459-88c8-a693f7126815,https://archive.org/details/Red_Riding_Hood_1931
2151,127,ff7cb18c-4ffa-4bf9-a2d9-04af1a0b9cc5,91e6b257-f50c-4559-a822-1d11d7fa500b,https://archive.org/details/BettyBoopDizzyRedRidingHood1931
2152,1251,4877ebce-3488-4bc9-ab64-5702c800324e,495636cb-b997-47a5-a998-49fb77bf2bfb,https://archive.org/details/HarryhausenLittleRedRidingHoodX264
2153,1891,7e617181-4b8b-480a-aad0-2db42979f635,9de91766-da5f-4970-aca4-184755af901a,https://archive.org/details/BlitzWolf
2154,1619,cd4c64d8-6265-4f8b-a0ba-3a91e17a9084,0ac08f09-c647-44c5-9283-bc061663eba2,https://archive.org/details/Felix_BoldKingCole
2155,538,cc7d23c8-0716-40bb-82e9-57190d415d6e,663a0535-f49c-4865-ae7e-bd03b1ed8877,https://archive.org/details/JackAndTheBeanstalk1902GeorgeS.FlemingEdwinS.PorterUsa
2156,1277,643f06e0-a96d-4d7b-88b6-803d57698541,479b0387-b7e5-4de8-967d-1d818914f6d2,https://archive.org/details/ConteDeLaGrand-mereEtReveDeLenfant
2157,549,427b9997-c773-4fd1-a8b6-0ecea33c7d49,949a23e2-c10e-4717-8987-455fad7e3dc6,https://archive.org/details/JohannaEnlists1918MaryPickfordWilliamDesmondTaylor
2158,1932,29d322c2-720e-49a9-90c8-ba1a2b619a26,d1c2f110-1d0f-42a5-ba78-4711062e5f65,http://www.imdb.com/title/tt1086798/
2159,140,2b2f329b-8800-4221-844c-b85f8e0ffeb9,e5680c4c-eff6-457d-9fd5-3e6784642bdb,https://archive.org/details/BalloonLand
2160,1548,bc9bf27c-7be8-4fd2-8cb9-d8ab739b903f,4ba67088-b81c-4f7a-b50a-d92feac13eb6,https://archive.org/details/TheValiantTailor
2161,139,d0095565-a7c7-4d07-8bd9-780ff7320b3a,cc47a4ea-f7b3-46d4-9482-ec5ec3d03f04,https://archive.org/details/SinbadTheSailor
2162,1933,3d965c1d-7989-45b8-a17d-9b62d4654150,ce0b5642-c12e-4826-8a32-32b2e2bf88b1,http://www.imdb.com/title/tt1086780/
2163,135,bcfa511c-147a-4b79-a058-8b5586b21149,f0712f08-fd4e-4124-aa9c-3df6f3a2a62f,https://archive.org/details/SOLDIER
2164,1549,8359f264-6e04-46fe-9b82-493f7996fdf9,927217b1-8008-499a-ad36-c4d8aee6635b,https://archive.org/details/TheThreeBears
2165,1934,3fb2a8ea-2726-471b-bfb3-12515b4520a6,1a7021f5-f5e1-485d-8326-4e08a42eb24f,http://www.imdb.com/title/tt1984279/
2166,573,57574b2a-88e0-418f-9906-3474e30f3820,f2c4471b-524f-40b6-9552-a4bdb34db00d,https://archive.org/details/LaBelleAuBoisDormant_519
2167,478,db734d43-ebd4-4456-ab9d-24d09dcd48ba,fe4093c7-c02e-493a-92a9-42cf06dd40ac,https://archive.org/details/Gaslight_201403
2168,1935,583892d1-f5fc-4d2d-a68a-cce0a67a1328,7c5fa8a5-5976-4ffe-bb4c-8f71daf3dcf3,http://www.imdb.com/title/tt3559422/
2169,477,72c47a74-3d6f-42bb-9dac-3d65f2fa2f10,6c9fdc54-cc47-4b26-8d18-6aa39ff4c400,https://archive.org/details/Gaslight_1940
2170,1830,63b54460-cb33-4d50-a156-4fcd36370e95,9719c2ed-bacd-4547-9337-e06c6bc6d3b6,https://archive.org/details/GoldilocksAndTheJivinBears
2171,131,93f2f0a9-1f62-4838-871c-4a971f2313d0,3310dba9-0b8d-4eae-b2e1-0fe88d9d5784,https://archive.org/details/LittleDutchMill1934
2172,1936,de6070b5-fc1e-41f6-89ca-9aa6801186af,d530057a-43e6-4b2c-ae4a-722d07e3fe92,http://www.imdb.com/title/tt2977446/
2173,903,fd9b339f-b3ab-4918-96fe-80e720192a04,80fb65c0-6c65-4374-bef4-8e4d5ca12380,https://archive.org/details/HarryhausenHanselGretelX264
2175,1937,efa36dcf-955b-4791-b829-17c8c4008f30,c8944123-2e88-44b9-92a8-7b729c9eb64a,http://www.imdb.com/title/tt0042045/
2176,811,de85405c-02b4-42f9-827e-a062126d1382,56524d4c-ca7c-45ff-99bb-6f9be38154d2,https://archive.org/details/His_Maj_Scarecrow_OZ
2177,812,bfa1f974-2d1b-48cb-9d5a-bd12df30653d,0e9b8b69-26e7-41fd-8c48-dca12fbcffde,https://archive.org/details/PatchworkOZ
2178,944,111743b5-3c6a-4c64-a993-2522cbef2367,48fca738-5af6-4115-a804-3328bf23af7a,https://archive.org/details/jack_and_the_beanstalk_ipod
2179,936,842adc92-30b6-4b5c-b4fe-9364e2182ab7,70106582-1829-4739-9c98-6599d2e7f031,https://archive.org/details/0932_Jack_and_the_Beanstalk_00_46_40_13
2180,126,a11c476a-43f7-4370-8da4-f72a1409bdf0,91f9fe2a-443b-4805-849f-4716037dbab6,https://archive.org/details/BettyBoopJackAndTheBeanstalk1931_248
2181,1222,c04c760f-f02b-4330-87c4-07419d51495c,bd4cd22e-5c62-4a9b-b440-d7d90ec140d2,https://archive.org/details/LaLanterneMagique
2182,1938,f907555d-1002-4b37-9f9b-09f17b93ef85,b5db4808-a156-46a2-90d2-dd2793a16501,http://www.imdb.com/title/tt0089469/
2183,153,936b53db-fc1a-47c2-aeae-26583b5c4367,51b9e822-266e-4823-91aa-40ceb5172581,https://archive.org/details/The_Haunted_Castle_1896
2184,791,bdbe9593-4278-41f2-a7d9-faf30fe85926,060ea8c1-c112-4f57-bdf9-0b559fd64be9,https://archive.org/details/LePetitPoucet_733
2185,1218,d182cb8f-6c1b-4cd5-95c8-41d990bd0c53,58a27c38-62ef-4d05-bb79-1c324ab07539,https://archive.org/details/LePuitsFantastique
2186,1220,4e9d8e61-1b08-466d-bd8e-718d61f32594,dff49eee-70b9-4037-b837-61a95da3fda6,https://archive.org/details/LeRoyaumeDesFes
2187,1803,176b7baa-0e97-460f-b08f-9203b8b30d91,6916bd6a-ea2e-43ef-ada8-44309968d124,https://archive.org/details/LeVoyageDansLaLune_218
2188,1939,aab30b92-1261-42d7-ba3d-9e5f56c658f3,6b5d6266-e869-4608-a8d5-3755e6fa6a60,http://www.imdb.com/title/tt0096446/
2189,1940,100f9a42-aa82-4cfb-9572-4095556f3d0c,e39aa2ba-7348-4dae-9199-d5e2087c60ac,http://www.imdb.com/title/tt0112682/
2190,1941,d132c4b0-e959-4d50-991f-706a48b1ef49,6efff2bf-1422-423f-aba1-7f03080a9ad5,http://www.imdb.com/title/tt0036077/?ref_=fn_al_tt_1
2191,1941,1024f29f-5046-4c82-858b-5ca39ce7a097,6efff2bf-1422-423f-aba1-7f03080a9ad5,https://archive.org/details/Kismet1943
2192,1942,3d579b39-7f17-4e22-9966-ecc7601a912a,1de751f2-9ed1-4397-a365-8a59e37daa5c,http://www.imdb.com/title/tt0862707/?ref_=fn_al_tt_1
2193,1942,a0d14d9b-2345-486d-9966-2b7d9269c8b8,1de751f2-9ed1-4397-a365-8a59e37daa5c,https://archive.org/details/goldilocks_and_the_three_bears
2194,1943,b911b378-d4d1-4ff2-b4da-03ea3dd44248,8a5b7824-898b-46f6-94fa-fb0821e21f7a,http://www.imdb.com/title/tt0013823/?ref_=fn_al_tt_1
2196,1943,112176bf-24b9-473d-a81a-fbab270c2690,8a5b7824-898b-46f6-94fa-fb0821e21f7a,https://archive.org/details/AlicesWonderland
2197,1005,b19cbc0b-75f2-46b7-82eb-454b69e3bc04,6982eccd-f495-4ed1-bd82-a281cddcce42,https://archive.org/details/theLittleMatchGirllaPetiteMarchandeDallumettes1928
2198,123,189b7eb0-7800-46c3-a7cc-7f15d6556691,5cb58b79-60cc-48d0-b054-e10ecd164dbe,https://archive.org/details/Betty_Boop_Mother_Goose_Land_1933
2199,1944,d2ceacb1-5d2b-4b65-b3be-24a86b9d9316,0f93434a-3733-4ad6-b191-c74360b635f3,http://www.imdb.com/title/tt0268468/?ref_=nm_flmg_dr_7
2200,1944,12dbf160-4867-45e3-a037-b18cb0038bdd,0f93434a-3733-4ad6-b191-c74360b635f3,https://archive.org/details/MotherGooseS
2202,1945,f1559ecf-1bf1-4207-8fa4-c730e65ddf62,6c99f225-bb15-4c40-8072-317381cd8a00,https://archive.org/details/Bmovienews-SANTAVISITSTHEMAGICLANDOFMOTHERGOOSE1967DIRHERSHELLGO659
2203,1946,cfd43b75-1286-4a58-a4ba-dbedeb4a3765,0a58945e-cfd0-4d01-85ec-0deb3702238e,http://www.imdb.com/title/tt0147101/?ref_=fn_al_tt_1
2204,1946,574c3efd-d9df-4f07-869a-20dfe0b62734,0a58945e-cfd0-4d01-85ec-0deb3702238e,https://archive.org/details/Nursery_Scandal_1932
2205,1490,f37dd32d-56fb-4d32-9d10-b44a9586eba8,ac584846-de2f-4283-b821-8228f5c4a912,https://archive.org/details/bb_parade_of_the_wooden_soldiers
2206,1199,b10e1813-8f86-4a55-828c-7b2f48bb41d9,ce831209-aec6-4100-b901-6ffe0c078944,https://archive.org/details/PinocchiosChristmas
2207,1198,cda41503-c498-4447-8de8-db44d71ab450,46744499-babe-43d2-b34e-168758fb1987,https://archive.org/details/TheAdventuresOfPinocchio1978EnglishVersion
2208,1492,549187c9-eed0-4ddc-b1fb-0bd8383c6808,83325f13-52b6-4e7c-b0d6-4ac548e274ce,https://archive.org/details/Popeye_meetsSinbadtheSailor
2209,1731,3a3d3dd0-a6c3-4d0a-be58-c4721c0f8175,34212917-7fd0-4765-9e6a-c43048890fea,https://archive.org/details/RaggedyRose1926_129
2210,894,f0d9baaf-aec1-46cd-9f94-53a743524a08,422565c6-adfa-49aa-bf3d-0dde622e082e,https://archive.org/details/Sunny_
2211,1304,9ccdd768-c0bb-4220-bc2b-56e065e6265d,7c505180-72d3-4263-a554-ed4752738efe,https://archive.org/details/theBlueBird1918
2212,103,b744f231-69be-4f92-b808-3e504e0b053f,f8621fbe-1146-4361-ae24-4063276d6f42,https://archive.org/details/FourMusiciansOfBremen
2213,605,fc94cb5e-a1f3-4886-8f69-98b42fda2de4,43e4dd14-f906-4603-8eb9-8614d46ff87a,https://archive.org/details/TheLittleMatchSeller1902
2214,1947,8a2bba31-1f0d-4fd3-a92a-946c29da0876,9c9e0aa6-5dde-4e8c-b4b8-0ea81779e4c9,http://www.imdb.com/title/tt0947798/
2215,1948,9fabdc3c-cbd3-45ec-a2e7-707d8cb28fc7,24e6553e-11d8-49f4-8a67-74f27cfb7638,http://www.imdb.com/title/tt0096283/
2217,1949,28d8c130-dbe8-4456-a19e-47de60e7b9f6,82f98e79-b234-47e5-bd51-165ab58fe925,http://www.imdb.com/title/tt0241527/
2218,1950,6377822f-7dbe-424b-901a-ab5eec85bcfc,a1c7abd5-15e4-4d65-83e3-ce4b5e9f7641,http://www.imdb.com/title/tt0295297/
2219,1951,c1106be0-8792-4437-96bb-6a055cd5b856,8709cede-cfd1-4125-a6c1-28c7d9b9fb4a,
2220,1951,2309e261-30cf-45f6-b1c5-0c7aaa4e7485,8709cede-cfd1-4125-a6c1-28c7d9b9fb4a,http://www.imdb.com/title/tt0304141/
2221,1952,433b995a-d471-4135-a938-619549f0104a,f451862a-a83b-4d35-abe0-edc1972bc711,
2222,1952,1aceb837-5bb9-4671-88fa-d803cd730a6e,f451862a-a83b-4d35-abe0-edc1972bc711,http://www.imdb.com/title/tt0330373/
2223,1953,7f7d0385-a08f-444d-b8d0-831c186d9f1d,2293b4ed-5429-4faa-94d2-fc1a2e41fe6b,http://www.imdb.com/title/tt0373889/
2224,1954,7b9611fa-3b53-483f-bb62-5df3f7b05634,195899b5-daff-4da0-80ef-09050f77f803,http://www.imdb.com/title/tt0417741/
2225,1955,e494f2a6-dbfd-40d8-8cbf-b609838a7bdb,8d69d282-99cf-442d-b867-92d57b61e2df,http://www.imdb.com/title/tt0926084/
2226,1956,7cdc9db7-ea5a-4f51-bf59-55c30a000a71,67cd698f-15ea-4e90-8bfe-7cb7e22aa3d3,
2227,1956,9f4d5d30-dfd4-4b34-9559-3d9c22e3114b,67cd698f-15ea-4e90-8bfe-7cb7e22aa3d3,http://www.imdb.com/title/tt1201607/
2228,1957,5a11567d-818f-4c02-8d84-c9046c9a3405,83760bd1-756d-4ebf-bf74-d97e88a91e4a,http://www.imdb.com/title/tt0211915/
2231,1959,0ecab383-1c2b-414e-8cfb-62677d7bb690,12d2ea91-bfa6-4ddb-85d3-adfae60b08c7,http://www.imdb.com/title/tt0105643/
2232,1960,a22bd1ab-333e-4035-93ae-76867fb4551d,70496f2c-f744-4336-9d8d-fbf81d75049a,http://www.imdb.com/title/tt0092115/
2233,1961,cca9ee10-f6f5-46ee-bda5-f03c33ccfec0,44e49139-2df4-404e-a4dc-cfe4a7eafab2,http://www.imdb.com/title/tt0420238/
2234,1962,37768eaf-7f6d-4ff6-b73f-b855e0bd26c5,13928a15-9d05-4de7-ba43-32ca46df8982,http://www.imdb.com/title/tt0119196/
2235,1963,385a861e-6505-43ce-9c42-7d18dd944932,9485f15c-0529-426a-80f5-6ef59753d8de,
2236,1963,7525e42b-74a0-4289-b263-4f8f4f0a66d7,9485f15c-0529-426a-80f5-6ef59753d8de,http://www.imdb.com/title/tt0116756/
2237,1964,f38bffec-ffc7-40d2-be65-9c5b57861530,eff151f5-99e7-4d87-8a8b-ae1d0aa7a784,http://www.imdb.com/title/tt0119095/
2239,1965,8543a85b-ba05-4f2b-8031-b34804d1387b,cdf06fe2-f0f6-420b-85f0-67cc235778f3,http://www.imdb.com/title/tt0093543/
2240,1966,04089d12-d662-4d72-be98-0d0bc3d6e6a9,7f379864-06b4-4725-81f8-2a7a32967c68,
2241,1966,55db2fca-6e25-452c-ad79-4261e721531e,7f379864-06b4-4725-81f8-2a7a32967c68,http://www.imdb.com/title/tt0120133/
2243,1967,f6451df8-4880-470a-8151-ded5c3b9de08,4651435f-3489-40e4-bf2b-2aca610d7e43,http://www.imdb.com/title/tt0119506/
2244,1968,3c9573c2-31d4-45b0-a383-3c49bba32703,e54b476a-4272-4a3f-8bfb-3600c13155fe,http://www.imdb.com/title/tt0382295/
2245,1969,043f1607-381e-484e-81fd-e1ba8838ddef,91880213-fc71-4867-92ec-c4c14a00107a,http://www.imdb.com/title/tt0451850/
2246,1970,6868848b-e301-42f1-a34f-68b852062ded,1a3c4d56-aadf-4859-b869-fe74222bd14f,http://www.imdb.com/title/tt0133093/
2247,1971,4b6c5370-7fd1-46c0-8de5-c26603917b2e,f9eb04a4-8623-4d5a-8732-734ede90e5cc,http://www.imdb.com/title/tt0083931/
2248,1972,183a9301-21b5-4503-9f36-62cda7878f97,ab0f06f9-181e-49cd-91c8-a6a9ab393385,http://www.imdb.com/title/tt0042872/
2249,1973,a11e60cd-5a56-4557-8de5-87c51399dc7b,df36fc95-a4c0-448f-b1a5-59860f8dd78b,http://www.imdb.com/title/tt0198769/
2250,1974,c16ed8d9-efdb-4c5f-9136-97d74e384609,6545513b-66bc-453c-8a6e-d339dc0dd9cd,http://www.imdb.com/title/tt0171474/
2251,1975,55984289-4f18-49df-a06b-40647e68c78a,2ab2c60e-f9d9-4e30-b62c-fc2f29359084,http://www.imdb.com/title/tt1013607/
2252,1976,0efe1d94-c1ed-4cbd-a0b5-945ac33296e1,4f39afc2-cd61-4764-b39a-0830979e0d5e,http://www.imdb.com/title/tt0027311/?ref_=fn_al_tt_1
2253,1976,94aa2efb-6d20-4ad1-9c59-c54d912c29ac,4f39afc2-cd61-4764-b39a-0830979e0d5e,https://archive.org/details/AsYouLikeIt1936
2255,1977,5c5d6d22-4063-409d-9e74-8bcd03c242cc,2b40fc64-76c1-4b88-b292-a562ef313c4e,http://www.imdb.com/title/tt0823671/
2256,1978,d54e0cfc-9bdf-4941-a6af-b7c3b7e93a02,41447e04-72f9-469d-a1b7-c9bf2bcdd5b4,http://www.imdb.com/title/tt1216516/
2257,1979,83310e45-1603-4251-bd0c-83f915e11a05,a1d11b74-2f0f-4959-bfec-e179bd989acd,http://www.imdb.com/title/tt1216515/
2258,1980,d67e0a0e-bb18-4808-96b6-1316cd94bae1,1bad324e-3995-4e92-8b08-cf8f2d464fa3,http://www.imdb.com/title/tt1217213/
2259,1981,4a7737ff-cbc2-44cf-8e53-eea4cd454b20,4b02b4f9-b096-4477-b398-67be98923c69,http://www.imdb.com/title/tt2483260/
2260,1982,7617978e-4c49-41e3-b5ef-244a403f7b39,10c2ff72-58c7-4366-967b-f85e9cad504f,http://www.imdb.com/title/tt0308644/
2261,1983,f2282c8a-e323-414d-822a-f3875bd8a4a3,e259eb11-dec2-4b26-8f9b-aa79eaa866ba,http://www.imdb.com/title/tt2999368/
2262,1984,144abe49-896e-4711-9768-a0eeb2eb145f,5a3ee79c-e3f7-4552-9994-20688312b06c,http://www.imdb.com/title/tt0000219/
2263,1985,e852543c-5323-4549-8ac8-ac955ba16809,52f2ab7f-ead0-4136-b303-0efb7e660f23,http://www.imdb.com/title/tt0014654/
2264,1986,5e671235-e82c-492f-8457-ccff4a9ac96c,01391307-c5b3-4390-8fbb-ca9f459d8d87,http://www.imdb.com/title/tt0241166/
2265,1987,1d90056a-d87a-49fe-bc50-b8fa0ecc3875,e76f16af-e2f3-4cd8-8319-1339720eec1f,http://www.imdb.com/title/tt0139012/
2266,348,30b93619-1820-42af-8b67-ec12f47b100f,5768221b-4bdb-46d5-9f8a-4de97115ff7c,http://www.imdb.com/title/tt0055178/?ref_=fn_tt_tt_47
2267,1988,46122d37-758c-456b-b26c-b368a5e7538e,a9a3c4aa-5980-48ce-9968-5b2e0a3a3ada,http://www.imdb.com/title/tt1855972/
2268,1989,849029be-5728-49dc-8b05-aacb7f2912e4,580560d2-3fa0-4ee5-9001-2b54c14e8280,http://www.imdb.com/title/tt1029255/
2269,1990,5084fa8d-40fe-4673-ae18-36938fe8844d,9cc72880-c288-407e-82be-d58f8008b75b,http://www.imdb.com/title/tt0245696/
2270,1991,0a2da51a-7641-4de0-b259-71d017eb6535,c4e25d91-5409-4df0-8208-fa08e2b35dae,http://www.imdb.com/title/tt0029848/
2271,1992,fd33b275-0089-4b88-a0d8-5c4e4b74bae1,62cfdfd3-7632-4f66-8b22-58dba99c15e4,http://www.imdb.com/title/tt0283850/
2272,1993,b472b6e6-ff16-469f-a1b3-a6bced4242bd,24c8c147-d3ab-4a2c-beb0-5b468cc66651,http://www.imdb.com/title/tt0273420/
2273,1994,34b75a9c-4872-4f42-bbd8-18e6a7af2bcf,b20e95be-559c-44e5-b90e-9554b289217b,http://www.imdb.com/title/tt0262557/
2274,1996,5964a878-d222-47de-a75d-8bce177ee83a,d5b489ff-0b8e-44cc-91e4-6f0f1b85c02e,http://www.imdb.com/title/tt0361294/
2275,1997,75866a62-da31-4d8b-ad23-ee87a1a4f9c2,03a00e5b-b456-4d17-9eeb-3911b705347e,http://www.imdb.com/title/tt0239498/
2276,1998,b4f7470c-7f83-486b-9d78-8fc995492824,72a683c2-fa6c-4c18-b407-303d251cf85c,http://www.imdb.com/title/tt0256796/
2277,1999,eeb75b1d-7353-4d45-9def-ad5b055349d7,a045bc56-3799-454f-8065-7c58cca6faf3,http://www.imdb.com/title/tt0390874/
2278,2000,c0caa24f-4655-4b19-87e4-8ddfae08378a,eefeede9-9983-45cb-87d9-a7332e91f258,http://www.imdb.com/title/tt0154126/
2279,2001,bab0d78a-9aec-43f4-b164-f70939ebaffc,06397666-f3ce-4148-aa43-0fabfd70e3f6,http://www.imdb.com/title/tt0320176/
2280,2002,86d173be-b2a0-410e-84cc-54ec4c0652c5,09fdf1ca-cec3-489e-b159-b742d6283621,http://www.imdb.com/title/tt0156275/
2281,2003,49bd44a4-75c7-48a6-a748-2dbc0ea8e0da,a193a697-efff-4b7f-a53e-31d2617c22e0,http://www.imdb.com/title/tt0398671/
2282,2004,ff0542d2-9ddc-4b2d-b573-361a809e24ca,ddd87805-bacd-4ede-afb1-ac1df7a79d1e,http://www.imdb.com/title/tt3704456/
2283,2005,bb1f0dbb-f60e-461c-a728-5fbd4551890c,993f1e94-7026-498a-a046-5c90c7c943aa,http://www.imdb.com/title/tt2144584/
2284,1048,c3e3b5d6-28e2-4b1d-858c-e8c2aa2be941,35c5f5ae-0a08-4eb3-8b17-7d7009621754,https://archive.org/details/The_Pied_Piper_of_Hamelin
2285,415,9be87a35-f667-4f24-a8bd-c18c7fc85474,62e0c6e1-e76d-404b-91dd-55e8792894ec,https://archive.org/details/TheSheik
2286,1841,498a3ef5-7394-4dda-8828-e5871fd3c5cf,42f95026-8cc8-4eb9-81fc-aba2a8d7ca25,https://archive.org/details/TheTamingOfTheShrew
2287,1842,c4205334-38ec-4efe-a580-7b9a7b3b8e4b,e3320eb8-4741-463c-b6e9-e414688aa89b,https://archive.org/details/shrew
2288,814,75cfaa47-e16f-4dca-bf06-3020be01e000,8954870f-b963-4391-8b54-4009d9b0142b,https://archive.org/details/TheWizardOfOz1925
2289,542,31026294-e5da-45e2-8e94-89f01bb97cee,9fe79aa6-bfa6-4992-9375-c66505c704ae,https://archive.org/details/The_Wonderful_Wizard_of_Oz
2290,813,b2f43241-eb73-4f61-9f38-aa20f9e9c03e,e712526d-b2e9-4bc5-b673-76541c455358,https://archive.org/details/Magic_Cloak_of_Oz_1914
2291,2006,266ddbd9-35f9-4106-a065-6f7fbe6aa3ec,6535518f-56f9-4c58-943b-3801068f2f37,http://www.imdb.com/title/tt2316801/
2292,2007,68f15e7e-1cfe-4539-a79a-ab0fbdd21f33,f04096ac-8bbd-4273-b4b4-4734ca15e861,http://www.imdb.com/title/tt0102798/
2293,2008,9156707f-d1b8-4488-a1a7-b0e919e84a26,05b2726d-d1de-44ab-a788-73dc88aedd65,http://www.imdb.com/title/tt0474865/
2296,2010,37538608-859c-4cb0-be57-546d9caa9d59,bed3769f-b7f5-4c62-a7ee-edb97ecbd5d8,http://www.imdb.com/title/tt0111359/
2297,2011,1e66b7a4-4ec6-4dd1-a244-9db4b31661a6,af0dc0a4-b7f4-45d0-820b-d2eb4ea8a275,http://www.imdb.com/title/tt0114663/
2298,2012,158e7f73-7ec2-4a62-b0af-7d0d319f1382,c8fe9854-a6e3-4f24-ac8c-9e1b66951f6a,http://www.imdb.com/title/tt0146315/
2299,2013,8e1735e5-0165-4b36-8902-ce99332bb876,bc1d7f8c-0a19-4545-ad38-fc5f4ded2f9e,
2300,2013,cf276654-2b22-4a9e-a931-236b27cc57be,bc1d7f8c-0a19-4545-ad38-fc5f4ded2f9e,http://www.imdb.com/title/tt1462769/
2301,2014,72996db0-6193-43f1-9268-3c11442db1eb,affffbd6-2ec1-4f24-8325-b8843d9c2ee0,http://www.imdb.com/title/tt0396752/
2302,2015,32eb8e05-fedd-43fe-8468-65cd2253c873,cfa9d7eb-ad92-4e44-87d7-f179ed78979d,http://www.imdb.com/title/tt1415283/
2303,2016,3bea42b8-c2bc-4da0-8d6e-1f293d6e31b7,da71786c-bb7f-4750-ab07-c4a02d173355,http://www.imdb.com/title/tt0430674/
2304,2017,bfb14eff-a855-4b83-a5f2-a4cf411748b9,b3a97596-6be9-4423-ac61-08e4caf0727f,http://www.imdb.com/title/tt0117008/
2305,2018,67b4e7aa-dc99-4c99-a26d-ce85672dfca9,c0e63f4b-b0de-45bf-91b9-a9f8324ce6f6,http://www.imdb.com/title/tt0457419/
2306,2019,2b440444-830e-4527-8cfc-064df0df1d49,18d73451-0efb-43df-a7bf-92e6d3d52a73,http://www.imdb.com/title/tt0396707/
2307,2020,3e2579b9-3af9-46eb-94fe-71f790889fc4,5afcab65-a328-4444-9a75-ca8ae7126119,http://www.imdb.com/title/tt0494238/
2308,2021,e9520eb2-23f6-4659-93ab-65105112183b,107a63ef-cd44-47be-af31-f85073a8bbb1,http://www.imdb.com/title/tt0960731/
2309,2022,f83367cd-df32-41d9-9e7c-6c27ca412052,04d04f05-16db-4d16-a22d-cc8ae11e237d,http://www.imdb.com/title/tt0363771/
2310,2023,6d92696c-7887-46ea-9ee8-80393220e1af,a9b161ce-646f-492e-b8b8-3ba5e8c13d5d,http://www.imdb.com/title/tt0499448/
2311,2024,302efed4-2a0b-4e0e-bacf-5a970ffbaf86,a52944f2-3ba7-423c-b8e3-035d9a8a651c,http://www.imdb.com/title/tt0980970/
2312,2025,413ad685-921c-4967-9f03-8a1466d068d1,41e3a01e-4486-40ab-88d2-53b901bdfa75,http://www.imdb.com/title/tt0473075/
2313,2026,961616d1-f745-4eb2-9784-62f505e7cdf1,fbd76a18-1bd8-4b9a-88d8-b304f15f3112,http://www.imdb.com/title/tt0082348/
2314,2027,254fe905-7bc9-488b-850a-e8bcd8440aa5,f0e89c9b-6a3a-43cc-beb3-339a094f26e2,http://www.imdb.com/title/tt0116136/
2315,2028,d84eb921-e58a-41d8-a54b-f27e813c7d63,6fe3f3c5-3636-456d-a19a-695e2123f65e,http://www.imdb.com/title/tt0120689/
2316,2029,32ca5577-f3e3-4978-843c-c4c812892115,a1e94b3a-4cb3-4390-9539-b1f59f04e797,http://www.imdb.com/title/tt1959409/
2317,2030,1278346e-b7ba-4482-93ad-1572574499d9,c0e3825d-1143-48a6-b550-47a4e0a3c561,http://www.imdb.com/title/tt0016847/
2318,2031,7f782796-d9db-4eee-bfa4-0a622130fc9b,c08f7d93-b384-4944-b7b4-121654899de3,http://www.imdb.com/title/tt0109781/
2319,2032,a9ac2ba6-3fa2-48c7-92ff-7a808c2693f8,758e797c-c6f3-49fa-99c8-e005431e67c5,http://www.imdb.com/title/tt0070608/
2320,2033,62aa88ab-dc3c-4397-943a-5ca0f485d1a4,d2f1dc63-42a6-4f38-a521-8dd886136761,http://www.imdb.com/title/tt3554418/
2321,2035,92f32fcf-ccee-4686-8281-e76ad3612af7,8c4c30b5-81c2-4e40-999b-302478e27100,http://www.imdb.com/title/tt0038836/
2322,2036,9134631e-56b0-4f34-bc4b-7eb7ca6c0344,88933caa-9efc-47a2-9af7-c5bd5782c189,http://www.imdb.com/title/tt0174174/
2323,2037,8e63f7ae-bca1-4226-a6c8-d59f2d285da6,23e72759-e9ad-4f6a-9741-8ea615ec0775,http://www.imdb.com/title/tt0318107/
2324,2039,1c65acc4-4654-4693-8bf6-6ac85edf4930,411d1b63-43a7-47ba-8635-8b226b281a3f,http://www.imdb.com/title/tt2180411/
2325,2040,9a16d18b-a4cf-4b82-abb5-ccae059edbb1,48fbe06c-c9f7-48d3-b598-67cb74a3d73d,http://www.imdb.com/title/tt3278330/
2326,2041,877b0564-31db-445f-8bb7-bf94d26f555a,0d7120f6-bdcc-4106-9dde-cd8c5c303052,http://www.imdb.com/title/tt1661199/
2327,2042,7cae5395-eac9-42e4-a3f4-bf6b19b21ab6,bf3d06d0-0018-47d5-91df-09184eb65665,http://www.imdb.com/title/tt3332064/
2328,2043,c6bb0c9b-363f-4ce3-8cd2-2f7c9ef48d13,77d98cab-0161-4473-a84c-e078a189117f,http://www.imdb.com/title/tt1766175/
2329,2044,10efe0fb-9f66-4985-8ca3-425bfcae6f95,a538e274-c068-4ebb-8793-344f5fe0ff0c,http://www.imdb.com/title/tt2112287/
2330,2045,a4c7c520-053f-402e-a881-a44d629f7cec,24405a92-522a-4f94-b1eb-cb6055feb2e9,http://www.imdb.com/title/tt0080435/
2331,2046,7c311b4b-8ace-4940-9a94-1ce50e674e13,8e4748b5-b1fb-4f7d-b777-0e587804c311,http://www.imdb.com/title/tt1308650/
2332,2047,3b0593f9-6de9-4146-b27e-1b9add075ea7,ed0a6462-d032-4dfc-99ce-0bac6cfef199,http://www.imdb.com/title/tt3060244/
2333,2048,383c1a65-5fb2-4d0c-9cd4-9e6fd81b2164,e36e3339-6768-4355-9cc2-98cc96a928ca,http://www.imdb.com/title/tt2400379/
2334,2048,71ffd856-23a8-421f-87fb-27f55b08c365,e36e3339-6768-4355-9cc2-98cc96a928ca,
2335,2048,008b4383-fab1-4d9d-ad2a-983635eb4c34,e36e3339-6768-4355-9cc2-98cc96a928ca,http://www.imdb.com/title/tt2400379/
2336,2049,3fb2dc0a-8ee1-4d37-b160-e7ca25314fde,f11bed42-6487-41a5-a18a-7384440fa41a,http://www.imdb.com/title/tt0059581/
2337,2050,dac849ff-cca0-454a-ba12-b382b8e51683,fceb001a-2923-4013-ad8d-34dd9ca51d2b,http://www.imdb.com/title/tt0083162/
2338,2051,52f6c759-03d1-4b08-88c8-bd3e053858b0,cc47061d-3290-4d79-a1c5-c0e5fd0078af,http://www.imdb.com/title/tt0345600/
2339,2052,b0af43ae-ba9e-4276-9803-f24338d6b7f7,c46f903c-0bcd-462e-9868-202ec20c9ad2,http://www.imdb.com/title/tt0227684/
2340,2053,1c4d550e-a4a4-447a-8ae6-6a2abf7c1681,d7c39237-cc05-44ce-bfab-a3070b31641a,http://www.imdb.com/title/tt0087731/
2341,2054,03251f68-6d88-429f-b839-f4add287b3fb,4b52faed-258e-476f-bb3e-0eb6b8f2f8cc,http://www.imdb.com/title/tt0088023/
2342,2055,09956354-6bdc-4485-9d5c-4d4a2fb2d4b9,0bde5727-4a34-4c55-a186-c96fa2dc465a,http://www.imdb.com/title/tt0081350/
2343,2056,8617509e-d406-43c0-8116-61a5df7f9148,19ccab0e-3b35-497e-837f-13531aa59466,http://www.imdb.com/title/tt2053359/
2344,2057,9efc87f4-39c9-449b-a85b-101841e202fb,f3b37c4b-fdc1-48cc-96ab-53f99c03bf96,http://www.imdb.com/title/tt0110893/
2345,2058,7d7048be-d54a-4f8e-9227-2000b7f9c162,ce12c0b6-8d24-45bd-8bbc-b00d014604a7,http://www.imdb.com/title/tt0299878/
2346,2059,6dc305c1-f27e-4b49-8cbc-02babae5f989,bb18fb7b-0095-4707-a601-72b9ea58ef3c,http://www.imdb.com/title/tt0496296/
2347,2060,c7b95390-1fbd-40cf-9bc0-f3dec5636382,97d95d21-e9d2-4aa6-ada0-fa1cf5207c89,http://www.imdb.com/title/tt0140349/
2348,2061,53851849-4580-4942-b233-5d9bcc78199b,3717d0e6-168b-493b-ae7a-a3fdb20f06ef,http://www.imdb.com/title/tt2491648/
2349,2062,a76be07c-7842-4c79-9d58-216d051510b1,83f2f554-f0e9-41e4-b169-f675d256e2ea,http://www.imdb.com/title/tt0232465/
2350,2063,4f3f1d30-d58f-4ddc-b6d2-ca7f3d43c8c8,eef556ac-4b03-407f-b3dd-dc75997a639f,http://www.imdb.com/title/tt1342411/
2351,2064,df624db1-c6d2-47a5-8158-258249a760c1,6c3768ec-bd5d-4cca-bc94-4f4d7e2b2067,http://www.imdb.com/title/tt0493107/
2352,2065,69d1b66a-34ff-4391-89c6-13a06b031439,e98c4097-59b0-4cf0-bf66-e14886975c12,http://www.imdb.com/title/tt0202703/
2353,2066,9c521517-5b4b-412e-a31d-85251e2406a9,16a24712-5b1f-4eb1-93b6-352220240a62,http://www.imdb.com/title/tt1706591/
2354,2067,327f9d00-7717-4a56-8b24-4f0f21741249,0d86708a-1a70-4e50-b097-910f4f0d4011,http://www.imdb.com/title/tt0113453/
2355,2068,6853fa09-b866-4ef0-a96f-07f419d58264,26cdf7a0-daf8-4925-ad0d-ab4a811f5936,http://www.imdb.com/title/tt0052721/
2356,2069,7c912159-9f52-4f27-bf79-a4fe82c417c1,1d24ae95-4b49-44f7-aa4e-1f3c6423f813,http://www.imdb.com/title/tt0281707/
2358,2070,65e5f74f-1517-4688-9c25-f243e1ad609a,90b02794-29e5-40ca-be52-eac773595b79,http://www.imdb.com/title/tt1176442/
2360,2072,02dd21c0-458c-4d45-a03f-c20e9e04d3b1,73299ce8-8b18-41a1-a90a-1b6d70ca8364,http://www.imdb.com/title/tt0094054/
2361,2073,0999d245-e8cd-4359-997f-660d44824e7d,d026d607-1d1d-402a-b0d5-9fdda53bfea6,http://www.imdb.com/title/tt0086627/
2362,2074,7c44a77a-d389-49d5-88cf-4d8c7a38acd5,1766ca11-746c-46e9-8500-0ef943e3daeb,http://www.imdb.com/title/tt0074960/
2363,2075,69ad8fbf-2434-41b6-a9f7-c0d61e6f162a,41d61157-a387-419b-a1e6-71df33c417ce,http://www.imdb.com/title/tt0122558/
2364,2076,6be430b4-758c-4546-bdf3-8d8cdc3f298e,f584e880-be6d-40c9-9e03-1f1ee42585bf,http://www.imdb.com/title/tt0053056/
2365,2077,c11ef673-9e20-4ac4-9dd4-a4b21f9b1b78,d1a36c63-93c9-4782-bc9d-f6d1e8d134ea,http://www.imdb.com/title/tt1894416/
2366,2078,7f494f4d-b430-427f-a426-bb190b1578da,03a8591a-ef8f-498d-bc1b-9143a4a4b843,http://www.imdb.com/title/tt0344350/
2367,2079,a91613bd-ec73-4445-ad60-6ac6c68fb9d9,6de9ad6b-351f-469a-8cda-0a15bb754d1b,http://www.imdb.com/title/tt0350027/
2368,2080,4dd74041-2831-4de5-a7d7-08ea0aafb3d3,95d9f67c-22ce-4577-8843-a88ec9534dda,http://www.imdb.com/title/tt0344490/
2369,2081,931954e3-6b5e-49a6-a7d4-19e01047ee82,9822b2c8-f965-4d22-85c2-c3ce5da9ff17,http://www.imdb.com/title/tt0342179/
2370,2082,5c91826e-b167-4591-afc9-89363622800a,4917e659-1bc3-4029-a17d-490d40dfa919,http://www.imdb.com/title/tt0074643/
2371,2083,cf1e94a5-6c79-41b1-bd67-9ad00619c489,b8e0e4b4-82d0-4053-833d-40b3e343f4d1,http://www.imdb.com/title/tt0204636/
2372,2084,bdf64226-a46d-4857-9c75-2c38178e98ad,3fd36c51-ffda-4ef8-931e-058e93c2b49a,http://www.imdb.com/title/tt0204232/
2373,2085,965b7bc6-5296-4b11-a5f0-bfc4fc8e524b,037218c5-2551-4b26-89b6-4bd15fd19276,http://www.imdb.com/title/tt0081238/
2374,2086,4be08c8a-06a8-4aa4-9523-cef3f2344448,1a99e99a-440a-4838-b4bf-3ad9c0671fbd,http://www.imdb.com/title/tt0119568/
2375,2087,89d9c221-a136-404e-9316-e4e4a2e4b262,9762134d-a3fd-4969-ad31-f7148194155c,http://www.imdb.com/title/tt0117222/
2376,2088,e495072e-4a65-489f-a2b8-35aea230c98e,cb9b59b1-b1f6-4a41-aacb-ce0e955b1ea8,http://www.imdb.com/title/tt0119816/
2377,2089,f5abef22-2d50-43b0-b737-3ad61ed88b18,f7634d9a-a971-47fb-9191-afc99310ce03,http://www.imdb.com/title/tt0171585/
2378,2090,dae7ec64-7705-4f8e-bc1c-c55fb889604a,02af1f10-a269-4f5b-8035-4048d9f0acfa,http://www.imdb.com/title/tt0295514/
2379,2091,1800f854-4bc7-4a3f-b2a1-6e12378c5c3f,2e4a2983-6ac8-4335-a9ec-5d31d7530f23,http://www.imdb.com/title/tt0775461/
2380,2092,46f63914-f37d-4c0e-a601-29c13cc051bc,1b02073e-4115-49a9-b5e8-3d9936cea180,http://www.imdb.com/title/tt0092283/
2381,2093,d697a353-8134-4168-80c6-90444814aafa,05495ee5-3965-4408-ba91-f9511f3d39e5,http://www.imdb.com/title/tt3281118/
2382,2094,1c8df69b-25c7-4c02-8422-e9eac439bad5,cb37ae51-9b8f-405a-80cd-ca9fd44a109e,http://www.imdb.com/title/tt1580005/
2383,2095,5e3128d7-a3b0-41aa-9386-41c2b4a6523f,f1d21671-4f3e-41bf-8b10-57c3291611af,http://www.imdb.com/title/tt0415481/
2384,2096,4c623b0e-0114-432b-8a5f-a84a3ac4811f,01a39bbb-e06f-44b1-8a04-c7f1165ea62a,http://www.kinokultura.com/2009/23r-babka.shtml
2385,2097,f55e5e0c-a703-42a7-b867-f40a5231aeb3,18358efe-cd5b-4d4d-9fbf-74b02c3338d1,http://www.imdb.com/title/tt0176875/
2386,2098,426297d5-e121-432f-b7f1-b6fb6b8408d1,4c2bad14-7edc-4e40-b576-c747b11c9891,http://www.imdb.com/title/tt2393769/
2387,2099,aa67b3b2-72a6-4277-987d-fb54f9621c53,12836848-1694-4a14-8f9d-10e8ce35a214,http://www.imdb.com/title/tt0174206/
2388,2100,1b603755-14dc-4ed9-868b-fe37ec7ab18c,b97d0aaa-2600-439f-9fe9-93bdf520c6f3,http://www.imdb.com/title/tt1070792/
2389,2101,31fd3a77-95dc-4b1e-8684-7c8b70f534a3,9d5e7db8-4b42-499b-be32-7c1d7a23fa6f,http://www.imdb.com/title/tt3194482/
2391,2102,2f53178d-db5c-4d4d-a92a-d91a6309f795,477376df-a716-499b-a83b-15cf8bb1cd23,http://www.imdb.com/title/tt1340581/
2392,2103,4525b92e-5a16-424f-9ff3-a633a6fa079c,e78c7ea4-1c54-4f11-927e-f8f5ef191093,http://www.imdb.com/title/tt0171765/
2393,2104,6e04f628-95c9-40aa-be8a-09ecd67ad8a1,2074f750-3f74-42e8-bd5b-cda1279902cc,http://www.imdb.com/title/tt1189893/
2394,2105,76064f24-00b0-4856-95bc-7669c73d4bf1,cced131e-ece6-4483-abf2-f14c2991f75d,http://www.imdb.com/title/tt0049358/
2395,2106,e36dff08-fbdc-4e03-9bb0-668a47c40b28,b4eef531-cc12-4838-a9e3-2d588c0b82b8,http://www.imdb.com/title/tt1636629/
2396,2107,e8f0191e-b2fd-4bdd-b61b-b7f739249617,6fa731fd-0a3a-4f1c-ac2f-98a8f399b8f6,http://www.imdb.com/title/tt0144608/
2397,2108,3b75b257-86cd-4723-996f-ca581bcf3d34,d1c06781-5c8a-4b58-8e36-88478a56e50a,http://www.imdb.com/title/tt0167227/
2398,2109,80c55a30-61d9-4c8e-a5b1-b40dd7ab958f,8785cd44-c5b4-4667-8a18-02ef447f33fc,http://www.imdb.com/title/tt0046056/
2399,2110,4b38c379-6cab-40fe-8fde-8f3e02be2df6,2b8ccd31-3e87-4fc0-9537-5f9572f796bb,http://www.imdb.com/title/tt0015175/
2400,2110,6051ed63-adf2-4e0a-9dc4-53b6ee8bc8ff,2b8ccd31-3e87-4fc0-9537-5f9572f796bb,http://www.imdb.com/title/tt0015175/
2401,2110,13014b5b-39c0-4ff2-9c33-e808487dad34,2b8ccd31-3e87-4fc0-9537-5f9572f796bb,http://www.imdb.com/title/tt0015175/
2402,2113,8493ba81-fda0-4e59-a5bb-374e20ae1120,9cc15022-76a1-4e29-9733-c1675d21fabc,http://www.imdb.com/title/tt0015174/
2403,2114,82bc73eb-6262-463b-8999-d02768df5519,db4b9a79-bd66-4034-9cd1-11b08d387cd4,http://www.imdb.com/title/tt1577065/
2404,2116,eb595fab-ee2d-49ce-8460-538e94c810f8,b0255932-f818-4055-9ca0-8479e14f4dda,http://www.imdb.com/title/tt0800276/
2405,2117,f48a5761-2ef6-485a-99ad-929f79365cef,65c6a627-c79b-400a-8d72-a7a2b89fd4b6,http://www.animator.ru/db/?ver=eng&p=show_film&fid=7691
2406,2118,a94f7c1b-9deb-467d-816a-073f932f9691,5004a604-46c4-4dbc-9a73-306d0540cbf7,http://www.kinokultura.com/2009/23r-babka.shtml
2407,2119,0cd72a33-c285-4b78-b40d-0363d2a1dd23,6eddcb48-bb58-4d14-a72d-3fc655dace16,http://www.imdb.com/title/tt0425313/
2408,2120,0fa5c647-1c0d-45ba-a431-3887bba0dc8a,f66a8a66-2f31-405b-a4ea-6d9df927e2e2,http://www.imdb.com/title/tt0030593/
2409,2121,d03a4bcf-4792-47ca-8c3f-c41c733354ea,ffb05bfc-7d70-479d-a5bc-325394a5be4f,http://www.imdb.com/title/tt1070879/
2410,2122,5cfd3dec-3be8-412e-a573-5e216c159766,54dc3a83-d975-4a5f-bca5-6317ede646e6,http://www.imdb.com/title/tt2141789/
2411,2123,d260fa9a-4dc9-444b-8032-c8cf060805e2,498e91f8-e4ad-475c-9024-134cc8ffbc36,http://www.imdb.com/title/tt3338434/
2412,2124,99cc8cdd-a913-4963-ba86-32d33c08db24,8a2d86a2-9a25-48b1-9aec-ed6eeb0b1c96,http://www.imdb.com/title/tt2111403/
2413,2125,66365745-19fb-4749-906a-a6a46ffd5311,36120355-9e60-4286-b238-6e927eda8c24,http://www.imdb.com/title/tt0217841/
2414,2126,e862f410-6bdb-431d-89ad-1293f31038e6,574b2ebd-cd2f-4963-abb4-1311b98c3bba,http://www.imdb.com/title/tt1070864/
2415,2127,7067d5ac-0a95-4cd2-8492-5b7051c48f38,24ee9901-cc2b-4b6b-bde7-1f2d4816e214,http://www.imdb.com/title/tt2234421/
2416,2128,bf1ddfbf-a894-448f-a879-3d2eadc15a82,bc85680f-5e59-4ac1-936d-41fc141da413,http://www.imdb.com/title/tt0080037/
2417,2129,97adee0b-1554-47b7-b6ad-9fb3c450dc17,15ab167f-0979-4f54-b671-18ca187e04ee,http://www.imdb.com/title/tt0061121/
2420,2130,08df1b5a-4c95-4dfc-841b-56ab0eae4aca,15906f86-2fc0-473a-b6df-e1661968891d,http://www.imdb.com/title/tt1796657/
2421,2131,8b43f49d-de17-44a4-9b21-71ef6d37fb6e,324b664d-a443-4d2f-9572-aff844cf7379,http://www.imdb.com/title/tt2592484/
2422,2132,b06b8675-d4fc-4083-9c9f-7c2c8325642c,2f256e9f-8189-4b81-a5ed-53218959f462,http://www.imdb.com/title/tt1814614/
2423,2133,4dd7cddc-930f-4295-8b23-11e90151c12e,3691f46c-64a7-4458-93f0-87847456bc16,http://www.imdb.com/title/tt1167675/
2424,2138,59e34480-546c-47c4-ae9b-f5ebc91b7adb,1da5ac30-5124-4690-bd69-787ca59a20c2,http://www.imdb.com/title/tt0233181/
2425,2139,c434094f-fcd4-410e-bc00-1c6e18366923,7c6cccea-94c7-4708-92dc-6e997b33f77e,http://www.imdb.com/title/tt0325527/
2426,2140,1b8909ef-0992-4c10-bbdd-eaae81d74b15,d6cabeab-6cea-43fd-945e-2693150c84b6,http://www.imdb.com/title/tt0188580/
2427,2141,ab7c70ae-87cc-4fb1-ad61-24d811e86d6b,c8849f52-7c0d-4c0f-8f0a-0a7c5a6edee0,http://www.imdb.com/title/tt1701992/
2429,2144,af73eb89-e05d-449a-82cb-8a874c462882,3e79d836-09f2-46df-a0c1-7acf31eb4917,http://www.imdb.com/title/tt1063671/
2430,2145,6635f741-869b-462f-a38e-28c9b21fb831,f50080ee-7f44-4683-a555-68033c1c52c0,http://www.imdb.com/title/tt0074121/
2431,2146,f676a868-e65d-474a-bd5f-8193c790a3a2,42283d1f-aa94-40d3-953a-befc02ddaacc,http://www.imdb.com/title/tt0046159/
2432,2147,2665071c-b131-42b9-8bc7-b16696f5508f,ff9ec1b6-7f53-4fb4-8b70-48977441578e,http://www.imdb.com/title/tt0132022/
2433,2148,4438f7bf-a708-4654-b95c-ef5e2b720106,c2ef5b81-2a58-47ba-8004-2ce9203157cb,http://www.imdb.com/title/tt0278332/
2434,2149,86129d53-40f2-47fb-bedf-378bca8d894d,37c063c9-cb12-4f53-b046-2405d399ff07,http://www.imdb.com/title/tt1693039/
2435,2150,c37acd1a-81fd-4c4c-8566-c46670358263,5ccb1de4-eb0d-4558-ae83-5190b4a944bc,http://www.imdb.com/title/tt0438955/
2436,2151,e531de3a-2f4e-4edc-9cff-8799fa4e8a48,daaccc2a-f0c7-40c0-812c-b5f360f4ed66,http://www.imdb.com/title/tt0050817/
2437,2152,0818758b-951c-4ea3-bfa4-ead6a0388a5f,7ee9b2d3-9662-43d0-9e48-840c6787ce14,http://www.imdb.com/title/tt0108745/
2438,2153,3bae671e-52aa-4e62-857e-16cb32b034a7,c6909cff-7d20-47c1-ba51-9ebdccedb0ad,
2439,2153,979648ed-1685-4b0b-83d0-03af9748150a,c6909cff-7d20-47c1-ba51-9ebdccedb0ad,http://www.imdb.com/title/tt1465513/
2440,2154,86895158-5474-41f3-8d1f-d93f72accf06,32eab5eb-5909-48dc-a565-c5f94d88fb2a,http://www.imdb.com/title/tt2186404/
2441,2155,92fe00e0-4e36-4c2b-9e47-cbb998b7dc62,544c9c19-df40-406f-bff5-ff8392542b09,http://www.imdb.com/title/tt0109277/
2442,2156,e8bf3765-0513-4bfb-9384-ce1cae980cb5,2dd7722d-579a-493b-8787-cefb540b88fa,http://www.imdb.com/title/tt0092043/
2443,2157,6bfb2f49-9407-464e-bdc0-38f9130952c2,4d3e1dea-53d7-4cef-b0c8-de5146a0bd68,http://www.imdb.com/title/tt3477554/
2444,85,d7059ec8-7465-4f33-a708-cfce9cbc3dad,a367d7e0-2e29-4501-9008-c88209219a3b,https://archive.org/details/the_snow_queen_1959_animation
2445,2158,0868b325-f300-4a2f-9685-29888307e01d,68e48ef8-7317-44d5-8a36-cc3c4e442588,http://www.imdb.com/title/tt1612765/
2446,2158,f7054e5f-09cb-4e0d-ad2f-81ce2eb53307,68e48ef8-7317-44d5-8a36-cc3c4e442588,http://weather.ee/snowqueen/about.php?v=2
2449,2160,ed6d2f3e-eec0-4042-b175-3caf5a225050,b5460c1f-1903-40e5-93a4-942e9d79309d,http://www.imdb.com/title/tt2625920/
2450,2161,550cf2ae-03b7-45c3-bbad-9bcbcfa6df50,7674f8a0-1367-4142-860e-95230a76caba,http://www.imdb.com/title/tt0101294/
2451,2162,111371e2-ed1f-414e-98b9-4199fc6bf2f2,cc7b77b4-9bc1-4e32-be14-2a226abfedf6,http://www.imdb.com/title/tt1550635/
2452,2163,348b07fe-da21-4c5b-9734-cfa7be88de64,e278646f-cfcf-4c27-86b0-3f71a5bb4dab,http://www.imdb.com/title/tt2287348/
2453,2164,0b78c52e-a078-40ea-91a8-4a850162d9ce,11105d0d-4560-4034-ad35-b15231a9a4a3,http://www.imdb.com/title/tt2240978/
2454,2165,837541cf-87fb-4d48-a68a-10a3f3dbcb75,766b759b-381e-4d84-82d2-940f0958b14d,http://www.imdb.com/title/tt1270761/
2455,2166,787fdf52-f4f2-49e6-9164-1ab3f99394e4,e48442fd-e045-4248-97a2-933ef242666e,http://www.imdb.com/title/tt0274470/
2456,2167,c952826b-3233-422e-988e-87a1c77c5c7d,cb448e9c-c51f-4fd6-a473-e86c298af387,http://www.imdb.com/title/tt0104254/
2457,2168,0c630f9d-608b-4a71-be8d-d4c66ea4eb14,e56f6f67-2fc9-4ce8-bc6d-b2dcdd420e46,http://www.imdb.com/title/tt1179766/
2458,2169,d584b655-2a5a-4bd9-b5b3-8350378b9c6b,9d34a227-a22c-449a-af45-31e35aba4866,http://www.imdb.com/title/tt1460002/
2459,2170,20377e41-4da5-4cab-8406-62cde6df2992,834f5e3e-b81b-4dfb-a701-b795e8157075,http://www.imdb.com/title/tt0382734/
2460,2171,91ec14b3-c505-49ef-8aa4-8ceb91ea57a8,945f6033-2d42-464e-b61e-98aaa8e7a770,http://www.imdb.com/title/tt1220710/
2461,2172,2a6586db-1f26-4f67-bf56-78ffaea7bbde,f0af2178-db39-4275-8523-90c953e53df9,http://www.imdb.com/title/tt1669698/
2462,2174,61c37046-e715-4a76-8bf9-c13177f0be7c,d21751b8-846c-4e3a-8d8a-55f27e49c40e,http://www.imdb.com/title/tt0295943/
2463,2175,ac79446a-df99-4859-b08c-2eb7fb06181e,539e9efc-5560-4adb-97de-3e01330f4869,http://www.imdb.com/title/tt2575984/
2465,2178,40ec1555-640e-4f29-98c4-544677be6c7e,6d67c435-c64a-4286-98b9-8b7e87f0c6d3,http://www.imdb.com/title/tt0398808/
2466,2179,3f95fbfa-6644-4150-b303-9c649665ed5d,a482e303-46bc-4d8d-9fad-2d792e2dc97b,http://www.imdb.com/title/tt0416236/
2467,2180,db24fe9e-cc0a-4a8c-8ffa-c63fc9c33e9e,a207985f-3bd2-460b-a186-35f2785e4d47,http://www.imdb.com/title/tt1861421/
2468,2181,f5a11b34-cf2e-421b-b6fa-1ff751eec971,95e1b936-8d7a-45b7-9045-6c4ee3eb1772,http://www.imdb.com/title/tt0043439/
2470,2182,2d02b6e2-589e-4dc3-bc77-3be56cf80b4a,1ac19c2d-9d42-40fd-ad7e-0ba57ba00c8e,http://www.imdb.com/title/tt1754513/
2472,2184,9e76e80d-24cc-44c0-aa8f-759c5b0da82e,37fa6649-7631-4799-b22c-6ab7dd2c0d21,http://www.imdb.com/title/tt0087606/
2473,2185,d288bf5e-5acb-4a0d-b1e2-80e40a51ff51,99c83f94-5da2-4ada-9c09-2549566061a3,http://www.imdb.com/title/tt0094349/
2474,2186,813c5ed9-b4f1-44d4-b169-edaa9d864573,7d6c82f5-79e7-441d-841f-81f32bdab680,http://www.imdb.com/title/tt0466399/
2475,2187,19eba793-1f4f-427c-9ce2-b84a0091816a,835659ab-90d9-4cd3-9eac-7506d159ed31,http://www.imdb.com/title/tt2105015/
2476,2188,19a78ecd-aaa7-40c1-b97f-eac44c506db8,f3cfa0c7-de1f-46ea-a70d-b4533d2445b6,http://www.imdb.com/title/tt3822802/
2478,2190,fe944d2d-eceb-4cf9-b5b1-df4752b4aa7b,0214770a-ed38-480e-8475-e1372c91ea2e,http://www.imdb.com/title/tt0029843/
2479,2191,722c8520-b416-4342-8ac3-c7d8a2cf76bf,ed8fdfd5-621c-4870-a6cb-dff221a06a49,http://www.imdb.com/title/tt0101600/
2480,2192,26190294-c8db-46ac-bdbe-94e321a18970,4bd51cd4-1622-4880-97da-429c2efdc66e,http://www.imdb.com/title/tt0395461/
2481,2193,c6120bee-de0c-4e7c-a151-687f6aa5dba9,f843dc99-d00a-4906-bff2-94060a14f185,http://www.imdb.com/title/tt2321549/
2482,2195,0b6762b2-f10b-4f70-a66b-6ccf36a8c209,4b291da0-9454-4372-a1b5-cf651a7fd913,http://www.imdb.com/title/tt0002056/
2483,2196,137137bb-4f51-474d-a8ea-26631c65ac0a,a95979ff-404f-48dc-8922-d4112b9e5e9f,http://www.imdb.com/title/tt0424963/
2484,2197,d9f82b74-3e17-4d6e-9c67-af39f2c80e20,d7cd3f31-25df-4d50-b660-0efa69c5398a,http://www.imdb.com/title/tt0246593/
2485,2199,d66804e1-8b3a-445c-803f-49cebbbe4d37,3241b76c-b86f-472b-80e2-630d6868861d,http://www.imdb.com/title/tt0102684/
2486,2201,59f82140-9035-412f-a18a-f1645743ea54,e2826a2a-78f4-40da-a1c1-48e8616ee1fb,http://www.imdb.com/title/tt0078983/
2487,2202,3dc1fd4e-105a-4fff-8b4e-8017db7ef9e9,a8ae8aa0-0e2a-4e44-989e-fc8d8938b77c,http://www.imdb.com/title/tt0099285/
2488,2204,9105d9bc-7500-47e5-a055-c386aab618d6,45837f17-7775-4ec5-bd35-5320b0d636f4,
2489,2204,29138cec-dd88-42d4-992d-e3ebf6500b72,45837f17-7775-4ec5-bd35-5320b0d636f4,http://www.imdb.com/title/tt0107997/
2490,2205,d7760413-c8c2-42b6-b19a-b11461c208f1,ee6e872a-153a-4f20-b833-40de9f16c156,http://www.imdb.com/title/tt0067575/
2492,2207,ea2473e3-5f8f-419b-902e-a5a0521ac44e,c4718f90-90c1-4178-bc04-2ff65b75264a,http://www.imdb.com/title/tt0352312/
2493,2209,8c4a2b2b-ec9a-403d-858a-b23be510863f,66ef7b73-e1e9-4d58-96a0-5d7cf9cf98a9,www.imdb.com/title/tt0057197/
2494,2210,9eeef45d-1b88-41a4-abe6-3f4574d2a4c8,2ff6422f-2191-4053-a3e8-6d0a89201735,http://www.imdb.com/title/tt0217579/
2495,2211,d77bcc92-0c40-48b9-ace7-81a0a44454ee,4f9a9222-0215-4b2c-a893-834c28a7ac9b,http://www.imdb.com/title/tt0205070/
2496,2213,de057240-64d1-4881-91df-4533ba61217a,49d2c7d8-ee1e-4122-a156-48bb31a7997c,http://www.imdb.com/title/tt1684936/
2497,2214,8574e100-3843-4818-85ad-efbae203a778,6489b39b-2a50-4e65-bb05-e8ee193e82d9,http://www.imdb.com/title/tt3717016/
2499,2217,5a29d25d-6996-4b20-95cc-b2c37477290b,a7cffb9f-8070-4099-b2b9-d5f9e14a81ee,
2500,2217,093ba872-4005-429f-ae2a-1dc3b8a6105f,a7cffb9f-8070-4099-b2b9-d5f9e14a81ee,http://www.imdb.com/title/tt0088216/
2501,2218,0687faeb-5a11-4a6b-a7fe-3b8bd4602731,d0d3ce42-6c73-4461-b051-0a67f54874e0,http://www.imdb.com/title/tt0177838/
2502,2220,9ffd0dae-5650-4463-b280-a4c38ef34a32,6311eee0-36dc-4bf4-9657-b3079ec81466,http://www.imdb.com/title/tt0166227/
2503,2221,6201fac9-f8d5-4295-9946-cecff280b88b,33a01f54-abda-4e58-8c6d-78d95553b52f,http://www.imdb.com/title/tt0778749/
2504,2222,65a5a2fb-eeee-4c46-bd76-23bf09b4a2cb,b4a98e63-9f00-42e0-8a92-0657a87dffea,
2505,2222,4fc7e8df-deec-4fce-899f-e26e1a5fc992,b4a98e63-9f00-42e0-8a92-0657a87dffea,http://www.imdb.com/title/tt0107251/
2506,2223,ca58ef07-9859-49d2-9e3d-cafbe7c1416e,64bc93c5-98df-41ae-ac2b-3ad998efc230,http://www.imdb.com/title/tt0093798/
2507,2224,88c6ee09-4013-4bb6-91ed-b88ccdcb247a,12320db2-7535-48a3-a091-88151a309856,http://www.imdb.com/title/tt1399070/
2509,2226,4a11d4e5-e436-4c59-ae4a-eaf9ca136abe,73e7700a-6f97-4dc2-9c9a-886e4b3f0b5a,http://www.imdb.com/title/tt0051830/
2510,2228,d7c3f783-eb76-425f-b14f-23594f278ac8,ae3f7e52-2fe8-42c9-9ff9-737689239a8e,http://www.imdb.com/title/tt0466174/
2511,2229,3f417283-0edf-48b8-9e8f-f93923ea1275,3d7d9e33-60a7-43d1-90e8-d0de3eabd150,http://www.imdb.com/title/tt0207465/
2512,2230,ed893896-8758-4297-bdf1-1ba00a351219,29aa9a6e-b068-423e-b136-4949e14ef065,http://www.waltmovie.com/
2513,2230,4dcef14a-4d75-4e5c-8661-50cea2f0cccc,29aa9a6e-b068-423e-b136-4949e14ef065,http://www.imdb.com/title/tt3402880/
2514,2231,d65dcdc8-9a07-44da-a4c4-f28aae4134b6,b6995907-4fb6-4c02-926c-fbb00bc7b359,http://www.imdb.com/title/tt0044671/
2515,2232,c703793a-cf9b-483f-995c-40616b99636a,1e657c61-f1a8-46b0-a0d5-0c8ee0844fdc,http://www.imdb.com/title/tt0970179/
2516,2232,36516a8f-908a-48f2-83da-f6e09c90c316,1e657c61-f1a8-46b0-a0d5-0c8ee0844fdc,http://www.hugomovie.com/
2517,1752,eeb5a29c-b0f7-4a5c-84a3-5183d5fae100,644e24a1-a32f-4cf8-b391-72ab2a103fcb,http://www.ajbond.net/bluebeard.html
2518,2233,ffaeb751-44d8-45ad-b788-5f669de718dc,751cd7a1-b9d5-482d-adcf-2839608639aa,http://www.imdb.com/title/tt0076497/
2519,2234,35d2641b-0519-491c-b218-3ae29655d1c6,fc1712b3-6b6b-4c29-90f6-613cba18d0c8,http://www.imdb.com/title/tt2140373/
2520,2234,6c35d841-03a1-4c24-91ef-4334c6e3d45e,fc1712b3-6b6b-4c29-90f6-613cba18d0c8,http://movies.disney.com/saving-mr-banks
2521,2235,a2c90a5f-9934-41d1-9b9f-379e8ee88f2c,9ac18ba1-766f-4ffa-b192-1b9e331263bc,http://www.imdb.com/title/tt0402710/
2522,2236,97fa0029-ef0e-4529-a46b-2a36d1d005f8,0011248c-6d55-4f65-ad55-45a7062e367d,http://www.imdb.com/title/tt3154310/
2523,2236,f2ec6f99-8cc2-4fd2-8a5a-0b902d6b1f24,0011248c-6d55-4f65-ad55-45a7062e367d,http://www.waltbeforemickey.com/
2525,2238,82adf189-c73d-4c46-a62d-9e623956ea06,5474e63a-9c66-4b89-98dd-185bab3d8680,http://www.imdb.com/title/tt0101889/
2526,2239,ed71323c-2a20-4068-88bb-9ece364e982d,c7bdae4b-9e8a-45d0-9b50-99ac18f5e8b0,http://www.imdb.com/title/tt0256380/
2527,2240,9ef97d43-9e01-49e5-9450-c9bfd5ad29de,8da951b9-7f8e-4d80-ae96-15941261a87b,http://www.imdb.com/title/tt0974661/
2528,2241,47286e5b-a778-45ac-ba7d-16d9d8b63faa,9864802b-e050-4725-bf94-3a4e1e66cda0,http://www.imdb.com/title/tt0107048/
2529,2242,b86adda8-ab5b-4a75-8a47-9a001fed8316,a284a2eb-8a67-4969-915f-4026fba857c6,http://www.imdb.com/title/tt0102945/
2530,2243,633467af-a610-4bce-891a-3cdab8c5287e,3fd92935-69ba-4825-8dd8-6cc9c01d3b75,http://www.imdb.com/title/tt0199626/
2531,2244,da7e762d-c059-4229-bdfe-a5f093209cbb,455327e5-a4a1-43fe-9b4a-4947171ea23c,http://www.imdb.com/title/tt0124298/
2532,2245,4696ecc2-cd4a-48d6-9434-578d8c523e9f,0b98dcf3-f108-476d-ba8f-8f329c77fa7b,http://www.imdb.com/title/tt3203616/
2533,2246,e8b36804-e34f-4ee7-8519-b8d35742a6e2,8b37a793-aa31-472e-ae9b-e0d1fcef8852,http://www.imdb.com/title/tt0095294/
2534,2247,c3449585-2a8c-446b-b4c2-4f98f818dc70,66e4b8fb-023c-4610-b13c-3e1fdfaaed4e,http://www.imdb.com/title/tt0115751/
2535,2248,2e46c2f9-917b-45c7-b953-69094aa03fa9,f2851fa8-0077-4d7d-a6f1-9964ba6dc111,http://www.imdb.com/title/tt0151738/
2536,2249,d44a00d5-a27d-4d3f-a754-938b160f742f,acc0100e-312c-4676-bf15-141be01e33c9,http://www.imdb.com/title/tt0259446/
2537,2250,5fdc38e4-50aa-416a-bb23-767bea402819,f74a4b6f-5296-4ff8-83ed-89f01e6af3d4,http://www.imdb.com/title/tt0369735/
2538,2251,5a2957bd-1363-4fd1-b85c-87470dcd811a,70f00811-d5bb-4023-af7a-43ef31268758,http://www.imdb.com/title/tt0458352/
2539,2252,43980fd2-b341-4524-9f23-748d270d3fd3,948cf6b7-df76-44a4-a8aa-6d407987abd4,http://www.imdb.com/title/tt0119738/
2540,2253,9a28332b-1492-4238-be89-42452f7d37aa,4cd2862b-8054-4e10-918f-a66f5bba16f9,http://www.imdb.com/title/tt0315327/
2541,2254,e772ee0d-626a-4ccb-a303-b47102a91bc7,c68b79ff-f86e-4344-afe1-2f0ca5df8767,http://www.imdb.com/title/tt0117666/
2542,2255,30a2e09a-57f7-4485-aa57-de2699f35575,21c70aa4-2983-43ee-9e6f-78d66e699aa5,http://www.imdb.com/title/tt0815245/
2543,2256,2b23b784-a66b-40ed-ac6c-d656fe67d44d,1550da9e-ce37-485a-a7e3-3eb869d54257,http://www.imdb.com/title/tt0472458/
2544,2257,90583f97-c44f-4af4-823f-96c65c20e1d4,85a0f0ca-0ea7-4573-97e2-4e74da65abc5,http://www.imdb.com/title/tt0212346/
2545,2258,a46dba64-42be-440b-b067-618913dadf83,a7facdda-a98d-4f52-8a6a-09175b37ddd7,http://www.imdb.com/title/tt0385307/
2546,2259,8006510b-45a9-4a1b-add1-e83eb1b3f816,b963a69c-fcfe-419b-bf70-509191478482,http://www.imdb.com/title/tt0099699/
2547,2261,cbf30c2d-787d-4bc6-8755-abca187a3243,edfee6a0-00b1-40da-8205-9c984c0e7c58,http://www.imdb.com/title/tt0098621/
2548,2262,f86ae44e-3b56-4954-bdd3-384d68b9d5b6,5df0a8a9-2742-456e-b2cf-65020d1179f9,http://www.imdb.com/title/tt0356910/
2549,2263,c7a97536-6c60-4f38-b3e8-8a696c985e66,74541269-b119-4969-a141-acd9ca6a0ff7,http://www.imdb.com/title/tt1142988/
2550,2264,fb82f2fe-9826-4014-8b21-16ca547605ff,c1776404-5edf-42b8-b480-561191c019cb,http://www.imdb.com/title/tt0093693/
2551,2265,4bc4b20e-dd78-48f8-a423-419728eaca42,79344ea0-8c93-4f12-8376-22e4a7e092b8,http://www.imdb.com/title/tt0073817/
2552,2266,dceec1bd-1915-4ba3-aaab-dfea8ef14dff,a6a317fc-0032-4482-a72b-5fd0f4feb207,http://www.imdb.com/title/tt0291502/
2553,2267,2a2c0c8b-348c-493e-97e9-a802b04a7b1b,36dbbbcd-27a9-4d55-8a2c-04aabe77cf24,http://www.imdb.com/title/tt1041829/
2554,2268,4899fad4-7359-4c8e-a8ef-405e8297cd70,7118b354-b51b-4b4c-b09c-4cb2e46fedb5,http://www.imdb.com/title/tt0473308/
2555,2269,6e2092c2-3fe0-494a-8ed1-c3b7af091ddb,5a9bfe9a-9181-47d9-b2ab-e041828d80de,http://www.imdb.com/title/tt0266697/
2556,2270,1cca51b9-1add-4d45-89d5-507a58f1ad16,6095f9b3-5e0e-445f-a3aa-7d7a8385d34a,http://www.imdb.com/title/tt1853728/
2557,2272,9dcac01b-7f7d-4d2d-a263-1ec26d9d7806,a71a776c-8dec-409c-b406-e3f080d0f6b5,http://www.imdb.com/title/tt0079417/
2558,2273,f256fad0-9700-45ae-92f0-feb36fc7db7a,fd5fb26d-9081-40e3-b235-02c8ac5e32ab,http://www.imdb.com/title/tt0119528/
2559,2274,57a9b886-3d8b-47b8-9c63-0dd9c9f25ccc,919376b4-ace1-4602-ad97-37459a47638b,http://www.imdb.com/title/tt0207201/
2560,2275,19f277fd-d8d8-4ec5-829f-0109b5f3502c,31724707-6513-4b35-bd6f-692ac1187d27,http://www.imdb.com/title/tt0095452/
2561,2276,4296663f-59df-4f55-ab9f-87c7f8daa860,7e4940ab-788e-4517-86b2-ffcb90c61bf7,http://www.imdb.com/title/tt0380779/
2562,2277,7cd909c8-1e83-4733-93fa-578e55f3825a,c24ff143-6c0d-47b2-846a-2e62a991b31f,http://www.imdb.com/title/tt0085807/
2563,2278,4029e836-5a49-4e53-a993-b2cb55662514,91e4e002-5fd8-49c8-9b7d-92edac5c7644,http://www.imdb.com/title/tt0062529/
2564,2279,ec93bab7-d84a-47d9-a4d0-e9035fd5905a,1f3fc1ba-95d3-4c53-8749-b37e62dec16a,http://www.imdb.com/title/tt1472592/
2565,2280,2195b4f8-34e2-48c0-870d-a069cf84edf0,960c599c-0397-46c9-9337-c978e4b58967,http://www.imdb.com/title/tt0420069/
2566,2281,2332f538-6e4d-47ce-86df-3c829f28a03c,315833db-ad8f-4b65-8000-43a37c3e505b,http://www.imdb.com/title/tt0413099/
2567,2282,233f87ae-9661-4da6-bf43-69422c03c77f,b9cada3c-f62d-4fec-aae5-eb13e693e6b9,http://www.imdb.com/title/tt0405422/
2568,2283,d97ef1b3-4b89-4327-a854-2715dc5bcec7,8046bf58-6aa3-41b5-aba7-178faf65544d,http://www.imdb.com/title/tt1884454/
2571,2285,042d79f5-725b-4352-9f08-b4fd98b9343b,9711f2e3-7678-45f1-b985-881142af4856,http://www.imdb.com/title/tt0072434/
2572,2286,4ab08e44-1471-484c-9d44-d0ffa1ffe898,8489862a-42a1-494b-9d8e-f45a07129fdc,http://www.imdb.com/title/tt0120324/
2573,2287,4af69572-fd99-42b8-a060-9fd616fd5e76,c0329340-0261-4106-a984-3dcb3ca92eaa,http://www.imdb.com/title/tt0111149/
2574,2288,1bcbace4-108d-470f-bec3-aff5818cd1e1,c8c8b160-d9fb-4589-afbf-e2cf69c04638,http://www.imdb.com/title/tt0105236/
2575,2289,486a0a68-11a3-462e-98e8-80568b8b5917,7c62dc6e-dd70-414f-8443-920af72bf162,http://www.imdb.com/title/tt0114814/
2576,2290,f7673eca-36e2-4f92-a11e-13f466333e71,f42cd02d-6bfc-4999-8f4c-7917f92ac575,http://www.imdb.com/title/tt0318374/
2577,2291,a05cedfc-ae2d-4f59-b5d3-7625a195b9c6,e7a8cafe-6da5-4345-9d89-79073e2e1fcd,http://www.imdb.com/title/tt0203119/
2578,2292,89e3364c-3576-4815-9c39-c5f3e79fc9ec,e986cf61-1e3d-472c-a7d6-8ea78301a0fe,http://www.imdb.com/title/tt0780536/
2579,2293,81f30032-9123-42af-94ed-c146507b12e2,3d0d532e-933d-48e1-83ed-38f9d604169c,http://www.imdb.com/title/tt0055150/
2580,2295,52331c8b-add3-4028-9e70-67ca98a57f84,da706b0f-ecea-44f6-9b6e-35ababdc45dc,http://www.imdb.com/title/tt0028082/
2581,2296,6cfa6a7c-9ff6-4184-93f2-6ab54db808c1,e1203aa6-36e8-424e-9af2-45c798222044,http://www.imdb.com/title/tt0116155/
2582,2299,f9b11630-6acc-416d-a61b-7a98e5f7a042,15133a67-309a-486b-94ee-a07c8fbb7af2,http://www.imdb.com/title/tt0109510/
2583,2300,681c7283-4fe3-4de6-a62a-3c4f16ada060,691df56f-8de4-4796-a77a-c163acaf6adf,http://www.imdb.com/title/tt1606636/
2584,2301,573ccdbc-566d-4de5-9e4f-a9f4ec097b7d,affd3f13-f488-4dd1-a6ec-31e119d85bd2,http://www.imdb.com/title/tt1194618/
2585,2302,fdff1341-fb54-4e20-8c77-3f9a24451300,ff28670d-6f40-4ba8-9aa6-0489b12ae670,http://www.imdb.com/title/tt0086863/
2586,2303,d9006a9e-4119-4d91-b80e-8c90de656e0a,47d58c1d-9ee6-4890-862e-f650d690bfb3,http://www.imdb.com/title/tt4296026/
2587,2304,dbf5fa58-79d4-4a48-acc9-0688ecd8fd45,05111c10-9fee-4a36-a7e3-db1cd4da9c4d,http://www.imdb.com/title/tt1487931/
2588,2304,19c0a111-9e58-4c37-85cb-d3b1e961574a,05111c10-9fee-4a36-a7e3-db1cd4da9c4d,http://www.triggerfish.co.za/khumba/
2589,2305,93c64da1-c9b4-4a32-aafc-fba2fb15f0d7,f6e7c6e9-88aa-456f-a55e-9ff85a54458e,http://www.imdb.com/title/tt0305884/
2590,2306,f1207cea-dcef-44d7-b68d-a8d7aac3c1af,1d9c18ef-5d60-4551-bb29-c8a0ffd48e0d,http://www.imdb.com/title/tt0073915/
2591,2307,4125fb92-d6af-4fd1-aea0-e5dcdf40d708,eac7b672-b553-45d6-9544-28e8c75ecc97,http://www.imdb.com/title/tt0098684/
2592,2308,9dde4f94-320a-4354-8a35-5d901dc013e3,545ae7d0-aa58-44cc-b011-84ee6bfd27dc,http://www.imdb.com/title/tt0098057/
2593,2309,27dd2050-f063-430d-9928-d347ff37057e,f5e33517-280d-4fe1-8ca9-a333b2ed5ddf,http://www.imdb.com/title/tt0367172/
2594,2310,2b04c165-471f-4ae1-8c73-2594a045aed7,0293c2e5-7c72-4795-8467-10771ecb7eeb,http://www.imdb.com/title/tt0091772/
2595,2314,752f9e5f-5257-4e82-a2a5-7409975df326,8eb3faf2-67ec-4f8f-9980-52450be18008,http://www.imdb.com/title/tt0061604/
2596,2318,1899efba-02df-4f09-a9fa-1c2526faaa43,7ebe23e0-3e56-4752-a58e-4f103365e2ff,http://www.imdb.com/title/tt0113205/
2597,2319,a22950c0-4b8f-4194-81af-fba5ef893d9a,3672f423-8f66-440d-9681-c0dfd5bbba8b,http://www.imdb.com/title/tt0105154/
2598,2320,9da3876e-7e7e-4681-8525-0df82e0db7d4,5df06dce-3026-4ec4-9ddf-defab958f7a5,http://www.imdb.com/title/tt0295563/
2599,2322,4d15bc5e-57c3-44fa-a438-82fc1db3dca1,ffbc64c9-60a6-43a9-886d-75686156c0e0,http://www.imdb.com/title/tt0092426/
2600,2323,778d1e24-fea8-46ae-a2e3-ee03f913dac9,4b4c242a-7ed5-4d65-a0d0-0ea528f2a323,http://www.imdb.com/title/tt0117806/
2601,2324,bc5c22d6-de4a-4c10-baf0-45718bcfde3e,8f1831b0-010f-48d5-b25d-8d3802726fb7,
2602,2325,72eba551-818e-4d7e-b775-3605b0814d47,a74cd369-e707-491a-8d30-3598343e0ffa,http://www.imdb.com/title/tt1339173/
2603,2327,6de81b85-6e6c-4e19-8519-0705dfffb003,2457bbb5-f78d-4d15-855f-cab267986684,http://www.imdb.com/title/tt0060771/
2604,2328,7ffc217c-fb15-4862-b1d5-07ffab78774d,0b931ffd-c9b0-4221-8aec-a409faed769c,http://www.imdb.com/title/tt1171265/
2605,2329,6d53de34-fccc-4ae9-a0a5-d2d120d21836,1630093e-d061-4fee-89c1-8a62a0b923d1,http://www.imdb.com/title/tt0014584/
2606,2330,b3f82a02-3ea6-47d8-a6c7-39ab65d3ef19,92eee117-9367-427c-a338-ef4c73dbba1a,http://www.imdb.com/title/tt0083335/
2607,2331,209fd2dc-9711-407d-b3e9-d243535949fa,6153e94b-6366-4ece-9d71-b42a760ee7d3,http://www.imdb.com/title/tt1087464/
2608,2332,68b93edf-9751-454e-91be-b5223e67b56b,4695a101-d74a-4bdb-9a24-051a15ebccac,http://www.imdb.com/title/tt0094377/
2609,2334,0687ba1e-b608-46d1-83d5-9b69fb6416e9,13c10056-2012-4be6-8d36-0b31eb1740bb,http://www.imdb.com/title/tt1865505/
2610,2335,06417cf5-1e18-4099-bc42-272cc8db4466,6619be91-4147-4682-a901-8da173c24eec,http://www.imdb.com/title/tt0110008/
2611,2336,0e48108e-16d8-43bb-b2f5-b98343b4a8e8,45b60a8b-db77-462f-8e33-ac7f2a7d8150,http://www.imdb.com/title/tt0464141/
2612,2337,9ce562b0-8a4f-4731-94c6-c049d0032581,6e350c69-7977-4a1e-a0f1-b1d61df08c66,http://www.imdb.com/title/tt1853614/
2613,2338,5f536020-7676-4434-af2c-52130017fa76,50a76a0c-f7e3-4682-b790-7f85aac1dfce,http://www.imdb.com/title/tt0115736/
2614,2339,aee59636-c01d-4218-98db-95e750dd34c3,a2653858-ecaf-4df6-b907-43d940fed6ec,http://www.imdb.com/title/tt0470752/
2615,2340,c7703a8a-0a1e-40b5-9e7c-c99bbba747ce,07a47c83-455b-4b53-aa65-7e437cde45a7,http://www.imdb.com/title/tt2576852/
2616,2341,107b534e-25ea-4c2e-93c9-3399343ea8c4,a8a0ad86-d220-4961-9b0c-3a093284ade6,http://www.imdb.com/title/tt0040897/
2617,2342,e76afe06-acff-4200-bc01-87efdac0a142,05777688-822e-498e-924a-faa2e22131a5,http://www.imdb.com/title/tt0120188/
2618,2343,f9c8f320-ebf1-4c94-8b7d-df1654d81927,79c21246-791c-4d61-8129-feaf179884a1,http://www.imdb.com/title/tt0047396/
2619,2344,0c366edf-a65a-4a6e-8a21-80de2c5cc97b,2bb7170b-8bc6-4678-82cc-623765cf4d24,http://www.imdb.com/title/tt0054215/
2620,2345,2e0a6244-f6a8-49fd-9ba2-2269d7cebfef,a213bc7a-21dc-4c3b-9137-8ed0963000ba,http://www.imdb.com/title/tt0209144/
2622,2346,6bf9d661-ebb9-46b7-8e69-4ec9104c167d,7fc73ceb-5c99-41e1-a9ce-c05be13ad198,http://www.imdb.com/title/tt1375666/
2623,2347,5ede22ac-4a2d-447b-a603-c2c8041e86c0,2c4266b1-da97-42ea-9665-6e17291e2ccc,http://www.imdb.com/title/tt0397044/
2624,2348,c9ee90b5-c38b-4b99-b9bf-f7c58e5d5c69,98cd0dab-e938-4cbd-bb09-7e3f34f04c4e,http://www.imdb.com/title/tt0185937/
2625,2349,9f40eaca-46fc-419f-9de5-03edfca003e8,6f636070-63de-44a9-a88f-66249b694359,http://www.imdb.com/title/tt0237534/
2626,2350,867befa4-d4b2-46b6-94c2-7603550d3d1d,2367f770-4b2a-4eda-a2dc-9d9b33fd3f5a,http://www.imdb.com/title/tt1508675/
2627,2351,45bf180c-f11f-4338-adb1-6cfdbc983d28,3626a3d2-aa2f-414c-ba66-de13bbde950c,http://www.imdb.com/title/tt3120408/
2628,2352,89fec634-7464-49ea-a133-9f6de4e7c39f,a2adef55-29b9-417d-908d-6c87cd4472a1,http://www.imdb.com/title/tt0200208/
2629,2353,299401d2-58f1-4142-a4e8-8fcef679b308,67a6f1e3-cd54-40d4-ad77-ee11713e2671,http://www.imdb.com/title/tt2342071/
2630,2354,c234e9a3-09af-4e4e-9b0d-5a937d1477d7,776e829b-b7d8-4746-bf8e-ff0e29545e91,http://www.imdb.com/title/tt1646971/
2631,2355,c00a62bc-bc22-4a4c-a8b2-bd67156d7a5a,a2e98c31-e4ef-48a4-84f4-556d25898bd2,http://www.imdb.com/title/tt0903624/
2632,2356,d3cb0c95-06fb-4ac1-9650-e11c12acee11,1f54efc3-362a-4305-a8ec-5d983f6e941d,http://www.imdb.com/title/tt1170358/
2633,2357,fd1a9c35-d1ae-40c9-b9e2-ce8440916f44,47fc1c6d-ee35-4400-a7c8-96fdbd9642a3,http://www.imdb.com/title/tt2310332/
2634,2361,764e4fc7-2d3d-4775-a774-9e7689066bf7,5de32651-9cb2-4e93-847c-9acb285b9243,http://www.imdb.com/title/tt0826031/
2635,2362,785b1d99-6492-475f-a60e-1d88c908c3c9,5d8651b1-2041-44be-a21a-b6fb4b8ad01f,http://www.imdb.com/title/tt0485553/
2636,2364,a54ff435-0dde-4dce-af58-7b95de52310b,f52e7695-d363-400a-9db9-2793ff67373a,http://www.imdb.com/title/tt0390466/
2637,2365,122fa884-c688-4b71-9c38-eb7ce105d238,95b7035e-8c3e-44f8-b917-5704db5c8be8,http://www.imdb.com/title/tt0245837/
2638,2367,8cd0558e-ee8a-49ca-ad3f-b659f4222108,32fbfa39-ad6e-491c-be96-026d7145adef,http://www.imdb.com/title/tt0470745/
2639,2368,3c336221-b7a6-4cc3-bc56-fe2d0780696b,c96acf3f-a57c-40be-9e0a-32c562edee7b,http://www.imdb.com/title/tt0402816/
2640,2369,9869ac13-607e-4de0-bfd0-9d7a2898e447,4b028d88-0a83-4189-8d1d-72050e4cb85a,http://www.imdb.com/title/tt0349312/
2641,2370,a2671103-942f-4b46-8248-5019133034ca,d5178e78-3b2d-4576-8a78-889522154d4a,http://www.imdb.com/title/tt0277725/
2642,2372,a7fbac17-420a-47a7-b5cf-613a9e20b50b,cc0face9-1074-4f11-a07e-e54261e064e6,http://www.imdb.com/title/tt2992018/
2643,2373,84349f17-6276-4203-9933-0a97df9db8aa,5ec907b1-356a-43e5-ba06-9de99c95eb04,http://www.imdb.com/title/tt0891496/
2644,2375,b3e1131b-252d-4f8e-b887-6d3975ede264,1c2cafb8-21f0-406d-b025-e6f0466e657a,http://www.imdb.com/title/tt3164206/
2645,2378,066012ef-0dbc-46b8-ae1f-ca0c24c3acd0,017c5cae-24e1-4988-9403-8b40fb92f8ba,http://www.imdb.com/title/tt1942073/
2646,2379,e3a4bdc7-3eaa-482b-a8f5-1967a82e02c4,cc0c3826-aa45-46b8-9b91-6e77a7e701c1,http://www.imdb.com/title/tt0349644/
2648,2381,901795ee-56df-49c5-b5a3-d6edb8c8f28d,7fd89aff-5f1e-4157-ac74-8138d28e64b4,http://www.imdb.com/title/tt0293715/
2649,2382,10e224dc-e7f3-48b7-b4c3-23b1b5fa1cc8,8689524f-4a8e-40aa-8ed2-2dd647130999,http://www.imdb.com/title/tt0359784/
2650,2383,2c817fb6-7942-4a00-b737-a8cfc5003e10,d706297c-dd64-4699-af7b-09ea75454dff,http://www.imdb.com/title/tt0416094/
2652,2389,9deeb15e-b25f-4e3d-8e39-1a6e54bae45c,14035274-f5aa-4d4b-bef3-05a8a8f59f98,http://www.imdb.com/title/tt0389021/
2653,2390,e79e6fc2-f1fc-44ca-a313-266746fd189c,641b47aa-d816-4b50-9443-4b7cd83a8580,http://www.imdb.com/title/tt0346820/
2654,2391,29f89f27-6e7d-4d05-b717-db5b3084f10d,7059f1df-9306-4f8c-8ffb-fcbef68eb4e5,http://www.imdb.com/title/tt0388831/
2655,2392,4121e86b-f105-48af-b50c-3c5af3fa4dcb,73bdbe7b-4b58-4f3f-9393-66c1e2867587,http://www.imdb.com/title/tt3341438/
2656,2393,1cede916-9299-4b7b-8801-96625c7e094c,b912b7f0-83e3-4e50-a5d8-2b09b79a0b11,http://www.imdb.com/title/tt1077274/
2657,2394,991d0354-1b3e-4c54-ad2a-63dc0d041205,8d550d50-7493-448b-8f36-b8eda26381f8,http://www.imdb.com/title/tt0178268/
2658,2395,48df2a91-582d-4bd1-a78f-2952e6008c5e,28233c15-2c50-4cee-bf77-7a801b2acd4b,http://www.imdb.com/title/tt0196063/
2659,2396,a1e91410-e558-4b6e-8fbd-dbda29bb40ee,14e95e2b-b830-42d6-ac2a-4e947652e535,http://www.imdb.com/title/tt0407706/
2660,2397,7e1884af-690c-41b4-a167-0fa3c27d81cb,8d0edae2-f32b-4a65-869c-06ccf97747b9,http://www.imdb.com/title/tt0111055/
2661,2398,e8456684-d8fb-4c3d-a2ad-e926e002601f,641d4634-e55b-4350-acab-84a831712484,http://www.imdb.com/title/tt0418487/
2662,2399,32447539-5c3a-4af1-a9ed-2153235b847f,7e84133d-510e-4fdc-a592-0a30f1c16091,http://www.imdb.com/title/tt0038165/
2663,2400,ee52c964-4340-4511-a791-d779232482a0,3f82b972-b55c-4f31-a26b-f94b444df3ca,http://www.imdb.com/title/tt0014586/
2664,2402,a4cc2456-3f3a-4b22-9b44-e0e2305875de,a767ef4e-d04e-42b7-b51a-14675218cb1a,http://www.imdb.com/title/tt1435990/
2665,2403,587c1fe0-8aaa-4475-addc-7db2c3ce206f,e04272c8-b273-4088-86f0-afd29d04fdd1,http://www.imdb.com/title/tt0402294/
2666,2404,53b15a4e-48d7-4b01-a052-a137ef0807ed,0b877d28-a20f-43bd-9b27-2e73c09563b7,http://www.imdb.com/title/tt0239102/
2667,2405,54609862-95dc-4214-8d73-5d27e4c602b7,3f64406b-d323-411f-91e5-62528d4e59fc,http://www.imdb.com/title/tt0059436/
2668,2406,38b09e8f-dbf5-4b75-b886-4aaad4623111,d495d9e3-f89a-40b7-b8f4-bae80694b310,http://www.imdb.com/title/tt0098532/
2669,2407,a7f5ac13-6eba-416c-86dc-4d39a4686b75,15c2636a-4349-43eb-bd95-cb338cc39a3b,
2670,2407,dddd4a0c-44c5-45b3-bf48-7cd7ca88e19d,15c2636a-4349-43eb-bd95-cb338cc39a3b,http://www.imdb.com/title/tt0471945/
2671,2408,4cdf3fc4-4e5e-486c-950c-fec18992655d,c263a1ef-5dfb-4667-80da-eaa04a15ac62,http://www.imdb.com/title/tt0059855/
2672,2409,01282a9b-b48a-4b4b-94df-13b3ceae407d,987706d8-9061-4934-a58e-8ea13a417255,http://www.imdb.com/title/tt0112778/
2673,2410,6b6509eb-1520-41a2-9fc3-f180c177667b,ea486317-16be-46ef-bbd4-3550b7c08c07,
2674,2410,e4f1b52f-bbf4-4d19-a45a-2b1d40eed9a9,ea486317-16be-46ef-bbd4-3550b7c08c07,http://www.imdb.com/title/tt0371576/
2675,2411,51647a35-4e82-4ff7-8561-c45453a0e9bd,beda66c3-2186-4a26-bd84-36dc24cb4779,http://www.imdb.com/title/tt0938281/
2676,2412,e94a6de9-6063-40e8-8a36-621e77ac089d,874558fe-67d4-4f14-bb95-b236de7b565e,http://www.imdb.com/title/tt0865556/
2677,2413,52fc26c4-d791-460d-905a-363e84137cb5,15214a6f-5ff5-4ea3-b298-69c3f1917ecf,http://www.imdb.com/title/tt0121568/
2678,2414,19443300-b82d-45e4-85d3-686ec91801b8,8c71ce85-6b98-4bbe-9ab5-7a44e53fd446,http://www.imdb.com/title/tt2017561/
2679,2415,24966505-4c20-4261-9837-d03072e8ea1a,a7adcfb2-ba10-4b55-a8e7-5a8a65767eac,http://www.imdb.com/title/tt1717715/
2680,2416,4e3ea361-9d3a-4100-9b52-b002d71ca3b3,7ae12f83-228e-4e84-84c0-140f17e9eb8a,http://www.imdb.com/title/tt0107537/
2681,2417,6a5c826c-c393-4524-a179-0ae888bb6e8b,8d0f8105-fa79-4db3-b01b-d63ef6b0e1c0,http://www.imdb.com/title/tt0036695/
2682,2420,9da948a5-a5ab-4916-8b83-f4f2ed3b144b,7e48795c-7251-49cc-ba52-56afa2143ee4,http://www.imdb.com/title/tt0150034/
2683,2421,159d5bab-ab8c-47b1-b823-25abf8e2d392,5cec904f-e182-4fb2-bb4d-688cfad95a4d,http://www.imdb.com/title/tt0099290/
2685,2422,3df1f108-b011-4345-9b5b-5f77108af0e9,c0dd8f33-56d8-4d35-a360-1bd23271d396,http://www.imdb.com/title/tt0150200/
2686,2423,cfdeee9c-e4ae-496b-9adb-620e9a05ade1,5ff2afcc-5f42-4bbe-9139-dca29b182cac,http://www.imdb.com/title/tt0215690/
2687,2424,cf542b44-c725-4304-ac01-cfd9ab4e345e,f1ecedb8-1c7c-49dd-bd5a-998a42f6f88f,http://www.imdb.com/title/tt0150315/
2688,2425,e0f6544d-a0e5-4e96-bfd3-ab887c038350,5587ca2b-f27f-4b61-b724-dde9014d7bd8,http://www.imdb.com/title/tt0140002/
2689,2426,acc4a4dd-51ec-46d0-9abd-a48171191095,cf22e192-c45f-4b55-8836-5e82192942f0,http://www.imdb.com/title/tt0140021/
2690,2430,1ce55260-28cc-48b5-ae99-2f87112ca9be,fcb029d9-3750-4804-b24c-fe2e392099d9,http://www.imdb.com/title/tt0053261/
2691,2431,015ae738-8f10-4427-9176-bb48717a9a97,0f8a3801-1fd7-443c-b6f2-9452cdd722ab,http://www.imdb.com/title/tt0056844/
2692,2432,f04a1e47-9d5b-45dc-9ab6-7846117793b3,da6de56e-3ee6-49bf-8efb-042f2c4999b2,http://www.imdb.com/title/tt0176345/
2693,2433,8638689c-e847-453c-acb3-612b061ed317,129488f4-4476-4ab6-8b7f-839a9c51fe9e,http://www.imdb.com/title/tt0261448/
2694,2434,effbc19d-33e6-406d-8047-11147f2ff613,68ede2fd-c610-4a97-8f16-6cd968cabf7c,http://www.imdb.com/title/tt0067259/
2695,2435,1f7d83b5-d81b-4fb8-b71d-d25cc0f18f34,3514810e-2b90-432e-b5d1-b09f46d60a5b,http://www.imdb.com/title/tt0042652/
2696,2437,3b0e7a36-b6ae-47b3-bbf7-a0334a004c6a,4f4da5b7-3b8f-4473-9b90-064766d857a7,http://www.imdb.com/title/tt3037336/
2697,2438,7ed70d35-f3ea-4e86-9550-809b97fd7a54,153e77d7-3a9a-4654-89bc-8eb0a4d88db5,http://www.imdb.com/title/tt3038052/
2698,2438,de83d4ca-e2b3-4183-996b-fc467101b320,153e77d7-3a9a-4654-89bc-8eb0a4d88db5,http://www.malazrybarnyfilm.cz/en/
2700,2440,b78a54b1-732e-407a-a453-c58756b460bc,10fe0979-12ea-4ffe-97a0-7e4ea7fc6384,http://www.imdb.com/title/tt0240034/
2701,2441,5964ba8d-0484-43de-a658-abc5c734f415,5b240959-00bb-454f-ac91-ac946180c598,http://www.imdb.com/title/tt3354678/
2702,2442,f9ad6277-267d-4f99-948b-dd845be7b7e8,4f54da97-27a2-4dc8-ba52-f9da6ca6072f,http://www.imdb.com/title/tt0235722/
2703,2443,d651c6b9-093b-4381-9508-ef50a98d8539,61c951cf-f815-4e42-bc8a-0ddd1f0cc3aa,http://www.imdb.com/title/tt0099175/
3691,3430,98ad87c7-b3e9-4c7b-a12b-624c61d5ed6a,afc083dc-3c74-4746-8d36-dbf4c56f3c1e,http://www.imdb.com/title/tt0073670/
3692,3431,f0336c1e-5856-482f-afe9-3a0bbd129536,c34ee6a0-42cb-4318-9860-8afe88c41c9c,http://www.imdb.com/title/tt0210324/
3693,3432,275daf63-df45-40a5-89ae-7ac5b4f48496,2620fd9b-cd61-4ee9-860d-9f0601769f6a,http://www.imdb.com/title/tt0330236/
3694,3433,e3569d92-52e3-442d-a325-38b02f96fbb4,3fc1f4b1-36fd-4146-a567-30f753e51cda,http://www.imdb.com/title/tt0372015/
3695,3434,3481ea79-e05b-498b-a3ba-e40abc44d76c,1038d5a0-40d5-45f6-9eeb-d59f1f1ddf1b,http://www.imdb.com/title/tt2222858/
3696,3434,56a2bbcb-1320-464c-8e3a-3d9c3873ef0e,1038d5a0-40d5-45f6-9eeb-d59f1f1ddf1b,http://prinzessin-film.de/
3697,3436,6ebce932-c3a1-4d18-863a-19e15d89f23d,3d6898f8-a2cf-48a0-ba67-ec4d82fae821,http://www.imdb.com/title/tt0326899/
3698,3437,3f03d75b-d73b-40f1-a0c0-9952847ae22d,0393155b-36b2-4de2-a954-cd277ed6e770,http://www.imdb.com/title/tt3439092/
3699,3438,be61d8cd-51ab-4552-9adc-03e609dddd21,81aff878-f65e-4a1c-bf20-d3b38e0c3d72,http://www.imdb.com/title/tt0139247/
3700,3438,fb812b0f-05f2-4171-ac7a-efcd7c9f1c84,81aff878-f65e-4a1c-bf20-d3b38e0c3d72,http://www.br.de/fernsehen/bayerisches-fernsehen/sendungen/komoedienstadel/archiv/die-goldene-gans-100.html
3701,3439,5b8f8a52-9626-4e94-88e8-54cbb0d25259,3aaf434a-5918-402b-9166-fddc1e26847f,http://www.imdb.com/title/tt0249524/
3702,3440,fa5281f0-1b18-461a-b0b5-af7853e93330,f44df6fc-e08b-403c-9ffc-4b624cc3f59e,http://www.imdb.com/title/tt1258947/
3703,3441,6bf8f169-7482-4ce5-a345-5944b0423eff,b44487e0-cbe8-426f-a6bd-10bbedf07974,http://www.imdb.com/title/tt1877841/
3704,3442,a78d2311-1994-4672-b66f-1688d91a0a16,c620bdd4-44c5-466a-add0-d93fdccb3fad,http://www.imdb.com/title/tt4312830/
3705,3446,375f2eb9-78bf-49ac-a3e8-553557c618c5,43c892be-0288-439f-a3e3-e4d4122e4896,http://www.imdb.com/title/tt0008043/
3706,3448,e45f5d4b-37a5-4400-a3e0-a7af87feb205,6e9f3c0a-4140-4a96-8a25-fd0a93ed7d99,http://www.imdb.com/title/tt1464211/
3708,625,93332be9-f291-469e-b72f-c1ee390a0ad7,d55b190d-0c35-44ac-a4cd-06b0b29d9a2f,http://www.imdb.com/title/tt0048591/
3709,3449,e965179d-03be-4ea8-b196-7108e8645347,0be8dc20-797f-46fb-96ea-916d8f1fda6e,http://www.imdb.com/title/tt0048590/
3710,3450,2484d7f5-43fd-49dd-842d-26b947c4fd95,15106485-629a-46fd-9805-381285a95cf8,http://www.imdb.com/title/tt0049299/
3711,3452,b827b237-bc3b-46b5-9593-9da424a71ad8,a3da19a6-adb9-40c4-850b-8dd038d9c52a,http://www.imdb.com/title/tt1261043/
3712,3453,a121fa48-e192-4f0c-8fd0-31d2fe7d08fc,de0c4d66-d7fe-46da-842d-c3bf0680ceaf,http://www.imdb.com/title/tt0210789/
3713,3454,737232e4-83d6-4861-9b6b-f09d06d01e7a,d92cbacb-950f-494f-9f35-807ddc2c759d,http://www.imdb.com/title/tt0881271/
3714,3455,fe77b459-46ea-4e6f-a5ce-fe0ef6969278,7241f798-d342-4a40-9641-48196936b4b7,http://www.imdb.com/title/tt0355656/
3715,3456,0e4091a0-3e7c-42d3-8216-283e17fe2b21,63793d86-659b-4709-b138-e7f5fee8a31e,http://www.imdb.com/title/tt0138161/
3716,3457,b6eaa844-3fc4-47ef-94ae-0bc42eb0e5d1,8fecd306-6d6d-45f1-a62c-1f70389d7bbb,http://www.imdb.com/title/tt0091537/
3717,3458,8bf1823f-7459-4896-8b48-b8f52d1d07fe,d779decf-705c-4354-aee1-ee4777cabb4a,http://www.imdb.com/title/tt0266643/
3718,3459,9ebc7a12-0668-4b19-821a-5abe6c635a28,1337d0bc-67b5-415e-aafa-b4e903bcbd99,http://www.imdb.com/title/tt0286736/
3719,3460,caced3fe-94a6-415a-9d67-d7f0aca5050b,39834572-30e2-47b2-91c4-e764842de447,http://www.imdb.com/title/tt2150426/
3720,3461,b2637bd7-4aaa-497c-9ab4-419da36831c2,c57e946f-1617-49b2-a47f-cc738636f165,http://www.imdb.com/title/tt0213774/
3721,3462,f2a414d1-526b-4353-96c6-17201d1ee258,5fd8bbea-bec9-4a99-9a6c-ec1c981b2429,http://www.imdb.com/title/tt1880278/
3723,3464,de9a91b0-79af-4d0f-9762-c301aa66d9b3,64387b1a-e157-46c0-9b47-1ff2f7a6afda,http://www.imdb.com/title/tt0145955/
3724,3466,bae45b62-67d1-4fdc-9a7f-1c27e6e4ca64,7cb68617-27ad-4249-adb8-aa5ba5c36ffe,http://www.imdb.com/title/tt0007279/
3725,3467,6ca7d53d-285f-4f73-bf3d-3757dd0c5c03,4f281bf7-90e7-476b-ba41-0e44c8ab3dba,http://www.imdb.com/title/tt2914892/
3728,3468,7c277e5b-9116-41d6-9fe8-1c267b23b8c8,371bae77-2ccc-4c0c-9064-075d42a19a63,http://www.imdb.com/title/tt0385162/
3729,3471,63db7a48-f525-4d0f-8887-df4c59128e9c,78201f46-b692-4bb5-a33c-78e7465ff9eb,http://www.imdb.com/title/tt0095968/
3730,3472,1338eab6-dc3d-4c23-bc8e-436a1881b9c9,0a113399-08dc-478e-b4f5-5c0408850e04,http://www.imdb.com/title/tt0064714/
3731,3473,d9f0e73f-1deb-4a53-801c-4b7911399212,8dbee5e0-184c-49e9-b0a0-a9469833dddc,http://www.imdb.com/title/tt0261265/
3732,3474,76bd0cea-28bb-4935-b1c3-1e6a20d9ded4,0edbb185-3d12-437a-8d65-bf2b4e6363d2,http://www.imdb.com/title/tt0258157/
3733,3475,d901e2a9-dac1-4a25-bcf3-870e07cb7319,6160f04f-9ed7-4e08-aeae-fbf4131d2c3a,http://www.imdb.com/title/tt0152457/
3734,3476,080668f9-0e64-4bfa-9cfb-57fdfa5b1504,ba88db28-628d-411f-9531-0fe700782c37,http://www.imdb.com/title/tt0084701/
3735,3477,3c0d22c1-cc29-47b4-b723-e1109cae4d63,d2485bde-42ce-48f6-bb65-a10fc90a3390,http://www.imdb.com/title/tt0385251/
3736,3478,61d8339b-c226-44da-875c-e3dbe69f3c82,c7e9a867-cdfc-4c64-b642-d1588ea1d3d3,http://www.imdb.com/title/tt0140617/
3737,3479,0f0ba5cf-450f-48dc-a8eb-75abb88440b4,d0881583-86e1-4ff5-b593-3ad01b56e948,http://www.imdb.com/title/tt0306157/
3738,3480,d0c49daf-11a8-4382-8246-d7842c79e0d8,c9954213-ab64-40ec-9434-c0289ac158ec,http://www.imdb.com/title/tt0082335/
3739,3481,c5ea9b4c-e3cc-4f11-9f92-d7d2cd3ac53b,7b83eacc-54da-402c-b49d-08d26d676a82,http://www.imdb.com/title/tt0153632/
3740,3482,46f1e389-c2da-4c7a-a414-ad28c08eb026,51c409c7-6771-4990-80cd-9c6a5cc5b921,http://www.imdb.com/title/tt0078477/
3741,3483,df6b7ade-0cae-4d3b-9ad4-c1ff4370ea5f,36c9ec75-bb6d-43c8-957c-e16b8a99b7c4,http://www.imdb.com/title/tt0063823/
3742,3484,b66cfa48-b57e-4320-9e26-2aa3cf3f1670,f3c288b7-238a-4840-b851-0623256f18fb,http://www.imdb.com/title/tt0153987/
3743,1459,a7ec92ce-6962-4c91-80fb-a66695a881f1,8f98d567-666d-4abd-a693-6821f1c27498,http://www.imdb.com/title/tt4818942/
3744,3485,af12deac-36be-465d-9f1a-d200e74a2b4b,d05500ed-8112-4d96-a154-3061337f229b,http://www.imdb.com/title/tt0333099/
3745,3487,29c399cf-ffd2-4c33-8a6a-b9b854585613,33514eeb-6b3e-49cf-a290-f972f28d9899,
3746,3488,b5169105-22b7-4b25-ac4f-2c9289bd0272,849446a1-f7b8-4637-a660-40582071675d,http://www.imdb.com/title/tt0356711/
3747,3490,3ba0519a-1e5d-4ffd-8606-8a30a5f0a1e0,ff339f1e-2741-4629-acee-3d42c1bf4bc6,http://www.imdb.com/title/tt3656810/
3748,3495,d00b6197-4898-4c85-9ec4-d2d7db3e391a,e4d5bda3-db4a-41d8-9eb0-6124259f88c5,http://www.imdb.com/title/tt0262264/
3749,3496,691bbebb-b80a-43c6-8a8a-b7b12ad42598,a3e797ff-6608-402b-9265-c18a27a97645,http://www.imdb.com/title/tt0192338/
3751,3497,85097cd7-2b57-4a29-b249-a29e1660d671,09aa803c-61e9-40af-a398-f3146bb8b471,http://www.imdb.com/title/tt1308138/
3753,3499,ad99116e-b873-4e52-be76-312d2f6e6005,e4bcd8c4-0d6e-4b2c-9976-0383b5d53157,http://www.imdb.com/title/tt2781516/
3754,3500,2d01169e-c536-4631-9cb2-8ca9e9bcd20d,6cdcd8af-7592-4dc5-97f5-7244d7d28eef,http://www.imdb.com/title/tt1055300/
3755,3501,2339c42d-8633-451f-a813-7ce1143f6c2c,f7321790-f524-48af-a1cd-5dc7fed5b27f,http://www.imdb.com/title/tt0054034/
3756,3502,b644a717-4af8-4f75-a7a1-ce0860ac7411,783dd51d-3829-4e8b-a6c8-6f4d233e7374,http://www.imdb.com/title/tt0093844/
3757,3503,cef4312a-d4d1-402b-b25d-7d86b42c5617,ceab299a-a8f1-4b62-9a43-52d0d2677d5b,http://www.imdb.com/title/tt0418858/
3758,3504,b256795b-610e-458b-86dd-0787b4c337eb,983e4bc3-ad5a-497a-8b10-d070cd0539a1,http://www.imdb.com/title/tt0420762/
3759,3505,ddade11b-2389-4a46-ab99-de6c470912bf,6948be7d-16fa-46a8-9008-ba482eb231dc,http://www.imdb.com/title/tt0100998/
3760,3506,20f5c27c-5df1-45cd-9c7b-268f6f6f08b3,50604c13-721b-4304-90f2-f5ed26c0d8a9,http://www.imdb.com/title/tt0425661/
3761,3507,052c5585-8819-4186-b8e1-71cef1b78ccb,3c9fec8b-f853-417f-89b1-d4a05b978bfd,http://www.imdb.com/title/tt0142666/
3762,3508,1e2596f1-44f2-44af-8a89-c63276bf22b3,4576f6e8-a699-42af-b786-ddb145580002,http://www.imdb.com/title/tt0420783/
3763,3509,6b49e452-610b-4dcb-93b6-4ae564709573,d4eae01a-eb38-4961-a1bf-5e15573d7c4e,http://www.imdb.com/title/tt0042876/
3764,3510,be996a73-6d40-4bc2-99ab-bf9bc42ca1f0,5648b914-14b8-4b80-9b1e-652fa310c732,http://www.imdb.com/title/tt0088334/
3765,3511,715d6030-8f19-45f2-9f3a-e94c4b83b946,e025fb4e-eadf-4a02-b558-fa9937b5ed19,http://www.imdb.com/title/tt0113824/
3766,3512,3c84e57b-4846-43e0-88cb-9e5b53d647c4,8d10d59f-9b27-4213-b807-7f0ba99c177a,http://www.imdb.com/title/tt1986951/
3767,3513,c9c137e0-4b13-4985-9b61-182fcd719b09,9a61055b-8a36-46b6-bb25-7a7bb8e19485,http://www.imdb.com/title/tt1041804/
3768,3514,2cfdbb25-ab3f-447d-8180-66b798575aeb,cf04ab61-4df3-4b53-b215-76799f5af627,http://www.imdb.com/title/tt1626201/
3769,3515,f91c0c07-0f32-4afd-a9d5-0e750bfe571e,6bc12835-9463-4c8c-8eb8-4c9fd673596a,http://www.imdb.com/title/tt2304426/
3770,3516,cf4edb4a-ebab-4a56-8af1-76a8b6393ae8,bcb963e8-5d94-4bf2-bb37-b1d16e3ea34b,http://www.imdb.com/title/tt1828229/
3771,3517,22f82804-70fd-4c2e-b5fe-1a300c3ebdce,c83d17e1-776d-4054-9644-9f7a2f42a73f,http://www.imdb.com/title/tt0075790/
3772,3519,ac757439-690c-44bd-a0ed-edfae458cfed,0a38ca63-7835-4f3d-bb90-cfa6c4e9c1fb,http://www.imdb.com/title/tt1438462/
3773,3520,4123b8b6-3023-443a-9599-3877871ef4da,3362e4d2-ab80-4d74-a86b-e142a23b87d4,http://www.imdb.com/title/tt0401560/
3775,720,6e9e4edf-5f10-49cb-81b6-4b6e8b41c129,0d79be6a-b66a-4a01-bbe0-986f05d436b3,http://www.imdb.com/title/tt0326241/
3776,3521,3cb804c7-794d-452d-ac65-33a41154949a,751cad49-111f-4b33-b2c4-859414bbf50f,
3777,3521,b1b2f625-d9b2-48c4-85ee-04215dffd50e,751cad49-111f-4b33-b2c4-859414bbf50f,http://www.imdb.com/title/tt0075128/
3778,3522,138f36f1-867d-4bdc-b786-a35c932180cc,4f6194bc-c962-4e67-a20a-9d1014f62eb0,http://www.imdb.com/title/tt2034761/
3779,3523,2ed35ea7-64a2-479c-a2be-161fe8ce22c5,1c8aea4e-4412-4f47-aa74-13a34cde7c08,http://www.imdb.com/title/tt0088015/
3780,3524,da2c3f52-bf5a-41d1-940d-e1d35663ba60,02a5c628-796c-4839-9ba8-7d651f1ab1ff,http://www.imdb.com/title/tt0038541/
3781,3525,4d094af8-4647-40ae-b641-4e2b56449aad,8da01796-cac8-4b38-a47d-c8c64e4286a8,http://www.imdb.com/title/tt0491641/
3782,3526,19aac398-8f07-48e7-b986-84253814e8aa,faa8d828-dc91-4810-914e-8e576df2d276,http://www.imdb.com/title/tt1499643/
3783,3527,7790e121-050c-4735-8c08-2be3b1afc96c,6b7d8687-fa03-4bf3-87ff-6538946d1a82,http://www.imdb.com/title/tt2125222/
3785,3528,ce3e2e94-49e5-406b-9d69-f41a3849b732,1d77ce2d-7682-44b3-ba42-230401602450,http://www.imdb.com/title/tt0086857/
3786,3529,5f645e97-c8b8-4054-8ca3-7ca3bfd2acd0,ad658106-15a9-4cf9-b9f4-61221479e515,http://www.imdb.com/title/tt0230453/
3787,3530,f1fd7cc6-ccff-45b5-a4c9-b03bc0396878,f556fd0a-bfa4-47c2-a699-18aa310060d6,http://www.imdb.com/title/tt0073185/
3788,3531,cb72812b-0c67-4a6e-9289-008a52988e7c,71a6148e-85f8-4919-a95f-cdc3d80d2b13,http://www.imdb.com/title/tt0211628/
3789,3532,d92821e7-1496-487a-a99c-961f2bfc6d05,97b05295-17b3-4867-93c3-37a4ba13f6d1,http://www.imdb.com/title/tt0080426/
3790,3533,adc8885d-7042-42ea-8923-e809404ae383,7e402288-8ff2-49f5-9bdf-0e04ad575702,http://www.imdb.com/title/tt0087449/
3791,3534,b8fee4dc-66f1-4a5e-a194-4f27236ef40c,7169a44e-fd6b-49ee-9f50-157e6ff4fe0c,http://www.imdb.com/title/tt0166367/
3792,3535,a71f4911-62cf-4eea-af6d-6e812575d074,c9fe6512-19b6-4f31-83e3-ae0ddca8c451,http://www.imdb.com/title/tt0079926/
3793,3536,06b1cdb0-ac7f-4c23-a0a9-54bdc9964ba8,880eb27b-85e1-48c7-b730-67d9524f6f2c,http://www.imdb.com/title/tt0086499/
3794,3537,e244d0c5-cc55-47a3-ac3e-2c93c07ce287,c18d4470-2d9d-45fd-97b1-51b5eaf7d321,http://www.imdb.com/title/tt0210804/
3795,3538,42898758-7363-434f-94d2-9bca0e5503ac,019be9f7-1bdf-4996-aaaa-eddc1f5dd977,http://www.imdb.com/title/tt0078095/
3796,3539,5101d997-a756-48df-a793-0c5e28cfab7c,7cc61ef7-ba3b-478f-b1f7-2589a1aac331,http://www.imdb.com/title/tt0296589/
3797,3540,54b873cc-907c-4be8-9826-0097ab9f07cb,5e150a0c-d44d-46f2-b0ad-af0202826160,http://www.imdb.com/title/tt0074396/
3798,3541,9f622b7a-6738-4a32-9663-b3d27f652e55,2aaa160e-056a-4cf8-82c3-80694ead198b,http://www.imdb.com/title/tt0057637/
3799,3542,40ed670d-2819-4a4b-9b53-cd4c13a5e532,8b3b9315-bd57-4e74-9b42-46320a535bbc,http://www.imdb.com/title/tt0049794/
3800,3543,8ade3d39-4edf-4af6-bf5c-f44651cee1f7,1bbfda9e-92bf-4453-b6ef-34e688d80c42,http://www.imdb.com/title/tt0052374/
3801,3544,e6aa0c1e-ee7b-45a9-a2ca-77bf8e995756,f0c1e888-3cb2-4c4a-b921-4a5c24c92591,http://www.imdb.com/title/tt0406531/
3802,3545,145357e0-d93e-4d7c-b2f3-29ec63887c31,2eb43594-cf60-45e6-8904-18d864637899,http://www.imdb.com/title/tt0382204/
3803,3546,337e408e-af9e-4640-bccf-b38e67df55a6,a1475208-7d48-49dd-af2f-0eea05224d1b,http://www.imdb.com/title/tt0063668/
3804,3547,cee9231d-0481-4b99-bbee-9a0994940406,81b1de25-b0e9-46f2-9da8-670b96439516,http://www.imdb.com/title/tt0084315/
3805,3549,4ed7ecc4-2eed-4f52-875c-ff582bd9c768,35178ee7-c5e7-4355-a38b-a9a700012c5e,http://www.imdb.com/title/tt0250081/
3806,3550,bcf294ef-82ae-486b-80ce-4fc361182e04,f487629c-b23c-476c-8341-e61b2911282b,http://www.imdb.com/title/tt0106559/
3807,3551,42e6753a-157b-4e6c-acad-69acb486cc91,1d364402-4fc8-4252-9058-c8026ae6fb87,http://www.imdb.com/title/tt0107952/
3808,3552,d1109fd9-dd05-4f82-8c5b-09ef1ffa59b3,739e2db2-a399-4bf4-acc1-7975991b3d1a,http://www.imdb.com/title/tt0827990/
3809,3553,e341c4d1-ac6e-4460-b48b-5654b62c8d2e,29242464-fb58-418c-811e-fce85c252c9f,http://www.imdb.com/title/tt0083866/
3810,3554,0a227388-1597-424d-aae4-52ea0dc127af,80fdad19-4c7e-4e47-be24-4f5b4ffb13fa,http://www.imdb.com/title/tt0285441/
3811,3555,64395fa9-1dc8-4993-b80d-03897856f92e,b74a7241-fdd4-4dc0-8fd3-aa40aea3a0ed,http://www.imdb.com/title/tt0062940/
3812,3556,1c8a9a71-9501-4a0a-8d47-d922849bfc4e,ae89804c-fa51-4978-aa46-23eb8cc0b9b5,http://www.imdb.com/title/tt0448150/
3813,3557,439e3d17-87df-4348-a892-5c5b9ff5bf78,368e7b1d-1441-4622-afe8-b55d828e3da6,http://www.imdb.com/title/tt1126501/
3814,3558,f605a029-d659-4470-b774-396bf0ef3e42,8a40fefe-030e-4551-9516-710dd36f4d86,http://www.imdb.com/title/tt0127624/
3815,3559,c1158fee-b294-49dd-a174-ef44d2b125f6,73432e58-fe49-4da2-a3c5-a8733ade6724,http://www.imdb.com/title/tt0070757/
3816,3560,d210ee4b-da62-4054-9197-36f3db415d6f,b072a791-a945-4f85-88af-684f2efdd0f5,http://www.imdb.com/title/tt0311618/
3817,3561,ca260b95-0911-4ac2-87b5-e56c70b80c34,acc2355d-a546-4c44-84c0-3805be9c1819,http://www.imdb.com/title/tt0205214/
3818,3562,47d37fb4-7bf6-42a7-8c54-cd66e7e51646,f88801f1-940d-4c35-8d7e-1eb608e609eb,http://www.imdb.com/title/tt4176340/
3820,3564,d95fe387-ee6c-47fd-bdd1-cdd0c21f3c95,ae91a7c1-abfb-4ede-bb15-60a016072a8c,http://www.imdb.com/title/tt0139877/
3821,3565,9b71ff77-0193-4ad7-8a34-c34fdb458dd2,40d375a9-8aa8-4342-8819-67d39f1996d4,http://www.imdb.com/title/tt0847511/
3822,3566,bef3304e-619b-4fb9-9ea8-26042bd98fcb,ac90619b-afa9-42d4-8d19-f8113bff1cca,http://www.imdb.com/title/tt0211191/
3824,3568,310c46f6-ea86-44c3-a36d-b42bcf6f650c,ea413bd8-9ca9-47f8-811f-74606d951bd4,http://www.imdb.com/title/tt2587006/
3825,3569,98f21b50-d310-4d98-ae8b-18314f886812,4033327e-232e-4024-aa82-056e77e756e8,http://www.imdb.com/title/tt0068190/
3826,3570,367369a7-1df5-45b4-ac4f-6d8a394d506f,712b3f51-8ff4-41c9-bd34-8f5be2734bbb,http://www.imdb.com/title/tt0318640/
3827,3571,414cd705-9f76-4917-bbab-7c9c0351d760,29e494b7-6506-48c5-b823-f31ca11130d2,http://www.imdb.com/title/tt0347618/
3828,3572,ce339f14-7c28-4457-881a-903ef05b8350,339953dc-78fc-4566-80d1-176540bb4c1c,http://www.imdb.com/title/tt1179773/
3830,3574,16c249cb-ae80-41c1-84fe-ea651830c905,9106a2dd-556e-4448-bc63-06ef9e7c0aaa,http://www.imdb.com/title/tt0012755/
3831,3574,71d20fca-0a63-4e2a-ae87-a16e26626fdc,9106a2dd-556e-4448-bc63-06ef9e7c0aaa,https://archive.org/details/MaryPickford1921
3832,3575,07b1b1f4-e2c4-4437-a8f1-0b985c6860e5,05569b71-de9f-4602-a0d1-15817b7cce79,http://www.imdb.com/title/tt0047969/
3833,3576,dceb3ef4-3d65-4a28-a9dc-a70578e7bfea,38b556f7-5c71-43cb-9ce9-c0bf5a18deda,http://www.imdb.com/title/tt0072752/
3834,3577,e6f71c07-e5ad-4758-a5e8-a6a50af60605,bdd505a1-096e-44a3-a74e-3422e1e03dde,http://www.imdb.com/title/tt0047216/
3835,3578,c1bc67f5-7d77-4c39-8609-32a1003715ce,bc27b448-8187-427d-96f7-317d055ae9e0,http://www.imdb.com/title/tt0073233/
3836,3579,f61b562b-ede5-47f3-919b-9a58193c412d,42f4dfc6-ad33-4533-9f0a-fdfef1a7680c,http://www.imdb.com/title/tt0336611/
3837,3580,66503672-0310-4751-b1e7-50d4d8fae28f,740a2354-ebba-40db-874c-bb14a02a222b,http://www.imdb.com/title/tt0093151/
3838,3581,d11b3ebb-51c2-4886-8ab6-159b3d213ae2,6b1dcee4-a289-4492-9700-7e8980ffd9b7,http://www.imdb.com/title/tt1119194/
3840,3583,c1217b8b-5eeb-4c4e-bed6-87c07ebb6082,47fe3428-09b0-4f0e-925e-bfa90a1063ef,http://www.imdb.com/title/tt0011960/
3841,3584,f3ef70c3-637d-4f16-9b3c-95e1bcd7b3c3,c7666a5b-d6c3-424d-89ce-ba75c10f286c,http://www.imdb.com/title/tt1163774/
3842,3585,1378ff7e-b857-4c65-8591-89bba4bf47df,e1ce1a11-2de0-4dab-9254-6d4fa2d13fa6,http://www.imdb.com/title/tt0362122/
3844,1672,fea6c0ec-e542-4405-9d21-1be2ea4aaffe,30ed3120-60fe-42ea-bdff-b21d1140b215,http://www.imdb.com/title/tt0408747/
3845,3588,f8bb92a2-328e-41f1-8c8f-9932537e62b6,be2d23a4-d041-4c56-b7b2-d6b146d43584,http://www.imdb.com/title/tt0410167/
3847,3589,e624c8e1-f6ca-4201-ab7f-cf554442e519,50612781-a5f8-4920-af90-c1e1fb532a84,http://www.imdb.com/title/tt0408577/
3848,3590,7635f840-987a-4bcf-8f78-35fb8ed46777,7d320054-05cb-4f1e-818a-95ceba2e5d2f,http://www.imdb.com/title/tt1323976/
3849,3591,1a770ef0-7fec-4106-97a5-83eed661a707,611820a9-c7bd-4cfc-9999-9f7e6965f23f,http://www.imdb.com/title/tt1012683/
3850,3592,9d13a617-e41b-4150-9aa1-7a5e33da3f72,c5bc424f-1659-4d31-9c1e-6a2d86fc7399,http://www.imdb.com/title/tt0362290/
3851,3593,b0f5effd-4556-4c3f-adc0-49573214162e,66bf0c0b-3167-4be2-87de-bc5c9a53d58e,http://www.imdb.com/title/tt0162327/
3852,3594,2626064c-7cb1-4838-aa84-70b342c1c891,eca4a650-e624-4397-bfa7-ab1a5793bf4c,http://www.imdb.com/title/tt0067975/
3853,3595,977d390f-f571-4334-a080-80de145b2ed1,9e84c592-646c-4924-b759-76e4468978e9,http://www.imdb.com/title/tt0164630/
3855,3596,b45ca99f-6135-4300-9a58-b256c54b1f28,47fa0a0b-66a9-4fb4-80cb-d2ae6280ba9e,http://www.imdb.com/title/tt0119170/
3856,3597,da561678-5007-4bd3-b122-fdeacd0d920b,3863b628-194b-42cd-a089-639068799575,http://www.imdb.com/title/tt0022694/
3858,3598,06de9e97-32f2-4d2f-91fd-e1432ea80630,b0f65038-55d1-47c9-9c02-3e69516e8038,http://www.imdb.com/title/tt0172634/
3860,3599,137106f3-7ea3-493e-9c0e-229fdddaa5f7,e723ed7c-13eb-418f-b712-c2860b43fbf8,http://www.imdb.com/title/tt0055050/
3861,3600,7ccbc3f1-0163-4c95-b44b-bba3598df6d2,5fa67dad-19c6-4e82-b359-d727fc453292,http://www.imdb.com/title/tt0075126/
3862,3601,e8b27fd9-92f0-4d9f-b971-dbb4869c0a0f,26d01b41-1640-45aa-98b3-d0bd1eb27329,http://www.imdb.com/title/tt0074609/
3863,3602,70b6184c-4056-41fc-a415-116a21c1947a,f908ebf0-aa09-4628-a00d-49e27ac8ccca,http://www.imdb.com/title/tt0283158/
3864,3603,e253a67a-1186-4748-a3c9-0600ecd78034,ea349ec1-baaa-4c53-a18d-dd566b315875,
3865,3603,d864bc97-618a-4e80-9ede-3acb97634365,ea349ec1-baaa-4c53-a18d-dd566b315875,http://www.imdb.com/title/tt0376754/
3866,3604,7f906bfd-88e1-4413-89d7-a8090580ccca,871c88b0-62d0-45b7-8129-157c83194725,http://www.imdb.com/title/tt0079253/
3867,3605,43ccab78-4722-4d63-aa25-bfe6c4fec6cd,249fa852-4b1b-470a-9c65-3a87f90360d5,http://www.imdb.com/title/tt0080786/
3868,3606,c4fcc0cc-4bde-49be-9d2a-7c263628631a,0e24f24b-c47b-435b-ad3f-bf0224859992,http://www.imdb.com/title/tt0371249/
3870,3607,9e133398-966e-4102-9fa0-b87aeae28edb,a23c0ebe-4556-4b3f-a699-52573adf17fd,http://www.imdb.com/title/tt0235091/
3872,3608,c5921c0d-f8ae-4752-a4ca-5f579ed7b77d,2cc96a8b-61ab-49da-8621-d208a21f6fda,http://www.imdb.com/title/tt0088348/
3873,3609,30fdc729-548d-41ad-9a6a-49df3a897b2b,3def9335-c1b7-4d67-a5fe-20dfaab822e1,
3874,3609,26c799c1-95b9-43c1-94b1-e1e77b0b1228,3def9335-c1b7-4d67-a5fe-20dfaab822e1,http://www.imdb.com/title/tt0091301/
3875,3610,cd4f047d-e872-472a-9117-2e0c0c29ab77,ccd3e2d4-6113-4678-a968-f9b5eb2bec1e,http://www.imdb.com/title/tt0036191/
3877,3611,5b03af1f-4838-44e4-b8d7-cbfbb13a1ae7,7bcb497d-cb3a-4f3f-9885-596a8e0de36c,http://www.imdb.com/title/tt0236250/
3878,3612,fe172455-3e62-4058-897f-21c268bdf43c,f51fc1ba-9cea-4f85-bca6-64eef2f0ccee,http://www.imdb.com/title/tt0230892/
3879,3613,8ce91684-97ca-412e-9a21-38b0d7f0affb,2a9f49ec-0b6c-43df-a30d-0a8feba04d05,http://www.imdb.com/title/tt0131068/
3880,3614,7229b801-4a88-4665-abd0-8cbe4f6eaf70,61d26d8f-ba45-487d-b327-368e450ef8ce,http://www.imdb.com/title/tt0070299/
3881,3615,b9d1d1c7-618d-4835-b666-740a992540c4,0bb47f8e-ffeb-4eb1-afb3-8b9be237a9a3,http://www.imdb.com/title/tt0041564/
3882,3616,f8c8bd01-248c-4cd6-8b09-1e0357bdc978,a5ec9f93-6ea1-44b9-9239-2abce632311b,http://www.imdb.com/title/tt0042932/
3886,3618,178b8728-e476-406c-81c5-48f2c0074ead,d033a126-38fa-4279-8ab8-57b26689bb1b,http://www.imdb.com/title/tt0137680/
3888,3619,86c2dc4c-568a-4b3a-a663-95526cae7b7b,fdb1ddb3-5a30-4967-9a10-e17b284fdc68,http://www.imdb.com/title/tt0039717/
3889,3620,bc49b65e-a7e7-4b7a-af73-5c98b54d2c74,1e7662f9-0dfa-4748-b4d3-8d4fd58aaade,http://www.imdb.com/title/tt0059900/
3890,3621,0d0f21c8-66ee-4d61-86e0-1ddf6575ac8d,82e03815-84dc-494a-ba1c-463606646a48,http://www.imdb.com/title/tt0315591/
3892,3623,f16f8729-cb5e-43f2-90f7-10601c41eaaa,74b33faf-3bf5-4655-9bdd-8d11d509cce3,http://www.imdb.com/title/tt0403206/
3893,3624,13de5c6e-cdea-4cbe-80cc-5f8cfd091ba1,57e7701f-2486-4e34-ac69-9ac457ec8f99,http://www.imdb.com/title/tt0457029/
3895,3625,d2129f18-e2ba-43b1-a2b9-9b0e20f9d632,474e39e2-b21a-4e75-af19-ae370c936187,http://www.imdb.com/title/tt0061685/
3896,3626,1f7766a0-2abb-45e3-be17-d790ab84c08d,bcd1e987-4d72-4d24-89f2-84acffabcc7f,http://www.imdb.com/title/tt0076671/
3897,3627,fc8ea2ff-44a9-45b2-bbb5-a220dca64835,4e350420-4537-45dc-997f-434bbce2065f,http://www.imdb.com/title/tt0256792/
3898,3628,fa4c18b9-451d-4f4e-845d-57c894a7588c,b08bf5b3-f990-4e7a-9408-d44df9eae5aa,http://www.imdb.com/title/tt0066728/
3900,3629,fb01c566-0978-4c5a-8b7c-8e6000fd33ec,6fe5a0e1-f5aa-4669-bf01-2143c8eddb4c,http://www.imdb.com/title/tt0050093/
3901,3630,4eda8149-8057-4529-8201-1e4f653d71bd,e8c96661-5c39-40cb-b179-d11f5bfba5d0,
3902,3630,9e495285-eb9d-4d35-9f02-9ff14893f470,e8c96661-5c39-40cb-b179-d11f5bfba5d0,http://www.imdb.com/title/tt0049198/
3903,3631,0eef5839-bde3-4adf-894a-7146cdb3cce2,53d40a15-19da-41f8-921b-d5860d8d1dfd,http://www.imdb.com/title/tt0015031/
3905,3633,d9afa28a-7cf9-4a0e-91ca-5cc4625596a9,03ee93a1-4091-4dae-af52-d882cbce9148,
3906,3633,9433b798-672e-41be-a505-300b2534de00,03ee93a1-4091-4dae-af52-d882cbce9148,http://www.imdb.com/title/tt0230289/
3908,3634,b01be13e-8044-407e-8141-08e02a1414ea,13d32b20-f17a-4427-81bc-f812a3c1a6b5,http://www.imdb.com/title/tt0308986/
3910,3635,a6457619-c9cd-40a0-9532-da7f045cfff3,6bb957e0-b24b-4f8c-bb20-6da62f037de1,http://www.imdb.com/title/tt0048710/
3912,3637,c2661be9-f27c-4e5d-bb3d-924382a8b708,4f50d2c2-80b5-4604-b43e-dbaad6a140d7,
3913,3637,bdd25947-5713-4c8b-93c5-a8232e15d548,4f50d2c2-80b5-4604-b43e-dbaad6a140d7,http://www.imdb.com/title/tt0075063/
3914,3638,f315d236-df8f-4a74-a411-b3d3d7888c9c,4bc6ff92-00cb-4526-99c5-8dbab65d977d,http://www.imdb.com/title/tt0411117/
3915,3639,aad35e04-4ed1-439d-b8b4-f90e05800db0,1b14d608-abb7-4e54-8305-cb0d76a60f9c,http://www.imdb.com/title/tt1460029/
3916,3640,669fc930-8dc6-4cfa-9411-feed617465b2,426e6287-a8da-4be2-9866-086cfe13cb88,http://www.imdb.com/title/tt2559468/
3917,3641,c48c5ed1-a33f-40f0-9f9e-95becade3ae6,da319529-e46e-4e2c-8bf8-fceaa9fd80e7,http://www.imdb.com/title/tt2587014/
3918,3642,6ec2b71f-c337-435f-ad9d-2dc96e68510b,ae05dfb1-39b8-4838-920a-3e8fb3c725a1,http://www.imdb.com/title/tt1125869/
3920,3644,605b89d0-a3a2-49ab-a54d-c5f32df4da4f,f2472761-f048-418b-b8bb-aaaca4dbefc5,
3921,3644,d2d1de9f-1f68-48fd-947a-0ef594128703,f2472761-f048-418b-b8bb-aaaca4dbefc5,http://www.imdb.com/title/tt1125878/
3924,3646,e24f9747-8d9f-4576-8b0c-3660d740f4cb,57ff9185-204b-47b1-82ca-0d45f9a9995f,http://www.imdb.com/title/tt1125877/
3925,3647,2ff40ed5-8f34-4082-a6bf-f499e02f6e91,123fba52-ad69-41b3-8a59-7003b4b5010f,http://www.imdb.com/title/tt1125861/
3927,3649,1801c2ec-afd2-4eda-84b1-a1be7d6473c0,8464cb32-be3f-474f-9dc1-86d41bf3ed3d,
3928,3649,eb76b960-44aa-4697-aa7c-f5c930a73d6a,8464cb32-be3f-474f-9dc1-86d41bf3ed3d,http://www.imdb.com/title/tt1125872/
3929,3650,f88d3e1e-53cb-4efa-a636-5915751ba595,29978481-a4b0-4963-bb1e-f9ca26afc928,http://www.imdb.com/title/tt0135000/
3930,3651,97e9ea62-51e7-453b-a9e5-df0fa38f1890,fd9ed4f5-4e35-4e42-b475-37bfea0ab56d,http://www.imdb.com/title/tt1891939/
3931,3652,a87fd9b0-3a1a-41a2-a7fb-5a3a49d0e036,cc4c4764-bafc-4b9e-ad46-48844c4ab844,http://www.imdb.com/title/tt0216882/
3933,3653,b8650543-2211-4a2a-8264-c787f85d90cc,1c4c5ffe-be34-40a8-8b99-208ea8c6a97e,http://www.imdb.com/title/tt0249960/
3935,3654,67e3f435-db3b-4b2d-8938-ae9281c55e9c,72bbc1d3-d002-4194-ae72-5400be73dffe,http://www.imdb.com/title/tt1075311/
3937,3655,50eebf8b-e9ff-4a4f-b3c0-a5b87eb4e7b4,03a72b08-7631-4ad7-8bc9-18ece371b2f3,http://www.imdb.com/title/tt1075399/
3938,3656,0ce3f36c-4224-49ba-8c3d-2c39261c9e70,f29b7174-4ffa-4e54-8e4f-320b729c17e7,http://www.imdb.com/title/tt0205297/
3939,3657,075c227d-66aa-4851-83e5-fdada3e5353c,168cc921-4920-49be-8ef2-dbb21fbc74d3,
3940,3657,13803b1b-90ba-43c3-a453-292cc83ae2fc,168cc921-4920-49be-8ef2-dbb21fbc74d3,http://www.imdb.com/title/tt0113735/
3941,3658,98480bd2-4062-462c-973a-8dd00732c86c,2084a9e6-5c6d-45b9-8e17-bcc9df7b83ed,http://www.imdb.com/title/tt2586844/
3942,3659,ed6d1de8-15dc-4994-80c6-7ebb4f29b4dc,1405dd45-6921-4ef3-a317-d795710864f5,http://www.imdb.com/title/tt1463205/
3943,3660,5ec32605-3000-4928-9dc2-26e2b0f9dd1e,1ba3a2ee-97e0-433f-8974-e703b18f4876,http://www.imdb.com/title/tt1213923/
3945,3662,21dfb9d6-feb7-4d72-9ed7-0cc4a6907de1,a03c6377-ce58-41be-a9b9-9399820b8cda,http://www.imdb.com/title/tt2586962/
3946,3663,fd39d5f0-43ed-4395-9773-bf54cdf68d0b,cf103844-aacd-4906-ab62-6a7028080408,http://www.imdb.com/title/tt4855110/
3948,3664,9341115f-51de-44d5-bb82-a793780dd1e5,fd161af9-7c49-452a-b46d-08b6fc6fd833,http://www.imdb.com/title/tt0295848/
3950,3665,9202bb73-bcdf-4f9b-986d-4448a56c2dbb,1dde8ea8-46e9-4e75-97f1-d200635e9121,http://www.imdb.com/title/tt4263482/
3951,3666,59d1fea3-7bfe-427b-a8f2-78d07b14af5e,70a4b920-b65b-46a0-b54b-81417957bcc4,
3952,3666,79ce3b1b-7561-4128-846e-e964ac916332,70a4b920-b65b-46a0-b54b-81417957bcc4,http://www.imdb.com/title/tt0032247/
3953,3667,d591ad3f-73f6-4d33-9062-04da9e8476ca,5aeddfe2-e3f7-429f-b42a-c0aab484f892,http://www.imdb.com/title/tt0034587/
3954,3668,4f0e004b-be27-429e-8fdb-298635175fc1,e8c3e5a3-8fca-474a-aef6-95c434a2f374,http://www.imdb.com/title/tt0484562/
3955,3669,38a1458a-2dd6-400d-81a3-cb4252e0508d,ac791a9d-3c6f-4050-a4b2-b856279140ee,http://www.imdb.com/title/tt0087127/
3956,3670,5eefd70d-4176-49bd-9a75-21087547f800,999ac3da-76bd-40e3-b532-10102071a97b,http://www.imdb.com/title/tt0078875/
3958,3671,c385d2a5-819d-4040-9eb5-00d5f295a905,b5c1b54c-5109-40cc-a27b-d48f70246436,http://www.imdb.com/title/tt0082288/
3960,3672,69365f80-5a8e-4307-9c8d-d772039abc11,11b5a571-bb7a-423a-b2a0-8ce3942398ec,http://www.imdb.com/title/tt0070040/
3961,3673,82b923ac-c792-4c76-b77e-0e06bb955794,1cfdf6b9-5e50-4286-94f0-16c226146e80,http://www.imdb.com/title/tt0449010/
3962,3674,fca2fd7b-bdca-41a9-8f43-8b53ed2eaf25,73ca25e7-8d6f-43d1-8f5a-f0818b484d9a,http://www.imdb.com/title/tt0085542/
3963,3675,a54829c0-a0dc-48a8-bed5-807d7bd68b20,cb3ac56f-977f-4910-9b9a-53053a80d5df,http://www.imdb.com/title/tt0495596/
3964,3676,50fff57f-af30-44e3-85ce-fec990084f6a,686a279f-5b06-4194-8fed-f11d51da6f45,http://www.imdb.com/title/tt0222995/
3965,3677,ead54e99-4c78-4aed-aa70-238f47418068,ba33c7e7-f321-453a-aff9-53e15757107a,http://www.imdb.com/title/tt0071737/
3966,3678,242f84d6-d01e-473e-a0d2-73143a188037,a9cd946f-e9ff-4fff-a19e-2f134a72b4dd,http://www.imdb.com/title/tt0077869/
3967,3679,7091e296-a2bd-4f0b-b3d3-f453de01b1aa,95dfa683-da43-4146-b914-3269eb4aa21c,http://www.imdb.com/title/tt0120737/
3968,3680,0093267a-ad1d-4398-a79c-6a6be4d785b7,39113954-da6f-445d-a6d4-edb760a72ec3,http://www.imdb.com/title/tt0167260/
3969,3681,0a0bdd59-49e8-4c2e-a71e-eef6b24ea1da,ab25b44c-2691-4f37-ad11-b2aa9c78ec12,http://www.imdb.com/title/tt0167261/
3970,3682,c3c017d1-56c5-4d6a-9def-06e10dfdc684,25692a1c-e89d-4f40-aedb-ec15946029c8,http://www.imdb.com/title/tt0071853/
3971,3683,60ef690d-ec1c-4ef2-a9fa-1000dc66bc6d,05344551-974d-41fd-ba5e-5bde0d5141ae,http://www.imdb.com/title/tt0084749/
3972,3684,86a6ea6a-4435-44c4-9be3-48fce1930b87,1a5da2dc-1d0c-438c-9994-899947a5d570,http://www.imdb.com/title/tt0119590/
3973,3685,5972d4d1-9593-43c3-8424-43fd856bdcff,4fc4d783-19ca-4e67-b3c0-688afa1f2cfc,http://www.imdb.com/title/tt0058430/
3974,3686,abba865f-360d-4899-9fed-350e04eea646,5691ed24-2535-4006-a073-ff5cc9423073,http://www.imdb.com/title/tt0052357/
3975,714,327cee18-d3c7-4c34-8cbf-9167caea56b7,37983af1-d984-451c-be4f-e836b1a62738,http://www.fromthebrothersgrimm.com/movie.php?movieid=1
3976,430,db00d929-4987-4e8b-aaac-8972b6a1f628,8e4b76da-1261-44a2-9005-58e1697b9d3a,http://www.fromthebrothersgrimm.com/movie.php?movieid=3
3977,1511,65473154-5914-402a-92b0-e1c45d5bd4e7,47e5a187-598a-4d65-b5ec-7aa771a38f87,http://www.fromthebrothersgrimm.com/movie.php?movieid=8
3978,763,3c5c0a68-6ce5-47da-8f80-e9fa29807892,f76025bb-5c5b-4afd-82e2-f3e45dec42c1,http://www.fromthebrothersgrimm.com/movie.php?movieid=%204
3979,1512,97a47ad6-e711-471a-a4dc-7b4cc23e6aa2,10730b62-1e47-4b30-a6a5-5fa7a01b07c3,http://www.fromthebrothersgrimm.com/movie.php?movieid=9
3980,241,7fe86e9f-4802-4201-bd2a-4417171684c6,7a2aa8aa-7e86-4d04-a8a0-1dde6288da95,http://www.fromthebrothersgrimm.com/movie.php?movieid=2
3981,1513,947293a5-c70c-4d79-aa19-3e733d9f5d6a,77718f83-ae7e-4479-818c-80b4db55031b,http://www.fromthebrothersgrimm.com/movie.php?movieid=5
3982,261,eebeb994-69da-4982-853f-43f0dbbee00e,37987dc5-37b9-40a6-ac81-c6df41d7630b,http://www.fromthebrothersgrimm.com/movie.php?movieid=6
3983,1214,7b5154f1-bc28-44a9-b480-c97711b54fcb,2d188512-4054-44ff-9133-3262e39da638,http://www.fromthebrothersgrimm.com/movie.php?movieid=7
3984,1514,60e4ccc4-9d40-481b-acb1-5a64c852743f,0f691da2-1b86-40a2-b88e-8b2b14faa176,http://www.fromthebrothersgrimm.com/movie.php?movieid=10
3985,699,636c873d-fdc6-4213-9eb7-787b1710e7ba,0a9e0332-e7ef-46c3-b2e1-b56290a835a8,http://www.fromthebrothersgrimm.com/movie.php?movieid=11
3988,3687,841e3452-12b2-49cf-835f-6be75cf3b66c,a93540c9-d2c5-4203-bd21-f440aad565ed,http://www.bfi.org.uk/news-opinion/news-bfi/lists/alice-wonderland-eight-very-different-film-versions
3989,3687,55bf1bb7-c668-4196-a783-f75c81018801,a93540c9-d2c5-4203-bd21-f440aad565ed,http://www.imdb.com/title/tt0089052/
3991,3688,5c0b61f5-2988-490f-9e4a-96d3015962d7,178a4c02-39bd-4106-bf69-7fbb75ce451a,http://www.imdb.com/title/tt0074113/
3992,3688,dbf963fe-7611-4ced-a864-049dd594e755,178a4c02-39bd-4106-bf69-7fbb75ce451a,http://www.bfi.org.uk/news-opinion/news-bfi/lists/alice-wonderland-eight-very-different-film-versions
3994,3689,d8cf38f0-d9dd-438d-b52b-a569c9f60810,696aa9db-7b0a-4d70-9b5b-b1c2a761a6d5,http://www.imdb.com/title/tt0048644/
3995,3690,333d82a9-f6ef-4e15-a75e-2f53983d089c,97a13aa7-68d6-4569-a5c3-8e30aa07b2b9,http://www.imdb.com/title/tt1475429/
3997,3691,634f4642-d5bb-4d9e-bf11-93b243bf0887,0f9abc42-ee53-49e2-b7ac-078d0b9deb6e,http://www.imdb.com/title/tt1488181/
3998,3692,2a0373ad-1d4d-4ab3-96aa-ada144e28ce0,0eb473cd-298a-4960-b92f-e91826722588,http://www.imdb.com/title/tt0073570/
3999,3693,4f3f7e49-6f18-4dfb-9377-e4724042bb85,f84810a3-da50-40df-95c5-c07ab897b344,
4000,3695,c6f7274f-9117-4ed8-a9e2-299cbf5cf368,930caee6-5d2f-4b6b-af7f-fbe251ecaabe,http://www.imdb.com/title/tt0058006/
4001,3696,c2e04515-fb6f-4d18-93eb-758104e6798d,0b6a0a80-4156-473d-9e91-068e9fc775b4,http://www.imdb.com/title/tt0184653/
4002,3697,e98a9195-1230-4cd7-922e-df98e8a93f1f,006760a5-84fa-46ef-a787-64b166697f50,http://www.imdb.com/title/tt0787474/
4004,3698,4439da66-f99c-4fbc-8fdd-24f0b313667c,e581e10f-089d-43da-9851-507da51525b2,http://www.imdb.com/title/tt5278832/
4005,3699,b853399d-4ed1-4009-9e57-ea89120ce21e,948b3f27-86b2-4f55-990b-3af8c6e4574e,
4006,3699,42682a53-7db7-459b-ba8d-342add931243,948b3f27-86b2-4f55-990b-3af8c6e4574e,http://www.imdb.com/title/tt0060651/
4008,3700,36046c1d-c4c4-405b-9914-b1c152598da9,2f9d7a26-961d-400f-aa70-ec150786fd19,http://www.imdb.com/title/tt0928026/
4009,3702,d3b617e5-f042-4921-b4e7-38c4f4cacd34,7ba6b109-362a-49db-8580-6dfba8d3b92a,http://www.imdb.com/title/tt0848537/
4010,3703,c6701f95-9643-4b3e-9280-0ed1fc2b49b3,2abe43a5-3a14-4b8f-9714-fa0b36c81570,http://www.imdb.com/title/tt0186408/
4011,3705,f6c25315-548c-40ea-b9a1-161d8648ff66,142e24bd-9a4f-4b05-859a-e09c75121ae6,http://www.imdb.com/title/tt0295700/
4012,3706,55f2c2ef-5d95-4754-bcc6-3b364b8cbb95,62d6a037-bfe6-42fd-b171-4b875627283a,http://www.imdb.com/title/tt0110475/
4013,3707,3ff22fa0-2e64-4f43-be17-aab867d7da7d,f4f326cd-6a32-4bc1-a098-9bbae4fadfa7,http://www.imdb.com/title/tt0889194/
4014,3708,20c03975-a154-48df-82e9-adfea0c6aef3,9b6055f2-6fa7-47af-9348-02ee2b8810fb,https://vimeo.com/149355438
4015,3710,1c893e80-6220-4e3b-a58f-65dd9d3dfacc,20ebbf24-3a32-4ead-b314-6a2f1835e61d,
4016,3710,bc409131-2089-4c21-a5d1-30e72355328d,20ebbf24-3a32-4ead-b314-6a2f1835e61d,http://www.imdb.com/title/tt0058148/
4017,3711,7f0913d4-0086-4e4c-9dd7-e527756a1902,528873e7-c430-41c8-9862-8498bf87e759,http://www.imdb.com/title/tt0085452/
4018,3712,b2607682-669d-4408-a7cb-084f7b790794,4eb275b4-d987-4a4e-8baf-0da2fd6ca591,http://www.imdb.com/title/tt1181840/
4020,3714,f30589e2-e409-4f3a-bd6c-6dbdd0529c14,9b0dce94-35c1-43bb-838e-3818fe616017,http://www.imdb.com/title/tt0051850/
4021,3715,c50506e3-cf12-4dff-a1a1-9ad1befecb91,ff4eb221-a235-4778-b839-61dc757275a9,http://www.imdb.com/title/tt0118799/
4022,3716,a33789a2-1ee8-48e9-9037-2bf0115a0253,0e2eead0-1218-4e52-ae84-dcac9d0e149f,http://www.imdb.com/title/tt0207649/
4024,3717,94d551fc-4eef-4017-a8b9-4dcf4930face,ff27bff1-9215-4873-96d6-8e931ab111cc,http://www.imdb.com/title/tt0847571/
4025,3717,5843a9a4-bf41-4dd4-88de-c02642f72db1,ff27bff1-9215-4873-96d6-8e931ab111cc,https://vimeo.com/11121112
4026,3719,f7549d3d-2e5f-49a4-b7d8-759235ba72ee,0b5ecb79-5bca-4ef1-9315-e04657694080,http://www.imdb.com/title/tt1533795/
4027,3720,0c24f4e7-1ee9-4833-b65d-32c01ed690de,007b74d0-f055-4ef0-9c27-81ab33d03c06,http://www.imdb.com/title/tt0780504/
4028,3721,105c07ee-f8e7-41d9-9183-72ed4c29c2aa,a7f3232b-c522-4711-b22e-c3c20ac839a3,https://www.youtube.com/watch?v=myG5Xg0NaQ4
4029,3722,808380b7-dc0c-49d7-b7f4-622a19641add,eb9c5bbf-18d8-499f-98a3-0f773fa9ae2c,http://www.imdb.com/title/tt0390221/
4031,3723,cce39db1-0f80-4f3f-9245-33fddd35cca7,976bd580-8fbf-444d-bbd3-2a4e84430f8e,http://www.imdb.com/title/tt0188506/
4032,3724,f60232d7-bb6c-4fdb-b19c-3933306a130a,10355a39-5487-4eb1-a8c0-11cacab6ce70,http://www.imdb.com/title/tt0296008/
4033,3724,73a9f5df-83a3-4a1d-9711-3bf4ac8a0c51,10355a39-5487-4eb1-a8c0-11cacab6ce70,http://eprints.brighton.ac.uk/14950/1/JAC%20LAST%20The%20sacrificial%20Dora%20Carpenter-Latiri.pdf
4035,3725,d8d98c9a-9cc2-48fc-be32-d6ed501e4e57,317b1d8b-e561-494c-9e38-8bb96a44b2ad,http://www.imdb.com/title/tt1891769/
4036,3726,d17e809c-6534-41fe-9200-bc21818165f5,61656402-bab5-4ae0-a35f-add128b027b7,http://www.imdb.com/title/tt1450334/
4037,3727,8103bf48-fb49-48aa-9044-9eef28919022,307836db-0198-4a6b-8cdd-283ac2d7858b,http://www.imdb.com/title/tt0250660/
4038,3728,c7600278-95b0-4a8a-bd69-7969532d1f90,ff53ea4c-0fbc-4ef4-aa21-79018f33740d,http://www.imdb.com/title/tt0003311/
4039,3729,01ed8e96-767e-4830-9eec-ac59010b2e8b,5ccf1a18-d2e9-42d9-9030-ab8730864cae,http://www.imdb.com/title/tt2760804/
4040,3730,c65a7b71-f1f0-4675-a114-ac2914fa8b0b,2522832e-231b-4e77-b375-42b0f2da294f,http://www.imdb.com/title/tt2293596/
4042,3731,e5239b36-6a04-421b-9d5f-4dcc62b31084,7d7968e6-a861-40bb-8ae0-a471d4c6d2f4,http://www.imdb.com/title/tt2707280/
4043,3732,c38a6d0a-fb90-4e84-88fb-adb85273c063,3f2c2097-5333-44fe-9e1e-7e3d3bef355d,http://www.imdb.com/title/tt0969332/
4044,3733,babb91d3-65eb-44c1-9c1f-78e8d3b4aa06,caedc2b1-1c99-4fa6-bfa5-7754b27e2e7b,http://www.imdb.com/title/tt1725156/
4045,3735,1ad76d63-31f5-4d0c-99d7-2938a4cf2547,53be274d-2baf-42aa-ac2c-bf19fe7b9717,http://www.imdb.com/title/tt4191054/
4046,3736,2ea44447-4d0b-4831-b186-235a1581e56c,9db78086-a571-4c04-96c9-848657fcdfc7,http://www.imdb.com/title/tt0092020/
4047,3737,3a021510-af34-44d6-9bb9-3af056a5d9b4,14de3d5f-20f2-4fec-8c17-70a28691c109,http://www.imdb.com/title/tt2474976/
4049,3738,a57c3c3e-4623-4ac2-b25e-cbc8ffdf462c,c7eebea4-3aca-49b1-b9b4-3b38e7a7d31d,http://www.imdb.com/title/tt4701660/
4050,3739,d9ce6fe2-290b-4d8a-98ba-e5de9d6325d1,80a75b2b-d130-45fc-b02c-09d94aa178af,http://www.imdb.com/title/tt0118767/
4051,3740,83f70c5b-e056-43f9-b098-27c016d0808a,850402df-8bac-490c-b2a3-1454dba128bc,http://www.imdb.com/title/tt0238883/
4052,3741,c1b27a71-491c-442d-9691-f691d4ca5fa4,37262349-b660-4bce-842b-8e21fd27d6ef,http://www.imdb.com/title/tt0058642/
4053,3742,fbcd74f8-e96f-433b-a1cb-a5f73b71923d,f9d53a90-0f37-419a-8688-20689e1d15ee,http://www.imdb.com/title/tt0203895/
4055,3743,a38f45f8-ae74-4446-92e7-04eb40509d00,dce9e43d-7bc4-4e8d-a5b7-894eafd60503,http://www.imdb.com/title/tt2562290/
4056,3744,954e9eef-550c-4644-9e58-01e09a429535,cbc06531-b1d7-442d-aaa8-fc6dcfa2d58d,http://www.imdb.com/title/tt0295743/
4057,3745,3f419620-a2ba-4d09-89d4-81c2327464c6,ebdaeeac-8cc6-49ea-956d-7740d7791496,http://www.imdb.com/title/tt0216283/
4058,3746,0d275d47-9a66-4a4f-95f8-f19a7b56c94f,9f447ffa-9f61-4c3e-beb5-052a7a9ff109,http://www.imdb.com/title/tt0176958/
4059,3747,cc319e47-8ab1-4d0d-a84b-4dec30e1c45e,81e55f59-59f2-4bf3-81fc-bd984e13f6de,http://www.imdb.com/title/tt5295374/
4060,3748,24fb805f-5bfd-47b3-a002-d96bc1dc77c4,9248c8bd-9462-493e-935f-1510b590bb78,http://www.imdb.com/title/tt5295364/
4061,3749,5f25713e-a043-42b8-8c66-dc7f98de5545,fb92de6a-4496-4df9-a777-bc636c27355f,http://www.imdb.com/title/tt0083951/
4062,3750,991eed9c-22c0-453e-a338-1d7dce630d40,ec553358-5f9a-4ba7-b4c1-30b3034dfa65,http://www.imdb.com/title/tt0439592/
4063,3751,577a3393-4699-4c3f-ac50-3b9ca71445e7,f94870d2-0d46-435a-ac64-aa13a3ccd675,http://www.fairytalefilms.co.uk/Pages/peerifool.html
4065,3753,9deed8d2-7367-450e-9b59-e1b6b5bb1196,1aaa9e6c-83b4-45ca-b668-1857e27e6c45,http://www.imdb.com/title/tt1034325/
4066,3754,2b73d5b9-c187-48e0-ba3f-a162bf3730e7,f7349efc-3c15-4e2d-91ad-ba44d1daad42,http://www.imdb.com/title/tt0378906/
4067,3755,ed0378ab-2d19-48ad-94ec-399a36c2262f,09e4ed92-5bfb-4103-b6d6-9e0b3298ff14,http://www.imdb.com/title/tt0021026/
4068,3756,6230d726-75a6-44fb-865f-ca4cf6ee0a42,4b072afa-5c81-4297-8d93-99c2ac8f14d0,http://www.imdb.com/title/tt0111115/
4069,3757,8f9ca07d-89d4-476e-ae1c-d8d88f610787,ab451ec0-95aa-4255-a68b-7f4f230b8933,http://www.imdb.com/title/tt0251027/
4071,3758,b469bf73-7daf-427c-bd55-b3948f7913cd,0ed2c5b8-1cc7-4873-895d-0e1fdfd3a263,http://www.imdb.com/title/tt0341542/
4072,3759,2d298541-d844-4d32-9d99-589509220cf5,00b31ba2-066f-4bfe-b7c6-684512399ad8,http://www.imdb.com/title/tt0951335/
4073,3760,1c1e2afe-831f-42d9-9e78-4f50818d3b4e,9b9921b7-e067-4b33-b82c-b8af127e59dc,http://www.imdb.com/title/tt0411477/
4075,3762,b9b2c128-52b9-4a9f-8015-7a40e54cc253,d5cf37da-6e67-4214-993b-2e98635f1cfc,https://www.berlinale.de/en/programm/berlinale_programm/datenblatt.php?film_id=201614282#tab=video25
4076,3762,835a86a7-9827-42b4-a46e-e7734fd8a29f,d5cf37da-6e67-4214-993b-2e98635f1cfc,https://vimeo.com/154412996
4077,3763,8b709120-357c-406e-81c7-152c83d8ad2b,245dea81-f2c0-400a-9ede-3657c069386f,http://www.imdb.com/title/tt0166987/
4078,3764,82831242-ae9c-4a40-8a79-7adacddddb18,5fbd98aa-bf4f-40aa-8f18-b2667c0c311c,http://www.imdb.com/title/tt0067647/
4079,3765,86273b2e-61bb-41f1-9ac2-dc9a2ca029ae,e33f0d92-148b-4517-a673-862d89bce0fd,http://www.imdb.com/title/tt0429330/
4080,3766,55cd48c8-f9fc-49bb-8789-13559eb7dda2,cee3ee3a-22e5-4b5c-8216-80e9152f6ca1,http://www.imdb.com/title/tt0116683/
4081,3767,4abfe399-62fe-4763-9f74-f1692276468c,c6b70cc6-e37d-4fa6-9c86-5d8edd15732d,http://www.imdb.com/title/tt0082319/
4083,3769,2a87b70a-8361-4a4d-80ab-daa18c116ee4,8926fc4c-6084-42ff-9fed-c426538635d7,http://www.imdb.com/title/tt0046478/
4084,3770,01282d4a-d025-42df-8409-05854b3ae1d0,4de4a046-1e90-4c7c-9f8c-41b0215801ae,http://www.imdb.com/title/tt1839450/
4085,3771,169cdbf5-59ee-4402-8f74-69f744f2e145,be9a9e39-a694-4750-ae09-8f4516347256,http://www.imdb.com/title/tt1323546/
4086,3772,88bcbeac-8141-436e-8afe-613257ffee21,5e65f8f6-033b-401a-b72e-a2b4bd315ee3,http://www.imdb.com/title/tt0443075/
4087,3773,a04f5ec5-1e71-4d7b-b3e6-9605c7261f10,b293e024-ae33-4bce-b4c7-35b047df15bc,http://www.imdb.com/title/tt1927100/
4088,3774,f5cedbfe-378b-4129-bc59-9c20a7e55df0,fce6bc7b-06c0-4442-ba0d-56ba51123049,http://www.imdb.com/title/tt0210299/
4089,3775,1682c233-297a-434c-a6f5-4377a63d76f2,780127ba-3e6d-49a7-a5fb-1554b695f2db,http://www.imdb.com/title/tt0403990/
4090,3776,34fdc424-ef96-47a7-a8de-a6192239d4c8,0c584d21-ee21-4e6d-938a-118c91abea7f,http://www.imdb.com/title/tt0499238/
4091,3777,bb33d5f8-6f70-4da4-9626-a7e361716ee8,6d06a6f0-a0a0-4ddc-b007-905ec063fb22,http://www.imdb.com/title/tt0101775/
4092,3784,8ce48a89-449b-4e3a-8fce-4059d2c680a3,75c15c35-3e94-4a1d-9988-b957d1308eed,http://www.imdb.com/title/tt1429430/
4093,3785,6ad0921f-bb94-4af5-ba04-6d49232cfdc3,cbab0862-cc74-4cf2-a8e7-2febd9b83022,http://www.imdb.com/title/tt1064799/
4094,3786,73c8cf71-7040-489c-8d8b-39483a64dda1,e7fb6f21-25c1-47e7-ae41-318409d4895d,http://www.imdb.com/title/tt1062248/
4095,3787,ad5028c1-e00b-4b67-8773-442c818083d4,abf2b9bf-3557-4cad-ac0e-4f890900192b,http://www.imdb.com/title/tt1083453/
4096,3788,63ba44b0-d685-44d6-aff1-d5a6ced339e5,d185b44f-c531-445b-9169-6fe200707fbf,http://www.imdb.com/title/tt1037018/
4097,3789,56b231e5-749b-414c-8630-cbf32f4f4aa1,4269fa72-69e5-406f-ac36-bb41573a949e,http://www.imdb.com/title/tt1532928/
4098,3790,efa15792-8cbb-4c9c-8878-a07108463f39,01371878-1851-44fa-aa32-c1d220d52558,http://www.imdb.com/title/tt0111783/
4099,3791,3b10daf5-951b-4153-b482-e0a13f1e19f5,84919a65-c02d-45f9-bea7-f8d139692716,http://www.imdb.com/title/tt2562304/
4100,3792,241caf9a-61ad-494e-bf6c-be2c255f21a2,14df17a1-2f3c-4ae5-89bf-efad41607388,http://www.imdb.com/title/tt0080667/
4101,3793,e5452ade-78fb-47b9-8748-96f06a97be91,374706f6-49af-431b-b208-ec8295f00b1b,http://www.imdb.com/title/tt0441674/
4102,3794,964d000c-26b8-4d6f-9aa1-34aeb99c54e2,6bcc7915-772d-478d-afd4-057ba6e4a66e,http://www.imdb.com/title/tt0380249/
4104,3795,524171f5-27c3-47b3-ac0e-285844bcba61,f4c4cfcc-811e-48da-b979-653ecb638deb,http://www.imdb.com/title/tt1118701/
4105,3796,3c520a64-9e63-4b8b-8b4e-6f50aedc8797,2ccfd639-e0ba-4781-a92a-a2c9560c81d0,http://www.imdb.com/title/tt1482996/
4106,3797,85e277c3-e9bc-4ee1-a2c1-f65139807f5f,d080f876-92cb-4205-8a98-5cbb2724483f,http://www.imdb.com/title/tt1493886/
4107,3798,400fdf67-c803-4e3f-962c-9764e2f8f67d,df0f8276-676f-485c-b87f-811b4e03e969,http://www.imdb.com/title/tt0099851/
4108,3799,1b030dc7-1a81-40a4-bb53-80087d8dd283,7242c6b0-97e4-43f6-91c4-31262a711486,http://www.imdb.com/title/tt2023587/
4109,3800,b72e9e26-52f3-4101-8f5b-89de0ddef31d,6d663bea-4ca2-43cd-a142-5683f83e25a1,http://www.imdb.com/title/tt1650819/
4110,3801,0cce48a8-c003-4135-a97c-f91380f945d6,51ed9a04-2393-4750-a885-af535fdf70a9,http://www.imdb.com/title/tt3567288/
4111,3802,76538be6-fe89-4bac-820d-0495198fceb3,9fb4eb1e-be63-4136-840e-5468065a51f2,http://www.imdb.com/title/tt0108395/
4112,3803,54401aff-5a37-4398-9480-d08eb920f888,b6067a68-b033-4aa8-a667-d0c25fded19a,http://www.imdb.com/title/tt1679335/
4113,3804,4d0a5929-f548-4a55-9954-696c2d0ecacb,c1cc59da-1687-44f1-ab66-510c321c060f,http://www.imdb.com/title/tt2233941/
4115,3805,d4f38db5-0cb1-4fa7-bc60-0109923a3333,75ea5c25-7b7f-4fbf-b84d-d951de5b6655,http://www.imdb.com/title/tt0375568/
4116,3806,8405dbc4-0cc3-40f3-ae6c-7b9b5a084c52,5bf36545-ffc7-48af-988c-6d9eb7c2e6ac,http://www.imdb.com/title/tt2567026/
4117,3807,2ec24e90-a2c2-4c24-b4f3-469368eb34ec,b45373ab-0e79-4d45-8d23-8851d21c2fbe,http://www.imdb.com/title/tt0167758/
4119,3808,64e3f8c7-b47e-4f27-abf2-b68c87e58bb8,3fd789dc-d390-454a-bb88-f82baf0e5a4a,http://www.imdb.com/title/tt3691740/
4121,3809,5f76de5c-d221-480c-ab75-54c54c81907a,3831d2f1-92a9-459a-a9ba-621e990584b7,http://www.imdb.com/title/tt0096866/
4122,3810,7f57948d-0535-4b2e-a499-08fc983ffd63,c0d6c0d9-f8c8-43f4-8c9c-7f217e98972d,http://www.imdb.com/title/tt0089883/
4123,3811,b6dc10ba-e4bf-40eb-8c03-bad86efff9cb,35aa2a67-1817-4c6b-829b-e05b9038ff05,https://www.youtube.com/watch?v=3scOr_d9Dwo&list=PLzfcpxK7Y8rRkCl5-rJFzwSv-Lpf94TS8&index=2
4124,3812,14886805-c724-4d31-8b29-3046215f3257,fcc80e74-cc47-4647-bb70-2f96f24d2057,https://www.youtube.com/watch?v=MT49ghJ7aGA&index=1&list=PLzfcpxK7Y8rRkCl5-rJFzwSv-Lpf94TS8
4125,3813,5cecd340-7929-457a-909d-23a0a3dd32a9,458c72bb-2c82-468c-ba71-be65ad22a0d9,https://www.youtube.com/watch?v=2mfkYtZkPVQ&list=PLzfcpxK7Y8rRkCl5-rJFzwSv-Lpf94TS8&index=3
4126,3815,a6e4b74f-b605-47bd-8cad-002c60cedae8,d4a519aa-bf6f-44bf-b90a-d98159340832,
4127,3815,2619a7e3-ad4c-4344-a600-6e674b082176,d4a519aa-bf6f-44bf-b90a-d98159340832,http://www.filmaffinity.com/en/film958142.html
4129,3817,3480f35b-131f-4540-a2c5-e8cb553cf95a,a4efa86b-18db-4e78-8044-9f8ec1634fca,http://www.imdb.com/title/tt1446192/
4131,3820,363493c7-66cc-40e1-a894-51332494dea1,f5aef4b6-94c2-41ab-8b95-ab304e2cec47,http://www.imdb.com/title/tt1610301/
4132,3821,925f51a4-aec5-45fc-8a8d-32d2d4fb7be8,d864c68e-8af8-4470-9cc5-a8e125dc6694,http://www.imdb.com/title/tt2197823/
4133,3822,420fe51a-c2c2-42f9-b635-460d78d74dba,7e414c90-32bb-416b-b011-682525e4c870,http://www.imdb.com/title/tt0288441/
4134,3823,8073e784-2623-42ca-a328-40d30ce1dcd6,45503207-4631-47ee-bbde-5537f204cc24,http://www.imdb.com/title/tt2630134/
4135,3824,0691c50e-2346-4a72-b220-9c6afce75597,181c4262-3d1c-4743-85e5-eee3dc988687,http://www.imdb.com/title/tt1398940/
4137,3826,c2458ae3-cd6e-4fa5-833c-8a3ed2c657c3,5305e5b8-5ba7-41c0-a047-13b3a613464d,http://www.imdb.com/title/tt0403514/
4138,3827,009e7e5a-b693-4d8b-8594-69c25ebd60e6,daff97a2-f3f5-429b-a832-cb5bdcb6d9bf,http://www.imdb.com/title/tt2977686/
4139,3828,fc502dc8-9c72-4935-ad08-19f066559971,9d214ee8-5e3e-4ff1-841e-8b581a9a4d8f,http://www.imdb.com/title/tt2977634/
4140,3829,3da5dd56-f61e-464c-aa84-c9885282cf3b,5a61e8e0-9add-47cb-b16a-5968da3663d8,http://www.imdb.com/title/tt0272614/
4141,3830,baf47fd2-00b4-4079-9c78-c3064e427cb5,51e4819f-bef7-4307-9ac2-2592ee454a64,http://www.imdb.com/title/tt2371164/
4142,3831,8f46ec09-91e8-4881-a76b-33b5d4c99c84,a4736a29-5236-4f94-8572-12dfbee60e2e,http://www.imdb.com/title/tt0408636/
4144,3832,176d2f21-efd9-46eb-9502-9fc27762af35,119418cd-3bff-45b5-972a-572b08110a18,http://www.imdb.com/title/tt0077534/
4145,3833,2d73df62-ed8f-4806-b41d-f4808f17281b,ed780eff-e0d7-4aac-be66-90cdff866d02,http://www.imdb.com/title/tt0433453/
4147,3834,e2162cf3-12a2-42ec-9e00-b7887f6cb428,80974f3c-c450-4c29-a5a2-b9764e117829,http://www.imdb.com/title/tt0069817/
4148,3835,08e71530-6897-4736-a3dc-c6bc12eb9cf7,26897b85-f1db-48ce-beb3-a54c7ca8068c,http://www.imdb.com/title/tt0118755/
4149,3836,dfcbafa3-1f95-4bf2-b4c1-6c5d2b1d3d5c,d358529f-509f-406a-9b84-db1f31d12f58,http://www.imdb.com/title/tt0098453/
4150,3837,5c4cacc9-7aaa-4637-a68f-484cb3a86906,f50f7d7f-71fa-4163-8af1-ce51d076a8cf,http://www.imdb.com/title/tt0120382/
4151,3838,c15bd66d-6e25-4e5e-8626-3d704eecd89a,2a77969a-a1c5-4c6a-8819-43e5e3d80a0d,http://www.imdb.com/title/tt0147612/
4152,3839,5415966a-d9ea-413e-b0e1-3cab985d6e4b,c8beac27-9a82-4592-a7ec-779b3acb087f,http://www.imdb.com/title/tt0077984/
4153,3840,06612a3a-7c48-4c6b-9267-a967481bf3e3,2a490ecf-abda-4cf5-80c2-2e49b1cd24fb,http://www.imdb.com/title/tt0202275/
4154,3841,a5de732c-d995-4156-8172-f5e08079baa0,712d7587-517e-48e2-96b5-8bdd11b243e8,http://www.imdb.com/title/tt0045464/
4155,3842,09652a8c-3c90-42d4-88b9-a27837448b21,fed1abdb-1f4f-49eb-a90c-db55e693beff,http://www.imdb.com/title/tt2493816/
4156,3843,355d8727-419c-4efb-a3a1-668b9ef6df29,cd058411-53fd-45fb-af5b-5a9b502b3715,http://www.imdb.com/title/tt0326156/
4157,3844,461ce818-f2f9-44e0-941a-cdaf343663b9,089133a1-2b65-45a6-a7ae-c60c4d2545ca,http://www.imdb.com/title/tt0407236/
4158,3845,4d5e9514-1cac-4326-b9f9-46ad9736b3cd,5763c864-13e9-4992-a353-16020610a6cd,http://www.imdb.com/title/tt0239478/
4159,3846,83439325-d771-4e51-96e4-6eb43fd507f1,27739820-008c-4719-87bc-97e82a0a1570,http://www.imdb.com/title/tt0242927/
4160,3847,fad8aa6e-fa36-4634-ad95-0cc2449fef64,ee607bfb-c574-4f74-91b0-dd032fa846e8,http://www.imdb.com/title/tt0107719/
4161,3848,cea0785d-9dea-43ca-b8fc-4db571600f8e,7ef855dc-2a8a-4724-8ce2-622eadd8a52b,http://www.imdb.com/title/tt1550549/
4162,3849,1d78c3a4-a5dd-4a69-81da-05d17a99905b,df1c983e-8e53-4a64-8f33-52043152f7b0,http://www.imdb.com/title/tt0834927/
4163,3850,f1170d53-5cf1-4dce-895d-9a4e540daa43,fc337182-75eb-4cfe-aaef-48d730a89fb2,http://www.imdb.com/title/tt0240213/
4164,3851,2fd613e0-1a10-4d36-87b7-68f8f56f1cb0,909fbf78-3a8d-4f12-89be-c4180644dded,http://www.imdb.com/title/tt0085297/
4165,3852,32bdc320-475f-4ed5-bbcc-138738e0ffee,45b2045d-8349-41cb-b05c-6e1ab0e9f783,http://www.imdb.com/title/tt0057547/
4166,3853,743770b4-4ff6-4538-8f3d-07a85ea1cc46,224cb70a-cf46-4895-8646-109ad6d324e7,http://www.imdb.com/title/tt0057268/
4167,3854,6d498513-cf1d-48f4-a996-8e7cd224a8ed,eb4d3069-6448-46ce-bf77-a5f9ed0fa067,http://www.imdb.com/title/tt0146719/
4168,3855,131141c3-a0ff-4c41-99ad-991dbdee6366,a95d05ac-9598-4c8c-b3fc-d41e3a0d498c,http://www.imdb.com/title/tt1479358/
4169,3856,abc5f8d5-e935-468e-9efa-1e5f058ba6e4,3bd3d340-b154-4fa8-b23b-8664d69885de,http://www.imdb.com/title/tt1505114/
4170,3857,3f1a4c05-629c-4fe3-bae2-9b85e362997d,0736fcf6-5d06-4348-aacd-02bccbd1dbc7,http://www.imdb.com/title/tt1451618/
4171,3858,bfa69242-0791-4a32-b865-12d90e6469c2,81a4de5e-8870-429c-8f99-75244f321783,http://www.imdb.com/title/tt1255954/
4172,3859,310a75c6-0ff5-4d49-a69d-987911ec4708,b76731cd-41c2-45c0-95ca-cca8458c7d67,http://www.imdb.com/title/tt1480190/
4173,3860,3f2a2356-ca68-4ec9-95f0-3fb612338403,fa687d78-dbae-42c7-bf39-f363a03892a8,http://www.imdb.com/title/tt1934236/
4174,3861,2cb79fb4-bfb5-48c9-a53a-863718e53c57,7ef5918b-2989-4d56-b1af-eff760550ddc,http://www.imdb.com/title/tt3424814/
4175,3862,a5e14f04-d0f3-4fc2-af05-97c413584507,60bec709-a18c-446b-9990-53a017c09005,http://www.imdb.com/title/tt0422388/
4176,3863,b5604b2d-38d3-48c0-a87c-5a0df71875ce,23b64e80-2cbc-4f3a-ac13-b100e6251d55,http://www.imdb.com/title/tt1238114/
4177,3864,415eb709-eb51-41a7-b9f5-e1f8dd6e0db3,798df4a5-869b-4875-a870-e9c54acb9dd0,http://www.imdb.com/title/tt0295682/
4178,3866,568c11b3-b2e8-4710-bf58-5cfacbd876c2,3c411b1c-fcb5-4ab1-b9f5-86ddd3ba951e,http://www.imdb.com/title/tt5822648/
4179,3867,7d5fba08-dd6d-4cca-a775-5be3fb373f34,2c462a9a-2eac-4587-815c-c7f5b477d0c4,http://www.imdb.com/title/tt0075838/
4184,3873,3abe919f-aab7-4a1e-8b53-bfc1a0376ea3,ed18e102-25bb-488b-a2ba-ca1b8f3fd08c,http://www.imdb.com/title/tt4302938/
4185,3874,779ec6f0-6b5b-440d-8ca4-64bfeeb5bb37,53e5e8f0-3043-4f73-8d9a-7bba0ae9aaf9,http://www.imdb.com/title/tt0064546/
4186,3875,f0dd844e-ecb1-4ccc-94f5-2489862a32d4,616e10cd-f1c3-4b8a-9c6a-46fb7230d44f,http://www.imdb.com/title/tt0114671/
4187,3876,fec6f4b9-a5cc-4ef6-9e84-36c26a026cbc,c8ad1511-05bb-4062-9f68-671bef81ec8f,http://www.imdb.com/title/tt0068687/
4188,710,748cd6b9-48a1-4ed8-880f-9d2907552251,605426bf-a783-49a1-b574-291da6af64c6,http://www.erickabeckman.com/cinderella/
4189,886,64ca8964-be19-4ee6-8c3c-bcbc7f40123c,41a37cef-3c84-4f39-a5d0-e891b8418b15,http://www.imdb.com/title/tt1343987/
4190,3877,7366e04b-130c-42aa-aeeb-c8c6e99e7ef3,307d2b5e-cd4c-4b39-aa33-e84f8494be04,http://www.imdb.com/title/tt0283492/
4191,3878,42f95d97-72b5-48b3-883c-024204d7dbbd,0a4863ac-402a-4c53-8d36-97f387a2c74b,http://www.imdb.com/title/tt0071203/
4192,3880,1ae0c304-1cbe-48ad-95a1-1fa1ed47731d,6fb6df86-9c94-41bb-85b5-538ba1a697ab,https://vimeo.com/183636389
4194,3881,23ed366d-1230-4ece-bc35-cad2f3c9cb68,ff5a6b45-b113-445c-94c8-8c07eaba096e,http://www.imdb.com/title/tt4118606/
4195,3882,648ea66d-d4a9-4f81-816b-4dea265d5801,dcfb4829-ef7a-4ac1-9851-34d99d2296bf,http://www.imdb.com/title/tt0443314/
4196,3884,9195c7f5-167c-46de-bab4-fbb9032ac4a3,f71475cb-ead5-47d4-a69d-229e2d4e47ad,http://www.imdb.com/title/tt0046713/
4197,3885,c4079196-6a4f-4f0d-878d-86f32aa9f914,2b276a28-cf2c-4354-8750-04944b0e8658,http://www.imdb.com/title/tt0174029/
4198,3886,5cc72968-f297-4cf6-a644-7b1d5692d2c1,eefb8df5-e836-43b4-af3d-0d6716d7b5e4,http://www.imdb.com/title/tt2210769/
4199,3887,59b24e4a-3aae-45c2-866a-e7dd7a60ece4,a7fc1a5c-61bf-4073-acfc-a089a7f93d09,http://www.imdb.com/title/tt0094681/
4200,3888,b3b17dea-cdee-4d43-b8bc-eb5043d709b7,44231656-74f9-412d-b420-e625772d8652,http://www.imdb.com/title/tt1407065/
4201,3889,223a6ef7-d10c-4ea2-a2e3-9dd45bcfe9b9,4c1c8f63-65b7-45a4-9a18-60dc089a78b6,http://www.imdb.com/title/tt0033119/
4202,3890,12ae15f4-408e-4866-8995-c98a05ec3d83,1905cbb9-ab77-4d54-9d6d-0c6b880e4c46,http://www.imdb.com/title/tt0066124/
4204,3892,d6e7e6de-48fa-4f31-a4f9-a69a46c3555a,a419ba85-25a9-44ff-852c-9d1984632dc4,http://www.imdb.com/title/tt0076727/
4205,3893,3135c259-1418-44d6-b851-39bcf8a97b44,50e2090a-5a20-43f1-861f-1980cb2bf66c,http://www.imdb.com/title/tt0079579/
4206,3894,1d7e9e7d-ae07-4a8d-b7bc-88ade4322f32,59995c2c-a3a5-4a73-8d26-94d0bf36cbeb,http://www.imdb.com/title/tt0097584/
4207,3895,43a97389-8210-4dec-bfc5-7a453570d558,0944ea37-ff43-44ad-921b-1e7368ff28e2,http://www.imdb.com/title/tt0014662/
4208,3896,9620d96d-1282-4e70-9b10-19ec05dc31e9,50e14829-310b-437a-8fc4-99531c190914,http://www.imdb.com/title/tt0014664/
4209,3896,3c423e71-1a76-4e74-b8a4-54acf23bd79f,50e14829-310b-437a-8fc4-99531c190914,https://archive.org/details/AlicesSpookyAdventure
4210,3897,b453afe4-77e1-4e75-b465-4ba40d94e9da,b97de497-7412-4720-a0c5-af1a522ae23b,http://www.imdb.com/title/tt0014665/
4211,3898,524af596-2dc0-4a87-9098-6c76bd5c609c,9387bee5-f2e2-4188-a7d4-963a7d0e90f7,http://www.imdb.com/title/tt0014663/
4212,3899,12d3c88c-32a3-4faa-ba75-cf084cdfe1f3,c1fa5a95-d30a-4638-8784-9d4c26776ceb,http://www.imdb.com/title/tt0014659/
4213,3900,9d262b35-39a2-462d-b89e-1d777955122f,b85ebb07-ba26-44bc-9dad-dfcd65cb680b,http://www.imdb.com/title/tt0014661/
4214,3901,d44ecf68-ae52-43cd-9d78-afa28f3d7217,47129df4-f9ad-4cb0-8a62-b4d97a87b466,http://www.imdb.com/title/tt0014656/
4215,3902,308444f2-e328-470d-b2c2-a11e582ed899,db5520f3-42f9-4499-8b8c-5a37b5f668f6,http://www.imdb.com/title/tt0014657/
4216,3903,4902be5d-5352-4220-b3ca-17a58467fd51,bfa2c604-6bfa-45d7-9e57-87f5085de2d4,http://www.imdb.com/title/tt0015551/
4217,3904,b09e5050-a1d3-420d-95c9-4cf8d432412b,ff74e53a-421d-4556-81a6-d17148fd35b0,http://www.imdb.com/title/tt0015562/
4218,3905,24757f3e-ed8f-4d82-aa66-d1bbcce1a5e9,24cafecc-f932-4387-af96-632989cb19c5,http://www.imdb.com/title/tt0015553/
4219,3906,a42faa35-83c8-4883-a315-5eb9258477e6,36df9198-42ad-40b5-ad1b-632307bdbc13,http://www.imdb.com/title/tt0015558/
4220,3907,9f256203-ad26-41a8-be97-9e6c70cdac0c,a74564f8-cef2-4906-af73-523fc37e7a02,http://www.imdb.com/title/tt0015563/
4221,3908,85440675-f9f0-40fc-aa50-8d65ffca0440,59227a32-08c4-4430-a97d-83db89ee5d98,http://www.imdb.com/title/tt0015555/
4222,3909,fedacc36-a620-4c10-92f6-5ccb6376e7c3,985f7763-a1ef-45f5-b9dc-c8ed4fbfbaeb,http://www.imdb.com/title/tt0015554/
4223,3910,82462116-6c5d-4069-a2f4-3c1a2281e1f4,ce313caa-e81e-4292-be36-20c25eac3476,http://www.imdb.com/title/tt0015554/
4224,3910,0f43e747-8483-4673-9018-23c8dcec25fe,ce313caa-e81e-4292-be36-20c25eac3476,http://www.imdb.com/title/tt0015559/
4225,3911,280fcbc3-1df4-49e0-97ad-a7aee5fd8430,f9cb5e1f-2df2-4e26-a482-4f55940ab201,http://www.imdb.com/title/tt0015556/
4226,3912,d91354af-ca2e-4fd9-b0d2-65b34bcdf860,1395a482-eb71-4cc8-9941-7f4273361cc5,http://www.imdb.com/title/tt0015564/
4227,3913,17b47cf0-7cc4-4bf5-a366-5b563ed1956b,fa3b7f80-2167-4e5c-8cc0-a2bb75250ca9,http://www.imdb.com/title/tt0015552/
4228,3914,0cd183b9-c237-4f13-a54c-e6e2f25d3384,4f11a1b3-508c-43ee-bfd5-a44671caa104,http://www.imdb.com/title/tt0015561/
4229,3915,05593f8a-e08a-42a4-892e-e80e67ecef9f,f99f74fb-f784-4787-9f00-074938e6bb8b,http://www.imdb.com/title/tt0015557/
4230,3916,d43bd5b2-ea76-4059-83d0-cfba136197db,f0691a6c-95c2-430b-810c-69980a5f503a,http://www.imdb.com/title/tt0016583/
4231,3917,1f82f720-0c3d-46e2-83a1-4db93ed8b1fc,390ce43d-1194-4b62-99e0-f3ea76d5f907,http://www.imdb.com/title/tt0015560/
4234,3919,07c85d53-c024-4124-9314-1b2201e57937,2516e1b3-16f1-4afa-a3c4-7ea62772ab13,http://www.imdb.com/title/tt0016589/
4235,3920,a355f087-daba-412c-96dd-02f73175c934,57fcc321-034f-4c8a-b67d-db87d561bcd8,http://www.imdb.com/title/tt0016594/
4236,3921,d9c7ccf9-36db-4ff0-ab91-b9e77c662adb,f972371b-512c-42af-8e88-50d5b33dc4e4,http://www.imdb.com/title/tt0016591/
4237,3922,d31d9acf-4216-4cfb-ad88-09512e281c27,4e2f01c7-b355-4188-a710-8b7dc93a8a8f,http://www.imdb.com/title/tt0016591/
4238,3923,3820792b-1d7c-4071-8e09-95826ef4499c,7f4c3245-1fff-4fba-9c4a-2708ab44bb84,http://www.imdb.com/title/tt0016580/
4239,3924,f78df62f-0b1f-4a71-818b-e720f549c047,f7184432-8856-4f5c-b7f1-002254d5e793,http://www.imdb.com/title/tt0016592/
4240,3925,be2ead8f-1e9b-41a5-9104-5c03a29c6197,f7a999fd-f802-4527-9f56-178a519191b5,http://www.imdb.com/title/tt0016585/
4241,3926,3633f619-d6e3-4626-ae0b-7c96ca60935e,68d930af-f995-40a1-b6b0-fc4e1770da29,http://www.imdb.com/title/tt0016587/
4242,3927,36ec7237-2875-4911-a0b3-713ffc9e167e,ac3c9067-3e59-4a7e-a462-4d5166a34506,http://www.imdb.com/title/tt0016581/
4243,3928,b0610df1-411f-4dcb-b27a-c89a83f4ddf8,3d241ff5-3f14-4c16-8f11-c1087be1063b,http://www.imdb.com/title/tt0016582/
4244,3929,eb7fc964-7687-4c13-8241-3b5531fe96a2,7a754709-510e-42e8-9ef0-ec473c5e9339,http://www.imdb.com/title/tt0016595/
4245,3930,02ce5f16-1bbc-429b-b86d-b09c32c0b872,fa1a88f0-c094-4fae-b9ea-ec7c3a37d431,http://www.imdb.com/title/tt0016590/
4246,3931,b8455880-4ea8-45ee-b2db-87bdaca863a1,61a76ab5-59ff-4ecb-8a81-7c2544873c3e,http://www.imdb.com/title/tt0016588/
4247,3932,b9f47bf2-ec4e-40ff-b5b7-2fd1666fb8ed,1bf0ab98-085a-4c1a-a4d3-9ce516f0675c,http://www.imdb.com/title/tt0017608/
4248,3933,0ac2d6ac-0e8b-4fd9-84b4-2d0533285ecf,888e5e50-aa9c-43d0-b0bf-9878e11e01f6,http://www.imdb.com/title/tt0017600/
4249,3934,e6a225f4-9ac7-4fa5-b089-32f6c1f07ef1,b5f165b2-c251-4289-b557-e3e1536fe3c8,http://www.imdb.com/title/tt0017601/
4250,3935,24b1cd8b-ef36-4d37-a7af-aa10a0876774,37185e9f-8fcc-45a4-b07d-5356c72503ce,http://www.imdb.com/title/tt0017602/
4251,3936,a88f7a8b-9d75-47d2-92df-90db77788d49,f0bf1e19-c340-4425-8e11-3fdc10426cfb,http://www.imdb.com/title/tt0017607/
4252,3937,275f74a7-dcea-4bb9-96a9-df439544c29c,b3da11b2-1253-4784-8593-894f0b91e11e,http://www.imdb.com/title/tt0017603/
4253,3938,d2dfef78-99ff-48a9-8523-11f55c602089,12c0c71b-e7ce-4856-b58d-81e8c60fa2ac,http://www.imdb.com/title/tt0017610/
4254,3939,e34e2522-b681-497b-8ed5-e06525a7b08e,df1e943b-ea10-47ae-b798-5944dfe284f1,http://www.imdb.com/title/tt0017612/
4255,3940,397b1adf-dd91-47f8-91db-63cf07603873,b28abbf0-9469-4ca8-998a-0f4f92daac46,http://www.imdb.com/title/tt0017613/
4256,3941,4d36cff0-1cf5-4c67-9551-7b3fa0112d24,74061ac4-df5a-4047-98a2-65980ec02f9d,http://www.imdb.com/title/tt0017616/
4257,3942,1135ef2d-b1a1-4a8c-b733-c20cec2eb0cd,c3b846b9-c733-40e9-9391-26a74749eef5,http://www.imdb.com/title/tt0017615/
4258,3944,14451881-4e08-4cc1-811c-b4864cbf8ece,fcb53f5f-a3f0-4515-8922-cfc88c174bca,http://www.imdb.com/title/tt0017605/
4259,3945,46e5ca78-711d-44ed-ab69-3a73341eb81d,f038a098-8764-4835-b722-bb97087bc01d,http://www.imdb.com/title/tt0017614/
4260,3946,383a5af4-978c-43e8-bed8-a3b7135a5041,f0863ef8-7ef8-4c9e-8a63-1a7b0a808dc2,http://www.imdb.com/title/tt0017609/
4261,3947,623b5730-8132-4cf2-8840-6d0015dba77e,decbf09b-c134-4ce4-b5c8-40ae9e73d7ca,http://www.imdb.com/title/tt0017606/
4262,3948,5b544ce4-a83b-4341-b959-31028531fed0,e9273532-3427-4150-9ace-6c38328ebb4b,http://www.imdb.com/title/tt0017604/
4263,3946,fa4b8b51-a19c-496c-a1c5-ad631fccd2e8,f0863ef8-7ef8-4c9e-8a63-1a7b0a808dc2,https://archive.org/details/AliceTheWhaler
4264,3949,aa20b9ff-7260-4ed0-bb3e-afcd2cb07ca9,f4a78af4-4add-40d8-93c6-7ddb3fe8536a,http://www.imdb.com/title/tt1846487/
4265,3950,a8913387-f9bd-495a-82ad-0b9548c26e9d,21cbdcdf-f8ca-4459-ab25-5d1fd45d61a1,http://www.imdb.com/title/tt0072271/
4266,3951,3c7f072e-9172-4003-b0db-77e4999a30c1,cf7d19da-0f0e-4657-8e27-ded90b32100d,http://www.imdb.com/title/tt0324216/
4268,3952,48dabf1c-6022-4084-8f57-1916c8f16813,e62baf4d-51a3-4c7b-8115-de14992284d1,http://www.imdb.com/title/tt1582507/
4269,3953,f8a12ae9-af89-4647-bc08-b5abc6ef7821,7ecd3257-05fb-45d3-8487-be89f9e61500,http://www.imdb.com/title/tt1555093/
4270,3954,4f17f6f5-bdf0-4c5c-82da-1eb2f34bee62,ef334fcc-3e9a-423c-b187-f7503321ef34,http://www.imdb.com/title/tt5641658/
4271,3955,572fe88b-003c-46a5-bf44-60fc5aa89d38,05368a47-9e13-454f-9e77-df2775f1faea,http://www.imdb.com/title/tt4042684/
4272,3956,511f6e73-a403-4544-b910-8a70a86ebc16,9fa565de-31c0-4e94-86fd-bb64f473707d,http://www.imdb.com/title/tt4419364/
4274,3957,6e6917e6-2fa0-4d9f-9f0a-dcd605116122,2c071efd-85b0-43ac-9e28-c73bc1b88440,http://www.imdb.com/title/tt5052706/
4275,3958,faaf628d-e58e-47c5-b922-849bfcd3abfd,339731e8-a007-40e2-95c3-0b0871b311fd,http://www.imdb.com/title/tt0374853/
4276,3959,ad7e170f-7b40-40c8-8615-762ade86c4da,02042993-f030-482c-a98f-51dfe7047d83,http://www.imdb.com/title/tt2278388/
4277,3960,19ed6f1a-b07e-47a0-a6be-c46de234cb34,6670f528-f2e6-4692-acaa-2bc957f6ccc0,http://www.imdb.com/title/tt1748122/
4279,3962,0b84e29b-adbc-45f4-a1b9-3f268db40347,75d30a1c-b024-4630-aa07-89b5370cb53e,http://www.imdb.com/title/tt0898942/
4280,3963,a8b03bd6-31d0-4572-8eed-ce5d24e97932,6a0dc2bd-515b-4965-976d-4958b5b7db40,http://www.imdb.com/title/tt2229387/
4281,969,a7092c99-cafa-463d-8a8c-e34bc97f1bd6,659b2acb-cd09-4c14-a4aa-f21e2353d23e,http://www.imdb.com/title/tt0366393/
4282,3964,eeb11d0f-9f32-4bbb-99cd-a68d2863e33d,2a296fca-5e2b-494c-b60c-1aed08803373,http://www.imdb.com/title/tt0291959/
4283,3965,5d350195-0fe5-4ab5-9155-72f4f522dd55,95074571-365c-4b69-9741-cac8ab31fc89,http://www.imdb.com/title/tt1670262/
4284,3966,8f105a6e-9f8c-40c8-9ceb-b854d5fb2883,6c9b7833-c436-49a6-95d0-69cd84681416,http://www.imdb.com/title/tt3044650/
4285,3967,cb3147c1-5c82-4519-b6fc-31643dbc658e,178f2c6f-aaca-49c0-8073-048484f2cc97,http://www.imdb.com/title/tt4295982/
4286,3968,8c3164df-1100-466e-a4a8-bcba3a87783d,cf4ebe70-3ffd-4813-8c64-f96f7301d135,http://www.imdb.com/title/tt4724210/
4287,1033,a26b5eb9-42fe-44cc-a323-404454e5f686,b83f41b3-e0ca-484f-a052-79790813bd57,http://www.imdb.com/title/tt0093936/
4288,3969,8c810485-dcba-4b03-98b1-fc50cdc360ec,74b902b5-b2d0-44d3-b06b-d285a8fccd92,http://www.imdb.com/title/tt0278065/
4289,3972,a8e3944e-ee3d-4714-a7c2-766713d76506,565c0d26-720a-4faa-825b-3321f0b9b630,https://vimeo.com/63997215
4290,3973,768756ab-13f3-4686-9037-ceff085c4b05,91dbc213-9daf-4e5d-ab44-9a10663ccdd1,https://vimeo.com/64005851
4291,3974,385eb9bf-ad37-4f25-8846-47c9909d019d,8d33df8f-87d5-45c1-b813-7ff4ba2125f7,http://www.imdb.com/title/tt2590900/
4292,2380,07968832-f5e7-4e0e-803f-80bdd5d07007,a0ed4ce9-dc72-4aaa-9d0d-13a41247d6e0,http://www.imdb.com/title/tt0418762/
4293,3975,f9e5d258-6556-46f9-b552-1223988aac57,e63885a0-89e5-434c-9b05-93ad7a466ae5,http://www.imdb.com/title/tt5432712/
4294,3976,d653d914-2e4c-4c1c-93b0-a0ca7031015d,306427ad-79a2-483e-bffc-223363760290,
4295,3976,f6208078-d8c4-445e-ad7a-37676e47e2e5,306427ad-79a2-483e-bffc-223363760290,http://www.imdb.com/title/tt1355644/
4296,3977,7c97814a-fdc9-437a-92b6-5b10f027eb75,da1badaf-1119-4a20-a9c8-02479c2498bb,http://www.imdb.com/title/tt3521164/
4298,3978,6cf25413-9e7c-4995-991a-68cd6ede98d8,ee283bdc-a9c2-41f5-ad5a-a130f7f01b2f,http://www.imdb.com/title/tt4835252/
4300,3979,6cd3dd06-dbed-4a51-929a-93668d761662,bc8c3e86-0992-400d-99ae-0c83e85f85d2,http://www.imdb.com/title/tt0123865/
4301,3980,c5714ac2-12ab-45cb-a1ee-293d7ffdfe07,5772380c-6029-4e9b-a5b3-d8b0784a44d1,
4302,3980,bc9ef793-f40d-4ab6-8588-2a6c1eb03988,5772380c-6029-4e9b-a5b3-d8b0784a44d1,http://www.imdb.com/title/tt4622204/
4303,3981,f6b225c6-4904-4a9c-b7e1-e0c1cbe68239,1e180705-3800-4113-9d2e-a0687db2d9ac,http://www.imdb.com/title/tt1568921/
4304,3982,bedf4ebd-e1f8-418e-a5f7-834519ab4861,3302b4b9-c08d-4526-b2ee-e4eae3f3ee40,http://www.imdb.com/title/tt1690483/
4305,3983,9aaa59af-9e76-4235-9780-108ebdf9d69a,ec247e64-27b5-4fa6-8169-8f72a2d7d80d,http://www.imdb.com/title/tt2911666/
4306,3984,88f4fefb-8fa4-4df4-937a-2f9ed04ce2c5,7e8b544a-22f0-43c0-937c-71c896cdf3db,http://www.imdb.com/title/tt4425200/
4307,3986,52d54dc8-86d1-421f-939b-3bb05dac465e,0905b83a-5adf-4c1c-8e7c-ca1b4c8cffc6,http://www.imdb.com/title/tt0279231/
4308,3987,eb4115e7-6152-4e45-86d8-10036e958150,6505ca33-97da-43f6-8bb1-f229eddbf698,http://www.imdb.com/title/tt0081505/
4309,3988,ba1ad222-8def-40b7-b4aa-f18bd16f2e41,4606aeaa-7221-4eeb-b2ca-2822a40bc0fb,http://www.imdb.com/title/tt1985219/
4311,3989,56d3d489-6bed-444c-a460-f3e69efda2b1,529ddd6f-cf33-4173-a96f-12cab728a249,http://www.imdb.com/title/tt0092850/
4312,3990,7b628a33-e539-41e3-8c71-6ef5eb364395,11807f7d-4da4-4332-bd93-5b3b5e434e96,http://www.imdb.com/title/tt3194532/
4313,3991,1831de80-9291-420f-a7b4-c414d3c9b63d,dd68df50-591a-4b01-b905-fba1e6af0c9e,http://www.imdb.com/title/tt4786282/
4314,3992,47f4e4d4-906e-4af2-9b86-627681b2b5b7,95401e39-ca7e-46d7-a30e-c526c8f9d10a,http://www.imdb.com/title/tt0371246/
4315,3993,058956e8-d706-47e9-811d-5bfa176861eb,e5d8f504-4e4a-48e3-b0d1-9e5bc6b34771,http://www.imdb.com/title/tt2381991/
4317,463,b93bbe0e-f707-4ccb-8af2-82d229b20fda,b992eba8-185e-4d8d-8fd8-1fa8ffe003c1,http://www.imdb.com/title/tt0042332/
4319,3994,f05343f5-bf33-4a8f-a35b-47d0832788b6,2920a49e-3be6-4972-b474-8d992fa9d357,
4320,3994,731408c4-5080-48ce-ad55-7c59963274cd,2920a49e-3be6-4972-b474-8d992fa9d357,http://www.imdb.com/title/tt0166808/
4321,3995,106e4514-a8db-4d7f-bc99-6b29f99d26dc,5dc1537a-f3cf-44a8-9211-3664a0da6929,https://www.karenwatsonfilmandanimation.com/the-sharpest-witch
4322,3996,37540b85-b5c0-4a74-a7bd-04a00622d605,3a5395c2-ea61-4870-84f0-218af331ddc3,http://www.imdb.com/title/tt0300453/
4323,3997,4faeb337-59b3-4e22-8904-3fa8e1cee9a2,00066edc-d388-4d42-89b7-40c56912184a,http://www.imdb.com/title/tt1337140/
4324,3998,f1757def-360b-42d8-b48c-5a00834902a3,bdf16788-d6db-4681-85f2-3fe97e800c56,http://www.imdb.com/title/tt0016114/
4325,3999,10ab33ce-e5f5-4f59-87ef-e9f51ed272dd,46796267-e96e-4fe6-ac1d-050dd7fcd5fb,http://www.imdb.com/title/tt0077672/
4326,4000,a2b2e1fb-0cd4-4386-a816-ffb11a6a4dbd,ae1b80e2-0915-432a-9f91-7051d35703a4,http://www.imdb.com/title/tt0239544/
4328,4001,c0414b8b-d8e9-4b8e-a1c7-cdac320cb16a,766e40d5-131c-4848-befb-d20179c75f97,http://www.imdb.com/title/tt0364318/
4329,4002,507a7dd7-1686-47ef-a99a-33d03e2f534a,2b660b5e-5fe4-4550-a65a-7ddd36203358,http://www.imdb.com/title/tt5892076/
4330,4003,ab2f535a-84f9-441b-aef6-4d66e10bc7d6,fb7b8061-0152-4cf5-9b2b-b08fe118d4c1,
4331,4003,2c3eebdd-6aa0-4a19-8654-a8d5635ef6cf,fb7b8061-0152-4cf5-9b2b-b08fe118d4c1,http://www.imdb.com/title/tt6599340/
4334,4005,ecd50918-4044-44f5-b439-bc421a0c1db8,f417256f-f574-4783-9010-e268263d2ca1,http://www.imdb.com/title/tt0025679/
4335,4006,1b536cf0-5eec-452b-98bd-df522055dd9f,85d3ebfb-b9c5-477c-bb56-f3c572e72fd7,http://www.imdb.com/title/tt5698496/
4336,4007,4cf7877d-2f34-439d-a893-632aae4e8e31,b6053e49-d48a-42d7-a82e-e34bb485e61c,http://www.imdb.com/title/tt5028140/
4339,4009,5f0b5a8b-4165-4ec2-a181-1bea89eaed50,e49e715c-b7b9-4576-9017-6665e8c2b434,http://www.imdb.com/title/tt1321496/
4340,4010,b71a534a-9e76-43fd-8ce7-0ec98cadc70c,c266d7c2-ba48-4ede-9ff6-6021ac5e91b4,http://www.imdb.com/title/tt0287057/
4341,4011,9e0629f3-2706-4425-bf8f-ff2f3289b677,d5faf308-310c-40fd-8eb8-62c21fce200f,http://www.imdb.com/title/tt0332184/
4342,4012,d3d436bb-60cb-438e-873e-a7f8306886c2,349f650b-7c94-424c-b9b4-1fe316e1c6c6,http://www.imdb.com/title/tt0108330/
4343,4013,139ed137-730a-42b6-8b1b-5ec5c3d51a71,86e82a1a-3f39-4b59-a2c8-a8b9116a10f9,http://www.imdb.com/title/tt0307479/
4344,4014,1d5cacb0-6b20-43a8-a340-adf62c9c0118,0edd238c-2554-4310-806f-445acad502d6,http://www.imdb.com/title/tt1067104/
4345,4015,f87737df-e90d-4e69-ac27-a5ee5690052c,10487ee2-fa3f-463a-913d-5dd64222aa8e,http://www.imdb.com/title/tt0279173/
4346,4016,58f2468a-0ddf-4e33-ba95-b702ecce2bda,a1b2f858-1374-4587-8b7f-e60c865c467b,http://www.imdb.com/title/tt0392262/
4347,4017,7fdbdc55-80fe-475b-a032-7d54b61317fb,dac45e0d-cef8-43c3-89e3-113fe0bed4c0,http://www.imdb.com/title/tt0125037/
4348,4018,9acf03be-775b-4ff1-bd69-3194ac1080d9,ce3e74f9-e0bf-4d31-96ae-8ae6205b196a,http://www.imdb.com/title/tt0093978/
4349,4019,4768db10-9e98-41cf-90ca-1d04dc15bf3a,d5f05cd9-797c-40aa-ac61-9b1ff028365c,http://www.imdb.com/title/tt0100625/
4351,4020,dd264741-6df7-44fb-9f2d-f2a3b9a0db74,00f8523b-b848-4009-8fe7-0dcc23a2e858,http://www.imdb.com/title/tt0102932/
4352,4021,4741041a-898f-41e1-9826-3755820930b0,e300b828-1ae6-452b-a315-15729ce389ed,http://www.imdb.com/title/tt0139966/
4353,4022,98a9da7c-b8c3-489b-bf5d-619c40582b8c,264e0f00-c068-47d5-84f6-763555f60e67,http://www.imdb.com/title/tt0470833/
4354,4023,58e1ed5c-be13-488e-b0ca-a8b89bbef424,dcda06b7-a401-4096-8ecd-691e13865b5d,http://www.imdb.com/title/tt0392263/
4355,4024,6b2f94bb-8f42-45e5-9eb2-fbbabb729a7f,737f20dc-a193-4392-9727-991e82d4c49e,http://www.imdb.com/title/tt0334940/
4356,4025,2594cdd3-eb7b-45d3-8ce6-3c46c967df85,8c2e2e67-3846-4e91-9028-e556c8cf1a23,http://www.imdb.com/title/tt4460418/
4357,4026,c96bc761-c917-4cd5-ba4b-e5528887439b,e2efef92-0311-447e-861a-99bd2c9bda5d,http://www.imdb.com/title/tt0197569/
4358,4027,1acda5a1-dff5-47dc-9fa0-a327381e04aa,6749a2ad-a958-4100-abdf-5658bc00ae2c,http://www.imdb.com/title/tt3908142/
4359,4028,814716ea-e5e1-4d54-96dd-95d9248c2ae5,e198f241-3fd0-4c6b-9e7f-68d049b0c797,http://www.imdb.com/title/tt4896898/
4360,4029,986ff2f6-7b8b-4110-918e-45dd948379e7,dfab61df-cfe3-49d3-94cd-7487fb8202c7,https://www.nfb.ca/film/ti_jean_goes_lumbering/
4361,4029,44b632a5-df37-4434-a6ae-72779b297035,dfab61df-cfe3-49d3-94cd-7487fb8202c7,https://www.nfb.ca/film/ti_jean_sen_va-taux_chantiers/
4362,4030,db87dc70-6678-496a-893b-7529f9de2698,c8381308-05c3-44d7-be06-664b725c7d45,https://www.nfb.ca/film/ti_jean_goes_west/
4363,4030,7fa7c8a4-194c-445f-91aa-36621eb72f4b,c8381308-05c3-44d7-be06-664b725c7d45,https://www.nfb.ca/film/ti-jean_sen_va_dans_louest/
4364,4031,c04c4227-dfc6-410f-9c94-2d3146246f9b,1955658b-f77f-4595-8fe2-5c5685d92d99,https://www.nfb.ca/film/ti_jean_in_land_of_iron/
4365,4031,5fbd245d-fa53-4df5-82a3-ce4aadf5f5c8,1955658b-f77f-4595-8fe2-5c5685d92d99,https://www.nfb.ca/film/ti_jean_au_pays_du_fer/
4366,4032,0232e0d3-14ae-4014-8ed9-a6dc0ea553ce,f126442a-5ffe-4592-b801-f76744bdbd02,
4367,4032,60fe5110-fb15-45fc-aefb-35ef4cf9cead,f126442a-5ffe-4592-b801-f76744bdbd02,http://www.imdb.com/title/tt0392260/
4368,4033,8b407a84-97fb-47de-9a5b-6831ae3b2f30,0e528f21-2c0b-4f46-be53-67da804477ed,http://www.imdb.com/title/tt0392261/
4369,4034,bde1f7e2-d68e-4fe8-93af-49aa8a47eec6,3d6f3385-20d2-48f2-be53-4a148a253f40,http://www.imdb.com/title/tt0309766/
4370,4035,3c087276-d14b-4742-ab65-3bfab5b3e89e,e6edc089-4efa-479c-9648-fc709fc0a8b6,http://www.imdb.com/title/tt2162768/
4371,4036,02db92ab-3077-4621-926b-e5743c7147ba,6a8ada84-5ca4-4f7a-91a2-22e84ccf1e39,http://www.imdb.com/title/tt0240419/
4372,4037,6d7f1370-4f80-477d-af5b-eeb2cc029115,91041636-d4d8-43cf-a1e1-96a201a4c2bb,http://www.imdb.com/title/tt0300270/
4373,4038,13efc45b-7ecf-411c-986e-b1e8af9760d7,290dfdcb-c151-48e4-801b-214f880cb940,http://www.imdb.com/title/tt1221141/
4374,4039,6f2cc631-3141-4478-9b7b-dead68fa79f2,c60f53ac-a192-48d6-9bc8-774e49d6f18c,http://www.imdb.com/title/tt1999946/
4375,4040,90ef507c-3877-4214-b780-b04dcce210d7,9cda4396-cf9e-4c79-bda6-c7ec694491b7,http://www.imdb.com/title/tt0393956/
4376,4042,25febb4e-5afb-4977-92c9-07351e669181,447c1ecd-071e-46ba-b1bb-898d002a4477,http://www.imdb.com/title/tt5773490/
4377,4043,06e9925f-8e89-467a-879e-679e396b74aa,46de6e35-6ad2-464e-8421-748703997246,http://www.imdb.com/title/tt0345776/
4378,4044,a9536e31-0b57-4aee-abcd-95e9750675fc,571b1234-9443-4eb2-8445-d9d6533d739a,http://www.imdb.com/title/tt2140203/
4379,4045,bebe4005-1d4f-400e-9501-51c27454301f,9969c350-8932-4221-81ef-8a2e0f832987,http://www.imdb.com/title/tt2771200/
4380,4046,c67489d4-7abf-46a4-a954-19d68912c9f3,11548b95-6d41-43f1-99fe-a2177cfcca0d,http://www.imdb.com/title/tt4272866/
4381,4047,62d150f9-4097-4344-964a-5b9aa41d8822,fa5145da-7a79-40bd-adb3-7a5a03eded99,
4382,4047,74f0e660-022a-42f9-bb0b-4e339698b54c,fa5145da-7a79-40bd-adb3-7a5a03eded99,http://www.imdb.com/title/tt3183660/
4383,4048,2d6472fc-3e5e-44df-8829-64662f10279a,91a6b42c-3c21-41d9-bde8-a736a9655cd2,http://www.imdb.com/title/tt1935859/
4384,4050,b825c0fe-8c3f-4fd6-a27f-c720f60e0b9b,790e48ff-388e-4ca1-bde0-696946851084,http://www.imdb.com/title/tt1392170/
4385,4051,15a80472-9ec9-45cd-8994-b63446331913,ee194ff6-9d68-49ea-98a6-019887b64d36,http://www.imdb.com/title/tt1099212/
4387,4052,ab85400d-7f0b-42ba-8848-68d2891bdb56,4b2a70ab-1d8d-4e48-8b1f-caa1555b11fb,http://www.imdb.com/title/tt1840309/
4388,4053,8351c5a0-17b1-4a43-bbf6-2a13c5db078c,457627e8-319c-49d7-86d9-247dcd9ae6f4,http://www.imdb.com/title/tt1951264/
4389,4054,0c4e6b5e-0c81-47b1-8090-b42f86858f31,01982d82-c748-42f6-b4f2-3ebeba59fdee,http://www.imdb.com/title/tt1951265/
4390,4055,f8d74d66-bb03-4451-8312-0f86cbb7b1ff,ecaf372a-9ce8-4e39-9836-14b19d837320,http://www.imdb.com/title/tt1951266/
4391,4056,f187ff0e-b92c-4fb6-8056-bfb8670fbbad,784c48e0-b00a-41b2-8cf6-12b0fb7f1f30,http://www.imdb.com/title/tt1259571/
4392,4057,13be884a-d301-40d4-8143-0e44fb28898e,7d38e8ad-6bb8-4e18-a6ec-3675fc32ffff,http://www.imdb.com/title/tt1325004/
4393,4058,243fcf1c-424e-4b8d-be02-72a87ea436f7,f6562799-26fd-49d6-b9f8-353cf2144776,http://www.imdb.com/title/tt1324999/
4394,4059,5d999b6b-455d-447b-93e2-432f96b9c01a,69c1926e-0d11-45cc-a7eb-b79674822821,http://www.imdb.com/title/tt1673434/
4395,4060,93059aa4-3f23-48bb-8474-7385569e313d,0e3bebbf-edd1-4d41-b2b6-fff64be49c9f,http://www.imdb.com/title/tt2908446/
4396,4061,494ebba7-83b9-4627-8ec5-2eb7128651bb,0984f94e-05a5-4ea7-b94e-340b63528852,http://www.imdb.com/title/tt3410834/
4397,4062,4cdd5438-ada0-4cc5-9805-60b283b5c2a4,5e8aed01-52e2-47d3-ab94-9886fc61c49d,http://www.imdb.com/title/tt5300754/
4398,4064,98a8dcdb-bf19-47af-86a9-c0382a112dea,c25908e0-8d96-44ec-b6aa-b4c9f9c4caae,http://www.imdb.com/title/tt4849690/
4399,4065,13bb8a4b-275e-4dcc-811e-ff597074bf22,d759d98c-9f8d-4251-acac-dd0568f5a724,http://www.imdb.com/title/tt7295404/
4400,4066,e355827b-688e-4391-919a-5f5cbbc57bd6,2d50be0c-115d-450e-a63c-6bbc23dc1a55,http://www.imdb.com/title/tt4637392/
4401,4067,6702629f-1976-487f-9627-e621d6d189fa,9e008aa8-1efa-4c3a-91b9-754252f5d68d,http://www.imdb.com/title/tt2221036/
4402,4068,7743a8bf-7095-46cb-90ca-e70655eb6a68,55fe142a-6b41-4a8d-8340-9869626c8319,http://www.imdb.com/title/tt3770428/
4403,4069,a3236030-6fb4-4d75-b683-9f04d140f56d,f4cbae05-9593-4eef-b698-93d8168e82cf,http://www.imdb.com/title/tt0218384/
4404,4070,d797e5c0-c8dc-48bf-b479-2d6d4cfe9537,b4db7e6c-233e-46f3-ac28-2781f2cd0329,http://www.imdb.com/title/tt1794832/
4405,4071,c63dc753-35dd-42ed-bfbd-962fef517fc5,18366831-d620-41b6-8fe3-8bea4b91a7ba,http://www.imdb.com/title/tt4859388/
4406,4072,7fcf9ce4-cda9-47b1-88c9-b82d757c93e2,6e8fa41f-09cf-4ccf-98ed-b6039661a1c3,http://www.imdb.com/title/tt3422006/
4407,4073,a1537e0f-7a29-4533-bb8b-c5d637acafca,ac8a9dc9-28ff-4f6c-b390-a50ce7bdb68d,http://www.imdb.com/title/tt1240914/
4408,4075,9e93b1b8-28e9-4ac3-a876-2253d6503fe7,83249408-2fcb-4635-b8de-452078020af3,http://www.imdb.com/title/tt0487694/
4409,4076,1ae23608-a430-4adf-bad0-f0e879aefb87,3fcd353a-e657-47bb-9d47-898fdc187d7d,http://www.imdb.com/title/tt5520740/
4410,4077,a4f41e00-d9c5-4c8b-8a09-bdafd533e7a9,f762118f-6a29-4d56-bbf1-08ca20d03e2b,http://www.imdb.com/title/tt4086018/
4411,4078,8086ef26-cdd9-498d-97c8-853610a70140,dd3f5b03-9706-4557-9024-befba12e89b5,http://www.imdb.com/title/tt1436372/
4412,4079,59a86d56-dfa0-4a4c-8b3f-ba40d4e7e380,8faea87c-4c08-4e4f-9584-8a684cfe2f1e,http://www.imdb.com/title/tt0409301/
4413,4080,22bd19cd-fae9-478f-a2b6-b83217967eca,3241da2c-d0ba-4314-90ff-e21c347cc5e8,http://www.imdb.com/title/tt0099826/
4414,4081,9d6f7007-26ee-4819-9070-0950fdf5ef17,3da76f1f-4216-4391-89b3-1b089b033825,http://www.imdb.com/title/tt6469290/
4415,4082,4fdefc7a-6af7-400b-91a7-d3989e506e29,5330a163-6187-4261-bc86-9d45a30b2e3a,http://www.imdb.com/title/tt0270589/
4416,4083,304f367a-0290-436a-a385-f42e4a46e07f,6da12ddd-3ce8-4e03-8986-01d176986caa,http://www.imdb.com/title/tt0270590/
4417,4084,edb85291-1d4b-4bf6-ac98-060214fe8adc,022f951a-24ee-44da-8eb4-fec90dc147ac,http://www.imdb.com/title/tt1910605/
4418,4085,938d8fd4-e9b3-4c9a-b7df-a82b4b318121,a053cfde-28ce-4c6a-b0cc-0aec87409953,http://www.imdb.com/title/tt2268617/
4420,4087,f8d3ad13-761b-4b85-ac83-91799910c102,2ce3aa3e-73a0-4728-8034-0ebbe3ce7f29,http://www.imdb.com/title/tt0244680/
4421,4088,c0899ee1-beeb-455c-825d-9ccf2561feb8,89267369-fbc1-4d52-a8e8-45f16d8bd5ac,http://www.imdb.com/title/tt0376198/
4422,4089,0b04ed51-54ae-4edc-a044-b7dd00484603,bc251b22-c7a7-4dbc-8288-d9074ea53394,http://www.imdb.com/title/tt0241966/
4423,4090,1409a07a-fc90-4b98-8f6c-feb34f032aa2,fc0e29f5-f99e-4a42-9262-7f857da499ad,http://www.imdb.com/title/tt0060398/
4424,4091,d30a0c36-c41f-4400-9ed9-af0c61a50db5,d3b7bc06-8abc-47db-99b3-70217147af08,http://www.imdb.com/title/tt0274678/
4425,4092,99d573f0-13cb-42dd-a578-476280a49979,29ee1ad2-7d4a-4d35-9411-312f8a84839d,http://www.imdb.com/title/tt0219214/
4426,4093,13c869f7-ebd1-418c-8797-ece0340028c0,9042e090-5015-48b4-8d76-6cd408f9d191,http://www.imdb.com/title/tt0251333/
4427,4094,6ba34c64-3da0-4b82-a699-39cc0766cd8a,b77762b8-e7a1-4f8a-bf34-0b6457cc20ad,http://www.imdb.com/title/tt1576703/
4428,4095,d240fec0-9b3f-4da9-9b9f-4eef0ef7589a,581a95cc-5fdf-44de-8719-4b5299cbfb59,http://www.ianyanmag.com/magical-world-19th-century-armenian-fairy-tale-gets-animated/
4429,4096,40da05be-8bdf-4e19-83f4-5e629ecb4450,1514157d-b1a3-4b7b-9b72-ee09dd5f0c43,http://www.imdb.com/title/tt1371574/
4430,4097,e5686ba5-c1f7-424c-b21c-fda82fceb65a,f37a4dfc-c482-47f1-87fd-053e7509fa16,http://www.imdb.com/title/tt2554274/
4431,4098,860ebd42-dcd5-4fee-84d5-519dc1d8963d,4e51328c-d13a-4038-9e45-977626c319ef,http://www.imdb.com/title/tt0430576/
4432,4099,ec822efd-33bf-4da1-b74c-96cfc31295cf,0ecadf45-4e2d-4978-b6bd-d5adea3bf70e,http://www.imdb.com/title/tt6034940/
4433,4100,50ec6437-4976-427f-ab84-271182eceef1,e311627d-ddba-4130-b33f-621be63459bb,http://www.imdb.com/title/tt4578178/
4434,4101,48861d3d-9564-463b-bf55-0f8180cabe37,7f1d23ea-cf4f-4f83-82d1-35d9697463ab,http://www.imdb.com/title/tt0344854/
4435,4102,3692796b-94bf-4e59-b047-e7ef8c8c2aa0,8fb859bf-02ab-448c-a0d3-a146e40b5052,http://www.imdb.com/title/tt0940657/
4436,4103,8d1104bf-3f1b-4822-96cb-567f60b32dc7,2d44e075-f9c5-4951-a5da-7a36d9e42249,http://www.imdb.com/title/tt0940656/
4437,4104,b068c890-454e-4579-bc98-393e0f3933d4,1591c861-e7ed-4ef7-90de-bcf032f53172,http://www.imdb.com/title/tt2311182/
4438,4105,b92c7b01-4073-404e-8eb0-73d857bb323a,6b6ddd19-03cf-44b7-8891-b96e7bc7fc6e,http://www.imdb.com/title/tt5688178/
4439,4106,ad388165-eece-4650-a39e-ebc6c7559666,421864e5-d0d2-4833-a16e-1d412429f48d,http://www.imdb.com/title/tt4823434/
4440,4107,40ae39c4-d8e4-49c2-b84d-62c11a10cc72,4957fd2c-d0bb-49a7-8361-896a1770cdbc,http://www.imdb.com/title/tt5078202/
4441,4108,b5e5a4ef-5386-4b6d-a109-45b4256991d6,e9524a62-a230-4c47-b888-3910105843ba,http://www.imdb.com/title/tt0118691/
4442,4109,87b594c9-46d0-4eb0-8716-bae1f30bf2b4,95be2e32-a407-4908-9cc2-f54eb63c6084,http://www.imdb.com/title/tt5686846/
4443,4110,286dd417-d053-4fdf-8e2d-8851bebf742c,64b1277a-0447-4455-ba0a-7b141e37d5b7,http://www.imdb.com/title/tt4591310/
4444,4111,b75da26b-5176-44f1-b0e6-1745034ac26b,1fb3b7be-1d1e-4e96-8b0e-949d0c1d5394,http://www.imdb.com/title/tt4644382/
4445,4112,646c7afd-b00c-4b08-b93e-1879d1affa3f,5d67d967-703b-41ac-9745-5641d03be708,http://www.imdb.com/title/tt3781476/
4446,4113,226d2d8d-07cb-4c21-a2c0-086a08693db5,afe3ece5-2141-4955-b4c7-93f857d0aca4,http://www.imdb.com/title/tt3585004/
4447,4114,111bbdab-cc3a-492f-bb48-d230e6272e83,4b1e1b9f-8de8-45e8-89f3-4830f2468d75,http://www.imdb.com/title/tt1619890/
4448,4115,34c6018c-3d6d-4c53-a972-6c8bd84d838d,995c1337-d341-4257-b820-b9465b8451b7,http://www.imdb.com/title/tt6141632/
4449,4116,4b62ce31-70ce-4251-9db8-405f52128f47,41f02326-c3db-4970-9c83-06b2525bf233,http://www.imdb.com/title/tt4327848/
4450,4117,86fef611-37cc-45c9-a660-286b5d3b9204,b8ea25cb-6d9a-4cf5-a6dc-7ca598e877ec,http://www.imdb.com/title/tt2572208/
4451,4118,673663a3-46d3-47d3-9ca8-3812353ceb12,8abe3ffd-eae2-4135-ac26-09fb7e32c74c,http://www.imdb.com/title/tt0046124/
4452,4119,feff5304-6d71-4b68-b6da-fcb444daf1af,6e3d2bd9-3a55-4aec-9a23-f86cfeb6cb09,http://www.imdb.com/title/tt0489237/
4454,4121,211dfe26-8be0-4560-918d-8186ea0c3a62,2a21fa45-0fd7-4490-951f-05811e2cb9c2,http://www.imdb.com/title/tt3445580/
4455,4122,74ede34e-a4ee-45aa-9a02-bfbea9d38918,e560adee-6dd6-4781-bf58-407ac9d83df5,http://www.imdb.com/title/tt0055844/
4456,4123,ed5c12c2-a020-4c95-a9d3-98e96f68db1c,6ed53f24-05c3-46cf-82a8-1b0d4226e933,http://www.imdb.com/title/tt5580390/
4457,4124,7ad82088-1d72-4a3f-9db7-a01939d65ea9,4f0b23f5-93fb-43e9-bf5c-34fa986fe517,http://www.imdb.com/title/tt3966404/
4458,4125,b4276f79-6bfa-44c3-95dc-946811f6f227,28aa39ff-e406-4130-85d0-af023ce0feed,http://www.imdb.com/title/tt0011909/
4459,4126,ce48f64a-f8e3-4d9e-b6f4-35ee27cb56ff,cff62ab9-412b-4b6f-a373-6b6a9c7fe3bf,http://www.imdb.com/title/tt0940833/
4460,4127,ce4547e5-f342-4a9c-8379-c715a52fb050,0164822e-115c-4fa9-a2f1-26a7254eaed4,http://www.imdb.com/title/tt2993388/
4461,4128,958f9539-fd3f-4715-9c12-30be689c56a0,5369c072-66f5-4aef-ae22-8903e87952b2,http://www.imdb.com/title/tt2147319/
4462,4129,fc6edf85-58aa-41d2-8d0f-e98465f12d16,197d7392-d925-49d8-8300-da661871580c,http://www.imdb.com/title/tt1259521/
4463,4130,ad0fcbe3-e2ed-425b-92f2-b82f43516011,419ebe42-153b-49e4-88c8-515670ff0778,http://www.imdb.com/title/tt2236092/
4464,4131,60317a65-d9ce-4c2f-965d-783d41d4b5dd,0051b346-fc9e-4dda-bd9b-dd820fa0abb9,http://www.imdb.com/title/tt2963232/
4465,4132,c99b7638-b172-4621-9300-95f69a9e220e,d60fc260-4d60-47ab-bc54-ab88522bf11d,http://www.imdb.com/title/tt0129924/
4466,4133,9fb5db2b-5033-48a6-be57-b5fa0e6d229d,f11f8d02-bc9e-4d4c-8ee1-529f43383a41,http://www.imdb.com/title/tt4075322/
4467,4134,5b1d2bd1-aab0-4313-95ea-6a03559b07c4,b681a50d-c5a5-4c6e-9f8f-5ad4b832bd0f,http://www.imdb.com/title/tt3343136/
4468,4135,5269de74-4bf0-4ed5-b0cc-8d6db6d848e9,f7377c45-4bd8-4e63-a163-a12eb81edde0,http://www.imdb.com/title/tt6568188/
4469,4136,66f85c99-1e92-4c52-a17c-b20a16668a11,77127988-56dd-49f1-b863-7b8863f97713,http://www.imdb.com/title/tt0187514/
4470,4137,64bd23a3-3ea4-49f7-be36-9197bb79680b,f80c0834-7e36-4502-a165-4f906406e54c,http://www.imdb.com/title/tt0336018/
4471,4138,d4bcfff5-9a8c-4d97-9b28-4e10085984eb,50a2d7bb-e2ce-454b-ae41-bea94570616f,http://www.imdb.com/title/tt3334390/
4472,4139,0c78e537-1b7f-46bb-b060-6417033d6344,f241a7ec-0e43-461b-b163-090111e158cc,http://www.imdb.com/title/tt1594540/
4473,4140,5c6a2e4b-b764-40b2-ba65-db0198c4ccb5,61f3e159-32e5-4bc5-ab3a-b0b42de7235e,http://www.imdb.com/title/tt1205478/
4474,4141,8c8e7dd2-06ce-475d-927e-106a44e4f56d,f2455e83-6361-4517-9b87-6bdb00210282,http://www.imdb.com/title/tt1309490/
4475,4142,70f392ef-7280-4aa4-b140-2e47a709c30c,e1245b93-331e-4a96-b70e-edae7fed8fe3,http://www.imdb.com/title/tt0121641/
4477,4144,2c2bf6f4-a41e-4a7e-81bf-fe3cae4bca84,fb50050c-9f41-42eb-bbd0-97a323d141ab,http://www.imdb.com/title/tt6051284/
4478,4145,18d81daf-5e81-4e66-a424-7a94b7524d91,305c82fa-b379-4076-9a03-7afd1f131fd4,http://www.imdb.com/title/tt3426534/
4479,4146,8ebaebe8-bdfa-40f2-bcc1-a897c3dc856d,aa7c5d9f-c1a0-463b-828e-437f91b6b59b,http://www.imdb.com/title/tt4743184/
4480,4147,369d6e81-8d61-4e06-8ef5-30884a658543,294fcb89-f9d2-4ddc-8b45-34e118ac6c2b,http://www.imdb.com/title/tt3119442/
4482,4149,613b3cb7-f338-4991-94a2-ad5d018202fe,41bc7bc1-f9ad-4095-b073-d0a19d8f3cff,http://www.imdb.com/title/tt2525212/
4483,4150,1837b260-e61a-4820-acae-773f76166596,ea39e75c-1bf5-4f7e-9c08-d2281c18dc82,http://www.imdb.com/title/tt3381646/
4485,4152,aa565e46-6dd0-428c-ae7c-a95751be590d,7ead9636-01f6-438e-905d-79908ea08743,http://www.imdb.com/title/tt7040638/
4487,4154,09657593-1521-4eaa-bea7-cee1f3b0babb,88cc08a3-9990-46a7-a9dd-59c684370b67,http://www.imdb.com/title/tt0778092/
4490,4157,99ceae6d-f802-44b5-be5b-899ade653772,1fd68b38-231f-43b2-a89f-9ab187c92b73,http://www.imdb.com/title/tt0169241/
4491,4158,1dd2609e-c9eb-42bd-8c3e-6bd44f087283,aea86a14-ac24-42b7-9925-b5eb2653286b,http://www.imdb.com/title/tt5923164/
4492,4159,149cb271-5107-4d9c-b10d-7e0f6387375e,5d2ca559-d347-45a0-a408-37f9cacce1cd,http://www.imdb.com/title/tt2122507/
4493,4160,e585ac4b-89aa-4572-92d1-e9ed3bf66eb7,f7fdaa91-7e0a-4900-bc95-3d9be61dd28d,http://www.imdb.com/title/tt0844474/
4494,4161,c3a45c47-c403-4e50-af6e-36fe41971170,faf190c6-b01f-4d48-99b8-252a60944df6,http://www.imdb.com/title/tt7112158/
4495,4162,3b69d5f4-a21b-4cb6-a4f4-bae8192dc680,b21601e7-8030-4e2d-8f28-59bf3cc8a5d4,http://www.imdb.com/title/tt5219102/
4496,4163,b5a5de40-8c78-4311-afa7-ed49c3f9b6be,6c829bf4-5bb2-4914-8e0b-c0b881d01340,http://www.imdb.com/title/tt0190581/
4497,4164,2a110aee-4d8f-4f5c-9fac-e34eeca67a3c,a78c4960-8578-453a-8cd8-4df5072490d2,
4498,4164,b19328db-478f-44f0-b775-27bb05ea29d9,a78c4960-8578-453a-8cd8-4df5072490d2,http://www.imdb.com/title/tt1981069/
4499,4165,3a55a451-9f9c-433e-9dfe-d326ce953864,aa9babf7-739a-46d6-89d7-493f50422565,http://www.imdb.com/title/tt1608241/
4500,4166,2e41b0f8-d958-43fe-87ac-7e25fd2efd5f,198d6200-e617-40ee-8a0f-ffd1a524b9b9,
4501,4166,be786198-7416-49f5-b9bf-924450db6917,198d6200-e617-40ee-8a0f-ffd1a524b9b9,http://www.imdb.com/title/tt1471263/
4502,4167,3e35ffe6-5025-43e3-aa82-1d795d232b10,3e13bbb0-0564-48d8-a891-fa8c74519c6c,http://www.imdb.com/title/tt3438772/
4503,4168,3b29a2ec-b701-4f5a-85e9-f4681ce10b08,c907b078-cd18-453c-8a27-94736bccf92c,http://www.imdb.com/title/tt1071322/
4504,4169,ef6fec9e-8628-470a-afb1-be20c61651eb,5c8dc0d9-fe5d-4cb6-93f9-08fcaee4b878,http://www.imdb.com/title/tt3826042/
4505,4170,487667f5-0afb-471e-9657-349f28b2a71a,a1f014e1-1cf2-47ca-8161-658820d1310a,http://www.imdb.com/title/tt2006749/
4506,4171,ce9f7556-efa6-4870-8af4-8c269c37e2c1,c5a6c96d-3de4-4c0d-a552-9bc4281e3571,http://www.imdb.com/title/tt1181936/
4507,4172,afcbd3f4-8854-49ca-a047-bc5769670871,911e2abf-b661-460f-a861-540acfaa678e,http://www.imdb.com/title/tt0142249/
4509,4174,cff20c39-4235-40af-8beb-d386d65a43e9,b232763c-434e-41f8-ac26-83c21ae02526,http://www.imdb.com/title/tt3416532/
4510,4175,bc8ebcd3-2305-46d6-b7a4-f3339dda4487,d3339bee-fb49-492c-bdce-3f9677d293a3,http://www.imdb.com/title/tt0368709/
4512,4176,e2372517-685d-49ad-bc75-d537f94bd6c9,d0f5d856-d386-42b5-9256-64b797346d7d,http://www.imdb.com/title/tt0085824/
4513,4177,a7a7ae17-0aea-49b1-bd8c-52f67bd28a33,aa10f9b9-8f5e-477b-9674-ffb4347f3d40,http://www.imdb.com/title/tt0070039/
4514,4178,4a2930ca-d39c-45ad-b72a-4b89c2496fa0,8bed2b72-0499-4c60-ae17-c2cffac2d4da,http://www.imdb.com/title/tt0071415/
4515,4179,52087fdc-3075-4080-ae9b-0892439b50d2,3f4ec9dd-afa7-4f14-885c-96ef6676b836,http://www.imdb.com/title/tt6383608/
4516,4180,93204dfc-8800-4a5c-b5b2-f0d98552719a,bcc6690a-19e2-49d8-a035-f4c288fb4c24,http://www.imdb.com/title/tt5042340/
4517,4181,fa6478fb-9909-4679-b5de-67390f2921b7,b6adf9df-da9a-4937-9dea-d6d2c1da9d49,http://www.imdb.com/title/tt4685554/
4518,4182,b7011732-b1ff-4cac-adf1-ec65e778b19c,0c87b44c-f869-4784-8ad4-0b3e77b60be9,http://www.imdb.com/title/tt5559726/
4519,4182,f4728f99-b9b3-44a5-ba13-39c8c157468b,0c87b44c-f869-4784-8ad4-0b3e77b60be9,https://www.nfb.ca/film/blind_vaysha/
4520,4183,992f2ed5-a577-4362-9c01-72d13576a2b7,87f61d02-ca69-464e-85c5-a3cfe75b42da,http://www.imdb.com/title/tt0097806/
4521,4184,f3947b1b-b1d1-4fba-bf96-d5ba5df5254e,f3ae54d2-211b-4d18-996c-1cadaf331551,http://www.imdb.com/title/tt3187438/
4522,4185,70ce7a03-d203-4735-b30c-e71c684a4387,18fb32eb-481c-48ba-97b9-a93a47c5d2e9,http://www.imdb.com/title/tt0863136/
4523,4186,cd84c0ce-af61-4589-8776-7c819c1632c3,bb0b928e-62bd-4ecf-84a8-7e673a04b503,http://www.imdb.com/title/tt0124052/
4524,4187,688fae68-4319-4a39-bdd4-88c4caf82cbb,131d32ce-9199-461d-8c63-d60f8eeba101,http://www.imdb.com/title/tt0323625/
4526,4189,fc040a9a-a444-4f71-b91c-6ad414c58eeb,1cf1dca2-3050-4a0d-937f-6ea6d8cc4a44,http://www.imdb.com/title/tt2572244/
4528,4191,72665808-218d-48b9-ba0d-74fb874f1019,622c6f8e-7972-4ce5-9dd3-64f22a167838,http://www.imdb.com/title/tt0064927/
4529,4192,276409e7-df7d-43ec-9a61-195dc7b06648,1af052d1-dafd-4433-9e67-c53f6d39191a,http://www.imdb.com/title/tt4193510/
4530,4193,e7f87510-e278-4fd1-be5f-33a3c321362b,1f5d40da-4f40-4ba6-8faa-8b89d57f7551,http://www.imdb.com/title/tt1382407/
4531,4193,3d68e01f-5ac0-4437-b510-9fe900bfaacd,1f5d40da-4f40-4ba6-8faa-8b89d57f7551,https://www.youtube.com/watch?v=hF-JcKLr-zE
4532,4194,f8968182-d13c-45b7-96a8-4259d01f1e28,0cca1360-2081-4d05-8b9b-61ecbea26a82,http://www.imdb.com/title/tt2191676/
4533,4195,1b6c5b92-1858-4aa6-be8b-34aa0b98fd53,82261394-1003-44d5-a8e6-a23b6ce78572,http://www.imdb.com/title/tt1369549/
4535,4196,92cf5dcc-33bc-46d4-bc77-44eea77fc435,69b69635-18ce-4484-afd3-634914d3772a,http://www.imdb.com/title/tt7419260/
4536,4197,44b68989-0967-4e6c-a69b-5a172b0cfebb,83aa46c3-1a21-44fb-8d3f-e147b8614ceb,http://www.imdb.com/title/tt6062526/
4537,4198,5a6615f0-cd4d-4624-95ec-03d5fcf3f5a9,2dbb1f32-0aaa-4ba0-b615-d3fdee89bbe7,http://www.imdb.com/title/tt5964278/
4538,4199,822514b8-d6e2-4c01-8703-ece8b8040680,a8aa14bc-8229-4a03-bafb-2eae4a52a46a,
4539,4199,8245c9a7-d8c2-43d1-90dd-2609cc74d7d0,a8aa14bc-8229-4a03-bafb-2eae4a52a46a,http://www.imdb.com/title/tt4466864/
4540,4200,e69bd481-6746-49ab-a977-667179b1f389,2c5d2983-2b71-47c5-880e-064f0e5452e2,http://www.imdb.com/title/tt0083630/
4541,4201,0f0c347c-3fc6-482f-b5b3-a7639d873a3f,555ef96f-dea7-4957-8baf-0e58f2c777c4,http://www.imdb.com/title/tt0112469/
4542,4202,2ce7addf-86bf-4c13-b718-e841b29f9892,0fe320ba-e485-436a-876d-b1f0997f2fa7,http://www.imdb.com/title/tt0101412/
4543,4203,5290624c-5035-4ea8-b393-ef3decc1d8a0,5bc9bf70-c19f-46c7-b6ff-fc4c61158690,http://www.imdb.com/title/tt1288491/
4544,4204,1c5e2d64-b66f-4927-88a4-b1931e1b0839,cb60d08a-46de-465e-8139-48e076b3a522,http://www.imdb.com/title/tt1772256/
4545,4205,49fe7a2e-fdee-4845-ac86-c967465f494d,2ef4f73b-e224-432e-a33b-dc87680d6ed2,http://www.imdb.com/title/tt1673570/
4546,4206,63b2dcb8-e609-443c-8ac1-c7abcdf616b7,d1ef01da-d9a5-4b40-be19-301af314b900,http://www.imdb.com/title/tt0407384/
4547,4207,5bc4e83a-1f0e-489f-9c42-9b5c194a46e5,ee647de5-48c3-4ada-8d90-5bf1611d5cc7,http://www.imdb.com/title/tt0120791/
4553,4208,cd3ca3c9-5040-4bb3-8015-e450d94632ca,cbf9a004-bf71-40cb-b734-d85c5cbd338e,http://www.imdb.com/title/tt0027126/
4554,4208,8d00ade1-7d95-4ce2-b277-d4229e3221d2,cbf9a004-bf71-40cb-b734-d85c5cbd338e,http://uwinnipeg.worldcat.org/oclc/957272069
4555,4209,fd8cf72e-dec5-40ab-92a2-ec9effdedcee,ec3b0a4c-0e56-43a5-96de-6a355d1bb9cb,http://www.imdb.com/title/tt4145350/
4556,4210,9fc424a5-f321-4d49-86e4-1c3bcf06355d,b2efa0d5-cc02-435e-af51-60833d55b8c2,http://www.imdb.com/title/tt5421212/
4557,4211,e7bc2011-0a4d-4fa9-a5f1-53668842810c,8bf31ae6-78b4-4ef5-8337-34818816a504,http://www.imdb.com/title/tt0482549/
4558,4211,c76daef0-2175-4f02-877a-b7928a5c1631,8bf31ae6-78b4-4ef5-8337-34818816a504,https://thefilmstage.com/news/watch-henry-selicks-moongirl-the-first-and-only-short-film-from-laika/
4559,4212,a4476c88-b6a2-4c6c-bcd3-cf218a57da22,f34cf593-7cdf-45fb-a15e-0790071f2338,http://www.imdb.com/title/tt0033489/
4560,4212,9f4f740d-cdd8-48a0-929b-7c19787c18f0,f34cf593-7cdf-45fb-a15e-0790071f2338,https://archive.org/details/AlessandroBlasettiLaCoronaDiFerro
4561,4213,08c91988-3d0c-4fe4-aa9f-f98a4c5c5139,fe4f67c3-fd37-4850-9aab-9ac8bb57e7f5,http://www.imdb.com/title/tt0325968/
4562,4214,a5570d6d-f48e-4f8a-ad40-52ce073d6e4b,c035736c-fc56-4711-af07-81b76d50ed8e,https://muse.jhu.edu/article/655373/summary
4563,4215,762c0aa1-cae7-4677-bfbd-6cdd16ec69db,fa15b7b1-7f63-4948-b851-6004da30e19b,http://www.imdb.com/title/tt3581250/
4564,4216,ca686eb1-dca9-4d4e-89db-1d349e4299c0,91013da9-9f67-438e-b5fe-d23b0d4c8764,http://www.imdb.com/title/tt5766858/
4565,4217,5a1e5ca2-73fa-4815-9cfa-28a620b564d1,8e5cc58d-3869-484f-8ea2-22139d1b2447,http://www.imdb.com/title/tt6754206/
4566,4218,fbc39cfb-ea49-4686-b622-dd23f50f9a11,c47bc8b5-0a2e-49bc-89a1-bb991a311e1a,http://www.imdb.com/title/tt0348423/
4567,4219,83d8b298-4511-4f37-ad2e-ef792ef89a0f,5dbdbc38-03ff-4450-942c-829bc220e135,http://www.imdb.com/title/tt0487666/
4568,4220,f488e017-d70a-4902-8e42-95a89cbcf443,4f253209-569b-4ead-9a29-1929ae4b907a,http://www.imdb.com/title/tt2999254/
4569,4221,c394afa5-0a28-44fe-9a1e-7aac4c4fc2a4,98d59e28-cc33-450b-9efb-b24b27968e99,http://www.imdb.com/title/tt2304628/
4570,4222,0b4e6b79-a82e-44b4-a89b-b929cf635187,ce77a26b-0501-419b-a0f8-b67b9a4f1dd6,http://www.imdb.com/title/tt0780144/
4571,4224,07cf635c-efcb-4485-8110-d54dc6d24646,bf0dd922-9ce2-44b4-b170-40f242552bde,http://www.worldcat.org/oclc/634621088
4572,4224,ae45d6ce-367c-470d-b19c-0c09b6c02f33,bf0dd922-9ce2-44b4-b170-40f242552bde,http://journals.ezenwaohaetorc.org/index.php/AJLLS/article/viewFile/214/147
4573,4223,c5184dd9-1a16-4df7-8faa-6b0610da961c,cc307251-543d-4a87-8e3a-d12340939e1b,http://journals.ezenwaohaetorc.org/index.php/AJLLS/article/viewFile/214/147
4574,4225,ae42e0f8-2f5e-4b6e-8725-3e764e0882b0,1d6bc657-2bc1-4e2e-9dc9-a5e19f08a3ef,http://journals.ezenwaohaetorc.org/index.php/AJLLS/article/viewFile/214/147
4575,4226,80a51233-7611-4ab6-9215-21f642a45685,e16137f5-2103-483f-abad-c7220931e3c9,http://journals.ezenwaohaetorc.org/index.php/AJLLS/article/viewFile/214/147
4576,4227,2c274c75-bf1c-4d1f-b5e6-5b1c934ccffd,305fe568-7239-4876-89bf-8a65e20d552a,http://journals.ezenwaohaetorc.org/index.php/AJLLS/article/viewFile/214/147
4577,4228,cb5acf65-1f14-4599-9aa8-d09e3fd7a411,ac88a087-9ff6-4335-b125-f8baadd90252,http://www.imdb.com/title/tt1772254/
4578,3554,a24db37f-d5a2-4939-839b-730c1593ca14,80fdad19-4c7e-4e47-be24-4f5b4ffb13fa,http://www.isuma.tv/atanarjuat
4581,268,fc73bd2c-6e87-434d-a26a-d961d6a2abe4,9fa7719a-3fac-4d4d-a597-8edfb1e34150,https://uwinnipeg.on.worldcat.org/oclc/629790590
4582,2038,ff29c923-d5e5-41ae-b99c-8b13957fcb66,6b597214-2369-4605-a145-acdd7929f429,https://www.imdb.com/title/tt0184526/
4586,252,81b51cef-c4e4-4ab9-9a67-bd3402622efe,77945cc2-ef85-42fe-b598-015707c5384f,https://uwinnipeg.on.worldcat.org/oclc/810441824
4587,4230,510dbf83-8da4-46d7-9b39-8959e0d2dd77,d880a502-9d71-49d1-a62d-d57ecb0b6546,https://www.imdb.com/title/tt1857913/
4588,4209,272e83a7-3fd6-4a22-8991-d33079dc78b1,ec3b0a4c-0e56-43a5-96de-6a355d1bb9cb,https://uwinnipeg.on.worldcat.org/oclc/902688590
4589,1118,6a1c3cca-77d8-40e4-9a25-fe66305e9c4d,4e8a480c-ecea-43eb-a03c-f2abbe2341dd,https://uwinnipeg.on.worldcat.org/oclc/861724124
4590,529,2299f532-2c3e-4e05-84f4-105e723b9f42,66c27199-b4b9-4ab4-bea8-40012a18ab82,https://uwinnipeg.on.worldcat.org/oclc/849947661
4591,1981,1f6be479-fe5b-4513-a9ea-e99c51ec2e65,4b02b4f9-b096-4477-b398-67be98923c69,https://uwinnipeg.on.worldcat.org/oclc/902859137
4592,4231,6a199458-010d-4abc-94a6-6b23f406ea6e,ef73f019-f0c0-4995-a263-0c2ba794641a,https://www.imdb.com/title/tt0862856/
4593,4232,d97f0c73-849d-4354-a0fc-f233b5d33a4d,3686bd56-f18d-49d3-a8c6-7fb1b0b6ab46,https://www.imdb.com/title/tt0094849/
4594,4232,64a00ded-6dd6-428b-9d07-22304431f129,3686bd56-f18d-49d3-a8c6-7fb1b0b6ab46,http://www.textjournal.com.au/speciss/issue43/De%20Stefani.pdf
4595,4233,35539353-e1d7-4c4a-8732-2a9ffb64783d,3e0b0292-041d-4111-af0d-6b86271dd772,https://www.imdb.com/title/tt1477834/
4596,4234,7a217e33-c484-4fa9-9166-8c3f339c5fb8,8a76a09d-bfb2-4e0a-9a01-4ad1c96554a6,https://www.imdb.com/title/tt0496386/
4597,4235,3820d881-ad10-40ce-ac13-9023b4767af3,72c2f790-cc3f-49a8-922d-3e818f27ed2f,https://www.imdb.com/title/tt1446716/
4598,4236,c5d8a0a1-39b6-434d-ac7c-8965f8fcf911,439241f6-adfa-4a5e-8f21-ecbbd05de821,https://www.imdb.com/title/tt6754684/
4599,4237,6177da4f-60db-4705-98e5-5a76f925885f,bb17a82a-e1d6-4af3-a524-d3d47b892410,https://www.imdb.com/title/tt5954304/
4600,4238,05594c06-f3e2-4ae4-8841-1fb4ce0af5f5,2d17bda2-36f5-4ebe-b3a7-1b2dc2c071d0,https://www.imdb.com/title/tt2119543/
4601,4239,74883137-6092-437f-b8a7-9357f1872acb,e804b503-7fcd-4495-b879-633609390ea6,https://www.imdb.com/title/tt0294543/
4602,4240,610f9247-1af4-46e9-9aaf-382768ad7748,560120a3-06ae-45a9-a322-493007ccd663,https://www.imdb.com/title/tt0391726/
4603,4241,2e96d9e4-92b2-4188-a453-f2eeb2a697aa,7ebbb929-5997-4e7c-9cd1-2f11b5f42730,https://www.imdb.com/title/tt0312043/
4604,4242,376f7053-c464-4051-aa77-75393156ecf7,54ea524e-4afb-44f2-8eb7-6a574ea2b215,https://www.imdb.com/title/tt0990216/
4605,4243,935dbff9-0929-4381-89d3-d57300b7f19a,972996b2-c2e0-4c6d-b406-ff6c4598e64b,https://www.imdb.com/title/tt5113040/
4606,4244,af229b19-cee2-40fc-94bc-4e85a14ac57a,cfe719b5-8770-4bf6-94e7-fc836e2a8683,https://core.ac.uk/download/pdf/31300226.pdf
4607,4244,a6ed22e5-c470-4a84-946e-9866b68bfaa5,cfe719b5-8770-4bf6-94e7-fc836e2a8683,https://www.imdb.com/title/tt0177628/
4608,4245,76f1af89-c0ff-4139-bd16-a21a63d38c9f,ced11d4f-004d-4f5f-be3f-c9037b445d56,https://www.imdb.com/title/tt2358991/
4609,4246,55c3184b-2304-446d-bd30-f847c3a729c6,c85c7e3c-df10-4aea-97db-fc0e5115fdde,https://www.imdb.com/title/tt0177819/
4610,4248,82079766-3587-4149-80fb-913082d7446b,532ba96f-c2d7-4f7b-875f-affa7c971290,https://www.imdb.com/title/tt0145864/
4611,4262,1e2d33f6-c9fa-4e61-9a71-678f243ce194,7ecbba99-2544-4ad8-962e-fb165d264737,https://www.filmovyprehled.cz/en/film/400504/sorcerers-apprentice
4612,4263,85ae4bb8-6da5-49a7-b161-a40826a416e4,a4bd1edb-fe9c-48e2-99a7-7ebde13cf399,https://www.imdb.com/title/tt0216755/
4613,4264,762cedad-5c72-4199-89d9-5e307a75df61,11c9ae51-a353-4886-b2e7-fa31d926496a,https://www.imdb.com/title/tt6139732/
4614,4265,5371e1a7-cd82-46e5-88f6-763beea1192a,df565070-a821-4a27-8a26-a12a710ae5db,https://www.imdb.com/title/tt4520988/
4615,533,a1eac03a-c22f-4564-bd0a-f6289c41eed4,32605ea4-b107-436f-b064-9cbe7fe4c468,https://uwinnipeg.on.worldcat.org/oclc/900263887
4616,310,9cfe6a06-06a5-40c1-93cd-191c7c80647e,1637de59-2904-479a-8d4c-ec8d642e3e7c,https://uwinnipeg.on.worldcat.org/oclc/41600476
4617,546,c448ab6c-0759-43ee-bf62-3d08f60158a9,d5ef3fc3-a2b3-452d-acc2-be4964517519,https://uwinnipeg.on.worldcat.org/oclc/226966019
4618,250,d7688136-d795-489b-8064-b0f05dd211d6,7cd6f31d-27fa-43e2-981f-c8e27af1e4ad,https://uwinnipeg.on.worldcat.org/oclc/43644813
4619,272,2f0f9e05-9f9b-4fe8-b35f-fd2fea764ff2,152197db-3c5a-4bca-a467-b1618c724262,https://uwinnipeg.on.worldcat.org/oclc/182847367
4620,1036,4cfebeaf-5a00-433b-b796-c35ebfbcc272,218f9128-9b13-48c9-9d9f-7cf615f59377,https://uwinnipeg.on.worldcat.org/oclc/55881974
4622,149,d734b630-2cf7-4491-bed2-10e18e539b4c,781749ba-0d43-48cd-8a81-1caf0ed865dc,https://uwinnipeg.on.worldcat.org/oclc/50871725
4623,261,c41326fa-8f6e-4af3-8da4-07219f20b3b6,37987dc5-37b9-40a6-ac81-c6df41d7630b,https://uwinnipeg.on.worldcat.org/oclc/58481540
4624,61,ccc15bec-287b-4698-a1e1-b581029f07f5,19453ede-706d-4d4f-9a45-39af3d105039,https://uwinnipeg.on.worldcat.org/oclc/883426472
4625,276,4ab4210f-4416-41f2-b2bc-0209c7a601a4,db7e0389-a272-4c85-9662-09866358031a,https://uwinnipeg.on.worldcat.org/oclc/451522555
4626,171,3fa40a24-9100-46bb-954a-e2c2a8920459,59e94bc1-215d-4ada-9892-6ff58d5f93d8,https://uwinnipeg.on.worldcat.org/oclc/922672000
4627,657,7d45c57a-1c20-4a12-abc0-3913ac4a53f8,6fad2273-1a38-4716-a45f-522c3053e9e7,https://uwinnipeg.on.worldcat.org/oclc/900901525
4628,305,ac9a0928-0605-426e-9b61-2c0507e40e71,ed386122-8105-49ed-94e2-444b8689388d,https://uwinnipeg.on.worldcat.org/oclc/68941069
4629,1514,d13d7382-ea34-4d14-80a8-22aae16d34b1,0f691da2-1b86-40a2-b88e-8b2b14faa176,https://uwinnipeg.on.worldcat.org/oclc/58481543
4630,120,cf061ee0-1dc2-48c1-bf50-91779852d288,02a0e859-f677-4f1e-a6b3-04a688593a76,https://uwinnipeg.on.worldcat.org/oclc/780568149
4631,302,f1ac6089-0b12-4c29-9e36-81513cf98b10,e45d9a86-f4a5-45c0-8863-f75e98ccbe47,https://uwinnipeg.on.worldcat.org/oclc/54526783
4632,3807,9077571c-e8f2-4ed3-9940-4d2980274032,b45373ab-0e79-4d45-8d23-8851d21c2fbe,https://uwinnipeg.on.worldcat.org/oclc/56899334
4634,241,2b1312f6-d1b9-44e4-ab7d-23a1a287a390,7a2aa8aa-7e86-4d04-a8a0-1dde6288da95,https://uwinnipeg.on.worldcat.org/oclc/58481536
4635,300,121917bd-9887-4726-8b52-48edab0b9502,56daf8b6-d873-48a3-bf26-b22644b6f949,https://uwinnipeg.on.worldcat.org/oclc/53319599
4636,189,b487aeb3-adb8-4484-9187-02b237d3475b,12130057-16ae-4fe5-84b0-16273af7efda,https://uwinnipeg.on.worldcat.org/oclc/189077941
4637,299,1da4a2ce-0dd0-41aa-8a5f-59564d9fb670,1ecdd4ee-95af-44e4-99f3-dd6041c11249,https://uwinnipeg.on.worldcat.org/oclc/123799137
4638,117,210da589-3260-462d-b84e-41f1a2f05b0b,c7bec249-3bc4-4b88-82b7-a889f632d82f,https://uwinnipeg.on.worldcat.org/oclc/51508709
4639,295,1658f305-8cef-482f-b770-1c4ec5cc1412,7e351853-8d16-4191-8e28-fcb98a829744,https://uwinnipeg.on.worldcat.org/oclc/52885458
4640,1102,0ef18994-4468-41c8-9e1f-9d6f5db59d28,fae7ea69-b55c-4b42-a30d-0dda2625ea9b,https://uwinnipeg.on.worldcat.org/oclc/61662653
4641,1010,041873d2-23b7-43bd-b1a0-6a99c355dd07,9ae715d6-8ccc-465e-a3b3-c5d542a221fc,https://uwinnipeg.on.worldcat.org/oclc/54476315
4642,294,616f85f6-4c0a-42f0-b96f-ee668a55d48c,8590c9cd-57b1-4c4b-81f8-feb0dec379fc,https://uwinnipeg.on.worldcat.org/oclc/48271535
4643,283,c2265fcb-637f-4309-a83f-7f956b5d975c,34c8ef55-b152-4b4d-ade3-3db4d30c7931,https://uwinnipeg.on.worldcat.org/oclc/919992638
4644,1513,c1403ac9-d007-409c-b68d-b63460aa6c36,77718f83-ae7e-4479-818c-80b4db55031b,https://uwinnipeg.on.worldcat.org/oclc/58481537
4645,699,a906bf48-eff3-4138-9a8a-9d463d1f45c7,0a9e0332-e7ef-46c3-b2e1-b56290a835a8,https://uwinnipeg.on.worldcat.org/oclc/58481546
4646,1179,2fc0693a-a601-4901-b38c-8de8f78b6578,b56307dd-445a-4e86-a7f7-ee9b94feaa09,https://uwinnipeg.on.worldcat.org/oclc/52255039
4647,745,ef205bb7-0d15-456a-9f5e-9781a14f8032,be378dc3-097f-4c30-a032-82c162b1ab24,https://uwinnipeg.on.worldcat.org/oclc/52113810
4648,231,9613caa6-8a48-4926-8073-b78a3d9ebdc5,21bd1fb0-695d-4611-afb8-3c4a654dc049,https://uwinnipeg.on.worldcat.org/oclc/61298778
4649,610,4dec2710-d619-4877-a8d2-1ac1c79cc8c7,dd904268-67ea-470d-b966-c39cd5067502,https://uwinnipeg.on.worldcat.org/oclc/123960453
4650,4266,eedb1558-e935-4908-85e1-9d1588eb13ce,d3782d97-7dfd-4d95-8f09-10e76302fbc6,https://www.imdb.com/title/tt4777008/
4651,4269,a88fe022-0bb6-4dd4-86d0-9176eab53431,539ab5dd-1984-4ecf-8479-1d4958484781,https://www.imdb.com/title/tt2371411/
4652,4270,8e87bfad-ce2b-4f67-b59d-b5ac987960fd,c6f21349-6692-4262-8165-c5aaafe6f351,https://www.imdb.com/title/tt7494060/
4653,4271,5c5c1559-9dac-4b72-af4c-2e052904cafd,965e7699-f4b2-4954-9839-1e9b2628c82d,https://www.imdb.com/title/tt6388374/
4654,4272,dd0d8536-ef73-4d84-8fdf-cc41fd203efb,1e8c6a99-7c0c-4675-9d28-c669a40ffc29,https://www.imdb.com/title/tt1206585/
4655,4273,66a25d09-a2c4-49fd-b114-aed1ee8a511f,3f468124-5dd4-44db-a9ae-ac0bf050f65f,https://www.imdb.com/title/tt3885932/
4656,4274,b3ba73d1-be46-48df-86ee-a84cb8839bed,5bb6213c-3d79-4c09-a8e2-988bd779f58f,https://www.imdb.com/title/tt1618450/
4657,4275,088220ec-216a-4d51-8857-8e2e7b607688,467aa8da-5ab5-46e6-8e91-25320c859a4b,https://www.imdb.com/title/tt5878262/
4658,4276,4d1fdd6e-1e6c-477a-a706-4ed5bd71a1ac,696decac-c9bd-4f41-bb0d-aa034a59ae37,https://www.imdb.com/title/tt4913858/
4659,4277,0b5130d1-c853-4932-b00f-154abf007256,65893ede-57bf-402c-bcbc-868c6771a447,https://www.imdb.com/title/tt5449566/
4663,4281,7fbdc724-7986-4ff5-8fb2-6618ba4a626e,02436dba-53ef-46e7-8293-10743e82ca2b,https://www.imdb.com/title/tt3070936/
4664,1782,794476f7-5348-448a-ad25-ff3b986d7dcf,12ecba52-de41-4d54-9ae3-b155ef3a2304,https://uwinnipeg.on.worldcat.org/oclc/59137005
4665,151,2ea8564f-83b2-4d8d-8e9e-a3c77bcd0862,259ac82e-0d70-495d-9e8e-decba6e0686c,https://uwinnipeg.on.worldcat.org/oclc/47103572
4666,695,04a97dfe-73d9-4da5-b984-f0ead6eea955,bbca388c-8198-4c53-90f0-50a3898c95d7,https://uwinnipeg.on.worldcat.org/oclc/51844083
4667,735,cef382af-2abe-4e46-a018-646f96adf71e,184f8e45-4460-4fe4-a8aa-6bacbd5f951c,https://uwinnipeg.on.worldcat.org/oclc/68001898
4668,1060,2cbc8247-8e36-4d7f-997c-75530413df38,e5e8aa36-552b-45ce-bc93-0c2bf71349a6,https://uwinnipeg.on.worldcat.org/oclc/57027616
4669,3565,231d1c77-7b0a-4ec9-9212-b04dca395335,40d375a9-8aa8-4342-8819-67d39f1996d4,https://uwinnipeg.on.worldcat.org/oclc/212933293
4670,1009,5bb739d1-29f2-4814-908d-0df123c75096,d4f58d66-7c80-4d39-a614-5014806234b7,https://uwinnipeg.on.worldcat.org/oclc/54113517
4672,1119,b2c1346e-3c0e-48cf-9c50-731cd2fabf27,22c22b51-8bc5-46ed-8c02-5159adc2adb7,https://uwinnipeg.on.worldcat.org/oclc/58837820
4673,1052,1069bb1e-e3f7-42b5-b091-7c053c289101,a8d5d562-946c-49e2-bcc6-fa0fec6250db,https://uwinnipeg.on.worldcat.org/oclc/213295428
4674,246,b7df506c-e462-4db0-af70-2b60a713c037,af7f6e9a-8bba-4ff0-8bec-dc59746e4271,https://uwinnipeg.on.worldcat.org/oclc/237316504
4675,280,4b623869-8aaa-4462-8180-bb0c1ce223f0,c78fc1dd-1723-409f-b74b-a1c74a3fe191,https://uwinnipeg.on.worldcat.org/oclc/179009556
4676,3568,64612a6b-8e35-474a-bc12-af2f6dc94a76,ea413bd8-9ca9-47f8-811f-74606d951bd4,https://uwinnipeg.on.worldcat.org/oclc/963723561
4677,1094,279fa20b-7b98-4fe9-9077-0c50678f44bf,21b5bb33-3bdb-4ad7-9b79-bc7f829a09b3,https://uwinnipeg.on.worldcat.org/oclc/963723846
4678,458,064d490b-1002-4e49-9c64-349a95f53de5,54813765-f9d3-4961-afe9-ac9c7ecdcafb,https://uwinnipeg.on.worldcat.org/oclc/51064029
4679,259,94cb46c1-a9f1-415f-88ed-ab629adf236a,49861e85-2522-4d47-9979-346471cfa139,https://uwinnipeg.on.worldcat.org/oclc/63791566
4680,627,8b240b27-4a88-4da1-83a4-05137d9360d6,6fa0e0ce-8e2c-4528-b31d-142bc08803cb,https://uwinnipeg.on.worldcat.org/oclc/59134333
4681,1214,962f38bd-55ec-44df-ae85-1a9bb529912f,2d188512-4054-44ff-9133-3262e39da638,https://uwinnipeg.on.worldcat.org/oclc/58481541
4682,1262,3e3278b1-c351-4942-8e54-6315c6c58a98,ddec2c29-1fc6-46b0-8974-275bbd4c16bd,https://uwinnipeg.on.worldcat.org/oclc/931796903
4683,827,e207b177-0e8b-4a38-bf47-66040bc6ab1a,368a7ad9-a599-402e-8fe3-a6525868e3c9,https://uwinnipeg.on.worldcat.org/oclc/55586836
4684,307,751a47f5-35b1-4a13-b72e-7cb7e82b6f49,e486742a-f38b-4e65-9bd6-77044c969ce2,https://uwinnipeg.on.worldcat.org/oclc/69678967
4685,1048,76263a7b-97cc-47ce-b363-35e25d466e55,35c5f5ae-0a08-4eb3-8b17-7d7009621754,https://uwinnipeg.on.worldcat.org/oclc/50767378
4687,999,9194eea3-1a13-4a28-9075-607be22843f4,2dbf6dd0-a80e-4e9b-b0a5-3dc8d1514ce5,https://uwinnipeg.on.worldcat.org/oclc/57027596
4688,178,562b8acb-46a0-4335-957e-a1dd7cce9dc1,39cc6a55-23b6-46ac-b8d6-e286880ddf51,https://uwinnipeg.on.worldcat.org/oclc/49840112
4690,822,eb846a36-07c5-441c-b565-bcd95aebff7e,43ce7bd9-251b-47ea-9b16-670551729be8,https://uwinnipeg.on.worldcat.org/oclc/879501213
4691,825,5ed3fcf6-9c3b-40e5-abac-09ff9a839a27,6ac5a886-929a-4988-9556-ee07effd752a,https://uwinnipeg.on.worldcat.org/oclc/54898185
4692,1091,39025cf1-2a1c-4d52-b59a-155a6bf1793a,2e5b622b-8dbc-46d8-a869-838c5c77c7af,https://uwinnipeg.on.worldcat.org/oclc/57027615
4693,481,e81834c9-a3c5-4406-8aa4-7ad699b49dee,a4820c1b-2ee2-416e-acd0-93d2a308f9b7,https://uwinnipeg.on.worldcat.org/oclc/54751264
4694,820,e052655d-707c-4bcb-bd53-51c2920e95e7,5a492c63-c231-40c2-bf64-b9d2f398221e,https://uwinnipeg.on.worldcat.org/oclc/77561054
4695,3569,1424ad3b-3d04-48dc-8aee-7a60b5c33599,4033327e-232e-4024-aa82-056e77e756e8,https://uwinnipeg.on.worldcat.org/oclc/754480216
4696,216,c36f9d33-4dce-4103-992e-ba7c8fb21a5c,a0668d16-ea19-4b64-9b1a-e0aaf507ca43,https://uwinnipeg.on.worldcat.org/oclc/61281790
4697,3472,4dbe9236-ac14-4922-8bcf-faa13c113fe1,0a113399-08dc-478e-b4f5-5c0408850e04,https://uwinnipeg.on.worldcat.org/oclc/82369477
4698,3546,b304df5e-2f2c-4fc4-862c-a97d453938c2,a1475208-7d48-49dd-af2f-0eea05224d1b,https://uwinnipeg.on.worldcat.org/oclc/818329257
4699,35,21d1f9d7-3524-4363-8325-8f92f9da7c28,a26e1604-d107-4bf5-8a80-975b3c9c9d9b,https://uwinnipeg.on.worldcat.org/oclc/50262181
4701,4283,9900f804-3d68-4f6e-ace4-4648d4d89f0e,2d645267-7efd-4b33-85d9-159e90d5223b,https://www.imdb.com/title/tt7003936/
4703,4284,fd250df1-0db7-40df-a52d-7bc93266c8a6,2cea0b2d-ad73-4d38-ad7f-bcf0d407c3d6,https://www.imdb.com/title/tt0240890/
4705,4285,1fc0e3d4-3e60-4876-9917-f83fa75767f6,a38e6fb3-deb0-4a04-a676-96e1f2bb8107,https://www.imdb.com/title/tt0108255/
4706,4286,6b894cd7-88ff-4d50-b209-bbfd6397021f,6e2b4d4a-eee5-4800-85e0-056a0171b55c,https://www.imdb.com/title/tt5628418/
4707,4287,45b0fefe-eb4e-44be-8e6b-ffc9e592f70e,f1d1566c-065b-429b-8c8a-72a186ab877a,https://www.imdb.com/title/tt2404738/
4708,4288,3c7e309c-b208-4b95-820b-2fad3cb98a3a,fc28ace1-61d4-4994-a7d3-ae2979836667,https://www.imdb.com/title/tt0092693/
4709,4289,41a20391-af14-4636-80f9-4a95625b0562,9bc80db8-1c08-49e4-b3c4-0c63da9973df,
4710,4289,ef72ffee-4646-4a51-8ffe-d417b6afa6b2,9bc80db8-1c08-49e4-b3c4-0c63da9973df,https://www.imdb.com/title/tt3714950/
4711,4290,1d618b28-e54f-4273-b125-07776743badb,c5d70965-8a50-4c11-8a66-aa295b12dbbf,https://www.imdb.com/title/tt5628302/
4712,3547,40926fd0-f2aa-4f3a-bbf4-96c3188cec26,81b1de25-b0e9-46f2-9da8-670b96439516,https://uwinnipeg.on.worldcat.org/oclc/182528318
4713,1727,495d104d-2bcc-40d7-b3de-7aec6f504af9,9a695660-d4a0-4d6e-adda-837d43ac1e03,https://uwinnipeg.on.worldcat.org/oclc/864757300
4714,3548,95f15bb5-eb9e-400f-b1a4-e64dce3833c8,d2fa7f0e-08ce-4ecd-ac17-de646cb85a44,https://www.imdb.com/title/tt6025288/?ref_=fn_al_tt_4
4715,3548,dae6e1b1-17b0-4234-a2ce-26722316ef95,d2fa7f0e-08ce-4ecd-ac17-de646cb85a44,https://uwinnipeg.on.worldcat.org/oclc/962880563
4716,3549,6c477643-7027-428d-ab26-4235c2f293b0,35178ee7-c5e7-4355-a38b-a9a700012c5e,https://uwinnipeg.on.worldcat.org/oclc/50149208
4717,73,ff757995-1d90-4c27-952c-ca20b2baa6e8,5ca8c8c8-38de-4971-98ca-32a1b9159df7,https://uwinnipeg.on.worldcat.org/oclc/968305610
4718,74,0f94ac39-2fc7-4041-bc30-4b10c58d2c09,69e83f24-ecd9-42cf-8103-5dd978ff9af4,https://uwinnipeg.on.worldcat.org/oclc/861646781
4719,83,fd4029c2-130c-4042-88a8-279a8ceed8b9,61cf236d-24b6-49ef-9e72-4dcc73e9eae0,https://uwinnipeg.on.worldcat.org/oclc/815889665
4720,1466,ed087770-aa5a-4991-8f02-042006f8867c,72f8db18-0ec4-425d-8de1-277791c0ba2d,https://uwinnipeg.on.worldcat.org/oclc/778941649
4721,1886,e4061f49-6137-4bfe-8ca0-e7a87c41427c,e0cbbb20-c3ba-4653-bade-217c2896343a,https://uwinnipeg.on.worldcat.org/oclc/760073176
4722,87,ed789361-73b6-438e-a7c1-4920b89b1fd3,049ce43c-1486-4be0-8bb6-eb88e9b7915d,https://uwinnipeg.on.worldcat.org/oclc/1022783856
4723,65,ac3835df-6527-42f1-8e45-53c84f0fc08e,27e41d4a-d0e8-4397-a448-02afdd604435,https://uwinnipeg.on.worldcat.org/oclc/61205576
4724,1486,2ffaf0b9-9537-4e3a-81c7-462dea5e987c,68363cf6-584f-4ead-901c-4f34d00d3027,https://uwinnipeg.on.worldcat.org/oclc/430052519
4725,1723,70a1cf1a-8ca2-40ab-8dde-13392443fa6b,5172ab92-39aa-46b0-9bc7-c946478e3f30,https://uwinnipeg.on.worldcat.org/oclc/800032544
4726,3550,016401a6-3711-42bf-ab5a-170b66f3c424,f487629c-b23c-476c-8341-e61b2911282b,https://uwinnipeg.on.worldcat.org/oclc/553833234
4727,4291,7c306c10-1780-4cb1-b3a7-0dcd0cd3ed01,8880371f-5323-4bee-8de8-6c5d70edcd43,https://www.imdb.com/title/tt2625810/
4728,1726,9334aa7c-73a5-424d-9c43-41c2ac305297,d6df6560-cf0a-477c-a934-c5983e0a662d,https://uwinnipeg.on.worldcat.org/oclc/776987574
4729,66,e8ece9e3-2848-4618-9863-12e4e0668c8d,b9a4a61b-6175-48fe-9dd8-b69ae9eb77f1,https://uwinnipeg.on.worldcat.org/oclc/1007350528
4730,479,430a7cd1-6b1a-488c-bcad-04a9be0231dc,68bba82e-d782-4fc9-a0cd-921570b18bdd,https://uwinnipeg.on.worldcat.org/oclc/1022784970
4731,345,1ecff915-a834-4f6a-aeb3-d5dbccb7e31c,21df2dd8-2be6-435a-bf5c-cb301bbd203b,https://uwinnipeg.on.worldcat.org/oclc/82218453
4732,352,e778e0b0-987b-403d-bd0f-3cde2d6cf26a,929e4612-6334-40e7-9f54-fc5c407eeae6,https://uwinnipeg.on.worldcat.org/oclc/840427804
4733,799,cf42668f-b904-45b9-97d3-4e80107e4971,940240cc-970f-42a9-87a5-307a0a38956e,https://uwinnipeg.on.worldcat.org/oclc/965521095
4734,339,04e03454-a95f-4821-9bc7-69e1bb5cbe90,23520065-73f7-4a70-9b85-354848b18549,https://uwinnipeg.on.worldcat.org/oclc/780921701
4735,339,658ecd28-7755-4318-a89f-9c4b69714764,23520065-73f7-4a70-9b85-354848b18549,https://uwinnipeg.on.worldcat.org/oclc/965528240
4736,364,4b0a79d3-2014-4118-9ffc-1b9a34cc1e53,aaf59821-35bd-4ee0-a6b0-b804895f6b19,https://uwinnipeg.on.worldcat.org/oclc/985080689
4737,4292,6870f0b4-356b-4d10-8717-32daa68696e9,8b1977a9-6742-4130-84e8-6037ee01e60e,https://www.imdb.com/title/tt0042621/
4738,3558,1c9996c6-8fb3-498a-a27e-056e8dee1ff6,8a40fefe-030e-4551-9516-710dd36f4d86,https://uwinnipeg.on.worldcat.org/oclc/939852063
4739,3555,1ec94d42-614c-47cc-9b9b-fd7e355b99d8,b74a7241-fdd4-4dc0-8fd3-aa40aea3a0ed,https://uwinnipeg.on.worldcat.org/oclc/182860559
4740,3554,f500b0cd-254b-46f5-bc28-f97cc13329fa,80fdad19-4c7e-4e47-be24-4f5b4ffb13fa,https://uwinnipeg.on.worldcat.org/oclc/982166192
4741,3553,82f59ced-aee8-4100-bf2f-386d14e64d4c,29242464-fb58-418c-811e-fce85c252c9f,https://uwinnipeg.on.worldcat.org/oclc/50037768
4742,807,7c850169-0a94-424d-bb58-f2be400ab857,639eb672-a6c6-454c-973a-a776b865e1e6,https://uwinnipeg.on.worldcat.org/oclc/779855639
4743,1749,534dc26c-849a-40f9-8d01-390be53d8da1,90927c4e-c2df-4b6d-b41a-3b3775d46245,https://uwinnipeg.on.worldcat.org/oclc/173620703
4744,4293,a8577a7a-0b63-400b-a6b2-9438aaeba063,1f8f74d8-13d6-4a4e-92ba-b04c25f19ebc,https://www.imdb.com/title/tt3901826/
4745,725,86e9a4af-5b1f-4378-8b61-01db2f3dcda1,cd075de2-88a8-4f12-844a-645de5639eb9,https://uwinnipeg.on.worldcat.org/oclc/43584586
4746,3552,755fbb84-96bd-47d7-a6c8-b2978c5ee01a,739e2db2-a399-4bf4-acc1-7975991b3d1a,https://uwinnipeg.on.worldcat.org/oclc/168646351
4747,1389,34b45955-c953-4202-827c-d9b3623ecf6f,31372bab-fd4c-4be0-b62d-b92c28e3ac37,https://uwinnipeg.on.worldcat.org/oclc/965525298
4748,388,46d292fc-6e19-46b5-a661-5a21ec389b57,0f1f3a62-a316-4742-b931-fbb20ffe9811,https://uwinnipeg.on.worldcat.org/oclc/644832912
4749,829,14a994d2-a690-4036-81b7-970bf6d59d37,b8fe75b7-6aa2-47ed-aac2-95185e5d97e4,https://uwinnipeg.on.worldcat.org/oclc/60813893
4750,4294,363132d3-e272-4c5c-88e4-795974bc2e4a,d565c379-806f-4577-9efe-c831fabbe9ae,https://www.imdb.com/title/tt0086093/
4751,320,67ad3a84-9f09-44ff-bc6b-61c34c6c7c4c,c6001cec-d04d-49b3-b024-1dcbfe535f9e,https://uwinnipeg.on.worldcat.org/oclc/962201391
4752,659,66010c03-c525-4b5d-8490-a48c206f08b8,6ab9d756-f005-47ac-8621-91a5dc60a6cc,https://uwinnipeg.on.worldcat.org/oclc/271019879
4753,3560,d544e466-5452-4773-8cb0-67d105e86ba2,b072a791-a945-4f85-88af-684f2efdd0f5,https://uwinnipeg.on.worldcat.org/oclc/965521097
4754,4295,34458fcd-1e49-4cc8-b1bb-ed77e6895324,c7587bc9-a5de-4acf-bca1-8e7c587cc356,https://www.imdb.com/title/tt4780842/
4755,4296,57cb8487-2a5a-4b3c-b217-92f16ae405f1,c249b21b-63c1-4146-a5a5-5ecacdbfce9c,https://www.imdb.com/title/tt0234215/
4756,4297,5a544c9b-7884-4f35-a18f-f68a9f987d12,2b3987b9-ee7a-4012-9682-66bebf471d1e,https://www.imdb.com/title/tt0242653/
4758,4298,29cf12e4-377d-4ee1-ad3d-cfbe3f334c3c,61ded84d-2fc0-448d-ab7d-d702b612d868,https://www.imdb.com/title/tt6423776/
4759,4299,d57e0a96-0d86-44e9-b404-549648c932ce,a33390c3-26f8-456a-82d1-7118cb1aa584,https://www.imdb.com/title/tt0063473/
4760,4300,fb81274a-fd6b-429d-85f6-0f6628061930,d146126a-e2f6-4fc3-a60c-efdbe41080e9,https://www.imdb.com/title/tt3526456/
4761,4301,5053f8d1-3675-410c-8db8-c902d060996d,f9da50f2-fe60-47d6-a894-3e6a9881a9a0,https://www.imdb.com/title/tt6088920/
4762,4302,fa8522b7-995e-46ad-bcac-e603f1d5c0ce,87d05745-c1b0-40d4-95e4-f290ca460189,https://www.imdb.com/title/tt5270020/
4763,4303,c9a27c63-3e1f-49b7-8897-69a0af1be306,3a2028e7-5d27-444d-9765-da16bcfb59d4,https://www.imdb.com/title/tt3591944/
4764,810,403363c6-dbb3-4572-9369-86471ee4ac96,0b79ae3b-e005-4078-8e87-254f0f34b76e,https://uwinnipeg.on.worldcat.org/oclc/57696089
4765,3561,31e19474-e04b-4f57-9267-fcbec3adaccd,acc2355d-a546-4c44-84c0-3805be9c1819,https://uwinnipeg.on.worldcat.org/oclc/962221111
4766,3562,7d74f37e-bb90-46d2-baf4-303e49a72a05,f88801f1-940d-4c35-8d7e-1eb608e609eb,https://uwinnipeg.on.worldcat.org/oclc/49279991
4767,1025,bfbcede4-4b19-4284-9fea-2d83ba804021,858259a3-eab9-4d4a-b0b2-a66a076cc0b4,https://uwinnipeg.on.worldcat.org/oclc/52073234
4768,267,20ac0eca-c9c0-4ef9-89b1-b905e920f571,a7708d63-4ae2-4e37-99a3-ff296ac1aabb,https://uwinnipeg.on.worldcat.org/oclc/875962659
4769,947,e894837e-4511-4738-88e0-89aaebf1af37,3c715bab-6f42-4d28-8062-8ca94786c1ba,https://uwinnipeg.on.worldcat.org/oclc/55606141
4770,947,6e23a648-1146-44b8-9a52-0f4abde68dfd,3c715bab-6f42-4d28-8062-8ca94786c1ba,https://uwinnipeg.on.worldcat.org/oclc/55610438
4771,193,4e3df6ef-bfe9-4ef1-906f-c729f6f50267,e5e4d12d-f4c4-45c6-af7a-ab43d82b8bda,https://uwinnipeg.on.worldcat.org/oclc/182540114
4772,978,82e27b50-aa8d-4363-b4d6-48edcdd99747,41f0169c-3df2-4ef5-8302-b199176274f5,https://uwinnipeg.on.worldcat.org/oclc/43867863
4773,703,0c0f585c-8e28-4ce0-ba08-980a7b1bb16c,42648830-a06f-46b8-8cae-e48c65f141a7,https://uwinnipeg.on.worldcat.org/oclc/66130279
4774,545,ab65b5d0-1e68-4845-81ae-644196b7ac7e,d2ad1012-9469-44a5-bcfa-b545cfd3637f,https://uwinnipeg.on.worldcat.org/oclc/778892459
4775,1111,78e4725d-0c14-4f87-83d9-208db69ea166,5bd3be35-b55d-460f-9cd5-856c4cf0fcf8,https://uwinnipeg.on.worldcat.org/oclc/982344871
4776,85,ab9618ed-10da-4dd0-b810-a83b1ade1ba3,a367d7e0-2e29-4501-9008-c88209219a3b,https://uwinnipeg.on.worldcat.org/oclc/61110387
4777,274,290b11b5-445e-4483-ab47-6907f7ac9076,a9f203ab-211c-4d24-8210-5170c9bd76cb,https://uwinnipeg.on.worldcat.org/oclc/123083481
4778,957,96874fd6-8672-4f0d-8946-96c14fed479c,be6f530d-6e33-448a-80de-5bda057b16cb,https://uwinnipeg.on.worldcat.org/oclc/779005435
4779,478,529fa562-b722-4341-b627-407ec21e203f,fe4093c7-c02e-493a-92a9-42cf06dd40ac,https://uwinnipeg.on.worldcat.org/oclc/1081065908
4780,149,9aa3c206-b62c-4d45-ab24-3d2558ce9889,781749ba-0d43-48cd-8a81-1caf0ed865dc,https://uwinnipeg.on.worldcat.org/oclc/56410435
4781,229,173eb71b-b79d-4c05-bae7-867856d2fbff,1e9e0a00-7b42-4073-bab5-2245004293be,https://uwinnipeg.on.worldcat.org/oclc/609670264
4782,1037,f9eea882-7ebc-4858-951c-3cdc2671660e,0090277f-b0a7-45d9-b451-27c304337a8c,https://uwinnipeg.on.worldcat.org/oclc/965528241
4783,497,6f44c8af-f413-45c3-9ef5-2f4820d6e420,7a5e46d4-1279-4a8a-971e-0aec0aa832db,https://uwinnipeg.on.worldcat.org/oclc/144644575
4784,1026,fa7a0362-6829-4d58-bdf9-58e828a50ef3,7afa8aa4-366c-46a7-9726-882d8270fb3f,https://uwinnipeg.on.worldcat.org/oclc/85838787
4785,1023,5ec18c06-5536-427b-aa98-6684e827004e,e5bb6cec-5a23-41dc-b464-3b14aebc91de,https://uwinnipeg.on.worldcat.org/oclc/865211619
4786,1024,8fcfb470-fa60-47e1-8fef-f52d91c453fd,e0835b59-2e23-4c17-951b-65203d49933e,https://uwinnipeg.on.worldcat.org/oclc/178880845
4787,1202,b1cd1860-ef82-4302-84dc-06ce5c10454c,f0c65a30-2352-4a18-9c7f-f954f203cdb4,https://uwinnipeg.on.worldcat.org/oclc/262699561
4788,974,4c19b5b3-9949-4480-8655-a2ec9600ec87,4545fa07-5a0a-4437-9e16-f9cc06a17d38,https://uwinnipeg.on.worldcat.org/oclc/466321851
4789,3564,b3bdb197-0755-429b-b9c4-72c5a40aabc9,ae91a7c1-abfb-4ede-bb15-60a016072a8c,https://uwinnipeg.on.worldcat.org/oclc/52600577
4790,3557,a5653130-f37a-45a9-ad1b-266ce0468c71,368e7b1d-1441-4622-afe8-b55d828e3da6,https://uwinnipeg.on.worldcat.org/oclc/965525299
4791,1185,1e7613c1-ad70-4300-b1bd-79ab7a95efb2,d092b7ea-05a8-43c8-abfb-5451c208c77a,https://uwinnipeg.on.worldcat.org/oclc/696836074
4792,3556,6e05eb87-7b65-4fcb-8591-94d9e000892d,ae89804c-fa51-4978-aa46-23eb8cc0b9b5,https://uwinnipeg.on.worldcat.org/oclc/965532568
4793,316,58077f0d-2228-48e7-9a3c-62bdadacd387,ead01ff7-7619-42b3-a418-12d1d9620ad2,https://uwinnipeg.on.worldcat.org/oclc/518319337
4794,1025,22a63a4b-fa72-4b26-9303-10c0dcca6667,858259a3-eab9-4d4a-b0b2-a66a076cc0b4,https://uwinnipeg.on.worldcat.org/oclc/174114800
4795,3956,e3de99d8-72df-4a30-87ce-dc70500d2ce9,9fa565de-31c0-4e94-86fd-bb64f473707d,https://uwinnipeg.on.worldcat.org/oclc/958849288
4796,2209,1760ff39-8554-4a1b-a896-3e8bea37788e,66ef7b73-e1e9-4d58-96a0-5d7cf9cf98a9,https://uwinnipeg.on.worldcat.org/oclc/931725011
4797,2340,78ace149-3188-4aa8-8ad8-8c5c8caf4183,07a47c83-455b-4b53-aa65-7e437cde45a7,https://uwinnipeg.on.worldcat.org/oclc/902819692
4798,2210,e401b8d0-1d47-466d-b252-f680adaa114d,2ff6422f-2191-4053-a3e8-6d0a89201735,https://uwinnipeg.on.worldcat.org/oclc/701837890
4799,3512,03b020e7-0bc7-4b45-82ef-f1ac182d0014,8d10d59f-9b27-4213-b807-7f0ba99c177a,https://uwinnipeg.on.worldcat.org/oclc/905960960
4800,897,c090fad8-cb03-4e1b-9fcc-7aa4903b0f23,509ba6d6-7baa-436d-9ae1-3d06223d0e71,https://uwinnipeg.on.worldcat.org/oclc/53130193
4801,3574,c7080f96-fea5-4ac4-8a2a-f2cf182463df,9106a2dd-556e-4448-bc63-06ef9e7c0aaa,https://uwinnipeg.on.worldcat.org/oclc/59717315
4802,722,9cfa696b-9134-4a22-bfa7-25afec2b89c6,879598e9-4abb-4a0e-88bd-919118df7414,https://uwinnipeg.on.worldcat.org/oclc/61843794
4803,3575,2aa483f4-8b97-4bc1-8b68-4a9189e22768,05569b71-de9f-4602-a0d1-15817b7cce79,https://uwinnipeg.on.worldcat.org/oclc/427418113
4804,163,bb0f4dbd-1e25-4aed-9056-98f9331a2b55,c2280a98-cfb8-454f-8d1c-863341fa2242,https://uwinnipeg.on.worldcat.org/oclc/763129255
4805,765,93005a2c-ac78-453b-a729-fb9782cdb31d,3a05533b-1145-44cc-9f01-ca57039ae766,https://uwinnipeg.on.worldcat.org/oclc/57027611
4806,266,6254f0cc-66eb-41c3-a4f3-567158754eed,11ff38c4-8ca5-4881-9517-86888ee71a96,https://uwinnipeg.on.worldcat.org/oclc/185062621
4807,3571,36db5fdd-f3a8-4c37-80cb-b034fad75429,29e494b7-6506-48c5-b823-f31ca11130d2,https://uwinnipeg.on.worldcat.org/oclc/951825872
4808,929,6c1d28cf-e9e8-41c4-8711-ff46e1e2d2d9,5afcf9a0-b579-4a87-b752-535752d4a51a,https://uwinnipeg.on.worldcat.org/oclc/48926429
4809,724,1edeeb91-9edf-4663-a17a-780e924c0fb8,54a0f18d-7ebd-4d72-96ef-ff1b237ad783,https://uwinnipeg.on.worldcat.org/oclc/51667576
4810,3511,2d721dad-3039-4751-98f3-e1fa64e666b6,e025fb4e-eadf-4a02-b558-fa9937b5ed19,https://uwinnipeg.on.worldcat.org/oclc/851513249
4811,749,1bc0d282-6ebd-4669-b52d-77f6e64db6f9,9b03376c-f134-4bba-91b9-f88a7ef30c02,https://uwinnipeg.on.worldcat.org/oclc/466316089
4812,747,801fdf70-08e3-44bf-a3f7-2f20cc3fca30,6eef2015-1dc6-45a0-83e6-14e1bbe53c20,https://uwinnipeg.on.worldcat.org/oclc/56451973
4813,733,ed13ece9-ff9d-48f8-ad74-fd583578cc4c,38f9b462-9b96-4b01-b3e1-1911f8f716c3,https://uwinnipeg.on.worldcat.org/oclc/55482586
4814,1784,e34a4091-69e4-429f-a6c3-cf76891f8dbd,6677e39e-6ca8-495d-bdcb-944c733dfc9f,https://uwinnipeg.on.worldcat.org/oclc/52959575
4815,263,8a63baa1-cec3-46a7-a6fc-18f7480fb52c,e1c560fd-2dde-44d3-8be5-85727e1b9eb4,https://www.imdb.com/title/tt0995747/?ref_=fn_al_tt_1
4816,263,6b3c9361-f512-450d-9398-768cc84c86ad,e1c560fd-2dde-44d3-8be5-85727e1b9eb4,https://uwinnipeg.on.worldcat.org/oclc/492431967
4817,1168,09575597-a0d3-4ee9-9b4b-3eb00035e26b,31af3839-bfb9-49d6-99d7-37be27c276d1,https://uwinnipeg.on.worldcat.org/oclc/965756677
4818,3576,147a0e2d-e18f-43f0-83a0-cbfc5e0ed32c,38b556f7-5c71-43cb-9ce9-c0bf5a18deda,https://uwinnipeg.on.worldcat.org/oclc/51569817
4819,88,346caff2-2fbc-4f9b-95d5-8ecd2c5e9a0a,98e4029d-49c4-439a-81f5-9667d45ef533,https://uwinnipeg.on.worldcat.org/oclc/64431788
4820,285,90a7ecf1-d301-4466-b44e-f9e4172a0da6,490250ce-4153-45bc-990f-1dbcc85b2549,https://uwinnipeg.on.worldcat.org/oclc/966529675
4821,1446,eda3e97d-cf65-409c-9e54-0b9c68806fb9,c27b653f-ee1e-4ba4-a8e3-893174d2a315,https://uwinnipeg.on.worldcat.org/oclc/52842735
4822,467,c919f1c3-62b1-4603-b7d4-cc7c158baf22,45b946c9-2b12-488a-9538-368e34b42b9b,https://uwinnipeg.on.worldcat.org/oclc/143431629
4823,221,78352df2-b6a2-4049-85d4-7cfcc7381021,6ed126e4-4e91-43e8-9935-f483b1e7573d,https://uwinnipeg.on.worldcat.org/oclc/303676675
4824,683,2a3c283b-e7c7-40be-86eb-b3a5170e0cfd,55ebd1d0-4261-4b8f-9327-baab40131c21,https://uwinnipeg.on.worldcat.org/oclc/52768912
4825,714,d3a2e414-51b4-4171-bd1b-dccc9b300ed6,37983af1-d984-451c-be4f-e836b1a62738,https://uwinnipeg.on.worldcat.org/oclc/466290834
4826,292,16c303f4-5086-4b1a-bde7-0df6e65a1a57,77ca2015-2147-4f16-99f8-b1aaba3c5b9b,https://uwinnipeg.on.worldcat.org/oclc/503006174
4827,668,f45ff889-ae39-4f70-bde8-406ed974245c,7c4c41e0-a674-423a-8128-16713bc19dec,https://uwinnipeg.on.worldcat.org/oclc/56779913
4828,685,5ab1c295-5e81-42e7-9199-21784c519cb5,041596ad-cabf-47f9-8baf-f8686bcdc905,https://uwinnipeg.on.worldcat.org/oclc/44542031
4829,1173,ad03f863-c825-4409-900e-020af66fdaa2,217ddf06-e0df-43c7-acc7-ea38d5c133ad,https://uwinnipeg.on.worldcat.org/oclc/320600601
4830,1178,9d2c717f-05be-42f7-b4e0-55b380927581,61a6ed73-c3d0-4c53-acc9-8a794ecc1fc1,https://uwinnipeg.on.worldcat.org/oclc/54389221
4831,3578,f2755639-d498-4404-bfe3-5b9a1dad0ceb,bc27b448-8187-427d-96f7-317d055ae9e0,https://uwinnipeg.on.worldcat.org/oclc/966464762
4832,466,32069369-577e-4669-8ac5-cdbde73972fe,ca0cae3e-b420-4b45-b9db-3bb6b0724c20,https://uwinnipeg.on.worldcat.org/oclc/62083811
4833,465,3f3b889f-1b40-48d2-ac4e-06c81d5310f8,1f418574-8e51-4177-bff8-f2de5df8165f,https://uwinnipeg.on.worldcat.org/oclc/49895147
4834,454,00dba08b-5a40-4585-9f72-6b83bf3c9cb3,2e1e30a3-7af1-4e15-a663-87feef1bf339,https://uwinnipeg.on.worldcat.org/oclc/61250027
4835,248,99430646-46b9-4a64-85e5-3deb83786bbd,9a5a9627-e2dd-4be9-b729-9584aca1dd3f,https://uwinnipeg.on.worldcat.org/oclc/713400174
4836,233,1b84598f-e8ca-4f3a-a700-9767708d1e43,67d47818-d226-4aaa-bd4f-83cba0b52966,https://uwinnipeg.on.worldcat.org/oclc/75200540
4837,70,e1e00855-d203-449f-873f-396dbc3814be,5aa39b7b-1bde-4999-841b-9ac94ea78cd6,https://uwinnipeg.on.worldcat.org/oclc/56512515
4838,992,5ca0ca67-3750-4392-9c14-a793f6b8491e,d96faf1e-6c5f-4c9f-a50e-a73d0b865bdb,https://uwinnipeg.on.worldcat.org/oclc/628263894
4839,720,b95978dc-629d-4054-89e0-2d4888eadda4,0d79be6a-b66a-4a01-bbe0-986f05d436b3,https://uwinnipeg.on.worldcat.org/oclc/55004091
4840,3582,c2c9d191-219c-455d-8726-bb85c1cf56a7,bc44b782-1cb6-4c3d-983f-2fbc9c3dc634,https://uwinnipeg.on.worldcat.org/oclc/958853258
4841,3582,2ca585bd-8bc0-4a04-bfa3-4463e0f4aa24,bc44b782-1cb6-4c3d-983f-2fbc9c3dc634,https://www.imdb.com/title/tt9186292/?ref_=fn_al_tt_1
4842,144,460b2953-50de-474b-bb1f-7c491c736849,f7886c4d-a0f8-4941-ac0c-4669b4029417,https://uwinnipeg.on.worldcat.org/oclc/51676694
4843,235,2d18bf5b-e977-4f8e-a567-d209f02ceb3b,b186870e-0fcd-442a-a4bf-f71b40fa0b98,https://uwinnipeg.on.worldcat.org/oclc/51314904
4844,249,fd51980c-55aa-4bc7-9b2a-36f1410ebbb6,90aeadce-fa0b-4d28-bf1e-4e6a4bc415db,https://uwinnipeg.on.worldcat.org/oclc/61251187
4845,1020,35729f1d-ace2-4a89-b298-ec0aea3c01d0,0404f1f2-64c8-48ac-b00f-21acc301a99f,https://uwinnipeg.on.worldcat.org/oclc/47954701
4846,3594,a3b7235d-a913-462c-b503-c888bbb1b4be,eca4a650-e624-4397-bfa7-ab1a5793bf4c,https://uwinnipeg.on.worldcat.org/oclc/50641574
4847,214,f4387c2c-f6b7-4511-9bbb-de361f292bcc,432d84fd-fff4-4a68-9971-0ecac2c4f455,https://uwinnipeg.on.worldcat.org/oclc/50641574
4848,180,0d07198b-e2e3-4992-b814-9bf352dacad5,43a99769-6f32-44c4-af44-17292670b3b2,https://uwinnipeg.on.worldcat.org/oclc/1022779161
4849,3440,1ab600c2-8850-4eb0-b695-9a52f50583f9,f44df6fc-e08b-403c-9ffc-4b624cc3f59e,https://uwinnipeg.on.worldcat.org/oclc/930945344
4850,3597,7f473460-e67d-450c-87df-a245b288cf72,3863b628-194b-42cd-a089-639068799575,https://uwinnipeg.on.worldcat.org/oclc/225327323
4852,150,2e669ec4-d127-4cb6-bb1c-ed7a87233194,48ba83b3-91ae-42d6-9ec9-a97570e20ee7,https://uwinnipeg.on.worldcat.org/oclc/1022773618
4853,319,331b470c-76ab-4385-81a3-99b004d0b829,4b3c742f-750b-48bc-8c64-ef8c92688122,https://uwinnipeg.on.worldcat.org/oclc/895068178
4854,3551,253d8e51-5d26-4b2f-9cbc-17c5cc98ad5a,1d364402-4fc8-4252-9058-c8026ae6fb87,https://uwinnipeg.on.worldcat.org/oclc/57390295
4855,3712,8e37d8d0-dd1b-4cc0-a4d3-73a6905bc649,4eb275b4-d987-4a4e-8baf-0da2fd6ca591,https://uwinnipeg.on.worldcat.org/oclc/962218935
4856,685,1b0b8611-af91-4ecb-bf11-d891a7b32a2a,041596ad-cabf-47f9-8baf-f8686bcdc905,https://uwinnipeg.on.worldcat.org/oclc/968293001
4857,3986,5e694e04-7871-412e-bb80-7803daf4fe1e,0905b83a-5adf-4c1c-8e7c-ca1b4c8cffc6,https://uwinnipeg.on.worldcat.org/oclc/863644408
4858,3581,b1bde209-7ece-44b1-aa45-8ad3f1d7dfbf,6b1dcee4-a289-4492-9700-7e8980ffd9b7,https://uwinnipeg.on.worldcat.org/oclc/1012686886
4859,3593,00e72d38-8420-4b5f-aed5-3a807d709777,66bf0c0b-3167-4be2-87de-bc5c9a53d58e,https://uwinnipeg.on.worldcat.org/oclc/1022793895
4860,1653,cd2d6d67-13c1-44e4-8cc3-ec4e102b3e42,2e83aa61-c333-446b-b18f-3718c4101909,https://uwinnipeg.on.worldcat.org/oclc/1022793895
4861,3596,606b1349-87b5-4c5e-8363-f2c91c5a1489,47fa0a0b-66a9-4fb4-80cb-d2ae6280ba9e,https://uwinnipeg.on.worldcat.org/oclc/699323983
4862,3595,5778fc48-6955-4992-bc3d-727e19c735fd,9e84c592-646c-4924-b759-76e4468978e9,https://uwinnipeg.on.worldcat.org/oclc/968305222
4863,1192,33987050-4ef9-4bd7-a6c6-6b3e564a5315,0c95ec09-c02c-463b-a7b5-cf40bfa0055c,https://uwinnipeg.on.worldcat.org/oclc/968293002
4864,1611,f19fdce5-0552-4aee-b3cb-230ed9013ce2,01242a37-ff03-4e17-b19b-3592065014d3,https://uwinnipeg.on.worldcat.org/oclc/230754214
4865,226,0069707c-bcd1-427d-946a-3233b805e4b1,d88d737c-b3ce-493b-84ef-3a1737a8f53a,https://uwinnipeg.on.worldcat.org/oclc/712068543
4866,3741,cd6718c2-ca90-49a4-9e24-e761b1dcecf8,37262349-b660-4bce-842b-8e21fd27d6ef,https://uwinnipeg.on.worldcat.org/oclc/754506998
4867,120,ad6dc4c4-15ff-4b30-9609-664bef8e7517,02a0e859-f677-4f1e-a6b3-04a688593a76,https://uwinnipeg.on.worldcat.org/oclc/858692499
4868,2355,a456fd58-67fd-4bdf-afbb-e924ae62fa80,a2e98c31-e4ef-48a4-84f4-556d25898bd2,https://uwinnipeg.on.worldcat.org/oclc/871261781
4869,3742,ae246503-3407-4cb0-8c1d-d4ca113f3e59,f9d53a90-0f37-419a-8688-20689e1d15ee,https://uwinnipeg.on.worldcat.org/oclc/660820286
4870,3697,50556485-111b-47a2-b9c7-ba34da9a8bc7,006760a5-84fa-46ef-a787-64b166697f50,https://uwinnipeg.on.worldcat.org/oclc/894575848
4871,876,6f6c933e-0286-46dd-8f1e-a6d7c94ab221,e89431f8-83d2-4cce-a8fc-bfd83de3c313,https://uwinnipeg.on.worldcat.org/oclc/779856938
4872,1165,02eb25a4-b63b-4b0b-bafb-0b8024c93906,892c11cc-6761-4f4d-bb22-44df5f8d2fa8,https://uwinnipeg.on.worldcat.org/oclc/49418586
4873,173,bb4c3eca-0a89-4aee-afc9-763bc8e739d7,1eaabaf6-1ff9-4184-9fd1-3900708b2e0a,https://uwinnipeg.on.worldcat.org/oclc/475900148
4874,3744,b14d1675-4677-4774-a953-c7fa3626f297,cbc06531-b1d7-442d-aaa8-fc6dcfa2d58d,https://uwinnipeg.on.worldcat.org/oclc/53247775
4875,2145,4f6fb058-dbed-4bb5-80fd-3e396e2ad614,f50080ee-7f44-4683-a555-68033c1c52c0,https://uwinnipeg.on.worldcat.org/oclc/78845399
4876,528,73d70532-05ca-4442-87c4-4117c4179356,ceff04eb-cad0-4683-b362-31e153803ac4,https://uwinnipeg.on.worldcat.org/oclc/840837579
4878,2034,8e074ea3-bb60-4972-8764-e7f80a896744,25ce898e-da4d-4ebe-86ce-e1de69424169,https://www.imdb.com/title/tt1935902/?ref_=fn_al_tt_1
4879,2034,b886b9e4-8d18-45c9-a4ed-b6ec1af10bb4,25ce898e-da4d-4ebe-86ce-e1de69424169,https://uwinnipeg.on.worldcat.org/oclc/842423903
4880,36,1d2aacc7-6686-4b4b-a19f-32e28146c1a2,7c09b09c-e082-471c-b605-0f412b6316e8,https://uwinnipeg.on.worldcat.org/oclc/865219024
4881,3797,99c17c85-c0fb-4b6b-8917-77d327b085ea,d080f876-92cb-4205-8a98-5cbb2724483f,https://uwinnipeg.on.worldcat.org/oclc/968297260
4882,3805,6f13c496-55e4-4623-ad63-1c463e07ce79,75ea5c25-7b7f-4fbf-b84d-d951de5b6655,https://uwinnipeg.on.worldcat.org/oclc/772561274
4883,809,ca39372b-1245-4ac6-942a-7cd82f0f734f,d6854c64-3561-4603-a893-d0acc1d2a5f7,https://uwinnipeg.on.worldcat.org/oclc/50296048
4884,1558,99e44049-6542-4290-ba68-47a976d13b12,7dc99fef-5de4-45cb-87a6-7b47d1c6e4df,https://uwinnipeg.on.worldcat.org/oclc/951698611
4885,1447,c53a7f6e-44c7-43a0-9cf0-a3084318056a,dc15dd8a-b826-4c89-a2d4-a50da9524f1a,https://uwinnipeg.on.worldcat.org/oclc/81305225
4886,253,4cc076ae-e6ea-4e4a-a926-03c3a473f63a,5ada9871-1991-464a-96c4-484a71ae3c94,https://uwinnipeg.on.worldcat.org/oclc/968291231
4887,1557,973d46a3-f83f-4bf4-a5fe-f7a901ae3b4d,d48039c4-5d5a-4d10-80bb-aafd4d7582c6,https://uwinnipeg.on.worldcat.org/oclc/187656940
4888,1457,31e8574b-2700-4523-ad41-33c7af484d03,6f076bc2-c2de-48ec-9b87-593b9ea5a94d,https://uwinnipeg.on.worldcat.org/oclc/630112567
4889,1565,46a64016-a16b-4734-b93e-7584a58f4863,dedc2cfc-0c8f-425e-8930-d91fce08987e,https://uwinnipeg.on.worldcat.org/oclc/907785050
4890,3749,3ff860ec-85ed-4fdf-97e4-675a97938b0c,fb92de6a-4496-4df9-a777-bc636c27355f,https://uwinnipeg.on.worldcat.org/oclc/496020225
4891,1531,d7388bc3-0ad6-4d8c-8063-9f94597878c4,28315b8c-8623-4389-80e5-3415331872c1,https://uwinnipeg.on.worldcat.org/oclc/809950145
4892,885,61fef50d-9b97-4808-bfdc-2baa5e459bd6,df17f113-a2e9-4533-84d1-97575cdb42bb,https://uwinnipeg.on.worldcat.org/oclc/712654208
4893,3753,eacbaede-b341-4009-9dc0-86dee17bb8c8,1aaa9e6c-83b4-45ca-b668-1857e27e6c45,https://uwinnipeg.on.worldcat.org/oclc/316237860
4894,1884,9357c33c-c5e1-4115-b471-351f66e5a1f7,3dd96840-5d83-4a01-9ebb-5f1588e560c2,https://uwinnipeg.on.worldcat.org/oclc/968305224
4895,124,4fdda80c-b352-45a5-ac95-d2305acebce3,529648f5-e6b9-4113-aabb-90878385e7d3,https://uwinnipeg.on.worldcat.org/oclc/758354393
4896,3754,515b6078-6299-486b-b7f7-f9438fab651b,f7349efc-3c15-4e2d-91ad-ba44d1daad42,https://uwinnipeg.on.worldcat.org/oclc/69400177
4897,449,71f8132c-6493-44c6-aece-72a376d76774,230f09ab-3145-4ee2-812e-7f02308d3312,https://uwinnipeg.on.worldcat.org/oclc/148180743
4899,3752,35c8115b-da20-408a-a489-a1102a334820,8db21204-0ca4-442c-b812-262273e19652,https://sarahcgibson.wordpress.com/filmmaker/filmmaker-sub-page-01/
4900,3752,17a77c15-b963-4334-85df-6199549e2771,8db21204-0ca4-442c-b812-262273e19652,https://uwinnipeg.on.worldcat.org/oclc/968293918
4901,286,687b79c1-6329-4f8f-8184-ba31f7ad51bf,94ba14a4-6f9d-4388-8e5e-5d4abb7f7f68,https://uwinnipeg.on.worldcat.org/oclc/873659186
4902,2356,6e0aa8da-d2ce-4a7b-989d-f14626e98884,1f54efc3-362a-4305-a8ec-5d983f6e941d,https://uwinnipeg.on.worldcat.org/oclc/965559765
4903,1458,fdef5f88-8c81-49e8-8e8c-50820e1eaffc,18b606d3-0105-4007-8772-9c9f9c4f5ba7,https://uwinnipeg.on.worldcat.org/oclc/1022781107
4904,1457,6b842c30-c5d9-4fba-807c-526095d34387,6f076bc2-c2de-48ec-9b87-593b9ea5a94d,https://uwinnipeg.on.worldcat.org/oclc/60554795
4905,1593,5c2ff135-7a85-482a-a37f-0c0f8a97626b,ae1a4023-f195-4bc0-89e2-dcdb1207b1af,https://uwinnipeg.on.worldcat.org/oclc/71643860
4906,258,032ea75f-7544-4fb4-9ee8-14a54000d2a4,130efbdb-e1c5-4251-9592-92aaa0e85b08,https://uwinnipeg.on.worldcat.org/oclc/1014349664
4907,1763,05ace091-85b4-4cf6-a0d4-8024755d8c10,5a455c23-796c-42d0-8375-9ae96dfdf017,https://uwinnipeg.on.worldcat.org/oclc/951699984
4908,530,573fded9-0b41-4f01-a496-2accd1d7a3a4,d96a4b68-7981-4938-bac2-a727c2f48537,https://uwinnipeg.on.worldcat.org/oclc/815784648
4909,3759,afea23bc-a3e5-4449-a0ff-a47f63e51a3f,00b31ba2-066f-4bfe-b7c6-684512399ad8,https://uwinnipeg.on.worldcat.org/oclc/757840124
4910,3774,56dfd43c-b90c-4ea4-98f4-05e437d5ad2a,fce6bc7b-06c0-4442-ba0d-56ba51123049,https://uwinnipeg.on.worldcat.org/oclc/966502578
4911,3515,0f902764-ba2d-4106-8d3b-4590267f35e7,6bc12835-9463-4c8c-8eb8-4c9fd673596a,https://uwinnipeg.on.worldcat.org/oclc/931719419
4912,2213,7ef47d9b-d0b9-4b99-b386-9eb8732413f9,49d2c7d8-ee1e-4122-a156-48bb31a7997c,https://uwinnipeg.on.worldcat.org/oclc/798643582
4913,3776,0eb47c37-3478-476a-a0c7-44aab7fc69f7,0c584d21-ee21-4e6d-938a-118c91abea7f,https://uwinnipeg.on.worldcat.org/oclc/878416330
4914,3777,be416998-0d45-43cc-bc40-fa665c9496e8,6d06a6f0-a0a0-4ddc-b007-905ec063fb22,https://uwinnipeg.on.worldcat.org/oclc/52915110
4915,3784,89474d80-07f0-4e8e-8f3b-81ebdcf2e22f,75c15c35-3e94-4a1d-9988-b957d1308eed,https://uwinnipeg.on.worldcat.org/oclc/1022782268
4917,218,c8ad751a-a32b-4ed1-84f0-0272821e0037,0d77dd8c-9781-46eb-b038-6056bdebb52a,https://uwinnipeg.on.worldcat.org/oclc/1022774273
4918,3511,d1e7f0c4-1ade-44ec-89a0-196a39330eda,e025fb4e-eadf-4a02-b558-fa9937b5ed19,https://uwinnipeg.on.worldcat.org/oclc/1022772348
4919,169,140e29e0-4dda-4165-9cfc-d401278b047c,9569f6a7-c43b-4b8d-b4e3-02de15a4a9fc,https://uwinnipeg.on.worldcat.org/oclc/812783051
4920,253,0eccadca-0272-4281-aa6c-c8d8c6508710,5ada9871-1991-464a-96c4-484a71ae3c94,https://uwinnipeg.on.worldcat.org/oclc/59824456
4921,3793,c4635ad0-510e-439d-ae4e-5d79feafa129,374706f6-49af-431b-b208-ec8295f00b1b,https://uwinnipeg.on.worldcat.org/oclc/123269358
4922,3672,13a373f4-6057-473d-a128-cc9aca350634,11b5a571-bb7a-423a-b2a0-8ce3942398ec,https://uwinnipeg.on.worldcat.org/oclc/224067850
4923,1462,09c9e2c0-0ad8-436e-9765-7fb4b7e1abb8,9302cf7a-2604-4104-be18-e78ca5728d7b,https://uwinnipeg.on.worldcat.org/oclc/57225990
4924,3715,a11caa13-7ce5-4e91-ad22-01c1732466e5,ff4eb221-a235-4778-b839-61dc757275a9,https://uwinnipeg.on.worldcat.org/oclc/899749870
4925,971,858bbae2-6001-4a07-8cc1-c2d78a5c4fca,5cb2e96a-31f9-401e-8540-99962336ec48,https://uwinnipeg.on.worldcat.org/oclc/861252639
4926,1465,e1e3c23b-2e5d-4b6e-9039-25364fa914bd,9d766295-a2bd-4d4e-aed9-dc926ae677c4,https://uwinnipeg.on.worldcat.org/oclc/961039298
4927,3831,ed3264e1-31e2-49e1-be2b-4b8604c68f20,a4736a29-5236-4f94-8572-12dfbee60e2e,https://uwinnipeg.on.worldcat.org/oclc/880567657
4928,679,75afcc87-ccf3-464b-a2d8-56e1d4c8353e,52aee2b3-badf-4f19-b01d-3573e654a112,https://uwinnipeg.on.worldcat.org/oclc/317082323
4929,3834,70174522-e52f-4d01-b244-55871b86d5e2,80974f3c-c450-4c29-a5a2-b9764e117829,https://uwinnipeg.on.worldcat.org/oclc/61367169
4930,1035,2d3bf42c-40b9-405b-acbf-a7de910ca950,51e1c8c2-7ea7-407f-b799-92932ebd3de7,https://uwinnipeg.on.worldcat.org/oclc/950860183
4931,984,f1c7eace-13da-4866-8b60-d28d1e058c81,365367a7-f1c0-4606-9b47-2765c61032c4,https://uwinnipeg.on.worldcat.org/oclc/72715227
4932,1585,aade2d91-e593-4089-87ed-e2a8bb74e14b,e85d1466-b4d6-41de-9847-6a5e5ff5c3d1,https://uwinnipeg.on.worldcat.org/oclc/56627398
4933,1081,8d56bffd-40a5-429c-a79b-f2477a49f7f6,19557dd5-5c4f-4ae6-834a-0408f9f9533f,https://uwinnipeg.on.worldcat.org/oclc/286543004
4934,3835,0e517759-4778-417d-af8c-d8b904d529cc,26897b85-f1db-48ce-beb3-a54c7ca8068c,https://uwinnipeg.on.worldcat.org/oclc/52899935
4935,1479,7c4059de-86a1-4f2d-b3a9-6e68dec8762a,9626f40f-943e-4c51-a8fd-3a85412ba55c,https://uwinnipeg.on.worldcat.org/oclc/863654570
4936,3836,7cbda1dd-4998-4864-98d2-5e33ac9bc55f,d358529f-509f-406a-9b84-db1f31d12f58,https://uwinnipeg.on.worldcat.org/oclc/232330332
4937,1719,96270600-f83a-49d9-9248-23af78c31c54,927456b6-aa41-4bfb-acf5-773790a429f9,https://uwinnipeg.on.worldcat.org/oclc/49526150
4938,3837,3c7e6963-531f-45b9-9a3f-e6c4e3fe21f4,f50f7d7f-71fa-4163-8af1-ce51d076a8cf,https://uwinnipeg.on.worldcat.org/oclc/40689139
4939,1724,57084ab9-d033-4c82-9c36-f4ae39834b6d,e19db0a0-5e85-437c-9a4c-ea68c57a36e3,https://uwinnipeg.on.worldcat.org/oclc/61447161
4940,3838,e5d80282-d26d-43ce-99e2-23e4b77b5a35,2a77969a-a1c5-4c6a-8819-43e5e3d80a0d,https://uwinnipeg.on.worldcat.org/oclc/42018289
4941,3839,01aef3e3-aa09-4045-be66-455d413ce34e,c8beac27-9a82-4592-a7ec-779b3acb087f,https://uwinnipeg.on.worldcat.org/oclc/175298816
4942,1817,0fc35fa5-d149-446f-be28-b7f7ea5b6524,f5f76d74-c648-4b62-9941-eb55411f0455,https://uwinnipeg.on.worldcat.org/oclc/896605137
4943,3841,3968712d-867e-4bb6-92dc-1c6eb2ba1c30,712d7587-517e-48e2-96b5-8bdd11b243e8,https://uwinnipeg.on.worldcat.org/oclc/46925704
4944,3842,d2a2f246-b142-4e26-9768-be7976d9adcb,fed1abdb-1f4f-49eb-a90c-db55e693beff,https://uwinnipeg.on.worldcat.org/oclc/1022778419
4945,2354,e2fbd853-78ac-47f3-ae5a-2ad381d67041,776e829b-b7d8-4746-bf8e-ff0e29545e91,https://uwinnipeg.on.worldcat.org/oclc/882562375
4946,167,fdf2b57f-59f0-411d-89b0-54c9a7d7e132,823e4da4-afe6-4070-aaea-d794dd5fe741,https://uwinnipeg.on.worldcat.org/oclc/899132222
4947,3844,72ec0f81-f516-407c-a5fd-27fd6e9b6df2,089133a1-2b65-45a6-a7ae-c60c4d2545ca,https://uwinnipeg.on.worldcat.org/oclc/826456711
4948,3845,8a5638ca-8ff0-4878-b5e7-431b7c29f751,5763c864-13e9-4992-a353-16020610a6cd,https://uwinnipeg.on.worldcat.org/oclc/53331146
4949,3846,0404af57-5a93-4b7b-a265-4f13cbf51cdc,27739820-008c-4719-87bc-97e82a0a1570,https://uwinnipeg.on.worldcat.org/oclc/53331146
4950,1807,b2478c37-3e57-46c6-8197-dac851b6b385,7ab7f6f8-e420-44d2-8fc0-4990d967e1ca,https://uwinnipeg.on.worldcat.org/oclc/60686796
4951,321,370e0c5b-b0c0-4432-8ffd-5234b27294e6,4336b2c8-ac16-4f9f-a7e9-50afd46a7158,https://uwinnipeg.on.worldcat.org/oclc/81022087
4952,321,1b96aa5d-df76-47dd-bdf3-a5d074f50d61,4336b2c8-ac16-4f9f-a7e9-50afd46a7158,https://www.imdb.com/title/tt0069753/
4953,1738,5fb98369-4b77-48d3-99b0-d90ef8ae2051,551ee5c6-6e0c-4350-9169-6192533d7d94,https://uwinnipeg.on.worldcat.org/oclc/56780497
4954,3847,02b98941-31f9-4712-a685-84ea73020f73,ee607bfb-c574-4f74-91b0-dd032fa846e8,https://uwinnipeg.on.worldcat.org/oclc/53212679
4955,1001,6ed179f1-edbd-4d3e-a57b-1e5f165c5758,c7f6f28a-1ea5-4aa3-99c8-92c4b6edb2aa,https://uwinnipeg.on.worldcat.org/oclc/124083747
4956,1098,3c80db15-1a3a-42bf-be95-d4684544bd78,8350e1de-97ca-4ecf-8c55-fc77402821e7,https://uwinnipeg.on.worldcat.org/oclc/124083747
4957,3848,df57a7db-9cde-4a17-b860-1a13c8e95987,7ef855dc-2a8a-4724-8ce2-622eadd8a52b,https://uwinnipeg.on.worldcat.org/oclc/285642358
4958,3849,1841e560-c3d6-4198-bc9c-aba079293c15,df1c983e-8e53-4a64-8f33-52043152f7b0,https://uwinnipeg.on.worldcat.org/oclc/233036695
4959,1789,90616fe2-0581-4a1b-ae63-7f738921f0e2,98e213db-0e0a-42ed-95f5-22acf64a2b4b,https://uwinnipeg.on.worldcat.org/oclc/48204010
4960,3850,9825c9ca-c6a0-4661-b937-6ad3625df7b8,fc337182-75eb-4cfe-aaef-48d730a89fb2,https://uwinnipeg.on.worldcat.org/oclc/53330747
4961,1106,c08d2a61-1781-4dc1-b77f-17df56391704,02f61c04-9e15-4e19-a742-b0b8bfaf9ba2,https://uwinnipeg.on.worldcat.org/oclc/824205446
4962,1007,45e13eb1-9112-413c-aee2-3fb2c940cf84,6d46b2cc-72b9-47ed-aea3-ef14b8a7ba6c,https://uwinnipeg.on.worldcat.org/oclc/824205446
4963,3851,9031f88c-2fee-4806-af66-09c312fc98c9,909fbf78-3a8d-4f12-89be-c4180644dded,https://uwinnipeg.on.worldcat.org/oclc/959618037
4964,327,0617ce8c-b9d2-4385-a775-97975f6c302c,834428e4-f80c-435c-b7d7-6526f407e6f2,https://uwinnipeg.on.worldcat.org/oclc/754481891
4965,877,525d0daa-b103-4003-b858-88839122d7ea,68342283-a24b-4e61-8466-59c53fe10aae,https://uwinnipeg.on.worldcat.org/oclc/842042018
4966,1957,8f74e8e2-f2a4-4528-83f0-d004c5b0bd16,83760bd1-756d-4ebf-bf74-d97e88a91e4a,https://uwinnipeg.on.worldcat.org/oclc/756871386
4967,1521,4e6df8ba-a575-4366-8a75-47aa163a70f4,650b411c-ce3e-423a-8da6-f2c0730ebaf8,https://uwinnipeg.on.worldcat.org/oclc/890947420
4968,531,b4d71bdf-ce1f-4a0a-9e42-6c1004474919,1a54d751-b335-4c08-9dba-8134f62959b2,https://uwinnipeg.on.worldcat.org/oclc/902859015
4969,3875,b41bcec9-7364-4f81-8545-7c2a4489d4ae,616e10cd-f1c3-4b8a-9c6a-46fb7230d44f,https://uwinnipeg.on.worldcat.org/oclc/62168616
4970,3876,d4a9f337-e619-43f0-8f4f-afec418c8f12,c8ad1511-05bb-4062-9f68-671bef81ec8f,https://uwinnipeg.on.worldcat.org/oclc/49554937
4971,739,9ac5c811-b9bc-40c8-85ec-f3eb5f45166d,23f76341-8ddf-4d7d-9e17-5909aae0b6d8,https://uwinnipeg.on.worldcat.org/oclc/53965798
4972,1003,3fe6fbb8-b7e4-4889-b5a7-521e8594b961,d4840e14-8a52-47a4-a093-e9616cd562ff,https://uwinnipeg.on.worldcat.org/oclc/53965798
4973,995,aa7067b0-6bf4-4a59-b516-2cb436eb29f9,b9396f65-b47d-4431-946a-6b83659ecae9,https://uwinnipeg.on.worldcat.org/oclc/53965798
4974,789,1dabc34c-933c-4f48-b135-da4902b08b89,245d3e0c-2d1e-4925-86dd-d4a2e8e3304b,https://uwinnipeg.on.worldcat.org/oclc/948203197
4975,1902,1f65529a-c2ef-4107-bf00-172adb3b3543,7691d6d4-9c08-4785-8c64-e5c93ffb8ccc,https://uwinnipeg.on.worldcat.org/oclc/908127591
4976,856,df6eef48-a5e8-4d24-b3e4-17b42e8470df,82e9351b-011f-4259-925f-29a620f1a081,https://uwinnipeg.on.worldcat.org/oclc/839678763
4977,1304,50221e46-a0d7-4f19-a647-c1847461f3ed,7c505180-72d3-4263-a554-ed4752738efe,https://uwinnipeg.on.worldcat.org/oclc/61447155
4979,1118,2fe3f0a7-1e11-474f-8afb-b1fc936b9585,4e8a480c-ecea-43eb-a03c-f2abbe2341dd,https://uwinnipeg.on.worldcat.org/oclc/879547402
4980,3874,933313fb-1da3-44c9-89ee-81e80daef3e9,53e5e8f0-3043-4f73-8d9a-7bba0ae9aaf9,https://uwinnipeg.on.worldcat.org/oclc/971335127
4981,2184,9c18db20-d61e-4f95-b705-26a003599375,37fa6649-7631-4799-b22c-6ab7dd2c0d21,https://uwinnipeg.on.worldcat.org/oclc/971359347
4982,49,448b681f-ac49-4bc8-a901-6479ca10ae3b,0fd0b1e9-da7e-4df6-8c8b-3cd923e17e16,https://uwinnipeg.on.worldcat.org/oclc/778942368
4983,463,be36c16d-b526-4c46-855e-c2b81754fa3e,b992eba8-185e-4d8d-8fd8-1fa8ffe003c1,https://uwinnipeg.on.worldcat.org/oclc/1030763367
4984,59,9adc796c-fdaa-4f23-a434-9086b46ca244,89fb5da0-74a8-4c4d-997e-50c6a12828b3,https://uwinnipeg.on.worldcat.org/oclc/85777788
4985,71,b5dcc47d-6bb1-4e06-9d3c-6e1bec3c3c48,cddf5ab3-77e6-43c1-83ea-90ac2ce82842,https://uwinnipeg.on.worldcat.org/oclc/496322409
4986,3702,13d2a1b4-8c57-4b04-a4ac-d8e65b968ecd,7ba6b109-362a-49db-8580-6dfba8d3b92a,https://uwinnipeg.on.worldcat.org/oclc/857287065
4987,460,d6b37fb0-f6e4-43a4-a4d2-6645ef0d905b,2db5f675-e20c-4075-ad70-8f043a701295,https://uwinnipeg.on.worldcat.org/oclc/184955337
4988,732,587ea12b-2620-4530-8f82-3f12f4ae432d,e78b6c3d-4a03-41f2-a342-380ab1ddde7f,https://uwinnipeg.on.worldcat.org/oclc/48704987
4989,609,f390bf26-a6e7-417f-807f-c29b0fa1de2f,ec22c2f6-f4b6-4ddc-a0ae-8b5acff4a844,https://uwinnipeg.on.worldcat.org/oclc/731720061
4990,1022,e1f5f907-28d6-4dd1-be22-f4cac35eecf2,9dbe7682-322e-4567-8d47-a15a45ff1aeb,https://uwinnipeg.on.worldcat.org/oclc/965592067
4991,587,fdf851e1-0bc2-42b0-9686-736d7e2a42a2,8da7eb3d-2f67-44a1-a742-ae02c7d24152,https://uwinnipeg.on.worldcat.org/oclc/932550922
4992,1532,dd54b5fa-9034-40af-91a9-a3471bd9721b,2edf7e05-9136-4542-87c1-7d3f5cc5eca4,https://uwinnipeg.on.worldcat.org/oclc/780534349
4993,2022,138211b2-0b6c-48a2-bdc7-84aac60a9e4b,04d04f05-16db-4d16-a22d-cc8ae11e237d,https://uwinnipeg.on.worldcat.org/oclc/65465054
4994,3434,45a7eb95-6109-4895-b33e-6f6ed66fa6e9,1038d5a0-40d5-45f6-9eeb-d59f1f1ddf1b,https://uwinnipeg.on.worldcat.org/oclc/870917053
4995,1836,00250fdd-ec0a-4557-b4d4-fff2be0b0358,95d46d36-3521-4932-b81f-cacb150858cc,https://uwinnipeg.on.worldcat.org/oclc/865279689
4996,2178,8dd0585e-797b-4ca7-b690-1e818dcdaea9,6d67c435-c64a-4286-98b9-8b7e87f0c6d3,https://uwinnipeg.on.worldcat.org/oclc/731334164
4997,111,15ba094b-54f8-42cf-bc38-038142c828e2,1eacf8d8-a679-472e-b7dd-d3169264d9f8,https://uwinnipeg.on.worldcat.org/oclc/988466693
4999,776,22b51209-39ac-4310-8b32-c79da3a1f2eb,23ae20ff-0bc7-4f40-ab8d-c25435c08733,https://uwinnipeg.on.worldcat.org/oclc/894579052
5000,1820,2e222f48-ee35-439c-a13a-5399730420bf,26d64a06-2984-4cd3-91c2-44642f99e981,https://uwinnipeg.on.worldcat.org/oclc/42931937
5001,1030,231357fb-0324-4a7d-afda-35beb4ebb470,b364c5a3-cbe9-405a-a896-7f9baf1bb801,https://uwinnipeg.on.worldcat.org/oclc/77501835
5002,185,d7244e7d-13da-451a-bb2a-bbd86bc2600e,fa6c7944-3a5f-404b-ad5c-218f8f197baa,https://uwinnipeg.on.worldcat.org/oclc/721368756
5003,247,575dc0d3-d0b3-4d36-a0d7-a66b8f5f1aa4,e5a0a8fc-9d8f-4663-8d90-87d4d8de54f4,https://uwinnipeg.on.worldcat.org/oclc/769475423
5004,4085,e5192da0-4ff5-4537-99da-82af88c04941,a053cfde-28ce-4c6a-b0cc-0aec87409953,https://uwinnipeg.on.worldcat.org/oclc/777944011
5005,589,517a313c-ac99-4ff3-8bd7-469bedb48ede,49cf2cd7-5530-4965-bdba-4b73c0afdad6,https://uwinnipeg.on.worldcat.org/oclc/971345307
5006,1530,d6031867-6210-42f8-b4d7-f5066628d4a1,11513746-04a5-4f42-9ca6-7999e1e6f6f9,https://uwinnipeg.on.worldcat.org/oclc/815848246
5007,38,0e3cacc0-3dd0-4512-8667-3b757b77d365,ed3a4fff-7ec5-49ef-b762-1c2aca3d7053,https://uwinnipeg.on.worldcat.org/oclc/780507565
5008,227,06e815ce-7371-45c1-8fcf-efa95274afc8,cf7013ed-9606-4505-94d3-d1ceeacd9470,https://uwinnipeg.on.worldcat.org/oclc/122257757
5009,1528,c6d611fa-5218-4966-a9ea-ecbfa348a3d2,27a06078-922e-4c42-b3a0-87a6b79110a5,https://uwinnipeg.on.worldcat.org/oclc/318366594
5010,2402,5d80b0b6-ad82-4d64-8169-13bb9429ca55,a767ef4e-d04e-42b7-b51a-14675218cb1a,https://uwinnipeg.on.worldcat.org/oclc/925508751
5011,297,4e0a397b-e76c-4fe8-82b8-357c9d62e048,0be31e27-c7ce-456e-b47b-79df1923894a,https://uwinnipeg.on.worldcat.org/oclc/710018056
5012,1230,e99ffd52-3011-4fc5-a74c-d12c64e29c12,4a927115-3fea-44e8-9c9b-454bdc79bbd8,https://uwinnipeg.on.worldcat.org/oclc/694373138
5013,2044,e2abbba7-8fab-4238-9fcf-b6147cdded96,a538e274-c068-4ebb-8793-344f5fe0ff0c,https://uwinnipeg.on.worldcat.org/oclc/841163979
5014,1759,ad9da701-2748-400a-9caa-96559a8a6d3d,76c1d315-73b9-423a-b317-1cc4c7347526,https://uwinnipeg.on.worldcat.org/oclc/540986353
5015,3514,d5b1c370-2e79-4f9e-aaf5-8872d63ed4ee,cf04ab61-4df3-4b53-b215-76799f5af627,https://uwinnipeg.on.worldcat.org/oclc/769141046
5016,3958,d0e9caf2-a7c8-48a7-8533-1c9a646682c6,339731e8-a007-40e2-95c3-0b0871b311fd,https://uwinnipeg.on.worldcat.org/oclc/608786760
5017,190,55779084-1410-4674-90e9-796f10263417,1c84349f-c292-4f61-8093-4b4d5e14a321,https://uwinnipeg.on.worldcat.org/oclc/497212372
5018,1754,df995176-5b17-4ef6-a02c-9acc3f94d01f,7c375b2a-b5cf-45b9-a522-c05019c0819e,https://uwinnipeg.on.worldcat.org/oclc/864504860
5019,1212,5a7f4ea5-fc79-4e9a-bfe1-ec1db715b1a4,d017057c-fcdb-4713-9f1f-634085de7997,https://uwinnipeg.on.worldcat.org/oclc/846703104
5020,397,1506c91c-54da-4fe3-9da6-74daf38030aa,5347332a-d214-450f-bc2a-06bfbf777692,https://uwinnipeg.on.worldcat.org/oclc/44707899
5021,391,82f3dbb5-4578-4de1-8e63-2aa3eb2d5b02,e6829f29-ae6f-468a-8db3-1b18de195130,https://uwinnipeg.on.worldcat.org/oclc/43452526
5022,295,022ac910-9422-402f-9281-a3613e6f1afa,7e351853-8d16-4191-8e28-fcb98a829744,https://uwinnipeg.on.worldcat.org/oclc/606861632
5023,985,3fc8416b-5e31-4d30-9ea2-6db5fee0bf94,a86e3a27-615d-4e47-b8e1-2462e2a72562,https://uwinnipeg.on.worldcat.org/oclc/815905617
5024,257,f290a47f-062b-4373-8ab1-2e33d5ecb7cb,e31b52ad-9831-401d-a76f-3faea250f683,https://uwinnipeg.on.worldcat.org/oclc/743087428
5025,1940,409c5b88-32df-4202-a518-4257c2e91872,e39aa2ba-7348-4dae-9199-d5e2087c60ac,https://uwinnipeg.on.worldcat.org/oclc/1089616231
5026,419,3210aab0-5e1e-44ea-81b3-7ab70d0f9ff9,d687efe7-71fc-4e07-a6a8-f465d0cfeab3,https://uwinnipeg.on.worldcat.org/oclc/60849403
5027,166,f03e15c7-4b1d-4cd3-933d-ed4289e89e11,2f7998a7-f3ac-4ae4-ad19-25ec8beeddfb,https://uwinnipeg.on.worldcat.org/oclc/753466907
5028,570,9133065a-d73e-4f4d-82ab-aaa4ffdc7a49,4eaf9712-529d-4eca-821a-3ba201d4ee91,https://uwinnipeg.on.worldcat.org/oclc/496817735
5029,968,7ab20d02-79cc-451c-8270-0a37beee0356,7c1b7323-1112-43b4-b01b-486350ff6314,https://uwinnipeg.on.worldcat.org/oclc/123898935
5030,395,cb8746fd-2604-4bba-b37a-bffa2496294c,3c69bcbd-a082-4c26-bf37-dc58c3bba2f4,https://uwinnipeg.on.worldcat.org/oclc/52084713
5031,972,4ca0e47b-9831-47d1-bad2-650bc5a4beb8,f18e4d2d-50b1-404b-9a49-489076240b4c,https://uwinnipeg.on.worldcat.org/oclc/965578948
5032,1758,865a4651-f7fa-4e3d-9e91-732dce363525,63e2e939-f964-4704-a9b0-52e304da0817,https://uwinnipeg.on.worldcat.org/oclc/772577098
5033,3760,73060105-9994-436e-8a66-76b7eac2e403,9b9921b7-e067-4b33-b82c-b8af127e59dc,https://uwinnipeg.on.worldcat.org/oclc/244394786
5034,227,633cb258-4b45-4268-b7e3-0113dd20511e,cf7013ed-9606-4505-94d3-d1ceeacd9470,https://uwinnipeg.on.worldcat.org/oclc/122257757
5035,185,565281ad-21ff-4470-81a0-13f06c07f755,fa6c7944-3a5f-404b-ad5c-218f8f197baa,https://uwinnipeg.on.worldcat.org/oclc/864528546
5036,259,f4815968-bbb4-4102-aa49-a3e38a296269,49861e85-2522-4d47-9979-346471cfa139,https://uwinnipeg.on.worldcat.org/oclc/63791567
5037,242,47ddfba3-9bfd-465e-a47f-3e16ea9c72ad,773cc684-edf6-4107-921a-1bab6ceb37ea,https://uwinnipeg.on.worldcat.org/oclc/950563562
5038,85,74a69b69-9b2b-4625-83f0-b8d412e9afda,a367d7e0-2e29-4501-9008-c88209219a3b,https://uwinnipeg.on.worldcat.org/oclc/681891845
5039,2157,27e9d677-6303-44a1-a9f6-493a5f856865,4d3e1dea-53d7-4cef-b0c8-de5146a0bd68,https://uwinnipeg.on.worldcat.org/oclc/933288551
5040,1096,9e086276-c57e-448d-aba7-e5e148096d85,39d45f0f-89b9-41d8-8462-88dcbbb6de18,https://uwinnipeg.on.worldcat.org/oclc/55214899
5041,3979,8ff4ca32-5215-4354-becf-3af2798d3570,bc8c3e86-0992-400d-99ae-0c83e85f85d2,https://uwinnipeg.on.worldcat.org/oclc/45009573
5042,1967,3259cbd3-55cb-44c8-b7f4-c328251ec68c,4651435f-3489-40e4-bf2b-2aca610d7e43,https://uwinnipeg.on.worldcat.org/oclc/813470850
5043,56,6fd7ceb1-b54b-4c0a-87e3-14a292add54e,5c6efee5-579c-4931-963d-067dee595192,https://uwinnipeg.on.worldcat.org/oclc/213273470
5044,287,aed158a7-0622-4f7c-bfd0-b3cf0445a723,a38c628c-9797-4b13-95c7-4e67aa8a6a3f,https://uwinnipeg.on.worldcat.org/oclc/133466186
5045,232,62a994e9-6f13-4335-80f0-74cb1e25cfe4,54873725-9cd3-4217-8eb1-222d2d7d82fa,https://uwinnipeg.on.worldcat.org/oclc/793113310
5046,1798,4c843512-f03b-4a71-911e-23f591672267,735ee3dc-b68d-4fc4-b688-7903701a0928,https://uwinnipeg.on.worldcat.org/oclc/892076472
5047,3610,254c17cd-6b4d-476e-8902-e3dfe83f5fc5,ccd3e2d4-6113-4678-a968-f9b5eb2bec1e,https://uwinnipeg.on.worldcat.org/oclc/318617476
5048,1760,65e41f3a-df47-44de-aa28-fc1add9dd595,0c485695-8188-47dd-abfe-6d07ff585bbf,https://uwinnipeg.on.worldcat.org/oclc/62199002
5049,2019,fcdaf6c2-d05e-4538-aa5e-813726ca0466,18d73451-0efb-43df-a7bf-92e6d3d52a73,https://uwinnipeg.on.worldcat.org/oclc/644738136
5051,1977,ca4e3340-aa81-494d-9ddb-23097bcf95f7,2b40fc64-76c1-4b88-b292-a562ef313c4e,https://uwinnipeg.on.worldcat.org/oclc/867921386
5052,1768,48654baf-79c5-40ae-a322-384d49c4a7f7,bbdcfbc8-89af-4ce3-8c97-25d33639fb57,https://uwinnipeg.on.worldcat.org/oclc/781948209
5054,1610,f0c2f079-ade9-4993-b015-2812e58abbe6,065c12c0-2004-474e-bda6-0a48985d9255,https://uwinnipeg.on.worldcat.org/oclc/757494472
5055,418,161f37dd-2e53-4dae-937c-caf6ad01e217,7c1d7ac7-7fcc-4d0e-9f3a-eb2f450e5d1b,https://uwinnipeg.on.worldcat.org/oclc/55872289
5056,461,a7da0379-cd51-4331-a71e-533f184d8b11,8060b383-9344-4de4-91f7-9c1735cd6260,https://uwinnipeg.on.worldcat.org/oclc/66465761
5057,633,c6823578-5ce1-43a8-a5cf-48773f64d806,c3ca1183-7fa7-4e4e-a45f-a65e5a6f1d71,https://uwinnipeg.on.worldcat.org/oclc/966508201
5058,3528,19f52b6d-13cd-4249-a67d-4dc385c38cc8,1d77ce2d-7682-44b3-ba42-230401602450,https://uwinnipeg.on.worldcat.org/oclc/51236066
5059,1197,bdb6e099-5d5e-482d-a6fd-4fb28c6eb1e4,9e2c9540-ca0f-4319-9a3c-d133a60e671c,https://uwinnipeg.on.worldcat.org/oclc/976452014
5060,1131,624c5d59-491f-446b-8a98-d91e0d308d22,a7a9217e-c170-4404-a571-8fb02ed07b2a,https://uwinnipeg.on.worldcat.org/oclc/994895457
5061,1126,8a2b87ea-973f-419c-b2cb-bc3dd34f4cbc,e8891e93-9c80-4ad8-91d0-27f279c05623,https://uwinnipeg.on.worldcat.org/oclc/994895096
5062,1142,b231d2f6-a924-4a0b-ba3d-509ce9ef5d23,3fbb09f3-9a19-41a9-bf1b-7f40a3d7494f,https://uwinnipeg.on.worldcat.org/oclc/994913473
5063,639,2c000c9e-99d5-4ac6-8f98-9befd0b04f3f,a42f1e97-794c-462b-9dd6-74c0be99f75f,https://uwinnipeg.on.worldcat.org/oclc/867878858
5064,639,158dbb5c-2bdd-4a87-85b4-fe08e31281e9,a42f1e97-794c-462b-9dd6-74c0be99f75f,https://uwinnipeg.on.worldcat.org/oclc/48199504
5065,630,7e0875c5-ca38-4e32-8cee-64c53a5644ee,11f4e06f-edd9-4d09-92e8-89dd187579dd,https://uwinnipeg.on.worldcat.org/oclc/123377727
5066,1099,c411fbb8-183a-4d88-a05f-c63ad9c95cf6,790e6c30-2189-4537-a446-e363cf4a730e,https://uwinnipeg.on.worldcat.org/oclc/48199533
5067,1748,e69cac54-a8f0-46d6-9667-857250e40a4b,59ea9bd0-ddbb-4170-ad38-032eef597e66,https://uwinnipeg.on.worldcat.org/oclc/85048913
5069,641,06ea5e8e-c54c-44a1-8af3-97abf8fb3e9d,d45a4fc9-31b0-497e-98a0-cef5546e2bd8,https://uwinnipeg.on.worldcat.org/oclc/50165957
5070,626,b3969b86-7137-4ac3-a048-e7786aa85875,a3d1661c-959a-4989-b7b2-f84118a473cf,https://uwinnipeg.on.worldcat.org/oclc/54859889
5071,640,27869cd7-f1ae-4c49-9a94-864444718aec,9cdb4b73-199e-4308-b6f5-fc702ad6f7c4,https://uwinnipeg.on.worldcat.org/oclc/318616715
5072,1096,398848d2-f76e-4ac7-93e8-2bbf5699c106,39d45f0f-89b9-41d8-8462-88dcbbb6de18,https://uwinnipeg.on.worldcat.org/oclc/768119153
5073,54,110ac8a4-a39f-4234-91f2-7bb4a90bf660,deb419d2-0287-471b-a9ff-9d7b99eb9c91,https://uwinnipeg.on.worldcat.org/oclc/994914860
5074,631,d9ecba2c-98e8-4aad-b6dd-79378aa64fc6,72d81795-10c1-442a-84a5-ca058e01aa61,https://uwinnipeg.on.worldcat.org/oclc/277046053
5075,643,fd336ac4-94bf-486a-acb1-da7abfed751e,21dd4f37-7e3a-4669-b273-168be9d79d7a,https://uwinnipeg.on.worldcat.org/oclc/50165956
5076,637,2c01f857-d6b4-45b7-9713-e40f38c3f605,3a9e11e2-5178-401c-8b61-6b50fe31f01b,https://uwinnipeg.on.worldcat.org/oclc/669876903
5077,3541,42b93664-2128-4010-8068-1e1e67d064d5,2aaa160e-056a-4cf8-82c3-80694ead198b,https://uwinnipeg.on.worldcat.org/oclc/747314266
5078,188,4b6674b9-903b-43a1-b3cf-6d37a8887e64,b8845cd3-f7dd-4b6e-b1cc-b01b335602c4,https://uwinnipeg.on.worldcat.org/oclc/55978434
5079,855,5a68647c-4027-432a-a437-4a30f6631612,b17abb3e-1096-44ad-8395-a31534b384e8,https://uwinnipeg.on.worldcat.org/oclc/940803485
5080,459,f6860207-ed12-42a9-a167-0f65bfc95587,7e02281b-a595-4ecf-8487-afc5e93d3fcb,https://uwinnipeg.on.worldcat.org/oclc/427383205
5081,236,2abf9ef7-7f62-4fd3-bb32-692e3e1301fe,83863378-84ed-464b-a285-ece46714c6e5,https://uwinnipeg.on.worldcat.org/oclc/977943297
5082,117,41ba466e-a467-4669-81b5-480585d62315,c7bec249-3bc4-4b88-82b7-a889f632d82f,https://uwinnipeg.on.worldcat.org/oclc/864325548
5083,817,1d42a0a0-de48-4856-a3dc-be81f14f43eb,62bd26f7-91ff-48b6-832f-6c32787d452b,https://uwinnipeg.on.worldcat.org/oclc/70862843
5084,198,801b0a5c-d0c6-417d-8dbe-037491e7b369,23c2c5f4-0b2b-4596-9bb9-96c41ed6d613,https://uwinnipeg.on.worldcat.org/oclc/793851543
5085,1892,41cce6c3-25bb-407e-8d2c-0965c36753d7,3760b56d-1a64-498a-b2f3-bf71c3c4cea5,https://uwinnipeg.on.worldcat.org/oclc/74831545
5086,37,4f50e107-5312-48d8-bc2b-b8dd496083e5,ac7790e0-6218-45d2-8572-d5be0dd2b789,https://uwinnipeg.on.worldcat.org/oclc/73973186
5087,222,55779851-a1a6-42ec-a72b-ba0534bdc127,ffa8437b-5568-46c9-b447-7483ec4b2fdb,https://uwinnipeg.on.worldcat.org/oclc/819123817
5088,532,bdfe7b44-aad3-40e3-a0e3-61bfe50f5175,ad3a908b-8b25-4bc2-9fa2-79af0a5bc893,https://uwinnipeg.on.worldcat.org/oclc/813283962
5089,4206,017c0793-1043-461d-9e51-53e8dc8a565f,d1ef01da-d9a5-4b40-be19-301af314b900,https://uwinnipeg.on.worldcat.org/oclc/956454405
5090,1449,f0826366-8f68-4a1b-bb21-31a4ce00c54c,545eed16-e11f-4606-8286-43574a877983,https://uwinnipeg.on.worldcat.org/oclc/48893962
5091,2416,a2c82809-4074-42c7-b4bb-4618c626e9f8,7ae12f83-228e-4e84-84c0-140f17e9eb8a,https://uwinnipeg.on.worldcat.org/oclc/144615930
5092,4200,5319e8f4-c1b4-4dc1-b39c-9052a0fffcab,2c5d2983-2b71-47c5-880e-064f0e5452e2,https://uwinnipeg.on.worldcat.org/oclc/904814540
5093,1449,81caad37-2dd6-44d9-93a0-6bbf5fc73bc4,545eed16-e11f-4606-8286-43574a877983,https://uwinnipeg.on.worldcat.org/oclc/904814540
5094,3430,1794cd20-2cab-45b1-b1a7-a0aea40b4ce0,afc083dc-3c74-4746-8d36-dbf4c56f3c1e,https://uwinnipeg.on.worldcat.org/oclc/701463713
5095,1519,54c9e470-7a20-4204-b224-85c1813b214c,2ae95ddc-acea-4c0b-9fe3-f714c8ae5bf1,https://uwinnipeg.on.worldcat.org/oclc/867747170
5096,462,f19dd524-ad2e-4692-bd21-37d92f871edc,0cc0a1d2-33f2-414f-ac8d-984ff31fcce4,https://uwinnipeg.on.worldcat.org/oclc/827772354
5097,1520,0896f66b-8d49-466c-aab2-0eb66045ae58,a83cb571-bf6b-4cc5-b908-4b8f671ce8a6,https://uwinnipeg.on.worldcat.org/oclc/660183736
5098,1104,3519bf72-5f2c-4b68-b44e-c65613cf9c7d,e77f39e1-e45f-4ca3-ac36-ebc38f81527a,https://uwinnipeg.on.worldcat.org/oclc/316330899
5099,4207,575be188-b1d8-43c3-bc69-f8eef70b0251,ee647de5-48c3-4ada-8d90-5bf1611d5cc7,https://uwinnipeg.on.worldcat.org/oclc/966508560
5100,2210,ee7c060d-747a-407b-a4ee-a06912bc42bb,2ff6422f-2191-4053-a3e8-6d0a89201735,https://uwinnipeg.on.worldcat.org/oclc/44860634
5101,2209,8643f41b-4dba-4638-9f1b-4012d1f93703,66ef7b73-e1e9-4d58-96a0-5d7cf9cf98a9,https://uwinnipeg.on.worldcat.org/oclc/252806461
5102,217,6a9faabd-edf5-4693-b067-8f16851f1d5f,eee482dd-243b-4aa1-a10a-9a0368bb246d,https://uwinnipeg.on.worldcat.org/oclc/1020010554
5103,2211,ce2b64b6-e44b-4ebb-836e-c0d1f1061d17,4f9a9222-0215-4b2c-a893-834c28a7ac9b,https://uwinnipeg.on.worldcat.org/oclc/610841374
5104,3794,64650582-54a7-4963-824c-27630f59bfb5,6bcc7915-772d-478d-afd4-057ba6e4a66e,https://uwinnipeg.on.worldcat.org/oclc/1019903873
5105,462,a769b086-ade1-40e2-a65a-4bb033e6d724,0cc0a1d2-33f2-414f-ac8d-984ff31fcce4,https://uwinnipeg.on.worldcat.org/oclc/1020013572
5106,120,d121a470-6fe8-4eed-8df8-befd201fbbe3,02a0e859-f677-4f1e-a6b3-04a688593a76,https://uwinnipeg.on.worldcat.org/oclc/1022778929
5107,855,92bc39a8-982d-4683-9ea2-67aed7c57e56,b17abb3e-1096-44ad-8395-a31534b384e8,https://uwinnipeg.on.worldcat.org/oclc/1022567674
5108,2179,0a09cd32-d553-4db1-8fb5-15ff1b114e84,a482e303-46bc-4d8d-9fad-2d792e2dc97b,https://uwinnipeg.on.worldcat.org/oclc/224550949
5109,3751,fff85eb5-709f-4d8e-b75a-3af6d051c965,f94870d2-0d46-435a-ac64-aa13a3ccd675,https://uwinnipeg.on.worldcat.org/oclc/1028740624
5110,3864,f88aa9b8-20fe-45a0-a447-93140073345a,798df4a5-869b-4875-a870-e9c54acb9dd0,https://uwinnipeg.on.worldcat.org/oclc/1006232706
5111,1095,977606d8-fca0-4bb2-abec-934b5e730bbb,76392323-4ed4-4f37-83a2-66fff1dc1225,https://uwinnipeg.on.worldcat.org/oclc/1014248374
5112,874,176dca2b-26b8-4ce5-a406-b43113cbfcbc,e5a8f9bc-3882-4d74-b765-18b6f7aa10ac,https://uwinnipeg.on.worldcat.org/oclc/47634754
5113,4291,317f41b0-bf71-4195-ac32-14be46e88173,8880371f-5323-4bee-8de8-6c5d70edcd43,https://uwinnipeg.on.worldcat.org/oclc/957559673
5114,3952,ceb6107b-a1d4-447f-9c86-bc342f60e995,e62baf4d-51a3-4c7b-8115-de14992284d1,https://uwinnipeg.on.worldcat.org/oclc/1015566628
5116,3801,8c7a8435-efc3-46ce-a173-eb98ff144fa9,51ed9a04-2393-4750-a885-af535fdf70a9,https://uwinnipeg.on.worldcat.org/oclc/931091830
5117,4028,2a776910-6b36-402c-9929-4ef09a8b281a,e198f241-3fd0-4c6b-9e7f-68d049b0c797,https://uwinnipeg.on.worldcat.org/oclc/956461649
5118,3832,c5c2aa18-63ee-4566-85e2-f81ecb7de1a3,119418cd-3bff-45b5-972a-572b08110a18,https://uwinnipeg.on.worldcat.org/oclc/1057851171
5119,3790,22b8118c-983d-4a87-a2bc-ae15a6ace6d8,01371878-1851-44fa-aa32-c1d220d52558,https://uwinnipeg.on.worldcat.org/oclc/1041192227
5120,613,b393513b-2bf0-42a3-88a2-42f063fd4dad,d1455176-de7a-4c70-a1ce-e1f0e4fd4644,https://uwinnipeg.on.worldcat.org/oclc/707091113
5121,254,a9b3ec76-52e2-4a81-a49d-16a25f705906,a744b33d-0b65-4f9a-a3e4-59d9f48b91a5,https://uwinnipeg.on.worldcat.org/oclc/1041861804
5122,194,143c9601-fb34-40d7-9e6d-48dee9fb5ed7,fcb1acf4-01ee-41ad-a8c0-ebcf2665d667,https://uwinnipeg.on.worldcat.org/oclc/1041942296
5123,1455,e1ac5d2c-e2a3-43bd-a318-6c4549343a95,4066aed1-62ee-49c1-adf3-26bc471ef439,https://uwinnipeg.on.worldcat.org/oclc/635629993
5124,1456,ef8ede3e-c77a-4296-be49-df4c036de939,fc02a514-dc5c-48d9-9ed9-415a94852fba,https://uwinnipeg.on.worldcat.org/oclc/1042192668
5125,3991,53a23ef3-647f-4d6f-813a-f4e77544c30e,dd68df50-591a-4b01-b905-fba1e6af0c9e,https://uwinnipeg.on.worldcat.org/oclc/958307676
5126,1911,fba5f80c-629d-4b8c-bced-af71ea9091d4,496e5851-678f-47ec-8b15-1c99c9b06bab,https://uwinnipeg.on.worldcat.org/oclc/880942049
5127,713,6706e504-d04c-4821-9703-f9c0fcfe47d5,cee3223b-299a-4424-a038-5317a5a56a3f,https://uwinnipeg.on.worldcat.org/oclc/690263745
5128,4285,7f1e3c5e-7848-45c4-bce6-bf0bf1ce55f8,a38e6fb3-deb0-4a04-a676-96e1f2bb8107,https://uwinnipeg.on.worldcat.org/oclc/52422693
5129,4231,fcfa645e-042a-47e1-a76d-84526f6f1b72,ef73f019-f0c0-4995-a263-0c2ba794641a,https://uwinnipeg.on.worldcat.org/oclc/443109763
5130,4174,e3a4f5cc-814b-4ebc-9584-9bbc21e8be2c,b232763c-434e-41f8-ac26-83c21ae02526,https://uwinnipeg.on.worldcat.org/oclc/982959902
5131,1019,c9e20286-582c-4290-b34b-9ebfdb0a2ee9,83e3e50e-e1a5-4711-aa0e-3f2497c16f45,https://uwinnipeg.on.worldcat.org/oclc/65519794
5132,179,f9d441c7-b734-403a-9538-f388718e462b,57107c5c-4e0d-448c-8bfb-977a89251680,https://uwinnipeg.on.worldcat.org/oclc/1084287423
5133,836,8b32c39a-9553-4355-b1b7-4a4dac71e8e6,916eb33b-3454-4c43-8ea1-c16c7a5c39bf,https://uwinnipeg.on.worldcat.org/oclc/1085367177
5134,2043,b08439e6-9186-4228-af8c-b0666ebab28a,77d98cab-0161-4473-a84c-e078a189117f,https://uwinnipeg.on.worldcat.org/oclc/1086398818
5135,4238,c14fbe59-49a3-4343-9536-4d907ee72df0,2d17bda2-36f5-4ebe-b3a7-1b2dc2c071d0,https://uwinnipeg.on.worldcat.org/oclc/1060584869
5136,196,784c6a3a-ba46-4b00-8301-a8b588b52cd7,3d1a445f-bd41-4379-9de7-4d4e501bdcb0,https://uwinnipeg.on.worldcat.org/oclc/29888945
5137,1246,0c67e4a0-09e0-4175-a11f-5f165b8e3a3c,49946a7a-31d7-4430-9172-1e8c79f051a0,https://uwinnipeg.on.worldcat.org/oclc/43045586
5138,814,32d8b6f8-3140-40f2-9edd-4b12d3481c7d,8954870f-b963-4391-8b54-4009d9b0142b,https://uwinnipeg.on.worldcat.org/oclc/79063140
5139,2167,e1d3d3b7-35c2-4b5b-98ca-327071b3fd91,cb448e9c-c51f-4fd6-a473-e86c298af387,https://uwinnipeg.on.worldcat.org/oclc/53047804
5140,91,7a87c5fe-15a4-401f-89f5-ba7cdd75d229,42e20ec8-1f79-4eeb-a238-fd0cf0a2f9be,https://uwinnipeg.on.worldcat.org/oclc/23245116
5141,386,a859bf55-6378-4013-8fbc-6871cdeaad23,71160783-cf14-4221-af4b-49ca7f858e4a,https://uwinnipeg.on.worldcat.org/oclc/44678455
5142,93,3f40fee7-e010-4884-a795-69f6e44a3bff,6d7997fe-7ddf-4a70-9aae-6db266629754,https://uwinnipeg.on.worldcat.org/oclc/28188493
5143,1027,399f2c3c-d165-4242-a217-af8f150f99d8,e268a35f-f670-4fd9-86c8-e3a2612e6cd9,https://uwinnipeg.on.worldcat.org/oclc/26666173
5144,739,a9b24d90-1073-4b34-a8e5-122f4bce82e2,23f76341-8ddf-4d7d-9e17-5909aae0b6d8,https://uwinnipeg.on.worldcat.org/oclc/32835788
5145,213,f795a7f2-0c5a-4fad-9323-61fe4708a2d2,87576e47-187b-4ac9-bbca-25da16352ffd,https://uwinnipeg.on.worldcat.org/oclc/20666206
5146,184,8fd7e36b-511a-4557-9795-891d18d9c234,055bc3f5-ea1a-4e9f-969c-78af140ceae0,https://uwinnipeg.on.worldcat.org/oclc/43578040
5147,2233,3b7b45fc-cc74-4c93-9da4-5ef07bd5a626,751cd7a1-b9d5-482d-adcf-2839608639aa,https://uwinnipeg.on.worldcat.org/oclc/26376810
5148,1714,1129060f-590b-4612-b99c-097586ff8849,e858bb30-c31f-4388-a990-960707fdff81,https://uwinnipeg.on.worldcat.org/oclc/27326351
5149,1000,0f20b67c-6758-4d50-a76f-5193ea1a6073,bd8a2cca-f228-4d7f-8d25-759840fb4aa9,https://uwinnipeg.on.worldcat.org/oclc/37680086
5151,476,a3a27cea-214c-463a-aa1a-216527d62ec6,0138cd40-38cd-4398-95d5-c2fd2b11b0e6,https://uwinnipeg.on.worldcat.org/oclc/32373453
5152,998,95d322c6-3867-44bd-9ad0-87c75d367cc0,f1117109-e2c3-4d94-9b7c-07989247db18,https://uwinnipeg.on.worldcat.org/oclc/50220323
5153,678,c861d091-95df-40ce-af36-a031fc49395c,bf420b9c-9d2f-4909-9880-d96caf9ebc21,https://uwinnipeg.on.worldcat.org/oclc/1004690922
5154,536,624ea269-4992-4887-a09f-f7ca99f53f94,c9bcbb7a-536c-4ef9-bc49-35d31eb42fa9,https://uwinnipeg.on.worldcat.org/oclc/47570783
5155,1087,d1b419f3-851e-47bd-9447-94651031a2a9,de7b2bf5-78b3-4777-a0a0-f2c963e7777d,https://uwinnipeg.on.worldcat.org/oclc/21353352
5156,2442,f20bf442-d278-4a85-ab9f-01416e5eebd2,4f54da97-27a2-4dc8-ba52-f9da6ca6072f,https://uwinnipeg.on.worldcat.org/oclc/37868689
5157,115,7b4058de-0eec-43a1-887f-266ed24ec419,ac65745a-33a7-4fec-b967-8aef6bb7d58f,https://uwinnipeg.on.worldcat.org/oclc/24861459
5158,175,1baf2690-7379-4df1-83a0-43b89bbf6d0a,7b1dbe70-3b74-41f8-8451-01ad07b8c5e0,https://uwinnipeg.on.worldcat.org/oclc/24181998
5159,995,ee448584-71fb-4ca0-b2b2-2e3eee944ae0,b9396f65-b47d-4431-946a-6b83659ecae9,https://uwinnipeg.on.worldcat.org/oclc/44449286
5160,4000,7d1bb16f-2589-43ba-aa24-cde80ba7606b,ae1b80e2-0915-432a-9f91-7051d35703a4,https://uwinnipeg.on.worldcat.org/oclc/426189692
5161,1836,2f29b330-d8a3-4610-9593-a47655fbee1a,95d46d36-3521-4932-b81f-cacb150858cc,https://uwinnipeg.on.worldcat.org/oclc/29930485
5162,973,8a1ab517-796f-4d15-8beb-6a6b1fab9408,c2cdd6ec-a516-4585-b489-d18dd3ed9130,https://uwinnipeg.on.worldcat.org/oclc/1004689583
5163,482,bf3053b4-9e5c-4793-99fd-eee46bad60ff,d1c1b4dd-b9f2-4ff9-8cd4-6fa59f1f04dd,https://uwinnipeg.on.worldcat.org/oclc/22271472
5164,1653,b42eb71f-7707-475d-a856-aefd3d81324e,2e83aa61-c333-446b-b18f-3718c4101909,https://uwinnipeg.on.worldcat.org/oclc/44814006
5165,4304,341b04f1-c2ef-41fe-a879-b7694d9cdd9f,0aea0b98-4dff-42e5-a905-79843a831c4f,https://www.imdb.com/title/tt0431643/?ref_=fn_al_tt_1
5167,4305,edc34cf3-ee7a-496a-bdca-b89f8b748504,0626c06a-473d-414a-b4db-02ed63b0d02d,https://www.imdb.com/title/tt0391780/
5168,4306,4942b1b8-a272-466c-bb74-a416b3f7d1c0,5318663d-e9bf-444c-abef-a06cdc394bbd,https://www.imdb.com/title/tt0198324/
5169,4307,c7ff3208-6c62-44cf-949e-aea7f87dbb85,691123ce-3ff7-4e48-992b-6c22d1840f68,https://www.imdb.com/title/tt0193745
5170,4308,90b4b3e4-8e1b-4db2-9cf4-b0fe41a5b9ab,0e299026-6f64-4395-bb87-476421c4432b,https://www.imdb.com/title/tt0051439
5171,4309,82ac0b94-f320-4034-9d4e-4d6e1aee9f9f,22647a50-fc8f-48d0-a9e2-d905cab01eb5,https://www.imdb.com/title/tt0191875
5172,4310,f5fb0d8c-ea33-4e10-9a51-64096d38b4d2,b0d2eaaa-c794-42cb-9974-debb386fc334,https://www.imdb.com/title/tt3234894/
5173,4311,d5aa1617-4aad-4ac0-90ae-5c11010cca72,95228cc4-7a7a-470c-a43f-98f5ed725f15,https://www.imdb.com/title/tt0859727
5174,4312,4dc95e0f-6ef0-49e9-9e2c-17d9f2e40e03,e7d19800-6a5f-4393-9598-546a77cfe863,https://www.imdb.com/title/tt0349523
5175,4313,282c0211-4c14-4c52-a838-45561dddbb38,d63aa39f-81c2-481a-a5a7-56d43003296a,https://www.imdb.com/title/tt5273624
5176,4314,d7e27b60-f7b4-42cb-954b-376a0c1772f8,1a7eb8f5-8422-4035-8213-2b69c624602b,https://www.imdb.com/title/tt6769452
5177,4315,f4986010-c59d-4e1c-b588-d4887190ddb3,256129ed-d930-4253-839a-f94a6b7e729b,https://www.imdb.com/title/tt3454852
5178,4316,304a5640-47da-43ac-8411-4c1d9cfef1a5,f942d474-6b5a-4ac1-b30d-747875eab71e,https://www.imdb.com/title/tt2250164
5179,4317,27e6d759-7297-48c8-81d8-1ef16a718dcc,43c791e0-bf9f-40c7-b3f5-39660b4562b2,https://www.imdb.com/title/tt1470707
5180,4318,0bd40fbd-ffec-4844-abb4-c2dcc298efa6,ac562c2b-d86a-4300-b0ca-1437850f8b8c,https://www.imdb.com/title/tt6466464
5181,4319,b7e4d726-e3cf-43b6-ac8a-bc56f9ec7421,ffa1bf52-2de1-4345-84d5-e53d4a3d560a,https://www.imdb.com/title/tt0078523
5182,1665,258d1501-91f6-487f-bc06-83edbff7404e,f2b1ecfe-bc0d-48aa-8f3f-d6703e2c89a0,https://www.imdb.com/title/tt3065832/
5187,4322,410a67fa-965d-4cae-b2b8-a7e5875306ca,b63f50ee-a376-4690-aeed-01901b903f68,http://www.animator.ru/db/?p=show_film&fid=2445
5189,4324,7b1d1d47-c985-480f-99c6-13bf0fa66107,ba15473a-0f63-4f28-99aa-660827fc04a8,https://www.imdb.com/title/tt0487132
5190,4325,3ac3f533-1221-416d-aedc-30f55b937c95,6c5f7d3a-1602-481e-ad02-4e499f65686d,https://www.imdb.com/title/tt1361319/
5192,4327,4fdea0dd-1633-4619-a08d-3882d0053894,3131dbf5-26fa-4878-880e-b0ba61435423,https://www.imdb.com/title/tt0441644/
5193,4328,46b4935e-8cd0-4647-90d1-64e52eec528b,86c50a32-bcd3-4653-b52c-1ed516bcb919,https://www.imdb.com/title/tt1352377/
5195,4330,28f57730-b156-428f-abf0-096ff4f9bcf1,192fb300-b796-412f-92dc-924eb67e4092,https://www.imdb.com/title/tt3274768
5197,4332,84a22f5b-f79a-4edd-a772-72fa3c0637e2,6f39d758-285b-4557-95e0-d977fff244f9,https://www.imdb.com/title/tt0360987
5198,4333,e03cabbf-a8be-482d-81f8-6beeae06a4b5,142c0910-d347-42a0-af49-926035a6c305,https://www.imdb.com/title/tt0145745
5199,4334,125c1b34-f799-4e68-ad25-b14c20784e21,81f4fbba-0eb6-4797-90e4-76fadf51d00d,https://www.imdb.com/title/tt6167758/
5200,4335,da5d559f-b17e-4596-a1b1-ce48815dfd89,10f10509-1853-4ce9-8841-ceebd23b12aa,https://www.imdb.com/title/tt1346228/
5201,4335,7eea72f0-ac62-4063-a611-67c5c3d73710,10f10509-1853-4ce9-8841-ceebd23b12aa,https://mubi.com/films/three-blue-blue-blue-lakes-of-crimson-colour
5202,4336,5dac8890-579c-47db-8c43-5e0e59ee9547,31e1938e-0f45-4a81-90e8-27738b3bc0f9,https://www.imdb.com/title/tt6344878/
5203,4338,e4c46e6c-a0fb-4624-b2e6-524b51441f76,c76124e2-c62c-4d5e-bb48-4c9e67ad028b,https://www.imdb.com/title/tt6295318/
5204,4344,31e27957-7718-45c5-8d87-ddf20764b54f,a6a48b6a-752e-40d7-bca9-0152fb928cc8,https://www.imdb.com/title/tt0282415
5205,1467,d3882612-7451-4aec-a162-9adbc13b9563,ac0eddbc-6afe-4fb9-bc16-0d5e7d4c44b5,https://uwinnipeg.on.worldcat.org/oclc/820296252
5206,1468,62002e57-87d4-43aa-82f3-0ece3ce7a7ae,399b4f15-ff92-418d-9994-5cee85fea305,https://uwinnipeg.on.worldcat.org/oclc/820296252
5207,1469,c7894382-2b6d-4db1-ac39-356b5e8365ad,bbf341db-3c36-488d-b587-08f1e80c17d3,https://uwinnipeg.on.worldcat.org/oclc/820296252
5208,1470,c31a35f5-76e7-4277-80a2-e326dda63cb8,422affda-8699-4f3f-bafd-6982cc0ebf52,https://uwinnipeg.on.worldcat.org/oclc/820296252
5209,1471,ff694eca-d124-487b-8d16-9282df1e6779,811ad5a8-d4e0-48d9-b10a-5fd361691caf,https://uwinnipeg.on.worldcat.org/oclc/820296252
5210,555,638ad923-c867-4e02-858b-b4b10b593f7c,b078fbfa-bde8-4f08-ba82-c0295ea48f63,https://uwinnipeg.on.worldcat.org/oclc/907681049
5211,1577,e792880d-8fcb-4d80-8a72-48990e11e76c,8c2063ff-ef57-4af9-8432-1d4f4922387f,https://uwinnipeg.on.worldcat.org/oclc/907681049
5212,1583,06739c04-756b-4373-ad6c-4be9fe120c3c,727d053e-d6e6-4ec0-8848-77b352cabf31,https://uwinnipeg.on.worldcat.org/oclc/907681049
5213,756,95f6e927-ba55-4dc2-ad80-6b88f131dd41,b880c25d-3649-43d0-8d08-48fa93be349c,https://uwinnipeg.on.worldcat.org/oclc/907681049
5214,1582,671eeced-a574-43bd-b467-e3d198b7ed8a,6434e028-467c-4969-892f-1b5ec54fb9c6,https://uwinnipeg.on.worldcat.org/oclc/907681049
5215,585,fab8e707-3b02-4ed2-9377-d20896b83e71,281c8436-8a36-4530-8de0-652179b586c4,https://uwinnipeg.on.worldcat.org/oclc/907681049
5216,1581,4ddaa385-6e66-46b2-816c-32bf689dfb21,50e09f48-a518-44e1-bdef-640e3c817cd8,https://uwinnipeg.on.worldcat.org/oclc/907681049
5217,967,7af60aa9-1185-400f-bc8c-38c96fb4920d,32bd34d9-8821-44c2-8e31-11d9e067cc52,https://uwinnipeg.on.worldcat.org/oclc/907681049
5218,1207,40c441a9-a2ac-44fd-8bac-fa9ef0746903,ce2d8684-1d44-40c7-a38c-c40d91760f57,https://uwinnipeg.on.worldcat.org/oclc/907681049
5219,3721,3eee4683-4033-4134-b9ac-4ce0c01c9ec2,a7f3232b-c522-4711-b22e-c3c20ac839a3,https://www.imdb.com/title/tt0251813/
5220,3721,b71029e0-b316-41d4-ba09-305067afcc83,a7f3232b-c522-4711-b22e-c3c20ac839a3,https://uwinnipeg.on.worldcat.org/oclc/907681049
5221,1805,f04376e4-109f-4574-8806-b263293c1de2,383adb6a-31a1-40a0-b336-5f7de5e73084,https://uwinnipeg.on.worldcat.org/oclc/907681049
5222,1579,2f245581-dd24-4379-8eb0-c9c93595b95a,6c65bdfe-c705-4a49-8ac7-1fbbe6a757bb,https://uwinnipeg.on.worldcat.org/oclc/907681049
5223,1578,e27981ce-f615-4dd0-93d2-314fccbc8f53,46b4406a-8ce0-4369-9c95-d255ac9f4c64,https://uwinnipeg.on.worldcat.org/oclc/907681049
5224,1580,5e4359ab-95cb-4077-8108-20250bd56b85,58b0e57f-8be5-44d2-b85e-dd0daf93be99,https://uwinnipeg.on.worldcat.org/oclc/907681049
5225,908,f406739c-e16d-4cef-9fd7-fcae0afaeafb,5c818449-bbc8-42ea-820b-e847c7b73e93,https://uwinnipeg.on.worldcat.org/oclc/907681049
5226,908,cc097aa3-6a5b-4b15-9a6d-fbc17ec424ca,5c818449-bbc8-42ea-820b-e847c7b73e93,https://www.imdb.com/title/tt0248062/
5227,945,6bfbddeb-3917-4d4f-b05a-a3922b8e2932,957f908c-12a7-4b8b-a099-9926455bdea1,https://uwinnipeg.on.worldcat.org/oclc/907681049
5228,3461,8f188ab8-dbe0-4920-891e-3e16daf39f9a,c57e946f-1617-49b2-a47f-cc738636f165,https://uwinnipeg.on.worldcat.org/oclc/907681049
5229,1584,71a30824-becb-4254-a028-8cd7a502eb81,6f928e7c-8c05-49b7-86e2-ab28e6780269,https://uwinnipeg.on.worldcat.org/oclc/907681049
5230,1511,2c425ba8-0479-4951-8535-b316c4b32696,47e5a187-598a-4d65-b5ec-7aa771a38f87,https://uwinnipeg.on.worldcat.org/oclc/58481541
5231,1512,26d3e399-29ae-45d8-8eaf-97139255654b,10730b62-1e47-4b30-a6a5-5fa7a01b07c3,https://uwinnipeg.on.worldcat.org/oclc/58481541
5232,1572,112d337b-09c2-4ee1-bebc-d49110ef9f84,7cd7cc75-c830-4101-bea0-1aad429afbc3,https://uwinnipeg.on.worldcat.org/oclc/644832912
5233,661,ed7673b1-9ecd-4ade-ab1a-38a29bdc914e,1e58b526-53ad-494d-b741-c2c789899b7d,https://uwinnipeg.on.worldcat.org/oclc/173134412
5234,769,caaa3d06-80ae-4722-a022-1e99b49b15e6,5d19d54d-3519-42d2-b2ad-22135c90da47,https://uwinnipeg.on.worldcat.org/oclc/907062873
5235,715,30578b2b-aa3d-4788-ae36-535f1f35a0a6,55b27b1b-aa7e-43d8-906e-86e005fc1a59,https://uwinnipeg.on.worldcat.org/oclc/1012730374
5236,3745,bf8a3bb2-48e0-4441-be1f-79006931c163,ebdaeeac-8cc6-49ea-956d-7740d7791496,https://uwinnipeg.on.worldcat.org/oclc/808002842
5237,3746,a0612f70-2953-43fb-bb7a-3a186bb63747,9f447ffa-9f61-4c3e-beb5-052a7a9ff109,https://uwinnipeg.on.worldcat.org/oclc/808002842
5238,165,df93450d-1787-48b1-885a-d460510c82ad,05c6f3eb-18cb-4bb2-84a7-1e4984ce32f0,https://uwinnipeg.on.worldcat.org/oclc/808002842
5239,3692,47cd2724-cfff-417e-a0fb-e366371a2a46,0eb473cd-298a-4960-b92f-e91826722588,https://uwinnipeg.on.worldcat.org/oclc/57389097
5240,1237,a43327b2-68c3-461c-8ec6-675537914666,7d937f91-3330-4a1e-80dd-ec5571d14bd8,https://uwinnipeg.on.worldcat.org/oclc/1022790829
5241,1590,39600de3-c885-42ca-94ad-9801b593110f,3ad9bf45-3f36-4d96-81c4-c313ee2bfb37,https://uwinnipeg.on.worldcat.org/oclc/71643860
5242,1591,32b394d8-0c0a-46d3-83ef-24ba2d717ef0,369dbafb-e1b1-475f-bec9-3581e924a8f7,https://uwinnipeg.on.worldcat.org/oclc/71643860
5243,1592,130ba928-fcc4-4e1a-b308-871d161d3e07,f74cda7f-8410-437e-ae94-8c64ad5e237b,https://uwinnipeg.on.worldcat.org/oclc/71643860
5244,1594,c970a5bb-d428-4f46-aff2-e7f7787aeedd,cfb159c4-2ca8-44dc-8e46-9183b9c1d4f6,https://uwinnipeg.on.worldcat.org/oclc/71643860
5245,1595,6526cb82-00eb-4f81-ba4c-0316af2c946d,fd113fac-1a55-4c4b-a08f-d7499b277e27,https://uwinnipeg.on.worldcat.org/oclc/71643860
5246,1596,f0191357-6d94-4aa4-99ea-93595be1f15d,7a6fcf16-6b1e-4778-99f4-c0ba53a4b587,https://uwinnipeg.on.worldcat.org/oclc/71643860
5247,1599,ad818d12-ef37-4b1b-8197-a5555ee9b9d8,7e48ebb9-e833-4ff2-b5c8-7b70f582b387,https://uwinnipeg.on.worldcat.org/oclc/61182983
5248,1598,e7bb3ddb-83b4-4e4b-984a-232a3a4eb5bf,10122ab1-5377-477a-89f7-bf84d6f01f2b,https://uwinnipeg.on.worldcat.org/oclc/61182983
5249,1601,a1212bdd-3169-412f-8ae2-3f6411ea9052,a3caf4ea-42b2-4b8b-83a2-6501e39a97f8,https://uwinnipeg.on.worldcat.org/oclc/61182983
5250,1600,e738a267-7b8d-444d-985c-ca2aaea6511e,f8caf88a-5f3e-4356-8768-8f23c5c867c8,https://uwinnipeg.on.worldcat.org/oclc/61182983
5251,1602,0cc994dc-0299-45e0-8063-ef2b4c77b8e9,26dd60a5-d181-4675-a80f-df230783b4c6,https://uwinnipeg.on.worldcat.org/oclc/61182983
5252,1597,5cd2f14d-4bff-4838-bdd0-b69ba11c2974,0ccefa12-8947-4896-9e17-52d8251fb98c,https://uwinnipeg.on.worldcat.org/oclc/61182983
5253,1603,6d4089ac-43be-43db-92b1-71872a836f9d,eeca5462-3487-4af1-9e10-5dc6abd6b846,https://uwinnipeg.on.worldcat.org/oclc/61182983
5254,1604,a6d28881-83d0-43ac-9776-b8a3349b4c28,afcd3518-fa0e-4527-adc5-11b711f117bf,https://uwinnipeg.on.worldcat.org/oclc/61182983
5255,1605,20814610-d5d4-4c05-b0b9-3223103a39b0,3e29d912-40b4-436e-9e2f-68950ea20ab3,https://uwinnipeg.on.worldcat.org/oclc/61182983
5256,1606,671f5200-79f1-4739-b766-ab7e5a8822e1,3f0535a0-c6a8-4dc8-bcd3-658f776d260b,https://uwinnipeg.on.worldcat.org/oclc/61182983
5257,1607,ec1727df-0b60-4b5e-b41d-9d6161ba58bc,77d78c89-3119-4220-be0e-e7b73f4fb875,https://uwinnipeg.on.worldcat.org/oclc/61182983
5258,1608,adf9f791-cc02-460b-b59d-fe93e713cd45,f1cb131c-163c-41f7-a681-3bd7591e8b67,https://uwinnipeg.on.worldcat.org/oclc/61182983
5259,1609,c8d2ecae-43d7-4b6e-9034-c56f39ab3c21,1962f818-9d0b-4320-901d-85c1a5cbfa52,https://uwinnipeg.on.worldcat.org/oclc/61182983
5260,1609,52a7dfbd-af1c-4c58-abc0-9d6c0dc7fa21,1962f818-9d0b-4320-901d-85c1a5cbfa52,https://uwinnipeg.on.worldcat.org/oclc/61182983
5261,3756,519d038d-a175-4fdd-ae51-4af372315ea9,4b072afa-5c81-4297-8d93-99c2ac8f14d0,https://uwinnipeg.on.worldcat.org/oclc/51113105
5262,3757,088bb94d-83cc-4b29-a38e-a2ea473e4302,ab451ec0-95aa-4255-a68b-7f4f230b8933,https://uwinnipeg.on.worldcat.org/oclc/51113105
5263,3758,d58aad49-eb13-4cc6-b247-b4c03f9bb95d,0ed2c5b8-1cc7-4873-895d-0e1fdfd3a263,https://uwinnipeg.on.worldcat.org/oclc/51113105
5264,1753,153a766c-9abc-4fd8-a7ca-c316aac1cf82,b80d4f7d-e36a-4553-bacd-30866e2a189e,https://uwinnipeg.on.worldcat.org/oclc/53897502
5265,573,2ca85959-2208-4f55-887a-a071b7f8023d,f2c4471b-524f-40b6-9552-a4bdb34db00d,https://uwinnipeg.on.worldcat.org/oclc/823721954
5266,147,4be68d7c-374d-445b-ad70-caba50a591e1,2dd2f9fd-c7dd-4a77-b33b-a394f11076d4,https://uwinnipeg.on.worldcat.org/oclc/823721954
5267,1235,8bb93120-6640-47b1-8909-afaedc415e28,49563456-5140-4f26-820f-109c3ed7f66f,https://uwinnipeg.on.worldcat.org/oclc/823721954
5268,1944,769e85a4-10a4-4a0a-adc3-723399a5fa8e,0f93434a-3733-4ad6-b191-c74360b635f3,https://uwinnipeg.on.worldcat.org/oclc/58397388
5269,1251,03210396-d34b-4500-82d7-561b940cc713,495636cb-b997-47a5-a998-49fb77bf2bfb,https://uwinnipeg.on.worldcat.org/oclc/58397388
5270,1213,ae55c3e5-3051-4673-b2cf-178b27ca8d1d,df3b78a8-64c8-4e36-a799-4674dd585826,https://uwinnipeg.on.worldcat.org/oclc/58397388
5271,1544,bd78ea24-b2d7-4c6a-997e-b557753f6719,0026a741-a1b7-4399-b519-e6d0a9929149,https://uwinnipeg.on.worldcat.org/oclc/58397388
5272,1545,4cb4a895-9178-4193-834b-6d5147ffc681,4f4f2117-b52e-4df4-b202-9fe4739f8c0f,https://uwinnipeg.on.worldcat.org/oclc/58397388
5273,898,56bfee4c-6acd-418e-acb6-1b099269005a,cf71bd00-69af-416d-9ee4-7fc799958638,https://uwinnipeg.on.worldcat.org/oclc/939851608
5274,3989,addbb66d-ed98-4816-85b3-b5bffd8de658,529ddd6f-cf33-4173-a96f-12cab728a249,https://uwinnipeg.on.worldcat.org/oclc/862983658
5275,4347,839a7152-ae35-400a-8a22-314c5d2f97d7,8fb1ace4-4e01-4559-a063-431b948683da,https://www.imdb.com/title/tt0089265
5276,4347,9d397447-28f0-4aec-9fed-d9b6e9d1a63c,8fb1ace4-4e01-4559-a063-431b948683da,https://uwinnipeg.on.worldcat.org/oclc/232330332
5277,3840,cff43410-94c3-4e28-9a3b-c76e7af81a75,2a490ecf-abda-4cf5-80c2-2e49b1cd24fb,https://uwinnipeg.on.worldcat.org/oclc/175298816
5278,3862,e6b8cdd4-70d7-4e5b-a7bc-b0eb45f51767,60bec709-a18c-446b-9990-53a017c09005,https://uwinnipeg.on.worldcat.org/oclc/229136855
5279,1661,0380eb43-7001-4b6d-b11b-8b946c33299f,be94918d-bbfb-49a8-8fbc-7333ed933652,https://uwinnipeg.on.worldcat.org/oclc/229136855
5280,1662,b5dfd25c-ab17-4f3f-8c6b-924f56a2c0c4,024302af-64b8-4dde-a7bb-1d10d679d73c,https://uwinnipeg.on.worldcat.org/oclc/229136855
5281,3863,e6e76974-3f93-4330-9607-f7830946f4c4,23b64e80-2cbc-4f3a-ac13-b100e6251d55,https://uwinnipeg.on.worldcat.org/oclc/229136855
5282,3879,ac1a3c38-24ff-471a-a1ca-dcadbc38fa6e,490ea819-1cc1-42b6-b41f-2a3f7dc92877,https://uwinnipeg.on.worldcat.org/oclc/744496098
5283,3877,8878f85b-0953-412b-89e1-0efab03e04fe,307d2b5e-cd4c-4b39-aa33-e84f8494be04,https://uwinnipeg.on.worldcat.org/oclc/744496098
5285,4348,96050d86-d204-4872-9c44-c0108293c551,acc27ac3-0e40-47b9-abad-b65eb1aaaeef,https://www.imdb.com/title/tt1315335
5286,4348,62edd29a-681b-4280-910e-1ecca0847ebc,acc27ac3-0e40-47b9-abad-b65eb1aaaeef,https://uwinnipeg.on.worldcat.org/oclc/948203197
5287,607,b9c7cfe5-48d5-450d-b6d1-f04dee275062,a9fc69af-b2e3-4f99-a3b3-7910d3fef09e,https://uwinnipeg.on.worldcat.org/oclc/79011153
5288,3961,0417037e-7008-4367-b4d3-62efd608d919,cf2394b1-069e-4e7e-bf61-e041eb307707,https://www.imdb.com/title/tt0041164/
5289,3961,660fdabc-bd2a-4179-a57a-449a0c1a8e3d,cf2394b1-069e-4e7e-bf61-e041eb307707,https://uwinnipeg.on.worldcat.org/oclc/607348820
5290,1838,7aa52b00-6cec-49e7-8d9a-047d7516d196,e9297788-dea1-4cc8-b257-94106ca06712,https://uwinnipeg.on.worldcat.org/oclc/607348820
5291,1838,c689e1b0-9a98-4afc-b620-3dcd5fd7821e,e9297788-dea1-4cc8-b257-94106ca06712,https://www.bcdb.com/cartoon-story/583-Goo_Goo_Goliath.html
5292,1838,c52778da-ab03-4401-bd8d-cfe5f59efc51,e9297788-dea1-4cc8-b257-94106ca06712,https://web.archive.org/web/20110820064109/http://looneyviews.100megsfree4.com/reviews/5423.htm
5293,1309,75bc61bd-5bb5-4516-8f8e-1b4c2f36c929,9cc75eb1-cbd0-45b4-aeb8-4191753a2324,https://uwinnipeg.on.worldcat.org/oclc/220955692
5294,1312,a71b546a-c60f-4e31-893e-4bcbdef6716f,04a383c0-0828-477b-b337-d912d98b3fbe,https://uwinnipeg.on.worldcat.org/oclc/220955692
5295,1257,70c2323f-3830-466a-a984-281e062653a7,6c240d5f-c353-4017-8bd6-ca2c294e3dd8,https://uwinnipeg.on.worldcat.org/oclc/220955692
5296,1313,d557f317-5d1f-4baa-9a6c-24c681c732c3,1ebe74ac-f717-4413-91d0-1fbdfe567ea5,https://uwinnipeg.on.worldcat.org/oclc/220955692
5297,268,39065559-1d5c-49e0-8589-90a4ce1ef9c2,9fa7719a-3fac-4d4d-a597-8edfb1e34150,https://uwinnipeg.on.worldcat.org/oclc/862294261
5298,1611,236d1288-249f-4241-9f2c-07b52b799ace,01242a37-ff03-4e17-b19b-3592065014d3,https://uwinnipeg.on.worldcat.org/oclc/862294261
5299,1610,305842ad-2e16-4d4b-bdb6-5c79be1d6106,065c12c0-2004-474e-bda6-0a48985d9255,https://uwinnipeg.on.worldcat.org/oclc/862294261
5300,814,83e0a665-8ef6-420e-91e4-749fdea845fb,8954870f-b963-4391-8b54-4009d9b0142b,https://uwinnipeg.on.worldcat.org/oclc/67133696
5301,811,c76561a6-2eac-4c87-b365-151e458a1f73,56524d4c-ca7c-45ff-99bb-6f9be38154d2,https://uwinnipeg.on.worldcat.org/oclc/67133696
5302,812,cf857c8a-443b-4665-a78e-abafe87ba7bf,0e9b8b69-26e7-41fd-8c48-dca12fbcffde,https://uwinnipeg.on.worldcat.org/oclc/67133696
5303,813,a50ff3a9-99cb-4d7f-b71d-3f05cffd7475,e712526d-b2e9-4bc5-b673-76541c455358,https://uwinnipeg.on.worldcat.org/oclc/67133696
5304,1670,9c8155ee-ac2a-4bab-99fa-235e919b70a0,30d860ef-4698-4b3e-96e0-ca4bae7c223c,https://uwinnipeg.on.worldcat.org/oclc/429046579
5305,1668,f3a86ff4-63c4-4c00-a6be-f6f5e3de950d,91503ae8-fcb4-4f16-84ea-1d1067281c29,https://uwinnipeg.on.worldcat.org/oclc/429046579
5306,130,9a5d8a6f-b344-44dc-ad25-023da87f9b5e,dcdcccbe-b522-45ca-b13a-a5e518d29e3c,https://uwinnipeg.on.worldcat.org/oclc/191900602
5307,797,61f3e165-073f-41e4-a0db-bcd9188f8465,d0a0d169-b6a7-46c3-9a53-980f66385909,https://uwinnipeg.on.worldcat.org/oclc/191900632
5308,1319,b08e3b68-a02c-4e23-bdf0-ac0ddfbdec4c,469304d5-0b43-4cbf-83c8-f6b5de7c7e0d,https://uwinnipeg.on.worldcat.org/oclc/191900632
5309,80,9b757809-8cb0-43b4-b031-d7192ddf70ca,5a0dad8d-f215-443d-8ea5-6aab85f643c4,https://uwinnipeg.on.worldcat.org/oclc/191900632
5310,559,07c5a2a2-fdb2-4c42-a766-7047b1422a52,d6bc03e6-26d0-4a3b-8ff0-8b8409d96229,https://uwinnipeg.on.worldcat.org/oclc/706807849
5311,1916,918dca3d-4702-4f19-99f8-fd8eee003f8a,3427572b-b5f1-43c8-a2b3-ceecea370f3d,https://uwinnipeg.on.worldcat.org/oclc/971359048
5312,110,d10eb633-d090-45ba-b52c-de1102c7fe96,aab7a5f0-954a-437c-9c5f-8df1ebfdeef2,https://uwinnipeg.on.worldcat.org/oclc/971359048
5313,79,51a6b08e-580a-40d5-9cfc-b15ce6d47c8b,1e6c8b86-621a-4197-85db-a4147449cd38,https://uwinnipeg.on.worldcat.org/oclc/971359048
5314,79,d092e4e4-7bec-4554-8295-142eb4e34df0,1e6c8b86-621a-4197-85db-a4147449cd38,https://www.imdb.com/title/tt0025126
5315,78,a707e26b-2f7e-4345-a9cf-42a6104259de,c2a29565-e4ba-4c49-af42-a471467cb5e2,https://uwinnipeg.on.worldcat.org/oclc/971359048
5316,78,b436ac07-2c2c-47ff-8044-352f5b97c62d,c2a29565-e4ba-4c49-af42-a471467cb5e2,https://www.imdb.com/title/tt0026423
5317,111,f791692d-7f66-4b2d-80c7-094948c1679b,1eacf8d8-a679-472e-b7dd-d3169264d9f8,https://uwinnipeg.on.worldcat.org/oclc/971359048
5321,109,f43ca1ef-5d76-400b-be17-1e9ce5a4ac7b,1b205ab5-0f2e-4f41-9955-def8f24211ef,https://uwinnipeg.on.worldcat.org/oclc/971359048
5323,75,c1934a2f-cf49-4f0c-9e8f-cef188c53012,16c7f062-5ecb-40bd-833d-dd7b9b872ff4,https://www.imdb.com/title/tt0032071
5324,108,6d69784a-6cbe-493f-a204-fff430545931,f5e69d4c-2127-41a7-b760-4a08d0193285,https://uwinnipeg.on.worldcat.org/oclc/1057851597
5326,103,df42fca3-975d-4338-9ab2-0267066dcab0,f8621fbe-1146-4361-ae24-4063276d6f42,https://uwinnipeg.on.worldcat.org/oclc/255619680
5327,105,cb3a6410-e70a-480f-984b-2a880f4b8d03,edcc96c4-b515-442b-bacf-432345a90db4,https://uwinnipeg.on.worldcat.org/oclc/255619680
5328,107,d289c6fa-89ee-480c-b6f8-3c07ff13ebe8,2cf2aea1-00b5-43cc-9e72-f977ec3e02d3,https://uwinnipeg.on.worldcat.org/oclc/255619680
5329,111,d98391b4-8be7-4847-9b8f-081d169e6d8c,1eacf8d8-a679-472e-b7dd-d3169264d9f8,https://uwinnipeg.on.worldcat.org/oclc/957272069
5330,4208,1e070dd6-271b-49fd-a19d-f42814cb49bd,cbf9a004-bf71-40cb-b734-d85c5cbd338e,https://uwinnipeg.on.worldcat.org/oclc/971359048
5331,1905,17f3bc88-1404-43c0-a021-0308ed204bc4,8e15a7cb-ef7a-4edf-95ca-6ae9495d0554,https://uwinnipeg.on.worldcat.org/oclc/957272069
5332,1905,186f18d1-52fc-4306-847d-84c98d605641,8e15a7cb-ef7a-4edf-95ca-6ae9495d0554,https://uwinnipeg.on.worldcat.org/oclc/971359048
5333,82,343e90be-36ac-4915-a459-821640736259,2535f226-82c2-4645-8447-5bcf061bd0d9,https://uwinnipeg.on.worldcat.org/oclc/957272069
5341,75,cd59a83a-f6e3-4903-ab1c-e450c3b4abac,16c7f062-5ecb-40bd-833d-dd7b9b872ff4,https://uwinnipeg.on.worldcat.org/oclc/780546027
5342,80,96d09637-8992-46a8-9d65-45cc43cb095e,5a0dad8d-f215-443d-8ea5-6aab85f643c4,https://uwinnipeg.on.worldcat.org/oclc/988466693
5343,77,74d4013e-a1ba-4c47-84fb-efac7a8e0bf2,f2a1e531-d4a5-42ea-b02e-aee90bd6871c,https://uwinnipeg.on.worldcat.org/oclc/988466693
5345,1907,e9772092-c27f-461d-922b-33cd144ffab7,c25223e1-7d16-4528-a596-0e9ddec6d86b,https://uwinnipeg.on.worldcat.org/oclc/988466693
5346,1246,09483d89-28a5-4e22-8104-33061fd62af3,49946a7a-31d7-4430-9172-1e8c79f051a0,https://uwinnipeg.on.worldcat.org/oclc/908542800
5347,1735,106db821-b8a5-4139-9b8f-e8034ef5939a,acaa7f87-5efe-4b4c-a8ea-acb42e5aa193,https://uwinnipeg.on.worldcat.org/oclc/908542800
5348,1623,5be8e4d7-a839-4a65-b796-aced1eb16d80,a31aed34-33b7-40c2-8bce-9846f88c7081,https://uwinnipeg.on.worldcat.org/oclc/908542800
5349,1051,45e1d7b8-73a5-4b54-a4f8-d76925c02596,65114889-fcf6-409e-ab8b-46b35d8182f6,https://uwinnipeg.on.worldcat.org/oclc/815929578
5350,1436,d0c508ce-443a-4195-9385-1ba7de2732fc,57bed895-1e20-4d4b-9689-af761f65556c,https://uwinnipeg.on.worldcat.org/oclc/815929578
5351,4348,b4338722-7fd7-4b47-9995-2bfb060cf45e,acc27ac3-0e40-47b9-abad-b65eb1aaaeef,https://uwinnipeg.on.worldcat.org/oclc/68967938
5352,1350,7334fd1d-e9d8-4d58-897d-2313d935f757,9749c9d8-1968-42cf-924b-ea1a898c0c97,https://uwinnipeg.on.worldcat.org/oclc/62072944
5353,1351,3b0807e6-9fed-44da-b95c-4f998a917d99,ffbbda3b-7501-4c93-a43e-9946b0b5d814,https://uwinnipeg.on.worldcat.org/oclc/62072944
5354,1352,da233c4c-6b54-4f89-bc8c-172b4502aa6c,e1aaf527-2e1e-4052-919c-f8c0f8bd0acd,https://uwinnipeg.on.worldcat.org/oclc/62072944
5355,670,0881c8b1-fb61-4ba4-8a50-fed2bcc2b1b6,f557f2a2-01b8-4ac5-9da9-69d614ada601,https://www.imdb.com/title/tt3124392
5356,670,decaabb8-cd3c-44d1-b5b0-cbf3d868c72e,f557f2a2-01b8-4ac5-9da9-69d614ada601,https://uwinnipeg.on.worldcat.org/oclc/62072944
5357,1353,fd82b7fc-3a92-433c-bdbd-e87a400c70dc,d8503bb6-fafd-4fd5-ace8-4f72a25ab3c4,https://uwinnipeg.on.worldcat.org/oclc/62072944
5358,1354,6fa6b9c1-e61b-441b-990a-c61fdac6da19,d934dee0-54a9-4834-a26d-0bca00ccf9e9,https://uwinnipeg.on.worldcat.org/oclc/62072944
5359,1355,887fabda-bd17-4d9b-a7d4-1e478a4b4beb,18fc1058-1dfc-412b-ac69-b25ddb56972d,https://uwinnipeg.on.worldcat.org/oclc/62072944
5360,1356,673c65af-4cbc-40f7-8a16-c170b7957f11,1257c5f8-4cbb-4f1b-a4ef-6c20d1d2ec13,https://uwinnipeg.on.worldcat.org/oclc/62072944
5361,1357,b82bd40f-877e-40cd-bcbe-efcc237f7861,52f60578-2aef-4539-b61f-72b5008bd1ef,https://uwinnipeg.on.worldcat.org/oclc/62072944
5362,671,4fb6a2fa-7583-4b63-8952-84dc86c442bb,073c4203-246d-4325-8695-e5e9fd292d02,https://uwinnipeg.on.worldcat.org/oclc/62072944
5363,1358,d9d05d39-5a43-427b-9c94-d61a63c4077a,8b292203-f7e4-4ccb-a86b-3da46b89f545,https://uwinnipeg.on.worldcat.org/oclc/62072944
5364,1359,b6124346-d274-4a57-9fa7-1e5d1706699f,598e2a5a-bcf6-416a-a30f-44d594af5d84,https://uwinnipeg.on.worldcat.org/oclc/62072944
5365,759,0a92ed53-002d-469a-b86c-2b7c3a024f11,6af5134a-5916-4201-8224-f939bb659ae7,https://uwinnipeg.on.worldcat.org/oclc/62072944
5366,1049,60ff0243-fa36-4ba0-8e79-f92fab3a8dc0,fc749f32-9cc9-4814-8bf7-eb0a9793fe8b,https://uwinnipeg.on.worldcat.org/oclc/62072944
5367,1049,8709e8ca-c4ba-481f-b141-51179661a51f,fc749f32-9cc9-4814-8bf7-eb0a9793fe8b,https://www.imdb.com/title/tt3124396/
5368,1360,ecf50d02-b1ff-4855-87e1-d15eb28d53c8,3482ee30-83cf-41ed-b28f-e2b67898df56,https://uwinnipeg.on.worldcat.org/oclc/62072944
5369,130,f413f653-9cc5-4864-83a3-8fae556d43d7,dcdcccbe-b522-45ca-b13a-a5e518d29e3c,https://uwinnipeg.on.worldcat.org/oclc/61431425
5370,131,a7c232a9-f1f5-4eaf-9f6d-e4e366602d5b,3310dba9-0b8d-4eae-b2e1-0fe88d9d5784,https://uwinnipeg.on.worldcat.org/oclc/61431425
5371,130,7e96c530-9389-4d6f-be39-c4b0f9b4f23b,dcdcccbe-b522-45ca-b13a-a5e518d29e3c,https://uwinnipeg.on.worldcat.org/oclc/608130413
5372,128,bcb587ec-873d-4d22-b399-c34fe78711e5,da90f861-4998-4176-ab9d-af1ae594fd9d,https://uwinnipeg.on.worldcat.org/oclc/608130413
5373,128,c4d3358e-2552-43ca-8b65-00a189e1cbc1,da90f861-4998-4176-ab9d-af1ae594fd9d,https://uwinnipeg.on.worldcat.org/oclc/608130413
5374,129,a266f1f8-2340-4c61-adcd-9b89fcdd6968,ec51f779-35d2-4d40-8324-41a9faa146c7,https://uwinnipeg.on.worldcat.org/oclc/608130413
5375,132,222f518d-979f-4749-b38c-f0a4860617b5,ccb4e47d-2c00-4a5f-8689-83cf7b349d3b,https://uwinnipeg.on.worldcat.org/oclc/234908510
5376,129,36b1c83a-2a22-4de6-be91-83554871930e,ec51f779-35d2-4d40-8324-41a9faa146c7,https://uwinnipeg.on.worldcat.org/oclc/234908510
5377,1490,72923cd9-de20-4d3f-bbcf-969dcd208181,ac584846-de2f-4283-b821-8228f5c4a912,https://uwinnipeg.on.worldcat.org/oclc/234908510
5378,128,4a9e75a5-9560-401b-96f7-760da696fdde,da90f861-4998-4176-ab9d-af1ae594fd9d,https://uwinnipeg.on.worldcat.org/oclc/234908510
5380,1493,1c60c837-cb4f-406a-adde-ce47517f7799,a240105d-4634-438b-8713-49cb254144c7,https://uwinnipeg.on.worldcat.org/oclc/375363202
5382,132,3592a2bc-d1d0-4655-b5fb-c517d8fcf0ea,ccb4e47d-2c00-4a5f-8689-83cf7b349d3b,https://uwinnipeg.on.worldcat.org/oclc/375363202
5383,129,7b351b15-bd9c-4538-bb9a-2342175af069,ec51f779-35d2-4d40-8324-41a9faa146c7,https://uwinnipeg.on.worldcat.org/oclc/375363202
5386,142,8471681b-7339-40b3-be49-3a1d5c5c37dd,22bdb454-c091-462e-8710-8f6c0d0d788a,https://uwinnipeg.on.worldcat.org/oclc/1004689581
5387,139,febf2ca0-c77a-49ed-917a-898ba25aed46,cc47a4ea-f7b3-46d4-9482-ec5ec3d03f04,https://uwinnipeg.on.worldcat.org/oclc/1004689581
5388,139,25c289ca-2e5c-4936-b4fa-552048262aff,cc47a4ea-f7b3-46d4-9482-ec5ec3d03f04,https://uwinnipeg.on.worldcat.org/oclc/1004689581
5389,139,9bcba2e0-1d0a-4ab6-806f-ef1e1d05f79b,cc47a4ea-f7b3-46d4-9482-ec5ec3d03f04,https://uwinnipeg.on.worldcat.org/oclc/1004689581
5390,141,4b6f55d1-b86e-4463-9141-d76a08bf41ef,2251bf2e-1094-4fc4-ab13-c5e3e799c156,https://uwinnipeg.on.worldcat.org/oclc/1004689581
5391,137,e124e2a0-f9d6-4775-ad27-12ec48d4664d,f9b170a7-a0c9-4490-90e4-c698a0627708,https://uwinnipeg.on.worldcat.org/oclc/1004689581
5392,134,51242708-2584-466a-a2d0-e4e05ffcb5e5,d3431df4-d7e2-448c-980c-6cdba5b93986,https://uwinnipeg.on.worldcat.org/oclc/1004689581
5393,135,ea9ac956-1bcf-4d9d-a614-8866e1c8b775,f0712f08-fd4e-4124-aa9c-3df6f3a2a62f,https://uwinnipeg.on.worldcat.org/oclc/1004689581
5394,136,2a6182a7-10df-4043-bd2b-fbfef06d87f6,3bea700f-092b-4c58-8f2d-df5a433252df,https://uwinnipeg.on.worldcat.org/oclc/1004689581
5395,1548,79046619-bd09-4d1b-8061-8e9b153ca453,4ba67088-b81c-4f7a-b50a-d92feac13eb6,https://uwinnipeg.on.worldcat.org/oclc/1004689581
5396,1549,f9479f20-2822-4f08-b6e5-031aef3fb65b,927217b1-8008-499a-ad36-c4d8aee6635b,https://uwinnipeg.on.worldcat.org/oclc/1004689581
5397,143,569d67fd-c615-4cc4-a013-4b6bd2a7875f,f6356eb9-9a5f-44e1-ad27-d82642ac0418,https://uwinnipeg.on.worldcat.org/oclc/1004689581
5398,1547,9f2a7e73-fec1-476e-8e2d-86b8524e039a,030c859d-243e-4fc7-a2b6-6b2cb9ef8bb2,https://uwinnipeg.on.worldcat.org/oclc/1004689581
5399,140,5eef05ba-f33f-43ea-928f-388ce64cd950,e5680c4c-eff6-457d-9fd5-3e6784642bdb,https://uwinnipeg.on.worldcat.org/oclc/1004689581
5400,213,7c2e540e-4482-4a6a-9c47-7062f952dc91,87576e47-187b-4ac9-bbca-25da16352ffd,https://uwinnipeg.on.worldcat.org/oclc/45272417
5401,799,d8d6acf2-314a-4e32-a40e-4476b900a1b3,940240cc-970f-42a9-87a5-307a0a38956e,https://uwinnipeg.on.worldcat.org/oclc/45272417
5402,676,6944120f-9fb6-42f4-9579-d72c3ad6217c,d0f970f8-087d-4880-acd8-d3b3134102a7,https://uwinnipeg.on.worldcat.org/oclc/232324944
5403,1443,c92c4e96-865c-4bb4-a59c-8a640c15f022,ac1a957e-df4b-4bd5-8900-613913a313c0,https://uwinnipeg.on.worldcat.org/oclc/232324944
5404,796,bb84fc46-cbe6-4902-b21e-b5caab09b7e8,708462fa-b132-4ed0-b8d3-af4562179332,https://uwinnipeg.on.worldcat.org/oclc/232324944
5405,1440,29c7d25d-3d2d-4b18-ade0-af060ff7e5dc,818e0159-a71f-4ede-9d17-d5e31fb9d5e6,https://uwinnipeg.on.worldcat.org/oclc/232324944
5406,1244,42136d9c-391a-4439-8bc6-c3028d57ecff,64ebc8b3-8841-4af1-8a69-ce6225de55a6,https://uwinnipeg.on.worldcat.org/oclc/232324944
5407,1256,e95d1e1e-75d7-4552-ac2c-5c1729364406,e39e43c1-2e8d-417e-93ed-682558314e7b,https://uwinnipeg.on.worldcat.org/oclc/232324944
5408,1242,9e87940a-ec81-4bf1-b458-7c62af730bd5,103be510-4a42-4e31-bd66-9455a359d237,https://uwinnipeg.on.worldcat.org/oclc/232324944
5409,1253,39a99c35-5c49-44a1-97c8-81239ba52266,60e8ba7b-4a39-493e-8c0b-83853b07aa57,https://uwinnipeg.on.worldcat.org/oclc/232324944
5410,1832,c7434561-4fa3-4480-9ce9-a15b18717832,9b5c9713-5bd2-44a9-b53f-430aaa46a477,https://uwinnipeg.on.worldcat.org/oclc/232324944
5411,1834,19b9f576-ac57-4d69-8ea2-ff2f1de3b48e,992683fb-5968-408c-a367-aee82177639c,https://uwinnipeg.on.worldcat.org/oclc/232324944
5413,1243,45797ebd-669c-45a4-ae5e-fc1e89deec66,4f71242f-4cd0-45c8-a5d3-aeb60dc0f9a7,https://uwinnipeg.on.worldcat.org/oclc/232324944
5414,1045,99278614-c9d6-430a-9d99-9615bab2699f,c9f72b29-26ff-4a15-b77f-b48d2f4d0f90,https://uwinnipeg.on.worldcat.org/oclc/232324944
5415,1767,c51825a6-10ca-4e16-9a71-2c576860ccc8,f6c135c6-12a9-4c5d-b0e2-8b8207e9a4d7,https://uwinnipeg.on.worldcat.org/oclc/232324944
5416,1442,31e918a5-9140-4246-b2e8-3ef1084ebc0d,ff7e8369-d7c2-4ce2-b5cc-f36832d3657f,https://uwinnipeg.on.worldcat.org/oclc/232324944
5417,423,7bfd725c-ff4b-48d4-b000-e3edff15bede,c06db73f-d6c7-4706-8f4d-94512133308d,https://uwinnipeg.on.worldcat.org/oclc/758650145
5418,1096,af641398-4d53-456a-bef5-2ecfdab3ce48,39d45f0f-89b9-41d8-8462-88dcbbb6de18,https://uwinnipeg.on.worldcat.org/oclc/55214899
5419,138,cbaa2da0-2d23-4675-9807-9264f709aee7,5dc1a841-4b69-4141-8854-11b8d351ac3f,https://uwinnipeg.on.worldcat.org/oclc/55214899
5420,142,6f6b63d7-56ae-49b0-b447-448da933d26f,22bdb454-c091-462e-8710-8f6c0d0d788a,https://uwinnipeg.on.worldcat.org/oclc/55214899
5421,1213,da58993e-71f2-4a56-a4fd-129fd45d597d,df3b78a8-64c8-4e36-a799-4674dd585826,https://uwinnipeg.on.worldcat.org/oclc/55214899
5422,1005,062bbd54-1178-4e36-b2cd-2a8dd61e20ba,6982eccd-f495-4ed1-bd82-a281cddcce42,https://uwinnipeg.on.worldcat.org/oclc/123197717
5424,62,2322532a-9bf4-4e05-8d3a-7b00fd2c17c7,c90abdf6-817c-494c-b303-4a8fa83b9975,https://uwinnipeg.on.worldcat.org/oclc/48547065
5429,1665,0f79545c-9e3b-4a91-8ec1-87f71f0a16eb,f2b1ecfe-bc0d-48aa-8f3f-d6703e2c89a0,https://uwinnipeg.on.worldcat.org/oclc/460677355
5430,57,33d8230e-240f-410e-9c35-9555bc7df573,71b0cfe5-7440-4564-94af-7dcc5f2944e3,https://uwinnipeg.on.worldcat.org/oclc/460677355
5431,1559,6bbf1dab-2419-421d-a6ba-975875450811,8db1be30-4440-4a5f-8c01-8d9feb29f78c,https://uwinnipeg.on.worldcat.org/oclc/920207776
5432,1562,cc11970a-3a9c-4b9d-9abb-1043a62e147e,a497e1cb-aa7d-4b1c-9867-dbdc672cec43,https://uwinnipeg.on.worldcat.org/oclc/920207776
5433,1563,71ea8d39-be27-437b-b8bc-cd30f60fff65,ae759f57-ea82-4a72-88aa-0a1186a69d68,https://uwinnipeg.on.worldcat.org/oclc/920207776
5434,1564,8415723c-c106-467c-b3d8-fdf563c69be7,c5b02f1d-8d60-412a-80ab-6fa447a0348c,https://uwinnipeg.on.worldcat.org/oclc/920207776
5435,1472,3f2e8188-630f-4d54-a828-44f212253c36,e11eb6b9-3d4e-45e2-96f8-2bdf84527294,https://uwinnipeg.on.worldcat.org/oclc/71317475
5436,1473,a81702a9-0998-4fc5-bc2c-ada73c523076,2aa0ac92-a843-4dec-92fd-f6c446e7c13e,https://uwinnipeg.on.worldcat.org/oclc/71317475
5437,1474,86adc82c-f6e6-416b-a781-a52efb00a143,09fc0d6d-3d08-4604-a6b8-5c9cb4f0339f,https://uwinnipeg.on.worldcat.org/oclc/71317475
5438,1475,f75a9b3d-4773-48df-95ac-f80d0ccc54d3,5894bb36-9c7c-4de2-b0be-5587f9e445a5,https://uwinnipeg.on.worldcat.org/oclc/71317475
5439,1476,3225f749-367d-4d70-a66b-23839c495b18,07a75cfa-e1bc-4c6d-8431-580d650fa299,https://uwinnipeg.on.worldcat.org/oclc/71317475
5440,1477,f7163eee-1f8b-402b-8fdf-edb1bb986b4b,bc8fb2c4-1a20-491d-8b3b-8afd86593fc8,https://uwinnipeg.on.worldcat.org/oclc/71317475
5441,1478,23e4a1a3-39a0-4ff9-b4e4-7c98acbf02ea,aaa41d5b-be53-481e-864b-ee16586a6cfa,https://uwinnipeg.on.worldcat.org/oclc/71317475
5442,1061,aad7d1b4-1592-490f-9718-32a9abc4cfc5,8871fb67-5fd4-4f14-a39c-1ef466d2a61b,https://uwinnipeg.on.worldcat.org/oclc/71317475
5443,1739,e84a0a4b-49c1-4a20-bbb0-d4e2fd95a575,86b532de-3957-4207-aa69-b014357fd4a5,https://uwinnipeg.on.worldcat.org/oclc/867878957
5444,1740,7d12146d-fc9a-4fe5-8dee-3bc902f865b3,d7cdac61-2056-40c9-b9ce-1c3348c1da1c,https://uwinnipeg.on.worldcat.org/oclc/867878957
5445,1742,b58f3097-5c9e-43e9-91df-446afa3b6242,7a844ab1-fe5e-44b1-9cbf-f8197f5978db,https://uwinnipeg.on.worldcat.org/oclc/867878957
5447,1743,7da183db-a044-48ee-aa02-0f3a1bf53d40,7a1d7318-511e-4d63-b554-506d35f36a88,https://uwinnipeg.on.worldcat.org/oclc/867878957
5448,1741,bce5b451-bbd9-46b4-804b-7c41e00dff10,8634f713-150f-46f8-9b43-41cca2423cd5,https://uwinnipeg.on.worldcat.org/oclc/867878957
5449,1745,1fc01135-aa9f-4d86-b453-536ef376d59c,301ca0d5-f018-4b89-bd19-9edd53d6452d,https://uwinnipeg.on.worldcat.org/oclc/867878957
5451,895,4e940c38-c48b-4315-b283-abd547ba2d4b,426cf30f-9998-4a61-bbf2-6883b56adacb,https://uwinnipeg.on.worldcat.org/oclc/427383205
5452,459,3b11239f-8387-4f17-bc74-ffeede1e3903,7e02281b-a595-4ecf-8487-afc5e93d3fcb,https://uwinnipeg.on.worldcat.org/oclc/427383205
5453,1555,b19e0738-3200-454a-bc2f-7360f2799189,bae5cae2-61d8-4cd7-bd91-9967d85805e7,https://uwinnipeg.on.worldcat.org/oclc/427383205
5454,1595,665ab1ca-ef8b-4de4-a16a-a502d37a8ed2,fd113fac-1a55-4c4b-a08f-d7499b277e27,https://uwinnipeg.on.worldcat.org/oclc/995039975
5455,1259,848269b4-b933-4c68-b93e-850cfdbd88e2,92c8b98d-8c9a-433b-9ee0-97352449b5ec,https://uwinnipeg.on.worldcat.org/oclc/1020013942
5456,697,fb08bc2f-e274-46eb-8206-f8d292b5e285,966b0915-bc19-42e7-852e-2216db6c491c,https://uwinnipeg.on.worldcat.org/oclc/1020013942
5457,1508,1f091bfc-37a8-4d4f-a2d8-15c4f96229d3,09b2eb84-0464-4696-aa58-ee92ea6767c2,https://uwinnipeg.on.worldcat.org/oclc/1020013942
5458,1509,b3ba965e-4b2c-4517-8770-0721f9730078,f64a84d0-303a-4925-b6b4-feb0035ad8cf,https://uwinnipeg.on.worldcat.org/oclc/1020013942
5459,130,8c607021-e4b5-4424-9f20-e99cba2656e1,dcdcccbe-b522-45ca-b13a-a5e518d29e3c,https://uwinnipeg.on.worldcat.org/oclc/212923243
5460,1319,b2341b09-fbc6-48ba-a6e8-c8d0a97cb92e,469304d5-0b43-4cbf-83c8-f6b5de7c7e0d,https://uwinnipeg.on.worldcat.org/oclc/212923243
5461,143,b98c4340-1fdb-462f-8b79-610afadf63c1,f6356eb9-9a5f-44e1-ad27-d82642ac0418,https://uwinnipeg.on.worldcat.org/oclc/212923243
5462,3882,d18c3243-5ac7-4297-a90e-643f9710c3a5,dcfb4829-ef7a-4ac1-9851-34d99d2296bf,https://uwinnipeg.on.worldcat.org/oclc/212923243
5463,3912,344bd5cc-937a-4e27-adba-163248105e3e,1395a482-eb71-4cc8-9941-7f4273361cc5,https://uwinnipeg.on.worldcat.org/oclc/212923243
5464,3916,b777e04d-94f9-4944-8af1-828bcb4f1f23,f0691a6c-95c2-430b-810c-69980a5f503a,https://uwinnipeg.on.worldcat.org/oclc/212923243
5465,1619,215f2095-07a3-4b9b-9a3e-604597fbee18,0ac08f09-c647-44c5-9283-bc061663eba2,https://uwinnipeg.on.worldcat.org/oclc/212923243
5466,3904,8b10842e-410f-4d2f-a85e-5ebaf62e044b,ff74e53a-421d-4556-81a6-d17148fd35b0,https://uwinnipeg.on.worldcat.org/oclc/212923243
5467,1937,3d4b5bdf-0530-472a-98da-0efb5035034c,c8944123-2e88-44b9-92a8-7b729c9eb64a,https://uwinnipeg.on.worldcat.org/oclc/62140660
5468,483,387df459-cac5-4975-abc2-6fe07016cac9,f58dcb19-29a0-41b8-8573-bed1fdd1d373,https://uwinnipeg.on.worldcat.org/oclc/62140660
5469,53,81bc4aac-7119-4cfc-ba16-0def5c9645ef,e3672c52-f490-424f-9671-76e11bfb671e,https://uwinnipeg.on.worldcat.org/oclc/1088729855
5470,1856,cf2dad3b-9935-4975-864f-033e75bbad05,6fe9a63b-17ea-4448-9a44-b9fd9aa23863,https://uwinnipeg.on.worldcat.org/oclc/466135940
5471,927,a3989aa1-1b58-4849-ae06-7563e014db2e,9aa05453-e644-4ab2-8d2d-c984ce0f2805,https://uwinnipeg.on.worldcat.org/oclc/1090066640
5472,3732,db6a00a3-87db-40dd-bbb6-07226add8caf,3f2c2097-5333-44fe-9e1e-7e3d3bef355d,https://uwinnipeg.on.worldcat.org/oclc/1090068583
5473,1181,a626cd02-d88b-41ab-b7b5-ef8566032ebb,18a16716-f734-4bf6-9ee0-baaaa83a50ec,https://uwinnipeg.on.worldcat.org/oclc/846679669
5474,2208,7ea18d64-c04b-4904-898c-0decc4e7dabd,106dc41c-e777-4880-b114-5f3727a3c3ee,https://uwinnipeg.on.worldcat.org/oclc/1090288879
5475,2431,98470adc-3893-4723-acee-4fde761830fb,0f8a3801-1fd7-443c-b6f2-9452cdd722ab,https://uwinnipeg.on.worldcat.org/oclc/163277965
5476,3887,0d1f4820-7bc0-4179-8eee-3d8f4886bb19,a7fc1a5c-61bf-4073-acfc-a089a7f93d09,https://uwinnipeg.on.worldcat.org/oclc/712021617
5477,3886,33c4f449-5e84-4f82-b9ae-6126249e5079,eefb8df5-e836-43b4-af3d-0d6716d7b5e4,https://uwinnipeg.on.worldcat.org/oclc/1043390059
5478,4351,74d1f9f0-c74e-4438-8751-908bc5e86389,cc0f5366-2528-478f-a205-2d4d807912cc,https://www.imdb.com/title/tt2274648/
5479,140,e1b269b1-38b7-4bfe-8383-2e51b59b3ed2,e5680c4c-eff6-457d-9fd5-3e6784642bdb,https://uwinnipeg.on.worldcat.org/oclc/430711522
5480,926,d7800778-f398-476d-9695-9b0b7aee6c9f,260ccd97-b668-45fd-b266-be4bc4ba3ae7,https://uwinnipeg.on.worldcat.org/oclc/232114780
5481,4129,06409a0f-0cbc-44f4-b54a-2f1598ea4f66,197d7392-d925-49d8-8300-da661871580c,https://uwinnipeg.on.worldcat.org/oclc/865343192
5482,1809,ad0df23f-e28e-4b9b-8a32-93939d7d581e,ac6f8713-55ab-42ee-b60c-7ca4401a675c,https://uwinnipeg.on.worldcat.org/oclc/824360630
5483,2008,af501ee6-9d68-4127-b4e6-af505320fac7,05b2726d-d1de-44ab-a788-73dc88aedd65,https://uwinnipeg.on.worldcat.org/oclc/671851410
5484,198,0e4a852d-234f-420f-bc50-ea8b2ca195e3,23c2c5f4-0b2b-4596-9bb9-96c41ed6d613,https://uwinnipeg.on.worldcat.org/oclc/865342721
5485,3722,268e56e6-bbcb-4581-8659-4c010d69bd1a,eb9c5bbf-18d8-499f-98a3-0f773fa9ae2c,https://uwinnipeg.on.worldcat.org/oclc/1077991581
5486,320,d18d7f7c-d2e0-4d92-980e-39d2cb82d91b,c6001cec-d04d-49b3-b024-1dcbfe535f9e,https://uwinnipeg.on.worldcat.org/oclc/1014066642
5487,119,42bc19a5-0063-407c-b284-5a3a6c609100,ab4f0f13-ce45-440b-8aab-6f1489d53dea,https://uwinnipeg.on.worldcat.org/oclc/123084566
5488,270,f2021afd-073e-4628-a875-9227d2f7001b,d3edc4c1-3ea6-40ef-9146-06ee2a23eb6c,https://uwinnipeg.on.worldcat.org/oclc/123084566
5489,270,f60e5d8e-15b0-4799-9176-54a5576cedd7,d3edc4c1-3ea6-40ef-9146-06ee2a23eb6c,https://uwinnipeg.on.worldcat.org/oclc/312181415
5490,192,2b0fb83c-637a-4406-8d95-78312311205f,3a026dc9-2810-49bd-903d-1e861c622126,https://uwinnipeg.on.worldcat.org/oclc/776241031
5491,2040,d79542fb-814f-44b7-90af-9d67eae9f6ea,48fbe06c-c9f7-48d3-b598-67cb74a3d73d,https://uwinnipeg.on.worldcat.org/oclc/953972525
5492,269,ade452f9-51b5-4ca4-9fa0-e20837122ec7,a570e9f1-bab3-499d-b1fc-2d5bdfcbfd3a,https://uwinnipeg.on.worldcat.org/oclc/865336212
5493,2251,100b8f16-a53a-4576-a5b6-272755d7fd5f,70f00811-d5bb-4023-af7a-43ef31268758,https://uwinnipeg.on.worldcat.org/oclc/71521556
5494,172,a8c8d189-0ce8-44a8-97b1-a1d7279cc5f7,95698e49-6f31-42ec-956a-a3a5bb18206f,https://uwinnipeg.on.worldcat.org/oclc/719719330
5495,207,2d91d38b-5f0c-4289-be2f-80068fec12bd,ddafea3b-f415-4a5e-bb98-b4cc1ac16a2c,https://uwinnipeg.on.worldcat.org/oclc/1099478348
5496,174,4877d8e3-413e-404a-aa2b-8625e8531b24,69e95b3d-536c-49b1-90b3-20daae3676ef,https://uwinnipeg.on.worldcat.org/oclc/1099478348
5497,245,58eaeabe-56fb-4482-9588-2e64cf768ee0,0f9f66de-0e6e-49c5-ab17-262c75efb9bd,https://uwinnipeg.on.worldcat.org/oclc/1012066443
5498,2336,dbab8720-78c7-41f2-8a8b-5a361698d4d4,45b60a8b-db77-462f-8e33-ac7f2a7d8150,https://uwinnipeg.on.worldcat.org/oclc/210209771
5499,223,c233e15c-2040-4299-9f52-8ea2f6aefb77,7f01a6d3-3095-40f1-9f44-ce90d71e6cd8,https://uwinnipeg.on.worldcat.org/oclc/63179138
5500,856,f0a2906c-d876-4a35-8922-3259ecc52878,82e9351b-011f-4259-925f-29a620f1a081,https://uwinnipeg.on.worldcat.org/oclc/1054992547
5501,281,ea719323-52e1-4158-9aed-285c6be70bb6,1f4a0e64-4d48-4f0f-a691-799e95ab8e9b,https://uwinnipeg.on.worldcat.org/oclc/1004476600
5502,281,6fd05f1e-9d72-4dae-9f05-b42fad7516e3,1f4a0e64-4d48-4f0f-a691-799e95ab8e9b,https://www.imdb.com/title/tt0032976/
5503,969,bd828b23-aecd-480f-9423-5e13ca51864a,659b2acb-cd09-4c14-a4aa-f21e2353d23e,https://uwinnipeg.on.worldcat.org/oclc/63791559
5504,1763,ea2c0cbb-d968-40ba-ab5d-b29de8a6e311,5a455c23-796c-42d0-8375-9ae96dfdf017,https://uwinnipeg.on.worldcat.org/oclc/739695958
5505,3989,86d468a4-3884-4373-a612-4272fece2562,529ddd6f-cf33-4173-a96f-12cab728a249,https://uwinnipeg.on.worldcat.org/oclc/297182351
5506,3497,48f5a61a-92a7-4924-8dc3-950986dbbf80,09aa803c-61e9-40af-a398-f3146bb8b471,https://uwinnipeg.on.worldcat.org/oclc/860840751
5507,3949,ccf872d3-d127-4f3d-b258-8de79b4a0a03,f4a78af4-4add-40d8-93c6-7ddb3fe8536a,https://uwinnipeg.on.worldcat.org/oclc/851098937
5508,1800,1f15a5ae-665e-4ca6-9e48-9457ab8eec42,8cb8eca4-c1cc-43d0-876c-d845af9e0a68,https://uwinnipeg.on.worldcat.org/oclc/57246038
5509,256,dc8198f4-31b8-4d8b-86c9-df0aec32dc56,d161c77f-13c5-4949-8228-e89d3584ff79,https://uwinnipeg.on.worldcat.org/oclc/60684291
5510,290,64d105f6-6ac4-43d9-b2fa-277ef69d31e0,d70f19f5-5bef-49a3-aec0-43b49767f8a8,https://uwinnipeg.on.worldcat.org/oclc/670834822
5511,873,ed891e85-4c77-448c-bd0a-dd839be0a42d,3255a52a-df78-44fe-835c-edf2ea693340,https://uwinnipeg.on.worldcat.org/oclc/45132726
5512,244,48018070-cc5d-48fe-8262-81fc58e25199,f3e69647-959d-4223-b957-292433f1596a,https://uwinnipeg.on.worldcat.org/oclc/212933165
5513,293,bc218437-2ee7-4c53-8135-15f5481a0862,a5ef6e9d-1ab1-4216-a81f-eea13fea4f7f,https://uwinnipeg.on.worldcat.org/oclc/58678031
5514,279,9e8aa574-d1e7-4eaf-be0a-ebc0c1f633ec,46ff9906-eebc-4128-b67d-18a8ec638082,https://uwinnipeg.on.worldcat.org/oclc/57759432
5515,1108,3547aa6a-df40-43d9-851e-c49ee23d809b,94675642-6dd9-4ace-b7c3-51fa49b6a050,https://uwinnipeg.on.worldcat.org/oclc/169912821
5516,1516,b6fefcce-7aad-47d0-9f32-bf2ee4193f2b,f6aa7f3c-62f0-46fe-b391-045605698306,https://uwinnipeg.on.worldcat.org/oclc/665161089
5517,3953,43639b4d-79a1-41e6-ab87-9ea7259d9952,7ecd3257-05fb-45d3-8487-be89f9e61500,https://uwinnipeg.on.worldcat.org/oclc/1090870010
5518,286,32a1d585-6357-4e6a-aba6-29d833323f9e,94ba14a4-6f9d-4388-8e5e-5d4abb7f7f68,https://uwinnipeg.on.worldcat.org/oclc/813847785
5519,263,961ba86e-1d70-493a-a5ba-63427e0c3ebc,e1c560fd-2dde-44d3-8be5-85727e1b9eb4,https://uwinnipeg.on.worldcat.org/oclc/670875958
5520,698,5d2f2828-3946-4ed5-8d3c-a891080e4f91,ce870c3a-614e-423f-9ac8-94d03c2ffed1,https://uwinnipeg.on.worldcat.org/oclc/1103324596
5521,2029,50fc2b93-77de-47d2-a141-aeef31b00faf,a1e94b3a-4cb3-4390-9539-b1f59f04e797,https://uwinnipeg.on.worldcat.org/oclc/916516688
5522,112,4ec65c3c-f1e0-4e44-9821-205081387a9a,1096ff3a-d711-4428-b32c-f36453a78b01,https://uwinnipeg.on.worldcat.org/oclc/968143606
5523,1189,9587460f-480c-4806-9912-dbee10daa2aa,bfc19638-5fdd-4f30-94a7-6bccae239a71,https://uwinnipeg.on.worldcat.org/oclc/1108874856
5524,2043,5dfc045a-8677-49bf-83f9-cc6cc1332192,77d98cab-0161-4473-a84c-e078a189117f,https://uwinnipeg.on.worldcat.org/oclc/1109396518
5525,1247,808a71f4-9263-44d7-ae12-8a4a89331ba8,2ab88c22-cc6e-4da3-9bcb-7c9aad34a39b,https://uwinnipeg.on.worldcat.org/oclc/1109397065
5526,1248,34e2169e-e8e7-4da6-8101-0a9df698f5bb,8c132f6b-d806-4118-9e22-994ec7d7b860,https://uwinnipeg.on.worldcat.org/oclc/1109397065
5527,3486,4bf3f4da-b8c0-4b36-8224-7cf00f99debc,31715d39-7ebf-48e7-a5b5-0ddd318a5fff,https://uwinnipeg.on.worldcat.org/oclc/977946990
5528,705,da0064ef-ef64-44b1-a1f7-3b2b14b6d4af,551a7de0-8088-4bcf-823b-039a4451bbb8,https://uwinnipeg.on.worldcat.org/oclc/1110579526
5529,454,fd166d38-66b2-4070-8b3f-3220056bd9d5,2e1e30a3-7af1-4e15-a663-87feef1bf339,https://uwinnipeg.on.worldcat.org/oclc/1110619759
5530,1122,be64f972-a830-41af-80fc-6302b90e676e,e531dd54-1bc0-40a5-a13c-b7b90d62399a,https://uwinnipeg.on.worldcat.org/oclc/1110619759
5531,590,1ba1df1d-bfda-44c2-9f39-43df94023c66,138775f3-94f1-4354-bb92-4990894bb02d,https://uwinnipeg.on.worldcat.org/oclc/1110619759
5532,921,d1ef6c4b-3a7c-4158-8db3-d2936b95f3b7,7acef368-6948-4464-8e90-30b7005deb50,https://uwinnipeg.on.worldcat.org/oclc/1110619759
5533,525,7cd05dbd-1c2c-4415-8b33-c84be9422abf,ef501570-ed22-420a-9ecd-ad0962b9f6be,https://uwinnipeg.on.worldcat.org/oclc/319884592
5534,3697,df494533-29f8-49bc-aa2c-f3cd44c5379a,006760a5-84fa-46ef-a787-64b166697f50,https://uwinnipeg.on.worldcat.org/oclc/904444136
5535,225,793e4fa4-1198-40a2-8bfa-e6ca59fe75a5,c080ad18-6c35-43fb-8b2e-423e40c6bbbd,https://uwinnipeg.on.worldcat.org/oclc/987691521
5536,1194,ba6c04a1-d29d-41a0-8c26-577eb7269387,c8796a7e-eabc-4afa-a6e9-e63e1f145702,https://uwinnipeg.on.worldcat.org/oclc/1110727244
5537,267,0660008a-c9f2-47ff-bf1a-a73aa787a925,a7708d63-4ae2-4e37-99a3-ff296ac1aabb,https://uwinnipeg.on.worldcat.org/oclc/416302863
5538,250,67dd17cc-9f1a-4299-b46b-bfa8d8a096be,7cd6f31d-27fa-43e2-981f-c8e27af1e4ad,https://uwinnipeg.on.worldcat.org/oclc/1111630846
5539,184,8724e2cf-88e0-456e-b9c9-7035d04351d7,055bc3f5-ea1a-4e9f-969c-78af140ceae0,https://uwinnipeg.on.worldcat.org/oclc/1112365775
5540,254,44a68811-4e54-430a-aa6f-9e58e0c2fe99,a744b33d-0b65-4f9a-a3e4-59d9f48b91a5,https://uwinnipeg.on.worldcat.org/oclc/1112252031
5541,1195,2ad79a21-849d-42d2-b8ec-9abb43927fbe,d875d69d-0ee5-4d2b-90e6-f7900114e62f,https://uwinnipeg.on.worldcat.org/oclc/1112254086
5542,3750,29a3a30e-f40b-4266-8d5b-dd9a696f18dc,ec553358-5f9a-4ba7-b4c1-30b3034dfa65,https://uwinnipeg.on.worldcat.org/oclc/1112365939
5543,3752,c87343ce-4810-4192-9d71-d6d858488cf3,8db21204-0ca4-442c-b812-262273e19652,https://uwinnipeg.on.worldcat.org/oclc/750395971
5544,1203,f708efa8-d389-451b-9f44-e77bb0746ea0,917f25bf-ff71-455f-9abd-92af5b96523b,https://uwinnipeg.on.worldcat.org/oclc/421387419
5545,316,437cf73a-42aa-4b5c-83aa-205979034b1a,ead01ff7-7619-42b3-a418-12d1d9620ad2,https://uwinnipeg.on.worldcat.org/oclc/1119722413
5546,3572,7debbeff-0a93-4aa9-a215-569e258f5826,339953dc-78fc-4566-80d1-176540bb4c1c,https://uwinnipeg.on.worldcat.org/oclc/1119722786
5547,2335,9eeecdea-5893-4ca3-b3b7-ccf9c725d16d,6619be91-4147-4682-a901-8da173c24eec,https://uwinnipeg.on.worldcat.org/oclc/1113774580
5548,776,440cb7ee-b127-4035-ad3c-1f1e6bf72be9,23ae20ff-0bc7-4f40-ab8d-c25435c08733,https://uwinnipeg.on.worldcat.org/oclc/1121644633
5549,4352,a01c9fde-de65-41bb-bc45-6bb60715d0aa,f2abd334-d253-44bd-b3c4-c91ec1563a0f,https://www.imdb.com/title/tt4718500/
5550,1190,c754d31c-eef7-4c9c-8a85-0bf2273391b8,0ed0087f-7709-40af-a9f3-e36e16011d0a,https://uwinnipeg.on.worldcat.org/oclc/1122564277
5551,55,0cb75e16-84f0-4e84-989d-aed35eb57c96,703df8a9-36cb-4acc-9e99-06849018b407,https://uwinnipeg.on.worldcat.org/oclc/1122565093
5552,665,d2a7b1ba-2db1-4c8d-8f33-571b8bcbee67,2055a52d-2dba-473f-bb35-384b277cc819,https://uwinnipeg.on.worldcat.org/oclc/1122565479
5553,337,a12ef5f3-4352-4891-abcb-c72f1120ba38,925e01c9-17a2-4b50-b5c2-b3d39a7a8e0a,https://uwinnipeg.on.worldcat.org/oclc/1123202745
5554,1196,5b84d8c5-fb6c-4c95-b0b0-55d7af907793,ba36effb-c143-4652-a208-e41ca54a8108,https://uwinnipeg.on.worldcat.org/oclc/546112743
5555,275,115e8c5d-7aae-4025-b748-af49963dd0fd,5d9f6681-a828-4208-8c98-154ff7752ed6,https://uwinnipeg.on.worldcat.org/oclc/1124085897
5556,1138,58ecb86a-32b9-465a-b9e1-c4ef2faaec80,85b263e2-3a57-4d7d-ae22-ebaa6a7cb19b,https://uwinnipeg.on.worldcat.org/oclc/1124086809
5557,3795,125719dd-c907-46e1-b1a2-e1a126951600,f4c4cfcc-811e-48da-b979-653ecb638deb,https://uwinnipeg.on.worldcat.org/oclc/1124764599
5558,1089,b4b96ab9-9aa8-4b13-a261-0dc1c03469c0,5809a42c-08a6-4e81-8245-a36f147f0619,https://uwinnipeg.on.worldcat.org/oclc/51441435
5559,2169,45348092-27d2-46ee-98ed-dd3b60cd1671,9d34a227-a22c-449a-af45-31e35aba4866,https://uwinnipeg.on.worldcat.org/oclc/1124930151
5560,1063,edc226a6-a6da-497f-83ca-667845cdfc53,34e316c5-35ec-4800-999d-d2925614dd55,https://uwinnipeg.on.worldcat.org/oclc/1124930151
5561,1459,91e6d1f2-95d9-4c9a-ab8c-6fd2fdfe80f5,8f98d567-666d-4abd-a693-6821f1c27498,https://uwinnipeg.on.worldcat.org/oclc/1124935259
5562,3865,bfbf4211-4a3c-4254-86af-0b5de41d73ac,6e2f6de2-264f-4138-99b7-666947c92d1a,https://uwinnipeg.on.worldcat.org/oclc/1128832680
5563,349,bf0c5a8b-ecf7-4bab-a0c0-a4950103a253,7e600621-f677-4f55-beb1-2bf5d7387e8f,https://uwinnipeg.on.worldcat.org/oclc/1128891643
5564,338,13efe8cc-9de3-444f-94d5-0fca4270afb7,a1e53a83-a653-484c-956f-9bfccdd760c7,https://uwinnipeg.on.worldcat.org/oclc/1129385058
5565,1725,7b2683a8-6fcf-414a-98a5-01b755805176,84f2f25b-ca55-4d6e-8a5b-fdfead06f2b2,https://uwinnipeg.on.worldcat.org/oclc/1129391213
5566,315,554f311a-4352-4bfa-a3ce-10bce9c799c6,ef4f5527-3b4f-42e5-837a-6f92d3b565cf,https://uwinnipeg.on.worldcat.org/oclc/1129460596
5567,3583,37a43c41-9e1f-49b6-919c-fb3ae2f48f96,47fe3428-09b0-4f0e-925e-bfa90a1063ef,https://uwinnipeg.on.worldcat.org/oclc/1130309563
5568,1525,4b3585f3-395a-46a1-8ec3-9bf7e33bf987,4c3df954-6b8d-4215-9db1-4e1462063507,https://uwinnipeg.on.worldcat.org/oclc/1130310257
5569,623,eeee9fd4-43a3-46fa-9b03-3adc47678ddb,6c5aa1a2-28ff-4642-b5b3-7285da3bd037,https://uwinnipeg.on.worldcat.org/oclc/1135332337
5571,1860,564812b2-5113-4304-85f7-142a5cc6c92b,3a75e1da-6cb8-4b7a-a505-f6e842b54340,https://uwinnipeg.on.worldcat.org/oclc/915832152
5572,273,54d0fcaf-056a-43aa-b5db-88c4f955399d,6f520b38-1293-4a46-bd11-aea83327d30d,https://uwinnipeg.on.worldcat.org/oclc/48912763
5573,234,03fdc5ee-f437-4fc5-ad6b-429c65d161a8,07a105c9-ef07-4c99-9aef-bf8d133d5e0b,https://uwinnipeg.on.worldcat.org/oclc/1110676033
5574,1733,9dd60ced-d6f9-4fff-a347-1b0ade97bef4,593ce59c-29b9-4dc0-9ab2-eb4d6a058247,https://uwinnipeg.on.worldcat.org/oclc/55642983
5575,625,b3c49bb5-c32c-4d58-840e-f59150a0b5f2,d55b190d-0c35-44ac-a4cd-06b0b29d9a2f,https://uwinnipeg.on.worldcat.org/oclc/1142134148
5576,1620,16d17b72-c8ea-403a-97f4-311c697408f1,5027858c-2731-463a-8be4-fbac12ba1faf,https://uwinnipeg.on.worldcat.org/oclc/1001352225
5577,3882,2b6f9bf3-98c5-4352-9408-d17063c9ce5b,dcfb4829-ef7a-4ac1-9851-34d99d2296bf,https://uwinnipeg.on.worldcat.org/oclc/1001352225
5578,129,43c00962-a60d-4ec8-9869-c761cc69e67b,ec51f779-35d2-4d40-8324-41a9faa146c7,https://uwinnipeg.on.worldcat.org/oclc/1001352225
5579,1245,0720cf09-8b80-4e17-b67c-3aa9a8789d41,805a09fb-4662-420e-8d78-d511afcfde20,https://uwinnipeg.on.worldcat.org/oclc/20430294
5580,1248,68e3df81-020e-44fe-affd-e91e17f836b1,8c132f6b-d806-4118-9e22-994ec7d7b860,https://uwinnipeg.on.worldcat.org/oclc/20430294
5581,617,f998975d-aa11-41e5-aa4a-cc7640da2e9a,a19e8429-18be-4d21-ba1f-25b90fa004f5,https://uwinnipeg.on.worldcat.org/oclc/27503482
5582,1243,fd446f91-ea14-4559-af32-9151ac67c95f,4f71242f-4cd0-45c8-a5d3-aeb60dc0f9a7,https://uwinnipeg.on.worldcat.org/oclc/27503482
5583,1043,494de145-f06e-413c-99a5-eb8de7fe53e9,20e64f98-c83f-4ea8-8316-fc7954d148b3,https://uwinnipeg.on.worldcat.org/oclc/27503482
5584,635,18d19d4e-30bd-45af-b701-18dacfbb2c9d,f179a873-357e-44e6-83f2-64645711be50,https://uwinnipeg.on.worldcat.org/oclc/18546199
5585,1891,68cf64f1-fc9f-4727-be25-10469fb267b4,9de91766-da5f-4970-aca4-184755af901a,https://uwinnipeg.on.worldcat.org/oclc/25565857
5586,1350,3f833c8d-9ded-407b-9b05-eeeb882badd5,9749c9d8-1968-42cf-924b-ea1a898c0c97,https://uwinnipeg.on.worldcat.org/oclc/63153928
5587,442,a1ea11a2-46b9-4404-b792-941968bbc6c6,3a7d5248-62bf-4fa7-ad2e-2ac1cf65d4af,https://uwinnipeg.on.worldcat.org/oclc/27743282
5588,1361,82818e28-dcbf-4f12-95e9-7082aeedb854,619807d3-f222-4062-b731-4f4433f876b2,https://uwinnipeg.on.worldcat.org/oclc/27743282
5589,1362,5123f43f-aa75-42bd-8b4f-4660c3be8b96,54352172-e0ff-4849-92b4-3c8f0f9881ff,https://uwinnipeg.on.worldcat.org/oclc/27743282
5590,1357,ea8bb40a-3efd-42f0-853a-ba5b25daa5d8,52f60578-2aef-4539-b61f-72b5008bd1ef,https://uwinnipeg.on.worldcat.org/oclc/27743282
5591,909,53fbedef-557c-40b8-93c7-a21128f72b9a,9c927123-e271-423a-8572-6e7f4c89d47d,https://uwinnipeg.on.worldcat.org/oclc/27743282
5592,758,3624fcfe-d6d1-484b-bdcb-a0b8487dc604,17a4ea16-e5bb-4433-96a3-491f3f97d0b7,https://uwinnipeg.on.worldcat.org/oclc/27743282
5593,759,9718aa8b-f290-4cb0-b36b-81cb423cd39f,6af5134a-5916-4201-8224-f939bb659ae7,https://uwinnipeg.on.worldcat.org/oclc/27743282
5594,1387,616d65b8-12f8-400c-b693-b243cb2447d5,36a78e4f-0fdf-428c-9347-43cca638bf9e,https://uwinnipeg.on.worldcat.org/oclc/27743282
5595,1250,c5f5b754-11d3-42fc-8f91-5400ee7a7f93,2c7627bd-73f1-4a0e-b329-930fa7180906,https://uwinnipeg.on.worldcat.org/oclc/20430117
5596,764,22828ae3-db36-46e6-b036-ec59a8838e66,e78bde1d-80a4-495b-81cc-dffd4b38eb02,https://uwinnipeg.on.worldcat.org/oclc/317418081
5597,304,726f48bf-6c55-47d9-abc3-1b02fb358339,6756e087-832a-415e-94e1-e19f91820f84,https://uwinnipeg.on.worldcat.org/oclc/20727366
5598,921,a22ad7c0-a881-4577-b559-5f568ab1a5a1,7acef368-6948-4464-8e90-30b7005deb50,https://uwinnipeg.on.worldcat.org/oclc/18825320
5599,454,490075a2-c984-44a7-90a7-c3598b4d7548,2e1e30a3-7af1-4e15-a663-87feef1bf339,https://uwinnipeg.on.worldcat.org/oclc/18687256
5600,628,f0820c9c-6e72-4eb8-a1f7-8ec9d9a7541a,e461c8ca-28e4-4220-9c2c-028c891062f5,https://uwinnipeg.on.worldcat.org/oclc/43545878
5601,766,3c0ea68b-1380-4ce4-91e0-9c6c0d9bb4ab,8e08a5aa-7666-4686-b5e6-239efd10ea0d,https://uwinnipeg.on.worldcat.org/oclc/317900228
5602,2155,3dca79e7-a685-460c-a6f6-2630f6a9c085,544c9c19-df40-406f-bff5-ff8392542b09,https://uwinnipeg.on.worldcat.org/oclc/693780851
5603,1671,6eac5932-2401-4fed-b928-108d79a82a2a,4177f4b4-d56e-4fb7-a1a9-5bc14c5d63c3,https://uwinnipeg.on.worldcat.org/oclc/40584560
5604,241,2f0aaebe-e169-425a-aa23-49877ebe0fb9,7a2aa8aa-7e86-4d04-a8a0-1dde6288da95,https://uwinnipeg.on.worldcat.org/oclc/48442391
5605,219,45ca3081-b19b-43e1-8db3-1cb70afcefd8,3cb43b97-7954-41bd-83f1-59576228a2cf,https://uwinnipeg.on.worldcat.org/oclc/60954287
5606,214,d065ce33-6ff2-438d-9f80-8626470de474,432d84fd-fff4-4a68-9971-0ecac2c4f455,https://uwinnipeg.on.worldcat.org/oclc/25006441
5607,741,8f17ae06-f8d9-4f37-80e7-2ed95091b748,ab73d544-18cf-4c87-8a24-14a34cff55b7,https://uwinnipeg.on.worldcat.org/oclc/33388006
5608,666,27074a1f-8230-4ee6-b3f8-45315795e98e,539e25cc-f585-4610-8946-9910de957614,https://uwinnipeg.on.worldcat.org/oclc/23987356
5609,1660,7c18c6ff-96cb-4762-858e-a7fa1160e32e,bada132f-b203-416b-8765-e09491093c8d,https://uwinnipeg.on.worldcat.org/oclc/42493188
5610,617,c1f7ad2c-cc68-4a99-b057-8f6f5cb748fd,a19e8429-18be-4d21-ba1f-25b90fa004f5,https://uwinnipeg.on.worldcat.org/oclc/28175197
5611,1243,24080fc1-7c1b-494a-b1a9-70883dadbe5a,4f71242f-4cd0-45c8-a5d3-aeb60dc0f9a7,https://uwinnipeg.on.worldcat.org/oclc/28175197
5612,123,8dba6418-8cd2-4c5f-8b21-76ec8f89f3da,5cb58b79-60cc-48d0-b054-e10ecd164dbe,https://uwinnipeg.on.worldcat.org/oclc/35905885
5613,1490,3e402220-8234-4c03-a85a-50fcf54fbe87,ac584846-de2f-4283-b821-8228f5c4a912,https://uwinnipeg.on.worldcat.org/oclc/35905885
5614,130,dfc5a9a8-676a-4298-912a-e393b880d59d,dcdcccbe-b522-45ca-b13a-a5e518d29e3c,https://uwinnipeg.on.worldcat.org/oclc/35905885
5615,126,295ce3ea-867f-4186-997d-09552ab50835,91f9fe2a-443b-4805-849f-4716037dbab6,https://uwinnipeg.on.worldcat.org/oclc/35905885
5616,1491,bc91534d-4fd4-4390-a87f-73bb42e0585f,2ebdf8d8-1c7f-4d56-9801-adb6a86443b7,https://uwinnipeg.on.worldcat.org/oclc/35905885
5617,129,7ab528be-a553-4bef-adb0-890daad4f94b,ec51f779-35d2-4d40-8324-41a9faa146c7,https://uwinnipeg.on.worldcat.org/oclc/35905885
5618,127,18eb2dee-ad4f-4cc8-a596-fc4a99e8cecd,91e6b257-f50c-4559-a822-1d11d7fa500b,https://uwinnipeg.on.worldcat.org/oclc/35905885
5619,1735,bf98ca65-e89f-43c6-8ccb-03a7a9befac5,acaa7f87-5efe-4b4c-a8ea-acb42e5aa193,https://uwinnipeg.on.worldcat.org/oclc/48673875
5620,1735,a802aeff-001f-4255-a3d6-c2bce92f8b2c,acaa7f87-5efe-4b4c-a8ea-acb42e5aa193,https://archive.org/details/podcast_sunsetcast-looney-tunes_v2d1-11-tortoise-beats-hare_1000429936086
5621,1243,befba14c-d613-452b-a2aa-39d6b2e75265,4f71242f-4cd0-45c8-a5d3-aeb60dc0f9a7,https://uwinnipeg.on.worldcat.org/oclc/48673875
5623,1546,c8163019-0806-4be8-899b-2b16ebb4be72,52c3c4a3-1478-4085-a9fe-5f0ebdd217af,https://uwinnipeg.on.worldcat.org/oclc/780049398
5624,1765,45b1525e-e608-4a30-91b0-521bbe8f67f4,db9d03ee-86af-42ac-b3e1-8d11142ee21c,https://uwinnipeg.on.worldcat.org/oclc/53195274
5625,430,448a3b30-9e63-492b-9cd5-0defcaf77528,8e4b76da-1261-44a2-9005-58e1697b9d3a,https://uwinnipeg.on.worldcat.org/oclc/317363711
5626,1543,cbaf06c5-0d13-4df7-94cd-d5dd2a44c850,665e459e-14ea-40b9-ac27-fa69410297bc,https://uwinnipeg.on.worldcat.org/oclc/879891031
5627,988,c6606432-30fb-4e0f-a188-dca2f40b3437,3f18365d-8c2e-4233-a5ec-af2da37ab5cb,https://uwinnipeg.on.worldcat.org/oclc/16534007
5628,456,74b4d623-6a69-45a1-9868-73c543260501,cbad34d9-6477-4165-ac11-f34e8f8fbd36,https://uwinnipeg.on.worldcat.org/oclc/22481159
5629,456,31ef6951-597e-4447-9fdb-f36fc0015515,cbad34d9-6477-4165-ac11-f34e8f8fbd36,https://uwinnipeg.on.worldcat.org/oclc/1004681234
5630,456,90f6f764-15fd-4825-99f4-5cf1ee23824f,cbad34d9-6477-4165-ac11-f34e8f8fbd36,https://uwinnipeg.on.worldcat.org/oclc/1004685321
5631,456,6919ce22-734d-4011-801d-27144806260c,cbad34d9-6477-4165-ac11-f34e8f8fbd36,https://uwinnipeg.on.worldcat.org/oclc/1004689572
5632,456,e6377d26-d4b3-442f-beb1-465a45536d88,cbad34d9-6477-4165-ac11-f34e8f8fbd36,https://uwinnipeg.on.worldcat.org/oclc/1004689572
5633,456,ec37b4c2-6a9e-433d-bcca-f3bf5a64a14b,cbad34d9-6477-4165-ac11-f34e8f8fbd36,https://uwinnipeg.on.worldcat.org/oclc/607259832
5634,692,bce3449f-9c70-4ac0-86bf-14865830f26f,f8dcd186-fe1a-465f-946b-9ba05cbef2a6,https://uwinnipeg.on.worldcat.org/oclc/28204873
5635,989,3a249fdc-76a1-4269-88ef-5f997b532f17,43d1d16c-c2a0-44fd-8e2c-8bf55c7276f2,https://uwinnipeg.on.worldcat.org/oclc/54408926
5636,3907,11be0a57-0b79-432c-8d1c-917610cb3ffb,a74564f8-cef2-4906-af73-523fc37e7a02,https://uwinnipeg.on.worldcat.org/oclc/21347945
5637,3918,16b36703-b9a1-4a6e-b0d9-45b9660de5d0,4535ff48-ec62-420f-bac3-53b827fcc55a,https://uwinnipeg.on.worldcat.org/oclc/222170949
5638,3918,13510561-9eaa-4a02-970a-2863decedbc6,4535ff48-ec62-420f-bac3-53b827fcc55a,https://www.imdb.com/title/tt0016586/
5639,3918,e2b4ab1e-ba1b-44d7-9164-9e53bd0edd6c,4535ff48-ec62-420f-bac3-53b827fcc55a,https://archive.org/details/BillSpragueCollection-AliceOnTheFarm-1926-waltDisney-PUBLICDOMAIN
5640,1195,55796669-6f4f-44e8-8898-44672aa41f2c,d875d69d-0ee5-4d2b-90e6-f7900114e62f,https://uwinnipeg.on.worldcat.org/oclc/1119603169
5641,744,1bec12a5-e513-44f7-a9c4-2a7e746433a0,86459081-538a-45f5-9737-680221143018,https://uwinnipeg.on.worldcat.org/oclc/53706552
5642,736,6e415c56-9142-4a62-8368-d56f412c8823,cdaf663e-d04b-4c45-8a03-a46b62e610c4,https://uwinnipeg.on.worldcat.org/oclc/52558157
5643,230,be218a01-c9ef-4049-a5ff-a85c56b9ec29,345ddfb1-5d38-43d0-8955-3150b5fd0dd5,https://uwinnipeg.on.worldcat.org/oclc/995039975
5644,230,fc495884-8e98-4eed-8d43-b2c6b59f168d,345ddfb1-5d38-43d0-8955-3150b5fd0dd5,https://www.imdb.com/title/tt0095715/
5645,3579,fbcf47f6-61ab-42b4-9ce0-5dd3bd9d98a8,42f4dfc6-ad33-4533-9f0a-fdfef1a7680c,https://uwinnipeg.on.worldcat.org/oclc/1084289931
5647,4357,62dc60eb-9ac0-49e8-9be2-c6295d56bfa1,935e83e8-3f98-44cf-b2d4-ec96b6988732,https://www.imdb.com/title/tt0475747/
5648,4358,20b48edd-4dbb-467f-ac72-3ceaa315e448,7807a1c7-c060-4d7e-954c-79cddeec66ee,https://www.imdb.com/title/tt0452340
5649,4359,8ad761b7-68e6-4fd8-9677-b8fa93db4906,15504d64-2014-42f9-89e6-4a485ff673fb,https://www.imdb.com/title/tt0452341/?ref_=fn_tt_tt_3
5650,4359,fd72acb3-2f0c-4812-8aaf-8d76c1ec1afa,15504d64-2014-42f9-89e6-4a485ff673fb,https://www.imdb.com/title/tt0452341
5651,4360,3ebbfdb3-4be0-4a9b-9319-e6b56d79c93e,5228855f-304e-42f3-8151-914d0ee1e753,https://www.imdb.com/title/tt0452537
5652,4361,9ec0da78-9fcb-450a-8fda-aa12b7e66ff0,ad0bd8de-64db-4812-9553-70591496a25c,https://www.imdb.com/title/tt0452370/
5653,4362,623f843c-b4f3-473b-a763-9d08f184d426,c5aaa62a-d5cc-46a2-ae9d-a28fd32f8de0,https://www.imdb.com/title/tt0452264/
5654,4363,eeba7c7d-4250-4b4b-8343-5bb96393750e,af539c35-5093-4596-a0d9-24b07035dc3c,https://www.imdb.com/title/tt0452509/
5655,4364,90e82156-883b-49e8-bcba-f37d69e51d29,b2ca567a-a63f-475f-8b48-78779d6da986,https://www.imdb.com/title/tt0058423/
5656,4365,f7ff14b8-35d8-4a5d-bb39-6b30a41b9fbd,2a992fdb-f3a3-4e7e-907d-d22fbcb2b0bf,https://www.imdb.com/title/tt0077114
5657,4366,35581c5b-f11f-40d8-af46-0acbc97a7d66,707c8889-efb1-42e0-8907-79024a0c35b9,https://www.imdb.com/title/tt0083730
5658,4367,1d9b539a-dfb6-47ba-9956-d94e04ee3990,55be7b9e-f4f8-446a-91fc-5700b37551a0,https://www.imdb.com/title/tt0466043
5659,4368,36dba19e-6101-473d-b848-8ad5a05958e3,b5c688b6-885b-4b1b-861d-b1e898ce748d,https://www.imdb.com/title/tt0096329
5661,1120,3da88def-03f8-4f22-a46b-89a5f7610b28,103678d1-ec6f-4939-9266-1780a0eb0309,https://www.imdb.com/title/tt0920547
5662,1120,a4804558-211d-4f9a-9461-b4a8ee4150fd,103678d1-ec6f-4939-9266-1780a0eb0309,https://uwinnipeg.on.worldcat.org/oclc/190702599
5663,4370,b7d3e6e3-eb7a-4a5b-8908-b2f282468826,b9b075f9-b17d-4c2e-8ab0-909f22732f0c,https://www.imdb.com/title/tt0228456/
5664,4370,c59587fb-8b2b-4b66-bf5b-2d182e10156a,b9b075f9-b17d-4c2e-8ab0-909f22732f0c,https://uwinnipeg.on.worldcat.org/oclc/55059332
5665,765,8f1a7364-0db0-4541-97a1-36d304ccd8bc,3a05533b-1145-44cc-9f01-ca57039ae766,https://uwinnipeg.on.worldcat.org/oclc/811120269
5666,239,f639d9f7-7a02-4d53-bc8f-335426389a9b,710b40fb-4729-432f-929c-f95e5b791657,https://uwinnipeg.on.worldcat.org/oclc/811120269
5667,238,14e2af17-706d-42ef-85f0-0a40d1dbbf54,787b8b79-9885-4a98-b7b5-04a617941c30,https://uwinnipeg.on.worldcat.org/oclc/811120269
5668,1097,abb5df48-1a2f-4725-89bc-8e8ab557309e,64be3f95-bbd8-4da0-a268-289aeb8c39ba,https://uwinnipeg.on.worldcat.org/oclc/811120269
5669,1150,0cb70ec3-7b5a-44c5-a66f-a096295a32bd,ae2dfe5d-6ec7-4c6c-a220-6989db8dc513,https://uwinnipeg.on.worldcat.org/oclc/811120269
5670,1151,c0d065bf-f125-464e-8b45-1ec250926f75,a3e66473-d6bb-49c4-88e8-93fb959a37e1,https://uwinnipeg.on.worldcat.org/oclc/811120269
5671,240,05499c48-7a98-480c-9abe-f40b161bfd35,c0933776-bbd0-45f3-bf12-a38360851d06,https://uwinnipeg.on.worldcat.org/oclc/811120269
5672,237,265d2de1-f3bb-4f68-b9fd-65a4bb548210,0cfd004e-f573-46c9-9094-bd2f126478cd,https://uwinnipeg.on.worldcat.org/oclc/811120269
5673,1152,9af0e70d-8c14-493e-8059-5835af3e84e6,4b57865d-1b81-4429-866a-7f0ae10dfbce,https://uwinnipeg.on.worldcat.org/oclc/811120269
5674,1103,0266a74b-0e1f-481d-be38-9b919c85937e,434e108a-12d0-4845-87c7-fafca5e3bb4c,https://uwinnipeg.on.worldcat.org/oclc/811120269
5675,1153,a3239a68-6a37-4c0f-9df2-85619392f678,1dfe4b67-2655-4a8b-9216-0d329b51c3a0,https://uwinnipeg.on.worldcat.org/oclc/811120269
5676,1154,51e39625-6f77-4f38-8af8-809232695ba1,345a6077-25a9-410d-9cff-be7f49e28652,https://uwinnipeg.on.worldcat.org/oclc/811120269
5677,691,d2087360-ca3a-4bbf-b9ed-b150972bbe45,e731b940-b8b7-4c81-8167-7ce97f6d04ac,https://uwinnipeg.on.worldcat.org/oclc/811120269
5678,453,f586e779-073c-4fd2-bc5a-663d02c8e407,e35c9d20-228b-426d-8588-5c20efb2ad6c,https://uwinnipeg.on.worldcat.org/oclc/811120269
5679,1155,395f79dd-b59c-4390-a0c0-64c2ebe89bdc,83e2f196-453f-4e6c-b92b-3b1627e0ee75,https://uwinnipeg.on.worldcat.org/oclc/811120269
5680,1156,b8424cba-1857-46d9-9229-3402dd76df5f,87fa991d-71f1-4f75-a904-d9161b0aaca3,https://uwinnipeg.on.worldcat.org/oclc/811120269
5681,242,7d6941bf-721a-4422-a001-e51086ea6204,773cc684-edf6-4107-921a-1bab6ceb37ea,https://uwinnipeg.on.worldcat.org/oclc/811120269
5682,1060,a7ba25d1-c9da-4244-94f2-c1fadfba1cfb,e5e8aa36-552b-45ce-bc93-0c2bf71349a6,https://uwinnipeg.on.worldcat.org/oclc/811120269
5683,707,558feb78-0b8a-46d3-93df-9477b8452b18,b14dbb12-551e-4f57-9164-01e9eade88d0,https://uwinnipeg.on.worldcat.org/oclc/811120269
5684,1157,ddad5f14-a5d5-42b2-addd-753a578ec978,2323b01a-c818-4dc7-ad8d-289709a02472,https://uwinnipeg.on.worldcat.org/oclc/811120269
5685,999,f46fefba-2c8b-4900-b632-36565a0dc035,2dbf6dd0-a80e-4e9b-b0a5-3dc8d1514ce5,https://uwinnipeg.on.worldcat.org/oclc/811120269
5686,1158,15eba11d-a68c-4301-9289-73a5d50f3005,a73ff240-48ce-4c7f-ba5c-ec26df2598c2,https://uwinnipeg.on.worldcat.org/oclc/811120269
5687,1159,43ed95cc-97b4-4f33-92ca-8abe100239b3,8adc459c-bd74-4e3b-87af-7376ed1f9be4,https://uwinnipeg.on.worldcat.org/oclc/811120269
5688,1160,2cd79ab9-4157-4f20-9f3c-93316ad549b6,22d573c9-828d-4219-ad28-5d05eda00e26,https://uwinnipeg.on.worldcat.org/oclc/811120269
5689,1091,3b30ed08-7779-47cc-a6dd-ccc2065e7c42,2e5b622b-8dbc-46d8-a869-838c5c77c7af,https://uwinnipeg.on.worldcat.org/oclc/811120269
5690,1161,7d308d52-485f-4c20-8163-28cf22d74180,229f9e2c-d931-414e-b691-6634933393e0,https://uwinnipeg.on.worldcat.org/oclc/811120269
5691,4371,90467af4-dd51-464e-952d-aeb82213a180,4011b70f-4cf6-4c5f-93e3-4f04b684a13a,https://www.imdb.com/title/tt2262227/
5692,4371,93e031dd-7a2c-4cb0-bd8b-1faf92dd080f,4011b70f-4cf6-4c5f-93e3-4f04b684a13a,https://uwinnipeg.on.worldcat.org/oclc/898147774
5694,4372,01861570-c8f3-427e-a248-65def0592ad1,899cafcd-a9a0-45d8-bdf9-6089b7af3835,https://www.imdb.com/title/tt0974879
5695,4372,2f4fe213-d931-4dcb-b2e6-0619074d4204,899cafcd-a9a0-45d8-bdf9-6089b7af3835,https://www.imdb.com/title/tt0289021
5696,4372,e90cc9da-57c5-4b19-b0f7-c4e3deac74f9,899cafcd-a9a0-45d8-bdf9-6089b7af3835,https://uwinnipeg.on.worldcat.org/oclc/968305200
5698,4374,e9abd3c1-a30e-47f3-b826-1927e2739323,43ba402f-78f2-4422-a0c7-c4c65d531345,https://uwinnipeg.on.worldcat.org/oclc/53897502
5699,1492,9fb7851c-52a8-4d75-af0c-e64a1820a1d8,83325f13-52b6-4e7c-b0d6-4ac548e274ce,https://uwinnipeg.on.worldcat.org/oclc/53897502
5700,3788,182c5298-16a9-4285-9e9a-66cbe9e6b95b,d185b44f-c531-445b-9169-6fe200707fbf,https://uwinnipeg.on.worldcat.org/oclc/764418279
5701,3786,35f2fdee-2108-4c95-b7ef-7ca17953a032,e7fb6f21-25c1-47e7-ae41-318409d4895d,https://uwinnipeg.on.worldcat.org/oclc/764418279
5702,3787,f2ebe76f-cdc6-48e0-bc8d-60b8cb7ee4a5,abf2b9bf-3557-4cad-ac0e-4f890900192b,https://uwinnipeg.on.worldcat.org/oclc/764418279
5703,3785,059f7cca-96ee-4c31-a67d-5bf559a6264d,cbab0862-cc74-4cf2-a8e7-2febd9b83022,https://uwinnipeg.on.worldcat.org/oclc/764418279
5704,4375,75fcef2e-b8f9-4300-b6ae-838d948cbbfb,0d2b25f9-9981-4020-b9c4-4079a4393c16,https://www.imdb.com/title/tt0057111/
5705,4375,fed81fa5-9c6f-4bf0-b7d7-2e81814207eb,0d2b25f9-9981-4020-b9c4-4079a4393c16,https://uwinnipeg.on.worldcat.org/oclc/317082323
5707,82,a9e1c471-67b0-48fc-8640-695092c72f19,2535f226-82c2-4645-8447-5bcf061bd0d9,https://uwinnipeg.on.worldcat.org/oclc/1057851597
5708,75,8c3b3f2f-46dc-4b56-82b3-6a36921f9c60,16c7f062-5ecb-40bd-833d-dd7b9b872ff4,https://uwinnipeg.on.worldcat.org/oclc/1057851597
5709,80,d5892770-c34a-486d-812f-1b14d707060b,5a0dad8d-f215-443d-8ea5-6aab85f643c4,https://uwinnipeg.on.worldcat.org/oclc/1057851597
5710,1906,b28d6d79-1579-4ee6-8112-792de68c5a8b,0f9175fc-d7d6-48c7-85a3-86fcc28aee05,https://uwinnipeg.on.worldcat.org/oclc/1057851597
5711,77,a0c2089a-1484-498a-a58e-b13105df1657,f2a1e531-d4a5-42ea-b02e-aee90bd6871c,https://uwinnipeg.on.worldcat.org/oclc/1057851597
5712,4376,112d3f47-5785-4ba9-ab82-883a43ab2157,24c0eef0-2a58-438e-b735-23cf9f7cf335,https://www.imdb.com/title/tt0060088/
5713,4376,c6a7232e-1dad-44ab-bead-9c5f00ad3c7b,24c0eef0-2a58-438e-b735-23cf9f7cf335,https://uwinnipeg.on.worldcat.org/oclc/505645645
5714,4377,a11a775d-3502-417a-879f-ed5525bf0e4d,62f9c2ed-e65c-462e-92af-b1d4e79f9c50,https://www.imdb.com/title/tt0961097
5715,4377,c4bf46d7-1973-476e-8df8-a753a869fb87,62f9c2ed-e65c-462e-92af-b1d4e79f9c50,https://uwinnipeg.on.worldcat.org/oclc/903074116
5716,4378,bf6b4b34-dbb3-4a17-81f3-359974018e90,17c67863-9abc-4bef-87a2-7ca952262876,https://www.imdb.com/title/tt0203632/
5717,4378,b732ac42-80e7-42b6-8315-efd8fc32b905,17c67863-9abc-4bef-87a2-7ca952262876,https://uwinnipeg.on.worldcat.org/oclc/156649041
5718,4379,a23cd3c1-642c-4b4f-aba2-460ec538276c,217a5bb4-c6c7-49df-b42c-500c26b34b52,https://www.imdb.com/title/tt0098859/
5719,4379,dd1be913-1875-424e-99f1-27e16672a7dd,217a5bb4-c6c7-49df-b42c-500c26b34b52,https://uwinnipeg.on.worldcat.org/oclc/231636543
5720,4380,b7e186b0-6b2e-41b0-8ef0-95ef4dd2b0d9,1f8d967c-5f9e-4b88-86dc-a92cdd605723,https://www.imdb.com/title/tt1355638/
5721,4380,afc91d47-90bf-4c81-a05e-fe1e5073f1e0,1f8d967c-5f9e-4b88-86dc-a92cdd605723,https://uwinnipeg.on.worldcat.org/oclc/767873222
5722,4381,43c33c11-c0dd-4ae8-9144-2015fd8fb4fd,a7d6dab1-3b06-4dc0-91b3-913358a79595,https://www.imdb.com/title/tt0054618/
5723,4381,3372dd76-eb12-4035-b866-861ecd495735,a7d6dab1-3b06-4dc0-91b3-913358a79595,https://uwinnipeg.on.worldcat.org/oclc/57470545
5724,1306,728f546c-5aaf-4d47-bad4-cd8d6b7e322e,08390c0e-44ac-482b-b07b-a570466d9bfd,https://uwinnipeg.on.worldcat.org/oclc/62791862
5725,1944,74e6f35d-d4b6-4fac-991f-9185df1ef6c4,0f93434a-3733-4ad6-b191-c74360b635f3,https://uwinnipeg.on.worldcat.org/oclc/62791862
5726,903,c434902f-1abc-48e6-90ae-eeb2236ae691,80fb65c0-6c65-4374-bef4-8e4d5ca12380,https://uwinnipeg.on.worldcat.org/oclc/62791862
5727,1251,041fb9ce-ee29-48fc-9f9f-e29769983469,495636cb-b997-47a5-a998-49fb77bf2bfb,https://uwinnipeg.on.worldcat.org/oclc/62791862
5728,1213,7fd6e20e-1ef7-4337-891a-357fb9dcbc35,df3b78a8-64c8-4e36-a799-4674dd585826,https://uwinnipeg.on.worldcat.org/oclc/62791862
5729,1544,253f5dea-328a-4d87-9b5b-4d54c82ef684,0026a741-a1b7-4399-b519-e6d0a9929149,https://uwinnipeg.on.worldcat.org/oclc/62791862
5730,4382,d4c4d79e-3b2f-4fd9-b93a-60a1f9f79442,6c959fa9-6b99-4b00-bb17-fadbdec8faf2,https://www.imdb.com/title/tt0166374/
5731,4382,479a6e74-fef2-4d41-add2-4b086486759a,6c959fa9-6b99-4b00-bb17-fadbdec8faf2,https://uwinnipeg.on.worldcat.org/oclc/56504211
5732,1118,cf76d443-67a5-4d38-b093-3320ef576150,4e8a480c-ecea-43eb-a03c-f2abbe2341dd,https://uwinnipeg.on.worldcat.org/oclc/861724124
5733,4372,6f9fc688-6306-41eb-9b6e-1eff64d801db,899cafcd-a9a0-45d8-bdf9-6089b7af3835,https://uwinnipeg.on.worldcat.org/oclc/232114780
5735,4383,3a5c2906-993f-48c9-bca3-d7afe35cc62d,87efb15c-3882-4a37-9366-5ebd3c9dd31f,https://www.imdb.com/title/tt0974869
5736,4383,dac5fa2a-5db5-4fe9-a411-5937900bb20e,87efb15c-3882-4a37-9366-5ebd3c9dd31f,https://uwinnipeg.on.worldcat.org/oclc/232114780
5737,4384,17244dd9-dd90-4d31-97fa-7988132275cb,813d950c-9ae1-4da1-89c0-c18004bab972,https://www.imdb.com/title/tt0974875
5738,4384,b7d4c69b-eeb2-4f13-9ca2-88e9d53ca562,813d950c-9ae1-4da1-89c0-c18004bab972,https://uwinnipeg.on.worldcat.org/oclc/232114780
5739,4385,7a7fc84a-0077-4bae-b393-c1b580cf953d,692352c1-294b-4ebd-b7e1-7ac05677b42f,https://www.imdb.com/title/tt0974864
5740,4385,90c4a6db-f752-448b-8f93-b9cdb796975a,692352c1-294b-4ebd-b7e1-7ac05677b42f,https://uwinnipeg.on.worldcat.org/oclc/232114780
5741,4386,9f9460b8-0e42-4f72-8d10-e63f0c68984c,ec57e46d-de0f-4316-bbc0-eb0eea114f91,https://www.imdb.com/title/tt0974873
5742,4386,22bb7bbb-7dad-434c-abd0-bcb22e01fc61,ec57e46d-de0f-4316-bbc0-eb0eea114f91,https://uwinnipeg.on.worldcat.org/oclc/232114780
5743,4387,300545a3-3a6a-41a2-8398-7746b493f863,05f1f239-7bc8-4526-a0cf-3586b747e4f7,https://www.imdb.com/title/tt0974880/
5744,4387,cefe5602-2a35-4715-89b8-180de9e2483e,05f1f239-7bc8-4526-a0cf-3586b747e4f7,https://uwinnipeg.on.worldcat.org/oclc/232114780
5745,4388,c1334e1f-40b8-4868-9a8b-f9633b1e4eb4,adc21045-f426-411a-bdca-4b2b0ebf986f,https://www.imdb.com/title/tt0701300/
5746,4388,12d70c4a-ecce-4efa-baff-f481f6259de1,adc21045-f426-411a-bdca-4b2b0ebf986f,https://uwinnipeg.on.worldcat.org/oclc/232114780
5747,4389,b85c829d-56b3-480c-8be4-30fbcb9dba38,168daf12-7466-42e5-bf6c-851bdb08f1a2,https://www.imdb.com/title/tt0701299
5748,4389,53ccf7f4-801f-4302-b19c-437adc8f5ce4,168daf12-7466-42e5-bf6c-851bdb08f1a2,https://uwinnipeg.on.worldcat.org/oclc/232114780
5749,4390,dbc0307d-7d0b-40bd-8c9c-0b1cb15fcb2b,94c43f5d-596d-4010-bea1-de3f4181c944,https://www.imdb.com/title/tt0974872
5750,4390,017ec648-8bf7-4a92-98d7-5d1e92b5f476,94c43f5d-596d-4010-bea1-de3f4181c944,https://uwinnipeg.on.worldcat.org/oclc/232114780
5751,4391,b9f728a0-780e-4ea9-b7df-5ab86264f165,ac403dfa-525e-4cc5-9647-399081e74c32,https://www.imdb.com/title/tt0974388/
5752,4391,deeb5fc4-8a2f-41f5-a342-96db5f8c7d70,ac403dfa-525e-4cc5-9647-399081e74c32,https://uwinnipeg.on.worldcat.org/oclc/232114780
5753,4392,b1d0f296-bba4-4f16-8e88-7b448f7227af,6bbadc50-e34e-415e-a111-f5b9d71a6c8d,https://www.imdb.com/title/tt0974863/
5754,4392,48739a2c-b620-456e-9a12-bd37946bb391,6bbadc50-e34e-415e-a111-f5b9d71a6c8d,https://uwinnipeg.on.worldcat.org/oclc/232114780
5755,4393,c7c7e521-f313-4dca-86c1-5737fc79adaa,2ce0febf-3703-4287-9ab6-2c040b9dcc6a,https://www.imdb.com/title/tt0974878
5756,4393,835708c8-9947-45f3-9f32-57a05334ba44,2ce0febf-3703-4287-9ab6-2c040b9dcc6a,https://uwinnipeg.on.worldcat.org/oclc/232114780
5757,4394,ec7bc0e0-6e4b-4851-b28f-63ebbf279216,8e5413e5-6e8c-4585-9241-24a337f7ccef,https://www.imdb.com/title/tt0974867
5758,4394,bd97c34c-9a8e-4f5b-bcac-fd7bf0582df8,8e5413e5-6e8c-4585-9241-24a337f7ccef,https://uwinnipeg.on.worldcat.org/oclc/232114780
5759,4395,c6b84563-29bc-49e0-83a4-61785d01905a,081d55e5-f3ea-4b7f-8fc9-58306d2078a0,https://www.imdb.com/title/tt1089476/
5760,4395,001864f0-9921-44b5-b70b-c3b7b8ddebe7,081d55e5-f3ea-4b7f-8fc9-58306d2078a0,https://uwinnipeg.on.worldcat.org/oclc/232114780
5761,4396,82e064c0-27aa-4cd6-a33e-3dcdd982a13b,192d6be9-3932-442c-9728-36922ebf4075,https://www.imdb.com/title/tt0974386/
5762,4396,daf390be-1fcb-456a-a9c5-2a87565619ea,192d6be9-3932-442c-9728-36922ebf4075,https://uwinnipeg.on.worldcat.org/oclc/232114780
5763,4397,a3c2884b-4ead-4f8e-85c6-82668511fc50,718b2dab-16b8-45a4-a808-36cf18183fa9,https://www.imdb.com/title/tt0974865/
5764,4397,0aa5d998-3af9-4efc-90ed-a0f252c6543d,718b2dab-16b8-45a4-a808-36cf18183fa9,https://uwinnipeg.on.worldcat.org/oclc/232114780
5765,4398,0c8e5a97-6bd3-4a01-9296-d3f6831af405,1fbf908f-2546-42d9-b307-3b13b48a63ff,https://www.imdb.com/title/tt0701301/
5766,4398,cb074d91-41b0-4eb2-b270-b2c0abda9682,1fbf908f-2546-42d9-b307-3b13b48a63ff,https://uwinnipeg.on.worldcat.org/oclc/232114780
5767,4399,732ad3af-be90-4095-abc2-014364488bc5,0bd57c90-3553-44a2-af4b-50235d767471,https://www.imdb.com/title/tt0974874/
5768,4399,cc84c068-7f8d-4384-a9b4-7bde799c9de2,0bd57c90-3553-44a2-af4b-50235d767471,https://uwinnipeg.on.worldcat.org/oclc/232114780
5769,4400,76ca48d6-8d53-4fb1-a18a-a87ba310a76b,a8b60511-c8f8-41ec-affe-0c4e4e974db6,https://www.imdb.com/title/tt0974387/
5770,4400,b80b29ba-a994-416b-9b09-2ff9eb7241b7,a8b60511-c8f8-41ec-affe-0c4e4e974db6,https://uwinnipeg.on.worldcat.org/oclc/232114780
5771,4401,4e00ba89-e8c2-4be7-bb76-93a21f99233d,1dddcbfa-ecd7-4517-9cf8-8444598d1848,https://www.imdb.com/title/tt0974868/
5772,4401,9c0a33b0-395e-4351-a435-8a00b225934e,1dddcbfa-ecd7-4517-9cf8-8444598d1848,https://uwinnipeg.on.worldcat.org/oclc/232114780
5773,4402,d3d41225-5513-4070-a447-c725596b9d0e,e2143bf8-b767-45ce-9619-2164d558a133,https://www.imdb.com/title/tt0974870/
5774,4402,96874a07-a5d5-4b17-bdd9-d47a15877288,e2143bf8-b767-45ce-9619-2164d558a133,https://uwinnipeg.on.worldcat.org/oclc/232114780
5775,4403,3c536e69-f740-4d37-ba18-caa87bba06bc,5ada11d4-1627-462b-87f7-300a89978f44,https://www.imdb.com/title/tt0974877
5776,4403,977e2d77-3e70-4857-b9e2-097cd983c5c8,5ada11d4-1627-462b-87f7-300a89978f44,https://uwinnipeg.on.worldcat.org/oclc/232114780
5777,4404,674f6662-7fc5-4237-a31d-176afda615b8,2a74c23b-ff06-4ade-99a8-d2c2e4421ae0,https://www.imdb.com/title/tt0974862
5778,4404,957253c2-1ecc-44f0-b257-91387a610b10,2a74c23b-ff06-4ade-99a8-d2c2e4421ae0,https://uwinnipeg.on.worldcat.org/oclc/232114780
5779,4405,42291b09-d3c9-42f5-9889-e60e5f65de2e,51433ae0-ca2b-47b1-83b4-cdc7eb579b0a,https://www.imdb.com/title/tt0974871
5780,4405,2a42e678-451c-45d1-b98b-ded480d67cb4,51433ae0-ca2b-47b1-83b4-cdc7eb579b0a,https://uwinnipeg.on.worldcat.org/oclc/232114780
5781,4406,72084d29-6db0-4f86-8c3d-6daf64800f05,4aeec546-ef33-4ebb-a0fd-0090ea1a1d03,https://www.imdb.com/title/tt0974866
5782,4406,dd88a6e9-1ff9-4278-ab4d-1bb5b84e397f,4aeec546-ef33-4ebb-a0fd-0090ea1a1d03,https://uwinnipeg.on.worldcat.org/oclc/232114780
5783,4407,1cc960d4-7c62-4c7b-90ad-14fa2846cb37,220d3222-1936-4d77-816b-d479278ac983,https://www.imdb.com/title/tt2132486/
5784,4407,61d93a53-fbb3-492a-a11c-d9cf9286d2d9,220d3222-1936-4d77-816b-d479278ac983,https://uwinnipeg.on.worldcat.org/oclc/799902356
5785,4408,6687d1bc-7eed-4464-a0cd-84c34627d700,1325f905-f692-43c7-a24d-1ada5575f097,https://www.imdb.com/title/tt0092239/
5786,4408,efca0207-0592-4545-ace4-d29d7af92fde,1325f905-f692-43c7-a24d-1ada5575f097,https://uwinnipeg.on.worldcat.org/oclc/319767102
5787,4409,78ce488a-e9a3-4f8c-a056-421bed470973,aa117ef8-5c21-4396-b8e6-17f3e21c0236,https://www.imdb.com/title/tt0468492/
5788,4409,efd6e37a-a49f-4642-a118-2c2bbd88dedb,aa117ef8-5c21-4396-b8e6-17f3e21c0236,https://uwinnipeg.on.worldcat.org/oclc/977837786
5789,4410,d879a2bb-d4cf-42aa-8aa8-cfd12861c602,8bc3b9e0-df30-41b8-a826-37fa4a95b6dc,https://www.imdb.com/title/tt1461418/
5790,4410,895ca7b3-d475-4788-a6d9-28f9311e8716,8bc3b9e0-df30-41b8-a826-37fa4a95b6dc,https://uwinnipeg.on.worldcat.org/oclc/747717229
5791,4411,c49030c9-df7c-43f6-80a2-2a27e5c47601,4dd6fb6f-3f2f-4d22-8bbe-105eac0eb866,https://www.imdb.com/title/tt2077908/
5792,4411,affcb90a-ae41-41b7-a035-fca34e215e0d,4dd6fb6f-3f2f-4d22-8bbe-105eac0eb866,https://uwinnipeg.on.worldcat.org/oclc/882911832
5793,4412,76933e75-29c2-475a-9af4-08cf187fd7dc,5d5c7cea-49f4-44b4-a027-d9c7b37e0fa5,https://www.imdb.com/title/tt0918628/
5794,4412,abb84f48-e373-496f-8a28-735a46fe643e,5d5c7cea-49f4-44b4-a027-d9c7b37e0fa5,https://uwinnipeg.on.worldcat.org/oclc/234091052
5795,4413,d4701b8c-413b-4102-aabb-ad81d62a238b,ce1d4cf3-14fc-4f99-aac1-c9e6471e37b0,https://www.imdb.com/title/tt0761882/
5796,4413,62f8a6b1-8bff-4528-b0f3-7b8a38edeb4c,ce1d4cf3-14fc-4f99-aac1-c9e6471e37b0,https://uwinnipeg.on.worldcat.org/oclc/47124263
5797,4414,778a5dea-3824-41fa-881c-e9a985f52464,1e94d074-efa8-447b-bb67-ac305bbd160d,https://www.imdb.com/title/tt0761885
5798,4414,e6b839ad-2323-4d0c-8009-9443c6c93745,1e94d074-efa8-447b-bb67-ac305bbd160d,https://uwinnipeg.on.worldcat.org/oclc/47124263
5799,4415,81eba4f7-d5a7-4458-8fc9-0f55b79a36e1,54330ea2-577c-4a17-8c7e-9e9147df7a36,https://www.imdb.com/title/tt0761874
5800,4415,85ed76e2-63c7-48d1-b43f-b0ee73ae9100,54330ea2-577c-4a17-8c7e-9e9147df7a36,https://uwinnipeg.on.worldcat.org/oclc/48547065
5803,4417,85988f0c-b06a-4a13-8fae-8fec934419a3,834d35ab-60ab-4e2b-bda6-9b3c826a9b3d,https://www.imdb.com/title/tt0761884/
5804,4417,5656cc81-7532-4b78-a01d-7d9ae2316f1a,834d35ab-60ab-4e2b-bda6-9b3c826a9b3d,https://uwinnipeg.on.worldcat.org/oclc/48547065
5806,4418,f42ee8bf-84ff-4b15-bfae-2e32884069f6,0b20b736-0a39-4ea5-9459-b3937d0bc085,https://www.imdb.com/title/tt0761878/
5807,4418,d1673999-8a2c-40cf-b811-e64b7e73b8da,0b20b736-0a39-4ea5-9459-b3937d0bc085,https://uwinnipeg.on.worldcat.org/oclc/48547065
5808,4419,ae6a0aa0-649a-433b-97a0-02d1429c5963,fef50277-e086-4a93-b739-e70ac3504c36,https://www.imdb.com/title/tt1300074/
5809,4419,caca700e-61be-4899-8ca4-c54c2f2afe1b,fef50277-e086-4a93-b739-e70ac3504c36,https://uwinnipeg.on.worldcat.org/oclc/48547065
5812,4421,4c6e91c5-5160-4f14-a501-0c6ef51bc96d,6a073a22-5288-4f43-bf83-00ad71c6ac91,https://www.imdb.com/title/tt0761880/
5813,4421,887611dd-10b5-402f-b244-37dfd6b2682f,6a073a22-5288-4f43-bf83-00ad71c6ac91,https://uwinnipeg.on.worldcat.org/oclc/48547068
5814,4422,4eb30951-8457-4e19-a789-230fbd3aba74,752a7615-1696-4240-9a59-e9b6f0cf024e,https://www.imdb.com/title/tt0761881/
5815,4422,341dbab7-7dec-4eb4-a861-52a727166d39,752a7615-1696-4240-9a59-e9b6f0cf024e,https://uwinnipeg.on.worldcat.org/oclc/48547068
5816,4423,aed96a26-bf77-44b4-81f7-4c2d563237c1,5057df50-d303-44b5-b444-5ab1aed6d313,https://www.imdb.com/title/tt0761875
5817,4423,f80b2833-c643-432a-a7e0-621dd3c515ae,5057df50-d303-44b5-b444-5ab1aed6d313,https://uwinnipeg.on.worldcat.org/oclc/48547068
5818,4424,2e963736-d8eb-463c-83f6-92a79e2d605c,c7c28614-d758-4cc8-94bf-cc9abd9a5c6f,https://uwinnipeg.on.worldcat.org/oclc/460677355
5819,37,65eb3304-7e3a-4d36-b41b-0e19f4daf6c8,ac7790e0-6218-45d2-8572-d5be0dd2b789,https://uwinnipeg.on.worldcat.org/oclc/46378839
5820,60,f004c214-fb83-4f7a-9a26-7e252de9ea8e,aadffcfc-3fd1-4da3-90d4-1796ee9cd21b,https://uwinnipeg.on.worldcat.org/oclc/46378839
5821,4425,969da709-8a53-4897-b44c-83df61f13a43,f751f02d-3e79-4b1a-ac67-ac1751505b97,https://www.imdb.com/title/tt0112389/
5822,4425,0e8e4aca-d749-4118-b398-ef4480967cb5,f751f02d-3e79-4b1a-ac67-ac1751505b97,https://uwinnipeg.on.worldcat.org/oclc/75661642
5824,4426,27c372f1-7251-4a36-8074-b7881f566f2b,e0ad98cc-73c5-4b5f-882e-838b28d59d60,https://uwinnipeg.on.worldcat.org/oclc/1029203287
5827,4428,3b23529d-d0f9-4fe8-bbb0-6dab7c658e77,c759db02-c998-4200-85c3-18dc0201f562,https://uwinnipeg.on.worldcat.org/oclc/1042191492
5828,4429,cec39a6b-03df-459a-ad35-b4b81abaa17c,ed49ad7c-d91d-4f28-9f73-7a9158f663f3,https://www.imdb.com/title/tt0065622/
5829,4429,4de00ec5-7c61-4a81-9952-efb23eddd167,ed49ad7c-d91d-4f28-9f73-7a9158f663f3,https://uwinnipeg.on.worldcat.org/oclc/51213999
5830,4430,ea851546-a056-4835-a053-a9f00fa39d86,fc0d294f-9243-4d26-b36b-b57011ca5083,https://www.imdb.com/title/tt1189073
5831,4430,a7eb5a83-945d-4dc7-b338-da7a40218726,fc0d294f-9243-4d26-b36b-b57011ca5083,https://uwinnipeg.on.worldcat.org/oclc/769825435
5834,1136,49d9af2e-a916-463f-9910-b861b72fb660,e3b34739-0aa4-4fcd-b115-e1f88899739e,https://uwinnipeg.on.worldcat.org/oclc/1124086859
5835,4432,680e3437-4503-4cde-b7f6-286c2d718549,d8414578-dcaf-469a-8e59-b70a487e0986,https://www.imdb.com/title/tt0115640/
5836,4432,c76a98cf-1e5b-44b4-9d63-80a80bcf0cfe,d8414578-dcaf-469a-8e59-b70a487e0986,https://uwinnipeg.on.worldcat.org/oclc/416176298
5837,67,61ab08d9-2b87-43c5-89be-d9434d1594ea,68229bdc-2095-4fda-8beb-8967b6e071d5,https://uwinnipeg.on.worldcat.org/oclc/38164457
5838,4433,b89d3118-2d66-4ead-8928-a0a6ca1634f6,90522fe3-fd7c-417a-ae4b-004de7ac487f,https://www.imdb.com/title/tt0596114/
5839,4433,bcbacd80-4a48-44a1-b49b-23032d80c1cb,90522fe3-fd7c-417a-ae4b-004de7ac487f,https://uwinnipeg.on.worldcat.org/oclc/54837876
5840,1495,7775a72d-1193-45fe-be65-c9c617bd43e4,50b0787e-51e4-4dde-a2f4-3ae71c60fda1,http://www.animator.ru/db/?fid=2949&p=show_film&ver=eng
5841,4330,d193de1a-088e-43a3-a6ca-48afff50bc40,192fb300-b796-412f-92dc-924eb67e4092,https://www.kinopoisk.ru/film/692718/
5842,4322,9f0a142c-f50c-4a8e-9346-34c5be5b34e0,b63f50ee-a376-4690-aeed-01901b903f68,https://www.bcdb.com/bcdb/cartoon.cgi?film=99514
5843,4434,275b50c4-dbae-4881-bc1c-e248f968bdac,ca47066b-55db-4c4f-a3a5-d13dd9c1f81f,https://www.imdb.com/title/tt0145645/
5845,4443,571e2ab8-0432-48ff-9a79-eded7cf6096a,65e32179-93db-4ac2-8616-4f0403d6ef6f,https://www.imdb.com/title/tt6971342/
5847,1173,852ed5fe-743e-497b-b8bd-7d0ee48f1128,217ddf06-e0df-43c7-acc7-ea38d5c133ad,https://uwinnipeg.on.worldcat.org/oclc/1113942279
5848,326,c2fd7c88-41a5-4189-afda-44fb05604c92,7af09631-781a-4032-861e-fbd26d7d39c0,https://uwinnipeg.on.worldcat.org/oclc/1120053270
5849,326,3c3021a1-63c2-437a-9e98-7f8fc2b237ec,7af09631-781a-4032-861e-fbd26d7d39c0,https://uwinnipeg.on.worldcat.org/oclc/1120055509
5850,1173,16d0d8c6-0ba4-47a0-8c97-035cbe455ce4,217ddf06-e0df-43c7-acc7-ea38d5c133ad,https://uwinnipeg.on.worldcat.org/oclc/1120055847
5852,4449,d148755d-aae7-41a7-92bc-84c62cb419e6,389686a1-a4d7-4355-9c46-bf8055651710,https://www.imdb.com/title/tt6405722/
5853,4450,aa89160b-1472-4332-afd5-a3bf6800e1a8,d5d59875-4bbb-4e8a-a8d4-7fe8c53cb12a,https://www.imdb.com/title/tt2393866/
5854,4454,9e303921-d93c-42f2-b3df-1c5babfce1bd,e673e270-8ee1-4b36-9700-6aa85bac3c04,https://www.imdb.com/title/tt2235736/
5856,4457,fc18f2b7-34c7-4097-9988-cc453c464354,a9bccbe7-bed9-4c1c-8025-5471fa38df93,https://www.imdb.com/title/tt6484796/
5857,4458,aa655025-45bd-411e-a622-96b5b17a648e,9f1938c6-0889-4173-990e-9c7051142afb,https://www.imdb.com/title/tt2482108/
5858,4459,30310c8c-611d-4167-b48d-20ba7479f138,a64a5579-883f-4bb5-908f-71c96cdb0468,https://www.imdb.com/title/tt4857370/
5859,4465,f5ed051b-c583-4238-8433-2308402b7416,a85a9a79-b513-4f1b-a9bf-a07d5da77d4a,https://www.imdb.com/title/tt5108294/
5861,4469,de879bec-4e35-4eb6-8e19-1529efd410e1,1c16af8e-14f3-4804-8dcb-982ce4d31932,https://www.imdb.com/title/tt5563508/
5862,4470,82a1c219-b43b-4dc0-812c-bd9d5daf46e7,5b1d3d61-2b70-470b-acc2-5c471bb848c5,https://www.imdb.com/title/tt5567840/
5864,4474,cdc3e1a3-386c-441e-a92e-1b99db45382e,218bc2e5-6eb2-4d79-be1b-e23c7b642e1a,https://www.imdb.com/title/tt9086228/
5865,4475,784c4689-14a8-450a-be9d-8f163df78720,4be96411-c971-47db-b507-88131239934a,Priklyucheniya Nesterki
5866,4475,fb43cb0b-294d-40fb-a02b-66c2cdf95368,4be96411-c971-47db-b507-88131239934a,https://www.imdb.com/title/tt2756602/
5867,4478,438d7e56-ef86-4bb7-ad37-f2c032d7e520,31c566ce-f9e0-4abd-83e7-4eb6ab94d0db,https://www.imdb.com/title/tt3674930/
5869,4480,6cd1ec4e-742d-4731-9c8e-013c3e655e5f,40abb082-b27d-4857-a57e-0e7b1ceedf63,https://www.imdb.com/title/tt0118617/
5871,4482,e457a7e3-8dc1-418c-9351-36b984d86768,a854975c-f128-4685-bd38-feb9f7e4a709,https://www.imdb.com/title/tt0110763/
5873,4484,3d1dadac-fba9-4b75-aee5-fa7330fe5d2e,65e78b31-a1ae-4c37-9744-d7f03c37a9c4,https://www.imdb.com/title/tt4057376/
5874,4485,7858b456-1812-41f8-b64f-901d92d96508,5e0f5c4b-093f-4d67-a4b8-92e00b64755f,https://www.imdb.com/title/tt3276618/
5875,4486,86a8e057-9c2a-4b8e-a48a-e2cde354688b,13d3ec48-5dec-42e6-8b94-d20fda2ffff4,https://www.imdb.com/title/tt11232200/
5876,4487,47d5d987-1fda-42ac-a220-e792114efac1,f76904c4-b91b-47f3-a8e4-7a8f50561d21,https://www.imdb.com/title/tt6198028/
5877,4488,e4926bd6-c168-4d35-b79c-534adb914285,3186aef6-bd12-4a2c-af53-27db1cf1d2d8,https://uwinnipeg.on.worldcat.org/oclc/460677355
5878,4489,761cac12-d753-46d0-b23e-9ae02c660860,b26bdfad-15a6-49e9-9cf1-ca31c8f8cb6a,https://uwinnipeg.on.worldcat.org/oclc/54783807
5879,4489,2aa6000c-471b-42ca-86bb-7b0858467bf7,b26bdfad-15a6-49e9-9cf1-ca31c8f8cb6a,https://www.imdb.com/title/tt0016845/
5880,4491,d63d9569-cb33-4c6e-8831-014c2a83bf1f,3c409fb2-27d2-4632-ac14-6ec5401a7e90,https://www.imdb.com/title/tt0494479/
5881,4490,c03c8f2b-bf61-44d6-a861-85aebff4c03e,d618a811-b67b-4514-82e5-9f8fc8490383,https://www.imdb.com/title/tt1003532/
5882,1575,b0cf1926-b780-4e96-b62a-d0ddb79f1031,c50e494d-0943-47a5-9d88-6376abdf0878,https://uwinnipeg.on.worldcat.org/oclc/244103648
5883,1576,7efa7b89-7c65-4588-aa3d-85d3e7b79a00,f2146025-d23d-44dd-8f1a-d5dc67c8e330,https://uwinnipeg.on.worldcat.org/oclc/762567288
5884,3464,bf271aad-247c-4620-b58c-ec7d55d9c00a,64387b1a-e157-46c0-9b47-1ff2f7a6afda,https://uwinnipeg.on.worldcat.org/oclc/762567288
5885,3573,a183808d-f1b1-430b-a902-f2c33302c6a9,d66a9e81-4bca-447d-9bef-453413b4b556,https://uwinnipeg.on.worldcat.org/oclc/965755780
5886,903,6b2d2dc6-c7af-43c7-994b-4448e7ffd3e0,80fb65c0-6c65-4374-bef4-8e4d5ca12380,https://uwinnipeg.on.worldcat.org/oclc/86105768
5887,1251,59c53510-793c-4991-aeb7-270b42323e20,495636cb-b997-47a5-a998-49fb77bf2bfb,https://uwinnipeg.on.worldcat.org/oclc/86105768
5888,1944,faeef60e-8d06-451e-9484-c9b50bdf82c2,0f93434a-3733-4ad6-b191-c74360b635f3,https://uwinnipeg.on.worldcat.org/oclc/86105768
5889,138,db2b78e6-385d-42d8-a198-776e74419b32,5dc1a841-4b69-4141-8854-11b8d351ac3f,https://uwinnipeg.on.worldcat.org/oclc/86105768
5890,1566,80ec8b79-d932-4929-a0bf-83e9e5b40572,9bd0cdcb-56ca-457b-a069-4a04c12f0c3d,https://uwinnipeg.on.worldcat.org/oclc/430711522
5891,1507,dd094ba3-0923-43e5-871a-d58131b5bb19,9d39c168-cab6-4872-8713-1859361410ce,https://uwinnipeg.on.worldcat.org/oclc/430711522
5892,1669,1cdc214f-080e-43e7-8f60-b349ac526326,dd4fc060-ba36-4232-a3f3-77fce2278fab,https://uwinnipeg.on.worldcat.org/oclc/430711522
5893,142,4156adab-52fc-4e9e-a18c-692898995f2c,22bdb454-c091-462e-8710-8f6c0d0d788a,https://uwinnipeg.on.worldcat.org/oclc/191900632
5894,143,17f66c76-37fc-4634-9d09-4c7287651616,f6356eb9-9a5f-44e1-ad27-d82642ac0418,https://uwinnipeg.on.worldcat.org/oclc/681425353
5895,1319,08b560f9-a930-4e66-8461-8c86ac22a5e2,469304d5-0b43-4cbf-83c8-f6b5de7c7e0d,https://uwinnipeg.on.worldcat.org/oclc/681425353
5896,1729,ef5e1ff1-f373-46a8-b392-0cffb2016c5d,321de6e4-e697-4d30-af84-662b3cff6b02,https://uwinnipeg.on.worldcat.org/oclc/743138664
5897,3852,6394f6c2-7e36-4410-a15d-e8cc9c68d891,45b2045d-8349-41cb-b05c-6e1ab0e9f783,https://uwinnipeg.on.worldcat.org/oclc/743138664
5898,87,91287aa1-7afc-4d73-9a37-60273a9e4dc9,049ce43c-1486-4be0-8bb6-eb88e9b7915d,https://uwinnipeg.on.worldcat.org/oclc/743138664
5899,4492,5454dad6-6208-4186-a0c1-691f5546f2bd,a62f417f-cc9a-447d-9aed-34c5154bb3d0,"https://www.imdb.com/title/tt10326928/ "
5900,4493,b9d61150-7fc7-4db5-bd9d-054e68272d97,b3321132-9291-4c80-a36c-6f38d5b748d2,https://www.imdb.com/title/tt0380724/
5901,1862,5f39fee7-fc53-412c-9060-60068b749f1c,178ac081-4ed8-41c1-a579-4e1282562104,https://www.imdb.com/title/tt0258401/
5902,4494,e65b268f-e9e6-4d01-b6cb-190ca8ef114f,15b26fbf-d2ad-4517-bc3c-2086ed31d9c9,https://www.imdb.com/title/tt0044340/
5903,4495,f3e84357-bac3-4797-9bcb-6dd7e0be1fe8,f98b1f06-0fb5-4d94-bc80-4ce81625aaf7,https://www.imdb.com/title/tt3982118/
5904,4496,920f64c6-6f4d-48ce-b5ad-47fb8cd2cdcf,a2e233d7-ab21-4ae3-a4fe-8ee7323c9458,https://www.imdb.com/title/tt0013925/
5905,4497,617ec4c5-7ed8-4a32-a13b-b18a32c8d3b0,1e9bcd74-5a79-469d-a361-0b24b1d08eb9,https://www.imdb.com/title/tt0024978/
5906,4498,f527317c-d9e7-4904-8b40-00b62fc855f5,1f6f4353-e128-4235-90b0-9f29a4b88b94,https://www.imdb.com/title/tt0317069/
5907,4499,e9b30e7f-122e-493b-9c61-a5d2fbcabddb,2bd4679c-134a-4a19-a5cd-69a179b8129a,https://www.imdb.com/title/tt2147597/
5908,4500,59e384c4-3881-4385-8cac-76d42e3bb922,8ccf7336-aa20-4698-bab7-87ed187e3f61,https://www.imdb.com/title/tt4163020/
5909,4501,294206f1-3510-4878-8d25-dd9605a1d2f4,9aaa51e7-bd77-4ca4-813d-bb5d24c1fd68,https://www.imdb.com/title/tt0054911/
5910,4502,0eb3e003-3ae8-4c29-b0a5-157e8218092c,34689a81-bd5b-404b-a1af-d39cba0d6316,https://www.imdb.com/title/tt2112281/
5911,4503,e914a845-d4a0-434a-957b-fdb502d57755,29dfacaa-739d-4222-8851-b0c7eb9c532c,https://www.imdb.com/title/tt4637028/
5912,4504,7786dfb3-5255-4e90-9aea-015ae86dc444,8ba61ab8-e770-42da-9aba-cf3eec09a629,https://www.imdb.com/title/tt4641286/
5913,4505,2c43e107-34cd-48e5-ab02-a6c2e43245e4,048658ab-de50-427f-83c2-af4940899495,https://www.imdb.com/title/tt4643142/
5914,4506,404d8011-96db-4d0d-8243-562cfc14411c,503dd15b-3e11-4f9f-ba4c-dc9bd1d3f365,https://www.imdb.com/title/tt0056975/
5915,4507,1c2e8881-8705-47a3-98b5-9088b3518815,c16b63af-2431-4ab3-8f76-8725e7e767b3,https://www.imdb.com/title/tt2631012/
5916,4508,faa6f070-8604-4788-935a-ad5e9a1c64cc,de32b061-b235-466d-bff0-0568b7fc4cce,https://www.imdb.com/title/tt0138074/
5917,4509,2ce15b08-26ee-4f1d-bc54-ecdfb79df9cd,36ded071-408b-4795-9dea-2f27037e1af9,https://www.imdb.com/title/tt0124782/
5918,4510,8bd426d3-7647-48eb-a849-3bec49c8e874,792e7366-eea7-461b-a3e9-4fb56b44c068,https://www.imdb.com/title/tt6712330/
5919,4511,388080ee-5d81-4fb6-83e1-d3ff4992db5f,bc92fb9b-a2ee-4ed7-9a44-1eef453d5811,https://www.imdb.com/title/tt5493944/
5920,4512,f58fe9a0-6f4d-4917-9a00-df00e108ef8f,1d821b8d-b350-4646-a3ea-b99e5c88614f,https://www.imdb.com/title/tt8255452/
5921,4513,46834699-e230-40a7-86ad-9deda61b62a8,b6cef870-2298-4f31-8058-dad01f9884a7,https://www.imdb.com/title/tt0024977/
5922,4514,10fcb34f-6bec-40b0-80b4-f89fdfc3027a,f51f841d-9522-41f6-99a4-8d2ce9c08b74,https://www.imdb.com/title/tt0046929/
5923,4515,dc10d174-6126-478e-9f9a-69e34696853f,7e902ba0-fcb6-4df2-b841-247129d0bc83,https://www.imdb.com/title/tt0193044/
5924,4516,970386af-513d-4349-8299-cd7c932fb35d,78079886-59be-4007-b5a7-a5b7c4cf2943,https://www.imdb.com/title/tt0060368/
5925,4517,6accfedc-f65b-4533-b9a9-a7dbab29c110,b457517d-b3ad-4b85-9df6-983e202019e3,https://www.imdb.com/title/tt0055474/
5926,4518,dc6d742e-925c-450c-a4fe-fe591e021bd5,95a41313-7ded-441c-9763-032e3f27e7ce,https://www.imdb.com/title/tt0129411/
5927,4519,d4a9ff2a-03be-4d22-a2ea-0f61a159fb57,a7f3de30-abf9-4ad3-a37e-20247b874504,https://www.imdb.com/title/tt1943850/
5928,4520,f45a5e60-637b-42e3-b56f-965e3141b3f9,992fc83d-20ee-4d6b-811e-a38819a43f17,https://www.imdb.com/title/tt0122535/
5929,4521,da8e09ae-77e3-4795-ac77-77ee05f506b9,f00f8924-3cc5-4bfd-a926-9e21f424c3bb,https://www.imdb.com/title/tt1179072/
5930,4522,d1501212-94ec-4105-b98e-eb4dc906a81e,f68a563c-dbaf-4f40-9f6f-efc05e75f7d8,https://www.imdb.com/title/tt0044198/
5934,4526,54a71ae7-8d17-4868-80fe-64efe7220753,459aea3b-4e82-4b4f-b3da-a631a497c4ec,https://www.imdb.com/title/tt1135924/
5935,4527,23042dbf-d89c-48db-a1ec-990d3d8be27a,c40e92cd-be75-42f8-b161-4a4be7c1e148,https://www.imdb.com/title/tt4429160/
5937,4529,d7fbd2d2-9687-4cd8-9c59-aa8413f034a1,4e85a07e-72e0-439a-aba4-20702145e69d,https://www.imdb.com/title/tt0049969/
5938,4530,7125d1e0-7715-4847-9b18-2fd359b2fd90,98004765-12f5-4528-bde5-54b96d4cb75d,https://www.imdb.com/title/tt8006374/
5939,4531,fa057f5f-a59c-4bc6-a477-3dc25c749fb3,53942897-fe80-4547-b2a0-e4f70a8abcdc,https://www.imdb.com/title/tt0142399/
5940,4532,913fb8fd-e7dd-46dc-91ed-709d361f4fb6,4eb7c0a5-37bc-4131-9a58-01fb800c3fd4,https://www.imdb.com/title/tt3108584/
5941,4533,1c179f51-9110-486e-8539-e08fad03dd33,6f52bcde-503f-4e70-9e82-a30c9fd7e763,https://www.imdb.com/title/tt2552498/
5942,4534,133efe72-7037-4523-8f85-3900fe92d1b5,fc72b23a-2136-4d4a-8483-30b851a5b641,https://www.imdb.com/title/tt0086160/
5943,4535,5a480508-262b-4ca5-82ae-185488346a06,414dfeeb-b92d-422b-84d3-060b82631a1b,https://www.imdb.com/title/tt1073670/
5944,4536,67dce28b-292b-47df-8520-51bfdc2ad103,6a2422bc-0616-4ad9-ae9f-9da6dfb38288,https://www.imdb.com/title/tt0202239/
5945,4537,b57f470e-b413-42f9-9b2a-723d014b5309,68c768e0-0859-4faf-a1ce-9ea3e0105569,https://www.imdb.com/title/tt0078349/
5946,4538,55751648-1a80-4ff2-b145-8cdfd7929a77,c0aaddc0-2cac-4657-8f08-eb70b239331e,https://www.imdb.com/title/tt0999910/
5947,4539,45612d2d-32d3-4cdf-a523-58b37fb81344,263476c9-7753-412a-a7bf-299bc789bccd,https://www.imdb.com/title/tt0204541/
5948,4540,9f60a0ce-5498-43f5-ab0e-4e35f2742856,10fac778-4423-4c8d-93d8-1b42ca4f42bd,https://www.imdb.com/title/tt0066781/
5949,4541,51fe4f85-b975-4fc4-9ac0-de48c6f5de3e,a7737445-34d2-45a0-a0f9-187f53a93089,"https://www.imdb.com/title/tt1818377/ "
5950,4542,4e127b99-b1a8-4c93-acba-13dacf4853e8,7ab60e85-57a7-45cd-b6a7-6503180c0c48,https://www.imdb.com/title/tt1169147/
5951,4543,3c4284fa-3c39-429d-a50e-ed8a50d11af8,6dee361b-10f6-4106-bf5e-9391ff428c28,https://www.imdb.com/title/tt0879812/
5952,4544,7ebbda06-7aa3-4a80-87e0-1019deb480c1,17a2cfa4-7876-4919-b1bf-ac3a3098957a,https://www.imdb.com/title/tt4693398/
5953,4545,427c7f1d-0c1b-437b-9de0-7d97b4ca5b99,67c42b6a-0f30-4b91-8bd0-034dfd865a06,https://www.imdb.com/title/tt1344107/
5954,4546,f78f6ddf-fd5b-42fa-b6bf-15a2f2b08b8f,8e335ec8-c393-4ec5-9c76-cf2d41d21705,https://www.imdb.com/title/tt1614343/
5955,4554,5fff04ec-a9c3-43a2-9d07-89a6d9be439c,2246f6be-4412-4241-ba6d-07c3226fa6de,https://www.imdb.com/title/tt0057669/
5956,4555,06ab496c-47cd-4a1c-9616-f8ceb26d122e,ae9dd29b-1866-43a8-8c6f-67090581dbd1,"https://www.imdb.com/title/tt0039240/ "
5958,4556,119e48d6-ee34-41ec-92c0-959e1dbf51a1,b7ef20f5-9ad0-4da1-99bf-15702d64efb7,https://www.imdb.com/title/tt0207370/
5959,4558,3d6286dd-7132-4fcc-90ec-0a9b1f62e53e,8321fe9d-c880-4eb7-8e63-a925dae7be63,https://www.imdb.com/title/tt6069442/
5960,4559,07046d5f-a5e3-4dcb-8822-d3661e595626,4dbd2d77-1def-4a9b-9a90-a62832ecd24c,https://www.imdb.com/title/tt0032967/
5961,4560,59c3673d-5ab2-440a-b7ca-2fb5f58d29e7,b99d158c-0ad0-40ad-b3ed-c965a8a36cda,"https://www.imdb.com/title/tt0032887/ "
5964,4563,848e3475-21aa-47b4-8526-0efaeca2cfdf,45e027cb-4248-474c-bdc0-46c1d4cebe67,https://www.imdb.com/title/tt0052012/
5965,4564,b83231cb-83b8-46fc-9c55-2417ddedcc64,78a4269e-0005-4ac7-8a93-132a0a552a06,https://www.imdb.com/title/tt8159584/
5966,4566,5c43610b-1cc4-4938-91de-7da54a084455,c3b1980a-8e31-4673-bb91-0df5b15304f7,https://www.imdb.com/title/tt1725929/
5967,4567,f1a20f82-cd2f-4d66-a313-130da574b346,26428d1a-3dba-446c-abd6-9266384ed164,https://www.imdb.com/title/tt0038501/
5969,4569,a626a6e8-5d96-4545-b8f9-789a13b64a26,a3822d08-c807-4398-ad51-c7ff62cbdc06,https://www.imdb.com/title/tt3961692/
5970,4570,5bdeb48d-df65-4a6e-a4b2-6e7813272191,eea9b89e-ef19-4f6f-a2de-896b49fe6a56,https://www.imdb.com/title/tt0036264/
5971,4572,8124df0d-fd24-4474-8978-19a9cd665fc1,edcaf9d7-8c6e-4ffc-8702-9e4aa03d2ca4,https://www.imdb.com/title/tt5915572/
5972,4573,8cbb139f-510e-4883-b3ba-792f9f423887,b1ed9e7c-841b-4122-ac4c-91c45fc90418,"https://www.imdb.com/title/tt6687748/ "
5973,4574,2a8617e2-0014-4fef-b5b2-9e542e4bf3a4,e400f359-4840-4000-8341-c8d0e7b22308,https://www.imdb.com/title/tt7966994/
5974,4575,73c5060c-7455-4cbb-bff0-8463b74aa3cc,ae304088-f594-4e5c-9bf2-c014f227ddb2,"https://www.imdb.com/title/tt10551268/ "
5975,4576,223dac37-d77c-4196-9b84-5038512389f5,ec1de6d4-86af-4633-98b2-e343ececfc86,https://www.imdb.com/title/tt1371638/
5976,4577,96b4e50e-c216-45ca-a69a-5b70e0330b3a,4f246a50-bd3a-4765-88eb-cc835e5deacd,https://www.imdb.com/title/tt0756321/
5977,4578,3d1d231c-f8fa-4a24-8113-f61f73ea6c4e,d31feed8-07a0-459f-8ffa-da8555a92b49,https://www.imdb.com/title/tt0230544/
5978,4579,2286fc17-a31c-4367-913b-1b3151e23bd3,d42bfbe3-0b96-45f3-ac7e-c84efe388e51,https://www.imdb.com/title/tt0054065/
5979,4580,25a2ac82-3d0e-48b1-a142-83b3abece1b5,34a6b6b2-bf3b-47ff-8def-c62d9bb14ad3,https://www.imdb.com/title/tt6175394/
5980,4581,944f1870-0692-4b7b-94f0-70716ae51208,397852b2-a0db-4241-afa7-97bcf47c3dc1,https://www.imdb.com/title/tt1293793/
5981,4582,2d9e9b3a-d1e3-4d9d-af94-87defbdedb70,b929403b-c5c4-40a8-8398-414692cf5024,https://www.imdb.com/title/tt5315110/
5982,4583,967ca98b-a686-449d-88e9-1c94c7d745e7,e9b598a4-e3d5-41f1-b2c0-d5a6771428a3,https://www.imdb.com/title/tt5737408/
5983,4584,fe871237-ee0a-4b0f-baed-ccd18d09a03d,76c79a11-4f85-49b2-a82e-9e730b1ee2d3,https://www.imdb.com/title/tt6803390/
5984,4585,d26b84ec-ed28-42b0-9328-ec26999f444f,5ecca92e-879c-43eb-a6f0-a403e98b71fe,https://www.imdb.com/title/tt1522130/
5985,4586,04f8041f-54a4-4ad3-ab4b-a1ff96ee8ddf,c7954fa5-d082-4aa9-91ee-8f052de9d965,https://www.imdb.com/title/tt11496270/
5986,4587,2627d3ab-c534-4475-91e9-eb5a15dee9e5,d1eb9663-0b8a-4bc8-873d-9b0531d977de,https://www.imdb.com/title/tt4123430/
5987,4588,661bb0dc-d0ed-4ab4-8fd7-ed0f78f34536,195e6d31-1930-4680-9c09-16f36fed99fc,https://www.imdb.com/title/tt0401410/
5988,4589,2b46c80d-05f6-419f-8af7-c324d8fa0aae,63d73cc3-deac-42aa-8bf6-22b923ef4f0c,https://www.imdb.com/title/tt7231572/
5989,4590,24d2b46e-13d6-45cd-bbf4-4a96e951c231,b4c66826-e7e2-46a2-8313-8ef6ecb4badb,https://www.imdb.com/title/tt8716800/
5990,4591,442af0f1-9d07-4390-84e1-cc05b85e62e4,b1ea7da0-d520-412f-8c71-18a3730cb235,https://www.imdb.com/title/tt10607364/
5991,4592,c3ad0f53-dabf-4c4e-8ba7-b677079936bd,2b916819-1515-4daf-9d98-b09772c80372,https://www.imdb.com/title/tt4986460/
5992,4593,b1271780-d244-4080-a3ad-a211d4fda193,f2998e32-eb5f-4f86-966f-b332655336a1,https://www.imdb.com/title/tt6457614/
5993,4594,56062c2d-e557-4525-bb03-3e010e79b21a,fed3b2ca-329f-4866-9c7d-3f3b770eb237,https://www.imdb.com/title/tt7103066/
5994,4595,b27c445a-7f4d-40f1-996b-f1a0f42f63fa,c7aba867-fa7b-4589-9d5e-f65c6e5fc409,https://www.imdb.com/title/tt5089556/
5995,4596,5f779122-70da-4765-845f-0631e80eb34c,f5a6b78a-f2b0-483c-b5b9-8b709b96dab5,https://www.imdb.com/title/tt6359974/
5996,4597,17239639-008b-45c7-a0e5-5b51b3a8b3ca,0ee2b854-a802-4bca-a903-a5c7588a5d94,https://www.imdb.com/title/tt6374802/
5997,4598,0859344f-98e7-4795-a43f-8ce5398acbd1,346818b1-6848-40fb-8ca6-3d624fbe2c26,https://www.imdb.com/title/tt6764258/
5998,4599,61415412-a929-4450-ad4b-59f1366c98e9,48fc5a79-dcff-45b4-837b-9a984d6752e4,https://www.imdb.com/title/tt8907882/
6000,4600,205f36cb-fc70-4981-9ae8-de32517a38e8,1fa47bd7-d9dc-4513-aa69-87ffd0d7f857,https://www.imdb.com/title/tt7258512/
6001,4602,87324b91-68f1-4319-afe2-3d23d964d319,da5e870e-e40b-457a-a066-92d3a08a09c1,https://www.imdb.com/title/tt7672182/
6002,4603,37cd27bc-278b-4fb6-b49a-c7eba6ef46bb,7874d08f-e370-4019-8cfa-7c2f3acf1970,https://www.imdb.com/title/tt8998676/
6003,4604,66aa31c2-ad11-4702-ad38-7eee62d28f27,eca1994a-88ab-4634-83f2-664cf0edbbda,https://www.imdb.com/title/tt2129960/
6004,4605,768be687-42f9-459a-ab90-9f10ca1e5ab2,2e7dca05-bd8a-4ccf-9100-1c2ffd38bde6,https://www.imdb.com/title/tt4863768/
6005,4606,00773eab-f0a4-474d-8181-db1fe9be8d78,f3263664-9d4f-40c4-8740-e138d1d55a40,https://www.imdb.com/title/tt0419644/
6006,4607,c3521041-80bb-4a6d-b41b-31e9f5960ef5,5ed098d8-bddd-4a8b-8eb7-3ef0be1fcdab,"https://www.imdb.com/title/tt6136142/ "
6008,4608,cdd93c7f-8312-4156-8013-519c68531175,f336ec65-35f8-42aa-a7f4-58ae789b60a0,https://www.imdb.com/title/tt0496683/
6009,4609,25baa0c1-f0a2-47c0-a61b-c0eeb96f214b,eab93e03-63f8-464b-8cd5-f9430b9eae7e,https://www.imdb.com/title/tt0160425/
6010,4610,707a485e-829d-4c1c-818f-7fa87025a184,d42f1c33-abbc-4c51-9a6e-f3e130241d52,"https://www.imdb.com/title/tt3479322/ "
6012,4611,27ceb04f-c540-4cbf-8593-17232ee5e7e9,eab62640-7eb3-497c-b7b5-40457a45ebab,https://www.imdb.com/title/tt10497492/
6013,4612,91044424-3ea3-47a3-a699-5d0c6b9b8643,b7b1b009-d573-4906-b59d-e8b102a95ddd,https://www.imdb.com/title/tt0292475/
6014,4613,dc09c721-63bf-48ef-aab7-015ca033c057,1c702864-7cbe-40fd-9053-a3b478533dd5,https://www.imdb.com/title/tt11290978/
6015,4614,577c1b5a-5e0d-4d2b-92a2-f6c19b43dc28,a26d24f2-7f9c-43b4-9dcd-dc6a6b22aa58,https://www.imdb.com/title/tt1931406/
6016,4615,fbb0ddb9-ef3f-4075-b39b-d28fc4d71684,112cb2f8-5f51-4fbb-ac2e-5a4a7ae30d6e,https://www.imdb.com/title/tt8258984/
6017,4601,744c525a-a9b8-43e3-a134-682578d0f51f,76e99251-2ce2-4138-90a6-cbcbc3f48dcb,https://www.imdb.com/title/tt3766724/
6018,4616,ffcbb380-46b5-4e34-8364-aec35bc1d077,4154856f-25f4-4f4a-8ee7-1234c069dc05,https://www.imdb.com/title/tt5506984/
6019,4617,d34e69a7-396b-408a-85e4-b98a268ee909,80c7a992-9348-425b-87cf-d90c5ffd69dd,https://www.imdb.com/title/tt1386737/
6020,4618,0975c45c-20e5-4434-a1e7-e2a1a72ad661,103f1a07-e257-4f72-8891-b24e482d3320,https://www.imdb.com/title/tt8598728/
6022,4619,7207b69b-1901-4d8e-97ce-4fc20b538412,2d26259e-d458-46d9-a913-10bc33351a68,https://www.imdb.com/title/tt11065146/
6023,4620,b2934325-1133-491e-a9ef-9f1eeff5dc18,8ba9c236-f69a-45b7-a7c8-b3f3be1ff2e4,https://www.imdb.com/title/tt1717203/
6024,4621,a36004a2-23aa-4287-8374-e1567f589c9b,b6cbabe2-0519-48e8-bca3-a70ca6dc3873,https://www.imdb.com/title/tt1754215/
6025,4622,27c365ce-e9ca-4d0c-98dd-8cfb4da07d5a,bfe85187-d725-4187-b5ec-458905ecd8d7,https://www.imdb.com/title/tt3538964/
6026,4623,4925cc38-f533-4161-9346-c5fcfe2c6b22,de752828-cddc-4754-9858-0c949690ed27,https://www.imdb.com/title/tt1825043/
6027,4624,4c7c1c85-6c61-45a9-8065-17a5301aedb5,828cecb4-f797-4eed-b785-34f4a5f4f3ff,https://www.imdb.com/title/tt1458493/
6029,4625,7d360e7d-c4e9-46e7-b1be-4a3207d82100,7ae694df-0840-4bd4-9404-cd9b29cf9dde,https://www.imdb.com/title/tt2800640/
6030,4626,492168f0-22bf-4ed5-afa6-a995d0e00a17,ef14588c-314f-4a83-8b16-aeb23f4049d7,https://www.imdb.com/title/tt2292781/
6031,4627,836e7687-2f18-4d51-8ad1-59433a4063ea,b5e81c48-98c7-49b5-a418-ebb9b1ced6bd,https://www.imdb.com/title/tt8351496/
6032,4628,d9d49a17-6414-4531-bff0-3a2765559bfa,b2028153-369d-475d-a4dc-1d4a847425fe,https://www.imdb.com/title/tt5886670/
6033,4629,06636505-ae6c-41a8-a58d-86abb90923d4,2d12b351-366b-4692-964c-197012cce67e,https://www.imdb.com/title/tt1746252/
6034,4630,a268a727-13fa-45e0-87a9-2c8205222ce6,9d84efb1-82a4-4010-9b33-fc205b4e4e31,https://www.imdb.com/title/tt1549019/
6035,4631,6539f6ca-bb73-4dba-815a-b516a3173511,68aa4c63-8592-4b05-afc4-32502de3e1b7,https://www.imdb.com/title/tt3237280/
6036,4632,b6eef437-cf08-490e-817d-05634e968ef2,bd183a41-187a-4fef-8acd-07a9e239d8ee,https://www.imdb.com/title/tt7840290/
6037,211,091ee6b9-93b5-4638-9304-49b2f69a58da,64a45a3e-8de2-47f2-83d5-95272f505d23,https://www.imdb.com/title/tt0226971/
6038,4633,91d9a1e7-c48c-4888-ba83-91b7d374c56a,b2df266a-aad6-45b4-b1b7-274a731bf845,https://www.imdb.com/title/tt7586310/
6039,4634,36377ff8-d6f1-4aa3-a1fc-073cf358dade,6fc753f7-eeec-4ded-849b-b5d6cc908b29,https://www.imdb.com/title/tt0004520/
6040,4635,4b360b4b-dd76-4410-b257-ce3a026be937,61b87113-ee14-4f52-8781-ab99b4741d9d,https://www.imdb.com/title/tt1980174/
6041,4636,b1046745-b6fa-44bd-a1d5-0ada0d70b6f1,b342524f-661c-481d-8023-e3a090901c03,https://www.imdb.com/title/tt0208264/
6042,4637,9c852da5-454b-42bf-ab26-362f742e5b64,044684a5-163e-4225-89fb-3b8e56a1df1c,https://www.imdb.com/title/tt1356804/
6043,4638,ff53a42e-1b7e-4d00-8612-057842738199,0afef731-b19e-4117-92d3-1442fa3f8b0f,https://www.imdb.com/title/tt1745799/
6044,4639,a0561390-64fc-4f7e-8422-d9e8637f35da,ef6008b6-3a7a-4479-ac0d-8177f48abb70,https://www.imdb.com/title/tt5915786/
6045,4640,1173a867-3e3e-4775-89b4-c673c532aed7,5f7c49e1-ef7a-4802-abd2-00240fa47def,https://www.imdb.com/title/tt9415200/
6046,4641,9b1c6389-639a-402c-9348-f499b8a3c805,fb35bee8-1cd4-4ce2-bab0-1edcac5de2c7,https://www.imdb.com/title/tt1872151/
6047,4642,6268a674-f0f7-460c-9c02-d8136c7e6ba9,411f0c0d-85e5-4169-a2a9-d5804d085a17,https://www.imdb.com/title/tt0219248/
6048,4643,2bcdfa1c-84aa-44c3-8bca-4fe01be056cc,086a1bff-42e9-4ef8-90c0-6854759644e3,https://www.imdb.com/title/tt0256151/
6050,4645,be7beff2-21e3-4667-a367-2b0766bb0d40,ea4c2f29-d951-4f02-bf25-9161f7b4aad7,https://www.imdb.com/title/tt5328350/
6051,4646,2d690dc5-3cad-4eb6-abdc-c6a01b959d91,f43c0617-a234-456c-802a-39783ab66438,https://www.imdb.com/title/tt2611642/
6052,4647,4503bc97-2813-4b7c-9fe8-b0e13a548d45,59f3afcf-ca92-42c0-bf50-0dc7ade27640,https://www.imdb.com/title/tt5124502/
6053,4648,fe9301f5-7c67-49f1-876b-fc3e462c7ac0,414c7e2d-2450-4518-9b30-c5d2fcc8c05a,https://www.imdb.com/title/tt1620606/
6054,4649,78db71c7-8722-4cc3-8989-fae3ac462599,e0b22293-3193-4dc7-895e-3030b82e460f,https://www.imdb.com/title/tt1790690/
6055,4650,1bea672d-672b-416c-a260-aa7b7509b1d6,6fa2df95-b05d-468f-ada5-71e558e8fd7b,https://www.imdb.com/title/tt3334244/
6056,4651,0db6a964-9071-4b7e-a1b7-6856f576a411,1d4b5bb1-1f60-4a9c-8203-29bc2061ceb8,https://www.imdb.com/title/tt5856370/
6057,4652,2764da02-58f6-45ae-9952-8078a8ee564f,921437aa-a5b3-4f54-8dae-e5092a74e997,https://www.imdb.com/title/tt5591246/
6058,4653,69545557-8017-4af7-96f5-502730297e98,150d81b4-4ee1-47c8-8bed-2dacf201237e,https://www.imdb.com/title/tt2278962/
6059,4654,3dd13f90-ef0a-4c09-84c4-544b5ebf4127,e86f02f8-661e-4e04-9ed5-4707654f6709,https://www.imdb.com/title/tt11609648/
6060,4655,c97c322c-1192-4fc7-9240-ec8dcfea7b8d,2815a400-82bf-43ff-9e3f-329bf2e24bab,https://www.imdb.com/title/tt1808269/
6061,4656,4769f685-744c-43e7-b474-7931719c7b49,a96032fb-fcdd-4825-b6b2-618caf1a2124,https://www.imdb.com/title/tt3787524/
6062,4657,a108b6ad-6a16-48f5-8249-8eac6fb4b12e,5a04d6fe-c846-44bf-b6b4-b862cceb8b40,https://www.imdb.com/title/tt12049668/
6063,4658,670bbe24-84c1-4e75-8f64-2a8e52c2258f,6bd97b33-e875-4865-b6a8-aeba99cfef97,https://www.imdb.com/title/tt12310152/
6064,4659,1f073c41-0d4b-42b5-a510-4ec3c7e22543,967af734-a798-41e7-a8d9-064a3c638213,https://www.imdb.com/title/tt8174136/
6065,4660,ac9e626a-40b2-475a-ae6f-70445421fb4c,1913645c-31d2-4f15-89d5-0f75c2751e6e,https://www.imdb.com/title/tt4387412/
6066,4661,07707271-1b58-422d-8bbf-d6bca3b4bbf7,dca07a3a-8ad2-49de-9e58-c228ec410821,https://www.imdb.com/title/tt7094792/
6067,4662,1a04d1c6-0c91-45f2-8e23-bcb2eae7a672,ff537b16-2ad9-42d1-9fe0-d7b391e252dd,https://www.imdb.com/title/tt0317905/
6068,4663,4dc1c1e4-92d2-4cbc-b018-ac20cb28b4d8,423dfb23-780a-4b31-bfcc-3bed1a052c74,https://www.imdb.com/title/tt1475571/
6069,4664,71063515-a221-4003-b9dc-2bfb4547fddf,fc959b04-47ab-4415-b86c-c07845843426,https://www.imdb.com/title/tt1071321/
6070,4665,c8b173af-30e1-46d3-ae2f-4e04b16e6eaf,00614cb4-eb0e-4732-95ec-3afb4fcc6809,https://www.imdb.com/title/tt7697838/
6071,4666,744aa3e0-0268-4773-973c-ce31e5fc0765,45e5e6e8-34f7-4b13-b68f-7584065dff82,https://www.imdb.com/title/tt0421625/
6072,4667,e479268f-456b-461d-b0d9-0923b85ec32c,567cf101-a14f-4097-ab15-f8f3fce87eb7,https://www.imdb.com/title/tt5283358/
6073,4668,b6dc776e-e144-40c2-bc1d-641108d2ca49,b1291f44-9669-4b64-aea1-7bf93da0a2d6,https://www.imdb.com/title/tt10930340/
6074,4669,673ffda5-cac5-46e4-8ff6-8eec54d571f6,a65c6aa6-16df-4527-ac07-d30ef603bea4,https://www.imdb.com/title/tt3148482/
6075,4670,ad1a1171-7e6f-4db3-814f-31ead1bab3d0,55be3ff4-4cda-4635-b344-86ad407c0e56,https://www.imdb.com/title/tt2156859/
6076,4671,649625ec-fbda-4b9e-a30d-6603d134152e,03aa2cad-2ae2-4b35-b3e9-585a7a9c8775,https://www.imdb.com/title/tt1382456/
6077,4672,abc205b1-689a-4a17-b4ec-2b1c38603394,e399d62e-807a-41be-9451-c0311a64ea43,https://www.imdb.com/title/tt0425819/
6078,4673,3e906ec3-b015-4588-b7ca-4a4703d6be81,693b0d94-cd4b-46a3-9c44-1d293f6cd71a,https://www.imdb.com/title/tt2901748/
6079,4674,92fb3395-8e95-4ed5-8cae-b2dd5a3434d2,edb88792-32c1-4f44-8ebe-e32790781c89,https://www.imdb.com/title/tt6398996/
6080,4675,570adcd1-bee2-4526-be46-eecdf5fe2956,e0177bff-5715-44a3-a638-8279a2852f08,https://www.imdb.com/title/tt0839963/
6081,4676,bffc5d31-dbc6-49f5-a687-2c932996413d,34c1fe10-e134-43b6-9aac-d36a505cd6a8,https://www.imdb.com/title/tt1722434/
6082,4677,fcf3acdc-f3f1-4f65-9347-5adada8b0e96,fe44b3dc-02aa-4bf4-a023-e461facc6bc4,https://www.imdb.com/title/tt5114524/
6083,4678,b59ac381-e103-4827-9952-deac360f893d,da5b78c5-ab33-41f4-ad87-d245b1ae4319,https://www.imdb.com/title/tt2669282/
6084,4679,b048e59b-662f-408f-af33-fa5ee0748eb5,5ce959a9-42ee-4a41-8ea1-0c4558785fb4,https://www.imdb.com/title/tt1745798/
6085,4680,291c8168-9679-4d66-8951-0316a38fcd02,ee12950d-fdf0-4c73-8532-35f6409b5483,https://www.imdb.com/title/tt0125507/
6086,4681,eb87c391-acbf-4072-8201-d69377ac45de,ee66922d-058c-4241-8c84-57ce9f78d995,https://www.imdb.com/title/tt6164364/
6088,4683,ac4d5f45-0cd4-4f4b-9f19-5bdd372488e3,d964671e-bb80-484a-8f48-7da0ddb0f588,https://www.imdb.com/title/tt7094832/
6089,4684,64d55c7e-86e3-465b-a047-cf763e00621e,cfeee5b7-d389-4c30-b8f9-33877da4b3b4,https://www.imdb.com/title/tt7094824/
6090,4685,eaa565a5-c68c-418c-956c-af475b406a78,956234f3-395d-4fa4-8295-66ff8f958db4,https://www.imdb.com/title/tt6213818/
6091,4686,940e0375-7f17-44a8-9a43-f180e1e3d66f,704e3f15-f94f-44fa-8faa-a145cc2cd30b,https://www.imdb.com/title/tt7094796/
6093,4688,7132d8f8-194b-4419-a889-0a6068b60542,69be3e98-c0ba-4631-9bb8-38c2dba3bd36,https://www.imdb.com/title/tt10648254/
6094,4689,93cd4801-f8a0-486f-87a0-028c72d3dfdf,b5d8168a-1249-4eea-b9fa-3435a02742af,https://www.imdb.com/title/tt10107856/
6095,4690,1661eaba-3b2f-46d1-a6d7-7824f6615b1f,d07b69e2-9705-44e6-ba03-10b74a34a474,https://www.imdb.com/title/tt0459783/
6096,4691,9b1b9260-b92b-4d99-889a-e7a7ec71b51a,fbe53ce2-962d-4aa2-8b1c-ee745c97e9e8,https://www.imdb.com/title/tt0874994/
6097,4692,02bbe6d0-b40f-4098-acf7-122291e92f1d,0d2661e0-3277-4f14-92fd-997d7b41d097,https://www.imdb.com/title/tt12288350/
6098,4693,e14beb77-af25-47d4-b557-95e3eea06884,99f61f8f-dd57-4db4-9c13-82f544c6ed7d,https://www.imdb.com/title/tt10050858/
6099,4694,751fd0b8-edb8-45ef-ad3a-fbd9792d0aac,bdf1532d-a641-4fa9-aab7-e8f8f12d2d85,https://www.imdb.com/title/tt12551530/
6100,4695,a2abb1e5-43e3-41ff-900a-359b8da96c67,281fae01-00cd-493b-8f17-a691ecd16ebb,https://www.imdb.com/title/tt11044512/
6101,4696,4a55de8c-c5cd-4018-bdec-c51c2748d17c,9e558ea9-259b-4f85-a8e1-c325428dc294,https://www.imdb.com/title/tt12375546/
6102,4697,94e1fc06-56a9-4968-9a82-43c158ad6b86,9dc7364f-c6ba-40fb-b79e-abfc386828c9,https://www.imdb.com/title/tt0012136/
6103,4698,eef3ae18-ac25-4d84-805c-26f8c43931a5,4ad621fd-7bec-489a-9cde-2d038434dea8,https://www.imdb.com/title/tt0445509/
6104,4699,e9aa6d42-e979-4b87-a0d9-671066a02112,c1c22f56-bd92-40c4-93b2-62638a2048d2,https://www.imdb.com/title/tt0035238/
6105,4700,33330d4e-282e-4e25-8c37-c0b7921b90d7,ba89ea13-035f-4650-a9ec-1f510f1da9d2,https://www.imdb.com/title/tt0952657/
6106,4701,b4ee9bc8-b5d8-47b5-8419-0cc81efc21a0,679bc640-b249-466f-8883-947b510a5e74,https://www.imdb.com/title/tt0104298/
6107,4702,80065390-2fe9-452f-ab6c-7c502fdb9aee,e8a1bf3d-408b-409e-bd37-951883a09f64,https://www.imdb.com/title/tt0425610/
6108,4703,43c86659-34ae-47e9-8a2f-cab3dc9ee6d1,e085a4db-6b7e-4353-8599-eb92848101db,https://www.imdb.com/title/tt0255798/
6109,4704,b41bda53-abe6-4424-a532-b864230f4e2f,9c2791fa-e500-4384-85eb-fa53a0434279,https://www.imdb.com/title/tt1365030/
6110,4705,c9080587-07e6-4c13-ae12-0ad9fdf8b50b,b1bfef17-f6ad-4518-9801-d63342a424b4,https://www.imdb.com/title/tt0439662/
6112,4706,061bd54f-1c77-4593-9cda-9aec0ccabe45,8f4a9b67-3fae-435c-b384-562591009920,https://www.imdb.com/title/tt0477772/
6113,4707,84427bd2-39ff-46b9-b692-a946e40b9ea7,3a5d59b9-ae4e-4a9d-a6ce-2c212893b151,https://www.imdb.com/title/tt3210082/
6114,4708,af578afa-3ff9-430d-9207-3271f0e3bed9,621de1b7-4ef3-44e7-a2ca-8e52a26e1df3,https://www.imdb.com/title/tt1019951/
6115,4712,28da5afc-232a-46fa-b4b1-7a9200e1059e,83f88736-189c-4541-87ca-1b99d44218bd,https://www.imdb.com/title/tt4945424/
6117,4713,53504999-99bb-4ff6-be34-a5be98c572ac,08a4a175-0bc4-42b9-be7f-a5c15cd39428,https://www.imdb.com/title/tt4848494/
6118,4714,bda959fe-7cc6-4143-8d92-884c5a995d99,e6fa4350-e55e-446f-a280-005d245a97af,https://www.imdb.com/title/tt4161144/
6119,4715,8cba6737-3d0f-47e3-8bf5-9579e716a2e8,94ce3b10-a4f0-4d0e-9ac1-059856ffc4c9,https://www.imdb.com/title/tt1647390/
6120,4716,33e9f180-7070-428d-b805-1a83d2e645ea,1bd6c271-555a-4b6f-8744-17460b62322a,https://www.imdb.com/title/tt2401785/
6121,4717,197fa727-dcf0-46d0-b42a-495098f973c4,803bb758-a798-4555-915d-9e5308143178,https://www.imdb.com/title/tt12351802/
6122,4718,18965c67-631e-4e2c-b05f-5f53b96c7891,bc54108c-355f-4e38-96c6-1be944dbf842,https://www.imdb.com/title/tt7055080/
6123,4719,ef82914c-f4d5-469a-a792-f49deb7c8dc6,3432fd74-a11f-4b41-85f9-9e71642ea92e,https://www.imdb.com/title/tt0425994/
6124,4720,6422a5b9-4ef2-4ab8-9749-1f906928a1df,bfb99537-3663-470c-824a-112f3943615f,https://www.imdb.com/title/tt5052352/
6125,4721,70bff8b7-b0ae-4c7b-aec3-eeea79242ee3,67ba6085-9d04-4a37-805a-a253762712e6,https://www.imdb.com/title/tt1989666/
6126,4722,e96a752b-6d70-4446-822c-801a5b32c9a3,bcd8aa76-8109-4081-b7a3-4c8f048d40e2,https://www.imdb.com/title/tt2543086/
6127,4724,01e294d5-e934-42f8-b884-b4bc97408d53,4eab75ad-4e1b-4a3f-bb6c-a89ce4c3a1de,https://www.imdb.com/title/tt10443712/
6128,4699,d224ffc9-3d1e-49ed-8370-0a265528104a,c1c22f56-bd92-40c4-93b2-62638a2048d2,https://archive.org/details/random-harvest-1942
6129,1812,3b9d9e40-3a4e-4a8d-ada9-0cffef04a5a5,d77ef999-b467-4571-89ed-b04c7d8be6d4,https://archive.org/details/LeRomanDeRenardTheTaleOfTheFox1930LadislasStare
6130,1812,ea9a99c3-8dbd-492a-9a9e-0ced3cb2ddfe,d77ef999-b467-4571-89ed-b04c7d8be6d4,https://archive.org/details/LeRomanDeRenard_1930
6131,128,2f56c8df-b0ad-4f6a-808f-160c970b5e96,da90f861-4998-4176-ab9d-af1ae594fd9d,https://archive.org/details/BettyBoopInSnowWhite
6132,128,d1051dde-05ae-4b59-8bd7-b888372bb978,da90f861-4998-4176-ab9d-af1ae594fd9d,https://archive.org/details/SnowWhiteWithBettyBoop1933
6133,4570,8e926109-2d30-4d68-ac51-609cf0b2689e,eea9b89e-ef19-4f6f-a2de-896b49fe6a56,https://archive.org/details/PigsInAPolka1943
6134,1544,0d71a706-e6cb-4751-a330-1cf916036f7d,0026a741-a1b7-4399-b519-e6d0a9929149,https://archive.org/details/StoryOfKingMidas
6135,1544,d72a79bf-e427-40dc-b380-65471f61d855,0026a741-a1b7-4399-b519-e6d0a9929149,https://archive.org/details/HarryhausenKingMidasX264
6136,1213,24824996-8b45-48c1-9a67-feb890f916b5,df3b78a8-64c8-4e36-a799-4674dd585826,https://archive.org/details/HarryhausenRapunzelX264
6137,164,ccc2ea9a-19e0-4b1a-97a7-e0b58b595b3e,8b106ad1-1bbf-4088-b51f-0e0cca592931,https://archive.org/details/theadventuresofsinbad1962toei
6138,1493,7b44943c-248c-466d-9518-ac296214b9f5,a240105d-4634-438b-8713-49cb254144c7,https://archive.org/details/PopeyeAliBaba
6139,4725,d60a7160-effc-41d3-b6c6-7d943b9fd375,e486e8a7-5f55-4e40-a0a6-f42f41ac9f79,https://www.imdb.com/title/tt10310214/
6140,4726,f5f22308-df60-4413-b037-5f1a007840a8,b48c48d4-224d-46e5-a407-8af7e9af54d5,https://www.imdb.com/title/tt6185074/
6141,4727,569c500b-02ed-455f-a71f-f5abd1f26f4d,0fef9611-e9bf-48e3-bce0-559647961f20,https://www.imdb.com/title/tt5191334/
6142,4728,18f8f77c-ed96-40c7-9427-9c15192d8710,226fa5cf-5888-4c17-b53f-eb2ab84ef4b7,https://www.imdb.com/title/tt1787655/
6144,4730,1e489870-903e-4fa8-8914-9434e187cfb5,0edcb771-ee8e-4228-83fe-40dfd1a311c9,https://www.imdb.com/title/tt0968263/
6145,4731,2a47cc91-6bef-4ce9-b864-e689eb7e46a3,37a8e91f-63fc-4888-9262-41c4ff335587,https://www.imdb.com/title/tt0039862/
6146,4732,9c944118-c8f1-4739-aa68-d0906390be42,e4304ec7-4566-458c-be07-7ce1e20391ba,https://www.imdb.com/title/tt2310009/
6147,4733,48b8de3d-e4cb-4e4f-869d-a9eca453d5d6,e71f58ae-9d09-4719-8e41-cbac327245ba,https://www.imdb.com/title/tt0940503/
6148,4734,313a118d-2481-4245-8aa1-63eca60950fa,a504db04-e8b2-40d5-bff9-ba3b4b664440,https://www.imdb.com/title/tt8220244/
6149,4735,d2579be7-6367-4e87-8725-22902871984c,361883df-8f94-4abd-81b7-be59156ebd57,https://www.imdb.com/title/tt0037003/
6150,4736,c6770854-78ba-4ba7-b61d-a1bf75f2dfe7,4cb3813e-9b5a-46b4-b681-c64af7e8cc49,https://www.imdb.com/title/tt0059603/
6151,4737,afe27ac6-43a3-46f8-9312-a9ea0e45bda2,01e4478e-93ed-4aa1-a9be-8410de339d57,https://www.imdb.com/title/tt9563062/
6152,4738,16c04d5c-704c-4da0-b410-52ef011bbe86,301edbd5-4778-438a-8288-17a4b79fc869,https://www.imdb.com/title/tt3512386/
6153,4739,d3081156-88d0-4135-bc00-d58fdf1f7f82,6229a7c1-b766-4b66-ba04-a96980661b78,https://www.imdb.com/title/tt0452996/
6154,4740,ca875e63-bd58-4946-ac8b-b6c41e055af2,04cb6628-9e21-464d-bd9d-23f27e4e06e3,https://www.imdb.com/title/tt0951382/
6155,4741,7a92f467-bb0d-433e-a0ec-acb5b3e6c570,a42eb493-2aed-4b46-b306-0c4cbd2139f2,https://www.imdb.com/title/tt5359768/
6156,4742,c372c4b7-fa41-434c-9c10-3d083f1294a5,c7506a2e-9042-43ba-b09e-c818ff4ad53e,https://www.imdb.com/title/tt6416548/
6157,4743,fbfaeb96-7608-4016-9c4e-ee49e6d4aa46,5030b457-142f-4fa3-8e08-6ea896cd7f88,https://www.imdb.com/title/tt6318184/
6158,4744,7ea4af8f-6936-48ad-9caf-478a71f17c51,e1299894-837e-46d9-91f8-4becaedc1c08,https://www.imdb.com/title/tt0006556/
6159,4745,0bd1b3bd-4096-4b74-806b-6bbf4507d4b5,82786c80-4386-4978-bb4e-9671e065a504,https://www.imdb.com/title/tt1693871/
6160,4746,2d9e0397-3631-47d5-863f-b16fd3ec3946,3bd3e227-66c9-4764-aac4-4351bf79b98e,https://www.imdb.com/title/tt1232650/
6161,4747,acd81d4e-d3e3-4449-b19a-2fe2911bbc0c,7661e65d-c11d-4731-90bb-0e4b413ef17c,https://www.imdb.com/title/tt0487010/
6162,4748,9cc939ed-cb62-4455-933c-6413da6ac26c,81cfa096-f38a-44c0-a779-a67722d65170,https://www.imdb.com/title/tt9892546/
6163,4749,91ca13c2-b5ad-4827-95a4-9b64331fd918,7b4f09d0-270d-408d-952e-5a7e50f05d85,https://www.imdb.com/title/tt7136896/
6164,4750,6794d6d7-d704-40ce-8c52-51fa7094c6c2,e9bdb76b-026e-4ca3-a517-e40e14c215ad,https://www.imdb.com/title/tt8641078/
6165,4751,f7cc6c7a-ba70-4399-ae3f-571b41e0801c,65558e2e-dc3b-44e7-a803-5a3dff4b677b,https://www.imdb.com/title/tt0185852/
6166,4752,e57e8c1a-cdb3-4dbd-ae72-603bfc19dafa,6a289d6f-1750-41b1-a25e-3b96b41e618b,https://www.imdb.com/title/tt2309885/
6167,4753,4051a69a-28dd-4e76-b4a3-4027140b12b3,03d3b91d-12b3-4dbf-9aec-d4b947f0df42,https://www.imdb.com/title/tt9783778/
6168,4754,2521d4bf-6e10-47a4-a490-549ca95ab093,ae01753e-9a5f-40be-bbb6-7663cb10e0a9,https://www.imdb.com/title/tt8223216/
6169,4755,e65029a8-529a-410a-bbfa-e3b62ab82daa,e76234b0-1a00-4c2f-beb2-407e057a2779,https://www.imdb.com/title/tt0405653/
6170,4756,02807377-71e2-4889-b6c1-8178660a3aef,95d22eee-c6a3-478b-adf7-15249cab4cbb,https://www.imdb.com/title/tt1620688/
6171,4757,7bc1d0ba-cc38-4259-8da9-e2b20481755a,a1a06c6c-11f3-4c42-93ba-e0b870b3aa6c,https://www.imdb.com/title/tt0197220/
6172,4758,32026a5b-036d-4c94-8562-f62279bab074,27a181c0-e1a5-46f3-85f0-c89d7c74c4cc,https://www.imdb.com/title/tt1219150/
6173,4759,082668d2-609b-4b0e-a47f-97c6bfaa0c21,78d21939-8309-4c6b-8ba3-b21e71d1d377,https://www.imdb.com/title/tt0215486/
6174,4760,ccf77d27-8bec-47dd-b203-00ca3a8dddf2,35ca2044-dd28-4438-814f-68c5ca23731c,https://www.imdb.com/title/tt6100134/
6175,4761,cba8a7fe-d3aa-4dfd-b1b4-531a52c7a718,2d22b64f-01c2-48c0-9e58-f7b16e3ffb94,https://www.imdb.com/title/tt0405659/
6176,4762,3efc415e-ac65-4eb0-aede-3202bf8e2077,04770f4a-6e8f-4ce9-954a-2766d31e3ad0,https://www.imdb.com/title/tt0235954/
6177,4763,0dfe619a-8154-4160-b04e-ffec38d489f0,ea74294f-1478-4c05-8013-16ec429d55b7,https://www.imdb.com/title/tt0136301/
6178,4764,da26d835-27d7-4373-967b-2526ec4df09b,4432f546-cac2-45b1-98e1-8d30cc465117,https://www.imdb.com/title/tt7925494/
6179,4765,e3bf3039-2930-4f41-8f5f-6affd4e756ba,6aea568a-f4d6-4fec-aaa7-ee42a5fd27c8,https://www.imdb.com/title/tt0231117/
6180,4766,447d771d-89fa-480a-9ba1-5a729eb8951f,51764cf2-7c57-4a9c-bace-b0fb8189b43f,https://www.imdb.com/title/tt0230490/
6181,4767,4600253c-c57c-4f16-b95a-fa5761e67291,48b1f57a-669c-4436-8b9c-f6a7e30bf071,https://www.imdb.com/title/tt0214459/
6182,4768,a9c1987c-1642-4ef0-9f75-84f4ea5dbe91,95596770-6a46-497a-aba4-7aba9cf10c53,https://www.imdb.com/title/tt1690100/
6183,4769,3368b9a3-97c5-40ff-aa06-fb05dfdc3bbb,843adc85-4c4e-462b-837a-29ee36c11dfc,https://www.imdb.com/title/tt0215487/
6184,4770,23bf1ac4-2e8e-4440-95e8-60a5d1591e0f,59c279ef-8256-4682-8755-a0c1569f3c59,https://www.imdb.com/title/tt10306340/
6185,4771,3c601036-6f99-4fdf-bec6-878b5ac355b5,01bd4fbd-6679-4cb5-a251-92c361adca95,https://www.imdb.com/title/tt2205405/
6186,4772,a53bc3d3-6133-4a1a-98ea-e63fce76de99,5f48d414-8eae-4db0-a3c7-d28e14bc07e0,https://www.imdb.com/title/tt0007619/
6187,4773,407b3d59-fddd-4449-b753-1e48eb35a71e,58d4b6c1-d127-4bc4-9241-d2e3db6e914a,https://www.imdb.com/title/tt0077141/
6188,4774,92bdc56e-1873-442f-b70f-0a3aacce4067,cbfa5579-448e-4529-afc5-075cfeb73d00,https://www.imdb.com/title/tt0011914/
6189,4775,7fe4c3f0-0f93-4595-891c-874ba5def800,f8c43a2e-4af0-4e25-9173-900f04b778d0,https://www.imdb.com/title/tt0020626/
6190,4776,aaf61f24-deb4-43cc-bcda-3ee78580c27d,b88aea6f-2304-47ad-9d68-4f6a367c9275,https://www.imdb.com/title/tt0029853/
6191,4776,f14ad37c-1eed-4692-a6b0-b13e7d4d3d04,b88aea6f-2304-47ad-9d68-4f6a367c9275,https://archive.org/details/AlfsButtonAfloat
6192,4777,9031093d-33c2-4811-8dd0-49c835460ef0,5a310c15-aec9-455e-9701-1b4e48a212f7,https://www.imdb.com/title/tt2415710/
6193,4778,ac894a35-d747-40f7-8000-3323a6082152,8966c8f8-3d16-40ce-b20d-61bc0752abc2,https://www.imdb.com/title/tt1012671/
6194,4778,16cb6958-e0f5-4cc6-a676-d1764ec6a769,8966c8f8-3d16-40ce-b20d-61bc0752abc2,https://ecommerce.umass.edu/defa/film/10990
6195,4779,21c04ebb-b965-45fe-9cc8-708d3ee043e7,b06c997b-3442-41cd-a8f9-e14f9a0c19e1,https://ecommerce.umass.edu/defa/film/32364
6196,4780,a7392726-aae4-421f-a518-7a987403426c,6b69ceb7-208e-4168-a30d-cdcc2c9b0f04,https://ecommerce.umass.edu/defa/film/11452
6197,4780,ec24d3dd-8cf3-4de6-a2d6-3d957d48b377,6b69ceb7-208e-4168-a30d-cdcc2c9b0f04,https://www.imdb.com/title/tt12037840/
6200,4782,99c67c0f-29e0-4de3-9610-b7e7ad7ac82b,ae123309-7ce0-4e05-85cc-b29ee2d5b6b8,https://www.imdb.com/title/tt0225045/
6201,4783,1d51c107-a0bf-4358-8582-8b4a0058c5fc,25d73c68-bfe4-4de2-93bd-f886bfa36c77,https://www.imdb.com/title/tt0016994/
6202,4784,717f541c-2289-4544-b6a6-7c0cdff0cc7b,d55b3460-4b9a-4478-ae72-5bdb175286ad,https://www.imdb.com/title/tt3000190/
6203,4785,93d09e0e-c6c4-4e31-84c4-af367ff8a70a,6703ddfa-4da6-4d70-b0fc-b6248b5aaf73,https://www.imdb.com/title/tt0329374/
6204,4786,ee7f75e0-5ab6-4af1-94b6-a618b2c9c57b,85bb8ffe-b464-45a8-b137-3e05e8bb1301,https://www.imdb.com/title/tt5341002/
6205,4787,7b7c4bc6-d4e4-4831-ae5e-7fcf4a8f8c3e,755369f1-2e51-43aa-9d30-bd696e45abe2,https://www.imdb.com/title/tt0074193/
6206,4788,2f75ae3b-5f1c-4cb7-b0e1-cbd1f7c3ae43,e68774da-0e80-4f74-9b59-38e430a79a6f,https://www.imdb.com/title/tt7258136/
6207,4789,13f6b7e3-4a28-4a01-87a7-6f99c8004823,d6ae39f1-9565-4406-96f4-12046b214e4a,https://www.imdb.com/title/tt8059956/
6208,4790,166dfea4-bd5a-4a9c-af83-c9dfb631a699,e5315186-b130-46d9-b01a-184fdf764db5,https://www.imdb.com/title/tt10545240/
6209,4791,2b328a27-44e1-4d73-9302-80e5b124bf60,731e66a1-e8bc-4921-820a-7f714c94944e,https://www.imdb.com/title/tt1473343/
6210,4792,47762f28-5bf8-43f0-b9f7-ae060db6c74d,c0051615-d7bf-445c-978e-1ff51772fe05,https://www.imdb.com/title/tt5311842/
6211,4793,1f714662-9139-4793-942f-cf0f24c433ae,ba58e069-7e26-4529-a157-a9d4098cd111,https://www.imdb.com/title/tt2660000/
6212,4794,f58a85d8-2f45-41d0-8697-7f1e23c3748a,2d5a35ef-017b-49fb-834c-df10b65b99b2,https://www.imdb.com/title/tt11166842/
6213,4795,1a76eef1-a762-4c93-8278-1cddb6e77c54,eacadedb-1173-4397-b149-3df437f59262,https://www.imdb.com/title/tt8493570/
6214,4796,390681d8-d191-4298-9b10-5f6269047f2d,e4532c37-d9fc-43ef-a2b9-44b9a77bcbd2,https://www.imdb.com/title/tt4946036/
6215,4797,d91e1e4c-5c21-47d6-969a-4a05680a1196,05994555-cba4-4dd2-9ba4-29cd6e360ab6,https://www.imdb.com/title/tt1878905/
6216,4798,a2cc0c5d-bb7d-4f99-a644-7bf77fff72ca,bee102c8-4db9-47eb-9dc0-2b926f936769,https://www.imdb.com/title/tt4134936/
6218,4800,91385222-c226-44bc-a713-d0ac5e985d81,21740ead-7d30-43e8-bdaa-59d44db510e8,https://www.imdb.com/title/tt0360717/
6219,4801,41a3720d-08e4-4bfc-adce-91af08689c5c,ec85f186-c594-48d9-b192-6ecad231ae5e,https://www.imdb.com/title/tt3214448/
6220,4802,1347510c-9cc1-48c1-b359-1c37cca67480,bfd7c3d6-7442-451a-8eed-320d5b866688,https://www.imdb.com/title/tt0248695/
6221,4803,0d2840c5-4e61-40ef-8509-0ade0545bb19,4b820512-c0de-4dbe-93b6-60ab1122931b,https://www.imdb.com/title/tt0171092/
6223,448,f664134d-3d32-442f-bb90-d692beb537c0,c23c77ce-3988-45da-9480-baf1daeeefaa,https://www.imdb.com/title/tt0313263/
6224,4804,10fcbf1a-2197-4b16-b964-6577a658f929,582f135d-1bb4-4c98-bd72-12177d42d40f,https://www.imdb.com/title/tt11662150/
6225,4805,1867df2a-6adc-4066-b9e1-5758beb64e0f,ac2d51ce-d41a-45b4-873e-a4096ba611d0,https://www.imdb.com/title/tt0100139/
6226,4806,198f0d88-2cf6-4cfe-aebd-52b5be5be29e,2030deff-d7a4-45c1-848e-f281a4c6a08a,https://www.imdb.com/title/tt0107961/
6228,4807,ee277e95-d3c9-4f0d-9ff6-35be8b2d64d8,364eb36a-5ed2-4cb5-ab2e-89bf0992c490,https://www.imdb.com/title/tt1275526/?ref_=fn_tt_tt_29
6229,4807,195811f8-739f-4f64-ad2c-0cfcddc402e8,364eb36a-5ed2-4cb5-ab2e-89bf0992c490,https://www.imdb.com/title/tt1275526/
6230,4807,f82f07f4-a76f-4ed7-b689-6578ec2b429b,364eb36a-5ed2-4cb5-ab2e-89bf0992c490,https://www.imdb.com/title/tt1275527/
6231,4807,2305766e-df92-4460-96ec-90825dc0b183,364eb36a-5ed2-4cb5-ab2e-89bf0992c490,https://www.imdb.com/title/tt1275528/
6232,4808,4182d75d-4d3a-43b7-bfdf-c8a9ba376848,39cb61bb-6332-4951-8c45-7fd25d5e59ae,https://www.imdb.com/title/tt0205142/
6233,4809,5788f1ff-24bd-4730-9776-57154bdacb8c,5fffd46e-6387-45ec-839c-128d58eb9c6f,https://www.imdb.com/title/tt6274216/
6235,4811,56cb3591-e945-4de4-902a-a5cc4d3d497e,5523c2a4-d339-48cf-964d-cc955dc4f6e3,https://www.imdb.com/title/tt8939344/
6236,4812,bac9fcdc-bc69-40aa-a00c-01825affb04f,94e9b202-40d7-45c4-b99d-a5793c1f40a9,https://www.imdb.com/title/tt0086318/
6237,4813,d6ef5c22-be0d-40f6-b037-5f501707e7bb,e83db688-1ac4-4d75-96ac-172648531bd4,https://www.imdb.com/title/tt2386490/
6238,4814,3de0f9a5-718a-4a1c-b4e8-dc1a1c57d3c9,619863a4-4c07-409d-a575-c0f043f1fe11,https://www.imdb.com/title/tt5821792/
6239,4815,be77790d-da69-413e-8425-92a8fc41b267,19053d32-ab3a-45f8-8a75-d58372da5813,https://www.imdb.com/title/tt9313686/
6240,4816,ac5fcf80-e70e-4fd9-856b-6f4f992fb6bd,53dbb018-095b-4fcc-948d-5b83113128a1,https://www.imdb.com/title/tt12374530/
6241,4817,5a51afab-23d2-42f4-b41c-a0330c01e1b0,9ec71cfb-e5fa-433c-b950-48c19cda29e5,https://www.imdb.com/title/tt9759552/
6242,4818,9c9f516b-d458-456c-8087-15f6a833d4a0,5504177a-b947-4ab4-9558-d729487ebf19,https://www.imdb.com/title/tt3430262/
6243,4819,75c92777-12ae-4f12-8d06-21034a778bec,cb231669-97d6-4dd8-9a01-cb0f167ca151,https://www.imdb.com/title/tt11952874/
6244,4820,c680dc30-d269-401d-af52-bd5d3b2eac3d,1dc0e353-80c0-4040-a789-5b55104f409f,https://www.imdb.com/title/tt10728322/
6245,4821,a6b3997a-71d5-46a7-9f49-09df37af341a,bb3a9f6b-acd4-44a9-94ff-1769f3c21627,https://www.imdb.com/title/tt0218589/
6246,4822,7500eb69-739c-4031-99ff-0548d7671e34,57721251-9926-4e2c-bdf8-32dfcb03432c,https://www.imdb.com/title/tt0180798/
6247,4823,866ea6c7-51e5-4eb5-927f-cbcc35a3377e,6539ab64-8174-42e8-8940-ee7f1924db7f,https://www.imdb.com/title/tt8124088/
6248,4824,bad01198-740b-4fba-afb0-4b051acc1b21,7813ddbf-e1e9-4c06-9cf3-dc6398220a26,https://www.imdb.com/title/tt12186846/
6249,4825,a572f01d-592c-4da4-b587-757c2fc10d8e,652e3932-f637-4bbf-a230-70dfa6a9c04d,https://www.imdb.com/title/tt0279967/
6250,4826,b65bc1be-d47f-4bed-bea5-0e5e6619e369,5625483a-dfe2-4ff7-9a8f-c43e0b141a84,https://www.imdb.com/title/tt4566758/
6251,4827,ac492a89-2972-4c8f-a7ac-7a26f768e58a,dc3b7a6f-02ce-4700-9557-08b51ee8bb44,https://www.imdb.com/title/tt3785144/
6252,4828,7d9c7571-d4a1-4ef7-aa49-8f4b135d7b88,27272f41-914b-4a17-9162-ab05b73b13a5,https://www.imdb.com/title/tt3406846/
6254,4830,bcf644e9-63d5-47dd-8923-50ef5667237a,72c536ca-639a-43f0-8a5a-73fd45df9a15,https://www.imdb.com/title/tt7725010/
6255,4831,947e1e1a-aea4-4186-aa20-8d2f5b8775ee,dc55ff81-c23e-4a1c-8088-b58fd1e746f3,https://www.imdb.com/title/tt10500340/
6256,4832,d20b78a9-f40c-47d8-ad7b-8343ac8b2c4f,ad1a1a56-e7a8-452c-b31c-4ea1803e603d,https://www.imdb.com/title/tt6157702/
6257,4833,24d0531c-6e60-4e49-aa63-8ee6911d1697,69299376-136b-4fa8-8078-886feab57e29,https://www.imdb.com/title/tt3567544/
6258,4834,53a650ad-4381-4170-8513-9307243f9782,45bc814d-23b2-459c-8a05-86125d26bda9,https://www.imdb.com/title/tt4741108/
6259,4835,acd36a35-6006-4e77-86da-97635c07a0a8,66154720-cecf-4866-a070-10578c63c8d5,https://www.imdb.com/title/tt7252904/
6260,4836,0e2e7b62-7246-4808-bdb9-15d897cc936e,119a1714-27ab-4600-b0db-3dc7746b0560,https://www.imdb.com/title/tt3622110/
6261,4837,1878eb4c-8d54-49e6-8f39-3cf4a8e1249e,c9cc1683-cefb-471e-a5f1-a6c0b34bb6c6,https://www.imdb.com/title/tt2954570/
6262,4838,7fa95a9b-b326-4a9a-bf27-e6749df9decc,878f0acf-5bed-4526-b8f7-0682abbdbac8,https://www.imdb.com/title/tt2214823/
6263,4839,ae047022-6c72-483d-a698-4ed9f20f328c,67f9f3a3-1084-41d1-bd01-159e0b3e9c4b,https://www.imdb.com/title/tt10034406/
6264,4840,c9ee6de4-8f2e-4413-90ac-9bb7c4e9d248,70c20875-b7f7-463e-bf40-c6eec83d5ff5,https://www.imdb.com/title/tt4885532/
6265,4841,6b53113c-43db-4e74-bc84-e54b39b74740,13a9b1fa-8c61-4577-8d7a-0bff2c596c52,https://www.imdb.com/title/tt5095030/
6267,4842,463d27d3-4a9e-429b-8acf-8d82b5105742,d4d15094-8474-45b6-a45c-cf1d3adfb552,https://www.imdb.com/title/tt6146586/
6268,4843,28456cfc-d705-4248-ad15-3c55ff50b7ab,bfd2374b-8955-42d9-afcf-681a7d6a7882,https://www.imdb.com/title/tt11956144/
6269,4843,f73d036c-6977-47a0-a6fb-f5642b8b4d33,bfd2374b-8955-42d9-afcf-681a7d6a7882,https://b2b.souzmult.com/vasilisa-the-lazy
6270,4844,722c8679-1265-439a-a0f9-56a342484c27,eeb00c52-965a-49bd-956d-e681103d3d7b,https://www.imdb.com/title/tt0097229/
6271,4844,1b0991cd-5e98-47e8-b09c-f2a668e4a558,eeb00c52-965a-49bd-956d-e681103d3d7b,https://ecommerce.umass.edu/defa/film/4829
6272,4845,6a5164be-2b65-4c65-955d-f8050ecfc4aa,bb5a419a-eac0-485c-95b6-9d00070edd96,https://www.imdb.com/title/tt0176283/
6273,4845,0c7e4be2-f19f-4d16-aeb1-b69178eba83c,bb5a419a-eac0-485c-95b6-9d00070edd96,https://ecommerce.umass.edu/defa/film/11526
6274,4846,8d45086d-ddc2-4c27-a323-79274d4d0764,298422ea-7aec-4872-ad11-9d550eac5142,https://ecommerce.umass.edu/defa/film/32604
6276,4847,45f084e0-7943-42b6-97e3-b41a828cc6d7,d46a10f2-c08e-4ba1-9459-433b0a828f11,https://www.imdb.com/title/tt1012726/
6277,4847,b4692c8d-1fd2-4e89-b121-2957a622eb57,d46a10f2-c08e-4ba1-9459-433b0a828f11,https://ecommerce.umass.edu/defa/film/11026
6278,4848,4bff3cf3-b499-4587-8e3b-696a73687858,5caf939c-7d8e-434c-99df-2a56b3fde18a,https://www.imdb.com/title/tt0186195/
6279,4848,9d6679fc-142e-412f-b5fe-90302e37345d,5caf939c-7d8e-434c-99df-2a56b3fde18a,https://ecommerce.umass.edu/defa/film/4942
6280,4849,158394cd-7779-4d3f-97cd-5c497ad4d3c3,40088240-ff35-49a1-a892-ff90035cc8ae,https://www.imdb.com/title/tt1012750/
6281,4849,9c2fc79a-78b3-4ca7-8f2d-56e2b2b0ea3f,40088240-ff35-49a1-a892-ff90035cc8ae,https://ecommerce.umass.edu/defa/film/7214
6282,4850,d5bec3a0-630f-43d8-9ad2-871f97ab4b52,cd85c659-2403-4105-906d-74181b2e0f8b,https://ecommerce.umass.edu/defa/film/21042
6283,4851,392305f7-8067-4f2a-a67d-dbc7ba193ce2,ccdfa0a4-9947-4a4b-a197-02531a4bae5c,https://www.imdb.com/title/tt0415100/
6284,4851,465e796c-8e5a-47cb-8219-e63ebd50eb91,ccdfa0a4-9947-4a4b-a197-02531a4bae5c,https://ecommerce.umass.edu/defa/film/15734
6285,4852,0b6ef043-d48f-45ad-81f8-5b93945f08ad,0d01e345-9fae-4027-8cb7-3bedb148b5cf,https://www.imdb.com/title/tt1013633/
6286,4852,f94a0054-715c-4017-9520-db34fa18dc12,0d01e345-9fae-4027-8cb7-3bedb148b5cf,https://ecommerce.umass.edu/defa/film/11244
6287,4853,e81a4953-0baa-4e6e-a289-3e4a753c984e,1b9757ac-1b0e-4637-9170-c1ec2db56bff,https://www.imdb.com/title/tt9138796/
6288,4854,c4dc19a4-2e2c-4d87-b0e9-f420f89817b3,7581e8a0-8e74-4672-a6c1-bd8ddfed9963,https://www.imdb.com/title/tt0140349/?ref_=fn_al_tt_3
6289,4854,cb434f7f-55cb-4d7b-aa2c-f19b6edfc3f4,7581e8a0-8e74-4672-a6c1-bd8ddfed9963,https://www.imdb.com/title/tt0140349/
6290,4855,1cf97443-b399-445c-ab99-5ae065edd1e3,105ad45d-6d1e-4e58-9264-8f060dd42b9e,https://www.imdb.com/title/tt0125841/
6291,4856,f9274c7e-23e5-4200-b240-280af5c926e4,3e0aa76a-372f-4afd-b65b-4444f272bf1f,https://www.imdb.com/title/tt6153538/
6292,4857,54c40fe6-d3a3-4f13-8def-f53dd8cb6866,88bd917e-5843-4847-88d3-ea92791abbdb,https://www.imdb.com/title/tt1012819/
6293,4857,f4241d83-7106-4c40-95ad-bf07f7be6f71,88bd917e-5843-4847-88d3-ea92791abbdb,https://ecommerce.umass.edu/defa/film/11222
6294,4858,3b79d9d9-3f8f-464a-9ca7-4ad550799cd4,7299cbf2-4f24-49d3-b6ae-668e1fcf2cdc,https://www.imdb.com/title/tt0085199/
6295,4858,fb9825ab-6d8b-447b-9974-1ccb2c696e41,7299cbf2-4f24-49d3-b6ae-668e1fcf2cdc,https://ecommerce.umass.edu/defa/film/14920
6296,4859,3159097b-91b1-45b4-a6cc-de70b2f84d9d,f114b96f-2420-4173-935a-29d122df3a3d,https://www.imdb.com/title/tt0931283/
6297,4859,5a853da2-bfcf-4215-b415-2e545d319079,f114b96f-2420-4173-935a-29d122df3a3d,https://ecommerce.umass.edu/defa/film/5086
6298,4860,15bffa63-8a96-4715-815a-2578cfac7d06,a7168c91-2177-4492-92af-81fe6918b1fc,https://www.imdb.com/title/tt1013748/
6299,4860,9ca07ac9-320b-4aff-8d27-97f88c918e20,a7168c91-2177-4492-92af-81fe6918b1fc,https://ecommerce.umass.edu/defa/film/11144
6300,4861,be1afb06-c97d-4d38-ab23-df45dbbd9ae1,41c043a7-eff6-4e7f-816a-30ce55c8e16c,https://www.imdb.com/title/tt1012798/
6301,4861,cb79d809-fd37-47dc-af07-b6c9f52a6411,41c043a7-eff6-4e7f-816a-30ce55c8e16c,https://ecommerce.umass.edu/defa/film/11120
6302,4862,46769f3c-8fd3-4c4b-83ac-26f1b10353d2,ffb1f3e2-9490-4a97-877b-cdd62d94a101,https://www.imdb.com/title/tt0989022/
6303,4862,42c1c8cd-d2d6-402b-9c29-1bec6328a275,ffb1f3e2-9490-4a97-877b-cdd62d94a101,https://ecommerce.umass.edu/defa/film/11124
6304,4863,73e2e3f9-9547-4d16-b85c-02c6e5c3e5b0,ad52ce57-e279-4cbd-a693-430cc83ef28e,https://www.imdb.com/title/tt0920678/
6305,4863,e54d0565-2157-4c67-a183-67c7d8143bde,ad52ce57-e279-4cbd-a693-430cc83ef28e,https://ecommerce.umass.edu/defa/film/7212
6306,1631,b2bacf78-8813-478c-a150-ea46c57e1d5b,76a3522b-c6e4-4ac7-ad24-16515295312e,https://ecommerce.umass.edu/defa/film/27478
6307,4864,4b4dd6b1-2eae-476a-8ec0-c02fc2832fba,29ef909a-325c-4118-bd8a-c0097a57020f,https://ecommerce.umass.edu/defa/film/11578
6308,4865,f09852ae-0132-40f8-9582-73969ebdc893,5466c102-b99b-4388-ab2f-3b20d309bb4c,https://www.imdb.com/title/tt1013763/
6309,4865,5861932d-004d-41e2-b196-7c68a12e0e42,5466c102-b99b-4388-ab2f-3b20d309bb4c,https://ecommerce.umass.edu/defa/film/11122
6310,3587,e64c3b3d-b20c-42ca-9cc2-63ae392bdbbf,daf147a9-0c1e-4288-8b49-2b928caac336,https://ecommerce.umass.edu/defa/film/27490
6311,4866,dcbddded-5efd-4a8c-b7e4-b1435afa9815,ed2f1367-1b52-4325-a356-4f99d20377bd,https://www.imdb.com/title/tt1260407/
6312,4867,2252d3fe-83b8-4442-8fd0-0df274c3b550,5d9f82d0-7455-4e3d-9706-b28a85493c5c,https://www.imdb.com/title/tt0440877/
6313,4868,30b44376-3618-456b-9385-98fd2a37bbd1,86dcc053-56ca-4c7d-ac65-8e5af3eb060c,https://www.imdb.com/title/tt5920136/
6314,4869,0d1b98cf-d5f4-4659-9b13-7ff41d0a2e45,721c8689-6cb7-4b0f-a6bb-d64cbcfa14a8,https://www.imdb.com/title/tt0988768/
6315,4869,8598bf3f-7257-4eab-8065-29868f1fde1e,721c8689-6cb7-4b0f-a6bb-d64cbcfa14a8,https://ecommerce.umass.edu/defa/film/11114
6316,4870,315e5f48-7599-484e-bf82-e6e76307f06b,af357750-479d-49ff-b5ae-a45eeb9cde25,https://www.imdb.com/title/tt0290406/
6317,4871,6edd607b-710f-42d7-9dd3-196d4cbeb98e,cae60d35-13e8-4789-90c7-dc302db81e3e,https://www.imdb.com/title/tt1735233/
6318,4872,ccaec102-29a6-4848-ad6b-2b17a769ffd1,3b9ed50b-a06e-4c71-8187-be27de9448a5,https://www.imdb.com/title/tt7256990/
6319,4873,800bc0f3-3da5-4660-867e-da72a7598995,7bdff167-42c3-4dd4-a292-c751355c09d8,https://www.imdb.com/title/tt12313114/
6322,4875,465d89f4-e65a-47fe-9f6b-ce4c70c3dc92,078b701c-7d9f-43e7-9dd0-fabe145b0b9f,https://www.imdb.com/title/tt1477655/
6323,4877,e309b8c9-30fc-405d-91c4-12c898a52f96,f9e7b206-1320-46c1-bcf7-1c2bd76960d8,https://www.imdb.com/title/tt2256613/
6324,4878,c8503641-c07a-4f53-9dbe-d237008446e3,b55c08cc-dd85-4cea-bc66-f24362b63a24,https://www.imdb.com/title/tt2049386/
6325,4879,ef8cc724-76c6-4dc2-aacb-d03b2b1e0b28,13969dfe-6436-48c8-a7cd-8ed395478e37,https://www.imdb.com/title/tt0142641/
6326,4880,e2661c01-6750-44d1-b2b2-93aee8624421,93e89b13-76fe-4154-b6f1-64e6dded9dda,https://www.imdb.com/title/tt4414950/
6327,4881,ebac1ad7-7df0-49fc-9542-7a3e5f9e3df5,8a130d49-78b9-433c-b908-72db93f1b6b5,https://www.imdb.com/title/tt0261518/
6328,4882,e506bbb7-a05c-4617-89be-2ea87d5e68d9,62912b19-5abc-49d8-a6cd-ebd77d98ad26,https://www.imdb.com/title/tt7657628/
6329,4884,70269842-1d32-4cba-915a-82d570aa4756,35eb564a-b7fc-49c8-a49f-48dab56125ec,https://www.imdb.com/title/tt3912864/
6330,4885,6409cbe0-d8a6-45c0-ad11-606d02b0e39c,4736a639-3e3d-44be-88b4-04d9fd7b8087,https://www.imdb.com/title/tt0424787/
6331,4886,267a1b9f-9741-4789-80d6-1ffc3147884a,33fb81c4-c061-4879-885a-acb4f583500f,https://www.imdb.com/title/tt4795086/
6332,4887,4bbf6b61-0464-4605-88f8-7a843eea4876,c8417d3f-6ee2-4c9c-b0bc-28e5e562494b,https://www.imdb.com/title/tt2271155/
6333,4888,58c80d13-2dd0-4d88-a2d0-f722ac0bd686,76b1af1b-d654-4bb9-ae73-4b1042d62277,https://www.imdb.com/title/tt1639327/
6334,4889,fa9e5643-002e-4bec-be78-2c52066238fb,324b0e4a-9ff7-48e4-a7b8-4ff711834eeb,https://www.imdb.com/title/tt8401856/
6335,4890,bb9b7fea-54c3-48ea-8680-559c0e3e0dd3,8efe1a4d-d3b0-4eef-a86d-facceb95b4fc,https://www.imdb.com/title/tt4584814/
6336,4891,446baf66-8026-4dd5-b939-9bf6c4fbd8cc,82aea37d-f432-4b2b-8d36-6640b36d7bfd,https://www.imdb.com/title/tt1712127/
6337,4892,35ea3ea3-dd23-4cdc-8cd2-fa476ecd353a,4815bb9b-d23a-4814-827f-11681b9d542a,https://www.imdb.com/title/tt6141386/
6338,4893,3fab61ac-fc79-4c0f-9b3f-ed47e29f6f07,3c3b8657-7c29-4c25-808c-1bdecb296a61,https://www.imdb.com/title/tt8213520/
6339,4895,04c816fe-dde3-4852-ad29-543679a5fe08,4bc9ceee-8cdf-4484-9336-dcc45a0597f5,https://www.imdb.com/title/tt8212194/
6340,4896,0395c652-4ed5-469b-96ae-8f3a25c8c6c1,be9a28e6-1834-4a6f-9790-8e69c1d54980,https://www.imdb.com/title/tt2233014/
6341,4897,f62ff12a-975c-43e3-a9dc-e7591d648957,9414281a-3aaa-45e6-aeea-380f26f7ba22,https://www.imdb.com/title/tt1931393/
6342,4898,e88c683b-3db3-4acc-b44e-e66382f50fc5,4fe57d36-a4ce-40e3-8e2c-e30f5b5843d8,https://www.imdb.com/title/tt2593552/
6344,4900,ca0ede4f-d336-40f7-8e92-8f1d6f9a394a,7a75ce5c-9c21-470b-8311-fd57db70829f,https://www.imdb.com/title/tt9746804/
6345,4901,afa545e3-8087-4765-87af-a2123e48bd14,df4c40c6-bc02-4c11-8b94-2a0aa42cd705,https://www.imdb.com/title/tt0092723/
6346,4902,1a83caf1-5404-48e6-8104-14743b4612e4,4604d09e-c6db-4b80-9fdb-f8a068bbc7b9,https://www.imdb.com/title/tt0077145/
6347,4903,551c702c-96b2-4523-835c-67833d01fbf1,e292af22-1f66-4021-842c-e208070696a3,https://www.imdb.com/title/tt1152683/
6348,4904,27220f24-5637-4ffc-b03f-4e629a84b55b,5565f176-b839-4408-8e8e-2d535289c7c0,https://www.imdb.com/title/tt5610904/
6349,4905,06f45903-0ce0-4a54-b716-80ff9d248c02,c61fa631-60e3-4c4a-ad10-8b8049137888,https://www.imdb.com/title/tt1788349/
6350,4906,48ed59cf-d840-4a85-a437-172bde50f902,c3aa4dd2-858a-4fb0-9268-10b93c0adb3b,https://www.imdb.com/title/tt8463760/
6351,4876,d1b77c98-1102-4f71-ab6c-af248a2e6b19,b0051e74-0f89-4c8b-8b4d-220edf03d896,https://www.imdb.com/title/tt0366156/
6352,4907,cb8908d3-a3c6-4e4e-baa1-fc683c7d4806,a7f3ccb1-7434-4f1f-8f19-260abf5eb73e,https://www.imdb.com/title/tt6382170/
6353,4908,dc866792-ddde-48c1-bdc1-41ca3bdf9544,9d74cc61-3cd5-42c4-990d-ed50691bf499,https://www.imdb.com/title/tt2251465/
6354,4909,4d6cd388-ec19-4d10-b7e5-45685f80f916,b55712cc-fedb-4e3e-9522-3a18566269d3,https://www.imdb.com/title/tt0292908/
6355,4910,30f307e4-95d3-4239-98b0-72be108c9b42,1abdbc06-2921-4955-bece-0df2983cc947,https://www.imdb.com/title/tt1010295/
6356,4911,1554bfb5-1aff-4ddc-a948-ed7dcf71a830,f584078b-f217-411c-8732-d26318ebb63d,https://www.imdb.com/title/tt1999166/
6357,4912,08c83fa9-8f1a-46b9-831f-212f3b8ce16f,053784bf-63ee-4990-845b-98284e1b95da,https://www.imdb.com/title/tt2145620/
6358,4913,5dd181c5-ba46-4895-839f-3386ce108b36,62c6d5f1-35a0-4d47-8950-60980b612558,https://www.imdb.com/title/tt6051738/
6359,4914,6f83901e-76fe-49aa-a63c-e30a5fbb5fb3,3d629464-a2b9-4099-b644-b640e137678f,https://www.imdb.com/title/tt2820468/
6360,4915,52611c5a-412d-4c3a-bf8b-6859e6398124,55ce67d0-07e1-4ebb-b145-889f599bb9bb,https://www.imdb.com/title/tt0212742/
6361,4916,4b87a6bb-2279-47f8-8b01-5ebf1b3eb66e,53fec80b-e7f0-46b3-bb14-c243c0419d13,https://www.imdb.com/title/tt2260254/
6362,4917,a0904580-c0ce-4cc6-9d89-5c9541fed7cf,75002262-8fad-4d5c-9ef2-017318ee3a9e,https://www.imdb.com/title/tt0018640/
6363,4918,236ba629-d2df-4606-9783-9cfbd6e26ec3,1f9251fd-d7e6-4d06-9601-c860a9e964ed,https://www.imdb.com/title/tt0211192/
6364,4919,48bc67d2-26b2-4750-b2de-720ab9fa1ec2,a613c7d6-c450-42bc-9269-18ab6b9e0690,https://www.imdb.com/title/tt2547370/
6365,4920,49063f66-d9db-43aa-a070-91a9e6deb34f,60253e97-385a-47f1-85f5-685025bcab83,https://www.imdb.com/title/tt0071116/
6366,4921,d7432de3-691b-47b8-b801-04e8395d5b72,42256122-ed86-44e0-aaf6-5597d3d441a5,https://www.imdb.com/title/tt3527696/
6367,4922,b7b03dd4-8c16-46b0-8d5f-d48102cc76f9,dfadec18-c9f2-4795-be3a-6e15bb2765aa,https://www.imdb.com/title/tt3500242/
6368,4923,efd445ce-d56c-4d5c-abcc-0d78ff442dbe,e5d0e2a8-fe67-447f-a928-e275be0ac155,https://www.imdb.com/title/tt0028378/
6369,4923,7d00826d-8549-40ba-94dc-59d179858fc9,e5d0e2a8-fe67-447f-a928-e275be0ac155,https://archive.org/details/ThruTheMirrorDisney1936
6370,4924,a1c09b10-21f1-4e65-82ec-b3aeefd4f7f1,1ffc0de9-ffba-4f66-a78c-17fefda5ba8d,https://www.imdb.com/title/tt10085808/
6371,4925,af615386-5226-4f46-a714-ba3648403201,db03ddbf-0885-4455-827d-71ef8fefa6ae,https://www.imdb.com/title/tt2761494/
6372,4926,2ba0fbe4-3cef-44e4-a65c-41d8ee9ce7de,a5fdc341-919f-4360-85c8-49931ff93de0,https://www.imdb.com/title/tt1470634/
6373,4927,7081d981-5616-4e75-a95f-6b36280073a5,7800e28f-ee31-4c50-9ee9-676d3f405194,https://www.imdb.com/title/tt2943568/
6374,4928,11d04e09-8ee6-4107-83a6-6edc35ae3125,15c63566-503d-42e2-831d-496124bacc1f,https://www.imdb.com/title/tt4892830/
6375,4929,61de7e68-d50b-4a25-98d4-0e372210b6da,97b4d352-1efa-4474-8dbb-caff65636d19,https://www.imdb.com/title/tt2566270/
6376,4930,f836045e-6724-440e-a163-0675994480c3,1564131e-66b4-40cc-8726-34e4882e7f32,https://www.imdb.com/title/tt3255652/
6377,4931,cb549720-68bd-4abf-9f38-897929f18e57,f0dad01a-05ff-47b8-b251-6fac90a970a1,https://www.imdb.com/title/tt9441442/
6378,4932,7a9246f1-afd3-43ee-98a9-90b28fad08d7,0b47e540-bd9a-4533-8056-caeca776c75d,https://www.imdb.com/title/tt0101295/
6379,4933,66e6f41b-87fc-486d-90b1-8f214771f91d,a169192a-cb32-4b67-a126-cb3b44320cda,https://www.imdb.com/title/tt0101313/
6380,4934,e7e68847-c3a4-4b3e-a478-9f2f298daa10,8078985c-5359-4c69-adf9-52250fb6124a,https://www.imdb.com/title/tt4605904/
6381,4900,0bc0cb4e-2104-4509-83ea-97310bd9b743,7a75ce5c-9c21-470b-8311-fd57db70829f,https://www.imdb.com/title/tt4022214/
6382,4935,784ee92a-a707-4010-95a7-da16cd5d6bf4,1bd489db-44d8-4751-b392-ee69391eede5,https://www.imdb.com/title/tt9746870/
6383,4935,85d3f3fb-e0ba-4ae3-a210-18da9de7ac0c,1bd489db-44d8-4751-b392-ee69391eede5,https://www.imdb.com/title/tt9746804/
6384,4936,2c453c5b-4461-4555-b19a-ac0deef8f2c1,8a1235e3-7d49-4f7a-aedf-c295cf270953,https://www.imdb.com/title/tt6601046/
6385,4937,69dd73b7-dcdb-4db3-9cbf-194186b43ef8,b6db38ce-e1d3-4564-9ba9-8f2bba6a1d35,https://www.imdb.com/title/tt0096194/
6387,4938,0e16045d-b0bd-4f50-ae83-49752e0a2c5a,243ec5ce-4ca5-4ed8-90a1-f0bd177d4caa,https://www.imdb.com/title/tt7598224/
6388,4939,cd0e28e5-62fd-4845-9414-fd63cd1b0b94,2c5650ea-d4bf-4cea-aefd-e53040e02604,https://www.imdb.com/title/tt1614947/
6389,4940,4df1325c-558e-4b59-b2f9-a53cbb877eb6,b1c45b3e-cc36-4673-8ff6-a4e4f0b1efb5,https://www.imdb.com/title/tt3395804/
6390,4941,d1106ba0-f037-4c7a-acb0-549bf0e73ced,6cfc9abf-ac58-48e4-83c3-c1eff898d5c2,https://www.imdb.com/title/tt1934221/
6391,4942,26ffd873-f357-4b4e-a6d2-75f7e8476e08,074df3c8-31c7-41f8-a936-da1c8fea7df9,https://www.imdb.com/title/tt1734203/
6392,4943,1f412236-375a-4bae-88d1-3e4ac957e3e3,ab5c774b-b5a2-4091-b85a-da732ab6c595,https://www.imdb.com/title/tt2403029/
6393,4944,e7abb06d-381c-4776-a0f1-04f3fc8b0250,33047f60-78f5-45a8-8fe8-70ca0ba8639e,https://www.imdb.com/title/tt2235713/
6394,4945,4da5ff28-f975-46a6-9051-630f27887327,3aadc267-8f1d-4903-a28f-3b3b39e9c2ca,https://www.imdb.com/title/tt0449098/
6395,4946,21c0598e-2535-4896-a678-4627edb43922,be95a7d0-55f8-4222-ad31-c95fd5c50a9f,https://www.imdb.com/title/tt1215902/
6396,4947,88d969b3-3ac9-4d4d-8092-712c50a92dff,99832077-39cd-4308-88a7-2c77341d1b65,https://www.imdb.com/title/tt11670292/
6397,4948,3276b4b2-af14-43e6-982c-21687920df5b,3a37d45c-83fa-432c-bcfb-a99cb850200c,https://www.imdb.com/title/tt0468878/
6398,4948,dec3b14b-09e9-461e-8217-03ea2735f81d,3a37d45c-83fa-432c-bcfb-a99cb850200c,https://archive.org/details/SnowWhiteOtherFabulousFables
6399,4949,bee8b2e0-5609-42f9-9ef9-c50dc9ee58e8,f7e68f29-0781-4726-ad21-b2da4ac768ce,https://www.imdb.com/title/tt0167407/
6400,4950,5024c6fb-672c-4ada-82e5-982ac1fdd4e1,c73172c6-13d2-4570-a15d-3e3f581f9638,https://www.imdb.com/title/tt3567472/
6401,4952,15c6dbcd-349f-42f5-97c5-8301f1c88dde,b0f1f655-14b4-45e0-bdc6-42440510f836,https://www.imdb.com/title/tt1850981/
6402,4953,65502be2-739c-4420-8fca-25c3e43492ec,1614789a-383a-4197-afbe-15de000a7a46,https://www.imdb.com/title/tt2180174/
6403,4954,e8de4436-87e7-4818-b1bf-d09caba4207b,64860966-90ee-436d-8390-c820b9b635f6,https://www.imdb.com/title/tt0157390/
6404,4955,2718dbe1-fcc9-4ac5-b337-8217e40e87ad,a5a1c19b-b52c-43f1-9b30-3909e1b63fb9,https://www.imdb.com/title/tt6149388/
6405,4956,18e6d4eb-91e7-4366-9766-b56352f2012c,54b46b96-7065-4ff3-82ca-c9920019ab6c,https://www.imdb.com/title/tt7821084/
6406,4957,ed76dd4b-ebb9-44f1-bc03-7f25dab1b536,b7244288-058b-418d-be70-1e504a1925d8,https://www.imdb.com/title/tt6838858/
6408,4959,90caa89f-47fb-44d1-9214-8232b914f21c,f79b4338-d3bc-4990-be9f-14973df17201,https://www.imdb.com/title/tt2466640/
6409,4960,fa089edb-3674-4f19-a194-3ee5f93060c6,7325021a-8c93-4184-b6d3-34b265f3f172,https://www.imdb.com/title/tt3962468/
6410,4961,bdeb0da2-1f2c-4808-9a08-cd394ccf1d24,9705173d-7baa-43a7-ba09-235f972e558a,https://www.imdb.com/title/tt0218611/
6411,4962,0fa9d030-b474-4d23-b615-2cc4a991b606,dc83b09a-a09f-46e4-81ea-a8bc0b31e8b4,https://www.imdb.com/title/tt4899056/
6412,4963,54895a0f-0d30-4985-b1e2-5fe70c4257af,53b0658b-3643-448d-a980-4e480467e2be,https://www.imdb.com/title/tt5255010/
6413,4964,9b699042-e672-4cde-84f6-4b1cd3d83cb8,bf1dfd2b-fd61-472d-83d2-ac4a419c7afb,https://www.imdb.com/title/tt4832812/
6414,4965,6e221aca-11e4-4d9d-8d3e-97308684ae54,f96bcb93-1d7f-4414-8da2-63ac76420353,https://www.imdb.com/title/tt2050489/
6415,4966,e8e411ae-d398-4fee-b0cd-5890c1c95c08,1749649b-a4d2-42e5-9b00-798353186b07,https://www.imdb.com/title/tt1112749/
6416,4967,47592181-48d6-41a3-9aff-fbebc4f1363b,cda4a139-a23c-43f0-983b-b672728f9e24,https://www.imdb.com/title/tt1029330/
6417,4968,ea7b3d2d-c415-44fe-8144-00f85ab8abec,08acb798-4036-42eb-8175-9a22b33d27d4,https://www.imdb.com/title/tt1853592/
6418,4969,b565108e-ae32-4a71-9c59-5c0daa3ecca0,89df74d5-eabe-4b44-b2ba-b77e8b7f996b,https://www.imdb.com/title/tt9274824/
6419,4970,4f1431ee-53d8-4e1f-b7f0-46902981df4d,5e58d2cc-51ae-4320-88c7-f56b5894e7a7,https://www.imdb.com/title/tt0373327/
6420,4971,4e56e22e-94ed-4a16-bde3-6dd2eaa92558,49193133-3dcf-4aea-910c-a688e396c529,https://www.imdb.com/title/tt11513544/
6421,4972,f37c6c20-7d31-4388-8080-0b023f33ccce,2b132640-20d3-4bf5-992b-92dc42fd7c24,https://www.imdb.com/title/tt0367070/
6422,4973,437110eb-62be-4ca7-af3f-dfb55696ce38,b2f8d9ae-5309-4d45-8819-0abd975ac1e1,https://www.imdb.com/title/tt0413281/
6423,4973,1f039981-9a5c-4dc6-9d06-f8eda5626504,b2f8d9ae-5309-4d45-8819-0abd975ac1e1,https://www.imdb.com/title/tt1075399/
6424,4974,82bbc2ef-bab7-4082-b510-394518b2a69f,66c88f6f-cd35-4b1b-941a-f2c602568b5a,https://www.imdb.com/title/tt5752586/
6425,4975,69c7bc46-c4eb-4463-8756-23e35b1bb479,1a2e44e3-f1dc-4543-9ba0-0ad8e6da989c,https://www.imdb.com/title/tt0121387/
6426,4976,48652b29-cd83-415a-93c1-6461835c4e0e,7e1dbbb7-07b3-450a-9ed7-4042064f3058,https://www.imdb.com/title/tt0434345/
6427,4977,50b4a1bf-2ba7-40ba-996e-7b30e166046f,1a917e8f-0507-4a9a-ae21-093ff930b98d,https://www.imdb.com/title/tt1471215/
6428,4978,2ab0bd06-22e3-4443-bb3e-ba02e70efad8,8686319e-d7ac-474f-8de7-7e3e48690d47,https://www.imdb.com/title/tt0181575/
6429,4979,d185d25d-1b9d-4746-9dc3-886bbfb69465,ebefca7e-fccc-4381-be1c-92dd247abb2a,https://www.imdb.com/title/tt5940434/
6430,4980,1591c61a-bf28-4608-9c0d-abc82bfd16dc,9748b2bf-e45a-4d00-a783-9a9be0b73478,https://www.imdb.com/title/tt0046017/
6431,4981,d3cb5280-ec69-49ec-a0a2-06109383a1cd,eec328c1-f5fa-426c-950d-ed3ad079db2a,https://www.imdb.com/title/tt1723721/
6433,4983,6d0d8952-e99f-4d06-97c3-0dc4a0e09257,5582a889-4bcc-4274-b998-a1ac463ba9dc,https://www.imdb.com/title/tt5714624/
6434,4984,2ab49ce5-6530-47bf-951b-b8af343de3b4,299904f4-2c76-4638-82c7-8213639a5079,https://www.imdb.com/title/tt1185421/
6435,1200,8c7897cb-1825-4fe7-b9f8-f66c5789c710,3b44cd74-1263-445d-b6b3-3a26271c633c,https://uwinnipeg.on.worldcat.org/oclc/52147444
6436,4985,61f19739-6645-4a74-b8ab-58422ab082ee,e356a92d-7bf3-4e72-9e8e-687aaf3d51bf,https://www.imdb.com/title/tt7061710/
6437,4987,77b33a53-b55a-4c56-8463-b236be65f355,a34017c4-6d88-4cbc-84dd-990bace89625,https://www.imdb.com/title/tt0203724/
6438,4988,2e3995df-1e18-4b43-9f0c-af5e4ec4e990,639cf7c5-3642-4ca0-a0f9-8e18fc689335,https://www.imdb.com/title/tt8647312/
6439,4989,2483cb22-2184-497b-b44f-2dd4134908b3,e537f315-2f18-4c58-b57c-84e84b007b0d,https://www.imdb.com/title/tt3096712/
6440,4990,bf8a8925-e3a1-4938-b2e0-104d6fab2d71,df9cbd5b-2e98-4ed3-90bc-c0938d4806a3,https://www.imdb.com/title/tt2132497/
6442,4222,a2c81859-3a9d-4e6a-b6e3-a01d5ef9180f,ce77a26b-0501-419b-a0f8-b67b9a4f1dd6,https://www.imdb.com/title/tt0299147/
6443,4991,d6da20b7-81d9-4ba2-9ef5-aa56b30f9163,d4499ead-c76c-487c-9b40-927aa42ab9ae,https://www.imdb.com/title/tt0300195/
6444,4992,8c77988d-b553-4ef8-8f06-8a2373fc2bcb,c5c0ab9f-0f55-4e44-b8e7-a4c926e28793,https://www.imdb.com/title/tt11188030/
6445,4993,27d62e9d-3bb8-4adb-9fb3-81ac4e744fac,61ef64dc-e43a-4f6d-aed3-ee89bb29a5eb,https://www.imdb.com/title/tt1242881/
6446,4994,8d86f34e-ca4e-4bb7-8e85-e9f7ae4bdad9,75d3fe63-820f-49ba-b067-95d5b81140cf,https://www.imdb.com/title/tt0128405/
6447,4995,d77096fa-86f8-4470-b95e-5b4acdf65f0c,4021d97c-4130-470c-b2fe-5ee5897690a9,https://www.imdb.com/title/tt8295442/
6448,4996,d5fcf514-2978-436e-b743-4039f1f9ae37,bf06da38-3829-4bb8-9b85-ea819f6cfcb0,https://www.imdb.com/title/tt5797886/
6449,4997,0bec0763-991f-4b49-a857-fa2696ef21f1,f9261649-4997-44ff-bbb5-fbc633de16bd,https://www.imdb.com/title/tt3156634/
6450,4998,c0f1d320-28de-4dcf-8f59-a7a675079a3d,96ad9aae-a331-47c6-a673-31ace2da5fcd,https://www.imdb.com/title/tt2136971/
6451,4999,b8f21cdf-9a84-4ff3-abcb-0fb225cdd5a6,a7c4532f-a694-40d3-b37e-f5c1c53624cc,https://www.imdb.com/title/tt1362545/
6452,5000,80e29c8c-8eec-4225-9d75-15c1278fbc6e,72fded79-1b6a-42bb-ac03-649a8a7c951c,https://www.imdb.com/title/tt1482859/
6453,5001,fde24b8c-5d4d-4625-b603-074e084b9b2c,b0abe19f-34fe-4a79-bb6c-38005a3ad985,https://www.imdb.com/title/tt0273255/
6454,5002,750ce096-909d-4847-b7f4-43971b21947c,b076cfef-371d-475f-a719-0fb299c17e8a,https://www.imdb.com/title/tt0243297/
6455,5003,089849bd-b116-496e-9a7c-73342ce42c99,ea05bc8f-e091-4372-9293-a25151124a59,https://www.imdb.com/title/tt7410084/
6456,5004,e170ba45-2a89-4c8f-b8e6-73e229a7731b,7985f036-1e94-4d58-b3ab-30e0b5d3e401,https://www.imdb.com/title/tt3675828/
6457,5005,39b9065f-7c9b-40f1-8d40-bbd190fd7a1e,4c5d96b1-b52b-45c3-bde8-468faa9feac6,https://www.imdb.com/title/tt0471734/
6458,5006,75a10406-b211-4ca4-8021-acba4dc8c1c7,90d328b3-3f01-480b-9173-f8849acc7375,https://www.imdb.com/title/tt4210190/
6459,5007,e60b7e75-26ca-4428-8831-b45f14f62c0c,5ab892bc-3457-47e2-8571-50a565c7b7bf,https://www.imdb.com/title/tt0892763/
6460,5008,35f8a6b7-351d-4d73-87eb-c3383ff9335a,e59e3b8f-b466-48e5-846d-ef10edca4134,https://www.imdb.com/title/tt1819756/
6461,5009,abcd2234-808a-4ffa-a275-0a6486792c27,00333d78-9629-42cb-bfdb-d4ecf1b888c1,https://www.imdb.com/title/tt3166606/
6462,5010,6186a43e-22cb-4c28-a21d-d73151f1f482,61047e09-9e5f-4078-bc4a-e9a6ecc53898,https://www.imdb.com/title/tt9662958/
6463,5011,2b173b98-6cac-4bba-b693-09d552fde306,35c6c74f-145f-480d-97a5-47ae529391e6,https://www.imdb.com/title/tt0456987/
6464,5012,fe99db0f-9a8f-4079-bb15-f8fc949fd393,faf9d6ae-b255-4fe9-81f6-d0544a8559ae,https://www.imdb.com/title/tt6824764/
6465,5013,206bad36-3cae-4c4e-b16b-0c98f3fc3a43,ad091dbe-81ee-4a40-bae6-894c98e0e37b,https://www.imdb.com/title/tt2562256/
6466,5014,c0b23e28-eb08-410e-ae8a-129a462a4f8b,0af96c93-54f3-4748-911b-db33c6506d34,https://www.imdb.com/title/tt3346578/
6467,5015,75d3a380-394a-4ffb-b794-0a9eefcd1851,b44e3529-24ba-4514-9fc9-39da493008a2,https://www.imdb.com/title/tt1745893/
6468,5016,7568d9db-113d-4e5e-91f6-bf94b4ab26e5,7a8ed886-5c12-47a2-900b-b043ae47f21d,https://www.imdb.com/title/tt7262376/
6470,5018,5bd36ed7-58bd-4a4d-b189-1247c821f31c,3f94b3fa-00ce-4a4c-bcae-74bf213cbda1,https://www.imdb.com/title/tt1813347/
6471,5019,a400e659-ef63-4207-9321-5b92df3aa9f1,edd71fdd-c174-46b2-940d-3604a2ed7116,https://www.imdb.com/title/tt0387368/
6472,5020,f2269e28-43fb-4c26-8caf-6f2a10250c00,c60f8ea7-b392-4307-9138-621e0e07f311,https://www.imdb.com/title/tt0093684/
6473,5021,ce5fb3e4-052b-4167-9e18-9f41df55e8c6,1af92afd-ad41-4148-b1f2-f4ca07529a23,https://www.imdb.com/title/tt6945614/
6474,5022,aa30ea25-4afa-40ae-9f13-224eb0c6f6fd,4fb5de32-a6b6-48b7-a3fe-0e295f05101c,https://www.imdb.com/title/tt6113730/
6475,5023,d32d6690-262f-4355-b987-fa6e7c2099ce,f1bc2e60-7a9e-44da-a9fb-98b8cac033f7,https://www.imdb.com/title/tt2091895/
6476,5024,cf5b1523-88f6-479a-b133-f233ebe180c8,b39a027b-7ddb-4cab-8465-90fb2c7d945d,https://www.imdb.com/title/tt0434992/
6477,5025,9bcdaccd-673f-46ed-acc0-8df8fded4b28,b0beabaa-43aa-4f72-96d1-e556573a6d0f,https://www.imdb.com/title/tt3582478/
6478,5026,1b03a517-83a7-4914-b743-d66debcc60e2,da149c47-ecb5-4251-af86-8d59af47cd91,https://www.imdb.com/title/tt11416560/
6479,5027,10814bc9-8568-4807-8330-f464ad3906e5,c414d2d2-6d86-4dc1-b4e6-da19d7b53370,https://www.imdb.com/title/tt2310488/
6480,5028,e0642944-758a-40f8-8ac3-6f93ea754e80,b3baf628-1745-4a1e-9b82-b62b15bcbcd8,https://www.imdb.com/title/tt5134590/
6481,5029,e34c827b-2ed2-4bef-8b21-0c4cbdf0f576,88106a18-f031-4aef-92c6-546cb7dcc400,https://www.imdb.com/title/tt6923616/
6482,5030,dfbfb4c5-e672-4f38-a82b-eb319761dccb,04c063b6-239d-487d-b585-9f536e7f620a,https://www.imdb.com/title/tt1669620/
6483,5031,2666fd8a-2a0d-416e-bed2-0d6af65ccb7c,119e61bc-686a-4b34-a25b-cc8e7799acd0,https://www.imdb.com/title/tt0157731/
6484,5032,e10c8b8c-8f6c-4b19-9099-79ce22286fae,c49b7b8c-1ccc-4292-8987-184960c03a9c,https://www.imdb.com/title/tt0150713/
6485,5033,6ebeb37b-67b3-42cb-a9e2-b9c058ce7d99,a2d15c53-95d6-4946-9b9b-4d9cae8855db,https://www.imdb.com/title/tt1913122/
6486,5034,cfb9182a-22aa-4d42-b2f0-e6aa53e37af6,3b3e8419-b8ab-4b22-9e9a-f52291187858,https://www.imdb.com/title/tt0073882/
6487,5035,522b61f0-44cf-4be6-b30e-b00cec2f32a5,3afcf984-4ae0-4dc8-8e91-acc13e3c7ab3,https://www.imdb.com/title/tt0111686/
6491,5036,2437438c-f3d4-4331-a3cb-a08cd2101e27,27da499c-f1da-4c80-a28f-6ef0064d0dee,https://www.imdb.com/title/tt0362230/
6492,5037,760dee7a-8e70-4b1d-9075-ddb62337fb94,a81a7de8-0f6d-49c1-8922-ec58c3eafab2,https://www.imdb.com/title/tt3135152/
6494,484,f05d2f0f-8263-4a45-a246-e83561eee6f9,6b530f4f-c286-4a89-892d-47b07ec8bf43,https://www.imdb.com/title/tt0042227
6495,1681,4ec9f8a5-3fd5-4142-8696-19255aae2717,d38f25a4-43d1-4a4e-b7aa-ee06bf0cc714,https://www.imdb.com/title/tt5437470/
6496,1487,2de74420-043b-42ed-b83f-0bc1fb8b8731,27deaf33-d3ce-45e5-bcf7-443c6e8abf14,https://www.imdb.com/title/tt6196836/
6497,60,07736773-8ec8-477f-b207-3d8a616ffc55,aadffcfc-3fd1-4da3-90d4-1796ee9cd21b,https://www.imdb.com/title/tt0050604/
6498,2401,e09cbb3c-4724-46b1-a5ba-e8b241f981fd,540ef86d-41fa-4cfd-ae80-9c80b660d51f,https://www.imdb.com/title/tt0973780/
6499,3493,ab7f4375-3090-42b1-ba97-426e331512d3,1743ac88-5148-4bf0-adc0-57d98aaed057,https://www.imdb.com/title/tt0349724/
6500,5038,01a35f48-8810-4673-b676-a3c59d5d354f,be1a3d1d-9a75-4afb-a5eb-baa90542d7f8,https://www.imdb.com/title/tt0081373/
6501,5039,73a0ac6c-af1e-4bf8-b3c7-000ee9b22277,2791b7aa-0ebc-42d6-b524-ac6a79c06257,https://www.imdb.com/title/tt0045283/
6502,5040,95573eec-57d9-43bc-aae6-3f5edd7af615,35544aba-6412-4fee-866a-4421d0104f61,https://www.imdb.com/title/tt0427640/
6503,5041,0595b0f9-c3c5-46de-a2a0-5a2544364a24,bfb658e0-f00f-4c55-af7e-c842d2c22748,https://www.imdb.com/title/tt6198066/
6505,5043,c4b50300-f352-47a8-9326-1495e66a2eab,8f99b987-43ea-425e-a526-b255fa72a271,https://www.imdb.com/title/tt2150279/
6506,5044,fc843f80-8543-406a-a736-b840a2a6755c,e85ba63c-8806-4796-b819-63092121ef8c,https://www.imdb.com/title/tt5894512/
6507,5045,761ab6af-9440-491c-8576-3c5938261077,fc4ef82c-f971-4db3-bc26-2ec4d7b5c4e3,https://www.imdb.com/title/tt4264862/
6508,5046,e78f771d-9e60-4653-811d-90a586faa91c,cd62067b-31a8-4fb6-8ea5-6f2cd53236e6,https://www.imdb.com/title/tt8183392/
6510,5048,0d4d7557-988d-427a-a912-97b4541a58a0,d64eeb8a-d89d-4f22-a414-67368d184092,https://www.imdb.com/title/tt0175913/
6511,5049,a1e5dde8-7fab-4a55-a094-8a500e514c75,483ff7b4-d4b9-4815-9f4d-00733a621fda,https://www.imdb.com/title/tt0087854/
6512,5050,d783bd1a-386e-4867-8980-844af56b5bd5,3141edae-a8c9-4162-8efd-57feb4ecc2c8,https://www.imdb.com/title/tt1198413/
6513,5051,3595a068-e224-4b53-93cb-9b7776eb16c8,fcf0be24-3818-4068-a23c-ab4377f8f8f6,https://www.imdb.com/title/tt0000596/
6514,5052,06872b94-6353-46a9-a1ee-57c9a4c9c920,79397111-03ca-420c-95d6-315c9ea6d3f1,https://www.imdb.com/title/tt11323450/
6515,5053,b6e2a553-29d2-4f4c-9b46-014e658c335e,2bff525e-bf01-4983-afd2-9a2e057b8949,https://www.imdb.com/title/tt1612093/
6516,5054,c9674a38-627f-4e7d-a102-daa8b979983d,650e94a3-a61f-41c0-a23f-0a94369a705b,https://www.imdb.com/title/tt9046736/
6517,5055,7fd2b6d6-b8f0-4eb8-a5f8-a412fff490a8,82189207-f17c-4ec4-a0e7-4218b97a95e8,https://www.imdb.com/title/tt0424325/
6518,5056,76e6513b-d769-4686-a1da-0d6029478e07,41efba3b-b712-409d-9bf0-1cd3964c86ee,https://www.imdb.com/title/tt0374926/
6519,5058,89358566-4061-4215-9db7-14c226859359,6f46734a-943d-4424-932d-6a2e61101a8f,https://www.imdb.com/title/tt0320311/
6520,5059,b78a8e33-0739-4c42-bd8b-d85b1d951577,6ccbda5d-ad80-43a6-8d75-fc29c05f9081,https://www.imdb.com/title/tt1708465/
6521,5060,a67aad22-d876-49e8-9fba-0da0cde4ad50,5f6e68b3-8c0a-41af-a4e9-f2cb0551a992,https://www.imdb.com/title/tt0289949/
6522,5061,9715ff7c-354e-42b0-80a7-c10aa7e9d3da,b59afde2-de43-48d2-8e82-db9da4a135cc,https://www.imdb.com/title/tt6206396/
6523,5062,420a5848-5a52-4877-88ed-1adeb3730f15,efe452b4-6d81-49b6-bd78-57a83583be82,https://www.imdb.com/title/tt2081254/
6524,5063,558a35dc-8ded-4473-8c2a-73943db473ed,eb8db6f9-b67c-45c7-bcea-e4b9ef27f90c,https://www.imdb.com/title/tt4104470/
6525,5064,ac4eeb9b-c79f-4793-b751-25f8af2537bb,4f63d7f6-10af-4135-a6e0-8d88156a7292,https://www.imdb.com/title/tt1473020/
6526,5065,ce8c4359-85a1-4556-8b67-e8da41d71733,ac06d5f8-c2ce-4fa5-bade-6d53ee5ee338,https://www.imdb.com/title/tt3744880/
6527,5066,4819e68a-b28c-4764-899c-9311baefc1e2,e3e31ca7-8431-491a-8a9d-b75c0d8cdbc9,https://www.imdb.com/title/tt5819912/
6530,5069,16a2caad-f977-4087-85a5-5537524e45a4,ecec2627-1ba6-4f06-9aa4-8624dc0e9e31,https://www.imdb.com/title/tt7119190/
6532,5071,3d2d36d8-0a1c-4864-a52e-9327ad21f1a7,1b6f101c-b6a6-4a60-9902-4e20011971b6,https://www.imdb.com/title/tt0114677/
6533,5072,4019c7e7-d9d1-4147-b7c6-2948330de099,3bf269f4-ac16-4249-a2e9-bccff6125ace,https://www.imdb.com/title/tt0215099/
6534,5073,688bc04b-af68-4fc2-936b-751c0032f03d,43432772-3508-4125-96ac-565cd01dc27c,https://www.imdb.com/title/tt1592736/
6535,5074,8a9cc406-7e0b-46b6-bad4-5986f9377c45,9ef52dd6-aef6-401e-b21c-73a695ea0f0b,https://www.imdb.com/title/tt0434108/
6536,5075,195d9d12-867b-4415-8505-e5345e46368d,174f502f-716b-4036-96bb-07723cb43938,https://www.imdb.com/title/tt1779843/
6537,5077,8cda9377-e5e9-4cbd-ad83-29393b0f0f2c,1e369bb1-4df2-4fb5-a912-12fa7a16a922,https://www.imdb.com/title/tt0145047/
6538,5078,e78d0eaf-f666-46ea-9928-b9b0ea109aae,1b2582b5-3132-425b-86ee-f0ee26064afe,https://www.imdb.com/title/tt0093425/
6539,5080,c1800e7e-2b45-48a9-b177-8f3c9bb3475a,b453e9b9-3bac-4d9a-9318-1a07d3b24ffd,https://www.imdb.com/title/tt9199104/
6540,5081,7875f958-75aa-4df7-8c59-bafae33005f1,170e9fd5-2695-4a51-a3c1-0097de16add2,https://www.imdb.com/title/tt9199104/
6541,5082,ac7bb093-c9a0-40c5-8395-72eab51855f1,170843b0-0727-4a91-942b-c6b1665311ec,https://www.imdb.com/title/tt2997702/
6542,5083,57c1193a-a7fe-4451-b0eb-2caad6b2ee57,7371c481-62fc-48b2-be6a-da17076e1ea1,https://www.imdb.com/title/tt5093014/
6543,5084,ce9e337a-a9df-4731-9838-c112a999532c,3eb6782c-692c-43ce-a4ac-01fcae918fe2,https://www.imdb.com/title/tt5378290/
6544,5085,458e89b6-9218-4409-89fe-e6d619375d3f,ca425da8-d290-40b7-8dd8-ece54b8b7e6a,https://www.imdb.com/title/tt6788930/
6545,5086,cbd3fa3a-2647-4240-b836-fb5360013e84,07d2f1ab-ef48-4b7b-95d6-d44f1b35191c,https://www.imdb.com/title/tt8451932/
6547,5088,3291156b-7a2e-477a-a6d9-18359c7fef61,4ad935b7-67d6-46b1-8f34-0ba887610bac,https://www.imdb.com/title/tt4030560/
6548,5089,6e3818ae-d00a-4775-9f2f-a2ce43c9d450,362bb23f-6cc7-4756-8bec-74bef763f866,https://www.imdb.com/title/tt8802870/
6549,5090,d8a0ded6-ac82-4f8e-a4a0-4f688d2279c1,3758d2e9-36a6-436d-81a7-b2e2c0bd1646,https://www.imdb.com/title/tt3126162/
6550,5091,92c14ca9-f829-42bb-a630-bd97262a0999,1acba49c-8045-4e71-94c4-81bab82d3684,https://www.imdb.com/title/tt3752766/
6551,5092,800d3460-5a5e-4c3b-ac45-6286a968eb86,97ae880f-9487-4a34-907f-601ff038f1fc,https://www.imdb.com/title/tt0805647/
6552,5093,05e42634-86b7-4aae-a40f-fc10d9ecae18,9d2e6847-3dd0-4dd7-abca-630aa53e6f59,https://www.imdb.com/title/tt10312488/
6553,5094,a863d5ea-d159-4e6f-879e-ca97fbf7f92d,f37b9440-3cd8-49ec-8dbb-3a9ead131b77,https://www.imdb.com/title/tt13094050/
6554,5096,2a4839ed-6db4-4dd1-a266-59dc858d9fa2,023a970a-6184-4119-b913-eaa9a93cf1b8,https://www.imdb.com/title/tt0015411/
6555,5097,0c0ae081-8c3e-47ff-b919-30c5b1b8299e,4115e7fa-1881-431e-9077-1f5795539067,https://www.imdb.com/title/tt1683412/
6556,5098,9c5506e3-c9a2-4c45-a5cf-08e3fa059dad,f7113e9e-f169-43e9-9776-1883a12765e3,https://www.imdb.com/title/tt2020114/
6557,5099,6c560367-6ce9-40c3-840f-ba43089b1c4c,5de2c6f2-7a08-4985-b6a2-d7ee41374499,https://www.imdb.com/title/tt0764235/
6558,5100,4fe5d795-dfcd-4be0-a1c8-b9f1831b26fa,96828eac-b007-4f8e-810c-6ff1b268400a,https://www.imdb.com/title/tt0089818/
6559,5101,09d940df-89fb-4306-8417-69977840ef26,a9c71a29-7c74-4eb6-bd42-a7aa67fe6fea,https://www.imdb.com/title/tt0109227/
6560,5102,f0da0dbf-60a3-47de-8a66-89d8546ddf06,d1443099-099f-4f24-9496-4dbf5ed97270,https://www.imdb.com/title/tt0373182/
6561,5103,a3359eb0-439f-444c-8ded-826a072bfbef,8e2df543-d616-49c7-86ba-2950262cb240,https://www.imdb.com/title/tt1835977/
6562,5104,7e8fdbde-8569-4abe-8abb-12ffca71dd7c,2bbcf8b1-f547-4414-8989-c19cc6685409,https://www.imdb.com/title/tt3630468/
6563,5105,67dabf2f-807d-4316-9ed5-674883dca35f,0649848e-5557-4ce0-bdae-928247607dcd,https://www.imdb.com/title/tt5481984/
6564,5106,d46174cb-e1b0-468d-a881-d26951da1109,dcbae7cc-1f34-4260-9bb4-5a8b6b76c4d3,https://www.imdb.com/title/tt1467385/
6565,5107,0a5651ce-6e50-4b3e-9124-0f4a7d549cef,9229e8d9-898c-4467-abb5-7bec0041b1cb,https://www.imdb.com/title/tt0211627/
6566,5108,3c7d7736-8ceb-49f6-b4ee-1836788ef09c,bdd747cc-3efe-4c75-b088-ac4c0e79361c,https://www.imdb.com/title/tt0820033/
6567,5109,8f34e0d8-a756-4c44-997e-c581b9da254a,5c167666-0d9d-45c9-aff5-f20e0b49ec27,https://www.imdb.com/title/tt2151703/
6568,5110,4f3cfe2f-1e77-4d41-9a63-5150f4d31b41,eb0fddb8-440f-432f-b49b-2b99816c45e4,https://www.imdb.com/title/tt1262125/
6569,5111,d63a2b7c-aaf8-4c34-8afc-e1449c188cf1,84bede54-daef-490e-b8d2-3a2d69177a17,https://www.imdb.com/title/tt1922559/
6570,5112,544d1497-3373-4df6-a043-a2e003af252a,75a92b0e-45bd-4e6f-9760-7ba678931ced,https://www.imdb.com/title/tt0271272/
6571,5113,9f8954fa-85a4-4a07-880a-5a01b911d772,24f6b4d8-a48e-4eca-bcc4-12b3af08ed53,https://www.imdb.com/title/tt0042938/
6572,5114,67778946-c38a-45a3-82e6-aaf341229e03,568bf969-1735-4e33-a352-fb3443c4e941,https://www.imdb.com/title/tt2442772/
6573,5115,72b8d896-798d-4d21-a205-70d465a9f5b6,983a957b-4c82-4c9e-9780-e90fd1770c72,https://www.imdb.com/title/tt4852398/
6574,5116,d2fd301c-dc39-4883-b5bd-b38ba16736b9,39ab890f-45ec-42d0-b966-d6a645e1b638,https://www.imdb.com/title/tt1764442/
6576,5118,d0c5bff1-5737-47ac-96ec-22437753efeb,3a347983-9c1e-47e6-82bf-b9e2f0a26da9,https://www.imdb.com/title/tt0443012/
6577,5119,76100756-10d1-48bb-9426-84e2531a430b,a138ba6b-497e-4f75-b6bd-7a0b82c06573,https://www.imdb.com/title/tt0128423/
6578,5120,af05bbf2-ab60-484b-9337-885e61a18533,5789d18a-b67f-4c4e-8700-6db46e01ed53,https://www.imdb.com/title/tt0296161/
6579,5121,29525480-b18e-4792-9b59-048b05d9cf9b,f2a4fdcc-712b-43e4-b61c-8ceb39feee09,https://www.imdb.com/title/tt2769778/
6580,5122,b8bf2cdb-c9d8-4c39-a70f-98b95a12c14c,c6d1f15d-685e-436c-9035-c7e6d286b58b,https://www.imdb.com/title/tt0074280/
6581,5123,325bb516-147e-417a-ac81-85a97e5e398b,aba6b0f4-7549-41f1-9a1f-be72951ee591,https://www.imdb.com/title/tt2765806/
6582,5124,d9a1e8dd-d28c-4f31-99d1-71b959447c0a,6995b1a9-7b51-40b4-8390-66e6a903da55,https://www.imdb.com/title/tt2435174/
6583,5126,1eeef72b-08dd-40f4-8b40-36b4b232607e,cbd2aa99-643b-44b6-bdd5-c77318f2aa17,https://www.imdb.com/title/tt5113086/
6584,5127,14f96af2-13f9-4966-9ff0-211bead9e9ba,96333fc6-d4aa-4c38-b66c-d334a201de60,https://www.imdb.com/title/tt5124018/
6585,5129,ad6a7fc9-5943-4716-876b-ac61c1833cf3,b045982b-f79a-466f-9f1c-ee395c7adf03,https://www.imdb.com/title/tt0953338/
6586,5130,fb9cf374-1e0b-411d-8733-87ce6475d49f,69bc190c-41ee-435f-bd74-4e0ba94d2295,https://www.imdb.com/title/tt0145906/
6587,5131,d054a3d0-d61b-42ba-bf1b-82ddac549a0c,3b982e8d-4850-468c-9334-42a586a46d76,https://www.imdb.com/title/tt6752992/
6588,5132,ee702bef-4b29-4130-99c9-5721080663e5,a1b8cfa5-29a5-42f4-94f9-fe82ff845d33,https://www.imdb.com/title/tt0418281/
6589,5133,233f6896-7ac1-4e3a-9f1c-0664bd79412a,20b9816c-3ee9-4c5c-a8b9-f41c007db0c2,https://www.imdb.com/title/tt0043163/
6590,5134,0507ce73-6242-4bc8-aa40-de7852c9fb10,611b9e12-d3d2-488b-9bae-1a2181b23b40,https://www.imdb.com/title/tt1364443/
6591,5135,4bd0a1ed-da02-40e4-80db-75086ca88b55,0693a77b-1792-4ca8-b9e1-825daa362973,https://www.imdb.com/title/tt0285479/
6592,5136,6253f513-6636-4f40-afe2-9c9b82a7709d,265a0ebf-abc3-469a-8255-c7dcfa438ad4,https://www.imdb.com/title/tt0348178/
6593,5137,59cd2741-48dd-45c4-9039-a1a2d97c7201,29d99ece-62c9-4680-8c1e-1b29495fadae,https://www.imdb.com/title/tt0344859/
6594,5138,d82af300-1feb-4216-8433-c230958f714b,bb7581c7-c38e-4ca5-a776-fd29271f4e61,https://www.imdb.com/title/tt0325653/
6595,5139,4d645ab5-5b24-4a7f-8cc1-9fa01854d080,6d4a109e-88d4-4223-9801-312fbc35e944,https://www.imdb.com/title/tt3629744/
6596,5140,e773a002-3219-4e71-8f83-f142ece89a33,d9b4760b-4ec1-41b5-b027-61af862ddef7,https://www.imdb.com/title/tt11140488/
6597,5142,0e15849f-475a-44d1-a3cb-86ea7f65da15,090c2528-d65a-4900-990b-620c967ca739,https://www.imdb.com/title/tt7257734/
6598,5144,be13fe1e-4465-4a4d-aa16-95a78a83a72d,c447fa18-b672-453f-9dbc-60d372e1968e,https://www.imdb.com/title/tt8688048/
6599,5145,2fb2f780-d286-4ddc-a056-78d822550eb3,1430643b-1421-418f-93df-d06422aa4b56,https://www.imdb.com/title/tt6241270/
6600,5146,92aec604-c6f8-4edd-80fe-6f64d3576a9a,993b25ea-93a7-4446-945a-7d3b6d32a3d0,https://www.imdb.com/title/tt3370302/
6601,5147,eb58cdaa-1601-481a-b6c8-c13406cab2b2,61f50b4e-9697-4805-b740-3a121bbad728,https://www.imdb.com/title/tt1037022/
6602,5148,cf65f1ba-b5c1-40be-bc61-166180abf613,5972b474-8213-4f35-a9e7-f58935deffe4,https://www.imdb.com/title/tt5865422/
6603,5149,1e982fcb-1d52-48e1-9bdc-9daab7fc4c07,03131927-0d3d-4d45-89f0-f950e625ce66,https://www.imdb.com/title/tt6816180/
6604,5151,cad246ca-a986-4931-9982-716eda2f8a9a,5e552ade-1f72-4f3b-a8d9-e5caee1bdf8a,https://www.imdb.com/title/tt1483359/
6605,5152,c017ad78-a3c9-4350-aae8-f9ae995cd51d,13c85938-40b0-46b5-8163-346ab74dd2d6,https://www.imdb.com/title/tt2342249/
6606,5153,6266caf2-0c5c-42ba-835d-a85f8ae96482,d8be7871-88dc-4ef4-bdfd-37f6348499dc,https://www.imdb.com/title/tt0095712/
6607,5155,28ca11da-1dba-4ebf-9207-c5c51562f75e,5d37846b-0102-4e37-8093-1e8e135e6fb9,https://www.imdb.com/title/tt0244711/
6608,5156,3af2cb9e-d72b-474a-873c-bac4d1bef5b2,51fb5e19-4e48-4777-9cdf-f1f6467aa68b,https://www.imdb.com/title/tt1890414/
6609,5157,04751326-6e72-47e5-a879-d7c52c542c5d,4c1180c8-a2c9-40f4-ae88-a16aef189cce,https://www.imdb.com/title/tt6147766/
6610,5158,1843544d-f35a-406f-bab5-10b63b2a7be4,9b785ca7-b499-4468-b044-4e200bf3d525,https://www.imdb.com/title/tt1343948/
6611,5159,97a68aed-1137-4c81-ba55-71bd28129f4a,522a7e3e-9599-4906-b435-545a47d3d9ff,https://www.imdb.com/title/tt9324800/
6612,5160,4c2c4e73-c232-49e3-8284-f03ef5e0b7de,fdf5fcff-f28f-4a80-bcbe-7bfbcf940d42,https://www.imdb.com/title/tt6852872/
6613,5161,340e0215-3630-4edf-a9ae-ad7a19d98631,778663c1-0fd0-422e-93cf-bdc8d0deca0b,https://www.imdb.com/title/tt5085924/
6614,5162,0fa5969b-118f-44b0-9747-d32a9602dbcd,50350723-c44a-44e6-9388-31c71782d9cb,https://www.imdb.com/title/tt0029943/
6617,5165,ad8bdeb5-f038-4563-aeab-a87e1bea9343,047377d0-ba70-4914-b8f0-f094550574ae,https://www.imdb.com/title/tt1303792/
6618,5166,66bab781-dba0-46da-9052-fd1eb10d7037,0b9ba628-10e8-40c7-b17a-37a4559a665b,https://www.imdb.com/title/tt0176158/
6619,5168,dae310b8-4782-4408-b65b-3b8098d1f24a,1dbfc888-1e25-40c1-b9ea-4aeed5b17e5a,https://www.imdb.com/title/tt9858594/
6620,5170,6927115b-6e4e-43ef-8492-5d6fb2e9f0b5,86885b73-1de2-4b55-9574-6bdc7d4f8491,https://www.imdb.com/title/tt0485042/
6621,5171,e26282d0-d8c0-4af6-bfba-f8d2103a96f3,968f3009-4ab9-4f7a-977b-561e50128954,https://www.imdb.com/title/tt8054066/
6623,5173,eef4baa3-ae28-44ac-9159-ff55bcf84efc,ce25e5ef-a38a-4537-be05-4b7a98b31584,https://www.imdb.com/title/tt0242860/
6624,5174,f98a009a-8fd6-4b9c-81c6-3fbfa62a4fd8,c03ab816-1136-4001-916a-9df19697eb40,https://www.imdb.com/title/tt0148848/
6626,5176,9dda8ced-9e8e-4360-a130-0ba785a80cf4,8b6b651b-42d6-449f-bc11-da5f9708cb3e,https://www.imdb.com/title/tt0042836/
6627,5176,aaacee79-aec9-4bf4-8eba-f40a7372c356,8b6b651b-42d6-449f-bc11-da5f9708cb3e,https://archive.org/details/texaverymgmcolection/Tex+Avery+-+The+Peachy+Cobbler.mp4
6628,1245,44c5233c-d9a2-4bad-9eb0-8381841d3fe4,805a09fb-4662-420e-8d78-d511afcfde20,https://archive.org/details/texaverymgmcolection/Tex+Avery+-+Red+Hot+Riding+Hood.mp4
6629,1250,5e4f80d5-928e-412f-8cc8-23632c342550,2c7627bd-73f1-4a0e-b329-930fa7180906,https://archive.org/details/texaverymgmcolection/Tex+Avery+-+Little+Rural+Riding+Hood.mp4
6630,1891,a3946ea1-0361-4ad9-b5e9-dda93dbd8212,9de91766-da5f-4970-aca4-184755af901a,https://archive.org/details/texaverymgmcolection/Tex+Avery+-+Blitz+Wolf.mp4
6631,1247,3338fe64-6446-4895-9df6-0c26f32be38c,2ab88c22-cc6e-4da3-9bcb-7c9aad34a39b,https://archive.org/details/texaverymgmcolection/Tex+Avery+-+The+Shooting+of+Dan+McGoo.mp4
6632,635,9573e8f1-80cf-472f-8c91-3dea14f2ef05,f179a873-357e-44e6-83f2-64645711be50,https://archive.org/details/texaverymgmcolection/Tex+Avery+-+Swing+Shift+Cinderella.mp4
6633,1248,c97784d6-4bda-41ed-9d61-328090dd8809,8c132f6b-d806-4118-9e22-994ec7d7b860,https://archive.org/details/texaverymgmcolection/Tex+Avery+-+Wild+and+Woolfy.mp4
6635,5177,268dc812-f7fb-49bf-9197-f5c4a2c018fb,a18f3b80-5f0e-4b94-a7e4-3e5cd2bbbcf0,https://www.imdb.com/title/tt0038605/
6636,676,5f3eacaa-4cb8-4ae0-a85b-941a532d6af7,d0f970f8-087d-4880-acd8-d3b3134102a7,https://archive.org/details/everyltmmever/1964E11.+Senorella+And+The+Glass+Huarache+(937).mp4
6637,1051,cbcc0344-199e-46e8-91d2-b2569b9cf58d,65114889-fcf6-409e-ab8b-46b35d8182f6,https://archive.org/details/everyltmmever/1961E13.+The+Pied+Piper+of+Guadalupe+(Speedy%2C+Sylvester)(888).mp4
6638,1832,9fae7246-dba6-4201-a17e-b2c3cc2ae6a0,9b5c9713-5bd2-44a9-b53f-430aaa46a477,https://archive.org/details/everyltmmever/1960E05.+Goldimouse+And+The+Three+Cats+(Sylvester%2C+Sylvester+Jr.)(860).mp4
6639,4563,8a53073a-4aec-4dca-9945-9f01e1af1d59,45e027cb-4248-474c-bdc0-46c1d4cebe67,https://archive.org/details/everyltmmever/1958E10.+Now+Hare+This+(Bugs)(822).mp4
6640,1443,f94797f0-6aac-4ac5-b937-e7afc4ca6b7c,ac1a957e-df4b-4bd5-8900-613913a313c0,https://archive.org/details/everyltmmever/1957E06.+Tweety+And+The+Beanstalk(Sylvester%2C+Tweety%2C+Hector)(793).mp4
6641,1442,6edda39e-5240-498f-ac49-a01c312cf1f2,ff7e8369-d7c2-4ce2-b5cc-f36832d3657f,https://archive.org/details/everyltmmever/1957E04.+Ali+Baba+Bunny+(Bugs%2C+Daffy)(791).mp4
6642,1623,7d88ca16-d011-4264-8482-bfb6e4ec167c,a31aed34-33b7-40c2-8bce-9846f88c7081,https://archive.org/details/everyltmmever/1957E01.+Three+Little+Bops+(788).mp4
6644,1256,c7d9c3b4-0ee9-43e3-a417-5a2cddbe7ef6,e39e43c1-2e8d-417e-93ed-682558314e7b,https://archive.org/details/everyltmmever/1955E26.+Red+Riding+Hoodwinked+(Sylvester%2C+Tweety+Granny)(753).mp4
6645,1441,bcaa7cb4-3796-4eac-a1c6-4940ec576442,6d821af3-2059-4acd-a9fc-f199fbbfd3d1,https://archive.org/details/everyltmmever/1955E04.+Beanstalk+Bunny+(Bugs%2C+Daffy%2C+Elmer)(731).mp4
6646,1838,cd8a1a7c-ec0e-4b8d-861b-c3ad305d13df,e9297788-dea1-4cc8-b257-94106ca06712,https://archive.org/details/everyltmmever/1954E23.+Goo+Goo+Goliath+(Stork)(721).mp4
6647,1767,2375d07a-de9e-4494-9618-68f6777596c9,f6c135c6-12a9-4c5d-b0e2-8b8207e9a4d7,https://archive.org/details/everyltmmever/1954E17.+Bewitched+Bunny+(Bugs%2C+Hazel)(715).mp4
6648,1440,5947aa4f-5b2b-4521-8d9a-2e6a5d5da267,818e0159-a71f-4ede-9d17-d5e31fb9d5e6,https://archive.org/details/everyltmmever/1952E16.+The+Turn-Tale+Wolf+(BB)(653).mp4
6649,1253,59f93652-ff75-4c9f-8cf9-6f4ded44da60,60e8ba7b-4a39-493e-8c0b-83853b07aa57,https://archive.org/details/everyltmmever/1952E11.+Little+Red+Rodent+Hood+(Sylvester)(648).mp4
6650,4522,91b93543-d745-4d61-81ea-8d188068a2da,f68a563c-dbaf-4f40-9f6f-efc05e75f7d8,https://archive.org/details/everyltmmever/1951E17.+The+Wearing+Of+The+Grin+(Porky)(625).mp4
6651,483,6f8e3117-f155-4bf2-ab76-04839ca852e3,f58dcb19-29a0-41b8-8573-bed1fdd1d373,https://archive.org/details/everyltmmever/1949E28.+Bye%2C+Bye+Bluebeard+(Porky)(571).mp4
6652,1937,eaff9d62-b211-4c43-9cdc-8821224a9dc0,c8944123-2e88-44b9-92a8-7b729c9eb64a,https://archive.org/details/everyltmmever/1949E22.+The+Windblown+Hare+(Bugs)(565).mp4
6653,1045,e218c3c5-5c77-4875-a7d2-0733d9fc20f2,c9f72b29-26ff-4a15-b77f-b48d2f4d0f90,https://archive.org/details/everyltmmever/1949E07.+Paying+The+Piper+(Porky)(550).mp4
6654,1438,c5769c9f-8bd1-4896-abec-9c56a8ab732c,21669d3c-353f-4d42-aa8a-d5ebbd4f310d,https://archive.org/details/everyltmmever/1948E27.+A-Lad-In+His+Lamp+(Bugs)(537).mp4
6655,5177,10891fe9-72a1-4dd2-901f-ea32b395dc20,a18f3b80-5f0e-4b94-a7e4-3e5cd2bbbcf0,https://archive.org/details/everyltmmever/1948E27.+A-Lad-In+His+Lamp+(Bugs)(537).mp4
6656,1830,768fbd50-92f6-4905-b4b5-8fa899938161,9719c2ed-bacd-4547-9337-e06c6bc6d3b6,https://archive.org/details/everyltmmever/1944E21.+Goldilocks+and+the+Jivin+Bears+(C11)(439).mp4
6657,1831,014759b4-cdd2-4a69-be3e-b78866ebadce,225150f9-1ca9-4d1e-9abb-5f4e587058f6,https://archive.org/details/everyltmmever/1944E05.+Bugs+Bunny+and+the+Three+Bears+(Bugs%2C+Three+Bears)(423).mp4
6658,1246,13d2392e-d09e-4734-b6ee-37374668ddab,49946a7a-31d7-4430-9172-1e8c79f051a0,https://archive.org/details/everyltmmever/1944E01.+Little+Red+Riding+Rabbit+(Bugs)(419).mp4
6659,1436,ba92cd86-29c2-4d17-bd20-18ae2c9511c0,57bed895-1e20-4d4b-9689-af761f65556c,https://archive.org/details/everyltmmever/1943E28.+Puss+n'+Booty+(418).mp4
6660,942,35a6c50a-79bf-4f57-acfd-1af7795b3436,35b37bb3-7d07-4e8f-9612-3600f3f8320e,https://archive.org/details/everyltmmever/1943E15.+Jack+Wabbit+and+the+Beanstalk+(Bugs)(405).mp4
6661,4570,393be1ef-551a-4401-8ba7-53773f0e54fa,eea9b89e-ef19-4f6f-a2de-896b49fe6a56,https://archive.org/details/everyltmmever/1943E03.+Pigs+in+a+Polka+(393).mp4
6662,1043,3dd2a306-c165-4695-beca-90939a9c70e7,20e64f98-c83f-4ea8-8316-fc7954d148b3,https://archive.org/details/everyltmmever/1942E32.+The+Hep+Cat+(Willoughby)(383).mp4
6663,1736,e7a65ecf-713c-4843-836c-11c4f139b3a1,57dc16b5-e0cc-493c-88ad-05e01dfd1234,https://archive.org/details/everyltmmever/1941E19.+Hiawatha's+Rabbit+Hunt+(Bugs)(329).mp4
6664,1244,5c9f721d-ae1f-4639-8e30-ea3654aa7fec,64ebc8b3-8841-4af1-8a69-ce6225de55a6,https://archive.org/details/everyltmmever/1941E14.+The+Trial+Of+Mr.+Wolf+(324).mp4
6665,1244,f9ced22a-f399-4cbc-93bf-3c9218998942,64ebc8b3-8841-4af1-8a69-ce6225de55a6,https://archive.org/details/everyltmmever/1941E14.+The+Trial+Of+Mr.+Wolf+(324).mp4
6666,1735,ce70f87a-b18a-459c-b962-aa8f380afbe8,acaa7f87-5efe-4b4c-a8ea-acb42e5aa193,https://archive.org/details/everyltmmever/1941E09.+Tortoise+Beats+Hare+(Bugs%2C+Cecil)(319).mp4
6667,796,eb6d4127-8d71-4ce2-b256-43b3ba8f33fd,708462fa-b132-4ed0-b8d3-af4562179332,https://archive.org/details/everyltmmever/1940E18.+Tom+Thumb+In+Trouble+(288).mp4
6668,1434,ecbed266-62ce-4f88-8a42-00e684efb7de,dcd5f083-4afe-4f9b-bc88-2f9b226b3223,https://archive.org/details/everyltmmever/1940E06.+Ali-Baba+Bound+(Porky)(276).mp4
6669,1040,9effd10d-10e2-4e56-9de4-893a509abfee,19e5ae51-6e23-40d7-88ca-baf430c9afe2,https://archive.org/details/everyltmmever/1939E37.+Pied+Piper+Porky+(Porky)(263).mp4
6670,314,5e8acc9b-f715-4b1b-a988-e6e4bd519242,50c42fac-4079-49e2-9179-48719d2fbdfc,https://archive.org/details/everyltmmever/1938E26.+A-Lad-In+Bagdad+(Egghead)(212).mp4
6671,617,7165dcce-42a1-4a1c-8c26-7397756cc198,a19e8429-18be-4d21-ba1f-25b90fa004f5,https://archive.org/details/everyltmmever/1938E21.+Cinderella+Meets+Fella+(Egghead)(207).mp4
6672,1242,521e56b4-f60e-4a81-94b8-2849947ac532,103be510-4a42-4e31-bd66-9455a359d237,https://archive.org/details/everyltmmever/1937E32.+Little+Red+Walking+Hood+(Egghead)(182).mp4
6675,440,69f2f2de-7cb7-4806-8613-0acae0bb6d9a,a0273b33-591f-45ff-834f-45571989c1af,https://archive.org/details/everyltmmever/1934E06.+Beauty+and+the+Beast+(76).mp4
6678,5181,8bdddaeb-e573-479f-9dbb-e6fa94e5e7d8,e670b7ce-1421-40eb-b2d2-5241f2140e54,https://www.imdb.com/title/tt0100398/
6679,5182,d57cc04d-f65e-40ba-9999-23dd51a580ae,9ffbeebc-b524-4e54-a792-10f07e835b5f,https://www.imdb.com/title/tt1289802/
6680,5183,b74a882d-2629-48b8-aca2-3310d05c5049,1f0fd450-a618-49bd-b87e-1827805e4422,https://www.imdb.com/title/tt0356799/
6681,5184,c91192b6-30d4-44f2-9fb1-cec238a9c07c,10737f60-03d9-4c96-8c44-a34dd9ceaa8b,https://www.imdb.com/title/tt0083874/
6682,5185,a361f98b-f762-4647-b47e-132057cfa452,cc798c91-48fc-4eb1-8d34-c507c487e4fd,https://www.imdb.com/title/tt0459109/
6683,5186,a2099721-91db-4666-ad09-020067a35543,d081b4cb-6c1f-46c2-99df-6136441c1e0d,https://www.imdb.com/title/tt0456967/
6684,5187,0346f1ea-d6e6-4827-9e27-5a3e2bf9a676,187e5122-8dca-4535-b243-84a66e3b884c,https://www.imdb.com/title/tt2129994/
6685,5188,71f80f1a-4c09-41c5-8521-2c6f6a63e88c,8eca5d50-1c54-41a2-9acd-3c8adc659d8c,https://www.imdb.com/title/tt0475595/
6686,5189,3ec91abc-12a0-4b69-8cd9-d19be2ad646a,e3f4d06d-68fa-441f-a1f1-68bbd32ae25e,https://www.imdb.com/title/tt0126203/
6687,5190,330a5538-c233-4c80-b301-730b0a1e561d,fb97a011-ebcd-4be5-962d-d6c331a144a2,https://www.imdb.com/title/tt0271608/
6688,5191,d7986662-7d09-43a0-9156-c30a9d50459f,a36dcd1c-3054-43b8-a6d5-fb9d0846a0be,https://www.imdb.com/title/tt1706515/
6689,5192,e2d5d28a-c51a-4425-baf0-ec9fbb8fbe4a,0457e856-4dc4-4d6d-8930-f92696281d44,https://www.imdb.com/title/tt0140096/
6690,5193,66c5d2d3-93ea-4e2f-8772-da0a4c1c59ff,4d74ad5f-37bf-402f-bbb7-4fb681110867,https://www.imdb.com/title/tt1473365/
6691,5194,f82e78d0-3c41-4bff-8e72-d6dc66abd261,3b72346f-bbb7-488a-a290-696a860fedf0,https://www.imdb.com/title/tt10925838/
6692,5195,5fcd752c-25fc-4e5e-a8ea-8693fb7513f4,fed50dbb-43ae-4e73-bb47-8013d43265b5,https://www.imdb.com/title/tt0051200/
6693,5196,a5ef987c-aa6e-466e-8af4-14a4ca5082bc,c622be57-e6b4-4a06-bf90-748c36570485,https://www.imdb.com/title/tt1657977/
6694,5169,700c9dc1-8587-487d-83df-9736f417e427,5e63f771-fb8b-4eb1-b59b-9a631e483208,https://www.imdb.com/title/tt12484162/
6695,4883,165c8e13-a1bd-4f08-a373-e4fad261346f,7850d582-d1a7-4536-89da-93756c9eca5c,https://www.imdb.com/title/tt8870082/
6696,4723,2af0a75c-e860-4735-a35a-4bd6e97d447e,21c0fd0c-dc26-4f56-8b71-9fd166c16ef3,https://www.imdb.com/title/tt3392294
6697,5197,cd03a091-0852-4fd4-a5e1-11ee60c08b98,2497ad5a-035f-48d8-a855-c12e7d77cfd4,https://www.imdb.com/title/tt0138208/
6698,4529,b2d0067a-b08f-4422-8c58-728b850c4dc3,4e85a07e-72e0-439a-aba4-20702145e69d,https://archive.org/details/everyltmmever/1956E24.+Yankee+Dood+It+(Sylvester%2C+Elmer)(782).mp4
6699,5198,f1845ef1-cbdc-4565-96b2-05c8f850ad81,e883330b-8943-4dc3-a206-0033aa880f61,https://www.imdb.com/title/tt1728645/
6700,5199,11fc6bb5-1b43-402d-8ac8-3dce57bebf78,14c90952-dbc6-4f01-8dfd-fd367f7b8328,https://www.imdb.com/title/tt0070856/
6701,5200,15be0581-1e14-443a-948f-06f2d2432451,236856e1-95ac-4261-964e-ac557072a311,https://www.imdb.com/title/tt0103166/
6702,5201,6204255b-b1b6-44e9-991f-e33d45bab859,5c236d31-3132-4dab-9720-18e9b70c4a77,https://www.imdb.com/title/tt11617052/
6703,5203,0a48126d-1673-4653-831d-23a9c4d2bd20,d3378cfe-afd7-429a-b62c-9b7be001f867,https://www.imdb.com/title/tt0086237/
6704,5204,4d93599d-ed27-4962-8916-a45f23831d76,89497dcc-8f97-4f43-a86a-53a20858e18e,https://www.imdb.com/title/tt0105311/
6705,5205,6aa4b369-1512-45ee-be2b-8702dfa4a170,9d9b350f-c437-4c11-90b9-0dbed05133b6,https://www.imdb.com/title/tt0111064/
6706,5206,338768d8-af96-4218-aca6-a31485a61433,74162b0c-780c-47c3-bd23-70bae910eb1c,https://www.imdb.com/title/tt0079648/
6707,5207,bcb1562d-101c-4b40-a524-60eadf4ea409,aa19a0ee-928e-4dfb-9d58-d7dbc1dc605b,https://www.imdb.com/title/tt1119146/
6708,5208,3dd77bb4-1ac4-4534-a1e0-c844b58e80b5,f19aee98-cc27-42e2-9706-21479fcbe439,https://www.imdb.com/title/tt5523010/
6709,5209,d60c9bd1-c65d-4ec5-a2a1-ee929ab65cfc,37629158-b02d-4a7b-8541-7ce639f386fd,https://www.imdb.com/title/tt5028340/
6710,5210,d2207900-5ecb-4b32-8994-82c583fc39a2,8c314993-bfff-47dc-919b-a4fa994521e9,https://www.imdb.com/title/tt0140457/
6711,5211,bd85875f-60f1-458f-a3de-09f9a47ef019,59fdbbec-52fa-4b4e-a7c8-c71037225744,https://www.imdb.com/title/tt4242112/
6712,5212,a8c2a9d9-c389-4105-bbd2-6aba292feccd,b2bc1b2c-b7ce-4ace-847d-23a4720ba30d,https://www.imdb.com/title/tt6665846/
6713,5213,8a8e7d65-6bcd-4cd8-bac8-bf68655aefda,44b1fa8a-2184-44ac-85f7-6b785319008d,https://www.imdb.com/title/tt8333746/
6714,5214,1d569716-a5fb-4f8d-9884-556cd095f54b,0f1ddb88-624a-4e9b-a837-9944b85f95ba,https://www.imdb.com/title/tt10590568/
6715,5215,610ffb0e-e4bf-4e2a-ae86-28781d8f7677,d08417de-05b4-4d7a-8fe3-0779d94ae998,https://www.imdb.com/title/tt0238895/
6716,5216,06773ba6-c0c6-4f27-ad4d-76d259a60dd9,d717a56e-8f40-4a05-8cd7-8d440e46614b,https://www.imdb.com/title/tt2794560/
6717,5217,31863879-f4f5-4dcd-a51a-b78569d4cb5a,e74cd1c8-e7e2-4837-9eb0-4af7f99f2cbb,https://www.imdb.com/title/tt1473784/
6718,5218,cfc42c58-4381-481c-9ab7-c3bf49785801,41635eba-c809-498d-9c3f-82657775281e,https://www.imdb.com/title/tt3390582/
6719,5219,f5cff37c-ff70-40d4-b3b3-42bfad638476,44af8797-f08d-46b5-960c-0f3744242528,https://www.imdb.com/title/tt5523676/
6720,5220,0f0b86ca-3a8e-4b9b-83c4-888a3056d3f4,aea60384-931e-406b-aea2-a78faa79ce19,https://www.imdb.com/title/tt8724440/
6721,5222,3608ed10-03b4-4b4e-bbe7-f9d9612927f2,ec3a19df-e928-4cd2-b9eb-0204245cad87,https://www.imdb.com/title/tt9053134/
6722,5223,031c8cc5-a353-43df-a8e5-b2f9c31d9710,657fd447-f90d-4c5f-9e4c-15ed5efa9dcd,https://www.imdb.com/title/tt1384790/
6723,5224,e2fdf1c6-be5e-40de-b1c9-f0bf516af2e8,23c1c75c-18ca-4dda-99ce-d38eab31c2bb,https://www.imdb.com/title/tt5898006/
6724,5225,dbaa4ebd-5e7e-4281-ac25-d8b220a3d15f,11de2909-5a1f-4259-b2e5-0cf906a76c9e,https://www.imdb.com/title/tt2974712/
6725,5226,bfa263b9-d57a-461a-b08a-dd3ad48ef452,cc4a46fe-6333-44b2-bf49-26094395a4fc,https://www.imdb.com/title/tt4554198/
6726,5227,45c3dff8-9c45-462d-8d7d-675b54be810f,919b82cc-2a54-47a6-bf9d-60c51bb12c8f,https://www.imdb.com/title/tt5378092/
6727,5228,8ece144d-8730-4899-ac3b-4422504c7112,28ec37be-1e37-4ae5-886b-bae2919d201e,https://www.imdb.com/title/tt0234636/
6728,5229,c5044877-46f0-4cf1-85fc-c4daed816f9a,79b9a0a0-ae23-4e1e-af8a-6d6e7c1ad021,https://www.imdb.com/title/tt9032394/
6729,5230,1b1053f7-28db-42a1-8f64-4bb433039655,e0953ed1-3949-4341-bb72-0a657ce8cc4e,https://www.imdb.com/title/tt6133764/
6730,5232,b6ae4d6f-57d2-40ce-a01d-72ad524a0f64,436954d2-7b2f-4edc-ade1-80f87a75e1a3,https://www.imdb.com/title/tt7201178/
6731,5233,96dfe4ed-a3ad-4c31-b5e3-cc8ffc7d0c8c,a98d8716-70e1-48ae-a6c9-29855d6f6605,https://www.imdb.com/title/tt0383331/
6732,5235,f2a663b3-7cb7-4c57-908f-00a711524c98,072c8366-79d0-40b3-a23f-c2779a8096bc,https://www.imdb.com/title/tt0057246/
6733,5236,1165a56a-515e-4af7-af68-b084bbebcacf,fbe73aac-b0c8-4e60-b5fb-fccb43f23944,https://www.imdb.com/title/tt0076340/
6734,5237,e3959899-080a-4493-8d9c-f8f30027cedb,e1d0a6ea-e9e8-49a8-8b79-25503bf41e4b,https://www.imdb.com/title/tt9243412/
6735,5238,4eadf778-1b39-48ca-98e3-2856f9a43270,b7a2c709-5b47-4961-9e0d-48404f1a0012,https://www.imdb.com/title/tt0063699/
6736,5239,dbcc505c-0533-4daf-ac07-f38c7661567b,8ab9e69e-c87d-4d7e-b18a-3cbd55f4f530,https://www.imdb.com/title/tt0131545/
6737,5240,886016e4-5a53-411e-81e2-0656cb123da2,dd504fec-b5d9-4ab0-a6b4-fec1b6a6fbaf,https://www.imdb.com/title/tt0259602/
6738,5241,ff819958-f33b-4af6-87b1-683f83b15a35,b1175435-800f-4ff6-8b13-ccaafd1147a0,https://www.imdb.com/title/tt0093653/
6739,5242,9d37a6c0-c132-4389-a670-652446994ea2,c3782eb1-500a-4cbe-993f-3b17359f29ec,https://www.imdb.com/title/tt0311583/
6740,5243,ed6b9cd6-dcf7-459c-b80c-b527ea836172,7187ed57-759b-4412-bd07-3723806f8d52,https://www.imdb.com/title/tt5647246/
6741,5244,f6a83fe0-f943-4c78-b043-fe07779a617c,49381077-c9ff-4a59-b73f-4e859db2ccd1,https://www.imdb.com/title/tt0053625/
6742,5245,59909e43-61ef-4adf-b022-0f8bacabd10e,66dfd5cb-9dbc-4d0a-a29c-0f57016ba30f,https://www.imdb.com/title/tt0078385/
6743,5247,75d3f9e3-af70-4ea9-99ef-f76bfbeabf85,c6c588ee-de76-477b-bb5a-8df56418960a,https://www.imdb.com/title/tt6817944/
6744,5249,168d4eae-f16a-48ec-9f62-a087642b69f7,289cd066-0983-4664-b975-170f8f1aefa6,https://www.imdb.com/title/tt0277563/
6745,5250,4e96f981-42cf-4172-917c-35663825afa6,40ee6e43-4cd0-4847-8d35-76d22a2aeae2,https://www.imdb.com/title/tt0059772/
6746,5251,bb3edb5d-cd74-4c74-8cb7-d56fd528be9c,cfb10052-01f4-4fd7-9137-e2e67e99226c,https://www.imdb.com/title/tt0185853/
6747,5252,17a20edd-04d5-4cc4-b991-f6c4804c17ef,e16f0f8a-254a-42c9-bda4-0f4100d15634,https://www.imdb.com/title/tt0139008/
6748,5253,e7d83090-7e5b-4827-afe0-dbedea98fddd,bad9d882-74e7-424d-96b5-f74dbb9d3ce2,https://www.imdb.com/title/tt0383720/
6749,5254,4c9cca9d-4d03-4291-b979-5d17bba50754,da12bf8b-a8a6-439c-84b8-4f06f8deb5f0,https://www.imdb.com/title/tt1238718/
6750,5255,e74983d8-74de-4e80-b0cf-c6c4b4434543,9434f496-b56f-4ab8-b28c-dc8be0ae6896,https://www.imdb.com/title/tt0778076/
6751,5256,6791817a-59d9-4247-96c6-1d83a60b6894,1ef14e84-a47b-40c9-a134-3a580700aa54,https://www.imdb.com/title/tt0147505/
6752,5257,dbe9ea0d-3bbf-4274-a986-502e3afb9ee9,5b2d6b2b-9482-4041-9e05-97dd7019296c,https://www.imdb.com/title/tt1928266/
6753,5258,3ef28831-5443-419b-b122-f554388a2e04,3bbcce89-d932-42f9-93c0-215b90023a60,https://www.imdb.com/title/tt6449696/
6754,5258,c678bfd4-9b40-44a4-bc08-35aed195eef4,3bbcce89-d932-42f9-93c0-215b90023a60,https://letterboxd.com/film/sinbad-pirates-of-the-seven-storms/details/
6755,5259,bfe989bd-430a-4d32-8a84-c0949ed569ed,bc82887d-fcbf-4505-bf91-4f4c67f5b8ca,https://www.imdb.com/title/tt1403862/
6756,5260,c4dcd3b9-322e-492c-a2fe-92dd1c0b3756,910859f2-6750-44fd-b0ba-9ab968bd571a,https://www.imdb.com/title/tt6231588/
6757,5261,0ce8edd5-e284-4e3c-92fc-20b0593140e4,e3b9a643-5dc1-4489-ace1-82c626209918,https://www.imdb.com/title/tt0146357/
6758,5262,03b37454-faca-4784-aa8d-975a9a154b3f,10a02516-3299-4066-a960-dd813f9b017e,https://www.imdb.com/title/tt0089788/
6759,5264,d487d4d7-0342-4e09-9e74-520ef34f1895,bd1002c0-a2f3-48ab-a560-ba59235a459c,https://www.imdb.com/title/tt3284178/
6760,5265,a86d1cc1-c3bd-42f7-936e-607085ee0a5a,ce8b03be-0f9a-4363-80dc-52f313041179,https://www.imdb.com/title/tt4692234/
6761,5266,b9e0e687-c891-414c-b0d3-3fb48690b7d2,eeb58111-872d-40be-a78a-9112929e5ffe,https://www.imdb.com/title/tt4692242/
6762,5267,0fcf24fb-d384-4b42-a294-af17469bb1f0,265aacc4-1fb9-49b6-be8d-a80ee922d1e8,https://www.imdb.com/title/tt0242509/
6763,5268,47b2c5d4-a32e-4052-8592-640c0324721b,b67ac03b-9e85-42f1-8c29-1abf41fc71d4,https://www.imdb.com/title/tt11187484/
6764,5269,6d15dcd9-fd50-4970-baa2-e7b90cd9a696,a60e9e59-89d6-40f3-b623-ee408ed9869f,https://www.imdb.com/title/tt1027206/
6765,5270,42e570c7-9a80-4c09-9ddd-fdf7ca90ae5b,52974f02-d53b-46c2-abb8-f6e345f527ee,https://www.imdb.com/title/tt2575380/
6766,5271,824191d3-27e0-4fb9-b2e4-ff26f63f05c9,590fdc66-4bdc-48fd-8cc6-058b3ec46044,https://www.imdb.com/title/tt0328214/
6767,5272,76be59b7-9af0-4cfd-bcfa-aae626ebac7f,441c4089-f184-4df4-b60c-9d7cabd40751,https://www.imdb.com/title/tt1604943/
6768,5273,a53668ac-1525-4408-b2b1-e29d45996346,bb087bc4-cd01-4c9e-8e9f-3ab8c72fec9b,https://www.imdb.com/title/tt4071908/
6769,5274,e9287b1d-a8a8-46d0-8732-d9cf7affed2a,3e086196-f567-4b15-9d33-383e93e1cf52,https://www.imdb.com/title/tt0200800/
6770,5275,d990f527-9cee-474d-80b0-8f088056b06b,09f5a721-ce56-49a1-a024-5d15fc013e4e,https://www.imdb.com/title/tt0277929/
6771,5278,219fbfb1-b538-425e-9b9d-26f173a8baf5,5ae5d8e7-01fe-4729-a208-47b4a7456928,https://www.imdb.com/title/tt9288776/
6772,5279,3f1f1e64-1072-495b-bb2a-0cfe23066bb8,c5e9ae9e-516d-4343-ac6d-377c55d25607,https://www.imdb.com/title/tt11151998/
6773,5280,4ecd86ee-6e95-45fe-b711-fcc9e93466f9,23d128d7-19f7-4519-84db-8fb773a09430,https://www.imdb.com/title/tt2199671/
6774,5282,aa86b2c6-b560-4011-a7f3-f4fd4a8b62d2,9187af9c-975c-48e3-b251-56441132c2d9,https://www.imdb.com/title/tt0318735/
6775,5283,3baeabb2-c47f-487e-9326-db00a2690a5d,c17ec48b-ecfb-428f-8bdc-27a050f2e123,https://www.imdb.com/title/tt3586652/
6776,5284,25be49ad-13ca-4c6e-a676-390c3855feda,8fb939f1-0660-40e9-a7fd-d755d6531d0a,https://www.imdb.com/title/tt0187524/
6777,5285,03139f63-0e93-41df-ae4a-c5a925e7ee3f,1255b9d7-40fc-4ced-8c67-bfbc9fd31c96,https://www.imdb.com/title/tt0071609/
6778,5286,7ad3b4ac-f0ba-4ebe-924a-6c378d2f5dec,ec3678b1-fbb6-448b-b4b0-34e2ef4f2cec,https://www.imdb.com/title/tt1024250/
6779,5287,90e019a0-21ad-4ca7-a199-c8db5e7bbcdc,743ded15-2311-45ef-bfcb-8442f25db85f,https://www.imdb.com/title/tt1492704/
6780,5288,2e3e2eda-119c-43ce-acec-c64f360ac584,12f1955a-bc2a-486a-84b2-2f4eb1e335be,https://www.imdb.com/title/tt1092605/
6781,5289,d626858d-0d57-480a-8b65-01d34a4a094f,292c033e-91ae-4df0-8f24-3a8d75f199ab,https://www.imdb.com/title/tt0163767/
6782,5290,5527f451-894f-4e6f-a8c1-de99965bd143,eb7bc8be-2630-4139-b1be-b92752fb75bf,https://www.imdb.com/title/tt0204670/
6783,5291,3c8c16f9-8419-4cc1-bf4a-0b7ae75f7e6c,70302538-dec3-483b-bc22-7a5b9a46a3af,https://www.imdb.com/title/tt0187317/
6784,5292,1310ab0e-8d4c-40fb-ada9-b7942fa6bcde,d92402c0-3ec1-45bb-a2ba-1d51546a3a74,https://www.imdb.com/title/tt0203665/
6785,5293,c62c9655-dfae-4af9-9c43-e89ee253294a,3807d94d-0cd9-40da-8223-d986709ba21c,https://www.imdb.com/title/tt1147507/
6786,5294,7298ab1c-1309-44a7-84eb-c3204a270a6c,b8d1c6d7-1726-4256-8760-739d784b68e8,https://www.imdb.com/title/tt0405479/
6787,5295,f039acf0-4206-4291-8463-5ce5b660eed9,4b558135-bee6-4722-ace6-9d349cff942e,https://www.imdb.com/title/tt0122164/
6788,5296,cf8ab71c-1c43-4b29-9576-4e50a67258f1,4ff9eba1-7b9e-4226-8413-a503cf7b12eb,https://www.imdb.com/title/tt6027782/
6789,5297,1666e434-e674-4855-9a4f-7890fd7c2668,7282c9b7-d20f-4c3b-82ca-2961f3276361,https://www.imdb.com/title/tt3359646/
6790,5298,a2abd3ca-81d3-4ce7-b2f3-638ebc7111d4,9aac9801-fcd0-4ad1-a7a8-3e95c315a36a,https://www.imdb.com/title/tt2420124/
6791,5299,b6cc38ba-7301-41a1-ac43-6db2ec4b1acb,6beb92e7-cc0c-4c27-a7bc-ee6cb9555177,https://www.imdb.com/title/tt5714470/
6792,5300,7bcafc02-21e2-49f2-98e3-eec6882bd3a6,b0271ddf-556f-4f98-9e5d-f4b11f6e97ba,https://www.imdb.com/title/tt0186421/
6793,5301,41e13270-a9c3-4abd-a22a-d6f0f3fc713e,a48f51e1-a953-45fc-9cd3-cab59b4037c0,https://www.imdb.com/title/tt0123890/
6794,5302,137a307b-8eb3-4bc8-9ca0-b658c167e0a2,7a78da2b-5daf-492c-a1ee-c87a44990fdd,https://www.imdb.com/title/tt5848640/
6795,5303,827cbead-e155-488f-b1b0-60f49f3562db,9522d22d-5822-4f3c-a16d-38fc33eaa62c,https://www.imdb.com/title/tt8568840/
6796,5304,c490daf3-059b-4c6a-9f46-1c870fd345c5,c9b81065-c62b-4303-9bb0-cd7f265fb749,https://www.imdb.com/title/tt5458904/
6797,5305,56ae0d29-ea84-4773-8dc1-99ebd935f366,bb905f4e-ad69-45ae-a0d0-a08a08bbffa0,https://www.imdb.com/title/tt0202877/
6798,5306,8192f757-f910-4dba-8f5d-bdcf08b95c84,44e558da-de4f-4ddd-ac70-79aba12b4a6d,https://www.imdb.com/title/tt0446335/
6799,5307,0d63b61e-afea-4157-91e9-f72940584920,b33fc22e-2614-42ef-a691-c65bc6272ded,https://www.imdb.com/title/tt0114996/
6800,5308,13afe8a3-c1cd-4bda-a73c-ab16bb5dc887,46739a50-3a65-4e0c-9dc5-ade24518ea4f,https://www.imdb.com/title/tt1362546/
6801,5309,c3c63ed4-64a9-4224-832c-d27f6ffd95a9,bece4261-364b-4c8c-9ecc-ce8eb444a9eb,https://www.imdb.com/title/tt7415114/
6802,5310,3cecbb80-3511-447f-bfac-d3fa87124e84,37294b8b-c6cf-4fac-b172-da33eee331c2,https://www.imdb.com/title/tt4038736/
6803,5311,0c009521-95af-44ee-8f88-f3cb65cf0cc3,947e1b60-90af-4aa8-8325-cd85481422a6,https://www.imdb.com/title/tt0239989/
6804,5312,d50172d9-cc0d-4d08-882a-ad7c04005df9,6d5ae3e1-37b2-4006-a6ce-b13d5d9e67ff,https://www.imdb.com/title/tt4285188/
6805,5313,d827ed75-c6d8-457e-9623-7591dfa9dd4c,37f5aba5-851c-44d5-b39d-b9d194900f16,https://www.imdb.com/title/tt0197349/
6806,5314,714d286b-ac2d-472c-a3b2-7b4ebff2dfea,c9c505c7-bb27-4464-b76e-89d2a915761e,https://www.imdb.com/title/tt1075311/
6807,5315,b0eb3bca-aa91-4aa3-b0f1-a877de2c6c43,d3e5109f-fdba-4969-bc1a-c0af15567f41,https://www.imdb.com/title/tt0151266/
6808,5316,88054565-1c03-4366-b709-6404681f4399,b3e96f49-ed07-4f48-a17c-52f970f118cf,https://www.imdb.com/title/tt13099600/
6809,5317,4704460a-4207-4615-bbec-f9317e30e8a6,acd02a0b-4336-42fd-92f5-7f8d7154c4bf,https://www.imdb.com/title/tt13099462/?ref_=adv_li_tt
6810,5317,dbb20542-50b8-4c49-a4c0-8413a8235666,acd02a0b-4336-42fd-92f5-7f8d7154c4bf,https://www.imdb.com/title/tt13099462/
6811,5318,538a4ebf-42fd-4571-90bc-fd4dbd5847a4,21dad9b6-decc-4625-aada-62d88c0751b0,https://www.imdb.com/title/tt13099540/
6812,5319,a8d26012-ea0c-48ed-944f-b72e6c4e22af,f667b8ec-6e90-4e33-985a-31597db0d17f,https://www.imdb.com/title/tt13099314/
6813,5320,a81ff5b5-bfd7-4338-91e0-8649ba273a36,f1f489e0-e345-4fdd-8006-02e93ed07f22,https://www.imdb.com/title/tt13099850/
6814,5321,024f0921-149d-4f3d-964b-3714cd0039d9,a13ef703-2657-46dc-8f8c-f0bfd7c3035d,https://www.imdb.com/title/tt0270595/
6815,5322,5b22d361-bded-4225-b4ae-0bffcf0d761d,a2a332dd-990e-4b3c-a6c8-1e013a8bd2b3,https://www.imdb.com/title/tt0215103/
6817,5323,584ab9e8-f5b7-4598-9e83-02f04f2afbcf,b4d76fdb-d67a-41b0-a78e-461227b6b3eb,https://www.imdb.com/title/tt0215095/
6818,5324,d0b9b3dd-b982-4f26-b605-d5c7d47cc898,752539cf-74d7-4a34-a72b-8b34e0a4c408,https://www.imdb.com/title/tt0299106/
6819,5325,56cf14d3-a752-456f-962b-6dd6ff5d9e62,b7874197-303b-4528-b410-fa5cbbf204fb,https://www.imdb.com/title/tt13099864/
6820,5326,fc91239b-d6f0-4e33-89e6-704d45d5ecef,ed0731ec-2ab2-4e8d-8d3f-0486c62d7055,https://www.imdb.com/title/tt0211588/
6821,5327,03230f63-c746-4874-a8bb-a493440a4405,43a9c61a-b8f0-4159-af6c-598a5f23ad3d,https://www.imdb.com/title/tt0293536/
6822,5328,6a795c4e-db7f-4635-8ea5-1339da297561,c998ad35-14e4-478a-94bf-a01b196f59ab,https://www.imdb.com/title/tt0378629/
6823,5329,50dc476a-559a-4689-8a3f-929c353460b1,4829cb22-2d11-4e91-93d8-bf4542dab650,https://www.imdb.com/title/tt0391492/
6824,5330,0926b37f-8c50-4b1e-8ee1-9d49a43a0400,50abe8d1-7a67-4fe3-abb2-0bccb190e43c,https://www.imdb.com/title/tt0391492/
6825,5331,970d3bbf-ddda-4cc8-842c-2a24687af28b,d24b9a58-f62d-4978-9cb6-6813ba540403,https://www.imdb.com/title/tt0215098/
6826,5334,0b43f9eb-73fc-430d-9222-a5bc3576f8b7,ad666bc0-739c-42ee-bbb3-c69da5365db1,https://www.imdb.com/title/tt13094376/
6827,5336,61cb5140-b97c-49c5-9b45-3e127d24f0e7,28855b23-a7a3-43f9-9e76-c89a864870bb,https://www.imdb.com/title/tt13107480/
6828,4710,ede0c947-1c94-49fa-bf11-3dc19a529dd4,fa391536-74fb-4070-9888-4ab1afb5164e,https://www.imdb.com/title/tt13099894/
6829,5337,bd71b862-f110-4f13-ac23-b6c37ac0f097,118808a9-00f0-4e06-8baa-094f8470de5a,https://www.imdb.com/title/tt13107314/
6830,5338,24b32ce2-ed05-4a3c-8e6a-76f0a03a9275,35bce7af-d3a4-4da0-821f-ff7b068c90eb,https://www.imdb.com/title/tt13107560/
6831,5339,74882052-41be-4c3b-91de-9f1b59cab350,9bee37f6-98c3-41a3-b463-7a40c1fe115e,https://www.imdb.com/title/tt13107530/
6832,5340,ad9b2268-aac9-47e7-a3ca-d15ac0c283b2,d2889200-4c33-45a3-beb9-d9ea3983e51a,https://www.imdb.com/title/tt13107376/
6833,5342,dbfd5d51-22ed-4ffb-8c30-d926a0979594,2100a59b-ba09-4c1c-86d0-796b7ac667f2,https://www.imdb.com/title/tt13094272/
6834,5344,e315fb52-a6d2-4ca4-9b3a-6affd76b118c,9072e700-c1cc-40c0-b48b-8c29548abf22,https://www.imdb.com/title/tt13107742/
6835,5345,f3958795-8d80-40d1-88a6-b343f751c4fe,4b754038-bf0e-419a-9a56-91e620e118fc,https://www.imdb.com/title/tt3138062/
6836,5346,895e117e-f963-4a7d-980d-549385f5b30f,9a763774-a0c1-4279-a540-d9c067245347,https://www.imdb.com/title/tt5057956/
6837,5348,82b6a209-4273-4e93-8978-48afe2349d48,22e58253-bc59-4038-860a-aa8f35711b9a,https://www.imdb.com/title/tt0059090/
6838,5349,e74f7aad-21c9-4803-98df-0e25c44c9ace,2a409ebc-3fd4-46a6-a362-833241608ef4,https://www.imdb.com/title/tt0420177/
6839,5350,cd6a87ef-2a88-4cc1-a39e-867137750eab,eccb516a-ef38-49ef-890b-e90b1aa63a91,https://www.imdb.com/title/tt3171624/
6840,5351,6bddfa04-56f0-4f18-93cc-4a36dbc16419,47d3fc96-3320-4e09-8e30-caf682bd8308,https://www.imdb.com/title/tt10385196/
6841,5353,2f48c65f-a490-4292-8274-8283879c5d2c,669bb18d-103a-4a0a-8210-3a66b43338f2,https://www.imdb.com/title/tt2911342/
6842,5354,7744d84b-4abc-495f-80b8-e4ecb415e232,562c0be2-8245-46a4-b31e-13a2cb70fc81,https://www.imdb.com/title/tt9037650/
6843,5355,041b55fc-cff7-4d4e-b23d-9da8debb42a1,c74438a9-67cd-44f2-9e5a-3c594fc3ef5f,https://www.imdb.com/title/tt0138714/
6844,5356,cddd6d85-92e6-434e-b6cf-33a12612cf3f,b34ce8a2-671f-4e13-95ec-af8ef56a3157,https://www.imdb.com/title/tt5501104/
6845,5357,c4c73fc5-c3f4-4843-aff4-33189b4b85e9,50019440-5ac6-4661-ad0f-70ea56d8b6a8,https://www.imdb.com/title/tt0246305/
6846,5358,2937681f-fb4c-48df-964c-0687eb3c3f42,a11ef793-2498-4025-9428-70114e5b405e,https://www.imdb.com/title/tt0422881/
6847,5359,46559edf-8896-4d25-85b1-31da47229ca8,42be7dc0-5b6b-4863-a02b-95c7579374ac,https://www.imdb.com/title/tt0057248/
6848,5360,94234972-832e-46f6-9bdf-9fd6ac0702c2,2a4e072b-15ae-48b7-a7b9-f3d48ce863b5,https://www.imdb.com/title/tt0110340/
6849,5362,3c6ff82f-10ce-4665-bf80-71b498c28ce1,6a11868f-2a98-476a-a0d6-20d61bd8d889,https://www.imdb.com/title/tt0446958/
6850,5363,a23ad459-efd9-4365-96d1-872a10ad7693,db9f0c03-e59d-4894-bd6a-f9deb1ecf7a9,https://www.imdb.com/title/tt1310656/
6851,5364,7aa6895d-f668-42db-b997-8d8477fbf040,f4f9f8d5-adbd-4718-ae93-5dae21723263,https://www.imdb.com/title/tt0096742/
6852,5365,c1bd6487-032c-423f-9075-b50e639b5232,43540ab1-2993-455b-9d54-e8e00bb7d7f4,https://www.imdb.com/title/tt6447644/
6853,5366,5736a920-cfaf-4a0d-974b-4767830f0433,e4041e0b-944d-4988-acbe-092b914133c3,https://www.imdb.com/title/tt3324868/
6855,5367,3d142d20-d408-4def-90fa-5d8b2d955cb9,c9e05614-4961-4efa-8ce9-3cce4ef62924,https://www.imdb.com/title/tt3088636/
6856,5368,85960c9f-8a3f-411f-89e1-cfffcedb937b,63f18ef2-7fe9-4ecd-bd8f-0ec13c607f4d,https://www.imdb.com/title/tt0280411/
6857,5369,96fafd63-f9d5-4814-8662-7227a8884712,18cb5b22-7b5d-49b8-b4f6-9cc31232252d,https://www.imdb.com/title/tt0185935/
6858,5370,a4836efa-73d9-4398-8efb-7ee0846526ea,670aa4ec-846a-472f-a617-8ce5490acfd3,https://www.imdb.com/title/tt0068589/
6859,5371,ca84f9f1-71fa-4388-b7c7-7d1c275b9fa8,d0be13e8-745e-4b3d-baa3-1739bcc75d66,https://www.imdb.com/title/tt0014332/
6860,5372,85b340a7-05a0-4ce4-898a-df3e0093022b,bbcb3462-573b-48c4-9044-34407b3b77f1,https://www.imdb.com/title/tt0052879/
6861,5373,4714bdf9-3220-4568-9a50-08bbbea463db,be4f957a-2e2e-47fa-acf6-1a49e1197b56,https://www.imdb.com/title/tt0913952/
6862,5374,b7e63ce2-8cbf-4a35-9c86-cc16946af8e2,e8fbc51c-1593-4c70-a0ab-03001c5e2c74,https://www.imdb.com/title/tt0233231/
6864,5376,b56b0945-ca95-405b-b9b2-9828fa26f5c9,4fba2f08-01ec-4f9f-bfdb-c296f4b6dbf0,https://www.imdb.com/title/tt0327399/
6865,5377,5cafc318-4227-43fd-9b45-135661de5086,778fe4ca-64cc-4318-84c9-1514f0cda26d,https://www.imdb.com/title/tt0314794/
6866,5378,1beac773-23da-498d-8b44-f3d1689688dc,5cd9f9f5-7840-4f4d-8647-4208057551fb,https://www.imdb.com/title/tt0148124/
6867,5379,177a35d7-d9a2-4a05-9f46-d6dc1d6bf47e,21ab90b2-4c87-4e8d-ab52-b6e2d6a99ee3,https://www.imdb.com/title/tt0149270/
6868,5380,e9f48006-4a2e-4e73-b760-7d99591fe02c,c3a57cb3-744d-45ce-b902-9e3f9d1720a7,https://www.imdb.com/title/tt6017486/
6869,5381,71e606ae-124b-4961-ad3a-8193445210d3,e457468a-e4af-4d9c-a4f6-75882c2e0730,https://www.imdb.com/title/tt1473433/
6870,5382,5aaf2408-24bf-4b74-a147-08db50b9460c,0a28e883-d573-4293-b92c-0ca69a8e285c,https://www.imdb.com/title/tt7762168/
6871,5383,9f70188b-c299-44d0-9539-fac25d1e2b5e,1f625180-2f5c-4274-bd84-e88f9712ca20,https://www.imdb.com/title/tt1766002/
6872,5384,c9e8e947-5f4f-4c4b-95f5-31255fc7cb47,17ee0715-2345-4332-9ca6-c5d08f4371da,https://www.imdb.com/title/tt2340892/
6873,5385,020d109b-5f3e-40f2-9bea-11679fe759dc,5ec23fff-4494-48bf-9d06-6214fa446e07,https://www.imdb.com/title/tt2340916/
6874,5386,85da5662-e60a-4a84-be1a-05203c2a24ec,40ebb3a6-e7e2-4ca2-970a-f59c352ce465,https://www.imdb.com/title/tt8252592/
6875,5387,ba69fa95-f051-4098-8d16-ae1875e64ef1,8ff83b77-735b-4507-9cf3-8b1e357dc85d,https://www.imdb.com/title/tt0047354/
6876,5388,23a6720f-4527-44a8-8dcc-52f6d0a1e8df,a0d2f510-0f61-40e8-b282-0dcd5a680715,https://www.imdb.com/title/tt2604814/
6877,5389,ec30f45c-fb72-47ab-911a-c1d9223e4e69,8415cd77-9e43-434f-bb8b-7e8956ebfa45,https://www.imdb.com/title/tt13801644/
6878,5390,6d59687a-d9e0-4acc-a655-43467980526b,88671edc-3e3e-4eae-a6b9-d9504a488495,https://www.imdb.com/title/tt10922502/
6879,5391,9a36fa59-b0d6-4205-b44d-9534f7a94b67,95dd037a-253d-467c-8767-518792140d9d,https://www.imdb.com/title/tt5480536/
6880,5392,ba1c24c3-c757-4090-9276-f6f2509f72b9,c96348d0-838e-4936-9989-0c3a1a132374,https://www.imdb.com/title/tt1392099/
6881,5393,95108cd9-eb12-43cb-a863-c0cb1fb382aa,e52e8f81-1dab-4b9e-9d15-40b98f3fb939,https://www.imdb.com/title/tt1316478/
6882,5394,c6de0de4-9e3f-46e6-8554-da1ffc6abe64,6db751cf-e7e9-4e86-b223-e9b8baa710c2,https://www.imdb.com/title/tt9614796/
6883,5395,c0426e37-4bd9-46ea-a72d-52dd333ab7e1,8827fe00-e023-4228-999b-5dc41675e09e,https://www.imdb.com/title/tt11349898/
6884,5396,c4d44926-7aa5-484f-bdc3-bbf3a5c353e5,e4cd7640-6c61-442c-a7cb-a149ec69448b,https://www.imdb.com/title/tt7357172/
6885,5397,509a48bc-02da-4e1d-ae18-51fd032e5793,1f22a5bf-a6d5-4eb7-88b8-7a0df69f9d6f,https://www.imdb.com/title/tt4746040/
6886,5398,9fc58b87-0c1a-4126-a0ac-31fc50c0455f,a99d9e3e-5de7-4ba2-bc2a-b5a955965273,https://www.imdb.com/title/tt2736340/
6887,5399,dfcb54db-17f3-4d0a-a85c-37f450d09e53,7b5de058-c8aa-4dc8-9de8-fcf3e5cf2843,https://www.imdb.com/title/tt3347784/
6888,5400,9b40de00-8ff3-43a8-9a7a-12f68ee8ff0c,4bbc57cd-9c39-4a9e-b628-613e9555c852,https://www.imdb.com/title/tt1534332/
6889,5401,89836728-3f6f-457b-9b82-b32711d1667b,00f481dd-197f-4d6f-98cd-6413cb7b8ad2,https://www.imdb.com/title/tt0110708/
6890,5402,820e3518-6b18-4540-8665-38d4c6a96399,4cba0caf-cf50-41e6-ad98-786f1170134a,https://www.imdb.com/title/tt7266894/
6891,5403,a694aa99-0658-4a40-812d-84f58b46823b,3cefda77-c1a7-4e81-8dd8-131ef875049b,https://www.imdb.com/title/tt1785514/
6892,5404,0a73cbf9-7c0c-43af-9de6-611b969ee417,868a9fea-4514-40cc-bd3a-a8e24d27d142,https://www.imdb.com/title/tt6804882/
6893,5405,1bd92de3-701a-4e1d-b71e-62a731b5f039,ba8d03eb-9dd1-498e-a7f1-3358ebe78c28,https://www.imdb.com/title/tt12851932/
6894,5406,3bc2567f-1d5f-4a1d-89ab-9014bb2f04e6,042d8af1-8380-4ad7-bf10-766b3342f3c2,https://www.imdb.com/title/tt0271718/
6895,5407,8d178f80-64b8-4595-92d6-2938d1ba450a,9b2c15ba-ba04-4b74-8788-c716bac57b8b,https://www.imdb.com/title/tt8387852/
6896,5408,d7a367a8-ba2f-4f09-80d4-91a78ca99ef6,b0d5cb9a-8807-43e5-a270-67b41c314cb6,https://www.imdb.com/title/tt0452457/
6897,5409,c8ac16a1-023f-4519-af8a-6b7343d15780,db50e82e-6f87-4cef-8245-eac6492d4beb,https://www.imdb.com/title/tt0234353/
6898,5410,e55ffd01-9568-448b-a1a3-183509d53b7e,625fa082-d2db-4732-bc8f-364191f5baf0,https://www.imdb.com/title/tt2172582/
6899,5411,2a59e7fa-a0b9-4d83-8e7a-4a640e00bbd7,603bc3d5-59b4-463d-987d-c43b0b1441e3,https://www.imdb.com/title/tt5109280/
6900,5412,9a064d2e-904b-4fbb-999f-2bbeaa262965,c2490fbf-5e4e-41fe-a650-ec44b0172f2e,https://www.imdb.com/title/tt4518260/
6901,5413,df59cf0e-f084-4ebc-a50b-8d325ec06aa8,fa7580c5-0023-4b1f-8c77-03690c4fa355,https://www.imdb.com/title/tt7608418/
6902,5414,a0395c6d-551b-452d-b076-3a9dc7dfd204,44cbc83c-6f09-4f64-beaa-1379662f158e,https://www.imdb.com/title/tt8709036/
6903,5415,173812d8-4a4f-4e9f-b800-69680bc34538,925575db-8ea5-4499-ab85-ded7f40a0028,https://www.imdb.com/title/tt10006006/
6904,5416,c4ddf69d-c337-407d-a44b-fdddbe2c0e19,a28c3cba-04d9-4dfa-bd28-93b8b5d71b2b,https://www.imdb.com/title/tt4547194/
6905,5417,594a2577-a5a3-4d26-b425-3f5905b5a0ea,f7e20729-0404-40c7-9f4a-e7b80e6d3169,https://www.imdb.com/title/tt0368933/
6906,5418,0c2777bb-fc37-447d-ab52-e1a9588b0eaa,9bc1b3c8-833d-4fba-b45c-2f191304e497,https://www.imdb.com/title/tt5322012/
6907,5419,21842eca-494e-4d94-9822-eda382dca2fd,28443910-3c85-4216-8965-a63d4c1927da,https://www.imdb.com/title/tt10627720/
6908,5420,28a17afe-d538-4c40-a3ee-ebcb26f017ea,038c70a2-2c95-4c15-888a-0c8a73343d5d,https://www.imdb.com/title/tt8396306/
6909,5421,7eb47ce0-8e5c-4127-b370-b7a17ae6abde,3c6ae89b-39d1-4bac-8c71-a70cea9aae82,https://www.imdb.com/title/tt11958344/
6910,5422,8236ecf3-eb84-49df-88f3-d51fcc93e317,089835fb-6158-4b68-b266-1e1b1298b1b0,https://www.imdb.com/title/tt0100240/
6911,5423,22294349-3a21-4fd8-b64b-8b9d0c337aef,a758ecd9-3b5f-4a64-9c50-c68915b0e3f5,https://www.imdb.com/title/tt0110647/
6912,5424,ab953517-944f-4b47-b738-1297b74302f7,5bd32eed-0740-4fdb-9a2d-5d9830a8975e,https://www.imdb.com/title/tt5082916/
6913,5425,7b909154-8c72-4a18-b448-b95494af0884,42f97067-e339-46fe-b8be-26bd615b9702,https://www.imdb.com/title/tt11460700/
6914,5426,d28df90e-3d7b-49d2-aa72-1a5098ee45df,2bebca1e-e6a3-4e99-92f1-5c8d5269e2c3,https://www.imdb.com/title/tt0060298/
6915,5427,d0a94085-986e-4cbe-989c-187a824b052b,f73b4a6d-0fcb-4510-ae5a-5e80d4bec3b0,https://www.imdb.com/title/tt7028140/
6916,5428,72bc2d37-cabc-4e02-ae4b-e71c461f3005,056feb18-0e9b-4d4a-86fd-8d2364f949e8,https://www.imdb.com/title/tt0031812/
6917,5429,1465d05d-44a9-4241-a642-dea646e67035,5c79a5ba-d0c8-46d4-b775-15e4ddfa8046,https://www.imdb.com/title/tt5425264/
6918,5430,6c3a3c1b-ef63-4df8-bdf2-451bb18f9619,841ba472-56eb-466e-b247-88552b66bff7,https://www.imdb.com/title/tt10559076/
6919,5431,de2c1361-8231-4534-badd-e0b0bea2c83a,9a314bda-371b-4140-a623-a78a4dd77290,https://www.imdb.com/title/tt0104550/
6920,5432,c5a68656-d86b-4d69-b5e3-2604f97bb12b,1b1d3ab1-eca9-4c44-bff1-0ebfa2d48e59,https://www.imdb.com/title/tt8250512/
6921,5433,47646e2e-84e6-4dd4-b504-0aa82fe7d91e,77bdd785-3881-4c3f-9c72-da156ed0814a,https://www.imdb.com/title/tt1052352/
6922,5434,38200445-f013-463d-a0ce-a3c38eb20ed4,7d16e3c1-3e5b-4ac4-9d07-84a02a44a5cc,https://www.imdb.com/title/tt1859607/
6923,5435,81273233-fabd-4e3f-97d8-9a4c7d783fdb,bffb7a39-3d7b-4b81-be99-c84420927f59,https://www.imdb.com/title/tt0456014/
6924,5436,a220d253-c2e1-4aab-80dc-79c57101736e,45baedfb-2c92-4135-afb3-c7e184770647,https://www.imdb.com/title/tt1874615/
6925,5437,0362273d-0963-4c02-a024-cf7b094280b8,203bc21d-0a89-4fb5-bf86-9962a74fd12a,https://www.imdb.com/title/tt0327643/
6926,5438,bc38ef76-afb3-4fec-9ac3-dec427eaced6,1e8f0c13-061b-4911-b5bc-43cf78c7b8b3,https://www.imdb.com/title/tt0056928/
6927,5439,c15b1627-dd3b-42be-bd78-d5c815d49537,7686f5a5-bdd3-4169-88e8-085d6acf9608,https://www.imdb.com/title/tt0017634/
6928,5440,5d3ba0f0-265c-4bc6-bf71-e49064811fa5,e4965d1b-8ff5-4a83-be7a-4c3970dad17c,https://www.imdb.com/title/tt1217620/
6929,5444,b62c8ed4-12ff-431e-8f67-bbd73213c9f4,9a61bcfd-207c-47da-9199-02d4020f8d5b,https://www.imdb.com/title/tt1182915/
6930,5445,79d90924-6fc9-453f-bbbc-58234a147cc6,72a19a9f-0fdb-47a6-811e-8504309b207a,https://www.imdb.com/title/tt0227666/
6931,5446,53d36d0f-9e47-4bb3-bcba-536bb18358d8,c81c9867-6230-4e11-b64f-7db196f6c76d,https://www.imdb.com/title/tt1381892/
6932,5447,f45c21ca-273b-46d9-9d7a-38cee31ffa7a,9628174b-e3da-4f13-a31d-fa16c20cc77b,https://www.imdb.com/title/tt9252338/
6933,5448,d70e3e16-c6d5-4c5d-b808-4c6d2f1de91e,6b627cfe-b8e8-4e7f-a93d-e1b177cc0379,https://www.imdb.com/title/tt1324898/
6934,5449,e2c21efb-6b5c-4d9e-a5c8-e0af647b5d76,25a95720-7277-4062-92f8-18eb0ca14ac4,https://www.imdb.com/title/tt6346930/
6935,5450,68a8bb76-fd1e-44af-a7ba-ecb33ec3ea30,29c9dbcf-6b7e-4559-925b-6ff2314eda65,https://www.imdb.com/title/tt9337770/
6936,5451,1ae331fb-11cf-4015-8c2c-84b1eccb39e8,fb676dc0-fa71-45e4-9f89-97bdc2d13448,https://www.imdb.com/title/tt13508226/
6937,5452,51d2181e-7aca-4fc8-9169-5230d48c6a99,8118fe58-ec8f-4805-85d1-fe3ca1b153b1,https://www.imdb.com/title/tt4469016/
6938,5453,8b92285a-f8c4-4644-a3e9-41d154a644b6,1e0ee283-0ce4-4ea3-8a1f-04a4e0ede266,https://www.imdb.com/title/tt9087028/
6939,5454,52922005-b395-4aa3-8573-64d02c2dc5e9,197b73ae-2ef6-4c3b-803e-445aa8c1df03,https://www.imdb.com/title/tt6642420/
6940,5455,ee31401e-2d8d-41fd-bce0-f975205002f8,41a1a1c0-2b8e-40ac-94f8-b409038e7034,https://www.imdb.com/title/tt0769769/
6942,5456,7f45db74-8f2d-4574-b6f5-7990615aeb0f,e82a71ee-75ac-422a-b58d-d58d41a382cc,https://www.imdb.com/title/tt4531334
6943,5457,b86454a8-6304-47c6-8d69-4aac097510e8,4c4486d2-2ea8-4fea-a370-a62a4a80e5ec,https://www.imdb.com/title/tt0167240/
6944,5458,f0f5e3cc-b8b5-4c70-a964-8f08d85839b3,8879999a-30ce-4287-a2e5-3ff18c22e415,https://www.imdb.com/title/tt0084220/
6945,5459,15ea3f4c-a69b-492c-a664-b5f4ea78dfaf,40a685c7-2704-479b-a922-c83334759330,https://www.imdb.com/title/tt0046751/
6946,5460,67969bac-cbf8-4292-8399-ef6c62760247,d8abcdec-873a-4e58-a6b0-5fe1a38be201,https://www.imdb.com/title/tt13885804/
6947,5461,a4f20097-c9d4-4d55-963e-424ba7dbed8e,1dd00400-1881-4d39-8edd-32fbfcff8637,https://www.imdb.com/title/tt13269670/
6948,5462,2c7abc3c-7a68-487e-9656-1d7645d720dc,a4f377df-379e-4810-8749-4683b79a87a4,https://www.imdb.com/title/tt0354770/
6949,5463,315fadc0-008e-4934-8ede-e663a026861b,bc1a1c28-a337-48b1-90f3-4918eeb061d2,https://www.imdb.com/title/tt10720666/
6950,5464,45b8a1bd-9e2f-4e29-a9ec-046c9106f846,bd710157-7984-4d11-bba7-1f17ae6dbe17,https://www.imdb.com/title/tt6449300/
6951,5465,04b46bab-14a4-4d27-964e-5778d5ceaf01,2c8a551a-a5ee-4719-878f-a6546a24ea1e,https://www.imdb.com/title/tt3162136/
6952,5466,2a4a74ee-a11d-4435-8941-acfcef73c2ea,941deab8-ffa7-4d04-9d7a-7d06d7c1c89b,https://www.imdb.com/title/tt0135134/
6953,5467,bc82c05b-3579-4c1d-841b-e66c066ae85a,de0b208c-7e45-4e7d-bfaa-9df7ff272262,https://www.imdb.com/title/tt0037186/
6954,5468,e0023c94-f254-48ef-897a-c69953a7d3c4,e7029a63-c8c2-428c-ac47-6308677b8259,https://www.imdb.com/title/tt0327408/
6955,5469,1981e76e-4eca-4d7a-971d-181f87f83cfd,82bd7f99-4c56-422f-91d5-031a04747220,https://www.imdb.com/title/tt6214840/
6956,5470,3c0555e8-8c54-44ef-a69a-4b88562ec57e,eb2358c2-a423-4626-86fb-c69835ac1ffa,https://www.imdb.com/title/tt0281562/
6957,5471,efa26004-98ff-4931-bcd9-408244b94d98,7953aaf9-2b17-43ed-9897-41ac5fd2f9d3,https://www.imdb.com/title/tt0405663
6958,5472,be0a7b6d-6e0f-44c0-88aa-696e2739164f,d22d2b25-2c27-421c-9bec-ce6ed75c66e3,https://www.imdb.com/title/tt0241169/
6959,5473,e74cd9d9-3865-4817-902f-a6ca6891cfb2,0ff963ac-1a66-4e07-9165-2a7fc688c1c8,https://www.imdb.com/title/tt2321988/
6960,5474,b4603e6f-1c1d-4de1-a78d-7aa9486037e8,ccffe5c9-de46-463c-b454-4236aeb82142,https://www.imdb.com/title/tt8761634/
6962,5476,90f12727-f75c-434f-93d0-3d994facada5,3429a547-6c3e-4f26-ae2f-5cec6e42b728,https://www.imdb.com/title/tt4183412/
6963,5477,27840b64-822d-45d0-abe2-c9e41a9ef49a,8dcdbbd8-9cb6-4c75-b0d9-381460753ec1,https://www.imdb.com/title/tt0405658/
6964,5478,a586609a-b78f-4736-afcf-49500040c849,eeaf4bfc-8b33-4cc9-8865-14eeb79c3c2d,https://www.imdb.com/title/tt0175424/
6965,5479,670f0c66-faef-45ea-b8e0-f0557b068376,97e0197f-4518-4d64-8c1a-2772a4d0240a,https://www.imdb.com/title/tt1042231/
6966,5480,f2dac9d5-9e42-409c-83f3-d063071546b6,023879ec-96d3-41b5-a312-0ca5cdcd0f0f,https://www.imdb.com/title/tt0231121/
6967,5481,8cc5a2c1-1ed3-4008-85d2-a956480741ce,68cb7a03-1d93-4a48-8baa-d61d2b2c1211,https://www.imdb.com/title/tt0229974/
6968,5482,37cce935-47c1-4da8-9d2c-925d73f59e07,55338f30-0326-4ad4-b250-5b06425cd8d6,https://www.imdb.com/title/tt0438764/
6969,5483,61a4bb4c-e73a-4c61-a009-917385011a1e,e08104d1-0846-4cc9-a5fc-fd32db582bee,https://www.imdb.com/title/tt5827236/
6970,5484,12192078-8a76-434e-aba9-187552e8dd85,3ccc10e3-ce31-4d93-8312-f39bdd92ba5e,https://www.imdb.com/title/tt0398669/
6971,5485,980aaa79-eb2b-415f-a331-1a30369340c0,28dea8b5-a3d7-4842-9f72-f3679a2e60d9,https://www.imdb.com/title/tt7181918/
6972,5486,6c81304f-98ff-46d6-95b7-3ad2ebfce6bc,9e6801a8-02e0-407d-a2d5-e51da21928e2,https://www.imdb.com/title/tt0156279/
6973,5487,612349b7-4b9a-41ad-9e51-dc1ef11e889c,d2dffd13-98fb-401d-ab22-36f7d5409f7f,https://www.imdb.com/title/tt2359760/
6974,5488,0eb3c28e-1195-4d31-a022-dcff360572ba,6d03651e-d89b-4294-9dd6-233cbcbe8ca5,https://www.imdb.com/title/tt0193851/
6975,5489,a5fe2240-c0a0-4aa1-9495-26752af5a272,777532b3-fb4d-4fe1-8b5a-761e5c840dcd,https://www.imdb.com/title/tt0069710/
6976,5490,0f5d72b8-d097-4821-babf-432aee2b1a00,135febbb-bf7e-431d-8d3a-813a0160939f,https://www.imdb.com/title/tt0335861/
6977,5491,6b26a4c9-9c7c-4bc7-994c-46dcd1f13ada,adff1e62-526b-469f-a481-6bb16a1e7616,https://www.imdb.com/title/tt4796524/
6978,5492,bbd972cc-2423-4dc0-8e3f-a597560b1a6a,61765305-8e6d-4b4a-be98-a88c012e4e1f,https://www.imdb.com/title/tt1637719/
6979,5493,aa8577a5-3b11-4478-b639-6cff0487152d,77402000-d1a9-4212-8941-1dcf18f7ba65,https://www.imdb.com/title/tt2555494/
6980,5494,7810a30b-9b4d-49fa-8b69-71a93cceda2a,a09e464f-5751-4384-bab3-a81f2a41bb08,https://www.imdb.com/title/tt1694049/
6981,5495,0279f9ec-7662-4951-a0e1-fa67ce2fc262,9faf8c0a-5ed7-4be7-a36c-0b820251899a,https://www.imdb.com/title/tt2674022/
6982,5496,6c4efe17-4296-4060-8ba2-0c730e2597d3,3dbfa5be-da61-49b1-868a-516b051bf7f3,https://www.imdb.com/title/tt2132265/
6983,5497,026bc328-2b0b-4e65-a857-a29896336dd5,c04fc79d-93b7-4c53-8e0b-7a13988019a9,https://www.imdb.com/title/tt6447754/
6984,5498,6b3a0250-f3a4-4e26-9a9b-ed7b2b44b3e3,6a8f43cf-b6d1-428d-a73d-4c8438275806,https://www.imdb.com/title/tt1579722/
6985,5499,9d4cf75f-1e85-46a6-b8c3-780f7d446053,f4b00e65-1240-42a0-9eda-1af924859cb7,https://www.imdb.com/title/tt8202564/
6986,5500,4ea01659-9c57-4b39-a38e-e943dca91bf0,6db4e0d8-5500-4583-8037-9895de026ff9,https://www.imdb.com/title/tt6272636/
6987,5501,665d97a0-aece-48ee-afbc-be416851e6a1,fce4267f-3f44-48e9-8ded-ab4a81bed6e4,https://www.imdb.com/title/tt0241734/
6988,5502,b7188c10-e470-4479-b9c5-58e234ae98ea,8a9fb88e-2917-463c-a61f-52e15114a357,https://www.imdb.com/title/tt0193708/
6989,5503,4f81b0cf-5dd6-4c24-937c-9837bd2c03ef,2e39ea13-5c99-4d76-8431-69298e1444bf,https://www.imdb.com/title/tt13767804/
6990,5504,752a7174-1903-4b9d-af6e-9ba6b1ef693f,90d58c2b-eb5d-4905-8262-646b3262f172,https://www.imdb.com/title/tt4108872/
6991,5505,d6c0e357-4260-45ec-85d9-b080125dd2d7,0c1a05ef-5b99-4716-9be6-39bff1b1642e,https://www.imdb.com/title/tt0091581/
6992,5506,dd847d4e-64bc-4da3-bf08-c5323c5b1617,c32231b5-4a25-4dea-8d50-5b8fe588d154,https://www.imdb.com/title/tt0486762/
6993,5509,652a13d6-8a4a-49d8-b68b-4879f0d7d2d2,1c602efb-0ba1-4ff5-8937-6b4a8340223e,https://www.imdb.com/title/tt2625604/
6994,5510,e3e8e6e2-5215-43d1-8043-13d0e2050f48,0a4bd32d-7f77-4e97-9b72-36e417c10f54,https://www.imdb.com/title/tt0935031/
6995,5511,05f49df6-d43e-4ec2-b23c-86ca5fb0ff97,9c67b5c6-7203-4156-acfb-185bead22cc2,https://www.imdb.com/title/tt0036835/
6996,5512,78f2e2fc-ab3e-45e8-97db-0a991e5d8fcb,d8173b1a-69c9-4306-ba28-e526be442ca3,https://www.imdb.com/title/tt0165613/
6997,5513,653a96a0-5409-4ed9-9dc1-35df3bde07e4,fee78030-6d3f-48cd-ab32-0e1cea91e06c,https://www.imdb.com/title/tt8902986/
6998,5514,3f6944bf-b35b-445f-a64c-c9db52cf84e0,f2af430d-3617-4a20-aa61-3830fb582b01,https://www.imdb.com/title/tt8241160/
6999,5480,64e91a8f-f412-4886-a6ea-e908ee4728c8,023879ec-96d3-41b5-a312-0ca5cdcd0f0f,https://www.imdb.com/title/tt0231120/
7000,5480,67ca126a-4849-4fe6-a3dd-c56f7cca3d04,023879ec-96d3-41b5-a312-0ca5cdcd0f0f,https://www.imdb.com/title/tt0398668/
7001,5481,7c83e206-8b17-4578-a06c-8f7a25536cb3,68cb7a03-1d93-4a48-8baa-d61d2b2c1211,https://www.imdb.com/title/tt0398670/
7002,5515,e03ff814-23d7-485f-a422-7deb2b2784fc,d84dae73-7cb5-4751-b2b0-712fb916e32d,https://www.imdb.com/title/tt4728338/
7003,5516,26ea2d20-192e-40ba-973f-d9160839ff05,28e1cfa5-9715-412a-8af9-7b707b292e77,https://www.imdb.com/title/tt0046683/
7004,1993,9f6cb65b-47d2-44a0-bc19-472b197bd0c5,24c8c147-d3ab-4a2c-beb0-5b468cc66651,https://www.imdb.com/title/tt0332747/
7005,1993,5c664aff-e87a-4c09-ba2f-3f3a18597a21,24c8c147-d3ab-4a2c-beb0-5b468cc66651,https://www.imdb.com/title/tt0332600/
7008,5517,29cab469-5213-45c7-a37e-9da1ec661277,24dee89d-bc36-44ab-b3d7-27bdb94f7e0b,https://www.imdb.com/title/tt6448508/
7009,5518,b8e0dcf4-5ca0-42bf-9bb4-f5cce026a486,56f12bde-0750-4c61-b3e9-aa52fdc6ef1c,https://www.imdb.com/title/tt10443702/
7010,5519,30354146-1636-4d9a-b7de-0298d9abbf5f,1dbb1d66-7af8-48f3-ad2c-4e17d86a0575,https://www.imdb.com/title/tt0094926/
7011,5520,c14cab0a-d680-4bdb-91f9-6cabe4901a14,989faaa6-c44d-49b5-8c57-26bb0d6661b1,https://www.imdb.com/title/tt0100740/
7012,5522,3f40405e-f696-4751-baf6-77d5ad6b8e97,ce31e21f-7d16-4c10-9776-d12775d0b4b5,https://www.imdb.com/title/tt9042884/
7013,5523,d3139685-84cd-4c76-b665-f38a82f9cb4a,0ff27613-ef58-484e-9bc3-5d811d940339,https://www.imdb.com/title/tt0437278/
7014,5524,5d5a3d73-7b39-4b4a-8df4-2998d6b4f419,c29a5b9e-52fd-4f09-b463-4bc520916c4e,https://www.imdb.com/title/tt1303709/
7015,5525,5d94e00a-c811-4e91-8cb1-fbb8592f170c,9f0bf1c8-47d9-4d33-8aa9-4a046f6ec66b,https://www.imdb.com/title/tt10417040/
7016,5526,6f6b6efd-0832-4f5f-88f4-1f59b79d60dd,7c210564-8c08-4388-996a-d713141d649e,https://www.imdb.com/title/tt10214666/
7017,5527,1ed8516e-8235-4e09-8805-f0832aebc5ba,e72adf03-6985-4857-9e6f-3c59ce7286da,https://www.imdb.com/title/tt2642720/
7018,5528,b5f65a8c-ca24-4a43-b65a-d7d67424b1dd,367d03d3-73b7-4390-ba4a-df27e723f91a,https://www.imdb.com/title/tt1763244/
7019,5529,5ae05b36-3e8e-430a-8268-ece717cc72bb,f853cfa4-eaac-411b-8238-15cd77848e0a,https://www.imdb.com/title/tt2062673/
7020,5530,915874d0-3f83-4eb4-a875-63a828e08fab,15723295-bdfb-4187-845d-905de4a2f4dd,https://www.imdb.com/title/tt7126450/
7021,5531,f6896b94-9bd3-4950-986b-799b8b34782a,ac679459-ebc7-421e-bfb3-37d4be4436b7,https://www.imdb.com/title/tt0417782/
7022,5532,b19cd2f5-9ee9-4d05-868a-3c87e028235e,eba31b5e-3807-4e60-9bfb-a9879738d54c,https://www.imdb.com/title/tt5979382/
7023,5533,035e8898-7d0b-4e2a-8023-748a8b11fdd7,69195dd4-9a69-42d2-a37c-fb8cd7a78fa4,https://www.imdb.com/title/tt11991036/
7024,5534,1d86598c-3db4-4e58-8ffb-4b8eb29c386a,cf0b8c62-c7c7-4571-8445-2ade1922f624,https://www.imdb.com/title/tt4885916/
7025,5535,97b2c197-af2d-4927-bcf4-4ac0477fdd7c,709d8407-da73-48e2-8b18-76960598fae9,https://www.imdb.com/title/tt2551658/
7026,5536,3fe57250-b04f-4a9b-bb52-ae1a6d6c87f1,9a59d210-22b0-4ec4-92a1-596e96d89abd,https://www.imdb.com/title/tt3480460/
7027,5537,bbf2a6ff-f29e-4eff-a8a3-1b19a22a7dad,fdbca1f9-9879-4927-b0cd-4671732b244b,https://www.imdb.com/title/tt6756152/
7028,5538,ebf4d840-ed8e-463e-8f3d-471e0b315bf0,01a398f2-583f-44ea-8095-ed6f663f8dd9,https://www.imdb.com/title/tt4320122/
7029,5539,a9bf4476-7997-4337-ad99-d5186e7935a8,fce8d3e5-1f8a-43f4-8a6f-a4b05e6a7840,https://www.imdb.com/title/tt1989477/
7030,5540,164e5860-652d-49aa-8427-01a24a751427,2d8724f2-2d58-4602-8969-c8168b8c4609,https://www.imdb.com/title/tt1073225
7031,5541,c75dc883-9981-444d-99e2-a23c8bc5d4c4,caf25c83-0a44-49af-b96c-d86cc579eb94,https://www.imdb.com/title/tt13204490/
7032,5542,70f0e499-9f17-4eb5-b281-9ad79b552381,d6676f2e-2ac4-447b-be95-b2335766c78f,https://www.imdb.com/title/tt9848654/
7033,5543,db6c092d-5bfa-40b2-b5f2-0c9803d9619b,858cc2fc-e214-4db0-867e-99357d219289,https://www.imdb.com/title/tt1276951/
7034,5544,656e02a4-9798-4c6a-8570-a3c2bc0795a7,d5bb9ab5-19ab-4015-99ab-692ee3d3c666,https://www.imdb.com/title/tt6016564/
7035,5545,1b80cc97-ad7f-4197-96cd-12a942f0c0a8,f0b7d2ad-2666-438c-ad6b-e91ce64acfea,https://www.imdb.com/title/tt6973572/
7036,5546,6a2dd274-75a6-44fb-9073-2aa3837e6d58,478886b1-8a78-45e8-8a91-4fd4a4060086,https://www.imdb.com/title/tt6218148/
7037,5547,929e0aaf-1edc-4e1c-8675-fe07c5e0f03d,88cb1e93-8e77-4f81-955e-7d80491a7a8b,https://www.imdb.com/title/tt3621030/
7039,5549,554f954d-3e01-4744-94a9-0d03eadec4e5,9cf128d7-c4a0-4baf-b394-afb029729a16,https://www.imdb.com/title/tt3303272/
7041,5551,8f36df17-e6c7-4538-8f17-7ce16b01224d,ff8a8e34-dad9-4391-85e9-c88d5e5e51f1,https://www.imdb.com/title/tt0282768/
7042,5552,3ee1064c-aa4d-4600-b6d5-4b38f1af759d,895cb15d-3408-4f36-a222-7d55cbfd02cd,https://www.imdb.com/title/tt0241953/
7043,5553,dd8d3904-f47a-4919-b7db-f23efe5b1161,70f4811f-a2b0-4b14-a8da-62608d8c8e1b,https://www.imdb.com/title/tt4115648/
7044,5554,0ce7b34b-73ec-4728-a0b9-c00e9cf8593f,122d54d7-0e9e-4164-b628-58d100c321c1,https://www.imdb.com/title/tt1613031/
7045,5555,3aad096b-bfbe-4f4d-8992-c70df8f28f07,e47b125b-a3ee-4be0-8e3d-493f19606dca,https://www.imdb.com/title/tt4434010/
7046,5556,4bf66f35-2dd6-4b2c-aaaa-05a219610a50,11de8b34-fba4-412c-98be-076f8bc60c85,https://www.imdb.com/title/tt0145445/
7047,5557,40f4fbc1-a687-437f-9bd7-5490501552b7,52c116aa-8356-4693-9984-780ea791ba8b,https://www.imdb.com/title/tt5675030/
7048,5558,56c1fb5e-d778-4585-a731-a2f287f3fe4d,5894cd9d-0575-406c-8066-e1bd068739cd,https://www.imdb.com/title/tt2107830/
7049,5559,bc7a244a-5b8b-4165-a748-ddae7700bcd6,4a0dbfac-7367-4711-b5f2-62a18892605b,https://www.imdb.com/title/tt0001368/
7050,5560,0bcb18fc-0468-4e7a-b889-a8d93047a88e,d42e55f4-b1ef-4f3a-9a21-ff18f5837654,https://www.imdb.com/title/tt0363910/
7051,5561,adb94086-e69f-4667-8034-ebd5a1c5d3ff,030f2b1c-a15c-4ebb-85f2-8bce6b0b9103,https://www.imdb.com/title/tt0254957/
7052,2208,5685f1f7-bcc9-4c0e-8366-83845dfc0237,106dc41c-e777-4880-b114-5f3727a3c3ee,https://www.imdb.com/title/tt3644570/
7053,5562,23a838a0-af02-4ea1-ae63-9333cd7f3b77,a927f8af-683a-49c0-b0a6-fc128c91a700,https://www.imdb.com/title/tt4310754/
7054,5563,f183c44f-3af1-499a-bb2a-e590ec1417a5,19227302-1421-4ad3-bf70-f6cfe3871f09,https://www.imdb.com/title/tt5961314/
7055,5564,dec25c4b-91ba-4145-8c41-ce000bfc0b19,e4c1ab59-d345-4a2c-98cb-1ab39bdb38c4,https://www.imdb.com/title/tt2279700/
7056,5565,acd24144-826e-4434-af4b-056c8d628e3c,896b3937-7265-430a-b38f-cc9acb444352,https://www.imdb.com/title/tt1730154/
7057,5566,60b2563a-315a-4a26-b55e-e4420851881c,620fd87f-16c0-4366-a445-71c27f4ec31a,https://www.imdb.com/title/tt4864746/
7058,5567,83e3b00a-40bc-4ed1-9a82-b7e9fc8720b4,cbca2bca-d233-49ee-872c-865721369445,https://www.imdb.com/title/tt1432120/
7059,5568,d1fa06af-43a5-41d0-bf8a-d1ab9ceb14eb,efdfed92-b580-449f-b73d-9f3786a88175,https://www.imdb.com/title/tt0432481/
7060,5569,4e3fb763-de49-45c3-9c5c-615586bdd500,770ed061-dd56-474f-bb80-756b1a03c202,https://www.imdb.com/title/tt1169137/
7061,5570,ef06252f-d533-40eb-be19-63b3e1dff78e,e3da4ac8-6fbe-4056-af61-9aa041ea8b18,https://www.imdb.com/title/tt0001508/
7062,5571,59e10e4e-b011-45bf-86c6-01978640c164,4fd02c97-1dba-4c35-8e87-535ace3a7d37,https://www.imdb.com/title/tt0770811/
7063,5572,e99ef16a-3b51-4acc-a121-5fa363debd58,54a2685c-eeee-4602-833b-4c8707ebfdfd,https://www.imdb.com/title/tt5871766/
7064,5573,fe8a5da3-3ec2-4711-b3bb-73cf12adc3fc,3e1a5a55-440a-4add-af6c-9a4e13b4a15b,https://www.imdb.com/title/tt0448738/
7065,5574,3af57a00-c89a-4a01-8f0d-806a9ef30eed,32c12371-0ec8-4a8e-9107-d224623af6ed,https://www.imdb.com/title/tt0067731/
7066,5575,dca640e4-0108-405f-84b9-7ba3369d178c,76a09dde-1e06-4d23-af78-c4322bae5795,https://www.imdb.com/title/tt3699458/
7067,5576,48e1fdef-3a57-4169-8f5d-a2cced40fd41,426b1935-583d-4faf-8a0d-49a522699fa3,https://www.imdb.com/title/tt2200924/
7068,5577,7a3a2871-e3c0-4608-8c7e-ef4d64438811,1a351b3f-bda5-4344-9b80-d8bf81bc57df,https://www.imdb.com/title/tt9719742/
7069,5578,86694572-da63-43bf-a956-fe7adcb3c678,cced7714-3d04-4ec2-b037-72146e9cd97e,https://www.imdb.com/title/tt0071596/
7070,5579,ab05a85d-096f-41e7-b224-4e69b9427edd,aa6c96da-1e91-47b2-9898-73ed5cbe96f9,https://www.imdb.com/title/tt5693916/
7071,5580,aee3f609-bcb5-4e35-8a57-a73560995464,3a201f8e-f0d5-485b-bf93-af1b8e6e8a73,https://www.imdb.com/title/tt0493295/
7072,5581,4e47402a-b7d8-4bbf-9d74-c62c980439b9,74a29c58-8668-4b39-ab61-df8bbc537dd6,https://www.imdb.com/title/tt1470738/
7073,5582,78956a08-1acf-46e4-8979-6fc64e412ac0,c0bce0ce-125c-4812-9403-12cce4e9f7d4,https://www.imdb.com/title/tt1441369/
7074,5583,f3f72c8f-d3d1-494b-a91d-9794b15a865f,46464488-7de2-4bd2-8b0a-bce8580fd732,https://www.imdb.com/title/tt2871242/
7075,5584,38a4c29f-150a-4699-8e32-6483619b0a5d,79f58e75-f4bd-453d-9396-33e27eb48ac1,https://www.imdb.com/title/tt3002440/
7076,5585,7854028c-1d41-460d-97ff-eb3504ead544,89ae5fda-57df-49ea-a3d5-e764bd2a30af,https://www.imdb.com/title/tt12295362/
7077,5586,6117a80a-26cd-43b1-9ea8-1fd8c6ef9cf8,8a0badab-5a76-4e7a-b5e5-58ab2afcbd82,https://www.imdb.com/title/tt0168790/
7078,5587,4db6c853-60a2-4fa4-bea4-b4167e7823c5,eed03d1b-4fd1-4847-84e9-189bd355efd5,https://www.imdb.com/title/tt1473425/
7079,5588,e6ac9a99-1c93-4dac-8f2e-57f18922c4a9,4caaabae-ca30-4bb2-951e-7b1c405c8bd9,https://www.imdb.com/title/tt0120514/
7080,5589,6f80d329-97e1-4fbc-a4ee-7c3dc5abd173,a6f5762b-c60f-49c7-8009-77d12dfad376,https://www.imdb.com/title/tt2404639/
7081,5590,121ec3c9-5a8e-41e4-a1c2-d170cea6fc15,63591c70-cae4-4148-9638-5b2449341349,https://www.imdb.com/title/tt0213249/
7082,5591,8f5e2e0b-6aae-439c-9c28-d649c7f2f61d,80bcba34-0218-4819-bfe4-446d4bab6d77,https://www.imdb.com/title/tt1570404/
7083,5592,4007e7a7-9d9d-43ea-a015-908c8af4ad72,7cce21d8-2d87-44fd-afe4-45a3f30a7b03,https://www.imdb.com/title/tt0109612/
7084,5593,052b4b07-49e3-4790-8761-4f04ef0113fd,714a501c-8d38-4679-aa07-c9017b23891a,https://www.imdb.com/title/tt4760906/
7085,5594,e112afc3-ca24-4089-b2df-897425357bcf,c01ed486-9807-417d-92a2-0ce25d1565d6,https://www.imdb.com/title/tt8497928/
7086,5595,6e608e27-230f-491a-82bf-5779b7108a7d,d1f28f39-a2df-42a0-a0ef-03a15b375f76,https://www.imdb.com/title/tt5065522/
7087,5596,d9fe836b-3b44-4a0b-96e8-c6565f408d09,e0ebe43e-cc5c-47c5-aa94-4c3fefc62860,https://www.imdb.com/title/tt6675272/
7088,5597,edfd28f8-32d1-4e59-b276-ae79c9949a93,fcaa11dc-86c4-4509-954a-58a23ff03e43,https://www.imdb.com/title/tt3323628/
7089,5598,f291b617-39b9-41ae-9cfb-3c92933ca40b,9ba674bf-114f-4745-a129-137744d06567,https://www.imdb.com/title/tt2075154/
7090,5599,98e47bac-84a0-4952-a167-abdc1cde2ada,9531723d-9039-4543-ac7a-75de0c9d39e2,https://www.imdb.com/title/tt5363062/
7091,5600,c5ad3019-fc03-4151-b197-bde4b5a20e39,fc35421b-e1ad-44e4-8509-6f052356fb70,https://www.imdb.com/title/tt0923879/
7092,5601,2efd7b3c-34e3-4167-8830-1a0f127baf13,228a11f2-84ea-4d3c-a498-8f6d5dfdd18a,https://www.imdb.com/title/tt0470317/
7093,5602,e8240f64-0547-45df-a6c3-b93d101e800d,9254ca98-ac08-4a64-afa1-b9acb98d8d58,https://www.imdb.com/title/tt1356277/
7094,5603,d205cc6a-ea78-418d-af19-98e002a31c82,d51057d6-dad8-4130-a1fc-408ab20549a1,https://www.imdb.com/title/tt0905999/
7095,5604,8e0049c5-201c-48f8-a037-ee6224d20ba2,b886045b-0948-4fc8-b9d5-a5b9d77ac81f,https://www.imdb.com/title/tt9540976/
7096,5605,4f083bd7-bd8c-4af1-be22-dd379f77e69b,9ab3ea1e-f5d7-4791-aae0-1c32bdfe1c5a,https://www.imdb.com/title/tt1360813/
7097,5606,64db8a4c-6482-4af6-9b33-a5be91475ede,549f9f0b-80e2-4e08-8605-d7e210280ab5,https://www.imdb.com/title/tt1016032/
7098,5607,17118c8b-e9be-45e4-b353-d44d6a06858b,bd049afd-7da0-4b25-9cd8-8067083e6d69,https://www.imdb.com/title/tt13561358/
7099,5608,5a8be56a-df34-4b10-91cf-79b8c2aad9e0,02d1beb8-f4bd-404e-bfe3-e0043e51a3be,https://www.imdb.com/title/tt0278789/
7100,5609,3d1594e4-a63a-40d4-8a6c-f73cfc391ac8,73d84f81-2ff8-44f4-b748-77ce7f3ae80e,https://www.imdb.com/title/tt0991191/
7101,5610,a359fd79-dc48-4ca0-afa0-f8e74ceaf702,308f9e06-0f83-4ce3-8f00-b12d0f2dd7b5,https://www.imdb.com/title/tt0940915/
7102,1453,7c8a0708-cbbb-4ac2-8da8-e7e2891bac3b,fe294620-3c4e-41e9-a730-c386dee7ba30,https://www.imdb.com/title/tt6016490/
7103,5611,2c3be9db-af4e-48f8-bc9a-0edee528399c,7103ce05-6a01-4d5f-b377-0bb0f1a03163,https://www.imdb.com/title/tt0348270/
7104,5612,76ca05d0-fda0-40e6-b028-c783a0a38673,c6bc1d8a-32d9-4eb8-8126-069ca9af8f01,https://www.imdb.com/title/tt0791151/
7105,5613,5b3f22bc-3efc-4ac4-9d39-f0708f12c766,c503ba4e-f471-4450-b519-c63ab63da2b9,https://www.imdb.com/title/tt13667680/
7106,5614,4a8a4c1b-28d4-4afd-9c20-ec00032edd4f,63c20cbe-3ad6-4c3a-aefd-6d44b16316a9,https://www.imdb.com/title/tt0268687/
7107,5615,342f7126-ea0f-40f4-9a30-8d206650bb88,d0a56a34-d6b5-46a4-8644-91f597300b01,https://www.imdb.com/title/tt1134009/
7108,5616,65012310-c894-42bb-a047-d49751c640b3,e96ac36b-4cea-4d42-94b9-de7c91586ce2,https://www.imdb.com/title/tt12129336/
7109,5617,9b4e6d65-6a8a-44b1-95a4-3ae5829f7583,990db1b6-e495-4adf-9c4e-73c135685dc9,https://www.imdb.com/title/tt4411772/
7110,5618,34691d00-7169-4358-b556-07f47dfb3f1b,67215869-f566-4f91-8bf3-115500ee8f23,https://www.imdb.com/title/tt0076351/
7111,5619,eb53faf5-09ec-49e9-99e4-29541ebb6cee,36550e52-8796-446a-8e82-669717b719ed,https://www.imdb.com/title/tt11841202/?
7112,5619,58005b24-7df8-43fd-ae3f-b2eced7ebabe,36550e52-8796-446a-8e82-669717b719ed,https://www.imdb.com/title/tt11841202/
7113,5620,800ee998-35b5-4aaf-88d5-ec4bc7075734,0c276f6c-299a-4f94-ac90-99f78fa15847,https://www.imdb.com/title/tt7090496/
7114,5621,d40b21c7-b88b-42f6-a2d4-5cf24f7bc27e,2cc1a8f9-23b8-427e-a618-078a292073e3,https://www.imdb.com/title/tt0071584/
7115,5622,618b7fd5-4e59-45a3-95f4-8c0260e467d7,54f5aca3-0840-4ee0-801b-0a36054a5de4,https://www.imdb.com/title/tt10314674/
7116,5623,1af9b634-60a6-41c7-bbae-825f904571f6,00e023e9-6733-466b-9770-dce8ab05a22f,https://www.imdb.com/title/tt0062667/
7117,5624,10082614-ee66-4e35-944b-6a85cb660e4f,9a058793-0d01-4f37-9746-7c4708acd39c,https://www.imdb.com/title/tt6520938/
7118,5625,ecb32934-47b4-4e07-a066-bed3dce6cf3a,23837d1a-dff8-467a-a75b-105568c3604b,https://www.imdb.com/title/tt4525550/
7119,5626,9c0ee77b-128e-4427-97c9-df788473bb29,eceb486b-13d0-4b76-a2f0-8464f40d7282,https://www.imdb.com/title/tt7225156/
7120,5627,bba17c32-441f-4e3d-9bba-f623ff06f14e,e59cb701-922f-414a-b732-a7222d7f8f5c,https://www.imdb.com/title/tt0293236/
7121,5628,37c83154-b18c-4452-ab5b-679719874bf0,b849b714-43fd-4877-8300-405b48f4852f,https://www.imdb.com/title/tt0250011/
7122,5629,6bc1cba9-4825-4e38-941b-5e869bd5a721,b7abe1d2-c38b-433c-9469-9bad35a6fdbd,https://www.imdb.com/title/tt1768711/
7123,5630,e9737228-e2be-425f-a90f-253b24d00a92,b7fca5cc-50fe-4c13-aca3-d6556255dd4b,https://www.imdb.com/title/tt0275590/
7124,5631,baf33662-4d34-480d-b05d-b8577bffb1eb,b37813b0-43e6-4f20-98c6-4ad3ac9f8eca,https://www.imdb.com/title/tt0847061/
7125,5632,26c17189-914b-4b26-8fac-d8f3c4adde15,5239f2df-afa5-4fe2-9c7a-7f09d4e1cec5,https://www.imdb.com/title/tt7456842/
7126,5633,5ac9d7b6-0970-42dc-88f2-58e4694c22c7,872e4933-9b02-4f4d-8ce7-2981075f2ac8,https://www.imdb.com/title/tt0298020/
7127,5634,d8413cdc-bad3-4895-9c16-577cafa5542c,fcd5512f-ffa7-466d-8c86-14d135a77faa,https://www.imdb.com/title/tt0043497/
7128,5635,8ec10592-3ff6-4c24-a6c0-c97af873d951,364c458b-3cbb-4a2e-ba11-fcc924490162,https://www.imdb.com/title/tt0295326/
7129,5636,7e9a6116-84e6-4a36-8db0-ca44b0f9fe1b,b2d60977-9a67-4dc2-9483-8a6579ae37db,https://www.imdb.com/title/tt0292543/
7130,5637,3bab7c47-b282-4466-9390-0baa39179f6c,d8faa382-029a-41cf-9198-61f69be1c696,https://www.imdb.com/title/tt0347456/
7131,5638,414163e0-5efa-44bd-9100-02d68edb0039,8ae99370-1989-4e0f-85ed-995af3da7bcd,https://www.imdb.com/title/tt1348946/
7132,5639,dd95cabc-ae2f-4ee6-bf34-df1d1a82034d,f950b9c8-8a9b-4033-b7c6-421e8a65c818,https://www.imdb.com/title/tt3246838/
7133,5640,02079d83-946f-43d9-bd7e-a8131ea30d9a,396d3f47-ce51-4f3a-b3b4-7f3dab74053e,https://www.imdb.com/title/tt1573803/
7134,5641,b1e904e4-539a-4ed9-b6e5-6e3e04b7416a,fd612ffa-5a0f-4651-a3e5-efc23568381e,https://www.imdb.com/title/tt0490631/
7135,5642,b6c56dde-22e0-4030-911b-53b1de2b6ed3,2ab082b8-5017-4c2c-befe-c4915792677e,https://www.imdb.com/title/tt7473394/
7136,5643,68d31eac-0b3f-46aa-8502-3b35239901fc,fd72d7d2-f645-4ecc-8b7c-495d6730644c,https://www.imdb.com/title/tt2271667/
7137,5644,d1923e16-5e75-409a-b4bf-fa34939a08da,de0eb8c4-1a47-42bb-90cb-06660cde5155,https://www.imdb.com/title/tt6324878/
7138,5645,2e61fd08-b927-496a-ba99-657e9cc65a8f,0f8f84e1-f983-403f-8e59-b3fca4378b64,https://www.imdb.com/title/tt0456455/
7139,5646,7628c94c-7253-46f3-89e8-9e12b5525da1,9f7d0867-1658-427e-a0c4-16f307acd302,https://www.imdb.com/title/tt2950190/
7140,5647,b3ab5c37-d2c2-463d-b149-d0b955e5b0bc,d5892ff3-bfd5-4b38-8a1f-87cbdd078427,https://www.imdb.com/title/tt0205281/
7141,5648,6832b3da-3694-4c59-bfb3-564360c06f1d,e4b457e3-6732-4a2a-a1f7-cb12953719b2,https://www.imdb.com/title/tt2076959/
7142,5649,580c5a84-fc74-4067-83be-c97a16447c60,7e94f350-ae94-4ba5-9e35-f839cbef7c74,https://www.imdb.com/title/tt7797812/
7143,5650,60a12c5b-f706-48b6-81f4-2dc1a9e1ffdf,d26f2b7c-c9b1-4511-81b5-53004fd796a6,https://www.imdb.com/title/tt7785870/
7144,5651,feca28d9-2170-4c26-baee-f0a3e4e29b71,970b8818-b89f-437a-974f-fb35dd1afebd,https://www.imdb.com/title/tt7211188/
7145,5652,6f24fb51-31fe-4212-b7b4-60d5a26ea2c9,4d606e05-bd09-44d5-9d7f-7a738614ccd7,https://www.imdb.com/title/tt8019996/
7146,5653,1590b1f8-a77b-467b-a23d-78857ec00aa6,d2885d5a-a9e1-4b46-9750-2f8246ba326a,https://www.imdb.com/title/tt3470540/
7147,5654,6b760f58-9253-4f3e-919a-829c59b68277,aab708fe-0f99-489d-a68a-bfe6810a2724,https://www.imdb.com/title/tt0482616/
7148,5655,eb861ac2-ad2f-4754-b459-053759115884,87969457-0a40-4288-8f60-6afcdcca7abb,https://www.imdb.com/title/tt7805548/
7149,5656,89013a71-3811-4cda-91e0-0b8e16e689cd,f178a776-e941-4dd4-9c33-044ed351119c,https://www.imdb.com/title/tt1934196/
7150,5657,4867447f-64b0-4872-8ea4-f533a9b68eb1,6ef23e20-28c0-48c7-bfb2-50cfca3e1f66,https://www.imdb.com/title/tt0122719/
7151,5658,6e39f61b-5577-45c4-9373-2206dee7d0c5,94a59fce-02ff-41b4-aaca-36b6a860d785,https://www.imdb.com/title/tt2343845/
7152,5659,a789325a-ed50-4882-b3dc-5285754ff07b,61379801-3903-49dc-92e2-0cc9179f31d8,https://www.imdb.com/title/tt1321407/
7153,5660,c227ed08-15f6-4882-bdd9-b8a29de19789,fc8c78fe-258f-4e76-9bdc-b37d88c54b6d,https://www.imdb.com/title/tt0197985/
7154,5661,19d7633d-ceb4-4c2b-8074-2e222f97317f,c5af9da6-9a06-4ccb-9a7e-16f9cdc67002,https://www.imdb.com/title/tt7321368/
7155,5662,7653efdf-8a3c-4719-ac33-a9641ed9192c,d10d1f4c-6da9-4ad2-a5be-2086d2e4079b,https://www.imdb.com/title/tt6044652/
7156,5663,2cfe22a9-aa9b-415a-8251-2e32d4d3167b,915e70e9-8c4f-4068-89ee-c310baeb0873,https://www.imdb.com/title/tt0199395/
7157,5664,44d7959e-19b6-462f-a5f6-d75e5eb21958,5e80ea2d-d2f6-4ad7-b3cb-3bd4e9cec04a,https://www.imdb.com/title/tt0034360/
7158,5665,5688e4ee-5523-481e-83e5-fbb35006408e,0bae88d6-8181-49b2-9509-b9d6650f742d,https://www.imdb.com/title/tt7873018/
7159,5666,c7f6bf32-d24f-4dcf-8861-685b6a1107bb,94e5a115-48b9-4b2f-9d02-4d740c54d67e,https://www.imdb.com/title/tt0013387/
7160,5667,9be96fbb-ce71-49ac-a64e-073bc96714cf,70eef980-b166-4c26-8a54-750c04e6dde8,https://www.imdb.com/title/tt1228701/
7161,5668,69efc7d3-3503-4f18-b01c-2411f9037445,d69d6c26-fcd0-497a-831a-b62b336940ca,https://www.imdb.com/title/tt6433128/
7162,5669,e72cfa8c-8c8f-46fd-812d-1a39ccfea2f0,a56b9b91-af8e-41d8-a109-4c495e93f28a,https://www.imdb.com/title/tt5885610/
7164,5671,f4b4b450-c12c-432e-a9fd-662c7b4e938c,04f46c85-612f-47ff-86ac-3b939086f269,https://www.imdb.com/title/tt6764200/
7165,5672,12f95d68-7d16-4235-b95e-84faad1badd4,9ebba23a-1903-4ee7-8a93-fe8dd0421133,https://www.imdb.com/title/tt0016667/
7166,5673,f3f5671d-a8e8-4b50-b4a7-73bc3a336c7d,0c7d6353-9716-45db-afad-bf3f87d4be65,https://www.imdb.com/title/tt0482471/
7167,5674,4fdbd2ef-83bf-4f71-b8cf-054669cea7dc,4ae7064b-65d5-4079-9c6d-2cf6e117bb75,https://www.imdb.com/title/tt0184887/
7168,474,af20611d-b1b6-428f-a7bd-dcce59bb2c6d,299552aa-346f-4b93-bac4-71650153279f,https://uwinnipeg.on.worldcat.org/oclc/70128055
7169,5675,3274bf67-5b1b-43c2-997d-38fb654c2991,54c83741-c912-45ce-b6e0-9ab1380f5eb0,https://www.imdb.com/title/tt11973838/
7170,5676,bbb70f0d-e60e-40bb-a34b-6ab338ed605a,028f1f59-c86b-430f-9aea-76aa251dd360,https://www.imdb.com/title/tt2128679/
7171,5677,d285ef0e-2a35-464c-a222-259cdb9fec1b,d916e83a-d9c6-4af8-ac6b-a59aa23eef8e,https://www.imdb.com/title/tt0158725/
7172,5678,6b97e302-f0c7-4c35-9225-1523df5fcbc8,1d212240-c2d1-4e21-a348-d4060a07b04c,https://www.imdb.com/title/tt1386739/
7173,5679,6ff27117-74f9-4660-8aa9-71c5e3e46ab2,dde0c337-f380-4ece-b352-b952368da78e,https://www.imdb.com/title/tt10443348/
7174,5680,2d93c193-2207-45cb-9b77-91a09c2a6edb,bad3904c-7e2d-44bd-a036-69a8ee47e9a1,https://www.imdb.com/title/tt1352803/
7175,5681,d7e77d96-3937-493f-81fe-7194fb1c3e49,d8d5467c-0261-46c6-a8e7-ce4164572d13,https://www.imdb.com/title/tt0237823/
7176,5682,fe2d9f2a-f6c3-4f48-a2f4-956e13c31093,e3c0cafc-2969-4568-864f-be4dafb690d5,https://www.imdb.com/title/tt0046423/
7177,5683,60d65b38-a974-4650-be85-27ed6df1617a,581e95d0-ae23-4017-b415-a667cca2e1f8,https://www.imdb.com/title/tt10690510/
7178,5684,df12aec0-0477-4430-97fe-6b619fa70ba0,21f762d0-3373-422b-bae2-fa6529f5caad,https://www.imdb.com/title/tt3774836/
7179,5685,6e746199-f654-4293-aa3f-4b039f61aa11,8b010211-707b-4390-b176-7fe69a4ab814,https://www.imdb.com/title/tt3119424/
7180,5686,a6823a81-a570-4982-9e17-2d66ec089c43,9b06136e-51c3-458b-9521-0afebc3db6c2,https://www.imdb.com/title/tt13989000/
7181,5687,e0e2516f-ef02-41b9-8572-4970b2951f3f,5d39b12a-d2f1-4d99-a171-afff044c17d8,https://www.imdb.com/title/tt11317450/
7182,5688,68ae6ebd-3016-41ad-9afb-639f8f22b062,a030b33f-20e7-4851-9315-349562af98a6,https://www.imdb.com/title/tt1946169/
7183,5691,db1891e8-9767-4967-8622-0775b3588289,9dc7b924-c7fc-411e-84ea-20deb6637246,https://www.imdb.com/title/tt7345932/
7184,5692,9611f61a-d95c-4c13-a843-e4480ffb2e96,d6b4785c-a063-4f42-9f4b-2137e809e138,https://www.imdb.com/title/tt7856414/
7185,5693,e029ae6c-299a-4f9f-8c57-c7f1c411106a,ecce766c-8a23-44ea-a431-ca09b5c04ee3,https://www.imdb.com/title/tt5166642/
7186,5694,25df2f65-7df8-49cf-a1e0-c4bf1e5cc629,f9dd4a96-9573-44cf-be33-ebb6781288e9,https://www.imdb.com/title/tt2196142/
7187,5695,d0a8a95a-6ebf-48e8-be2b-965feb01ef82,cb81e51a-f20c-4b3d-a232-e8db027ae13e,https://www.imdb.com/title/tt0418565/
7188,5696,201eaa32-169c-46cc-8f6f-c310494ab08f,8bf7efb7-6f1a-4b62-946d-e186cb962c2b,https://www.imdb.com/title/tt12776966/
7189,5697,a7f2dc80-1905-4b98-bc81-7bb3a8a706dc,5e16adef-f999-4345-869f-05890c7dd53b,https://www.imdb.com/title/tt0258131/
7190,5698,33f6e9ae-e99c-47d2-b6a2-04fff67cc140,4e108560-4dc8-4a0a-adf0-4e94a1943afe,https://www.imdb.com/title/tt2779006/
7191,5699,09d4d8c9-ce2b-45e5-bb4a-127c99d8fb4b,93c5107b-6b96-41bb-8837-12606077c422,https://www.imdb.com/title/tt5839992/
7193,5701,d77e958a-94ea-48ee-b3b6-bc0e29690019,5019c7b1-e6e8-4f8c-9045-671f839ba990,https://www.imdb.com/title/tt4618818/
7194,5702,9c2d23c1-f313-41d8-9a39-099598505f69,2111ad8a-6603-4ce4-aece-8cb9cb4e93b3,https://www.imdb.com/title/tt7213526/
7195,5703,5bc243be-c872-4092-ac03-1998bb75e12e,59297883-b9b4-48a4-9c6e-4cb54a9d9ea3,https://www.imdb.com/title/tt0886711/
7196,5704,7266e094-bdd1-4ea4-a91b-4992ac16f5d6,c7f2951f-4d94-46f0-a80a-1f0e3be078f7,https://www.imdb.com/title/tt0893335/
7197,5705,d8f3f67e-6c73-4322-b9e7-78033c59d6b7,948bbdfb-6ae9-48c5-9a55-56d0b92411ad,https://www.imdb.com/title/tt12764248/
7198,5706,70db1555-14f6-40af-8548-a6990ae89420,433f6270-1e8e-4fb2-ad38-c4ca7df3c086,https://www.imdb.com/title/tt7908416/
7199,5707,c29d9879-d32a-4734-9452-8e2cac85f7b6,dc228ec5-de1d-431e-baef-6b26adff87eb,https://www.imdb.com/title/tt7655354/
7200,5708,1b247893-1435-4502-9169-3f7c4347b387,6c7e650c-a51a-44ce-9406-b63a9d3fc952,https://www.imdb.com/title/tt7750382/
7201,5709,29d6e70d-c859-4c3f-be06-c285e50a3c39,fbe5c5c2-ecef-4570-a567-0fff1439ba2e,https://www.imdb.com/title/tt5047072/
7202,5710,13c5244c-d4ff-471d-ac22-caa155ca6b00,29e09029-8666-4466-a28e-7e9d8716aba3,https://www.imdb.com/title/tt11680722/
7203,5711,afa93652-cafe-44d9-90e5-b1eb96968c57,6ba582d6-b038-4429-96b1-b324b677b1fd,https://www.imdb.com/title/tt0467088/
7204,5712,340f7db6-31be-47da-8757-58f7811bf919,a281bc57-fc8b-4e32-88b3-b4d755a2ea85,https://www.imdb.com/title/tt8546410/
7205,5713,487d4d3e-9f76-4e18-8494-5622144dd6f9,439ba3f1-3a83-4cd4-ace1-800483ac44b4,https://www.imdb.com/title/tt4591728/
7206,5714,62c33e5a-5a7a-4eb4-807e-0683aaf44a47,79bcd9d4-7066-42d5-9d0f-185617811372,https://www.imdb.com/title/tt6134344/
7207,5715,69458328-0b6b-459b-a487-cc52e366ec22,0714d2ad-e381-4f4c-afff-541fabc540cb,https://www.imdb.com/title/tt7266888/
7208,5716,47b1576b-5995-4434-a008-e736b755349d,051f45a0-0859-4435-9001-ab2187fd52dc,https://www.imdb.com/title/tt6552346/
7209,5717,87d6bd38-f02a-4461-888e-456cf5ad27e2,5d689e2b-ebfd-498b-ada4-528311e9ec13,https://www.imdb.com/title/tt0232314/
7210,5718,6cebc055-278a-40e6-8786-84ca512c3731,59cd3a76-e01f-4cb7-a1e6-149496528c22,https://www.imdb.com/title/tt0061743/
7211,5719,31ea60f5-2467-4d7f-982d-55325948d05f,b171706b-a75c-409d-85b0-97a4bb952e7b,https://www.imdb.com/title/tt3000372/
7212,5720,d69fdfd9-9d61-4a95-963a-778d45247749,61b8865f-8166-4828-b70b-76f4a90b18e2,https://www.imdb.com/title/tt13357694/
7213,5721,e9a96b00-9ede-4849-bc08-0eb4925e5c02,a896f109-1205-4652-bf01-c2004d9e000d,https://www.imdb.com/title/tt0399484/
7214,5722,82608f17-4fe8-44ae-98ce-cee7818d5c09,88cf2ac2-774a-4acc-98a6-f0824b35c40d,https://www.imdb.com/title/tt0220698/
7215,5723,cb882dc5-a26f-48d9-b02c-8498fc06fd4f,6f0d59e5-160b-4d3d-a839-a363306dcb47,https://www.imdb.com/title/tt3845818/
7216,5724,b9bfab64-4d15-43ce-bfbf-1489eff2fe00,78e40c9b-6a0a-4f5f-9cef-05bfc8305f18,https://www.imdb.com/title/tt0264516/
7217,5725,409ca341-e1b7-4b57-b000-0f67f889f1c8,27fe7cd8-98fd-44b7-b857-cac83cba8d86,https://www.imdb.com/title/tt2372860/
7218,5726,fa4feb7c-271d-4fbc-b264-41ad3b6c031b,da1fde0d-3d16-42ed-9f4e-e609c5e34aa1,https://www.imdb.com/title/tt8774622/
7219,5727,5910ea7b-64df-4154-ade2-a83a8453fb63,dd2bd759-fd08-46fd-9f94-00b6fd270eb8,https://www.imdb.com/title/tt5094972/
7220,5728,9c0fa330-da60-4c94-b2a2-aa72c3ee3c34,309687ec-679d-4813-9fbc-0d0159ae365a,https://www.imdb.com/title/tt2648296/
7221,5729,f6f41c02-fac6-4e4f-99f4-4ca3c76199cd,98e6f2ec-fd31-408d-af6b-c70bd50b82de,https://www.imdb.com/title/tt0337220/
7222,5730,381a1d10-18f8-4cfb-a54f-4befed50929b,0b0da53e-293c-4f29-94d9-7a523937ff4a,https://www.imdb.com/title/tt1855190/
7223,5731,194671af-f2a6-445a-9dcc-106af953424e,8193508c-ceeb-42f1-9345-779dd327517f,https://www.imdb.com/title/tt5336014/
7224,5732,f32c4dab-4d31-4985-ae75-4d53f0090158,569eb47c-da42-4002-bd82-8ae70b121c8e,https://www.imdb.com/title/tt4051850/
7225,5733,0ec63ed8-ea21-4372-b68c-276f4029dd9d,4a6d9bd9-5b95-4be8-9e02-9691ad898208,https://www.imdb.com/title/tt7300408/
7226,5734,f87023ea-2dde-46d7-b661-7de46bb3afc0,2dcf24e7-3a2e-4da2-bf72-3b7b575f0726,https://www.imdb.com/title/tt5214574/
7227,5735,249704cf-56d4-43d9-bb9b-b24bbc92cc39,77479a94-6993-4dc9-b086-6fd829aa9c30,https://www.imdb.com/title/tt0475630/
7228,5736,32b7cb91-4b3a-49e0-9a62-bc36b67135da,0cb069af-cabe-497a-bbb9-c835169b6237,https://www.imdb.com/title/tt1726657/
7229,5737,ab16c1e6-8dfb-4ed1-92c0-1487a4949114,40e9621f-c805-4b24-9299-26741e3e06af,https://www.imdb.com/title/tt7262750/
7230,5738,33ed6755-43aa-46f5-8961-01b27eda7683,069d4951-8665-44df-82d0-c6f315120073,https://www.imdb.com/title/tt0494395/
7231,5739,53e360fd-abcd-433a-a0f4-e12177e5b5a7,07c76c72-a417-4a72-84e3-bb859c95b4d6,https://www.imdb.com/title/tt12245724/
7232,5740,5969b8cc-fb44-4bbc-b642-a3562b775c2a,6c7ca135-1d1d-4085-9ec5-a550a41b84e0,https://www.imdb.com/title/tt0013281/
7233,5741,6b5fe97e-bdd5-4711-bc4b-f316dec6b01c,ca0bc84c-730f-49dd-8c5f-4c0cef641d75,https://www.imdb.com/title/tt0152672/
7234,5742,8d7cf50e-f53a-478e-982c-82c98fb4d56c,c046717c-78e6-4c54-81f5-676cc3b56f63,https://www.imdb.com/title/tt0072709/
7235,5743,9d582216-d205-4faf-a1a1-2a464575cfc8,ebc57383-50db-4090-ad0b-16a54727fd48,https://www.imdb.com/title/tt0097590/
7236,5744,ad3ad744-804d-4622-9aea-a684d9852242,e1b14b2e-95db-4a61-aa03-506ad5a72d38,https://www.imdb.com/title/tt0492479/
7237,5745,82e993be-0632-4cc4-b4e5-f2dbc675e4d3,4027d155-33a3-4167-8b9c-c88aaface611,https://www.imdb.com/title/tt11245152/
7238,5746,7c660905-0b48-4486-b262-cff9894c435b,a915a4c0-24b2-404d-91bf-51790d4d11a4,https://www.imdb.com/title/tt0427658/
7239,5747,23db384f-df0d-4508-800b-dce964f1ad71,5df0e019-7cb0-4d3f-9ddf-8ded9b00414b,https://www.imdb.com/title/tt1966547/
7240,5748,9b1c0d50-9aec-40d1-8182-33884a6afb38,232e23e1-0784-40ea-a657-9d5912f91396,https://www.imdb.com/title/tt0073533/
7241,5749,d5360574-69ef-42c4-8a82-b2db2bc33009,fac98803-b5fe-4264-bae8-ee32e4fd0223,https://www.imdb.com/title/tt0460150/
7242,5750,e791bbb5-d611-436e-a147-08810f8042ca,a7129ec8-03f4-4e95-9795-e21d1ac8c3f3,https://www.imdb.com/title/tt0194923/
7243,5751,f1ffc743-56bd-431b-aff0-76b70afc132a,b4de7b81-7009-4f50-a692-cf57366a4872,https://www.imdb.com/title/tt0022952/
7244,5752,39c608fa-c56e-4d18-806a-1d3ab7ad5c20,aa06a3d1-d68d-4ff5-8409-1bec82374752,https://www.imdb.com/title/tt0148227/
7245,1620,f8ff103d-1836-4333-abaa-5084787a5295,5027858c-2731-463a-8be4-fbac12ba1faf,https://archive.org/details/felix_the_cat_the_goos_that_laid_the_golden_egg
7246,5753,8ac2e333-77ec-4f1b-bc2b-60d2207152f0,6aed0311-0ddc-4399-9ea4-06ab49ec6fef,https://www.imdb.com/title/tt1735911/
7247,5754,518935cf-97a8-4d98-9e49-7a67b156f163,45bcf59f-9be6-4ee4-bf74-373d05777a1b,https://www.imdb.com/title/tt10661088/
7248,5755,c31d9f60-7d04-44c9-83ba-b684ac3140ed,9189f320-545f-4779-b37d-60ca3c3f2d0b,https://www.imdb.com/title/tt6380690/
7249,5756,0c9c6c3b-af6d-4fb5-b774-04e514dc34be,9af1546b-a044-4412-9755-c60fccb8fd90,https://www.imdb.com/title/tt9348088/
7250,5757,041ff8f5-5fa1-4e26-8756-db04686af9b7,96ff23d9-2269-4b80-aa17-60e761a36d9f,https://www.imdb.com/title/tt4157760/
7251,5758,57a8efc2-e682-4987-b75a-a5c978ff5a92,181b2e56-2f15-477c-bcda-76f92fe84737,https://www.imdb.com/title/tt0085932/
7252,5759,abb6312b-1879-4835-84df-a6b5970a71a6,8ed12e21-7ddb-4432-821b-ef85be052cc1,https://www.imdb.com/title/tt0184748/
7253,5760,3c30239c-ebef-45ee-8e61-dede94b1ae61,13309bae-6462-411d-b253-8077519188cc,https://www.imdb.com/title/tt0222787/
7254,5761,b69df353-3cbf-44ee-8656-08f6b762fd05,5465ca1c-1e84-4d3e-9395-36f21f263ea9,https://www.imdb.com/title/tt1950086/
7255,5762,42fd1e99-98f1-4b57-a574-9784220e9d98,42b7e5c7-fc75-4368-ac11-f8c1f964e7b6,https://www.imdb.com/title/tt2241647/
7256,5763,4e932b51-dc02-401a-9c34-dffa348cf8e1,00fd5891-e4a0-4a2d-a55c-31644d0e23ab,https://www.imdb.com/title/tt4895870/
7257,5764,cc5a1f68-f363-408b-a6ae-18196ae23749,8f78319e-20bb-456f-bc6c-d1ae8f322df8,https://www.imdb.com/title/tt0149802/
7258,5765,9285fd96-6d8c-485d-babc-19dce3174dcf,4b9275c9-19cb-4865-9ade-6d40c0e04b3c,https://www.imdb.com/title/tt12080156/
7259,5766,e79bc8c6-b246-46ba-b6f9-d40451003f80,ac6d6c58-ce41-4293-8ffb-1651a3689e37,https://www.imdb.com/title/tt0499039/
7260,5767,56ae2d6a-79ef-40c0-968c-2653ba22a0fe,838453d7-d29d-419c-948f-2901fe2de6d9,https://www.imdb.com/title/tt2056613/
7261,5768,c2f565a0-1229-4693-8c7a-9ddff1139eca,99ec9bc5-e755-4b5e-adf6-6e9fdfb975c1,https://www.imdb.com/title/tt13227792/
7262,5769,489e9712-e173-46aa-a90b-1784ba289679,18148c19-0069-42d4-99b1-bd7511555e77,https://www.imdb.com/title/tt4686266/
7263,5770,4a752858-e05a-4fc2-9904-ea3e44cce5db,79131465-b71e-4328-83d5-b91228c266aa,https://www.imdb.com/title/tt0887941/
7264,5771,bfd2bafe-d44a-41a3-86b3-b5500253faca,6ec4ca3c-10cb-4187-b96a-639b77804546,https://www.imdb.com/title/tt5479014/
7265,5772,2ad383be-e1f1-4460-b1e9-26e8fe44c16c,5fec5d9a-d309-4c70-b781-1d35e9c91f85,https://www.imdb.com/title/tt0016217/
7266,5773,6b4be00f-f3fe-4551-a700-5577fb487aff,7be4fd42-61f6-4337-b2fc-04db47e24e5b,https://www.imdb.com/title/tt1320367/
7267,5774,eb1affc8-62a2-40b8-9926-4ee1e47cfefc,0dd9a4d0-5404-447d-aeb8-dc49f40b6378,https://www.imdb.com/title/tt6628274/
7268,5775,f76d1047-20ca-48f4-b1b0-85bc6989520c,5e6252b2-599c-4ab3-8008-32f2de9508c2,https://www.imdb.com/title/tt5324298/
7269,2212,d545e1cd-c7ae-4598-a3fd-afbfbb5bcebf,5ad1a564-867c-48b9-9b10-852f076c79b4,https://www.imdb.com/title/tt0461642/
7270,3709,e020b23e-2276-40c4-ac64-a68ce9f193c9,3d495385-f42c-45a8-8c2b-f7fea5334eff,https://www.imdb.com/title/tt10229924/
7271,504,2ef9a01e-9410-4e3b-ae71-76a1925dfd59,7145e8e3-de29-4a0b-95d3-667a9dacb4f7,https://archive.org/details/a-modern-cinderella-1910
7272,3629,4756dcfb-eff4-4cf4-bfe1-7997fc8f32c4,6fe5a0e1-f5aa-4669-bf01-2143c8eddb4c,https://ecommerce.umass.edu/defa/film/27780
7273,176,49cc58b9-f867-4265-a4ea-85460023f9c8,50e5a15a-9a38-4ff8-b441-efb6d9d06210,https://www.imdb.com/title/tt0000420/
7274,5780,1b35f719-9414-436f-90eb-3114b2c1784e,33baff25-01a8-4d66-b2c2-1ef5733c3e86,https://www.imdb.com/title/tt0068280/
7275,5781,4c8b8f06-46a1-4c6e-bb11-a3b0d54e366c,3cd01b1f-b47a-4613-b6ed-9109fddec89d,https://www.imdb.com/title/tt4998170/
7276,518,d3533397-ee95-415f-a1cc-e240de57c198,47c6c085-f0b3-42c7-9d08-87ebb6b634c9,https://www.imdb.com/title/tt0131815/
7277,155,3be72918-1792-4e4d-aec4-547090b408f1,82448559-81c0-4dfe-be81-10340e98fc7d,https://www.imdb.com/title/tt2152814/
7278,3451,72762c85-4bdb-431c-89d3-a4eeb2fcecb8,0452bfbf-38ee-4fc2-8fa4-44fa56ebf85c,https://www.imdb.com/title/tt0210594/
7279,2284,9c4dd214-a044-46bf-9e87-9d9fdebb55b3,28d370fb-359b-4447-8b78-bf983a2d4aa3,https://www.imdb.com/title/tt14266666/
7280,684,0ea9a245-c283-47bd-b937-0811c5806af4,6424ccbe-864b-48bc-8d3d-d87f605dc1a8,https://www.imdb.com/title/tt5133450/
7281,2358,f3159751-3f7d-4d63-af53-923a1ffa9692,71880a65-2d00-42d0-a754-1f2c5ee1967a,https://www.imdb.com/title/tt5639552/
7282,5798,09e0599e-8800-4cc8-bf93-e82ea4f5be62,21ef726f-c19d-43a9-93a4-8f0f30f38100,https://www.imdb.com/title/tt11681250/
7283,5799,65c57484-a8c5-4e4c-a65a-a3c2b0af1b9e,39377447-635c-4c3c-8e05-cab93f5a82b2,https://www.imdb.com/title/tt5562070/
7287,3778,ad44537f-afb2-4bd4-af5b-ac14a37e82b3,f3d80da5-62a7-41f4-87d7-17ad8fc24a8a,https://www.imdb.com/title/tt6966944/
7288,675,a84392cb-c6ae-4f4a-a21e-30403b8535c0,f1b8ba07-d15b-4e97-bc7d-47144f15792c,https://www.nfb.ca/film/canada_at_war_part_10_cinderella_on_the_left/
7289,548,65092bed-9afd-4681-81c0-8e775b4b3bc0,25f0c0b9-8d41-493f-9322-16e05453ab3e,https://archive.org/details/CINDERELLACINDERSAliceHowellSilentReelcraftComedy
7291,1771,e24f40e7-2c68-4ee0-9aac-51357ac11af7,6a5dcd2b-b232-4018-b90b-6a07c8c9b22a,https://archive.org/details/Caprinos_eventyrlige_verden_Caprino_Studios_2005/CAPRINO2_FILM.ISO
7292,1772,ceeec5e6-0362-44c6-a63e-7dd31d0e009b,d8895cbc-506d-4d9a-a857-5ee67e40320b,https://archive.org/details/Caprinos_eventyrlige_verden_Caprino_Studios_2005/CAPRINO2_FILM1.ISO
7293,1772,82476730-b294-44bb-8ae7-9dbb20aa7cba,d8895cbc-506d-4d9a-a857-5ee67e40320b,https://archive.org/details/Caprinos_eventyrlige_verden_Caprino_Studios_2005/CAPRINO2_FILM13.ISO
7294,1771,e32eb939-2244-4724-a75f-d5d539963a1e,6a5dcd2b-b232-4018-b90b-6a07c8c9b22a,https://archive.org/details/Caprinos_eventyrlige_verden_Caprino_Studios_2005/CAPRINO2_FILM14.ISO
7296,1776,48fa6523-d96f-4c43-ac8d-d9060bcdbe6b,bd0ab3e0-af02-43d0-af97-814f72170fd1,https://archive.org/details/Caprinos_eventyrlige_verden_Caprino_Studios_2005/CAPRINO3_FILM1.ISO
7297,1776,5278cb24-3436-4729-ac50-d5e829f42eb4,bd0ab3e0-af02-43d0-af97-814f72170fd1,https://archive.org/details/Caprinos_eventyrlige_verden_Caprino_Studios_2005/CAPRINO3_FILM15.ISO
7298,1777,cbc6b6a7-6f31-4a3f-b222-45ca1392f8b5,b1a287c1-faa8-4471-a75d-a24f0bb814eb,https://archive.org/details/Caprinos_eventyrlige_verden_Caprino_Studios_2005/CAPRINO3_FILM16.ISO
7299,1779,7d581a34-497d-47ce-bf45-b0cfdae406c4,d629d091-a6d3-4099-bf43-ea9173760822,https://archive.org/details/Caprinos_eventyrlige_verden_Caprino_Studios_2005/CAPRINO3_FILM18.ISO
7300,1777,302142fe-031e-4271-b462-ae29261852c6,b1a287c1-faa8-4471-a75d-a24f0bb814eb,https://archive.org/details/Caprinos_eventyrlige_verden_Caprino_Studios_2005/CAPRINO3_FILM2.ISO
7301,1779,96e82cc9-025b-41ce-bb07-04db4a0ee2f9,d629d091-a6d3-4099-bf43-ea9173760822,https://archive.org/details/Caprinos_eventyrlige_verden_Caprino_Studios_2005/CAPRINO3_FILM4.ISO
7302,1780,ad4b8424-b9a7-4c96-89bd-da86e043caca,f83e8399-1509-4261-8871-c07dfe3b9698,https://archive.org/details/Caprinos_eventyrlige_verden_Caprino_Studios_2005/CAPRINO4_FILM1.ISO
7303,1780,79e1b692-9206-4ee2-b424-899e0fbf35e8,f83e8399-1509-4261-8871-c07dfe3b9698,https://archive.org/details/Caprinos_eventyrlige_verden_Caprino_Studios_2005/CAPRINO4_FILM12.ISO
7304,204,2fbc5465-1cbd-43fa-8431-bf3970eb707b,31631eb3-f32b-417f-9d15-4e2e47ea9ab4,https://archive.org/details/Caprinos_eventyrlige_verden_Caprino_Studios_2005/CAPRINO4_FILM13.ISO
7305,1773,db70c83a-d715-43aa-8256-f9afdffae607,86316bef-14e4-4a76-b16c-d0875ac5bb48,https://archive.org/details/Caprinos_eventyrlige_verden_Caprino_Studios_2005/CAPRINO4_FILM14.ISO
7306,204,c9e71c3d-fe2d-4850-95d6-c790d24786b1,31631eb3-f32b-417f-9d15-4e2e47ea9ab4,https://archive.org/details/Caprinos_eventyrlige_verden_Caprino_Studios_2005/CAPRINO4_FILM2.ISO
7307,1773,30985c72-8ff5-41d2-b55a-abf150c7aa34,86316bef-14e4-4a76-b16c-d0875ac5bb48,https://archive.org/details/Caprinos_eventyrlige_verden_Caprino_Studios_2005/CAPRINO4_FILM3.ISO
7308,5802,cd48b31c-e8d0-4a19-b659-e3e4cedd1ec1,3f096b1d-e375-45b4-b5d4-3436aff29c2a,https://www.imdb.com/title/tt1158810/?ref_=nm_flmg_dr_1
7309,5802,f2f0d27b-0c3a-4e49-a4f5-5c68a2df5f8c,3f096b1d-e375-45b4-b5d4-3436aff29c2a,https://www.imdb.com/title/tt1158810/
7310,5803,9142f5ef-b012-4a94-aa11-8c11779c0e35,1a8f6bdb-d366-4117-a35f-b9b5ad6d1323,https://www.imdb.com/title/tt7667174/
7311,5804,b856251a-73e6-4cfd-b2dd-598326076511,777f1334-242d-4dbd-a7ce-a3a85bd146b8,https://www.imdb.com/title/tt5833706/
7312,5805,f2f4beb1-ff2d-4bfd-a486-2479f244d92e,a3375e05-9ddd-4840-9662-2ddef666d3c5,https://www.imdb.com/title/tt8499252/
7313,5808,f5515d8c-6102-4b51-b7bd-76fa33601d8e,dbb501e4-2c9b-46b4-a810-317a66bad9b2,https://www.imdb.com/title/tt2080337
7314,5809,33176cf9-7a7b-4c7a-8f30-677e7ec45431,907160dc-97db-4d1c-a346-8d5c02ecdba0,https://www.imdb.com/title/tt9552208
7315,5810,d0b1e0d7-114c-4490-aa59-9aa13805c7d8,977f9ffa-ad80-45aa-85aa-9d14d4694101,https://www.imdb.com/title/tt3361792
7316,2360,d407eb6a-d9ac-450c-bb81-9328f7b93d74,13292bfc-7958-40e4-bd38-04724cdbb38f,https://www.imdb.com/title/tt13938454/
7317,5811,e0647828-687a-458a-bb03-6715ae4167c4,8c66ee33-c6d4-4460-85ff-98aa5b9c9bfb,https://www.imdb.com/title/tt0088042/
7318,5812,f06e944b-ea83-4378-9704-26c83a6dea9b,b642e85b-6c49-4600-a327-14044ffc9e96,https://www.imdb.com/title/tt1905059/
7319,5813,76ad814b-971d-4256-8bac-7f1c5dd0d7c7,74403051-d693-45cd-ab3a-339c959c0b85,https://www.imdb.com/title/tt3763958/
7320,5814,edecac18-cd3d-43a9-824f-2e0a9ecde512,456f272d-ea29-4a4c-965e-5e801d23ed80,https://www.imdb.com/title/tt0061923/
7321,3606,5ec8bcdc-e415-4735-92cc-fa582ff62ec9,0e24f24b-c47b-435b-ad3f-bf0224859992,https://ecommerce.umass.edu/defa/film/4939
7322,1166,2aaee4c8-837e-4218-beea-2527ecd61025,238cf843-0da3-47e7-8415-96cedf2f036f,https://ecommerce.umass.edu/defa/film/4831
7323,3796,ba585045-cdbf-4fca-81fd-c3ad06197c8b,2ccfd639-e0ba-4781-a92a-a2c9560c81d0,https://uwinnipeg.on.worldcat.org/oclc/1227421441
7324,1169,aba060a3-0466-4378-ac2e-df9d29ada4c0,43f4a424-f221-42c0-a7c1-912ade82e8a3,https://ecommerce.umass.edu/defa/film/5104
7325,1171,8889d8fa-c657-4b19-a38b-614b2d97a659,636aa879-4c73-401b-aac5-db358ec9297d,"https://ecommerce.umass.edu/defa/node/4796 "
7326,5815,6eae3dca-abab-40a5-9beb-6c76e3c10da7,0a51745b-852d-4d21-8f6a-a2c5898fb7c0,https://www.imdb.com/title/tt2788732/
7327,1271,825caa4e-ce99-40ef-94d1-8a49542b40bb,72b1976d-29ea-4383-9416-257a9067b41e,https://www.imdb.com/title/tt6369534/
7328,5816,02df6806-b9da-4747-bc7c-967d5eaef3b4,66c78051-b60f-4b44-9d4e-d3fb94744256,https://www.imdb.com/title/tt2953050/
7329,5817,0d48efca-ddad-48e5-ab26-94977ec4b5f6,35bdb0f9-e1fc-4b09-bfb4-bffb4a0ce358,https://www.imdb.com/title/tt12801262/
7330,589,8f21d6fb-36f2-40e0-8154-4bb2d850adb5,49cf2cd7-5530-4965-bdba-4b73c0afdad6,https://ecommerce.umass.edu/defa/film/5099
7331,569,35ff1ebe-3660-420c-82ed-3f691fc5de71,9c22d68c-e2e1-4f5f-b525-09ecaccb35c2,https://archive.org/details/michael_amanandamouse_EC
7332,569,056ef425-ad55-4d7a-9dee-681642976c39,9c22d68c-e2e1-4f5f-b525-09ecaccb35c2,https://archive.org/details/EllaCinders
7333,5818,0a512937-acc1-46e2-a811-f1799949a790,f3108a9e-8684-47d8-8f33-3713faf79fcc,https://www.imdb.com/title/tt1988544/
7334,5819,95b13414-7ba5-4a65-8ca9-1cef8754286f,6a9a4909-aa53-4c7e-9573-a71bb3f0bc5e,https://www.imdb.com/title/tt0099464/
7336,2030,f5e28b02-3c22-4f48-b612-67c437b6b501,c0e3825d-1143-48a6-b550-47a4e0a3c561,https://archive.org/details/FaustF.W.MurnauSilentFilm
7337,4489,027f939a-304d-4a06-b4b3-a4962439ecc8,b26bdfad-15a6-49e9-9cf1-ca31c8f8cb6a,https://archive.org/details/FATALFOOTSTEPS1926Wmv1.3gp/FATAL+FOOTSTEPS+1926+wmv1.3gp
7338,3625,89abf1cc-c9f1-43ac-8ebf-1059011b915f,474e39e2-b21a-4e75-af19-ae370c936187,https://ecommerce.umass.edu/defa/film/6281
7339,1184,eb0fc314-55c5-4e86-8796-14c0042540c0,b5b6e68a-3ec4-419c-9a19-910f03fb3188,https://www.imdb.com/title/tt0093052/
7340,1184,d484c538-bfca-4893-9fe3-1bc1035fb5db,b5b6e68a-3ec4-419c-9a19-910f03fb3188,https://ecommerce.umass.edu/defa/film/4935
7341,1827,7a8cc0dc-db2f-4578-b8c7-6db90bcb078e,b9026e3b-08db-4bc0-9056-c25f67a9e9dd,https://archive.org/details/BillSpragueCollection-ALICEANDTHETHREEBEARS-1924-WaltDisney
7342,5822,dd6ecb58-95b5-434c-b5ee-f3553a32a286,10d32f8a-5f43-4bfe-9961-162ed0e3fbd4,https://www.imdb.com/title/tt0277663/
7343,5823,fab1f663-0d66-4782-a130-d50005e5f2f1,75c319bc-a46b-4149-b6d0-e1e719644b6d,https://www.imdb.com/title/tt0139060/
7344,5824,ef237c4c-208b-410e-93af-c863e43ef5c4,df93258f-1598-465a-968d-ace700180ada,https://www.imdb.com/title/tt0250224/
7345,5825,b19e2193-eacc-4840-9218-8b3382e4ebd4,4c744717-f82b-4808-85c6-bf98ce5d28ed,https://www.imdb.com/title/tt8305806/
7346,5826,f1e061d9-9200-448f-90e1-f214bcb51bf5,9839b0f5-4c82-42c8-aa5b-7417f937a1ee,https://www.imdb.com/title/tt0200301/
7347,5827,3b4bd584-127f-4502-a64a-3f1d7de4ffd1,92c28d93-27b7-47c5-a526-20ba6da66ff4,https://www.imdb.com/title/tt0164402/
7348,5828,121c26e4-8e80-4125-8d7e-c9f18a7593e7,5f07c709-89bb-430a-9a08-65e88a46c99b,https://www.imdb.com/title/tt0202627/
7349,5829,b6c22240-3a23-4498-91bb-24eaba7dcdf0,27110314-5a67-44f3-aec0-2677a3a490b0,https://www.imdb.com/title/tt0120751/
7350,5830,f10daab1-0007-4076-b650-1d0803294b46,c64fadfe-39f8-4fed-9920-542bf4715d69,https://www.imdb.com/title/tt10155932/
7351,5831,adb0cde2-23b1-4c89-82e9-245e80b0d333,56423b18-3932-4803-83b4-588de2b2067e,https://www.imdb.com/title/tt0884726/
7352,2374,2c9477fd-1554-4d24-b2ba-083803f11050,61ded831-1929-4350-b564-213d8d25c587,https://www.imdb.com/title/tt1073495/
7353,241,3b23a3d2-2c07-4f1c-951f-07de72be65b2,7a2aa8aa-7e86-4d04-a8a0-1dde6288da95,https://archive.org/details/hanselandgretelanappalachianversion
7354,5832,65f7a1f5-1b0c-4e4c-aa07-c8747708a494,e8d69c4b-34b5-4af9-8da9-55a9bc702221,https://www.imdb.com/title/tt4206592/
7355,5833,ebf524bc-27f1-46b2-82c9-9c8d4a1f092e,09d519cd-5c0f-4836-bb3d-4000d01166f8,https://www.imdb.com/title/tt5004800/
7356,5834,eaa70027-96d4-4dd7-98c0-a488f5f6276b,d9a02c00-7f9f-4023-8709-6b8f56056885,https://www.imdb.com/title/tt3746824/
7357,5835,b2696084-63bc-4180-ac5c-659725367c2a,9dc200d7-1ba1-4d63-8d58-dcb1d6c439ec,https://www.imdb.com/title/tt0104455/
7358,5836,4055327d-d607-455b-b100-01f3560d11da,1bf4fccc-3ebe-4feb-8311-7e5a954e7ac2,https://www.imdb.com/title/tt0064451/
7359,5838,59652018-9c2a-4a1a-a2e5-c6a1b4e38c88,e3552245-4d6e-4fe0-a0a5-9988cb50b86a,https://www.imdb.com/title/tt0059029/
7360,5839,eb3c6a1e-f053-4e18-ad89-d5a4e7bb5cbf,b5b9a598-4530-43b4-b8aa-741c3e707657,https://www.imdb.com/title/tt1559547/
7361,5841,c6f437c5-31bb-4c4b-8879-76ec9509b3ae,f2065d67-293f-416b-beb8-dbd598ddebd8,https://www.imdb.com/title/tt3068834/
7362,5842,cf487d4f-dfe0-4bb5-bc0a-626706aabe28,59e6c3d4-bea8-4f76-8015-dd36c4c7a787,https://www.imdb.com/title/tt1034415/
7363,5843,0f7b6db0-8f66-449f-91c1-9161cebf4a5a,39db048c-1561-420f-bc69-3ba180dcc7ea,https://www.imdb.com/title/tt0080923/
7364,5844,cdfe4ea3-8898-4b4f-a60c-9a97af4e7f30,2fb12334-40c9-42fc-b4a4-54248c4a1d0a,https://www.imdb.com/title/tt0804507/
7365,5845,0660f79a-9ff2-4697-83eb-c6d6e842d9ea,1dff9cb3-a584-40b9-b98a-d942101d0944,https://www.imdb.com/title/tt3967856/
7366,5846,3a84f01c-c1c2-4fc9-857a-9273d44791e7,82ef2108-b989-490f-adf9-c4d1df182272,https://www.imdb.com/title/tt0456444/
7367,5847,4195307a-2a05-473e-b9fb-73fb92df31d3,1a9ddbdb-e0f0-4f3c-8e90-29c0872c3b7b,https://www.imdb.com/title/tt0456456/
7368,5848,3ff00a61-f149-47ef-9fc7-0c6fffa0f859,2f0bb375-dd33-4349-a2a4-795b6051209e,https://www.imdb.com/title/tt0456449/
7369,5849,f1d471ff-4d88-4d48-bca1-99cf7da786a3,47384ae4-f2ac-404c-9f02-548784b3180c,https://www.imdb.com/title/tt0456437/
7370,5850,d1b1fcc3-9b2e-47bf-9d3f-14bd0b4b9855,1319104b-73a9-4381-b71c-2afc17dcce8b,https://www.imdb.com/title/tt0456454/
7371,5851,fdd6b212-7b1d-4ae9-8463-8de0f829fbf1,cf29190b-9811-429f-aafd-b9203ce42f1c,https://www.imdb.com/title/tt0456442/
7372,5852,551bcfa1-1e43-4c38-922c-6797f43a7841,3e55075a-bdd5-4657-a019-7a34ea45ca2f,https://www.imdb.com/title/tt0456447/
7373,5853,c8186dd1-2cb0-4552-a3e3-76268ba3ee95,81d2f69c-a21e-49af-ad9c-6ac7e7c49f67,https://www.imdb.com/title/tt0456439/
7374,5854,0ffd6c93-7bcf-413b-aa54-035c449c151e,3d6baa05-598e-493a-a8e7-9c534603cefd,https://www.imdb.com/title/tt0456448
7375,5855,45a5b2bc-d402-4c2b-bd7a-6350062feeb7,8f6d3404-84ae-4757-bb60-2a4469815bd0,https://www.imdb.com/title/tt0456443/
7376,5856,fe305d2c-6d48-4113-a943-1aab09ddda6a,20483bfd-01aa-4cc5-878c-4c7fe12a224e,https://www.imdb.com/title/tt0456441/
7377,5857,d85558ca-2d5d-4947-9726-321e2b9de248,700afa7a-a496-4c6f-9977-270ce2eb6a81,https://www.imdb.com/title/tt0456450/
7378,5858,f40bec10-b299-44bc-b52c-43d00729d6ea,80c44acd-e559-406f-8a4e-423be40bc96e,https://www.imdb.com/title/tt0456446/
7379,5859,88a5e83f-1928-43de-8d50-c95e727292e2,2c0c8650-ec40-4c7e-825e-957bb26ab830,https://www.imdb.com/title/tt0456438/
7380,5860,1d7ffa57-9340-4346-a204-25c52e33de2c,df340f7c-7f86-43a0-ad6f-a41382741f2c,https://www.imdb.com/title/tt0456440/
7381,5861,e6108e30-7975-42d2-b383-05b49a049754,0b59755b-500a-4c7a-94f2-e39edfd53425,https://www.imdb.com/title/tt0456452/
7382,5862,d400812d-3160-489d-a543-01d34a4c28db,21b48def-2478-4ef5-8e81-6349c10a90f6,https://www.imdb.com/title/tt0456453
7383,5863,702e86fb-a2f8-4b74-a60b-cfb247047bfc,5b96c8ae-f7f8-4243-b072-bc0834ee31b0,https://www.imdb.com/title/tt0456451/
7384,5864,dc4b828c-3af6-4fdc-8940-5b07c23dc1e9,11304dfe-33c9-4f50-895e-a0e397273cb6,https://www.imdb.com/title/tt0456445/
7385,5865,4c4af067-c453-461a-8cac-44171cc226f9,16e3cef1-9480-4677-8054-b0431319d77f,https://www.imdb.com/title/tt3508302/
7386,5866,ebcb7c9b-8e6f-4e9c-a03c-08814e186a65,bbad2321-3053-4c11-a22c-1f5f28c4b3bf,https://www.imdb.com/title/tt1160539/
7387,1296,2788d8e5-f005-4c69-afad-3c466286de83,cd62a5ac-fb97-461a-9d0a-0804459b2dcc,https://www.imdb.com/title/tt0006819/
7388,1995,e79f822b-6042-4662-9a55-3f56f0944109,f955e8fd-f4f7-450c-967b-8beca86076aa,https://www.imdb.com/title/tt0392123/
7389,5837,8148b9bc-6a3b-401e-a363-34b532716656,a905c577-a36d-4c94-87e7-333d2b2e4a65,https://www.imdb.com/title/tt2062596/
7390,5837,003a4abe-1469-460c-87f7-cdaff9ce0dde,a905c577-a36d-4c94-87e7-333d2b2e4a65,mural gordon chan
7391,5837,5241ec4a-230b-4bd6-be4c-a1c500b7fecd,a905c577-a36d-4c94-87e7-333d2b2e4a65,https://www.imdb.com/title/tt2062596
7392,3492,bce44dd8-70c1-4ee3-895f-b4f66b740813,db95a76b-d80f-407e-bdc3-2c6b8b1dba5a,https://www.imdb.com/title/tt7881372/
7393,5867,39e7d0a9-c895-42c4-ab36-8226417871a3,4b1b7750-d314-45a2-82a8-369248882caf,https://www.imdb.com/title/tt0372958/
7394,5868,6e262888-cdbb-4fdb-9732-73094c3c24e6,a6cef89b-6bfc-471c-8c1e-187376e07e81,https://www.imdb.com/title/tt1648190/
7395,5869,0138353a-72a9-4185-a6ec-a0d157f253c7,bcc1b28d-c2ed-4ac6-86a7-2476de4398bb,https://www.imdb.com/title/tt5592878/
7396,933,2af2f94c-19ef-4645-844d-d2b9f4b4a2ea,986e1607-a5e6-4e38-8f48-b7eb9e4fe4cb,https://www.imdb.com/title/tt0484622/
7397,376,81a3322e-9e1d-4919-8303-e15e5605b01e,62e7ab09-65df-4697-81ce-1362ebbd66e4,https://www.imdb.com/title/tt0234006/
7398,2225,bd92a151-396e-43af-828b-6aace1d35af4,a03be01c-4aa4-4974-9694-e4d2d84f485d,https://www.defa-stiftung.de/en/films/film-search/kimsobo-podroznik/
7399,5870,2d249319-d241-4954-a10a-9b4924e7b9ee,85020eb5-70fe-4e61-82ff-c902f5a4497e,https://www.imdb.com/title/tt4529456/
7400,5871,54d8c3a6-6283-40bf-be67-ac9e98480194,42f723ab-78d4-4f83-8f8f-adf5520fd4bb,https://www.imdb.com/title/tt2505630/
7401,5872,380e9aa8-2bf3-4a12-98e2-4de600f8e761,ff98a718-b29a-40b4-ac07-d98c1c0ffdb6,https://www.imdb.com/title/tt12754180/
7402,5874,6dba9c73-31f6-48e9-9964-72abe5c3b36b,c34bfb1d-1855-48eb-9e71-df25c3c838cf,https://www.imdb.com/title/tt0780062/
7403,5874,5acec07f-8bcd-40c9-9459-699037a33182,c34bfb1d-1855-48eb-9e71-df25c3c838cf,krasue valentine 2006
7404,5874,0cccc98e-fa5a-42b4-a91a-8a173e3df036,c34bfb1d-1855-48eb-9e71-df25c3c838cf,https://www.imdb.com/title/tt0780062/
7405,5875,c7696520-0fe5-47fc-a6e3-96dc0fb0c9ec,161999b5-7cd2-4583-b587-23f3ad99d25a,https://www.imdb.com/title/tt2481126/
7406,5876,24273b66-1bd0-41cb-9688-57a3361a4815,e7119b56-0fc3-445e-ad4c-10e917e7c6d8,https://www.imdb.com/title/tt0097942/
7407,5877,103fc1e8-8302-44cf-8099-75b6d9680069,0c76e322-7293-4e0e-9ea7-13b9ceaaa8bd,https://www.imdb.com/title/tt0122318/
7408,5878,644f8252-4d15-4bd3-8389-748ba5aedd3d,3e9edcf7-b059-4bc9-bc72-ebc43a54d0a4,https://www.imdb.com/title/tt3305248/
7409,5879,a82b6841-5d31-49a9-b08c-988a83a054fd,6c250040-5d5c-4ec5-a5f2-3b41907e8e14,https://www.imdb.com/title/tt2546386/
7410,5882,751b191d-84da-4f99-ad91-63cb4ec4ee57,8c4c55fc-424b-407b-b2c8-65466dc38222,https://www.imdb.com/title/tt0390170/
7411,5884,9a6787c7-c5de-4377-b3b9-a4a4fab04927,669e148a-5b86-491f-974e-00bf8314cfc2,https://www.imdb.com/title/tt3305290/
7412,5885,b56a22dd-3cfa-4489-bcfc-c96211e40e81,880824ad-fad7-4467-bed2-b4e32c85e370,https://www.imdb.com/title/tt9799992/
7413,5886,83afcd6c-9faf-4d0b-8ec1-a1135c8f094a,452cc737-64ac-40fd-ac4e-75e64b6c6747,https://www.imdb.com/title/tt10687740/
7414,5887,c6e79b27-db02-432d-9f38-7e2d4c3e8d96,0775f4b3-95d8-4470-be1d-8deb069b06e8,https://www.imdb.com/title/tt0288093/
7415,5888,874cf2b2-3de2-4eec-a934-c8bd6fee676f,100ab0ea-2f4f-4930-b343-38660316591b,https://www.imdb.com/title/tt1920885/
7416,5889,ca4d361e-2ada-43ab-bdbf-782c60ba0465,38c2af1a-85bd-4f91-b79a-bf78aab3dff1,https://www.imdb.com/title/tt0378194/
7417,5890,d91eb880-a30b-49f0-95c5-a8490ede1991,303794cf-6103-41f3-bfe4-bc04dfaf6fd8,https://www.imdb.com/title/tt0943970/
7418,5891,d996e317-80f9-42da-8f99-cf284ed4c292,aa2be412-da2e-4462-9375-8e965674141e,https://www.imdb.com/title/tt0024593/
7419,5892,b5424645-3b69-445b-a8b9-38c051d73334,03a3b535-a3db-40b4-bb5a-91f89df91226,https://www.imdb.com/title/tt0074751/
7420,604,cd8ed456-a7fa-4fc4-8226-50f36e68b4a4,5bd07eb4-ecaf-4d9c-b026-6978d45405cc,https://www.imdb.com/title/tt0223039/
7421,1279,4fdda6d2-2c44-4b5d-b2bc-6bfdd729be05,30557e94-7a52-4865-83c3-c282d41d40ef,https://www.imdb.com/title/tt0000848/
7423,1281,c97f5f8f-8df7-4b11-bb74-d86e6d701032,917a1cbf-9cb0-4e1b-9e80-345a439f7f99,https://www.imdb.com/title/tt0228316/
7424,3868,cf9c7c7f-16d5-4c92-bfab-f9abbe995837,6676ef48-9ebe-4a7f-83c8-6a37fea84209,https://www.imdb.com/title/tt15190160/
7425,602,532d9e7c-6d2c-44f7-8ce2-88aad0c25de9,fa75983a-c494-43f7-8be1-651ac257e650,https://www.imdb.com/title/tt0472885/
7426,1275,e3282fbb-efe4-45e9-b04d-565e9fc67216,623b106b-dab6-4179-81e8-044e2f6c00a2,https://www.imdb.com/title/tt3948176/
7427,5893,0e252561-1046-4999-88de-849753fcd960,10b383b0-d3db-43c3-bdb6-db85f4f8786f,https://www.imdb.com/title/tt0100030/
7428,5894,b2caf601-1ef1-40ef-a9d1-b976ef6d2bbc,a988c373-767f-44fc-ad68-808ba556bd6b,https://www.imdb.com/title/tt6284064/
7429,5895,e8cc2583-cf55-4984-8f9a-1c170cd0cd76,de42627f-ca30-4c1d-b755-d7d041847b3a,https://www.imdb.com/title/tt0085233/
7430,5896,cf1638ef-12b5-4dcf-a53a-747bb61c8626,5f68ade9-9034-41bd-9b3f-c08aa0036309,https://www.imdb.com/title/tt0086934/
7431,5897,6a4464ea-4462-4385-956c-fa3e74bd4864,cdaef45d-77f2-4630-a42a-f21be079259f,https://www.imdb.com/title/tt1213033/
7432,5898,3373e880-297f-4897-a016-a3a61ef76000,3816509a-5f31-4a30-8cd1-fd86e7b604ce,https://www.imdb.com/title/tt0225827/
7433,5899,6a546541-1d9a-4a2f-900d-858994542c2e,6411ecda-09be-4650-aa65-9e50d2f202ee,https://www.imdb.com/title/tt4594270/
7434,3831,c41d36fa-71d1-41cd-a0fa-846ec098b263,a4736a29-5236-4f94-8572-12dfbee60e2e,https://www.imdb.com/title/tt0419819/
7435,5900,35e04f3c-c0c5-4809-80fd-465660c5bd2b,93696bf2-8a56-44fc-8afd-b84de7859418,https://www.imdb.com/title/tt5606664/
7436,5901,b3851db8-7b5b-4ed8-abd8-f2bec05d32ec,efff12a3-df48-4e44-a4b2-c433a65b6c57,https://www.imdb.com/title/tt1396484/
7437,5902,68b9ccf8-a029-4c48-8691-6153888466df,ee56e842-e793-4935-a2e7-424f897b59e6,https://www.imdb.com/title/tt7349950/
7438,5903,e32bee3c-b0af-494e-94f8-c989691e16c8,1149e7a2-b608-484d-910f-576597bec228,https://www.imdb.com/title/tt1857816/
7439,5904,1b3c0e34-3c85-435b-9272-e2b0799d5c23,cc346bb4-984e-477f-99d8-1367086b053a,https://www.imdb.com/title/tt13932162/
7440,5905,a7899124-4286-4c10-82a9-946e95ee7be9,31cc7040-8783-4ee0-9ef5-3a232d4abebb,https://www.imdb.com/title/tt7488208/
7441,5906,4964b90e-6793-4751-a769-d04830943ada,5d7835fa-66e5-4861-95ad-d3ea6f5cc917,https://www.imdb.com/title/tt5198068/
7442,5907,36d60deb-c00f-4d1b-ae07-b34dfb79e98d,5eb06045-9651-4cfc-9433-ea89439a398c,https://www.imdb.com/title/tt8335482/
7443,5908,fd381256-0914-41ac-8ad0-39ffaa96df38,02b979a1-1eb1-4e65-ae98-32818fa85663,https://www.imdb.com/title/tt0213309/
7444,5909,d562f9ae-66c2-422c-9837-cd379aace803,80349083-d0c2-401c-bcc3-2a153b14e86b,https://www.imdb.com/title/tt14589536/
7445,5910,1cbbb8f8-fc1c-4cd3-9535-f2b8eb3e9350,d5764fb5-ec76-4ca0-8d3b-48583ee90e10,https://www.imdb.com/title/tt15000314/
7446,5911,a6aa48a0-8391-4d27-8e83-d16c071fe3d4,3b44d2c0-b2cd-4a4f-9ae8-5be9862c6537,https://www.imdb.com/title/tt1639826/
7447,5912,d4884a70-23b8-45a3-a9d1-8827dc06e8c7,378eba70-25b8-4bbb-bfaa-5c02b8b194cd,https://www.imdb.com/title/tt0339334/
7448,5913,9b08b0c1-db1f-44eb-9ec8-9c5b4a4d60ef,9f1f10c4-cb93-4fdd-a873-ba0254553db4,https://www.imdb.com/title/tt0763304/
7449,5914,5e95bf1f-1547-425c-98fc-e99b744f6f21,09a58648-3a8d-4395-a905-28708e82aa8e,https://www.imdb.com/title/tt0308184/
7450,5915,ea862ab9-bfd0-4861-993a-7554f7b47a29,eef9339d-4cdb-48ba-b7ef-576fe89f54bd,https://www.imdb.com/title/tt9881630/
7451,5916,4dcc6256-2fa7-47e0-a184-e7a927535439,78056987-85ff-4a6f-af10-7f587fe14fc1,https://www.imdb.com/title/tt0214641/
7452,5917,c72900f6-f21d-4520-a1da-8501e0ee2aa4,70533850-1cfa-432c-933f-e9265cf324a7,https://www.imdb.com/title/tt3829170/
7453,5918,37b0a2b6-e5e2-493c-91f1-9b346112e20d,edea59a5-9b27-458c-b3ce-9379c6c95fd1,https://www.imdb.com/title/tt5610626/
7454,5919,88bfee61-ac7f-4235-a440-6466d7340a8e,f3861958-a0aa-4a0f-80d3-c31649cc785e,https://www.imdb.com/title/tt9711106/
7455,5920,49727eeb-1c2a-4674-8bca-d9cace7b411c,aa4a83d0-b332-447f-97b0-750687559d43,https://www.imdb.com/title/tt3405714/
7456,5921,727fd8f7-1a94-4a50-823c-f94e0254b337,15b7cc10-379b-4c14-8a19-7a8f7d383ddf,https://www.imdb.com/title/tt3478232/
7457,5922,205cb8f8-8916-4d7e-92c0-d143c462c1ac,dd0547e3-3fa2-42f1-829f-0ef05259fdc9,https://www.imdb.com/title/tt3608646/
7458,5923,edb343bb-9777-4f0a-b0c7-56374f30ab83,4d0c4c59-b703-4e7d-bba1-1d818b82bf04,https://www.imdb.com/title/tt5456798/
7459,5924,b0ae4708-1c70-4b4a-b919-a3497e8b7254,cd33152d-99d9-49c2-9a6c-4088de311a76,https://www.imdb.com/title/tt5327922/
7460,5925,26865671-7537-45da-94be-411c590c9126,b81c8ea3-114a-47a2-b11f-beb4b2aefc3e,https://www.imdb.com/title/tt6336356/
7461,5926,e11ae3db-2da0-48c0-9e16-77efd842ee49,5fd31a37-9d25-4128-9432-b706ebe3a188,https://www.imdb.com/title/tt0306474/
7462,5927,7d7594af-3aab-434e-8f86-89e606cad7c2,53526401-9fda-494a-8925-9643b4261fee,https://www.imdb.com/title/tt12441478/
7463,5928,a3caf34d-0efe-4213-a5fe-73f13d053aef,c0a51b4e-3b50-4eff-b794-52facea3e9d7,https://www.imdb.com/title/tt7080422/
7464,5929,410720ec-96f2-4f04-8c5a-fe259e39eea4,5093c7dc-ae34-4142-bf95-ca7c75567524,https://www.imdb.com/title/tt10521144/
7465,5930,06e7fde2-e502-40f4-a940-c46217789c8c,6e90724e-c253-4be4-9b0d-d16e2a72c864,https://www.imdb.com/title/tt0216434/
7466,5931,ad35097d-2eaa-4084-a765-1f34a1e0f03e,4269cbc2-986f-480c-b3c4-df9803c0f3dd,https://www.imdb.com/title/tt9812474/
7467,5932,0ffcc3cd-adcf-4039-9743-99cfa10baf4a,49c9df4e-bc0b-4828-9457-c664bfe1bdda,https://www.imdb.com/title/tt3885422/
7468,5933,ca217d64-40a2-4606-ad64-ea0d4b5cc3f7,56eeb132-e73d-4935-9a54-54dde0741089,https://www.imdb.com/title/tt3882082/
7469,5934,27ce3899-5564-47a4-950f-fc98c239eba3,2998697c-956c-45fa-af68-7cdccae289ae,https://www.imdb.com/title/tt9173418/
7470,5935,f855e3c7-5579-4c57-b53f-23e921cbd14f,f49a79e9-09e1-4e94-bee4-1498d68bc031,https://www.imdb.com/title/tt1742329/
7471,5936,277dd623-861c-4ad5-a4a9-041e5bce4334,e81d106b-d58c-4131-a237-38645ff9e7b9,https://www.imdb.com/title/tt12354874/
7472,5937,decdf7fa-e69f-48fc-a442-fd60d0365b86,6c7f431d-15ae-43ff-9357-21b09809cd77,https://www.imdb.com/title/tt12106464/
7473,5938,8b4116fc-8a4a-418f-9d5d-fd000c3730f4,ce9e3bd4-4fed-4f0f-9731-e2d96d5306e4,https://www.imdb.com/title/tt3326856/
7474,5940,9b0fa3fb-7ba1-4e6b-a7a7-01406e498380,ba9a222f-5777-4a08-bded-b5a2506f0394,https://www.imdb.com/title/tt12583348/
7475,5941,d2a4f2bb-f119-4ff5-8ca0-b4160a77eed8,33fac18f-a29f-4b6b-a632-b4544e79c402,https://www.imdb.com/title/tt4917700/
7476,5942,5b4d5be0-156c-48e4-a9e4-10f28c02e02f,0085daa7-cb0b-4292-bae8-30296e4afde2,https://www.imdb.com/title/tt6688354/
7477,5943,f8785e4d-c799-4acf-bbe1-d04e61626488,a2973d12-f99c-4486-859a-8909695c67e6,https://www.imdb.com/title/tt2409518/
7478,5944,6b8b3b09-9b2b-4132-9b21-701815777130,200bc3b9-6018-48fb-8f55-399a13ddc799,https://www.imdb.com/title/tt0245428/
7479,5946,0e4c3581-d796-464a-973e-0a92c5ab34c1,e8a4f36a-c3c5-46aa-88a4-c49efba3d266,https://www.imdb.com/title/tt1296077/
7480,5947,624021bb-1ac5-4fe9-8a62-8dfaa0152bc1,e4ffc331-5922-41a5-86e4-e7f7075e8c81,https://www.imdb.com/title/tt0054042/
7481,5948,4b604e48-7018-4366-a67c-5d0ea5f6e547,3650b3fa-dfd5-4b60-9397-0c8fbc800c3c,https://www.imdb.com/title/tt4071860/
7482,5949,02d3cff6-bc3e-417e-a237-46903e32517e,37aa6113-c97b-4729-9899-6e119d64a52a,https://www.imdb.com/title/tt0215971/
7483,5950,cb5660c6-0ebe-4460-b22b-5c558d143e98,e9c815bf-f004-46c8-bdfb-30aa8d2d2cc5,https://www.imdb.com/title/tt3186698/
7484,5951,0ebaf716-6a1e-438f-9580-ee626753ef07,1ae79381-8d2d-4e4f-8a77-2bfca6a8156d,https://www.imdb.com/title/tt2777040/
7485,2315,90a42f43-01be-4c67-b7eb-67c2de251650,07d344a8-65ee-45f9-b5b6-f191d109fa1e,https://www.imdb.com/title/tt0089714/
7486,5952,09d7ef1f-7853-4574-8521-391c7574d12e,4ff8f74d-730d-4d9e-853b-3b15881e3073,https://www.imdb.com/title/tt0418860/
7487,5953,e9b826a7-186b-495f-9800-33d6afa04fbe,cac5ded5-3cc1-4be3-ad14-21106c3a4177,https://www.imdb.com/title/tt1092584/
7488,5954,0076e3d5-4e5c-42ef-ad4b-5a2f63d724ed,b34738ca-3031-4c00-8839-239953dba93d,https://www.imdb.com/title/tt0013218/
7489,5955,800c545c-eb73-4ccc-b54f-6461a79d09dd,2b84cfac-72f6-4ae0-9b61-86104a4ac47a,https://www.imdb.com/title/tt1092620/
7490,5956,b5f8c934-90cf-47c7-b366-0b6e89c381d1,3ccf6a46-cdc2-4b31-92b3-410be3f20ed5,https://www.imdb.com/title/tt4711464/
7491,5957,44865a3d-8e2a-44bf-a8a0-15531665d6ee,4337fc66-a24e-4d5c-92eb-d273c895afd3,https://www.imdb.com/title/tt0443132/
7492,5958,9a1f719f-180e-4e99-983e-1412422799f8,5643d0b0-3000-4f82-a965-64a0a808ff5e,https://www.imdb.com/title/tt1395044/
7493,5959,64279900-dce2-4db2-b92c-41e46b9d2a1f,11b2d74c-4dbe-4ac6-921f-4baf07a1379a,https://www.imdb.com/title/tt0422554/
7494,5960,fc8a6a45-83ca-4c1b-bb37-147bf6d9e8c5,373b54c8-efca-4a43-b6da-c768c652e613,https://www.imdb.com/title/tt0422553/
7495,5961,36ba0bad-db6d-4d9a-af02-50eedd4ceabb,e3a748cb-dee5-4759-9394-4aeeaddec2da,https://www.imdb.com/title/tt1092596/
7496,5962,f17c080c-c14f-4ff2-a256-39c8e8a21678,ed328fe2-462c-45e6-b408-a7673485178c,https://www.imdb.com/title/tt1092595/
7497,5963,3e0c4a7b-7a51-4228-9fbd-42f4a4787533,68969122-88e8-4390-82f2-b7076baecdcb,https://www.imdb.com/title/tt3775302/
7498,5964,b52f5881-d509-471a-b13d-42c05b46bb34,36ac18bf-0364-4c57-ae6e-5af71e05e282,https://www.imdb.com/title/tt0102372/
7499,5965,d3ea466f-f147-45a7-84e4-e69d928978cd,4b4ca324-5dc4-49b6-af30-ad2ea3a1d5e9,https://www.imdb.com/title/tt0419229/
7500,5966,668e59f9-8ade-4944-b567-3e1885271288,70125190-5968-4d6b-9d09-b7c4dc537bc5,https://www.imdb.com/title/tt2506410/
7501,5967,bac99536-dafd-429c-8166-736c7f2699a6,160c854e-4b10-4304-ab26-e9dacecde4ff,https://www.imdb.com/title/tt5316918/
7502,5968,2da78c4e-a7f5-4915-a98e-e0defce95558,9d402db8-a558-4822-854a-e3a62457e108,https://www.imdb.com/title/tt1173566/
7503,5968,8c483354-81f3-4609-99b4-ef95409fa618,9d402db8-a558-4822-854a-e3a62457e108,https://www.imdb.com/title/tt2976158/
7504,5969,5d4d0fef-b3f3-4d6e-8e0c-dfc21a8658a1,31463f97-ac55-4959-9429-a90000884b21,https://www.imdb.com/title/tt1161059/
7505,5970,e0c70437-d5da-4b3f-83b0-643f3bc57620,1abc6ad9-6911-4688-80d3-53da503b6ef2,https://www.imdb.com/title/tt4268608/
7506,5971,37eb5d75-9bb5-43e7-be15-e1ccd4f21c81,5e81eab3-8183-4052-91c4-c08a9e2be2bc,https://www.imdb.com/title/tt1479708/
7507,5972,3aff2950-7300-49ca-9e11-0f4a5f3e8fe6,a4b93973-4437-4faf-9787-31a5f17f9871,https://www.imdb.com/title/tt0419152/
7508,5973,2a50673e-f6d0-4e6c-8c11-bfe8b301d741,cd2e9c3e-e020-4289-9421-d96bf6651ebc,https://www.imdb.com/title/tt0142666/
7509,5974,89d3fc2f-a499-4cf4-9b66-3db9af5d1733,7bb717c2-7e4f-45d2-bc39-d89dd354d256,https://www.imdb.com/title/tt0438392/
7510,5975,c4ff248a-66c0-4e3f-914c-2e48d9816fe3,80bc758e-752b-4351-8a0a-803f53106ed9,https://www.imdb.com/title/tt0431945/
7511,5976,504f3638-f8eb-4a1a-9315-d3118d434efc,dc6613cb-e50b-4a72-a7bb-1e1a87796059,https://www.imdb.com/title/tt15944562/
7512,5977,d1ecf717-9ab1-499c-9d63-7d20d29855f4,c94736b9-0979-44a6-a265-4a395cc2c4e8,https://www.imdb.com/title/tt0419115/
7513,5978,69709a59-6c9d-4873-a520-ad5b4bcad876,59ca64b6-7eac-4ce9-b76f-7b56c94b52d5,https://www.imdb.com/title/tt0419943/
7514,5978,7d19f07f-6c06-453b-b183-4f4e337985f0,59ca64b6-7eac-4ce9-b76f-7b56c94b52d5,https://animation.filmarchives.jp/en/works/playen/44405
7515,5979,9ca8e03b-bd5a-4d96-b616-85ae4e74a8c5,2ddc0112-faca-46bb-93ee-a2dfa747f4d5,https://www.imdb.com/title/tt11390180/
7516,5980,95aa0b74-e22d-41b4-bb99-87a417e01224,364c5ba4-1d5f-4e25-b5c1-3680a5216981,https://www.imdb.com/title/tt13375384/
7517,5981,01b7e84c-6982-4bd3-9ee4-67a35a3395a0,b446e00a-6656-4865-861b-d1e3e0d648da,https://www.imdb.com/title/tt14258146/
7518,5982,d0604f8a-8ac8-4f4c-aaee-c5b4a50987e3,0b3eef22-18d1-4cf0-9f39-5109817018a7,https://www.imdb.com/title/tt10713106/
7519,5983,8bac992c-d740-4140-99b4-88a91c44fd11,12666802-6a01-45c6-87a4-dae743352b5a,https://www.imdb.com/title/tt5062652/
7520,5984,e9102892-eeeb-48c4-bf3f-0a0009907979,19f450fd-512b-4b12-92e5-5ffb0713f765,https://www.imdb.com/title/tt0171968/
7521,5985,d7f28ba5-cf81-45b1-ab34-b40daafb0526,b3f70047-d47d-419f-a9cb-6c651cbafe48,https://www.imdb.com/title/tt0056281/
7522,5986,f6768115-1e21-4859-835b-cd79b2ac211f,63f6eba4-31e6-46de-b6ae-31be990e3317,https://www.imdb.com/title/tt9209312/
7523,5987,86112c53-f9ce-4923-9da2-fd716b53f49c,1f6866f1-17ca-498a-828b-662698b127ab,https://www.imdb.com/title/tt12845320/
7524,5988,9825af61-cf21-40e3-8106-30d5a05f96b3,53e08a4e-9a28-4aa3-ab98-501eeaa129c6,https://www.imdb.com/title/tt4835472/
7525,5989,bff89d50-992f-4da8-9586-36bb645308a7,16bd6945-983b-4e9a-9bde-41ac7e8a0b0d,https://www.imdb.com/title/tt4844146/
7526,5990,86501307-8741-4ba7-bf57-39f66dc72fbe,bf8d6131-259f-4978-b031-e4d9dfc82ce5,https://www.imdb.com/title/tt4494242/
7527,5991,c5066782-6bae-420d-a967-f88984885c11,61ce1b62-6808-44ec-a3bd-b3ad06ff4487,https://www.imdb.com/title/tt1020991/
7528,5992,fd0f8817-198f-4c5f-9b55-c759931c6522,4f9927d6-89e6-4ea5-95f7-fc19af0f6a76,https://www.imdb.com/title/tt1114698/
7529,5993,196f7042-63a0-4942-9dab-979d4e51f5b3,cde25c10-85a9-427c-809d-d79d981bc49f,https://www.imdb.com/title/tt0125794/
7530,5994,61a2390c-d6e1-435e-bb8e-d5a5e4a94e4d,063a7e0a-0a00-452c-8d15-1de94119ea3d,https://www.imdb.com/title/tt0091658/
7531,5995,26a2b3c6-45e9-4482-9e31-7c88fba41c02,11f258c2-1125-412e-8440-b18ddfc271e8,https://www.imdb.com/title/tt0928068/
7532,5996,79e80d53-114f-4278-8e49-77eed8a01422,07539e5e-ef13-4d06-bf7b-26becdd3f836,https://www.imdb.com/title/tt1462635/
7533,5997,34b1adf5-c73a-4195-a76a-6449bb465ec5,17795f58-8ca5-4fcf-be57-8e5d8bdbbe9c,https://www.imdb.com/title/tt1092608/
7534,5998,8373c60e-bef2-4ac8-8a30-099059712ba4,090ba063-216c-435e-9528-935ff53c4ee2,https://www.imdb.com/title/tt4359342/
7535,5999,637b226c-5c50-4f95-a1d5-b2b034be2754,15131269-9c88-41b1-ad3d-0dd35cfa8b52,https://www.imdb.com/title/tt0418584/
7536,6000,53c3d4d1-4979-47f0-960b-4d9328125d9e,fd86b2f7-5880-483f-845f-954b96c40deb,https://www.imdb.com/title/tt0440165/
7537,6001,9e62d10e-4672-4eeb-802a-03c5ed5da2ca,d2e777a9-0297-47a6-b7b8-83eb795d5461,https://www.imdb.com/title/tt1215024/
7538,6002,8d754a58-75fe-4e0b-8aed-35b31e15d2a6,a38671ef-dbe4-40ee-acc4-234859d9174d,https://www.imdb.com/title/tt1042257/
7539,6003,f3f11837-3405-4c3d-8949-d9238839e068,616e7822-1d6e-4f6a-b3cc-1f0809c8395d,https://www.imdb.com/title/tt2105010/
7540,6004,7c2ed884-032f-446d-bb21-29b262b75f82,dd35e798-52be-4d42-beaa-7953eeb498cb,https://www.imdb.com/title/tt0422503/
7541,6005,73edaf6b-0d2b-4d83-936a-23c2c015df39,b53abee4-5346-4f56-8318-1d38571cbdb9,https://www.imdb.com/title/tt3599694/
7542,6006,82e300a7-f51a-42fb-9993-bf7bb8b4ba5f,3be89bb3-1639-4120-ac2e-a50be0afb06e,https://www.imdb.com/title/tt0445471/
7543,6007,fa6f4274-082e-48c7-899b-7cb5e90d5623,40d7da1a-074b-4ab2-ae38-49e3a9b3e83c,https://www.imdb.com/title/tt4600372/
7544,6008,7955e50e-329f-43b0-b3b2-b3c5784c9600,0e4eb65a-4d21-4258-af2d-1aedc0faa032,https://www.imdb.com/title/tt0445473
7545,6008,aadc0d53-426a-4454-8680-f2212b3b3277,0e4eb65a-4d21-4258-af2d-1aedc0faa032,https://www.imdb.com/title/tt0445473/
7546,6009,188cf659-7e46-47fe-924b-e0ff80c9e989,53180d2e-a975-4ae9-9d8f-53b0032d1aa3,https://www.imdb.com/title/tt1093832/
7547,6010,6a92b12e-2d74-4b4c-bea1-bd5adfe3330a,92b8fa0c-0e72-4a5d-8ea3-3a05cf205e0b,https://www.imdb.com/title/tt0443060/
7548,6011,502f223a-2f48-4cb5-819d-e617b7de0377,b6a86880-7b04-4289-ae50-8791c2914d28,https://www.imdb.com/title/tt1092600/
7549,6012,ef659cce-afd6-4e78-b861-0222d4278b50,197f1d40-aeda-4d02-a14e-477c6e091522,https://www.imdb.com/title/tt0438896/
7550,6013,3a157ca2-52e1-4cf3-a3d7-6c32e27690be,d8810a2b-825c-4997-8551-4b1ed483712a,https://www.imdb.com/title/tt0418797/
7551,6014,595c9138-6d7d-4d30-bc09-72feea22c59e,da6cdc31-27aa-45d0-a445-6108ecab1bf4,https://www.imdb.com/title/tt3588462/
7552,6015,4acd3cc2-74cd-4ac3-be67-42282d13512c,55a5badc-b2af-4334-9554-2dea96993743,https://www.imdb.com/title/tt1927141/
7553,6016,a33bdb1a-401a-4d6a-9f7d-9340cbb2e999,dc9f6ef6-6c6e-4bdc-b36c-e2e1125c2e9d,https://www.imdb.com/title/tt0025339/
7554,6017,ab8d64a4-cfa0-4b81-b66e-11820a6d235c,d2581d19-d626-418f-8faa-1ab15485d9e7,https://www.imdb.com/title/tt0422556/
7555,6018,209079c7-a7a8-4aaf-be11-feeeb55565d1,409f30bd-6990-4c7e-97ac-a3ce7dde1e61,https://www.imdb.com/title/tt1188437/
7556,6019,b1061950-377f-4670-a367-41cacb2bf639,c4d6d265-85e5-413b-a6d6-37a13392f418,https://www.imdb.com/title/tt0423462/
7557,6020,0ab6fc5c-9d5b-4f4a-9f34-4c24224b8af8,639b4f2f-8b09-4be2-a5ce-6e9d3412b0ce,https://www.imdb.com/title/tt15858532/
7558,6021,54fa3b67-7427-4cfd-afab-c21fed93b816,dd341012-98ec-47b7-9785-5fe3a0bc4b95,https://www.imdb.com/title/tt0063171/
7559,6022,dec91174-5a72-4880-a7bb-d819259f2a94,e7b241b7-035d-4341-a263-bb48b9791c7b,https://www.imdb.com/title/tt6135050/
7560,6023,8d0cd610-4a86-478f-807b-91c738a4319a,6356182d-c4ad-4db3-a6c6-12b0abc62670,https://www.imdb.com/title/tt3044634/
7561,6024,ad706554-7133-4edf-a2a3-29755246a45e,8f47035e-b035-4152-af4f-a2510597d75a,https://www.imdb.com/title/tt10378618/
7562,6025,ebb5684f-a208-4a3e-82b7-299c54d47d4b,66480725-453f-47d7-ba15-79a5b07e2533,https://www.imdb.com/title/tt1330222/
7563,6026,2b014d42-4599-4113-a13b-af9a2540087f,60a583ed-d287-4dd7-8991-38377cd2d165,https://www.imdb.com/title/tt1849027/
7564,6027,14710c85-03e8-46d3-835c-ec09c7890228,41524cae-6a82-4828-8b64-ae7c91f32b60,https://www.imdb.com/title/tt1092624/
7565,6028,27f5c4b3-e7bc-49eb-bfe4-e76deaf045d7,7892b740-7559-4cb2-8195-9d88b1dd67d9,https://www.imdb.com/title/tt3271324/
7566,6029,bb881efe-b7b0-47ad-a688-ca3c8a79a346,8aeeadf7-9d2e-4498-80fa-a325d41c200d,https://www.imdb.com/title/tt4073544/
7567,6030,40879d9e-f401-4826-b4e8-8502ff8ebfab,c2c0ee4b-fd18-4013-8815-021fe316b24e,https://www.imdb.com/title/tt11418288/
7568,6031,b673845c-d32f-4178-8832-2398c8aeb300,25125201-a06e-4143-a4e7-94daf352d626,https://www.imdb.com/title/tt8817222/
7569,6032,9629443e-b711-469a-8ca3-6c07f1dc42d9,66a2be84-8a02-4970-b2a1-6ac6d632922c,https://www.imdb.com/title/tt0423460/
7570,6033,75db5b8b-74fb-4b78-abdf-a121d4fbdeee,0022d197-aaeb-419c-9e31-5aa6464c2325,https://www.imdb.com/title/tt0418791/
7571,6034,be0ee4f2-dda3-41b4-a8a9-4b12fe7b48d0,a05832d0-4489-4a09-b680-ddbbf922ff13,https://www.imdb.com/title/tt1832387/
7572,6035,5217d76f-21b6-4b74-8c2b-b609b7854d52,b0304547-89dc-4383-83fb-9f13b5efe807,https://www.imdb.com/title/tt5375974/
7573,6036,9b65b58c-e64c-4d83-a433-13549b0274f5,24884cbf-429d-431c-a739-3e314cc22e17,https://www.imdb.com/title/tt0195791/
7574,6037,82d8b40c-0b6c-4c13-b13a-6a4e06550d5c,4d5f5c22-202f-43cc-995c-fde60ad38f76,https://www.imdb.com/title/tt4792210/
7575,6038,10bc27e5-dd01-48e8-b105-6d7c5e5620fe,a8c68fad-c730-4280-a63c-7e413eddeec8,https://www.imdb.com/title/tt1848857/
7576,2294,56c56c83-d233-4c71-9dd7-77e2519b48d1,9438aa2b-bd17-4014-a182-22c029a463f6,https://www.imdb.com/title/tt0012545/
7577,3871,39b50291-279c-4028-b77f-0d6dd844aba7,17387af1-13cc-450f-8bd1-8af74b2747c8,https://www.imdb.com/title/tt15157448/
7578,3872,4c57e90e-cb8a-42f7-a37f-9aaaf997aa07,cf635d15-f052-4916-a05f-abd2c272f98d,https://www.imdb.com/title/tt0073540/
7579,6039,e04d2c9b-ee79-4a07-afa5-6ae0e68a6a53,71d72621-d7a5-4acf-b502-94a4009c0e4a,https://www.imdb.com/title/tt10560846/
7580,6040,e0b60e7d-22ef-4ee9-9dbe-06776a35fd83,a5e3051f-071f-4e70-ad6c-8ef49c84ec17,https://www.imdb.com/title/tt6016562/
7581,6041,3b367b37-50a9-4fc0-9478-6ab06b87a3f5,dd99ff2d-9b92-4c67-9189-9c1abcc93c86,https://www.imdb.com/title/tt2271557/
7582,6042,e275a666-8f58-4c14-a0d3-0ce41b9e4825,cc7cc47c-06b5-4d80-92d0-d5bdfdf4381c,https://www.imdb.com/title/tt0453715/
7583,1276,e273bcbd-6c3a-42eb-bbc5-b7143c355a4d,7bf2ddef-8d7c-4bd5-93c2-11f898b6cf25,https://www.imdb.com/title/tt0430549/
7584,1646,804fc6bb-ee25-4e25-b008-233710f057a2,d96ab080-1355-4c46-a2fc-60551f374224,https://ecommerce.umass.edu/defa/film/5017
7585,3636,ce4719d1-3a41-4239-9ec8-46230b0f92c1,e2185349-fdc9-46d1-abd0-6386fb373ef4,https://www.imdb.com/title/tt7725532/
7586,6043,6bbfbc2e-b021-4bdd-93d1-8de058c44bc4,9286b4db-0d72-4ff1-9d56-3beb75ed01e4,https://www.imdb.com/title/tt5727208/
7587,6044,481c535d-9e1b-493a-b333-38a5dde3b2c1,c96339d6-0ddf-4721-a7e8-7ac0f6237eb9,https://www.imdb.com/title/tt0160507/
7588,6045,8bdc2941-eea1-4e97-8ce7-dc689664603d,c530c1dd-5265-4fd9-ac6f-1a2908925f56,https://www.imdb.com/title/tt0299160/
7589,6046,336396e0-600d-4eb9-abd9-439264c17b79,b7f32d5f-3fd0-4b80-9a6f-d3cebe50df55,https://www.imdb.com/title/tt0202315/
7590,6047,6bb6fd53-dd33-4e57-b1fd-598c8488d0b7,ccb6ef55-d059-476a-b831-6b5a6ea4b6b7,https://www.imdb.com/title/tt0475331/
7591,6048,fd771882-f75c-4862-bc2e-b164fd6c9436,b800f05f-79c7-408f-aa09-c9befe6b12bd,https://www.imdb.com/title/tt8206398/
7592,6049,db3ca27d-4229-47c4-bff9-4ed90706be36,b31d7c1c-2dbf-4894-833a-b86f696fe5f8,https://www.imdb.com/title/tt11057238/
7593,6050,ee834a11-b587-4154-8227-0441a615d4ac,183ea635-7fca-4d44-ae60-db4bd9ffe5b1,https://www.imdb.com/title/tt7787418/
7594,6051,bcd353aa-889d-4b53-b1c4-35a47fb77893,9668fc6d-8ffe-4355-9de9-34a42b729cfd,https://www.imdb.com/title/tt0831325/
7595,6052,df3217ef-f449-4dcd-9f97-40038b6eff7b,dbc5a4c6-ec19-4bc5-afa6-ce61e2142199,https://www.imdb.com/title/tt0449261/
7596,6053,0b2b5137-baa1-4067-a502-74726f08dddc,2b485410-6a36-4268-8519-ffd3009cd55e,https://www.imdb.com/title/tt6017528/
7597,6054,d716fe78-440f-4797-a5bf-937f1feaf759,2b055dc5-70e6-4043-bccd-08466df0ecd5,https://www.imdb.com/title/tt8924784/
7598,6055,2fb50d1f-d21c-4920-8952-845278356576,67d2d317-acb3-43d8-8136-7a8d50dc673c,https://www.imdb.com/title/tt6053002/
7599,6056,58c9a63b-3bba-4d21-8036-bf6ce6839b1d,3b9f8649-e7d2-4a55-81de-c5d8034fc9be,https://www.imdb.com/title/tt14967430/
7600,6057,c31fdd48-612f-4b72-abf5-95fec7c961bc,6343416e-34f2-475f-b57c-10cbe7314ddf,https://www.imdb.com/title/tt8509500/
7601,6058,3417e382-db72-48d8-bcad-bc12494c7d13,a8ae35b3-20e5-40b3-bd7a-073727f3f1b3,https://www.imdb.com/title/tt0141076/
7602,6059,2e963c18-080a-4e90-879d-9ae7914d52fa,a16b68cb-8ef9-4d12-8f6e-3673670a095a,https://www.imdb.com/title/tt0015800/
7603,6059,d0812d1c-650d-4148-b356-45f0c92eb94f,a16b68cb-8ef9-4d12-8f6e-3673670a095a,https://archive.org/details/FelixTheCat-FelixInFairyland1923
7604,6060,52aec906-ea52-4ff9-9f91-8b70890e99ca,4e861219-5d20-411f-893a-c249c32c6bdd,https://www.imdb.com/title/tt6685538/
7605,6061,802fc2c6-c150-4619-8efa-26a2f2416b12,f82a3eca-dfc7-47f3-8dcd-974e169c7443,https://www.imdb.com/title/tt11883850/
7606,6062,a8719c3a-9c85-407b-b7a7-581adb0ffe85,4db1cec2-2eff-43c5-b79f-c72196a7bf79,https://www.imdb.com/title/tt11756362/
7607,6063,c1fbfd78-b587-4aa4-84ec-cabb10dcac05,9f53df3a-95fc-44cd-a52f-22ccb2a99edc,https://www.imdb.com/title/tt14372154/
7608,6064,dc938206-6132-473f-8241-e24320f76e8e,7623c51b-e7ac-4fc9-8d1c-220c5b35bd0a,https://www.imdb.com/title/tt0278318/
7609,6065,855ca82a-926d-4d9d-ab2b-54eff8cc9412,5d76f2f6-f6cf-4a9f-9ebb-ee83c126dc96,https://www.imdb.com/title/tt1199575/
7610,6066,e7b916d7-af91-49ba-8b1b-83040eb32f10,aaf66757-60b9-477c-a0c1-cdec5a5ac675,https://www.imdb.com/title/tt5477316/
7611,6067,33137626-5675-42c3-8899-61b8636cdd0a,e84fdcbe-9e23-4f19-877d-df367f796f08,https://www.imdb.com/title/tt5268720/
7612,6068,55949314-4ce8-4d30-8867-101f361b0203,c781aa31-6051-471e-91c7-0f1298ca5ed3,https://www.imdb.com/title/tt15547806/
7613,6069,c7649982-c188-4481-8a26-07983a01ca13,30c28b8f-3615-46f3-8aa8-e3964d846f37,https://www.imdb.com/title/tt15091284/
7614,6070,d33927d2-ce4f-4929-abd6-4591bd46c662,c6dbca76-91e5-4b32-8fd9-8b7bb81f5d3c,https://www.imdb.com/title/tt9572006/?
7615,6070,15dc1a41-d606-4266-bcab-d99b06849d78,c6dbca76-91e5-4b32-8fd9-8b7bb81f5d3c,https://www.imdb.com/title/tt9572006/
7616,3444,a44bfd14-6cad-4046-b23c-a901bc4859f6,7c6e8856-fc5b-4ab1-8b10-41b651171bc4,https://www.imdb.com/title/tt12063708/
7617,6071,d3b0f714-3d8a-4c64-9973-75d9c32d5dd1,2c59dd8a-0201-40fc-9ea1-9e4b18802271,https://www.imdb.com/title/tt12551508/
7618,5277,d92f16d1-3e52-4540-b07a-1f86c140b362,fb6f5c29-cab3-452b-9501-07a2097de085,https://www.imdb.com/title/tt13558842/
7619,4951,008a638e-902d-45e6-9f19-cb67090a04d4,a1daab96-57f8-40df-bcb8-15f416df1e3d,https://www.imdb.com/title/tt6448206/
7620,4986,9a9ac69c-ee28-4011-abd2-de88771f319b,665abde1-0a83-4cdd-8cb6-59ac807c1b72,https://www.imdb.com/title/tt7050900/
7621,2312,741ea29c-5792-4a85-b11d-e313d0b64821,aa778fe2-7e95-4524-8bb4-305d108fc56b,https://www.imdb.com/title/tt6519658/
7622,3762,49bd2f8b-3db3-4cbb-b7ad-f74def7b23dd,d5cf37da-6e67-4214-993b-2e98635f1cfc,https://www.imdb.com/title/tt6716094/
7623,6073,b4b56c65-d410-4ecc-855f-b14ffec30478,e0b3692b-ab87-435a-828d-a974740e3a4f,https://www.imdb.com/title/tt10050942/
7624,3870,9c38b71e-c773-4817-83d3-d208bf760a24,8e818e1c-1967-4621-b0f6-202e949d2444,https://www.imdb.com/title/tt15157848/
7625,6074,8ba0fdf6-5108-4be2-88eb-5496759705e7,958f73d9-34f1-4038-a648-463ffa7364bc,https://www.imdb.com/title/tt0212531
7626,6075,dbb17882-c08a-4d42-bacf-49854cfd549b,e34599bd-aa5f-448f-84c3-c69ae9213fb1,https://www.imdb.com/title/tt1975269/
7627,6076,5de516a5-ec3d-4e5f-93d4-ded3c6b82d77,a5b46c29-8bba-4881-84a2-2fe3bed8e01c,https://www.imdb.com/title/tt3231764/
7628,5332,baa40dc4-31c5-43d9-9f03-5be794dc6e83,ef87081d-c6bc-4b08-aebe-9803acc8ecb1," https://uwinnipeg.on.worldcat.org/oclc/22478326"
7629,6078,e146062e-9a08-4cd8-9912-45ef9e469429,92e7d918-736f-4d76-8308-37535cde17e0,https://www.imdb.com/title/tt1293561/
7630,6077,4e93e716-bf00-432e-ac78-67483458f88a,0d120c8a-5533-4c00-ad63-29d539b38847,https://www.imdb.com/title/tt1161646/
7631,6079,30691bb5-56df-47c1-85af-e6da0ade618e,86626953-80a0-44d1-b94f-ca16e490dc25,https://www.imdb.com/title/tt3234078/
7632,1695,645cfd3a-d241-49df-95c9-70c1ea826d1b,b2007c5c-7fd1-40d4-9cb9-f799500b2ca1,https://www.imdb.com/title/tt0329149/
7633,788,0166a76f-80a4-44b0-814c-603d8741d0be,7ed469c9-e001-4536-b981-c8650bfb2e02,https://www.imdb.com/title/tt0021973/
7634,2271,8d0a0e0b-f4c0-4687-bb19-448982b57ba4,2eecbcc7-1d7e-4ddb-88d5-8f1148cad254,https://www.imdb.com/title/tt1058017/
7635,6080,fb53f7fd-b03b-4228-9e00-dc3db804ef98,b58e9761-deb8-48b8-83ed-dc2774faaef7,https://www.imdb.com/title/tt13904188/
7636,5643,e7dc92d3-23fc-45c8-ba46-d31324104ffc,fd72d7d2-f645-4ecc-8b7c-495d6730644c,https://archive.org/details/silent-the-little-match-girl
7637,5840,845b494e-6143-4fab-8bb5-6bc6892e2ecd,f161ea4e-62a2-4d97-8843-c0da8291ef71,https://www.imdb.com/title/tt2717866/
7638,1945,8f7358c2-0165-43c4-b507-800a5c175a39,6c99f225-bb15-4c40-8072-317381cd8a00,https://www.imdb.com/title/tt0061936/
7639,6081,c14c8000-2540-4f1e-be67-a5cbc0486cdb,17467627-3f33-4286-8274-19acaf493d20,https://www.imdb.com/title/tt10838180/
7640,6082,36f0f9e5-6cc1-4426-89a4-c7fad76eb498,d2073926-c9fb-428d-a559-13728dd4abc1,https://www.imdb.com/title/tt9692040/
7641,6083,22078631-b9c9-414c-8346-df5a0a1b413a,328f5730-cec0-498a-81cc-c89642bb8640,https://www.imdb.com/title/tt6513406/
7642,6084,ac06f870-3e44-462b-a43b-7e9d242ad916,0ecf0ade-e0a8-4f6d-942e-aa8403f52600,https://www.imdb.com/title/tt0477072/
7643,6085,0214895e-c4d0-4084-a411-b957bc52ca95,bf8d6ec0-3db0-4d5d-83bf-fc4c7c9069e6,https://www.imdb.com/title/tt1094198/
7644,113,384eff06-8d4a-4754-8561-8b25b0d9dbef,a8217055-942e-4e57-840b-f6700bfdd129,https://nsifilms.ca/the-snow-queen/
7645,113,8e8909f6-bb6c-417b-9b72-a796beb422db,a8217055-942e-4e57-840b-f6700bfdd129,https://www.imdb.com/title/tt0450152/
7646,1305,b6ce2779-9dec-4e97-8435-211072499601,0577b998-3150-4d90-ae7f-830c00eeb2f6,https://www.imdb.com/title/tt0190038
7647,4041,33031d60-8be0-455d-9b9d-2c9637087d4d,da6998b0-fc1b-41c6-a9d5-f4ed87de524d,https://www.imdb.com/title/tt0140772/
7648,6086,b9548127-9f92-485f-8c2a-e87eceba08d3,f43b336d-9b8e-4c50-ae97-bad1efb51046,https://www.imdb.com/title/tt0055503/
7649,6087,d79ca9c6-b808-4cbb-b57f-f269b6b59acd,6cdb8432-08b1-40aa-92cd-efc768397ce9,https://www.imdb.com/title/tt0057558/
7650,6088,6824fc3b-5e4e-45d7-90d8-8dc2b7880981,d01f8796-e46a-4397-9bb0-d9f51d6896f7,https://www.imdb.com/title/tt0062334/
7651,6089,64b7f540-646d-4a60-8fb6-a0ec3dff806b,3778bab8-1f2d-4ec9-93b8-bedb86f6390d,https://www.imdb.com/title/tt2250234/
7652,6090,42c2a301-be95-4cad-bd87-d5b1619acfdc,68551670-95c2-4d53-92cc-36fa30274ad0,https://www.imdb.com/title/tt3894390/
7653,6091,1761ed00-9cfd-46b9-b635-52dbf58c28ff,2b686a35-80e5-4d2f-a3cf-ff54b20891ab,https://www.imdb.com/title/tt0489230/
7654,6091,9ee94b28-1b4a-4589-b57b-0046f5938dc4,2b686a35-80e5-4d2f-a3cf-ff54b20891ab,https://www.nfb.ca/film/mind_me_good_now/
7655,6092,e3ae3a84-f54f-4791-8e77-d8fc520113e4,ef4e6fce-770d-4125-a1f3-2a027d08bbbf,https://www.imdb.com/title/tt0222895/
7656,6092,9c93f7e2-da8a-4649-876f-af6ea9a95b59,ef4e6fce-770d-4125-a1f3-2a027d08bbbf,https://www.nfb.ca/film/canada_vignettes_onions_garlic/
7657,6093,18427a91-ac74-4503-bb73-f09382e46c5a,f5517031-1784-465c-9f18-e0137768c3ce,https://www.imdb.com/title/tt10147580/
7658,6094,6400ce3a-5b7b-483c-8223-2ad354cfcba7,fc0360d1-f243-4039-aa65-7e049d1b85b6,https://www.nfb.ca/film/three_wishes/
7659,6095,17f129f8-e116-4f13-8571-e34121d4768d,f2f8da3c-b5f1-40a9-a9d0-208ce8abff62,https://www.imdb.com/title/tt0211106/
7660,6095,50d063db-dffb-4ed3-874a-d467237a2183,f2f8da3c-b5f1-40a9-a9d0-208ce8abff62,https://www.nfb.ca/film/village_of_idiots/
7661,6096,98f1c3aa-27e3-4399-87fd-cdc51f396df9,d148d99e-2c82-460c-9fe4-5e53db95e682,https://www.imdb.com/title/tt1134661/
7662,6097,858490fc-57b3-427a-9ecc-d3cf125375da,63e479d4-fd71-454d-856c-a65b7384b54a,https://www.imdb.com/title/tt0353489/
7663,6098,38bc9a82-3398-45ae-8375-39e661eb803b,aa434d2b-a324-4990-a42e-bdc29d66de3f,https://www.imdb.com/title/tt0365265/
7664,6099,4ebf9363-68f9-4fa0-8767-f5f7c682c6dd,c604e183-275b-4275-ba00-1ebe1ecbc331,https://www.imdb.com/title/tt0174456/
7665,6100,28d32391-0968-41da-bfcd-7cd25315b6bb,0ffe8dca-cc2c-4e22-8cc1-ae7869b6a842,https://www.imdb.com/title/tt7805344/
7666,6101,1cae1aec-1368-47a7-aee0-5eaa0e41cbd9,7dfb7f98-0ca3-4f2c-af3e-86bace57b465,https://www.imdb.com/title/tt7253316/
7667,6102,8fb1eb18-86e5-4d27-a656-f1eccf730aae,ca807019-ba5d-4bc4-8511-fff5763cdac8,https://www.imdb.com/title/tt0076769/
7668,6103,f94d805f-0788-4bdb-be1f-1961249a6ced,880b8a84-4a5e-4630-844d-8ca51080690a,https://www.imdb.com/title/tt0076350/
7669,6104,19f8bdeb-4f72-45a9-ad06-3fb28b5a9d4a,359f8716-be47-4065-8c5d-ac338652f4eb,https://www.imdb.com/title/tt0076353/
7670,6105,f044bfb0-1841-4117-9440-bcb57186f9b4,fb5e7b1e-3df8-43b7-81a0-999bb709946f,https://www.imdb.com/title/tt0077896/
7671,6106,acdcf1de-cd4e-4844-b964-8bdf63f39b93,03d4fd85-8b36-448a-931c-0682f0e2493a,https://www.imdb.com/title/tt0077232
7672,6107,b8927057-928e-4bde-b5c6-b83d566edec9,c11f70fb-e4cd-46a5-a9a9-c1243fb10788,https://www.imdb.com/title/tt0077299/
7673,6108,acd763a8-2780-47e3-a992-239c23a3932b,42a8a64d-d93e-462f-ba41-bd2cf03a53ac,https://www.imdb.com/title/tt13154928/
7674,6109,64b4358d-bc00-466d-89e8-cd2fea8be0f0,8ea2a6e7-8f8d-425e-9ee1-f0210f18d347,https://www.imdb.com/title/tt1290472/
7675,6110,1af7640c-30e5-4fb3-bf84-b6abf3b19019,eca2dffb-1c69-4646-bdde-7f6db406db95,https://www.imdb.com/title/tt10746060/
7676,6111,36ecfa3e-3d17-4e46-b662-46b206d37b4d,bdb67197-6277-46f6-b443-ad83bffec7b3,https://www.imdb.com/title/tt12491138/
7677,6112,506c9a7e-6250-43ba-8443-2fbf1249357f,a498b479-a949-4b0f-8532-77cfe46ce6f8,https://www.imdb.com/title/tt7682930/
7678,6113,da4b5dcc-f0b4-40e4-9ba2-3559da0e129c,33640ff5-3e41-4a8c-b0a9-5124e9699164,https://www.imdb.com/title/tt8480678/
7679,6114,7a38aff7-7f25-4a67-9e2a-151aacf4cb81,47a5f3c0-c6b8-4ba1-b23f-6ee0567f4de0,https://www.imdb.com/title/tt14974602/
7680,6115,c6a7b86c-84be-4ac4-93c5-a58155af597c,04747634-3c8f-413d-a9f8-b6d5dfbe43a8,https://www.imdb.com/title/tt12886410/
7681,6116,efe005ca-eb5a-4f59-b45c-5b1b024ed361,139a4e6c-71f9-409f-a56a-67eff4cb97c9,https://www.imdb.com/title/tt1937156/
7682,4031,a8c2bc57-2f48-46d3-9881-748db565ab62,1955658b-f77f-4595-8fe2-5c5685d92d99,https://www.imdb.com/title/tt1764710/
7683,4030,bf2efdf1-a6f5-457d-89cc-6a84df712b62,c8381308-05c3-44d7-be06-664b725c7d45,https://www.imdb.com/title/tt5003214/
7684,4029,7130c073-f32e-4fb7-9bfb-5b2841382e59,dfab61df-cfe3-49d3-94cd-7487fb8202c7,https://www.imdb.com/title/tt4967062/
7685,6117,1e6eeea0-1b01-4cf2-9f69-2b6fe0fc6deb,f7f3bf86-6e2c-4d98-9163-56eb3bb7475f,https://www.imdb.com/title/tt6703486/
7686,2260,e87dc59a-8506-43a5-8ac1-9fb57f6bd91b,773664dd-8a01-4d57-8974-0591f59a32f8,https://www.imdb.com/title/tt1033643/
7687,6118,4b6efc6d-c6d9-4acf-b970-5ec05c9b9f09,264055bf-78a1-4eb3-bb96-d10099625566,https://www.imdb.com/title/tt0139657/
7688,6119,c96f1bd9-2e9b-45a9-b8b2-10496f147ec6,f0d6fd9e-92cb-405c-96dc-8e2bea9082b0,https://www.imdb.com/title/tt0100070/
7689,6120,2579232b-b049-4682-8536-6752e02de905,834117c1-a26e-4972-80d0-0e45b3791558,https://www.imdb.com/title/tt14764634/
7690,4894,362097c4-1887-4d65-9e85-570fe0d799de,301c7052-72d8-4427-b11f-f83617f3611a,https://www.imdb.com/title/tt2008449/
7691,6121,95b893a2-0c18-41f6-9e36-13c945003867,8baa86ca-d4e7-48f8-bd43-4658877645df,https://www.imdb.com/title/tt1646876/
7692,6122,dc57d6e5-5470-4e47-98db-076c01035dfc,53066136-895d-479b-ad3f-dcd7cc64f196,https://www.imdb.com/title/tt0081423/
7693,6123,87ca1217-025e-48b3-96bf-d05aeb97ff71,48029af6-49c5-4d58-9b44-50bdfdc3ced9,https://www.imdb.com/title/tt0117741/
7694,6124,66a036cd-108d-4d8f-9e94-914aff6777ba,0b6646e9-f75d-4237-83af-2f03c21c9a84,https://www.imdb.com/title/tt0094036/
7695,6125,fb2752c0-541f-4a7e-90e6-4a47a17c95ff,35e0a5c1-5b48-4f02-822c-65ce16989c35,https://www.imdb.com/title/tt0110978/
7696,6126,d1e210de-83d3-47e2-b657-fb3fc6369804,690c90b3-2efa-47a3-87b5-af4e17d07fbd,https://www.imdb.com/title/tt0420294/
7697,6127,396902aa-ffad-4650-a2c5-b55ac28e4970,b31052d1-dc31-4644-b431-830d41077c91,https://www.imdb.com/title/tt6452332/
7698,6128,32b7cc70-3064-4569-a4c4-7d076b9affdc,29c453cc-b5ae-4e76-a505-856aa3053d9e,https://www.imdb.com/title/tt14633194/
7699,6129,1874fa97-62a7-406e-a3b1-8477e069f69d,dbc351ed-a15c-4ddf-80b4-4643e2c1f045,https://www.imdb.com/title/tt14391088/
7700,6130,9866adb4-562a-4175-a0cd-6f5d359741b6,264febb0-c25b-43c3-911d-30eb9d497696,https://www.imdb.com/title/tt0422593/
7701,2096,61d3117e-a835-45f2-91b6-80bc188517da,01a39bbb-e06f-44b1-8a04-c7f1165ea62a,https://www.imdb.com/title/tt6857302/
7702,443,4b7bca4a-bf2e-40d9-aa34-90ba8518b0c7,8dbc529b-b2ba-413c-9355-2140a38c9d7f,https://www.imdb.com/title/tt5211844/
7703,442,11af982a-dd91-4782-9ccc-18cf2d0d60f7,3a7d5248-62bf-4fa7-ad2e-2ac1cf65d4af,https://www.imdb.com/title/tt0924373/
7704,495,a475a54a-702f-483f-8782-733c09293d7e,b5bbfb46-940d-4199-9399-37760c6c074c,https://www.imdb.com/title/tt0927059/
7705,1405,fb363737-1122-4632-b8a8-414312fb7b2c,2545f765-cdd4-4671-b48d-bceba0a9d849,https://www.imdb.com/title/tt5211940/
7706,206,8d0e970c-1378-4655-b86c-fd064b2923ee,4e0632d0-892f-44ac-9101-3f4a8e72cf5b,https://www.imdb.com/title/tt3974770/
7707,1600,3120d78e-0311-4eae-ab2d-3c02e68942e9,f8caf88a-5f3e-4356-8768-8f23c5c867c8,https://www.imdb.com/title/tt0062770/
7708,4262,b6467a82-e3b0-4d3c-a840-5338f3446e2d,7ecbba99-2544-4ad8-962e-fb165d264737,https://www.imdb.com/title/tt13290572/
7709,6131,29a30bb9-0777-4172-a243-76d3d506df21,8ef7df13-7061-45da-8d57-179887424dd8,https://www.imdb.com/title/tt0218931/
7710,6132,d0e18ca1-0fca-4828-a04a-9425108f1105,0b865da5-522e-45aa-b6c3-be82b808e0af,https://www.imdb.com/title/tt0214021/
7711,6133,c8ffe7f0-2212-4080-ae44-a5bcc1336b6c,cd6f4fa5-a866-4200-b292-2b952a5b5893,https://www.imdb.com/title/tt0238982/
7712,6134,a14a53b3-a4d0-4da4-8f4b-85da51681af5,19e761ff-8dda-42ce-b33f-ac53b68d15ad,https://www.imdb.com/title/tt2273812/
7713,6135,bdfd3436-472d-4a4a-9947-f54e20efae95,bb6e06d9-6858-47bb-8688-238bd1cdd114,https://www.imdb.com/title/tt4857252/
7714,3883,93d17547-c563-44e1-8242-efcc6e2cff3c,d1159865-d77a-478f-9079-01de2d0e8371,https://www.imdb.com/title/tt8244732/
7715,1417,6410dfb1-ffb3-490c-b233-c3add4b82c71,3f7e8d39-7e76-40a7-b054-8f8f147fa3ad,https://www.imdb.com/title/tt5211952/
7716,6136,a0bd362e-d006-4909-87ec-9016094f5c4f,30464ddc-a55b-452f-a7b7-72433bc8458b,https://www.imdb.com/title/tt4857224/
7717,6137,f386ad27-2dee-4c38-b49f-06c261fbe403,b6f0ff7e-be13-47b3-8c8c-a28ae5d7649e,https://www.imdb.com/title/tt9620292/
7718,1631,e28e5ffd-e1f0-4101-9ddb-af7ea662ecfa,76a3522b-c6e4-4ac7-ad24-16515295312e,https://www.imdb.com/title/tt14288024/
7719,3467,d253541b-b36a-48c9-92c0-d598ad51dfa6,4f281bf7-90e7-476b-ba41-0e44c8ab3dba," http://www.der7btezwerg.de/ "
7720,4452,aa53293c-8b82-4d19-860f-56dcd8be473e,bcb3d03a-d62e-4651-8c73-60fe3df2526f,https://www.imdb.com/title/tt6114970/
7721,6138,87addff4-7773-4917-8124-c551c7e4146d,a8633262-e948-4a7c-abe5-836593e77e09,https://www.imdb.com/title/tt0450519/
7722,6139,77d32c0d-1dec-47a7-a469-6d50a068df75,82a8a2c7-43f9-472f-93c9-d286dd6e84af,https://www.imdb.com/title/tt11580634/
7723,1340,89d9551a-808c-4ff6-aae1-4bb6dba6638b,de5fea55-e295-47a7-983c-557e1b086b0f,https://www.imdb.com/title/tt0147829/
7724,6140,f0e5c98e-f18a-4c98-9790-e70101016b66,ec33454e-1777-40a6-ac42-22c24ba30e3f,https://www.imdb.com/title/tt0139119/
7725,6141,8a4994fc-dfef-4eeb-bcf9-df506689d98a,88e58d0a-ef73-48fd-88d6-c7f18b918cbe,https://www.imdb.com/title/tt7548114/
7726,6142,4157cfd3-08b4-445b-b2d7-26da7facc715,71e86d42-c762-444a-83b2-c92488adeb19,https://www.imdb.com/title/tt8682096/
7727,6143,b8b77831-9802-432f-85c2-ee689c28be9d,84d55e0c-d694-4e6e-8e1f-9dba312f761c,https://www.imdb.com/title/tt6389344/
7728,6144,f8886b91-bfb2-49e0-bdb6-328be0196d09,20a72de3-5ecf-4c63-aaa0-a48dc2e74d72,https://www.imdb.com/title/tt2061702/
7729,6145,25a00b39-2098-4cfa-93bd-81bbc147b4b8,b1e2222c-d4b0-4e5e-9ca8-9154b0d027ec,https://www.imdb.com/title/tt4819576/
7730,6146,ecb424b1-6b74-4b62-a455-9202ddf382ca,b2743bb9-0e43-4749-ad2e-7ab2329ed155,https://www.imdb.com/title/tt10701926/
7731,6147,51a95f25-bef9-42f4-9d34-029f4a395245,99b4f8c7-8183-4aca-926f-e012d98e7e4f,https://www.imdb.com/title/tt2234530/
7732,6148,983f5078-035c-4251-b494-9eced0603cc6,1f02f8fb-b264-44f2-9986-622b777665f9,https://www.imdb.com/title/tt3251832/
7733,6149,3837770d-2347-495d-b035-2ac55aa1d730,12a19b54-453a-4875-b339-77078af05748,https://www.imdb.com/title/tt8262808/
7734,6150,8932d18b-f705-47cc-848d-1a90c29736d0,53acda24-a1cd-45f9-b734-15782239a013,https://www.imdb.com/title/tt0250958/
7735,6151,09f62fe2-2038-4c3d-8ff9-fa4ce74f12ee,868f6045-ceea-449c-80d5-9475fef809ac,https://www.imdb.com/title/tt1164727/
7736,6152,8133b5af-cdc9-44c2-ad7e-eb21cc3237ac,b95d1421-f1c8-4ff0-acba-866128431fbc,https://www.imdb.com/title/tt0044355/
7737,6153,12756f81-5392-43da-9ded-d881efaeaf0a,129724a6-e0ed-48bc-a4a5-39bc09909ad9,https://www.imdb.com/title/tt0207966/
7738,6154,d201d5bf-dbef-40de-8a97-3a3daef9f0cb,fa600855-7891-4ae3-b032-b36746484b20,https://www.imdb.com/title/tt3896102/
7739,6155,b5c13d27-ef16-4e73-b1de-9ae375883a56,ed756133-dbec-4fd5-9464-a6bb120778ea,https://www.imdb.com/title/tt8259294/
7740,6156,1d864c78-baa7-464f-8a4e-1615fdc87f6b,9de101be-de96-480a-9ad8-39d2920fef54,https://www.imdb.com/title/tt0119667/
7741,6157,9bb2abd4-b3a2-4008-aee1-9cefd50e0ec4,6c3475e4-f926-4406-a9e9-97b320a126b4,https://www.imdb.com/title/tt0997368/
7742,6158,b99a3949-611e-40bf-84b4-8c36cfe36690,4bfa1e4f-fe28-43ae-a23b-5e5aa2aeae8b,https://www.imdb.com/title/tt0357097/
7743,6159,63f574a5-4a47-40cf-88ba-bdd231a2fa33,818654fa-0c19-4c2e-a967-77e2dec7a681,https://www.imdb.com/title/tt1399228/
7744,6159,951f230e-5ad6-4cb3-8ad2-772974fbae9c,818654fa-0c19-4c2e-a967-77e2dec7a681,https://ecommerce.umass.edu/defa/film/37372
7745,6160,1fa0fe80-719b-4dc1-9dc5-3a4a4ebd0f0a,b7326852-9fc5-4d26-83b6-61c9b7e5fbad,https://www.imdb.com/title/tt0812273/
7746,6161,25806ea7-e10c-4b0e-bcfc-0eaace38e4e3,5586c149-b45b-4598-ad6a-123d9c36f624,https://www.imdb.com/title/tt7974480/
7747,6162,e99c0657-cb68-4911-9e76-7eabf24be492,f683f3b3-672d-4c8e-8cab-6b150a0091ed,https://www.imdb.com/title/tt0148377/
7748,6163,c9861824-a552-4fe2-8308-ec61e6b3be14,0ac7656e-3a1e-4f59-b73e-3ecfdd7521f0,https://www.imdb.com/title/tt0809177/
7749,6164,014d6aeb-dce5-4712-937b-bb155757434a,6fe589f4-c48d-4eb1-9fea-7b5f1a5ce7b5,https://www.imdb.com/title/tt2535940/
7750,6165,4b12a957-fd28-4b04-8c51-9fb17e039091,67a9ebd2-f752-48c7-9586-b6d339c5f9a4,https://www.imdb.com/title/tt3561318/
7751,6166,222c2431-44eb-4707-bea3-f85193eeb630,d504964b-15f0-461c-bd3f-6e9fed0c9149,https://www.imdb.com/title/tt1980279/
7752,6167,ee4ed40e-6741-4916-b929-ff599d149f87,28253b5e-89af-48c0-8f5c-3fd189aa6c1b,https://www.imdb.com/title/tt3870502/
7753,6168,18c72a73-5f69-4d3f-b9d3-f1acfabb470d,56fd99e0-f00d-44de-a150-6def89abe9c5,https://www.imdb.com/title/tt0241724/
7754,6169,9d1a5999-b2b2-44ff-ab0b-4c60a1306ed2,19b49190-50b0-458d-a176-9112c55bae7f,https://www.imdb.com/title/tt0427535/
7755,6170,17637961-05d2-4954-980a-594ff45fd110,feac5804-accc-4d84-9035-b39f3c1987bd,https://www.imdb.com/title/tt4016294/
7756,6171,916c9951-dc46-4bb7-8dc3-7c93bf06c62f,8a7993aa-327d-4836-9d96-54cf5f4c9e98,https://www.imdb.com/title/tt0351345/
7757,6172,16165217-c1eb-4c45-b066-ab96ef164c76,4bf5450b-b018-46ee-aab2-a76c099de7fa,https://www.imdb.com/title/tt1371630/
7758,1369,b18ee8c0-7bfc-406a-989b-f8af41a000d2,de5875bd-f1a1-42b1-9b40-fa02607559c8,https://www.imdb.com/title/tt0924381/
7759,2424,3edf9c64-979f-46a9-9283-eda3ed056d78,f1ecedb8-1c7c-49dd-bd5a-998a42f6f88f,https://www.bcdb.com/cartoon-characters/59998-Devon-Whey
7760,1656,7b6212a0-ccb4-4ed7-a11e-d52b34fa34dc,8bb99037-0e85-4afd-b5f8-d0354f6e0fdd,https://ecommerce.umass.edu/defa/film/34104
7761,6173,ccd74134-109d-44df-8a1c-bfc0c90fb685,46b845b0-db71-4037-9b28-9e08974ed455,https://www.imdb.com/title/tt6842770/
7762,6174,192f0fd8-cda6-446c-b173-81430d91198c,d1ba94eb-0350-4216-bbb4-fdfb80025299,https://www.imdb.com/title/tt3963190/?ref_=fn_tt_tt_139
7763,6174,885026c7-298b-4075-a00a-7c70f799bce1,d1ba94eb-0350-4216-bbb4-fdfb80025299,https://www.imdb.com/title/tt3963190/
7764,6175,024c3f28-01ac-457f-99a8-85dbee8bb52b,5901faa1-91e2-4252-b9c0-94f40de08ec4,https://www.imdb.com/title/tt0352494/
7765,6176,8d64c301-14d9-484a-9a84-799e433abb94,c0c20301-d94a-4586-b771-afa6a79ad4c2,https://www.imdb.com/title/tt11452706/
7766,6177,6e56d733-2126-4c77-83fb-33dc7cec600b,b0e9ce96-8328-4009-b7c4-5e036afdc4f3,https://www.imdb.com/title/tt1376213/
7767,6179,99f83b10-a6bd-4b93-b582-93e002ab6a26,29ca7b8f-0eb8-46d0-a421-42246a092150,https://www.imdb.com/title/tt0239843/
7769,6180,6fdd1397-d37f-473b-a83d-7d1973a1b869,8ee188d1-dbef-439b-b3d1-05137d460e58,https://www.imdb.com/title/tt0175075/
7770,6181,3166de87-9b99-4250-8a38-3276b05b3151,de2d47e2-dc01-4c70-a8b6-db7f06afc01e,https://www.imdb.com/title/tt6628228/
7771,6182,13e80d4b-934c-48e8-8493-8400ca35dba8,b39c4df2-79ba-4f88-b460-a3f829448f7f,https://www.imdb.com/title/tt8744094/
7772,6183,becaafc6-9752-4457-9272-1ed46700bf2d,6399cf88-39f5-4840-9a2a-22128ac8f01e,https://www.imdb.com/title/tt7910444/
7773,6184,91286154-a2b7-4a43-ad7e-958e6e1a9047,6e6c6c5b-cc71-4be9-90fe-62423ed97ec4,"https://www.imdb.com/title/tt0364526/ "
7774,6184,af0d1c68-ca9f-4694-a82b-bd87abbf3263,6e6c6c5b-cc71-4be9-90fe-62423ed97ec4,https://www.imdb.com/title/tt0364526/
7775,6185,a53be0c8-a626-424d-ab56-1ebf1197f196,2bf795fe-5c1b-43ef-8dff-04b27f657489,https://www.imdb.com/title/tt5776858/
7776,4557,65c0a8c5-9852-49e9-adfe-425f9417db66,13347a86-34a3-4add-875c-b7c1b51a40b3,https://www.imdb.com/title/tt3842606/
7777,6186,f1c477ea-6ba6-4f12-86e2-d7d6819fa8fe,ad6fd81e-9946-4fcc-b78d-591dde156502,https://www.imdb.com/title/tt4123432/
7778,1396,82e00fe5-7553-490d-a065-cb9305cff3cd,e96a690c-6905-4bba-830a-798af29d0046,https://www.imdb.com/title/tt5211908/
7779,81,b8d100e5-9ead-4b63-a5d9-c8c4e3019cbe,4b8f47c7-c44e-4267-a646-c644f0a2442f,https://www.imdb.com/title/tt0024057/
7781,2326,4633e38c-2c24-424a-96fc-b53c0da57d47,08a599bb-b6f1-4a1c-a2a2-0846efee7d1d,https://www.imdb.com/title/tt12004866/
7782,6187,19484308-2379-4af8-baf4-74ca82832518,3d7c8525-3d47-4da7-b4a5-650cb9e6a20c,https://www.imdb.com/title/tt7420504/
7783,6188,f269ab1f-7bbe-4cec-b914-189ddf66574a,568e21d6-fe24-4e56-a085-a97b5bbe9600,https://www.imdb.com/title/tt13935792/
7784,6189,78f4df3e-734c-48b5-9432-cf171832e4fc,2236606f-6575-4969-b60e-8eb8089156b0,https://www.imdb.com/title/tt8296030/
7785,5953,a991aced-10eb-4380-aee0-75bea7c4f73e,cac5ded5-3cc1-4be3-ad14-21106c3a4177,https://archive.org/details/silent-hanasaka-jijii
7786,4709,2b5042f8-f036-4538-81ab-5e190df7a630,9bab2b47-93d4-4517-9012-c3e5a5823d7e,https://www.imdb.com/title/tt1012727/
7787,1397,01c2a43e-e81e-463d-ba00-1536f108a9fc,c2b41830-a6c1-4d64-9d16-b885622dead7,https://www.imdb.com/title/tt5211912/
7788,920,033829f9-40de-4397-aaef-9418a5970666,b9c8acdb-685d-472c-a359-6ec2896e4704,https://www.imdb.com/title/tt1075682/
7789,911,1f7cc870-e972-4692-b728-d3c4fb14d0ed,b578feb0-6737-4a3e-8761-41faff3f1b29,https://www.imdb.com/title/tt1593309/
7790,911,b5004d9f-0765-4823-9ee6-4579eb53ba6d,b578feb0-6737-4a3e-8761-41faff3f1b29,https://www.imdb.com/title/tt0304430/
7791,925,e29700b7-5fdb-4315-b41c-08f222f77b7a,52e3b325-f8eb-412b-88ee-8d04d40dde73,https://www.imdb.com/title/tt1233040/
7792,3573,5e237c20-b420-4827-a2e2-291f12bd156f,d66a9e81-4bca-447d-9bef-453413b4b556,https://www.imdb.com/title/tt5165360/
7793,922,6af12ca7-70f3-4640-8fcb-1fd14ed517cb,4c09e8a9-ef7d-4431-b122-79e0a070658f,https://www.imdb.com/title/tt3073094/
7794,680,a83a76b4-cfa4-46f8-9c00-dd39668ead43,59afea99-9db2-4669-849e-eab69591b542,https://www.imdb.com/title/tt14009192/
7795,1500,451de19d-bbf3-43a2-9f9b-c0119aacda45,21928c42-7a41-4641-ba71-3cf6fb42913e,https://www.imdb.com/title/tt5520714/
7796,5000,4247aafb-0afa-4bf4-9be7-d859715242d7,72fded79-1b6a-42bb-ac03-649a8a7c951c,https://www.youtube.com/watch?v=hTOylhcPcoU
7797,6190,3639a9fa-e153-4825-b859-5c02fc7d8439,2dd4f3c5-8506-432d-be5e-5924dac4642a,https://www.imdb.com/title/tt10160886/
7798,6191,cee2058e-bf73-4d8b-92e4-68c59e44d973,4dab08eb-8b85-4505-a485-284497afda29,https://www.imdb.com/title/tt9198364/
7799,6192,25dd0404-9bcf-4d3f-85f0-d8c7099eb97c,560adf5c-b51c-4a65-a3c4-0af6b7a5c4ed,https://www.imdb.com/title/tt4593060/
7800,6193,596b10fc-83c6-42ed-93c6-c4b9a8dd2ec2,ce4359e7-9a0f-4044-98ab-1eb2a911b040,https://www.imdb.com/title/tt1488589/
7801,6194,589bf4be-12f4-4f3b-b69c-a2c8000c1635,0ae48b88-02df-48f0-bc8a-6c4222b66cb2,https://www.imdb.com/title/tt5971474/
7802,6195,46596c07-7c07-4891-a301-5da19bb7a3b6,ecb36e63-edbe-4c8a-8eb9-148e20a66b92,https://www.imdb.com/title/tt1596342/
7803,6196,c27dc04a-2831-407a-a3a5-45102f7c35e2,bd212861-96a4-4344-b513-ee8e3821b30a,https://www.imdb.com/title/tt8173728/
7804,6197,b9da0b19-2ca9-47fa-b3a5-eee5387d30b8,77cf3e96-ecb8-480d-a7d5-5d93458d3832,https://www.imdb.com/title/tt3915174/
7805,6198,99fe97b1-bb1e-4ce6-87f5-bb60cb61cbb2,e8c59fae-d7b9-4b2a-a8a2-ed3114df1880,"https://www.imdb.com/title/tt3513500/ "
7806,6199,4c9ea7b3-3b15-4747-b27d-1f5bf839e7b1,9b281d73-a9d1-496a-b43c-ac0808bc796a,https://www.imdb.com/title/tt10366206/
7807,6200,d4583f4c-d8ca-4e19-b67b-5ac54d0ff324,4c900262-d804-4cce-8bbe-7bb7fb147528,https://www.imdb.com/title/tt13651628/
7808,6201,8b8261ac-f4fe-43ec-9cd2-598c37b31427,d1cd282f-362a-4140-ac19-85589db0a0f9,https://www.imdb.com/title/tt1821497/
7809,6202,4ea94052-5190-4a56-9b6f-e86c711c3092,9228bcc9-9af2-4ac7-a4c6-2d3add81714e,https://www.imdb.com/title/tt3447590/
7810,6203,de6b8871-845b-40c8-9413-3757acc616dd,16da1029-53ea-4102-bfe4-11f88af92b83,https://www.imdb.com/title/tt5848272/
7811,6204,b5bdc9b2-ac31-4b8a-ace9-f1b68e454ae7,d4d5d440-282b-4eaa-afd1-8b9aea5c2ac6,https://www.imdb.com/title/tt1281940/
7812,6205,a4256563-fd7b-49c8-b413-9e332ed388e6,1e985073-8cc8-4ab8-86ad-fc1522799419,https://www.imdb.com/title/tt0213736/
7813,6206,84f66bfc-9fc7-42a7-b107-fd7acec1fda1,3dbc7e00-5bae-4f86-8550-40f6bc04967d,https://www.imdb.com/title/tt6148156/
7814,6207,4e20b205-296f-47dc-81d3-cb2d514cf153,df566fef-ffe0-41ad-8d5b-eefacc3053a7,https://www.imdb.com/title/tt13131350/
7815,6208,6434c61b-e790-4fc7-87a2-21a8062081e2,acda0096-86d6-4781-904a-4edcb3cc8908,https://www.imdb.com/title/tt0239021/
7816,6209,367cb4a9-c915-40e8-a015-cfcabe5c8e72,72beb6d6-4dc3-4001-a7ec-a5a70edee843,https://www.imdb.com/title/tt0239022/
7817,6210,48b22472-cfa1-4a25-957e-212442b363d6,ed142d56-c376-4d77-86e5-3a13bed2eba3,https://www.imdb.com/title/tt0154555/
7818,6211,33d69b77-218a-4bad-87dd-39adac11b3d8,a9d00815-4aed-4590-85c8-8aa718cf1a40,https://www.imdb.com/title/tt0256062/
7819,6212,90d56ebd-9571-4582-9adc-a80f604b2444,fd781fa0-f696-4644-8592-1ec63b7735a6,https://www.imdb.com/title/tt0251015/
7820,6213,a86af106-f7ef-4b3b-a9b3-51ea84686bf6,8adad30c-dba8-4159-b0e3-a9f5077f4df7,https://www.imdb.com/title/tt0390878/
7821,6214,3274bd7f-ccee-4016-8209-fb71d496bc75,c4865fbf-7816-48b4-8c91-fd1cde8cd49a,https://www.imdb.com/title/tt0231683/
7822,6215,8548f8f1-c42f-42f1-928e-a756d5165f93,564862f6-e481-4aed-9f43-f495fcb9c168,https://www.imdb.com/title/tt0233431/
7823,6216,8366b2d5-31de-414e-86d4-8f1456adac46,4ab1e606-7be4-4511-b452-ad9553791e35,https://www.imdb.com/title/tt0273636/
7824,6218,f2a42fb2-4fd8-49ff-8e69-c8be06fce66f,a88a4745-fab4-4af3-a169-8667ffad963f,https://www.imdb.com/title/tt0380397/
7825,6219,fd2fe36f-056a-49cb-9c1a-314f72ebbe51,2e9ca91e-6a19-4e3c-b35a-b5f0a103d612,https://www.imdb.com/title/tt1286728/
7826,6220,39aeb21c-2cbe-4004-a195-0de331e5f52c,9fba9112-1804-444c-a2e0-b5a00769f8a0,https://www.imdb.com/title/tt0263402/
7827,6221,286f5a52-16ff-4426-88f5-c66a958e5c5c,757dc7ab-e849-421d-bfa5-6ed2fee6c092,https://www.imdb.com/title/tt0231684/
7828,6222,f2229a12-586b-48ae-937f-997667d93bb3,7b9e4552-4415-4d36-b4b9-de0a42bfa0f4,https://www.filmarchive.gov.hk/en_US/web/hkfa/pe-event-2019-4-1-3.html
7829,6223,b9fbc093-d3d9-4fc0-9180-5f31e400cb65,294c0e83-971b-4ec0-9ca8-f0b75d6d1d5a,"https://www.imdb.com/title/tt0064394/ "
7830,6224,da66cca3-e777-41ed-bbcd-6abc129d4451,882c3815-0e0f-40b6-930b-40024df3033b,https://www.imdb.com/title/tt1147513/
7831,6225,006157c8-4d75-4cd8-aa87-863737685990,79e16aa5-b666-4db2-97f7-13c3ad897222,https://www.imdb.com/title/tt4272668
7832,6225,5a8b5ff5-a385-4a37-a410-d8d7ab315b27,79e16aa5-b666-4db2-97f7-13c3ad897222,https://www.imdb.com/title/tt4272668/
7833,6226,fda82c7e-95c4-4dc9-b939-d546882bb895,28803539-c253-414a-bd24-d6532b9655bf,https://www.imdb.com/title/tt13990344/
7834,6227,8094f391-b5fc-4bab-b4f3-891304493e69,44df7fa0-50a1-48c3-b0c1-81ec65fb083f,https://www.imdb.com/title/tt1670961/
7835,6228,46029894-a11c-4156-9438-2808c5674998,e4028ef7-316a-4bad-ab08-edff72e239d1,https://www.imdb.com/title/tt4854050/
7836,6229,1764034f-f8b5-458d-b1b5-215bb37fc317,ea7985c4-0783-4da1-9323-b8ae1a2ec61a,https://www.imdb.com/title/tt0261201/
7837,6230,6a684245-2c5c-4b5f-976d-9b32ab310689,0bdd1ba3-af2a-4a8e-83cc-a0d61b58667c,https://www.imdb.com/title/tt0151279/
7838,6231,ee92aacb-b376-4511-959f-2ca79f3299c6,5f3fdbb2-439b-4d65-ab33-03436f57728e,https://www.imdb.com/title/tt0972860/
7839,6232,748e29b7-e275-40f5-953d-0583c864b864,c80d3e7c-3bfd-4562-bb09-122f6cdbacab,https://www.imdb.com/title/tt0142349/
7840,6233,98960c87-a405-4475-9dc4-e970ea956ee4,b8c07e93-a392-4413-9237-073295ad66af,https://www.imdb.com/title/tt0202239/
7841,6233,fd384940-5451-421d-b870-a2717e003817,b8c07e93-a392-4413-9237-073295ad66af,https://www.imdb.com/title/tt0030215/
7842,6234,658a9eb5-44ea-4e38-9a28-e39bb10caba3,190849a7-fad7-4661-bbad-370248a95ee8,https://www.imdb.com/title/tt0390829/
7843,6235,2a0f09c1-0833-4f9d-a40d-674ddb3ee45c,9fae8bd6-8b8f-4d49-92aa-3317bbac263a,https://www.imdb.com/title/tt0233176/
7844,6236,a7dcb70b-9b7f-4212-b07f-842a8fde8b8c,203d22a7-bb8b-4a93-bb55-1d54f4ab201c,https://www.imdb.com/title/tt0376470/
7845,6237,4b362903-2017-42bf-9695-0e76cdf252ad,8f623103-9084-4e60-a759-d88b0a6246ec,https://www.imdb.com/title/tt0252320/
7846,6238,3fc17723-8b10-493d-bc6b-4bdc7d73ca37,be161b31-2a79-4e0c-b26e-6362f3d84f06,https://www.imdb.com/title/tt4814348/
7847,6239,eda89be8-a28e-4d9f-86d0-b8dfee743c0b,f7d3253c-e3f8-4dad-aaa3-56c2c5e6aad2,https://www.imdb.com/title/tt0357421/
7848,6240,37dfccfd-5041-4434-af14-1ed4a6018758,bb3b2775-ae69-4f0e-8724-8659ef365a1a,https://www.imdb.com/title/tt0067564/
7849,6242,e749cfb9-5f05-49cb-987f-a67475fdcbd8,5242cb95-52e2-48ff-abdc-3af204b323e4,https://www.imdb.com/title/tt7092272/
7850,6244,0dc5149d-86b3-438c-8545-49c1930dd33f,f5c67c6c-c8e4-4c57-b12c-84a3b952a228,https://www.imdb.com/title/tt2774200/
7851,6245,bbafc73a-17d9-4c7b-999f-9d99cf0b8816,48a6201f-6fd4-4d55-9245-2a0ae3991890,https://www.imdb.com/title/tt0038373/
7852,6246,6cb7b1ab-d330-439b-9b0e-550bcdb0c090,9793988a-1771-40db-9170-1bfc2d47c9cf,https://www.imdb.com/title/tt19843354/
7853,6247,933d22f1-9ffc-4e1e-8473-544200e86314,c3b9a92c-c600-47f5-86ff-6d54e7731523,https://www.imdb.com/title/tt0173256/
7854,6248,8dafacb6-972a-49cf-99bc-bc3a6e04c995,106a0f81-1686-464a-a4a7-1ca106adf5e9,"https://www.imdb.com/title/tt14445134/ "
7855,6249,4bbd90d3-d8c7-4f0c-a703-16646845f3cb,0d03983c-a379-4f9c-b438-fae7f783dffa,https://www.imdb.com/title/tt0149666/
7856,6250,8cab5042-906e-4578-998b-0aea82e022e0,58e2886f-76df-4732-8927-7dc516a658f3,https://www.imdb.com/title/tt1136927/
7857,6251,a1b171a0-481c-4903-8a81-0054c4d6f86b,3c616ef9-bc0a-4a99-9a07-5eadd0fa89cc,https://www.imdb.com/title/tt0030407/
7858,6252,e5ed853e-9c35-43d0-83b5-ce0e464d0dab,f6f3a0dc-8d23-4f1f-8aaf-b42297f6c643,https://www.imdb.com/title/tt3161248/
7859,6253,6408daa1-4e29-4fed-ac21-fd2360e8a7bd,aa437c6d-a04a-402a-bd93-9895b9f3762a,https://www.imdb.com/title/tt0246190/
7860,6254,fd78f723-d1f6-49a3-a939-e8d036d266ca,a53e5578-b7e0-4fe7-b7a0-e67627ae6540,https://www.imdb.com/title/tt0083701/
7861,6255,04864a2a-d623-4e78-b195-fde6005df957,44f9b6e5-49bc-4a6f-ab05-58c4929adae8,https://www.imdb.com/title/tt0393776/
7862,6256,2b68c495-3ac4-4b65-85c8-59449dcb7f0a,c3b31278-a40e-4d85-b4ec-8dd4abe5ae15,https://www.imdb.com/title/tt0157041/
7863,6257,f5d71391-35db-461b-98cb-58677673e161,b9e4f591-76e3-4a1d-8834-52d183cdb697,https://www.imdb.com/title/tt2145675/
7864,6258,8df34912-0fda-472d-a144-a1046a50b47f,882f0199-3ac3-413d-9d81-072882eb2169,https://www.imdb.com/title/tt0392761/
7865,6259,85192406-d01c-4a95-9804-4ffd58a83b61,6eb2b817-c040-4b28-b6bb-52f5c8e4747e,https://www.imdb.com/title/tt0419954/
7866,6260,fd420605-ad7d-4283-a988-3d6615f6418e,d86b481e-5313-4f53-b1be-a1213496fb53,https://www.imdb.com/title/tt10734928/
7867,6261,3a9a37b7-d526-4b35-be14-8bd5519fc4eb,ab2720a7-ff34-49af-8851-34935fe64bd6,https://www.imdb.com/title/tt6138688/
7868,6262,128e592d-1a77-4b13-9d2d-e6deee63231d,b45cd641-4fbd-44b8-a561-3842e7a7d066,https://www.imdb.com/title/tt5481184/
7869,6263,7edebc35-abd2-46de-a34d-8e7948346070,0eaa5675-a9b0-4160-bf48-986ea6c4ad6d,https://www.imdb.com/title/tt9376612/
7870,6264,d9ec4c98-dda5-4d30-b20b-5a3842a0547f,328e67ca-c897-4f4b-bd61-b687a4fdb72d,https://www.imdb.com/title/tt12392662/
7871,6265,e9dcd1e8-c116-437c-b6e0-d892f354a2a4,69f299bf-bc43-4f63-857e-90b1d7fb0987,https://www.imdb.com/title/tt11177804/
7872,6266,56f9ad20-9dc7-43c6-b60d-8cd02501ed14,ee40708e-55dc-4c82-8573-f913054ea406,https://www.imdb.com/title/tt0314285/
7873,6267,b2a4c716-ea8d-497a-909b-88d7fe721c32,83db168f-4a07-425c-9219-83b44857665d,https://www.imdb.com/title/tt0309777/
7874,6269,a2c9d7cd-6a82-44e7-aee5-ad322010011b,6b597dda-dd5d-4547-b643-739c7e94fff3,https://www.imdb.com/title/tt1610996/
7875,6270,5db167c0-9afd-4dc6-8c57-6e17032d0508,2d014c29-4e3a-45a5-8f4f-3886ce5010fd,https://www.imdb.com/title/tt0101283/
7876,6271,af6658b7-576a-436d-b17f-6e781af51139,742496a8-e962-40d2-a67d-467a540f1020,https://www.imdb.com/title/tt0398730/
7877,6273,d21a7c33-3565-4783-91c2-d7c01ea2be61,ec651a72-5fe6-47d8-8300-115b2381727b,https://www.imdb.com/title/tt2371399/
7878,6274,7dde27ba-41bd-4c24-9e5e-52c2514612c1,68be5b0d-4791-484c-bcd1-be0619400c41,https://www.imdb.com/title/tt6315872/
7879,6275,99c229f3-72b5-4642-aab9-44cbbe08b549,951fcdd9-7641-438e-8ba8-cf0bc513c98d,https://www.imdb.com/title/tt1772341/
7880,6276,83ae3795-1432-4255-a9c9-cbfa786421e5,4a550d83-3bc1-4ad8-b806-adbb9d669a9d,https://www.imdb.com/title/tt2935622/
7881,6277,fc7a6120-18ae-43d7-9f5a-ecef8c4b31f9,be73426e-a25c-4153-8f7d-e7c74e94c7ae,https://www.imdb.com/title/tt0277602/
7882,6278,52c18218-3b20-4d5b-8742-0a05bf72930d,9270b8fd-aa6e-4171-b8f3-d849a7d58902,https://www.imdb.com/title/tt1155076/
7883,6279,e563e2f9-94c4-4cb0-8c27-5594555146b2,a304278b-595d-4d21-a197-0ae1da8c65a5,https://www.imdb.com/title/tt0114556/
7884,6280,ddee6bc6-985c-4ecb-9db2-419262d58e33,5a567a37-0bbf-405f-80cb-72cbaecb1ca0,https://www.imdb.com/title/tt0116959/
7885,6281,e463bfd1-3c30-4fbc-a06a-01cedb1744f5,1ab2c569-39cd-4d28-8502-47505c3bd8b5,https://www.imdb.com/title/tt0116960/
7886,6282,0524cf0e-ae3b-40d7-9a69-766f100314c9,ca9cc498-e0f1-4656-bec2-a4d251a8d34b,https://www.imdb.com/title/tt0113736/
7887,1836,b949c1e8-8dc3-420b-aa66-287b9f525f52,95d46d36-3521-4932-b81f-cacb150858cc,https://www.imdb.com/title/tt0039404/
7888,6283,a383bdb5-2c0c-464f-82e4-a7c0c8c30662,fe05f8bc-c407-432d-acb1-6a66db4325ca,https://www.imdb.com/title/tt13989030/
7889,6284,55880d91-e703-4d6b-af57-8c60d5c677ce,0d3f056b-e302-46f3-a458-4b024186fc57,https://www.imdb.com/title/tt4168022/
7890,6285,b549fca7-20cf-46b5-af24-1fbaa3f2836b,44d2af5e-342d-43fc-a5d4-ddbed77e797b,https://www.imdb.com/title/tt4168024/
7891,6286,2e1c048b-4c73-4a62-bd76-de9eed9a0833,ed453573-9869-4726-9acf-7bfd33333c70,https://www.imdb.com/title/tt5477354/
7892,6287,900055cc-8329-4a6f-915b-83c9889a1c7e,f13affd5-ad7b-462c-9ac8-0ef63fffb3f1,https://www.imdb.com/title/tt8929446/
7893,6288,c71f0e8a-a4f5-4ddf-b379-4fb1607752f7,b4a73fb7-c225-4c9a-b988-029cbd342dda,https://www.imdb.com/title/tt9447676/
7894,6289,b3d43806-e1ed-41f3-b723-d1d53aa130f0,f02e5a25-514c-434f-bb60-ff29d0a752c2,https://www.imdb.com/title/tt11478236/
7895,6292,c989d685-a136-404d-ba82-d1e296e3742b,2b7cc7d1-4acd-4bbb-b544-dde4f9d32b96,https://www.imdb.com/title/tt6323184/
7896,6293,a4471a33-a423-4c19-8931-595058e3fc0c,0f269691-b356-4573-887b-7642926d441c,https://www.imdb.com/title/tt14923260/
7897,6296,1cb06219-8d82-4fe1-8f36-868917355b06,14331bac-c2a5-4e17-9b4f-167a73a1b557,https://www.imdb.com/title/tt4577388/
7898,6297,5d77659a-d666-487a-861c-f6760bc4d8af,14244d62-55ba-47a2-9e16-8807c36602c9,https://www.imdb.com/title/tt4158588/
7899,6298,044d1659-7cfc-408f-8bf0-9893f856fa78,8e77325c-7b21-4b5f-be88-dd2e824e7b4e,https://www.imdb.com/title/tt14824600/
7900,6299,4ad1ebfe-bc1e-4a4c-a68a-8ca260295d80,4c4e796e-6e48-416d-938a-e32df27b1813,https://www.imdb.com/title/tt11304740
7901,6300,402b542b-3753-4914-b89e-fc34c24a63c8,b57dd00b-0fad-431c-bfe2-abaa29a10fa7,https://www.imdb.com/title/tt8907882/
7902,6301,61997e2e-c825-4482-8e24-d617085e576a,861a883c-b10f-4c7e-a2d9-50749ef0574e,https://www.imdb.com/title/tt11372726/
7903,6302,f2aeedb1-bcbc-45b3-bcac-26dc547bf607,894c1c64-a2ba-471e-b816-0929d7784c26,https://www.imdb.com/title/tt3460068/
7904,6302,e12b6ca1-f322-419e-a673-9c689ca411db,894c1c64-a2ba-471e-b816-0929d7784c26,https://www.imdb.com/title/tt9383752/
7905,6303,e3435b56-95d5-4862-9454-846014bd3a3b,02e2d8e5-b1c4-41f6-83c3-f6f6e417152a,https://www.imdb.com/title/tt4040806/
7906,6304,3b345a0b-7a57-4ce8-a978-b9f5045ed329,39aabe98-a1e9-4ed5-baa5-fd7c1c9f5ef1,https://www.imdb.com/title/tt6986324/
7907,6305,4e494493-da4c-462d-a26a-c7376430b642,0745f5aa-2f51-48ca-ab0f-e8a0a57195cc,https://www.imdb.com/title/tt6392690/
7908,6306,3e286b4a-7d4b-4925-95d1-bcb17a46e3dd,dcc3ac21-dfa2-4fde-ad87-acc389679e13,https://www.imdb.com/title/tt7843530/
7909,6307,8f6a57fb-81cc-4870-9119-839c09d091ff,ab755ea8-8e61-441a-94c4-494d9fba32a6,https://www.imdb.com/title/tt5635026/
7910,6308,e92c1278-1813-4e4d-9f99-739e3626668c,0cc08cea-4d02-40b2-a940-2a4a187fbc05,https://www.imdb.com/title/tt11316880/
7911,6309,96583772-05e4-4b84-92e6-11c502b0f6d0,6302f703-861c-424e-be5e-c96c5086fbfc,https://www.imdb.com/title/tt11006950/
7912,6310,7a1d99b3-f043-431b-8cfb-2edfb3051062,519e48d6-50c3-4323-ba48-03588e2ce25f,https://www.imdb.com/title/tt23625376/
7913,6311,3f57bad6-8a3f-466c-b457-fcc6414dfa96,8a4d2067-3f2b-4131-946f-427a6933ae0f,https://www.imdb.com/title/tt26626426/
7914,6312,71f6f9f0-7a5d-41cb-ad67-3e65bde0a4c2,6deab224-2d19-43b4-b155-2ee68614070f,https://www.imdb.com/title/tt8637498/
7915,6313,4489ca61-0cb7-477a-9b56-223173590d88,b38a0ac5-1248-4c9d-afb8-2a4b51cf635d,https://www.imdb.com/title/tt0322645/
7916,6314,e4520c61-e6e5-43a8-b8bb-7ad8556a88ab,8eed1af6-8e8a-478e-b275-c2b7a91f214d,https://www.imdb.com/title/tt0366621/
7917,6315,3a9aac84-58c3-42df-8e23-11db50b64ecb,044c6eab-6510-4e48-9f14-ae168e2d17ec,https://www.imdb.com/title/tt0396659/
7918,6316,2cfe81c2-7beb-42c5-8ecb-a355401397e7,0219b67b-2bef-466e-bbfa-727c4891ae54,https://www.imdb.com/title/tt0473658/
7919,6317,9343db18-2088-4c44-80df-1c7a6ca102a0,92c18d70-120a-4339-bd4b-a2090566ec70,https://www.imdb.com/title/tt0377631/
7920,6318,90b45e58-1d9e-4f2e-a4a4-8d1808592693,eee25788-0fb5-48d2-aef9-ab1fd7190d50,https://www.imdb.com/title/tt0440196/
7921,6319,47eea931-0755-4e68-9be9-e62a8aa2913e,5079d670-287a-4979-a8cb-c393384c222d,https://www.imdb.com/title/tt0100356/
7922,6320,f74e4749-5f37-4b0d-b2f1-5cd876cdeb98,205f971c-d8fc-4d37-960f-9e9a6647e78c,https://www.imdb.com/title/tt14534992
7923,6321,4581e0a4-93df-4bc5-b75e-11ea1606574d,14eff82b-0a29-4c50-b1a1-91a8a73ba405,https://www.imdb.com/title/tt0448682/
7924,3816,f3cc72a0-a85f-4f19-8b4f-16fa9d0bc35b,5d4af4cf-71bf-4acf-aa67-63d4d698aa9c,https://www.imdb.com/title/tt6860832
7925,6325,b72639ef-e265-4b28-b981-0e81e6633598,c52a4282-4b9e-421f-89eb-67ff3c099621,https://www.imdb.com/title/tt6860772/
7926,6326,54af1120-2b10-4935-a5ef-633fe43813bb,d04320af-a960-445f-8625-6ade5b48b2cf,https://www.imdb.com/title/tt15072612/
7927,6327,df23a1a9-5a62-4c91-aecf-912865890407,6c60175d-b172-4e56-9c97-eabce417a954,https://www.imdb.com/title/tt5988648/
7928,6328,74919cd2-6542-48ed-a68f-b5e2d8d2fb2d,f992f5e5-f12e-4f63-b4ee-c1f2c09cd8ff,https://www.imdb.com/title/tt13968546/
7929,6330,b5229357-dea5-4a0d-bbcd-f398ba086412,9cc4adf5-7fca-4017-9b8c-f034aa377daa,https://www.imdb.com/title/tt0296162/
7930,6331,ee3f2b33-8752-46bf-b210-648c5d974622,062eca70-01e0-4e80-b02f-186e415f25de,https://www.imdb.com/title/tt18814142/
7931,6329,3bc3b889-d65f-4ed5-98c3-2ab3bb27289e,13cdf628-0962-4cbb-8cb2-f6a175514ca0,https://www.imdb.com/title/tt6420684/
7932,6332,ddb0ca91-a582-4f1a-bad9-4f79b9ae1e9c,91e7e200-2bdc-4021-b3d2-1649fb8824e0,https://www.imdb.com/title/tt4857740/
7933,6334,3942b54a-66b1-404a-829d-7b9a7f7303eb,4eeb91e7-96fb-499f-b40f-020897281fcc,https://www.imdb.com/title/tt0418150/
7934,6335,57463504-54f6-4511-974a-12b37af870de,1c8c65e6-f613-4804-864b-443cb0f0cf06,"https://www.imdb.com/title/tt0318683/  "
7935,6336,6ff48126-deec-4b06-885f-c477a6bd682c,25fb0e41-a80f-411b-a448-810af7a517a5,"https://www.imdb.com/title/tt0479750/  "
7936,6337,5957b146-f99c-4eb4-9a4f-0b5214a2e33d,eb5b6b5f-752c-4810-88f4-483ff0ac958b,https://www.imdb.com/title/tt0877709/
7937,6338,972b19c3-5ad3-4149-8b84-4d56b589ca21,1a5bb0af-145e-4008-9b84-23f07945b36d,https://www.imdb.com/title/tt1042910/
7938,6339,58cc8858-eb85-4dd7-8d67-8dc9c0f3dd87,c665063f-79d3-4c3f-a476-c8ecda3a1004,https://www.imdb.com/title/tt1314843/
7939,6340,58cb9fd4-2e0d-4efb-9fff-70ef337fd791,9892eb7c-a6d6-4437-b7fa-e15f9d7b670a,https://www.imdb.com/title/tt1789902/
7940,6341,0a7f6733-423f-4163-935c-849ca32d2497,86d69f6e-cdd4-474d-9433-fc9adc861a60,https://www.imdb.com/title/tt2538176/
7941,6342,3ac23e53-8a86-48e2-b074-4dc7d15f1256,f34efe56-d700-46fb-bf17-358c3c4f7aec,https://www.imdb.com/title/tt0332364/
7942,6343,c955b094-4b77-49b7-b59a-7e0675e5ef06,0cf9ca8e-4100-46f1-ae5e-071226a830fe,https://www.imdb.com/title/tt0423837/
7943,6344,4d3cc783-a6b2-48f5-bc34-77e4aec7e891,8e3b1ac9-a338-42aa-8bb5-159570763ecb,https://www.imdb.com/title/tt5180118/
7944,6345,cd04d4e3-af54-4fd3-b552-c943b982a4de,e6e11aff-38b4-416d-8c5c-cd261e4f15b7,https://www.imdb.com/title/tt2281161/
7945,6346,608e011a-81f0-4d24-9317-643997e98346,7c37e863-512d-47e5-9a43-cbc1d35a1c55,https://www.imdb.com/title/tt3552316/
7946,6347,9d91f706-0be0-41cc-afee-83ace38cf9c3,c96592e3-c337-48d4-bacc-179391479051,https://www.imdb.com/title/tt12519030/
7947,6348,b6548e77-a28e-42c4-96a5-a3d1345e632e,ee7b91b4-14e3-4d1c-b992-823d061f343e,https://www.imdb.com/title/tt2952318/
7948,6349,f4eedd52-90be-4bad-89ac-1fc0c28430e1,1b0f2a21-5f9d-47c9-bcc9-95eddae769a4,https://www.imdb.com/title/tt1839596/
7949,6350,3b926101-b6f3-4bfd-9bd8-e547119d30e3,4db8ee9a-b71f-41ce-b712-3f3d14935e60,"https://www.imdb.com/title/tt10731256/ "
7950,6351,d687b20f-a4b2-4efd-bca6-847fba61721a,314defec-c711-4d90-883c-3ce5bffe93d5,https://www.imdb.com/title/tt6127004/
7951,6352,654fe501-c958-42a3-b8e9-f9b6f5667568,69f5c09a-f8da-467d-a35a-5198a12412a1,https://www.imdb.com/title/tt8097030/
7952,6353,2b788868-4f28-4fe5-a240-ddf9b03d7805,fef32e62-7afb-4d5d-8fd2-326cd882754d,https://www.imdb.com/title/tt7146812/
7953,6354,272a92c9-6a61-4d50-8ca8-c6cc64f7d181,d92310b8-bd9f-4946-afc2-bbe5e786c374,https://www.imdb.com/title/tt2873468/
7954,6355,3bcc7c9b-212e-4577-8b42-f1f546388908,19d47065-0b75-4263-b0ab-fcf7dca09100,https://www.imdb.com/title/tt3666024/
7955,6356,4d3439db-cdfc-4ccc-8d1d-5138fcf589e3,1b9abe7e-439a-4202-8a7d-b134dbc5ab2f,https://www.imdb.com/title/tt0096438/
7956,6357,056f3384-a980-4fc6-b424-125508b20f52,aebeae9f-3282-4b6b-89fa-5d204b13f071,https://www.imdb.com/title/tt0311364/
7957,6359,41be0e2e-5ecb-4f88-9367-3f2f67cfff8b,a26e4779-b165-46a5-abe9-ed57ffac9707,https://www.imdb.com/title/tt0472106/
7958,6360,1e733d51-2105-4761-b25c-60fc268749f8,f61a41ff-4a1e-4f1b-ab96-ada8ff46c4d4,https://www.imdb.com/title/tt20413870/
7959,6361,ef82bde1-3fa7-4967-bfa4-0157657a71cf,bb80d68f-b65d-462f-8d48-4578a9afe24c,https://www.imdb.com/title/tt10329614/
7960,6362,f47aee6e-1c44-4407-a59c-ccddcf71751b,863c76bb-09b2-44ac-97aa-6f6422897a65,https://www.imdb.com/title/tt7586304/
7961,6363,1b450f2e-87a9-4acb-a14a-b09701497abb,5a91c0d8-f7fe-41b7-97ad-3e5fe40901d4,https://www.imdb.com/title/tt12981538/
7965,6367,a9ed0857-3e01-4879-9169-2a84fe1626da,ec671864-2b3d-4560-8f6f-0c02f90212e7,https://www.imdb.com/title/tt0100935/
7966,6368,82c7991e-66a8-449d-a799-d19600ece6dc,b1ddb95a-0eb0-4aec-9dc5-3f81aefc2d63,https://www.imdb.com/title/tt0000679/
7967,6369,4f609ba5-000d-429b-92a8-4ffac00ce7ac,c3ac3abe-49e1-4b3a-8d22-93467ee4d3df,https://www.imdb.com/title/tt6044926/
7968,6370,57a3bb69-0ca0-4749-ab86-dcb13ad0dd32,a5e23011-0705-499f-b0d7-2d4e267692bf,https://www.imdb.com/title/tt6196880/
7969,6371,6109d2fc-3d3b-486e-b073-be58bfb9b7d0,3a07fbc3-9ca6-4f81-bf60-82de4eb87a46,https://www.imdb.com/title/tt5669170/
7970,6372,0822bf8b-985f-4337-b3b9-d0007847f813,e3d3c54b-a09d-43d6-b72b-633a988d9fc9,https://www.imdb.com/title/tt4265192/
7971,6373,7ca0460c-d6a8-4094-8a07-56e1b9035f99,66dd0e15-72ea-4dc1-942d-9e8cfb5ab18a,https://www.imdb.com/title/tt0266361/
7972,6374,1c42dafa-568c-4ac5-b7e3-50238686bf9d,3da4025f-503a-48bb-9a4e-7fab5dd76807,https://www.imdb.com/title/tt0005684/
7973,6375,15ef48a1-157c-4158-a173-86379ae5170e,addef636-8aac-427b-8b75-1bdcc17dd90c,https://www.imdb.com/title/tt6195756/
7974,6376,b374f73b-7645-45a5-897e-a64da7591b4c,c094846a-6996-4fbd-84cc-dd9eeab40aa4,https://www.imdb.com/title/tt6733604/
7975,6377,56bd9022-4231-46b6-99d5-a8ab160c8f44,b19a648b-51a5-4687-9f6f-254f17e2fb56,https://www.imdb.com/title/tt10083640/
7976,6378,510b0ed2-5e33-43ef-a523-ea3cc64cf6ff,d6fd89d3-acf9-493f-b354-93c85872b7ac,https://www.imdb.com/title/tt0052722/
7977,6379,29979824-a0ee-44ac-8fbc-2e2f5c2784ce,4b30fbb7-2dd4-4a40-9111-8452c290d2ca,https://www.imdb.com/title/tt0091597/
7978,5352,1ac83a9b-866a-4cfe-9d3e-b4f0005aaaf2,796a846f-0d9c-4f50-9c92-6a3d65cdaaef,https://www.imdb.com/title/tt19811466/
7979,6380,00cfc91c-628b-465f-8640-b4fb876edf52,915ce9a5-e578-4762-b7fb-0fbd386e92de,https://www.imdb.com/title/tt13606158/
7980,6381,cdac4ae3-211e-4768-8caa-8c526ff851f9,44d9a632-5191-45c1-886c-acac0d0b5fce,https://www.imdb.com/title/tt13769630/
7981,6382,e12a8668-7c7c-44e9-bcd2-2af73c70f693,a65f719c-ed00-4993-9513-bfcd311b3c4f,https://www.imdb.com/title/tt0093419
7982,6383,dd346a20-c4ce-4801-8a75-8f8154bdb800,a5366fc9-cc37-4b4d-b714-0cbaedf22bfe,https://www.imdb.com/title/tt0089831/
7983,6384,16958858-a11a-4c84-b477-001af81b4c80,49fe18bf-c458-43b4-897b-aea0d01a7a39,https://www.imdb.com/title/tt0084762/
7984,6385,7cf0576d-8ca1-4b4c-96cd-8640e443e54b,68739590-6cd8-44aa-a2d6-d50516037936,https://www.imdb.com/title/tt1192123/
7985,6386,7d7c13a4-56c5-434d-8177-8a86e10132c6,212858ee-19c9-4d31-b89a-58f5a7282ece,https://www.imdb.com/title/tt10473036/
7986,6387,0defa704-0ba2-4661-928b-403988f073ed,ee441196-0957-46bd-b781-db52193a202f,https://www.imdb.com/title/tt12373754/
7987,6388,1853a665-002f-49f8-b7b7-83836bdcdc12,f148293d-00df-4a3a-8fe6-53dd9eed1711,https://www.imdb.com/title/tt0488208/
7988,6389,1f232b50-34fa-4e5d-b7f7-95d8e87fe89e,83c0e6f4-32b9-4f83-9beb-a43fb754ec54,https://www.imdb.com/title/tt0150950/
7989,6390,a61555b3-5eeb-4ed4-97df-20095a6bc189,dcdce075-8a24-4282-b703-ac21a78e9a48,https://www.imdb.com/title/tt0000302/
7990,6391,81faeca7-ac56-4cd1-80e1-bb2c9ec6e1d3,584760c1-ff77-4446-8458-34c0cdb70f67,https://www.imdb.com/title/tt0058505/
7991,6392,0a74c851-7ebd-4e59-9fb6-3885b4c7315c,eac75bb7-3015-4928-a5b6-8e4e65a9732b,https://www.imdb.com/title/tt0040597/
7992,6393,bb34d1d1-342d-40d5-a26d-14b823c784cf,35ba4155-cd51-422d-8a92-0df4dede6a45,https://www.imdb.com/title/tt0047199/
7993,6394,a11ef284-ca90-453b-85ad-3d0718a2a9e7,ea478d5f-c732-493c-aaae-f1913051d62a,https://www.imdb.com/title/tt0418743/
7994,6395,d2c695ae-bf2c-4598-bc4c-e7bbee2148f3,2f117593-f734-42e8-ba4b-65ada893277f,https://www.imdb.com/title/tt7162390/
7995,6396,d3c3e852-7f14-48e8-adc1-6611296b71c8,6b149624-9c60-4191-a676-44d6dd71f0fa,https://www.imdb.com/title/tt0051971/
7996,6397,f12a65a1-a22a-4f18-aa0c-10bcee7be803,641da8a7-9b24-4e14-a072-4fd4b1edb622,https://www.imdb.com/title/tt0050921/
7997,6398,02385297-774f-47cc-b759-983cf0d14b7a,5aff68c6-0479-495b-9b97-474e50bda010,https://www.imdb.com/title/tt0300362/
7998,6399,923ff0b3-0d85-490a-9202-250fb95e85cf,fbced3c2-ec76-4e18-ab50-3312052bfc82,https://www.imdb.com/title/tt0177889/
7999,6400,87771f04-9ead-44a2-98ca-13fbb360b7fc,0be2160b-4e0a-4990-8ba5-459b4adf1854,https://www.imdb.com/title/tt0054067/
8000,6401,1f79d5d6-6030-4a36-9ddd-ecd64beb26e8,7d5366a9-3abd-4101-9782-d9413393a8a3,https://www.imdb.com/title/tt1224378/
8001,6402,2aacfa6a-056d-420a-847e-1644c42da88a,445eb99f-9e65-4478-ad6a-6ed108ce73d9,"https://www.imdb.com/title/tt6218010/ "
8002,6402,1efe9785-65a4-4ddb-b512-8e3feab43f02,445eb99f-9e65-4478-ad6a-6ed108ce73d9,https://www.imdb.com/title/tt6218010/
8003,6403,8928e13b-f365-45ab-807c-df896d9294c5,a7fde613-8b3c-4308-92e9-ef7e3bc4f930,https://www.imdb.com/title/tt13688166/
8004,6404,9db31bab-2fdc-40a8-acd2-83a0dd3c8826,ae91fd63-080c-4b02-a824-d84d60884b0e,https://www.imdb.com/title/tt0466933/
8005,6405,71d1108b-5194-4b69-a176-01c0d8acdb6c,4e059b66-efd6-4e23-a614-f2712d88199d,https://www.imdb.com/title/tt1245450/
8006,6406,e0a62ecd-fa4c-4c41-be8b-2bbcb2f466a3,3fe9a430-9ead-49de-b9c3-ce1657bad0ec,https://www.imdb.com/title/tt2071408/
8007,6406,0cf0c82c-91b4-4f5d-8748-ef77220fef1d,3fe9a430-9ead-49de-b9c3-ce1657bad0ec,https://www.imdb.com/title/tt0334901/
8008,6407,f2fd5723-7683-4599-9e35-c93030a3c378,bcb2f405-5f6e-496e-a8ae-1b8a3e207bdd,https://www.imdb.com/title/tt4077382/
8013,6412,62787cc0-d01b-4662-9e09-6be48a3f55dd,d675566d-17b4-40f3-9cf0-2c87d6231ce7,https://www.imdb.com/title/tt3400626/
8014,6413,98c8016b-bf59-4d78-bf79-d917d3c93503,16dbe3ce-4ee7-4aee-86eb-889f6b844949,https://www.imdb.com/title/tt9000302/
8015,5880,931d7e83-1508-4a3d-8994-a56da445fb57,f82b7ee1-799e-4c59-a048-dcfcb4d1dfa7,https://www.imdb.com/title/tt3223990/
8016,6415,0050a838-c2b1-48ed-855e-910ea176ea2f,59b048cc-dc6f-4beb-bcaa-6cf221d1e7bf,https://www.imdb.com/title/tt20220980/
8017,6416,5a991cd4-aaf5-4936-90e8-64118c1b83fc,fdc7c68d-1809-449b-80b4-55a81a7431a1,https://www.imdb.com/title/tt6446746/
8018,6417,6c82a99b-7a8e-44a3-b3b7-f73b692a3b7d,43e0d875-6eb8-4496-9d4d-82e16cece4f8,https://www.imdb.com/title/tt26923085/
8019,6418,6809b3c1-a5cc-476d-bf2d-889da198b026,1435ba40-0b09-4523-ae3e-72d3352554f0,https://www.imdb.com/title/tt10613002/
8020,6419,64380f42-9b4b-402b-82be-adbffc5c980e,9759a1dc-57bf-4037-8168-009c6ce6a736,https://www.imdb.com/title/tt0239924/
8021,6420,452107c6-572e-4694-a7f5-530d9ff87d84,2feb71de-e30a-4789-9fef-4b42df541cdf,https://www.imdb.com/title/tt27647837
8022,6421,48d6d424-1eef-4366-a27d-4a3436acdc4c,e275e2df-4ba8-4191-8622-9410e3709705,https://www.imdb.com/title/tt0005994/
8023,6423,3e592e64-a4c6-48b0-a0e0-404886a921ca,3b5d1c0f-bf64-4e5e-af7d-c11362cd383b,https://www.imdb.com/title/tt0135033/
8024,6424,2e79c859-e0c2-4df8-a999-c2858c93c59d,8ce9b00d-edd1-4a2c-bc08-3faedadde01b,https://www.imdb.com/title/tt1742179/
8025,6425,6842bfd9-715c-4d3a-a46c-f60802759439,7e5276bc-cb8e-428b-ac0b-9ddd7bae1b25,https://www.imdb.com/title/tt0121431/
8026,6426,825a29b5-d302-4f59-9f23-906cf8fb84ac,0c42fc73-8c26-44fa-b754-242214a3ddf6,https://www.imdb.com/title/tt1205496/
8027,6427,4c858aba-aa61-4cc4-8fb5-cbd6ee43cc28,61753403-e379-417f-ae21-b003396aaaad,https://www.imdb.com/title/tt1002993/
8028,6428,f6047ed2-fda8-4e70-9652-8124959f8f57,15a7da5a-fac6-4472-8743-ce10f711cbc2,https://www.imdb.com/title/tt12724444/
8029,6429,40499c6c-bf92-4366-a45e-9906687c6b5d,e56af020-cd24-4221-80fa-20d9e9bc6b65,https://www.imdb.com/title/tt21158910/
8030,6430,cef36bfa-a0ae-42d9-9beb-35da4e1bae93,92798776-7fa4-4754-820a-b443edfc8ca6,https://www.imdb.com/title/tt0103330/
8031,6431,d22509a8-f939-4025-8072-095b022e9191,3391fa20-4b9c-41ac-bad9-243873263852,https://www.imdb.com/title/tt4898730/
8032,6433,050af146-6ae1-4fb6-8cb3-3daabad7a242,c6b9e136-8102-499d-aa2c-c581291be795,https://www.imdb.com/title/tt0023235/
8033,6434,acee3ae4-0b89-4955-bf3f-69c510a94096,73900490-0e53-41ee-950a-8bc1b04ced63,https://www.imdb.com/title/tt0175924/
8034,6435,9d1aa97c-162d-4a80-8c49-75b4cc06ced5,e6047968-955c-48af-9d8a-6aa1eedd5944,https://www.imdb.com/title/tt0179359/
8035,6436,90aea6c4-f86c-49ac-96d7-589014a728cc,c5392c4c-4ff6-4ae2-b1f4-8c4d2abed007,https://www.imdb.com/title/tt0055470/
8036,6437,353cd17c-b5d0-4691-a6df-234c3edce89e,78dd7526-62d7-4c80-aec0-76890364e341,https://www.imdb.com/title/tt1729652/
8037,6438,e3a324d1-e5c4-4fd6-9c98-b39f080d1109,df140484-7fbf-4fe5-8a7b-04bb4d93b994,https://www.imdb.com/title/tt2513092/
8038,6439,b46cf86b-4b05-4493-a10a-d0a7de04d1bd,88a42d33-54d0-459b-a7a1-fb1a77b8450f,https://www.imdb.com/title/tt0098084/
8039,6440,750c460c-70cd-459f-bfdc-980e8744e8d5,e0bd39a2-f2b8-49a6-bad3-f8c9decf441a,https://www.imdb.com/title/tt0837563/
8040,6441,91b9f269-ed34-4674-8f3c-c3d816c092ac,dd0f6ab3-3ffb-4ed2-a2f4-c7c2a1797fac,"https://www.imdb.com/title/tt1642193/ "
8041,6441,04e9fe32-2d61-4bbb-8331-897364840cab,dd0f6ab3-3ffb-4ed2-a2f4-c7c2a1797fac,https://www.imdb.com/title/tt1642193/
8042,6442,202305a4-8427-4a9b-8abd-4a6de61f568c,88264b16-3659-4646-a4d9-0da0f969f69d,https://www.imdb.com/title/tt12027154/
8043,6443,3655eaa7-f265-4c0d-91b5-e07314efa478,a578ead1-54eb-4ce2-854a-d729e25bb9e2,https://www.imdb.com/title/tt0418593/
8044,6444,002dcc4f-eaaf-439f-ac38-7add6e26fb6d,64ca463b-2cd2-4e8c-a6c6-cdfb283cde07,https://www.imdb.com/title/tt4952200/
8045,6445,995d6822-5481-4e8a-9766-f292e832a967,0e711367-9c9a-4b20-812f-94eb5ab01ca8,https://www.imdb.com/title/tt0119893/
8046,6446,caaaff85-b90d-41de-8ee6-d30659eaa305,6eb171d1-ee78-4dc8-be25-1c0ea4bd4721,https://www.imdb.com/title/tt0940765/
8047,6447,a82fc065-c63c-417b-9f86-072c0b7e8384,66c86e44-e1c9-4134-98d0-b773249bfada,https://www.imdb.com/title/tt7063304/
8048,6448,b99cba00-2b24-478a-a922-99ca43a5efae,3be45fc1-b6ee-41a7-9018-ecc50dddd05e,https://www.imdb.com/title/tt7813294/
8049,6449,4dacb873-bd4f-460c-8190-75610ce91ca0,a6f95ba9-3f04-45cf-a39f-e4cb318a7265,https://www.imdb.com/title/tt1776088/
8050,6450,5e37ef1c-3dba-4506-8d43-071e7a2a1329,922e6aa0-b443-490a-a391-9e953aae2015,https://www.imdb.com/title/tt3951206/
8051,6451,5adde57d-1757-4972-ac51-6a9eb840d5fd,2781571e-7c03-48af-98c9-c5746803609b,https://www.imdb.com/title/tt11448294/
8052,6452,a5ebe7e3-5b4a-4775-a509-6808c95ea99a,ef001f4f-4c18-4071-a113-a009202797ce,https://www.imdb.com/title/tt4721502/
8053,6453,e14542a9-ba2b-4a3e-9821-d1b567a861f3,06c7b216-888c-4b36-acc7-38c1b90fe13a,https://www.imdb.com/title/tt14454404/
8054,6454,e0ba8277-74f8-46e6-ace4-eb7a7c0fd893,f1bc9d1e-524e-4c42-ab66-53c48d24a608,https://www.imdb.com/title/tt1382720/
8055,6455,622ecf12-68cb-4906-b63f-2a92cacf3fce,cfa1c443-d178-4f86-9eac-71dc142987c6,https://www.imdb.com/title/tt0013059/
8056,6456,05767300-b411-492d-9813-6f216d1a2ef9,9d11d86d-7d96-4d1b-931d-cfc9d0b39179,https://www.imdb.com/title/tt14109768/
8057,6457,03fb35a8-882b-4308-8567-1af4514fccb7,7f8cebde-92f0-469a-b02a-e449b96d4552,https://www.imdb.com/title/tt8955104/
8058,6458,4b57d369-78fe-472d-b75c-bd94df9283a3,f15dbdb7-fb9c-4bc1-a315-f4d7a7546e0c,https://www.imdb.com/title/tt2034060/
8059,6459,25e4c018-117e-4109-8270-d8db7357a1ae,a8ef7fcf-3c98-43ae-bcf7-d6003f8667ce,https://www.imdb.com/title/tt0187845/
8060,6460,d917be2d-d4de-4e46-bd75-5724ca5f606b,78e62cca-8d98-48e7-944b-30466da05589,https://www.imdb.com/title/tt4511452/
8061,6461,d80e403c-cf65-4f46-b078-06e8a55d25d5,3cf0d4a1-cd3b-4289-bde6-30f7b10fb78a,https://www.imdb.com/title/tt1789671/
8062,6462,64a242ed-048b-44e4-a430-0c7f4fd6d52b,cb5e9fcc-99be-4c45-bb69-87d4e49e2bf2,https://www.imdb.com/title/tt0102363/
8063,6463,b325ed4f-e202-45bc-930f-45c902908a0c,01135a14-e55a-4f3b-892b-845dc9b1deff,https://www.imdb.com/title/tt0026162/
8064,6464,436e24f7-7cef-4830-bd76-5fea14f04948,4f7a05fe-e06c-476f-a431-9e1f4ed74ca8,https://www.imdb.com/title/tt6771402/
8065,6465,7159bb06-ad08-4ce9-b5a8-185603be5681,79b1af85-b601-4f75-b457-45e2a3d65361,https://www.imdb.com/title/tt2564680/
8066,6466,2a06eb2a-616a-4dfb-93e8-d07c2c018cd0,aca1e86e-bcc2-413b-a2ed-9cb6223c5c1a,https://www.imdb.com/title/tt10110022/
8067,6467,44ba06e4-e0e8-4e6f-92a2-52d1e28fe8e8,ca4e654b-2228-4af8-bb6f-0b2d6b074f6b,https://www.imdb.com/title/tt0288299/
8068,6468,a9b19df7-88db-4e84-8522-af235833594f,6898c81d-3aab-4baf-8221-a7ddc381d6b9,https://www.imdb.com/title/tt18264650
8069,6469,d3cd0f9b-c1b3-44cd-9a09-722a31aa8e24,ce507aea-b0fc-4ce8-952c-1abf391a335b,https://www.imdb.com/title/tt1378202/
8070,6470,16514770-2e0a-4e86-9487-299cbf90e479,accd4bf6-222b-4123-b85c-ebcf2b6189ea,https://www.imdb.com/title/tt1334450/
8071,6471,438adedd-d3e1-42a8-b34c-2f2f1086d016,d38e310a-6dbf-41c2-8ce4-d91509b6fba9,https://www.imdb.com/title/tt0219384/
8072,6472,047d1a28-da64-45b7-8051-3835673142cc,33947d19-44ab-41d2-9f20-6c1349ce0dd5,https://www.imdb.com/title/tt8103460/
8073,6473,50ad189c-767f-4b23-8f55-a071b95adda4,6ea875fe-b554-4a35-a11d-f8b9d9561479,https://www.imdb.com/title/tt4650410/
8074,6474,e320e4f4-90ab-4d0e-8dec-f559bde40c35,0db18c23-c0e6-46db-ae9a-21e76608ac88,https://www.imdb.com/title/tt0036196/
8075,6475,afb87888-b5fa-4139-802f-994fffbd5ebf,b842b28d-5d9a-4a9a-905c-a514f3662a07,https://www.imdb.com/title/tt0087907/
8076,6476,ad8a5b40-d7c7-4bdb-b055-13a96576d4ac,96ee3181-43a1-4c7b-87b6-cbe7441de737,https://www.imdb.com/title/tt0279290/
8077,6477,58ff7fe7-8093-4982-be82-32ee26d59c3f,07cebf6a-d7fb-41ad-b662-c02194c49b71,https://www.imdb.com/title/tt2734498/
8078,6478,a33229b3-10da-46f5-ab86-449fa6110b7c,971756fd-472d-4bef-a819-f71f32ee656d,https://www.imdb.com/title/tt1172525/
8079,6479,0c5656a1-092c-46a6-ab77-dd42483b0b5d,adc77703-7902-4417-a5a4-4eaa7d5ae301,https://www.imdb.com/title/tt1920861/
8080,6480,3e5ae39a-3a87-4c31-a6bd-b327a952af2f,07024f3a-c5e2-4167-9bba-9a3847239f96,https://www.imdb.com/title/tt0218938
8081,6481,5c6593a4-01ab-4721-8287-97b9686ac6c7,0a31a913-289f-42ce-89bc-38435b2579b6,https://www.imdb.com/title/tt0244161/
8082,6482,14bc4f18-7514-427e-beb0-8194290f592a,1108ff0e-2b1f-49ca-aa64-de412c4d5e60,https://www.imdb.com/title/tt22502340/
8083,6483,e750d1bd-065e-424d-a878-df3613340d4e,50fbc5b6-be86-4dfe-a7c0-b48b18c3bb58,https://www.imdb.com/title/tt5839170/
8084,6484,b86e5ace-188b-4d61-8926-6ac55c957494,cc2b4d1f-e841-4c5a-95a3-36f005fb75e2,https://www.imdb.com/title/tt5072522/
8085,6485,05ea6b97-7b07-4890-8717-0fecc4c919a2,aa9bb6da-6553-4124-a0ce-7d8e6b4cd979,https://www.imdb.com/title/tt0175784/
8086,6486,8184536f-46d3-41c8-aa9d-27e1062eaad9,ec04357a-5b59-44a4-8bed-fef3a427767e,https://www.imdb.com/title/tt1355226/
8087,6487,7b6a8895-534c-4840-ab9d-5545ea5f7d21,02e77bdc-2fe2-4f15-be8c-83956e758de4,https://www.imdb.com/title/tt11807300/
8088,6488,de90bd13-ac54-40b0-bdc0-ace506b8ad4d,b2dccf97-2c54-4993-a617-9ac5ec40b73b,https://www.imdb.com/title/tt1913121/
8089,6489,9eaab0d4-1935-4c8f-ad5e-e18f401a3a6c,948e8ae3-2657-4cde-b99c-40deae6408d2,https://www.imdb.com/title/tt0004870/
8090,6490,8ad7e2a3-6f7a-4e36-8c66-5a71e0cd120c,a31d7447-61d9-44c2-88ef-eb374101f1d8,https://www.imdb.com/title/tt0147961/
8091,6491,0eb8494c-c5f1-43c8-9ceb-666ee959bf44,eb52f4c2-0606-454a-b3d1-78678beaa83b,https://www.imdb.com/title/tt0150678/
8092,6492,9b34c857-b531-40a9-b4ee-b1eaa18bf341,4f51ff80-e614-4a07-82c7-50375014221a,https://www.imdb.com/title/tt2356478/
8093,6493,661949c9-aceb-497e-a7fd-af609e570ef5,1aeb4af3-7409-45f2-a968-f6719d8b43dd,https://www.imdb.com/title/tt0210691/
8094,6494,2ca2032e-3acc-48f4-80b9-0763ff42f3e4,b5ce965e-7ea8-40a8-8971-7ca2b4b71e01,https://www.imdb.com/title/tt5290736/
8095,6495,eda95c90-e0a4-4b51-a4eb-b2e607a32cd8,837768e5-9158-4d40-b53f-a1fa3cf06269,https://www.imdb.com/title/tt0475100/
8096,6496,d5b5aa8b-1212-4d49-b318-e00cbb3b9fbd,d6013f0d-1cdb-4d8c-86fe-43e3147c2e6c,https://www.imdb.com/title/tt0148409/
8097,6497,c06d1d73-aadb-4c30-90d4-87403c96746f,f688b40e-30d2-4694-b834-136360b1034e,https://www.imdb.com/title/tt9089842/?
8098,6497,726bfb3c-b0d4-4aa4-a434-5cee8d9a0f09,f688b40e-30d2-4694-b834-136360b1034e,https://www.imdb.com/title/tt9089842/
8099,6498,c4bda773-d71b-4936-9c65-d35dcd2635f5,0d559ca8-4412-49d5-b96f-7656cf15f269,https://www.imdb.com/title/tt6951854/
8100,6499,f34b504f-ccf1-4fa0-ae37-058eca3cbb16,febfc518-0e02-4254-8c98-43ebcdfc0c2a,https://www.imdb.com/title/tt21818272/
8101,6500,123db891-8dc4-47e6-a6cd-267e8e212b89,6f65c911-739e-4a71-885c-df6f0a8ab8f2,https://www.imdb.com/title/tt6331600/
8102,6501,bc0eec3c-d084-442c-ae76-cb7b1687c3ac,e75d969a-ca97-44fd-bdcf-05a110c43481,https://www.imdb.com/title/tt1381638/
8103,6502,c3e42d90-c023-4edb-86d8-a4748b4670a8,2a4ac4c7-39bf-48ae-9d92-a81e1af6c977,https://www.imdb.com/title/tt15847880/
8104,6503,e185e25a-e24a-401e-8ccc-e2918fa5ff2f,868c20be-6b38-466f-86d3-a3f09c73b640,https://www.imdb.com/title/tt0014869/
8105,6504,7e61fcee-d9c9-4c38-81db-702d86571bf4,3f9cf84c-486b-4607-96e1-dd7e1a7c3175,https://www.imdb.com/title/tt0037671/
8106,6505,bb9c7c14-64cd-48a7-b494-1993b2d39822,d5338ac4-43a8-4f83-8f1f-eb383c80c14a,https://www.imdb.com/title/tt5233410/
8107,6506,2fc09d31-7c78-49a1-a3c1-769dc233575e,db1937d9-40e0-4f58-bd93-f1c96363ec40,https://www.imdb.com/title/tt0372461/
8108,6507,6c265184-7790-47f7-a0e3-808d3bd175a8,ce70c2ce-1c87-4310-a49d-db55f9c7d4bb,https://www.imdb.com/title/tt2220114/
8109,6508,b583b93d-c91c-4228-80e5-6779cbf20521,a767c52b-e558-4b9e-9eb0-381079b3bb5c,https://www.imdb.com/title/tt0187526/
8110,6509,18560cca-9315-423a-80e5-cc19c7d13c6c,26b726cb-2fb9-44f9-b77f-3ce53e3f23b8,https://www.imdb.com/title/tt1680071/
8111,6510,164cfe1d-3d22-410d-8e99-9f3971122ff4,4db55244-d4f8-423c-a9af-eff3c769515c,https://www.imdb.com/title/tt14551928/
8112,6511,f55c8ebf-1a3f-4034-b825-7cc8827e6c01,be3cf173-2570-4c03-ae34-be20ac25dfd3,https://www.imdb.com/title/tt0135510/
8113,6512,1f2918e8-2dfd-4489-8d46-87d4f070044b,ed643bbd-5b74-4e2a-9a39-717dca8164ec,https://www.imdb.com/title/tt0098499/
8114,6513,dbe05f4b-c69a-4de4-84f6-4e0e8756184e,32ab72eb-abbe-4714-8852-a482742d399c,https://www.imdb.com/title/tt1543746/
8115,6514,f83968f6-af1b-4a81-a6e4-b41d5535298e,71cea867-77e6-4657-8493-2ecd6b23a1b0,https://www.imdb.com/title/tt22025208/
8116,6515,80f74327-4547-4e08-8778-f60803d51fb7,e1375a89-27f3-425e-b944-275aed4a2989,https://www.imdb.com/title/tt4515208/
8117,6516,04a424f9-b3fa-4dc1-8d5c-4b45dffa03ba,be982851-76ef-4414-8d49-66e8bb981616,https://www.imdb.com/title/tt0187414/
8118,6517,edd86f3a-a57b-4204-a396-a91e84362547,3eeccbdb-049b-43b5-9cc9-a7d8f046fb3b,https://www.imdb.com/title/tt11049406/
8119,6518,0255f84f-fa8d-4b2a-a763-12b7c4514407,5ca3b3c8-feac-4aa3-9001-14fd0ebe735d,https://www.imdb.com/title/tt1446195/
8120,6519,dd616d44-df67-496a-aa5d-575d57d3d597,d15961cf-c34c-478f-bee9-7a7141e848d0,https://www.imdb.com/title/tt7859448/
8121,6520,20fb2561-7671-4ec7-8be8-690a4074a789,901945b1-0715-4a77-b541-506c18e91de9,https://www.imdb.com/title/tt5116564/
8122,6521,50a01c48-5261-4d1b-913d-9ca8181f22d8,b5f2a495-e0ff-4ea5-9650-5f5504497900,https://www.imdb.com/title/tt28352066/
8123,6522,f0d70ed3-554f-4dda-902e-425e270d327b,4aa4e16c-97bf-421a-99dc-2fbb0e89d3a1,https://www.imdb.com/title/tt5069134/
8124,6523,aae81de6-aab1-4438-a4a5-e8e8e5cc4b89,ad1c260c-fb31-40ab-b993-b04d77a7d1d8,https://www.imdb.com/title/tt5517340/
8125,6524,a3b38c7e-d607-428a-af93-6b46170ce3e8,f25bdba8-2c15-4156-8fd7-c56d726be083,https://www.imdb.com/title/tt11667812/
8126,6525,4ecab6a0-1d82-47aa-bd35-6ea6597a9a9a,9ea24872-4197-462e-be07-433b1dfbd922,https://www.imdb.com/title/tt0222131/
8127,6526,4282409a-cb3d-4d00-b543-c0e7ef3205ba,6190a0d2-2f83-4f02-bd41-34fe0b3352b9,https://www.imdb.com/title/tt0346893/
8128,6527,bb69107f-c717-4a34-8aaf-aea105a09a97,555c3cb3-2725-4401-9259-7185bda652e8,https://www.imdb.com/title/tt26733128/
8129,6528,dd0f36c6-199f-4b10-b2c8-b7000033a025,10e7e103-cac5-487c-9c5f-99fb92e3da4e,https://www.imdb.com/title/tt0450285/
8130,6529,7199e758-d321-4394-bd58-0eaf506f56e3,6aa7cbe6-3b74-4164-b6db-d1e742d5fc88,https://www.imdb.com/title/tt15836146/
8131,6530,98b98876-09e7-4eeb-a31a-0c2430ad0078,05e13889-cb21-4982-b1e3-c154f5e36f6b,https://www.imdb.com/title/tt0023355/
8132,6531,f24a4028-3329-453f-8408-f158ae1bb0b1,92fd2346-a86c-4f56-a5ad-de7e395ec91f,https://www.imdb.com/title/tt0423092/
8133,6532,980fd480-bdf6-4504-a0fe-f0506d9e9557,3a268a58-3b51-4abd-8b5d-7c11a7f2683f,https://www.imdb.com/title/tt1528265/
8134,6533,fb286039-03c5-4fd1-ba75-eb5d08f3d33a,3d4bdecb-7784-401f-bd95-3976a1e0bfab,https://www.imdb.com/title/tt8651654/
8135,6534,e11890be-c78a-4f4f-a3d5-60215592a2a6,043d0ef4-d11b-4fb5-a3fe-bb0c6cdc83a6,https://www.imdb.com/title/tt15783174/
8136,6535,efb07e1e-cfe9-4558-a0c6-1536f79e07ee,26a7afb6-c30f-4e5d-a71e-faed38bbd9b8,https://www.imdb.com/title/tt7058128/
8137,6536,a353ffb6-68a9-4962-a6ee-3935872b7e98,f2c29200-e1de-404c-836a-ab16962be204,https://www.imdb.com/title/tt7136942/
8138,6537,94a82311-5376-452a-a4f5-5ef194acc056,ee5206f2-9511-4ed7-b718-a1a78f08f183,https://www.imdb.com/title/tt4168944/
8139,6538,204c2bdb-ce10-486d-a876-85edf6d2bb0b,5dc5fe98-2bd8-455d-a9ec-a51aee46a250,https://www.imdb.com/title/tt2480858/
8140,6539,c6d6f00d-0ec8-4a07-9db9-d62d1d1403b5,d4465f3a-4d19-4d52-b1e6-ec55eefc1049,https://www.imdb.com/title/tt0386344/
8141,6540,b86f4a49-bf0a-4c78-a0e3-d846520e56a9,8e79bd4c-96d3-4701-961d-0d41f0c8fe1d,https://www.imdb.com/title/tt5669032/
8142,6541,2022c5df-037d-49e7-834e-1bda1ea34cad,b055a6ec-e98e-4bbb-8942-41d68535184f,https://www.imdb.com/title/tt10340582/
8143,6542,0c5f1fb9-3ae8-45b5-894f-d7994693fb68,3daaaeb2-1b27-4ea7-9356-1b8d3fe56dde,https://www.imdb.com/title/tt0310330/
8144,6543,e71655f2-4eea-4790-b053-d9d24f38cae7,82e39eb6-f871-4142-a1b8-f4377dba8e63,https://www.imdb.com/title/tt1230591/
8145,6544,466cbe23-9795-4cc6-b12b-6c976618e3ca,28d95086-5bd2-4b50-b68c-eeb307758701,https://www.imdb.com/title/tt0423083/
8146,6545,21419714-ba87-41f7-9289-d8bdc65260f4,3f107133-31e1-443e-b1eb-55e9e9742e40,https://www.imdb.com/title/tt0181486/
8147,6546,f52c8f0d-e29b-42f1-a999-d6555c5bc795,049c9347-49f9-4baa-9c68-4e565e36b180,https://www.imdb.com/title/tt27535129/
8148,6547,3093927e-9b8f-4c03-90e8-152fb7d14b62,36e32418-e241-45a0-ab6a-006627aeb319,https://www.imdb.com/title/tt15944018/
8149,6548,cf660413-3101-4d18-815d-ccf3aeef7361,82f2dab2-c751-4049-965f-1762f6439e79,https://www.imdb.com/title/tt0441100/
8150,6549,9928a886-3d20-49f6-b6e4-5349ac111159,b9bbeb26-0cd8-495d-bb60-3d6747125b2f,https://www.imdb.com/title/tt7645194/
8151,6550,8c6281eb-9ea5-4814-8d9c-f2f5b7e56c08,55fe8b9f-0e28-4cc9-9f3a-845e687eef7a,https://www.imdb.com/title/tt1727778/
8152,6551,97b256b0-ed91-440d-bc4e-b9dd23e4885c,527f834b-685f-49f2-86ab-753708892f01,https://www.imdb.com/title/tt0478494/
8153,6552,466232d7-7a13-44ac-9641-b7382b6c3bfd,7392242f-1025-46d3-8e09-74abefddfc72,https://www.imdb.com/title/tt10959194/
8154,6553,2fd96dd9-d8f7-4f92-8427-ded5819ad9fb,8b770637-68e0-4443-ac0d-20d345b268d5,https://www.imdb.com/title/tt15027684/
8155,6554,02735d98-9cee-400f-8ff4-9a051a5d6afb,1bd23381-1d9b-46ca-a723-27d88ade9094,https://www.imdb.com/title/tt0480671/
8156,6555,b474fce4-16d3-4a65-8d39-558c7b5ddc24,0ac27837-476b-458e-b108-aabd09f8b6ae,https://www.imdb.com/title/tt3826324/
8157,6556,8d296d26-0a32-4e87-8bb2-a21cfa9b336c,16cb9379-b10c-4e25-ae9f-25a2573bfe98,https://www.imdb.com/title/tt2981552/
8158,6557,536d77ea-9ce9-4e20-8347-a002771adb14,2321072b-f036-450c-bfb5-4653aea67233,https://www.imdb.com/title/tt3641052/
8159,6558,f93d0dbc-8f6f-4128-b2bd-6cb37219e53a,16a6cd9e-7b01-4924-b92e-57c105e54fa3,https://www.imdb.com/title/tt0000434/
8160,6559,26ce2fb7-2d21-44e4-888a-df0e5c85df8f,3fa5a590-566c-4460-849b-dfb6b8cae30e,https://www.imdb.com/title/tt0473628/
8161,6560,ff2ead4e-02c2-44aa-b253-0d3e830b0fe4,d3521442-7777-4c4b-936c-13e0753d97ae,https://www.imdb.com/title/tt2608990/
8162,6561,d13c3157-019a-44d1-9662-c363eb15a0b0,a54dc7f0-0475-452c-87ad-8fdb96c3cf32,https://www.imdb.com/title/tt12606252/
8163,6562,fdad67e3-0813-4330-b966-36bf96d83075,0f919505-f0ac-4f39-8088-942d48c81668,https://www.imdb.com/title/tt1006892/
8164,6563,02e5d39b-a0c8-42ed-9c81-cd2139d840bd,77f7d2d5-4c28-40a9-acdf-65b92f766bfb,https://www.imdb.com/title/tt0244555/
8165,6564,5b1a3886-666f-43dc-a823-18f08cf64120,33a843d9-e268-44af-8900-a42b6203cbc9,https://www.imdb.com/title/tt0487210/
8166,6565,68f9ad71-d0dc-4bac-9002-f14969d41e0e,cc8d7ac3-2abb-4345-a402-9568f6914b65,https://www.imdb.com/title/tt0355597/
8167,6566,b13723f8-22e3-464d-82ca-71f35262890b,a2496a6c-3648-4727-aeb7-0daee0d88bd4,https://www.imdb.com/title/tt0355847/
8168,6567,4d4e4aa2-17a9-408d-8675-6fd3383c9801,2c76de5f-27fc-4419-bf96-b96a208efa72,https://www.imdb.com/title/tt0355599/
8169,6568,04a6f046-256d-43e6-8ae0-8bc1b97dba20,9f9c2d9b-07c0-4336-b780-f2c3f5bddfca,https://www.imdb.com/title/tt0355598/
8170,6569,e6d8ea11-37f4-4b19-9daf-897056a56248,b8f63507-9c44-4c9c-be2f-773d144fa37b,https://www.imdb.com/title/tt3508640/
8171,6570,cef5d79d-50b3-40a4-b42f-41c57a033aa5,761752aa-7005-4708-bc1b-ac89f5ad376f,https://www.imdb.com/title/tt1397045/
8172,6571,60728c94-aed5-4b58-a70b-67eed35bec0c,b8a69955-1a22-475e-9978-ed21dc4666bd,https://www.imdb.com/title/tt0231936/
8173,6572,36085da0-6657-41e7-8ad1-0850ee68d67f,c36c0762-f335-46b5-a2a6-4a58dfebb392,https://www.imdb.com/title/tt0960791/
8174,6573,c244c13c-7d52-4b08-ab80-1f387e6a5944,a863fac5-aba4-4f85-9881-93a895e718f4,https://www.imdb.com/title/tt1337653/
8175,6574,f5f244a5-2a4f-45dd-90dc-ea9ce16799e2,13c94e90-1778-4603-b130-b837135aafd9,https://www.imdb.com/title/tt0027355/\
8176,6574,c222a093-a8aa-471d-add1-e81844d6c8d8,13c94e90-1778-4603-b130-b837135aafd9,https://www.imdb.com/title/tt0027355/
8177,6575,3eb18fb8-fc7e-4e12-ab2e-06a105d2d74b,3ae7ede3-0f30-42df-981e-71b7b9f8d91c,https://www.imdb.com/title/tt4411816/
8178,6576,c7703e31-fb48-43e7-89a0-47db9876bc03,7b935bce-3dda-4a03-aec5-7108fc0dfdee,https://www.imdb.com/title/tt0131544/
8179,6577,cc4edfac-4a92-4465-8350-986914cb2537,5c67ce34-1f78-4b21-a32f-912628a2b5e2,https://www.imdb.com/title/tt12255244/
8180,6578,8db3fcf6-d300-42f3-bf91-b34cd6a8ee27,1c50d591-9856-42b2-ac82-e67ffd3b1720,https://www.imdb.com/title/tt4590498/
8181,6578,f0beee89-2f8a-4a71-86cc-59310df1def1,1c50d591-9856-42b2-ac82-e67ffd3b1720,https://www.imdb.com/title/tt5080794/
8182,6579,385055ff-e925-46a1-a2a0-53698c231881,5289115d-13c0-4b37-b34d-3beec65ec501,https://www.imdb.com/title/tt5310598/
8183,6580,960169fb-8661-4ab1-8596-47f5e7a0fe5a,26ca5f8b-7128-4dce-ac9e-c054aad82f5c,https://www.imdb.com/title/tt6100140/
8184,6581,381e44e4-80e0-4e8b-a68e-ad52899f67c1,98723ebe-074c-4c99-bbe5-71bb998444e6,https://www.imdb.com/title/tt6347186/
8185,6582,184c36c4-924d-4bd1-808d-29577ce1a33f,be7691a3-31b2-4c21-b20b-eddc54d4d35b,https://www.imdb.com/title/tt0354919/
8186,6583,7f340f35-bf9f-4479-aac8-8b25e41c2c4d,e1d698d5-8ec8-444a-919f-05f22aa83af9,https://www.imdb.com/title/tt26473594/
8187,6584,82e35285-7906-4370-9a04-ba48beef1387,607d8346-704f-4579-936d-c8b83e2ebe0a,https://www.imdb.com/title/tt1686804/
8188,6585,c226d41b-e19a-4318-9fb4-2fa0e915f19e,230f972a-fb02-4633-a217-abb026b2e454,https://www.imdb.com/title/tt0150826/
8189,6586,03552a82-ab46-4be1-aa71-78db8174a090,7af64a20-a91c-4e0e-bd04-636227c17d10,https://www.imdb.com/title/tt1356936/
8190,6587,616d3c78-5216-4abc-97fa-ac9c2a614a58,1d8a3dda-8014-4f7d-a933-178984caf574,https://www.imdb.com/title/tt1473432/
8191,6588,bcfe7ed4-1185-4fdb-8585-d9c7d9fd69f7,1d066be4-3850-4f6c-8c06-c2c4fdad78d3,https://www.imdb.com/title/tt0073872/
8192,6589,7ca7ccc0-9507-4915-a815-904b7b2b55c8,a74e1e68-30ea-43b0-a900-40e5646e2f2b,https://www.imdb.com/title/tt0174321/
8193,6590,231710e7-4d99-4207-92c2-915ffda379f8,a3e965c7-c071-4a36-a3ca-e18e3cbb0825,https://www.imdb.com/title/tt2765932/
8194,6591,d091d91d-8e52-4c8f-9022-484b1d984c1f,4ca3b7b8-b316-41a5-b009-bab3856e6180,https://www.imdb.com/title/tt4411790/
8195,6592,9ac2065a-414d-4b61-8faf-9c8d7ced34b1,3e0a9d37-3d8c-48fe-9611-67a473588284,https://www.imdb.com/title/tt0244375
8196,6595,42e1d9bd-d4f3-4dec-bb2a-b7a10343f5d1,4c849afc-499a-46e8-b0cb-d17c32a4bc6d,https://www.imdb.com/title/tt8737150/
8197,6599,95440817-7f77-4e02-bec1-d2992e3bd3e7,7c86ea58-8961-4850-ac88-ccfe5782e5da,https://www.imdb.com/title/tt8869998/
8198,6600,4bd1c83e-c43b-4e80-a5b3-fc6b2a3a8a01,9c770c06-8962-4524-925e-44e5be80f31a,https://www.imdb.com/title/tt7160372/
8199,6601,f0d505c8-c381-407a-9b38-434cb4270dcd,0b61ed7e-31e7-47c0-993e-ce7b95eaaf8c,https://www.imdb.com/title/tt14799576/
8200,6603,0ef373b2-9304-4ef1-9162-30e585012a15,fea922a0-90db-457d-a2da-4851efbd9c82,https://www.imdb.com/title/tt1964842/
8201,6605,91feb268-5a02-4d07-a3d8-c6166ff7e5d6,d623b200-02a0-49c3-b299-6ff5b92d13bd,https://www.imdb.com/title/tt0138498/
8202,3743,ae927284-6700-4b45-8086-6f96ecceb0c7,dce9e43d-7bc4-4e8d-a5b7-894eafd60503,https://uwinnipeg.on.worldcat.org/search/detail/1201202897?queryString=%22JZ%20DVD%22&databaseList=638&origPageViewName=pages%2Fadvanced-search-page&clusterResults=true&groupVariantRecords=false&expandSearch=true&translateSearch=false&queryTranslationLanguage=&lang=en&scope=&changedFacet=format
8203,3743,52e657c0-b222-4d72-ab92-53a1cb59d4c7,dce9e43d-7bc4-4e8d-a5b7-894eafd60503,https://uwinnipeg.on.worldcat.org/oclc/1201202897
8204,1267,b3dd17bc-c9b6-4d0e-9853-a47f0d2aa1ee,1f2e0e6b-74ea-4e8d-8bc3-b5b940d7295f,https://uwinnipeg.on.worldcat.org/oclc/57342471
8205,586,3eb8b013-631b-4141-9ad4-7bd88839a890,a0c340c1-1dd1-4000-9866-15e4c9a6307c,https://uwinnipeg.on.worldcat.org/oclc/1224451494
8206,1968,91526a9c-4712-468b-8404-862400dfae2c,e54b476a-4272-4a3f-8bfb-3600c13155fe,https://uwinnipeg.on.worldcat.org/oclc/1405849173
8207,2212,a5daf7cc-5f50-42ec-8087-b5e3c13a1890,5ad1a564-867c-48b9-9b10-852f076c79b4,https://uwinnipeg.on.worldcat.org/oclc/1405849173
8208,4736,f6348d47-9452-4a3e-8368-24f8d3f23497,4cb3813e-9b5a-46b4-b681-c64af7e8cc49,https://uwinnipeg.on.worldcat.org/oclc/1086398818
8209,4293,d6b92e35-7636-480e-955c-1efe9cd0e605,1f8f74d8-13d6-4a4e-92ba-b04c25f19ebc,https://uwinnipeg.on.worldcat.org/oclc/1022567148
8210,1128,6ce26d65-ecd8-48c9-9ea7-c72b77632589,7f335bdc-852a-4771-9adb-9eccab91f934,https://uwinnipeg.on.worldcat.org/oclc/1404461344
8211,1128,dc1d3b9e-2ef8-4c2a-9867-ca8b803b5bf4,7f335bdc-852a-4771-9adb-9eccab91f934,https://uwinnipeg.on.worldcat.org/oclc/1404461344
8212,2082,e80ec01e-b018-4bcf-8160-fd9b760b26ae,4917e659-1bc3-4029-a17d-490d40dfa919,https://uwinnipeg.on.worldcat.org/oclc/1249958705
8213,1494,764d67fe-e19a-46a9-9402-4931cd7e1ba4,b38a2f1b-07e3-4994-9c58-d99d95ac2485,https://uwinnipeg.on.worldcat.org/oclc/1292059429
8214,1448,bd0de49b-1064-49b2-9d16-96a9e2523613,13417796-2082-4c9f-baba-bfd96c3df024,https://uwinnipeg.on.worldcat.org/oclc/74846419
8215,632,c185d8c4-cb1f-48ee-b153-fc703b6eaf6e,a4d28f86-cf8f-4605-b438-b8156cba65f5,https://uwinnipeg.on.worldcat.org/oclc/55140757
8216,1762,52f810e7-3cc8-4335-8aa4-ca3992ce5d0c,7bf33d3d-5fc9-475f-9961-1ef14a457d27,https://uwinnipeg.on.worldcat.org/oclc/1256823108
8217,1873,51565adc-1802-434b-8d1c-8e3c246bc12f,c7a844d1-a2ce-41d7-87e7-5a99bb51cba3,https://uwinnipeg.on.worldcat.org/oclc/1223243775
8218,4140,ba93d996-688b-4255-a7f0-4417972b717a,61f3e159-32e5-4bc5-ab3a-b0b42de7235e,https://uwinnipeg.on.worldcat.org/oclc/712439950
8220,3798,94bde631-6653-452c-b177-c8ba6b872932,df0f8276-676f-485c-b87f-811b4e03e969,https://uwinnipeg.on.worldcat.org/oclc/906021974
8221,284,d4d21ef5-aff8-4488-a97f-1f9456c109c9,f4f05d71-ba6c-41a0-a64e-4f6b8a5ac430,https://uwinnipeg.on.worldcat.org/oclc/1226658994
8222,1722,f19ff6e0-77ed-4d30-b868-f9d0a7d88130,03f64749-7829-4c5c-afae-3fc4ac3b3873,https://uwinnipeg.on.worldcat.org/oclc/1372186750
8223,1134,fe52f6eb-3ec2-4b63-8f74-49d0a5418ce4,bce19deb-2f50-4fca-8943-25c536efe7ad,https://uwinnipeg.on.worldcat.org/oclc/1402784761
8224,2400,e380f83a-de78-4cca-8019-6782b3c733b4,3f82b972-b55c-4f31-a26b-f94b444df3ca,https://uwinnipeg.on.worldcat.org/oclc/50908658
8225,5013,7d778267-d5bc-4a93-b1f8-f4f1eac1710c,ad091dbe-81ee-4a40-bae6-894c98e0e37b,https://uwinnipeg.on.worldcat.org/oclc/1224450305
8226,1175,69cd5ccc-41e8-4c92-a6e6-507840071a4b,50cd250b-2d59-4329-9ffa-383ab1e8e9a8,https://uwinnipeg.on.worldcat.org/oclc/1250365920
8227,3859,619bbb56-5452-4e20-914b-4a09c6d586f5,b76731cd-41c2-45c0-95ca-cca8458c7d67,https://uwinnipeg.on.worldcat.org/oclc/1249957093
8228,2150,21b56efa-2e9b-4c75-8f3a-d6928642625e,5ccb1de4-eb0d-4558-ae83-5190b4a944bc,https://uwinnipeg.on.worldcat.org/oclc/1372014240
8229,2228,ffff809c-77f3-4328-84fc-5688a88e79a7,ae3f7e52-2fe8-42c9-9ff9-737689239a8e,https://uwinnipeg.on.worldcat.org/oclc/1372300680
8230,1133,a056bca6-8170-4b6c-999a-e2f3eae532f1,ff569a49-4581-4cbe-a87c-e6454ec3af75,https://uwinnipeg.on.worldcat.org/oclc/1236226049
8231,2435,04b485a5-4c62-4b46-b546-e3921f91e0b6,3514810e-2b90-432e-b5d1-b09f46d60a5b,https://uwinnipeg.on.worldcat.org/oclc/1262339618
8232,1129,52f6a7be-fd19-48fa-b6bb-52c50b44285b,c3dfe30a-505c-409a-aa2e-4cdd8be91a9a,https://uwinnipeg.on.worldcat.org/oclc/1263707099
8233,145,71a5eeb5-2c79-4e0d-8d12-6d2f38230f28,1ddbd1a3-8e33-46d9-8ad9-9ce457e1ec0c,https://uwinnipeg.on.worldcat.org/oclc/1102814666
8234,6606,2fb1f049-e100-433b-9833-9f8c375f87d8,0ecaf60b-b0c4-4906-b0fc-5e7c535accde,https://www.imdb.com/title/tt0334652/
8235,6607,84bd4405-4c7d-47d6-9a04-7e794a675c85,5c817155-01e6-4664-b568-381b3b82de07,https://www.imdb.com/title/tt0174860/
8236,6608,026cee2a-2a45-411c-a34d-0a35c02e8e3c,ae69248e-5016-40dc-88c2-556da2892196,https://www.imdb.com/title/tt0064554/
8237,6609,1dd7a8a1-2fbf-4128-a816-426424b72379,adb0125f-38b7-4cf4-b75d-beb1f9a27f48,https://www.imdb.com/title/tt0129509/
8238,6610,78222e6d-d59f-4cec-bf38-afdbea7f0fd5,4eb9bdf3-8f86-479c-83a8-111abb671cfd,https://www.imdb.com/title/tt0003214/
8239,50,b842ec6f-b27f-47d3-a0ab-3288896db41c,5c27d701-cbad-4c01-816e-c32a5cb7ce79,https://uwinnipeg.on.worldcat.org/oclc/1429324069
8240,958,7f7dd209-c8ed-43d6-965d-01c3381d2e2b,62650423-0158-4665-89b4-705cd4337f77,https://uwinnipeg.on.worldcat.org/oclc/849671529
8241,1787,fa46fad3-efe5-4b98-8a88-acebee945aea,4e4f7986-7813-40e1-935c-0ab1eabd6a0a,https://uwinnipeg.on.worldcat.org/oclc/44123122
8242,1533,c6b9c98f-d50c-4dbe-85ab-67d030afdaa4,73af20e8-0ea1-4be6-aaa2-0c34edac8c74,https://uwinnipeg.on.worldcat.org/oclc/671164860
8243,4123,248e768d-64d2-4c14-afd0-b37d8ce5a0b8,6ed53f24-05c3-46cf-82a8-1b0d4226e933,https://uwinnipeg.on.worldcat.org/oclc/1022567330
8244,4351,a9bae0f9-ea1f-451a-a535-f6b1d2f0c51d,cc0f5366-2528-478f-a205-2d4d807912cc,https://uwinnipeg.on.worldcat.org/oclc/244437416
8245,5815,a021919d-902a-48a7-b6ca-1f1b79477907,0a51745b-852d-4d21-8f6a-a2c5898fb7c0,https://uwinnipeg.on.worldcat.org/oclc/960818188
8246,1949,ada8a66a-8599-49df-b526-418e5e578bb9,82f98e79-b234-47e5-bd51-165ab58fe925,https://uwinnipeg.on.worldcat.org/oclc/55503763
8247,3675,a4bbfdfb-94bd-4e67-9a3a-98b89457f05c,cb3ac56f-977f-4910-9b9a-53053a80d5df,https://uwinnipeg.on.worldcat.org/oclc/689131534
8248,6611,f0789f37-2128-418d-8997-8c4b75e2992e,3c50c05f-f81b-4548-a9cc-63d4430529a1,https://www.imdb.com/title/tt0179325/
8249,6612,8437d689-6272-4bf0-b782-2b684e34fed6,587bd630-154c-41ff-8477-f46840b081f9,https://www.imdb.com/title/tt7407774/
8250,6613,6b083a09-9b5b-451f-bcfa-b6ef9903f6a0,98e5acdc-89d0-4c4e-85bf-b4496af12340,https://www.imdb.com/title/tt3490064/
8251,6614,57f7be93-ceb3-4e73-9a94-6534be618ab5,67fdec9a-fc9d-4c20-8c9f-a2f8362ee673,https://www.imdb.com/title/tt0214995/
8252,6615,adae0697-d3f7-4f1d-8b61-2c3056c4943c,886f8dd3-6e16-418d-a158-6634a1e728a2,https://www.imdb.com/title/tt0144187/
8253,6616,78e017c5-cfbe-46cc-bbd8-4e72e6cf6398,ea003340-2332-4ce4-a5ba-d91b498a2b52,https://www.imdb.com/title/tt13622970/
8254,6617,408edfd0-6d01-42ef-97c6-235205d4b585,be2e2b7a-9f12-4d32-9fe8-046b6dc1cc77,https://www.imdb.com/title/tt0057897/
8255,6618,b7d9e8be-b045-46dd-a725-99cf60a7b67d,ce39bef5-08bd-47ae-8d95-867646b9f57b,https://www.imdb.com/title/tt7215232/
8256,6619,f288d0e0-f88e-4418-9f47-95417821cfc1,b9121856-a976-4b1f-a574-eba8dd632c24,https://www.imdb.com/title/tt6197022/
8257,6620,cdc4df30-11a7-4c81-a547-fd5cf9a975b4,bf089edb-87fd-422a-8c95-f8cd7e25fe41,https://www.imdb.com/title/tt0045040/
8258,6621,09009c34-238c-49b0-8303-0173ec3f88e2,3aa8ed75-dcc2-4162-ba75-6df833e6c9d4,https://www.imdb.com/title/tt0176658/
8259,6623,e4eedce5-b328-4bd0-ba53-d9e757b139dc,7f50b8d4-f334-43f4-9ad5-21320cb582b5,https://www.imdb.com/title/tt0177327/
8260,6624,9a688b02-4350-407e-abf4-3b052ab5ac3f,8f5ca3e3-d03c-4c0d-89fd-358251fbdf23,https://www.imdb.com/title/tt0176964/
8261,6625,c7e51372-2a01-4276-96db-6e60501aa6a4,bfb8dbf2-1e91-4938-8a64-92e431414a58,https://www.imdb.com/title/tt0176959/
8262,6626,ca68be0d-1944-4ce1-a038-5a17d4996189,14d93259-4f99-4e92-bbb9-1c5a7176b1a5,https://www.imdb.com/title/tt0177013/
8263,6627,45b952ca-d9d4-4e13-bc5f-36335d597605,b84bbeb6-aa4a-48c4-b559-689b417baf13,https://www.imdb.com/title/tt0177415/
8264,6628,8ac7428b-5914-4fd4-b2db-16783f65478c,5e02b869-effa-4c0f-bf25-db80029392dd,https://www.imdb.com/title/tt3440298/
8265,6629,76a627dd-d237-4d45-8edd-f946b21f91ff,e87125c8-914c-40fc-98e2-ee9b25714536,https://www.imdb.com/title/tt5117876/
8266,6630,5ce5f1be-65b3-4862-84be-1a9dfcc54f92,e34684cc-9fe3-46f6-923b-c27a60b27ed3,https://www.imdb.com/title/tt8022928/
8267,6631,bc9c2fff-2a69-4575-9ecf-f98a56b5c715,bc654a9d-1665-4575-915d-95329a2e71e3,https://www.imdb.com/title/tt20202136/
8268,6632,7103bc82-9fc8-4173-a95d-a4c9028d9e49,79327a3a-71be-4f8d-85e0-5d93f59f38c5,https://www.imdb.com/title/tt0040614/
8269,6633,2e544483-fc41-4064-9607-b0619b9b4690,99305e8a-c298-478c-bf95-82735616516c,https://www.imdb.com/title/tt23737556/
8270,6634,ba92c95a-873d-4184-ae57-06b07356c5cd,144592d5-b8b5-478c-90c4-a2a4e9385b1d,https://www.imdb.com/title/tt0185987/
8271,3747,47f5b933-7d2d-47c7-a1a6-82d7d50e3ff7,81e55f59-59f2-4bf3-81fc-bd984e13f6de,https://uwinnipeg.on.worldcat.org/oclc/808002842
8272,3748,217dc4bc-f1b8-448e-8fee-b89eccdf2d19,9248c8bd-9462-493e-935f-1510b590bb78,https://uwinnipeg.on.worldcat.org/oclc/808002842
8273,5177,8ce79f64-9a5e-40b3-8586-37bedb90fe8b,a18f3b80-5f0e-4b94-a7e4-3e5cd2bbbcf0,https://uwinnipeg.on.worldcat.org/oclc/232324944
8274,1048,de3c1d0c-4309-44af-bebb-a7f8dd0a19aa,35c5f5ae-0a08-4eb3-8b17-7d7009621754,https://uwinnipeg.on.worldcat.org/oclc/1255417799
8275,165,a7767399-bd8d-42e8-8ee9-1e51eac9edd6,05c6f3eb-18cb-4bb2-84a7-1e4984ce32f0,https://uwinnipeg.on.worldcat.org/oclc/1257854456
8276,6359,0cb2d531-c826-494a-b279-d70fad15009c,a26e4779-b165-46a5-abe9-ed57ffac9707,https://uwinnipeg.on.worldcat.org/oclc/1223046818
8277,5850,16ade2a7-8821-4ce2-83e2-1a8c27fa9f58,1319104b-73a9-4381-b71c-2afc17dcce8b,https://uwinnipeg.on.worldcat.org/oclc/1402279666
8278,450,70d2ea77-c250-41b4-b9ed-5749ff016660,0224f787-29aa-43f6-a35e-440bfe3b2bf1,https://uwinnipeg.on.worldcat.org/oclc/1267877073
8279,644,b82216d5-bca5-437d-986b-0fdf8106094e,1b1b31e0-258d-41da-ae8f-d11fd1326f00,https://uwinnipeg.on.worldcat.org/oclc/173521359
8280,3567,d069a1f0-9a85-4c79-aa98-7515d763ac2e,eb815059-ad13-4f76-866a-934d4af05859,https://uwinnipeg.on.worldcat.org/oclc/1429327995
8281,4513,a3968b78-ebba-4c9c-9a32-b0e1ef33c332,b6cef870-2298-4f31-8058-dad01f9884a7,https://uwinnipeg.on.worldcat.org/oclc/1057851597
8282,2154,46ff0e19-1812-48de-a39d-6819e6b8bc0f,32eab5eb-5909-48dc-a565-c5f94d88fb2a,https://uwinnipeg.on.worldcat.org/oclc/1401838106
8283,548,49b48cdc-2148-4ab7-95c8-20380e7785fd,25f0c0b9-8d41-493f-9322-16e05453ab3e,https://uwinnipeg.on.worldcat.org/oclc/1429330314
8284,569,15b389e1-bf93-410d-88d4-df2dc20bed11,9c22d68c-e2e1-4f5f-b525-09ecaccb35c2,https://uwinnipeg.on.worldcat.org/oclc/1429330314
8285,5097,3dabf2c7-1b48-4836-9cfe-a3507f0c96ca,4115e7fa-1881-431e-9077-1f5795539067,https://uwinnipeg.on.worldcat.org/oclc/1221007184
8286,1148,bd2abea5-071c-47dc-bdd5-042e882b6e6f,1b1720ef-48f6-46b9-be35-e6a81e4864db,https://uwinnipeg.on.worldcat.org/oclc/1232142405
8287,642,cff16fed-11d1-45d8-97f1-a548b3081b93,db1a506b-a9da-4d1b-bb02-3616e56f1df2,https://uwinnipeg.on.worldcat.org/oclc/48199530
8288,1561,b998f81d-7057-4eea-a48a-886c7f00d5ef,16cc12cd-dfa8-4056-bd19-9c7e67d25742,https://uwinnipeg.on.worldcat.org/oclc/920207776
8289,1130,3e33f778-ba79-4920-9926-10cc87a21c24,84d08657-243e-4470-9d09-b52a546900c3,https://uwinnipeg.on.worldcat.org/oclc/1253684258
8290,54,9c51ce1a-0f20-438d-ae66-7f0c8f5f3acf,deb419d2-0287-471b-a9ff-9d7b99eb9c91,https://uwinnipeg.on.worldcat.org/oclc/1380397203
8291,3543,56d15193-53dc-4b12-b538-b7537ff3d185,1bbfda9e-92bf-4453-b6ef-34e688d80c42,https://uwinnipeg.on.worldcat.org/oclc/1380397203
8292,6620,2e0f6109-f56d-409c-9caa-51d63c927641,bf089edb-87fd-422a-8c95-f8cd7e25fe41,https://uwinnipeg.on.worldcat.org/oclc/1380397203
8293,2435,c518a7f3-0eea-462f-a047-5d30e68c5bec,3514810e-2b90-432e-b5d1-b09f46d60a5b,https://uwinnipeg.on.worldcat.org/oclc/1380397203
8294,3533,f242d35c-cdea-4f1a-9f78-3b0dfe25c0b7,7e402288-8ff2-49f5-9bdf-0e04ad575702,https://uwinnipeg.on.worldcat.org/oclc/1402765036
8295,3452,5e584b83-31c2-4c66-a2ce-b7d7c969a304,a3da19a6-adb9-40c4-850b-8dd038d9c52a,https://uwinnipeg.on.worldcat.org/oclc/1222876002
8296,1255,45e32ff0-d4e5-41fa-ad1a-23bb07da81c3,aae518b8-7ea7-4de5-9666-4ebf87e65802,https://uwinnipeg.on.worldcat.org/oclc/1224466036
8297,1124,3f4bb151-3aac-4932-9748-534020cba82c,3fb21daf-71cf-4307-a69e-ddaf79542db1,https://uwinnipeg.on.worldcat.org/oclc/1254693929
8298,3530,0fae855d-e6c1-47fa-b739-0b9d7697afd6,f556fd0a-bfa4-47c2-a699-18aa310060d6,https://uwinnipeg.on.worldcat.org/oclc/1402780175
8299,1191,1a9ab62f-da14-4b0a-8eb3-88376ec921cc,4b8a01a2-43b5-4847-830e-b56d4e8de7b1,https://uwinnipeg.on.worldcat.org/oclc/1405849570
8300,4866,5074e50e-cf6d-439d-a716-5a1dbf2cca10,ed2f1367-1b52-4325-a356-4f99d20377bd,https://uwinnipeg.on.worldcat.org/oclc/1222049435
8301,3765,5e154fd5-1c4d-4c6c-9112-6df7357316f4,e33f0d92-148b-4517-a673-862d89bce0fd,https://uwinnipeg.on.worldcat.org/oclc/1255721373
8302,622,e0d018db-06cd-44a1-a73c-cd2497fe5bfa,39b08404-ee30-4dd1-b4f1-0cd415478345,https://uwinnipeg.on.worldcat.org/oclc/1264444275
8303,3858,ac720c7e-5ad8-4783-b388-43858da569f3,81a4de5e-8870-429c-8f99-75244f321783,https://uwinnipeg.on.worldcat.org/oclc/1249980133
8304,981,092baa37-33ac-4801-8eea-4841bfd0c461,a3be11c3-141a-4581-9b70-0c4997d98216,https://uwinnipeg.on.worldcat.org/oclc/45323087
8305,5847,1a36a03f-f2d6-4294-b199-64ee4548af08,1a9ddbdb-e0f0-4f3c-8e90-29c0872c3b7b,https://uwinnipeg.on.worldcat.org/oclc/1402279245
8306,5846,d9da25ca-086c-46d6-8881-ae110bf97391,82ef2108-b989-490f-adf9-c4d1df182272,https://uwinnipeg.on.worldcat.org/oclc/1402279245
8307,5860,b42734fa-8880-46d5-8eb9-5e4d5a349985,df340f7c-7f86-43a0-ad6f-a41382741f2c,https://uwinnipeg.on.worldcat.org/oclc/1402279245
8308,3538,c9d85a08-4b84-4bdf-9894-ecc5a7407f05,019be9f7-1bdf-4996-aaaa-eddc1f5dd977,https://uwinnipeg.on.worldcat.org/oclc/1267313475
8309,620,1787ea83-45ba-4484-81d5-42c7fb31316a,7514b40a-41e5-4c57-b7d8-13ab8da0d0de,https://uwinnipeg.on.worldcat.org/oclc/1264432369
8310,2084,913ef4fc-1c0c-485f-babf-ebde7f4b73cb,3fd36c51-ffda-4ef8-931e-058e93c2b49a,https://uwinnipeg.on.worldcat.org/oclc/1372559243
8311,1142,079a0428-55e8-4f2d-b21a-d2b70871f8a9,3fbb09f3-9a19-41a9-bf1b-7f40a3d7494f,https://uwinnipeg.on.worldcat.org/oclc/1372559243
8312,3544,2fd0786b-3ed0-47cc-9f2d-274f7d48a28d,f0c1e888-3cb2-4c4a-b921-4a5c24c92591,https://uwinnipeg.on.worldcat.org/oclc/1372559243
8313,991,3fe93e5a-58a0-4364-9885-9e6dad341748,440565a4-8f2b-4c37-a283-8c16c17ee70c,https://uwinnipeg.on.worldcat.org/oclc/248632185
8314,3584,37a4d973-c91b-4b11-acff-09abc8801c38,c7666a5b-d6c3-424d-89ce-ba75c10f286c,https://uwinnipeg.on.worldcat.org/oclc/1404459425
8315,3587,abe844b5-6a42-425b-9957-027565dfff9d,daf147a9-0c1e-4288-8b49-2b928caac336,https://uwinnipeg.on.worldcat.org/oclc/1404459425
8316,1672,54d8e183-8be8-4fbf-9b3a-34a1ec22eafe,30ed3120-60fe-42ea-bdff-b21d1140b215,https://uwinnipeg.on.worldcat.org/oclc/1404459425
8317,3585,5bafaa29-7d74-4ee2-8169-cc8f6430e779,e1ce1a11-2de0-4dab-9254-6d4fa2d13fa6,https://uwinnipeg.on.worldcat.org/oclc/1404459425
8318,1463,51e1a55d-f25c-4320-9846-36ec7b5a1d26,1d8e4454-abe5-45d0-8ed9-c73bc0484fcf,https://uwinnipeg.on.worldcat.org/oclc/57616373
8319,3577,9cefe06e-e1c7-4978-ad98-05d23348e18a,bdd505a1-096e-44a3-a74e-3422e1e03dde,https://uwinnipeg.on.worldcat.org/oclc/1265335598
8320,2158,033ad8cc-e820-4063-a606-e623d1fc64ac,68e48ef8-7317-44d5-8a36-cc3c4e442588,https://uwinnipeg.on.worldcat.org/oclc/1372312124
8321,886,84b15bed-3243-49e8-bd45-212349416c36,41a37cef-3c84-4f39-a5d0-e891b8418b15,https://uwinnipeg.on.worldcat.org/oclc/1429311715
8322,743,525e263b-d289-4552-92db-adc81f5768a9,3f4bbeab-0238-4deb-b0a5-81d75e11dbb1,https://uwinnipeg.on.worldcat.org/oclc/1401832276
8323,1210,83083452-3c3d-4887-93b8-18eca9fc8ca2,72ac3c27-99da-4fd2-9864-74b258116f90,https://uwinnipeg.on.worldcat.org/oclc/1401832276
8324,805,2c01f929-eafe-4f3a-9077-c1d2c7e75058,e69ec86d-6ea8-49e7-9694-87286cd0b7a5,https://uwinnipeg.on.worldcat.org/oclc/1429115089
8325,5822,7f839132-195c-4bde-86f8-d55874601ba6,10d32f8a-5f43-4bfe-9961-162ed0e3fbd4,https://uwinnipeg.on.worldcat.org/oclc/1022772806
8326,1757,3551ac3c-5c21-485d-b50f-76e7ab2cae5e,1e9dbcd4-d11d-4f0d-b702-9f92f13794cc,https://uwinnipeg.on.worldcat.org/oclc/1249451882
8327,5151,1c3c9664-7163-4a43-86be-2e4432e05e7f,5e552ade-1f72-4f3b-a8d9-e5caee1bdf8a,https://uwinnipeg.on.worldcat.org/oclc/1250277116
8328,289,25ca1bbf-17e8-4096-8d43-f0a54d1c6053,b182a7cf-0699-4357-b421-4b15c63aff1d,https://uwinnipeg.on.worldcat.org/oclc/741329739
8329,2104,58b4f1a5-214d-473a-b779-9aab7da3e0c5,2074f750-3f74-42e8-bd5b-cda1279902cc,https://uwinnipeg.on.worldcat.org/oclc/456102289
8330,3531,92d67983-278d-4805-b5ee-eb0675e6b65a,71a6148e-85f8-4919-a95f-cdc3d80d2b13,https://uwinnipeg.on.worldcat.org/oclc/1267329657
8331,113,dcc3c576-4385-468e-9500-5ce045ea28e4,a8217055-942e-4e57-840b-f6700bfdd129,https://uwinnipeg.on.worldcat.org/oclc/238889799
